date,open,high,low,close,volume,average,barCount,is_rth
2018-05-18 00:00:00+00:00,105.27,106.78,105.11,105.98,3775404.0,106.004,25249,False
2018-05-21 00:00:00+00:00,107.0,107.25,105.95,106.23,4346664.0,106.521,29431,False
2018-05-22 00:00:00+00:00,106.5,107.24,106.1,106.23,6026149.0,106.7,38390,False
2018-05-23 00:00:00+00:00,105.85,106.32,104.74,105.6,6676914.0,105.543,45361,False
2018-05-24 00:00:00+00:00,104.55,104.55,101.61,103.14,7971049.0,102.865,51363,False
2018-05-25 00:00:00+00:00,102.29,103.14,99.55,101.08,10345302.0,101.164,63841,False
2018-05-29 00:00:00+00:00,100.27,101.59,98.93,99.47,12360894.0,99.884,73628,False
2018-05-30 00:00:00+00:00,101.72,103.16,100.83,103.01,20118946.0,102.022,110959,False
2018-05-31 00:00:00+00:00,100.93,101.1,98.5,98.94,12659960.0,99.46,76146,False
2018-06-01 00:00:00+00:00,97.93,99.43,97.9,98.05,8511936.0,98.443,55911,False
2018-06-04 00:00:00+00:00,98.48,99.46,97.62,99.1,5199129.0,98.712,33404,False
2018-06-05 00:00:00+00:00,99.11,100.34,98.76,99.24,4681220.0,99.315,30148,False
2018-06-06 00:00:00+00:00,99.25,99.99,98.32,99.98,3031901.0,99.28,19877,False
2018-06-07 00:00:00+00:00,100.25,100.33,98.87,99.32,3262774.0,99.443,20439,False
2018-06-08 00:00:00+00:00,99.28,100.5,99.0,100.43,2399995.0,100.073,17823,False
2018-06-11 00:00:00+00:00,100.56,101.08,99.41,99.77,4228896.0,100.254,28558,False
2018-06-12 00:00:00+00:00,99.8,100.12,98.74,98.91,5094797.0,99.268,32996,False
2018-06-13 00:00:00+00:00,98.92,99.23,97.51,97.58,4382463.0,98.1,30321,False
2018-06-14 00:00:00+00:00,98.38,98.92,97.75,98.75,2797868.0,98.377,20992,False
2018-06-15 00:00:00+00:00,98.77,99.87,98.0,99.57,5887002.0,99.134,33446,False
2018-06-18 00:00:00+00:00,99.15,99.33,98.31,98.48,3192532.0,98.637,21618,False
2018-06-19 00:00:00+00:00,97.89,98.38,96.93,98.01,3620423.0,97.842,25152,False
2018-06-20 00:00:00+00:00,98.22,99.55,97.84,98.25,3976242.0,98.533,26909,False
2018-06-21 00:00:00+00:00,97.71,98.0,95.26,95.55,5665675.0,96.042,35069,False
2018-06-22 00:00:00+00:00,96.06,96.11,93.43,93.49,6341731.0,94.442,41811,False
2018-06-25 00:00:00+00:00,93.47,94.38,92.1,93.05,3927285.0,93.086,28535,False
2018-06-26 00:00:00+00:00,93.36,93.86,92.07,92.12,3339842.0,92.604,21505,False
2018-06-27 00:00:00+00:00,92.36,93.27,91.47,91.51,4101965.0,92.408,27351,False
2018-06-28 00:00:00+00:00,91.34,92.61,90.81,92.43,4932807.0,91.856,32253,False
2018-06-29 00:00:00+00:00,92.84,94.46,92.56,92.65,3731795.0,93.465,24444,False
2018-07-02 00:00:00+00:00,92.06,93.3,91.85,93.11,2756902.0,92.632,18796,False
2018-07-03 00:00:00+00:00,93.58,94.37,93.12,93.61,1774089.0,93.817,11889,False
2018-07-05 00:00:00+00:00,94.46,95.06,93.95,94.48,3363374.0,94.573,24131,False
2018-07-06 00:00:00+00:00,95.2,97.07,94.96,96.92,4398069.0,96.424,29331,False
2018-07-09 00:00:00+00:00,97.98,98.35,96.92,97.04,4494412.0,97.563,25970,False
2018-07-10 00:00:00+00:00,97.11,98.95,96.68,98.84,3558698.0,98.208,21177,False
2018-07-11 00:00:00+00:00,96.26,97.5,94.87,94.96,4847650.0,95.741,28481,False
2018-07-12 00:00:00+00:00,94.92,95.67,94.1,95.61,2850253.0,95.072,17933,False
2018-07-13 00:00:00+00:00,94.96,96.87,94.94,96.63,2486091.0,96.268,16519,False
2018-07-16 00:00:00+00:00,96.76,96.82,95.26,96.25,2300722.0,95.98,14778,False
2018-07-17 00:00:00+00:00,96.27,97.17,95.33,95.41,3099516.0,95.81,20778,False
2018-07-18 00:00:00+00:00,95.27,95.44,94.33,94.4,3600864.0,94.765,22686,False
2018-07-19 00:00:00+00:00,93.22,93.28,87.76,89.95,17277749.0,89.754,82222,False
2018-07-20 00:00:00+00:00,88.71,89.64,86.76,88.91,9917628.0,87.966,47138,False
2018-07-23 00:00:00+00:00,89.17,89.99,88.63,89.4,5049766.0,89.393,28308,False
2018-07-24 00:00:00+00:00,90.51,91.61,89.75,91.54,6577242.0,90.725,35561,False
2018-07-25 00:00:00+00:00,91.08,93.51,91.08,93.12,5565249.0,92.701,33858,False
2018-07-26 00:00:00+00:00,93.95,94.56,92.53,93.94,4939794.0,93.541,31148,False
2018-07-27 00:00:00+00:00,91.34,92.27,88.77,90.56,10353563.0,90.078,64515,False
2018-07-30 00:00:00+00:00,90.67,91.54,89.38,91.45,5241609.0,90.355,31378,False
2018-07-31 00:00:00+00:00,91.65,92.63,91.33,92.23,5398409.0,92.158,31941,False
2018-08-01 00:00:00+00:00,92.29,94.48,92.28,93.91,4200927.0,93.846,26981,False
2018-08-02 00:00:00+00:00,93.58,95.87,93.41,95.12,4526517.0,95.17,28995,False
2018-08-03 00:00:00+00:00,94.89,96.85,94.82,96.53,3901006.0,96.235,25351,False
2018-08-06 00:00:00+00:00,96.26,97.55,95.74,97.06,3493044.0,97.018,23577,False
2018-08-07 00:00:00+00:00,97.3,98.35,93.74,94.06,7058145.0,95.107,37684,False
2018-08-08 00:00:00+00:00,93.52,94.09,92.87,93.73,3639830.0,93.669,20565,False
2018-08-09 00:00:00+00:00,94.2,96.14,93.47,95.47,5079950.0,95.461,25414,False
2018-08-10 00:00:00+00:00,95.35,96.74,95.3,95.8,3263838.0,95.925,21977,False
2018-08-13 00:00:00+00:00,96.0,97.58,95.81,96.78,4723501.0,97.002,31416,False
2018-08-14 00:00:00+00:00,96.72,97.35,95.74,95.92,4130307.0,96.262,26911,False
2018-08-15 00:00:00+00:00,95.92,97.79,95.61,97.45,5325241.0,96.892,34877,False
2018-08-16 00:00:00+00:00,97.84,98.65,97.06,98.22,4247710.0,98.122,27689,False
2018-08-17 00:00:00+00:00,98.22,99.15,96.42,98.81,4817631.0,98.172,30829,False
2018-08-20 00:00:00+00:00,99.33,100.23,97.47,97.63,3412414.0,98.709,20896,False
2018-08-21 00:00:00+00:00,97.86,98.05,96.8,97.74,2587354.0,97.694,17678,False
2018-08-22 00:00:00+00:00,97.84,98.32,97.13,97.64,2045045.0,97.613,14067,False
2018-08-23 00:00:00+00:00,97.69,97.85,96.89,97.15,1366593.0,97.164,9540,False
2018-08-24 00:00:00+00:00,97.14,97.59,96.55,97.4,1785422.0,97.226,11445,False
2018-08-27 00:00:00+00:00,98.11,98.3,97.3,98.02,1643553.0,97.844,11400,False
2018-08-28 00:00:00+00:00,97.79,98.7,97.1,97.26,2236064.0,97.625,15868,False
2018-08-29 00:00:00+00:00,97.43,97.83,96.03,97.58,2616187.0,97.206,18768,False
2018-08-30 00:00:00+00:00,97.5,97.73,96.56,96.79,2356245.0,97.061,17713,False
2018-08-31 00:00:00+00:00,96.25,96.69,93.95,95.98,2539470.0,96.064,16882,False
2018-09-04 00:00:00+00:00,95.97,95.97,94.08,94.56,3106682.0,94.528,19964,False
2018-09-05 00:00:00+00:00,94.34,95.25,94.09,95.19,3079891.0,94.724,20789,False
2018-09-06 00:00:00+00:00,94.79,95.08,92.79,93.74,3621667.0,93.673,24316,False
2018-09-07 00:00:00+00:00,93.65,94.35,91.6,94.17,2978836.0,93.797,19646,False
2018-09-10 00:00:00+00:00,94.98,95.17,93.7,93.82,2042072.0,94.13,14130,False
2018-09-11 00:00:00+00:00,93.72,93.74,92.88,93.18,1760869.0,93.296,12817,False
2018-09-12 00:00:00+00:00,92.39,93.94,92.04,93.24,2073428.0,93.17,14687,False
2018-09-13 00:00:00+00:00,93.42,96.37,93.4,96.33,3515998.0,95.432,23091,False
2018-09-14 00:00:00+00:00,96.29,96.4,94.92,95.68,2229366.0,95.613,14401,False
2018-09-17 00:00:00+00:00,95.4,96.16,94.8,95.37,2076367.0,95.479,14549,False
2018-09-18 00:00:00+00:00,95.35,96.06,92.41,92.61,8526326.0,93.753,44668,False
2018-09-19 00:00:00+00:00,91.71,92.24,90.39,91.02,5922485.0,91.152,37137,False
2018-09-20 00:00:00+00:00,91.37,93.12,90.62,92.68,4269847.0,92.345,25373,False
2018-09-21 00:00:00+00:00,92.85,93.33,92.16,92.26,4434781.0,92.699,20043,False
2018-09-24 00:00:00+00:00,92.3,93.98,91.95,93.42,4516163.0,93.259,26938,False
2018-09-25 00:00:00+00:00,93.48,94.64,93.4,93.78,3065444.0,94.004,16828,False
2018-09-26 00:00:00+00:00,94.29,95.11,93.85,94.18,3520609.0,94.674,18815,False
2018-09-27 00:00:00+00:00,94.35,94.9,93.96,94.14,2118483.0,94.349,13802,False
2018-09-28 00:00:00+00:00,94.0,95.16,93.84,94.58,2887942.0,94.67,18502,False
2018-10-01 00:00:00+00:00,94.74,95.64,94.33,95.0,2722558.0,95.081,15451,False
2018-10-02 00:00:00+00:00,95.34,95.35,93.47,94.23,5041431.0,94.175,28551,False
2018-10-03 00:00:00+00:00,94.64,96.6,94.6,96.01,3513528.0,95.833,21922,False
2018-10-04 00:00:00+00:00,95.81,95.81,92.31,93.84,3383950.0,94.243,22893,False
2018-10-05 00:00:00+00:00,94.1,95.27,92.91,94.38,2781011.0,94.143,19765,False
2018-10-08 00:00:00+00:00,94.07,95.38,93.75,94.81,2393806.0,94.622,15486,False
2018-10-09 00:00:00+00:00,94.71,95.26,93.8,94.57,2168803.0,94.641,15135,False
2018-10-10 00:00:00+00:00,93.85,95.39,92.99,93.08,3566999.0,94.25,23850,False
2018-10-11 00:00:00+00:00,93.0,93.38,89.6,90.7,5645927.0,91.755,40198,False
2018-10-12 00:00:00+00:00,90.71,91.08,88.9,90.69,4254377.0,90.358,25745,False
2018-10-15 00:00:00+00:00,90.56,90.6,89.17,89.18,3382677.0,89.707,22896,False
2018-10-16 00:00:00+00:00,89.78,91.98,89.53,91.91,2493036.0,91.256,17813,False
2018-10-17 00:00:00+00:00,91.82,92.41,90.83,92.27,1791945.0,91.869,12335,False
2018-10-18 00:00:00+00:00,91.85,92.4,89.22,89.9,3247182.0,90.171,22988,False
2018-10-19 00:00:00+00:00,89.26,89.99,87.97,87.97,4357847.0,88.996,28470,False
2018-10-22 00:00:00+00:00,88.53,88.53,83.5,84.27,6115195.0,85.228,38434,False
2018-10-23 00:00:00+00:00,82.58,84.59,81.5,82.96,6581241.0,82.906,42667,False
2018-10-24 00:00:00+00:00,82.84,83.13,79.26,79.41,6956250.0,80.686,42763,False
2018-10-25 00:00:00+00:00,80.4,83.19,79.66,81.73,7086822.0,81.846,42834,False
2018-10-26 00:00:00+00:00,81.02,81.53,79.43,80.79,4351421.0,80.42,30473,False
2018-10-29 00:00:00+00:00,82.0,83.17,79.95,81.36,3118743.0,81.897,23131,False
2018-10-30 00:00:00+00:00,81.93,82.88,80.13,81.59,3506630.0,81.369,26535,False
2018-10-31 00:00:00+00:00,80.98,81.58,77.74,77.85,9668958.0,79.051,58470,False
2018-11-01 00:00:00+00:00,77.71,80.65,77.5,80.21,8120219.0,79.153,51508,False
2018-11-02 00:00:00+00:00,84.19,84.42,78.76,79.56,9747699.0,80.553,51242,False
2018-11-05 00:00:00+00:00,79.45,83.83,79.27,82.58,6767059.0,82.528,41219,False
2018-11-06 00:00:00+00:00,82.73,84.23,82.31,83.66,6419251.0,83.25,42315,False
2018-11-07 00:00:00+00:00,84.15,87.22,84.14,86.96,8095736.0,86.499,52532,False
2018-11-08 00:00:00+00:00,87.13,89.71,87.0,87.73,7310395.0,88.284,50598,False
2018-11-09 00:00:00+00:00,87.83,89.53,87.56,88.79,6189623.0,88.841,46084,False
2018-11-12 00:00:00+00:00,88.75,89.89,88.5,89.69,6584696.0,89.196,37617,False
2018-11-13 00:00:00+00:00,90.0,90.88,88.2,88.22,5919410.0,89.043,31042,False
2018-11-14 00:00:00+00:00,89.05,89.4,86.45,88.31,5575536.0,88.128,41239,False
2018-11-15 00:00:00+00:00,87.63,90.29,85.96,90.14,6458577.0,88.796,45833,False
2018-11-16 00:00:00+00:00,89.73,92.0,89.2,91.53,6552511.0,91.188,44184,False
2018-11-19 00:00:00+00:00,91.29,92.34,89.11,89.48,4364059.0,90.209,29961,False
2018-11-20 00:00:00+00:00,89.0,89.71,87.86,88.09,3337963.0,88.727,24723,False
2018-11-21 00:00:00+00:00,88.5,88.78,85.37,86.15,4744266.0,86.424,30584,False
2018-11-23 00:00:00+00:00,85.6,86.55,84.9,85.63,1108760.0,85.88,7771,False
2018-11-26 00:00:00+00:00,86.39,87.25,85.21,86.24,3042486.0,86.013,21162,False
2018-11-27 00:00:00+00:00,86.22,87.7,85.5,87.68,3284623.0,86.85,23832,False
2018-11-28 00:00:00+00:00,88.04,88.96,86.56,88.94,2648981.0,87.949,18585,False
2018-11-29 00:00:00+00:00,89.01,90.33,88.36,89.91,2867878.0,89.677,19355,False
2018-11-30 00:00:00+00:00,90.26,94.27,89.87,94.27,5662701.0,92.413,36833,False
2018-12-03 00:00:00+00:00,94.32,94.72,92.82,93.66,4697712.0,93.673,30162,False
2018-12-04 00:00:00+00:00,93.92,94.98,90.4,90.55,3839073.0,92.142,27149,False
2018-12-06 00:00:00+00:00,89.7,90.48,87.17,90.33,5836971.0,88.66,36361,False
2018-12-07 00:00:00+00:00,89.93,90.0,86.37,86.96,4006564.0,87.699,28856,False
2018-12-10 00:00:00+00:00,86.67,87.88,84.6,87.61,2590775.0,86.381,18236,False
2018-12-11 00:00:00+00:00,88.65,89.44,86.66,88.17,2919623.0,88.097,20054,False
2018-12-12 00:00:00+00:00,89.32,90.17,88.36,88.6,2599714.0,89.534,17121,False
2018-12-13 00:00:00+00:00,89.37,89.99,87.37,87.71,2936560.0,88.096,19865,False
2018-12-14 00:00:00+00:00,86.75,87.16,85.08,85.61,3240963.0,85.9,22790,False
2018-12-17 00:00:00+00:00,85.07,86.88,84.2,84.93,4188963.0,85.284,24214,False
2018-12-18 00:00:00+00:00,85.46,85.5,82.8,83.58,3773472.0,83.994,24115,False
2018-12-19 00:00:00+00:00,84.33,86.3,82.65,83.52,3688846.0,84.467,26050,False
2018-12-20 00:00:00+00:00,82.99,86.48,82.41,85.37,6864463.0,84.844,39497,False
2018-12-21 00:00:00+00:00,84.63,88.71,83.22,84.92,9311975.0,86.211,50465,False
2018-12-24 00:00:00+00:00,84.65,86.44,83.6,84.16,3813657.0,85.275,22192,False
2018-12-26 00:00:00+00:00,84.74,89.09,84.62,89.04,4569293.0,87.339,32231,False
2018-12-27 00:00:00+00:00,87.95,89.93,86.86,89.91,5043541.0,88.366,37441,False
2018-12-28 00:00:00+00:00,90.09,92.82,90.0,91.12,4476311.0,91.351,31000,False
2018-12-31 00:00:00+00:00,91.67,92.99,91.23,92.19,4004590.0,92.196,28111,False
2019-01-02 00:00:00+00:00,91.24,91.26,88.42,89.23,5065128.0,89.52,30755,False
2019-01-03 00:00:00+00:00,88.64,88.8,86.08,86.29,5085599.0,87.052,34147,False
2019-01-04 00:00:00+00:00,87.75,89.14,86.27,89.07,5899376.0,88.282,39935,False
2019-01-07 00:00:00+00:00,90.07,90.76,89.2,90.37,4388451.0,90.228,28020,False
2019-01-08 00:00:00+00:00,91.2,92.3,90.4,90.79,5745294.0,91.032,31588,False
2019-01-09 00:00:00+00:00,90.88,91.39,87.46,87.81,8062474.0,88.77,47251,False
2019-01-10 00:00:00+00:00,87.88,88.88,87.12,88.2,4933959.0,88.213,29980,False
2019-01-11 00:00:00+00:00,87.54,88.31,87.54,88.31,4223961.0,87.98,25270,False
2019-01-14 00:00:00+00:00,86.97,86.97,84.49,84.76,4609779.0,85.173,27749,False
2019-01-15 00:00:00+00:00,84.93,85.68,84.45,85.5,5995539.0,85.077,36856,False
2019-01-16 00:00:00+00:00,85.66,86.39,85.45,85.55,3302731.0,85.951,23376,False
2019-01-17 00:00:00+00:00,85.54,87.69,85.42,87.2,4750933.0,86.919,28539,False
2019-01-18 00:00:00+00:00,88.45,89.54,86.92,89.5,4807546.0,88.37,24158,False
2019-01-22 00:00:00+00:00,88.86,89.36,87.9,88.66,4219920.0,88.42,25562,False
2019-01-23 00:00:00+00:00,88.84,89.28,87.7,88.45,3582695.0,88.393,22088,False
2019-01-24 00:00:00+00:00,88.33,88.44,85.1,85.88,6592158.0,86.32,37259,False
2019-01-25 00:00:00+00:00,82.51,82.61,79.43,80.54,17576436.0,80.506,82027,False
2019-01-28 00:00:00+00:00,80.03,80.1,76.68,77.14,12103388.0,77.52,63300,False
2019-01-29 00:00:00+00:00,77.03,78.16,75.77,77.47,11685663.0,77.017,62205,False
2019-01-30 00:00:00+00:00,77.69,79.19,76.98,79.06,7189065.0,78.183,45035,False
2019-01-31 00:00:00+00:00,78.95,81.31,78.71,80.29,6935934.0,80.291,40578,False
2019-02-01 00:00:00+00:00,80.25,80.74,79.11,80.5,5334164.0,80.115,32137,False
2019-02-04 00:00:00+00:00,80.3,80.36,77.52,78.53,8119212.0,78.271,44200,False
2019-02-05 00:00:00+00:00,78.56,80.06,78.22,79.69,5039083.0,79.6,27129,False
2019-02-06 00:00:00+00:00,79.51,79.89,78.79,79.08,3399042.0,79.11,19678,False
2019-02-07 00:00:00+00:00,78.35,79.22,77.81,79.17,4313229.0,78.658,26018,False
2019-02-08 00:00:00+00:00,79.03,79.86,78.89,79.67,3082176.0,79.401,18221,False
2019-02-11 00:00:00+00:00,79.89,80.19,79.17,79.77,2465837.0,79.773,14983,False
2019-02-12 00:00:00+00:00,79.99,80.12,78.57,79.93,4865417.0,79.585,27013,False
2019-02-13 00:00:00+00:00,80.34,81.32,80.29,80.79,3118461.0,80.945,18409,False
2019-02-14 00:00:00+00:00,80.45,80.68,79.72,80.52,2479679.0,80.351,15570,False
2019-02-15 00:00:00+00:00,81.13,81.7,80.16,80.85,5089541.0,80.86,24367,False
2019-02-19 00:00:00+00:00,80.5,81.52,80.23,80.52,4547314.0,80.755,24537,False
2019-02-20 00:00:00+00:00,80.53,80.6,79.14,79.99,3898747.0,79.765,22573,False
2019-02-21 00:00:00+00:00,79.74,79.91,78.1,78.75,4994073.0,78.57,25344,False
2019-02-22 00:00:00+00:00,79.16,80.19,78.24,80.02,3900569.0,79.641,20853,False
2019-02-25 00:00:00+00:00,80.46,80.62,79.88,80.29,3778539.0,80.333,20422,False
2019-02-26 00:00:00+00:00,80.2,80.86,80.02,80.51,3010204.0,80.579,17635,False
2019-02-27 00:00:00+00:00,80.13,80.14,78.8,79.41,3025587.0,79.505,18695,False
2019-02-28 00:00:00+00:00,79.46,79.71,78.74,79.24,4048269.0,79.254,25618,False
2019-03-01 00:00:00+00:00,79.77,80.85,79.28,80.1,7113685.0,80.199,38696,False
2019-03-04 00:00:00+00:00,80.4,80.73,79.11,79.46,3904364.0,79.845,24911,False
2019-03-05 00:00:00+00:00,79.26,79.9,78.72,78.91,3774078.0,79.264,23279,False
2019-03-06 00:00:00+00:00,79.13,79.13,77.55,78.09,4213982.0,78.243,25458,False
2019-03-07 00:00:00+00:00,77.86,79.12,77.44,78.24,4287264.0,78.325,28242,False
2019-03-08 00:00:00+00:00,77.67,78.04,77.09,77.58,4485940.0,77.517,26350,False
2019-03-11 00:00:00+00:00,77.57,78.31,77.27,78.08,5886285.0,78.057,31845,False
2019-03-12 00:00:00+00:00,78.48,79.14,78.05,78.74,4615990.0,78.76,28576,False
2019-03-13 00:00:00+00:00,78.92,79.3,78.15,78.93,4374253.0,78.846,28420,False
2019-03-14 00:00:00+00:00,79.0,80.4,78.41,79.95,4395260.0,79.708,26131,False
2019-03-15 00:00:00+00:00,80.06,81.46,79.11,81.34,6700002.0,80.304,29627,False
2019-03-18 00:00:00+00:00,81.34,81.75,80.28,80.65,3698457.0,80.742,21699,False
2019-03-19 00:00:00+00:00,80.33,81.29,79.51,80.82,4202396.0,80.705,21869,False
2019-03-20 00:00:00+00:00,80.72,80.91,80.06,80.43,3207707.0,80.57,19265,False
2019-03-21 00:00:00+00:00,79.88,81.31,79.26,81.24,3941121.0,80.468,23268,False
2019-03-22 00:00:00+00:00,80.71,81.99,79.69,79.76,3487162.0,80.68,23076,False
2019-03-25 00:00:00+00:00,79.5,80.04,78.41,79.51,3023010.0,79.282,17880,False
2019-03-26 00:00:00+00:00,79.85,81.19,79.8,80.76,3886372.0,80.783,22605,False
2019-03-27 00:00:00+00:00,81.0,81.0,79.8,79.89,2947180.0,80.155,19245,False
2019-03-28 00:00:00+00:00,80.33,80.49,79.5,79.96,2194145.0,79.962,13324,False
2019-03-29 00:00:00+00:00,80.08,80.9,79.96,80.59,4969048.0,80.535,24802,False
2019-04-01 00:00:00+00:00,80.98,81.11,79.97,80.78,3528634.0,80.647,20023,False
2019-04-02 00:00:00+00:00,80.89,83.49,80.8,83.07,5029275.0,82.587,26538,False
2019-04-03 00:00:00+00:00,83.62,84.73,82.79,83.08,4070734.0,83.339,25655,False
2019-04-04 00:00:00+00:00,83.04,83.38,82.06,82.81,3341774.0,82.636,20091,False
2019-04-05 00:00:00+00:00,82.82,84.18,82.67,83.45,2875812.0,83.486,19520,False
2019-04-08 00:00:00+00:00,83.7,84.0,82.78,83.98,2532299.0,83.678,14965,False
2019-04-09 00:00:00+00:00,83.77,83.85,82.5,82.69,2750092.0,82.852,16487,False
2019-04-10 00:00:00+00:00,83.2,83.38,82.6,82.95,2553648.0,83.045,13932,False
2019-04-11 00:00:00+00:00,83.2,83.25,81.23,81.77,3938422.0,81.812,24023,False
2019-04-12 00:00:00+00:00,80.67,81.81,79.84,80.78,3297955.0,80.906,20776,False
2019-04-15 00:00:00+00:00,80.96,81.51,80.37,81.03,2319563.0,80.877,13960,False
2019-04-16 00:00:00+00:00,81.11,81.3,80.01,80.21,2743286.0,80.732,15558,False
2019-04-17 00:00:00+00:00,80.1,80.2,77.55,77.98,5232512.0,78.188,31240,False
2019-04-18 00:00:00+00:00,78.06,78.21,76.81,77.57,6440494.0,77.6,29885,False
2019-04-22 00:00:00+00:00,77.6,79.1,77.5,78.15,4399331.0,78.323,23283,False
2019-04-23 00:00:00+00:00,78.15,79.66,77.75,78.66,7807318.0,79.01,35959,False
2019-04-24 00:00:00+00:00,79.35,79.59,78.44,78.67,5441415.0,78.965,28400,False
2019-04-25 00:00:00+00:00,80.06,80.47,76.91,79.34,8924269.0,78.341,48185,False
2019-04-26 00:00:00+00:00,79.67,80.65,79.4,79.7,4377477.0,79.885,29448,False
2019-04-29 00:00:00+00:00,80.46,80.98,79.91,80.3,4102866.0,80.515,25284,False
2019-04-30 00:00:00+00:00,80.68,80.69,78.68,79.39,4461622.0,79.35,24680,False
2019-05-01 00:00:00+00:00,79.6,79.68,78.61,78.89,3434179.0,79.044,21001,False
2019-05-02 00:00:00+00:00,78.73,78.78,77.6,78.47,3599347.0,78.403,21591,False
2019-05-03 00:00:00+00:00,78.72,78.8,78.25,78.71,3194646.0,78.618,19842,False
2019-05-06 00:00:00+00:00,77.75,79.52,77.34,79.26,3633442.0,78.623,19539,False
2019-05-07 00:00:00+00:00,78.6,78.99,77.17,77.95,2961718.0,77.847,18845,False
2019-05-08 00:00:00+00:00,77.95,78.89,77.32,77.99,2241005.0,78.265,14156,False
2019-05-09 00:00:00+00:00,77.51,78.13,76.73,77.91,2746344.0,77.559,17762,False
2019-05-10 00:00:00+00:00,77.45,77.73,75.62,77.45,3581102.0,76.838,22096,False
2019-05-13 00:00:00+00:00,76.3,77.3,76.17,76.87,2698826.0,76.718,16228,False
2019-05-14 00:00:00+00:00,77.16,79.36,77.0,78.44,4753268.0,78.669,27627,False
2019-05-15 00:00:00+00:00,78.51,79.15,77.48,78.78,3450027.0,78.624,20716,False
2019-05-16 00:00:00+00:00,78.93,80.75,78.71,79.5,4029119.0,80.078,24324,False
2019-05-17 00:00:00+00:00,78.53,80.08,78.02,79.46,3627588.0,79.341,19043,False
2019-05-20 00:00:00+00:00,79.02,80.39,78.91,79.82,3389384.0,79.97,21706,False
2019-05-21 00:00:00+00:00,80.33,81.5,80.32,80.88,3426929.0,81.052,22320,False
2019-05-22 00:00:00+00:00,80.56,81.75,79.88,81.59,3060922.0,80.949,18424,False
2019-05-23 00:00:00+00:00,80.39,81.63,80.32,81.15,2271980.0,81.049,15492,False
2019-05-24 00:00:00+00:00,81.09,81.1,79.87,80.06,2829919.0,80.29,16961,False
2019-05-28 00:00:00+00:00,80.0,80.1,77.92,78.03,3770593.0,78.733,22281,False
2019-05-29 00:00:00+00:00,77.57,78.28,77.1,78.06,3119282.0,77.811,18606,False
2019-05-30 00:00:00+00:00,78.52,78.59,77.13,77.61,2495267.0,77.593,15632,False
2019-05-31 00:00:00+00:00,77.31,77.57,76.4,76.71,2486244.0,76.897,16745,False
2019-06-03 00:00:00+00:00,76.63,76.84,73.81,75.7,6286778.0,75.629,36393,False
2019-06-04 00:00:00+00:00,76.14,77.44,75.9,76.75,4541442.0,76.903,24906,False
2019-06-05 00:00:00+00:00,77.41,78.17,76.66,77.06,2156273.0,77.342,13750,False
2019-06-06 00:00:00+00:00,77.16,77.72,76.86,77.07,2547161.0,77.243,15654,False
2019-06-07 00:00:00+00:00,77.49,78.38,77.08,77.43,3022957.0,77.736,16171,False
2019-06-10 00:00:00+00:00,77.46,77.75,76.6,76.95,3060289.0,77.07,19057,False
2019-06-11 00:00:00+00:00,77.49,78.9,77.49,78.17,2981635.0,78.434,18505,False
2019-06-12 00:00:00+00:00,78.25,79.25,78.18,78.57,2325718.0,78.689,14430,False
2019-06-13 00:00:00+00:00,78.93,79.2,78.29,78.95,1982449.0,78.729,12763,False
2019-06-14 00:00:00+00:00,78.95,79.34,78.21,78.69,2978763.0,78.743,19413,False
2019-06-17 00:00:00+00:00,78.4,79.05,78.4,78.65,1830222.0,78.764,11541,False
2019-06-18 00:00:00+00:00,78.88,79.2,77.01,78.25,4099859.0,77.979,23494,False
2019-06-19 00:00:00+00:00,78.4,78.48,77.29,77.61,3884425.0,77.665,22802,False
2019-06-20 00:00:00+00:00,78.24,79.17,78.08,78.34,2883663.0,78.597,18073,False
2019-06-21 00:00:00+00:00,78.28,79.08,76.43,78.78,4882728.0,77.854,21533,False
2019-06-24 00:00:00+00:00,78.41,79.31,77.85,78.45,2463551.0,78.387,14816,False
2019-06-25 00:00:00+00:00,70.47,70.67,65.05,65.7,70005809.0,66.749,291699,False
2019-06-26 00:00:00+00:00,67.24,68.41,66.8,68.0,34759808.0,67.644,114656,False
2019-06-27 00:00:00+00:00,68.16,70.6,68.1,70.0,18460247.0,69.611,84050,False
2019-06-28 00:00:00+00:00,70.58,72.74,70.33,72.72,15361685.0,71.961,78480,False
2019-07-01 00:00:00+00:00,73.5,73.85,72.28,73.4,14067631.0,73.059,71380,False
2019-07-02 00:00:00+00:00,73.1,74.25,72.32,74.23,10102038.0,73.709,52705,False
2019-07-03 00:00:00+00:00,74.35,74.97,73.78,74.96,5390730.0,74.374,32244,False
2019-07-05 00:00:00+00:00,74.65,74.79,72.61,72.99,7910129.0,73.459,40131,False
2019-07-08 00:00:00+00:00,72.52,73.0,70.88,71.22,9537623.0,71.508,49903,False
2019-07-09 00:00:00+00:00,71.18,72.45,70.89,71.24,7210203.0,71.631,38861,False
2019-07-10 00:00:00+00:00,71.58,71.74,70.96,71.65,6580066.0,71.372,34189,False
2019-07-11 00:00:00+00:00,72.3,72.4,69.85,71.24,10681330.0,71.103,52277,False
2019-07-12 00:00:00+00:00,70.3,70.3,68.54,70.28,9214773.0,69.43,43904,False
2019-07-15 00:00:00+00:00,70.31,71.02,69.7,70.27,7799801.0,70.462,33609,False
2019-07-16 00:00:00+00:00,70.15,70.3,69.13,69.16,7036085.0,69.518,36833,False
2019-07-17 00:00:00+00:00,69.33,69.86,68.31,68.32,9092949.0,69.121,36872,False
2019-07-18 00:00:00+00:00,68.57,68.95,68.0,68.25,6427391.0,68.323,34928,False
2019-07-19 00:00:00+00:00,68.14,68.82,68.1,68.54,6834079.0,68.409,34037,False
2019-07-22 00:00:00+00:00,68.5,68.75,67.84,68.0,7215864.0,68.165,30793,False
2019-07-23 00:00:00+00:00,68.0,68.44,67.6,67.73,6434466.0,67.982,32123,False
2019-07-24 00:00:00+00:00,67.77,67.9,66.76,67.46,8682448.0,67.541,44886,False
2019-07-25 00:00:00+00:00,67.46,67.87,66.5,66.66,9187435.0,67.118,48105,False
2019-07-26 00:00:00+00:00,67.64,69.14,67.37,67.76,9689395.0,68.046,49451,False
2019-07-29 00:00:00+00:00,67.89,68.41,66.88,67.18,6667039.0,67.405,35457,False
2019-07-30 00:00:00+00:00,66.92,67.53,66.26,67.18,6374594.0,67.056,33855,False
2019-07-31 00:00:00+00:00,66.91,67.38,65.63,66.62,6247517.0,66.84,36195,False
2019-08-01 00:00:00+00:00,66.93,67.2,65.11,65.8,9310939.0,66.171,51630,False
2019-08-02 00:00:00+00:00,65.5,65.79,65.03,65.35,5866412.0,65.339,34463,False
2019-08-05 00:00:00+00:00,64.97,66.12,64.54,65.23,8704471.0,65.285,48209,False
2019-08-06 00:00:00+00:00,65.27,65.84,64.29,64.77,7406155.0,64.902,41847,False
2019-08-07 00:00:00+00:00,64.4,64.9,63.31,64.46,6298771.0,64.292,36828,False
2019-08-08 00:00:00+00:00,64.79,65.45,64.33,65.45,5144584.0,65.03,26646,False
2019-08-09 00:00:00+00:00,65.37,66.87,64.29,65.58,8290660.0,65.359,42466,False
2019-08-12 00:00:00+00:00,65.25,65.48,64.07,64.53,4173291.0,64.839,24307,False
2019-08-13 00:00:00+00:00,64.86,65.93,64.64,65.01,5154180.0,65.369,30150,False
2019-08-14 00:00:00+00:00,64.5,64.99,63.5,63.5,6516032.0,64.119,35729,False
2019-08-15 00:00:00+00:00,64.12,64.24,62.66,62.98,6503798.0,63.315,34520,False
2019-08-16 00:00:00+00:00,63.51,64.81,63.07,64.43,6311019.0,64.3,35690,False
2019-08-19 00:00:00+00:00,65.04,66.88,64.97,66.56,6964364.0,66.295,37060,False
2019-08-20 00:00:00+00:00,67.38,68.47,66.33,66.41,9674439.0,67.281,50511,False
2019-08-21 00:00:00+00:00,67.34,67.92,66.6,67.54,5959642.0,67.472,30744,False
2019-08-22 00:00:00+00:00,67.87,68.03,66.81,67.52,4835888.0,67.479,24861,False
2019-08-23 00:00:00+00:00,67.28,67.79,65.48,65.97,5749318.0,66.574,35012,False
2019-08-26 00:00:00+00:00,66.43,66.93,66.08,66.46,3690127.0,66.465,21419,False
2019-08-27 00:00:00+00:00,66.67,66.98,65.49,65.67,5208640.0,66.08,30950,False
2019-08-28 00:00:00+00:00,65.57,66.38,65.4,66.07,5009643.0,66.006,29885,False
2019-08-29 00:00:00+00:00,66.73,67.03,65.95,66.22,4257074.0,66.215,24219,False
2019-08-30 00:00:00+00:00,66.4,66.43,65.49,65.74,4107243.0,65.831,24519,False
2019-09-03 00:00:00+00:00,65.78,65.8,64.93,65.4,5369823.0,65.369,29662,False
2019-09-04 00:00:00+00:00,65.67,66.42,64.44,66.38,7199056.0,65.404,36782,False
2019-09-05 00:00:00+00:00,66.64,67.3,66.43,67.03,3966347.0,66.973,24069,False
2019-09-06 00:00:00+00:00,67.26,68.12,67.0,67.62,4953486.0,67.749,28059,False
2019-09-09 00:00:00+00:00,67.96,68.0,66.31,66.7,7621587.0,66.874,41715,False
2019-09-10 00:00:00+00:00,66.07,68.18,65.65,68.18,7352840.0,67.016,38810,False
2019-09-11 00:00:00+00:00,68.38,69.74,68.06,69.49,6442667.0,69.186,38603,False
2019-09-12 00:00:00+00:00,70.76,71.17,70.19,70.83,7290979.0,70.716,42447,False
2019-09-13 00:00:00+00:00,71.15,71.51,70.48,70.51,5972910.0,71.092,31429,False
2019-09-16 00:00:00+00:00,70.37,70.96,69.72,70.58,4297979.0,70.598,24697,False
2019-09-17 00:00:00+00:00,70.51,72.09,70.36,71.6,5933040.0,71.415,33113,False
2019-09-18 00:00:00+00:00,71.68,71.82,70.81,71.27,3833064.0,71.162,22345,False
2019-09-19 00:00:00+00:00,71.4,71.91,71.21,71.67,3996971.0,71.667,22613,False
2019-09-20 00:00:00+00:00,72.0,73.0,72.0,72.39,8552765.0,72.457,40670,False
2019-09-23 00:00:00+00:00,72.33,73.78,72.05,72.93,5485737.0,73.246,28554,False
2019-09-24 00:00:00+00:00,73.83,73.83,72.17,72.95,5996208.0,72.918,30603,False
2019-09-25 00:00:00+00:00,72.88,73.24,72.02,72.09,4278002.0,72.51,23071,False
2019-09-26 00:00:00+00:00,72.95,74.46,72.62,74.03,7998221.0,73.949,41539,False
2019-09-27 00:00:00+00:00,74.21,75.14,73.92,74.85,5164795.0,74.573,29263,False
2019-09-30 00:00:00+00:00,74.95,76.44,74.95,75.72,5753767.0,75.866,33093,False
2019-10-01 00:00:00+00:00,76.0,76.03,72.94,73.23,8274385.0,73.942,43304,False
2019-10-02 00:00:00+00:00,72.89,73.0,71.57,72.13,5971026.0,72.043,34780,False
2019-10-03 00:00:00+00:00,72.06,73.95,72.04,73.85,4541382.0,73.316,25864,False
2019-10-04 00:00:00+00:00,74.22,75.06,73.95,74.66,4299427.0,74.542,23886,False
2019-10-07 00:00:00+00:00,74.72,75.27,74.08,74.33,3712586.0,74.67,20364,False
2019-10-08 00:00:00+00:00,73.88,74.75,73.42,73.53,4669236.0,73.979,24566,False
2019-10-09 00:00:00+00:00,74.07,74.62,73.25,73.3,4239563.0,73.697,20586,False
2019-10-10 00:00:00+00:00,73.22,74.63,73.2,74.45,5496500.0,74.153,26659,False
2019-10-11 00:00:00+00:00,73.97,74.34,73.57,73.63,5548503.0,73.975,26923,False
2019-10-14 00:00:00+00:00,73.65,74.17,73.39,73.76,3304643.0,73.862,17603,False
2019-10-15 00:00:00+00:00,74.2,74.98,73.8,74.5,4449987.0,74.534,20723,False
2019-10-16 00:00:00+00:00,74.38,74.98,74.34,74.75,4998245.0,74.704,22761,False
2019-10-17 00:00:00+00:00,74.99,76.18,74.65,75.14,5135458.0,75.578,26100,False
2019-10-18 00:00:00+00:00,75.24,77.17,75.21,76.46,7100705.0,76.555,35448,False
2019-10-21 00:00:00+00:00,76.88,77.85,75.85,77.3,5485837.0,77.092,30076,False
2019-10-22 00:00:00+00:00,78.05,78.66,77.75,77.87,4763750.0,78.226,26706,False
2019-10-23 00:00:00+00:00,77.79,78.02,77.19,77.75,3925527.0,77.535,22213,False
2019-10-24 00:00:00+00:00,77.84,77.89,76.25,76.8,4026293.0,76.73,23372,False
2019-10-25 00:00:00+00:00,76.39,76.79,76.22,76.53,3492916.0,76.528,16681,False
2019-10-28 00:00:00+00:00,76.67,78.38,76.49,78.33,5058026.0,77.852,25269,False
2019-10-29 00:00:00+00:00,78.11,78.74,77.59,78.47,4790645.0,78.321,24517,False
2019-10-30 00:00:00+00:00,78.51,79.79,78.01,79.66,5130381.0,79.078,28886,False
2019-10-31 00:00:00+00:00,79.71,79.74,78.74,79.55,5686279.0,79.244,30036,False
2019-11-01 00:00:00+00:00,80.03,82.18,79.13,81.75,9923628.0,81.395,53111,False
2019-11-04 00:00:00+00:00,82.95,83.32,82.14,82.99,6328528.0,82.888,32002,False
2019-11-05 00:00:00+00:00,83.17,83.4,81.47,81.84,5107088.0,82.199,27448,False
2019-11-06 00:00:00+00:00,81.77,82.25,80.35,82.08,6394494.0,81.254,33542,False
2019-11-07 00:00:00+00:00,82.21,82.59,81.08,82.01,4498309.0,81.833,23962,False
2019-11-08 00:00:00+00:00,82.1,85.46,82.09,85.21,8419950.0,84.59,44132,False
2019-11-11 00:00:00+00:00,84.95,85.68,83.9,85.66,5642537.0,85.158,28988,False
2019-11-12 00:00:00+00:00,85.6,88.28,85.55,86.44,8940844.0,87.34,45540,False
2019-11-13 00:00:00+00:00,85.74,87.27,85.33,86.66,4248893.0,86.645,23138,False
2019-11-14 00:00:00+00:00,86.48,87.75,85.93,87.63,3847853.0,87.101,22934,False
2019-11-15 00:00:00+00:00,88.1,89.19,87.26,88.63,5946707.0,88.628,29895,False
2019-11-18 00:00:00+00:00,88.34,89.41,88.32,88.73,3776279.0,89.019,24081,False
2019-11-19 00:00:00+00:00,89.26,90.41,88.91,89.02,4923983.0,89.469,26585,False
2019-11-20 00:00:00+00:00,88.72,88.72,86.54,87.2,7603316.0,87.445,42504,False
2019-11-21 00:00:00+00:00,86.79,86.87,85.55,86.52,7184284.0,86.211,39021,False
2019-11-22 00:00:00+00:00,86.64,86.79,85.31,86.05,5578736.0,86.0,30744,False
2019-11-25 00:00:00+00:00,86.85,87.88,86.06,87.76,5399462.0,87.053,30286,False
2019-11-26 00:00:00+00:00,88.15,88.19,86.93,87.72,4218814.0,87.635,24676,False
2019-11-27 00:00:00+00:00,87.86,88.81,87.61,88.33,3601847.0,88.346,21628,False
2019-11-29 00:00:00+00:00,88.0,88.09,87.22,87.73,1808198.0,87.645,10917,False
2019-12-02 00:00:00+00:00,87.84,88.03,87.0,87.03,3954398.0,87.459,25702,False
2019-12-03 00:00:00+00:00,85.96,86.48,85.59,85.95,5897359.0,85.941,33017,False
2019-12-04 00:00:00+00:00,86.18,87.55,86.12,87.2,4374343.0,86.911,24004,False
2019-12-05 00:00:00+00:00,87.25,87.25,86.26,86.72,4032574.0,86.747,22207,False
2019-12-06 00:00:00+00:00,87.12,87.71,86.78,86.98,4545072.0,87.227,25436,False
2019-12-09 00:00:00+00:00,87.22,87.72,86.38,86.44,3285169.0,86.884,20576,False
2019-12-10 00:00:00+00:00,86.92,86.95,86.21,86.56,5241799.0,86.664,27857,False
2019-12-11 00:00:00+00:00,86.7,87.26,86.23,86.7,5391430.0,86.782,26865,False
2019-12-12 00:00:00+00:00,86.76,88.94,86.75,88.73,4429647.0,88.054,26797,False
2019-12-13 00:00:00+00:00,88.78,89.09,87.33,87.84,4332838.0,88.078,28822,False
2019-12-16 00:00:00+00:00,88.38,90.12,88.26,89.43,4127986.0,89.444,25294,False
2019-12-17 00:00:00+00:00,90.0,90.17,89.07,90.08,4735979.0,89.701,29613,False
2019-12-18 00:00:00+00:00,90.05,90.18,89.02,89.33,3805392.0,89.432,23132,False
2019-12-19 00:00:00+00:00,89.68,89.68,88.56,88.77,3317369.0,88.926,21082,False
2019-12-20 00:00:00+00:00,90.4,91.99,89.15,89.29,9562916.0,90.483,44080,False
2019-12-23 00:00:00+00:00,89.53,90.47,89.33,90.25,3979460.0,89.93,23908,False
2019-12-24 00:00:00+00:00,90.4,90.4,89.43,89.85,1272711.0,89.847,6850,False
2019-12-26 00:00:00+00:00,90.2,90.72,89.45,89.83,2848972.0,89.986,15354,False
2019-12-27 00:00:00+00:00,89.98,90.28,88.83,89.2,2907286.0,89.246,16858,False
2019-12-30 00:00:00+00:00,89.22,89.73,88.16,88.52,4789236.0,88.782,30588,False
2019-12-31 00:00:00+00:00,88.21,88.6,87.88,88.54,2913261.0,88.215,17486,False
2020-01-02 00:00:00+00:00,89.08,89.57,88.51,89.55,3489351.0,89.095,19872,False
2020-01-03 00:00:00+00:00,88.17,89.39,87.9,88.7,3843265.0,88.725,21713,False
2020-01-06 00:00:00+00:00,88.22,89.62,87.98,89.4,4509394.0,88.824,23621,False
2020-01-07 00:00:00+00:00,88.93,89.54,88.26,88.89,5383947.0,88.79,30839,False
2020-01-08 00:00:00+00:00,89.15,90.06,88.87,89.52,5620173.0,89.742,31580,False
2020-01-09 00:00:00+00:00,90.01,90.23,89.05,90.21,5301678.0,89.824,28211,False
2020-01-10 00:00:00+00:00,90.23,90.29,88.83,89.06,5834099.0,89.531,35099,False
2020-01-13 00:00:00+00:00,89.56,89.56,87.91,88.52,6638943.0,88.477,35495,False
2020-01-14 00:00:00+00:00,87.1,88.44,86.77,88.2,5537401.0,87.76,30793,False
2020-01-15 00:00:00+00:00,88.18,89.88,88.18,89.26,6270599.0,89.17,33940,False
2020-01-16 00:00:00+00:00,89.31,89.8,88.92,89.26,4799123.0,89.32,26401,False
2020-01-17 00:00:00+00:00,89.13,89.27,87.79,88.0,6307431.0,88.224,29898,False
2020-01-21 00:00:00+00:00,87.68,88.53,87.56,87.99,8174981.0,88.105,25322,False
2020-01-22 00:00:00+00:00,88.03,88.17,87.15,87.21,4386938.0,87.559,23584,False
2020-01-23 00:00:00+00:00,87.05,87.07,84.99,85.27,7462979.0,85.399,40656,False
2020-01-24 00:00:00+00:00,85.43,85.48,82.76,83.54,9728847.0,83.589,48942,False
2020-01-27 00:00:00+00:00,85.05,85.93,84.0,84.02,9234767.0,84.72,52888,False
2020-01-28 00:00:00+00:00,85.09,85.1,83.64,83.77,5934695.0,84.058,32939,False
2020-01-29 00:00:00+00:00,83.8,84.0,83.13,83.2,3876448.0,83.566,24252,False
2020-01-30 00:00:00+00:00,82.58,82.8,81.18,81.78,7634697.0,81.592,46693,False
2020-01-31 00:00:00+00:00,81.54,81.72,80.4,81.02,7618973.0,81.076,39914,False
2020-02-03 00:00:00+00:00,81.31,82.6,80.92,82.3,7347659.0,82.104,39358,False
2020-02-04 00:00:00+00:00,83.59,84.71,83.59,84.36,5845110.0,84.293,34097,False
2020-02-05 00:00:00+00:00,85.06,87.14,84.88,86.63,7683906.0,86.55,40334,False
2020-02-06 00:00:00+00:00,87.89,87.96,86.22,87.18,5572842.0,86.986,34211,False
2020-02-07 00:00:00+00:00,89.74,92.98,88.88,92.29,15571554.0,91.647,74541,False
2020-02-10 00:00:00+00:00,92.36,95.5,92.11,94.75,9628218.0,94.373,46123,False
2020-02-11 00:00:00+00:00,95.26,97.09,95.01,96.0,7719385.0,96.142,42444,False
2020-02-12 00:00:00+00:00,95.98,97.86,95.71,97.79,7567049.0,96.964,43176,False
2020-02-13 00:00:00+00:00,96.85,97.36,95.23,95.35,7501038.0,96.253,38537,False
2020-02-14 00:00:00+00:00,95.23,95.3,93.77,94.05,6118806.0,94.24,31128,False
2020-02-18 00:00:00+00:00,93.67,94.5,93.26,93.61,4496764.0,93.716,25456,False
2020-02-19 00:00:00+00:00,93.77,94.79,93.02,94.14,4241413.0,94.096,25681,False
2020-02-20 00:00:00+00:00,93.93,94.39,92.59,94.23,3649742.0,93.696,22865,False
2020-02-21 00:00:00+00:00,93.96,95.52,93.38,94.96,4564891.0,94.821,23618,False
2020-02-24 00:00:00+00:00,92.17,93.87,92.14,93.14,7195537.0,92.972,39948,False
2020-02-25 00:00:00+00:00,93.32,93.46,88.11,89.18,7184805.0,90.18,42309,False
2020-02-26 00:00:00+00:00,88.62,91.18,88.19,88.41,6206354.0,89.341,37100,False
2020-02-27 00:00:00+00:00,86.19,89.45,84.2,85.42,10321559.0,86.701,63358,False
2020-02-28 00:00:00+00:00,82.79,85.71,81.58,85.71,12842342.0,83.401,78182,False
2020-03-02 00:00:00+00:00,86.0,88.78,83.55,88.69,8159353.0,86.626,52222,False
2020-03-03 00:00:00+00:00,89.44,90.9,85.66,87.57,8822778.0,88.053,58834,False
2020-03-04 00:00:00+00:00,89.27,91.86,88.95,91.75,13200967.0,90.073,68124,False
2020-03-05 00:00:00+00:00,90.11,91.72,89.43,90.61,6855715.0,90.468,44014,False
2020-03-06 00:00:00+00:00,88.73,89.76,87.26,88.82,9198450.0,88.485,58777,False
2020-03-09 00:00:00+00:00,84.0,87.34,82.43,85.27,12375844.0,84.944,81289,False
2020-03-10 00:00:00+00:00,88.19,88.22,83.76,87.53,9174472.0,85.908,58277,False
2020-03-11 00:00:00+00:00,85.8,86.64,83.57,84.85,7220204.0,84.976,47420,False
2020-03-12 00:00:00+00:00,78.85,81.29,77.06,78.61,14910638.0,79.081,98048,False
2020-03-13 00:00:00+00:00,83.36,86.32,80.69,85.37,15316388.0,83.171,95776,False
2020-03-16 00:00:00+00:00,79.0,82.18,73.58,74.27,14995679.0,77.651,91772,False
2020-03-17 00:00:00+00:00,75.71,77.71,69.99,73.02,17091826.0,73.727,106426,False
2020-03-18 00:00:00+00:00,70.02,71.39,64.68,71.03,17395737.0,67.574,110708,False
2020-03-19 00:00:00+00:00,69.1,74.85,65.33,71.06,14933332.0,70.448,97357,False
2020-03-20 00:00:00+00:00,73.0,73.0,66.81,68.82,12601944.0,69.522,79756,False
2020-03-23 00:00:00+00:00,67.38,67.75,62.55,64.5,14672410.0,64.685,90885,False
2020-03-24 00:00:00+00:00,68.16,71.82,67.09,67.49,12075012.0,69.551,74602,False
2020-03-25 00:00:00+00:00,67.92,70.68,65.55,67.91,15095015.0,67.774,86608,False
2020-03-26 00:00:00+00:00,68.82,74.32,68.76,73.83,11628875.0,72.455,74813,False
2020-03-27 00:00:00+00:00,71.63,75.06,70.71,72.67,8615660.0,73.478,55610,False
2020-03-30 00:00:00+00:00,73.52,76.24,73.47,75.24,8052791.0,74.943,49454,False
2020-03-31 00:00:00+00:00,75.4,77.92,74.44,76.19,10844807.0,76.357,70693,False
2020-04-01 00:00:00+00:00,72.12,73.99,71.43,73.42,9907462.0,72.792,59898,False
2020-04-02 00:00:00+00:00,72.78,75.5,71.46,75.13,6111847.0,73.619,37766,False
2020-04-03 00:00:00+00:00,74.66,75.44,72.55,73.37,5856399.0,73.761,38328,False
2020-04-06 00:00:00+00:00,75.2,77.26,74.03,75.73,6838018.0,75.735,42206,False
2020-04-07 00:00:00+00:00,78.38,78.58,75.25,75.39,7769954.0,77.143,46402,False
2020-04-08 00:00:00+00:00,76.44,78.98,74.78,78.56,7821097.0,77.373,45223,False
2020-04-09 00:00:00+00:00,78.56,80.08,78.56,79.75,6695820.0,79.564,39896,False
2020-04-13 00:00:00+00:00,80.66,81.33,78.66,80.3,6294410.0,79.894,35766,False
2020-04-14 00:00:00+00:00,80.62,82.85,80.29,82.13,6787013.0,81.985,42711,False
2020-04-15 00:00:00+00:00,80.51,83.04,79.62,81.82,6685209.0,81.431,37070,False
2020-04-16 00:00:00+00:00,82.73,83.72,81.58,81.86,7383479.0,82.599,43751,False
2020-04-17 00:00:00+00:00,84.0,84.79,82.5,83.45,7000734.0,83.548,39434,False
2020-04-20 00:00:00+00:00,83.54,85.33,82.63,83.99,6165501.0,84.054,36058,False
2020-04-21 00:00:00+00:00,82.51,82.97,80.02,80.36,6824621.0,81.02,43809,False
2020-04-22 00:00:00+00:00,81.23,82.45,80.73,81.47,5135797.0,81.589,31715,False
2020-04-23 00:00:00+00:00,82.18,83.83,81.96,82.04,4758794.0,82.889,30090,False
2020-04-24 00:00:00+00:00,82.87,83.67,82.35,83.59,4542844.0,83.059,31902,False
2020-04-27 00:00:00+00:00,84.03,84.92,83.77,84.69,5050520.0,84.318,30376,False
2020-04-28 00:00:00+00:00,85.7,85.97,82.37,82.76,5612255.0,83.455,35861,False
2020-04-29 00:00:00+00:00,83.72,84.75,82.14,83.76,5929383.0,83.589,39681,False
2020-04-30 00:00:00+00:00,82.98,83.26,81.23,82.2,7868464.0,82.192,50585,False
2020-05-01 00:00:00+00:00,81.95,84.23,80.5,82.84,8859951.0,82.721,59713,False
2020-05-04 00:00:00+00:00,82.16,82.84,81.12,81.86,4980217.0,81.74,32174,False
2020-05-05 00:00:00+00:00,82.95,86.48,82.59,85.37,8392263.0,85.146,51085,False
2020-05-06 00:00:00+00:00,86.26,88.15,85.24,85.42,11034357.0,86.692,63050,False
2020-05-07 00:00:00+00:00,86.52,86.84,83.56,84.22,8547747.0,84.961,53061,False
2020-05-08 00:00:00+00:00,84.42,84.66,82.45,83.96,11366342.0,83.542,68173,False
2020-05-11 00:00:00+00:00,84.94,88.47,83.98,87.9,12499549.0,86.489,63263,False
2020-05-12 00:00:00+00:00,90.0,92.23,88.47,90.46,13698454.0,90.984,72837,False
2020-05-13 00:00:00+00:00,90.74,92.24,87.73,88.87,11386575.0,89.399,66254,False
2020-05-14 00:00:00+00:00,87.62,90.48,87.42,89.94,8827929.0,89.452,45299,False
2020-05-15 00:00:00+00:00,90.01,91.15,89.42,90.71,6021671.0,90.38,33266,False
2020-05-18 00:00:00+00:00,91.93,93.66,91.31,91.47,8448625.0,92.532,48503,False
2020-05-19 00:00:00+00:00,91.26,91.65,89.56,91.2,6406198.0,90.583,37537,False
2020-05-20 00:00:00+00:00,92.13,92.54,89.9,91.19,5253575.0,91.085,27130,False
2020-05-21 00:00:00+00:00,91.28,93.13,90.35,93.02,6375852.0,91.947,34081,False
2020-05-22 00:00:00+00:00,92.87,93.01,91.73,92.1,3345730.0,92.258,21477,False
2020-05-26 00:00:00+00:00,93.53,93.57,90.31,90.71,5496259.0,92.026,33912,False
2020-05-27 00:00:00+00:00,90.64,91.0,88.56,89.98,7087033.0,89.465,44370,False
2020-05-28 00:00:00+00:00,90.87,91.19,90.0,90.03,5219533.0,90.732,28110,False
2020-05-29 00:00:00+00:00,91.0,92.89,89.6,92.67,6974116.0,90.918,39336,False
2020-06-01 00:00:00+00:00,92.07,93.06,90.69,90.7,5995382.0,91.407,34887,False
2020-06-02 00:00:00+00:00,90.97,91.7,90.05,91.04,5766606.0,90.668,35588,False
2020-06-03 00:00:00+00:00,91.47,91.5,89.6,90.89,6769641.0,90.449,37896,False
2020-06-04 00:00:00+00:00,90.28,93.48,90.25,93.04,6347667.0,92.414,38653,False
2020-06-05 00:00:00+00:00,93.5,95.54,92.81,93.85,6624508.0,94.253,41825,False
2020-06-08 00:00:00+00:00,92.91,95.01,92.81,94.59,4195136.0,94.347,25584,False
2020-06-09 00:00:00+00:00,94.95,96.66,94.76,96.17,5811149.0,95.963,34962,False
2020-06-10 00:00:00+00:00,96.99,99.35,96.8,96.9,8348803.0,98.059,46869,False
2020-06-11 00:00:00+00:00,95.69,96.89,92.03,92.26,7849754.0,93.949,50409,False
2020-06-12 00:00:00+00:00,93.74,94.74,91.03,92.46,5748888.0,92.56,37687,False
2020-06-15 00:00:00+00:00,91.27,94.03,90.78,93.08,4822226.0,92.389,34315,False
2020-06-16 00:00:00+00:00,94.86,96.2,93.48,96.06,5912294.0,95.357,38883,False
2020-06-17 00:00:00+00:00,96.85,97.1,95.27,95.74,4046956.0,96.248,23258,False
2020-06-18 00:00:00+00:00,95.56,96.45,95.26,96.23,3061709.0,95.84,20254,False
2020-06-19 00:00:00+00:00,97.72,98.2,95.75,96.71,5045638.0,97.074,26978,False
2020-06-22 00:00:00+00:00,96.64,97.3,95.81,97.27,3259514.0,96.704,20352,False
2020-06-23 00:00:00+00:00,98.42,99.1,97.05,97.31,4129466.0,98.017,25013,False
2020-06-24 00:00:00+00:00,96.46,97.16,94.35,95.14,4748189.0,95.365,31535,False
2020-06-25 00:00:00+00:00,95.18,97.07,94.32,96.99,4608103.0,95.794,25637,False
2020-06-26 00:00:00+00:00,96.89,97.03,95.04,96.13,3951349.0,95.8,26553,False
2020-06-29 00:00:00+00:00,96.5,97.33,95.68,96.44,3272976.0,96.452,20033,False
2020-06-30 00:00:00+00:00,95.97,98.88,95.83,98.18,4669191.0,97.371,29593,False
2020-07-01 00:00:00+00:00,98.5,99.66,97.5,99.14,4447181.0,98.913,25962,False
2020-07-02 00:00:00+00:00,99.45,99.99,97.86,98.88,4245690.0,98.684,23797,False
2020-07-06 00:00:00+00:00,99.64,99.8,97.95,99.01,4153290.0,98.961,24415,False
2020-07-07 00:00:00+00:00,98.68,100.69,98.56,99.35,4619213.0,99.711,24951,False
2020-07-08 00:00:00+00:00,99.79,100.57,98.55,99.28,4278830.0,99.45,26191,False
2020-07-09 00:00:00+00:00,99.08,99.78,96.81,97.94,4278210.0,97.951,24807,False
2020-07-10 00:00:00+00:00,98.06,98.33,96.36,96.83,4816202.0,96.924,28437,False
2020-07-13 00:00:00+00:00,97.36,99.56,96.92,97.86,5177401.0,98.58,30327,False
2020-07-14 00:00:00+00:00,96.97,99.1,95.94,98.87,4110133.0,97.734,24418,False
2020-07-15 00:00:00+00:00,100.0,100.48,98.82,100.48,3831028.0,99.664,22051,False
2020-07-16 00:00:00+00:00,99.69,100.23,98.81,99.92,2673525.0,99.364,15679,False
2020-07-17 00:00:00+00:00,100.29,101.28,99.92,100.83,4269612.0,100.66,21106,False
2020-07-20 00:00:00+00:00,100.76,101.25,99.25,99.54,3348742.0,99.89,17773,False
2020-07-21 00:00:00+00:00,99.81,99.85,97.17,97.4,5577902.0,97.936,29025,False
2020-07-22 00:00:00+00:00,97.8,98.29,96.93,97.7,3077244.0,97.638,18920,False
2020-07-23 00:00:00+00:00,98.24,98.92,97.45,98.03,3236579.0,98.205,18881,False
2020-07-24 00:00:00+00:00,98.05,98.19,96.46,97.11,3643704.0,97.023,21423,False
2020-07-27 00:00:00+00:00,96.35,97.89,96.26,97.16,3093380.0,97.137,17749,False
2020-07-28 00:00:00+00:00,97.02,97.62,96.45,96.71,3198948.0,97.045,19744,False
2020-07-29 00:00:00+00:00,96.87,97.4,96.64,97.01,3068306.0,97.035,19355,False
2020-07-30 00:00:00+00:00,96.31,96.74,95.4,96.04,4725440.0,95.926,29314,False
2020-07-31 00:00:00+00:00,96.39,97.26,93.55,94.91,7185711.0,94.525,40790,False
2020-08-03 00:00:00+00:00,95.19,97.17,95.06,95.94,5176250.0,96.322,28336,False
2020-08-04 00:00:00+00:00,95.92,96.03,94.05,94.29,5172415.0,94.719,27949,False
2020-08-05 00:00:00+00:00,94.47,94.8,93.12,93.25,5251677.0,93.757,29589,False
2020-08-06 00:00:00+00:00,93.32,93.65,91.78,92.57,5660400.0,92.489,31680,False
2020-08-07 00:00:00+00:00,92.69,93.0,92.2,92.92,3756029.0,92.558,19825,False
2020-08-10 00:00:00+00:00,92.63,93.67,92.15,92.38,5470046.0,92.792,30121,False
2020-08-11 00:00:00+00:00,92.31,93.29,92.13,92.67,5557437.0,92.704,30693,False
2020-08-12 00:00:00+00:00,93.45,95.58,93.33,95.51,5570661.0,94.873,33305,False
2020-08-13 00:00:00+00:00,95.14,95.5,94.0,94.68,4475007.0,94.752,26241,False
2020-08-14 00:00:00+00:00,95.38,95.67,94.54,95.07,3662029.0,95.146,20621,False
2020-08-17 00:00:00+00:00,95.29,97.26,95.26,96.35,4255271.0,96.467,27610,False
2020-08-18 00:00:00+00:00,96.62,96.7,95.14,95.65,2788314.0,95.728,16444,False
2020-08-19 00:00:00+00:00,97.11,97.42,95.85,96.1,5732410.0,96.728,30659,False
2020-08-20 00:00:00+00:00,95.49,96.03,94.68,95.2,4969632.0,95.118,28947,False
2020-08-21 00:00:00+00:00,95.2,95.32,94.32,94.86,3495534.0,94.824,21034,False
2020-08-24 00:00:00+00:00,94.9,95.24,94.18,94.51,2918404.0,94.435,16066,False
2020-08-25 00:00:00+00:00,94.21,94.79,93.91,94.06,5237493.0,94.286,28197,False
2020-08-26 00:00:00+00:00,93.5,94.41,92.94,94.35,4042787.0,93.524,22314,False
2020-08-27 00:00:00+00:00,94.33,95.06,93.67,94.3,3970908.0,94.496,22930,False
2020-08-28 00:00:00+00:00,94.52,94.65,93.53,94.17,3440375.0,93.966,20295,False
2020-08-31 00:00:00+00:00,94.12,96.01,94.01,95.77,5493610.0,95.327,33548,False
2020-09-01 00:00:00+00:00,95.52,95.92,91.29,92.24,12191185.0,92.445,60968,False
2020-09-02 00:00:00+00:00,92.07,94.24,91.9,93.95,6562880.0,93.162,40085,False
2020-09-03 00:00:00+00:00,93.88,94.31,91.09,91.87,6400734.0,92.197,38343,False
2020-09-04 00:00:00+00:00,92.08,93.14,90.58,91.87,6224143.0,91.689,37625,False
2020-09-08 00:00:00+00:00,91.52,91.86,89.45,90.22,5411349.0,90.349,33945,False
2020-09-09 00:00:00+00:00,90.86,92.43,90.51,91.63,3495025.0,91.558,22225,False
2020-09-10 00:00:00+00:00,91.07,91.41,89.48,89.65,6834491.0,90.142,35269,False
2020-09-11 00:00:00+00:00,89.81,90.34,89.04,89.7,6388292.0,89.665,35323,False
2020-09-14 00:00:00+00:00,90.05,91.26,89.46,90.49,3194149.0,90.633,19134,False
2020-09-15 00:00:00+00:00,91.4,91.98,90.63,90.91,2605457.0,91.242,16650,False
2020-09-16 00:00:00+00:00,91.02,91.27,89.68,89.78,4524313.0,90.358,26501,False
2020-09-17 00:00:00+00:00,89.3,90.81,89.17,89.63,3788623.0,89.895,26199,False
2020-09-18 00:00:00+00:00,89.49,90.5,88.86,90.11,4877425.0,89.801,25374,False
2020-09-21 00:00:00+00:00,89.14,89.43,87.17,89.09,5082892.0,88.121,29823,False
2020-09-22 00:00:00+00:00,88.89,88.95,87.93,88.6,3719715.0,88.422,20809,False
2020-09-23 00:00:00+00:00,89.0,89.27,87.11,87.14,4189015.0,88.066,24013,False
2020-09-24 00:00:00+00:00,87.0,87.0,85.32,85.91,7672938.0,86.05,41362,False
2020-09-25 00:00:00+00:00,86.0,86.86,85.46,86.23,7715546.0,86.113,39844,False
2020-09-28 00:00:00+00:00,87.29,88.2,86.87,87.28,4476366.0,87.566,26717,False
2020-09-29 00:00:00+00:00,87.11,87.28,86.31,86.89,4080339.0,86.806,24380,False
2020-09-30 00:00:00+00:00,87.0,88.44,86.81,87.59,4091877.0,87.538,24326,False
2020-10-01 00:00:00+00:00,88.17,88.17,86.73,87.14,4143835.0,87.353,24410,False
2020-10-02 00:00:00+00:00,86.5,87.35,86.05,86.12,3846847.0,86.71,22654,False
2020-10-05 00:00:00+00:00,86.49,88.18,86.21,87.93,3417346.0,87.346,19576,False
2020-10-06 00:00:00+00:00,87.97,88.06,85.71,85.89,6423762.0,86.514,33216,False
2020-10-07 00:00:00+00:00,86.16,87.3,86.03,87.07,3752510.0,86.684,19569,False
2020-10-08 00:00:00+00:00,87.27,88.58,86.92,87.34,3980972.0,87.687,20333,False
2020-10-09 00:00:00+00:00,87.41,88.7,87.35,87.7,3945745.0,87.929,22616,False
2020-10-12 00:00:00+00:00,88.17,88.6,87.32,88.32,5399534.0,88.119,28595,False
2020-10-13 00:00:00+00:00,88.01,88.8,87.47,87.83,5563721.0,88.01,28663,False
2020-10-14 00:00:00+00:00,86.83,87.12,85.9,86.07,4281736.0,86.331,22892,False
2020-10-15 00:00:00+00:00,85.41,85.74,84.96,85.23,4342093.0,85.277,22353,False
2020-10-16 00:00:00+00:00,85.89,87.15,85.75,86.27,3711966.0,86.476,18338,False
2020-10-19 00:00:00+00:00,86.59,86.79,84.13,84.31,5908339.0,84.859,32259,False
2020-10-20 00:00:00+00:00,84.2,84.83,83.42,84.25,5282804.0,84.196,29719,False
2020-10-21 00:00:00+00:00,83.58,84.14,82.56,82.89,7191616.0,83.078,35854,False
2020-10-22 00:00:00+00:00,83.02,84.89,82.92,84.31,6259430.0,84.144,29823,False
2020-10-23 00:00:00+00:00,84.64,85.15,83.94,84.34,2973345.0,84.514,17927,False
2020-10-26 00:00:00+00:00,84.09,84.32,82.81,83.92,5051679.0,83.387,28820,False
2020-10-27 00:00:00+00:00,84.0,84.26,82.68,82.71,4867306.0,83.613,28670,False
2020-10-28 00:00:00+00:00,81.32,82.21,80.23,80.49,7704149.0,80.783,44651,False
2020-10-29 00:00:00+00:00,80.5,81.37,79.11,80.67,6107908.0,80.577,37380,False
2020-10-30 00:00:00+00:00,83.2,86.14,83.0,85.1,11786686.0,84.807,65194,False
2020-11-02 00:00:00+00:00,86.03,88.55,86.0,88.25,7483868.0,87.731,42986,False
2020-11-03 00:00:00+00:00,89.14,89.39,87.43,87.96,6381468.0,88.307,36287,False
2020-11-04 00:00:00+00:00,93.14,97.49,92.67,94.5,18027102.0,95.643,101114,False
2020-11-05 00:00:00+00:00,95.36,95.52,93.0,93.69,5658532.0,93.646,34864,False
2020-11-06 00:00:00+00:00,92.37,93.65,91.71,92.85,4566196.0,92.477,28737,False
2020-11-09 00:00:00+00:00,95.74,96.95,94.67,95.12,6707818.0,95.759,41747,False
2020-11-10 00:00:00+00:00,96.01,99.13,95.62,98.87,8646664.0,97.941,49330,False
2020-11-11 00:00:00+00:00,99.15,99.87,97.76,98.15,6280901.0,98.519,35544,False
2020-11-12 00:00:00+00:00,97.5,97.75,96.28,97.6,5032089.0,96.97,31752,False
2020-11-13 00:00:00+00:00,97.41,99.55,97.4,99.04,3968527.0,99.017,22628,False
2020-11-16 00:00:00+00:00,99.96,100.54,98.33,98.36,5464234.0,99.348,26820,False
2020-11-17 00:00:00+00:00,99.37,100.26,98.74,99.21,8033583.0,99.499,36067,False
2020-11-18 00:00:00+00:00,100.0,100.29,98.68,98.72,6206377.0,99.737,36223,False
2020-11-19 00:00:00+00:00,98.76,100.15,98.59,99.67,4985808.0,99.528,31112,False
2020-11-20 00:00:00+00:00,99.95,101.83,98.62,100.84,6860641.0,100.604,39975,False
2020-11-23 00:00:00+00:00,101.94,102.76,101.06,102.18,5187904.0,101.888,30757,False
2020-11-24 00:00:00+00:00,102.94,104.82,102.58,103.96,5897750.0,103.903,33720,False
2020-11-25 00:00:00+00:00,103.82,104.46,103.39,104.2,3894355.0,103.849,24060,False
2020-11-27 00:00:00+00:00,104.91,105.8,104.3,104.89,3042067.0,104.921,18056,False
2020-11-30 00:00:00+00:00,105.12,105.42,103.64,104.58,5081053.0,104.507,32990,False
2020-12-01 00:00:00+00:00,105.05,106.38,104.04,104.04,4217796.0,104.907,25752,False
2020-12-02 00:00:00+00:00,104.0,105.38,103.32,104.99,3672276.0,104.607,22947,False
2020-12-03 00:00:00+00:00,105.0,105.7,104.3,104.74,2803704.0,104.914,16083,False
2020-12-04 00:00:00+00:00,105.02,107.31,105.02,107.28,4505472.0,106.595,24537,False
2020-12-07 00:00:00+00:00,107.18,107.44,104.96,105.84,3646292.0,105.519,19955,False
2020-12-08 00:00:00+00:00,105.7,108.35,105.6,107.69,4427738.0,107.639,24833,False
2020-12-09 00:00:00+00:00,107.9,109.15,107.63,108.67,4295842.0,108.507,25545,False
2020-12-10 00:00:00+00:00,109.06,109.07,106.67,107.49,4272203.0,107.375,24762,False
2020-12-11 00:00:00+00:00,107.01,107.42,105.58,106.34,3328468.0,106.248,21794,False
2020-12-14 00:00:00+00:00,107.43,108.07,104.09,104.2,4856825.0,105.981,30672,False
2020-12-15 00:00:00+00:00,105.44,105.45,102.32,102.82,7960743.0,103.402,40192,False
2020-12-16 00:00:00+00:00,102.5,105.41,101.9,104.64,6312712.0,103.891,34463,False
2020-12-17 00:00:00+00:00,104.86,105.5,104.11,104.89,3551475.0,104.566,20390,False
2020-12-18 00:00:00+00:00,105.03,105.06,103.19,104.45,5358776.0,104.047,23934,False
2020-12-21 00:00:00+00:00,102.76,103.92,101.54,103.71,3672804.0,102.873,24171,False
2020-12-22 00:00:00+00:00,103.41,103.5,102.01,102.8,2696713.0,102.662,15113,False
2020-12-23 00:00:00+00:00,103.06,103.93,102.91,103.28,2319399.0,103.469,13226,False
2020-12-24 00:00:00+00:00,103.11,103.39,102.6,103.26,903448.0,102.99,5054,False
2020-12-28 00:00:00+00:00,103.65,103.88,102.72,103.45,2203018.0,103.305,12199,False
2020-12-29 00:00:00+00:00,103.95,105.37,103.95,104.7,3480180.0,104.898,19673,False
2020-12-30 00:00:00+00:00,105.11,106.23,105.1,105.27,3572413.0,105.646,17987,False
2020-12-31 00:00:00+00:00,105.26,107.28,104.85,107.15,3657311.0,106.53,19708,False
2021-01-04 00:00:00+00:00,107.18,107.35,103.86,105.41,4781962.0,105.151,26282,False
2021-01-05 00:00:00+00:00,105.41,107.02,104.63,106.5,4382339.0,105.896,21846,False
2021-01-06 00:00:00+00:00,104.75,107.19,104.18,105.58,6308053.0,105.842,35152,False
2021-01-07 00:00:00+00:00,106.2,107.07,105.56,106.71,3937820.0,106.484,24332,False
2021-01-08 00:00:00+00:00,106.84,107.53,105.76,107.27,3058024.0,106.738,17316,False
2021-01-11 00:00:00+00:00,107.07,109.56,107.06,109.02,4172914.0,108.696,22327,False
2021-01-12 00:00:00+00:00,109.22,110.78,109.12,109.78,3958372.0,109.864,22203,False
2021-01-13 00:00:00+00:00,109.8,113.41,109.7,112.45,6721479.0,112.085,37427,False
2021-01-14 00:00:00+00:00,110.7,112.69,109.5,111.63,4820400.0,111.881,26823,False
2021-01-15 00:00:00+00:00,111.2,111.56,109.48,110.52,7120833.0,110.358,30603,False
2021-01-19 00:00:00+00:00,111.25,112.31,110.26,112.18,4339674.0,111.608,24635,False
2021-01-20 00:00:00+00:00,112.91,113.1,111.47,112.62,3435723.0,112.565,19484,False
2021-01-21 00:00:00+00:00,112.63,112.75,110.76,111.26,3069474.0,111.407,19400,False
2021-01-22 00:00:00+00:00,110.65,111.6,109.48,110.86,2538951.0,110.974,15406,False
2021-01-25 00:00:00+00:00,109.73,111.23,109.21,110.5,4740176.0,110.327,27055,False
2021-01-26 00:00:00+00:00,111.3,111.3,108.56,108.8,3841374.0,109.521,22265,False
2021-01-27 00:00:00+00:00,106.28,106.7,102.59,102.79,8402578.0,104.035,49981,False
2021-01-28 00:00:00+00:00,104.0,105.14,103.11,104.21,5967996.0,104.405,32758,False
2021-01-29 00:00:00+00:00,104.0,104.49,101.81,102.48,5055785.0,102.871,29762,False
2021-02-01 00:00:00+00:00,103.0,103.9,101.86,102.3,5128297.0,102.524,29735,False
2021-02-02 00:00:00+00:00,102.88,104.31,102.5,103.47,7110517.0,103.641,39541,False
2021-02-03 00:00:00+00:00,106.2,107.57,104.01,106.95,8529713.0,105.858,48903,False
2021-02-04 00:00:00+00:00,106.87,108.88,105.25,108.53,6286579.0,107.503,35771,False
2021-02-05 00:00:00+00:00,109.63,110.27,108.44,108.73,4246788.0,109.091,22004,False
2021-02-08 00:00:00+00:00,108.93,108.98,105.81,106.84,6180423.0,106.576,36393,False
2021-02-09 00:00:00+00:00,106.0,106.5,105.11,105.4,3659454.0,105.572,20219,False
2021-02-10 00:00:00+00:00,105.98,106.13,103.72,104.05,5067705.0,104.489,25196,False
2021-02-11 00:00:00+00:00,104.57,104.68,103.32,103.75,3636550.0,103.845,18589,False
2021-02-12 00:00:00+00:00,103.76,104.57,103.15,104.44,2399861.0,103.954,14513,False
2021-02-16 00:00:00+00:00,105.33,106.19,104.02,104.2,4060821.0,104.881,21498,False
2021-02-17 00:00:00+00:00,104.76,106.75,104.15,106.29,4776537.0,106.065,27568,False
2021-02-18 00:00:00+00:00,105.32,106.61,105.21,106.06,3742702.0,106.058,21178,False
2021-02-19 00:00:00+00:00,106.23,106.7,104.91,105.01,3876694.0,105.469,20116,False
2021-02-22 00:00:00+00:00,104.66,107.68,104.23,107.06,5636806.0,106.405,30819,False
2021-02-23 00:00:00+00:00,106.97,107.6,105.96,106.27,5197541.0,106.547,29043,False
2021-02-24 00:00:00+00:00,106.0,109.44,105.6,108.69,4650320.0,108.034,29219,False
2021-02-25 00:00:00+00:00,108.48,109.3,107.06,107.33,3755283.0,107.896,24119,False
2021-02-26 00:00:00+00:00,107.68,108.58,105.36,107.74,5291951.0,107.454,33778,False
2021-03-01 00:00:00+00:00,108.53,109.21,108.07,108.41,3080850.0,108.673,18925,False
2021-03-02 00:00:00+00:00,108.85,109.38,107.81,107.85,3558908.0,108.501,18341,False
2021-03-03 00:00:00+00:00,106.86,107.14,105.46,106.71,4663951.0,106.292,25920,False
2021-03-04 00:00:00+00:00,106.5,107.75,104.95,105.65,4495414.0,106.228,25877,False
2021-03-05 00:00:00+00:00,106.01,106.99,104.07,106.7,4826125.0,105.585,29474,False
2021-03-08 00:00:00+00:00,106.85,108.16,105.8,106.11,3925479.0,107.093,22818,False
2021-03-09 00:00:00+00:00,106.48,108.69,106.44,106.79,3548944.0,107.661,23366,False
2021-03-10 00:00:00+00:00,107.39,108.36,107.05,108.0,3479049.0,107.863,21132,False
2021-03-11 00:00:00+00:00,108.13,108.63,107.34,107.87,3108314.0,108.189,19164,False
2021-03-12 00:00:00+00:00,107.8,108.58,107.37,108.22,2356990.0,108.029,15116,False
2021-03-15 00:00:00+00:00,108.67,110.36,108.36,110.26,4159755.0,109.847,25132,False
2021-03-16 00:00:00+00:00,109.95,111.08,109.9,110.84,3057635.0,110.578,19588,False
2021-03-17 00:00:00+00:00,103.48,105.09,102.8,105.04,13667427.0,104.189,74094,False
2021-03-18 00:00:00+00:00,104.0,104.99,103.42,103.77,6128721.0,104.165,35989,False
2021-03-19 00:00:00+00:00,103.93,104.43,102.92,103.42,5679860.0,103.672,28635,False
2021-03-22 00:00:00+00:00,103.5,106.4,102.88,105.9,5175652.0,105.047,28815,False
2021-03-23 00:00:00+00:00,105.37,105.94,104.51,104.84,4231145.0,105.119,25554,False
2021-03-24 00:00:00+00:00,104.82,105.33,103.05,103.06,4768206.0,103.932,29200,False
2021-03-25 00:00:00+00:00,102.9,104.15,102.05,103.88,4143981.0,103.053,27505,False
2021-03-26 00:00:00+00:00,103.95,106.12,103.84,105.98,4307789.0,105.192,28038,False
2021-03-29 00:00:00+00:00,105.76,107.0,105.49,106.73,3505469.0,106.487,23372,False
2021-03-30 00:00:00+00:00,106.86,107.03,105.87,106.79,3171053.0,106.615,19592,False
2021-03-31 00:00:00+00:00,106.88,109.18,106.8,108.22,5854032.0,108.393,36519,False
2021-04-01 00:00:00+00:00,108.92,108.99,107.32,108.52,3291736.0,108.412,19812,False
2021-04-05 00:00:00+00:00,109.08,109.08,105.4,106.14,6371926.0,106.894,36976,False
2021-04-06 00:00:00+00:00,105.85,106.28,104.88,105.38,5529617.0,105.513,29776,False
2021-04-07 00:00:00+00:00,105.53,106.13,104.17,105.21,4658521.0,104.969,25389,False
2021-04-08 00:00:00+00:00,105.4,106.92,105.35,106.1,3752566.0,106.174,19630,False
2021-04-09 00:00:00+00:00,106.39,107.72,106.05,107.54,3650654.0,107.104,22643,False
2021-04-12 00:00:00+00:00,107.82,108.57,107.36,108.25,3910786.0,108.056,22170,False
2021-04-13 00:00:00+00:00,108.03,108.36,107.03,108.22,3618419.0,107.751,20392,False
2021-04-14 00:00:00+00:00,106.22,106.67,105.58,105.9,4057760.0,105.993,22345,False
2021-04-15 00:00:00+00:00,105.99,106.95,105.62,106.89,3768652.0,106.635,23983,False
2021-04-16 00:00:00+00:00,107.49,108.55,107.14,107.91,4272211.0,107.927,23882,False
2021-04-19 00:00:00+00:00,107.97,108.66,107.12,108.61,2697114.0,108.262,16340,False
2021-04-20 00:00:00+00:00,108.12,109.56,108.05,109.03,3540534.0,108.867,20730,False
2021-04-21 00:00:00+00:00,109.79,111.44,109.35,110.8,3992475.0,110.776,23200,False
2021-04-22 00:00:00+00:00,110.83,111.09,109.61,110.05,3444139.0,110.391,18840,False
2021-04-23 00:00:00+00:00,109.71,111.77,109.55,111.38,2884917.0,111.316,18537,False
2021-04-26 00:00:00+00:00,111.56,112.04,110.85,111.39,2901431.0,111.565,19069,False
2021-04-27 00:00:00+00:00,111.25,111.85,110.58,111.44,2060131.0,111.459,13622,False
2021-04-28 00:00:00+00:00,111.68,112.57,111.32,111.93,2966303.0,111.989,18924,False
2021-04-29 00:00:00+00:00,112.38,112.61,110.33,110.89,4319804.0,111.035,28827,False
2021-04-30 00:00:00+00:00,111.47,112.31,110.11,111.5,5672410.0,111.311,35615,False
2021-05-03 00:00:00+00:00,112.4,115.1,111.59,114.68,5829330.0,113.988,30953,False
2021-05-04 00:00:00+00:00,114.62,115.94,113.05,113.9,5802490.0,114.574,33173,False
2021-05-05 00:00:00+00:00,114.31,116.28,113.95,115.78,4247224.0,115.4,25804,False
2021-05-06 00:00:00+00:00,115.0,116.16,114.16,116.08,3763529.0,115.075,23924,False
2021-05-07 00:00:00+00:00,116.38,116.93,114.96,115.75,4535094.0,115.83,26129,False
2021-05-10 00:00:00+00:00,116.38,117.2,115.96,116.22,4224465.0,116.57,27749,False
2021-05-11 00:00:00+00:00,115.48,116.57,114.38,114.89,3991493.0,115.238,24844,False
2021-05-12 00:00:00+00:00,114.85,116.0,114.44,114.96,4149403.0,115.314,26146,False
2021-05-13 00:00:00+00:00,115.55,117.2,115.01,116.6,4656886.0,116.643,26831,False
2021-05-14 00:00:00+00:00,117.36,117.59,116.38,116.43,4434772.0,117.046,22689,False
2021-05-17 00:00:00+00:00,116.77,117.71,116.56,116.89,3360356.0,117.171,20954,False
2021-05-18 00:00:00+00:00,116.11,117.9,115.32,117.21,6097034.0,116.938,33695,False
2021-05-19 00:00:00+00:00,116.46,116.5,114.38,115.85,4222198.0,115.233,25970,False
2021-05-20 00:00:00+00:00,115.34,117.34,115.12,117.11,3858342.0,116.624,22891,False
2021-05-21 00:00:00+00:00,117.52,118.28,116.06,116.12,3175907.0,116.811,20066,False
2021-05-24 00:00:00+00:00,116.59,116.81,115.59,115.91,3192035.0,116.087,19198,False
2021-05-25 00:00:00+00:00,115.97,116.0,114.19,114.56,4403703.0,114.769,26716,False
2021-05-26 00:00:00+00:00,114.53,114.74,113.76,114.7,3480480.0,114.369,23180,False
2021-05-27 00:00:00+00:00,115.12,115.2,112.03,112.32,7131606.0,113.241,43341,False
2021-05-28 00:00:00+00:00,113.33,114.48,112.86,113.2,3874526.0,113.47,24822,False
2021-06-01 00:00:00+00:00,113.7,113.99,112.04,112.21,3569392.0,112.665,21848,False
2021-06-02 00:00:00+00:00,112.41,112.66,110.85,111.4,4497275.0,111.604,27226,False
2021-06-03 00:00:00+00:00,111.01,112.41,110.65,112.21,3057727.0,111.797,19371,False
2021-06-04 00:00:00+00:00,112.4,113.11,112.16,112.36,2470489.0,112.63,15528,False
2021-06-07 00:00:00+00:00,112.71,114.11,112.33,113.01,3397973.0,113.257,19306,False
2021-06-08 00:00:00+00:00,112.91,113.09,111.82,112.34,2405146.0,112.23,15400,False
2021-06-09 00:00:00+00:00,112.88,114.42,112.73,114.0,3129702.0,113.925,18146,False
2021-06-10 00:00:00+00:00,114.36,116.99,114.15,116.24,4123854.0,116.086,25756,False
2021-06-11 00:00:00+00:00,116.24,116.36,114.87,115.42,2575339.0,115.295,15971,False
2021-06-14 00:00:00+00:00,115.07,115.44,114.18,115.4,2151345.0,114.769,12501,False
2021-06-15 00:00:00+00:00,115.36,115.94,114.52,115.83,2176099.0,115.457,14040,False
2021-06-16 00:00:00+00:00,116.22,116.53,115.17,115.53,3376817.0,115.876,21922,False
2021-06-17 00:00:00+00:00,114.98,115.89,114.03,114.9,2617152.0,114.901,16310,False
2021-06-18 00:00:00+00:00,113.64,114.2,113.05,113.12,3580657.0,113.643,17430,False
2021-06-21 00:00:00+00:00,113.69,115.25,112.77,114.73,2844522.0,114.665,17732,False
2021-06-22 00:00:00+00:00,114.49,115.29,113.88,114.7,2727990.0,114.634,17221,False
2021-06-23 00:00:00+00:00,114.55,115.03,113.96,114.0,2508130.0,114.299,15431,False
2021-06-24 00:00:00+00:00,114.42,116.19,114.26,114.74,3022952.0,114.829,17834,False
2021-06-25 00:00:00+00:00,112.9,113.59,112.14,112.98,6786519.0,112.906,34675,False
2021-06-28 00:00:00+00:00,113.26,114.11,112.84,113.0,3225471.0,113.302,19180,False
2021-06-29 00:00:00+00:00,112.65,112.75,111.61,112.3,4204976.0,112.044,26168,False
2021-06-30 00:00:00+00:00,112.21,112.92,111.63,112.64,2875431.0,112.497,17362,False
2021-07-01 00:00:00+00:00,112.95,114.55,112.89,114.26,3440987.0,113.913,21545,False
2021-07-02 00:00:00+00:00,114.52,115.49,113.89,115.17,3349796.0,114.997,20308,False
2021-07-06 00:00:00+00:00,115.23,115.9,114.77,115.73,3412685.0,115.468,21620,False
2021-07-07 00:00:00+00:00,115.91,116.97,115.31,116.75,4209881.0,116.254,23993,False
2021-07-08 00:00:00+00:00,115.76,116.81,115.68,116.35,2500219.0,116.163,15458,False
2021-07-09 00:00:00+00:00,116.4,117.33,116.11,116.58,2890329.0,116.753,18183,False
2021-07-12 00:00:00+00:00,116.8,118.35,116.62,117.63,5949720.0,117.689,24629,False
2021-07-13 00:00:00+00:00,117.59,118.09,116.69,117.91,3216896.0,117.568,18195,False
2021-07-14 00:00:00+00:00,116.87,117.55,116.39,117.36,4042865.0,116.991,21886,False
2021-07-15 00:00:00+00:00,116.81,117.49,115.75,117.18,2849746.0,116.965,16117,False
2021-07-16 00:00:00+00:00,117.82,118.33,116.92,117.5,4017422.0,117.793,22675,False
2021-07-19 00:00:00+00:00,116.61,117.0,113.74,115.42,4649381.0,114.923,26081,False
2021-07-20 00:00:00+00:00,115.55,117.74,115.46,116.05,3378766.0,116.427,20771,False
2021-07-21 00:00:00+00:00,116.64,117.07,115.79,116.99,2549988.0,116.637,16113,False
2021-07-22 00:00:00+00:00,116.64,117.92,116.39,117.54,2765664.0,117.331,17142,False
2021-07-23 00:00:00+00:00,117.98,118.67,117.57,118.19,3155046.0,118.261,19174,False
2021-07-26 00:00:00+00:00,118.13,118.47,117.26,117.79,2241453.0,117.777,13922,False
2021-07-27 00:00:00+00:00,117.79,118.3,116.76,117.96,2392514.0,117.78,15874,False
2021-07-28 00:00:00+00:00,117.63,118.93,117.3,118.55,4039507.0,118.403,16334,False
2021-07-29 00:00:00+00:00,119.03,119.13,118.14,118.87,3190438.0,118.722,20748,False
2021-07-30 00:00:00+00:00,119.0,119.15,116.12,116.3,5863776.0,117.058,34508,False
2021-08-02 00:00:00+00:00,116.89,117.24,115.41,115.45,4519354.0,116.248,28571,False
2021-08-03 00:00:00+00:00,115.67,116.27,114.88,116.25,4118625.0,115.516,24118,False
2021-08-04 00:00:00+00:00,115.78,116.52,114.91,115.08,2998337.0,115.639,19066,False
2021-08-05 00:00:00+00:00,115.13,115.56,114.45,115.12,3278735.0,115.013,18915,False
2021-08-06 00:00:00+00:00,115.26,115.55,114.43,114.45,3378539.0,114.901,19714,False
2021-08-09 00:00:00+00:00,114.58,115.19,113.74,114.06,3754525.0,114.268,21169,False
2021-08-10 00:00:00+00:00,114.2,115.03,112.92,114.82,3748471.0,114.28,22168,False
2021-08-11 00:00:00+00:00,115.16,115.34,113.54,113.72,3755878.0,114.008,21029,False
2021-08-12 00:00:00+00:00,113.96,115.73,113.91,115.64,3332910.0,114.929,18959,False
2021-08-13 00:00:00+00:00,115.82,116.76,115.7,116.48,3046359.0,116.394,17511,False
2021-08-16 00:00:00+00:00,117.0,118.62,116.71,118.41,4990757.0,118.011,27465,False
2021-08-17 00:00:00+00:00,118.08,119.69,118.0,119.66,4665955.0,118.848,26534,False
2021-08-18 00:00:00+00:00,119.17,119.92,117.18,117.29,3438882.0,118.535,18017,False
2021-08-19 00:00:00+00:00,116.21,118.96,116.21,117.93,4054313.0,117.833,24481,False
2021-08-20 00:00:00+00:00,118.1,119.47,117.65,118.82,2667712.0,118.905,15715,False
2021-08-23 00:00:00+00:00,119.8,120.45,119.22,119.36,2985621.0,119.771,17303,False
2021-08-24 00:00:00+00:00,119.59,119.72,118.42,119.68,2215993.0,119.461,10096,False
2021-08-25 00:00:00+00:00,119.86,121.4,118.87,120.4,3749040.0,120.528,20933,False
2021-08-26 00:00:00+00:00,120.86,121.25,120.15,120.4,3649248.0,120.539,14804,False
2021-08-27 00:00:00+00:00,120.34,120.64,119.42,119.58,2866978.0,120.05,17330,False
2021-08-30 00:00:00+00:00,119.84,120.9,119.54,120.57,2039963.0,120.462,12753,False
2021-08-31 00:00:00+00:00,120.83,121.17,120.02,120.78,3523956.0,120.679,22033,False
2021-09-01 00:00:00+00:00,121.0,121.53,106.1,112.27,42231357.0,111.554,202917,False
2021-09-02 00:00:00+00:00,113.55,113.74,110.82,112.02,10808950.0,112.306,55441,False
2021-09-03 00:00:00+00:00,111.18,112.07,111.02,111.62,3767466.0,111.509,21653,False
2021-09-07 00:00:00+00:00,110.45,111.57,108.32,109.03,8558335.0,109.111,46280,False
2021-09-08 00:00:00+00:00,108.09,110.9,107.72,110.36,8225442.0,109.197,42540,False
2021-09-09 00:00:00+00:00,109.44,109.74,107.2,107.27,7790679.0,108.078,39959,False
2021-09-10 00:00:00+00:00,107.42,108.32,106.36,106.68,5142230.0,106.856,25559,False
2021-09-13 00:00:00+00:00,107.39,108.77,106.8,107.48,4700084.0,107.557,26442,False
2021-09-14 00:00:00+00:00,107.99,108.07,106.25,106.48,4339700.0,106.801,23756,False
2021-09-15 00:00:00+00:00,106.59,108.8,106.03,107.77,4580692.0,108.095,27344,False
2021-09-16 00:00:00+00:00,108.24,108.75,106.53,108.08,3932803.0,107.508,22280,False
2021-09-17 00:00:00+00:00,107.5,108.25,107.1,107.73,5246963.0,107.659,23522,False
2021-09-20 00:00:00+00:00,106.1,107.49,105.56,106.4,4653712.0,106.246,26291,False
2021-09-21 00:00:00+00:00,106.25,107.41,106.2,107.15,4267195.0,107.044,23933,False
2021-09-22 00:00:00+00:00,107.01,107.58,105.93,106.41,4520325.0,106.842,23326,False
2021-09-23 00:00:00+00:00,106.99,108.27,106.65,107.36,4111089.0,107.806,22751,False
2021-09-24 00:00:00+00:00,106.87,108.05,106.44,107.07,3662162.0,107.1,22180,False
2021-09-27 00:00:00+00:00,107.13,108.64,107.02,107.72,2762493.0,107.921,16303,False
2021-09-28 00:00:00+00:00,107.62,108.62,107.04,107.34,4136966.0,107.867,25291,False
2021-09-29 00:00:00+00:00,107.85,109.58,107.47,108.84,4393305.0,108.673,23618,False
2021-09-30 00:00:00+00:00,109.2,110.42,107.8,107.87,4670767.0,109.156,26610,False
2021-10-01 00:00:00+00:00,108.25,109.69,106.87,109.09,3935708.0,108.586,25390,False
2021-10-04 00:00:00+00:00,108.84,110.2,107.69,108.73,4276892.0,108.737,22908,False
2021-10-05 00:00:00+00:00,109.39,110.58,109.1,109.51,3612755.0,109.975,22688,False
2021-10-06 00:00:00+00:00,109.3,109.67,108.15,109.32,3167582.0,109.029,19519,False
2021-10-07 00:00:00+00:00,109.78,111.79,109.56,110.87,4965433.0,111.007,26127,False
2021-10-08 00:00:00+00:00,111.05,111.75,110.64,111.18,2979512.0,111.314,17509,False
2021-10-11 00:00:00+00:00,111.14,111.4,110.28,110.34,3218478.0,110.872,17120,False
2021-10-12 00:00:00+00:00,110.12,110.26,108.16,108.57,4137049.0,108.851,20980,False
2021-10-13 00:00:00+00:00,108.59,109.04,108.0,108.53,3363035.0,108.511,17664,False
2021-10-14 00:00:00+00:00,107.96,108.98,107.8,108.91,4491614.0,108.52,21793,False
2021-10-15 00:00:00+00:00,109.15,109.97,109.08,109.33,2678532.0,109.33,12474,False
2021-10-18 00:00:00+00:00,108.99,108.99,107.09,107.43,4236130.0,107.82,22575,False
2021-10-19 00:00:00+00:00,107.75,108.07,106.86,107.45,2939955.0,107.558,16915,False
2021-10-20 00:00:00+00:00,107.5,109.11,107.5,108.41,3092074.0,108.554,17383,False
2021-10-21 00:00:00+00:00,108.41,108.95,107.15,108.76,3054855.0,108.111,18028,False
2021-10-22 00:00:00+00:00,108.67,109.21,108.31,109.14,3047198.0,108.753,18305,False
2021-10-25 00:00:00+00:00,108.9,109.14,107.75,108.5,2712966.0,108.497,15888,False
2021-10-26 00:00:00+00:00,108.81,109.58,108.2,109.49,3331738.0,109.016,17850,False
2021-10-27 00:00:00+00:00,109.58,109.72,108.17,108.4,2979663.0,108.689,14916,False
2021-10-28 00:00:00+00:00,108.39,109.9,108.2,109.67,3370012.0,109.304,20479,False
2021-10-29 00:00:00+00:00,112.25,114.92,111.42,114.67,10166922.0,114.008,56790,False
2021-11-01 00:00:00+00:00,115.25,115.72,113.57,114.81,4107011.0,114.731,25900,False
2021-11-02 00:00:00+00:00,115.25,117.69,115.16,116.53,6035664.0,116.752,36171,False
2021-11-03 00:00:00+00:00,116.53,117.61,116.24,117.57,3723463.0,117.106,20330,False
2021-11-04 00:00:00+00:00,117.57,117.72,116.33,117.06,2260278.0,116.816,14003,False
2021-11-05 00:00:00+00:00,116.73,117.32,115.5,117.18,2402550.0,116.894,15177,False
2021-11-08 00:00:00+00:00,117.01,117.45,115.78,116.06,2793910.0,116.274,16517,False
2021-11-09 00:00:00+00:00,116.24,116.59,115.41,115.61,1771362.0,115.943,11829,False
2021-11-10 00:00:00+00:00,115.4,117.1,115.39,116.75,3074476.0,116.607,17895,False
2021-11-11 00:00:00+00:00,116.94,117.49,116.29,116.63,1888359.0,116.773,12293,False
2021-11-12 00:00:00+00:00,117.4,117.4,116.43,116.97,1337620.0,116.928,7775,False
2021-11-15 00:00:00+00:00,116.95,117.8,116.22,116.84,2456645.0,117.101,13518,False
2021-11-16 00:00:00+00:00,116.61,117.47,116.34,116.42,1848446.0,116.905,11209,False
2021-11-17 00:00:00+00:00,116.6,117.62,116.31,117.35,2580960.0,117.082,14970,False
2021-11-18 00:00:00+00:00,117.52,118.37,116.64,117.07,1813848.0,117.088,10057,False
2021-11-19 00:00:00+00:00,117.63,117.8,115.86,116.24,2717860.0,116.653,14794,False
2021-11-22 00:00:00+00:00,115.95,117.34,115.01,115.65,2078344.0,116.201,11671,False
2021-11-23 00:00:00+00:00,116.56,119.33,116.15,118.88,5745307.0,118.724,32858,False
2021-11-24 00:00:00+00:00,118.68,119.24,118.08,118.66,3133045.0,118.739,18651,False
2021-11-26 00:00:00+00:00,117.61,118.11,115.83,116.51,2839496.0,116.558,16713,False
2021-11-29 00:00:00+00:00,116.83,117.92,116.58,116.89,2662985.0,117.222,15128,False
2021-11-30 00:00:00+00:00,116.68,116.79,115.1,115.28,3085832.0,115.722,18003,False
2021-12-01 00:00:00+00:00,115.78,118.98,115.61,115.91,3908863.0,117.475,23313,False
2021-12-02 00:00:00+00:00,116.25,117.6,115.6,116.87,2411805.0,116.937,14869,False
2021-12-03 00:00:00+00:00,117.59,119.0,117.0,118.85,4121647.0,118.322,24720,False
2021-12-06 00:00:00+00:00,119.63,122.45,119.21,121.35,5937601.0,121.205,32568,False
2021-12-07 00:00:00+00:00,121.81,122.14,121.0,121.51,3482388.0,121.63,20838,False
2021-12-08 00:00:00+00:00,121.96,122.44,120.75,121.87,2459525.0,121.594,14342,False
2021-12-09 00:00:00+00:00,122.21,124.46,122.1,124.15,5572306.0,123.847,27797,False
2021-12-10 00:00:00+00:00,123.72,126.01,123.71,125.47,4290193.0,125.422,23717,False
2021-12-13 00:00:00+00:00,125.2,127.74,125.2,126.51,5033438.0,126.906,27033,False
2021-12-14 00:00:00+00:00,125.7,127.85,125.38,127.29,3859346.0,126.947,21147,False
2021-12-15 00:00:00+00:00,128.25,130.78,127.6,130.23,6617761.0,129.83,37109,False
2021-12-16 00:00:00+00:00,130.1,133.28,129.9,131.78,6143721.0,132.166,34962,False
2021-12-17 00:00:00+00:00,130.84,131.02,129.37,129.53,5587239.0,130.245,26528,False
2021-12-20 00:00:00+00:00,128.51,131.39,128.23,130.86,3947088.0,130.477,21896,False
2021-12-21 00:00:00+00:00,131.23,131.35,129.14,129.95,4074053.0,129.981,23959,False
2021-12-22 00:00:00+00:00,129.91,132.58,129.78,132.05,3756595.0,131.709,21382,False
2021-12-23 00:00:00+00:00,132.33,133.77,132.17,133.09,2890814.0,133.205,17920,False
2021-12-27 00:00:00+00:00,133.19,134.48,133.16,134.41,2728009.0,134.196,13450,False
2021-12-28 00:00:00+00:00,134.55,135.26,133.74,134.39,2351245.0,134.453,11907,False
2021-12-29 00:00:00+00:00,134.61,135.87,134.08,135.36,3124189.0,135.478,17324,False
2021-12-30 00:00:00+00:00,135.75,136.83,135.63,135.93,4240803.0,136.358,22617,False
2021-12-31 00:00:00+00:00,136.04,136.21,135.3,135.4,1973105.0,135.68,11500,False
2022-01-03 00:00:00+00:00,135.41,135.7,133.51,135.42,3918343.0,134.542,22462,False
2022-01-04 00:00:00+00:00,135.33,136.22,134.38,135.16,3247826.0,135.366,17730,False
2022-01-05 00:00:00+00:00,135.0,138.15,135.0,135.87,4624291.0,136.929,24598,False
2022-01-06 00:00:00+00:00,136.4,136.66,135.16,135.23,2961137.0,135.858,17060,False
2022-01-07 00:00:00+00:00,135.25,135.84,134.13,134.88,3622750.0,135.251,20719,False
2022-01-10 00:00:00+00:00,135.08,136.9,134.57,136.39,5518284.0,136.146,30321,False
2022-01-11 00:00:00+00:00,135.85,137.09,134.8,136.97,4162351.0,136.354,22006,False
2022-01-12 00:00:00+00:00,136.52,137.39,136.03,137.29,3740331.0,136.798,21010,False
2022-01-13 00:00:00+00:00,135.0,135.12,132.9,133.52,4651468.0,133.951,27724,False
2022-01-14 00:00:00+00:00,133.26,136.05,132.29,135.87,6384492.0,134.555,36682,False
2022-01-18 00:00:00+00:00,135.51,137.98,135.28,136.78,8316860.0,136.645,40653,False
2022-01-19 00:00:00+00:00,136.41,137.5,134.84,135.21,3604567.0,136.035,22334,False
2022-01-20 00:00:00+00:00,134.5,134.8,132.75,133.03,3455413.0,133.998,19799,False
2022-01-21 00:00:00+00:00,133.06,134.25,131.67,131.98,4607920.0,132.621,27269,False
2022-01-24 00:00:00+00:00,132.82,133.25,128.26,132.16,7046224.0,130.733,41543,False
2022-01-25 00:00:00+00:00,131.49,134.32,130.79,133.09,5784496.0,132.766,37049,False
2022-01-26 00:00:00+00:00,133.29,135.48,132.83,134.23,4542119.0,134.255,29286,False
2022-01-27 00:00:00+00:00,135.5,138.3,135.36,135.97,6108773.0,137.06,35535,False
2022-01-28 00:00:00+00:00,135.99,137.98,134.6,137.92,4821122.0,136.409,28231,False
2022-01-31 00:00:00+00:00,136.82,137.17,135.62,136.89,4890229.0,136.477,29737,False
2022-02-01 00:00:00+00:00,137.37,137.84,136.04,137.0,4636366.0,136.73,30200,False
2022-02-02 00:00:00+00:00,135.41,139.41,133.05,138.62,7133720.0,137.498,41095,False
2022-02-03 00:00:00+00:00,139.5,141.71,139.04,140.73,6625224.0,140.681,35368,False
2022-02-04 00:00:00+00:00,140.15,142.8,139.23,140.65,3893243.0,140.863,23023,False
2022-02-07 00:00:00+00:00,141.17,143.02,140.33,142.53,4954480.0,142.074,27500,False
2022-02-08 00:00:00+00:00,142.03,143.6,141.25,143.51,3938500.0,142.706,22014,False
2022-02-09 00:00:00+00:00,143.97,143.98,142.84,143.2,3800966.0,143.333,20739,False
2022-02-10 00:00:00+00:00,143.15,144.42,142.31,142.71,4367467.0,142.913,24214,False
2022-02-11 00:00:00+00:00,142.86,143.61,141.54,142.01,4047197.0,142.459,24271,False
2022-02-14 00:00:00+00:00,141.78,143.19,139.44,143.0,6137442.0,141.523,34989,False
2022-02-15 00:00:00+00:00,143.35,145.46,143.2,144.76,6329414.0,144.467,33308,False
2022-02-16 00:00:00+00:00,144.74,147.22,144.16,145.87,5345663.0,146.117,31686,False
2022-02-17 00:00:00+00:00,144.8,145.47,143.58,144.97,3463285.0,144.628,20303,False
2022-02-18 00:00:00+00:00,144.69,145.73,143.37,144.03,4096188.0,144.297,23683,False
2022-02-22 00:00:00+00:00,141.25,146.35,141.25,145.56,5739524.0,144.947,34174,False
2022-02-23 00:00:00+00:00,146.22,148.35,145.36,146.76,5328430.0,146.985,33903,False
2022-02-24 00:00:00+00:00,143.61,145.7,143.47,145.27,8105841.0,144.718,48826,False
2022-02-25 00:00:00+00:00,146.13,150.36,146.05,149.54,5434292.0,148.984,32389,False
2022-02-28 00:00:00+00:00,146.65,148.08,145.76,147.77,6002553.0,146.775,38196,False
2022-03-01 00:00:00+00:00,147.67,149.5,146.21,147.69,4634904.0,147.35,28534,False
2022-03-02 00:00:00+00:00,147.7,151.26,147.22,149.57,5309853.0,149.841,33166,False
2022-03-03 00:00:00+00:00,149.81,150.79,148.84,150.41,3130912.0,150.063,17421,False
2022-03-04 00:00:00+00:00,148.6,150.68,148.1,150.56,3230726.0,149.607,18469,False
2022-03-07 00:00:00+00:00,149.0,150.75,148.19,149.45,4502157.0,149.423,25937,False
2022-03-08 00:00:00+00:00,149.0,149.89,146.36,147.15,5663370.0,147.986,33896,False
2022-03-09 00:00:00+00:00,148.26,150.11,147.76,148.84,3374636.0,148.928,21015,False
2022-03-10 00:00:00+00:00,148.07,149.75,147.7,149.17,2451952.0,149.01,14667,False
2022-03-11 00:00:00+00:00,149.34,150.4,148.98,149.06,2696725.0,149.666,16632,False
2022-03-14 00:00:00+00:00,150.73,152.97,149.02,152.1,4954181.0,151.916,29744,False
2022-03-15 00:00:00+00:00,152.26,156.43,152.16,155.88,5611777.0,154.474,33867,False
2022-03-16 00:00:00+00:00,156.5,156.82,153.52,156.05,4258120.0,154.862,24177,False
2022-03-17 00:00:00+00:00,157.17,158.61,156.21,158.59,4644626.0,157.736,27137,False
2022-03-18 00:00:00+00:00,158.0,159.44,157.14,159.2,4964714.0,158.325,22007,False
2022-03-21 00:00:00+00:00,159.95,160.95,158.99,160.05,3330627.0,159.884,18767,False
2022-03-22 00:00:00+00:00,160.05,160.3,158.02,160.01,3491827.0,159.328,17566,False
2022-03-23 00:00:00+00:00,160.01,161.18,158.36,158.42,3746570.0,159.251,20605,False
2022-03-24 00:00:00+00:00,159.22,160.73,158.85,160.28,2653642.0,159.925,15924,False
2022-03-25 00:00:00+00:00,160.55,161.98,160.23,161.33,3191666.0,161.184,18570,False
2022-03-28 00:00:00+00:00,160.61,162.03,159.53,161.97,2583813.0,161.23,15369,False
2022-03-29 00:00:00+00:00,162.99,163.28,161.29,162.18,3463117.0,161.988,19850,False
2022-03-30 00:00:00+00:00,161.72,164.35,161.72,163.75,3090576.0,163.406,18098,False
2022-03-31 00:00:00+00:00,162.93,164.66,162.09,162.11,4362131.0,163.387,24707,False
2022-04-01 00:00:00+00:00,162.15,163.07,160.1,162.68,3507607.0,161.905,19892,False
2022-04-04 00:00:00+00:00,162.5,163.84,161.46,161.89,3885931.0,162.509,22214,False
2022-04-05 00:00:00+00:00,161.89,165.96,161.84,163.43,3952643.0,164.459,22022,False
2022-04-06 00:00:00+00:00,164.49,169.27,163.8,168.91,5014322.0,167.319,30940,False
2022-04-07 00:00:00+00:00,167.67,174.59,167.54,173.28,4849491.0,172.344,26892,False
2022-04-08 00:00:00+00:00,173.0,175.91,172.5,174.96,3940618.0,174.571,22376,False
2022-04-11 00:00:00+00:00,174.9,175.04,169.32,169.83,5416528.0,171.184,29062,False
2022-04-12 00:00:00+00:00,169.31,170.56,166.21,167.31,5279206.0,168.046,31472,False
2022-04-13 00:00:00+00:00,165.0,165.0,156.44,158.95,12408794.0,159.403,64136,False
2022-04-14 00:00:00+00:00,157.85,163.87,156.82,162.31,6917016.0,161.756,36298,False
2022-04-18 00:00:00+00:00,161.96,162.79,158.75,159.36,3842688.0,159.997,21826,False
2022-04-19 00:00:00+00:00,160.4,160.5,153.71,156.35,6088089.0,156.046,35903,False
2022-04-20 00:00:00+00:00,156.36,158.1,155.52,156.7,3945433.0,156.99,24973,False
2022-04-21 00:00:00+00:00,157.0,160.38,155.35,158.52,3669099.0,158.643,22446,False
2022-04-22 00:00:00+00:00,157.28,158.32,154.34,154.99,4135386.0,155.492,20818,False
2022-04-25 00:00:00+00:00,154.84,156.64,152.84,156.3,4209611.0,154.518,25241,False
2022-04-26 00:00:00+00:00,156.69,159.69,155.82,156.18,4040787.0,157.363,23937,False
2022-04-27 00:00:00+00:00,156.56,159.5,154.56,157.62,3670243.0,157.803,22866,False
2022-04-28 00:00:00+00:00,158.36,158.44,154.33,156.31,4930002.0,155.926,30380,False
2022-04-29 00:00:00+00:00,149.56,149.86,139.93,146.88,16135085.0,143.96,89349,False
2022-05-02 00:00:00+00:00,146.65,148.9,143.44,147.87,5945451.0,146.841,40549,False
2022-05-03 00:00:00+00:00,148.05,150.74,147.95,149.6,3397264.0,149.457,21243,False
2022-05-04 00:00:00+00:00,148.18,152.37,147.59,151.59,3152526.0,150.55,19807,False
2022-05-05 00:00:00+00:00,152.77,153.32,150.04,152.18,4279853.0,151.913,26265,False
2022-05-06 00:00:00+00:00,149.68,153.52,149.01,152.83,3702518.0,151.796,25177,False
2022-05-09 00:00:00+00:00,151.62,153.54,148.93,150.96,4137675.0,151.787,27414,False
2022-05-10 00:00:00+00:00,151.27,154.53,150.51,152.09,3805368.0,152.554,24555,False
2022-05-11 00:00:00+00:00,151.02,154.76,150.94,151.96,3175773.0,152.963,21612,False
2022-05-12 00:00:00+00:00,153.38,154.35,150.15,154.29,3988016.0,152.526,23746,False
2022-05-13 00:00:00+00:00,153.42,154.39,151.89,153.5,3518501.0,153.245,20156,False
2022-05-16 00:00:00+00:00,153.93,156.89,153.27,155.47,3600940.0,155.544,19530,False
2022-05-17 00:00:00+00:00,155.38,155.79,152.85,154.78,3279190.0,154.489,21084,False
2022-05-18 00:00:00+00:00,154.79,155.7,151.75,152.43,3321185.0,153.254,20157,False
2022-05-19 00:00:00+00:00,151.2,152.4,149.28,151.72,3693715.0,150.961,21801,False
2022-05-20 00:00:00+00:00,152.33,153.52,147.81,151.01,3634484.0,149.996,23583,False
2022-05-23 00:00:00+00:00,151.65,152.0,147.19,148.03,3893039.0,149.376,24861,False
2022-05-24 00:00:00+00:00,147.03,151.35,146.61,149.11,3839484.0,148.726,24596,False
2022-05-25 00:00:00+00:00,150.36,152.99,149.79,151.96,2775849.0,151.711,18176,False
2022-05-26 00:00:00+00:00,151.63,153.07,150.39,150.57,3582340.0,151.3,19891,False
2022-05-27 00:00:00+00:00,149.52,150.05,147.75,150.0,4374975.0,148.846,25905,False
2022-05-31 00:00:00+00:00,148.64,148.88,146.66,147.37,4008389.0,147.476,25885,False
2022-06-01 00:00:00+00:00,147.79,147.89,144.32,146.02,3038214.0,145.778,18919,False
2022-06-02 00:00:00+00:00,146.65,147.07,142.9,146.75,3647773.0,145.095,21611,False
2022-06-03 00:00:00+00:00,146.75,148.21,146.75,147.17,2971299.0,147.63,16611,False
2022-06-06 00:00:00+00:00,147.0,147.82,145.66,146.53,2223738.0,146.568,14039,False
2022-06-07 00:00:00+00:00,146.92,149.35,145.86,149.14,2720207.0,148.052,15943,False
2022-06-08 00:00:00+00:00,148.9,149.85,148.24,149.25,2895638.0,149.092,17693,False
2022-06-09 00:00:00+00:00,149.72,150.52,145.3,145.43,3367638.0,148.418,18650,False
2022-06-10 00:00:00+00:00,144.34,144.64,142.15,143.2,2693062.0,143.492,16564,False
2022-06-13 00:00:00+00:00,140.8,142.07,138.78,139.42,3582811.0,140.188,21110,False
2022-06-14 00:00:00+00:00,139.44,140.66,136.31,137.62,3300541.0,137.957,19135,False
2022-06-15 00:00:00+00:00,136.57,139.09,136.23,138.09,2788774.0,137.558,17518,False
2022-06-16 00:00:00+00:00,136.54,139.29,135.76,139.15,4165068.0,137.742,26215,False
2022-06-17 00:00:00+00:00,137.6,139.53,137.18,138.28,5237572.0,138.159,24812,False
2022-06-21 00:00:00+00:00,139.95,143.97,139.7,143.47,3734355.0,143.004,23494,False
2022-06-22 00:00:00+00:00,143.72,150.1,143.61,147.56,5171686.0,147.74,28955,False
2022-06-23 00:00:00+00:00,148.72,150.8,147.54,149.45,5292009.0,148.867,30755,False
2022-06-24 00:00:00+00:00,150.89,152.74,149.62,152.34,4090509.0,151.95,22959,False
2022-06-27 00:00:00+00:00,153.0,155.45,152.75,153.14,3305969.0,154.029,20343,False
2022-06-28 00:00:00+00:00,153.17,155.12,151.39,152.49,3427296.0,153.206,21066,False
2022-06-29 00:00:00+00:00,153.9,156.62,153.35,154.14,3370352.0,154.964,21043,False
2022-06-30 00:00:00+00:00,153.17,154.04,150.87,153.16,3923142.0,152.789,24810,False
2022-07-01 00:00:00+00:00,153.08,153.86,151.45,153.8,2706280.0,152.686,18052,False
2022-07-05 00:00:00+00:00,151.9,154.05,149.66,153.93,2885998.0,152.043,17053,False
2022-07-06 00:00:00+00:00,154.61,154.99,151.68,152.53,2659258.0,153.073,16824,False
2022-07-07 00:00:00+00:00,150.2,152.58,150.01,152.0,4297894.0,151.688,24132,False
2022-07-08 00:00:00+00:00,152.0,155.25,151.79,152.85,2380672.0,153.451,14780,False
2022-07-11 00:00:00+00:00,152.28,154.5,152.28,153.23,1696159.0,153.674,10961,False
2022-07-12 00:00:00+00:00,153.0,154.57,152.06,152.46,2832294.0,152.83,14402,False
2022-07-13 00:00:00+00:00,152.0,153.83,151.3,152.15,3373175.0,152.652,19100,False
2022-07-14 00:00:00+00:00,148.89,151.01,148.49,150.44,4167558.0,149.888,22834,False
2022-07-15 00:00:00+00:00,151.84,153.87,151.42,153.62,2926292.0,152.858,15922,False
2022-07-18 00:00:00+00:00,153.8,154.48,148.89,149.57,4037319.0,151.08,25044,False
2022-07-19 00:00:00+00:00,150.0,150.23,148.8,149.74,3284607.0,149.603,20048,False
2022-07-20 00:00:00+00:00,149.53,150.45,147.33,147.69,2594470.0,148.766,16022,False
2022-07-21 00:00:00+00:00,147.24,147.84,146.02,147.75,2202174.0,147.167,13768,False
2022-07-22 00:00:00+00:00,148.47,149.29,147.58,148.47,1951969.0,148.49,13738,False
2022-07-25 00:00:00+00:00,148.54,150.94,148.51,150.22,2503902.0,150.022,13331,False
2022-07-26 00:00:00+00:00,151.15,153.57,150.33,150.87,2942762.0,151.663,18237,False
2022-07-27 00:00:00+00:00,149.5,151.5,148.93,151.15,2293016.0,149.953,15179,False
2022-07-28 00:00:00+00:00,151.44,152.41,146.62,149.75,4020715.0,149.652,26132,False
2022-07-29 00:00:00+00:00,145.44,146.3,139.05,143.51,11857240.0,141.826,54888,False
2022-08-01 00:00:00+00:00,141.51,142.84,139.15,140.22,5733542.0,140.642,30116,False
2022-08-02 00:00:00+00:00,141.18,142.84,140.1,140.39,3271233.0,141.41,19375,False
2022-08-03 00:00:00+00:00,141.72,143.02,140.64,141.2,3074141.0,141.862,17606,False
2022-08-04 00:00:00+00:00,142.09,142.58,138.69,138.92,4306315.0,139.754,24012,False
2022-08-05 00:00:00+00:00,139.05,139.91,137.95,138.04,3175878.0,138.755,20589,False
2022-08-08 00:00:00+00:00,138.04,140.8,137.77,140.34,2951845.0,139.43,18016,False
2022-08-09 00:00:00+00:00,140.68,142.24,139.87,140.25,2208170.0,140.575,13596,False
2022-08-10 00:00:00+00:00,140.63,141.06,139.0,140.94,2283966.0,140.105,13694,False
2022-08-11 00:00:00+00:00,140.23,142.87,139.66,142.08,3515023.0,141.842,21761,False
2022-08-12 00:00:00+00:00,141.89,143.02,140.27,142.6,2519951.0,141.985,14437,False
2022-08-15 00:00:00+00:00,143.11,143.28,140.42,142.29,2852789.0,141.925,16824,False
2022-08-16 00:00:00+00:00,142.11,143.98,142.08,142.55,2258835.0,142.866,14748,False
2022-08-17 00:00:00+00:00,141.42,142.77,140.55,141.44,2031582.0,141.754,13112,False
2022-08-18 00:00:00+00:00,141.49,141.58,139.82,141.29,1823119.0,140.893,10861,False
2022-08-19 00:00:00+00:00,141.78,143.36,141.45,141.85,2541485.0,142.201,14065,False
2022-08-22 00:00:00+00:00,141.97,142.66,139.96,140.34,1955122.0,140.781,10889,False
2022-08-23 00:00:00+00:00,139.65,140.85,138.45,139.02,2196682.0,138.973,12531,False
2022-08-24 00:00:00+00:00,139.05,139.46,137.7,137.91,2501915.0,138.421,14533,False
2022-08-25 00:00:00+00:00,138.77,139.57,137.67,139.33,1980153.0,138.796,11199,False
2022-08-26 00:00:00+00:00,138.89,139.85,136.25,136.35,2204379.0,137.605,13196,False
2022-08-29 00:00:00+00:00,136.2,136.73,134.76,135.71,2240634.0,135.877,11826,False
2022-08-30 00:00:00+00:00,135.14,136.49,134.89,135.55,2821798.0,135.782,17104,False
2022-08-31 00:00:00+00:00,135.69,136.05,134.17,134.46,2758313.0,134.892,17560,False
2022-09-01 00:00:00+00:00,134.64,138.59,134.1,138.45,2555730.0,137.409,13459,False
2022-09-02 00:00:00+00:00,138.66,139.4,135.81,136.28,1921925.0,137.677,11555,False
2022-09-06 00:00:00+00:00,137.3,139.35,136.24,137.59,2890360.0,138.049,16617,False
2022-09-07 00:00:00+00:00,137.55,139.04,135.34,138.71,2387773.0,137.825,14667,False
2022-09-08 00:00:00+00:00,139.64,140.57,138.65,140.52,2137955.0,139.848,12818,False
2022-09-09 00:00:00+00:00,140.4,142.16,140.1,141.42,2395238.0,141.646,14872,False
2022-09-12 00:00:00+00:00,141.01,142.87,140.32,142.24,2794247.0,141.95,16799,False
2022-09-13 00:00:00+00:00,140.55,141.93,137.49,138.53,3563754.0,140.1,21659,False
2022-09-14 00:00:00+00:00,139.17,140.44,138.27,139.55,2560876.0,139.307,14828,False
2022-09-15 00:00:00+00:00,139.99,143.9,139.39,142.51,3611372.0,142.192,21181,False
2022-09-16 00:00:00+00:00,143.4,144.85,141.36,144.06,6448140.0,143.324,32008,False
2022-09-19 00:00:00+00:00,143.64,143.86,141.43,142.66,2885177.0,142.323,16268,False
2022-09-20 00:00:00+00:00,141.82,142.49,140.37,141.77,2452474.0,141.473,13350,False
2022-09-21 00:00:00+00:00,142.15,143.63,140.29,140.31,3053560.0,142.271,15900,False
2022-09-22 00:00:00+00:00,140.21,144.46,140.0,143.01,3796551.0,143.146,20504,False
2022-09-23 00:00:00+00:00,142.07,143.4,140.95,143.06,3116917.0,142.197,18044,False
2022-09-26 00:00:00+00:00,142.08,142.8,140.11,141.21,3429180.0,141.353,19609,False
2022-09-27 00:00:00+00:00,142.59,145.54,141.29,141.72,3496464.0,143.039,20720,False
2022-09-28 00:00:00+00:00,144.49,145.32,142.62,144.6,2781550.0,144.196,16510,False
2022-09-29 00:00:00+00:00,144.85,145.25,141.83,142.72,2564226.0,142.933,13282,False
2022-09-30 00:00:00+00:00,142.2,142.33,134.09,134.21,9871753.0,136.38,56828,False
2022-10-03 00:00:00+00:00,135.88,138.8,135.3,138.32,3832644.0,137.789,24881,False
2022-10-04 00:00:00+00:00,139.21,142.72,137.75,141.99,3754169.0,141.476,21685,False
2022-10-05 00:00:00+00:00,141.47,144.47,141.11,143.33,3103289.0,143.067,17139,False
2022-10-06 00:00:00+00:00,142.79,142.99,139.9,140.29,2334361.0,140.895,14284,False
2022-10-07 00:00:00+00:00,139.01,140.05,137.55,138.76,2585178.0,138.767,15892,False
2022-10-10 00:00:00+00:00,139.03,139.59,136.87,138.31,2455951.0,137.908,14706,False
2022-10-11 00:00:00+00:00,138.17,143.68,138.02,141.51,3745916.0,141.62,21732,False
2022-10-12 00:00:00+00:00,141.64,143.06,139.93,139.98,2543711.0,141.223,15161,False
2022-10-13 00:00:00+00:00,136.7,143.18,136.27,142.92,3007204.0,141.142,19413,False
2022-10-14 00:00:00+00:00,142.6,144.48,142.21,142.94,2232021.0,143.139,14772,False
2022-10-17 00:00:00+00:00,142.65,144.93,142.1,144.41,2233843.0,144.067,13580,False
2022-10-18 00:00:00+00:00,145.23,145.87,143.53,144.6,1944792.0,144.43,11851,False
2022-10-19 00:00:00+00:00,144.8,145.45,142.31,143.13,1664062.0,143.539,10444,False
2022-10-20 00:00:00+00:00,143.16,144.04,142.43,142.93,1820414.0,143.248,11502,False
2022-10-21 00:00:00+00:00,143.34,147.76,142.42,147.06,3155031.0,145.878,17835,False
2022-10-24 00:00:00+00:00,148.71,151.53,148.7,150.89,2861635.0,150.609,17504,False
2022-10-25 00:00:00+00:00,148.03,150.6,147.28,149.82,3029235.0,149.808,18951,False
2022-10-26 00:00:00+00:00,151.01,152.89,150.7,152.51,2495862.0,152.154,17051,False
2022-10-27 00:00:00+00:00,153.76,153.99,152.06,153.5,3159041.0,153.235,21196,False
2022-10-28 00:00:00+00:00,145.93,148.98,142.34,147.61,6830263.0,146.312,43368,False
2022-10-31 00:00:00+00:00,145.17,146.78,144.08,146.4,4340420.0,145.614,27988,False
2022-11-01 00:00:00+00:00,146.66,147.7,144.55,146.91,3783648.0,146.483,24679,False
2022-11-02 00:00:00+00:00,147.03,148.08,144.48,144.52,2868475.0,146.127,19553,False
2022-11-03 00:00:00+00:00,144.0,145.42,143.03,144.42,2146957.0,144.497,13717,False
2022-11-04 00:00:00+00:00,145.35,145.58,143.08,145.28,2771722.0,144.389,16324,False
2022-11-07 00:00:00+00:00,145.28,148.8,144.7,148.1,2510103.0,147.426,15488,False
2022-11-08 00:00:00+00:00,148.83,151.63,147.96,148.53,2832572.0,149.781,17287,False
2022-11-09 00:00:00+00:00,148.59,150.57,147.04,147.62,2600029.0,148.903,15027,False
2022-11-10 00:00:00+00:00,150.66,150.66,147.75,149.72,3084316.0,149.408,19616,False
2022-11-11 00:00:00+00:00,149.54,150.52,145.74,150.16,3718901.0,148.24,24101,False
2022-11-14 00:00:00+00:00,150.98,154.54,150.98,151.74,3634002.0,153.139,23783,False
2022-11-15 00:00:00+00:00,153.39,153.42,149.96,153.04,3290485.0,152.271,21797,False
2022-11-16 00:00:00+00:00,153.44,156.69,151.23,151.87,3917346.0,154.0,25941,False
2022-11-17 00:00:00+00:00,150.97,153.08,149.97,152.16,2800088.0,151.785,17887,False
2022-11-18 00:00:00+00:00,153.67,155.64,153.67,154.98,3331863.0,154.773,20141,False
2022-11-21 00:00:00+00:00,155.4,158.63,154.43,157.11,3206378.0,156.907,22633,False
2022-11-22 00:00:00+00:00,157.69,159.88,157.56,159.79,2972828.0,158.905,18863,False
2022-11-23 00:00:00+00:00,159.95,160.94,158.82,159.39,1576687.0,159.511,9923,False
2022-11-25 00:00:00+00:00,159.57,160.75,159.24,159.62,822621.0,159.982,5315,False
2022-11-28 00:00:00+00:00,160.0,160.73,157.83,158.43,1897851.0,159.096,12263,False
2022-11-29 00:00:00+00:00,158.31,159.43,157.21,158.2,1737559.0,157.998,10648,False
2022-11-30 00:00:00+00:00,158.79,161.18,156.46,161.18,3290556.0,159.238,22693,False
2022-12-01 00:00:00+00:00,161.0,163.2,159.98,161.63,2864236.0,161.428,18697,False
2022-12-02 00:00:00+00:00,160.72,163.76,160.51,163.66,2164109.0,162.367,14060,False
2022-12-05 00:00:00+00:00,162.89,165.19,162.89,163.94,2672078.0,164.018,17969,False
2022-12-06 00:00:00+00:00,164.03,164.39,161.55,163.72,2640428.0,163.006,17608,False
2022-12-07 00:00:00+00:00,163.69,165.53,163.26,165.4,2399940.0,164.635,14678,False
2022-12-08 00:00:00+00:00,165.4,166.23,164.28,165.99,2050377.0,165.291,12362,False
2022-12-09 00:00:00+00:00,166.76,167.75,162.81,163.06,2376148.0,165.253,14001,False
2022-12-12 00:00:00+00:00,163.21,165.49,162.75,165.32,1907207.0,164.27,13011,False
2022-12-13 00:00:00+00:00,166.95,167.5,164.67,164.79,2332442.0,165.556,16406,False
2022-12-14 00:00:00+00:00,164.6,165.98,162.83,164.86,2019359.0,164.982,14141,False
2022-12-15 00:00:00+00:00,163.89,164.61,161.95,163.1,2305495.0,162.951,15791,False
2022-12-16 00:00:00+00:00,162.05,163.32,160.48,160.48,4385550.0,161.752,21324,False
2022-12-19 00:00:00+00:00,160.78,162.23,160.06,161.49,1948126.0,160.931,11917,False
2022-12-20 00:00:00+00:00,161.61,161.85,160.07,160.58,1886042.0,160.744,12128,False
2022-12-21 00:00:00+00:00,161.45,162.73,160.36,162.21,1678761.0,161.932,10506,False
2022-12-22 00:00:00+00:00,161.87,163.39,161.53,163.27,1829050.0,162.361,11238,False
2022-12-23 00:00:00+00:00,163.39,163.82,162.33,163.1,1408799.0,163.1,9036,False
2022-12-27 00:00:00+00:00,163.49,163.81,161.77,162.99,1380183.0,162.753,8666,False
2022-12-28 00:00:00+00:00,163.7,164.69,162.11,162.23,1656410.0,163.068,8954,False
2022-12-29 00:00:00+00:00,162.96,163.88,162.19,162.56,1333225.0,162.868,8060,False
2022-12-30 00:00:00+00:00,162.23,162.85,159.82,161.61,1831183.0,161.01,10692,False
2023-01-03 00:00:00+00:00,162.04,163.02,160.81,162.38,2544057.0,161.928,12995,False
2023-01-04 00:00:00+00:00,162.4,164.28,161.51,163.69,2237785.0,163.228,15778,False
2023-01-05 00:00:00+00:00,163.09,164.49,162.34,163.49,1969462.0,163.746,12320,False
2023-01-06 00:00:00+00:00,164.84,168.11,164.12,166.55,2677254.0,166.404,17537,False
2023-01-09 00:00:00+00:00,165.9,166.28,160.88,161.66,3465345.0,162.948,19681,False
2023-01-10 00:00:00+00:00,162.23,162.42,158.3,159.64,3567239.0,159.75,21689,False
2023-01-11 00:00:00+00:00,159.22,159.34,155.06,157.17,4419978.0,156.503,26712,False
2023-01-12 00:00:00+00:00,155.0,155.26,151.72,152.22,4545946.0,152.866,28277,False
2023-01-13 00:00:00+00:00,152.09,153.81,151.34,153.6,3374389.0,152.879,19036,False
2023-01-17 00:00:00+00:00,153.8,155.1,152.58,152.83,3213753.0,153.843,18675,False
2023-01-18 00:00:00+00:00,152.12,152.42,149.07,149.2,3323815.0,150.248,21633,False
2023-01-19 00:00:00+00:00,148.95,150.54,147.33,148.71,3228370.0,149.362,20900,False
2023-01-20 00:00:00+00:00,149.43,149.71,147.15,149.59,4338034.0,148.408,20858,False
2023-01-23 00:00:00+00:00,149.86,150.43,148.05,148.55,3672644.0,148.916,21746,False
2023-01-24 00:00:00+00:00,148.08,148.87,146.44,147.69,3146450.0,147.478,18294,False
2023-01-25 00:00:00+00:00,147.38,147.98,146.5,147.79,3302549.0,147.183,18342,False
2023-01-26 00:00:00+00:00,147.92,148.7,147.11,147.4,2797981.0,147.702,16865,False
2023-01-27 00:00:00+00:00,147.31,147.68,146.01,146.28,2790885.0,146.652,16583,False
2023-01-30 00:00:00+00:00,145.87,147.12,145.26,145.65,2600766.0,145.992,15537,False
2023-01-31 00:00:00+00:00,145.63,147.85,144.41,147.75,2733248.0,146.147,16757,False
2023-02-01 00:00:00+00:00,146.63,147.44,145.25,146.6,2534395.0,146.314,16053,False
2023-02-02 00:00:00+00:00,145.93,145.93,143.44,144.84,3578580.0,144.597,21655,False
2023-02-03 00:00:00+00:00,145.8,146.8,144.7,145.2,3656225.0,145.581,18470,False
2023-02-06 00:00:00+00:00,145.74,146.33,144.8,145.02,2601052.0,145.598,16890,False
2023-02-07 00:00:00+00:00,144.58,145.47,143.66,145.14,3426571.0,144.472,19111,False
2023-02-08 00:00:00+00:00,145.41,146.35,144.47,144.61,3355941.0,145.363,22307,False
2023-02-09 00:00:00+00:00,148.5,153.7,147.9,148.7,7491719.0,150.151,46844,False
2023-02-10 00:00:00+00:00,149.69,153.18,148.77,152.05,5689685.0,151.884,35079,False
2023-02-13 00:00:00+00:00,152.02,153.78,151.26,153.73,2698598.0,152.844,18456,False
2023-02-14 00:00:00+00:00,153.92,154.0,151.76,152.59,2434038.0,152.709,15219,False
2023-02-15 00:00:00+00:00,152.62,153.49,150.83,151.06,3461223.0,151.953,20793,False
2023-02-16 00:00:00+00:00,149.11,150.5,148.73,149.53,2134888.0,149.703,14403,False
2023-02-17 00:00:00+00:00,149.15,151.39,148.61,151.31,2191724.0,150.54,13834,False
2023-02-21 00:00:00+00:00,149.82,153.02,149.82,152.0,4291689.0,151.801,27742,False
2023-02-22 00:00:00+00:00,151.0,152.15,150.24,150.67,3651120.0,151.116,26959,False
2023-02-23 00:00:00+00:00,150.9,153.57,149.17,152.07,3818939.0,152.109,25307,False
2023-02-24 00:00:00+00:00,151.3,152.98,150.9,152.71,3243924.0,152.112,23211,False
2023-02-27 00:00:00+00:00,153.26,154.75,153.1,154.28,4056987.0,154.188,30325,False
2023-02-28 00:00:00+00:00,153.96,154.37,152.62,153.9,3815653.0,153.682,27702,False
2023-03-01 00:00:00+00:00,152.76,155.58,152.37,155.27,3493857.0,154.384,25452,False
2023-03-02 00:00:00+00:00,155.23,155.77,154.21,154.38,2625012.0,154.969,18696,False
2023-03-03 00:00:00+00:00,154.33,156.17,154.0,156.06,2931537.0,155.418,19774,False
2023-03-06 00:00:00+00:00,155.79,156.46,154.54,155.28,2016909.0,155.257,13735,False
2023-03-07 00:00:00+00:00,155.57,155.67,152.05,152.93,2268623.0,153.067,14478,False
2023-03-08 00:00:00+00:00,152.79,153.74,148.54,149.6,3545772.0,149.959,22089,False
2023-03-09 00:00:00+00:00,150.07,150.91,146.57,147.35,3005376.0,148.524,20249,False
2023-03-10 00:00:00+00:00,147.84,150.64,147.47,149.71,3839272.0,149.38,26102,False
2023-03-13 00:00:00+00:00,149.0,153.32,149.0,151.95,4204112.0,152.278,30852,False
2023-03-14 00:00:00+00:00,151.95,153.99,151.46,153.85,3274055.0,152.569,22581,False
2023-03-15 00:00:00+00:00,152.18,154.38,151.72,154.06,3476149.0,153.25,25336,False
2023-03-16 00:00:00+00:00,153.2,155.92,152.51,155.3,3591116.0,154.804,26080,False
2023-03-17 00:00:00+00:00,155.78,156.07,151.88,154.22,8073357.0,154.355,45297,False
2023-03-20 00:00:00+00:00,154.52,156.34,154.46,156.12,2162181.0,155.707,14199,False
2023-03-21 00:00:00+00:00,156.64,157.05,155.1,156.77,2226265.0,156.209,13807,False
2023-03-22 00:00:00+00:00,155.68,156.88,153.61,153.67,2614390.0,155.237,19190,False
2023-03-23 00:00:00+00:00,154.1,156.5,154.02,155.3,2274138.0,155.431,16151,False
2023-03-24 00:00:00+00:00,155.28,158.48,154.59,158.02,2493073.0,157.1,17047,False
2023-03-27 00:00:00+00:00,158.83,159.14,157.37,157.54,1652958.0,158.176,11520,False
2023-03-28 00:00:00+00:00,157.8,158.6,157.45,158.25,1963084.0,158.202,13243,False
2023-03-29 00:00:00+00:00,158.98,159.7,156.36,158.0,2266501.0,157.629,16260,False
2023-03-30 00:00:00+00:00,158.01,158.53,157.42,157.92,1743692.0,157.882,12191,False
2023-03-31 00:00:00+00:00,158.43,159.57,157.73,159.37,2225043.0,158.555,15142,False
2023-04-03 00:00:00+00:00,158.25,160.47,157.79,160.42,2428905.0,159.79,16352,False
2023-04-04 00:00:00+00:00,160.51,161.73,159.53,159.78,2205925.0,160.175,14675,False
2023-04-05 00:00:00+00:00,160.0,161.67,159.01,160.8,2504714.0,160.976,15650,False
2023-04-06 00:00:00+00:00,160.8,162.19,160.62,161.55,2387262.0,161.365,15392,False
2023-04-10 00:00:00+00:00,161.71,162.06,160.21,161.28,1557932.0,160.751,9441,False
2023-04-11 00:00:00+00:00,161.49,162.59,161.19,161.38,1479787.0,161.934,8818,False
2023-04-12 00:00:00+00:00,162.12,163.48,161.6,162.36,2161009.0,162.58,13873,False
2023-04-13 00:00:00+00:00,161.0,162.87,160.55,162.69,1852160.0,162.148,12627,False
2023-04-14 00:00:00+00:00,162.64,163.0,160.93,161.59,1692015.0,161.68,10860,False
2023-04-17 00:00:00+00:00,161.92,162.2,160.64,161.18,1558460.0,161.183,9789,False
2023-04-18 00:00:00+00:00,161.0,161.23,158.41,159.59,2344666.0,159.84,16601,False
2023-04-19 00:00:00+00:00,158.67,161.44,158.52,161.21,2134819.0,160.609,13780,False
2023-04-20 00:00:00+00:00,161.18,161.77,160.58,161.74,1657570.0,161.314,11151,False
2023-04-21 00:00:00+00:00,162.59,163.19,162.02,162.41,2359714.0,162.483,14679,False
2023-04-24 00:00:00+00:00,162.57,164.36,162.33,164.08,2296880.0,163.847,15470,False
2023-04-25 00:00:00+00:00,164.81,166.2,164.49,164.9,2727851.0,165.008,16322,False
2023-04-26 00:00:00+00:00,162.68,163.26,160.5,161.8,2671208.0,161.733,19340,False
2023-04-27 00:00:00+00:00,153.87,153.87,147.16,148.87,10568552.0,149.402,64785,False
2023-04-28 00:00:00+00:00,147.97,151.39,147.44,151.12,3360003.0,150.265,21734,False
2023-05-01 00:00:00+00:00,150.84,154.71,150.81,153.71,2818281.0,153.566,17952,False
2023-05-02 00:00:00+00:00,153.55,155.02,151.2,151.62,2880565.0,152.188,19771,False
2023-05-03 00:00:00+00:00,151.07,151.51,148.45,149.25,3389601.0,149.818,23449,False
2023-05-04 00:00:00+00:00,149.0,149.0,146.35,147.36,3209893.0,147.313,21543,False
2023-05-05 00:00:00+00:00,148.54,149.38,147.14,148.03,2475674.0,148.269,16960,False
2023-05-08 00:00:00+00:00,148.15,148.2,146.74,147.45,1862193.0,147.36,12128,False
2023-05-09 00:00:00+00:00,147.41,148.46,146.27,146.83,2323250.0,147.333,13449,False
2023-05-10 00:00:00+00:00,146.52,146.99,145.15,146.42,1997543.0,146.043,13274,False
2023-05-11 00:00:00+00:00,147.29,147.57,145.19,146.59,2405592.0,146.031,15864,False
2023-05-12 00:00:00+00:00,146.79,147.6,146.07,147.15,1851790.0,146.81,11552,False
2023-05-15 00:00:00+00:00,147.67,148.9,145.66,146.59,2362696.0,146.723,13957,False
2023-05-16 00:00:00+00:00,145.86,146.94,143.23,143.29,2670397.0,144.403,16936,False
2023-05-17 00:00:00+00:00,143.02,143.52,140.52,143.35,2976384.0,142.296,19059,False
2023-05-18 00:00:00+00:00,142.61,143.56,141.97,143.44,2320315.0,142.733,14804,False
2023-05-19 00:00:00+00:00,143.86,145.8,143.8,145.11,2817099.0,145.085,17369,False
2023-05-22 00:00:00+00:00,145.47,146.66,143.78,144.9,2176440.0,144.86,12746,False
2023-05-23 00:00:00+00:00,144.45,144.82,142.34,142.52,2611188.0,143.15,16932,False
2023-05-24 00:00:00+00:00,142.59,142.94,140.94,141.15,1905091.0,141.759,12803,False
2023-05-25 00:00:00+00:00,140.16,140.2,138.26,138.62,3793597.0,139.003,24538,False
2023-05-26 00:00:00+00:00,138.72,139.85,137.1,137.56,3728883.0,137.967,22963,False
2023-05-30 00:00:00+00:00,135.49,136.84,135.25,136.44,3833802.0,136.142,23702,False
2023-05-31 00:00:00+00:00,136.62,138.71,135.76,137.96,3451108.0,137.71,21704,False
2023-06-01 00:00:00+00:00,135.11,135.3,131.1,133.44,7469111.0,133.072,43859,False
2023-06-02 00:00:00+00:00,133.71,136.97,133.5,136.87,3676674.0,135.505,24621,False
2023-06-05 00:00:00+00:00,137.0,138.31,136.29,136.86,2444867.0,137.144,15693,False
2023-06-06 00:00:00+00:00,137.47,137.54,134.63,135.43,2424943.0,135.548,15477,False
2023-06-07 00:00:00+00:00,134.9,137.06,134.26,136.5,2345176.0,136.257,14124,False
2023-06-08 00:00:00+00:00,137.0,137.89,136.0,137.64,2781500.0,137.255,15806,False
2023-06-09 00:00:00+00:00,137.56,139.19,137.08,138.18,2509839.0,138.28,15177,False
2023-06-12 00:00:00+00:00,139.58,139.67,136.9,137.73,2361380.0,137.744,14474,False
2023-06-13 00:00:00+00:00,137.51,138.47,137.2,138.31,1976437.0,137.911,12371,False
2023-06-14 00:00:00+00:00,138.81,139.27,136.08,136.23,3613378.0,136.913,25326,False
2023-06-15 00:00:00+00:00,136.75,136.84,135.46,135.89,3188618.0,136.048,19501,False
2023-06-16 00:00:00+00:00,136.7,138.92,136.48,138.64,5562234.0,137.781,26402,False
2023-06-20 00:00:00+00:00,137.1,138.95,136.66,137.82,2181205.0,138.099,14258,False
2023-06-21 00:00:00+00:00,136.75,137.43,134.68,136.86,3348998.0,136.351,21180,False
2023-06-22 00:00:00+00:00,136.95,137.9,135.89,137.41,2536413.0,137.046,17225,False
2023-06-23 00:00:00+00:00,137.3,138.69,135.67,135.92,3583429.0,136.837,22583,False
2023-06-26 00:00:00+00:00,136.15,136.15,133.69,134.95,3851595.0,134.963,22325,False
2023-06-27 00:00:00+00:00,134.88,134.88,132.52,132.6,4824820.0,133.079,28508,False
2023-06-28 00:00:00+00:00,132.6,133.17,130.96,132.51,4240783.0,132.236,25804,False
2023-06-29 00:00:00+00:00,132.37,133.91,132.13,133.23,3002162.0,133.161,20335,False
2023-06-30 00:00:00+00:00,133.47,135.93,132.8,134.73,4779631.0,134.534,30712,False
2023-07-03 00:00:00+00:00,134.0,135.43,133.15,135.01,1469079.0,134.614,9473,False
2023-07-05 00:00:00+00:00,135.18,137.88,134.64,137.62,3511521.0,137.066,23130,False
2023-07-06 00:00:00+00:00,137.48,138.28,136.44,137.25,2654371.0,137.511,17285,False
2023-07-07 00:00:00+00:00,137.15,137.65,135.34,135.5,3034983.0,136.118,18942,False
2023-07-10 00:00:00+00:00,135.41,136.09,134.06,134.49,2724367.0,134.763,16620,False
2023-07-11 00:00:00+00:00,134.0,135.76,133.68,135.57,3038489.0,134.921,17014,False
2023-07-12 00:00:00+00:00,135.82,136.6,134.79,134.98,2464944.0,135.5,14755,False
2023-07-13 00:00:00+00:00,132.93,134.1,132.7,133.59,2623642.0,133.492,15314,False
2023-07-14 00:00:00+00:00,134.73,136.62,134.12,136.01,3129415.0,135.781,16759,False
2023-07-17 00:00:00+00:00,135.82,136.23,134.56,134.83,2332819.0,135.062,12963,False
2023-07-18 00:00:00+00:00,134.8,137.9,134.71,136.58,2544249.0,136.743,16770,False
2023-07-19 00:00:00+00:00,137.24,138.06,136.95,137.68,2403187.0,137.565,15355,False
2023-07-20 00:00:00+00:00,138.84,142.72,138.55,142.19,4020280.0,141.607,26559,False
2023-07-21 00:00:00+00:00,142.2,144.18,141.94,143.74,2932967.0,143.524,18541,False
2023-07-24 00:00:00+00:00,143.1,144.43,142.83,143.18,2523951.0,143.516,15294,False
2023-07-25 00:00:00+00:00,142.4,142.93,141.32,141.63,1960319.0,141.924,13374,False
2023-07-26 00:00:00+00:00,141.43,142.28,140.52,141.9,2764237.0,141.663,17975,False
2023-07-27 00:00:00+00:00,144.48,151.37,144.48,148.85,7915696.0,149.152,47184,False
2023-07-28 00:00:00+00:00,149.92,151.76,148.55,150.85,4305567.0,150.867,28022,False
2023-07-31 00:00:00+00:00,150.43,150.5,147.62,149.58,3278159.0,149.02,21201,False
2023-08-01 00:00:00+00:00,150.0,150.87,147.84,148.54,1985556.0,148.72,14033,False
2023-08-02 00:00:00+00:00,148.11,150.57,148.11,149.38,2841814.0,149.379,17582,False
2023-08-03 00:00:00+00:00,148.96,149.36,148.18,149.05,2101813.0,148.892,13093,False
2023-08-04 00:00:00+00:00,148.97,150.57,147.16,147.73,2238749.0,148.577,14953,False
2023-08-07 00:00:00+00:00,148.0,150.88,147.8,150.33,1956947.0,150.012,13751,False
2023-08-08 00:00:00+00:00,150.78,151.75,148.92,149.62,1972553.0,149.78,14051,False
2023-08-09 00:00:00+00:00,150.49,152.06,149.91,150.77,2077773.0,151.232,13574,False
2023-08-10 00:00:00+00:00,151.2,152.84,150.57,151.44,1411925.0,151.783,9965,False
2023-08-11 00:00:00+00:00,151.95,153.5,151.72,152.18,1637659.0,152.459,11952,False
2023-08-14 00:00:00+00:00,153.02,153.14,151.57,152.27,1276811.0,152.321,8409,False
2023-08-15 00:00:00+00:00,151.57,152.9,150.79,152.12,1947602.0,152.044,11841,False
2023-08-16 00:00:00+00:00,152.59,153.6,151.38,151.55,1832587.0,152.5,11592,False
2023-08-17 00:00:00+00:00,151.16,151.91,149.92,150.02,2807719.0,150.802,17750,False
2023-08-18 00:00:00+00:00,150.29,150.93,149.23,150.14,2198190.0,150.055,13572,False
2023-08-21 00:00:00+00:00,149.71,150.35,148.88,150.16,1867625.0,149.733,12847,False
2023-08-22 00:00:00+00:00,150.0,150.0,147.97,148.24,1650007.0,148.933,10622,False
2023-08-23 00:00:00+00:00,148.67,149.0,145.94,147.08,2947191.0,147.012,21553,False
2023-08-24 00:00:00+00:00,146.92,147.82,146.35,146.63,1797468.0,146.836,12691,False
2023-08-25 00:00:00+00:00,147.02,147.67,146.2,146.69,1685926.0,146.94,12691,False
2023-08-28 00:00:00+00:00,147.09,148.07,146.77,147.43,1404256.0,147.267,8457,False
2023-08-29 00:00:00+00:00,147.99,148.92,146.5,147.59,1525771.0,147.383,10569,False
2023-08-30 00:00:00+00:00,148.12,148.8,146.9,148.32,1538200.0,148.041,9846,False
2023-08-31 00:00:00+00:00,148.39,148.72,146.87,146.96,1630283.0,147.803,11620,False
2023-09-01 00:00:00+00:00,147.36,148.89,147.36,148.2,1445089.0,148.297,9027,False
2023-09-05 00:00:00+00:00,148.5,148.96,145.86,146.1,1730381.0,146.813,11554,False
2023-09-06 00:00:00+00:00,146.1,146.12,143.74,145.61,2553643.0,144.816,15586,False
2023-09-07 00:00:00+00:00,146.15,149.0,145.86,148.91,2619961.0,148.398,19478,False
2023-09-08 00:00:00+00:00,149.0,149.76,148.2,149.02,1717691.0,148.742,10652,False
2023-09-11 00:00:00+00:00,148.86,149.41,148.41,149.04,1241208.0,148.898,8411,False
2023-09-12 00:00:00+00:00,149.5,149.6,147.62,149.27,1144635.0,148.869,7952,False
2023-09-13 00:00:00+00:00,149.42,152.4,149.05,151.16,3121648.0,151.044,23274,False
2023-09-14 00:00:00+00:00,152.01,154.69,151.8,153.64,3349275.0,153.707,22355,False
2023-09-15 00:00:00+00:00,152.78,154.7,151.93,152.12,3167669.0,152.755,15907,False
2023-09-18 00:00:00+00:00,153.08,153.97,152.1,153.94,1502801.0,153.448,10443,False
2023-09-19 00:00:00+00:00,153.89,154.64,151.6,153.49,1786584.0,153.443,11544,False
2023-09-20 00:00:00+00:00,154.06,154.88,153.37,153.61,1322570.0,154.167,9166,False
2023-09-21 00:00:00+00:00,153.68,154.85,152.66,153.43,1766106.0,153.531,11462,False
2023-09-22 00:00:00+00:00,153.9,153.9,152.52,152.74,1437930.0,153.254,10136,False
2023-09-25 00:00:00+00:00,152.44,154.74,151.66,154.65,2025274.0,153.89,12712,False
2023-09-26 00:00:00+00:00,154.4,154.6,153.33,153.91,2075900.0,153.973,13044,False
2023-09-27 00:00:00+00:00,153.84,154.0,151.61,153.13,1843233.0,152.901,12252,False
2023-09-28 00:00:00+00:00,153.64,153.83,151.37,152.25,2053691.0,152.272,10159,False
2023-09-29 00:00:00+00:00,152.46,152.53,148.83,149.06,2552675.0,149.771,16508,False
2023-10-02 00:00:00+00:00,148.47,148.86,146.72,148.25,1839887.0,147.885,12007,False
2023-10-03 00:00:00+00:00,147.83,147.99,145.35,147.43,2154411.0,146.684,14462,False
2023-10-04 00:00:00+00:00,146.57,148.08,146.31,147.69,1487635.0,147.409,9556,False
2023-10-05 00:00:00+00:00,147.93,149.53,147.08,147.45,1476571.0,147.877,9403,False
2023-10-06 00:00:00+00:00,146.49,149.34,146.12,148.24,2086063.0,148.153,13967,False
2023-10-09 00:00:00+00:00,148.27,149.75,147.16,149.11,1333295.0,148.528,9150,False
2023-10-10 00:00:00+00:00,149.39,149.56,148.04,148.89,1679558.0,148.818,11389,False
2023-10-11 00:00:00+00:00,149.13,150.4,148.77,149.34,1678635.0,149.357,10608,False
2023-10-12 00:00:00+00:00,148.13,148.6,147.01,148.3,2003978.0,147.876,12805,False
2023-10-13 00:00:00+00:00,148.95,149.66,147.34,147.96,1822516.0,148.177,10574,False
2023-10-16 00:00:00+00:00,148.22,149.5,146.92,147.23,1800132.0,147.736,11956,False
2023-10-17 00:00:00+00:00,147.33,149.66,147.15,149.18,1957011.0,148.629,13594,False
2023-10-18 00:00:00+00:00,149.27,149.61,148.34,149.28,2334540.0,149.155,14520,False
2023-10-19 00:00:00+00:00,148.55,148.55,143.33,145.52,3302885.0,145.153,21678,False
2023-10-20 00:00:00+00:00,145.28,147.51,145.28,146.23,1885844.0,146.368,10670,False
2023-10-23 00:00:00+00:00,146.16,146.42,144.2,144.73,1601359.0,145.06,10250,False
2023-10-24 00:00:00+00:00,145.15,146.97,145.1,146.31,1525085.0,146.124,10524,False
2023-10-25 00:00:00+00:00,146.11,146.91,144.82,145.26,2147053.0,145.752,13037,False
2023-10-26 00:00:00+00:00,144.86,145.95,144.23,145.2,2547702.0,145.232,17738,False
2023-10-27 00:00:00+00:00,138.77,143.0,136.03,138.93,5230074.0,138.415,30499,False
2023-10-30 00:00:00+00:00,140.67,145.71,140.67,141.89,5429916.0,143.523,35972,False
2023-10-31 00:00:00+00:00,142.09,142.22,139.68,141.18,4043043.0,140.436,28268,False
2023-11-01 00:00:00+00:00,141.86,143.71,141.75,142.47,1965323.0,142.603,14002,False
2023-11-02 00:00:00+00:00,141.31,143.77,140.51,143.26,1839543.0,142.68,12693,False
2023-11-03 00:00:00+00:00,143.95,143.95,140.89,141.42,2702254.0,142.133,17526,False
2023-11-06 00:00:00+00:00,141.89,142.37,140.98,141.2,2252410.0,141.537,16158,False
2023-11-07 00:00:00+00:00,141.52,142.18,140.57,142.16,2119869.0,141.332,13364,False
2023-11-08 00:00:00+00:00,143.44,143.89,141.92,142.03,2204754.0,142.505,15866,False
2023-11-09 00:00:00+00:00,141.0,141.6,135.85,138.04,11217310.0,136.904,34030,False
2023-11-10 00:00:00+00:00,138.65,139.36,136.4,138.59,2181265.0,137.843,14112,False
2023-11-13 00:00:00+00:00,138.59,139.16,137.43,138.64,2158297.0,138.466,13442,False
2023-11-14 00:00:00+00:00,138.93,140.1,137.96,138.06,2354743.0,138.808,14813,False
2023-11-15 00:00:00+00:00,138.25,138.25,136.29,137.6,3775014.0,137.475,18371,False
2023-11-16 00:00:00+00:00,138.28,138.82,137.05,138.28,2796216.0,138.111,17603,False
2023-11-17 00:00:00+00:00,138.36,138.88,137.38,138.3,1923629.0,138.058,10297,False
2023-11-20 00:00:00+00:00,137.53,138.69,137.14,138.31,1811752.0,138.15,10088,False
2023-11-21 00:00:00+00:00,138.73,139.36,137.83,138.73,2649686.0,138.616,16092,False
2023-11-22 00:00:00+00:00,139.06,139.84,138.33,138.47,1772097.0,138.852,9960,False
2023-11-24 00:00:00+00:00,140.0,140.08,138.46,138.67,846412.0,138.92,5006,False
2023-11-27 00:00:00+00:00,138.7,139.38,137.79,139.09,2166198.0,138.544,13463,False
2023-11-28 00:00:00+00:00,139.05,139.66,137.92,138.08,2173477.0,138.738,13281,False
2023-11-29 00:00:00+00:00,138.02,139.09,137.65,138.5,2193042.0,138.493,13188,False
2023-11-30 00:00:00+00:00,138.01,142.7,138.01,142.39,4171564.0,141.419,27796,False
2023-12-01 00:00:00+00:00,142.54,144.1,142.28,143.41,2464475.0,143.121,15728,False
2023-12-04 00:00:00+00:00,143.41,145.49,143.27,144.15,2317044.0,144.483,14832,False
2023-12-05 00:00:00+00:00,144.11,145.09,142.66,144.57,2233776.0,144.234,14015,False
2023-12-06 00:00:00+00:00,144.79,147.07,144.73,146.38,2486822.0,146.132,16592,False
2023-12-07 00:00:00+00:00,147.64,148.38,145.2,147.97,3932618.0,147.425,25146,False
2023-12-08 00:00:00+00:00,148.07,150.07,148.0,149.28,3054293.0,149.488,17834,False
2023-12-11 00:00:00+00:00,150.67,152.71,150.64,151.24,3221197.0,151.395,18600,False
2023-12-12 00:00:00+00:00,151.73,153.59,150.16,153.24,2838110.0,152.802,18347,False
2023-12-13 00:00:00+00:00,152.98,154.77,152.73,154.3,2389372.0,153.845,15486,False
2023-12-14 00:00:00+00:00,154.36,155.16,152.75,154.88,4257409.0,154.161,26651,False
2023-12-15 00:00:00+00:00,154.74,155.89,153.11,154.04,4110663.0,154.041,17905,False
2023-12-18 00:00:00+00:00,153.0,154.36,151.75,153.42,2899268.0,153.621,17960,False
2023-12-19 00:00:00+00:00,153.59,154.48,152.45,153.6,2526399.0,153.779,17781,False
2023-12-20 00:00:00+00:00,153.99,154.21,151.54,151.69,2032790.0,153.02,12520,False
2023-12-21 00:00:00+00:00,152.05,152.92,151.29,152.59,1752148.0,152.18,10206,False
2023-12-22 00:00:00+00:00,153.29,155.46,153.08,154.94,1754996.0,154.872,11269,False
2023-12-26 00:00:00+00:00,154.25,155.28,154.13,154.62,1002682.0,154.643,5995,False
2023-12-27 00:00:00+00:00,154.05,154.97,153.72,154.88,1326168.0,154.521,8753,False
2023-12-28 00:00:00+00:00,155.25,155.63,154.54,154.75,1291727.0,155.009,8303,False
2023-12-29 00:00:00+00:00,154.54,155.21,154.41,154.97,1232417.0,154.824,7731,False
2024-01-02 00:00:00+00:00,154.9,160.14,154.77,159.82,3586501.0,159.083,21754,False
2024-01-03 00:00:00+00:00,160.59,161.75,159.84,160.46,2499977.0,160.672,14456,False
2024-01-04 00:00:00+00:00,160.31,162.29,159.43,161.46,3258131.0,161.465,20576,False
2024-01-05 00:00:00+00:00,161.33,163.03,160.6,162.14,2232673.0,162.101,14454,False
2024-01-08 00:00:00+00:00,162.18,162.77,159.77,161.43,2046499.0,160.82,11971,False
2024-01-09 00:00:00+00:00,161.43,163.47,160.83,162.31,1964341.0,162.301,10713,False
2024-01-10 00:00:00+00:00,162.27,165.08,161.88,164.89,3856275.0,163.872,23190,False
2024-01-11 00:00:00+00:00,164.25,165.12,163.08,163.78,2410793.0,163.851,16230,False
2024-01-12 00:00:00+00:00,162.75,163.3,162.18,162.4,2283608.0,162.656,13889,False
2024-01-16 00:00:00+00:00,161.98,162.3,161.02,161.48,2194958.0,161.814,14593,False
2024-01-17 00:00:00+00:00,161.75,162.95,161.52,162.04,2115540.0,162.209,14689,False
2024-01-18 00:00:00+00:00,161.16,163.66,161.0,163.3,2674937.0,162.616,16136,False
2024-01-19 00:00:00+00:00,163.91,164.87,162.6,164.77,2937077.0,164.116,15647,False
2024-01-22 00:00:00+00:00,164.44,165.45,163.76,165.39,2334359.0,164.859,14863,False
2024-01-23 00:00:00+00:00,164.45,167.53,164.06,167.5,3243365.0,166.458,22473,False
2024-01-24 00:00:00+00:00,167.77,167.95,164.06,164.22,2367533.0,165.405,16113,False
2024-01-25 00:00:00+00:00,164.2,165.21,163.2,165.13,2406194.0,164.305,15631,False
2024-01-26 00:00:00+00:00,165.27,165.86,163.5,164.4,1784977.0,164.215,10935,False
2024-01-29 00:00:00+00:00,165.85,166.76,163.68,163.91,2287660.0,164.272,14429,False
2024-01-30 00:00:00+00:00,164.22,164.98,163.26,164.92,1910417.0,164.301,13647,False
2024-01-31 00:00:00+00:00,165.75,165.86,163.95,164.4,1567840.0,164.613,10305,False
2024-02-01 00:00:00+00:00,163.7,167.68,162.67,167.59,2882458.0,166.546,19267,False
2024-02-02 00:00:00+00:00,169.42,172.85,165.23,168.67,4248642.0,169.738,26713,False
2024-02-05 00:00:00+00:00,169.84,173.13,168.45,171.26,3228103.0,171.785,22548,False
2024-02-06 00:00:00+00:00,171.65,173.96,169.77,173.29,4228142.0,172.322,28128,False
2024-02-07 00:00:00+00:00,174.01,175.56,173.32,175.01,3433320.0,174.844,22793,False
2024-02-08 00:00:00+00:00,174.35,175.91,174.3,174.79,2732072.0,175.072,16487,False
2024-02-09 00:00:00+00:00,175.07,175.4,173.05,174.08,1886394.0,173.871,13357,False
2024-02-12 00:00:00+00:00,173.54,174.76,172.23,173.07,1497402.0,173.193,10340,False
2024-02-13 00:00:00+00:00,174.46,175.2,171.96,173.29,2137663.0,173.101,14865,False
2024-02-14 00:00:00+00:00,173.06,174.86,172.68,174.42,1767160.0,173.735,12337,False
2024-02-15 00:00:00+00:00,174.37,176.74,173.81,176.59,2305297.0,175.545,14894,False
2024-02-16 00:00:00+00:00,176.89,178.92,176.07,177.49,2925042.0,177.569,15596,False
2024-02-20 00:00:00+00:00,175.83,178.68,175.52,175.75,2662718.0,177.066,15658,False
2024-02-21 00:00:00+00:00,176.29,176.63,173.5,175.14,1903210.0,174.853,12853,False
2024-02-22 00:00:00+00:00,174.1,177.34,173.14,176.75,2312188.0,176.061,15465,False
2024-02-23 00:00:00+00:00,177.26,178.91,177.01,178.09,2186542.0,178.031,13799,False
2024-02-26 00:00:00+00:00,178.84,179.79,178.0,178.81,2039081.0,179.222,14070,False
2024-02-27 00:00:00+00:00,178.77,179.53,176.98,178.99,2017006.0,178.648,14950,False
2024-02-28 00:00:00+00:00,179.85,179.89,176.89,178.0,2328348.0,177.88,15956,False
2024-02-29 00:00:00+00:00,177.87,178.02,175.39,176.05,2413317.0,176.553,15152,False
2024-03-01 00:00:00+00:00,176.05,179.19,175.75,178.91,2138789.0,177.809,14761,False
2024-03-04 00:00:00+00:00,178.35,179.98,176.28,177.05,2436092.0,177.733,17219,False
2024-03-05 00:00:00+00:00,177.79,179.59,177.79,179.16,2536451.0,178.976,18619,False
2024-03-06 00:00:00+00:00,178.4,182.16,178.1,181.06,2843507.0,180.98,19664,False
2024-03-07 00:00:00+00:00,182.19,182.42,179.54,180.57,3133532.0,180.737,20336,False
2024-03-08 00:00:00+00:00,179.74,182.14,178.68,178.85,3151843.0,180.265,21183,False
2024-03-11 00:00:00+00:00,178.41,181.26,178.24,179.63,2753331.0,179.27,20340,False
2024-03-12 00:00:00+00:00,179.72,182.89,179.69,180.92,2574352.0,181.717,19157,False
2024-03-13 00:00:00+00:00,182.5,182.51,179.42,179.86,1758962.0,180.7,11003,False
2024-03-14 00:00:00+00:00,180.16,182.04,178.66,181.2,2661067.0,180.798,17642,False
2024-03-15 00:00:00+00:00,179.84,180.58,177.54,177.88,3789138.0,179.115,20408,False
2024-03-18 00:00:00+00:00,179.01,179.88,177.56,178.49,2424957.0,178.564,14131,False
2024-03-19 00:00:00+00:00,178.19,179.93,178.19,179.66,1668413.0,179.143,11060,False
2024-03-20 00:00:00+00:00,179.22,179.23,175.73,176.27,3095175.0,176.674,18898,False
2024-03-21 00:00:00+00:00,176.81,177.74,175.87,177.5,2576599.0,177.104,18442,False
2024-03-22 00:00:00+00:00,177.23,178.99,176.78,178.45,1755898.0,178.197,11585,False
2024-03-25 00:00:00+00:00,179.0,179.2,178.12,178.53,1941049.0,178.548,11998,False
2024-03-26 00:00:00+00:00,179.23,179.77,178.38,179.19,2288888.0,179.173,14361,False
2024-03-27 00:00:00+00:00,179.8,180.58,178.81,180.35,2788958.0,179.625,16038,False
2024-03-28 00:00:00+00:00,181.0,182.3,180.3,182.1,2082215.0,181.522,13178,False
2024-04-01 00:00:00+00:00,182.01,182.01,179.24,180.76,1702894.0,180.158,11104,False
2024-04-02 00:00:00+00:00,179.39,181.03,178.51,180.69,2273438.0,180.186,14214,False
2024-04-03 00:00:00+00:00,180.72,181.6,176.6,177.33,3396306.0,177.989,17267,False
2024-04-04 00:00:00+00:00,177.65,177.7,167.45,167.9,6207621.0,171.286,36783,False
2024-04-05 00:00:00+00:00,168.0,171.04,167.29,170.0,3702757.0,169.714,19800,False
2024-04-08 00:00:00+00:00,169.21,171.97,168.4,169.8,2582924.0,170.322,17227,False
2024-04-09 00:00:00+00:00,169.73,170.55,167.39,170.14,3404671.0,168.645,17973,False
2024-04-10 00:00:00+00:00,168.59,169.96,167.36,169.03,1652588.0,169.084,10091,False
2024-04-11 00:00:00+00:00,169.2,169.37,167.22,167.52,1549851.0,167.944,9088,False
2024-04-12 00:00:00+00:00,164.45,164.45,160.0,162.28,3844208.0,162.239,23454,False
2024-04-15 00:00:00+00:00,164.52,164.7,161.5,161.67,2255651.0,162.608,14170,False
2024-04-16 00:00:00+00:00,162.18,163.74,162.07,162.54,2114626.0,163.111,12133,False
2024-04-17 00:00:00+00:00,164.15,164.74,163.23,164.25,1974719.0,164.067,13023,False
2024-04-18 00:00:00+00:00,164.96,167.44,164.43,164.66,2415246.0,165.615,15411,False
2024-04-19 00:00:00+00:00,165.02,166.6,163.25,166.41,2955482.0,165.64,17305,False
2024-04-22 00:00:00+00:00,167.68,169.59,166.92,167.89,2363837.0,168.321,15688,False
2024-04-23 00:00:00+00:00,168.59,170.37,168.22,169.54,2042992.0,169.607,13489,False
2024-04-24 00:00:00+00:00,168.52,169.11,166.74,167.8,1968338.0,168.116,11306,False
2024-04-25 00:00:00+00:00,167.66,169.29,165.57,167.29,3250017.0,167.128,22313,False
2024-04-26 00:00:00+00:00,167.09,167.46,157.65,159.62,6566577.0,160.524,37390,False
2024-04-29 00:00:00+00:00,159.59,161.55,158.56,161.52,3424852.0,160.162,19572,False
2024-04-30 00:00:00+00:00,161.27,163.05,159.69,162.64,2478435.0,162.125,15906,False
2024-05-01 00:00:00+00:00,162.09,163.7,161.14,161.72,2600967.0,162.489,16166,False
2024-05-02 00:00:00+00:00,162.17,162.44,158.12,160.81,3138263.0,159.796,20000,False
2024-05-03 00:00:00+00:00,161.16,164.25,160.74,163.79,2663428.0,163.045,16870,False
2024-05-06 00:00:00+00:00,164.41,164.64,161.0,162.73,3108770.0,162.187,20295,False
2024-05-07 00:00:00+00:00,163.36,163.99,161.89,162.55,2311067.0,162.697,14482,False
2024-05-08 00:00:00+00:00,162.14,162.9,159.87,160.45,2853264.0,160.485,16464,False
2024-05-09 00:00:00+00:00,160.81,161.32,160.02,160.4,1904977.0,160.524,10581,False
2024-05-10 00:00:00+00:00,160.71,161.44,160.35,160.75,1705336.0,160.789,9785,False
2024-05-13 00:00:00+00:00,161.28,162.57,160.8,161.28,1494100.0,161.527,9774,False
2024-05-14 00:00:00+00:00,161.65,162.25,159.71,161.59,1877702.0,160.833,11868,False
2024-05-15 00:00:00+00:00,162.31,164.42,161.87,163.79,2785868.0,163.286,17525,False
2024-05-16 00:00:00+00:00,163.5,164.93,162.18,164.35,2331333.0,163.494,15130,False
2024-05-17 00:00:00+00:00,165.39,166.49,164.49,166.42,1827015.0,165.75,11249,False
2024-05-20 00:00:00+00:00,166.01,166.42,164.41,164.56,1251707.0,165.229,7850,False
2024-05-21 00:00:00+00:00,165.37,165.71,162.5,162.93,1564892.0,163.297,10012,False
2024-05-22 00:00:00+00:00,161.57,161.94,159.18,159.61,3382688.0,160.415,18841,False
2024-05-23 00:00:00+00:00,159.03,160.04,157.76,158.26,2448190.0,159.027,14506,False
2024-05-24 00:00:00+00:00,158.36,158.78,156.36,157.06,1680848.0,157.193,10393,False
2024-05-28 00:00:00+00:00,156.35,156.35,153.94,155.34,3076272.0,155.034,18423,False
2024-05-29 00:00:00+00:00,154.89,156.38,153.68,154.79,2261434.0,154.757,14214,False
2024-05-30 00:00:00+00:00,154.65,156.43,153.58,156.31,2213173.0,155.535,13219,False
2024-05-31 00:00:00+00:00,156.65,161.64,156.2,161.24,3742578.0,158.871,19296,False
2024-06-03 00:00:00+00:00,160.0,163.19,158.83,160.19,2234652.0,160.533,14668,False
2024-06-04 00:00:00+00:00,160.19,162.81,159.77,162.14,2321574.0,162.005,15386,False
2024-06-05 00:00:00+00:00,162.9,165.98,162.16,165.44,2682847.0,164.919,17701,False
2024-06-06 00:00:00+00:00,165.49,168.88,164.35,168.57,2844548.0,167.723,16982,False
2024-06-07 00:00:00+00:00,169.0,170.34,167.79,169.42,2012568.0,169.512,13954,False
2024-06-10 00:00:00+00:00,169.0,170.75,167.69,170.46,1781173.0,169.314,11814,False
2024-06-11 00:00:00+00:00,170.25,170.64,167.42,167.7,1781745.0,168.385,11427,False
2024-06-12 00:00:00+00:00,167.88,168.54,165.03,166.09,2096667.0,165.912,13332,False
2024-06-13 00:00:00+00:00,166.0,166.9,165.0,166.56,1925156.0,166.332,11480,False
2024-06-14 00:00:00+00:00,166.47,169.24,166.0,168.59,1854950.0,168.228,11061,False
2024-06-17 00:00:00+00:00,168.4,170.4,167.36,169.68,1781308.0,169.351,12066,False
2024-06-18 00:00:00+00:00,170.44,173.01,169.87,171.36,2056773.0,171.819,12989,False
2024-06-20 00:00:00+00:00,171.18,172.81,170.02,172.13,2277438.0,172.02,15101,False
2024-06-21 00:00:00+00:00,172.7,172.93,169.59,170.39,3620193.0,171.389,15197,False
2024-06-24 00:00:00+00:00,171.13,173.41,170.7,172.74,1954212.0,172.741,11775,False
2024-06-25 00:00:00+00:00,172.1,173.41,170.62,170.75,2286366.0,171.398,14227,False
2024-06-26 00:00:00+00:00,170.29,172.35,170.15,171.15,2236678.0,171.518,14542,False
2024-06-27 00:00:00+00:00,171.29,171.56,167.75,168.99,2068811.0,169.176,13124,False
2024-06-28 00:00:00+00:00,169.99,171.82,169.05,171.52,3631606.0,170.219,20106,False
2024-07-01 00:00:00+00:00,171.27,173.88,169.53,170.37,2333664.0,171.13,13933,False
2024-07-02 00:00:00+00:00,168.63,168.63,165.45,165.96,2805203.0,166.738,17181,False
2024-07-03 00:00:00+00:00,166.09,167.1,163.52,163.84,1771522.0,164.634,10951,False
2024-07-05 00:00:00+00:00,164.72,167.31,163.63,167.25,1657564.0,165.854,10011,False
2024-07-08 00:00:00+00:00,166.54,167.72,165.62,166.52,1516043.0,166.567,10360,False
2024-07-09 00:00:00+00:00,167.02,168.53,164.86,168.05,1384175.0,167.388,8066,False
2024-07-10 00:00:00+00:00,167.45,168.45,166.11,168.14,1458626.0,167.308,9521,False
2024-07-11 00:00:00+00:00,167.52,170.35,167.35,169.91,1663274.0,169.434,11038,False
2024-07-12 00:00:00+00:00,170.63,171.63,169.9,170.28,2110966.0,170.672,11928,False
2024-07-15 00:00:00+00:00,168.91,170.37,167.42,168.03,1119291.0,168.487,6997,False
2024-07-16 00:00:00+00:00,168.6,169.85,167.26,169.2,1582657.0,168.824,9859,False
2024-07-17 00:00:00+00:00,169.51,175.74,169.51,175.27,3282019.0,174.331,18703,False
2024-07-18 00:00:00+00:00,174.45,176.68,170.72,171.14,2964962.0,174.012,19026,False
2024-07-19 00:00:00+00:00,173.67,173.85,171.22,172.32,1974362.0,172.166,11437,False
2024-07-22 00:00:00+00:00,173.32,174.73,172.0,173.61,1391812.0,173.408,9091,False
2024-07-23 00:00:00+00:00,173.32,174.59,172.77,173.15,1363116.0,173.436,8497,False
2024-07-24 00:00:00+00:00,173.2,176.6,172.95,176.21,2666460.0,175.586,17454,False
2024-07-25 00:00:00+00:00,177.0,186.11,171.8,182.17,5441694.0,182.306,30642,False
2024-07-26 00:00:00+00:00,183.45,186.85,182.11,185.16,3343209.0,185.506,21429,False
2024-07-29 00:00:00+00:00,184.04,186.13,180.53,181.94,2605605.0,182.947,16524,False
2024-07-30 00:00:00+00:00,183.59,187.71,182.6,186.78,3231006.0,185.976,19955,False
2024-07-31 00:00:00+00:00,186.39,187.5,183.45,185.32,2528515.0,185.794,15210,False
2024-08-01 00:00:00+00:00,187.77,190.97,186.77,189.71,3654999.0,189.724,22123,False
2024-08-02 00:00:00+00:00,190.98,193.91,186.46,189.29,2934218.0,189.758,17401,False
2024-08-05 00:00:00+00:00,187.45,189.29,183.04,184.36,3179564.0,185.245,19474,False
2024-08-06 00:00:00+00:00,185.43,187.82,183.08,185.71,1995264.0,186.062,12703,False
2024-08-07 00:00:00+00:00,187.9,189.59,185.97,187.51,2917318.0,187.65,19681,False
2024-08-08 00:00:00+00:00,186.92,190.71,186.92,190.4,2998751.0,189.572,18357,False
2024-08-09 00:00:00+00:00,190.78,191.01,188.1,189.93,1437502.0,189.328,8239,False
2024-08-12 00:00:00+00:00,190.08,190.57,187.7,190.18,1782509.0,189.606,12100,False
2024-08-13 00:00:00+00:00,190.56,191.94,189.37,191.23,1648753.0,190.459,10846,False
2024-08-14 00:00:00+00:00,191.0,193.35,190.47,193.0,2253174.0,192.464,14454,False
2024-08-15 00:00:00+00:00,194.49,194.99,191.29,193.4,2444805.0,192.565,15219,False
2024-08-16 00:00:00+00:00,193.88,194.25,192.27,193.9,1774050.0,193.488,11144,False
2024-08-19 00:00:00+00:00,193.4,197.18,193.35,196.87,1904808.0,196.207,12564,False
2024-08-20 00:00:00+00:00,197.12,197.48,194.13,196.15,1722122.0,195.847,10657,False
2024-08-21 00:00:00+00:00,196.44,197.34,195.67,196.53,1361244.0,196.437,8429,False
2024-08-22 00:00:00+00:00,197.0,197.54,195.35,196.37,1407425.0,196.188,8406,False
2024-08-23 00:00:00+00:00,197.25,197.98,196.22,197.55,1287772.0,197.29,6522,False
2024-08-26 00:00:00+00:00,197.56,197.97,196.07,197.44,1016800.0,197.203,6380,False
2024-08-27 00:00:00+00:00,197.99,198.3,195.18,195.92,1187520.0,196.204,7726,False
2024-08-28 00:00:00+00:00,195.52,196.23,194.03,195.4,1875603.0,194.914,12477,False
2024-08-29 00:00:00+00:00,196.0,196.44,193.85,195.18,1540011.0,195.491,10671,False
2024-08-30 00:00:00+00:00,195.25,196.49,194.17,196.31,1334208.0,195.372,9040,False
2024-09-03 00:00:00+00:00,196.14,199.95,196.09,197.69,2477353.0,198.234,15921,False
2024-09-04 00:00:00+00:00,198.68,199.88,196.44,197.01,1691223.0,197.633,10556,False
2024-09-05 00:00:00+00:00,196.96,197.13,192.16,192.86,2661316.0,193.31,17425,False
2024-09-06 00:00:00+00:00,193.47,194.74,192.83,193.4,1985437.0,193.459,12695,False
2024-09-09 00:00:00+00:00,194.97,196.61,193.94,196.42,1406411.0,195.861,9517,False
2024-09-10 00:00:00+00:00,196.12,199.47,192.91,199.35,2940898.0,197.393,16271,False
2024-09-11 00:00:00+00:00,197.68,197.68,193.41,194.59,2405998.0,194.793,12922,False
2024-09-12 00:00:00+00:00,194.78,195.07,191.27,194.02,1701597.0,193.097,9835,False
2024-09-13 00:00:00+00:00,193.86,194.59,191.81,194.21,1311802.0,193.827,8120,False
2024-09-16 00:00:00+00:00,195.82,196.16,194.46,195.73,1526658.0,195.339,10477,False
2024-09-17 00:00:00+00:00,194.8,196.08,191.82,193.45,1422689.0,193.586,8835,False
2024-09-18 00:00:00+00:00,193.13,195.58,191.77,192.94,1585889.0,193.679,10317,False
2024-09-19 00:00:00+00:00,193.43,194.16,191.96,193.62,1716327.0,193.312,10665,False
2024-09-20 00:00:00+00:00,193.0,193.83,192.13,193.47,2485074.0,192.752,8904,False
2024-09-23 00:00:00+00:00,193.7,194.3,192.2,193.83,1110628.0,193.317,6750,False
2024-09-24 00:00:00+00:00,192.95,195.21,191.58,193.51,1805661.0,193.814,11252,False
2024-09-25 00:00:00+00:00,194.0,194.57,190.96,191.26,2253466.0,191.874,14983,False
2024-09-26 00:00:00+00:00,190.1,192.87,189.61,191.9,2921490.0,191.063,18115,False
2024-09-27 00:00:00+00:00,192.6,196.13,190.27,194.79,1860288.0,194.875,12702,False
2024-09-30 00:00:00+00:00,194.85,197.62,194.36,197.48,1419874.0,196.212,9380,False
2024-10-01 00:00:00+00:00,197.65,198.97,196.42,196.96,1636826.0,197.292,8987,False
2024-10-02 00:00:00+00:00,195.66,197.0,194.45,196.82,1338078.0,196.183,8949,False
2024-10-03 00:00:00+00:00,196.87,197.05,194.74,195.45,1040540.0,195.728,6752,False
2024-10-04 00:00:00+00:00,195.1,195.64,193.04,194.29,1347051.0,194.069,8243,False
2024-10-07 00:00:00+00:00,194.42,195.1,192.83,193.61,1361232.0,193.859,7582,False
2024-10-08 00:00:00+00:00,194.34,195.0,192.24,193.01,1202124.0,192.968,8221,False
2024-10-09 00:00:00+00:00,192.85,194.89,191.95,194.75,1530976.0,193.508,10717,False
2024-10-10 00:00:00+00:00,194.54,194.82,193.27,194.35,1192518.0,194.006,7544,False
2024-10-11 00:00:00+00:00,195.0,195.24,193.58,194.19,1290987.0,194.308,8103,False
2024-10-14 00:00:00+00:00,194.24,196.34,193.66,195.65,1547135.0,195.477,10265,False
2024-10-15 00:00:00+00:00,194.73,196.25,191.21,191.86,2777956.0,193.241,18248,False
2024-10-16 00:00:00+00:00,190.45,191.04,188.73,190.46,2107402.0,190.289,12442,False
2024-10-17 00:00:00+00:00,190.54,191.62,188.46,188.57,1657374.0,189.414,10652,False
2024-10-18 00:00:00+00:00,188.97,189.69,188.16,188.86,2485713.0,188.852,13615,False
2024-10-21 00:00:00+00:00,188.71,189.38,185.89,186.54,1369032.0,187.282,7976,False
2024-10-22 00:00:00+00:00,186.32,189.1,186.23,188.76,1121821.0,187.823,7496,False
2024-10-23 00:00:00+00:00,188.7,189.27,187.5,187.88,2044878.0,188.098,10306,False
2024-10-24 00:00:00+00:00,188.43,190.47,188.17,189.65,4169429.0,189.634,12981,False
2024-10-25 00:00:00+00:00,189.68,189.88,187.17,187.85,2166252.0,188.585,12703,False
2024-10-28 00:00:00+00:00,188.09,190.14,187.52,189.68,1608256.0,189.505,8884,False
2024-10-29 00:00:00+00:00,190.49,191.16,188.51,189.45,2748793.0,189.516,17435,False
2024-10-30 00:00:00+00:00,191.62,202.35,188.54,201.5,5695196.0,198.932,34081,False
2024-10-31 00:00:00+00:00,201.97,207.32,201.42,203.87,4141949.0,204.274,26303,False
2024-11-01 00:00:00+00:00,204.37,204.73,202.32,203.55,2071388.0,203.833,12518,False
2024-11-04 00:00:00+00:00,203.79,204.24,200.22,200.47,1496983.0,201.823,8590,False
2024-11-05 00:00:00+00:00,200.49,202.42,198.35,201.68,2634235.0,201.215,16876,False
2024-11-06 00:00:00+00:00,206.0,206.15,200.85,201.2,2658695.0,202.602,16307,False
2024-11-07 00:00:00+00:00,201.95,202.32,199.21,200.51,2170310.0,200.42,14548,False
2024-11-08 00:00:00+00:00,201.16,201.9,199.48,199.5,1899972.0,200.53,11925,False
2024-11-11 00:00:00+00:00,178.57,178.57,172.7,174.43,12553988.0,175.234,65462,False
2024-11-12 00:00:00+00:00,176.01,176.63,171.03,171.09,6446918.0,173.53,36982,False
2024-11-13 00:00:00+00:00,171.67,172.64,169.65,170.35,5109426.0,170.851,27268,False
2024-11-14 00:00:00+00:00,170.0,171.62,168.59,169.63,3818686.0,170.264,19956,False
2024-11-15 00:00:00+00:00,169.63,169.63,164.72,164.99,6096930.0,166.509,31576,False
2024-11-18 00:00:00+00:00,165.62,166.74,164.8,166.28,3858207.0,165.803,21530,False
2024-11-19 00:00:00+00:00,165.27,167.1,163.81,166.57,2811605.0,165.892,16402,False
2024-11-20 00:00:00+00:00,166.91,167.91,165.65,167.76,2114264.0,166.868,11626,False
2024-11-21 00:00:00+00:00,168.59,172.46,166.92,171.73,4156267.0,170.905,25358,False
2024-11-22 00:00:00+00:00,174.34,178.87,173.5,176.95,5311747.0,177.122,31450,False
2024-11-25 00:00:00+00:00,177.02,180.19,176.75,177.06,4885611.0,177.949,26132,False
2024-11-26 00:00:00+00:00,177.09,181.65,176.67,181.14,3644112.0,179.358,22224,False
2024-11-27 00:00:00+00:00,181.14,184.24,180.89,183.08,2754363.0,183.327,17844,False
2024-11-29 00:00:00+00:00,183.14,183.54,182.5,182.93,1033921.0,183.002,6648,False
2024-12-02 00:00:00+00:00,182.28,182.7,178.86,181.77,1830822.0,181.091,11333,False
2024-12-03 00:00:00+00:00,182.28,183.51,181.48,181.5,1928867.0,182.506,11147,False
2024-12-04 00:00:00+00:00,180.1,180.45,175.91,176.46,2915598.0,177.528,16583,False
2024-12-05 00:00:00+00:00,174.98,176.72,173.53,176.17,2712272.0,175.745,17910,False
2024-12-06 00:00:00+00:00,176.0,176.74,174.16,176.19,2411982.0,175.429,14934,False
2024-12-09 00:00:00+00:00,175.59,178.13,174.38,176.57,2041720.0,176.765,11865,False
2024-12-10 00:00:00+00:00,175.53,176.92,173.83,175.67,1795009.0,175.588,11061,False
2024-12-11 00:00:00+00:00,175.96,176.0,173.84,174.37,2578353.0,174.735,14645,False
2024-12-12 00:00:00+00:00,174.91,175.91,171.99,173.19,2168026.0,173.422,12660,False
2024-12-13 00:00:00+00:00,173.25,174.92,172.39,173.37,1845937.0,173.817,10714,False
2024-12-16 00:00:00+00:00,171.67,173.34,170.53,171.63,3735169.0,172.099,19550,False
2024-12-17 00:00:00+00:00,170.58,176.5,170.21,175.38,3076380.0,174.861,17399,False
2024-12-18 00:00:00+00:00,176.03,176.5,172.82,173.02,2934946.0,175.01,16569,False
2024-12-19 00:00:00+00:00,172.93,173.88,170.34,171.52,2567950.0,172.046,13751,False
2024-12-20 00:00:00+00:00,171.79,176.8,170.66,175.58,3795221.0,174.61,17111,False
2024-12-23 00:00:00+00:00,175.29,178.65,174.63,178.39,2147964.0,176.712,13036,False
2024-12-24 00:00:00+00:00,178.41,180.17,177.84,180.0,1045328.0,179.151,6911,False
2024-12-26 00:00:00+00:00,179.02,180.35,178.63,179.2,1347244.0,179.443,7989,False
2024-12-27 00:00:00+00:00,178.18,179.66,177.29,178.01,1145511.0,178.207,6929,False
2024-12-30 00:00:00+00:00,177.02,177.34,175.51,176.2,1175195.0,176.289,7163,False
2024-12-31 00:00:00+00:00,176.35,177.84,175.92,177.7,1159420.0,176.976,7407,False
2025-01-02 00:00:00+00:00,178.66,179.78,177.9,179.44,1796434.0,178.838,10232,False
2025-01-03 00:00:00+00:00,179.66,181.57,178.8,181.22,1981445.0,180.729,12010,False
2025-01-06 00:00:00+00:00,180.78,181.98,179.26,180.1,2301032.0,180.791,13545,False
2025-01-07 00:00:00+00:00,179.63,182.18,178.38,179.53,1842098.0,179.907,11340,False
2025-01-08 00:00:00+00:00,179.2,179.24,176.18,178.5,1803977.0,177.924,11810,False
2025-01-10 00:00:00+00:00,176.86,177.54,173.33,175.17,2732098.0,175.614,16883,False
2025-01-13 00:00:00+00:00,175.16,177.98,174.34,176.74,2195040.0,176.603,13730,False
2025-01-14 00:00:00+00:00,176.61,176.78,174.09,175.55,2668574.0,175.136,16226,False
2025-01-15 00:00:00+00:00,173.52,174.46,168.72,171.35,4610924.0,171.579,27626,False
2025-01-16 00:00:00+00:00,171.45,173.96,170.52,173.7,2312068.0,172.549,13334,False
2025-01-17 00:00:00+00:00,172.88,173.99,171.27,171.56,3324839.0,172.332,14869,False
2025-01-21 00:00:00+00:00,172.16,175.66,171.22,172.61,4033082.0,172.476,24111,False
2025-01-22 00:00:00+00:00,170.3,170.87,168.06,169.2,3955553.0,169.509,20083,False
2025-01-23 00:00:00+00:00,170.46,170.69,168.48,170.67,3127029.0,169.771,20054,False
2025-01-24 00:00:00+00:00,169.32,171.11,169.25,170.3,3247657.0,170.341,18303,False
2025-01-27 00:00:00+00:00,172.66,177.45,172.59,176.9,3622078.0,175.958,21741,False
2025-01-28 00:00:00+00:00,176.8,177.16,173.73,174.81,2809670.0,175.483,16659,False
2025-01-29 00:00:00+00:00,174.5,176.92,174.3,175.26,1855664.0,175.737,12449,False
2025-01-30 00:00:00+00:00,176.01,176.12,173.98,175.65,2780083.0,175.38,17665,False
2025-01-31 00:00:00+00:00,187.3,191.77,183.67,183.9,6567239.0,187.412,38860,False
2025-02-03 00:00:00+00:00,183.18,191.66,182.15,190.14,5840230.0,189.505,35687,False
2025-02-04 00:00:00+00:00,187.63,191.15,187.05,189.95,4334545.0,189.713,22882,False
2025-02-05 00:00:00+00:00,190.52,193.38,189.92,191.75,3172808.0,191.945,20682,False
2025-02-06 00:00:00+00:00,191.9,194.49,190.56,192.97,2192975.0,192.968,15203,False
2025-02-07 00:00:00+00:00,193.16,193.86,190.43,190.6,1592411.0,191.802,10433,False
2025-02-10 00:00:00+00:00,191.46,191.46,189.09,190.34,1596139.0,190.109,9581,False
2025-02-11 00:00:00+00:00,189.8,191.93,188.26,191.83,1568358.0,190.831,9779,False
2025-02-12 00:00:00+00:00,190.5,194.37,190.39,193.0,2252037.0,192.866,13279,False
2025-02-13 00:00:00+00:00,194.28,194.28,191.43,193.45,1928943.0,193.448,12295,False
2025-02-14 00:00:00+00:00,193.95,195.18,192.78,192.87,2306093.0,193.95,13660,False
2025-02-18 00:00:00+00:00,192.0,197.02,190.66,196.25,3120668.0,195.642,19006,False
2025-02-19 00:00:00+00:00,196.79,198.11,196.01,197.35,1889355.0,197.2,11901,False
2025-02-20 00:00:00+00:00,198.0,201.36,196.83,200.88,2528773.0,199.991,16066,False
2025-02-21 00:00:00+00:00,200.32,203.98,200.01,202.08,2599401.0,202.237,13725,False
2025-02-24 00:00:00+00:00,201.83,205.5,201.28,204.08,3202388.0,204.465,19389,False
2025-02-25 00:00:00+00:00,205.18,206.01,202.35,204.14,4194053.0,204.133,24590,False
2025-02-26 00:00:00+00:00,203.59,203.83,201.43,203.01,2310935.0,203.15,14997,False
2025-02-27 00:00:00+00:00,203.06,206.8,202.25,205.02,2864210.0,205.132,16844,False
2025-02-28 00:00:00+00:00,205.12,209.6,204.41,209.03,4429622.0,206.985,24125,False
2025-03-03 00:00:00+00:00,209.98,212.3,208.91,211.48,3835043.0,211.137,22993,False
2025-03-04 00:00:00+00:00,214.47,215.66,207.67,207.76,3855955.0,210.968,23772,False
2025-03-05 00:00:00+00:00,207.07,212.18,206.0,211.54,2950517.0,210.335,17809,False
2025-03-06 00:00:00+00:00,211.45,211.98,208.77,210.75,2213196.0,210.236,13518,False
2025-03-07 00:00:00+00:00,211.11,214.99,209.0,214.29,3736841.0,212.811,23474,False
2025-03-10 00:00:00+00:00,209.99,218.66,209.2,216.66,4894513.0,216.868,30855,False
2025-03-11 00:00:00+00:00,216.66,216.66,212.41,213.59,3883918.0,213.883,26953,False
2025-03-12 00:00:00+00:00,212.0,213.87,209.31,212.06,3177105.0,212.164,22857,False
2025-03-13 00:00:00+00:00,212.0,213.8,210.68,211.55,3023580.0,212.343,20797,False
2025-03-14 00:00:00+00:00,209.78,212.82,208.28,211.77,1957923.0,211.459,13068,False
2025-03-17 00:00:00+00:00,212.22,215.5,209.52,214.47,2365934.0,213.906,16407,False
2025-03-18 00:00:00+00:00,214.47,215.18,212.27,213.85,2400797.0,213.781,14535,False
2025-03-19 00:00:00+00:00,214.03,214.5,210.78,212.25,2700903.0,211.961,17423,False
2025-03-20 00:00:00+00:00,213.01,213.42,211.11,211.96,3103585.0,211.861,20432,False
2025-03-21 00:00:00+00:00,211.73,212.88,208.74,210.01,4881294.0,210.721,22880,False
2025-03-24 00:00:00+00:00,209.39,211.02,207.5,209.17,3872239.0,209.229,25537,False
2025-03-25 00:00:00+00:00,209.22,209.26,199.38,201.34,4522060.0,202.677,27488,False
2025-03-26 00:00:00+00:00,203.12,203.12,196.49,201.3,3227746.0,201.131,22565,False
2025-03-27 00:00:00+00:00,202.02,203.68,201.3,202.72,2111465.0,202.466,13322,False
2025-03-28 00:00:00+00:00,202.73,206.02,201.59,205.29,3288045.0,204.324,24213,False
2025-03-31 00:00:00+00:00,204.4,210.81,204.39,209.52,4817734.0,208.388,30471,False
2025-04-01 00:00:00+00:00,210.52,212.15,205.6,206.27,3944562.0,208.459,23032,False
2025-04-02 00:00:00+00:00,207.22,207.22,200.33,205.19,3936073.0,204.415,22844,False
2025-04-03 00:00:00+00:00,210.3,210.69,201.24,201.64,4359669.0,204.302,28062,False
2025-04-04 00:00:00+00:00,199.96,200.0,186.17,186.96,7607132.0,191.734,45282,False
2025-04-07 00:00:00+00:00,181.03,188.2,176.28,186.55,6778439.0,183.148,43919,False
2025-04-08 00:00:00+00:00,187.6,188.39,172.32,175.67,6790173.0,180.776,45403,False
2025-04-09 00:00:00+00:00,168.3,180.6,164.39,179.84,10595494.0,172.815,67741,False
2025-04-10 00:00:00+00:00,177.75,178.0,164.96,174.2,8514215.0,171.641,53741,False
2025-04-11 00:00:00+00:00,173.81,176.97,169.33,175.05,4998583.0,173.006,28886,False
2025-04-14 00:00:00+00:00,177.44,180.19,176.2,179.1,3755877.0,178.794,22027,False
2025-04-15 00:00:00+00:00,177.7,180.5,176.31,176.8,4887179.0,177.844,29006,False
2025-04-16 00:00:00+00:00,176.53,176.85,169.74,171.68,5608944.0,172.199,37317,False
2025-04-17 00:00:00+00:00,172.57,175.2,171.9,172.99,4272308.0,173.426,24282,False
2025-04-21 00:00:00+00:00,173.47,174.17,168.54,170.16,2830688.0,170.505,16400,False
2025-04-22 00:00:00+00:00,171.08,174.66,170.91,173.78,3455446.0,173.32,20312,False
2025-04-23 00:00:00+00:00,175.0,178.15,174.4,177.05,3879589.0,176.388,26986,False
2025-04-24 00:00:00+00:00,177.61,181.49,176.11,180.37,4957478.0,179.777,34999,False
2025-04-25 00:00:00+00:00,187.12,188.7,179.99,186.06,6187424.0,184.761,40480,False
2025-04-28 00:00:00+00:00,188.0,193.12,187.63,192.34,4762014.0,190.813,33047,False
2025-04-29 00:00:00+00:00,192.59,195.54,190.58,193.51,3345357.0,193.964,22468,False
2025-04-30 00:00:00+00:00,194.49,195.78,191.01,195.1,3615799.0,192.884,21153,False
2025-05-01 00:00:00+00:00,192.88,195.82,189.8,193.34,2484223.0,193.73,16028,False
2025-05-02 00:00:00+00:00,195.17,198.98,194.63,198.47,3041934.0,197.323,21822,False
2025-05-05 00:00:00+00:00,198.47,198.5,195.03,196.07,2024496.0,196.163,13168,False
2025-05-06 00:00:00+00:00,195.5,195.82,185.74,187.15,5033758.0,188.734,31683,False
2025-05-07 00:00:00+00:00,188.17,190.18,186.75,188.09,3006990.0,188.344,18226,False
2025-05-08 00:00:00+00:00,184.13,186.67,181.64,185.58,4796197.0,184.614,29245,False
2025-05-09 00:00:00+00:00,185.75,189.77,184.23,184.6,4666960.0,187.342,28128,False
2025-05-12 00:00:00+00:00,180.0,192.69,180.0,190.07,7510194.0,189.812,46908,False
2025-05-13 00:00:00+00:00,189.03,189.76,185.41,188.0,4204495.0,188.221,26706,False
2025-05-14 00:00:00+00:00,186.52,187.65,176.6,177.44,6830502.0,180.29,43123,False
2025-05-15 00:00:00+00:00,178.02,182.11,176.57,181.68,7631288.0,178.729,50932,False
2025-05-16 00:00:00+00:00,181.3,184.07,180.52,184.02,3267928.0,182.412,18766,False
2025-05-19 00:00:00+00:00,184.22,185.8,182.51,185.71,1942021.0,184.67,12508,False
2025-05-20 00:00:00+00:00,184.86,186.0,183.63,184.85,2751366.0,184.699,19790,False
2025-05-21 00:00:00+00:00,183.93,184.81,181.54,181.8,1875107.0,182.612,12568,False
2025-05-22 00:00:00+00:00,181.41,183.56,180.25,182.54,2363544.0,181.965,16672,False
2025-05-23 00:00:00+00:00,182.37,184.12,181.71,183.26,1786696.0,183.059,11736,False
2025-05-27 00:00:00+00:00,184.27,185.99,183.9,185.72,2619688.0,185.22,16641,False
2025-05-28 00:00:00+00:00,185.35,186.1,182.37,183.09,2261776.0,184.001,15938,False
2025-05-29 00:00:00+00:00,183.46,186.75,182.68,185.62,2473733.0,185.357,17040,False
2025-05-30 00:00:00+00:00,185.0,186.69,183.01,186.11,3482478.0,185.391,22082,False
2025-06-02 00:00:00+00:00,185.73,186.99,183.16,186.99,2278755.0,185.944,16277,False
2025-06-03 00:00:00+00:00,186.9,188.73,184.82,187.25,2511656.0,187.165,16540,False
2025-06-04 00:00:00+00:00,188.41,190.18,187.27,187.34,1877098.0,188.528,13259,False
2025-06-05 00:00:00+00:00,187.5,188.6,185.05,187.47,2151579.0,187.669,14850,False
2025-06-06 00:00:00+00:00,188.49,190.49,188.3,189.83,1644482.0,189.814,11533,False
2025-06-09 00:00:00+00:00,190.51,191.79,189.0,189.16,2166615.0,189.874,14397,False
2025-06-10 00:00:00+00:00,189.04,191.88,188.8,189.5,2229850.0,190.026,14851,False
2025-06-11 00:00:00+00:00,189.34,192.72,189.06,191.5,1908951.0,191.553,14821,False
2025-06-12 00:00:00+00:00,192.2,193.59,187.4,192.42,2772240.0,191.221,18407,False
2025-06-13 00:00:00+00:00,191.56,193.47,190.29,191.08,2504093.0,191.821,15548,False
2025-06-16 00:00:00+00:00,190.9,191.66,188.93,190.86,1581471.0,190.722,11035,False
2025-06-17 00:00:00+00:00,189.16,190.61,185.03,185.48,1898678.0,186.993,12543,False
2025-06-18 00:00:00+00:00,185.25,187.12,183.7,185.49,1688533.0,185.934,12047,False
2025-06-20 00:00:00+00:00,186.09,187.1,184.16,185.3,3753752.0,185.216,17635,False
2025-06-23 00:00:00+00:00,184.49,185.8,182.3,183.76,2072080.0,183.754,13352,False
2025-06-24 00:00:00+00:00,184.52,186.14,183.19,185.55,1969551.0,185.089,12061,False
2025-06-25 00:00:00+00:00,185.3,187.09,184.64,185.39,1970615.0,185.922,12928,False
2025-06-26 00:00:00+00:00,186.53,188.99,185.79,186.79,2776153.0,187.064,17639,False
2025-06-27 00:00:00+00:00,187.9,188.0,181.73,182.31,5061081.0,184.519,29937,False
2025-06-30 00:00:00+00:00,182.43,186.25,181.75,185.62,2677274.0,184.709,17636,False
2025-07-01 00:00:00+00:00,185.01,191.76,184.38,189.99,3192009.0,189.248,21325,False
2025-07-02 00:00:00+00:00,189.7,192.59,189.53,190.75,2206356.0,191.233,14939,False
2025-07-03 00:00:00+00:00,191.15,191.47,188.87,189.28,2034564.0,189.528,10758,False
2025-07-07 00:00:00+00:00,189.44,191.39,186.82,187.63,3061816.0,188.638,18847,False
2025-07-08 00:00:00+00:00,186.79,193.0,186.67,189.77,2315361.0,190.324,15897,False
2025-07-09 00:00:00+00:00,188.5,191.1,188.32,190.62,2057657.0,189.872,12920,False
2025-07-10 00:00:00+00:00,190.5,197.5,189.56,195.0,3165749.0,194.92,21270,False
2025-07-11 00:00:00+00:00,193.89,194.0,191.16,192.45,2783389.0,192.302,17456,False
2025-07-14 00:00:00+00:00,191.72,192.67,190.04,191.52,1650996.0,191.163,10862,False
2025-07-15 00:00:00+00:00,190.21,190.67,185.01,186.39,2895866.0,186.6,18712,False
2025-07-16 00:00:00+00:00,186.92,191.39,186.5,190.58,2572100.0,190.077,16167,False
2025-07-17 00:00:00+00:00,189.0,192.12,188.26,191.4,2181197.0,190.785,12807,False
2025-07-18 00:00:00+00:00,191.5,192.34,188.57,189.26,1919432.0,190.094,10653,False
2025-07-21 00:00:00+00:00,189.62,189.9,184.63,184.85,2483549.0,186.641,15983,False
2025-07-22 00:00:00+00:00,184.94,188.2,184.9,187.11,2141594.0,186.824,14103,False
2025-07-23 00:00:00+00:00,187.05,190.8,186.77,190.55,2008883.0,189.193,13519,False
2025-07-24 00:00:00+00:00,190.76,192.24,189.99,190.83,1390566.0,191.155,7940,False
2025-07-25 00:00:00+00:00,191.4,191.4,188.53,190.28,1503679.0,190.012,10143,False
2025-07-28 00:00:00+00:00,191.21,191.21,187.64,188.52,1337926.0,189.163,8639,False
2025-07-29 00:00:00+00:00,189.15,192.49,187.86,191.22,2573762.0,191.273,16466,False
2025-07-30 00:00:00+00:00,191.77,192.7,188.01,189.31,1926595.0,190.084,11653,False
2025-07-31 00:00:00+00:00,197.06,198.83,187.62,189.02,4873566.0,192.582,29182,False
2025-08-01 00:00:00+00:00,189.92,197.06,189.78,195.22,4088796.0,195.041,26083,False
2025-08-04 00:00:00+00:00,194.81,197.37,193.72,197.19,1998927.0,196.11,12643,False
2025-08-05 00:00:00+00:00,197.55,199.89,196.48,198.55,2091059.0,198.189,11715,False
2025-08-06 00:00:00+00:00,197.23,198.05,194.67,196.3,1664501.0,195.728,10431,False
2025-08-07 00:00:00+00:00,197.05,199.83,196.5,198.86,2427658.0,198.448,15472,False
2025-08-08 00:00:00+00:00,199.08,200.33,197.14,198.05,2081155.0,198.561,11740,False
2025-08-11 00:00:00+00:00,198.18,199.43,196.89,198.64,2405545.0,197.728,15823,False
2025-08-12 00:00:00+00:00,198.09,200.02,197.05,198.64,1384520.0,198.398,9210,False
2025-08-13 00:00:00+00:00,199.76,201.72,199.21,201.47,1583830.0,200.9,10493,False
2025-08-14 00:00:00+00:00,201.8,205.06,200.86,204.68,2217812.0,204.094,14222,False
2025-08-15 00:00:00+00:00,205.91,206.84,204.32,206.69,2245122.0,205.881,11009,False
2025-08-18 00:00:00+00:00,206.6,208.34,205.96,206.57,2230064.0,206.918,10386,False
2025-08-19 00:00:00+00:00,206.53,207.8,205.1,206.19,1680454.0,206.266,10387,False
2025-08-20 00:00:00+00:00,206.65,211.7,206.65,209.15,2703317.0,209.496,16357,False
2025-08-21 00:00:00+00:00,209.14,212.45,208.87,209.5,2127526.0,210.782,12887,False
2025-08-22 00:00:00+00:00,210.49,211.47,207.12,210.6,2079160.0,209.664,12128,False
2025-08-25 00:00:00+00:00,210.3,211.3,207.05,207.55,994219.0,208.297,6343,False
2025-08-26 00:00:00+00:00,207.52,208.58,206.57,208.36,1041399.0,207.766,6939,False
2025-08-27 00:00:00+00:00,208.82,210.42,207.81,208.06,1694525.0,208.755,10803,False
2025-08-28 00:00:00+00:00,207.65,208.01,205.49,207.92,1710700.0,207.097,9415,False
2025-08-29 00:00:00+00:00,208.0,211.0,207.9,210.4,2044750.0,209.763,10017,False
2025-09-02 00:00:00+00:00,209.98,212.16,208.99,211.92,1685160.0,211.05,10612,False
2025-09-03 00:00:00+00:00,212.42,213.42,211.48,211.86,1798411.0,212.236,11871,False
2025-09-04 00:00:00+00:00,212.25,214.19,211.66,213.0,1583632.0,212.658,10254,False
2025-09-05 00:00:00+00:00,212.55,214.34,211.0,212.56,1913943.0,212.312,11324,False
2025-09-08 00:00:00+00:00,210.99,212.0,207.61,209.79,2491249.0,209.201,16085,False
2025-09-09 00:00:00+00:00,209.53,210.72,209.12,210.42,1374385.0,209.853,9086,False
2025-09-10 00:00:00+00:00,210.23,212.27,208.43,211.64,2002457.0,210.507,12683,False
2025-09-11 00:00:00+00:00,220.35,221.77,216.75,220.22,3734471.0,220.276,20974,False
2025-09-12 00:00:00+00:00,219.12,220.38,218.22,218.34,1751464.0,219.383,10900,False
2025-09-15 00:00:00+00:00,219.6,219.6,214.31,217.61,2637875.0,216.68,15911,False
2025-09-16 00:00:00+00:00,218.33,218.71,215.84,216.26,1663254.0,216.768,10563,False
2025-09-17 00:00:00+00:00,219.1,221.55,217.3,220.81,2663444.0,220.294,15612,False
2025-09-18 00:00:00+00:00,221.07,222.07,219.92,221.99,2082218.0,221.201,14027,False
2025-09-19 00:00:00+00:00,222.42,223.49,221.58,222.47,3489205.0,222.594,15866,False
2025-09-22 00:00:00+00:00,222.46,225.16,221.43,222.59,2791862.0,223.898,15494,False
2025-09-23 00:00:00+00:00,222.01,224.41,221.92,222.61,2109054.0,223.079,13805,False
2025-09-24 00:00:00+00:00,222.0,222.24,218.54,219.99,1707898.0,219.978,11916,False
2025-09-25 00:00:00+00:00,220.1,222.26,218.03,218.54,2665274.0,219.233,17759,False
2025-09-26 00:00:00+00:00,220.63,221.48,217.67,220.61,1920694.0,219.726,11739,False
2025-09-29 00:00:00+00:00,220.75,223.24,219.79,223.16,1789522.0,221.702,11805,False
2025-09-30 00:00:00+00:00,223.06,232.36,222.56,231.54,3407972.0,229.503,23859,False
2025-10-01 00:00:00+00:00,233.64,244.81,232.0,244.38,5881146.0,240.854,37804,False
2025-10-02 00:00:00+00:00,240.89,242.67,234.52,236.56,4622178.0,237.647,28054,False
2025-10-03 00:00:00+00:00,236.9,238.84,233.71,233.91,2989779.0,235.77,16895,False
2025-10-06 00:00:00+00:00,231.71,232.95,227.92,230.19,3083546.0,229.797,19567,False
2025-10-07 00:00:00+00:00,231.29,234.08,227.59,232.83,2077882.0,232.061,13515,False
2025-10-08 00:00:00+00:00,231.48,233.0,229.68,231.24,1831787.0,231.611,12260,False
2025-10-09 00:00:00+00:00,233.27,233.79,230.62,230.69,2039962.0,231.546,12982,False
2025-10-10 00:00:00+00:00,231.51,234.68,230.5,230.5,3204237.0,232.24,22303,False
2025-10-13 00:00:00+00:00,230.0,233.81,229.22,230.3,2586954.0,231.78,17992,False
2025-10-14 00:00:00+00:00,228.07,230.65,227.51,229.13,2860381.0,229.185,18348,False
2025-10-15 00:00:00+00:00,227.2,228.95,225.32,226.22,2336255.0,227.007,14716,False
2025-10-16 00:00:00+00:00,226.22,228.11,225.46,226.87,2004478.0,226.769,13564,False
2025-10-17 00:00:00+00:00,227.52,230.72,226.8,229.57,2005370.0,229.007,12488,False
2025-10-20 00:00:00+00:00,231.0,232.26,230.0,232.06,1728237.0,231.298,11795,False
2025-10-21 00:00:00+00:00,232.15,232.81,229.83,231.39,1428061.0,231.121,9329,False
2025-10-22 00:00:00+00:00,231.67,232.16,228.43,228.68,1448242.0,230.184,10049,False
2025-10-23 00:00:00+00:00,228.99,229.86,227.25,228.25,2186607.0,228.672,11344,False
2025-10-24 00:00:00+00:00,228.78,229.04,226.25,227.99,1790360.0,227.698,9132,False
2025-10-27 00:00:00+00:00,227.95,228.6,227.12,228.03,1032726.0,227.818,6621,False
2025-10-28 00:00:00+00:00,227.0,228.4,224.31,227.54,1653059.0,227.302,9534,False
2025-10-29 00:00:00+00:00,227.62,228.0,224.04,225.14,2169668.0,225.965,14176,False
2025-10-30 00:00:00+00:00,227.05,229.65,226.41,228.2,2309577.0,228.086,15240,False
2025-10-31 00:00:00+00:00,223.0,223.87,216.0,218.04,4501107.0,218.639,29902,False
2025-11-03 00:00:00+00:00,216.68,219.0,211.69,211.96,4223250.0,213.616,29683,False
2025-11-04 00:00:00+00:00,212.37,217.08,212.37,215.89,2958665.0,215.579,18790,False
2025-11-05 00:00:00+00:00,215.74,217.43,212.6,216.77,2133396.0,215.884,14496,False
2025-11-06 00:00:00+00:00,215.89,219.69,215.65,219.04,2002948.0,218.003,12630,False
2025-11-07 00:00:00+00:00,219.31,220.99,217.09,219.16,1805909.0,218.807,11342,False
2025-11-10 00:00:00+00:00,217.0,219.86,216.14,218.71,1768093.0,217.976,11342,False
2025-11-11 00:00:00+00:00,219.0,225.42,219.0,225.17,2051505.0,223.324,13588,False
2025-11-12 00:00:00+00:00,225.4,234.0,225.29,233.23,4647390.0,231.583,29789,False
2025-11-13 00:00:00+00:00,233.74,239.29,232.16,232.29,4371997.0,236.627,28071,False
2025-11-14 00:00:00+00:00,233.61,235.0,230.32,232.36,2587010.0,233.035,15711,False
2025-11-17 00:00:00+00:00,233.26,235.35,230.0,234.0,2488065.0,234.006,14977,False
2025-11-18 00:00:00+00:00,235.0,237.19,233.04,233.87,3499499.0,234.477,20648,False
2025-11-19 00:00:00+00:00,233.54,238.15,230.36,232.91,3982440.0,233.485,22673,False
2025-11-20 00:00:00+00:00,233.26,234.95,228.0,229.45,1927369.0,229.967,13130,False
2025-11-21 00:00:00+00:00,230.55,238.01,230.14,236.28,3755160.0,235.484,20675,False
2025-11-24 00:00:00+00:00,236.0,237.62,228.48,229.51,2956068.0,232.175,17750,False
2025-11-25 00:00:00+00:00,230.32,234.08,230.31,231.8,2736968.0,232.196,16226,False
2025-11-26 00:00:00+00:00,232.04,232.48,226.64,227.66,1932739.0,228.17,12750,False
2025-11-28 00:00:00+00:00,226.85,228.09,225.51,227.7,1057907.0,226.967,7043,False
2025-12-01 00:00:00+00:00,227.19,229.49,223.98,225.11,1639083.0,225.35,11252,False
2025-12-02 00:00:00+00:00,224.82,226.64,223.11,224.37,1881724.0,224.887,11864,False
2025-12-03 00:00:00+00:00,224.84,230.79,224.52,230.24,2277700.0,228.792,14699,False
2025-12-04 00:00:00+00:00,230.58,230.94,227.59,228.71,1364839.0,228.93,8932,False
2025-12-05 00:00:00+00:00,228.93,229.25,225.05,226.08,1645061.0,226.379,10704,False
2025-12-08 00:00:00+00:00,226.08,226.12,222.39,223.12,1442098.0,224.365,10123,False
2025-12-09 00:00:00+00:00,223.89,224.82,220.23,222.99,1709050.0,223.028,10655,False
2025-12-10 00:00:00+00:00,225.0,225.98,221.0,225.18,3072257.0,223.956,20101,False
2025-12-11 00:00:00+00:00,225.54,225.96,222.24,223.98,1626940.0,223.778,11152,False
2025-12-12 00:00:00+00:00,223.69,223.82,221.1,223.32,2522016.0,222.358,15770,False
2025-12-15 00:00:00+00:00,224.24,228.3,223.56,227.45,2609757.0,226.92,16984,False
2025-12-16 00:00:00+00:00,226.41,226.84,221.91,223.67,2211037.0,223.678,14452,False
2025-12-17 00:00:00+00:00,223.88,226.41,222.86,224.31,1808995.0,224.994,12835,False
2025-12-18 00:00:00+00:00,224.0,226.26,222.79,222.82,1627102.0,224.395,10504,False
2025-12-19 00:00:00+00:00,222.95,229.47,222.35,226.82,5041463.0,226.125,22775,False
2025-12-22 00:00:00+00:00,226.11,228.65,224.25,227.91,1914718.0,227.153,11559,False
2025-12-23 00:00:00+00:00,228.22,230.79,227.91,228.79,1317805.0,229.362,7949,False
2025-12-24 00:00:00+00:00,229.46,230.8,228.98,229.89,722452.0,230.232,3886,False
2025-12-26 00:00:00+00:00,229.82,230.61,228.68,229.98,677385.0,229.668,4169,False
2025-12-29 00:00:00+00:00,230.15,232.02,229.74,230.84,961672.0,231.003,6096,False
2025-12-30 00:00:00+00:00,230.77,231.21,228.62,229.74,1043169.0,229.592,6715,False
2025-12-31 00:00:00+00:00,229.74,230.25,228.43,228.49,780206.0,229.314,5196,False
2026-01-02 00:00:00+00:00,228.74,230.74,225.71,229.31,1443029.0,229.056,8981,False
2026-01-05 00:00:00+00:00,227.0,227.25,217.86,220.18,3791769.0,220.3,24522,False
2026-01-06 00:00:00+00:00,219.75,224.2,219.55,223.93,3266201.0,222.343,20298,False
2026-01-07 00:00:00+00:00,225.24,237.04,224.74,233.42,5393446.0,231.665,33076,False
2026-01-08 00:00:00+00:00,231.13,231.54,223.12,224.13,3859460.0,225.87,23207,False
2026-01-09 00:00:00+00:00,223.75,225.12,219.0,220.08,3375888.0,221.539,18725,False
2026-01-12 00:00:00+00:00,221.17,222.49,218.39,220.04,1867821.0,219.94,11115,False
2026-01-13 00:00:00+00:00,219.53,220.75,215.85,220.75,2206510.0,218.729,13244,False
2026-01-14 00:00:00+00:00,221.0,223.34,217.0,221.89,3735219.0,220.959,22035,False
2026-01-15 00:00:00+00:00,222.52,223.03,215.83,216.75,3267759.0,217.569,18964,False
2026-01-16 00:00:00+00:00,215.61,217.35,213.88,214.35,3514473.0,215.247,15898,False
2026-01-20 00:00:00+00:00,211.7,214.04,209.96,214.04,3471288.0,212.737,16924,False
2026-01-21 00:00:00+00:00,212.47,218.0,211.57,216.15,6046450.0,215.647,19970,False
2026-01-22 00:00:00+00:00,216.28,219.05,214.76,218.11,3045676.0,217.832,19019,False
2026-01-23 00:00:00+00:00,217.26,219.82,215.88,219.26,2641275.0,218.395,14593,False
2026-01-26 00:00:00+00:00,219.11,221.48,218.5,220.77,2983529.0,220.181,15693,False
2026-01-27 00:00:00+00:00,220.88,226.86,220.65,223.93,2760143.0,223.888,15714,False
2026-01-28 00:00:00+00:00,223.6,224.03,216.7,218.67,2570652.0,219.451,15958,False
2026-01-29 00:00:00+00:00,218.0,224.14,218.0,220.43,2727404.0,221.651,18483,False
2026-01-30 00:00:00+00:00,220.51,224.02,219.55,223.01,2158491.0,221.936,13518,False
2026-02-02 00:00:00+00:00,224.85,229.79,224.42,225.64,2104232.0,226.431,12930,False
2026-02-03 00:00:00+00:00,223.95,228.7,223.64,225.66,3374632.0,226.445,19610,False
2026-02-04 00:00:00+00:00,209.78,220.85,204.27,217.11,8785714.0,213.714,49698,False
2026-02-05 00:00:00+00:00,216.9,219.87,214.04,219.02,5971905.0,217.054,39378,False
2026-02-06 00:00:00+00:00,218.75,225.82,218.5,223.43,3545678.0,223.175,20966,False
2026-02-09 00:00:00+00:00,223.42,223.96,220.12,223.26,3213976.0,222.037,19057,False
2026-02-10 00:00:00+00:00,223.75,225.81,221.94,222.44,3137336.0,224.068,15769,False
2026-02-11 00:00:00+00:00,222.27,224.15,218.05,220.89,4750010.0,220.879,21228,False
2026-02-12 00:00:00+00:00,221.57,229.05,220.91,227.5,4809849.0,226.165,26205,False
2026-02-13 00:00:00+00:00,228.42,234.74,228.0,231.5,4146908.0,232.062,23902,False
2026-02-17 00:00:00+00:00,232.66,235.25,231.19,232.86,3593600.0,232.875,20422,False
2026-02-18 00:00:00+00:00,234.0,234.0,226.07,228.72,2760534.0,228.164,17299,False
2026-02-19 00:00:00+00:00,228.97,229.37,223.02,224.35,2319926.0,224.598,13945,False
2026-02-20 00:00:00+00:00,225.04,226.69,223.11,224.81,2618736.0,225.263,14680,False
2026-02-23 00:00:00+00:00,225.82,231.43,225.79,229.48,2828881.0,228.68,14138,False
2026-02-24 00:00:00+00:00,229.0,230.76,227.67,228.44,2029087.0,228.611,12591,False
2026-02-25 00:00:00+00:00,229.71,232.55,226.47,226.92,2266218.0,229.04,13919,False
2026-02-26 00:00:00+00:00,227.59,227.78,221.12,224.69,2701183.0,224.229,16276,False
2026-02-27 00:00:00+00:00,225.1,232.27,225.06,232.08,2726751.0,229.352,16499,False
2026-03-02 00:00:00+00:00,233.66,235.66,231.9,234.26,3374574.0,233.791,20232,False
2026-03-03 00:00:00+00:00,233.36,235.71,230.24,233.86,3277741.0,233.325,24519,False
2026-03-04 00:00:00+00:00,233.56,237.11,232.07,236.19,2890948.0,234.925,18562,False
2026-03-05 00:00:00+00:00,233.42,234.8,228.0,232.35,4429510.0,230.891,29241,False
2026-03-06 00:00:00+00:00,230.36,231.6,226.8,230.11,2942012.0,229.398,17536,False
2026-03-09 00:00:00+00:00,229.97,230.68,223.23,227.45,3880603.0,226.674,24106,False
2026-03-10 00:00:00+00:00,227.66,231.27,226.16,227.01,3315986.0,227.723,20342,False
2026-03-11 00:00:00+00:00,226.05,229.29,225.29,227.68,2230295.0,227.647,15009,False
2026-03-12 00:00:00+00:00,225.12,227.81,223.57,225.37,2992345.0,226.085,19647,False
2026-03-13 00:00:00+00:00,226.89,228.62,219.44,219.68,1778651.0,222.823,10635,False
2026-03-16 00:00:00+00:00,221.09,224.37,220.31,221.45,1527808.0,221.859,9220,False
2026-03-17 00:00:00+00:00,222.04,223.28,219.76,219.76,1745465.0,221.638,10036,False
2026-03-18 00:00:00+00:00,218.5,219.0,207.6,208.34,4649405.0,210.323,26623,False
2026-03-19 00:00:00+00:00,208.37,210.43,204.3,206.23,3412552.0,206.817,21149,False
2026-03-20 00:00:00+00:00,206.27,207.78,203.06,205.07,5051641.0,205.264,25406,False
2026-03-23 00:00:00+00:00,207.36,208.62,203.22,204.93,3437900.0,204.963,19445,False
2026-03-24 00:00:00+00:00,203.04,206.01,201.8,205.2,2731228.0,204.678,16992,False
2026-03-25 00:00:00+00:00,206.86,209.68,205.85,207.18,2306247.0,207.299,13456,False
2026-03-26 00:00:00+00:00,207.19,211.45,205.76,211.12,2306799.0,210.125,15383,False
2026-03-27 00:00:00+00:00,211.42,213.49,209.12,209.4,2515488.0,211.172,16340,False
2026-03-30 00:00:00+00:00,212.26,213.94,210.78,213.12,2622420.0,212.805,15481,False
2026-03-31 00:00:00+00:00,215.06,219.17,214.85,217.49,3431084.0,216.833,20542,False
2026-04-01 00:00:00+00:00,218.37,220.45,213.75,214.98,2909644.0,215.553,18089,False
2026-04-02 00:00:00+00:00,213.99,214.56,207.71,208.84,2626341.0,210.118,15902,False
2026-04-06 00:00:00+00:00,207.04,209.0,205.3,206.69,2374787.0,206.728,11993,False
2026-04-07 00:00:00+00:00,206.23,206.49,201.66,206.37,3191000.0,203.821,19501,False
2026-04-08 00:00:00+00:00,206.26,212.22,204.56,211.59,1985611.0,209.825,12047,False
2026-04-09 00:00:00+00:00,209.48,213.51,208.74,212.4,1347892.0,211.9,8824,False
2026-04-10 00:00:00+00:00,213.55,214.1,207.75,207.94,1856840.0,209.85,11363,False
2026-04-13 00:00:00+00:00,206.43,208.08,203.01,206.47,3166730.0,204.947,17964,False
2026-04-14 00:00:00+00:00,204.8,210.42,204.06,210.26,3066222.0,208.35,17409,False
2026-04-15 00:00:00+00:00,208.99,209.82,205.54,208.42,2444662.0,207.654,14131,False
2026-04-16 00:00:00+00:00,207.78,209.66,206.52,208.99,2467127.0,208.622,14818,False
2026-04-17 00:00:00+00:00,209.66,212.35,207.82,208.38,3661984.0,209.86,19307,False
2026-04-20 00:00:00+00:00,207.94,208.33,202.84,203.71,2765879.0,205.163,16601,False
2026-04-21 00:00:00+00:00,204.01,206.2,200.92,205.12,2890757.0,204.336,16036,False
2026-04-22 00:00:00+00:00,205.17,205.99,199.81,200.5,3815576.0,201.608,24399,False
2026-04-23 00:00:00+00:00,201.05,202.76,200.4,200.95,3640218.0,201.211,23563,False
2026-04-24 00:00:00+00:00,198.93,200.25,197.14,198.71,3245051.0,198.55,18256,False
2026-04-27 00:00:00+00:00,198.0,201.42,196.23,197.38,3520731.0,198.692,20451,False
2026-04-28 00:00:00+00:00,198.67,199.18,196.44,197.69,2895111.0,197.765,18366,False
2026-04-29 00:00:00+00:00,192.0,205.83,190.75,203.89,5692805.0,201.807,29690,False
2026-04-30 00:00:00+00:00,209.0,214.87,208.17,211.32,4924121.0,212.584,27886,False
2026-05-01 00:00:00+00:00,211.0,211.0,205.57,206.6,3166836.0,207.842,19148,False
2026-05-04 00:00:00+00:00,205.71,208.34,204.87,208.16,2107574.0,207.109,11967,False
2026-05-05 00:00:00+00:00,208.97,209.52,205.83,206.11,1964557.0,206.845,11922,False
2026-05-06 00:00:00+00:00,206.11,207.01,203.55,205.03,2003443.0,205.109,11498,False
2026-05-07 00:00:00+00:00,204.92,207.0,202.03,202.71,2068133.0,203.246,12080,False
2026-05-08 00:00:00+00:00,201.92,202.4,200.02,201.55,2107104.0,201.123,10813,False
2026-05-11 00:00:00+00:00,202.01,205.38,202.01,202.78,1965887.0,203.254,11547,False
2026-05-12 00:00:00+00:00,204.59,211.32,203.51,207.86,3121125.0,208.298,17523,False
2026-05-13 00:00:00+00:00,206.86,209.53,204.3,208.5,2569845.0,207.401,15309,False
2026-05-14 00:00:00+00:00,209.5,213.51,208.35,210.77,2429603.0,211.212,14435,False
2026-05-15 00:00:00+00:00,213.1,214.92,209.02,210.39,2384509.0,211.428,11763,False
