date,open,high,low,close,volume,average,barCount,is_rth
2025-11-17 09:00:00+00:00,9.16,9.16,9.16,9.16,163.0,9.16,1,False
2025-11-17 10:00:00+00:00,9.16,9.16,9.16,9.16,0.0,9.16,0,False
2025-11-17 11:00:00+00:00,9.16,9.16,9.16,9.16,0.0,9.16,0,False
2025-11-17 12:00:00+00:00,9.16,9.16,9.16,9.16,0.0,9.16,0,False
2025-11-17 13:00:00+00:00,9.16,9.16,9.16,9.16,0.0,9.16,0,False
2025-11-17 14:00:00+00:00,9.19,9.21,9.07,9.16,47658.0,9.156,161,False
2025-11-17 15:00:00+00:00,9.15,9.31,9.15,9.3,25175.0,9.249,188,True
2025-11-17 16:00:00+00:00,9.3,9.52,9.25,9.5,69319.0,9.374,405,True
2025-11-17 17:00:00+00:00,9.5,9.56,9.49,9.51,73954.0,9.511,342,True
2025-11-17 18:00:00+00:00,9.5,9.54,9.45,9.47,44638.0,9.509,290,True
2025-11-17 19:00:00+00:00,9.46,9.46,9.34,9.38,81989.0,9.407,493,True
2025-11-17 20:00:00+00:00,9.37,9.43,9.32,9.35,217592.0,9.362,1321,True
2025-11-17 21:00:00+00:00,9.33,9.33,9.33,9.33,136698.0,9.33,5,False
2025-11-17 22:00:00+00:00,9.33,9.33,9.33,9.33,0.0,9.33,0,False
2025-11-17 23:00:00+00:00,9.33,9.33,9.33,9.33,0.0,9.33,0,False
2025-11-18 00:00:00+00:00,9.33,9.33,9.33,9.33,0.0,9.33,0,False
2025-11-18 13:00:00+00:00,9.52,9.52,9.52,9.52,228.0,9.52,1,False
2025-11-18 14:00:00+00:00,9.3,9.3,9.13,9.16,49103.0,9.216,209,False
2025-11-18 15:00:00+00:00,9.16,9.19,9.05,9.07,113376.0,9.097,499,True
2025-11-18 16:00:00+00:00,9.06,9.1,9.02,9.07,69634.0,9.064,451,True
2025-11-18 17:00:00+00:00,9.07,9.15,9.03,9.14,68203.0,9.065,444,True
2025-11-18 18:00:00+00:00,9.15,9.24,9.13,9.18,23335.0,9.187,167,True
2025-11-18 19:00:00+00:00,9.18,9.18,9.09,9.1,24142.0,9.124,179,True
2025-11-18 20:00:00+00:00,9.1,9.19,9.08,9.11,171938.0,9.134,843,True
2025-11-18 21:00:00+00:00,9.1,9.1,9.1,9.1,106071.0,9.1,9,False
2025-11-18 22:00:00+00:00,9.1,9.1,9.1,9.1,0.0,9.1,0,False
2025-11-18 23:00:00+00:00,9.1,9.1,9.1,9.1,0.0,9.1,0,False
2025-11-19 00:00:00+00:00,9.1,9.1,9.1,9.1,0.0,9.1,0,False
2025-11-19 14:00:00+00:00,9.12,9.14,8.99,9.02,15418.0,9.059,69,False
2025-11-19 15:00:00+00:00,9.03,9.15,9.02,9.07,56455.0,9.079,282,True
2025-11-19 16:00:00+00:00,9.06,9.06,8.99,9.03,25961.0,9.017,146,True
2025-11-19 17:00:00+00:00,9.03,9.05,9.01,9.03,31680.0,9.026,165,True
2025-11-19 18:00:00+00:00,9.03,9.08,9.02,9.08,24079.0,9.052,156,True
2025-11-19 19:00:00+00:00,9.08,9.09,9.0,9.02,20462.0,9.042,151,True
2025-11-19 20:00:00+00:00,9.02,9.18,9.01,9.11,186707.0,9.112,1207,True
2025-11-19 21:00:00+00:00,9.1,9.1,9.1,9.1,148833.0,9.1,4,False
2025-11-19 22:00:00+00:00,9.1,9.1,9.1,9.1,0.0,9.1,0,False
2025-11-19 23:00:00+00:00,9.1,9.1,9.1,9.1,0.0,9.1,0,False
2025-11-20 00:00:00+00:00,9.1,9.1,9.1,9.1,0.0,9.1,0,False
2025-11-20 14:00:00+00:00,9.19,9.36,9.12,9.21,21868.0,9.204,117,False
2025-11-20 15:00:00+00:00,9.23,9.24,9.15,9.24,58299.0,9.191,324,True
2025-11-20 16:00:00+00:00,9.24,9.27,9.03,9.07,136309.0,9.096,539,True
2025-11-20 17:00:00+00:00,9.08,9.11,9.01,9.03,34210.0,9.064,190,True
2025-11-20 18:00:00+00:00,9.03,9.1,9.03,9.03,19424.0,9.051,130,True
2025-11-20 19:00:00+00:00,9.04,9.18,9.04,9.18,46862.0,9.114,299,True
2025-11-20 20:00:00+00:00,9.17,9.18,9.08,9.1,137961.0,9.123,913,True
2025-11-20 21:00:00+00:00,9.11,9.11,9.11,9.11,133922.0,9.11,4,False
2025-11-20 22:00:00+00:00,9.11,9.11,9.11,9.11,0.0,9.11,0,False
2025-11-20 23:00:00+00:00,9.11,9.11,9.11,9.11,0.0,9.11,0,False
2025-11-21 00:00:00+00:00,9.11,9.11,9.11,9.11,0.0,9.11,0,False
2025-11-21 14:00:00+00:00,9.12,9.39,9.1,9.37,52726.0,9.174,87,False
2025-11-21 15:00:00+00:00,9.38,9.54,9.38,9.5,69386.0,9.471,392,True
2025-11-21 16:00:00+00:00,9.51,9.62,9.43,9.62,164404.0,9.507,482,True
2025-11-21 17:00:00+00:00,9.62,9.67,9.58,9.66,32709.0,9.615,202,True
2025-11-21 18:00:00+00:00,9.67,9.7,9.59,9.63,43995.0,9.641,268,True
2025-11-21 19:00:00+00:00,9.63,9.71,9.6,9.69,41238.0,9.676,285,True
2025-11-21 20:00:00+00:00,9.7,9.7,9.56,9.59,187245.0,9.618,1146,True
2025-11-21 21:00:00+00:00,9.59,9.59,9.59,9.59,167251.0,9.59,9,False
2025-11-21 22:00:00+00:00,9.59,9.59,9.59,9.59,0.0,9.59,0,False
2025-11-21 23:00:00+00:00,9.59,9.59,9.59,9.59,0.0,9.59,0,False
2025-11-22 00:00:00+00:00,9.59,9.59,9.59,9.59,0.0,9.59,0,False
2025-11-24 14:00:00+00:00,9.58,9.72,9.45,9.69,28330.0,9.603,101,False
2025-11-24 15:00:00+00:00,9.69,9.75,9.54,9.66,147632.0,9.622,351,True
2025-11-24 16:00:00+00:00,9.65,9.77,9.65,9.73,41697.0,9.706,264,True
2025-11-24 17:00:00+00:00,9.74,9.79,9.71,9.75,39996.0,9.747,208,True
2025-11-24 18:00:00+00:00,9.75,9.76,9.7,9.76,34268.0,9.731,222,True
2025-11-24 19:00:00+00:00,9.75,9.8,9.74,9.77,36027.0,9.768,224,True
2025-11-24 20:00:00+00:00,9.77,9.88,9.74,9.86,217331.0,9.818,1221,True
2025-11-24 21:00:00+00:00,9.86,9.86,9.75,9.75,278445.0,9.86,9,False
2025-11-24 22:00:00+00:00,9.86,9.86,9.86,9.86,750.0,9.86,1,False
2025-11-24 23:00:00+00:00,9.86,9.86,9.86,9.86,0.0,9.86,0,False
2025-11-25 00:00:00+00:00,9.86,9.86,9.86,9.86,0.0,9.86,0,False
2025-11-25 13:00:00+00:00,10.05,10.05,10.05,10.05,1495.0,10.05,1,False
2025-11-25 14:00:00+00:00,9.94,10.1,9.87,10.09,90157.0,10.005,325,False
2025-11-25 15:00:00+00:00,10.09,10.2,10.07,10.18,113722.0,10.133,641,True
2025-11-25 16:00:00+00:00,10.18,10.21,9.99,10.19,209804.0,10.1,722,True
2025-11-25 17:00:00+00:00,10.19,10.21,9.75,9.77,166873.0,10.003,904,True
2025-11-25 18:00:00+00:00,9.78,9.8,9.48,9.64,163324.0,9.678,666,True
2025-11-25 19:00:00+00:00,9.64,9.68,9.57,9.62,47632.0,9.628,337,True
2025-11-25 20:00:00+00:00,9.62,9.7,9.53,9.68,390444.0,9.642,2126,True
2025-11-25 21:00:00+00:00,9.68,9.68,9.68,9.68,200964.0,9.68,4,False
2025-11-25 22:00:00+00:00,9.78,9.78,9.77,9.78,100.0,9.779,1,False
2025-11-25 23:00:00+00:00,9.78,9.78,9.78,9.78,0.0,9.78,0,False
2025-11-26 00:00:00+00:00,9.78,9.78,9.77,9.78,0.0,9.78,0,False
2025-11-26 14:00:00+00:00,9.7,9.85,9.7,9.74,40600.0,9.769,132,False
2025-11-26 15:00:00+00:00,9.74,9.77,9.67,9.72,31269.0,9.736,217,True
2025-11-26 16:00:00+00:00,9.71,9.72,9.65,9.68,33740.0,9.684,260,True
2025-11-26 17:00:00+00:00,9.69,9.71,9.62,9.63,29088.0,9.663,231,True
2025-11-26 18:00:00+00:00,9.63,9.68,9.63,9.67,37595.0,9.656,253,True
2025-11-26 19:00:00+00:00,9.68,9.76,9.65,9.66,41529.0,9.695,291,True
2025-11-26 20:00:00+00:00,9.66,9.73,9.59,9.62,214681.0,9.655,1212,True
2025-11-26 21:00:00+00:00,9.61,9.8,9.61,9.8,420989.0,9.61,10,False
2025-11-26 22:00:00+00:00,9.8,9.8,9.8,9.8,0.0,9.8,0,False
2025-11-26 23:00:00+00:00,9.8,9.8,9.8,9.8,0.0,9.8,0,False
2025-11-27 00:00:00+00:00,9.8,9.8,9.8,9.8,0.0,9.8,0,False
2025-11-28 14:00:00+00:00,9.67,9.82,9.56,9.6,16666.0,9.658,97,False
2025-11-28 15:00:00+00:00,9.6,9.72,9.56,9.69,44568.0,9.672,341,True
2025-11-28 16:00:00+00:00,9.68,9.69,9.54,9.59,49866.0,9.619,356,True
2025-11-28 17:00:00+00:00,9.59,9.69,9.57,9.65,101849.0,9.636,663,True
2025-11-28 18:00:00+00:00,9.66,9.66,9.66,9.66,82684.0,9.66,3,True
2025-11-28 19:00:00+00:00,9.66,9.66,9.66,9.66,0.0,9.66,0,True
2025-11-28 20:00:00+00:00,9.66,9.66,9.66,9.66,0.0,9.66,0,True
2025-11-28 21:00:00+00:00,9.66,9.66,9.66,9.66,0.0,9.66,0,False
2025-12-01 12:00:00+00:00,9.5,9.59,9.5,9.55,958.0,9.538,6,False
2025-12-01 13:00:00+00:00,9.5,9.5,9.5,9.5,207.0,9.5,1,False
2025-12-01 14:00:00+00:00,9.36,9.68,9.36,9.66,21602.0,9.588,91,False
2025-12-01 15:00:00+00:00,9.66,9.68,9.56,9.67,42343.0,9.635,228,True
2025-12-01 16:00:00+00:00,9.67,9.81,9.63,9.77,259148.0,9.7,741,True
2025-12-01 17:00:00+00:00,9.77,9.8,9.73,9.78,53414.0,9.77,310,True
2025-12-01 18:00:00+00:00,9.78,9.8,9.75,9.79,41562.0,9.775,247,True
2025-12-01 19:00:00+00:00,9.79,9.79,9.7,9.71,59514.0,9.758,407,True
2025-12-01 20:00:00+00:00,9.71,9.83,9.71,9.75,294455.0,9.772,1454,True
2025-12-01 21:00:00+00:00,9.75,9.75,9.75,9.75,124305.0,9.75,11,False
2025-12-01 22:00:00+00:00,9.75,9.75,9.75,9.75,0.0,9.75,0,False
2025-12-01 23:00:00+00:00,9.75,9.75,9.75,9.75,0.0,9.75,0,False
2025-12-02 00:00:00+00:00,9.75,9.75,9.75,9.75,0.0,9.75,0,False
2025-12-02 13:00:00+00:00,9.75,9.75,9.75,9.75,100.0,9.75,1,False
2025-12-02 14:00:00+00:00,9.76,9.84,9.59,9.59,24016.0,9.697,89,False
2025-12-02 15:00:00+00:00,9.59,9.6,9.46,9.52,134302.0,9.518,596,True
2025-12-02 16:00:00+00:00,9.52,9.6,9.34,9.35,186565.0,9.439,547,True
2025-12-02 17:00:00+00:00,9.34,9.41,9.34,9.36,26975.0,9.378,166,True
2025-12-02 18:00:00+00:00,9.37,9.46,9.31,9.44,51871.0,9.372,270,True
2025-12-02 19:00:00+00:00,9.43,9.44,9.38,9.42,35187.0,9.406,229,True
2025-12-02 20:00:00+00:00,9.42,9.47,9.41,9.43,187448.0,9.443,1216,True
2025-12-02 21:00:00+00:00,9.43,9.43,9.43,9.43,189936.0,9.43,17,False
2025-12-02 22:00:00+00:00,9.43,9.43,9.43,9.43,0.0,9.43,0,False
2025-12-02 23:00:00+00:00,9.43,9.43,9.43,9.43,0.0,9.43,0,False
2025-12-03 00:00:00+00:00,9.43,9.43,9.43,9.43,0.0,9.43,0,False
2025-12-03 14:00:00+00:00,9.45,9.58,9.43,9.55,24094.0,9.509,144,False
2025-12-03 15:00:00+00:00,9.57,9.6,9.46,9.49,39694.0,9.517,253,True
2025-12-03 16:00:00+00:00,9.5,9.54,9.47,9.51,53676.0,9.504,339,True
2025-12-03 17:00:00+00:00,9.51,9.55,9.5,9.52,80623.0,9.522,256,True
2025-12-03 18:00:00+00:00,9.52,9.55,9.51,9.53,28721.0,9.528,217,True
2025-12-03 19:00:00+00:00,9.54,9.57,9.53,9.54,45841.0,9.545,333,True
2025-12-03 20:00:00+00:00,9.54,9.54,9.32,9.33,310307.0,9.395,1327,True
2025-12-03 21:00:00+00:00,9.34,9.34,9.34,9.34,131325.0,9.34,2,False
2025-12-03 22:00:00+00:00,9.34,9.34,9.34,9.34,0.0,9.34,0,False
2025-12-03 23:00:00+00:00,9.34,9.34,9.34,9.34,0.0,9.34,0,False
2025-12-04 00:00:00+00:00,9.52,9.52,9.52,9.52,420.0,9.52,2,False
2025-12-04 14:00:00+00:00,9.3,9.35,9.26,9.35,39886.0,9.3,118,False
2025-12-04 15:00:00+00:00,9.37,9.45,9.3,9.38,46373.0,9.378,316,True
2025-12-04 16:00:00+00:00,9.38,9.48,9.36,9.45,104869.0,9.414,383,True
2025-12-04 17:00:00+00:00,9.45,9.54,9.41,9.54,79133.0,9.463,311,True
2025-12-04 18:00:00+00:00,9.54,9.54,9.41,9.43,39898.0,9.487,239,True
2025-12-04 19:00:00+00:00,9.42,9.42,9.34,9.35,92794.0,9.369,411,True
2025-12-04 20:00:00+00:00,9.34,9.46,9.31,9.37,226808.0,9.358,1294,True
2025-12-04 21:00:00+00:00,9.38,9.38,9.38,9.38,110916.0,9.38,8,False
2025-12-04 22:00:00+00:00,9.38,9.38,9.38,9.38,0.0,9.38,0,False
2025-12-04 23:00:00+00:00,9.38,9.38,9.38,9.38,0.0,9.38,0,False
2025-12-05 00:00:00+00:00,9.38,9.38,9.38,9.38,0.0,9.38,0,False
2025-12-05 13:00:00+00:00,9.38,9.38,9.38,9.38,100.0,9.38,1,False
2025-12-05 14:00:00+00:00,9.31,9.38,9.28,9.37,22668.0,9.326,80,False
2025-12-05 15:00:00+00:00,9.39,9.56,9.39,9.51,44016.0,9.511,227,True
2025-12-05 16:00:00+00:00,9.5,9.51,9.36,9.36,21999.0,9.427,163,True
2025-12-05 17:00:00+00:00,9.36,9.36,9.28,9.33,33765.0,9.316,250,True
2025-12-05 18:00:00+00:00,9.33,9.37,9.29,9.36,25155.0,9.327,138,True
2025-12-05 19:00:00+00:00,9.36,9.46,9.35,9.46,22631.0,9.401,179,True
2025-12-05 20:00:00+00:00,9.45,9.46,9.36,9.42,67449.0,9.414,417,True
2025-12-05 21:00:00+00:00,9.42,9.42,9.42,9.42,98480.0,9.42,7,False
2025-12-05 22:00:00+00:00,9.42,9.42,9.42,9.42,0.0,9.42,0,False
2025-12-05 23:00:00+00:00,9.42,9.42,9.42,9.42,0.0,9.42,0,False
2025-12-06 00:00:00+00:00,9.42,9.42,9.42,9.42,0.0,9.42,0,False
2025-12-08 13:00:00+00:00,9.44,9.62,9.44,9.62,250.0,9.548,2,False
2025-12-08 14:00:00+00:00,9.42,9.48,9.36,9.4,26019.0,9.441,143,False
2025-12-08 15:00:00+00:00,9.39,9.45,9.27,9.45,85634.0,9.362,534,True
2025-12-08 16:00:00+00:00,9.45,9.57,9.44,9.53,56595.0,9.527,407,True
2025-12-08 17:00:00+00:00,9.53,9.56,9.51,9.54,35217.0,9.535,244,True
2025-12-08 18:00:00+00:00,9.53,9.57,9.51,9.54,43216.0,9.543,268,True
2025-12-08 19:00:00+00:00,9.55,9.57,9.45,9.47,46993.0,9.519,232,True
2025-12-08 20:00:00+00:00,9.47,9.53,9.37,9.39,183649.0,9.438,1272,True
2025-12-08 21:00:00+00:00,9.39,9.39,9.39,9.39,173486.0,9.39,4,False
2025-12-08 22:00:00+00:00,9.39,9.39,9.39,9.39,0.0,9.39,0,False
2025-12-08 23:00:00+00:00,9.39,9.39,9.39,9.39,0.0,9.39,0,False
2025-12-09 00:00:00+00:00,9.39,9.39,9.39,9.39,0.0,9.39,0,False
2025-12-09 13:00:00+00:00,9.44,9.44,9.43,9.44,100.0,9.44,1,False
2025-12-09 14:00:00+00:00,9.38,9.43,9.36,9.43,12998.0,9.389,57,False
2025-12-09 15:00:00+00:00,9.42,9.49,9.38,9.39,45960.0,9.422,271,True
2025-12-09 16:00:00+00:00,9.39,9.46,9.38,9.44,44773.0,9.425,295,True
2025-12-09 17:00:00+00:00,9.44,9.46,9.42,9.45,18236.0,9.435,123,True
2025-12-09 18:00:00+00:00,9.46,9.52,9.45,9.51,26243.0,9.494,160,True
2025-12-09 19:00:00+00:00,9.51,9.57,9.49,9.51,20495.0,9.523,157,True
2025-12-09 20:00:00+00:00,9.51,9.53,9.47,9.49,125219.0,9.504,714,True
2025-12-09 21:00:00+00:00,9.49,9.49,9.49,9.49,132873.0,9.49,3,False
2025-12-09 22:00:00+00:00,9.49,9.49,9.49,9.49,0.0,9.49,0,False
2025-12-09 23:00:00+00:00,9.49,9.49,9.49,9.49,0.0,9.49,0,False
2025-12-10 00:00:00+00:00,9.49,9.49,9.49,9.49,0.0,9.49,0,False
2025-12-10 12:00:00+00:00,9.52,9.52,9.52,9.52,100.0,9.52,1,False
2025-12-10 13:00:00+00:00,9.64,9.8,9.63,9.8,10041.0,9.71,48,False
2025-12-10 14:00:00+00:00,9.8,10.11,9.68,10.08,114838.0,9.926,447,False
2025-12-10 15:00:00+00:00,10.08,10.46,9.99,10.41,450868.0,10.283,1760,True
2025-12-10 16:00:00+00:00,10.41,10.47,10.29,10.31,186876.0,10.385,978,True
2025-12-10 17:00:00+00:00,10.3,10.33,10.22,10.25,79896.0,10.268,478,True
2025-12-10 18:00:00+00:00,10.25,10.29,10.14,10.21,85497.0,10.219,536,True
2025-12-10 19:00:00+00:00,10.21,10.42,10.2,10.4,133130.0,10.3,972,True
2025-12-10 20:00:00+00:00,10.39,10.47,10.22,10.27,593627.0,10.315,3055,True
2025-12-10 21:00:00+00:00,10.29,10.33,10.29,10.33,306902.0,10.29,40,False
2025-12-10 22:00:00+00:00,10.33,10.33,10.33,10.33,0.0,10.33,0,False
2025-12-10 23:00:00+00:00,10.33,10.33,10.33,10.33,0.0,10.33,0,False
2025-12-11 00:00:00+00:00,10.33,10.33,10.33,10.33,0.0,10.33,0,False
2025-12-11 14:00:00+00:00,10.27,10.35,10.23,10.33,40683.0,10.289,211,False
2025-12-11 15:00:00+00:00,10.35,10.56,10.34,10.53,88057.0,10.481,467,True
2025-12-11 16:00:00+00:00,10.53,10.54,10.35,10.37,65493.0,10.415,460,True
2025-12-11 17:00:00+00:00,10.38,10.38,10.21,10.3,181817.0,10.272,620,True
2025-12-11 18:00:00+00:00,10.31,10.31,10.25,10.28,25593.0,10.29,209,True
2025-12-11 19:00:00+00:00,10.28,10.32,10.21,10.27,45126.0,10.269,329,True
2025-12-11 20:00:00+00:00,10.27,10.3,10.21,10.25,237280.0,10.243,1585,True
2025-12-11 21:00:00+00:00,10.24,10.25,10.24,10.25,183092.0,10.25,12,False
2025-12-11 22:00:00+00:00,10.25,10.25,10.25,10.25,0.0,10.25,0,False
2025-12-11 23:00:00+00:00,10.25,10.25,10.25,10.25,0.0,10.25,0,False
2025-12-12 00:00:00+00:00,10.25,10.25,10.25,10.25,0.0,10.25,0,False
2025-12-12 09:00:00+00:00,10.24,10.24,10.24,10.24,100.0,10.24,1,False
2025-12-12 10:00:00+00:00,10.24,10.24,10.24,10.24,0.0,10.24,0,False
2025-12-12 11:00:00+00:00,10.25,10.25,10.25,10.25,100.0,10.25,1,False
2025-12-12 12:00:00+00:00,10.24,10.24,10.24,10.24,341.0,10.24,1,False
2025-12-12 13:00:00+00:00,10.24,10.24,10.24,10.24,0.0,10.24,0,False
2025-12-12 14:00:00+00:00,10.24,10.26,10.13,10.19,27812.0,10.211,132,False
2025-12-12 15:00:00+00:00,10.19,10.34,10.18,10.3,68305.0,10.281,405,True
2025-12-12 16:00:00+00:00,10.31,10.38,10.3,10.3,37068.0,10.348,279,True
2025-12-12 17:00:00+00:00,10.31,10.42,10.25,10.42,37154.0,10.333,271,True
2025-12-12 18:00:00+00:00,10.42,10.42,10.37,10.4,46724.0,10.395,360,True
2025-12-12 19:00:00+00:00,10.4,10.41,10.35,10.38,28027.0,10.385,210,True
2025-12-12 20:00:00+00:00,10.38,10.46,10.36,10.4,169858.0,10.403,1166,True
2025-12-12 21:00:00+00:00,10.4,10.4,10.4,10.4,179488.0,10.4,10,False
2025-12-12 22:00:00+00:00,10.4,10.4,10.4,10.4,0.0,10.4,0,False
2025-12-12 23:00:00+00:00,10.4,10.4,10.4,10.4,0.0,10.4,0,False
2025-12-13 00:00:00+00:00,10.4,10.4,10.4,10.4,0.0,10.4,0,False
2025-12-15 14:00:00+00:00,10.42,10.53,10.31,10.52,44592.0,10.457,143,False
2025-12-15 15:00:00+00:00,10.52,10.54,10.18,10.26,203087.0,10.374,936,True
2025-12-15 16:00:00+00:00,10.26,10.34,10.25,10.31,61092.0,10.303,429,True
2025-12-15 17:00:00+00:00,10.31,10.34,10.22,10.23,55616.0,10.283,348,True
2025-12-15 18:00:00+00:00,10.23,10.32,10.22,10.28,57822.0,10.259,339,True
2025-12-15 19:00:00+00:00,10.28,10.32,10.22,10.32,59064.0,10.259,349,True
2025-12-15 20:00:00+00:00,10.32,10.32,10.18,10.28,194714.0,10.259,1334,True
2025-12-15 21:00:00+00:00,10.27,10.27,10.27,10.27,219316.0,10.27,5,False
2025-12-15 22:00:00+00:00,10.27,10.27,10.27,10.27,0.0,10.27,0,False
2025-12-15 23:00:00+00:00,10.27,10.27,10.27,10.27,0.0,10.27,0,False
2025-12-16 00:00:00+00:00,10.27,10.27,10.27,10.27,0.0,10.27,0,False
2025-12-16 14:00:00+00:00,10.25,10.3,10.14,10.25,15831.0,10.234,83,False
2025-12-16 15:00:00+00:00,10.26,10.44,10.26,10.4,37118.0,10.356,298,True
2025-12-16 16:00:00+00:00,10.4,10.44,10.32,10.35,50040.0,10.371,360,True
2025-12-16 17:00:00+00:00,10.34,10.4,10.3,10.3,42337.0,10.353,303,True
2025-12-16 18:00:00+00:00,10.3,10.39,10.28,10.34,40782.0,10.323,314,True
2025-12-16 19:00:00+00:00,10.34,10.42,10.31,10.38,58721.0,10.355,420,True
2025-12-16 20:00:00+00:00,10.38,10.49,10.35,10.36,225520.0,10.408,1451,True
2025-12-16 21:00:00+00:00,10.35,10.35,10.35,10.35,301141.0,10.35,4,False
2025-12-16 22:00:00+00:00,10.35,10.35,10.35,10.35,0.0,10.35,0,False
2025-12-16 23:00:00+00:00,10.35,10.35,10.35,10.35,0.0,10.35,0,False
2025-12-17 00:00:00+00:00,10.35,10.35,10.35,10.35,0.0,10.35,0,False
2025-12-17 14:00:00+00:00,10.32,10.48,10.2,10.48,39539.0,10.38,83,False
2025-12-17 15:00:00+00:00,10.46,10.55,10.4,10.43,30327.0,10.469,201,True
2025-12-17 16:00:00+00:00,10.43,10.47,10.35,10.45,30850.0,10.406,208,True
2025-12-17 17:00:00+00:00,10.46,10.5,10.35,10.44,136179.0,10.415,330,True
2025-12-17 18:00:00+00:00,10.45,10.48,10.39,10.46,41142.0,10.441,208,True
2025-12-17 19:00:00+00:00,10.46,10.52,10.41,10.52,42211.0,10.456,253,True
2025-12-17 20:00:00+00:00,10.5,10.54,10.4,10.49,219321.0,10.477,1170,True
2025-12-17 21:00:00+00:00,10.48,10.48,10.48,10.48,224296.0,10.48,5,False
2025-12-17 22:00:00+00:00,10.48,10.48,10.48,10.48,0.0,10.48,0,False
2025-12-17 23:00:00+00:00,10.48,10.48,10.48,10.48,0.0,10.48,0,False
2025-12-18 00:00:00+00:00,10.48,10.48,10.48,10.48,0.0,10.48,0,False
2025-12-18 14:00:00+00:00,10.5,10.58,10.45,10.57,20638.0,10.533,89,False
2025-12-18 15:00:00+00:00,10.58,10.62,10.52,10.55,28450.0,10.567,221,True
2025-12-18 16:00:00+00:00,10.54,10.57,10.37,10.38,57841.0,10.471,338,True
2025-12-18 17:00:00+00:00,10.38,10.4,10.33,10.35,27031.0,10.369,200,True
2025-12-18 18:00:00+00:00,10.34,10.44,10.33,10.44,26011.0,10.387,175,True
2025-12-18 19:00:00+00:00,10.45,10.45,10.29,10.32,38246.0,10.383,277,True
2025-12-18 20:00:00+00:00,10.33,10.39,10.19,10.24,191154.0,10.255,758,True
2025-12-18 21:00:00+00:00,10.23,10.27,10.23,10.27,222967.0,10.23,7,False
2025-12-18 22:00:00+00:00,10.27,10.27,10.27,10.27,0.0,10.27,0,False
2025-12-18 23:00:00+00:00,10.27,10.27,10.27,10.27,0.0,10.27,0,False
2025-12-19 00:00:00+00:00,10.27,10.27,10.27,10.27,0.0,10.27,0,False
2025-12-19 14:00:00+00:00,10.13,10.23,10.09,10.13,84671.0,10.128,90,False
2025-12-19 15:00:00+00:00,10.11,10.11,10.02,10.05,31631.0,10.059,216,True
2025-12-19 16:00:00+00:00,10.05,10.07,10.0,10.05,65882.0,10.028,425,True
2025-12-19 17:00:00+00:00,10.05,10.06,10.01,10.02,27122.0,10.05,141,True
2025-12-19 18:00:00+00:00,10.02,10.03,9.99,10.0,35773.0,10.011,214,True
2025-12-19 19:00:00+00:00,10.01,10.04,9.93,9.94,72639.0,9.999,326,True
2025-12-19 20:00:00+00:00,9.93,10.07,9.92,9.95,376874.0,9.982,1774,True
2025-12-19 21:00:00+00:00,9.97,9.97,9.97,9.97,1707340.0,9.97,7,False
2025-12-19 22:00:00+00:00,9.97,9.97,9.97,9.97,0.0,9.97,0,False
2025-12-19 23:00:00+00:00,9.97,9.97,9.97,9.97,0.0,9.97,0,False
2025-12-20 00:00:00+00:00,9.97,9.97,9.97,9.97,0.0,9.97,0,False
2025-12-22 13:00:00+00:00,10.2,10.2,10.2,10.2,100.0,10.2,1,False
2025-12-22 14:00:00+00:00,9.99,10.1,9.95,10.01,23378.0,10.018,124,False
2025-12-22 15:00:00+00:00,10.03,10.09,10.0,10.08,34880.0,10.05,184,True
2025-12-22 16:00:00+00:00,10.08,10.25,10.07,10.25,51952.0,10.163,348,True
2025-12-22 17:00:00+00:00,10.25,10.31,10.19,10.3,62686.0,10.261,366,True
2025-12-22 18:00:00+00:00,10.3,10.35,10.28,10.32,51608.0,10.312,280,True
2025-12-22 19:00:00+00:00,10.33,10.36,10.28,10.35,58944.0,10.334,361,True
2025-12-22 20:00:00+00:00,10.35,10.38,10.28,10.28,243876.0,10.325,1353,True
2025-12-22 21:00:00+00:00,10.29,10.29,10.29,10.29,234036.0,10.29,6,False
2025-12-22 22:00:00+00:00,10.29,10.29,10.29,10.29,0.0,10.29,0,False
2025-12-22 23:00:00+00:00,10.29,10.29,10.29,10.29,0.0,10.29,0,False
2025-12-23 00:00:00+00:00,10.29,10.29,10.29,10.29,0.0,10.29,0,False
2025-12-23 14:00:00+00:00,10.19,10.27,10.06,10.13,24155.0,10.145,115,False
2025-12-23 15:00:00+00:00,10.14,10.29,10.11,10.25,52943.0,10.205,282,True
2025-12-23 16:00:00+00:00,10.26,10.26,10.16,10.19,117628.0,10.221,593,True
2025-12-23 17:00:00+00:00,10.19,10.19,10.09,10.11,58107.0,10.138,363,True
2025-12-23 18:00:00+00:00,10.1,10.16,10.09,10.11,39731.0,10.112,255,True
2025-12-23 19:00:00+00:00,10.1,10.12,10.06,10.09,34692.0,10.093,278,True
2025-12-23 20:00:00+00:00,10.08,10.16,10.08,10.12,127485.0,10.117,761,True
2025-12-23 21:00:00+00:00,10.11,10.11,10.11,10.11,153237.0,10.11,5,False
2025-12-23 22:00:00+00:00,10.11,10.11,10.11,10.11,0.0,10.11,0,False
2025-12-23 23:00:00+00:00,10.11,10.11,10.11,10.11,0.0,10.11,0,False
2025-12-24 00:00:00+00:00,10.11,10.11,10.11,10.11,0.0,10.11,0,False
2025-12-24 14:00:00+00:00,10.13,10.21,10.08,10.2,35609.0,10.14,180,False
2025-12-24 15:00:00+00:00,10.2,10.28,10.17,10.28,29775.0,10.232,139,True
2025-12-24 16:00:00+00:00,10.28,10.33,10.23,10.23,124176.0,10.286,624,True
2025-12-24 17:00:00+00:00,10.23,10.27,10.2,10.23,58799.0,10.233,391,True
2025-12-24 18:00:00+00:00,10.24,10.24,10.24,10.24,70630.0,10.24,2,True
2025-12-24 19:00:00+00:00,10.24,10.24,10.24,10.24,0.0,10.24,0,True
2025-12-24 20:00:00+00:00,10.24,10.24,10.24,10.24,0.0,10.24,0,True
2025-12-24 21:00:00+00:00,10.24,10.24,10.24,10.24,0.0,10.24,0,False
2025-12-26 12:00:00+00:00,10.24,10.24,10.24,10.24,107.0,10.24,1,False
2025-12-26 13:00:00+00:00,10.24,10.24,10.24,10.24,0.0,10.24,0,False
2025-12-26 14:00:00+00:00,10.29,10.37,10.25,10.3,28495.0,10.319,101,False
2025-12-26 15:00:00+00:00,10.29,10.39,10.19,10.21,84819.0,10.291,383,True
2025-12-26 16:00:00+00:00,10.22,10.26,10.21,10.22,26776.0,10.237,179,True
2025-12-26 17:00:00+00:00,10.23,10.26,10.22,10.22,13056.0,10.243,115,True
2025-12-26 18:00:00+00:00,10.23,10.28,10.2,10.28,24108.0,10.238,199,True
2025-12-26 19:00:00+00:00,10.28,10.31,10.25,10.27,81985.0,10.289,330,True
2025-12-26 20:00:00+00:00,10.27,10.37,10.22,10.24,192988.0,10.289,1057,True
2025-12-26 21:00:00+00:00,10.25,10.25,10.25,10.25,417914.0,10.25,4,False
2025-12-26 22:00:00+00:00,10.25,10.25,10.25,10.25,0.0,10.25,0,False
2025-12-26 23:00:00+00:00,10.25,10.25,10.25,10.25,0.0,10.25,0,False
2025-12-27 00:00:00+00:00,10.39,10.39,10.3,10.3,200.0,10.345,2,False
2025-12-29 14:00:00+00:00,10.27,10.27,10.15,10.18,18781.0,10.221,48,False
2025-12-29 15:00:00+00:00,10.17,10.22,10.15,10.18,25995.0,10.175,168,True
2025-12-29 16:00:00+00:00,10.17,10.21,10.17,10.18,29668.0,10.193,220,True
2025-12-29 17:00:00+00:00,10.17,10.19,10.15,10.18,24120.0,10.174,194,True
2025-12-29 18:00:00+00:00,10.18,10.19,10.14,10.17,51576.0,10.167,303,True
2025-12-29 19:00:00+00:00,10.16,10.21,10.14,10.17,28497.0,10.18,211,True
2025-12-29 20:00:00+00:00,10.16,10.21,10.13,10.16,149715.0,10.162,803,True
2025-12-29 21:00:00+00:00,10.17,10.17,10.17,10.17,148620.0,10.17,6,False
2025-12-29 22:00:00+00:00,10.17,10.17,10.17,10.17,0.0,10.17,0,False
2025-12-29 23:00:00+00:00,10.17,10.17,10.17,10.17,0.0,10.17,0,False
2025-12-30 00:00:00+00:00,10.17,10.17,10.17,10.17,0.0,10.17,0,False
2025-12-30 14:00:00+00:00,10.37,10.38,10.05,10.12,21180.0,10.134,92,False
2025-12-30 15:00:00+00:00,10.12,10.14,10.06,10.08,46746.0,10.093,303,True
2025-12-30 16:00:00+00:00,10.07,10.14,10.05,10.06,126180.0,10.08,533,True
2025-12-30 17:00:00+00:00,10.07,10.1,10.03,10.09,79600.0,10.06,362,True
2025-12-30 18:00:00+00:00,10.09,10.2,10.08,10.2,47371.0,10.154,294,True
2025-12-30 19:00:00+00:00,10.19,10.23,10.16,10.21,72913.0,10.2,332,True
2025-12-30 20:00:00+00:00,10.21,10.24,10.08,10.11,176622.0,10.157,878,True
2025-12-30 21:00:00+00:00,10.12,10.12,9.99,9.99,120247.0,10.119,6,False
2025-12-30 22:00:00+00:00,9.99,9.99,9.99,9.99,0.0,9.99,0,False
2025-12-30 23:00:00+00:00,9.99,9.99,9.99,9.99,0.0,9.99,0,False
2025-12-31 00:00:00+00:00,9.99,10.0,9.99,9.99,0.0,9.99,0,False
2025-12-31 14:00:00+00:00,10.12,10.17,10.11,10.15,21027.0,10.136,104,False
2025-12-31 15:00:00+00:00,10.14,10.15,10.08,10.11,33903.0,10.112,263,True
2025-12-31 16:00:00+00:00,10.11,10.11,10.02,10.05,50695.0,10.054,366,True
2025-12-31 17:00:00+00:00,10.05,10.07,9.95,9.96,148211.0,9.982,416,True
2025-12-31 18:00:00+00:00,9.97,10.0,9.96,9.98,52928.0,9.977,308,True
2025-12-31 19:00:00+00:00,9.99,10.02,9.97,10.0,65792.0,9.993,418,True
2025-12-31 20:00:00+00:00,10.0,10.0,9.94,9.95,235116.0,9.968,1303,True
2025-12-31 21:00:00+00:00,9.96,9.96,9.96,9.96,143462.0,9.96,8,False
2025-12-31 22:00:00+00:00,9.96,9.96,9.96,9.96,0.0,9.96,0,False
2025-12-31 23:00:00+00:00,9.96,9.96,9.96,9.96,0.0,9.96,0,False
2026-01-01 00:00:00+00:00,9.96,9.96,9.96,9.96,0.0,9.96,0,False
2026-01-02 13:00:00+00:00,10.62,10.62,10.62,10.62,500.0,10.62,1,False
2026-01-02 14:00:00+00:00,9.95,10.04,9.78,9.85,112938.0,9.903,199,False
2026-01-02 15:00:00+00:00,9.84,9.89,9.71,9.74,63666.0,9.775,424,True
2026-01-02 16:00:00+00:00,9.73,9.79,9.69,9.74,89254.0,9.734,544,True
2026-01-02 17:00:00+00:00,9.74,9.77,9.66,9.69,51331.0,9.716,356,True
2026-01-02 18:00:00+00:00,9.69,9.7,9.62,9.62,67343.0,9.653,427,True
2026-01-02 19:00:00+00:00,9.62,9.74,9.62,9.73,72022.0,9.67,439,True
2026-01-02 20:00:00+00:00,9.72,9.78,9.66,9.67,199170.0,9.724,977,True
2026-01-02 21:00:00+00:00,9.67,9.67,9.67,9.67,195708.0,9.67,9,False
2026-01-02 22:00:00+00:00,9.67,9.67,9.67,9.67,0.0,9.67,0,False
2026-01-02 23:00:00+00:00,9.67,9.67,9.67,9.67,0.0,9.67,0,False
2026-01-03 00:00:00+00:00,9.67,9.67,9.67,9.67,0.0,9.67,0,False
2026-01-05 13:00:00+00:00,9.66,9.66,9.66,9.66,200.0,9.66,1,False
2026-01-05 14:00:00+00:00,9.63,9.74,9.59,9.62,33788.0,9.638,160,False
2026-01-05 15:00:00+00:00,9.61,9.66,9.53,9.62,51604.0,9.603,317,True
2026-01-05 16:00:00+00:00,9.62,9.66,9.56,9.66,48111.0,9.605,296,True
2026-01-05 17:00:00+00:00,9.67,9.74,9.67,9.73,35923.0,9.72,172,True
2026-01-05 18:00:00+00:00,9.73,9.76,9.66,9.68,49645.0,9.711,286,True
2026-01-05 19:00:00+00:00,9.68,9.8,9.67,9.78,80799.0,9.73,490,True
2026-01-05 20:00:00+00:00,9.78,9.8,9.74,9.79,170892.0,9.774,860,True
2026-01-05 21:00:00+00:00,9.78,9.78,9.78,9.78,156473.0,9.78,3,False
2026-01-05 22:00:00+00:00,9.78,9.78,9.78,9.78,0.0,9.78,0,False
2026-01-05 23:00:00+00:00,9.78,9.78,9.78,9.78,0.0,9.78,0,False
2026-01-06 00:00:00+00:00,9.78,9.78,9.78,9.78,0.0,9.78,0,False
2026-01-06 13:00:00+00:00,9.96,9.96,9.96,9.96,947.0,9.96,4,False
2026-01-06 14:00:00+00:00,10.15,10.15,9.69,9.88,34000.0,9.851,152,False
2026-01-06 15:00:00+00:00,9.89,9.94,9.86,9.88,45912.0,9.901,315,True
2026-01-06 16:00:00+00:00,9.88,9.95,9.88,9.92,40012.0,9.914,323,True
2026-01-06 17:00:00+00:00,9.93,9.96,9.87,9.92,85887.0,9.923,491,True
2026-01-06 18:00:00+00:00,9.92,9.95,9.88,9.94,52960.0,9.918,329,True
2026-01-06 19:00:00+00:00,9.94,10.07,9.94,10.05,95241.0,9.994,445,True
2026-01-06 20:00:00+00:00,10.06,10.23,10.04,10.07,339189.0,10.107,1780,True
2026-01-06 21:00:00+00:00,10.08,10.08,10.04,10.05,415080.0,10.08,7,False
2026-01-06 22:00:00+00:00,10.05,10.05,10.05,10.05,0.0,10.05,0,False
2026-01-06 23:00:00+00:00,10.05,10.05,10.05,10.05,0.0,10.05,0,False
2026-01-07 00:00:00+00:00,10.05,10.05,10.05,10.05,0.0,10.05,0,False
2026-01-07 12:00:00+00:00,10.08,10.08,10.08,10.08,100.0,10.08,1,False
2026-01-07 13:00:00+00:00,10.08,10.08,10.08,10.08,0.0,10.08,0,False
2026-01-07 14:00:00+00:00,10.06,10.34,10.06,10.34,42660.0,10.217,184,False
2026-01-07 15:00:00+00:00,10.34,10.38,10.25,10.38,119539.0,10.309,668,True
2026-01-07 16:00:00+00:00,10.37,10.39,10.28,10.32,46964.0,10.333,308,True
2026-01-07 17:00:00+00:00,10.32,10.39,10.32,10.33,68087.0,10.36,378,True
2026-01-07 18:00:00+00:00,10.32,10.45,10.29,10.44,41897.0,10.356,274,True
2026-01-07 19:00:00+00:00,10.44,10.48,10.41,10.47,49943.0,10.443,340,True
2026-01-07 20:00:00+00:00,10.47,10.51,10.4,10.5,269836.0,10.463,1505,True
2026-01-07 21:00:00+00:00,10.5,10.5,10.5,10.5,196494.0,10.5,13,False
2026-01-07 22:00:00+00:00,10.5,10.5,10.5,10.5,0.0,10.5,0,False
2026-01-07 23:00:00+00:00,10.5,10.5,10.5,10.5,0.0,10.5,0,False
2026-01-08 00:00:00+00:00,10.5,10.5,10.5,10.5,0.0,10.5,0,False
2026-01-08 13:00:00+00:00,10.69,10.69,10.69,10.69,100.0,10.69,1,False
2026-01-08 14:00:00+00:00,10.41,10.61,10.41,10.61,30338.0,10.522,121,False
2026-01-08 15:00:00+00:00,10.61,10.74,10.51,10.54,62143.0,10.63,364,True
2026-01-08 16:00:00+00:00,10.54,10.55,10.51,10.52,33589.0,10.526,198,True
2026-01-08 17:00:00+00:00,10.52,10.63,10.52,10.63,35081.0,10.57,232,True
2026-01-08 18:00:00+00:00,10.63,10.69,10.63,10.65,31764.0,10.655,217,True
2026-01-08 19:00:00+00:00,10.65,10.65,10.56,10.57,48740.0,10.602,295,True
2026-01-08 20:00:00+00:00,10.57,10.65,10.55,10.63,114183.0,10.606,642,True
2026-01-08 21:00:00+00:00,10.62,10.62,10.62,10.62,151583.0,10.62,1,False
2026-01-08 22:00:00+00:00,10.62,10.62,10.62,10.62,0.0,10.62,0,False
2026-01-08 23:00:00+00:00,10.62,10.62,10.62,10.62,0.0,10.62,0,False
2026-01-09 00:00:00+00:00,10.62,10.62,10.62,10.62,0.0,10.62,0,False
2026-01-09 14:00:00+00:00,10.62,10.82,10.5,10.5,31436.0,10.682,155,False
2026-01-09 15:00:00+00:00,10.51,10.51,10.23,10.26,54266.0,10.293,312,True
2026-01-09 16:00:00+00:00,10.27,10.44,10.27,10.39,33752.0,10.367,188,True
2026-01-09 17:00:00+00:00,10.38,10.47,10.38,10.44,24525.0,10.444,132,True
2026-01-09 18:00:00+00:00,10.43,10.48,10.4,10.44,31396.0,10.449,138,True
2026-01-09 19:00:00+00:00,10.43,10.59,10.41,10.44,84075.0,10.505,533,True
2026-01-09 20:00:00+00:00,10.43,10.54,10.41,10.49,134722.0,10.468,824,True
2026-01-09 21:00:00+00:00,10.49,10.49,10.49,10.49,139033.0,10.49,3,False
2026-01-09 22:00:00+00:00,10.49,10.49,10.49,10.49,0.0,10.49,0,False
2026-01-09 23:00:00+00:00,10.49,10.49,10.49,10.49,0.0,10.49,0,False
2026-01-10 00:00:00+00:00,10.49,10.49,10.49,10.49,0.0,10.49,0,False
2026-01-12 10:00:00+00:00,10.47,10.49,10.47,10.48,1300.0,10.485,7,False
2026-01-12 11:00:00+00:00,10.48,10.48,10.48,10.48,0.0,10.48,0,False
2026-01-12 12:00:00+00:00,10.48,10.48,10.48,10.48,0.0,10.48,0,False
2026-01-12 13:00:00+00:00,10.48,10.48,10.48,10.48,0.0,10.48,0,False
2026-01-12 14:00:00+00:00,10.45,10.49,10.31,10.34,22783.0,10.402,123,False
2026-01-12 15:00:00+00:00,10.37,10.5,10.3,10.46,18098.0,10.38,118,True
2026-01-12 16:00:00+00:00,10.46,10.55,10.38,10.39,32347.0,10.468,177,True
2026-01-12 17:00:00+00:00,10.39,10.68,10.39,10.66,73050.0,10.563,392,True
2026-01-12 18:00:00+00:00,10.67,10.67,10.55,10.57,26634.0,10.578,134,True
2026-01-12 19:00:00+00:00,10.57,10.61,10.52,10.6,22796.0,10.556,151,True
2026-01-12 20:00:00+00:00,10.59,10.64,10.54,10.6,95359.0,10.601,635,True
2026-01-12 21:00:00+00:00,10.6,10.6,10.6,10.6,315853.0,10.6,5,False
2026-01-12 22:00:00+00:00,10.6,10.6,10.6,10.6,0.0,10.6,0,False
2026-01-12 23:00:00+00:00,10.6,10.6,10.6,10.6,0.0,10.6,0,False
2026-01-13 00:00:00+00:00,10.6,10.6,10.6,10.6,0.0,10.6,0,False
2026-01-13 14:00:00+00:00,10.68,10.73,10.5,10.5,25637.0,10.647,117,False
2026-01-13 15:00:00+00:00,10.49,10.66,10.47,10.63,56294.0,10.584,241,True
2026-01-13 16:00:00+00:00,10.64,10.68,10.58,10.62,47555.0,10.632,291,True
2026-01-13 17:00:00+00:00,10.62,10.68,10.61,10.63,85804.0,10.663,472,True
2026-01-13 18:00:00+00:00,10.63,10.64,10.56,10.58,23380.0,10.59,177,True
2026-01-13 19:00:00+00:00,10.58,10.63,10.55,10.61,28231.0,10.572,186,True
2026-01-13 20:00:00+00:00,10.6,10.63,10.55,10.63,116101.0,10.603,744,True
2026-01-13 21:00:00+00:00,10.62,10.62,10.61,10.61,133417.0,10.61,8,False
2026-01-13 22:00:00+00:00,10.61,10.61,10.61,10.61,0.0,10.61,0,False
2026-01-13 23:00:00+00:00,10.61,10.61,10.61,10.61,0.0,10.61,0,False
2026-01-14 00:00:00+00:00,10.61,10.61,10.61,10.61,0.0,10.61,0,False
2026-01-14 14:00:00+00:00,10.61,10.64,10.55,10.59,9475.0,10.599,41,False
2026-01-14 15:00:00+00:00,10.58,10.64,10.49,10.53,16641.0,10.546,129,True
2026-01-14 16:00:00+00:00,10.52,10.7,10.5,10.5,71336.0,10.629,250,True
2026-01-14 17:00:00+00:00,10.5,10.56,10.48,10.52,16052.0,10.517,111,True
2026-01-14 18:00:00+00:00,10.53,10.57,10.52,10.53,9911.0,10.543,78,True
2026-01-14 19:00:00+00:00,10.55,10.6,10.55,10.57,7260.0,10.578,65,True
2026-01-14 20:00:00+00:00,10.57,10.62,10.53,10.55,66000.0,10.568,395,True
2026-01-14 21:00:00+00:00,10.54,10.54,10.54,10.54,249969.0,10.54,11,False
2026-01-14 22:00:00+00:00,10.54,10.54,10.54,10.54,0.0,10.54,0,False
2026-01-14 23:00:00+00:00,10.54,10.54,10.54,10.54,0.0,10.54,0,False
2026-01-15 00:00:00+00:00,10.54,10.54,10.54,10.54,0.0,10.54,0,False
2026-01-15 12:00:00+00:00,10.55,10.55,10.55,10.55,488.0,10.55,2,False
2026-01-15 13:00:00+00:00,10.55,10.55,10.55,10.55,0.0,10.55,0,False
2026-01-15 14:00:00+00:00,10.55,10.61,10.4,10.51,11331.0,10.502,44,False
2026-01-15 15:00:00+00:00,10.51,10.73,10.51,10.72,44550.0,10.659,172,True
2026-01-15 16:00:00+00:00,10.72,10.84,10.71,10.79,33355.0,10.762,200,True
2026-01-15 17:00:00+00:00,10.8,10.81,10.76,10.77,19998.0,10.791,151,True
2026-01-15 18:00:00+00:00,10.77,10.84,10.77,10.8,15971.0,10.8,111,True
2026-01-15 19:00:00+00:00,10.8,10.82,10.72,10.81,44910.0,10.781,256,True
2026-01-15 20:00:00+00:00,10.81,10.85,10.57,10.63,150869.0,10.678,857,True
2026-01-15 21:00:00+00:00,10.64,10.64,10.64,10.64,219840.0,10.64,5,False
2026-01-15 22:00:00+00:00,10.64,10.64,10.64,10.64,0.0,10.64,0,False
2026-01-15 23:00:00+00:00,10.64,10.64,10.64,10.64,0.0,10.64,0,False
2026-01-16 00:00:00+00:00,10.64,10.64,10.64,10.64,0.0,10.64,0,False
2026-01-16 14:00:00+00:00,10.72,10.92,10.57,10.9,49335.0,10.735,111,False
2026-01-16 15:00:00+00:00,10.9,10.91,10.67,10.69,22781.0,10.819,139,True
2026-01-16 16:00:00+00:00,10.67,10.71,10.62,10.68,23271.0,10.657,176,True
2026-01-16 17:00:00+00:00,10.68,10.69,10.63,10.64,23132.0,10.661,162,True
2026-01-16 18:00:00+00:00,10.63,10.67,10.62,10.63,18439.0,10.648,134,True
2026-01-16 19:00:00+00:00,10.63,10.65,10.55,10.58,20960.0,10.596,129,True
2026-01-16 20:00:00+00:00,10.57,10.66,10.51,10.6,167394.0,10.593,990,True
2026-01-16 21:00:00+00:00,10.61,10.61,10.61,10.61,174107.0,10.61,8,False
2026-01-16 22:00:00+00:00,10.61,10.61,10.61,10.61,0.0,10.61,0,False
2026-01-16 23:00:00+00:00,10.61,10.61,10.61,10.61,0.0,10.61,0,False
2026-01-17 00:00:00+00:00,10.61,10.61,10.61,10.61,0.0,10.61,0,False
2026-01-20 09:00:00+00:00,10.51,10.51,10.51,10.51,200.0,10.51,1,False
2026-01-20 10:00:00+00:00,10.51,10.51,10.51,10.51,0.0,10.51,0,False
2026-01-20 11:00:00+00:00,10.51,10.51,10.51,10.51,0.0,10.51,0,False
2026-01-20 12:00:00+00:00,10.51,10.51,10.51,10.51,0.0,10.51,0,False
2026-01-20 13:00:00+00:00,10.51,10.51,10.51,10.51,0.0,10.51,0,False
2026-01-20 14:00:00+00:00,10.47,10.6,10.43,10.44,41765.0,10.474,91,False
2026-01-20 15:00:00+00:00,10.4,10.46,10.32,10.45,90599.0,10.403,363,True
2026-01-20 16:00:00+00:00,10.44,10.48,10.42,10.47,23418.0,10.45,146,True
2026-01-20 17:00:00+00:00,10.5,10.59,10.48,10.5,27708.0,10.528,170,True
2026-01-20 18:00:00+00:00,10.5,10.55,10.47,10.53,35937.0,10.509,174,True
2026-01-20 19:00:00+00:00,10.54,10.58,10.48,10.49,18897.0,10.538,143,True
2026-01-20 20:00:00+00:00,10.49,10.51,10.34,10.42,121081.0,10.407,669,True
2026-01-20 21:00:00+00:00,10.4,10.4,10.4,10.4,254231.0,10.4,9,False
2026-01-20 22:00:00+00:00,10.4,10.4,10.4,10.4,0.0,10.4,0,False
2026-01-20 23:00:00+00:00,9.98,9.98,9.97,9.98,410.0,9.978,1,False
2026-01-21 00:00:00+00:00,9.95,9.95,9.95,9.95,100.0,9.95,1,False
2026-01-21 13:00:00+00:00,10.51,10.54,10.5,10.5,562.0,10.51,3,False
2026-01-21 14:00:00+00:00,10.43,10.51,10.39,10.41,25185.0,10.454,116,False
2026-01-21 15:00:00+00:00,10.42,10.47,10.4,10.45,27249.0,10.432,204,True
2026-01-21 16:00:00+00:00,10.46,10.49,10.42,10.42,39910.0,10.454,239,True
2026-01-21 17:00:00+00:00,10.43,10.45,10.37,10.43,21754.0,10.413,151,True
2026-01-21 18:00:00+00:00,10.43,10.44,10.34,10.38,35076.0,10.408,212,True
2026-01-21 19:00:00+00:00,10.38,10.64,10.34,10.47,79839.0,10.489,547,True
2026-01-21 20:00:00+00:00,10.47,10.54,10.43,10.53,116129.0,10.495,700,True
2026-01-21 21:00:00+00:00,10.52,10.52,10.52,10.52,299675.0,10.52,10,False
2026-01-21 22:00:00+00:00,10.52,10.52,10.52,10.52,0.0,10.52,0,False
2026-01-21 23:00:00+00:00,10.52,10.52,10.52,10.52,0.0,10.52,0,False
2026-01-22 00:00:00+00:00,10.52,10.52,10.52,10.52,0.0,10.52,0,False
2026-01-22 14:00:00+00:00,10.59,10.72,10.57,10.72,11679.0,10.621,57,False
2026-01-22 15:00:00+00:00,10.71,10.86,10.68,10.83,86228.0,10.794,583,True
2026-01-22 16:00:00+00:00,10.82,10.83,10.71,10.72,42423.0,10.79,258,True
2026-01-22 17:00:00+00:00,10.72,10.87,10.72,10.84,34642.0,10.796,201,True
2026-01-22 18:00:00+00:00,10.83,10.84,10.67,10.68,98439.0,10.758,591,True
2026-01-22 19:00:00+00:00,10.7,10.7,10.6,10.63,66647.0,10.633,432,True
2026-01-22 20:00:00+00:00,10.63,10.64,10.47,10.49,216536.0,10.526,1183,True
2026-01-22 21:00:00+00:00,10.5,10.5,10.5,10.5,183480.0,10.5,14,False
2026-01-22 22:00:00+00:00,10.5,10.5,10.5,10.5,0.0,10.5,0,False
2026-01-22 23:00:00+00:00,10.5,10.5,10.5,10.5,0.0,10.5,0,False
2026-01-23 00:00:00+00:00,10.5,10.5,10.5,10.5,0.0,10.5,0,False
2026-01-23 14:00:00+00:00,10.44,10.44,10.22,10.24,27140.0,10.326,95,False
2026-01-23 15:00:00+00:00,10.23,10.23,10.04,10.14,36759.0,10.136,186,True
2026-01-23 16:00:00+00:00,10.13,10.15,10.03,10.04,28199.0,10.081,131,True
2026-01-23 17:00:00+00:00,10.04,10.07,9.88,9.91,33658.0,9.993,216,True
2026-01-23 18:00:00+00:00,9.92,9.96,9.89,9.93,21227.0,9.925,166,True
2026-01-23 19:00:00+00:00,9.93,10.05,9.93,10.0,48698.0,9.988,272,True
2026-01-23 20:00:00+00:00,9.99,10.11,9.97,10.07,137764.0,10.065,699,True
2026-01-23 21:00:00+00:00,10.08,10.09,10.08,10.09,168343.0,10.09,8,False
2026-01-23 22:00:00+00:00,10.09,10.09,10.08,10.08,426.0,10.088,2,False
2026-01-23 23:00:00+00:00,10.08,10.08,10.08,10.08,0.0,10.08,0,False
2026-01-24 00:00:00+00:00,10.08,10.08,10.08,10.08,0.0,10.08,0,False
2026-01-26 13:00:00+00:00,10.06,10.06,10.05,10.06,100.0,10.06,1,False
2026-01-26 14:00:00+00:00,10.09,10.1,9.92,10.09,18594.0,10.039,78,False
2026-01-26 15:00:00+00:00,10.1,10.24,10.08,10.08,39345.0,10.166,228,True
2026-01-26 16:00:00+00:00,10.09,10.11,10.05,10.08,22910.0,10.079,160,True
2026-01-26 17:00:00+00:00,10.08,10.17,10.08,10.14,34021.0,10.128,146,True
2026-01-26 18:00:00+00:00,10.14,10.14,10.12,10.13,13214.0,10.131,88,True
2026-01-26 19:00:00+00:00,10.13,10.23,10.12,10.17,34378.0,10.17,192,True
2026-01-26 20:00:00+00:00,10.18,10.36,10.16,10.22,260015.0,10.246,1315,True
2026-01-26 21:00:00+00:00,10.23,10.23,10.23,10.23,186870.0,10.23,5,False
2026-01-26 22:00:00+00:00,10.23,10.23,10.23,10.23,0.0,10.23,0,False
2026-01-26 23:00:00+00:00,10.23,10.23,10.23,10.23,0.0,10.23,0,False
2026-01-27 00:00:00+00:00,10.23,10.23,10.23,10.23,0.0,10.23,0,False
2026-01-27 13:00:00+00:00,10.12,10.12,10.12,10.12,397.0,10.12,2,False
2026-01-27 14:00:00+00:00,10.11,10.19,9.96,10.14,24835.0,10.098,71,False
2026-01-27 15:00:00+00:00,10.1,10.18,10.01,10.15,37596.0,10.092,195,True
2026-01-27 16:00:00+00:00,10.15,10.18,10.12,10.15,21604.0,10.157,146,True
2026-01-27 17:00:00+00:00,10.14,10.16,10.04,10.04,34273.0,10.101,251,True
2026-01-27 18:00:00+00:00,10.04,10.08,10.01,10.03,23659.0,10.045,178,True
2026-01-27 19:00:00+00:00,10.04,10.08,10.02,10.07,44247.0,10.051,296,True
2026-01-27 20:00:00+00:00,10.07,10.15,10.04,10.06,109668.0,10.084,672,True
2026-01-27 21:00:00+00:00,10.06,10.06,10.06,10.06,354684.0,10.06,10,False
2026-01-27 22:00:00+00:00,10.06,10.06,10.06,10.06,0.0,10.06,0,False
2026-01-27 23:00:00+00:00,10.06,10.06,10.06,10.06,0.0,10.06,0,False
2026-01-28 00:00:00+00:00,10.06,10.06,10.06,10.06,0.0,10.06,0,False
2026-01-28 13:00:00+00:00,10.0,10.14,10.0,10.14,988.0,10.067,5,False
2026-01-28 14:00:00+00:00,10.08,10.08,9.93,9.98,19179.0,10.015,99,False
2026-01-28 15:00:00+00:00,9.96,9.97,9.76,9.82,61982.0,9.857,363,True
2026-01-28 16:00:00+00:00,9.82,9.84,9.74,9.82,46318.0,9.78,352,True
2026-01-28 17:00:00+00:00,9.82,9.83,9.71,9.72,69158.0,9.748,436,True
2026-01-28 18:00:00+00:00,9.72,9.73,9.65,9.65,48149.0,9.693,381,True
2026-01-28 19:00:00+00:00,9.66,9.69,9.57,9.62,48818.0,9.613,359,True
2026-01-28 20:00:00+00:00,9.62,9.65,9.55,9.63,193445.0,9.604,1021,True
2026-01-28 21:00:00+00:00,9.62,9.81,9.62,9.81,207741.0,9.62,18,False
2026-01-28 22:00:00+00:00,9.81,9.81,9.81,9.81,0.0,9.81,0,False
2026-01-28 23:00:00+00:00,9.81,9.81,9.81,9.81,0.0,9.81,0,False
2026-01-29 00:00:00+00:00,9.81,9.81,9.81,9.81,0.0,9.81,0,False
2026-01-29 13:00:00+00:00,9.62,9.64,9.62,9.64,390.0,9.635,3,False
2026-01-29 14:00:00+00:00,9.72,9.74,9.54,9.62,24187.0,9.645,90,False
2026-01-29 15:00:00+00:00,9.58,9.59,9.46,9.55,28640.0,9.541,166,True
2026-01-29 16:00:00+00:00,9.55,9.6,9.52,9.59,20098.0,9.555,154,True
2026-01-29 17:00:00+00:00,9.59,9.62,9.55,9.56,35910.0,9.584,188,True
2026-01-29 18:00:00+00:00,9.55,9.63,9.55,9.6,29862.0,9.578,185,True
2026-01-29 19:00:00+00:00,9.59,9.69,9.58,9.63,33770.0,9.635,218,True
2026-01-29 20:00:00+00:00,9.64,9.85,9.64,9.8,158214.0,9.781,1039,True
2026-01-29 21:00:00+00:00,9.79,9.81,9.79,9.81,192386.0,9.79,15,False
2026-01-29 22:00:00+00:00,9.81,9.81,9.81,9.81,0.0,9.81,0,False
2026-01-29 23:00:00+00:00,9.81,9.81,9.81,9.81,0.0,9.81,0,False
2026-01-30 00:00:00+00:00,9.81,9.81,9.81,9.81,0.0,9.81,0,False
2026-01-30 09:00:00+00:00,9.75,9.75,9.75,9.75,512.0,9.75,1,False
2026-01-30 10:00:00+00:00,9.75,9.75,9.75,9.75,0.0,9.75,0,False
2026-01-30 11:00:00+00:00,9.75,9.75,9.75,9.75,0.0,9.75,0,False
2026-01-30 12:00:00+00:00,9.75,9.75,9.75,9.75,0.0,9.75,0,False
2026-01-30 13:00:00+00:00,9.75,9.75,9.75,9.75,0.0,9.75,0,False
2026-01-30 14:00:00+00:00,9.75,9.94,9.75,9.77,18919.0,9.831,94,False
2026-01-30 15:00:00+00:00,9.77,9.88,9.75,9.86,25455.0,9.829,174,True
2026-01-30 16:00:00+00:00,9.88,9.96,9.84,9.93,29888.0,9.886,229,True
2026-01-30 17:00:00+00:00,9.93,10.02,9.9,10.0,49663.0,9.964,375,True
2026-01-30 18:00:00+00:00,9.99,10.06,9.98,10.04,47202.0,10.032,367,True
2026-01-30 19:00:00+00:00,10.04,10.1,10.04,10.08,53902.0,10.071,402,True
2026-01-30 20:00:00+00:00,10.08,10.12,10.01,10.05,190539.0,10.054,1169,True
2026-01-30 21:00:00+00:00,10.07,10.11,10.05,10.11,254838.0,10.05,8,False
2026-01-30 22:00:00+00:00,10.11,10.11,10.09,10.09,206.0,10.099,2,False
2026-01-30 23:00:00+00:00,10.31,10.31,10.31,10.31,100.0,10.31,1,False
2026-01-31 00:00:00+00:00,10.31,10.31,10.31,10.31,0.0,10.31,0,False
2026-02-02 13:00:00+00:00,9.39,10.02,9.38,10.02,600.0,9.915,5,False
2026-02-02 14:00:00+00:00,10.07,10.19,9.98,10.03,37489.0,10.069,105,False
2026-02-02 15:00:00+00:00,10.04,10.24,10.02,10.24,33102.0,10.165,293,True
2026-02-02 16:00:00+00:00,10.24,10.26,10.13,10.16,45472.0,10.172,299,True
2026-02-02 17:00:00+00:00,10.16,10.25,10.16,10.21,29524.0,10.216,221,True
2026-02-02 18:00:00+00:00,10.21,10.22,10.1,10.2,166332.0,10.144,558,True
2026-02-02 19:00:00+00:00,10.19,10.21,10.15,10.18,38579.0,10.182,310,True
2026-02-02 20:00:00+00:00,10.19,10.21,10.05,10.11,147764.0,10.107,898,True
2026-02-02 21:00:00+00:00,10.1,10.2,10.1,10.2,138432.0,10.1,6,False
2026-02-02 22:00:00+00:00,10.2,10.2,10.2,10.2,0.0,10.2,0,False
2026-02-02 23:00:00+00:00,10.2,10.2,10.2,10.2,0.0,10.2,0,False
2026-02-03 00:00:00+00:00,10.2,10.2,10.2,10.2,0.0,10.2,0,False
2026-02-03 11:00:00+00:00,10.01,10.01,10.01,10.01,100.0,10.01,1,False
2026-02-03 12:00:00+00:00,10.01,10.01,10.01,10.01,0.0,10.01,0,False
2026-02-03 13:00:00+00:00,10.01,10.01,10.01,10.01,0.0,10.01,0,False
2026-02-03 14:00:00+00:00,10.1,10.25,9.94,10.19,26495.0,10.081,63,False
2026-02-03 15:00:00+00:00,10.17,10.19,10.02,10.07,20297.0,10.07,148,True
2026-02-03 16:00:00+00:00,10.08,10.08,9.92,9.94,20949.0,9.96,168,True
2026-02-03 17:00:00+00:00,9.93,9.96,9.88,9.96,32240.0,9.92,247,True
2026-02-03 18:00:00+00:00,9.96,10.01,9.87,9.88,26500.0,9.927,216,True
2026-02-03 19:00:00+00:00,9.88,9.93,9.82,9.9,32705.0,9.873,245,True
2026-02-03 20:00:00+00:00,9.9,9.97,9.87,9.96,169759.0,9.923,1034,True
2026-02-03 21:00:00+00:00,9.96,9.96,9.96,9.96,167228.0,9.96,5,False
2026-02-03 22:00:00+00:00,10.11,10.11,10.11,10.11,485.0,10.11,1,False
2026-02-03 23:00:00+00:00,10.11,10.11,10.11,10.11,0.0,10.11,0,False
2026-02-04 00:00:00+00:00,10.11,10.11,10.11,10.11,0.0,10.11,0,False
2026-02-04 14:00:00+00:00,10.05,10.05,9.86,9.93,45298.0,9.985,142,False
2026-02-04 15:00:00+00:00,9.92,10.17,9.91,10.17,50236.0,10.076,411,True
2026-02-04 16:00:00+00:00,10.17,10.18,10.1,10.17,45856.0,10.143,327,True
2026-02-04 17:00:00+00:00,10.17,10.23,10.12,10.12,26564.0,10.165,228,True
2026-02-04 18:00:00+00:00,10.11,10.13,10.05,10.07,33922.0,10.089,256,True
2026-02-04 19:00:00+00:00,10.08,10.13,10.06,10.11,78054.0,10.089,432,True
2026-02-04 20:00:00+00:00,10.1,10.1,9.99,10.04,232544.0,10.03,1153,True
2026-02-04 21:00:00+00:00,10.03,10.03,10.03,10.03,130005.0,10.03,13,False
2026-02-04 22:00:00+00:00,10.03,10.03,10.03,10.03,0.0,10.03,0,False
2026-02-04 23:00:00+00:00,10.03,10.03,10.03,10.03,0.0,10.03,0,False
2026-02-05 00:00:00+00:00,10.03,10.03,10.03,10.03,0.0,10.03,0,False
2026-02-05 13:00:00+00:00,10.09,10.09,10.09,10.09,215.0,10.09,1,False
2026-02-05 14:00:00+00:00,10.08,10.21,10.08,10.18,27495.0,10.13,162,False
2026-02-05 15:00:00+00:00,10.21,10.26,10.14,10.23,33619.0,10.205,287,True
2026-02-05 16:00:00+00:00,10.24,10.45,10.24,10.4,113133.0,10.368,718,True
2026-02-05 17:00:00+00:00,10.4,10.55,10.36,10.5,132559.0,10.445,836,True
2026-02-05 18:00:00+00:00,10.5,10.62,10.48,10.53,95779.0,10.541,586,True
2026-02-05 19:00:00+00:00,10.53,10.74,10.51,10.59,94458.0,10.65,610,True
2026-02-05 20:00:00+00:00,10.58,10.59,10.38,10.49,364905.0,10.468,1591,True
2026-02-05 21:00:00+00:00,10.49,10.49,10.49,10.49,154965.0,10.49,14,False
2026-02-05 22:00:00+00:00,10.34,10.34,10.34,10.34,111.0,10.34,1,False
2026-02-05 23:00:00+00:00,10.34,10.34,10.34,10.34,0.0,10.34,0,False
2026-02-06 00:00:00+00:00,10.29,10.29,10.29,10.29,188.0,10.29,1,False
2026-02-06 14:00:00+00:00,10.4,10.55,10.33,10.55,30032.0,10.439,193,False
2026-02-06 15:00:00+00:00,10.54,10.58,10.37,10.48,23142.0,10.481,196,True
2026-02-06 16:00:00+00:00,10.47,10.63,10.46,10.62,44279.0,10.549,334,True
2026-02-06 17:00:00+00:00,10.62,10.67,10.6,10.66,23586.0,10.646,164,True
2026-02-06 18:00:00+00:00,10.66,10.67,10.63,10.63,23227.0,10.65,185,True
2026-02-06 19:00:00+00:00,10.62,10.77,10.61,10.7,88686.0,10.707,467,True
2026-02-06 20:00:00+00:00,10.7,10.76,10.6,10.65,277137.0,10.685,1756,True
2026-02-06 21:00:00+00:00,10.65,10.65,10.65,10.65,237831.0,10.65,3,False
2026-02-06 22:00:00+00:00,10.65,10.65,10.65,10.65,0.0,10.65,0,False
2026-02-06 23:00:00+00:00,10.65,10.65,10.65,10.65,0.0,10.65,0,False
2026-02-07 00:00:00+00:00,10.65,10.65,10.65,10.65,0.0,10.65,0,False
2026-02-09 14:00:00+00:00,10.57,10.66,10.33,10.5,22247.0,10.493,102,False
2026-02-09 15:00:00+00:00,10.52,10.79,10.51,10.74,30128.0,10.657,250,True
2026-02-09 16:00:00+00:00,10.74,10.89,10.74,10.87,69828.0,10.83,456,True
2026-02-09 17:00:00+00:00,10.88,10.92,10.83,10.84,92761.0,10.874,763,True
2026-02-09 18:00:00+00:00,10.84,10.93,10.78,10.88,142092.0,10.879,617,True
2026-02-09 19:00:00+00:00,10.88,10.88,10.67,10.67,84367.0,10.805,462,True
2026-02-09 20:00:00+00:00,10.67,10.74,10.65,10.73,139906.0,10.703,787,True
2026-02-09 21:00:00+00:00,10.72,10.72,10.72,10.72,146355.0,10.72,5,False
2026-02-09 22:00:00+00:00,10.72,10.72,10.72,10.72,0.0,10.72,0,False
2026-02-09 23:00:00+00:00,10.72,10.72,10.72,10.72,0.0,10.72,0,False
2026-02-10 00:00:00+00:00,10.72,10.72,10.72,10.72,0.0,10.72,0,False
2026-02-10 14:00:00+00:00,10.71,10.87,10.66,10.7,14708.0,10.705,44,False
2026-02-10 15:00:00+00:00,10.67,10.76,10.61,10.62,46512.0,10.689,332,True
2026-02-10 16:00:00+00:00,10.62,10.74,10.62,10.74,33879.0,10.685,293,True
2026-02-10 17:00:00+00:00,10.73,10.75,10.68,10.71,27607.0,10.716,231,True
2026-02-10 18:00:00+00:00,10.71,10.8,10.7,10.72,69305.0,10.742,516,True
2026-02-10 19:00:00+00:00,10.73,10.75,10.67,10.7,55949.0,10.716,394,True
2026-02-10 20:00:00+00:00,10.7,10.73,10.58,10.65,137556.0,10.657,790,True
2026-02-10 21:00:00+00:00,10.64,10.64,10.64,10.64,370890.0,10.64,9,False
2026-02-10 22:00:00+00:00,10.64,10.64,10.64,10.64,0.0,10.64,0,False
2026-02-10 23:00:00+00:00,10.64,10.64,10.64,10.64,0.0,10.64,0,False
2026-02-11 00:00:00+00:00,10.43,10.43,10.43,10.43,200.0,10.43,1,False
2026-02-11 14:00:00+00:00,10.64,10.71,10.5,10.54,19382.0,10.575,61,False
2026-02-11 15:00:00+00:00,10.55,10.55,10.42,10.43,14213.0,10.455,88,True
2026-02-11 16:00:00+00:00,10.44,10.57,10.43,10.54,13884.0,10.496,113,True
2026-02-11 17:00:00+00:00,10.54,10.67,10.48,10.62,33329.0,10.562,259,True
2026-02-11 18:00:00+00:00,10.62,10.65,10.52,10.54,44383.0,10.581,218,True
2026-02-11 19:00:00+00:00,10.54,10.55,10.47,10.48,29706.0,10.52,167,True
2026-02-11 20:00:00+00:00,10.47,10.55,10.42,10.54,176069.0,10.491,789,True
2026-02-11 21:00:00+00:00,10.54,10.54,10.54,10.54,311986.0,10.54,5,False
2026-02-11 22:00:00+00:00,10.54,10.54,10.54,10.54,0.0,10.54,0,False
2026-02-11 23:00:00+00:00,10.54,10.54,10.54,10.54,0.0,10.54,0,False
2026-02-12 00:00:00+00:00,10.54,10.54,10.54,10.54,0.0,10.54,0,False
2026-02-12 14:00:00+00:00,10.55,10.56,10.17,10.44,122679.0,10.268,110,False
2026-02-12 15:00:00+00:00,10.44,10.46,10.29,10.29,24427.0,10.347,179,True
2026-02-12 16:00:00+00:00,10.31,10.31,10.15,10.19,32227.0,10.213,245,True
2026-02-12 17:00:00+00:00,10.17,10.17,10.05,10.05,26324.0,10.112,163,True
2026-02-12 18:00:00+00:00,10.06,10.12,9.99,10.02,29605.0,10.034,232,True
2026-02-12 19:00:00+00:00,10.0,10.13,9.97,10.1,30657.0,10.031,200,True
2026-02-12 20:00:00+00:00,10.1,10.16,10.04,10.09,165168.0,10.096,921,True
2026-02-12 21:00:00+00:00,10.09,10.29,10.09,10.29,142310.0,10.091,9,False
2026-02-12 22:00:00+00:00,10.29,10.29,10.29,10.29,0.0,10.29,0,False
2026-02-12 23:00:00+00:00,10.29,10.29,10.29,10.29,0.0,10.29,0,False
2026-02-13 00:00:00+00:00,10.29,10.29,10.29,10.29,0.0,10.29,0,False
2026-02-13 09:00:00+00:00,10.49,10.49,10.16,10.16,201.0,10.324,2,False
2026-02-13 10:00:00+00:00,10.5,10.5,10.5,10.5,100.0,10.5,1,False
2026-02-13 11:00:00+00:00,10.5,10.5,10.5,10.5,0.0,10.5,0,False
2026-02-13 12:00:00+00:00,10.5,10.5,10.5,10.5,0.0,10.5,0,False
2026-02-13 13:00:00+00:00,10.5,10.5,10.5,10.5,0.0,10.5,0,False
2026-02-13 14:00:00+00:00,10.1,10.31,10.06,10.07,19024.0,10.187,66,False
2026-02-13 15:00:00+00:00,10.08,10.27,10.06,10.27,24794.0,10.188,208,True
2026-02-13 16:00:00+00:00,10.27,10.33,10.25,10.26,20477.0,10.284,171,True
2026-02-13 17:00:00+00:00,10.27,10.32,10.24,10.25,22729.0,10.271,173,True
2026-02-13 18:00:00+00:00,10.25,10.28,10.19,10.19,16180.0,10.252,135,True
2026-02-13 19:00:00+00:00,10.19,10.2,10.14,10.15,29855.0,10.166,222,True
2026-02-13 20:00:00+00:00,10.15,10.22,10.11,10.2,117833.0,10.165,714,True
2026-02-13 21:00:00+00:00,10.2,10.2,10.2,10.2,181306.0,10.2,6,False
2026-02-13 22:00:00+00:00,10.2,10.2,10.2,10.2,0.0,10.2,0,False
2026-02-13 23:00:00+00:00,10.2,10.2,10.2,10.2,0.0,10.2,0,False
2026-02-14 00:00:00+00:00,10.2,10.2,10.2,10.2,0.0,10.2,0,False
2026-02-17 14:00:00+00:00,10.22,10.35,10.2,10.32,13530.0,10.246,39,False
2026-02-17 15:00:00+00:00,10.29,10.32,10.24,10.32,19824.0,10.28,145,True
2026-02-17 16:00:00+00:00,10.32,10.46,10.31,10.43,24862.0,10.395,171,True
2026-02-17 17:00:00+00:00,10.43,10.44,10.29,10.31,25923.0,10.375,205,True
2026-02-17 18:00:00+00:00,10.3,10.37,10.23,10.32,175394.0,10.266,640,True
2026-02-17 19:00:00+00:00,10.32,10.36,10.3,10.3,22377.0,10.328,166,True
2026-02-17 20:00:00+00:00,10.31,10.33,10.26,10.28,107915.0,10.292,695,True
2026-02-17 21:00:00+00:00,10.28,10.3,10.28,10.3,160852.0,10.3,12,False
2026-02-17 22:00:00+00:00,10.3,10.3,10.3,10.3,0.0,10.3,0,False
2026-02-17 23:00:00+00:00,10.3,10.3,10.3,10.3,0.0,10.3,0,False
2026-02-18 00:00:00+00:00,10.48,10.48,10.48,10.48,250.0,10.48,1,False
2026-02-18 14:00:00+00:00,10.23,10.49,10.23,10.3,19565.0,10.27,63,False
2026-02-18 15:00:00+00:00,10.33,10.44,10.28,10.42,27866.0,10.362,229,True
2026-02-18 16:00:00+00:00,10.41,10.46,10.35,10.37,34259.0,10.412,249,True
2026-02-18 17:00:00+00:00,10.38,10.42,10.34,10.39,27261.0,10.386,239,True
2026-02-18 18:00:00+00:00,10.4,10.42,10.28,10.31,153429.0,10.327,555,True
2026-02-18 19:00:00+00:00,10.3,10.35,10.24,10.29,74870.0,10.282,592,True
2026-02-18 20:00:00+00:00,10.29,10.37,10.24,10.35,268096.0,10.306,1445,True
2026-02-18 21:00:00+00:00,10.35,10.35,10.31,10.31,459324.0,10.35,5,False
2026-02-18 22:00:00+00:00,10.31,10.31,10.31,10.31,0.0,10.31,0,False
2026-02-18 23:00:00+00:00,10.31,10.31,10.31,10.31,0.0,10.31,0,False
2026-02-19 00:00:00+00:00,10.31,10.31,10.31,10.31,0.0,10.31,0,False
2026-02-19 14:00:00+00:00,10.23,10.26,9.95,10.2,33193.0,10.136,179,False
2026-02-19 15:00:00+00:00,10.21,10.21,10.03,10.11,45996.0,10.108,332,True
2026-02-19 16:00:00+00:00,10.12,10.12,10.02,10.08,34063.0,10.075,245,True
2026-02-19 17:00:00+00:00,10.09,10.14,10.06,10.08,17661.0,10.091,137,True
2026-02-19 18:00:00+00:00,10.09,10.13,10.04,10.09,47712.0,10.087,384,True
2026-02-19 19:00:00+00:00,10.09,10.1,9.99,10.01,81588.0,10.052,517,True
2026-02-19 20:00:00+00:00,10.01,10.09,10.0,10.04,231109.0,10.043,1385,True
2026-02-19 21:00:00+00:00,10.05,10.05,10.05,10.05,216824.0,10.05,5,False
2026-02-19 22:00:00+00:00,10.05,10.05,10.05,10.05,0.0,10.05,0,False
2026-02-19 23:00:00+00:00,10.05,10.05,10.05,10.05,0.0,10.05,0,False
2026-02-20 00:00:00+00:00,10.05,10.05,10.05,10.05,0.0,10.05,0,False
2026-02-20 13:00:00+00:00,10.0,10.0,10.0,10.0,120.0,10.0,1,False
2026-02-20 14:00:00+00:00,10.05,10.08,9.93,9.96,35404.0,10.028,98,False
2026-02-20 15:00:00+00:00,9.97,10.18,9.97,10.17,34471.0,10.115,281,True
2026-02-20 16:00:00+00:00,10.17,10.22,10.11,10.21,31856.0,10.165,260,True
2026-02-20 17:00:00+00:00,10.21,10.21,10.15,10.21,29026.0,10.171,239,True
2026-02-20 18:00:00+00:00,10.21,10.3,10.07,10.28,139320.0,10.148,577,True
2026-02-20 19:00:00+00:00,10.28,10.28,10.2,10.27,38895.0,10.243,287,True
2026-02-20 20:00:00+00:00,10.27,10.36,10.24,10.34,188816.0,10.305,1091,True
2026-02-20 21:00:00+00:00,10.34,10.34,10.34,10.34,193787.0,10.34,8,False
2026-02-20 22:00:00+00:00,10.34,10.34,10.34,10.34,0.0,10.34,0,False
2026-02-20 23:00:00+00:00,10.34,10.34,10.34,10.34,0.0,10.34,0,False
2026-02-21 00:00:00+00:00,10.34,10.34,10.34,10.34,0.0,10.34,0,False
2026-02-23 12:00:00+00:00,10.15,10.15,10.15,10.15,176.0,10.15,1,False
2026-02-23 13:00:00+00:00,10.15,10.15,10.15,10.15,0.0,10.15,0,False
2026-02-23 14:00:00+00:00,10.29,10.44,10.25,10.28,36218.0,10.32,187,False
2026-02-23 15:00:00+00:00,10.27,10.32,10.13,10.3,32102.0,10.241,270,True
2026-02-23 16:00:00+00:00,10.31,10.36,10.17,10.26,31789.0,10.256,285,True
2026-02-23 17:00:00+00:00,10.26,10.38,10.26,10.31,58586.0,10.312,452,True
2026-02-23 18:00:00+00:00,10.31,10.38,10.29,10.35,46320.0,10.334,333,True
2026-02-23 19:00:00+00:00,10.35,10.38,10.33,10.36,51282.0,10.352,404,True
2026-02-23 20:00:00+00:00,10.37,10.39,10.24,10.3,348484.0,10.305,1957,True
2026-02-23 21:00:00+00:00,10.29,10.29,10.0,10.0,302549.0,10.29,8,False
2026-02-23 22:00:00+00:00,10.0,10.0,10.0,10.0,0.0,10.0,0,False
2026-02-23 23:00:00+00:00,9.8,9.82,9.8,9.82,1016.0,9.81,2,False
2026-02-24 00:00:00+00:00,10.0,10.0,10.0,10.0,4819.0,10.0,1,False
2026-02-24 09:00:00+00:00,10.28,10.37,10.28,10.37,5000.0,10.282,3,False
2026-02-24 10:00:00+00:00,10.37,10.37,10.37,10.37,0.0,10.37,0,False
2026-02-24 11:00:00+00:00,10.37,10.37,10.37,10.37,0.0,10.37,0,False
2026-02-24 12:00:00+00:00,10.37,10.37,10.37,10.37,0.0,10.37,0,False
2026-02-24 13:00:00+00:00,10.42,10.43,10.42,10.42,500.0,10.423,1,False
2026-02-24 14:00:00+00:00,9.76,10.17,8.71,9.2,624941.0,9.36,2144,False
2026-02-24 15:00:00+00:00,9.2,9.23,8.68,9.0,462349.0,8.956,2524,True
2026-02-24 16:00:00+00:00,9.01,9.11,8.89,8.89,303961.0,8.993,1995,True
2026-02-24 17:00:00+00:00,8.89,8.93,8.7,8.74,250202.0,8.841,1281,True
2026-02-24 18:00:00+00:00,8.73,8.76,8.55,8.72,132564.0,8.655,901,True
2026-02-24 19:00:00+00:00,8.71,8.76,8.5,8.61,271634.0,8.619,1481,True
2026-02-24 20:00:00+00:00,8.62,8.95,8.59,8.85,1136271.0,8.788,5540,True
2026-02-24 21:00:00+00:00,8.86,8.86,8.85,8.86,286088.0,8.855,4,False
2026-02-24 22:00:00+00:00,8.86,8.86,8.86,8.86,0.0,8.86,0,False
2026-02-24 23:00:00+00:00,8.86,8.86,8.86,8.86,0.0,8.86,0,False
2026-02-25 00:00:00+00:00,8.86,8.86,8.85,8.86,0.0,8.86,0,False
2026-02-25 11:00:00+00:00,8.86,8.86,8.86,8.86,215.0,8.86,1,False
2026-02-25 12:00:00+00:00,8.86,8.86,8.86,8.86,0.0,8.86,0,False
2026-02-25 13:00:00+00:00,8.86,8.86,8.86,8.86,0.0,8.86,0,False
2026-02-25 14:00:00+00:00,8.78,9.17,8.75,8.94,236830.0,8.984,573,False
2026-02-25 15:00:00+00:00,8.93,9.07,8.83,9.04,169025.0,8.954,983,True
2026-02-25 16:00:00+00:00,9.03,9.08,8.88,9.02,104248.0,8.976,677,True
2026-02-25 17:00:00+00:00,9.02,9.28,8.98,9.27,168657.0,9.13,976,True
2026-02-25 18:00:00+00:00,9.27,9.32,9.2,9.28,128645.0,9.258,707,True
2026-02-25 19:00:00+00:00,9.28,9.36,9.24,9.35,115391.0,9.281,769,True
2026-02-25 20:00:00+00:00,9.35,9.5,9.29,9.31,1079761.0,9.365,3444,True
2026-02-25 21:00:00+00:00,9.32,9.33,9.29,9.29,316514.0,9.33,12,False
2026-02-25 22:00:00+00:00,9.29,9.29,9.29,9.29,0.0,9.29,0,False
2026-02-25 23:00:00+00:00,9.29,9.29,9.29,9.29,0.0,9.29,0,False
2026-02-26 00:00:00+00:00,9.29,9.29,9.29,9.29,0.0,9.29,0,False
2026-02-26 12:00:00+00:00,9.27,9.27,9.27,9.27,100.0,9.27,1,False
2026-02-26 13:00:00+00:00,9.27,9.27,9.27,9.27,0.0,9.27,0,False
2026-02-26 14:00:00+00:00,9.33,9.35,9.08,9.19,44576.0,9.229,184,False
2026-02-26 15:00:00+00:00,9.22,9.23,8.84,8.89,160405.0,8.973,867,True
2026-02-26 16:00:00+00:00,8.89,9.0,8.87,8.97,90916.0,8.923,666,True
2026-02-26 17:00:00+00:00,8.96,8.97,8.89,8.91,67221.0,8.923,498,True
2026-02-26 18:00:00+00:00,8.9,8.99,8.86,8.94,231090.0,8.91,1153,True
2026-02-26 19:00:00+00:00,8.94,9.18,8.94,9.11,291613.0,9.051,1327,True
2026-02-26 20:00:00+00:00,9.1,9.2,9.02,9.07,274539.0,9.076,1803,True
2026-02-26 21:00:00+00:00,9.08,9.08,9.04,9.04,246607.0,9.08,4,False
2026-02-26 22:00:00+00:00,9.08,9.08,9.08,9.08,500.0,9.08,1,False
2026-02-26 23:00:00+00:00,9.08,9.08,9.08,9.08,0.0,9.08,0,False
2026-02-27 00:00:00+00:00,9.08,9.08,9.08,9.08,0.0,9.08,0,False
2026-02-27 13:00:00+00:00,8.96,8.96,8.96,8.96,200.0,8.96,1,False
2026-02-27 14:00:00+00:00,8.94,8.96,8.77,8.79,74610.0,8.869,104,False
2026-02-27 15:00:00+00:00,8.81,8.94,8.79,8.89,47197.0,8.877,259,True
2026-02-27 16:00:00+00:00,8.91,8.98,8.91,8.96,66132.0,8.947,413,True
2026-02-27 17:00:00+00:00,8.95,9.06,8.95,9.05,107956.0,9.026,430,True
2026-02-27 18:00:00+00:00,9.06,9.22,9.06,9.19,50721.0,9.125,404,True
2026-02-27 19:00:00+00:00,9.18,9.24,9.13,9.14,48764.0,9.189,395,True
2026-02-27 20:00:00+00:00,9.14,9.18,9.1,9.16,257489.0,9.145,1469,True
2026-02-27 21:00:00+00:00,9.15,9.23,9.15,9.15,289003.0,9.151,6,False
2026-02-27 22:00:00+00:00,9.15,9.15,9.15,9.15,0.0,9.15,0,False
2026-02-27 23:00:00+00:00,9.15,9.15,9.15,9.15,0.0,9.15,0,False
2026-02-28 00:00:00+00:00,9.15,9.15,9.15,9.15,0.0,9.15,0,False
2026-03-02 12:00:00+00:00,9.0,9.0,9.0,9.0,1200.0,9.0,2,False
2026-03-02 13:00:00+00:00,8.9,8.9,8.9,8.9,1693.0,8.9,1,False
2026-03-02 14:00:00+00:00,9.25,9.48,9.19,9.34,51365.0,9.305,145,False
2026-03-02 15:00:00+00:00,9.35,9.49,9.3,9.4,106821.0,9.438,679,True
2026-03-02 16:00:00+00:00,9.4,9.53,9.39,9.4,119511.0,9.456,680,True
2026-03-02 17:00:00+00:00,9.42,9.56,9.38,9.52,34381.0,9.443,253,True
2026-03-02 18:00:00+00:00,9.53,9.57,9.49,9.52,42430.0,9.527,244,True
2026-03-02 19:00:00+00:00,9.53,9.66,9.53,9.65,53294.0,9.605,361,True
2026-03-02 20:00:00+00:00,9.65,9.73,9.62,9.63,223649.0,9.65,1218,True
2026-03-02 21:00:00+00:00,9.64,9.64,9.64,9.64,299291.0,9.64,7,False
2026-03-02 22:00:00+00:00,9.64,9.64,9.64,9.64,0.0,9.64,0,False
2026-03-02 23:00:00+00:00,9.64,9.64,9.64,9.64,0.0,9.64,0,False
2026-03-03 00:00:00+00:00,9.64,9.64,9.64,9.64,0.0,9.64,0,False
2026-03-03 09:00:00+00:00,9.62,9.64,9.62,9.64,2081.0,9.631,5,False
2026-03-03 10:00:00+00:00,9.54,9.54,9.54,9.54,103.0,9.54,1,False
2026-03-03 11:00:00+00:00,9.54,9.54,9.54,9.54,0.0,9.54,0,False
2026-03-03 12:00:00+00:00,9.54,9.54,9.54,9.54,0.0,9.54,0,False
2026-03-03 13:00:00+00:00,9.54,9.54,9.54,9.54,0.0,9.54,0,False
2026-03-03 14:00:00+00:00,9.37,9.5,9.14,9.18,31519.0,9.328,117,False
2026-03-03 15:00:00+00:00,9.18,9.2,9.03,9.07,78637.0,9.136,384,True
2026-03-03 16:00:00+00:00,9.06,9.23,9.03,9.12,73621.0,9.109,328,True
2026-03-03 17:00:00+00:00,9.11,9.31,9.08,9.3,137554.0,9.203,436,True
2026-03-03 18:00:00+00:00,9.32,9.49,9.31,9.47,108366.0,9.439,444,True
2026-03-03 19:00:00+00:00,9.48,9.54,9.43,9.52,93006.0,9.487,389,True
2026-03-03 20:00:00+00:00,9.52,9.52,9.37,9.41,266872.0,9.417,1142,True
2026-03-03 21:00:00+00:00,9.4,9.4,9.4,9.4,258604.0,9.4,5,False
2026-03-03 22:00:00+00:00,9.4,9.4,9.4,9.4,0.0,9.4,0,False
2026-03-03 23:00:00+00:00,9.4,9.4,9.4,9.4,0.0,9.4,0,False
2026-03-04 00:00:00+00:00,9.4,9.4,9.4,9.4,0.0,9.4,0,False
2026-03-04 11:00:00+00:00,9.4,9.4,9.4,9.4,259.0,9.4,1,False
2026-03-04 12:00:00+00:00,9.4,9.4,9.4,9.4,0.0,9.4,0,False
2026-03-04 13:00:00+00:00,9.4,9.4,9.4,9.4,0.0,9.4,0,False
2026-03-04 14:00:00+00:00,9.61,9.68,9.5,9.66,105042.0,9.61,230,False
2026-03-04 15:00:00+00:00,9.68,9.74,9.57,9.67,74165.0,9.676,382,True
2026-03-04 16:00:00+00:00,9.68,9.81,9.64,9.78,79598.0,9.73,255,True
2026-03-04 17:00:00+00:00,9.77,9.81,9.61,9.66,31093.0,9.69,235,True
2026-03-04 18:00:00+00:00,9.66,9.74,9.64,9.73,23226.0,9.705,183,True
2026-03-04 19:00:00+00:00,9.73,9.74,9.65,9.68,39584.0,9.691,248,True
2026-03-04 20:00:00+00:00,9.68,9.69,9.63,9.66,162682.0,9.666,918,True
2026-03-04 21:00:00+00:00,9.67,9.67,9.67,9.67,191216.0,9.67,11,False
2026-03-04 22:00:00+00:00,9.67,9.67,9.67,9.67,0.0,9.67,0,False
2026-03-04 23:00:00+00:00,9.67,9.67,9.67,9.67,0.0,9.67,0,False
2026-03-05 00:00:00+00:00,9.67,9.67,9.67,9.67,0.0,9.67,0,False
2026-03-05 13:00:00+00:00,9.57,9.57,9.57,9.57,200.0,9.57,1,False
2026-03-05 14:00:00+00:00,9.51,9.58,9.35,9.51,24197.0,9.497,87,False
2026-03-05 15:00:00+00:00,9.53,9.6,9.31,9.42,202862.0,9.421,921,True
2026-03-05 16:00:00+00:00,9.42,9.49,9.39,9.48,59374.0,9.449,249,True
2026-03-05 17:00:00+00:00,9.47,9.56,9.47,9.52,47560.0,9.509,262,True
2026-03-05 18:00:00+00:00,9.52,9.54,9.46,9.53,32667.0,9.501,258,True
2026-03-05 19:00:00+00:00,9.53,9.71,9.53,9.65,368172.0,9.62,1789,True
2026-03-05 20:00:00+00:00,9.64,9.71,9.53,9.61,479702.0,9.636,2238,True
2026-03-05 21:00:00+00:00,9.6,9.6,9.6,9.6,229908.0,9.6,11,False
2026-03-05 22:00:00+00:00,9.6,9.6,9.6,9.6,0.0,9.6,0,False
2026-03-05 23:00:00+00:00,9.6,9.6,9.6,9.6,0.0,9.6,0,False
2026-03-06 00:00:00+00:00,9.61,9.61,9.61,9.61,200.0,9.61,1,False
2026-03-06 14:00:00+00:00,9.41,9.49,9.3,9.37,127192.0,9.388,621,False
2026-03-06 15:00:00+00:00,9.37,9.51,9.24,9.48,211633.0,9.357,863,True
2026-03-06 16:00:00+00:00,9.49,9.62,9.41,9.51,146461.0,9.533,523,True
2026-03-06 17:00:00+00:00,9.51,9.51,9.41,9.44,47888.0,9.455,325,True
2026-03-06 18:00:00+00:00,9.44,9.51,9.43,9.43,29022.0,9.475,243,True
2026-03-06 19:00:00+00:00,9.42,9.52,9.41,9.51,49065.0,9.457,340,True
2026-03-06 20:00:00+00:00,9.5,9.53,9.46,9.49,122807.0,9.49,766,True
2026-03-06 21:00:00+00:00,9.49,9.5,9.49,9.49,266008.0,9.49,12,False
2026-03-06 22:00:00+00:00,9.49,9.49,9.49,9.49,0.0,9.49,0,False
2026-03-06 23:00:00+00:00,9.49,9.49,9.49,9.49,0.0,9.49,0,False
2026-03-07 00:00:00+00:00,9.49,9.49,9.49,9.49,0.0,9.49,0,False
2026-03-09 13:00:00+00:00,9.34,9.41,9.19,9.3,92239.0,9.32,503,False
2026-03-09 14:00:00+00:00,9.32,9.32,9.14,9.17,616779.0,9.25,1723,True
2026-03-09 15:00:00+00:00,9.17,9.21,9.1,9.13,95452.0,9.142,445,True
2026-03-09 16:00:00+00:00,9.13,9.3,9.11,9.23,153744.0,9.232,573,True
2026-03-09 17:00:00+00:00,9.22,9.43,9.22,9.42,201590.0,9.293,747,True
2026-03-09 18:00:00+00:00,9.43,9.49,9.41,9.45,96053.0,9.448,587,True
2026-03-09 19:00:00+00:00,9.45,9.72,9.42,9.67,406809.0,9.621,2074,True
2026-03-09 20:00:00+00:00,9.67,9.67,9.67,9.67,302297.0,9.67,7,False
2026-03-09 21:00:00+00:00,9.67,9.67,9.67,9.67,0.0,9.67,0,False
2026-03-09 22:00:00+00:00,9.75,9.75,9.74,9.75,102.0,9.747,1,False
2026-03-09 23:00:00+00:00,9.75,9.75,9.74,9.75,0.0,9.75,0,False
2026-03-10 13:00:00+00:00,9.82,9.98,9.69,9.86,159027.0,9.864,603,False
2026-03-10 14:00:00+00:00,9.87,9.91,9.78,9.85,149351.0,9.853,466,True
2026-03-10 15:00:00+00:00,9.86,9.87,9.79,9.87,60224.0,9.832,348,True
2026-03-10 16:00:00+00:00,9.87,9.94,9.79,9.8,69899.0,9.858,419,True
2026-03-10 17:00:00+00:00,9.8,9.83,9.68,9.7,516323.0,9.763,1500,True
2026-03-10 18:00:00+00:00,9.69,9.72,9.58,9.68,393561.0,9.66,1633,True
2026-03-10 19:00:00+00:00,9.69,9.72,9.61,9.72,386187.0,9.679,1984,True
2026-03-10 20:00:00+00:00,9.7,9.7,9.7,9.7,562648.0,9.7,6,False
2026-03-10 21:00:00+00:00,9.7,9.7,9.7,9.7,0.0,9.7,0,False
2026-03-10 22:00:00+00:00,9.7,9.7,9.7,9.7,0.0,9.7,0,False
2026-03-10 23:00:00+00:00,9.7,9.7,9.7,9.7,0.0,9.7,0,False
2026-03-11 13:00:00+00:00,9.69,9.81,9.66,9.69,125056.0,9.738,334,False
2026-03-11 14:00:00+00:00,9.71,9.79,9.66,9.75,257319.0,9.743,1449,True
2026-03-11 15:00:00+00:00,9.76,9.77,9.64,9.67,144103.0,9.705,791,True
2026-03-11 16:00:00+00:00,9.66,9.71,9.63,9.67,80093.0,9.679,377,True
2026-03-11 17:00:00+00:00,9.67,9.73,9.64,9.69,60749.0,9.673,384,True
2026-03-11 18:00:00+00:00,9.69,9.74,9.67,9.71,34803.0,9.71,279,True
2026-03-11 19:00:00+00:00,9.71,9.75,9.69,9.75,227830.0,9.729,1114,True
2026-03-11 20:00:00+00:00,9.75,9.75,9.75,9.75,428495.0,9.75,7,False
2026-03-11 21:00:00+00:00,9.75,9.75,9.75,9.75,0.0,9.75,0,False
2026-03-11 22:00:00+00:00,9.75,9.75,9.75,9.75,0.0,9.75,0,False
2026-03-11 23:00:00+00:00,9.75,9.75,9.75,9.75,0.0,9.75,0,False
2026-03-12 08:00:00+00:00,9.75,9.75,9.75,9.75,100.0,9.75,1,False
2026-03-12 09:00:00+00:00,9.75,9.75,9.75,9.75,0.0,9.75,0,False
2026-03-12 10:00:00+00:00,9.75,9.75,9.75,9.75,0.0,9.75,0,False
2026-03-12 11:00:00+00:00,9.75,9.75,9.75,9.75,0.0,9.75,0,False
2026-03-12 12:00:00+00:00,9.75,9.75,9.75,9.75,0.0,9.75,0,False
2026-03-12 13:00:00+00:00,9.6,9.83,9.55,9.76,109490.0,9.699,606,False
2026-03-12 14:00:00+00:00,9.76,9.79,9.63,9.67,91956.0,9.733,566,True
2026-03-12 15:00:00+00:00,9.67,9.74,9.64,9.69,36462.0,9.687,274,True
2026-03-12 16:00:00+00:00,9.69,9.75,9.62,9.73,88541.0,9.67,464,True
2026-03-12 17:00:00+00:00,9.74,9.77,9.71,9.73,115394.0,9.744,578,True
2026-03-12 18:00:00+00:00,9.73,9.84,9.72,9.75,473476.0,9.751,545,True
2026-03-12 19:00:00+00:00,9.75,9.77,9.69,9.75,392990.0,9.732,1145,True
2026-03-12 20:00:00+00:00,9.75,9.75,9.75,9.75,413869.0,9.75,8,False
2026-03-12 21:00:00+00:00,9.75,9.75,9.75,9.75,0.0,9.75,0,False
2026-03-12 22:00:00+00:00,9.75,9.75,9.75,9.75,0.0,9.75,0,False
2026-03-12 23:00:00+00:00,9.75,9.75,9.75,9.75,0.0,9.75,0,False
2026-03-13 08:00:00+00:00,9.95,9.95,9.83,9.83,950.0,9.858,4,False
2026-03-13 09:00:00+00:00,9.83,9.83,9.83,9.83,0.0,9.83,0,False
2026-03-13 10:00:00+00:00,9.83,9.83,9.83,9.83,0.0,9.83,0,False
2026-03-13 11:00:00+00:00,10.0,10.0,10.0,10.0,7558.0,10.0,4,False
2026-03-13 12:00:00+00:00,10.27,10.3,9.85,10.25,4938.0,10.033,9,False
2026-03-13 13:00:00+00:00,10.32,10.46,10.1,10.21,109039.0,10.251,250,False
2026-03-13 14:00:00+00:00,10.19,10.37,10.17,10.22,90543.0,10.254,304,True
2026-03-13 15:00:00+00:00,10.23,10.45,10.19,10.4,389026.0,10.25,471,True
2026-03-13 16:00:00+00:00,10.41,10.41,10.31,10.33,55101.0,10.348,294,True
2026-03-13 17:00:00+00:00,10.33,10.41,10.27,10.38,47129.0,10.364,309,True
2026-03-13 18:00:00+00:00,10.38,10.46,10.37,10.4,53906.0,10.411,330,True
2026-03-13 19:00:00+00:00,10.4,10.62,10.37,10.6,428008.0,10.502,2049,True
2026-03-13 20:00:00+00:00,10.6,10.6,10.59,10.6,406420.0,10.595,15,False
2026-03-13 21:00:00+00:00,10.6,10.6,10.6,10.6,0.0,10.6,0,False
2026-03-13 22:00:00+00:00,10.81,10.81,10.81,10.81,150.0,10.81,1,False
2026-03-13 23:00:00+00:00,10.81,10.81,10.81,10.81,0.0,10.81,0,False
2026-03-16 13:00:00+00:00,10.62,10.81,10.53,10.8,56219.0,10.662,253,False
2026-03-16 14:00:00+00:00,10.78,10.88,10.7,10.73,102187.0,10.774,455,True
2026-03-16 15:00:00+00:00,10.73,10.77,10.65,10.69,61404.0,10.716,334,True
2026-03-16 16:00:00+00:00,10.7,10.7,10.64,10.66,58609.0,10.672,289,True
2026-03-16 17:00:00+00:00,10.65,10.67,10.61,10.63,69098.0,10.641,254,True
2026-03-16 18:00:00+00:00,10.63,10.63,10.55,10.56,26306.0,10.585,202,True
2026-03-16 19:00:00+00:00,10.57,10.59,10.4,10.42,232451.0,10.479,1152,True
2026-03-16 20:00:00+00:00,10.42,10.42,10.42,10.42,192157.0,10.42,12,False
2026-03-16 21:00:00+00:00,10.42,10.42,10.42,10.42,0.0,10.42,0,False
2026-03-16 22:00:00+00:00,10.42,10.42,10.42,10.42,0.0,10.42,0,False
2026-03-16 23:00:00+00:00,10.42,10.42,10.42,10.42,0.0,10.42,0,False
2026-03-17 13:00:00+00:00,10.42,10.63,10.42,10.61,28193.0,10.518,119,False
2026-03-17 14:00:00+00:00,10.59,10.8,10.55,10.77,74130.0,10.683,313,True
2026-03-17 15:00:00+00:00,10.76,10.76,10.65,10.67,44045.0,10.696,235,True
2026-03-17 16:00:00+00:00,10.66,10.66,10.45,10.54,45232.0,10.561,297,True
2026-03-17 17:00:00+00:00,10.54,10.62,10.53,10.59,38406.0,10.583,192,True
2026-03-17 18:00:00+00:00,10.59,10.6,10.48,10.49,46541.0,10.531,344,True
2026-03-17 19:00:00+00:00,10.5,10.55,10.43,10.46,200807.0,10.495,1192,True
2026-03-17 20:00:00+00:00,10.45,10.45,10.45,10.45,201893.0,10.45,6,False
2026-03-17 21:00:00+00:00,10.45,10.45,10.45,10.45,0.0,10.45,0,False
2026-03-17 22:00:00+00:00,10.45,10.45,10.45,10.45,0.0,10.45,0,False
2026-03-17 23:00:00+00:00,10.45,10.45,10.45,10.45,0.0,10.45,0,False
2026-03-18 12:00:00+00:00,10.45,10.45,10.45,10.45,100.0,10.45,1,False
2026-03-18 13:00:00+00:00,10.37,10.44,10.22,10.38,33567.0,10.362,157,False
2026-03-18 14:00:00+00:00,10.42,10.44,10.33,10.42,17032.0,10.377,149,True
2026-03-18 15:00:00+00:00,10.44,10.55,10.4,10.55,39428.0,10.504,300,True
2026-03-18 16:00:00+00:00,10.55,10.7,10.52,10.68,39773.0,10.591,279,True
2026-03-18 17:00:00+00:00,10.7,10.71,10.6,10.63,32217.0,10.642,231,True
2026-03-18 18:00:00+00:00,10.63,10.63,10.51,10.54,82094.0,10.562,563,True
2026-03-18 19:00:00+00:00,10.54,10.61,10.44,10.49,319385.0,10.497,1977,True
2026-03-18 20:00:00+00:00,10.47,10.47,10.47,10.47,422625.0,10.47,2,False
2026-03-18 21:00:00+00:00,10.47,10.47,10.47,10.47,0.0,10.47,0,False
2026-03-18 22:00:00+00:00,10.47,10.47,10.47,10.47,0.0,10.47,0,False
2026-03-18 23:00:00+00:00,10.47,10.47,10.47,10.47,0.0,10.47,0,False
2026-03-19 13:00:00+00:00,10.45,10.67,10.18,10.22,32063.0,10.376,202,False
2026-03-19 14:00:00+00:00,10.22,10.25,10.0,10.13,87784.0,10.102,442,True
2026-03-19 15:00:00+00:00,10.12,10.13,9.88,9.9,37034.0,9.979,246,True
2026-03-19 16:00:00+00:00,9.9,10.06,9.89,9.98,58722.0,9.984,271,True
2026-03-19 17:00:00+00:00,9.98,10.0,9.87,9.93,46700.0,9.935,200,True
2026-03-19 18:00:00+00:00,9.93,10.05,9.89,10.04,47010.0,9.976,228,True
2026-03-19 19:00:00+00:00,10.04,10.16,10.04,10.09,143914.0,10.111,736,True
2026-03-19 20:00:00+00:00,10.08,10.08,10.08,10.08,229122.0,10.08,3,False
2026-03-19 21:00:00+00:00,10.08,10.08,10.08,10.08,0.0,10.08,0,False
2026-03-19 22:00:00+00:00,10.08,10.08,10.08,10.08,0.0,10.08,0,False
2026-03-19 23:00:00+00:00,10.08,10.08,10.08,10.08,0.0,10.08,0,False
2026-03-20 13:00:00+00:00,10.07,10.08,9.9,9.93,81625.0,10.052,93,False
2026-03-20 14:00:00+00:00,9.93,10.06,9.92,9.98,41933.0,9.975,248,True
2026-03-20 15:00:00+00:00,10.0,10.02,9.94,9.98,26558.0,9.967,193,True
2026-03-20 16:00:00+00:00,9.99,10.0,9.85,9.94,52413.0,9.927,266,True
2026-03-20 17:00:00+00:00,9.93,9.95,9.89,9.92,45405.0,9.918,350,True
2026-03-20 18:00:00+00:00,9.92,9.94,9.86,9.93,87614.0,9.913,536,True
2026-03-20 19:00:00+00:00,9.93,9.94,9.81,9.91,254942.0,9.901,1531,True
2026-03-20 20:00:00+00:00,9.91,9.91,9.91,9.91,1840298.0,9.91,19,False
2026-03-20 21:00:00+00:00,9.91,9.91,9.91,9.91,0.0,9.91,0,False
2026-03-20 22:00:00+00:00,9.91,9.91,9.91,9.91,0.0,9.91,0,False
2026-03-20 23:00:00+00:00,9.91,9.91,9.91,9.91,0.0,9.91,0,False
2026-03-23 11:00:00+00:00,9.84,9.84,9.84,9.84,362.0,9.84,1,False
2026-03-23 12:00:00+00:00,9.84,9.84,9.84,9.84,0.0,9.84,0,False
2026-03-23 13:00:00+00:00,10.11,10.41,10.01,10.4,59951.0,10.229,292,False
2026-03-23 14:00:00+00:00,10.4,10.49,10.34,10.46,143917.0,10.398,690,True
2026-03-23 15:00:00+00:00,10.48,10.63,10.46,10.51,130908.0,10.561,608,True
2026-03-23 16:00:00+00:00,10.52,10.53,10.42,10.53,190628.0,10.483,1075,True
2026-03-23 17:00:00+00:00,10.53,10.61,10.5,10.57,69963.0,10.535,425,True
2026-03-23 18:00:00+00:00,10.56,10.6,10.51,10.52,73686.0,10.552,476,True
2026-03-23 19:00:00+00:00,10.52,10.55,10.35,10.37,255065.0,10.449,1116,True
2026-03-23 20:00:00+00:00,10.37,10.37,10.37,10.37,273025.0,10.37,4,False
2026-03-23 21:00:00+00:00,10.37,10.37,10.37,10.37,0.0,10.37,0,False
2026-03-23 22:00:00+00:00,10.52,10.57,10.52,10.57,5202.0,10.533,11,False
2026-03-23 23:00:00+00:00,10.64,10.64,10.64,10.64,680.0,10.64,1,False
2026-03-24 08:00:00+00:00,10.51,10.51,10.51,10.51,1138.0,10.51,6,False
2026-03-24 09:00:00+00:00,10.51,10.51,10.51,10.51,600.0,10.51,3,False
2026-03-24 10:00:00+00:00,10.51,10.51,10.51,10.51,400.0,10.51,2,False
2026-03-24 11:00:00+00:00,10.5,10.5,10.5,10.5,960.0,10.5,1,False
2026-03-24 12:00:00+00:00,10.55,10.6,10.37,10.59,5683.0,10.568,9,False
2026-03-24 13:00:00+00:00,10.5,10.71,10.41,10.61,77570.0,10.53,279,False
2026-03-24 14:00:00+00:00,10.61,10.99,10.58,10.95,66063.0,10.808,378,True
2026-03-24 15:00:00+00:00,10.98,11.07,10.89,11.03,152327.0,10.991,537,True
2026-03-24 16:00:00+00:00,11.02,11.48,11.01,11.34,298019.0,11.309,1273,True
2026-03-24 17:00:00+00:00,11.35,11.59,11.21,11.58,561441.0,11.377,2348,True
2026-03-24 18:00:00+00:00,11.58,11.69,11.54,11.65,188852.0,11.612,769,True
2026-03-24 19:00:00+00:00,11.65,11.67,11.35,11.47,525242.0,11.49,2224,True
2026-03-24 20:00:00+00:00,11.48,11.48,11.48,11.48,315477.0,11.48,5,False
2026-03-24 21:00:00+00:00,11.62,11.62,11.62,11.62,100.0,11.62,1,False
2026-03-24 22:00:00+00:00,11.2,11.71,11.2,11.3,477.0,11.328,4,False
2026-03-24 23:00:00+00:00,11.3,11.52,11.3,11.52,400.0,11.465,2,False
2026-03-25 08:00:00+00:00,11.51,11.51,11.51,11.51,100.0,11.51,1,False
2026-03-25 09:00:00+00:00,11.51,11.51,11.51,11.51,0.0,11.51,0,False
2026-03-25 10:00:00+00:00,11.51,11.51,11.51,11.51,0.0,11.51,0,False
2026-03-25 11:00:00+00:00,11.51,11.51,11.51,11.51,0.0,11.51,0,False
2026-03-25 12:00:00+00:00,11.82,11.82,11.5,11.5,410.0,11.698,3,False
2026-03-25 13:00:00+00:00,11.68,11.69,11.42,11.44,62335.0,11.546,116,False
2026-03-25 14:00:00+00:00,11.41,11.75,11.36,11.63,162916.0,11.633,517,True
2026-03-25 15:00:00+00:00,11.63,11.65,11.34,11.39,62298.0,11.479,384,True
2026-03-25 16:00:00+00:00,11.39,11.42,11.33,11.38,75359.0,11.373,339,True
2026-03-25 17:00:00+00:00,11.38,11.4,11.27,11.33,52874.0,11.341,318,True
2026-03-25 18:00:00+00:00,11.33,11.43,11.28,11.31,55479.0,11.35,320,True
2026-03-25 19:00:00+00:00,11.3,11.44,11.3,11.38,227226.0,11.37,1351,True
2026-03-25 20:00:00+00:00,11.39,11.39,11.39,11.39,437807.0,11.39,12,False
2026-03-25 21:00:00+00:00,11.39,11.39,11.39,11.39,0.0,11.39,0,False
2026-03-25 22:00:00+00:00,11.39,11.39,11.39,11.39,0.0,11.39,0,False
2026-03-25 23:00:00+00:00,11.39,11.39,11.39,11.39,0.0,11.39,0,False
2026-03-26 08:00:00+00:00,11.33,11.33,11.33,11.33,100.0,11.33,1,False
2026-03-26 09:00:00+00:00,11.33,11.33,11.33,11.33,0.0,11.33,0,False
2026-03-26 10:00:00+00:00,11.33,11.33,11.33,11.33,0.0,11.33,0,False
2026-03-26 11:00:00+00:00,11.33,11.33,11.33,11.33,0.0,11.33,0,False
2026-03-26 12:00:00+00:00,11.33,11.33,11.32,11.33,400.0,11.328,1,False
2026-03-26 13:00:00+00:00,11.3,11.53,11.24,11.47,38211.0,11.395,128,False
2026-03-26 14:00:00+00:00,11.46,11.54,11.42,11.46,26310.0,11.474,177,True
2026-03-26 15:00:00+00:00,11.46,11.63,11.45,11.62,47864.0,11.569,260,True
2026-03-26 16:00:00+00:00,11.61,11.63,11.45,11.48,54645.0,11.531,393,True
2026-03-26 17:00:00+00:00,11.48,11.48,11.31,11.37,158323.0,11.385,397,True
2026-03-26 18:00:00+00:00,11.37,11.53,11.36,11.46,62335.0,11.452,327,True
2026-03-26 19:00:00+00:00,11.46,11.47,11.33,11.42,225857.0,11.388,1117,True
2026-03-26 20:00:00+00:00,11.41,11.42,11.3,11.3,129721.0,11.408,11,False
2026-03-26 21:00:00+00:00,11.3,11.3,11.3,11.3,0.0,11.3,0,False
2026-03-26 22:00:00+00:00,11.3,11.3,11.3,11.3,0.0,11.3,0,False
2026-03-26 23:00:00+00:00,11.3,11.3,11.3,11.3,0.0,11.3,0,False
2026-03-27 12:00:00+00:00,11.49,11.49,11.49,11.49,100.0,11.49,1,False
2026-03-27 13:00:00+00:00,11.34,11.37,11.24,11.29,12083.0,11.336,48,False
2026-03-27 14:00:00+00:00,11.28,11.31,11.2,11.27,39379.0,11.258,246,True
2026-03-27 15:00:00+00:00,11.28,11.32,11.18,11.25,35015.0,11.259,215,True
2026-03-27 16:00:00+00:00,11.25,11.25,11.11,11.11,20214.0,11.188,126,True
2026-03-27 17:00:00+00:00,11.1,11.27,11.09,11.23,48263.0,11.22,366,True
2026-03-27 18:00:00+00:00,11.23,11.24,11.1,11.13,59016.0,11.164,294,True
2026-03-27 19:00:00+00:00,11.13,11.21,11.07,11.2,145678.0,11.155,917,True
2026-03-27 20:00:00+00:00,11.2,11.2,11.2,11.2,167232.0,11.2,11,False
2026-03-27 21:00:00+00:00,11.06,11.06,11.05,11.06,300.0,11.057,1,False
2026-03-27 22:00:00+00:00,11.06,11.06,11.06,11.06,0.0,11.06,0,False
2026-03-27 23:00:00+00:00,11.06,11.06,11.05,11.06,0.0,11.06,0,False
2026-03-30 11:00:00+00:00,11.22,11.22,11.22,11.22,100.0,11.22,1,False
2026-03-30 12:00:00+00:00,11.22,11.22,11.22,11.22,0.0,11.22,0,False
2026-03-30 13:00:00+00:00,11.22,11.57,10.99,11.48,237610.0,11.434,596,False
2026-03-30 14:00:00+00:00,11.48,11.54,11.26,11.37,302889.0,11.417,1348,True
2026-03-30 15:00:00+00:00,11.37,11.51,11.36,11.46,150647.0,11.44,658,True
2026-03-30 16:00:00+00:00,11.46,11.51,11.41,11.46,108414.0,11.456,595,True
2026-03-30 17:00:00+00:00,11.45,11.47,11.27,11.28,184775.0,11.358,767,True
2026-03-30 18:00:00+00:00,11.28,11.35,11.23,11.29,166078.0,11.308,956,True
2026-03-30 19:00:00+00:00,11.29,11.37,11.24,11.29,265846.0,11.296,1635,True
2026-03-30 20:00:00+00:00,11.29,11.34,11.29,11.33,446979.0,11.29,7,False
2026-03-30 21:00:00+00:00,11.33,11.34,11.33,11.33,977.0,11.332,2,False
2026-03-30 22:00:00+00:00,11.33,11.33,11.33,11.33,0.0,11.33,0,False
2026-03-30 23:00:00+00:00,11.34,11.39,11.34,11.37,5170.0,11.367,11,False
2026-03-31 11:00:00+00:00,11.4,11.55,11.4,11.54,300.0,11.447,3,False
2026-03-31 12:00:00+00:00,11.45,11.55,11.45,11.55,465.0,11.492,2,False
2026-03-31 13:00:00+00:00,11.57,11.62,11.47,11.6,64115.0,11.525,186,False
2026-03-31 14:00:00+00:00,11.6,11.66,11.45,11.51,123234.0,11.558,556,True
2026-03-31 15:00:00+00:00,11.5,11.71,11.48,11.61,262418.0,11.604,934,True
2026-03-31 16:00:00+00:00,11.6,11.85,11.54,11.82,454213.0,11.735,1041,True
2026-03-31 17:00:00+00:00,11.81,11.88,11.65,11.79,150144.0,11.762,645,True
2026-03-31 18:00:00+00:00,11.8,11.9,11.8,11.85,77886.0,11.859,406,True
2026-03-31 19:00:00+00:00,11.85,11.98,11.84,11.88,324637.0,11.902,1371,True
2026-03-31 20:00:00+00:00,11.9,11.9,11.86,11.9,347396.0,11.9,27,False
2026-03-31 21:00:00+00:00,11.9,11.9,11.9,11.9,100.0,11.9,1,False
2026-03-31 22:00:00+00:00,11.9,11.9,11.9,11.9,0.0,11.9,0,False
2026-03-31 23:00:00+00:00,11.9,11.9,11.9,11.9,0.0,11.9,0,False
2026-04-01 13:00:00+00:00,11.9,11.97,11.62,11.63,67716.0,11.776,283,False
2026-04-01 14:00:00+00:00,11.63,11.87,11.63,11.86,69265.0,11.722,339,True
2026-04-01 15:00:00+00:00,11.85,11.92,11.83,11.9,29520.0,11.876,157,True
2026-04-01 16:00:00+00:00,11.9,11.93,11.87,11.91,51511.0,11.898,227,True
2026-04-01 17:00:00+00:00,11.92,12.02,11.89,11.89,147361.0,11.993,353,True
2026-04-01 18:00:00+00:00,11.9,11.9,11.78,11.78,82493.0,11.81,216,True
2026-04-01 19:00:00+00:00,11.78,11.87,11.76,11.85,193008.0,11.826,831,True
2026-04-01 20:00:00+00:00,11.86,11.86,11.86,11.86,192817.0,11.86,12,False
2026-04-01 21:00:00+00:00,11.86,11.86,11.86,11.86,0.0,11.86,0,False
2026-04-01 22:00:00+00:00,11.86,11.86,11.86,11.86,0.0,11.86,0,False
2026-04-01 23:00:00+00:00,12.03,12.03,12.03,12.03,420.0,12.03,1,False
2026-04-02 12:00:00+00:00,11.84,11.86,11.72,11.77,9151.0,11.791,47,False
2026-04-02 13:00:00+00:00,11.71,11.86,11.64,11.79,52854.0,11.782,211,False
2026-04-02 14:00:00+00:00,11.78,12.09,11.75,11.98,154813.0,11.873,546,True
2026-04-02 15:00:00+00:00,11.98,11.99,11.9,11.94,86587.0,11.959,441,True
2026-04-02 16:00:00+00:00,11.94,12.01,11.89,11.98,72030.0,11.951,309,True
2026-04-02 17:00:00+00:00,11.98,12.02,11.94,11.95,95414.0,11.986,204,True
2026-04-02 18:00:00+00:00,11.95,11.99,11.9,11.9,23536.0,11.934,182,True
2026-04-02 19:00:00+00:00,11.91,12.08,11.91,12.03,166680.0,12.045,761,True
2026-04-02 20:00:00+00:00,12.03,12.2,12.03,12.2,121560.0,12.031,8,False
2026-04-02 21:00:00+00:00,12.28,12.29,12.28,12.28,100.0,12.284,1,False
2026-04-02 22:00:00+00:00,12.28,12.28,12.28,12.28,0.0,12.28,0,False
2026-04-02 23:00:00+00:00,12.28,12.29,12.28,12.28,0.0,12.28,0,False
2026-04-06 11:00:00+00:00,12.03,12.03,12.02,12.03,414.0,12.029,1,False
2026-04-06 12:00:00+00:00,11.99,12.1,11.97,12.05,7069.0,12.05,48,False
2026-04-06 13:00:00+00:00,12.08,12.15,11.9,12.03,36200.0,11.988,74,False
2026-04-06 14:00:00+00:00,12.08,12.28,12.01,12.27,28322.0,12.145,181,True
2026-04-06 15:00:00+00:00,12.26,12.27,12.19,12.24,50113.0,12.237,269,True
2026-04-06 16:00:00+00:00,12.24,12.26,12.23,12.24,19985.0,12.241,144,True
2026-04-06 17:00:00+00:00,12.24,12.26,12.19,12.22,22214.0,12.23,169,True
2026-04-06 18:00:00+00:00,12.21,12.25,12.19,12.23,33882.0,12.221,235,True
2026-04-06 19:00:00+00:00,12.22,12.22,12.04,12.08,167965.0,12.106,923,True
2026-04-06 20:00:00+00:00,12.07,12.07,12.07,12.07,141265.0,12.07,11,False
2026-04-06 21:00:00+00:00,12.07,12.07,12.07,12.07,0.0,12.07,0,False
2026-04-06 22:00:00+00:00,12.07,12.07,12.07,12.07,0.0,12.07,0,False
2026-04-06 23:00:00+00:00,12.07,12.07,12.07,12.07,0.0,12.07,0,False
2026-04-07 13:00:00+00:00,12.12,12.15,11.69,12.06,34540.0,12.05,151,False
2026-04-07 14:00:00+00:00,12.03,12.11,11.97,12.04,48331.0,12.023,336,True
2026-04-07 15:00:00+00:00,12.04,12.06,11.95,11.97,35590.0,12.012,254,True
2026-04-07 16:00:00+00:00,11.98,12.06,11.95,12.01,22396.0,12.001,186,True
2026-04-07 17:00:00+00:00,12.0,12.06,11.99,12.0,34426.0,12.017,186,True
2026-04-07 18:00:00+00:00,12.0,12.01,11.87,11.89,39467.0,11.949,253,True
2026-04-07 19:00:00+00:00,11.89,11.96,11.83,11.95,239362.0,11.897,1407,True
2026-04-07 20:00:00+00:00,11.94,11.94,11.94,11.94,191950.0,11.94,11,False
2026-04-07 21:00:00+00:00,11.94,11.94,11.94,11.94,0.0,11.94,0,False
2026-04-07 22:00:00+00:00,11.94,11.94,11.94,11.94,0.0,11.94,0,False
2026-04-07 23:00:00+00:00,11.94,11.94,11.94,11.94,0.0,11.94,0,False
2026-04-08 11:00:00+00:00,12.26,12.27,12.26,12.27,400.0,12.268,2,False
2026-04-08 12:00:00+00:00,12.17,12.17,12.17,12.17,300.0,12.17,2,False
2026-04-08 13:00:00+00:00,12.23,12.25,12.12,12.2,30346.0,12.201,149,False
2026-04-08 14:00:00+00:00,12.18,12.29,12.17,12.22,99975.0,12.223,406,True
2026-04-08 15:00:00+00:00,12.23,12.3,12.22,12.29,51267.0,12.26,343,True
2026-04-08 16:00:00+00:00,12.3,12.36,12.28,12.29,42836.0,12.33,308,True
2026-04-08 17:00:00+00:00,12.29,12.3,12.22,12.29,42240.0,12.257,315,True
2026-04-08 18:00:00+00:00,12.29,12.3,12.17,12.19,54563.0,12.221,389,True
2026-04-08 19:00:00+00:00,12.19,12.24,12.15,12.2,200673.0,12.199,1152,True
2026-04-08 20:00:00+00:00,12.18,12.4,12.18,12.4,302172.0,12.181,12,False
2026-04-08 21:00:00+00:00,12.4,12.4,12.4,12.4,0.0,12.4,0,False
2026-04-08 22:00:00+00:00,12.4,12.4,12.4,12.4,0.0,12.4,0,False
2026-04-08 23:00:00+00:00,12.4,12.4,12.4,12.4,0.0,12.4,0,False
2026-04-09 10:00:00+00:00,12.2,12.2,12.2,12.2,100.0,12.2,1,False
2026-04-09 11:00:00+00:00,12.2,12.2,12.2,12.2,0.0,12.2,0,False
2026-04-09 12:00:00+00:00,12.1,12.1,12.1,12.1,100.0,12.1,1,False
2026-04-09 13:00:00+00:00,12.08,12.16,11.98,12.1,104523.0,12.057,624,False
2026-04-09 14:00:00+00:00,12.09,12.19,12.01,12.02,52485.0,12.124,323,True
2026-04-09 15:00:00+00:00,12.02,12.05,11.83,12.05,59826.0,11.949,361,True
2026-04-09 16:00:00+00:00,12.06,12.2,12.06,12.14,43484.0,12.143,303,True
2026-04-09 17:00:00+00:00,12.14,12.18,12.14,12.18,23334.0,12.159,165,True
2026-04-09 18:00:00+00:00,12.17,12.17,12.13,12.14,25546.0,12.148,197,True
2026-04-09 19:00:00+00:00,12.16,12.27,12.15,12.24,169578.0,12.223,1079,True
2026-04-09 20:00:00+00:00,12.22,12.22,12.22,12.22,205320.0,12.22,9,False
2026-04-09 21:00:00+00:00,12.22,12.22,12.22,12.22,237.0,12.22,1,False
2026-04-09 22:00:00+00:00,12.22,12.22,12.22,12.22,0.0,12.22,0,False
2026-04-09 23:00:00+00:00,12.39,12.39,12.38,12.39,100.0,12.387,1,False
2026-04-10 08:00:00+00:00,12.25,12.25,12.25,12.25,100.0,12.25,1,False
2026-04-10 09:00:00+00:00,12.25,12.25,12.25,12.25,0.0,12.25,0,False
2026-04-10 10:00:00+00:00,12.25,12.25,12.25,12.25,0.0,12.25,0,False
2026-04-10 11:00:00+00:00,12.36,12.37,12.36,12.36,500.0,12.361,1,False
2026-04-10 12:00:00+00:00,12.36,12.36,12.36,12.36,0.0,12.36,0,False
2026-04-10 13:00:00+00:00,12.27,12.35,12.23,12.32,33786.0,12.276,108,False
2026-04-10 14:00:00+00:00,12.32,12.32,12.18,12.18,30764.0,12.249,199,True
2026-04-10 15:00:00+00:00,12.19,12.25,12.18,12.19,29563.0,12.214,185,True
2026-04-10 16:00:00+00:00,12.18,12.19,12.15,12.17,22108.0,12.172,139,True
2026-04-10 17:00:00+00:00,12.16,12.17,12.12,12.15,25974.0,12.148,171,True
2026-04-10 18:00:00+00:00,12.15,12.19,12.1,12.16,28530.0,12.149,169,True
2026-04-10 19:00:00+00:00,12.16,12.22,12.14,12.16,145681.0,12.175,826,True
2026-04-10 20:00:00+00:00,12.17,12.17,12.17,12.17,118122.0,12.17,8,False
2026-04-10 21:00:00+00:00,12.16,12.16,12.14,12.16,510.0,12.156,3,False
2026-04-10 22:00:00+00:00,12.16,12.16,12.16,12.16,0.0,12.16,0,False
2026-04-10 23:00:00+00:00,12.16,12.16,12.16,12.16,0.0,12.16,0,False
2026-04-13 09:00:00+00:00,12.01,12.01,12.01,12.01,200.0,12.01,1,False
2026-04-13 10:00:00+00:00,12.01,12.01,12.01,12.01,0.0,12.01,0,False
2026-04-13 11:00:00+00:00,12.13,12.15,12.12,12.15,300.0,12.133,2,False
2026-04-13 12:00:00+00:00,12.15,12.15,12.15,12.15,0.0,12.15,0,False
2026-04-13 13:00:00+00:00,12.28,12.55,12.25,12.39,79206.0,12.344,190,False
2026-04-13 14:00:00+00:00,12.38,12.39,12.23,12.34,34670.0,12.317,226,True
2026-04-13 15:00:00+00:00,12.34,12.34,12.04,12.04,43414.0,12.189,299,True
2026-04-13 16:00:00+00:00,12.06,12.27,11.82,12.26,71752.0,11.998,393,True
2026-04-13 17:00:00+00:00,12.27,12.32,12.16,12.2,187814.0,12.215,715,True
2026-04-13 18:00:00+00:00,12.21,12.34,12.21,12.33,30350.0,12.277,222,True
2026-04-13 19:00:00+00:00,12.32,12.44,12.25,12.31,230814.0,12.352,1351,True
2026-04-13 20:00:00+00:00,12.32,12.32,12.32,12.32,288145.0,12.32,11,False
2026-04-13 21:00:00+00:00,12.32,12.32,12.32,12.32,0.0,12.32,0,False
2026-04-13 22:00:00+00:00,12.32,12.32,12.32,12.32,0.0,12.32,0,False
2026-04-13 23:00:00+00:00,12.6,12.6,12.6,12.6,200.0,12.6,1,False
2026-04-14 13:00:00+00:00,12.3,12.47,12.29,12.46,21586.0,12.372,78,False
2026-04-14 14:00:00+00:00,12.46,12.69,12.46,12.69,72192.0,12.559,465,True
2026-04-14 15:00:00+00:00,12.69,12.74,12.55,12.74,166418.0,12.612,959,True
2026-04-14 16:00:00+00:00,12.74,12.8,12.71,12.76,89439.0,12.758,463,True
2026-04-14 17:00:00+00:00,12.76,12.78,12.7,12.76,55949.0,12.742,373,True
2026-04-14 18:00:00+00:00,12.76,12.76,12.66,12.71,64293.0,12.707,432,True
2026-04-14 19:00:00+00:00,12.71,12.83,12.66,12.77,227483.0,12.738,1378,True
2026-04-14 20:00:00+00:00,12.77,12.77,12.67,12.67,247699.0,12.768,7,False
2026-04-14 21:00:00+00:00,12.67,12.67,12.67,12.67,0.0,12.67,0,False
2026-04-14 22:00:00+00:00,12.67,12.67,12.67,12.67,0.0,12.67,0,False
2026-04-14 23:00:00+00:00,12.67,12.68,12.67,12.67,0.0,12.67,0,False
2026-04-15 13:00:00+00:00,12.85,12.87,12.72,12.76,46176.0,12.79,182,False
2026-04-15 14:00:00+00:00,12.75,12.87,12.74,12.81,28235.0,12.808,221,True
2026-04-15 15:00:00+00:00,12.81,12.81,12.68,12.71,88669.0,12.734,685,True
2026-04-15 16:00:00+00:00,12.71,12.73,12.65,12.69,51651.0,12.683,307,True
2026-04-15 17:00:00+00:00,12.69,12.7,12.61,12.63,45134.0,12.652,318,True
2026-04-15 18:00:00+00:00,12.63,12.69,12.61,12.63,82199.0,12.644,551,True
2026-04-15 19:00:00+00:00,12.65,12.67,12.53,12.66,227520.0,12.617,1374,True
2026-04-15 20:00:00+00:00,12.65,12.65,12.65,12.65,658494.0,12.65,7,False
2026-04-15 21:00:00+00:00,12.65,12.65,12.65,12.65,0.0,12.65,0,False
2026-04-15 22:00:00+00:00,12.65,12.65,12.65,12.65,0.0,12.65,0,False
2026-04-15 23:00:00+00:00,12.65,12.65,12.65,12.65,0.0,12.65,0,False
2026-04-16 13:00:00+00:00,12.59,12.7,12.33,12.44,84179.0,12.46,446,False
2026-04-16 14:00:00+00:00,12.43,12.49,12.25,12.28,70943.0,12.388,503,True
2026-04-16 15:00:00+00:00,12.29,12.39,12.28,12.36,118605.0,12.339,838,True
2026-04-16 16:00:00+00:00,12.36,12.43,12.35,12.38,77758.0,12.386,533,True
2026-04-16 17:00:00+00:00,12.38,12.6,12.37,12.59,111316.0,12.465,621,True
2026-04-16 18:00:00+00:00,12.59,12.64,12.57,12.64,104463.0,12.608,665,True
2026-04-16 19:00:00+00:00,12.63,12.67,12.54,12.57,351684.0,12.604,2122,True
2026-04-16 20:00:00+00:00,12.58,12.58,12.58,12.58,179832.0,12.58,13,False
2026-04-16 21:00:00+00:00,12.58,12.58,12.58,12.58,0.0,12.58,0,False
2026-04-16 22:00:00+00:00,12.58,12.58,12.58,12.58,0.0,12.58,0,False
2026-04-16 23:00:00+00:00,12.58,12.58,12.58,12.58,0.0,12.58,0,False
2026-04-17 12:00:00+00:00,12.71,12.72,12.71,12.71,200.0,12.715,1,False
2026-04-17 13:00:00+00:00,12.66,12.74,12.56,12.71,104265.0,12.634,276,False
2026-04-17 14:00:00+00:00,12.7,12.85,12.7,12.73,65813.0,12.763,431,True
2026-04-17 15:00:00+00:00,12.72,12.83,12.67,12.83,97458.0,12.719,512,True
2026-04-17 16:00:00+00:00,12.82,12.83,12.72,12.79,61107.0,12.774,294,True
2026-04-17 17:00:00+00:00,12.79,12.79,12.67,12.7,47774.0,12.732,308,True
2026-04-17 18:00:00+00:00,12.69,12.75,12.61,12.7,142247.0,12.68,686,True
2026-04-17 19:00:00+00:00,12.7,12.71,12.58,12.65,234671.0,12.648,1249,True
2026-04-17 20:00:00+00:00,12.65,12.66,12.65,12.66,246737.0,12.66,5,False
2026-04-17 21:00:00+00:00,12.66,12.66,12.65,12.66,2092.0,12.659,1,False
2026-04-17 22:00:00+00:00,12.66,12.66,12.66,12.66,0.0,12.66,0,False
2026-04-17 23:00:00+00:00,12.66,12.66,12.65,12.66,0.0,12.66,0,False
2026-04-20 11:00:00+00:00,12.66,12.66,12.66,12.66,120.0,12.66,1,False
2026-04-20 12:00:00+00:00,12.66,12.66,12.66,12.66,0.0,12.66,0,False
2026-04-20 13:00:00+00:00,12.6,12.67,12.54,12.65,39532.0,12.594,152,False
2026-04-20 14:00:00+00:00,12.63,12.76,12.62,12.75,58155.0,12.709,304,True
2026-04-20 15:00:00+00:00,12.76,12.86,12.72,12.79,44983.0,12.792,256,True
2026-04-20 16:00:00+00:00,12.79,12.85,12.71,12.79,116910.0,12.777,590,True
2026-04-20 17:00:00+00:00,12.79,12.82,12.73,12.74,25691.0,12.772,176,True
2026-04-20 18:00:00+00:00,12.73,12.74,12.69,12.73,24359.0,12.72,184,True
2026-04-20 19:00:00+00:00,12.73,12.73,12.64,12.67,170432.0,12.683,1017,True
2026-04-20 20:00:00+00:00,12.67,12.67,12.67,12.67,262074.0,12.67,22,False
2026-04-20 21:00:00+00:00,12.67,12.67,12.67,12.67,0.0,12.67,0,False
2026-04-20 22:00:00+00:00,12.67,12.67,12.67,12.67,0.0,12.67,0,False
2026-04-20 23:00:00+00:00,12.67,12.67,12.67,12.67,0.0,12.67,0,False
2026-04-21 13:00:00+00:00,12.71,12.75,12.56,12.57,52612.0,12.65,227,False
2026-04-21 14:00:00+00:00,12.57,12.66,12.45,12.45,71185.0,12.569,549,True
2026-04-21 15:00:00+00:00,12.45,12.48,12.32,12.36,108901.0,12.383,878,True
2026-04-21 16:00:00+00:00,12.37,12.38,12.23,12.25,55599.0,12.324,417,True
2026-04-21 17:00:00+00:00,12.26,12.31,12.17,12.24,90129.0,12.245,614,True
2026-04-21 18:00:00+00:00,12.25,12.28,12.19,12.25,77666.0,12.238,569,True
2026-04-21 19:00:00+00:00,12.24,12.27,12.11,12.14,359580.0,12.172,2146,True
2026-04-21 20:00:00+00:00,12.15,12.15,12.15,12.15,269833.0,12.15,5,False
2026-04-21 21:00:00+00:00,12.15,12.15,12.15,12.15,0.0,12.15,0,False
2026-04-21 22:00:00+00:00,12.15,12.15,12.15,12.15,0.0,12.15,0,False
2026-04-21 23:00:00+00:00,12.15,12.15,12.15,12.15,0.0,12.15,0,False
2026-04-22 11:00:00+00:00,12.79,12.8,12.79,12.79,411.0,12.795,1,False
2026-04-22 12:00:00+00:00,12.28,12.28,12.03,12.04,1942.0,12.267,5,False
2026-04-22 13:00:00+00:00,12.2,12.56,12.19,12.55,59287.0,12.404,372,False
2026-04-22 14:00:00+00:00,12.54,12.71,12.52,12.68,107466.0,12.637,714,True
2026-04-22 15:00:00+00:00,12.68,12.76,12.67,12.74,65751.0,12.711,487,True
2026-04-22 16:00:00+00:00,12.74,12.75,12.67,12.71,53767.0,12.707,398,True
2026-04-22 17:00:00+00:00,12.71,12.75,12.62,12.69,58777.0,12.695,487,True
2026-04-22 18:00:00+00:00,12.69,12.7,12.5,12.6,134997.0,12.589,1014,True
2026-04-22 19:00:00+00:00,12.6,12.76,12.53,12.71,319571.0,12.678,1936,True
2026-04-22 20:00:00+00:00,12.71,12.71,12.71,12.71,408538.0,12.71,11,False
2026-04-22 21:00:00+00:00,12.71,12.71,12.71,12.71,0.0,12.71,0,False
2026-04-22 22:00:00+00:00,12.71,12.71,12.71,12.71,0.0,12.71,0,False
2026-04-22 23:00:00+00:00,12.71,12.71,12.71,12.71,0.0,12.71,0,False
2026-04-23 10:00:00+00:00,12.72,12.72,12.68,12.68,473.0,12.697,2,False
2026-04-23 11:00:00+00:00,12.68,12.68,12.68,12.68,0.0,12.68,0,False
2026-04-23 12:00:00+00:00,12.7,12.7,12.7,12.7,176.0,12.7,1,False
2026-04-23 13:00:00+00:00,12.74,12.8,12.65,12.71,21926.0,12.749,82,False
2026-04-23 14:00:00+00:00,12.71,12.76,12.64,12.69,59260.0,12.705,411,True
2026-04-23 15:00:00+00:00,12.68,12.71,12.6,12.71,105663.0,12.644,719,True
2026-04-23 16:00:00+00:00,12.71,12.74,12.67,12.7,123548.0,12.704,808,True
2026-04-23 17:00:00+00:00,12.71,12.72,12.56,12.71,124878.0,12.627,837,True
2026-04-23 18:00:00+00:00,12.7,12.76,12.69,12.7,62127.0,12.729,386,True
2026-04-23 19:00:00+00:00,12.69,12.75,12.64,12.72,216680.0,12.697,1205,True
2026-04-23 20:00:00+00:00,12.73,12.73,12.73,12.73,151110.0,12.73,4,False
2026-04-23 21:00:00+00:00,12.73,12.73,12.73,12.73,0.0,12.73,0,False
2026-04-23 22:00:00+00:00,12.73,12.73,12.73,12.73,0.0,12.73,0,False
2026-04-23 23:00:00+00:00,12.73,12.73,12.73,12.73,0.0,12.73,0,False
2026-04-24 11:00:00+00:00,12.76,12.76,12.76,12.76,200.0,12.76,2,False
2026-04-24 12:00:00+00:00,12.89,12.89,12.88,12.89,300.0,12.886,1,False
2026-04-24 13:00:00+00:00,12.89,12.89,12.56,12.69,50268.0,12.634,153,False
2026-04-24 14:00:00+00:00,12.68,12.78,12.65,12.68,32763.0,12.706,246,True
2026-04-24 15:00:00+00:00,12.67,12.78,12.66,12.77,38665.0,12.714,253,True
2026-04-24 16:00:00+00:00,12.77,12.77,12.72,12.76,25279.0,12.752,164,True
2026-04-24 17:00:00+00:00,12.77,12.8,12.76,12.77,15737.0,12.781,125,True
2026-04-24 18:00:00+00:00,12.76,12.8,12.74,12.79,38691.0,12.766,244,True
2026-04-24 19:00:00+00:00,12.79,12.94,12.78,12.8,227515.0,12.824,1453,True
2026-04-24 20:00:00+00:00,12.8,12.8,12.8,12.8,295053.0,12.8,4,False
2026-04-24 21:00:00+00:00,12.8,12.8,12.8,12.8,0.0,12.8,0,False
2026-04-24 22:00:00+00:00,12.8,12.8,12.8,12.8,0.0,12.8,0,False
2026-04-24 23:00:00+00:00,12.8,12.8,12.8,12.8,0.0,12.8,0,False
2026-04-27 13:00:00+00:00,12.8,13.11,12.8,13.05,153105.0,12.99,259,False
2026-04-27 14:00:00+00:00,13.05,13.11,12.99,13.03,36750.0,13.055,212,True
2026-04-27 15:00:00+00:00,13.07,13.14,13.05,13.14,58657.0,13.099,227,True
2026-04-27 16:00:00+00:00,13.13,13.16,13.06,13.06,31909.0,13.113,178,True
2026-04-27 17:00:00+00:00,13.06,13.07,12.96,12.96,28031.0,12.992,137,True
2026-04-27 18:00:00+00:00,12.96,13.13,12.95,13.09,68394.0,13.037,449,True
2026-04-27 19:00:00+00:00,13.1,13.3,13.06,13.09,242763.0,13.188,1470,True
2026-04-27 20:00:00+00:00,13.08,13.08,13.08,13.08,345194.0,13.08,4,False
2026-04-27 21:00:00+00:00,13.08,13.08,13.08,13.08,0.0,13.08,0,False
2026-04-27 22:00:00+00:00,13.08,13.08,13.08,13.08,0.0,13.08,0,False
2026-04-27 23:00:00+00:00,13.08,13.08,13.08,13.08,0.0,13.08,0,False
2026-04-28 08:00:00+00:00,13.01,13.01,13.01,13.01,100.0,13.01,1,False
2026-04-28 09:00:00+00:00,13.01,13.01,13.01,13.01,0.0,13.01,0,False
2026-04-28 10:00:00+00:00,13.01,13.01,13.01,13.01,0.0,13.01,0,False
2026-04-28 11:00:00+00:00,13.1,13.1,13.1,13.1,800.0,13.1,1,False
2026-04-28 12:00:00+00:00,13.38,13.38,13.38,13.38,150.0,13.38,1,False
2026-04-28 13:00:00+00:00,13.09,13.23,13.09,13.11,14166.0,13.115,38,False
2026-04-28 14:00:00+00:00,13.11,13.31,13.11,13.29,78440.0,13.217,590,True
2026-04-28 15:00:00+00:00,13.29,13.34,13.23,13.27,47301.0,13.277,412,True
2026-04-28 16:00:00+00:00,13.27,13.31,13.25,13.27,36058.0,13.277,303,True
2026-04-28 17:00:00+00:00,13.27,13.29,13.23,13.28,38460.0,13.264,300,True
2026-04-28 18:00:00+00:00,13.27,13.27,13.22,13.22,43197.0,13.247,345,True
2026-04-28 19:00:00+00:00,13.21,13.39,13.18,13.39,219186.0,13.328,1393,True
2026-04-28 20:00:00+00:00,13.38,13.38,13.38,13.38,148191.0,13.38,2,False
2026-04-28 21:00:00+00:00,13.38,13.38,13.38,13.38,0.0,13.38,0,False
2026-04-28 22:00:00+00:00,13.38,13.38,13.38,13.38,0.0,13.38,0,False
2026-04-28 23:00:00+00:00,13.38,13.38,13.38,13.38,0.0,13.38,0,False
2026-04-29 12:00:00+00:00,13.54,13.59,13.38,13.38,1300.0,13.408,4,False
2026-04-29 13:00:00+00:00,13.27,13.4,13.14,13.19,24711.0,13.265,86,False
2026-04-29 14:00:00+00:00,13.18,13.26,13.04,13.05,52191.0,13.101,371,True
2026-04-29 15:00:00+00:00,13.05,13.07,12.96,13.0,61450.0,13.005,435,True
2026-04-29 16:00:00+00:00,13.01,13.06,13.01,13.04,34065.0,13.033,272,True
2026-04-29 17:00:00+00:00,13.05,13.08,13.03,13.06,21801.0,13.059,172,True
2026-04-29 18:00:00+00:00,13.05,13.05,12.96,13.01,28370.0,12.997,217,True
2026-04-29 19:00:00+00:00,13.0,13.19,12.98,13.09,327155.0,13.092,1768,True
2026-04-29 20:00:00+00:00,13.09,13.09,13.08,13.08,269526.0,13.08,9,False
2026-04-29 21:00:00+00:00,13.08,13.08,13.08,13.08,0.0,13.08,0,False
2026-04-29 22:00:00+00:00,13.08,13.08,13.08,13.08,0.0,13.08,0,False
2026-04-29 23:00:00+00:00,13.08,13.08,13.08,13.08,0.0,13.08,0,False
2026-04-30 13:00:00+00:00,12.98,13.04,12.85,12.91,35063.0,12.921,183,False
2026-04-30 14:00:00+00:00,12.92,13.02,12.88,12.91,49311.0,12.939,370,True
2026-04-30 15:00:00+00:00,12.9,12.94,12.87,12.91,41440.0,12.909,300,True
2026-04-30 16:00:00+00:00,12.91,13.0,12.91,13.0,36008.0,12.972,266,True
2026-04-30 17:00:00+00:00,13.0,13.06,12.99,13.05,38519.0,13.026,303,True
2026-04-30 18:00:00+00:00,13.06,13.13,13.05,13.08,47326.0,13.088,328,True
2026-04-30 19:00:00+00:00,13.08,13.18,13.08,13.1,177316.0,13.121,1093,True
2026-04-30 20:00:00+00:00,13.11,13.11,13.11,13.11,235042.0,13.11,3,False
2026-04-30 21:00:00+00:00,13.18,13.18,13.18,13.18,766.0,13.18,2,False
2026-04-30 22:00:00+00:00,13.18,13.18,13.18,13.18,0.0,13.18,0,False
2026-04-30 23:00:00+00:00,13.18,13.18,13.18,13.18,0.0,13.18,0,False
2026-05-01 11:00:00+00:00,13.13,13.13,13.13,13.13,106.0,13.13,1,False
2026-05-01 12:00:00+00:00,13.1,13.1,12.69,12.7,200.0,12.899,2,False
2026-05-01 13:00:00+00:00,12.9,13.27,12.9,13.27,37703.0,13.173,176,False
2026-05-01 14:00:00+00:00,13.26,13.3,13.11,13.13,93470.0,13.215,604,True
2026-05-01 15:00:00+00:00,13.13,13.14,13.09,13.12,40088.0,13.119,330,True
2026-05-01 16:00:00+00:00,13.13,13.15,13.1,13.11,15424.0,13.122,119,True
2026-05-01 17:00:00+00:00,13.12,13.17,13.1,13.17,16514.0,13.132,109,True
2026-05-01 18:00:00+00:00,13.17,13.17,13.13,13.14,24383.0,13.148,207,True
2026-05-01 19:00:00+00:00,13.14,13.29,13.02,13.17,356605.0,13.162,2213,True
2026-05-01 20:00:00+00:00,13.17,13.18,13.17,13.17,226252.0,13.17,3,False
2026-05-01 21:00:00+00:00,13.17,13.17,13.17,13.17,0.0,13.17,0,False
2026-05-01 22:00:00+00:00,13.17,13.17,13.17,13.17,0.0,13.17,0,False
2026-05-01 23:00:00+00:00,13.17,13.17,13.17,13.17,0.0,13.17,0,False
2026-05-04 13:00:00+00:00,13.09,13.23,13.09,13.23,30244.0,13.154,147,False
2026-05-04 14:00:00+00:00,13.23,13.41,13.22,13.38,86285.0,13.327,641,True
2026-05-04 15:00:00+00:00,13.38,13.43,13.34,13.36,99001.0,13.376,583,True
2026-05-04 16:00:00+00:00,13.36,13.39,13.25,13.25,46631.0,13.308,392,True
2026-05-04 17:00:00+00:00,13.25,13.27,13.12,13.14,56986.0,13.207,387,True
2026-05-04 18:00:00+00:00,13.14,13.2,13.12,13.14,52461.0,13.166,412,True
2026-05-04 19:00:00+00:00,13.15,13.23,12.99,13.06,365349.0,13.095,1928,True
2026-05-04 20:00:00+00:00,13.04,13.04,13.04,13.04,258086.0,13.04,1,False
2026-05-04 21:00:00+00:00,13.04,13.04,13.04,13.04,0.0,13.04,0,False
2026-05-04 22:00:00+00:00,13.04,13.04,13.04,13.04,0.0,13.04,0,False
2026-05-04 23:00:00+00:00,12.85,12.85,12.85,12.85,250.0,12.85,1,False
2026-05-05 11:00:00+00:00,12.52,12.6,12.35,12.4,1800.0,12.474,8,False
2026-05-05 12:00:00+00:00,12.95,12.95,11.0,11.1,53245.0,12.022,84,False
2026-05-05 13:00:00+00:00,11.14,12.13,10.8,11.31,845233.0,11.302,2688,False
2026-05-05 14:00:00+00:00,11.32,11.66,11.23,11.65,577609.0,11.418,3806,True
2026-05-05 15:00:00+00:00,11.66,12.05,11.63,11.9,572462.0,11.887,3423,True
2026-05-05 16:00:00+00:00,11.9,12.03,11.69,11.9,236923.0,11.886,1655,True
2026-05-05 17:00:00+00:00,11.9,11.98,11.84,11.98,150044.0,11.909,1207,True
2026-05-05 18:00:00+00:00,11.98,12.0,11.83,11.85,246532.0,11.91,1913,True
2026-05-05 19:00:00+00:00,11.85,12.13,11.74,11.74,940328.0,11.874,4808,True
2026-05-05 20:00:00+00:00,11.75,11.75,11.75,11.75,317162.0,11.75,1,False
2026-05-05 21:00:00+00:00,11.75,11.75,11.75,11.75,0.0,11.75,0,False
2026-05-05 22:00:00+00:00,11.75,11.75,11.75,11.75,0.0,11.75,0,False
2026-05-05 23:00:00+00:00,11.75,11.76,11.75,11.75,330.0,11.75,1,False
2026-05-06 09:00:00+00:00,11.75,11.75,11.75,11.75,529.0,11.75,1,False
2026-05-06 10:00:00+00:00,11.75,11.75,11.75,11.75,0.0,11.75,0,False
2026-05-06 11:00:00+00:00,11.89,11.89,11.89,11.89,200.0,11.89,2,False
2026-05-06 12:00:00+00:00,11.7,11.76,11.7,11.76,288.0,11.733,2,False
2026-05-06 13:00:00+00:00,11.89,12.22,11.5,11.66,248961.0,11.725,893,False
2026-05-06 14:00:00+00:00,11.66,11.76,11.54,11.58,276408.0,11.635,1497,True
2026-05-06 15:00:00+00:00,11.59,11.63,11.48,11.5,145089.0,11.558,1039,True
2026-05-06 16:00:00+00:00,11.5,11.57,11.41,11.45,141958.0,11.496,983,True
2026-05-06 17:00:00+00:00,11.45,11.56,11.38,11.41,127617.0,11.458,877,True
2026-05-06 18:00:00+00:00,11.41,11.5,11.4,11.46,118415.0,11.451,805,True
2026-05-06 19:00:00+00:00,11.46,11.53,11.36,11.4,528603.0,11.425,2579,True
2026-05-06 20:00:00+00:00,11.4,11.42,11.4,11.42,268039.0,11.42,6,False
2026-05-06 21:00:00+00:00,11.42,11.42,11.42,11.42,0.0,11.42,0,False
2026-05-06 22:00:00+00:00,11.42,11.42,11.42,11.42,0.0,11.42,0,False
2026-05-06 23:00:00+00:00,11.42,11.42,11.42,11.42,0.0,11.42,0,False
2026-05-07 11:00:00+00:00,11.49,11.49,11.49,11.49,260.0,11.49,1,False
2026-05-07 12:00:00+00:00,11.49,11.49,11.49,11.49,0.0,11.49,0,False
2026-05-07 13:00:00+00:00,11.48,11.92,11.37,11.86,101805.0,11.621,354,False
2026-05-07 14:00:00+00:00,11.89,11.89,11.73,11.8,130655.0,11.796,969,True
2026-05-07 15:00:00+00:00,11.8,11.81,11.7,11.79,68022.0,11.752,575,True
2026-05-07 16:00:00+00:00,11.79,11.8,11.59,11.7,134803.0,11.731,826,True
2026-05-07 17:00:00+00:00,11.7,11.78,11.62,11.62,81845.0,11.701,616,True
2026-05-07 18:00:00+00:00,11.62,11.82,11.57,11.72,150033.0,11.687,997,True
2026-05-07 19:00:00+00:00,11.72,11.8,11.66,11.72,493868.0,11.729,3223,True
2026-05-07 20:00:00+00:00,11.73,11.73,11.73,11.73,285722.0,11.73,1,False
2026-05-07 21:00:00+00:00,11.73,11.73,11.73,11.73,0.0,11.73,0,False
2026-05-07 22:00:00+00:00,11.73,11.73,11.73,11.73,0.0,11.73,0,False
2026-05-07 23:00:00+00:00,11.73,11.73,11.73,11.73,0.0,11.73,0,False
2026-05-08 13:00:00+00:00,11.75,11.91,11.75,11.78,66305.0,11.82,199,False
2026-05-08 14:00:00+00:00,11.81,11.81,11.64,11.65,66979.0,11.696,583,True
2026-05-08 15:00:00+00:00,11.65,11.69,11.53,11.55,164582.0,11.599,750,True
2026-05-08 16:00:00+00:00,11.56,11.57,11.4,11.4,66118.0,11.472,424,True
2026-05-08 17:00:00+00:00,11.4,11.41,11.34,11.38,83523.0,11.371,541,True
2026-05-08 18:00:00+00:00,11.38,11.43,11.36,11.37,76987.0,11.388,522,True
2026-05-08 19:00:00+00:00,11.37,11.41,11.23,11.31,366355.0,11.312,2166,True
2026-05-08 20:00:00+00:00,11.3,11.3,11.3,11.3,236779.0,11.3,2,False
2026-05-08 21:00:00+00:00,11.3,11.3,11.3,11.3,120.0,11.3,1,False
2026-05-08 22:00:00+00:00,11.3,11.3,11.3,11.3,0.0,11.3,0,False
2026-05-08 23:00:00+00:00,11.3,11.3,11.3,11.3,0.0,11.3,0,False
2026-05-11 13:00:00+00:00,11.49,11.64,11.49,11.55,139221.0,11.565,275,False
2026-05-11 14:00:00+00:00,11.59,11.63,11.37,11.43,86366.0,11.488,668,True
2026-05-11 15:00:00+00:00,11.44,11.53,11.32,11.32,63010.0,11.419,488,True
2026-05-11 16:00:00+00:00,11.32,11.34,11.26,11.28,58184.0,11.291,368,True
2026-05-11 17:00:00+00:00,11.29,11.35,11.28,11.3,44808.0,11.31,347,True
2026-05-11 18:00:00+00:00,11.3,11.33,11.26,11.31,48754.0,11.289,383,True
2026-05-11 19:00:00+00:00,11.31,11.36,11.16,11.23,355631.0,11.246,2067,True
2026-05-11 20:00:00+00:00,11.24,11.24,11.24,11.24,661464.0,11.24,1,False
2026-05-11 21:00:00+00:00,11.24,11.24,11.24,11.24,0.0,11.24,0,False
2026-05-11 22:00:00+00:00,11.31,11.36,11.31,11.36,607.0,11.319,2,False
2026-05-11 23:00:00+00:00,11.36,11.36,11.36,11.36,0.0,11.36,0,False
2026-05-12 08:00:00+00:00,11.24,11.24,11.24,11.24,100.0,11.24,1,False
2026-05-12 09:00:00+00:00,11.24,11.24,11.24,11.24,0.0,11.24,0,False
2026-05-12 10:00:00+00:00,11.24,11.24,11.24,11.24,0.0,11.24,0,False
2026-05-12 11:00:00+00:00,11.24,11.24,11.24,11.24,0.0,11.24,0,False
2026-05-12 12:00:00+00:00,11.24,11.24,11.24,11.24,0.0,11.24,0,False
2026-05-12 13:00:00+00:00,11.26,11.54,11.12,11.2,47258.0,11.204,217,False
2026-05-12 14:00:00+00:00,11.2,11.22,10.94,10.97,88747.0,11.062,639,True
2026-05-12 15:00:00+00:00,10.97,11.1,10.97,10.99,134742.0,11.03,815,True
2026-05-12 16:00:00+00:00,10.99,11.43,10.98,11.38,324128.0,11.263,2440,True
2026-05-12 17:00:00+00:00,11.38,11.48,11.35,11.38,63245.0,11.419,438,True
2026-05-12 18:00:00+00:00,11.38,11.42,11.35,11.38,62984.0,11.378,537,True
2026-05-12 19:00:00+00:00,11.38,11.38,11.17,11.26,402398.0,11.257,2371,True
2026-05-12 20:00:00+00:00,11.25,11.25,11.25,11.25,230040.0,11.25,3,False
2026-05-12 21:00:00+00:00,11.25,11.25,11.25,11.25,0.0,11.25,0,False
2026-05-12 22:00:00+00:00,11.25,11.25,11.25,11.25,0.0,11.25,0,False
2026-05-12 23:00:00+00:00,11.25,11.25,11.25,11.25,0.0,11.25,0,False
2026-05-13 11:00:00+00:00,11.38,11.38,11.38,11.38,100.0,11.38,1,False
2026-05-13 12:00:00+00:00,11.2,11.2,11.2,11.2,120.0,11.2,1,False
2026-05-13 13:00:00+00:00,11.2,11.24,11.02,11.03,65279.0,11.129,226,False
2026-05-13 14:00:00+00:00,11.04,11.08,10.97,10.99,46065.0,11.025,312,True
2026-05-13 15:00:00+00:00,11.0,11.01,10.86,10.9,217158.0,10.903,1438,True
2026-05-13 16:00:00+00:00,10.89,10.91,10.84,10.87,65884.0,10.873,528,True
2026-05-13 17:00:00+00:00,10.87,10.88,10.81,10.86,56271.0,10.857,423,True
2026-05-13 18:00:00+00:00,10.87,10.87,10.77,10.82,91857.0,10.826,594,True
2026-05-13 19:00:00+00:00,10.82,10.88,10.77,10.81,496632.0,10.815,2713,True
2026-05-13 20:00:00+00:00,10.81,10.81,10.81,10.81,247592.0,10.81,2,False
2026-05-13 21:00:00+00:00,10.81,10.81,10.81,10.81,0.0,10.81,0,False
2026-05-13 22:00:00+00:00,10.81,10.81,10.8,10.81,200.0,10.808,1,False
2026-05-13 23:00:00+00:00,10.81,10.81,10.8,10.81,0.0,10.81,0,False
2026-05-14 11:00:00+00:00,10.88,10.88,10.88,10.88,100.0,10.88,1,False
2026-05-14 12:00:00+00:00,10.88,10.88,10.88,10.88,0.0,10.88,0,False
2026-05-14 13:00:00+00:00,10.74,10.94,10.73,10.82,66873.0,10.755,147,False
2026-05-14 14:00:00+00:00,10.82,10.95,10.77,10.84,56403.0,10.826,466,True
2026-05-14 15:00:00+00:00,10.84,10.88,10.8,10.83,42355.0,10.838,332,True
2026-05-14 16:00:00+00:00,10.84,10.87,10.75,10.78,43806.0,10.818,326,True
2026-05-14 17:00:00+00:00,10.78,10.83,10.74,10.74,36583.0,10.789,278,True
2026-05-14 18:00:00+00:00,10.74,10.77,10.67,10.71,83580.0,10.707,551,True
2026-05-14 19:00:00+00:00,10.71,10.77,10.66,10.75,312773.0,10.71,1692,True
2026-05-14 20:00:00+00:00,10.74,10.76,10.74,10.74,254505.0,10.74,14,False
2026-05-14 21:00:00+00:00,10.74,10.74,10.74,10.74,0.0,10.74,0,False
2026-05-14 22:00:00+00:00,10.74,10.74,10.74,10.74,0.0,10.74,0,False
2026-05-14 23:00:00+00:00,10.74,10.74,10.74,10.74,0.0,10.74,0,False
2026-05-15 13:00:00+00:00,10.78,10.78,10.71,10.76,45547.0,10.761,155,False
2026-05-15 14:00:00+00:00,10.77,10.78,10.68,10.68,45355.0,10.719,348,True
2026-05-15 15:00:00+00:00,10.68,10.69,10.56,10.56,66494.0,10.63,499,True
2026-05-15 16:00:00+00:00,10.56,10.65,10.56,10.61,46241.0,10.606,365,True
2026-05-15 17:00:00+00:00,10.6,10.66,10.59,10.64,53513.0,10.627,377,True
2026-05-15 18:00:00+00:00,10.64,10.66,10.61,10.64,51270.0,10.634,340,True
2026-05-15 19:00:00+00:00,10.64,10.7,10.62,10.67,266403.0,10.656,1526,True
2026-05-15 20:00:00+00:00,10.66,10.66,10.66,10.66,244878.0,10.66,18,False
2026-05-15 21:00:00+00:00,10.66,10.66,10.66,10.66,0.0,10.66,0,False
2026-05-15 22:00:00+00:00,10.66,10.66,10.66,10.66,0.0,10.66,0,False
2026-05-15 23:00:00+00:00,10.66,10.66,10.66,10.66,0.0,10.66,0,False
