date,open,high,low,close,volume,average,barCount,is_rth
2025-11-17 12:00:00+00:00,32.16,32.16,32.16,32.16,539.0,32.16,2,False
2025-11-17 13:00:00+00:00,32.0,32.05,32.0,32.0,869.0,32.013,5,False
2025-11-17 14:00:00+00:00,31.91,32.01,31.43,32.0,23110.0,31.865,85,False
2025-11-17 15:00:00+00:00,31.86,31.86,30.94,31.1,19162.0,31.347,116,True
2025-11-17 16:00:00+00:00,31.16,31.54,31.0,31.45,10100.0,31.286,93,True
2025-11-17 17:00:00+00:00,31.35,31.41,31.11,31.15,11171.0,31.24,92,True
2025-11-17 18:00:00+00:00,31.09,31.27,31.02,31.02,13915.0,31.141,99,True
2025-11-17 19:00:00+00:00,31.05,31.21,30.74,30.74,25665.0,30.981,160,True
2025-11-17 20:00:00+00:00,30.71,31.24,30.59,31.11,52263.0,30.947,389,True
2025-11-17 21:00:00+00:00,31.08,31.08,31.08,31.08,76054.0,31.08,3,False
2025-11-17 22:00:00+00:00,31.08,31.08,31.08,31.08,0.0,31.08,0,False
2025-11-17 23:00:00+00:00,31.08,31.08,31.08,31.08,0.0,31.08,0,False
2025-11-18 00:00:00+00:00,31.25,31.25,31.25,31.25,200.0,31.25,2,False
2025-11-18 14:00:00+00:00,30.49,30.81,30.26,30.55,26679.0,30.502,166,False
2025-11-18 15:00:00+00:00,30.44,30.87,30.01,30.76,29571.0,30.527,217,True
2025-11-18 16:00:00+00:00,30.75,31.29,30.71,31.11,21917.0,31.003,169,True
2025-11-18 17:00:00+00:00,31.09,31.53,30.87,31.44,13938.0,31.083,123,True
2025-11-18 18:00:00+00:00,31.51,31.8,31.38,31.49,32819.0,31.523,298,True
2025-11-18 19:00:00+00:00,31.5,31.67,31.41,31.57,24231.0,31.504,219,True
2025-11-18 20:00:00+00:00,31.64,31.71,31.14,31.14,97361.0,31.41,724,True
2025-11-18 21:00:00+00:00,31.14,31.14,31.14,31.14,113738.0,31.14,2,False
2025-11-18 22:00:00+00:00,31.14,31.14,31.14,31.14,0.0,31.14,0,False
2025-11-18 23:00:00+00:00,31.14,31.14,31.14,31.14,0.0,31.14,0,False
2025-11-19 00:00:00+00:00,31.14,31.14,31.14,31.14,0.0,31.14,0,False
2025-11-19 14:00:00+00:00,31.09,31.87,30.69,31.68,31199.0,31.125,149,False
2025-11-19 15:00:00+00:00,31.68,32.24,31.18,31.19,13048.0,31.667,101,True
2025-11-19 16:00:00+00:00,31.19,31.26,30.86,31.12,19301.0,31.041,161,True
2025-11-19 17:00:00+00:00,31.21,31.27,30.62,31.05,38954.0,31.048,115,True
2025-11-19 18:00:00+00:00,31.07,31.39,30.84,30.87,18338.0,31.141,131,True
2025-11-19 19:00:00+00:00,30.84,31.06,30.66,31.01,15281.0,30.78,101,True
2025-11-19 20:00:00+00:00,31.01,31.28,30.96,31.05,68135.0,31.105,567,True
2025-11-19 21:00:00+00:00,31.03,31.03,31.03,31.03,72750.0,31.03,7,False
2025-11-19 22:00:00+00:00,31.03,31.03,31.03,31.03,0.0,31.03,0,False
2025-11-19 23:00:00+00:00,31.03,31.03,31.03,31.03,0.0,31.03,0,False
2025-11-20 00:00:00+00:00,31.03,31.03,31.03,31.03,0.0,31.03,0,False
2025-11-20 13:00:00+00:00,31.2,31.56,31.2,31.5,687.0,31.418,3,False
2025-11-20 14:00:00+00:00,32.6,34.06,31.5,32.48,28033.0,32.402,128,False
2025-11-20 15:00:00+00:00,32.71,32.72,32.01,32.15,14707.0,32.442,130,True
2025-11-20 16:00:00+00:00,32.1,32.28,30.99,31.0,17416.0,31.669,128,True
2025-11-20 17:00:00+00:00,31.07,31.11,30.62,30.78,22709.0,30.889,165,True
2025-11-20 18:00:00+00:00,30.84,31.16,30.42,30.48,9728.0,30.695,84,True
2025-11-20 19:00:00+00:00,30.51,30.64,30.39,30.64,18715.0,30.519,121,True
2025-11-20 20:00:00+00:00,30.59,30.63,30.24,30.54,68924.0,30.449,496,True
2025-11-20 21:00:00+00:00,30.52,30.52,30.52,30.52,65105.0,30.52,2,False
2025-11-20 22:00:00+00:00,30.52,30.52,30.52,30.52,0.0,30.52,0,False
2025-11-20 23:00:00+00:00,30.52,30.52,30.52,30.52,0.0,30.52,0,False
2025-11-21 00:00:00+00:00,30.52,30.52,30.52,30.52,0.0,30.52,0,False
2025-11-21 14:00:00+00:00,31.4,31.4,29.84,30.22,26235.0,30.453,77,False
2025-11-21 15:00:00+00:00,30.48,30.75,29.75,30.21,24690.0,30.241,196,True
2025-11-21 16:00:00+00:00,30.3,31.49,30.0,31.49,62493.0,30.407,397,True
2025-11-21 17:00:00+00:00,31.36,31.4,30.98,31.24,23983.0,31.184,181,True
2025-11-21 18:00:00+00:00,31.36,31.52,30.97,31.39,14774.0,31.243,139,True
2025-11-21 19:00:00+00:00,31.47,31.75,31.37,31.47,19753.0,31.558,166,True
2025-11-21 20:00:00+00:00,31.5,31.71,31.3,31.46,47598.0,31.52,393,True
2025-11-21 21:00:00+00:00,31.44,31.44,31.44,31.44,101490.0,31.44,2,False
2025-11-21 22:00:00+00:00,31.44,31.44,31.44,31.44,0.0,31.44,0,False
2025-11-21 23:00:00+00:00,31.44,31.44,31.44,31.44,0.0,31.44,0,False
2025-11-22 00:00:00+00:00,30.82,30.82,30.82,30.82,100.0,30.82,1,False
2025-11-24 14:00:00+00:00,31.85,32.08,31.29,32.08,14560.0,31.7,90,False
2025-11-24 15:00:00+00:00,32.11,32.4,31.79,32.28,12121.0,32.067,79,True
2025-11-24 16:00:00+00:00,32.36,32.52,32.28,32.44,7124.0,32.409,64,True
2025-11-24 17:00:00+00:00,32.51,32.77,32.39,32.77,10116.0,32.526,78,True
2025-11-24 18:00:00+00:00,32.78,32.79,32.59,32.76,6724.0,32.707,55,True
2025-11-24 19:00:00+00:00,32.71,32.89,32.4,32.4,20481.0,32.74,108,True
2025-11-24 20:00:00+00:00,32.47,32.88,32.47,32.57,35059.0,32.646,220,True
2025-11-24 21:00:00+00:00,32.55,32.55,32.55,32.55,107881.0,32.55,3,False
2025-11-24 22:00:00+00:00,32.55,32.55,32.55,32.55,0.0,32.55,0,False
2025-11-24 23:00:00+00:00,32.55,32.55,32.55,32.55,0.0,32.55,0,False
2025-11-25 00:00:00+00:00,32.55,32.55,32.55,32.55,0.0,32.55,0,False
2025-11-25 11:00:00+00:00,34.0,34.0,34.0,34.0,111.0,34.0,1,False
2025-11-25 12:00:00+00:00,34.0,34.0,34.0,34.0,0.0,34.0,0,False
2025-11-25 13:00:00+00:00,34.0,34.0,34.0,34.0,0.0,34.0,0,False
2025-11-25 14:00:00+00:00,32.75,32.89,31.84,32.54,12618.0,32.361,54,False
2025-11-25 15:00:00+00:00,32.69,32.81,32.0,32.69,18120.0,32.375,103,True
2025-11-25 16:00:00+00:00,32.82,32.9,32.56,32.67,6827.0,32.743,63,True
2025-11-25 17:00:00+00:00,32.64,33.11,32.6,32.88,15379.0,32.842,101,True
2025-11-25 18:00:00+00:00,32.94,33.22,32.93,33.21,7731.0,33.061,52,True
2025-11-25 19:00:00+00:00,33.19,33.32,32.86,33.27,15557.0,33.056,96,True
2025-11-25 20:00:00+00:00,33.38,33.64,33.23,33.27,37162.0,33.408,249,True
2025-11-25 21:00:00+00:00,33.27,33.27,33.27,33.27,49315.0,33.27,3,False
2025-11-25 22:00:00+00:00,33.27,33.27,33.27,33.27,0.0,33.27,0,False
2025-11-25 23:00:00+00:00,33.0,33.0,33.0,33.0,250.0,33.0,1,False
2025-11-26 00:00:00+00:00,33.0,33.0,33.0,33.0,0.0,33.0,0,False
2025-11-26 13:00:00+00:00,33.43,33.43,33.43,33.43,224.0,33.43,1,False
2025-11-26 14:00:00+00:00,33.6,34.22,33.49,33.64,9110.0,33.755,47,False
2025-11-26 15:00:00+00:00,33.52,33.76,33.39,33.67,10285.0,33.573,69,True
2025-11-26 16:00:00+00:00,33.7,33.85,33.55,33.75,13553.0,33.678,97,True
2025-11-26 17:00:00+00:00,33.76,33.96,33.7,33.7,10185.0,33.807,86,True
2025-11-26 18:00:00+00:00,33.83,34.03,33.82,34.01,8627.0,33.899,61,True
2025-11-26 19:00:00+00:00,34.03,34.21,34.02,34.16,5710.0,34.153,46,True
2025-11-26 20:00:00+00:00,34.19,34.72,34.17,34.63,158170.0,34.522,919,True
2025-11-26 21:00:00+00:00,34.65,34.65,34.65,34.65,284572.0,34.65,2,False
2025-11-26 22:00:00+00:00,34.65,34.65,34.65,34.65,0.0,34.65,0,False
2025-11-26 23:00:00+00:00,34.65,34.65,34.65,34.65,0.0,34.65,0,False
2025-11-27 00:00:00+00:00,34.65,34.65,34.65,34.65,0.0,34.65,0,False
2025-11-28 14:00:00+00:00,34.66,34.66,34.1,34.42,7606.0,34.508,32,False
2025-11-28 15:00:00+00:00,34.71,34.8,34.24,34.64,15955.0,34.48,121,True
2025-11-28 16:00:00+00:00,34.57,34.8,34.41,34.63,8792.0,34.626,64,True
2025-11-28 17:00:00+00:00,34.6,34.76,34.51,34.73,19417.0,34.644,172,True
2025-11-28 18:00:00+00:00,34.71,34.71,34.71,34.71,54407.0,34.71,1,True
2025-11-28 19:00:00+00:00,34.71,34.71,34.71,34.71,0.0,34.71,0,True
2025-11-28 20:00:00+00:00,34.71,34.71,34.71,34.71,0.0,34.71,0,True
2025-11-28 21:00:00+00:00,34.71,34.71,34.71,34.71,0.0,34.71,0,False
2025-12-01 13:00:00+00:00,34.29,34.32,34.29,34.32,439.0,34.31,2,False
2025-12-01 14:00:00+00:00,34.09,34.48,33.5,34.35,30853.0,34.027,164,False
2025-12-01 15:00:00+00:00,34.43,34.81,34.04,34.81,26673.0,34.347,224,True
2025-12-01 16:00:00+00:00,34.81,34.97,34.56,34.86,20486.0,34.783,162,True
2025-12-01 17:00:00+00:00,34.88,34.92,34.78,34.91,11624.0,34.847,96,True
2025-12-01 18:00:00+00:00,34.91,35.22,34.89,35.1,13903.0,35.077,126,True
2025-12-01 19:00:00+00:00,35.09,35.09,34.58,34.59,17285.0,34.823,140,True
2025-12-01 20:00:00+00:00,34.57,34.98,34.52,34.98,66087.0,34.826,481,True
2025-12-01 21:00:00+00:00,34.97,34.97,34.95,34.95,95726.0,34.95,2,False
2025-12-01 22:00:00+00:00,34.95,34.95,34.95,34.95,0.0,34.95,0,False
2025-12-01 23:00:00+00:00,34.95,34.95,34.95,34.95,0.0,34.95,0,False
2025-12-02 00:00:00+00:00,34.95,34.95,34.95,34.95,0.0,34.95,0,False
2025-12-02 13:00:00+00:00,34.98,34.98,34.98,34.98,143.0,34.98,1,False
2025-12-02 14:00:00+00:00,35.99,36.4,35.46,36.4,20127.0,35.728,69,False
2025-12-02 15:00:00+00:00,36.32,36.32,35.38,35.52,12321.0,35.854,96,True
2025-12-02 16:00:00+00:00,35.55,35.63,34.57,34.85,33775.0,35.044,216,True
2025-12-02 17:00:00+00:00,34.98,35.8,34.96,35.52,23481.0,35.206,133,True
2025-12-02 18:00:00+00:00,35.54,35.86,35.49,35.76,14568.0,35.658,80,True
2025-12-02 19:00:00+00:00,35.78,35.88,35.65,35.82,11016.0,35.786,75,True
2025-12-02 20:00:00+00:00,35.88,36.01,34.98,35.05,79904.0,35.409,652,True
2025-12-02 21:00:00+00:00,35.07,35.07,35.07,35.07,230917.0,35.07,3,False
2025-12-02 22:00:00+00:00,35.07,35.07,35.07,35.07,0.0,35.07,0,False
2025-12-02 23:00:00+00:00,35.07,35.07,35.07,35.07,0.0,35.07,0,False
2025-12-03 00:00:00+00:00,35.2,35.2,35.2,35.2,100.0,35.2,1,False
2025-12-03 14:00:00+00:00,35.28,35.28,33.79,33.83,24395.0,34.331,162,False
2025-12-03 15:00:00+00:00,33.83,34.82,33.8,34.52,41927.0,34.336,338,True
2025-12-03 16:00:00+00:00,34.65,34.66,33.91,34.34,42356.0,34.345,362,True
2025-12-03 17:00:00+00:00,34.44,34.76,34.29,34.6,47346.0,34.557,396,True
2025-12-03 18:00:00+00:00,34.66,34.94,34.49,34.89,39175.0,34.657,294,True
2025-12-03 19:00:00+00:00,34.9,35.07,34.67,35.01,32182.0,34.854,246,True
2025-12-03 20:00:00+00:00,35.01,35.36,34.8,35.02,105402.0,35.049,795,True
2025-12-03 21:00:00+00:00,34.98,34.98,34.98,34.98,112347.0,34.98,3,False
2025-12-03 22:00:00+00:00,34.98,34.98,34.98,34.98,0.0,34.98,0,False
2025-12-03 23:00:00+00:00,34.98,34.98,34.98,34.98,0.0,34.98,0,False
2025-12-04 00:00:00+00:00,34.98,34.98,34.98,34.98,0.0,34.98,0,False
2025-12-04 14:00:00+00:00,35.43,35.89,34.22,35.04,24439.0,35.231,150,False
2025-12-04 15:00:00+00:00,35.04,36.02,34.93,35.98,12593.0,35.457,103,True
2025-12-04 16:00:00+00:00,35.98,36.01,35.38,35.56,33511.0,35.615,262,True
2025-12-04 17:00:00+00:00,35.53,35.57,35.19,35.34,21556.0,35.363,155,True
2025-12-04 18:00:00+00:00,35.33,35.34,34.89,34.9,9347.0,35.118,78,True
2025-12-04 19:00:00+00:00,34.87,34.91,34.25,34.38,41139.0,34.492,270,True
2025-12-04 20:00:00+00:00,34.36,34.54,34.0,34.04,83861.0,34.274,613,True
2025-12-04 21:00:00+00:00,34.06,34.06,34.06,34.06,53019.0,34.06,3,False
2025-12-04 22:00:00+00:00,34.06,34.06,34.06,34.06,0.0,34.06,0,False
2025-12-04 23:00:00+00:00,34.06,34.06,34.06,34.06,0.0,34.06,0,False
2025-12-05 00:00:00+00:00,34.06,34.06,34.06,34.06,0.0,34.06,0,False
2025-12-05 14:00:00+00:00,33.91,33.97,32.57,33.15,25724.0,33.156,128,False
2025-12-05 15:00:00+00:00,32.99,33.23,32.5,32.67,39445.0,32.861,319,True
2025-12-05 16:00:00+00:00,32.75,33.03,32.55,32.94,52851.0,32.762,384,True
2025-12-05 17:00:00+00:00,32.91,33.14,32.83,33.14,24016.0,32.899,187,True
2025-12-05 18:00:00+00:00,33.14,33.48,33.01,33.23,34966.0,33.196,238,True
2025-12-05 19:00:00+00:00,33.21,33.23,32.91,33.05,22980.0,33.031,163,True
2025-12-05 20:00:00+00:00,33.08,33.38,33.03,33.26,70904.0,33.198,603,True
2025-12-05 21:00:00+00:00,33.25,33.25,33.25,33.25,91343.0,33.25,1,False
2025-12-05 22:00:00+00:00,33.25,33.25,33.25,33.25,0.0,33.25,0,False
2025-12-05 23:00:00+00:00,33.25,33.25,33.25,33.25,0.0,33.25,0,False
2025-12-06 00:00:00+00:00,33.25,33.25,33.25,33.25,0.0,33.25,0,False
2025-12-08 14:00:00+00:00,33.57,33.57,32.9,33.14,11858.0,33.176,57,False
2025-12-08 15:00:00+00:00,33.12,33.2,32.79,32.83,19749.0,33.03,155,True
2025-12-08 16:00:00+00:00,32.8,33.0,32.65,32.79,25807.0,32.858,233,True
2025-12-08 17:00:00+00:00,32.79,32.81,32.6,32.77,9699.0,32.692,94,True
2025-12-08 18:00:00+00:00,32.81,32.87,32.52,32.54,13818.0,32.7,128,True
2025-12-08 19:00:00+00:00,32.5,32.69,32.35,32.47,24052.0,32.519,152,True
2025-12-08 20:00:00+00:00,32.45,32.77,32.39,32.48,60730.0,32.526,511,True
2025-12-08 21:00:00+00:00,32.5,32.5,32.5,32.5,68526.0,32.5,2,False
2025-12-08 22:00:00+00:00,32.5,32.5,32.5,32.5,0.0,32.5,0,False
2025-12-08 23:00:00+00:00,32.5,32.5,32.5,32.5,0.0,32.5,0,False
2025-12-09 00:00:00+00:00,32.5,32.5,32.5,32.5,0.0,32.5,0,False
2025-12-09 14:00:00+00:00,32.22,33.0,31.93,32.62,15048.0,32.372,93,False
2025-12-09 15:00:00+00:00,32.67,32.84,32.44,32.57,28010.0,32.65,262,True
2025-12-09 16:00:00+00:00,32.54,32.63,32.29,32.3,20424.0,32.502,173,True
2025-12-09 17:00:00+00:00,32.3,32.4,32.1,32.27,11597.0,32.278,105,True
2025-12-09 18:00:00+00:00,32.24,32.36,32.03,32.03,11723.0,32.23,98,True
2025-12-09 19:00:00+00:00,32.05,32.34,31.94,32.29,18992.0,32.221,161,True
2025-12-09 20:00:00+00:00,32.3,32.32,31.84,32.29,82565.0,32.153,560,True
2025-12-09 21:00:00+00:00,32.26,32.3,32.26,32.3,155393.0,32.3,6,False
2025-12-09 22:00:00+00:00,32.0,32.0,32.0,32.0,240.0,32.0,2,False
2025-12-09 23:00:00+00:00,32.0,32.0,32.0,32.0,0.0,32.0,0,False
2025-12-10 00:00:00+00:00,32.0,32.0,32.0,32.0,0.0,32.0,0,False
2025-12-10 14:00:00+00:00,32.16,32.16,31.69,31.83,11256.0,31.969,57,False
2025-12-10 15:00:00+00:00,31.94,31.94,31.16,31.4,14986.0,31.454,93,True
2025-12-10 16:00:00+00:00,31.4,31.83,31.4,31.77,8392.0,31.679,58,True
2025-12-10 17:00:00+00:00,31.79,31.79,31.49,31.61,10049.0,31.636,82,True
2025-12-10 18:00:00+00:00,31.64,31.71,31.3,31.36,16076.0,31.597,130,True
2025-12-10 19:00:00+00:00,31.42,32.34,31.42,32.25,45918.0,31.994,319,True
2025-12-10 20:00:00+00:00,32.27,32.42,31.62,31.65,98279.0,31.944,565,True
2025-12-10 21:00:00+00:00,31.66,31.66,31.66,31.66,83022.0,31.66,6,False
2025-12-10 22:00:00+00:00,31.66,31.66,31.66,31.66,0.0,31.66,0,False
2025-12-10 23:00:00+00:00,31.66,31.66,31.66,31.66,0.0,31.66,0,False
2025-12-11 00:00:00+00:00,31.66,31.66,31.66,31.66,0.0,31.66,0,False
2025-12-11 14:00:00+00:00,31.31,31.55,30.69,31.1,14318.0,31.111,63,False
2025-12-11 15:00:00+00:00,30.9,31.71,30.89,31.43,27697.0,31.335,217,True
2025-12-11 16:00:00+00:00,31.45,31.97,31.24,31.72,21282.0,31.555,186,True
2025-12-11 17:00:00+00:00,31.74,31.94,31.64,31.85,35921.0,31.806,272,True
2025-12-11 18:00:00+00:00,31.85,32.32,31.66,32.19,46721.0,31.99,317,True
2025-12-11 19:00:00+00:00,32.22,32.26,31.8,32.05,59461.0,32.022,348,True
2025-12-11 20:00:00+00:00,32.08,32.26,31.99,32.12,135524.0,32.133,1074,True
2025-12-11 21:00:00+00:00,32.11,32.11,32.11,32.11,81242.0,32.11,3,False
2025-12-11 22:00:00+00:00,32.11,32.11,32.11,32.11,0.0,32.11,0,False
2025-12-11 23:00:00+00:00,32.11,32.11,32.11,32.11,0.0,32.11,0,False
2025-12-12 00:00:00+00:00,32.11,32.11,32.11,32.11,0.0,32.11,0,False
2025-12-12 14:00:00+00:00,32.02,32.16,31.61,31.86,11026.0,31.842,38,False
2025-12-12 15:00:00+00:00,31.7,31.71,30.7,30.82,16776.0,31.327,129,True
2025-12-12 16:00:00+00:00,30.87,30.92,29.78,29.79,20650.0,30.125,172,True
2025-12-12 17:00:00+00:00,29.98,30.4,29.94,30.37,30099.0,30.119,238,True
2025-12-12 18:00:00+00:00,30.37,30.77,30.36,30.64,11588.0,30.611,103,True
2025-12-12 19:00:00+00:00,30.64,30.64,30.33,30.33,10722.0,30.476,89,True
2025-12-12 20:00:00+00:00,30.32,30.52,30.03,30.06,88349.0,30.244,727,True
2025-12-12 21:00:00+00:00,30.06,30.06,30.06,30.06,83438.0,30.06,3,False
2025-12-12 22:00:00+00:00,30.06,30.06,30.06,30.06,0.0,30.06,0,False
2025-12-12 23:00:00+00:00,30.06,30.06,30.06,30.06,0.0,30.06,0,False
2025-12-13 00:00:00+00:00,30.06,30.06,30.06,30.06,0.0,30.06,0,False
2025-12-15 14:00:00+00:00,30.48,30.79,30.41,30.55,16100.0,30.519,83,False
2025-12-15 15:00:00+00:00,30.49,30.59,30.13,30.41,26256.0,30.368,210,True
2025-12-15 16:00:00+00:00,30.41,30.76,29.95,30.07,39065.0,30.454,312,True
2025-12-15 17:00:00+00:00,30.01,30.16,29.84,29.97,14903.0,29.974,121,True
2025-12-15 18:00:00+00:00,29.95,29.95,29.26,29.49,47747.0,29.544,323,True
2025-12-15 19:00:00+00:00,29.46,29.7,29.45,29.6,44803.0,29.544,333,True
2025-12-15 20:00:00+00:00,29.58,29.78,29.36,29.67,134118.0,29.579,843,True
2025-12-15 21:00:00+00:00,29.65,29.65,29.65,29.65,93190.0,29.65,3,False
2025-12-15 22:00:00+00:00,29.65,29.65,29.65,29.65,0.0,29.65,0,False
2025-12-15 23:00:00+00:00,29.65,29.65,29.65,29.65,0.0,29.65,0,False
2025-12-16 00:00:00+00:00,29.65,29.65,29.65,29.65,0.0,29.65,0,False
2025-12-16 13:00:00+00:00,29.78,29.78,29.78,29.78,167.0,29.78,1,False
2025-12-16 14:00:00+00:00,29.34,29.82,29.11,29.53,25096.0,29.625,95,False
2025-12-16 15:00:00+00:00,29.36,29.53,28.83,29.19,24104.0,29.22,143,True
2025-12-16 16:00:00+00:00,29.14,29.14,28.82,28.96,14723.0,28.945,113,True
2025-12-16 17:00:00+00:00,28.94,28.97,28.72,28.79,12785.0,28.881,102,True
2025-12-16 18:00:00+00:00,28.74,29.8,28.69,29.4,41828.0,29.275,307,True
2025-12-16 19:00:00+00:00,29.4,29.44,28.91,29.25,115965.0,29.151,499,True
2025-12-16 20:00:00+00:00,29.27,29.7,29.07,29.56,116611.0,29.477,790,True
2025-12-16 21:00:00+00:00,29.6,29.6,29.6,29.6,80930.0,29.6,2,False
2025-12-16 22:00:00+00:00,29.6,29.6,29.6,29.6,0.0,29.6,0,False
2025-12-16 23:00:00+00:00,29.6,29.6,29.6,29.6,0.0,29.6,0,False
2025-12-17 00:00:00+00:00,29.6,29.6,29.6,29.6,0.0,29.6,0,False
2025-12-17 09:00:00+00:00,29.61,29.89,29.61,29.89,202.0,29.751,2,False
2025-12-17 10:00:00+00:00,29.89,29.89,29.89,29.89,0.0,29.89,0,False
2025-12-17 11:00:00+00:00,29.89,29.89,29.89,29.89,0.0,29.89,0,False
2025-12-17 12:00:00+00:00,29.89,29.89,29.89,29.89,0.0,29.89,0,False
2025-12-17 13:00:00+00:00,29.89,29.89,29.89,29.89,0.0,29.89,0,False
2025-12-17 14:00:00+00:00,29.81,30.6,29.39,30.43,19957.0,30.12,115,False
2025-12-17 15:00:00+00:00,30.32,30.6,29.75,29.75,45151.0,30.058,276,True
2025-12-17 16:00:00+00:00,29.75,29.98,29.38,29.61,37332.0,29.704,285,True
2025-12-17 17:00:00+00:00,29.6,29.67,29.42,29.43,42389.0,29.526,316,True
2025-12-17 18:00:00+00:00,29.52,29.57,29.18,29.31,10901.0,29.331,93,True
2025-12-17 19:00:00+00:00,29.31,29.45,29.19,29.27,19801.0,29.309,149,True
2025-12-17 20:00:00+00:00,29.27,29.38,29.05,29.13,55923.0,29.177,457,True
2025-12-17 21:00:00+00:00,29.13,29.13,29.13,29.13,61330.0,29.13,6,False
2025-12-17 22:00:00+00:00,29.13,29.13,29.13,29.13,0.0,29.13,0,False
2025-12-17 23:00:00+00:00,29.13,29.13,29.13,29.13,0.0,29.13,0,False
2025-12-18 00:00:00+00:00,29.13,29.13,29.13,29.13,0.0,29.13,0,False
2025-12-18 13:00:00+00:00,29.24,29.24,29.21,29.21,200.0,29.225,2,False
2025-12-18 14:00:00+00:00,30.11,30.51,29.84,30.07,25115.0,30.249,147,False
2025-12-18 15:00:00+00:00,30.07,30.33,29.79,29.87,111862.0,30.055,516,True
2025-12-18 16:00:00+00:00,29.76,30.0,29.73,29.8,20491.0,29.838,184,True
2025-12-18 17:00:00+00:00,29.82,29.82,29.34,29.7,76855.0,29.542,619,True
2025-12-18 18:00:00+00:00,29.58,29.82,29.53,29.63,16287.0,29.638,129,True
2025-12-18 19:00:00+00:00,29.62,29.69,29.04,29.08,27904.0,29.408,250,True
2025-12-18 20:00:00+00:00,29.12,29.58,29.12,29.57,119748.0,29.409,890,True
2025-12-18 21:00:00+00:00,29.57,29.57,29.57,29.57,98535.0,29.57,5,False
2025-12-18 22:00:00+00:00,29.57,29.57,29.57,29.57,0.0,29.57,0,False
2025-12-18 23:00:00+00:00,29.57,29.57,29.57,29.57,0.0,29.57,0,False
2025-12-19 00:00:00+00:00,29.57,29.57,29.57,29.57,0.0,29.57,0,False
2025-12-19 14:00:00+00:00,29.51,30.09,29.5,29.65,82421.0,29.736,217,False
2025-12-19 15:00:00+00:00,29.65,30.25,29.58,29.75,37451.0,29.839,237,True
2025-12-19 16:00:00+00:00,29.74,29.96,29.56,29.8,20404.0,29.77,166,True
2025-12-19 17:00:00+00:00,29.84,29.87,29.32,29.34,21987.0,29.577,181,True
2025-12-19 18:00:00+00:00,29.29,29.73,29.29,29.46,19296.0,29.478,141,True
2025-12-19 19:00:00+00:00,29.49,29.84,29.36,29.75,36727.0,29.54,252,True
2025-12-19 20:00:00+00:00,29.79,29.95,29.52,29.61,84598.0,29.701,665,True
2025-12-19 21:00:00+00:00,29.62,29.62,29.62,29.62,301035.0,29.62,5,False
2025-12-19 22:00:00+00:00,29.62,29.62,29.62,29.62,0.0,29.62,0,False
2025-12-19 23:00:00+00:00,29.62,29.62,29.62,29.62,0.0,29.62,0,False
2025-12-20 00:00:00+00:00,29.62,29.62,29.62,29.62,0.0,29.62,0,False
2025-12-22 12:00:00+00:00,29.6,29.6,29.6,29.6,100.0,29.6,1,False
2025-12-22 13:00:00+00:00,29.63,29.63,29.63,29.63,300.0,29.63,3,False
2025-12-22 14:00:00+00:00,30.01,30.22,29.76,30.16,32559.0,30.017,86,False
2025-12-22 15:00:00+00:00,30.09,30.44,29.67,29.86,44318.0,29.889,294,True
2025-12-22 16:00:00+00:00,29.94,30.95,29.85,30.72,28380.0,30.57,209,True
2025-12-22 17:00:00+00:00,30.77,30.98,30.43,30.98,39122.0,30.682,308,True
2025-12-22 18:00:00+00:00,30.99,31.08,30.77,30.77,11727.0,30.958,89,True
2025-12-22 19:00:00+00:00,30.8,30.99,30.63,30.96,22638.0,30.802,176,True
2025-12-22 20:00:00+00:00,31.0,31.11,30.68,30.83,79406.0,30.904,574,True
2025-12-22 21:00:00+00:00,30.84,30.84,30.84,30.84,52192.0,30.84,3,False
2025-12-22 22:00:00+00:00,30.84,30.84,30.84,30.84,0.0,30.84,0,False
2025-12-22 23:00:00+00:00,30.84,30.84,30.84,30.84,0.0,30.84,0,False
2025-12-23 00:00:00+00:00,30.84,30.84,30.84,30.84,0.0,30.84,0,False
2025-12-23 14:00:00+00:00,30.58,30.58,30.12,30.12,7938.0,30.437,39,False
2025-12-23 15:00:00+00:00,30.24,30.59,29.77,30.16,28000.0,30.267,231,True
2025-12-23 16:00:00+00:00,30.15,30.4,29.97,30.4,17355.0,30.158,137,True
2025-12-23 17:00:00+00:00,30.32,30.34,30.08,30.1,8045.0,30.245,74,True
2025-12-23 18:00:00+00:00,30.1,30.39,30.08,30.21,15311.0,30.245,134,True
2025-12-23 19:00:00+00:00,30.17,30.35,30.1,30.3,18774.0,30.235,147,True
2025-12-23 20:00:00+00:00,30.28,30.4,30.16,30.3,32915.0,30.316,301,True
2025-12-23 21:00:00+00:00,30.33,30.33,30.33,30.33,34593.0,30.33,2,False
2025-12-23 22:00:00+00:00,30.33,30.33,30.33,30.33,0.0,30.33,0,False
2025-12-23 23:00:00+00:00,30.33,30.33,30.33,30.33,0.0,30.33,0,False
2025-12-24 00:00:00+00:00,30.33,30.33,30.33,30.33,0.0,30.33,0,False
2025-12-24 14:00:00+00:00,29.85,30.02,29.52,29.68,13224.0,29.766,65,False
2025-12-24 15:00:00+00:00,29.67,30.02,29.67,29.88,15720.0,29.873,128,True
2025-12-24 16:00:00+00:00,29.91,30.09,29.89,30.03,33453.0,30.001,113,True
2025-12-24 17:00:00+00:00,30.03,30.42,30.01,30.32,27716.0,30.24,237,True
2025-12-24 18:00:00+00:00,30.34,30.34,30.34,30.34,35979.0,30.34,2,True
2025-12-24 19:00:00+00:00,30.34,30.34,30.34,30.34,0.0,30.34,0,True
2025-12-24 20:00:00+00:00,30.34,30.34,30.34,30.34,0.0,30.34,0,True
2025-12-24 21:00:00+00:00,30.34,30.34,30.34,30.34,0.0,30.34,0,False
2025-12-26 14:00:00+00:00,30.31,30.31,29.88,30.05,6363.0,30.005,18,False
2025-12-26 15:00:00+00:00,29.88,30.15,29.72,30.08,5831.0,30.039,46,True
2025-12-26 16:00:00+00:00,30.0,30.12,29.96,30.12,4940.0,30.054,34,True
2025-12-26 17:00:00+00:00,30.15,30.19,30.08,30.19,2968.0,30.14,26,True
2025-12-26 18:00:00+00:00,30.19,30.34,30.17,30.24,9614.0,30.268,66,True
2025-12-26 19:00:00+00:00,30.19,30.24,30.04,30.1,5873.0,30.146,53,True
2025-12-26 20:00:00+00:00,30.05,30.29,30.03,30.18,30483.0,30.189,238,True
2025-12-26 21:00:00+00:00,30.18,30.18,30.18,30.18,42924.0,30.18,1,False
2025-12-26 22:00:00+00:00,30.18,30.18,30.18,30.18,0.0,30.18,0,False
2025-12-26 23:00:00+00:00,30.18,30.18,30.18,30.18,0.0,30.18,0,False
2025-12-27 00:00:00+00:00,30.18,30.18,30.18,30.18,0.0,30.18,0,False
2025-12-29 14:00:00+00:00,29.83,30.9,29.83,30.38,16238.0,30.069,46,False
2025-12-29 15:00:00+00:00,30.38,30.38,29.99,30.26,9919.0,30.208,91,True
2025-12-29 16:00:00+00:00,30.27,30.45,30.24,30.42,9856.0,30.353,85,True
2025-12-29 17:00:00+00:00,30.42,30.48,30.27,30.41,9305.0,30.385,67,True
2025-12-29 18:00:00+00:00,30.35,30.36,30.13,30.14,8047.0,30.251,65,True
2025-12-29 19:00:00+00:00,30.17,30.2,29.96,30.12,10688.0,30.117,100,True
2025-12-29 20:00:00+00:00,30.14,30.26,30.0,30.09,44208.0,30.091,347,True
2025-12-29 21:00:00+00:00,30.08,30.08,30.07,30.07,48265.0,30.07,2,False
2025-12-29 22:00:00+00:00,29.9,29.9,29.9,29.9,100.0,29.9,1,False
2025-12-29 23:00:00+00:00,29.9,29.9,29.9,29.9,0.0,29.9,0,False
2025-12-30 00:00:00+00:00,29.9,29.9,29.9,29.9,0.0,29.9,0,False
2025-12-30 14:00:00+00:00,30.24,30.66,29.74,30.16,17058.0,30.164,57,False
2025-12-30 15:00:00+00:00,30.25,30.25,29.97,30.2,5159.0,30.098,49,True
2025-12-30 16:00:00+00:00,30.07,30.17,30.03,30.11,4061.0,30.093,30,True
2025-12-30 17:00:00+00:00,30.11,30.13,30.02,30.1,4716.0,30.085,41,True
2025-12-30 18:00:00+00:00,30.04,30.04,29.87,29.95,8536.0,29.931,63,True
2025-12-30 19:00:00+00:00,29.94,30.09,29.76,29.77,10473.0,29.954,66,True
2025-12-30 20:00:00+00:00,29.76,29.85,29.35,29.39,45027.0,29.524,300,True
2025-12-30 21:00:00+00:00,29.41,29.41,29.41,29.41,97838.0,29.41,2,False
2025-12-30 22:00:00+00:00,29.41,29.41,29.41,29.41,0.0,29.41,0,False
2025-12-30 23:00:00+00:00,29.41,29.41,29.41,29.41,0.0,29.41,0,False
2025-12-31 00:00:00+00:00,29.41,29.41,29.41,29.41,0.0,29.41,0,False
2025-12-31 13:00:00+00:00,29.35,29.35,29.35,29.35,151.0,29.35,1,False
2025-12-31 14:00:00+00:00,29.5,29.5,29.02,29.32,5352.0,29.358,24,False
2025-12-31 15:00:00+00:00,29.34,29.34,28.88,28.98,15401.0,29.082,137,True
2025-12-31 16:00:00+00:00,28.93,28.96,28.72,28.94,17168.0,28.85,119,True
2025-12-31 17:00:00+00:00,28.9,28.97,28.83,28.9,6000.0,28.879,44,True
2025-12-31 18:00:00+00:00,28.88,28.93,28.85,28.92,7245.0,28.883,62,True
2025-12-31 19:00:00+00:00,28.94,28.96,28.76,28.83,4925.0,28.836,48,True
2025-12-31 20:00:00+00:00,28.84,29.31,28.75,29.28,43358.0,29.055,306,True
2025-12-31 21:00:00+00:00,29.29,29.29,29.29,29.29,276165.0,29.29,5,False
2025-12-31 22:00:00+00:00,29.29,29.29,29.29,29.29,0.0,29.29,0,False
2025-12-31 23:00:00+00:00,29.29,29.29,29.29,29.29,0.0,29.29,0,False
2026-01-01 00:00:00+00:00,29.29,29.29,29.29,29.29,0.0,29.29,0,False
2026-01-02 14:00:00+00:00,29.97,30.93,29.66,30.21,29451.0,30.122,129,False
2026-01-02 15:00:00+00:00,30.35,31.12,29.99,30.9,28115.0,30.591,199,True
2026-01-02 16:00:00+00:00,30.81,31.07,30.57,30.72,19607.0,30.884,144,True
2026-01-02 17:00:00+00:00,30.76,30.87,30.65,30.78,17716.0,30.793,119,True
2026-01-02 18:00:00+00:00,30.8,30.8,30.55,30.68,10006.0,30.674,84,True
2026-01-02 19:00:00+00:00,30.67,30.92,30.65,30.71,25313.0,30.77,198,True
2026-01-02 20:00:00+00:00,30.68,30.77,30.6,30.66,27777.0,30.69,229,True
2026-01-02 21:00:00+00:00,30.67,30.67,30.67,30.67,41038.0,30.67,3,False
2026-01-02 22:00:00+00:00,30.67,30.67,30.67,30.67,0.0,30.67,0,False
2026-01-02 23:00:00+00:00,30.67,30.67,30.67,30.67,0.0,30.67,0,False
2026-01-03 00:00:00+00:00,30.67,30.67,30.67,30.67,0.0,30.67,0,False
2026-01-05 13:00:00+00:00,31.31,31.31,31.31,31.31,335.0,31.31,1,False
2026-01-05 14:00:00+00:00,30.95,31.04,30.24,30.63,16188.0,30.718,108,False
2026-01-05 15:00:00+00:00,30.43,30.5,30.11,30.28,12011.0,30.296,78,True
2026-01-05 16:00:00+00:00,30.28,30.29,29.74,29.86,10876.0,29.998,79,True
2026-01-05 17:00:00+00:00,29.92,30.14,29.88,29.93,10044.0,30.02,91,True
2026-01-05 18:00:00+00:00,29.92,30.6,29.92,30.6,10139.0,30.212,84,True
2026-01-05 19:00:00+00:00,30.61,30.82,30.48,30.82,17162.0,30.642,102,True
2026-01-05 20:00:00+00:00,30.83,31.04,30.73,30.93,58901.0,30.893,427,True
2026-01-05 21:00:00+00:00,30.92,30.92,30.92,30.92,48151.0,30.92,1,False
2026-01-05 22:00:00+00:00,30.92,30.92,30.92,30.92,0.0,30.92,0,False
2026-01-05 23:00:00+00:00,30.92,30.92,30.92,30.92,0.0,30.92,0,False
2026-01-06 00:00:00+00:00,30.92,30.92,30.92,30.92,0.0,30.92,0,False
2026-01-06 14:00:00+00:00,30.92,30.92,29.66,29.84,8585.0,30.326,56,False
2026-01-06 15:00:00+00:00,29.67,30.3,29.61,29.88,19554.0,29.87,128,True
2026-01-06 16:00:00+00:00,29.89,29.89,29.51,29.57,26422.0,29.654,129,True
2026-01-06 17:00:00+00:00,29.62,30.0,29.57,30.0,15709.0,29.818,112,True
2026-01-06 18:00:00+00:00,29.95,29.95,29.58,29.7,18702.0,29.648,153,True
2026-01-06 19:00:00+00:00,29.67,30.08,29.57,30.06,33610.0,29.905,227,True
2026-01-06 20:00:00+00:00,30.07,30.53,29.77,30.45,112409.0,30.129,879,True
2026-01-06 21:00:00+00:00,30.44,30.46,30.44,30.46,138810.0,30.46,3,False
2026-01-06 22:00:00+00:00,30.46,30.46,30.46,30.46,0.0,30.46,0,False
2026-01-06 23:00:00+00:00,30.46,30.46,30.46,30.46,0.0,30.46,0,False
2026-01-07 00:00:00+00:00,30.46,30.46,30.46,30.46,0.0,30.46,0,False
2026-01-07 14:00:00+00:00,30.29,30.29,29.53,30.01,10016.0,30.046,54,False
2026-01-07 15:00:00+00:00,30.01,30.09,29.06,29.33,43511.0,29.432,261,True
2026-01-07 16:00:00+00:00,29.33,29.48,29.13,29.37,15616.0,29.266,134,True
2026-01-07 17:00:00+00:00,29.37,29.48,29.28,29.34,15529.0,29.413,113,True
2026-01-07 18:00:00+00:00,29.31,29.53,29.31,29.45,11058.0,29.406,94,True
2026-01-07 19:00:00+00:00,29.45,29.54,29.33,29.36,12066.0,29.463,101,True
2026-01-07 20:00:00+00:00,29.37,29.49,29.16,29.24,47546.0,29.327,411,True
2026-01-07 21:00:00+00:00,29.26,29.26,29.26,29.26,56282.0,29.26,1,False
2026-01-07 22:00:00+00:00,29.26,29.26,29.26,29.26,0.0,29.26,0,False
2026-01-07 23:00:00+00:00,29.26,29.26,29.26,29.26,0.0,29.26,0,False
2026-01-08 00:00:00+00:00,29.26,29.26,29.26,29.26,0.0,29.26,0,False
2026-01-08 14:00:00+00:00,29.22,30.1,29.22,29.73,19571.0,29.697,50,False
2026-01-08 15:00:00+00:00,29.83,29.83,29.3,29.41,6846.0,29.569,57,True
2026-01-08 16:00:00+00:00,29.37,29.43,29.05,29.14,16994.0,29.269,142,True
2026-01-08 17:00:00+00:00,29.14,29.35,29.11,29.33,7629.0,29.213,71,True
2026-01-08 18:00:00+00:00,29.33,29.33,29.16,29.24,7151.0,29.239,65,True
2026-01-08 19:00:00+00:00,29.25,29.32,29.05,29.05,8487.0,29.168,70,True
2026-01-08 20:00:00+00:00,29.05,29.39,28.99,29.29,36553.0,29.248,287,True
2026-01-08 21:00:00+00:00,29.28,29.28,29.28,29.28,77671.0,29.28,3,False
2026-01-08 22:00:00+00:00,29.28,29.28,29.28,29.28,0.0,29.28,0,False
2026-01-08 23:00:00+00:00,29.28,29.28,29.28,29.28,0.0,29.28,0,False
2026-01-09 00:00:00+00:00,29.28,29.28,29.28,29.28,0.0,29.28,0,False
2026-01-09 14:00:00+00:00,29.81,30.68,29.79,30.41,16986.0,30.231,129,False
2026-01-09 15:00:00+00:00,30.41,30.41,29.69,29.77,28532.0,30.042,210,True
2026-01-09 16:00:00+00:00,29.79,30.27,29.66,30.24,7761.0,29.957,66,True
2026-01-09 17:00:00+00:00,30.25,30.27,30.09,30.11,13010.0,30.18,109,True
2026-01-09 18:00:00+00:00,30.07,30.24,30.01,30.18,10322.0,30.153,81,True
2026-01-09 19:00:00+00:00,30.21,30.33,29.97,29.98,9691.0,30.14,79,True
2026-01-09 20:00:00+00:00,30.02,30.38,30.02,30.27,37837.0,30.235,321,True
2026-01-09 21:00:00+00:00,30.29,30.29,30.29,30.29,56118.0,30.29,2,False
2026-01-09 22:00:00+00:00,30.29,30.29,30.29,30.29,0.0,30.29,0,False
2026-01-09 23:00:00+00:00,30.29,30.29,30.29,30.29,0.0,30.29,0,False
2026-01-10 00:00:00+00:00,30.29,30.29,30.29,30.29,0.0,30.29,0,False
2026-01-12 13:00:00+00:00,30.2,30.2,30.0,30.0,916.0,30.115,4,False
2026-01-12 14:00:00+00:00,30.43,31.38,30.27,31.37,34455.0,30.821,128,False
2026-01-12 15:00:00+00:00,31.45,31.72,30.72,31.04,25800.0,31.107,171,True
2026-01-12 16:00:00+00:00,31.04,31.63,31.0,31.46,28880.0,31.302,193,True
2026-01-12 17:00:00+00:00,31.44,31.6,31.35,31.6,18728.0,31.494,146,True
2026-01-12 18:00:00+00:00,31.62,31.82,31.61,31.72,13431.0,31.704,107,True
2026-01-12 19:00:00+00:00,31.71,31.72,31.26,31.31,21505.0,31.559,164,True
2026-01-12 20:00:00+00:00,31.33,31.36,31.03,31.05,34101.0,31.134,284,True
2026-01-12 21:00:00+00:00,31.07,31.07,31.07,31.07,63470.0,31.07,3,False
2026-01-12 22:00:00+00:00,31.07,31.07,31.07,31.07,0.0,31.07,0,False
2026-01-12 23:00:00+00:00,31.07,31.07,31.07,31.07,0.0,31.07,0,False
2026-01-13 00:00:00+00:00,31.07,31.07,31.07,31.07,0.0,31.07,0,False
2026-01-13 14:00:00+00:00,31.62,31.67,31.03,31.16,15714.0,31.46,32,False
2026-01-13 15:00:00+00:00,31.03,31.8,31.02,31.8,14129.0,31.324,125,True
2026-01-13 16:00:00+00:00,31.76,31.76,31.38,31.47,13142.0,31.568,113,True
2026-01-13 17:00:00+00:00,31.45,31.76,31.44,31.6,11133.0,31.615,90,True
2026-01-13 18:00:00+00:00,31.58,31.77,31.57,31.71,8966.0,31.661,75,True
2026-01-13 19:00:00+00:00,31.73,31.76,31.4,31.6,18648.0,31.582,165,True
2026-01-13 20:00:00+00:00,31.6,31.66,31.4,31.6,65158.0,31.497,524,True
2026-01-13 21:00:00+00:00,31.58,31.58,31.58,31.58,52827.0,31.58,2,False
2026-01-13 22:00:00+00:00,31.58,31.58,31.58,31.58,0.0,31.58,0,False
2026-01-13 23:00:00+00:00,31.58,31.58,31.58,31.58,0.0,31.58,0,False
2026-01-14 00:00:00+00:00,31.58,31.58,31.58,31.58,0.0,31.58,0,False
2026-01-14 14:00:00+00:00,30.89,31.26,30.07,30.44,40189.0,30.609,190,False
2026-01-14 15:00:00+00:00,30.42,30.97,30.07,30.8,53142.0,30.507,330,True
2026-01-14 16:00:00+00:00,30.71,30.81,30.21,30.21,56831.0,30.497,370,True
2026-01-14 17:00:00+00:00,30.21,30.37,30.1,30.31,26791.0,30.233,225,True
2026-01-14 18:00:00+00:00,30.32,30.72,30.3,30.71,15802.0,30.534,140,True
2026-01-14 19:00:00+00:00,30.66,30.77,30.49,30.72,16648.0,30.644,154,True
2026-01-14 20:00:00+00:00,30.69,30.96,30.3,30.62,138158.0,30.543,1046,True
2026-01-14 21:00:00+00:00,30.64,30.64,30.64,30.64,135712.0,30.64,4,False
2026-01-14 22:00:00+00:00,30.64,30.64,30.64,30.64,0.0,30.64,0,False
2026-01-14 23:00:00+00:00,30.64,30.64,30.64,30.64,0.0,30.64,0,False
2026-01-15 00:00:00+00:00,30.65,30.65,30.65,30.65,460.0,30.65,1,False
2026-01-15 14:00:00+00:00,30.78,31.61,30.35,31.33,16459.0,31.153,100,False
2026-01-15 15:00:00+00:00,31.42,31.71,31.18,31.4,26903.0,31.426,209,True
2026-01-15 16:00:00+00:00,31.41,31.47,31.02,31.05,21039.0,31.285,184,True
2026-01-15 17:00:00+00:00,31.05,31.22,30.84,31.21,17879.0,31.035,159,True
2026-01-15 18:00:00+00:00,31.21,31.7,31.16,31.41,19356.0,31.451,174,True
2026-01-15 19:00:00+00:00,31.4,31.4,31.13,31.37,19353.0,31.263,175,True
2026-01-15 20:00:00+00:00,31.37,31.39,31.06,31.32,68268.0,31.24,547,True
2026-01-15 21:00:00+00:00,31.32,31.32,31.31,31.31,72688.0,31.32,3,False
2026-01-15 22:00:00+00:00,31.31,31.31,31.31,31.31,0.0,31.31,0,False
2026-01-15 23:00:00+00:00,31.31,31.31,31.31,31.31,0.0,31.31,0,False
2026-01-16 00:00:00+00:00,31.31,31.31,31.31,31.31,0.0,31.31,0,False
2026-01-16 14:00:00+00:00,31.58,32.09,31.06,31.87,46767.0,31.689,157,False
2026-01-16 15:00:00+00:00,31.65,33.82,31.65,32.89,103014.0,33.02,740,True
2026-01-16 16:00:00+00:00,32.93,33.41,32.76,33.12,41480.0,33.027,353,True
2026-01-16 17:00:00+00:00,33.11,33.12,32.75,33.03,19097.0,32.943,177,True
2026-01-16 18:00:00+00:00,33.02,33.25,32.68,32.69,35293.0,33.064,230,True
2026-01-16 19:00:00+00:00,32.7,33.41,32.61,33.38,42177.0,32.961,355,True
2026-01-16 20:00:00+00:00,33.34,33.63,32.82,33.12,140552.0,33.277,1053,True
2026-01-16 21:00:00+00:00,33.14,33.14,33.14,33.14,1174318.0,33.14,6,False
2026-01-16 22:00:00+00:00,33.43,33.43,33.43,33.43,100.0,33.43,1,False
2026-01-16 23:00:00+00:00,33.43,33.43,33.43,33.43,0.0,33.43,0,False
2026-01-17 00:00:00+00:00,33.43,33.43,33.43,33.43,0.0,33.43,0,False
2026-01-20 12:00:00+00:00,31.69,31.69,31.69,31.69,142.0,31.69,1,False
2026-01-20 13:00:00+00:00,33.14,33.25,32.34,32.42,798.0,32.951,5,False
2026-01-20 14:00:00+00:00,33.06,33.06,30.69,31.58,53635.0,31.734,304,False
2026-01-20 15:00:00+00:00,31.62,32.44,31.14,32.44,25590.0,31.842,195,True
2026-01-20 16:00:00+00:00,32.44,32.58,32.15,32.45,34705.0,32.373,231,True
2026-01-20 17:00:00+00:00,32.56,32.6,32.16,32.16,33774.0,32.403,250,True
2026-01-20 18:00:00+00:00,32.11,32.13,31.56,31.56,24710.0,31.847,199,True
2026-01-20 19:00:00+00:00,31.56,31.67,30.93,30.98,72114.0,31.173,525,True
2026-01-20 20:00:00+00:00,30.96,31.4,30.88,31.14,115828.0,31.167,852,True
2026-01-20 21:00:00+00:00,31.16,31.16,31.16,31.16,82584.0,31.16,7,False
2026-01-20 22:00:00+00:00,31.16,31.16,31.16,31.16,0.0,31.16,0,False
2026-01-20 23:00:00+00:00,31.16,31.16,31.16,31.16,0.0,31.16,0,False
2026-01-21 00:00:00+00:00,31.16,31.16,31.16,31.16,0.0,31.16,0,False
2026-01-21 14:00:00+00:00,31.71,31.93,31.18,31.73,23904.0,31.755,91,False
2026-01-21 15:00:00+00:00,31.54,32.24,31.45,31.94,32096.0,31.817,213,True
2026-01-21 16:00:00+00:00,31.91,31.94,31.13,31.18,25093.0,31.569,170,True
2026-01-21 17:00:00+00:00,31.16,31.49,31.02,31.33,33599.0,31.243,259,True
2026-01-21 18:00:00+00:00,31.24,31.28,30.89,31.24,17843.0,31.074,147,True
2026-01-21 19:00:00+00:00,31.21,32.48,31.17,32.45,38130.0,31.82,319,True
2026-01-21 20:00:00+00:00,32.37,32.56,31.73,31.89,152781.0,32.018,1163,True
2026-01-21 21:00:00+00:00,31.9,31.9,31.9,31.9,120450.0,31.9,10,False
2026-01-21 22:00:00+00:00,31.9,31.9,31.9,31.9,0.0,31.9,0,False
2026-01-21 23:00:00+00:00,31.9,31.9,31.9,31.9,0.0,31.9,0,False
2026-01-22 00:00:00+00:00,31.9,31.9,31.9,31.9,0.0,31.9,0,False
2026-01-22 14:00:00+00:00,32.34,33.3,32.13,33.02,29497.0,32.877,123,False
2026-01-22 15:00:00+00:00,32.7,32.88,32.3,32.66,18532.0,32.59,97,True
2026-01-22 16:00:00+00:00,32.62,32.68,32.2,32.24,21175.0,32.56,166,True
2026-01-22 17:00:00+00:00,32.24,33.14,32.19,32.98,32561.0,32.488,265,True
2026-01-22 18:00:00+00:00,32.94,33.22,32.93,33.01,18197.0,33.066,156,True
2026-01-22 19:00:00+00:00,33.04,33.06,32.65,32.71,25301.0,32.867,209,True
2026-01-22 20:00:00+00:00,32.7,32.8,32.29,32.73,115466.0,32.602,799,True
2026-01-22 21:00:00+00:00,32.72,32.72,32.71,32.72,85573.0,32.72,11,False
2026-01-22 22:00:00+00:00,32.72,32.72,32.72,32.72,0.0,32.72,0,False
2026-01-22 23:00:00+00:00,32.72,32.72,32.72,32.72,0.0,32.72,0,False
2026-01-23 00:00:00+00:00,32.72,32.72,32.72,32.72,0.0,32.72,0,False
2026-01-23 12:00:00+00:00,33.6,33.6,33.6,33.6,100.0,33.6,1,False
2026-01-23 13:00:00+00:00,33.6,33.6,33.6,33.6,0.0,33.6,0,False
2026-01-23 14:00:00+00:00,32.8,33.85,32.74,32.91,18713.0,33.296,69,False
2026-01-23 15:00:00+00:00,32.86,32.95,32.21,32.6,30229.0,32.71,187,True
2026-01-23 16:00:00+00:00,32.59,32.97,32.59,32.84,16346.0,32.777,111,True
2026-01-23 17:00:00+00:00,32.85,33.38,32.57,32.61,20478.0,33.035,144,True
2026-01-23 18:00:00+00:00,32.64,32.97,32.57,32.57,16017.0,32.824,112,True
2026-01-23 19:00:00+00:00,32.51,32.95,32.45,32.66,20169.0,32.723,115,True
2026-01-23 20:00:00+00:00,32.55,32.68,32.4,32.49,67574.0,32.528,493,True
2026-01-23 21:00:00+00:00,32.51,32.51,32.51,32.51,79602.0,32.51,6,False
2026-01-23 22:00:00+00:00,32.51,32.51,32.51,32.51,103.0,32.51,1,False
2026-01-23 23:00:00+00:00,32.51,32.51,32.51,32.51,0.0,32.51,0,False
2026-01-24 00:00:00+00:00,32.51,32.51,32.51,32.51,0.0,32.51,0,False
2026-01-26 13:00:00+00:00,32.18,32.18,31.86,31.86,547.0,31.919,2,False
2026-01-26 14:00:00+00:00,32.36,32.72,31.99,32.04,14409.0,32.294,71,False
2026-01-26 15:00:00+00:00,32.05,32.26,31.85,32.05,10913.0,32.043,81,True
2026-01-26 16:00:00+00:00,32.07,32.22,31.9,31.94,13566.0,32.051,106,True
2026-01-26 17:00:00+00:00,31.92,32.66,31.85,32.35,20906.0,32.116,145,True
2026-01-26 18:00:00+00:00,32.29,32.32,32.13,32.3,5983.0,32.222,43,True
2026-01-26 19:00:00+00:00,32.3,32.31,31.92,31.98,17997.0,32.072,94,True
2026-01-26 20:00:00+00:00,31.9,32.12,31.87,31.89,39663.0,31.993,320,True
2026-01-26 21:00:00+00:00,31.87,31.87,31.87,31.87,50479.0,31.87,6,False
2026-01-26 22:00:00+00:00,31.87,31.87,31.87,31.87,0.0,31.87,0,False
2026-01-26 23:00:00+00:00,31.87,31.87,31.87,31.87,0.0,31.87,0,False
2026-01-27 00:00:00+00:00,31.87,31.87,31.87,31.87,0.0,31.87,0,False
2026-01-27 10:00:00+00:00,31.96,31.96,31.96,31.96,187.0,31.96,1,False
2026-01-27 11:00:00+00:00,31.96,31.96,31.96,31.96,0.0,31.96,0,False
2026-01-27 12:00:00+00:00,31.96,31.96,31.96,31.96,0.0,31.96,0,False
2026-01-27 13:00:00+00:00,31.96,31.96,31.96,31.96,0.0,31.96,0,False
2026-01-27 14:00:00+00:00,32.07,32.79,31.86,32.35,11145.0,32.3,68,False
2026-01-27 15:00:00+00:00,32.25,32.92,32.25,32.79,35436.0,32.596,225,True
2026-01-27 16:00:00+00:00,32.79,33.83,32.79,33.62,42145.0,33.283,295,True
2026-01-27 17:00:00+00:00,33.54,33.64,33.08,33.09,12233.0,33.404,97,True
2026-01-27 18:00:00+00:00,32.98,32.98,32.78,32.92,33097.0,32.861,239,True
2026-01-27 19:00:00+00:00,32.92,33.04,32.78,32.86,21472.0,32.919,164,True
2026-01-27 20:00:00+00:00,32.87,33.14,32.86,33.03,63229.0,32.995,502,True
2026-01-27 21:00:00+00:00,33.02,33.02,33.02,33.02,47682.0,33.02,4,False
2026-01-27 22:00:00+00:00,33.02,33.02,33.02,33.02,0.0,33.02,0,False
2026-01-27 23:00:00+00:00,33.02,33.02,33.02,33.02,0.0,33.02,0,False
2026-01-28 00:00:00+00:00,33.02,33.02,33.02,33.02,0.0,33.02,0,False
2026-01-28 13:00:00+00:00,33.12,33.12,33.12,33.12,100.0,33.12,1,False
2026-01-28 14:00:00+00:00,34.0,34.01,33.03,33.19,25488.0,33.545,129,False
2026-01-28 15:00:00+00:00,33.24,33.98,33.13,33.73,27492.0,33.488,186,True
2026-01-28 16:00:00+00:00,33.73,33.74,33.44,33.57,17240.0,33.582,135,True
2026-01-28 17:00:00+00:00,33.54,33.57,33.17,33.28,58338.0,33.383,322,True
2026-01-28 18:00:00+00:00,33.12,33.21,32.83,33.05,11803.0,33.09,106,True
2026-01-28 19:00:00+00:00,33.01,33.42,32.71,33.2,42490.0,33.045,355,True
2026-01-28 20:00:00+00:00,33.19,33.51,33.14,33.3,55868.0,33.302,410,True
2026-01-28 21:00:00+00:00,33.31,33.31,33.31,33.31,43529.0,33.31,4,False
2026-01-28 22:00:00+00:00,33.31,33.31,33.31,33.31,0.0,33.31,0,False
2026-01-28 23:00:00+00:00,33.31,33.31,33.31,33.31,0.0,33.31,0,False
2026-01-29 00:00:00+00:00,33.31,33.31,33.31,33.31,0.0,33.31,0,False
2026-01-29 14:00:00+00:00,33.49,33.7,32.8,33.04,15064.0,33.239,81,False
2026-01-29 15:00:00+00:00,33.05,33.36,31.97,32.1,43097.0,32.717,272,True
2026-01-29 16:00:00+00:00,32.18,32.74,31.89,32.3,30080.0,32.372,237,True
2026-01-29 17:00:00+00:00,32.42,32.47,31.82,31.82,16627.0,32.317,139,True
2026-01-29 18:00:00+00:00,31.93,32.03,31.7,31.81,18888.0,31.867,131,True
2026-01-29 19:00:00+00:00,31.71,32.08,31.64,31.73,22784.0,31.843,200,True
2026-01-29 20:00:00+00:00,31.69,32.38,31.67,32.37,88273.0,32.006,560,True
2026-01-29 21:00:00+00:00,32.37,32.37,32.37,32.37,55473.0,32.37,2,False
2026-01-29 22:00:00+00:00,32.37,32.37,32.37,32.37,0.0,32.37,0,False
2026-01-29 23:00:00+00:00,32.37,32.37,32.37,32.37,0.0,32.37,0,False
2026-01-30 00:00:00+00:00,32.37,32.37,32.37,32.37,0.0,32.37,0,False
2026-01-30 13:00:00+00:00,32.37,32.37,32.37,32.37,309.0,32.37,1,False
2026-01-30 14:00:00+00:00,31.9,33.21,31.82,32.3,27882.0,32.532,148,False
2026-01-30 15:00:00+00:00,32.23,32.41,31.97,32.16,11955.0,32.16,92,True
2026-01-30 16:00:00+00:00,32.09,32.15,31.25,31.46,19329.0,31.582,146,True
2026-01-30 17:00:00+00:00,31.39,31.42,31.14,31.32,18767.0,31.284,152,True
2026-01-30 18:00:00+00:00,31.29,31.49,30.94,31.37,27925.0,31.165,218,True
2026-01-30 19:00:00+00:00,31.49,31.64,31.1,31.1,18321.0,31.404,133,True
2026-01-30 20:00:00+00:00,31.13,31.43,31.0,31.32,58543.0,31.28,451,True
2026-01-30 21:00:00+00:00,31.34,31.34,31.34,31.34,87812.0,31.34,3,False
2026-01-30 22:00:00+00:00,31.34,31.34,31.34,31.34,0.0,31.34,0,False
2026-01-30 23:00:00+00:00,31.34,31.34,31.34,31.34,0.0,31.34,0,False
2026-01-31 00:00:00+00:00,31.34,31.34,31.34,31.34,0.0,31.34,0,False
2026-02-02 12:00:00+00:00,31.0,31.0,30.74,30.74,389.0,30.933,3,False
2026-02-02 13:00:00+00:00,31.0,31.0,31.0,31.0,983.0,31.0,1,False
2026-02-02 14:00:00+00:00,30.88,31.54,30.11,30.47,23130.0,30.856,109,False
2026-02-02 15:00:00+00:00,30.39,31.14,29.93,30.72,21710.0,30.866,179,True
2026-02-02 16:00:00+00:00,30.66,30.68,30.27,30.38,11282.0,30.518,82,True
2026-02-02 17:00:00+00:00,30.48,30.83,30.43,30.77,22503.0,30.652,158,True
2026-02-02 18:00:00+00:00,30.78,31.0,30.69,30.94,8966.0,30.839,69,True
2026-02-02 19:00:00+00:00,30.86,31.27,30.8,31.04,15793.0,31.025,141,True
2026-02-02 20:00:00+00:00,30.88,31.04,30.4,30.58,58160.0,30.561,424,True
2026-02-02 21:00:00+00:00,30.57,30.57,30.57,30.57,69450.0,30.57,4,False
2026-02-02 22:00:00+00:00,30.57,30.57,30.57,30.57,0.0,30.57,0,False
2026-02-02 23:00:00+00:00,30.57,30.57,30.57,30.57,0.0,30.57,0,False
2026-02-03 00:00:00+00:00,30.57,30.57,30.57,30.57,0.0,30.57,0,False
2026-02-03 12:00:00+00:00,30.57,30.57,30.57,30.57,317.0,30.57,3,False
2026-02-03 13:00:00+00:00,30.75,30.75,30.75,30.75,199.0,30.75,1,False
2026-02-03 14:00:00+00:00,31.21,31.67,30.89,31.13,25648.0,31.351,166,False
2026-02-03 15:00:00+00:00,30.83,32.14,30.83,32.12,49716.0,31.386,303,True
2026-02-03 16:00:00+00:00,31.92,31.92,31.35,31.35,3351.0,31.642,32,True
2026-02-03 17:00:00+00:00,31.35,31.35,30.59,30.66,9456.0,31.044,81,True
2026-02-03 18:00:00+00:00,30.63,30.7,30.12,30.12,20063.0,30.348,132,True
2026-02-03 19:00:00+00:00,30.12,30.8,30.12,30.75,25411.0,30.44,235,True
2026-02-03 20:00:00+00:00,30.78,31.46,30.77,31.43,50753.0,31.273,356,True
2026-02-03 21:00:00+00:00,31.44,31.44,31.44,31.44,75744.0,31.44,3,False
2026-02-03 22:00:00+00:00,31.44,31.44,31.44,31.44,0.0,31.44,0,False
2026-02-03 23:00:00+00:00,31.44,31.44,31.44,31.44,0.0,31.44,0,False
2026-02-04 00:00:00+00:00,31.44,31.44,31.44,31.44,0.0,31.44,0,False
2026-02-04 13:00:00+00:00,31.5,31.5,31.5,31.5,100.0,31.5,1,False
2026-02-04 14:00:00+00:00,31.36,32.76,31.36,31.4,9689.0,31.998,47,False
2026-02-04 15:00:00+00:00,31.36,31.68,30.47,30.64,23745.0,31.149,139,True
2026-02-04 16:00:00+00:00,30.63,30.7,29.5,29.84,19078.0,29.87,130,True
2026-02-04 17:00:00+00:00,29.81,29.85,29.0,29.19,25577.0,29.194,130,True
2026-02-04 18:00:00+00:00,29.13,29.55,29.07,29.29,11150.0,29.282,91,True
2026-02-04 19:00:00+00:00,29.31,30.15,29.25,30.15,10005.0,29.524,86,True
2026-02-04 20:00:00+00:00,30.16,30.34,30.0,30.02,29155.0,30.134,246,True
2026-02-04 21:00:00+00:00,30.03,30.03,30.03,30.03,44161.0,30.03,3,False
2026-02-04 22:00:00+00:00,30.03,30.03,30.03,30.03,0.0,30.03,0,False
2026-02-04 23:00:00+00:00,30.03,30.03,30.03,30.03,0.0,30.03,0,False
2026-02-05 00:00:00+00:00,30.03,30.03,30.03,30.03,0.0,30.03,0,False
2026-02-05 14:00:00+00:00,29.25,29.56,28.96,29.49,16114.0,29.327,109,False
2026-02-05 15:00:00+00:00,29.34,29.39,27.95,28.18,36632.0,28.481,242,True
2026-02-05 16:00:00+00:00,28.1,28.4,27.7,27.88,42517.0,28.108,271,True
2026-02-05 17:00:00+00:00,27.82,27.92,27.5,27.61,18833.0,27.71,145,True
2026-02-05 18:00:00+00:00,27.61,27.68,26.74,27.08,104478.0,27.114,597,True
2026-02-05 19:00:00+00:00,27.07,27.32,26.72,26.79,37772.0,27.016,276,True
2026-02-05 20:00:00+00:00,26.78,26.93,26.29,26.64,218636.0,26.571,1421,True
2026-02-05 21:00:00+00:00,26.63,26.63,26.63,26.63,81758.0,26.63,6,False
2026-02-05 22:00:00+00:00,26.63,26.63,26.63,26.63,0.0,26.63,0,False
2026-02-05 23:00:00+00:00,26.63,26.63,26.63,26.63,0.0,26.63,0,False
2026-02-06 00:00:00+00:00,26.63,26.63,26.63,26.63,0.0,26.63,0,False
2026-02-06 14:00:00+00:00,27.81,28.9,27.43,28.33,44127.0,28.236,267,False
2026-02-06 15:00:00+00:00,28.58,29.02,28.23,29.02,59316.0,28.671,320,True
2026-02-06 16:00:00+00:00,29.0,30.08,29.0,30.05,69353.0,29.741,462,True
2026-02-06 17:00:00+00:00,30.05,30.73,29.84,30.61,39481.0,30.298,272,True
2026-02-06 18:00:00+00:00,30.67,30.74,30.47,30.59,25468.0,30.597,197,True
2026-02-06 19:00:00+00:00,30.59,31.21,30.5,31.04,43757.0,30.812,220,True
2026-02-06 20:00:00+00:00,31.03,31.54,30.66,30.95,231769.0,31.012,1386,True
2026-02-06 21:00:00+00:00,30.92,30.92,30.92,30.92,156855.0,30.92,3,False
2026-02-06 22:00:00+00:00,30.92,30.92,30.92,30.92,0.0,30.92,0,False
2026-02-06 23:00:00+00:00,30.92,30.92,30.92,30.92,0.0,30.92,0,False
2026-02-07 00:00:00+00:00,30.92,30.92,30.92,30.92,0.0,30.92,0,False
2026-02-09 14:00:00+00:00,31.16,31.5,30.39,31.21,13455.0,30.908,55,False
2026-02-09 15:00:00+00:00,31.11,32.2,30.99,31.71,44767.0,31.746,260,True
2026-02-09 16:00:00+00:00,31.68,32.57,31.67,32.51,35641.0,32.156,218,True
2026-02-09 17:00:00+00:00,32.53,32.76,32.44,32.7,22006.0,32.629,134,True
2026-02-09 18:00:00+00:00,32.68,32.73,32.41,32.62,28909.0,32.631,210,True
2026-02-09 19:00:00+00:00,32.62,32.7,32.46,32.49,19547.0,32.55,153,True
2026-02-09 20:00:00+00:00,32.45,32.58,31.96,32.37,118016.0,32.294,861,True
2026-02-09 21:00:00+00:00,32.36,32.36,32.36,32.36,90871.0,32.36,5,False
2026-02-09 22:00:00+00:00,32.36,32.36,32.36,32.36,0.0,32.36,0,False
2026-02-09 23:00:00+00:00,32.36,32.36,32.36,32.36,0.0,32.36,0,False
2026-02-10 00:00:00+00:00,32.36,32.36,32.36,32.36,0.0,32.36,0,False
2026-02-10 10:00:00+00:00,32.26,32.31,32.26,32.31,200.0,32.285,2,False
2026-02-10 11:00:00+00:00,32.27,32.27,32.27,32.27,100.0,32.27,1,False
2026-02-10 12:00:00+00:00,32.27,32.27,32.27,32.27,0.0,32.27,0,False
2026-02-10 13:00:00+00:00,32.27,32.27,32.27,32.27,0.0,32.27,0,False
2026-02-10 14:00:00+00:00,32.03,32.52,31.41,32.46,22981.0,32.023,129,False
2026-02-10 15:00:00+00:00,32.27,33.21,32.26,33.21,28974.0,32.832,206,True
2026-02-10 16:00:00+00:00,33.2,33.36,32.75,33.27,41834.0,33.013,190,True
2026-02-10 17:00:00+00:00,33.25,33.85,33.12,33.77,18630.0,33.46,134,True
2026-02-10 18:00:00+00:00,33.76,33.76,33.24,33.4,14571.0,33.445,115,True
2026-02-10 19:00:00+00:00,33.33,33.4,33.09,33.22,52310.0,33.204,259,True
2026-02-10 20:00:00+00:00,33.26,33.6,32.68,32.75,63260.0,33.058,435,True
2026-02-10 21:00:00+00:00,32.75,32.75,32.75,32.75,55857.0,32.75,5,False
2026-02-10 22:00:00+00:00,32.75,32.75,32.75,32.75,0.0,32.75,0,False
2026-02-10 23:00:00+00:00,32.75,32.75,32.75,32.75,0.0,32.75,0,False
2026-02-11 00:00:00+00:00,32.75,32.75,32.75,32.75,0.0,32.75,0,False
2026-02-11 12:00:00+00:00,32.9,32.9,32.8,32.84,603.0,32.847,5,False
2026-02-11 13:00:00+00:00,32.84,32.84,32.84,32.84,0.0,32.84,0,False
2026-02-11 14:00:00+00:00,33.43,33.73,32.86,32.86,22056.0,33.116,84,False
2026-02-11 15:00:00+00:00,32.86,32.87,31.32,32.06,18253.0,31.916,126,True
2026-02-11 16:00:00+00:00,32.0,32.46,32.0,32.37,5381.0,32.268,35,True
2026-02-11 17:00:00+00:00,32.23,32.43,32.07,32.18,12055.0,32.225,88,True
2026-02-11 18:00:00+00:00,32.05,32.92,31.86,32.74,84974.0,32.594,307,True
2026-02-11 19:00:00+00:00,32.81,33.3,32.75,33.29,17391.0,33.074,106,True
2026-02-11 20:00:00+00:00,33.24,33.71,33.14,33.7,94251.0,33.525,658,True
2026-02-11 21:00:00+00:00,33.69,33.69,33.69,33.69,162073.0,33.69,10,False
2026-02-11 22:00:00+00:00,33.69,33.69,33.69,33.69,0.0,33.69,0,False
2026-02-11 23:00:00+00:00,33.69,33.69,33.69,33.69,0.0,33.69,0,False
2026-02-12 00:00:00+00:00,33.69,33.69,33.69,33.69,0.0,33.69,0,False
2026-02-12 14:00:00+00:00,34.02,34.12,33.12,33.45,14761.0,33.617,72,False
2026-02-12 15:00:00+00:00,33.46,34.02,33.46,33.89,27283.0,33.714,100,True
2026-02-12 16:00:00+00:00,33.78,33.8,33.0,33.3,30709.0,33.398,237,True
2026-02-12 17:00:00+00:00,33.16,33.49,33.0,33.08,14960.0,33.2,118,True
2026-02-12 18:00:00+00:00,33.04,33.58,33.0,33.39,23953.0,33.358,176,True
2026-02-12 19:00:00+00:00,33.5,33.81,33.4,33.55,19651.0,33.55,169,True
2026-02-12 20:00:00+00:00,33.57,33.69,33.08,33.26,55726.0,33.231,410,True
2026-02-12 21:00:00+00:00,33.29,33.29,33.29,33.29,59829.0,33.29,2,False
2026-02-12 22:00:00+00:00,33.29,33.29,33.29,33.29,0.0,33.29,0,False
2026-02-12 23:00:00+00:00,33.6,33.6,33.2,33.2,3125.0,33.544,8,False
2026-02-13 00:00:00+00:00,33.2,33.2,33.2,33.2,0.0,33.2,0,False
2026-02-13 14:00:00+00:00,33.45,33.61,32.19,33.26,9470.0,33.313,39,False
2026-02-13 15:00:00+00:00,33.26,34.15,33.25,33.5,10412.0,33.828,83,True
2026-02-13 16:00:00+00:00,33.57,33.67,33.17,33.17,43353.0,33.321,325,True
2026-02-13 17:00:00+00:00,33.18,33.26,32.71,32.77,44432.0,32.934,366,True
2026-02-13 18:00:00+00:00,32.75,33.12,32.68,32.81,16310.0,32.866,133,True
2026-02-13 19:00:00+00:00,32.8,33.01,32.39,32.39,27763.0,32.671,114,True
2026-02-13 20:00:00+00:00,32.38,32.96,32.31,32.71,83055.0,32.683,570,True
2026-02-13 21:00:00+00:00,32.68,32.68,32.68,32.68,69343.0,32.68,2,False
2026-02-13 22:00:00+00:00,32.68,32.68,32.68,32.68,0.0,32.68,0,False
2026-02-13 23:00:00+00:00,32.68,32.68,32.68,32.68,0.0,32.68,0,False
2026-02-14 00:00:00+00:00,32.68,32.68,32.68,32.68,0.0,32.68,0,False
2026-02-17 14:00:00+00:00,32.71,33.06,31.66,31.66,18440.0,32.13,75,False
2026-02-17 15:00:00+00:00,31.5,31.93,31.15,31.27,33757.0,31.496,219,True
2026-02-17 16:00:00+00:00,31.27,32.2,31.21,32.06,90366.0,31.624,285,True
2026-02-17 17:00:00+00:00,32.0,32.29,31.96,32.21,5348.0,32.072,50,True
2026-02-17 18:00:00+00:00,32.1,32.3,31.71,32.06,12715.0,31.887,104,True
2026-02-17 19:00:00+00:00,32.15,32.28,31.82,31.87,28006.0,32.028,221,True
2026-02-17 20:00:00+00:00,31.84,32.84,31.82,32.51,82423.0,32.395,628,True
2026-02-17 21:00:00+00:00,32.49,32.49,32.49,32.49,78469.0,32.49,2,False
2026-02-17 22:00:00+00:00,32.49,32.49,32.49,32.49,0.0,32.49,0,False
2026-02-17 23:00:00+00:00,32.49,32.49,32.49,32.49,0.0,32.49,0,False
2026-02-18 00:00:00+00:00,32.49,32.49,32.49,32.49,0.0,32.49,0,False
2026-02-18 14:00:00+00:00,32.6,33.13,32.47,33.1,6558.0,32.71,33,False
2026-02-18 15:00:00+00:00,33.27,33.9,33.2,33.64,11915.0,33.692,85,True
2026-02-18 16:00:00+00:00,33.52,33.61,33.19,33.35,5675.0,33.443,34,True
2026-02-18 17:00:00+00:00,33.28,33.41,32.78,33.25,12302.0,33.047,118,True
2026-02-18 18:00:00+00:00,33.25,33.25,32.97,33.25,16005.0,33.124,141,True
2026-02-18 19:00:00+00:00,33.23,33.3,32.66,32.71,15448.0,32.933,140,True
2026-02-18 20:00:00+00:00,32.72,33.08,32.59,32.9,73131.0,32.845,552,True
2026-02-18 21:00:00+00:00,32.93,32.93,32.93,32.93,118081.0,32.93,1,False
2026-02-18 22:00:00+00:00,32.93,32.93,32.93,32.93,0.0,32.93,0,False
2026-02-18 23:00:00+00:00,32.93,32.93,32.93,32.93,0.0,32.93,0,False
2026-02-19 00:00:00+00:00,33.55,33.55,33.42,33.55,700.0,33.494,5,False
2026-02-19 14:00:00+00:00,32.9,33.23,32.33,32.89,13783.0,32.846,83,False
2026-02-19 15:00:00+00:00,32.81,33.5,32.55,33.05,19746.0,32.984,142,True
2026-02-19 16:00:00+00:00,33.4,33.45,33.2,33.34,8877.0,33.307,61,True
2026-02-19 17:00:00+00:00,33.34,33.35,33.06,33.2,8357.0,33.213,68,True
2026-02-19 18:00:00+00:00,33.14,33.19,32.66,33.15,28006.0,32.948,216,True
2026-02-19 19:00:00+00:00,33.15,33.72,33.15,33.66,23194.0,33.413,157,True
2026-02-19 20:00:00+00:00,33.76,34.0,33.53,33.96,55605.0,33.821,429,True
2026-02-19 21:00:00+00:00,33.95,34.0,33.95,34.0,66083.0,33.95,4,False
2026-02-19 22:00:00+00:00,33.98,33.98,33.98,33.98,100.0,33.98,1,False
2026-02-19 23:00:00+00:00,33.98,33.98,33.98,33.98,0.0,33.98,0,False
2026-02-20 00:00:00+00:00,33.98,33.98,33.98,33.98,0.0,33.98,0,False
2026-02-20 13:00:00+00:00,33.75,33.75,33.17,33.17,1116.0,33.639,3,False
2026-02-20 14:00:00+00:00,33.7,34.03,33.08,33.32,42988.0,33.524,220,False
2026-02-20 15:00:00+00:00,33.52,34.32,33.27,34.0,56861.0,34.01,342,True
2026-02-20 16:00:00+00:00,34.2,34.57,33.56,33.66,29137.0,34.072,202,True
2026-02-20 17:00:00+00:00,33.66,33.66,32.96,33.57,22331.0,33.311,186,True
2026-02-20 18:00:00+00:00,33.6,34.06,33.4,33.98,13972.0,33.736,119,True
2026-02-20 19:00:00+00:00,34.08,34.11,33.54,33.75,17093.0,33.759,118,True
2026-02-20 20:00:00+00:00,33.75,33.94,33.48,33.73,70684.0,33.812,341,True
2026-02-20 21:00:00+00:00,33.73,33.73,33.73,33.73,67545.0,33.73,1,False
2026-02-20 22:00:00+00:00,33.73,33.73,33.73,33.73,0.0,33.73,0,False
2026-02-20 23:00:00+00:00,33.73,33.73,33.73,33.73,0.0,33.73,0,False
2026-02-21 00:00:00+00:00,33.73,33.73,33.73,33.73,0.0,33.73,0,False
2026-02-23 14:00:00+00:00,33.49,33.85,33.3,33.48,24131.0,33.383,82,False
2026-02-23 15:00:00+00:00,33.28,33.35,32.63,32.73,18559.0,32.954,110,True
2026-02-23 16:00:00+00:00,32.77,32.84,32.54,32.59,3415.0,32.715,27,True
2026-02-23 17:00:00+00:00,32.56,32.65,32.0,32.52,26323.0,32.188,117,True
2026-02-23 18:00:00+00:00,32.58,33.1,32.53,32.83,14904.0,32.936,94,True
2026-02-23 19:00:00+00:00,32.83,32.98,32.62,32.79,10224.0,32.808,71,True
2026-02-23 20:00:00+00:00,32.81,32.93,32.65,32.85,43141.0,32.808,324,True
2026-02-23 21:00:00+00:00,32.88,32.88,32.88,32.88,49886.0,32.88,4,False
2026-02-23 22:00:00+00:00,32.88,32.88,32.88,32.88,0.0,32.88,0,False
2026-02-23 23:00:00+00:00,32.88,32.88,32.88,32.88,0.0,32.88,0,False
2026-02-24 00:00:00+00:00,32.88,32.88,32.88,32.88,0.0,32.88,0,False
2026-02-24 14:00:00+00:00,32.75,33.25,31.75,33.15,31007.0,32.592,170,False
2026-02-24 15:00:00+00:00,33.08,33.69,32.77,32.77,23886.0,33.308,147,True
2026-02-24 16:00:00+00:00,32.89,33.24,32.53,33.21,88066.0,32.843,296,True
2026-02-24 17:00:00+00:00,33.31,33.74,33.23,33.32,11648.0,33.53,96,True
2026-02-24 18:00:00+00:00,33.34,33.58,33.27,33.48,5950.0,33.409,50,True
2026-02-24 19:00:00+00:00,33.59,33.68,33.42,33.5,8334.0,33.532,60,True
2026-02-24 20:00:00+00:00,33.43,33.5,33.22,33.29,38645.0,33.353,280,True
2026-02-24 21:00:00+00:00,33.24,33.24,33.24,33.24,51202.0,33.24,2,False
2026-02-24 22:00:00+00:00,33.24,33.24,33.24,33.24,0.0,33.24,0,False
2026-02-24 23:00:00+00:00,33.24,33.24,33.24,33.24,0.0,33.24,0,False
2026-02-25 00:00:00+00:00,33.24,33.24,33.24,33.24,0.0,33.24,0,False
2026-02-25 14:00:00+00:00,33.47,33.6,32.74,32.83,15150.0,33.097,75,False
2026-02-25 15:00:00+00:00,32.83,33.09,32.67,32.92,27667.0,32.897,143,True
2026-02-25 16:00:00+00:00,32.93,33.5,32.92,33.39,21691.0,33.095,139,True
2026-02-25 17:00:00+00:00,33.44,33.44,32.89,32.9,12138.0,33.189,99,True
2026-02-25 18:00:00+00:00,32.98,33.21,32.81,33.2,20274.0,32.993,127,True
2026-02-25 19:00:00+00:00,33.1,33.1,32.82,32.92,18966.0,32.981,118,True
2026-02-25 20:00:00+00:00,32.98,33.09,32.67,32.83,53304.0,32.84,404,True
2026-02-25 21:00:00+00:00,32.86,32.86,32.86,32.86,65560.0,32.86,1,False
2026-02-25 22:00:00+00:00,32.86,32.86,32.86,32.86,0.0,32.86,0,False
2026-02-25 23:00:00+00:00,32.86,32.86,32.86,32.86,0.0,32.86,0,False
2026-02-26 00:00:00+00:00,32.86,32.86,32.86,32.86,0.0,32.86,0,False
2026-02-26 13:00:00+00:00,32.86,32.86,32.86,32.86,122.0,32.86,1,False
2026-02-26 14:00:00+00:00,33.0,33.0,31.56,32.15,12547.0,32.123,43,False
2026-02-26 15:00:00+00:00,31.65,31.71,30.79,31.27,17848.0,31.13,91,True
2026-02-26 16:00:00+00:00,31.32,31.77,31.02,31.13,30949.0,31.482,188,True
2026-02-26 17:00:00+00:00,31.06,31.12,30.69,30.84,14374.0,30.858,107,True
2026-02-26 18:00:00+00:00,30.82,31.21,30.66,31.1,8498.0,30.957,73,True
2026-02-26 19:00:00+00:00,31.07,31.52,31.06,31.31,23015.0,31.329,181,True
2026-02-26 20:00:00+00:00,31.33,31.88,31.32,31.86,74856.0,31.684,561,True
2026-02-26 21:00:00+00:00,31.86,32.0,31.86,32.0,119077.0,31.87,5,False
2026-02-26 22:00:00+00:00,32.0,32.0,32.0,32.0,0.0,32.0,0,False
2026-02-26 23:00:00+00:00,32.0,32.0,32.0,32.0,0.0,32.0,0,False
2026-02-27 00:00:00+00:00,32.0,32.0,32.0,32.0,0.0,32.0,0,False
2026-02-27 14:00:00+00:00,31.13,31.28,30.0,30.19,13186.0,30.531,63,False
2026-02-27 15:00:00+00:00,30.0,30.85,29.93,30.53,24393.0,30.43,204,True
2026-02-27 16:00:00+00:00,30.65,30.75,30.27,30.34,10909.0,30.477,99,True
2026-02-27 17:00:00+00:00,30.41,30.48,29.75,29.76,11539.0,30.287,93,True
2026-02-27 18:00:00+00:00,29.82,29.89,29.57,29.82,10960.0,29.741,96,True
2026-02-27 19:00:00+00:00,29.81,29.9,29.74,29.84,12417.0,29.804,111,True
2026-02-27 20:00:00+00:00,29.79,30.51,29.72,30.48,70149.0,30.289,524,True
2026-02-27 21:00:00+00:00,30.48,30.48,30.46,30.46,93143.0,30.46,2,False
2026-02-27 22:00:00+00:00,30.46,30.46,30.46,30.46,0.0,30.46,0,False
2026-02-27 23:00:00+00:00,30.46,30.46,30.46,30.46,0.0,30.46,0,False
2026-02-28 00:00:00+00:00,30.46,30.46,30.46,30.46,0.0,30.46,0,False
2026-03-02 14:00:00+00:00,29.27,30.24,29.21,29.81,11388.0,29.536,42,False
2026-03-02 15:00:00+00:00,29.82,30.89,29.79,30.49,24658.0,30.367,166,True
2026-03-02 16:00:00+00:00,30.57,31.35,30.52,31.05,25946.0,30.829,167,True
2026-03-02 17:00:00+00:00,31.1,31.19,30.85,31.19,11900.0,30.979,88,True
2026-03-02 18:00:00+00:00,31.23,31.33,31.1,31.15,14232.0,31.205,119,True
2026-03-02 19:00:00+00:00,31.17,31.2,30.81,30.83,35546.0,31.031,264,True
2026-03-02 20:00:00+00:00,30.83,31.0,30.54,30.95,75846.0,30.826,567,True
2026-03-02 21:00:00+00:00,30.95,32.0,30.95,32.0,95460.0,30.973,6,False
2026-03-02 22:00:00+00:00,32.0,32.0,32.0,32.0,0.0,32.0,0,False
2026-03-02 23:00:00+00:00,32.0,32.0,32.0,32.0,0.0,32.0,0,False
2026-03-03 00:00:00+00:00,32.0,32.0,32.0,32.0,0.0,32.0,0,False
2026-03-03 12:00:00+00:00,31.3,31.5,31.3,31.5,587.0,31.436,3,False
2026-03-03 13:00:00+00:00,32.0,32.0,31.5,31.5,1600.0,31.531,2,False
2026-03-03 14:00:00+00:00,31.0,31.15,26.46,26.92,78426.0,28.958,365,False
2026-03-03 15:00:00+00:00,26.96,28.64,26.3,27.16,119756.0,27.269,807,True
2026-03-03 16:00:00+00:00,26.92,28.65,26.86,28.19,80794.0,27.891,617,True
2026-03-03 17:00:00+00:00,28.19,28.29,27.3,27.72,121915.0,27.915,735,True
2026-03-03 18:00:00+00:00,27.63,27.84,27.11,27.77,47714.0,27.546,340,True
2026-03-03 19:00:00+00:00,27.77,28.49,27.15,28.49,54918.0,27.747,451,True
2026-03-03 20:00:00+00:00,28.42,28.85,27.74,27.92,213124.0,28.112,1393,True
2026-03-03 21:00:00+00:00,27.9,27.9,27.9,27.9,81115.0,27.9,2,False
2026-03-03 22:00:00+00:00,27.9,27.9,27.9,27.9,0.0,27.9,0,False
2026-03-03 23:00:00+00:00,27.9,27.9,27.9,27.9,0.0,27.9,0,False
2026-03-04 00:00:00+00:00,27.9,27.9,27.9,27.9,0.0,27.9,0,False
2026-03-04 14:00:00+00:00,28.73,29.32,28.16,28.16,29313.0,28.658,127,False
2026-03-04 15:00:00+00:00,28.31,29.81,28.21,29.26,43261.0,29.243,312,True
2026-03-04 16:00:00+00:00,29.16,29.16,28.68,28.79,24008.0,28.883,211,True
2026-03-04 17:00:00+00:00,28.86,28.9,28.52,28.52,12541.0,28.713,106,True
2026-03-04 18:00:00+00:00,28.55,28.61,28.41,28.47,9827.0,28.493,80,True
2026-03-04 19:00:00+00:00,28.6,28.77,28.35,28.77,17844.0,28.491,100,True
2026-03-04 20:00:00+00:00,28.77,28.89,28.1,28.11,105033.0,28.39,758,True
2026-03-04 21:00:00+00:00,28.15,28.15,28.15,28.15,97057.0,28.15,6,False
2026-03-04 22:00:00+00:00,28.15,28.15,28.15,28.15,0.0,28.15,0,False
2026-03-04 23:00:00+00:00,28.15,28.15,28.15,28.15,0.0,28.15,0,False
2026-03-05 00:00:00+00:00,28.1,28.1,28.1,28.1,155.0,28.1,1,False
2026-03-05 12:00:00+00:00,28.09,28.09,28.09,28.09,200.0,28.09,2,False
2026-03-05 13:00:00+00:00,28.09,28.09,28.09,28.09,0.0,28.09,0,False
2026-03-05 14:00:00+00:00,27.71,27.91,27.38,27.91,13863.0,27.637,58,False
2026-03-05 15:00:00+00:00,27.73,27.85,27.34,27.38,13998.0,27.57,116,True
2026-03-05 16:00:00+00:00,27.44,27.45,26.86,27.05,12847.0,27.124,116,True
2026-03-05 17:00:00+00:00,27.14,27.24,26.65,26.7,13234.0,26.933,110,True
2026-03-05 18:00:00+00:00,26.79,27.19,26.71,26.96,38327.0,27.002,315,True
2026-03-05 19:00:00+00:00,27.04,27.14,26.8,26.88,18427.0,26.986,152,True
2026-03-05 20:00:00+00:00,26.85,27.37,26.78,27.12,60475.0,27.186,519,True
2026-03-05 21:00:00+00:00,27.14,27.14,27.14,27.14,84643.0,27.14,7,False
2026-03-05 22:00:00+00:00,27.14,27.14,27.14,27.14,0.0,27.14,0,False
2026-03-05 23:00:00+00:00,27.14,27.14,27.14,27.14,0.0,27.14,0,False
2026-03-06 00:00:00+00:00,27.14,27.14,27.14,27.14,0.0,27.14,0,False
2026-03-06 12:00:00+00:00,27.14,27.14,26.77,26.92,1218.0,26.921,10,False
2026-03-06 13:00:00+00:00,26.78,26.78,26.77,26.77,2300.0,26.778,15,False
2026-03-06 14:00:00+00:00,26.24,26.61,25.8,25.85,37674.0,26.169,162,False
2026-03-06 15:00:00+00:00,26.02,26.48,25.85,26.12,39997.0,26.196,267,True
2026-03-06 16:00:00+00:00,26.16,26.42,25.99,26.11,25335.0,26.207,215,True
2026-03-06 17:00:00+00:00,26.07,26.16,25.85,26.11,32299.0,26.016,265,True
2026-03-06 18:00:00+00:00,26.11,26.32,25.69,25.76,29296.0,26.007,223,True
2026-03-06 19:00:00+00:00,25.76,26.19,25.76,25.97,23161.0,25.984,202,True
2026-03-06 20:00:00+00:00,26.02,26.17,25.65,25.7,82466.0,25.862,660,True
2026-03-06 21:00:00+00:00,25.7,25.7,25.7,25.7,83464.0,25.7,4,False
2026-03-06 22:00:00+00:00,25.7,25.7,25.7,25.7,0.0,25.7,0,False
2026-03-06 23:00:00+00:00,25.7,25.7,25.7,25.7,0.0,25.7,0,False
2026-03-07 00:00:00+00:00,25.7,25.7,25.7,25.7,0.0,25.7,0,False
2026-03-09 13:00:00+00:00,25.14,25.29,24.51,24.68,22264.0,24.894,128,False
2026-03-09 14:00:00+00:00,24.68,25.58,24.68,25.5,20131.0,25.109,156,True
2026-03-09 15:00:00+00:00,25.52,25.92,25.52,25.71,13351.0,25.67,87,True
2026-03-09 16:00:00+00:00,25.71,26.0,25.7,25.8,7977.0,25.861,70,True
2026-03-09 17:00:00+00:00,25.82,25.84,25.42,25.42,15444.0,25.642,125,True
2026-03-09 18:00:00+00:00,25.46,25.78,25.42,25.66,18252.0,25.635,139,True
2026-03-09 19:00:00+00:00,25.66,26.58,25.65,26.24,67790.0,26.206,498,True
2026-03-09 20:00:00+00:00,26.24,26.24,26.24,26.24,69146.0,26.24,6,False
2026-03-09 21:00:00+00:00,26.24,26.24,26.24,26.24,0.0,26.24,0,False
2026-03-09 22:00:00+00:00,26.5,26.5,25.88,25.88,6892.0,26.12,10,False
2026-03-09 23:00:00+00:00,25.91,25.91,25.91,25.91,192.0,25.91,1,False
2026-03-10 11:00:00+00:00,26.3,26.31,26.3,26.31,226.0,26.306,2,False
2026-03-10 12:00:00+00:00,26.31,26.31,26.31,26.31,0.0,26.31,0,False
2026-03-10 13:00:00+00:00,26.23,26.4,26.0,26.24,9723.0,26.235,32,False
2026-03-10 14:00:00+00:00,26.21,26.73,25.81,26.63,25656.0,26.234,205,True
2026-03-10 15:00:00+00:00,26.66,26.86,26.42,26.75,29688.0,26.686,197,True
2026-03-10 16:00:00+00:00,26.68,26.71,26.43,26.67,17238.0,26.569,138,True
2026-03-10 17:00:00+00:00,26.7,26.88,26.57,26.6,13259.0,26.718,111,True
2026-03-10 18:00:00+00:00,26.56,26.59,26.2,26.23,35878.0,26.35,252,True
2026-03-10 19:00:00+00:00,26.22,26.52,26.19,26.35,56461.0,26.364,466,True
2026-03-10 20:00:00+00:00,26.36,26.36,25.61,25.61,154832.0,26.359,3,False
2026-03-10 21:00:00+00:00,25.61,25.61,25.61,25.61,0.0,25.61,0,False
2026-03-10 22:00:00+00:00,25.61,25.61,25.61,25.61,0.0,25.61,0,False
2026-03-10 23:00:00+00:00,25.61,25.62,25.61,25.61,0.0,25.61,0,False
2026-03-11 09:00:00+00:00,26.36,26.36,26.36,26.36,157.0,26.36,1,False
2026-03-11 10:00:00+00:00,26.36,26.36,26.36,26.36,0.0,26.36,0,False
2026-03-11 11:00:00+00:00,26.36,26.36,26.36,26.36,0.0,26.36,0,False
2026-03-11 12:00:00+00:00,26.36,26.36,26.36,26.36,0.0,26.36,0,False
2026-03-11 13:00:00+00:00,26.82,26.9,25.98,26.25,26460.0,26.349,86,False
2026-03-11 14:00:00+00:00,26.38,26.81,26.38,26.62,12420.0,26.581,77,True
2026-03-11 15:00:00+00:00,26.63,26.63,26.22,26.31,5801.0,26.354,56,True
2026-03-11 16:00:00+00:00,26.33,26.42,26.13,26.42,4473.0,26.275,41,True
2026-03-11 17:00:00+00:00,26.4,26.49,25.96,26.47,29461.0,26.281,172,True
2026-03-11 18:00:00+00:00,26.39,26.51,26.23,26.31,23116.0,26.354,188,True
2026-03-11 19:00:00+00:00,26.33,26.33,25.8,25.83,220866.0,25.968,1034,True
2026-03-11 20:00:00+00:00,25.82,25.82,25.82,25.82,152148.0,25.82,3,False
2026-03-11 21:00:00+00:00,25.82,25.82,25.82,25.82,0.0,25.82,0,False
2026-03-11 22:00:00+00:00,25.82,25.82,25.82,25.82,0.0,25.82,0,False
2026-03-11 23:00:00+00:00,25.82,25.82,25.82,25.82,0.0,25.82,0,False
2026-03-12 13:00:00+00:00,25.31,25.62,25.13,25.39,27860.0,25.367,162,False
2026-03-12 14:00:00+00:00,25.56,25.99,25.42,25.78,47780.0,25.663,406,True
2026-03-12 15:00:00+00:00,25.85,26.24,25.74,26.01,24793.0,25.981,207,True
2026-03-12 16:00:00+00:00,26.02,26.92,25.83,26.78,47717.0,26.477,386,True
2026-03-12 17:00:00+00:00,26.8,26.97,26.53,26.58,19265.0,26.825,158,True
2026-03-12 18:00:00+00:00,26.61,26.62,26.26,26.27,20314.0,26.429,172,True
2026-03-12 19:00:00+00:00,26.27,26.37,26.06,26.28,50245.0,26.218,392,True
2026-03-12 20:00:00+00:00,26.28,26.28,26.28,26.28,77202.0,26.28,7,False
2026-03-12 21:00:00+00:00,26.28,26.28,26.28,26.28,0.0,26.28,0,False
2026-03-12 22:00:00+00:00,26.28,26.28,26.28,26.28,0.0,26.28,0,False
2026-03-12 23:00:00+00:00,26.28,26.28,26.28,26.28,0.0,26.28,0,False
2026-03-13 13:00:00+00:00,26.26,26.54,26.1,26.1,63508.0,26.351,310,False
2026-03-13 14:00:00+00:00,26.28,26.28,25.33,25.34,34952.0,25.789,259,True
2026-03-13 15:00:00+00:00,25.39,25.63,24.87,25.01,41440.0,25.212,263,True
2026-03-13 16:00:00+00:00,25.04,25.17,24.88,24.88,13864.0,25.046,134,True
2026-03-13 17:00:00+00:00,24.86,25.17,24.75,24.9,34767.0,24.995,210,True
2026-03-13 18:00:00+00:00,24.88,24.98,24.67,24.83,41458.0,24.865,287,True
2026-03-13 19:00:00+00:00,24.82,25.06,24.68,24.7,132052.0,24.817,983,True
2026-03-13 20:00:00+00:00,24.73,24.73,24.71,24.71,100328.0,24.71,4,False
2026-03-13 21:00:00+00:00,25.14,25.15,24.6,24.6,11050.0,24.913,7,False
2026-03-13 22:00:00+00:00,24.6,24.6,24.6,24.6,0.0,24.6,0,False
2026-03-13 23:00:00+00:00,24.6,24.6,24.6,24.6,0.0,24.6,0,False
2026-03-16 13:00:00+00:00,25.35,25.85,25.33,25.55,13298.0,25.502,42,False
2026-03-16 14:00:00+00:00,25.51,25.66,25.12,25.35,30463.0,25.298,152,True
2026-03-16 15:00:00+00:00,25.37,25.37,24.97,24.98,13347.0,25.154,92,True
2026-03-16 16:00:00+00:00,24.97,24.97,24.77,24.83,8526.0,24.845,73,True
2026-03-16 17:00:00+00:00,24.85,24.95,24.83,24.91,7540.0,24.894,64,True
2026-03-16 18:00:00+00:00,24.93,25.32,24.93,25.21,14241.0,25.102,125,True
2026-03-16 19:00:00+00:00,25.21,25.6,25.21,25.58,55923.0,25.471,406,True
2026-03-16 20:00:00+00:00,25.59,25.59,25.59,25.59,160709.0,25.59,2,False
2026-03-16 21:00:00+00:00,25.59,25.59,25.59,25.59,0.0,25.59,0,False
2026-03-16 22:00:00+00:00,25.59,25.59,25.59,25.59,0.0,25.59,0,False
2026-03-16 23:00:00+00:00,25.59,25.59,25.59,25.59,0.0,25.59,0,False
2026-03-17 13:00:00+00:00,26.1,26.29,25.93,26.08,7370.0,26.062,41,False
2026-03-17 14:00:00+00:00,26.08,26.17,25.74,25.8,12726.0,25.968,99,True
2026-03-17 15:00:00+00:00,25.8,25.81,25.49,25.55,9351.0,25.617,79,True
2026-03-17 16:00:00+00:00,25.55,25.79,25.54,25.74,7558.0,25.707,51,True
2026-03-17 17:00:00+00:00,25.73,26.27,25.72,26.18,13876.0,26.003,105,True
2026-03-17 18:00:00+00:00,26.17,26.28,26.09,26.25,8139.0,26.182,65,True
2026-03-17 19:00:00+00:00,26.23,26.3,25.99,26.13,50672.0,26.16,430,True
2026-03-17 20:00:00+00:00,26.12,26.12,26.12,26.12,70457.0,26.12,7,False
2026-03-17 21:00:00+00:00,26.12,26.12,26.12,26.12,0.0,26.12,0,False
2026-03-17 22:00:00+00:00,26.12,26.12,26.12,26.12,0.0,26.12,0,False
2026-03-17 23:00:00+00:00,26.32,26.32,26.32,26.32,110.0,26.32,1,False
2026-03-18 12:00:00+00:00,26.84,26.84,26.05,26.1,726.0,26.183,5,False
2026-03-18 13:00:00+00:00,26.08,26.13,25.59,26.02,5275.0,25.998,28,False
2026-03-18 14:00:00+00:00,26.03,26.08,25.52,26.08,7572.0,25.781,70,True
2026-03-18 15:00:00+00:00,26.09,26.21,25.92,26.05,10953.0,26.072,64,True
2026-03-18 16:00:00+00:00,26.05,26.27,26.01,26.24,6500.0,26.141,63,True
2026-03-18 17:00:00+00:00,26.19,26.57,26.11,26.57,13063.0,26.326,95,True
2026-03-18 18:00:00+00:00,26.57,26.68,26.24,26.3,27817.0,26.48,234,True
2026-03-18 19:00:00+00:00,26.32,26.78,26.26,26.68,95829.0,26.559,692,True
2026-03-18 20:00:00+00:00,26.68,26.68,26.68,26.68,118087.0,26.68,3,False
2026-03-18 21:00:00+00:00,26.68,26.68,26.68,26.68,0.0,26.68,0,False
2026-03-18 22:00:00+00:00,26.68,26.68,26.68,26.68,0.0,26.68,0,False
2026-03-18 23:00:00+00:00,26.68,26.68,26.68,26.68,0.0,26.68,0,False
2026-03-19 12:00:00+00:00,26.74,26.74,26.74,26.74,200.0,26.74,1,False
2026-03-19 13:00:00+00:00,26.48,26.96,25.36,25.7,27741.0,25.762,156,False
2026-03-19 14:00:00+00:00,26.0,26.43,25.71,26.16,10399.0,26.155,96,True
2026-03-19 15:00:00+00:00,26.23,26.36,26.05,26.27,10617.0,26.202,87,True
2026-03-19 16:00:00+00:00,26.3,26.36,26.09,26.3,8629.0,26.226,80,True
2026-03-19 17:00:00+00:00,26.36,26.4,25.91,26.24,12142.0,26.214,89,True
2026-03-19 18:00:00+00:00,26.23,26.6,26.23,26.6,10015.0,26.401,90,True
2026-03-19 19:00:00+00:00,26.63,27.25,26.63,26.81,49392.0,26.915,408,True
2026-03-19 20:00:00+00:00,26.83,26.83,26.83,26.83,62256.0,26.83,3,False
2026-03-19 21:00:00+00:00,26.83,26.83,26.83,26.83,0.0,26.83,0,False
2026-03-19 22:00:00+00:00,26.83,26.83,26.83,26.83,0.0,26.83,0,False
2026-03-19 23:00:00+00:00,26.83,26.83,26.83,26.83,0.0,26.83,0,False
2026-03-20 13:00:00+00:00,26.86,27.74,26.84,27.67,48951.0,27.1,187,False
2026-03-20 14:00:00+00:00,27.69,27.75,27.06,27.21,36676.0,27.365,333,True
2026-03-20 15:00:00+00:00,27.22,27.36,26.37,26.49,32072.0,26.829,262,True
2026-03-20 16:00:00+00:00,26.46,26.84,26.45,26.7,13384.0,26.674,114,True
2026-03-20 17:00:00+00:00,26.69,26.77,26.33,26.36,13341.0,26.598,126,True
2026-03-20 18:00:00+00:00,26.38,26.41,25.98,26.03,13625.0,26.19,114,True
2026-03-20 19:00:00+00:00,26.06,26.74,25.83,26.58,159990.0,26.453,931,True
2026-03-20 20:00:00+00:00,26.66,26.66,26.66,26.66,498239.0,26.66,2,False
2026-03-20 21:00:00+00:00,26.16,26.16,26.16,26.16,200.0,26.16,2,False
2026-03-20 22:00:00+00:00,26.16,26.16,26.16,26.16,0.0,26.16,0,False
2026-03-20 23:00:00+00:00,26.16,26.16,26.16,26.16,0.0,26.16,0,False
2026-03-23 13:00:00+00:00,26.99,27.74,26.99,27.6,19932.0,27.277,86,False
2026-03-23 14:00:00+00:00,27.74,27.83,27.26,27.67,12545.0,27.607,116,True
2026-03-23 15:00:00+00:00,27.7,28.0,27.24,27.34,29681.0,27.62,229,True
2026-03-23 16:00:00+00:00,27.46,27.51,27.14,27.33,14718.0,27.337,117,True
2026-03-23 17:00:00+00:00,27.35,27.69,27.27,27.44,15610.0,27.463,138,True
2026-03-23 18:00:00+00:00,27.46,27.68,27.38,27.65,15733.0,27.538,138,True
2026-03-23 19:00:00+00:00,27.64,27.81,27.41,27.74,100171.0,27.671,680,True
2026-03-23 20:00:00+00:00,27.72,27.72,27.72,27.72,178513.0,27.72,3,False
2026-03-23 21:00:00+00:00,27.72,27.72,27.72,27.72,0.0,27.72,0,False
2026-03-23 22:00:00+00:00,27.72,27.72,27.72,27.72,0.0,27.72,0,False
2026-03-23 23:00:00+00:00,27.72,27.72,27.72,27.72,0.0,27.72,0,False
2026-03-24 13:00:00+00:00,27.53,27.76,27.43,27.55,10037.0,27.551,59,False
2026-03-24 14:00:00+00:00,27.81,28.5,27.69,28.32,15874.0,28.034,118,True
2026-03-24 15:00:00+00:00,28.48,28.6,28.07,28.16,20341.0,28.263,167,True
2026-03-24 16:00:00+00:00,28.13,28.41,27.96,28.37,17111.0,28.193,110,True
2026-03-24 17:00:00+00:00,28.36,28.38,28.04,28.2,9933.0,28.138,96,True
2026-03-24 18:00:00+00:00,28.27,28.35,28.17,28.23,20926.0,28.254,156,True
2026-03-24 19:00:00+00:00,28.26,28.44,28.22,28.32,61435.0,28.316,411,True
2026-03-24 20:00:00+00:00,28.32,28.64,28.32,28.64,65276.0,28.322,6,False
2026-03-24 21:00:00+00:00,28.64,28.64,28.64,28.64,0.0,28.64,0,False
2026-03-24 22:00:00+00:00,28.64,28.64,28.64,28.64,0.0,28.64,0,False
2026-03-24 23:00:00+00:00,28.64,28.64,28.64,28.64,0.0,28.64,0,False
2026-03-25 13:00:00+00:00,28.87,28.97,28.66,28.68,5607.0,28.876,8,False
2026-03-25 14:00:00+00:00,28.68,29.05,28.65,28.67,12802.0,28.836,82,True
2026-03-25 15:00:00+00:00,28.66,28.72,27.86,27.86,58600.0,28.067,395,True
2026-03-25 16:00:00+00:00,27.89,28.33,27.61,28.33,46671.0,27.754,144,True
2026-03-25 17:00:00+00:00,28.38,28.79,28.24,28.35,77778.0,28.597,381,True
2026-03-25 18:00:00+00:00,28.32,28.68,28.27,28.58,122352.0,28.389,558,True
2026-03-25 19:00:00+00:00,28.52,28.9,28.5,28.76,58954.0,28.708,453,True
2026-03-25 20:00:00+00:00,28.77,28.77,28.77,28.77,101829.0,28.77,2,False
2026-03-25 21:00:00+00:00,28.77,28.77,28.77,28.77,0.0,28.77,0,False
2026-03-25 22:00:00+00:00,28.77,28.77,28.77,28.77,0.0,28.77,0,False
2026-03-25 23:00:00+00:00,28.77,28.77,28.77,28.77,0.0,28.77,0,False
2026-03-26 13:00:00+00:00,28.4,28.75,28.4,28.49,5766.0,28.422,9,False
2026-03-26 14:00:00+00:00,28.48,29.12,28.47,28.8,22088.0,28.771,175,True
2026-03-26 15:00:00+00:00,28.87,28.98,28.05,28.09,80253.0,28.737,107,True
2026-03-26 16:00:00+00:00,28.1,28.24,27.66,27.89,15334.0,27.92,130,True
2026-03-26 17:00:00+00:00,27.97,27.98,27.73,27.74,14695.0,27.881,124,True
2026-03-26 18:00:00+00:00,27.77,27.88,27.59,27.6,14694.0,27.763,116,True
2026-03-26 19:00:00+00:00,27.64,27.7,27.04,27.25,133295.0,27.308,728,True
2026-03-26 20:00:00+00:00,27.24,27.62,27.24,27.62,136007.0,27.251,8,False
2026-03-26 21:00:00+00:00,27.62,27.62,27.62,27.62,0.0,27.62,0,False
2026-03-26 22:00:00+00:00,27.62,27.62,27.62,27.62,0.0,27.62,0,False
2026-03-26 23:00:00+00:00,27.62,27.62,27.62,27.62,0.0,27.62,0,False
2026-03-27 11:00:00+00:00,27.15,27.15,27.15,27.15,300.0,27.15,1,False
2026-03-27 12:00:00+00:00,27.15,27.15,27.15,27.15,0.0,27.15,0,False
2026-03-27 13:00:00+00:00,27.17,27.36,26.75,26.94,11249.0,27.121,36,False
2026-03-27 14:00:00+00:00,26.94,27.57,26.93,27.43,17772.0,27.379,116,True
2026-03-27 15:00:00+00:00,27.43,27.46,27.11,27.22,29117.0,27.307,170,True
2026-03-27 16:00:00+00:00,27.22,27.22,26.92,26.92,11590.0,27.084,85,True
2026-03-27 17:00:00+00:00,26.84,26.96,26.42,26.45,7737.0,26.739,54,True
2026-03-27 18:00:00+00:00,26.48,26.59,26.44,26.5,13661.0,26.522,83,True
2026-03-27 19:00:00+00:00,26.5,26.78,26.36,26.77,223030.0,26.586,853,True
2026-03-27 20:00:00+00:00,26.78,26.78,26.75,26.75,177515.0,26.75,11,False
2026-03-27 21:00:00+00:00,26.75,26.75,26.75,26.75,0.0,26.75,0,False
2026-03-27 22:00:00+00:00,26.75,26.75,26.75,26.75,0.0,26.75,0,False
2026-03-27 23:00:00+00:00,26.75,26.75,26.75,26.75,0.0,26.75,0,False
2026-03-30 12:00:00+00:00,26.82,26.82,26.75,26.75,400.0,26.768,4,False
2026-03-30 13:00:00+00:00,27.49,27.49,26.09,26.24,9165.0,26.967,36,False
2026-03-30 14:00:00+00:00,26.2,26.8,26.0,26.18,38411.0,26.341,218,True
2026-03-30 15:00:00+00:00,26.18,26.26,25.9,26.01,15717.0,26.11,126,True
2026-03-30 16:00:00+00:00,25.95,26.0,25.71,25.74,13917.0,25.824,90,True
2026-03-30 17:00:00+00:00,25.73,25.73,25.15,25.21,16971.0,25.373,146,True
2026-03-30 18:00:00+00:00,25.26,25.29,24.98,24.99,34111.0,25.164,201,True
2026-03-30 19:00:00+00:00,24.99,25.08,24.7,24.77,96771.0,24.848,666,True
2026-03-30 20:00:00+00:00,24.77,24.77,24.77,24.77,160734.0,24.77,11,False
2026-03-30 21:00:00+00:00,24.77,24.77,24.77,24.77,0.0,24.77,0,False
2026-03-30 22:00:00+00:00,24.77,24.77,24.77,24.77,0.0,24.77,0,False
2026-03-30 23:00:00+00:00,24.77,24.77,24.77,24.77,0.0,24.77,0,False
2026-03-31 13:00:00+00:00,25.18,25.48,24.9,25.26,14705.0,25.202,89,False
2026-03-31 14:00:00+00:00,25.4,25.4,24.5,24.54,32953.0,24.808,176,True
2026-03-31 15:00:00+00:00,24.63,24.77,24.27,24.27,65795.0,24.635,416,True
2026-03-31 16:00:00+00:00,24.23,25.31,24.03,24.8,100027.0,24.709,695,True
2026-03-31 17:00:00+00:00,24.8,25.2,24.7,25.08,28011.0,24.993,233,True
2026-03-31 18:00:00+00:00,25.09,25.62,25.07,25.37,64480.0,25.359,472,True
2026-03-31 19:00:00+00:00,25.37,25.58,25.3,25.48,281335.0,25.472,1717,True
2026-03-31 20:00:00+00:00,25.5,25.5,25.5,25.5,139722.0,25.5,3,False
2026-03-31 21:00:00+00:00,25.5,25.5,25.5,25.5,0.0,25.5,0,False
2026-03-31 22:00:00+00:00,25.5,25.5,25.5,25.5,0.0,25.5,0,False
2026-03-31 23:00:00+00:00,25.5,25.5,25.5,25.5,0.0,25.5,0,False
2026-04-01 13:00:00+00:00,24.84,25.7,24.79,25.07,24252.0,25.143,134,False
2026-04-01 14:00:00+00:00,25.1,25.42,24.64,24.65,30323.0,25.004,263,True
2026-04-01 15:00:00+00:00,24.67,24.68,24.3,24.31,19104.0,24.485,113,True
2026-04-01 16:00:00+00:00,24.3,24.61,24.29,24.47,10483.0,24.457,88,True
2026-04-01 17:00:00+00:00,24.5,24.64,24.23,24.24,47836.0,24.325,242,True
2026-04-01 18:00:00+00:00,24.24,24.28,23.65,23.88,41539.0,23.86,235,True
2026-04-01 19:00:00+00:00,23.88,24.81,23.85,24.67,286121.0,24.207,1517,True
2026-04-01 20:00:00+00:00,24.67,24.67,24.67,24.67,112924.0,24.67,4,False
2026-04-01 21:00:00+00:00,24.67,24.67,24.67,24.67,0.0,24.67,0,False
2026-04-01 22:00:00+00:00,24.67,24.67,24.67,24.67,0.0,24.67,0,False
2026-04-01 23:00:00+00:00,24.67,24.67,24.67,24.67,0.0,24.67,0,False
2026-04-02 11:00:00+00:00,24.42,24.42,24.42,24.42,122.0,24.42,1,False
2026-04-02 12:00:00+00:00,24.0,24.0,24.0,24.0,100.0,24.0,1,False
2026-04-02 13:00:00+00:00,24.0,24.07,23.2,23.58,97889.0,23.617,225,False
2026-04-02 14:00:00+00:00,23.66,25.05,23.4,24.81,52417.0,24.175,366,True
2026-04-02 15:00:00+00:00,24.8,24.85,24.51,24.59,29906.0,24.689,224,True
2026-04-02 16:00:00+00:00,24.53,24.59,24.07,24.28,27936.0,24.266,229,True
2026-04-02 17:00:00+00:00,24.23,24.34,24.16,24.28,26130.0,24.258,201,True
2026-04-02 18:00:00+00:00,24.3,24.4,24.16,24.39,40620.0,24.299,270,True
2026-04-02 19:00:00+00:00,24.37,24.67,24.32,24.6,184192.0,24.52,963,True
2026-04-02 20:00:00+00:00,24.59,24.59,24.59,24.59,126255.0,24.59,4,False
2026-04-02 21:00:00+00:00,24.59,24.59,24.59,24.59,0.0,24.59,0,False
2026-04-02 22:00:00+00:00,24.59,24.59,24.59,24.59,0.0,24.59,0,False
2026-04-02 23:00:00+00:00,24.59,24.59,24.59,24.59,0.0,24.59,0,False
2026-04-06 11:00:00+00:00,24.46,24.46,24.46,24.46,101.0,24.46,1,False
2026-04-06 12:00:00+00:00,24.46,24.46,24.46,24.46,0.0,24.46,0,False
2026-04-06 13:00:00+00:00,24.76,24.78,24.39,24.63,19178.0,24.559,89,False
2026-04-06 14:00:00+00:00,24.62,24.78,24.2,24.36,24916.0,24.461,97,True
2026-04-06 15:00:00+00:00,24.39,24.48,24.21,24.26,5719.0,24.327,43,True
2026-04-06 16:00:00+00:00,24.26,24.28,23.97,24.09,35431.0,24.061,178,True
2026-04-06 17:00:00+00:00,24.01,24.04,23.75,23.98,15348.0,23.926,109,True
2026-04-06 18:00:00+00:00,23.95,24.33,23.93,24.3,26894.0,24.164,159,True
2026-04-06 19:00:00+00:00,24.29,24.29,23.89,24.0,112340.0,24.065,622,True
2026-04-06 20:00:00+00:00,24.0,24.0,24.0,24.0,103638.0,24.0,6,False
2026-04-06 21:00:00+00:00,24.0,24.0,24.0,24.0,0.0,24.0,0,False
2026-04-06 22:00:00+00:00,24.0,24.0,24.0,24.0,0.0,24.0,0,False
2026-04-06 23:00:00+00:00,24.0,24.0,24.0,24.0,0.0,24.0,0,False
2026-04-07 13:00:00+00:00,24.07,24.49,23.83,23.84,22570.0,24.123,103,False
2026-04-07 14:00:00+00:00,23.84,23.84,23.5,23.59,15000.0,23.72,127,True
2026-04-07 15:00:00+00:00,23.52,23.52,23.22,23.27,19643.0,23.37,166,True
2026-04-07 16:00:00+00:00,23.33,23.7,23.32,23.46,15761.0,23.437,140,True
2026-04-07 17:00:00+00:00,23.49,24.0,23.41,23.82,25319.0,23.758,201,True
2026-04-07 18:00:00+00:00,23.84,23.86,23.55,23.57,36194.0,23.707,259,True
2026-04-07 19:00:00+00:00,23.59,24.01,23.53,23.97,267081.0,23.847,1578,True
2026-04-07 20:00:00+00:00,24.01,24.01,24.01,24.01,165148.0,24.01,6,False
2026-04-07 21:00:00+00:00,24.01,24.01,24.01,24.01,1334.0,24.01,2,False
2026-04-07 22:00:00+00:00,24.25,24.25,24.22,24.22,656.0,24.239,2,False
2026-04-07 23:00:00+00:00,24.22,24.22,24.22,24.22,0.0,24.22,0,False
2026-04-08 09:00:00+00:00,24.87,24.9,24.87,24.9,300.0,24.89,2,False
2026-04-08 10:00:00+00:00,24.9,24.9,24.9,24.9,0.0,24.9,0,False
2026-04-08 11:00:00+00:00,24.42,24.42,24.42,24.42,366.0,24.42,1,False
2026-04-08 12:00:00+00:00,24.42,24.42,24.42,24.42,0.0,24.42,0,False
2026-04-08 13:00:00+00:00,25.32,25.8,24.9,25.21,47527.0,25.336,151,False
2026-04-08 14:00:00+00:00,25.05,25.3,24.54,24.63,67624.0,24.735,315,True
2026-04-08 15:00:00+00:00,24.63,25.01,24.63,24.89,27016.0,24.829,164,True
2026-04-08 16:00:00+00:00,24.91,25.26,24.9,25.17,48256.0,25.122,257,True
2026-04-08 17:00:00+00:00,25.13,25.18,24.79,25.18,39653.0,25.024,228,True
2026-04-08 18:00:00+00:00,25.15,25.29,24.92,24.98,27512.0,25.113,210,True
2026-04-08 19:00:00+00:00,25.0,25.32,24.92,25.28,179991.0,25.218,1176,True
2026-04-08 20:00:00+00:00,25.26,25.26,25.26,25.26,230727.0,25.26,5,False
2026-04-08 21:00:00+00:00,25.4,25.4,25.35,25.35,200.0,25.375,2,False
2026-04-08 22:00:00+00:00,25.35,25.35,25.35,25.35,0.0,25.35,0,False
2026-04-08 23:00:00+00:00,25.35,25.35,25.35,25.35,0.0,25.35,0,False
2026-04-09 13:00:00+00:00,25.12,26.3,25.12,26.14,18061.0,25.784,107,False
2026-04-09 14:00:00+00:00,26.05,26.31,25.48,25.8,22041.0,25.999,118,True
2026-04-09 15:00:00+00:00,25.76,26.19,25.7,25.97,18713.0,25.985,144,True
2026-04-09 16:00:00+00:00,26.04,26.3,26.04,26.24,23907.0,26.21,161,True
2026-04-09 17:00:00+00:00,26.22,26.29,26.15,26.22,13700.0,26.232,87,True
2026-04-09 18:00:00+00:00,26.2,26.22,25.84,25.86,28880.0,26.011,143,True
2026-04-09 19:00:00+00:00,25.88,26.0,25.75,25.99,71804.0,25.901,488,True
2026-04-09 20:00:00+00:00,26.0,26.0,26.0,26.0,97954.0,26.0,6,False
2026-04-09 21:00:00+00:00,26.0,26.0,26.0,26.0,0.0,26.0,0,False
2026-04-09 22:00:00+00:00,26.0,26.0,26.0,26.0,0.0,26.0,0,False
2026-04-09 23:00:00+00:00,26.0,26.0,26.0,26.0,0.0,26.0,0,False
2026-04-10 13:00:00+00:00,26.08,26.69,25.73,26.5,12751.0,26.196,61,False
2026-04-10 14:00:00+00:00,26.2,27.25,26.2,27.17,43273.0,26.693,265,True
2026-04-10 15:00:00+00:00,27.18,27.18,26.69,26.72,59262.0,26.822,218,True
2026-04-10 16:00:00+00:00,26.76,27.04,26.76,26.86,17309.0,26.846,113,True
2026-04-10 17:00:00+00:00,26.87,27.05,26.8,26.95,61752.0,26.869,158,True
2026-04-10 18:00:00+00:00,26.86,26.96,26.77,26.88,25101.0,26.858,144,True
2026-04-10 19:00:00+00:00,26.91,26.98,26.33,26.4,101271.0,26.683,546,True
2026-04-10 20:00:00+00:00,26.4,26.4,26.4,26.4,71958.0,26.4,3,False
2026-04-10 21:00:00+00:00,26.4,26.4,26.4,26.4,0.0,26.4,0,False
2026-04-10 22:00:00+00:00,26.4,26.4,26.4,26.4,0.0,26.4,0,False
2026-04-10 23:00:00+00:00,26.4,26.4,26.4,26.4,0.0,26.4,0,False
2026-04-13 13:00:00+00:00,26.13,26.34,25.81,26.02,15173.0,25.986,60,False
2026-04-13 14:00:00+00:00,26.09,26.17,25.25,25.46,21674.0,25.608,156,True
2026-04-13 15:00:00+00:00,25.43,25.48,24.97,25.07,16519.0,25.247,142,True
2026-04-13 16:00:00+00:00,25.08,25.56,25.03,25.37,13262.0,25.249,115,True
2026-04-13 17:00:00+00:00,25.39,25.39,25.12,25.18,12729.0,25.226,99,True
2026-04-13 18:00:00+00:00,25.17,25.4,25.14,25.15,16395.0,25.229,124,True
2026-04-13 19:00:00+00:00,25.14,25.21,24.68,24.83,88308.0,24.875,638,True
2026-04-13 20:00:00+00:00,24.82,24.82,24.82,24.82,86209.0,24.82,3,False
2026-04-13 21:00:00+00:00,24.82,24.82,24.82,24.82,0.0,24.82,0,False
2026-04-13 22:00:00+00:00,24.82,24.82,24.82,24.82,0.0,24.82,0,False
2026-04-13 23:00:00+00:00,24.82,24.82,24.82,24.82,0.0,24.82,0,False
2026-04-14 13:00:00+00:00,25.54,26.01,25.05,25.86,18483.0,25.702,71,False
2026-04-14 14:00:00+00:00,25.83,26.04,25.68,25.84,20312.0,25.856,116,True
2026-04-14 15:00:00+00:00,25.79,25.82,25.55,25.62,21723.0,25.662,134,True
2026-04-14 16:00:00+00:00,25.57,25.76,25.32,25.43,29676.0,25.516,161,True
2026-04-14 17:00:00+00:00,25.31,25.45,25.12,25.16,21347.0,25.255,142,True
2026-04-14 18:00:00+00:00,25.18,25.46,25.11,25.45,21391.0,25.231,131,True
2026-04-14 19:00:00+00:00,25.5,26.1,25.5,25.8,162112.0,25.847,1021,True
2026-04-14 20:00:00+00:00,25.81,25.81,25.81,25.81,90656.0,25.81,5,False
2026-04-14 21:00:00+00:00,25.81,25.81,25.81,25.81,0.0,25.81,0,False
2026-04-14 22:00:00+00:00,25.81,25.81,25.81,25.81,0.0,25.81,0,False
2026-04-14 23:00:00+00:00,25.81,25.81,25.81,25.81,0.0,25.81,0,False
2026-04-15 08:00:00+00:00,25.92,25.92,25.71,25.71,904.0,25.897,3,False
2026-04-15 09:00:00+00:00,25.71,25.71,25.71,25.71,0.0,25.71,0,False
2026-04-15 10:00:00+00:00,25.71,25.71,25.71,25.71,0.0,25.71,0,False
2026-04-15 11:00:00+00:00,25.71,25.71,25.71,25.71,0.0,25.71,0,False
2026-04-15 12:00:00+00:00,25.71,25.71,25.71,25.71,0.0,25.71,0,False
2026-04-15 13:00:00+00:00,25.64,26.0,25.63,25.66,12314.0,25.705,61,False
2026-04-15 14:00:00+00:00,25.59,25.87,25.46,25.65,14163.0,25.665,102,True
2026-04-15 15:00:00+00:00,25.62,25.99,25.53,25.53,13819.0,25.779,124,True
2026-04-15 16:00:00+00:00,25.51,25.61,25.18,25.27,8682.0,25.502,81,True
2026-04-15 17:00:00+00:00,25.34,25.5,25.28,25.49,6144.0,25.38,50,True
2026-04-15 18:00:00+00:00,25.48,25.62,25.44,25.56,10048.0,25.56,88,True
2026-04-15 19:00:00+00:00,25.57,25.67,25.41,25.62,42674.0,25.541,317,True
2026-04-15 20:00:00+00:00,25.62,25.62,25.62,25.62,130841.0,25.62,6,False
2026-04-15 21:00:00+00:00,25.62,25.62,25.62,25.62,0.0,25.62,0,False
2026-04-15 22:00:00+00:00,25.62,25.62,25.62,25.62,0.0,25.62,0,False
2026-04-15 23:00:00+00:00,25.62,25.62,25.62,25.62,0.0,25.62,0,False
2026-04-16 13:00:00+00:00,25.75,25.76,25.06,25.16,9061.0,25.526,45,False
2026-04-16 14:00:00+00:00,25.31,25.38,25.02,25.22,12557.0,25.223,86,True
2026-04-16 15:00:00+00:00,25.23,25.66,25.07,25.3,17869.0,25.373,117,True
2026-04-16 16:00:00+00:00,25.24,25.32,24.85,24.86,15913.0,25.051,84,True
2026-04-16 17:00:00+00:00,24.85,25.15,24.74,24.86,39519.0,24.984,248,True
2026-04-16 18:00:00+00:00,24.87,24.9,24.73,24.77,17504.0,24.828,128,True
2026-04-16 19:00:00+00:00,24.77,25.02,24.63,25.01,73974.0,24.889,489,True
2026-04-16 20:00:00+00:00,25.01,25.01,25.01,25.01,175004.0,25.01,14,False
2026-04-16 21:00:00+00:00,25.01,25.01,25.01,25.01,0.0,25.01,0,False
2026-04-16 22:00:00+00:00,24.97,24.97,24.97,24.97,100.0,24.97,1,False
2026-04-16 23:00:00+00:00,24.97,24.97,24.97,24.97,0.0,24.97,0,False
2026-04-17 13:00:00+00:00,25.59,26.03,25.52,25.6,55699.0,25.586,50,False
2026-04-17 14:00:00+00:00,25.41,26.17,25.41,26.11,19548.0,25.94,106,True
2026-04-17 15:00:00+00:00,26.03,26.09,25.73,25.9,10867.0,25.873,87,True
2026-04-17 16:00:00+00:00,25.81,26.05,25.78,25.97,31694.0,25.935,181,True
2026-04-17 17:00:00+00:00,25.99,26.0,25.63,25.64,24210.0,25.815,156,True
2026-04-17 18:00:00+00:00,25.64,25.84,25.58,25.84,12567.0,25.686,108,True
2026-04-17 19:00:00+00:00,25.8,26.0,25.67,25.85,63314.0,25.849,402,True
2026-04-17 20:00:00+00:00,25.87,25.87,25.87,25.87,77694.0,25.87,4,False
2026-04-17 21:00:00+00:00,25.87,25.87,25.87,25.87,0.0,25.87,0,False
2026-04-17 22:00:00+00:00,25.87,25.87,25.87,25.87,0.0,25.87,0,False
2026-04-17 23:00:00+00:00,25.86,25.86,25.86,25.86,750.0,25.86,1,False
2026-04-20 08:00:00+00:00,25.68,25.68,25.68,25.68,106.0,25.68,1,False
2026-04-20 09:00:00+00:00,25.68,25.68,25.68,25.68,0.0,25.68,0,False
2026-04-20 10:00:00+00:00,25.68,25.68,25.68,25.68,0.0,25.68,0,False
2026-04-20 11:00:00+00:00,25.68,25.68,25.68,25.68,0.0,25.68,0,False
2026-04-20 12:00:00+00:00,25.68,25.68,25.68,25.68,0.0,25.68,0,False
2026-04-20 13:00:00+00:00,25.64,25.93,25.48,25.93,11527.0,25.641,38,False
2026-04-20 14:00:00+00:00,25.83,26.17,25.71,26.13,13112.0,25.952,101,True
2026-04-20 15:00:00+00:00,26.13,26.59,26.09,26.38,18319.0,26.394,84,True
2026-04-20 16:00:00+00:00,26.38,26.74,26.28,26.67,16805.0,26.491,104,True
2026-04-20 17:00:00+00:00,26.72,26.88,26.64,26.79,14803.0,26.759,123,True
2026-04-20 18:00:00+00:00,26.79,26.89,26.73,26.82,15314.0,26.799,107,True
2026-04-20 19:00:00+00:00,26.81,27.0,26.68,26.91,80988.0,26.812,498,True
2026-04-20 20:00:00+00:00,26.91,26.91,26.91,26.91,121547.0,26.91,4,False
2026-04-20 21:00:00+00:00,26.91,26.91,26.91,26.91,0.0,26.91,0,False
2026-04-20 22:00:00+00:00,26.91,26.91,26.91,26.91,0.0,26.91,0,False
2026-04-20 23:00:00+00:00,26.91,26.91,26.91,26.91,0.0,26.91,0,False
2026-04-21 13:00:00+00:00,26.91,27.86,26.91,27.14,17731.0,27.288,99,False
2026-04-21 14:00:00+00:00,27.12,27.56,26.9,26.9,30783.0,27.361,239,True
2026-04-21 15:00:00+00:00,26.89,27.47,26.81,27.46,23058.0,27.122,175,True
2026-04-21 16:00:00+00:00,27.51,27.69,26.97,26.99,25006.0,27.262,188,True
2026-04-21 17:00:00+00:00,27.0,27.04,26.64,26.89,84431.0,26.831,404,True
2026-04-21 18:00:00+00:00,26.98,27.05,26.81,26.99,32362.0,26.952,229,True
2026-04-21 19:00:00+00:00,27.03,27.12,26.52,26.73,99607.0,26.792,749,True
2026-04-21 20:00:00+00:00,26.75,26.75,26.75,26.75,60942.0,26.75,9,False
2026-04-21 21:00:00+00:00,26.8,26.8,26.8,26.8,150.0,26.8,1,False
2026-04-21 22:00:00+00:00,26.8,26.8,26.8,26.8,0.0,26.8,0,False
2026-04-21 23:00:00+00:00,26.8,26.8,26.8,26.8,0.0,26.8,0,False
2026-04-22 13:00:00+00:00,27.53,28.09,27.53,27.89,14128.0,27.756,54,False
2026-04-22 14:00:00+00:00,27.94,28.81,27.69,27.71,27165.0,28.039,189,True
2026-04-22 15:00:00+00:00,27.71,27.72,27.38,27.42,14170.0,27.514,105,True
2026-04-22 16:00:00+00:00,27.44,27.45,27.13,27.2,10188.0,27.259,60,True
2026-04-22 17:00:00+00:00,27.14,27.29,27.09,27.29,11802.0,27.201,83,True
2026-04-22 18:00:00+00:00,27.2,27.36,27.2,27.28,14360.0,27.28,93,True
2026-04-22 19:00:00+00:00,27.25,27.56,27.18,27.53,103175.0,27.383,632,True
2026-04-22 20:00:00+00:00,27.54,27.54,27.54,27.54,106962.0,27.54,5,False
2026-04-22 21:00:00+00:00,27.54,27.54,27.54,27.54,0.0,27.54,0,False
2026-04-22 22:00:00+00:00,27.54,27.54,27.54,27.54,0.0,27.54,0,False
2026-04-22 23:00:00+00:00,27.54,27.54,27.54,27.54,0.0,27.54,0,False
2026-04-23 13:00:00+00:00,27.81,28.25,27.63,27.63,11975.0,27.935,32,False
2026-04-23 14:00:00+00:00,27.58,28.07,27.45,27.93,18018.0,27.716,144,True
2026-04-23 15:00:00+00:00,27.99,28.0,27.5,27.57,10389.0,27.699,84,True
2026-04-23 16:00:00+00:00,27.57,27.82,27.5,27.74,9351.0,27.65,75,True
2026-04-23 17:00:00+00:00,27.71,27.71,26.67,27.41,51335.0,27.035,276,True
2026-04-23 18:00:00+00:00,27.49,27.69,27.42,27.52,18166.0,27.567,158,True
2026-04-23 19:00:00+00:00,27.51,27.77,27.47,27.74,73614.0,27.646,513,True
2026-04-23 20:00:00+00:00,27.76,27.76,27.76,27.76,115327.0,27.76,4,False
2026-04-23 21:00:00+00:00,27.76,27.76,27.76,27.76,0.0,27.76,0,False
2026-04-23 22:00:00+00:00,27.76,27.76,27.76,27.76,0.0,27.76,0,False
2026-04-23 23:00:00+00:00,27.76,27.76,27.76,27.76,0.0,27.76,0,False
2026-04-24 13:00:00+00:00,27.88,28.14,27.44,27.81,9176.0,27.853,53,False
2026-04-24 14:00:00+00:00,27.81,28.08,27.6,27.85,15417.0,27.824,115,True
2026-04-24 15:00:00+00:00,27.75,28.12,27.67,28.06,18618.0,27.817,137,True
2026-04-24 16:00:00+00:00,27.92,27.93,27.7,27.71,4046.0,27.818,32,True
2026-04-24 17:00:00+00:00,27.71,27.92,27.7,27.83,8802.0,27.769,40,True
2026-04-24 18:00:00+00:00,27.82,27.83,27.64,27.69,7709.0,27.738,36,True
2026-04-24 19:00:00+00:00,27.71,28.07,27.69,27.94,60628.0,27.945,409,True
2026-04-24 20:00:00+00:00,27.92,27.92,27.92,27.92,85414.0,27.92,4,False
2026-04-24 21:00:00+00:00,27.92,27.92,27.92,27.92,0.0,27.92,0,False
2026-04-24 22:00:00+00:00,27.92,27.92,27.92,27.92,0.0,27.92,0,False
2026-04-24 23:00:00+00:00,27.92,27.92,27.92,27.92,0.0,27.92,0,False
2026-04-27 11:00:00+00:00,27.92,28.1,27.92,28.1,810.0,27.942,2,False
2026-04-27 12:00:00+00:00,28.21,28.21,28.05,28.05,495.0,28.083,2,False
2026-04-27 13:00:00+00:00,28.16,28.82,28.01,28.29,10853.0,28.339,56,False
2026-04-27 14:00:00+00:00,28.29,28.31,27.85,28.04,17542.0,28.001,122,True
2026-04-27 15:00:00+00:00,28.04,28.07,27.49,27.61,23375.0,27.698,209,True
2026-04-27 16:00:00+00:00,27.66,27.71,27.54,27.67,10904.0,27.616,101,True
2026-04-27 17:00:00+00:00,27.68,27.98,27.68,27.88,18788.0,27.818,125,True
2026-04-27 18:00:00+00:00,27.91,27.96,27.8,27.87,17970.0,27.874,153,True
2026-04-27 19:00:00+00:00,27.89,28.23,27.76,27.89,64732.0,27.94,481,True
2026-04-27 20:00:00+00:00,27.91,27.91,27.91,27.91,111360.0,27.91,2,False
2026-04-27 21:00:00+00:00,27.91,27.91,27.91,27.91,0.0,27.91,0,False
2026-04-27 22:00:00+00:00,27.91,27.91,27.91,27.91,0.0,27.91,0,False
2026-04-27 23:00:00+00:00,27.91,27.91,27.91,27.91,0.0,27.91,0,False
2026-04-28 13:00:00+00:00,27.5,27.64,26.88,27.23,7034.0,27.332,25,False
2026-04-28 14:00:00+00:00,27.23,27.25,26.86,27.14,11707.0,27.053,99,True
2026-04-28 15:00:00+00:00,27.15,27.28,27.05,27.19,10109.0,27.17,87,True
2026-04-28 16:00:00+00:00,27.25,27.5,27.2,27.49,23249.0,27.328,96,True
2026-04-28 17:00:00+00:00,27.42,27.49,27.31,27.46,9189.0,27.393,70,True
2026-04-28 18:00:00+00:00,27.47,27.88,27.47,27.8,18113.0,27.633,127,True
2026-04-28 19:00:00+00:00,27.8,27.9,27.65,27.73,57356.0,27.777,430,True
2026-04-28 20:00:00+00:00,27.74,27.74,27.74,27.74,76192.0,27.74,2,False
2026-04-28 21:00:00+00:00,27.74,27.74,27.74,27.74,0.0,27.74,0,False
2026-04-28 22:00:00+00:00,27.74,27.74,27.74,27.74,0.0,27.74,0,False
2026-04-28 23:00:00+00:00,27.74,27.74,27.74,27.74,0.0,27.74,0,False
2026-04-29 12:00:00+00:00,27.76,27.76,27.75,27.75,399.0,27.753,2,False
2026-04-29 13:00:00+00:00,27.78,27.78,26.95,27.03,9068.0,27.498,33,False
2026-04-29 14:00:00+00:00,27.03,27.38,26.81,27.25,12741.0,27.15,93,True
2026-04-29 15:00:00+00:00,27.17,27.24,26.97,27.06,11561.0,27.104,85,True
2026-04-29 16:00:00+00:00,27.12,27.16,26.96,27.16,4502.0,27.05,36,True
2026-04-29 17:00:00+00:00,27.19,27.22,27.08,27.16,6698.0,27.154,63,True
2026-04-29 18:00:00+00:00,27.12,27.12,26.87,26.89,7716.0,26.963,66,True
2026-04-29 19:00:00+00:00,26.97,27.33,26.95,27.3,49229.0,27.225,384,True
2026-04-29 20:00:00+00:00,27.3,27.3,27.29,27.29,143784.0,27.29,2,False
2026-04-29 21:00:00+00:00,27.29,27.29,27.29,27.29,0.0,27.29,0,False
2026-04-29 22:00:00+00:00,27.26,27.26,27.26,27.26,100.0,27.26,1,False
2026-04-29 23:00:00+00:00,27.26,27.26,27.26,27.26,0.0,27.26,0,False
2026-04-30 13:00:00+00:00,27.64,28.34,27.13,28.31,11490.0,27.91,36,False
2026-04-30 14:00:00+00:00,28.18,28.82,28.18,28.82,13419.0,28.398,102,True
2026-04-30 15:00:00+00:00,28.88,29.38,28.73,29.35,17388.0,29.097,121,True
2026-04-30 16:00:00+00:00,29.36,29.52,29.14,29.38,13577.0,29.365,96,True
2026-04-30 17:00:00+00:00,29.44,29.5,29.29,29.35,10668.0,29.434,73,True
2026-04-30 18:00:00+00:00,29.4,29.54,29.23,29.43,23345.0,29.379,165,True
2026-04-30 19:00:00+00:00,29.33,29.62,29.18,29.62,135205.0,29.385,818,True
2026-04-30 20:00:00+00:00,29.59,29.59,29.59,29.59,138588.0,29.59,5,False
2026-04-30 21:00:00+00:00,29.59,29.59,29.59,29.59,0.0,29.59,0,False
2026-04-30 22:00:00+00:00,29.59,29.59,29.59,29.59,0.0,29.59,0,False
2026-04-30 23:00:00+00:00,29.59,29.59,29.59,29.59,0.0,29.59,0,False
2026-05-01 08:00:00+00:00,29.6,29.6,29.6,29.6,100.0,29.6,1,False
2026-05-01 09:00:00+00:00,29.6,29.6,29.6,29.6,0.0,29.6,0,False
2026-05-01 10:00:00+00:00,29.6,29.6,29.6,29.6,0.0,29.6,0,False
2026-05-01 11:00:00+00:00,29.6,29.6,29.6,29.6,0.0,29.6,0,False
2026-05-01 12:00:00+00:00,29.6,29.6,29.6,29.6,0.0,29.6,0,False
2026-05-01 13:00:00+00:00,29.56,30.22,29.5,30.22,19512.0,29.853,118,False
2026-05-01 14:00:00+00:00,30.11,30.7,29.7,30.51,64029.0,30.279,314,True
2026-05-01 15:00:00+00:00,30.35,30.5,30.15,30.49,35791.0,30.384,161,True
2026-05-01 16:00:00+00:00,30.52,30.7,30.38,30.54,23034.0,30.536,129,True
2026-05-01 17:00:00+00:00,30.53,30.83,30.52,30.76,16871.0,30.718,111,True
2026-05-01 18:00:00+00:00,30.76,31.2,30.62,31.09,65950.0,30.909,381,True
2026-05-01 19:00:00+00:00,31.09,31.51,31.03,31.35,152899.0,31.34,715,True
2026-05-01 20:00:00+00:00,31.36,31.36,30.0,30.0,55997.0,31.353,4,False
2026-05-01 21:00:00+00:00,30.0,30.0,30.0,30.0,0.0,30.0,0,False
2026-05-01 22:00:00+00:00,30.0,30.0,30.0,30.0,0.0,30.0,0,False
2026-05-01 23:00:00+00:00,30.0,30.0,30.0,30.0,0.0,30.0,0,False
2026-05-04 10:00:00+00:00,31.36,31.36,31.36,31.36,400.0,31.36,1,False
2026-05-04 11:00:00+00:00,31.54,31.54,31.54,31.54,149.0,31.54,1,False
2026-05-04 12:00:00+00:00,31.0,31.36,31.0,31.35,1350.0,31.222,6,False
2026-05-04 13:00:00+00:00,31.38,31.68,31.0,31.49,14209.0,31.281,63,False
2026-05-04 14:00:00+00:00,31.29,32.31,31.13,31.95,52078.0,31.9,285,True
2026-05-04 15:00:00+00:00,31.92,32.32,31.82,32.07,36067.0,32.075,234,True
2026-05-04 16:00:00+00:00,32.0,32.0,31.7,31.8,47423.0,31.775,375,True
2026-05-04 17:00:00+00:00,31.75,32.03,31.64,31.72,41905.0,31.793,300,True
2026-05-04 18:00:00+00:00,31.71,31.76,31.09,31.17,13741.0,31.456,90,True
2026-05-04 19:00:00+00:00,31.16,31.59,31.02,31.49,95565.0,31.343,699,True
2026-05-04 20:00:00+00:00,31.46,31.48,27.85,28.43,86462.0,31.345,13,False
2026-05-04 21:00:00+00:00,29.0,29.0,29.0,29.0,100.0,29.0,1,False
2026-05-04 22:00:00+00:00,29.0,29.0,29.0,29.0,0.0,29.0,0,False
2026-05-04 23:00:00+00:00,29.0,29.0,29.0,29.0,0.0,29.0,0,False
2026-05-05 08:00:00+00:00,30.12,30.12,30.12,30.12,333.0,30.12,1,False
2026-05-05 09:00:00+00:00,30.12,30.12,30.12,30.12,0.0,30.12,0,False
2026-05-05 10:00:00+00:00,29.2,29.2,29.2,29.2,882.0,29.2,3,False
2026-05-05 11:00:00+00:00,29.0,29.0,28.99,29.0,806.0,28.998,5,False
2026-05-05 12:00:00+00:00,29.51,29.51,28.66,28.66,5181.0,28.714,5,False
2026-05-05 13:00:00+00:00,28.62,33.0,28.62,30.49,85140.0,30.782,431,False
2026-05-05 14:00:00+00:00,30.47,31.49,29.71,30.77,43635.0,30.84,320,True
2026-05-05 15:00:00+00:00,30.75,30.99,30.1,30.64,55602.0,30.511,406,True
2026-05-05 16:00:00+00:00,30.58,30.78,30.22,30.59,57027.0,30.54,413,True
2026-05-05 17:00:00+00:00,30.49,31.2,30.15,30.77,61043.0,30.752,444,True
2026-05-05 18:00:00+00:00,30.86,31.23,30.77,31.06,44440.0,30.982,287,True
2026-05-05 19:00:00+00:00,31.0,31.26,30.75,30.77,140154.0,30.917,941,True
2026-05-05 20:00:00+00:00,30.77,30.78,30.77,30.78,102372.0,30.77,3,False
2026-05-05 21:00:00+00:00,30.78,30.78,30.78,30.78,0.0,30.78,0,False
2026-05-05 22:00:00+00:00,30.78,30.78,30.78,30.78,0.0,30.78,0,False
2026-05-05 23:00:00+00:00,30.78,30.78,30.77,30.78,0.0,30.78,0,False
2026-05-06 11:00:00+00:00,31.0,31.0,31.0,31.0,325.0,31.0,1,False
2026-05-06 12:00:00+00:00,31.0,31.0,31.0,31.0,0.0,31.0,0,False
2026-05-06 13:00:00+00:00,30.97,31.32,30.38,30.48,25226.0,30.862,106,False
2026-05-06 14:00:00+00:00,30.39,30.77,29.86,30.77,36303.0,30.258,251,True
2026-05-06 15:00:00+00:00,30.65,31.35,30.53,31.28,29456.0,31.019,131,True
2026-05-06 16:00:00+00:00,31.24,32.69,31.24,31.91,60841.0,32.174,387,True
2026-05-06 17:00:00+00:00,31.95,32.45,31.89,32.22,25884.0,32.185,222,True
2026-05-06 18:00:00+00:00,32.21,32.74,32.2,32.38,32318.0,32.428,211,True
2026-05-06 19:00:00+00:00,32.39,32.43,31.52,31.54,87195.0,31.751,628,True
2026-05-06 20:00:00+00:00,31.56,31.91,31.55,31.91,148568.0,31.55,5,False
2026-05-06 21:00:00+00:00,31.91,31.91,31.91,31.91,0.0,31.91,0,False
2026-05-06 22:00:00+00:00,31.2,31.2,31.2,31.2,100.0,31.2,1,False
2026-05-06 23:00:00+00:00,31.94,31.95,31.3,31.31,10900.0,31.628,7,False
2026-05-07 09:00:00+00:00,31.2,31.2,31.2,31.2,4357.0,31.2,1,False
2026-05-07 10:00:00+00:00,31.2,31.2,31.2,31.2,0.0,31.2,0,False
2026-05-07 11:00:00+00:00,31.89,31.89,31.55,31.55,4329.0,31.567,4,False
2026-05-07 12:00:00+00:00,31.55,31.55,31.55,31.55,0.0,31.55,0,False
2026-05-07 13:00:00+00:00,31.57,31.79,30.22,30.23,17630.0,31.038,87,False
2026-05-07 14:00:00+00:00,30.51,31.45,30.5,30.88,24315.0,30.959,176,True
2026-05-07 15:00:00+00:00,31.0,31.06,30.41,30.41,10877.0,30.682,99,True
2026-05-07 16:00:00+00:00,30.4,30.51,29.66,29.77,19775.0,30.055,156,True
2026-05-07 17:00:00+00:00,29.86,30.14,29.78,29.88,17619.0,29.931,162,True
2026-05-07 18:00:00+00:00,29.83,30.0,29.61,29.8,13848.0,29.807,94,True
2026-05-07 19:00:00+00:00,29.85,30.11,29.62,29.67,76449.0,29.789,585,True
2026-05-07 20:00:00+00:00,29.69,29.69,29.69,29.69,84651.0,29.69,2,False
2026-05-07 21:00:00+00:00,29.69,29.69,29.69,29.69,0.0,29.69,0,False
2026-05-07 22:00:00+00:00,29.69,29.69,29.69,29.69,0.0,29.69,0,False
2026-05-07 23:00:00+00:00,29.69,29.69,29.69,29.69,0.0,29.69,0,False
2026-05-08 11:00:00+00:00,29.84,29.85,29.84,29.85,1032.0,29.849,2,False
2026-05-08 12:00:00+00:00,29.85,29.85,29.85,29.85,0.0,29.85,0,False
2026-05-08 13:00:00+00:00,30.22,30.74,29.36,29.42,31039.0,30.019,189,False
2026-05-08 14:00:00+00:00,29.45,30.35,29.45,29.87,22569.0,29.763,179,True
2026-05-08 15:00:00+00:00,29.78,30.33,29.76,30.23,8674.0,29.994,73,True
2026-05-08 16:00:00+00:00,30.24,30.35,30.11,30.26,10115.0,30.263,59,True
2026-05-08 17:00:00+00:00,30.3,30.64,30.22,30.58,8987.0,30.437,75,True
2026-05-08 18:00:00+00:00,30.59,30.68,30.05,30.05,34620.0,30.39,258,True
2026-05-08 19:00:00+00:00,30.07,30.3,29.93,30.0,67873.0,30.102,485,True
2026-05-08 20:00:00+00:00,29.96,29.96,29.96,29.96,83102.0,29.96,2,False
2026-05-08 21:00:00+00:00,29.96,29.96,29.96,29.96,0.0,29.96,0,False
2026-05-08 22:00:00+00:00,29.96,29.96,29.96,29.96,0.0,29.96,0,False
2026-05-08 23:00:00+00:00,29.96,29.96,29.96,29.96,0.0,29.96,0,False
2026-05-11 13:00:00+00:00,30.0,30.78,29.93,30.42,9682.0,30.147,27,False
2026-05-11 14:00:00+00:00,30.38,30.86,30.24,30.56,20356.0,30.509,93,True
2026-05-11 15:00:00+00:00,30.63,30.74,30.28,30.41,14323.0,30.577,88,True
2026-05-11 16:00:00+00:00,30.43,30.59,30.25,30.38,6991.0,30.387,55,True
2026-05-11 17:00:00+00:00,30.37,30.82,30.32,30.76,6798.0,30.618,50,True
2026-05-11 18:00:00+00:00,30.78,30.84,30.67,30.67,9445.0,30.767,65,True
2026-05-11 19:00:00+00:00,30.67,30.93,30.35,30.58,64825.0,30.61,514,True
2026-05-11 20:00:00+00:00,30.58,30.58,30.58,30.58,77140.0,30.58,1,False
2026-05-11 21:00:00+00:00,30.32,30.32,30.32,30.32,110.0,30.32,1,False
2026-05-11 22:00:00+00:00,30.32,30.32,30.32,30.32,0.0,30.32,0,False
2026-05-11 23:00:00+00:00,30.32,30.32,30.32,30.32,0.0,30.32,0,False
2026-05-12 13:00:00+00:00,30.01,30.01,28.98,29.37,19680.0,29.53,103,False
2026-05-12 14:00:00+00:00,29.51,30.06,28.98,29.31,18651.0,29.459,143,True
2026-05-12 15:00:00+00:00,29.2,29.21,28.72,28.74,22355.0,28.969,185,True
2026-05-12 16:00:00+00:00,28.71,28.86,28.34,28.44,19001.0,28.634,164,True
2026-05-12 17:00:00+00:00,28.46,29.17,28.44,29.04,22082.0,28.83,188,True
2026-05-12 18:00:00+00:00,29.08,29.49,29.04,29.34,18851.0,29.29,128,True
2026-05-12 19:00:00+00:00,29.33,29.7,29.21,29.26,53228.0,29.417,437,True
2026-05-12 20:00:00+00:00,29.23,29.23,29.23,29.23,60923.0,29.23,1,False
2026-05-12 21:00:00+00:00,29.23,29.23,29.23,29.23,0.0,29.23,0,False
2026-05-12 22:00:00+00:00,29.23,29.23,29.23,29.23,0.0,29.23,0,False
2026-05-12 23:00:00+00:00,29.23,29.23,29.23,29.23,0.0,29.23,0,False
2026-05-13 13:00:00+00:00,29.5,29.68,28.22,28.36,22020.0,28.948,146,False
2026-05-13 14:00:00+00:00,28.5,29.29,28.38,29.23,33981.0,28.872,239,True
2026-05-13 15:00:00+00:00,29.3,30.21,29.06,29.8,32830.0,29.755,183,True
2026-05-13 16:00:00+00:00,29.8,29.82,29.44,29.54,22628.0,29.698,128,True
2026-05-13 17:00:00+00:00,29.54,29.8,29.42,29.5,9294.0,29.617,82,True
2026-05-13 18:00:00+00:00,29.48,29.79,29.48,29.69,18958.0,29.644,128,True
2026-05-13 19:00:00+00:00,29.6,30.09,28.95,29.01,87888.0,29.367,659,True
2026-05-13 20:00:00+00:00,28.98,28.98,28.98,28.98,105127.0,28.98,2,False
2026-05-13 21:00:00+00:00,28.98,28.98,28.98,28.98,0.0,28.98,0,False
2026-05-13 22:00:00+00:00,28.98,28.98,28.98,28.98,0.0,28.98,0,False
2026-05-13 23:00:00+00:00,28.98,28.98,28.98,28.98,0.0,28.98,0,False
2026-05-14 13:00:00+00:00,29.33,29.33,28.55,28.55,13498.0,28.908,61,False
2026-05-14 14:00:00+00:00,28.67,29.18,28.44,29.0,31538.0,28.868,176,True
2026-05-14 15:00:00+00:00,29.09,29.35,28.8,29.12,24390.0,29.15,148,True
2026-05-14 16:00:00+00:00,29.16,30.23,29.12,30.18,44188.0,29.865,314,True
2026-05-14 17:00:00+00:00,30.1,33.4,30.1,33.08,520242.0,32.337,2355,True
2026-05-14 18:00:00+00:00,33.12,33.48,32.66,33.17,128318.0,33.05,885,True
2026-05-14 19:00:00+00:00,33.06,33.61,32.65,33.28,212498.0,33.3,1384,True
2026-05-14 20:00:00+00:00,33.26,33.52,33.26,33.47,117895.0,33.284,20,False
2026-05-14 21:00:00+00:00,33.45,34.7,33.42,34.49,2529.0,34.102,15,False
2026-05-14 22:00:00+00:00,34.97,36.5,34.97,35.5,1836.0,35.531,15,False
2026-05-14 23:00:00+00:00,35.25,35.25,35.01,35.01,414.0,35.121,4,False
2026-05-15 08:00:00+00:00,33.0,34.0,32.85,34.0,360.0,33.211,3,False
2026-05-15 09:00:00+00:00,34.0,34.0,34.0,34.0,985.0,34.0,2,False
2026-05-15 10:00:00+00:00,33.28,33.5,33.0,33.5,800.0,33.41,4,False
2026-05-15 11:00:00+00:00,34.0,34.0,33.3,33.35,4354.0,33.519,11,False
2026-05-15 12:00:00+00:00,33.3,33.49,32.63,33.29,3392.0,33.124,21,False
2026-05-15 13:00:00+00:00,33.31,33.39,31.73,33.08,94224.0,32.337,346,False
2026-05-15 14:00:00+00:00,32.93,34.35,32.75,33.25,140007.0,33.658,797,True
2026-05-15 15:00:00+00:00,33.11,33.8,32.96,33.28,66039.0,33.431,427,True
2026-05-15 16:00:00+00:00,33.27,34.17,33.26,33.7,81651.0,33.726,531,True
2026-05-15 17:00:00+00:00,33.7,33.71,32.96,33.06,62157.0,33.25,421,True
2026-05-15 18:00:00+00:00,33.0,33.51,32.82,33.37,25340.0,33.088,177,True
2026-05-15 19:00:00+00:00,33.34,33.39,32.97,33.05,102876.0,33.163,769,True
2026-05-15 20:00:00+00:00,33.04,33.04,32.97,32.97,131134.0,33.03,8,False
2026-05-15 21:00:00+00:00,33.36,33.4,33.35,33.4,200.0,33.379,2,False
2026-05-15 22:00:00+00:00,34.2,34.2,33.1,33.1,375.0,33.393,2,False
2026-05-15 23:00:00+00:00,33.1,33.1,33.1,33.1,0.0,33.1,0,False
