date,open,high,low,close,volume,average,barCount,is_rth
2025-11-17 09:00:00+00:00,294.91,296.05,294.91,296.02,246.0,295.785,5,False
2025-11-17 10:00:00+00:00,296.03,296.03,294.0,294.0,760.0,295.129,9,False
2025-11-17 11:00:00+00:00,294.0,294.0,294.0,294.0,50.0,294.0,1,False
2025-11-17 12:00:00+00:00,292.1,292.1,292.1,292.1,50.0,292.1,1,False
2025-11-17 13:00:00+00:00,297.13,297.14,290.0,290.0,589.0,293.894,9,False
2025-11-17 14:00:00+00:00,291.25,292.35,288.0,289.42,21774.0,290.418,229,False
2025-11-17 15:00:00+00:00,289.47,290.52,285.1,288.5,39661.0,287.814,425,True
2025-11-17 16:00:00+00:00,288.5,290.16,286.89,287.98,40169.0,288.701,644,True
2025-11-17 17:00:00+00:00,288.11,288.26,283.8,284.16,50518.0,285.621,759,True
2025-11-17 18:00:00+00:00,284.21,285.31,281.1,281.28,55702.0,283.463,920,True
2025-11-17 19:00:00+00:00,281.28,282.83,278.67,279.47,44596.0,280.459,762,True
2025-11-17 20:00:00+00:00,279.31,284.89,278.79,283.4,116764.0,282.582,1999,True
2025-11-17 21:00:00+00:00,283.66,287.47,283.0,283.0,58882.0,283.66,14,False
2025-11-17 22:00:00+00:00,284.89,284.89,284.89,284.89,75.0,284.89,1,False
2025-11-17 23:00:00+00:00,283.0,284.9,283.0,284.9,90.0,284.056,2,False
2025-11-18 00:00:00+00:00,284.0,284.0,284.0,284.0,60.0,284.0,1,False
2025-11-18 09:00:00+00:00,280.58,281.04,280.01,281.04,330.0,280.424,6,False
2025-11-18 10:00:00+00:00,281.04,281.04,281.04,281.04,0.0,281.04,0,False
2025-11-18 11:00:00+00:00,281.79,283.75,281.79,283.0,1256.0,282.868,15,False
2025-11-18 12:00:00+00:00,283.06,283.06,281.5,281.5,270.0,282.446,4,False
2025-11-18 13:00:00+00:00,280.0,281.62,279.99,281.5,1453.0,280.945,9,False
2025-11-18 14:00:00+00:00,280.06,288.09,279.74,279.75,46257.0,283.747,487,False
2025-11-18 15:00:00+00:00,279.79,281.5,275.64,279.21,110014.0,278.655,1321,True
2025-11-18 16:00:00+00:00,279.19,281.8,278.34,279.25,93852.0,280.157,1197,True
2025-11-18 17:00:00+00:00,279.44,283.33,276.43,282.17,47092.0,279.766,747,True
2025-11-18 18:00:00+00:00,282.14,284.09,279.76,279.82,45008.0,282.297,707,True
2025-11-18 19:00:00+00:00,280.25,283.28,279.95,282.42,40702.0,281.349,609,True
2025-11-18 20:00:00+00:00,282.05,282.75,280.66,281.16,78988.0,281.463,1434,True
2025-11-18 21:00:00+00:00,280.95,280.95,280.95,280.95,62206.0,280.95,3,False
2025-11-18 22:00:00+00:00,280.95,280.95,280.95,280.95,0.0,280.95,0,False
2025-11-18 23:00:00+00:00,280.14,281.35,279.96,281.35,634.0,280.662,7,False
2025-11-19 00:00:00+00:00,279.72,280.0,277.9,280.0,327.0,279.275,4,False
2025-11-19 11:00:00+00:00,285.5,285.5,285.5,285.5,634.0,285.5,1,False
2025-11-19 12:00:00+00:00,284.5,284.77,282.77,282.77,381.0,283.408,9,False
2025-11-19 13:00:00+00:00,284.99,284.99,282.0,282.0,531.0,282.374,10,False
2025-11-19 14:00:00+00:00,281.5,281.94,276.83,279.92,48672.0,279.234,523,False
2025-11-19 15:00:00+00:00,281.2,286.21,280.35,283.2,73067.0,283.24,852,True
2025-11-19 16:00:00+00:00,283.14,285.96,281.09,284.89,69385.0,283.397,941,True
2025-11-19 17:00:00+00:00,285.51,285.98,278.97,280.4,76437.0,281.792,1105,True
2025-11-19 18:00:00+00:00,280.41,284.63,280.24,281.64,48684.0,282.248,652,True
2025-11-19 19:00:00+00:00,281.48,283.69,280.26,283.0,31348.0,281.674,538,True
2025-11-19 20:00:00+00:00,282.56,283.45,280.12,280.25,69807.0,281.347,1193,True
2025-11-19 21:00:00+00:00,280.43,284.49,280.43,284.49,42628.0,280.467,22,False
2025-11-19 22:00:00+00:00,284.95,286.0,284.95,286.0,272.0,285.646,3,False
2025-11-19 23:00:00+00:00,285.83,288.93,285.83,288.72,280.0,287.969,3,False
2025-11-20 00:00:00+00:00,289.0,289.0,289.0,289.0,76.0,289.0,1,False
2025-11-20 09:00:00+00:00,291.0,291.0,290.2,290.2,239.0,290.367,3,False
2025-11-20 10:00:00+00:00,290.2,290.2,290.2,290.2,0.0,290.2,0,False
2025-11-20 11:00:00+00:00,290.36,290.36,290.3,290.3,81.0,290.33,2,False
2025-11-20 12:00:00+00:00,290.3,290.3,290.3,290.3,0.0,290.3,0,False
2025-11-20 13:00:00+00:00,289.6,291.92,289.6,291.92,1100.0,290.688,14,False
2025-11-20 14:00:00+00:00,291.42,295.6,289.0,291.87,68890.0,291.923,682,False
2025-11-20 15:00:00+00:00,292.0,292.63,285.99,286.41,63781.0,289.539,794,True
2025-11-20 16:00:00+00:00,286.41,287.19,275.1,275.66,58662.0,280.506,820,True
2025-11-20 17:00:00+00:00,275.53,277.84,273.21,275.03,41392.0,275.104,578,True
2025-11-20 18:00:00+00:00,274.41,278.46,274.0,275.56,38937.0,275.81,471,True
2025-11-20 19:00:00+00:00,275.69,277.83,274.24,277.25,57452.0,276.387,648,True
2025-11-20 20:00:00+00:00,277.25,277.37,270.99,273.68,182533.0,273.684,2183,True
2025-11-20 21:00:00+00:00,273.98,274.06,273.98,274.0,67710.0,273.98,25,False
2025-11-20 22:00:00+00:00,273.98,273.98,271.0,271.55,349.0,272.141,5,False
2025-11-20 23:00:00+00:00,273.0,273.0,273.0,273.0,67.0,273.0,1,False
2025-11-21 00:00:00+00:00,273.14,273.14,273.13,273.14,40.0,273.136,1,False
2025-11-21 09:00:00+00:00,270.25,270.5,269.6,269.6,268.0,269.937,5,False
2025-11-21 10:00:00+00:00,268.56,270.0,266.27,270.0,1312.0,268.375,26,False
2025-11-21 11:00:00+00:00,270.14,270.14,269.5,269.98,331.0,269.783,7,False
2025-11-21 12:00:00+00:00,269.0,271.94,268.0,271.94,1066.0,269.304,16,False
2025-11-21 13:00:00+00:00,270.0,279.34,268.0,276.34,2278.0,274.937,19,False
2025-11-21 14:00:00+00:00,278.87,278.87,263.75,265.87,126632.0,267.597,1030,False
2025-11-21 15:00:00+00:00,266.72,268.5,260.28,262.63,102163.0,263.665,1476,True
2025-11-21 16:00:00+00:00,262.29,271.19,260.28,270.74,77325.0,265.303,999,True
2025-11-21 17:00:00+00:00,270.52,272.51,268.77,271.6,30032.0,270.655,502,True
2025-11-21 18:00:00+00:00,271.9,273.06,267.89,271.12,26269.0,270.306,449,True
2025-11-21 19:00:00+00:00,271.43,273.55,270.51,271.07,31457.0,272.206,472,True
2025-11-21 20:00:00+00:00,271.58,273.09,270.05,272.56,78661.0,271.868,1292,True
2025-11-21 21:00:00+00:00,272.54,272.54,272.54,272.54,95939.0,272.54,6,False
2025-11-21 22:00:00+00:00,272.55,272.55,272.55,272.55,50.0,272.55,1,False
2025-11-21 23:00:00+00:00,275.88,275.88,275.87,275.88,72.0,275.88,1,False
2025-11-22 00:00:00+00:00,275.88,275.88,275.88,275.88,100.0,275.88,1,False
2025-11-24 12:00:00+00:00,274.5,274.5,273.9,273.9,377.0,274.031,2,False
2025-11-24 13:00:00+00:00,275.88,278.29,274.1,274.98,794.0,275.154,14,False
2025-11-24 14:00:00+00:00,274.01,279.13,272.22,278.63,44059.0,274.349,463,False
2025-11-24 15:00:00+00:00,279.08,280.64,275.09,279.33,92096.0,278.069,1320,True
2025-11-24 16:00:00+00:00,279.38,281.99,279.38,281.13,55496.0,280.686,603,True
2025-11-24 17:00:00+00:00,281.63,282.03,280.17,280.64,37362.0,280.907,610,True
2025-11-24 18:00:00+00:00,280.68,280.68,277.09,277.63,47037.0,278.269,630,True
2025-11-24 19:00:00+00:00,277.63,278.9,276.29,276.43,42496.0,277.754,610,True
2025-11-24 20:00:00+00:00,276.69,278.77,276.31,276.99,82423.0,277.209,1300,True
2025-11-24 21:00:00+00:00,276.99,278.7,276.99,276.99,77817.0,276.997,8,False
2025-11-24 22:00:00+00:00,278.88,279.66,278.88,279.08,528.0,279.325,7,False
2025-11-24 23:00:00+00:00,279.1,279.66,279.1,279.66,450.0,279.58,5,False
2025-11-25 00:00:00+00:00,278.5,278.5,278.5,278.5,60.0,278.5,1,False
2025-11-25 12:00:00+00:00,279.0,279.0,274.5,274.5,760.0,276.711,14,False
2025-11-25 13:00:00+00:00,278.01,280.0,273.5,275.1,556.0,276.588,7,False
2025-11-25 14:00:00+00:00,275.4,280.0,269.68,276.59,37497.0,275.727,380,False
2025-11-25 15:00:00+00:00,275.78,276.91,270.01,271.92,88856.0,274.206,1240,True
2025-11-25 16:00:00+00:00,272.31,274.86,271.43,273.98,40429.0,273.091,492,True
2025-11-25 17:00:00+00:00,274.09,277.43,273.5,274.87,89052.0,275.142,1039,True
2025-11-25 18:00:00+00:00,275.2,276.53,274.78,275.49,17704.0,275.522,314,True
2025-11-25 19:00:00+00:00,275.84,278.02,274.08,278.01,17421.0,275.445,313,True
2025-11-25 20:00:00+00:00,278.04,279.64,277.21,278.62,58870.0,278.403,1005,True
2025-11-25 21:00:00+00:00,278.47,278.47,278.47,278.47,99011.0,278.47,10,False
2025-11-25 22:00:00+00:00,276.51,279.6,276.51,279.6,81.0,278.074,2,False
2025-11-25 23:00:00+00:00,279.6,279.6,279.6,279.6,0.0,279.6,0,False
2025-11-26 00:00:00+00:00,279.0,279.0,279.0,279.0,50.0,279.0,1,False
2025-11-26 09:00:00+00:00,282.42,282.42,282.42,282.42,40.0,282.42,1,False
2025-11-26 10:00:00+00:00,280.98,281.0,280.98,281.0,108.0,280.989,2,False
2025-11-26 11:00:00+00:00,281.0,281.0,281.0,281.0,0.0,281.0,0,False
2025-11-26 12:00:00+00:00,280.68,280.68,279.0,279.61,541.0,279.688,11,False
2025-11-26 13:00:00+00:00,279.37,284.98,279.37,283.83,2164.0,283.8,25,False
2025-11-26 14:00:00+00:00,283.55,283.95,276.09,276.09,47877.0,281.121,367,False
2025-11-26 15:00:00+00:00,276.98,278.24,273.52,275.82,50469.0,276.12,568,True
2025-11-26 16:00:00+00:00,275.98,280.09,275.28,279.8,39727.0,277.88,475,True
2025-11-26 17:00:00+00:00,279.93,280.63,278.41,279.93,50173.0,279.871,613,True
2025-11-26 18:00:00+00:00,280.04,280.4,278.0,279.32,24415.0,279.236,335,True
2025-11-26 19:00:00+00:00,279.48,280.48,278.83,280.02,48082.0,279.922,592,True
2025-11-26 20:00:00+00:00,280.0,280.2,278.68,279.33,62701.0,279.296,1052,True
2025-11-26 21:00:00+00:00,279.19,279.19,279.19,279.19,57402.0,279.19,3,False
2025-11-26 22:00:00+00:00,279.96,279.98,279.96,279.98,260.0,279.968,3,False
2025-11-26 23:00:00+00:00,279.98,279.98,279.98,279.98,0.0,279.98,0,False
2025-11-27 00:00:00+00:00,279.98,279.98,279.98,279.98,0.0,279.98,0,False
2025-11-28 11:00:00+00:00,282.2,282.2,282.2,282.2,40.0,282.2,1,False
2025-11-28 12:00:00+00:00,282.2,282.2,282.2,282.2,0.0,282.2,0,False
2025-11-28 13:00:00+00:00,282.2,282.2,281.0,281.0,100.0,281.6,2,False
2025-11-28 14:00:00+00:00,281.15,284.0,278.61,280.22,20328.0,281.597,174,False
2025-11-28 15:00:00+00:00,280.51,282.11,278.0,278.48,31001.0,279.687,392,True
2025-11-28 16:00:00+00:00,278.47,280.33,277.64,279.62,29562.0,279.062,337,True
2025-11-28 17:00:00+00:00,279.71,280.05,277.83,279.53,52595.0,279.141,853,True
2025-11-28 18:00:00+00:00,279.46,279.99,279.09,279.4,48728.0,279.461,8,True
2025-11-28 19:00:00+00:00,279.4,279.4,279.4,279.4,0.0,279.4,0,True
2025-11-28 20:00:00+00:00,280.98,280.98,280.98,280.98,50.0,280.98,1,True
2025-11-28 21:00:00+00:00,280.98,280.98,280.98,280.98,0.0,280.98,0,False
2025-12-01 09:00:00+00:00,277.58,277.58,277.58,277.58,40.0,277.58,1,False
2025-12-01 10:00:00+00:00,277.58,277.58,277.58,277.58,0.0,277.58,0,False
2025-12-01 11:00:00+00:00,277.58,277.58,277.58,277.58,0.0,277.58,0,False
2025-12-01 12:00:00+00:00,279.24,279.44,276.0,276.0,492.0,276.768,7,False
2025-12-01 13:00:00+00:00,277.54,279.12,275.55,275.61,658.0,276.426,9,False
2025-12-01 14:00:00+00:00,275.44,276.58,269.57,270.69,51684.0,272.715,529,False
2025-12-01 15:00:00+00:00,270.69,271.18,264.0,264.23,72815.0,267.006,909,True
2025-12-01 16:00:00+00:00,264.15,265.68,262.82,264.37,50436.0,264.137,652,True
2025-12-01 17:00:00+00:00,264.37,264.61,261.32,263.2,48459.0,263.142,678,True
2025-12-01 18:00:00+00:00,263.08,265.61,262.57,265.35,40858.0,263.899,523,True
2025-12-01 19:00:00+00:00,265.3,265.43,262.02,262.31,36448.0,263.809,500,True
2025-12-01 20:00:00+00:00,262.31,262.31,257.31,257.68,150963.0,259.388,2180,True
2025-12-01 21:00:00+00:00,257.8,260.08,257.8,258.99,78855.0,257.808,16,False
2025-12-01 22:00:00+00:00,259.4,259.4,258.17,258.95,571.0,258.735,7,False
2025-12-01 23:00:00+00:00,258.95,258.95,258.15,258.15,583.0,258.547,5,False
2025-12-02 00:00:00+00:00,258.3,258.3,258.29,258.29,450.0,258.292,4,False
2025-12-02 12:00:00+00:00,260.64,260.64,260.3,260.3,298.0,260.367,5,False
2025-12-02 13:00:00+00:00,260.98,261.11,259.01,261.1,341.0,260.635,6,False
2025-12-02 14:00:00+00:00,261.32,265.0,257.81,264.39,52382.0,260.535,524,False
2025-12-02 15:00:00+00:00,264.32,266.13,261.56,264.48,136733.0,264.031,1670,True
2025-12-02 16:00:00+00:00,264.24,265.42,262.37,263.03,70478.0,264.184,981,True
2025-12-02 17:00:00+00:00,263.38,265.85,263.01,264.32,45021.0,264.461,727,True
2025-12-02 18:00:00+00:00,264.0,265.73,263.33,264.26,38738.0,264.402,541,True
2025-12-02 19:00:00+00:00,264.24,266.34,264.12,266.34,38124.0,264.962,485,True
2025-12-02 20:00:00+00:00,266.39,266.39,263.75,264.95,106841.0,264.588,1391,True
2025-12-02 21:00:00+00:00,264.95,266.0,264.95,265.6,95581.0,264.952,35,False
2025-12-02 22:00:00+00:00,265.01,265.6,264.81,265.6,1600.0,264.93,7,False
2025-12-02 23:00:00+00:00,265.6,265.6,265.6,265.6,0.0,265.6,0,False
2025-12-03 00:00:00+00:00,266.2,266.25,266.19,266.25,984.0,266.236,4,False
2025-12-03 13:00:00+00:00,265.61,268.99,265.61,268.11,3140.0,267.364,22,False
2025-12-03 14:00:00+00:00,268.05,268.79,261.98,262.44,83193.0,264.877,813,False
2025-12-03 15:00:00+00:00,262.69,265.16,261.24,264.69,54635.0,263.321,829,True
2025-12-03 16:00:00+00:00,264.69,267.13,264.05,266.74,54374.0,266.018,746,True
2025-12-03 17:00:00+00:00,266.67,270.41,266.67,269.64,115391.0,269.632,1309,True
2025-12-03 18:00:00+00:00,269.72,270.7,268.51,269.36,82748.0,269.959,991,True
2025-12-03 19:00:00+00:00,269.52,271.39,269.21,270.11,109807.0,270.145,1160,True
2025-12-03 20:00:00+00:00,270.17,272.41,268.73,271.58,165942.0,270.621,2350,True
2025-12-03 21:00:00+00:00,271.59,273.78,271.59,271.78,74126.0,271.781,5,False
2025-12-03 22:00:00+00:00,272.8,273.1,272.5,272.5,350.0,272.886,5,False
2025-12-03 23:00:00+00:00,272.8,272.8,272.8,272.8,45.0,272.8,1,False
2025-12-04 00:00:00+00:00,273.8,273.8,273.8,273.8,100.0,273.8,1,False
2025-12-04 12:00:00+00:00,274.17,274.17,274.17,274.17,60.0,274.17,1,False
2025-12-04 13:00:00+00:00,274.29,276.05,272.0,272.0,1643.0,273.736,19,False
2025-12-04 14:00:00+00:00,272.57,281.28,269.5,279.57,92332.0,277.188,794,False
2025-12-04 15:00:00+00:00,279.57,285.3,279.2,284.54,105941.0,282.996,1227,True
2025-12-04 16:00:00+00:00,284.54,290.28,284.02,289.37,95321.0,288.103,1306,True
2025-12-04 17:00:00+00:00,289.32,290.57,288.0,289.68,96180.0,289.509,1236,True
2025-12-04 18:00:00+00:00,289.68,292.75,289.4,290.88,53970.0,291.316,773,True
2025-12-04 19:00:00+00:00,290.88,290.89,286.22,290.07,69348.0,288.729,953,True
2025-12-04 20:00:00+00:00,290.11,290.16,286.43,287.46,137489.0,288.131,1883,True
2025-12-04 21:00:00+00:00,287.45,289.0,287.45,289.0,76918.0,287.453,13,False
2025-12-04 22:00:00+00:00,288.25,289.29,286.8,289.0,1126.0,287.646,16,False
2025-12-04 23:00:00+00:00,288.78,288.78,288.73,288.74,245.0,288.745,2,False
2025-12-05 00:00:00+00:00,288.0,288.78,288.0,288.0,487.0,288.545,4,False
2025-12-05 09:00:00+00:00,290.22,290.31,290.22,290.31,123.0,290.256,3,False
2025-12-05 10:00:00+00:00,291.11,291.93,291.0,291.91,285.0,291.515,5,False
2025-12-05 11:00:00+00:00,291.0,291.0,291.0,291.0,46.0,291.0,1,False
2025-12-05 12:00:00+00:00,291.29,291.29,289.7,289.7,325.0,290.267,6,False
2025-12-05 13:00:00+00:00,291.29,291.52,288.0,288.88,2809.0,290.047,27,False
2025-12-05 14:00:00+00:00,288.94,288.99,278.64,278.7,69913.0,283.876,734,False
2025-12-05 15:00:00+00:00,280.42,284.43,279.06,280.31,78031.0,282.362,973,True
2025-12-05 16:00:00+00:00,280.61,280.75,275.0,275.81,68660.0,277.591,924,True
2025-12-05 17:00:00+00:00,275.54,276.99,273.37,276.7,80854.0,274.741,1008,True
2025-12-05 18:00:00+00:00,276.85,278.68,276.24,277.91,42827.0,277.619,549,True
2025-12-05 19:00:00+00:00,277.76,277.76,275.49,277.62,49959.0,276.17,756,True
2025-12-05 20:00:00+00:00,277.5,279.11,276.91,278.28,125148.0,278.174,1846,True
2025-12-05 21:00:00+00:00,278.39,280.0,278.39,279.53,59630.0,278.41,14,False
2025-12-05 22:00:00+00:00,279.0,279.68,279.0,279.68,2828.0,279.471,25,False
2025-12-05 23:00:00+00:00,280.0,281.47,280.0,280.64,366.0,280.412,7,False
2025-12-06 00:00:00+00:00,279.89,280.0,279.87,279.91,830.0,279.958,12,False
2025-12-08 09:00:00+00:00,282.48,282.48,282.48,282.48,145.0,282.48,3,False
2025-12-08 10:00:00+00:00,282.48,282.48,282.48,282.48,0.0,282.48,0,False
2025-12-08 11:00:00+00:00,282.61,282.61,282.6,282.6,95.0,282.605,2,False
2025-12-08 12:00:00+00:00,282.77,284.72,282.75,283.5,2746.0,284.047,27,False
2025-12-08 13:00:00+00:00,284.2,284.46,281.15,283.22,5064.0,283.72,39,False
2025-12-08 14:00:00+00:00,283.36,285.03,280.55,282.51,80456.0,282.417,654,False
2025-12-08 15:00:00+00:00,282.73,285.52,277.88,278.0,66828.0,281.961,837,True
2025-12-08 16:00:00+00:00,277.87,278.64,275.84,278.49,63075.0,277.404,786,True
2025-12-08 17:00:00+00:00,278.3,281.72,277.34,281.5,44347.0,279.769,568,True
2025-12-08 18:00:00+00:00,281.72,281.72,279.26,280.52,26539.0,280.773,356,True
2025-12-08 19:00:00+00:00,280.52,282.84,280.03,281.95,45168.0,281.776,616,True
2025-12-08 20:00:00+00:00,282.08,284.02,281.1,282.47,107852.0,282.544,1588,True
2025-12-08 21:00:00+00:00,282.47,286.3,282.42,285.99,84589.0,282.646,76,False
2025-12-08 22:00:00+00:00,285.0,286.57,284.97,286.57,6572.0,285.531,63,False
2025-12-08 23:00:00+00:00,286.72,292.0,286.64,291.39,4515.0,289.05,36,False
2025-12-09 00:00:00+00:00,290.93,291.0,290.0,290.49,5927.0,290.221,35,False
2025-12-09 09:00:00+00:00,286.96,287.0,286.96,287.0,200.0,286.975,4,False
2025-12-09 10:00:00+00:00,287.26,287.27,285.9,286.95,537.0,287.006,10,False
2025-12-09 11:00:00+00:00,286.85,290.0,286.03,290.0,2255.0,287.803,26,False
2025-12-09 12:00:00+00:00,289.7,289.7,286.94,287.0,2028.0,287.573,26,False
2025-12-09 13:00:00+00:00,289.0,289.74,285.0,287.0,10984.0,287.018,83,False
2025-12-09 14:00:00+00:00,286.56,290.5,279.15,280.04,169511.0,282.948,1468,False
2025-12-09 15:00:00+00:00,280.06,288.01,279.26,286.69,181802.0,284.21,1848,True
2025-12-09 16:00:00+00:00,286.9,291.5,286.85,287.39,150805.0,289.245,1706,True
2025-12-09 17:00:00+00:00,287.42,288.31,284.36,285.53,105028.0,286.413,1250,True
2025-12-09 18:00:00+00:00,285.35,287.24,285.0,285.6,76285.0,286.115,944,True
2025-12-09 19:00:00+00:00,285.61,285.75,278.5,283.54,148543.0,282.788,1818,True
2025-12-09 20:00:00+00:00,283.54,284.9,279.9,281.97,366305.0,281.877,4246,True
2025-12-09 21:00:00+00:00,281.42,290.0,251.07,273.0,420004.0,272.646,2667,False
2025-12-09 22:00:00+00:00,271.71,279.83,265.5,266.69,63974.0,271.88,542,False
2025-12-09 23:00:00+00:00,266.5,272.0,265.0,271.0,33655.0,267.361,315,False
2025-12-10 00:00:00+00:00,271.01,271.02,270.0,270.5,12916.0,270.359,120,False
2025-12-10 09:00:00+00:00,271.8,271.8,270.0,270.29,507.0,270.959,10,False
2025-12-10 10:00:00+00:00,269.29,269.99,268.29,269.92,440.0,269.498,9,False
2025-12-10 11:00:00+00:00,269.77,269.98,268.12,268.58,1379.0,268.932,16,False
2025-12-10 12:00:00+00:00,269.0,271.0,267.55,271.0,3610.0,268.77,43,False
2025-12-10 13:00:00+00:00,269.66,271.99,266.5,267.1,19260.0,269.186,199,False
2025-12-10 14:00:00+00:00,267.5,269.73,252.0,252.05,773718.0,258.542,6076,False
2025-12-10 15:00:00+00:00,252.05,253.58,250.0,251.2,493527.0,251.53,5172,True
2025-12-10 16:00:00+00:00,250.97,255.99,250.0,252.93,412773.0,252.882,4106,True
2025-12-10 17:00:00+00:00,252.93,254.18,248.12,248.86,402063.0,251.137,4148,True
2025-12-10 18:00:00+00:00,248.87,249.77,245.0,246.22,323362.0,246.96,3279,True
2025-12-10 19:00:00+00:00,246.12,249.99,245.0,247.15,431912.0,247.176,4685,True
2025-12-10 20:00:00+00:00,247.2,247.8,242.85,245.03,579556.0,245.067,6858,True
2025-12-10 21:00:00+00:00,244.94,245.56,243.62,244.76,182218.0,245.24,73,False
2025-12-10 22:00:00+00:00,245.39,245.39,244.0,244.08,3608.0,244.629,26,False
2025-12-10 23:00:00+00:00,245.19,245.23,244.0,244.75,1975.0,244.973,23,False
2025-12-11 00:00:00+00:00,244.75,245.22,244.65,245.1,1450.0,244.964,20,False
2025-12-11 09:00:00+00:00,244.0,245.5,244.0,244.81,170.0,244.812,4,False
2025-12-11 10:00:00+00:00,245.94,245.94,245.2,245.2,175.0,245.387,3,False
2025-12-11 11:00:00+00:00,245.2,245.2,245.2,245.2,0.0,245.2,0,False
2025-12-11 12:00:00+00:00,245.25,246.88,245.0,246.88,1164.0,246.02,20,False
2025-12-11 13:00:00+00:00,246.0,247.22,243.3,243.55,6298.0,244.376,57,False
2025-12-11 14:00:00+00:00,244.71,245.21,240.1,240.9,116408.0,242.682,1038,False
2025-12-11 15:00:00+00:00,240.71,244.53,239.5,241.8,135843.0,241.767,1516,True
2025-12-11 16:00:00+00:00,241.59,246.3,240.24,246.19,79137.0,243.597,1025,True
2025-12-11 17:00:00+00:00,246.25,247.34,245.34,245.55,69921.0,246.242,861,True
2025-12-11 18:00:00+00:00,245.69,248.13,245.44,248.0,65927.0,246.84,969,True
2025-12-11 19:00:00+00:00,248.0,252.53,247.86,251.42,127066.0,250.408,1494,True
2025-12-11 20:00:00+00:00,251.26,252.78,249.74,249.74,228228.0,251.076,3087,True
2025-12-11 21:00:00+00:00,249.75,252.49,249.68,250.23,92071.0,249.783,31,False
2025-12-11 22:00:00+00:00,251.0,252.0,250.36,250.36,624.0,251.344,9,False
2025-12-11 23:00:00+00:00,250.8,250.8,250.37,250.58,918.0,250.532,8,False
2025-12-12 00:00:00+00:00,250.36,250.58,250.23,250.55,1873.0,250.355,8,False
2025-12-12 09:00:00+00:00,250.03,250.54,249.67,250.19,614.0,250.239,13,False
2025-12-12 10:00:00+00:00,250.19,250.19,250.19,250.19,0.0,250.19,0,False
2025-12-12 11:00:00+00:00,249.49,249.49,249.48,249.48,215.0,249.488,3,False
2025-12-12 12:00:00+00:00,250.11,250.11,249.63,249.63,205.0,249.747,4,False
2025-12-12 13:00:00+00:00,249.75,250.37,249.03,249.5,953.0,249.519,13,False
2025-12-12 14:00:00+00:00,249.72,249.72,244.1,246.0,81055.0,246.502,730,False
2025-12-12 15:00:00+00:00,245.48,245.48,236.7,237.12,154729.0,240.837,1670,True
2025-12-12 16:00:00+00:00,237.68,238.35,235.14,237.81,124769.0,236.772,1322,True
2025-12-12 17:00:00+00:00,237.59,243.96,237.59,242.97,68162.0,241.429,835,True
2025-12-12 18:00:00+00:00,243.23,244.4,242.31,242.9,63508.0,243.408,769,True
2025-12-12 19:00:00+00:00,243.25,243.31,241.75,241.89,62280.0,242.437,659,True
2025-12-12 20:00:00+00:00,241.87,242.01,238.88,238.98,196690.0,239.813,2380,True
2025-12-12 21:00:00+00:00,239.0,239.95,239.0,239.95,123670.0,239.002,20,False
2025-12-12 22:00:00+00:00,239.45,239.68,239.02,239.02,349.0,239.401,6,False
2025-12-12 23:00:00+00:00,239.04,239.09,239.0,239.09,590.0,239.03,6,False
2025-12-13 00:00:00+00:00,240.43,240.43,238.97,239.0,987.0,239.26,11,False
2025-12-15 09:00:00+00:00,241.96,241.99,241.96,241.99,248.0,241.979,3,False
2025-12-15 10:00:00+00:00,242.06,242.06,242.06,242.06,50.0,242.06,1,False
2025-12-15 11:00:00+00:00,242.01,242.3,241.9,242.3,352.0,242.057,5,False
2025-12-15 12:00:00+00:00,241.9,241.9,240.7,241.0,687.0,240.889,7,False
2025-12-15 13:00:00+00:00,241.6,242.49,240.21,241.5,2492.0,241.377,30,False
2025-12-15 14:00:00+00:00,241.57,243.2,234.5,235.0,105716.0,239.213,1177,False
2025-12-15 15:00:00+00:00,234.84,235.04,231.13,233.52,157304.0,233.227,1831,True
2025-12-15 16:00:00+00:00,233.33,236.32,232.66,234.88,69532.0,234.2,923,True
2025-12-15 17:00:00+00:00,234.86,236.04,233.75,235.5,49744.0,235.18,688,True
2025-12-15 18:00:00+00:00,235.78,239.24,235.09,238.16,72064.0,236.776,1006,True
2025-12-15 19:00:00+00:00,238.02,239.68,236.82,237.26,68119.0,238.143,865,True
2025-12-15 20:00:00+00:00,237.47,237.47,233.59,235.47,135684.0,235.451,1950,True
2025-12-15 21:00:00+00:00,235.47,237.47,234.5,235.84,109436.0,235.322,16,False
2025-12-15 22:00:00+00:00,234.55,234.63,234.54,234.63,250.0,234.594,2,False
2025-12-15 23:00:00+00:00,234.66,235.29,234.5,234.53,393.0,234.769,5,False
2025-12-16 00:00:00+00:00,234.54,235.55,233.11,235.54,695.0,234.098,10,False
2025-12-16 09:00:00+00:00,233.78,233.78,232.7,232.7,238.0,233.188,4,False
2025-12-16 10:00:00+00:00,232.7,232.7,232.7,232.7,0.0,232.7,0,False
2025-12-16 11:00:00+00:00,232.7,232.7,232.7,232.7,0.0,232.7,0,False
2025-12-16 12:00:00+00:00,233.9,233.9,233.9,233.9,82.0,233.9,1,False
2025-12-16 13:00:00+00:00,235.0,235.25,232.74,233.13,2402.0,233.973,16,False
2025-12-16 14:00:00+00:00,233.54,237.68,231.95,236.75,60019.0,235.373,766,False
2025-12-16 15:00:00+00:00,236.83,237.54,231.96,233.41,115464.0,233.637,1547,True
2025-12-16 16:00:00+00:00,233.59,234.77,232.16,234.58,76409.0,233.53,1038,True
2025-12-16 17:00:00+00:00,234.67,234.74,232.16,234.22,53573.0,233.539,853,True
2025-12-16 18:00:00+00:00,234.27,235.95,233.24,235.39,37089.0,234.646,615,True
2025-12-16 19:00:00+00:00,235.12,235.65,233.75,235.5,34362.0,234.579,525,True
2025-12-16 20:00:00+00:00,235.4,235.88,233.79,234.72,99270.0,234.779,1588,True
2025-12-16 21:00:00+00:00,234.65,234.65,233.75,234.55,128018.0,234.647,25,False
2025-12-16 22:00:00+00:00,233.89,234.62,233.89,234.62,300.0,234.17,3,False
2025-12-16 23:00:00+00:00,234.2,234.3,233.7,233.7,1007.0,233.924,10,False
2025-12-17 00:00:00+00:00,233.3,233.3,233.3,233.3,74.0,233.3,1,False
2025-12-17 09:00:00+00:00,236.1,236.99,236.1,236.42,550.0,236.425,5,False
2025-12-17 10:00:00+00:00,235.68,235.68,235.6,235.6,143.0,235.652,2,False
2025-12-17 11:00:00+00:00,235.82,235.82,235.18,235.2,287.0,235.276,4,False
2025-12-17 12:00:00+00:00,236.48,236.48,235.52,236.0,262.0,235.981,4,False
2025-12-17 13:00:00+00:00,236.49,236.95,234.0,236.07,2478.0,235.962,25,False
2025-12-17 14:00:00+00:00,236.0,240.29,234.65,238.3,79539.0,237.204,733,False
2025-12-17 15:00:00+00:00,239.43,240.0,232.45,232.66,76199.0,235.73,783,True
2025-12-17 16:00:00+00:00,233.07,233.07,228.48,231.55,109304.0,230.306,1193,True
2025-12-17 17:00:00+00:00,232.56,233.79,231.33,232.41,45529.0,232.546,509,True
2025-12-17 18:00:00+00:00,232.5,233.44,229.55,230.69,35288.0,231.311,472,True
2025-12-17 19:00:00+00:00,230.97,230.97,228.36,229.03,36397.0,229.357,536,True
2025-12-17 20:00:00+00:00,229.21,229.91,227.47,228.95,126422.0,228.694,1780,True
2025-12-17 21:00:00+00:00,229.1,229.52,228.93,229.0,88382.0,229.099,21,False
2025-12-17 22:00:00+00:00,230.0,230.5,229.1,229.1,700.0,229.845,5,False
2025-12-17 23:00:00+00:00,229.9,230.37,229.5,229.5,410.0,229.808,8,False
2025-12-18 00:00:00+00:00,230.48,230.49,230.48,230.48,500.0,230.48,1,False
2025-12-18 09:00:00+00:00,230.3,230.3,230.3,230.3,59.0,230.3,1,False
2025-12-18 10:00:00+00:00,230.99,230.99,230.99,230.99,40.0,230.99,1,False
2025-12-18 11:00:00+00:00,230.99,230.99,230.99,230.99,0.0,230.99,0,False
2025-12-18 12:00:00+00:00,230.99,230.99,230.99,230.99,0.0,230.99,0,False
2025-12-18 13:00:00+00:00,230.3,233.13,228.75,233.0,4237.0,231.436,40,False
2025-12-18 14:00:00+00:00,233.0,237.0,232.74,235.09,70311.0,234.419,618,False
2025-12-18 15:00:00+00:00,235.03,238.21,232.67,235.16,91727.0,235.365,1011,True
2025-12-18 16:00:00+00:00,235.32,235.88,234.31,234.73,37935.0,235.069,502,True
2025-12-18 17:00:00+00:00,234.73,234.74,232.08,234.16,63785.0,233.494,794,True
2025-12-18 18:00:00+00:00,234.11,234.46,233.33,233.89,32342.0,233.942,437,True
2025-12-18 19:00:00+00:00,233.76,234.73,231.93,232.27,36510.0,233.544,493,True
2025-12-18 20:00:00+00:00,232.1,234.08,230.64,230.66,114530.0,232.029,1731,True
2025-12-18 21:00:00+00:00,230.69,235.0,230.4,232.93,104731.0,230.742,40,False
2025-12-18 22:00:00+00:00,232.95,232.95,232.95,232.95,124.0,232.95,1,False
2025-12-18 23:00:00+00:00,232.99,233.16,232.99,233.16,140.0,233.111,2,False
2025-12-19 00:00:00+00:00,234.0,234.0,234.0,234.0,50.0,234.0,1,False
2025-12-19 13:00:00+00:00,235.5,236.2,233.8,234.47,2391.0,234.718,13,False
2025-12-19 14:00:00+00:00,234.01,239.55,232.1,239.28,94137.0,234.83,604,False
2025-12-19 15:00:00+00:00,239.36,239.99,236.15,237.72,70236.0,238.313,897,True
2025-12-19 16:00:00+00:00,237.46,243.16,236.65,242.01,86307.0,240.907,1105,True
2025-12-19 17:00:00+00:00,242.1,243.37,240.07,240.09,49789.0,241.592,695,True
2025-12-19 18:00:00+00:00,240.24,242.67,239.41,242.03,81837.0,240.892,898,True
2025-12-19 19:00:00+00:00,242.21,243.99,241.7,241.72,83156.0,242.979,1108,True
2025-12-19 20:00:00+00:00,241.95,245.14,241.95,243.05,195536.0,243.473,2598,True
2025-12-19 21:00:00+00:00,242.97,245.0,242.82,245.0,854746.0,243.013,60,False
2025-12-19 22:00:00+00:00,244.4,245.0,244.4,245.0,728.0,244.864,10,False
2025-12-19 23:00:00+00:00,244.97,245.0,244.92,244.92,285.0,244.968,5,False
2025-12-20 00:00:00+00:00,244.7,245.0,244.2,244.92,852.0,244.895,15,False
2025-12-22 09:00:00+00:00,247.13,250.15,247.13,250.12,726.0,249.713,12,False
2025-12-22 10:00:00+00:00,250.12,250.12,250.12,250.12,695.0,250.12,1,False
2025-12-22 11:00:00+00:00,250.8,250.89,249.6,249.6,703.0,250.346,12,False
2025-12-22 12:00:00+00:00,249.49,250.01,249.11,250.0,410.0,249.77,7,False
2025-12-22 13:00:00+00:00,249.89,251.66,247.6,248.5,5447.0,249.642,55,False
2025-12-22 14:00:00+00:00,250.85,256.12,247.62,253.5,188729.0,251.777,1591,False
2025-12-22 15:00:00+00:00,254.26,256.75,251.8,253.73,151312.0,254.104,1602,True
2025-12-22 16:00:00+00:00,253.98,255.49,252.97,253.59,86045.0,254.373,994,True
2025-12-22 17:00:00+00:00,253.54,257.3,253.29,256.88,117088.0,255.876,1304,True
2025-12-22 18:00:00+00:00,256.97,256.97,254.58,255.12,59244.0,255.506,727,True
2025-12-22 19:00:00+00:00,255.46,257.99,254.53,256.54,93937.0,256.337,896,True
2025-12-22 20:00:00+00:00,256.29,256.59,254.28,255.49,136557.0,255.405,1737,True
2025-12-22 21:00:00+00:00,255.39,258.0,255.39,256.01,109636.0,255.464,42,False
2025-12-22 22:00:00+00:00,257.83,257.83,256.02,256.89,685.0,257.237,8,False
2025-12-22 23:00:00+00:00,256.1,257.38,256.1,257.2,583.0,256.807,5,False
2025-12-23 00:00:00+00:00,257.48,259.0,257.0,258.92,1100.0,258.093,13,False
2025-12-23 09:00:00+00:00,258.12,259.4,258.12,259.4,380.0,258.843,6,False
2025-12-23 10:00:00+00:00,259.71,259.71,259.7,259.71,233.0,259.708,5,False
2025-12-23 11:00:00+00:00,259.1,259.66,259.0,259.0,154.0,259.253,3,False
2025-12-23 12:00:00+00:00,258.27,258.5,257.13,257.13,644.0,257.957,12,False
2025-12-23 13:00:00+00:00,259.0,259.72,254.02,254.5,6128.0,256.774,75,False
2025-12-23 14:00:00+00:00,254.3,260.26,252.0,255.31,167480.0,257.091,1712,False
2025-12-23 15:00:00+00:00,255.48,263.36,253.34,258.32,172943.0,259.466,1941,True
2025-12-23 16:00:00+00:00,258.46,261.08,257.51,260.94,77972.0,259.697,883,True
2025-12-23 17:00:00+00:00,260.98,262.66,259.0,259.05,83132.0,261.363,1002,True
2025-12-23 18:00:00+00:00,259.37,262.0,259.2,261.3,35627.0,260.688,518,True
2025-12-23 19:00:00+00:00,261.3,262.53,260.6,261.35,49638.0,261.398,712,True
2025-12-23 20:00:00+00:00,261.35,262.33,260.17,261.26,113545.0,261.343,1713,True
2025-12-23 21:00:00+00:00,261.15,262.0,261.0,261.77,63450.0,261.153,13,False
2025-12-23 22:00:00+00:00,261.9,261.9,261.9,261.9,80.0,261.9,1,False
2025-12-23 23:00:00+00:00,261.88,261.9,261.59,261.59,883.0,261.779,6,False
2025-12-24 00:00:00+00:00,261.5,262.0,261.5,262.0,401.0,261.773,6,False
2025-12-24 09:00:00+00:00,262.0,262.0,262.0,262.0,40.0,262.0,1,False
2025-12-24 10:00:00+00:00,262.0,262.0,262.0,262.0,0.0,262.0,0,False
2025-12-24 11:00:00+00:00,262.0,262.0,262.0,262.0,0.0,262.0,0,False
2025-12-24 12:00:00+00:00,262.13,262.49,262.11,262.48,281.0,262.304,5,False
2025-12-24 13:00:00+00:00,262.48,262.6,261.7,262.45,1596.0,262.281,23,False
2025-12-24 14:00:00+00:00,262.05,262.99,256.0,258.27,73976.0,259.31,561,False
2025-12-24 15:00:00+00:00,258.78,260.48,257.0,259.15,49754.0,258.872,551,True
2025-12-24 16:00:00+00:00,259.17,260.55,258.03,260.37,41799.0,259.514,508,True
2025-12-24 17:00:00+00:00,260.55,261.92,259.31,260.7,78258.0,260.807,1036,True
2025-12-24 18:00:00+00:00,260.95,262.0,257.12,262.0,40118.0,260.699,8,True
2025-12-24 19:00:00+00:00,260.68,260.99,260.68,260.99,162.0,260.799,2,True
2025-12-24 20:00:00+00:00,260.9,260.9,260.7,260.7,164.0,260.798,2,True
2025-12-24 21:00:00+00:00,260.09,260.09,260.09,260.09,46.0,260.09,1,False
2025-12-26 11:00:00+00:00,262.0,262.0,262.0,262.0,40.0,262.0,1,False
2025-12-26 12:00:00+00:00,261.7,261.7,261.7,261.7,50.0,261.7,1,False
2025-12-26 13:00:00+00:00,261.0,261.63,261.0,261.21,1198.0,261.358,18,False
2025-12-26 14:00:00+00:00,261.3,262.38,254.01,256.34,51138.0,257.784,475,False
2025-12-26 15:00:00+00:00,256.19,257.0,252.5,255.96,78209.0,254.367,726,True
2025-12-26 16:00:00+00:00,256.27,257.37,255.63,256.28,31579.0,256.498,356,True
2025-12-26 17:00:00+00:00,256.25,256.83,255.51,256.07,30221.0,256.145,349,True
2025-12-26 18:00:00+00:00,256.07,257.0,255.12,255.21,25866.0,256.106,286,True
2025-12-26 19:00:00+00:00,255.15,255.9,254.64,254.64,21788.0,255.273,321,True
2025-12-26 20:00:00+00:00,254.8,255.65,254.12,254.94,63468.0,255.057,1012,True
2025-12-26 21:00:00+00:00,255.0,255.01,254.49,254.5,39887.0,254.977,28,False
2025-12-26 22:00:00+00:00,254.58,254.9,254.27,254.27,129.0,254.578,3,False
2025-12-26 23:00:00+00:00,254.2,254.2,253.21,253.22,629.0,253.402,4,False
2025-12-27 00:00:00+00:00,253.14,253.75,253.14,253.75,107.0,253.482,2,False
2025-12-29 09:00:00+00:00,252.01,252.01,249.73,250.0,1354.0,250.465,18,False
2025-12-29 10:00:00+00:00,250.0,251.44,250.0,251.44,370.0,250.547,7,False
2025-12-29 11:00:00+00:00,251.44,251.44,251.44,251.44,0.0,251.44,0,False
2025-12-29 12:00:00+00:00,251.67,251.74,251.04,251.04,2062.0,251.251,16,False
2025-12-29 13:00:00+00:00,251.72,252.99,249.78,251.51,4340.0,251.313,51,False
2025-12-29 14:00:00+00:00,251.6,255.0,250.03,250.9,56266.0,252.206,490,False
2025-12-29 15:00:00+00:00,251.17,251.55,248.75,249.27,71788.0,250.125,792,True
2025-12-29 16:00:00+00:00,249.49,250.19,247.8,250.13,38296.0,249.139,399,True
2025-12-29 17:00:00+00:00,249.97,250.19,248.3,248.84,29280.0,249.174,326,True
2025-12-29 18:00:00+00:00,248.84,249.34,247.78,247.9,31756.0,248.507,357,True
2025-12-29 19:00:00+00:00,247.83,249.77,247.66,249.3,22466.0,248.825,265,True
2025-12-29 20:00:00+00:00,249.22,249.7,248.4,249.33,68187.0,249.069,875,True
2025-12-29 21:00:00+00:00,249.15,249.7,249.0,249.0,53062.0,249.153,13,False
2025-12-29 22:00:00+00:00,249.0,249.0,248.8,248.8,205.0,248.962,2,False
2025-12-29 23:00:00+00:00,249.14,249.15,249.14,249.14,155.0,249.144,3,False
2025-12-30 00:00:00+00:00,249.79,249.79,249.5,249.5,148.0,249.696,2,False
2025-12-30 10:00:00+00:00,250.19,251.0,250.19,250.44,695.0,250.434,6,False
2025-12-30 11:00:00+00:00,250.44,250.44,250.44,250.44,0.0,250.44,0,False
2025-12-30 12:00:00+00:00,250.13,250.82,250.13,250.66,546.0,250.493,10,False
2025-12-30 13:00:00+00:00,250.41,254.32,250.15,250.4,918.0,250.975,14,False
2025-12-30 14:00:00+00:00,250.45,251.84,245.61,247.0,48133.0,247.688,488,False
2025-12-30 15:00:00+00:00,246.69,247.87,244.2,247.49,57661.0,245.699,615,True
2025-12-30 16:00:00+00:00,247.37,247.71,245.83,247.27,60418.0,246.894,436,True
2025-12-30 17:00:00+00:00,247.24,247.46,245.84,245.84,37888.0,246.85,327,True
2025-12-30 18:00:00+00:00,246.03,246.05,243.88,244.24,56390.0,245.207,560,True
2025-12-30 19:00:00+00:00,243.88,245.24,243.34,244.54,51077.0,244.261,562,True
2025-12-30 20:00:00+00:00,244.23,244.44,242.62,243.91,79488.0,243.585,1146,True
2025-12-30 21:00:00+00:00,244.0,244.87,243.46,244.87,103501.0,243.998,13,False
2025-12-30 22:00:00+00:00,244.9,244.9,244.89,244.9,200.0,244.896,1,False
2025-12-30 23:00:00+00:00,244.0,244.7,243.47,243.55,1090.0,243.938,11,False
2025-12-31 00:00:00+00:00,243.55,243.55,243.45,243.45,248.0,243.482,4,False
2025-12-31 09:00:00+00:00,242.0,242.0,241.76,241.76,90.0,241.893,2,False
2025-12-31 10:00:00+00:00,241.76,241.76,241.76,241.76,0.0,241.76,0,False
2025-12-31 11:00:00+00:00,242.7,242.7,242.7,242.7,70.0,242.7,1,False
2025-12-31 12:00:00+00:00,242.61,242.98,242.61,242.98,222.0,242.677,4,False
2025-12-31 13:00:00+00:00,243.0,245.15,242.6,244.01,751.0,243.762,14,False
2025-12-31 14:00:00+00:00,245.0,245.3,240.3,242.02,70412.0,242.027,598,False
2025-12-31 15:00:00+00:00,242.02,243.2,241.06,242.0,44059.0,242.322,454,True
2025-12-31 16:00:00+00:00,242.33,242.84,241.3,242.63,50401.0,242.081,489,True
2025-12-31 17:00:00+00:00,242.42,242.83,241.61,242.55,23746.0,242.27,297,True
2025-12-31 18:00:00+00:00,242.65,243.48,242.23,242.46,22600.0,242.704,277,True
2025-12-31 19:00:00+00:00,242.45,242.65,241.0,241.13,43924.0,241.886,496,True
2025-12-31 20:00:00+00:00,241.33,242.37,239.8,241.89,111695.0,241.085,1502,True
2025-12-31 21:00:00+00:00,241.89,242.26,239.99,242.21,172104.0,241.89,26,False
2025-12-31 22:00:00+00:00,240.8,240.8,240.8,240.8,500.0,240.8,1,False
2025-12-31 23:00:00+00:00,240.88,242.5,240.88,242.5,656.0,241.19,3,False
2026-01-01 00:00:00+00:00,242.0,242.0,242.0,242.0,80.0,242.0,1,False
2026-01-02 09:00:00+00:00,247.08,248.64,246.46,247.89,392.0,247.121,8,False
2026-01-02 10:00:00+00:00,248.39,248.39,248.39,248.39,69.0,248.39,1,False
2026-01-02 11:00:00+00:00,248.37,250.01,248.37,250.0,413.0,249.435,7,False
2026-01-02 12:00:00+00:00,249.39,249.8,247.1,247.29,1626.0,247.73,20,False
2026-01-02 13:00:00+00:00,248.43,250.0,246.5,246.5,2920.0,248.15,38,False
2026-01-02 14:00:00+00:00,246.4,248.49,241.65,243.48,61405.0,244.476,559,False
2026-01-02 15:00:00+00:00,243.48,257.26,243.47,255.78,155553.0,250.187,1963,True
2026-01-02 16:00:00+00:00,255.88,256.58,251.19,253.11,95129.0,253.867,1064,True
2026-01-02 17:00:00+00:00,253.43,257.89,252.99,256.3,82384.0,255.796,855,True
2026-01-02 18:00:00+00:00,256.4,256.4,253.16,253.93,38651.0,255.042,513,True
2026-01-02 19:00:00+00:00,254.06,256.81,253.94,254.67,46076.0,255.491,656,True
2026-01-02 20:00:00+00:00,254.64,256.82,254.43,256.12,93991.0,255.891,1396,True
2026-01-02 21:00:00+00:00,256.19,256.95,256.19,256.3,60810.0,256.193,7,False
2026-01-02 22:00:00+00:00,256.66,257.0,256.66,256.95,383.0,256.876,6,False
2026-01-02 23:00:00+00:00,257.0,257.0,256.5,256.5,816.0,256.643,7,False
2026-01-03 00:00:00+00:00,257.44,257.75,257.44,257.5,190.0,257.616,3,False
2026-01-05 09:00:00+00:00,264.3,266.73,264.3,266.0,2021.0,266.047,24,False
2026-01-05 10:00:00+00:00,266.39,266.5,265.5,265.52,604.0,266.001,8,False
2026-01-05 11:00:00+00:00,266.27,266.33,265.0,265.0,1983.0,265.388,21,False
2026-01-05 12:00:00+00:00,264.15,265.0,262.72,263.41,5537.0,263.463,75,False
2026-01-05 13:00:00+00:00,265.0,267.66,262.24,265.5,12399.0,264.975,125,False
2026-01-05 14:00:00+00:00,265.48,281.42,264.58,279.27,349880.0,275.331,3102,False
2026-01-05 15:00:00+00:00,279.5,290.9,277.0,290.49,280615.0,285.416,2977,True
2026-01-05 16:00:00+00:00,290.69,292.3,288.5,289.89,182776.0,290.644,1981,True
2026-01-05 17:00:00+00:00,289.77,294.95,289.44,291.97,174270.0,292.739,2078,True
2026-01-05 18:00:00+00:00,291.9,302.49,291.81,300.16,219548.0,298.583,2412,True
2026-01-05 19:00:00+00:00,300.16,302.42,298.19,301.41,137651.0,300.338,1470,True
2026-01-05 20:00:00+00:00,301.64,302.0,296.0,297.5,260768.0,298.858,3584,True
2026-01-05 21:00:00+00:00,297.39,300.0,296.2,298.0,116764.0,297.357,34,False
2026-01-05 22:00:00+00:00,298.58,298.58,297.6,297.61,1607.0,298.119,16,False
2026-01-05 23:00:00+00:00,298.3,298.58,297.6,297.6,543.0,298.154,8,False
2026-01-06 00:00:00+00:00,298.46,298.46,297.61,297.61,1768.0,297.823,19,False
2026-01-06 09:00:00+00:00,297.41,297.41,295.09,296.1,150.0,296.2,3,False
2026-01-06 10:00:00+00:00,297.35,297.4,297.35,297.4,150.0,297.383,3,False
2026-01-06 11:00:00+00:00,297.25,297.25,297.02,297.02,136.0,297.133,2,False
2026-01-06 12:00:00+00:00,296.98,298.31,296.98,298.14,952.0,297.352,10,False
2026-01-06 13:00:00+00:00,298.0,299.43,294.13,296.47,6567.0,297.384,53,False
2026-01-06 14:00:00+00:00,296.47,306.27,295.3,304.75,272016.0,301.478,2474,False
2026-01-06 15:00:00+00:00,304.43,309.97,301.72,308.86,254699.0,306.257,2387,True
2026-01-06 16:00:00+00:00,308.33,312.78,306.9,309.48,164438.0,309.629,1705,True
2026-01-06 17:00:00+00:00,309.26,311.38,307.82,308.66,102500.0,309.435,1338,True
2026-01-06 18:00:00+00:00,308.62,309.82,306.57,308.79,46844.0,308.448,625,True
2026-01-06 19:00:00+00:00,308.97,313.33,307.07,312.97,119252.0,310.346,1454,True
2026-01-06 20:00:00+00:00,313.23,318.23,313.08,317.06,368971.0,316.231,4204,True
2026-01-06 21:00:00+00:00,317.03,322.23,317.03,320.4,93606.0,317.148,50,False
2026-01-06 22:00:00+00:00,320.65,320.99,320.45,320.75,1413.0,320.72,19,False
2026-01-06 23:00:00+00:00,320.99,320.99,320.31,320.36,403.0,320.556,8,False
2026-01-07 00:00:00+00:00,319.5,320.5,319.01,320.5,1291.0,319.86,12,False
2026-01-07 09:00:00+00:00,317.05,317.09,316.5,316.5,370.0,316.855,7,False
2026-01-07 10:00:00+00:00,316.14,316.43,314.01,314.02,704.0,314.966,10,False
2026-01-07 11:00:00+00:00,315.85,318.39,315.85,318.39,210.0,317.134,4,False
2026-01-07 12:00:00+00:00,318.7,319.09,317.51,317.52,1755.0,318.332,22,False
2026-01-07 13:00:00+00:00,318.99,319.53,312.76,317.77,4798.0,317.383,63,False
2026-01-07 14:00:00+00:00,317.53,323.94,314.37,323.23,215254.0,319.182,2055,False
2026-01-07 15:00:00+00:00,323.0,330.38,321.36,326.29,263797.0,326.505,3117,True
2026-01-07 16:00:00+00:00,325.25,333.0,325.05,332.25,202845.0,330.438,2194,True
2026-01-07 17:00:00+00:00,332.08,332.4,325.82,327.44,145243.0,329.585,1863,True
2026-01-07 18:00:00+00:00,327.5,330.0,326.91,328.63,78304.0,329.039,1184,True
2026-01-07 19:00:00+00:00,328.63,332.83,323.3,323.64,203717.0,327.36,2611,True
2026-01-07 20:00:00+00:00,324.0,324.05,317.2,318.84,247248.0,319.463,3043,True
2026-01-07 21:00:00+00:00,318.48,339.9,317.52,337.2,116419.0,321.438,243,False
2026-01-07 22:00:00+00:00,337.0,337.2,333.9,335.1,12101.0,335.596,78,False
2026-01-07 23:00:00+00:00,334.51,346.76,334.5,345.69,22496.0,342.692,213,False
2026-01-08 00:00:00+00:00,343.5,345.75,341.0,341.5,3827.0,342.552,44,False
2026-01-08 09:00:00+00:00,341.48,344.0,340.0,340.0,1519.0,341.915,22,False
2026-01-08 10:00:00+00:00,339.61,342.49,338.89,342.49,1117.0,340.357,22,False
2026-01-08 11:00:00+00:00,342.2,344.61,342.2,343.75,2764.0,343.671,17,False
2026-01-08 12:00:00+00:00,343.85,358.44,343.8,356.02,33455.0,353.064,372,False
2026-01-08 13:00:00+00:00,343.75,358.68,334.88,349.35,80104.0,352.15,681,False
2026-01-08 14:00:00+00:00,349.03,371.4,346.38,354.93,704177.0,359.566,6523,False
2026-01-08 15:00:00+00:00,355.09,358.0,339.19,349.71,581668.0,348.809,5788,True
2026-01-08 16:00:00+00:00,349.01,351.99,342.52,348.6,188824.0,348.664,1895,True
2026-01-08 17:00:00+00:00,348.48,348.65,341.1,341.82,149025.0,344.533,1530,True
2026-01-08 18:00:00+00:00,342.0,342.0,337.25,337.96,131205.0,339.326,1322,True
2026-01-08 19:00:00+00:00,338.22,344.66,335.01,343.01,131660.0,339.65,1284,True
2026-01-08 20:00:00+00:00,342.78,348.38,341.84,345.0,395582.0,345.328,3839,True
2026-01-08 21:00:00+00:00,344.96,346.78,343.0,343.0,102963.0,344.946,67,False
2026-01-08 22:00:00+00:00,343.0,345.0,342.98,343.0,2089.0,343.337,22,False
2026-01-08 23:00:00+00:00,343.0,344.47,343.0,343.05,997.0,343.251,8,False
2026-01-09 00:00:00+00:00,343.48,343.57,343.0,343.57,1533.0,343.34,11,False
2026-01-09 09:00:00+00:00,348.51,348.51,347.12,348.5,1007.0,348.302,12,False
2026-01-09 10:00:00+00:00,349.59,349.86,349.24,349.24,501.0,349.429,8,False
2026-01-09 11:00:00+00:00,348.78,349.31,348.78,349.0,178.0,349.104,3,False
2026-01-09 12:00:00+00:00,348.48,348.78,346.56,346.63,2072.0,347.445,34,False
2026-01-09 13:00:00+00:00,347.11,353.0,341.0,351.97,17064.0,349.402,180,False
2026-01-09 14:00:00+00:00,352.06,358.88,346.0,356.34,205639.0,352.555,1521,False
2026-01-09 15:00:00+00:00,356.34,367.54,354.45,363.75,299568.0,362.066,2570,True
2026-01-09 16:00:00+00:00,363.75,364.42,361.41,362.72,115068.0,363.238,1156,True
2026-01-09 17:00:00+00:00,362.7,367.53,361.89,365.9,145837.0,364.532,1491,True
2026-01-09 18:00:00+00:00,365.57,370.5,363.7,367.8,108607.0,367.142,1077,True
2026-01-09 19:00:00+00:00,367.69,368.0,365.2,366.33,84415.0,366.447,997,True
2026-01-09 20:00:00+00:00,366.1,366.99,354.6,365.22,358304.0,362.639,4282,True
2026-01-09 21:00:00+00:00,364.99,366.18,363.0,364.0,87640.0,365.0,37,False
2026-01-09 22:00:00+00:00,364.5,365.02,363.58,364.0,1427.0,364.132,11,False
2026-01-09 23:00:00+00:00,364.01,365.9,364.01,365.3,1705.0,365.407,20,False
2026-01-10 00:00:00+00:00,365.24,365.5,364.01,364.99,1001.0,365.102,11,False
2026-01-12 09:00:00+00:00,365.2,368.6,361.2,363.5,1714.0,362.973,22,False
2026-01-12 10:00:00+00:00,362.89,365.34,362.4,365.34,1116.0,364.195,16,False
2026-01-12 11:00:00+00:00,365.8,366.89,365.8,366.89,234.0,366.469,4,False
2026-01-12 12:00:00+00:00,366.96,374.25,366.96,372.0,4094.0,370.002,53,False
2026-01-12 13:00:00+00:00,367.48,378.4,359.99,369.01,21668.0,369.238,149,False
2026-01-12 14:00:00+00:00,369.0,374.5,362.07,367.98,231593.0,368.407,1946,False
2026-01-12 15:00:00+00:00,367.2,368.46,361.73,365.91,178502.0,364.592,2008,True
2026-01-12 16:00:00+00:00,365.81,368.67,365.0,367.2,108610.0,366.716,1344,True
2026-01-12 17:00:00+00:00,367.0,370.41,365.68,365.68,119389.0,367.901,1304,True
2026-01-12 18:00:00+00:00,365.99,368.98,365.0,367.58,78486.0,366.698,883,True
2026-01-12 19:00:00+00:00,367.74,371.98,366.89,370.31,111876.0,369.816,1266,True
2026-01-12 20:00:00+00:00,370.31,371.48,367.45,370.8,213227.0,369.39,2373,True
2026-01-12 21:00:00+00:00,370.68,371.2,370.5,370.99,86331.0,370.685,33,False
2026-01-12 22:00:00+00:00,370.9,372.0,370.9,372.0,635.0,371.296,10,False
2026-01-12 23:00:00+00:00,371.19,371.77,371.19,371.72,627.0,371.643,7,False
2026-01-13 00:00:00+00:00,371.68,371.69,371.1,371.22,542.0,371.538,9,False
2026-01-13 09:00:00+00:00,371.0,371.23,371.0,371.0,183.0,371.054,4,False
2026-01-13 10:00:00+00:00,369.27,371.5,369.27,370.47,380.0,370.256,7,False
2026-01-13 11:00:00+00:00,370.64,370.8,370.64,370.8,90.0,370.711,2,False
2026-01-13 12:00:00+00:00,370.88,372.62,370.8,372.25,539.0,371.586,11,False
2026-01-13 13:00:00+00:00,371.94,377.57,370.2,373.16,6278.0,374.138,75,False
2026-01-13 14:00:00+00:00,374.6,375.0,362.0,362.0,146888.0,367.253,1313,False
2026-01-13 15:00:00+00:00,361.94,362.37,353.18,358.0,289640.0,357.462,2957,True
2026-01-13 16:00:00+00:00,356.5,359.01,352.03,357.13,155043.0,355.565,1624,True
2026-01-13 17:00:00+00:00,357.37,359.65,355.99,357.18,101059.0,357.651,979,True
2026-01-13 18:00:00+00:00,357.11,364.68,356.23,361.82,141957.0,361.078,1268,True
2026-01-13 19:00:00+00:00,362.27,365.7,360.75,364.98,109668.0,363.434,998,True
2026-01-13 20:00:00+00:00,364.99,365.5,360.51,363.85,182036.0,363.255,2217,True
2026-01-13 21:00:00+00:00,363.86,364.99,363.0,363.0,82776.0,363.861,15,False
2026-01-13 22:00:00+00:00,363.5,363.5,363.0,363.0,250.0,363.179,3,False
2026-01-13 23:00:00+00:00,360.0,363.85,360.0,362.1,799.0,362.923,11,False
2026-01-14 00:00:00+00:00,361.5,362.9,360.3,360.8,1082.0,361.066,14,False
2026-01-14 09:00:00+00:00,361.0,361.0,361.0,361.0,41.0,361.0,1,False
2026-01-14 10:00:00+00:00,359.41,361.97,359.41,361.97,1323.0,360.803,17,False
2026-01-14 11:00:00+00:00,362.18,362.19,362.0,362.0,239.0,362.095,5,False
2026-01-14 12:00:00+00:00,362.29,362.29,361.21,362.0,569.0,361.637,6,False
2026-01-14 13:00:00+00:00,362.22,362.5,356.0,356.82,6293.0,358.94,48,False
2026-01-14 14:00:00+00:00,356.25,360.99,346.47,355.73,213098.0,352.354,2103,False
2026-01-14 15:00:00+00:00,355.2,375.0,351.43,368.56,224550.0,366.285,2329,True
2026-01-14 16:00:00+00:00,368.06,373.5,366.43,370.9,154810.0,370.599,1263,True
2026-01-14 17:00:00+00:00,370.41,375.5,369.31,371.8,203655.0,372.762,1625,True
2026-01-14 18:00:00+00:00,372.64,380.94,371.6,380.55,198623.0,377.898,1681,True
2026-01-14 19:00:00+00:00,380.49,382.72,378.51,380.76,182206.0,380.537,1592,True
2026-01-14 20:00:00+00:00,381.08,382.0,373.5,381.91,324655.0,378.691,3228,True
2026-01-14 21:00:00+00:00,381.8,382.25,379.41,382.24,68887.0,381.758,55,False
2026-01-14 22:00:00+00:00,382.25,383.83,379.94,381.0,1840.0,382.871,20,False
2026-01-14 23:00:00+00:00,380.22,382.0,380.2,381.0,1137.0,380.687,15,False
2026-01-15 00:00:00+00:00,381.3,382.75,381.3,382.75,606.0,382.01,11,False
2026-01-15 09:00:00+00:00,382.44,382.44,381.5,381.5,158.0,381.786,3,False
2026-01-15 10:00:00+00:00,381.75,381.75,381.75,381.75,88.0,381.75,2,False
2026-01-15 11:00:00+00:00,381.73,381.73,379.0,379.99,648.0,380.21,13,False
2026-01-15 12:00:00+00:00,380.84,380.84,379.79,379.79,388.0,380.184,5,False
2026-01-15 13:00:00+00:00,380.03,382.85,378.11,378.65,2595.0,379.527,39,False
2026-01-15 14:00:00+00:00,378.61,379.3,365.82,370.76,162054.0,372.004,1308,False
2026-01-15 15:00:00+00:00,371.3,374.0,368.3,372.17,192524.0,371.284,1712,True
2026-01-15 16:00:00+00:00,371.38,375.98,367.0,370.02,94776.0,371.159,837,True
2026-01-15 17:00:00+00:00,369.71,373.01,367.35,372.82,67454.0,369.788,696,True
2026-01-15 18:00:00+00:00,373.0,379.91,372.49,379.29,186621.0,375.7,1169,True
2026-01-15 19:00:00+00:00,379.08,383.55,377.24,382.75,136659.0,379.928,1126,True
2026-01-15 20:00:00+00:00,383.0,383.25,378.19,378.71,208147.0,381.062,2108,True
2026-01-15 21:00:00+00:00,378.57,379.5,374.69,379.5,79324.0,378.557,22,False
2026-01-15 22:00:00+00:00,379.1,379.1,379.05,379.05,101.0,379.08,2,False
2026-01-15 23:00:00+00:00,378.0,378.8,378.0,378.8,1052.0,378.424,7,False
2026-01-16 00:00:00+00:00,379.0,381.97,378.01,378.55,371.0,378.871,6,False
2026-01-16 09:00:00+00:00,380.44,382.05,380.37,382.05,464.0,381.102,10,False
2026-01-16 10:00:00+00:00,381.95,381.95,381.45,381.45,90.0,381.728,2,False
2026-01-16 11:00:00+00:00,381.47,381.47,380.5,380.5,266.0,380.69,4,False
2026-01-16 12:00:00+00:00,381.0,381.07,380.04,381.0,715.0,380.756,15,False
2026-01-16 13:00:00+00:00,381.06,382.5,377.89,379.0,1849.0,380.248,27,False
2026-01-16 14:00:00+00:00,379.3,391.17,379.25,386.71,144602.0,386.094,1124,False
2026-01-16 15:00:00+00:00,385.81,397.63,384.02,397.5,227607.0,390.765,2129,True
2026-01-16 16:00:00+00:00,397.8,402.1,395.0,397.8,260911.0,397.914,2331,True
2026-01-16 17:00:00+00:00,397.15,400.0,396.34,398.52,244520.0,398.443,1933,True
2026-01-16 18:00:00+00:00,398.41,406.5,396.77,406.5,225199.0,401.961,1817,True
2026-01-16 19:00:00+00:00,406.14,408.25,402.72,403.65,158869.0,405.722,1603,True
2026-01-16 20:00:00+00:00,403.16,404.53,392.06,392.52,279618.0,396.943,3267,True
2026-01-16 21:00:00+00:00,392.86,396.32,392.86,394.99,70644.0,392.881,25,False
2026-01-16 22:00:00+00:00,394.63,394.99,393.11,393.12,529.0,394.423,9,False
2026-01-16 23:00:00+00:00,394.5,394.5,393.0,393.18,1198.0,394.116,19,False
2026-01-17 00:00:00+00:00,394.0,394.0,393.0,393.0,280.0,393.286,2,False
2026-01-20 09:00:00+00:00,375.0,377.0,369.94,373.0,2450.0,373.747,44,False
2026-01-20 10:00:00+00:00,374.4,377.0,373.73,373.73,906.0,375.171,15,False
2026-01-20 11:00:00+00:00,375.11,386.83,374.84,380.25,2409.0,378.06,36,False
2026-01-20 12:00:00+00:00,379.04,382.38,378.45,380.98,2185.0,379.781,33,False
2026-01-20 13:00:00+00:00,377.48,385.28,363.0,377.92,12568.0,378.986,124,False
2026-01-20 14:00:00+00:00,377.91,390.04,367.06,380.55,312713.0,382.326,2225,False
2026-01-20 15:00:00+00:00,381.08,383.84,372.8,377.3,237042.0,377.607,2766,True
2026-01-20 16:00:00+00:00,377.11,377.45,360.6,364.64,335320.0,367.143,3613,True
2026-01-20 17:00:00+00:00,364.33,365.37,341.11,341.48,450080.0,351.995,4625,True
2026-01-20 18:00:00+00:00,341.31,346.09,334.55,337.14,361897.0,339.104,3993,True
2026-01-20 19:00:00+00:00,337.23,338.01,325.09,331.28,451227.0,330.276,4608,True
2026-01-20 20:00:00+00:00,330.79,334.18,325.16,330.86,385468.0,330.91,4407,True
2026-01-20 21:00:00+00:00,330.89,333.0,330.54,332.5,120165.0,330.926,45,False
2026-01-20 22:00:00+00:00,332.9,333.58,330.76,330.76,2345.0,332.953,34,False
2026-01-20 23:00:00+00:00,331.17,331.85,330.25,330.44,3089.0,330.771,30,False
2026-01-21 00:00:00+00:00,331.43,332.23,330.5,332.23,2030.0,331.376,16,False
2026-01-21 09:00:00+00:00,334.46,335.11,331.98,334.01,713.0,333.848,15,False
2026-01-21 10:00:00+00:00,333.83,337.59,333.83,337.59,815.0,335.038,15,False
2026-01-21 11:00:00+00:00,336.07,337.06,335.31,335.31,1480.0,336.378,19,False
2026-01-21 12:00:00+00:00,335.03,335.03,332.01,332.98,2989.0,334.025,40,False
2026-01-21 13:00:00+00:00,335.0,337.83,330.88,334.0,8413.0,334.227,84,False
2026-01-21 14:00:00+00:00,335.0,346.12,320.16,326.44,315003.0,330.498,3162,False
2026-01-21 15:00:00+00:00,326.34,326.34,317.15,317.96,258098.0,321.289,3083,True
2026-01-21 16:00:00+00:00,317.98,321.0,310.91,311.65,242906.0,315.369,2638,True
2026-01-21 17:00:00+00:00,311.67,312.22,302.55,306.69,353377.0,306.697,3831,True
2026-01-21 18:00:00+00:00,306.69,312.9,302.01,311.16,277065.0,307.196,3007,True
2026-01-21 19:00:00+00:00,311.55,320.0,310.0,318.4,261942.0,315.228,3084,True
2026-01-21 20:00:00+00:00,318.61,319.69,312.89,319.64,262770.0,316.783,3396,True
2026-01-21 21:00:00+00:00,319.63,321.38,312.69,320.95,104037.0,319.631,47,False
2026-01-21 22:00:00+00:00,320.83,320.83,319.21,319.6,4865.0,320.214,46,False
2026-01-21 23:00:00+00:00,320.0,320.0,319.75,319.91,2157.0,319.961,18,False
2026-01-22 00:00:00+00:00,320.0,320.49,319.25,320.05,1724.0,319.946,24,False
2026-01-22 09:00:00+00:00,325.38,325.38,324.5,324.5,303.0,324.748,6,False
2026-01-22 10:00:00+00:00,325.23,326.24,325.0,326.24,789.0,325.548,11,False
2026-01-22 11:00:00+00:00,327.52,327.94,325.22,325.22,570.0,326.091,10,False
2026-01-22 12:00:00+00:00,324.23,326.5,323.0,325.6,3263.0,325.237,39,False
2026-01-22 13:00:00+00:00,323.93,327.71,320.0,327.0,8834.0,325.036,77,False
2026-01-22 14:00:00+00:00,327.4,329.0,311.0,314.78,169551.0,318.706,1505,False
2026-01-22 15:00:00+00:00,315.01,315.85,310.07,310.57,124650.0,312.25,1435,True
2026-01-22 16:00:00+00:00,310.78,312.11,308.53,309.77,122754.0,310.01,1271,True
2026-01-22 17:00:00+00:00,309.7,312.89,309.52,311.15,87967.0,311.22,987,True
2026-01-22 18:00:00+00:00,310.8,314.48,310.66,313.71,71456.0,313.132,989,True
2026-01-22 19:00:00+00:00,313.43,317.07,313.43,315.05,105445.0,315.484,1369,True
2026-01-22 20:00:00+00:00,314.99,315.57,311.72,312.14,166894.0,313.07,2442,True
2026-01-22 21:00:00+00:00,311.98,315.0,311.98,314.9,86016.0,312.158,15,False
2026-01-22 22:00:00+00:00,313.91,313.91,312.01,312.11,702.0,312.425,11,False
2026-01-22 23:00:00+00:00,313.0,313.65,313.0,313.65,246.0,313.513,3,False
2026-01-23 00:00:00+00:00,313.5,314.0,313.05,314.0,2977.0,313.526,13,False
2026-01-23 09:00:00+00:00,312.94,313.04,312.0,312.0,360.0,312.609,8,False
2026-01-23 10:00:00+00:00,311.05,311.05,311.05,311.05,42.0,311.05,1,False
2026-01-23 11:00:00+00:00,312.59,312.59,312.59,312.59,97.0,312.59,2,False
2026-01-23 12:00:00+00:00,313.01,313.63,312.37,313.6,1398.0,313.07,19,False
2026-01-23 13:00:00+00:00,312.03,314.0,312.02,312.15,3198.0,312.739,34,False
2026-01-23 14:00:00+00:00,312.6,314.5,300.0,300.6,144726.0,306.614,1497,False
2026-01-23 15:00:00+00:00,300.8,314.75,300.1,311.48,157698.0,308.482,1594,True
2026-01-23 16:00:00+00:00,312.04,312.05,306.01,309.7,73772.0,309.015,740,True
2026-01-23 17:00:00+00:00,309.66,312.19,308.23,308.49,31112.0,310.353,472,True
2026-01-23 18:00:00+00:00,308.46,310.55,307.61,310.14,38277.0,308.981,460,True
2026-01-23 19:00:00+00:00,310.3,312.9,307.46,307.75,77257.0,310.604,885,True
2026-01-23 20:00:00+00:00,307.89,307.97,304.88,307.73,151316.0,306.731,1728,True
2026-01-23 21:00:00+00:00,307.75,308.34,306.01,306.01,56469.0,307.743,12,False
2026-01-23 22:00:00+00:00,306.51,307.75,306.21,306.39,1043.0,306.586,10,False
2026-01-23 23:00:00+00:00,306.53,307.22,306.4,307.22,300.0,306.58,3,False
2026-01-24 00:00:00+00:00,306.8,307.74,306.8,307.74,253.0,307.108,5,False
2026-01-26 09:00:00+00:00,306.0,306.0,305.25,305.97,478.0,305.576,9,False
2026-01-26 10:00:00+00:00,305.26,305.26,304.93,304.93,345.0,305.149,6,False
2026-01-26 11:00:00+00:00,305.64,305.64,305.64,305.64,58.0,305.64,1,False
2026-01-26 12:00:00+00:00,306.49,306.49,305.48,305.48,356.0,305.759,7,False
2026-01-26 13:00:00+00:00,307.29,307.29,304.0,305.99,2882.0,305.531,39,False
2026-01-26 14:00:00+00:00,307.29,309.93,300.18,301.13,123957.0,305.73,955,False
2026-01-26 15:00:00+00:00,301.13,305.21,298.53,300.66,145562.0,301.959,1366,True
2026-01-26 16:00:00+00:00,300.14,302.72,298.53,301.71,168689.0,300.75,1609,True
2026-01-26 17:00:00+00:00,301.71,303.85,300.8,302.28,110189.0,302.335,996,True
2026-01-26 18:00:00+00:00,302.16,304.62,301.7,304.38,85655.0,303.724,754,True
2026-01-26 19:00:00+00:00,304.38,305.19,303.23,303.71,187530.0,304.19,1512,True
2026-01-26 20:00:00+00:00,303.52,304.86,300.68,303.04,208032.0,303.338,2180,True
2026-01-26 21:00:00+00:00,302.67,303.22,301.28,303.22,62975.0,302.669,17,False
2026-01-26 22:00:00+00:00,302.6,302.6,301.11,302.05,279.0,301.598,4,False
2026-01-26 23:00:00+00:00,302.01,302.67,301.36,301.36,2504.0,302.214,16,False
2026-01-27 00:00:00+00:00,302.75,302.75,302.75,302.75,886.0,302.75,2,False
2026-01-27 09:00:00+00:00,306.0,306.0,306.0,306.0,50.0,306.0,1,False
2026-01-27 10:00:00+00:00,305.05,305.05,304.45,304.45,132.0,304.847,3,False
2026-01-27 11:00:00+00:00,304.06,304.06,304.01,304.01,227.0,304.036,5,False
2026-01-27 12:00:00+00:00,304.93,304.94,303.96,303.96,479.0,304.424,9,False
2026-01-27 13:00:00+00:00,305.0,307.48,303.0,304.92,3507.0,304.861,34,False
2026-01-27 14:00:00+00:00,304.0,311.7,301.85,303.33,97179.0,305.214,953,False
2026-01-27 15:00:00+00:00,302.84,307.23,302.52,303.36,152042.0,304.608,1575,True
2026-01-27 16:00:00+00:00,303.31,304.21,299.0,302.17,102304.0,301.494,1127,True
2026-01-27 17:00:00+00:00,301.92,303.55,300.05,300.8,47772.0,301.557,565,True
2026-01-27 18:00:00+00:00,300.8,307.0,300.78,306.0,112876.0,304.933,1025,True
2026-01-27 19:00:00+00:00,306.64,310.1,305.66,308.1,175873.0,308.368,1412,True
2026-01-27 20:00:00+00:00,308.01,309.92,307.54,309.31,212879.0,308.747,2016,True
2026-01-27 21:00:00+00:00,309.67,311.0,309.57,310.5,55268.0,309.581,24,False
2026-01-27 22:00:00+00:00,310.3,310.99,310.1,310.48,1416.0,310.388,12,False
2026-01-27 23:00:00+00:00,310.49,310.5,310.0,310.0,1043.0,310.371,10,False
2026-01-28 00:00:00+00:00,310.5,310.51,309.51,309.51,1615.0,310.414,19,False
2026-01-28 09:00:00+00:00,314.5,314.97,314.0,314.97,308.0,314.572,7,False
2026-01-28 10:00:00+00:00,314.99,316.61,314.97,315.89,527.0,315.824,12,False
2026-01-28 11:00:00+00:00,316.68,317.07,316.68,316.68,975.0,316.913,19,False
2026-01-28 12:00:00+00:00,316.0,316.5,315.06,315.5,2001.0,315.764,31,False
2026-01-28 13:00:00+00:00,316.0,318.7,314.47,316.78,12498.0,316.264,138,False
2026-01-28 14:00:00+00:00,317.27,321.04,304.25,305.45,182382.0,312.32,1564,False
2026-01-28 15:00:00+00:00,304.4,305.35,300.25,301.15,307306.0,303.069,2303,True
2026-01-28 16:00:00+00:00,301.65,305.59,300.39,303.5,342010.0,302.602,2567,True
2026-01-28 17:00:00+00:00,303.55,304.8,301.84,302.0,146168.0,303.401,1423,True
2026-01-28 18:00:00+00:00,302.3,310.0,301.59,307.59,255961.0,306.03,1659,True
2026-01-28 19:00:00+00:00,307.13,312.74,301.81,308.05,204201.0,309.194,1930,True
2026-01-28 20:00:00+00:00,308.11,310.5,306.01,307.02,221863.0,307.498,2591,True
2026-01-28 21:00:00+00:00,306.94,309.61,303.54,307.0,41650.0,306.932,9,False
2026-01-28 22:00:00+00:00,307.34,308.0,307.0,307.0,656.0,307.307,9,False
2026-01-28 23:00:00+00:00,306.94,306.94,305.61,306.5,794.0,305.846,5,False
2026-01-29 00:00:00+00:00,305.99,308.44,305.1,306.39,745.0,306.707,6,False
2026-01-29 09:00:00+00:00,309.0,310.53,309.0,310.5,602.0,309.99,6,False
2026-01-29 10:00:00+00:00,309.74,309.74,308.47,308.5,348.0,308.671,4,False
2026-01-29 11:00:00+00:00,308.5,308.8,308.49,308.8,231.0,308.635,5,False
2026-01-29 12:00:00+00:00,308.0,308.0,307.17,308.0,335.0,307.876,4,False
2026-01-29 13:00:00+00:00,308.11,309.46,305.46,307.54,2084.0,307.568,21,False
2026-01-29 14:00:00+00:00,305.0,306.0,297.78,298.13,96088.0,301.464,624,False
2026-01-29 15:00:00+00:00,298.01,299.53,289.39,290.86,155929.0,293.675,1527,True
2026-01-29 16:00:00+00:00,290.6,293.7,289.52,291.17,116815.0,291.383,1246,True
2026-01-29 17:00:00+00:00,290.65,292.86,288.5,288.66,196613.0,291.14,1751,True
2026-01-29 18:00:00+00:00,288.5,292.0,288.29,288.5,96915.0,289.774,996,True
2026-01-29 19:00:00+00:00,289.02,294.52,288.3,290.9,202976.0,292.031,1660,True
2026-01-29 20:00:00+00:00,290.61,293.34,289.18,293.22,197778.0,291.368,2112,True
2026-01-29 21:00:00+00:00,293.22,293.22,290.39,292.41,73948.0,293.202,36,False
2026-01-29 22:00:00+00:00,292.05,292.76,292.05,292.16,842.0,292.363,3,False
2026-01-29 23:00:00+00:00,292.07,292.85,292.07,292.85,546.0,292.207,2,False
2026-01-30 00:00:00+00:00,292.5,293.3,291.5,293.3,545.0,292.126,5,False
2026-01-30 09:00:00+00:00,288.05,288.05,284.5,284.5,1068.0,286.289,12,False
2026-01-30 10:00:00+00:00,285.96,286.0,285.12,286.0,3136.0,285.951,16,False
2026-01-30 11:00:00+00:00,288.95,289.0,288.94,289.0,326.0,288.977,6,False
2026-01-30 12:00:00+00:00,290.71,290.71,290.45,290.45,383.0,290.484,2,False
2026-01-30 13:00:00+00:00,286.24,292.7,284.0,288.31,2898.0,288.138,28,False
2026-01-30 14:00:00+00:00,288.77,292.7,281.5,281.84,113343.0,285.871,1029,False
2026-01-30 15:00:00+00:00,282.69,288.21,281.58,284.38,103202.0,284.413,1242,True
2026-01-30 16:00:00+00:00,284.12,285.42,279.26,280.17,108046.0,281.273,1351,True
2026-01-30 17:00:00+00:00,280.17,280.99,278.69,279.1,73612.0,279.963,873,True
2026-01-30 18:00:00+00:00,278.68,281.49,276.76,280.59,73110.0,278.703,1019,True
2026-01-30 19:00:00+00:00,280.22,282.31,278.69,280.54,79453.0,280.984,970,True
2026-01-30 20:00:00+00:00,280.5,281.27,277.06,278.73,130899.0,278.452,1942,True
2026-01-30 21:00:00+00:00,278.73,282.0,278.0,279.45,89456.0,278.412,23,False
2026-01-30 22:00:00+00:00,279.03,279.49,278.94,279.48,681.0,279.097,10,False
2026-01-30 23:00:00+00:00,278.94,278.94,276.88,278.64,697.0,278.022,6,False
2026-01-31 00:00:00+00:00,278.39,278.9,278.0,278.9,394.0,278.455,4,False
2026-02-02 09:00:00+00:00,271.61,271.61,266.88,271.0,2407.0,268.932,24,False
2026-02-02 10:00:00+00:00,271.9,272.1,271.82,272.0,299.0,271.954,5,False
2026-02-02 11:00:00+00:00,272.0,273.0,272.0,273.0,324.0,272.524,4,False
2026-02-02 12:00:00+00:00,274.19,275.95,274.19,275.9,1015.0,275.282,15,False
2026-02-02 13:00:00+00:00,266.3,275.0,264.0,275.0,3526.0,269.59,38,False
2026-02-02 14:00:00+00:00,275.01,277.0,265.51,266.11,131736.0,271.572,1439,False
2026-02-02 15:00:00+00:00,265.5,274.57,265.5,268.08,173842.0,271.03,2202,True
2026-02-02 16:00:00+00:00,268.22,269.43,265.6,267.0,94820.0,268.044,993,True
2026-02-02 17:00:00+00:00,266.81,270.02,266.4,269.36,116952.0,268.552,1081,True
2026-02-02 18:00:00+00:00,269.36,271.75,268.44,270.59,163801.0,269.778,1379,True
2026-02-02 19:00:00+00:00,270.5,271.69,267.95,268.07,267770.0,270.651,1928,True
2026-02-02 20:00:00+00:00,268.07,270.51,266.68,269.88,229756.0,269.351,2519,True
2026-02-02 21:00:00+00:00,269.99,272.0,269.99,270.01,98645.0,269.996,17,False
2026-02-02 22:00:00+00:00,270.01,271.34,270.01,270.03,364.0,270.667,6,False
2026-02-02 23:00:00+00:00,270.8,270.8,270.23,270.23,150.0,270.42,2,False
2026-02-03 00:00:00+00:00,270.99,271.6,270.49,270.49,527.0,271.068,5,False
2026-02-03 09:00:00+00:00,273.16,273.16,273.13,273.14,188.0,273.139,4,False
2026-02-03 10:00:00+00:00,273.98,275.0,273.98,274.81,1128.0,274.195,8,False
2026-02-03 11:00:00+00:00,274.8,275.0,274.45,274.45,412.0,274.659,8,False
2026-02-03 12:00:00+00:00,273.96,274.0,273.0,273.2,635.0,273.577,12,False
2026-02-03 13:00:00+00:00,272.5,274.5,271.51,273.0,2160.0,273.368,34,False
2026-02-03 14:00:00+00:00,272.55,278.44,270.06,271.9,118180.0,273.508,1201,False
2026-02-03 15:00:00+00:00,271.88,283.62,270.94,281.06,154701.0,278.829,1919,True
2026-02-03 16:00:00+00:00,281.7,282.18,275.3,278.69,95181.0,278.142,886,True
2026-02-03 17:00:00+00:00,278.5,279.77,276.0,276.98,62223.0,278.072,708,True
2026-02-03 18:00:00+00:00,276.14,277.33,272.91,272.91,72571.0,275.074,972,True
2026-02-03 19:00:00+00:00,273.03,280.26,272.5,279.82,75464.0,276.113,966,True
2026-02-03 20:00:00+00:00,279.46,285.59,279.11,285.51,143844.0,283.24,2021,True
2026-02-03 21:00:00+00:00,285.41,287.5,284.84,285.0,85129.0,285.415,24,False
2026-02-03 22:00:00+00:00,284.09,286.35,284.0,284.5,1526.0,285.363,15,False
2026-02-03 23:00:00+00:00,285.0,285.5,285.0,285.5,395.0,285.378,6,False
2026-02-04 00:00:00+00:00,286.35,286.35,286.0,286.35,554.0,286.292,7,False
2026-02-04 09:00:00+00:00,290.0,292.7,287.35,288.0,751.0,288.783,11,False
2026-02-04 10:00:00+00:00,288.0,289.5,288.0,288.5,354.0,288.709,7,False
2026-02-04 11:00:00+00:00,289.21,289.21,289.21,289.21,50.0,289.21,1,False
2026-02-04 12:00:00+00:00,288.3,289.0,287.21,287.37,826.0,288.367,16,False
2026-02-04 13:00:00+00:00,290.12,293.0,286.0,286.0,3239.0,288.437,40,False
2026-02-04 14:00:00+00:00,286.0,288.0,266.0,266.87,118305.0,276.349,1123,False
2026-02-04 15:00:00+00:00,266.56,270.0,259.15,260.6,219008.0,264.914,2191,True
2026-02-04 16:00:00+00:00,260.95,261.03,252.1,254.49,243208.0,255.299,2164,True
2026-02-04 17:00:00+00:00,254.93,254.93,246.02,248.85,144507.0,249.424,1819,True
2026-02-04 18:00:00+00:00,248.91,254.46,246.4,251.47,171507.0,251.008,2180,True
2026-02-04 19:00:00+00:00,251.5,259.25,248.91,259.12,137872.0,252.484,1616,True
2026-02-04 20:00:00+00:00,259.2,260.75,256.13,257.27,235473.0,258.017,3235,True
2026-02-04 21:00:00+00:00,257.3,259.98,256.55,257.48,94967.0,257.307,19,False
2026-02-04 22:00:00+00:00,258.8,258.8,255.0,256.65,836.0,256.779,9,False
2026-02-04 23:00:00+00:00,257.21,257.55,256.23,257.5,812.0,256.848,10,False
2026-02-05 00:00:00+00:00,256.5,257.5,256.5,257.0,1900.0,257.114,20,False
2026-02-05 09:00:00+00:00,258.03,258.03,258.03,258.03,40.0,258.03,1,False
2026-02-05 10:00:00+00:00,258.03,258.03,258.03,258.03,0.0,258.03,0,False
2026-02-05 11:00:00+00:00,258.03,258.03,258.03,258.03,0.0,258.03,0,False
2026-02-05 12:00:00+00:00,256.59,256.59,249.77,249.77,1304.0,252.541,20,False
2026-02-05 13:00:00+00:00,257.3,257.3,247.77,247.77,10336.0,251.035,55,False
2026-02-05 14:00:00+00:00,247.01,257.99,246.0,250.56,140830.0,251.945,1350,False
2026-02-05 15:00:00+00:00,250.0,250.18,242.18,243.94,221287.0,244.98,2389,True
2026-02-05 16:00:00+00:00,244.07,244.23,239.0,241.53,190447.0,241.558,2603,True
2026-02-05 17:00:00+00:00,241.24,243.99,239.03,241.03,93077.0,241.091,1441,True
2026-02-05 18:00:00+00:00,240.83,241.2,237.72,238.29,68245.0,239.118,1024,True
2026-02-05 19:00:00+00:00,237.99,240.57,237.13,238.23,86257.0,238.697,1322,True
2026-02-05 20:00:00+00:00,238.23,239.38,234.0,236.87,247111.0,235.98,3422,True
2026-02-05 21:00:00+00:00,236.75,238.0,233.17,234.12,106876.0,236.868,20,False
2026-02-05 22:00:00+00:00,236.5,236.5,233.17,233.87,3398.0,233.635,31,False
2026-02-05 23:00:00+00:00,233.28,233.58,230.0,230.55,2501.0,231.734,32,False
2026-02-06 00:00:00+00:00,230.5,230.51,230.0,230.1,572.0,230.248,7,False
2026-02-06 09:00:00+00:00,235.03,246.5,235.02,245.45,907.0,244.43,15,False
2026-02-06 10:00:00+00:00,246.0,249.5,246.0,249.5,1726.0,246.892,32,False
2026-02-06 11:00:00+00:00,251.02,252.0,247.0,247.0,1078.0,248.894,21,False
2026-02-06 12:00:00+00:00,246.04,246.51,243.02,245.0,1684.0,244.941,30,False
2026-02-06 13:00:00+00:00,248.99,252.0,234.0,245.68,9164.0,244.376,102,False
2026-02-06 14:00:00+00:00,245.64,248.0,242.14,243.48,125451.0,245.252,1384,False
2026-02-06 15:00:00+00:00,243.48,249.11,242.0,249.1,142883.0,245.577,1707,True
2026-02-06 16:00:00+00:00,248.95,256.45,247.62,256.45,157794.0,252.429,2080,True
2026-02-06 17:00:00+00:00,256.28,258.33,255.41,257.56,113004.0,257.244,1708,True
2026-02-06 18:00:00+00:00,257.64,258.45,255.76,257.96,73771.0,257.169,1157,True
2026-02-06 19:00:00+00:00,257.96,258.19,256.46,256.94,87709.0,257.404,1349,True
2026-02-06 20:00:00+00:00,256.84,258.78,256.5,257.2,224800.0,257.54,3473,True
2026-02-06 21:00:00+00:00,257.2,260.0,257.2,258.95,185145.0,257.204,14,False
2026-02-06 22:00:00+00:00,258.05,258.25,257.19,257.81,541.0,257.917,10,False
2026-02-06 23:00:00+00:00,259.32,259.9,257.22,257.23,958.0,258.435,6,False
2026-02-07 00:00:00+00:00,259.9,259.9,257.61,259.69,662.0,259.162,7,False
2026-02-09 09:00:00+00:00,259.98,262.38,258.0,258.0,2213.0,260.187,25,False
2026-02-09 10:00:00+00:00,256.0,256.0,252.0,254.85,1676.0,254.574,20,False
2026-02-09 11:00:00+00:00,253.98,257.0,253.98,257.0,200.0,255.49,2,False
2026-02-09 12:00:00+00:00,255.3,256.77,255.0,256.75,268.0,256.006,5,False
2026-02-09 13:00:00+00:00,260.9,262.58,250.4,256.5,3061.0,258.913,40,False
2026-02-09 14:00:00+00:00,256.9,261.18,253.0,257.82,103074.0,257.756,889,False
2026-02-09 15:00:00+00:00,257.84,267.0,257.01,266.6,117264.0,262.52,1310,True
2026-02-09 16:00:00+00:00,266.6,271.86,265.26,271.23,138236.0,268.836,1527,True
2026-02-09 17:00:00+00:00,271.21,272.92,269.32,269.57,77601.0,270.976,929,True
2026-02-09 18:00:00+00:00,269.53,270.83,266.6,270.83,47190.0,269.077,597,True
2026-02-09 19:00:00+00:00,270.48,272.74,269.98,271.97,87625.0,271.683,856,True
2026-02-09 20:00:00+00:00,271.67,274.99,271.41,274.49,174012.0,273.634,2140,True
2026-02-09 21:00:00+00:00,274.35,279.0,274.35,275.0,105158.0,274.397,46,False
2026-02-09 22:00:00+00:00,274.0,278.84,274.0,278.4,1001.0,276.061,15,False
2026-02-09 23:00:00+00:00,277.89,277.98,275.0,276.02,607.0,276.101,6,False
2026-02-10 00:00:00+00:00,275.75,275.75,275.0,275.73,516.0,275.492,9,False
2026-02-10 09:00:00+00:00,277.16,277.16,276.03,276.03,90.0,276.658,2,False
2026-02-10 10:00:00+00:00,276.0,277.0,276.0,276.69,1053.0,276.279,13,False
2026-02-10 11:00:00+00:00,276.01,276.01,276.0,276.0,397.0,276.001,4,False
2026-02-10 12:00:00+00:00,276.5,276.56,276.0,276.0,694.0,276.224,12,False
2026-02-10 13:00:00+00:00,276.95,277.92,270.0,274.5,3422.0,275.582,35,False
2026-02-10 14:00:00+00:00,273.31,277.92,266.0,269.03,115963.0,271.27,1251,False
2026-02-10 15:00:00+00:00,269.03,272.88,264.5,272.36,184448.0,268.943,2049,True
2026-02-10 16:00:00+00:00,272.61,273.63,269.36,269.6,70770.0,271.756,911,True
2026-02-10 17:00:00+00:00,269.49,271.42,267.55,267.55,81672.0,269.082,1086,True
2026-02-10 18:00:00+00:00,267.68,267.73,261.52,263.02,64674.0,264.203,839,True
2026-02-10 19:00:00+00:00,263.27,266.78,263.26,264.78,66136.0,264.173,756,True
2026-02-10 20:00:00+00:00,265.23,265.84,262.2,262.92,67943.0,263.615,1068,True
2026-02-10 21:00:00+00:00,262.97,263.69,262.0,263.0,70672.0,263.258,8,False
2026-02-10 22:00:00+00:00,262.5,262.5,262.5,262.5,40.0,262.5,1,False
2026-02-10 23:00:00+00:00,262.5,262.5,262.5,262.5,0.0,262.5,0,False
2026-02-11 00:00:00+00:00,262.5,262.5,262.5,262.5,0.0,262.5,0,False
2026-02-11 09:00:00+00:00,265.0,265.0,264.69,264.69,84.0,264.852,2,False
2026-02-11 10:00:00+00:00,264.0,265.0,264.0,265.0,142.0,264.282,3,False
2026-02-11 11:00:00+00:00,265.02,265.02,265.02,265.02,50.0,265.02,1,False
2026-02-11 12:00:00+00:00,265.02,265.02,265.02,265.02,0.0,265.02,0,False
2026-02-11 13:00:00+00:00,266.35,269.9,264.5,269.9,3672.0,266.599,38,False
2026-02-11 14:00:00+00:00,269.0,270.02,250.1,251.39,103420.0,256.868,1098,False
2026-02-11 15:00:00+00:00,251.39,251.39,239.4,246.03,232965.0,243.165,2738,True
2026-02-11 16:00:00+00:00,246.32,249.47,244.18,244.18,86189.0,246.785,1140,True
2026-02-11 17:00:00+00:00,244.1,244.72,237.1,237.36,145557.0,241.376,2107,True
2026-02-11 18:00:00+00:00,237.36,241.15,236.36,240.51,110000.0,238.755,1699,True
2026-02-11 19:00:00+00:00,240.84,244.73,240.03,243.43,127787.0,242.841,1552,True
2026-02-11 20:00:00+00:00,243.21,243.94,238.79,243.39,274792.0,241.535,3776,True
2026-02-11 21:00:00+00:00,243.42,244.0,243.0,243.73,100115.0,243.42,18,False
2026-02-11 22:00:00+00:00,245.02,245.02,244.0,244.0,1121.0,244.421,13,False
2026-02-11 23:00:00+00:00,244.3,244.54,242.41,244.3,448.0,243.699,6,False
2026-02-12 00:00:00+00:00,243.42,244.13,243.42,244.05,797.0,243.887,9,False
2026-02-12 09:00:00+00:00,246.57,247.02,246.53,246.99,306.0,246.794,7,False
2026-02-12 10:00:00+00:00,247.23,248.0,247.03,248.0,481.0,247.32,6,False
2026-02-12 11:00:00+00:00,248.49,248.5,248.24,248.24,618.0,248.414,10,False
2026-02-12 12:00:00+00:00,247.64,247.78,246.2,247.49,1369.0,246.976,13,False
2026-02-12 13:00:00+00:00,248.45,251.98,245.52,249.87,9361.0,248.043,119,False
2026-02-12 14:00:00+00:00,249.21,254.29,237.5,239.2,146637.0,245.348,1435,False
2026-02-12 15:00:00+00:00,239.96,241.93,237.1,239.39,128886.0,239.477,1302,True
2026-02-12 16:00:00+00:00,239.61,239.74,233.78,235.15,121032.0,236.568,1619,True
2026-02-12 17:00:00+00:00,235.3,241.58,234.06,237.64,76129.0,238.095,1029,True
2026-02-12 18:00:00+00:00,237.61,239.06,236.0,237.13,63262.0,237.234,1031,True
2026-02-12 19:00:00+00:00,237.46,239.01,236.0,237.51,54036.0,237.255,834,True
2026-02-12 20:00:00+00:00,237.71,238.12,234.02,235.12,223910.0,235.291,2935,True
2026-02-12 21:00:00+00:00,234.9,237.1,234.37,237.1,69730.0,235.13,18,False
2026-02-12 22:00:00+00:00,236.99,236.99,236.03,236.03,220.0,236.776,4,False
2026-02-12 23:00:00+00:00,237.51,237.52,237.5,237.5,239.0,237.505,3,False
2026-02-13 00:00:00+00:00,236.14,239.53,236.14,238.0,1120.0,238.12,6,False
2026-02-13 10:00:00+00:00,235.55,235.55,235.55,235.55,40.0,235.55,1,False
2026-02-13 11:00:00+00:00,235.7,235.7,235.0,235.0,185.0,235.442,4,False
2026-02-13 12:00:00+00:00,234.04,234.36,233.8,234.0,686.0,234.114,9,False
2026-02-13 13:00:00+00:00,238.0,238.0,232.0,237.33,6632.0,234.921,80,False
2026-02-13 14:00:00+00:00,237.0,243.7,234.0,240.17,68551.0,239.168,602,False
2026-02-13 15:00:00+00:00,240.21,248.6,239.9,245.01,89048.0,244.067,905,True
2026-02-13 16:00:00+00:00,246.0,247.53,243.0,245.4,41610.0,245.284,460,True
2026-02-13 17:00:00+00:00,244.65,246.0,242.39,245.65,42036.0,244.233,476,True
2026-02-13 18:00:00+00:00,245.86,246.75,244.32,245.17,36515.0,245.604,578,True
2026-02-13 19:00:00+00:00,245.31,246.2,243.49,244.79,51051.0,244.904,777,True
2026-02-13 20:00:00+00:00,244.9,245.84,242.17,243.7,79111.0,243.786,1212,True
2026-02-13 21:00:00+00:00,243.87,246.0,242.87,246.0,70893.0,243.875,18,False
2026-02-13 22:00:00+00:00,246.8,246.8,245.0,245.0,252.0,246.429,2,False
2026-02-13 23:00:00+00:00,243.32,243.32,243.31,243.32,45.0,243.32,1,False
2026-02-14 00:00:00+00:00,244.82,244.82,243.25,243.25,1091.0,244.395,4,False
2026-02-17 09:00:00+00:00,250.32,250.6,249.35,250.6,989.0,249.717,18,False
2026-02-17 10:00:00+00:00,250.07,250.5,250.0,250.0,603.0,250.095,7,False
2026-02-17 11:00:00+00:00,249.51,252.35,249.51,252.25,1291.0,250.975,19,False
2026-02-17 12:00:00+00:00,251.21,253.49,251.0,252.2,4285.0,252.231,54,False
2026-02-17 13:00:00+00:00,253.5,254.0,243.11,251.72,19250.0,250.452,204,False
2026-02-17 14:00:00+00:00,250.84,263.0,250.81,253.3,282524.0,257.65,2428,False
2026-02-17 15:00:00+00:00,253.82,258.99,252.3,257.04,106528.0,255.729,1213,True
2026-02-17 16:00:00+00:00,257.51,265.85,257.51,265.01,122554.0,262.492,1318,True
2026-02-17 17:00:00+00:00,265.25,265.5,260.53,262.3,85362.0,263.193,963,True
2026-02-17 18:00:00+00:00,262.07,266.21,261.26,265.46,61417.0,264.277,806,True
2026-02-17 19:00:00+00:00,265.71,266.09,263.29,264.49,64922.0,264.784,759,True
2026-02-17 20:00:00+00:00,264.77,265.7,260.3,263.13,155920.0,262.719,1926,True
2026-02-17 21:00:00+00:00,262.99,265.0,262.0,264.78,102032.0,263.01,26,False
2026-02-17 22:00:00+00:00,264.0,265.88,264.0,265.22,1579.0,265.319,19,False
2026-02-17 23:00:00+00:00,265.28,265.28,264.12,265.0,882.0,264.882,11,False
2026-02-18 00:00:00+00:00,264.77,264.84,264.22,264.83,3462.0,264.682,25,False
2026-02-18 09:00:00+00:00,268.03,268.53,267.5,268.4,1395.0,268.233,13,False
2026-02-18 10:00:00+00:00,267.95,269.5,267.0,269.5,2614.0,268.518,35,False
2026-02-18 11:00:00+00:00,269.66,269.78,267.89,267.89,1948.0,269.107,14,False
2026-02-18 12:00:00+00:00,267.5,268.6,266.51,267.02,2895.0,267.418,45,False
2026-02-18 13:00:00+00:00,267.55,271.5,266.0,267.16,10229.0,267.865,88,False
2026-02-18 14:00:00+00:00,267.15,269.62,258.86,262.33,137195.0,263.604,1079,False
2026-02-18 15:00:00+00:00,262.35,267.5,262.0,266.12,94092.0,265.476,846,True
2026-02-18 16:00:00+00:00,266.44,268.5,265.52,266.54,84082.0,267.042,768,True
2026-02-18 17:00:00+00:00,266.5,267.83,265.34,267.35,32939.0,266.772,373,True
2026-02-18 18:00:00+00:00,267.53,269.3,266.16,268.31,48481.0,268.063,525,True
2026-02-18 19:00:00+00:00,268.0,268.9,263.62,263.62,88799.0,266.916,847,True
2026-02-18 20:00:00+00:00,263.88,266.5,260.79,265.49,89247.0,264.148,1236,True
2026-02-18 21:00:00+00:00,265.46,267.0,265.46,266.64,46328.0,265.48,11,False
2026-02-18 22:00:00+00:00,266.69,266.69,266.0,266.0,143.0,266.478,2,False
2026-02-18 23:00:00+00:00,266.0,266.0,266.0,266.0,0.0,266.0,0,False
2026-02-19 00:00:00+00:00,267.0,267.0,266.67,266.85,250.0,266.844,5,False
2026-02-19 09:00:00+00:00,267.32,267.34,266.6,266.6,213.0,267.168,5,False
2026-02-19 10:00:00+00:00,267.7,272.26,267.7,269.06,4303.0,270.11,41,False
2026-02-19 11:00:00+00:00,270.5,270.5,269.03,269.03,990.0,269.934,9,False
2026-02-19 12:00:00+00:00,269.24,273.4,269.18,272.75,2807.0,272.149,29,False
2026-02-19 13:00:00+00:00,269.19,273.88,266.1,273.0,13891.0,271.065,137,False
2026-02-19 14:00:00+00:00,271.89,276.88,264.83,274.51,160230.0,271.67,1366,False
2026-02-19 15:00:00+00:00,274.09,285.77,272.11,283.5,213606.0,279.947,2559,True
2026-02-19 16:00:00+00:00,283.36,284.56,275.41,276.43,118535.0,279.319,1309,True
2026-02-19 17:00:00+00:00,276.09,278.07,273.22,273.31,79978.0,275.938,828,True
2026-02-19 18:00:00+00:00,273.86,276.18,271.74,275.3,49576.0,273.709,653,True
2026-02-19 19:00:00+00:00,275.13,278.8,274.8,278.11,64216.0,277.285,732,True
2026-02-19 20:00:00+00:00,278.61,282.22,278.01,281.66,145591.0,280.39,1770,True
2026-02-19 21:00:00+00:00,281.67,283.16,281.67,282.26,88934.0,281.694,51,False
2026-02-19 22:00:00+00:00,282.63,285.0,282.63,284.49,2247.0,284.145,22,False
2026-02-19 23:00:00+00:00,285.01,287.29,285.0,286.0,2661.0,285.694,26,False
2026-02-20 00:00:00+00:00,285.5,285.87,285.01,285.5,581.0,285.491,10,False
2026-02-20 09:00:00+00:00,286.57,288.45,285.5,286.98,7373.0,287.492,52,False
2026-02-20 10:00:00+00:00,287.0,287.77,286.03,286.03,366.0,287.343,5,False
2026-02-20 11:00:00+00:00,286.04,286.55,285.01,285.5,634.0,285.442,13,False
2026-02-20 12:00:00+00:00,285.0,285.45,284.06,284.32,1480.0,284.6,23,False
2026-02-20 13:00:00+00:00,284.66,288.0,282.28,284.25,17744.0,284.093,164,False
2026-02-20 14:00:00+00:00,284.41,285.5,274.23,276.81,143759.0,279.233,1154,False
2026-02-20 15:00:00+00:00,276.81,285.0,272.07,275.92,133869.0,277.203,1308,True
2026-02-20 16:00:00+00:00,275.69,279.88,272.4,273.5,63904.0,275.008,645,True
2026-02-20 17:00:00+00:00,273.39,273.39,264.5,267.39,129288.0,267.453,1322,True
2026-02-20 18:00:00+00:00,267.66,270.89,264.04,270.88,68545.0,267.735,817,True
2026-02-20 19:00:00+00:00,270.69,270.99,264.2,264.99,47513.0,267.903,599,True
2026-02-20 20:00:00+00:00,264.21,267.23,263.95,264.63,110583.0,265.062,1485,True
2026-02-20 21:00:00+00:00,264.63,265.99,264.63,264.65,68118.0,264.635,14,False
2026-02-20 22:00:00+00:00,264.75,265.4,264.75,265.14,502.0,265.107,9,False
2026-02-20 23:00:00+00:00,265.2,265.26,264.63,264.7,1313.0,265.036,9,False
2026-02-21 00:00:00+00:00,264.7,265.5,264.7,264.7,699.0,265.232,10,False
2026-02-23 09:00:00+00:00,261.38,261.48,260.01,261.48,775.0,260.75,10,False
2026-02-23 10:00:00+00:00,261.01,261.01,260.1,260.1,638.0,260.787,7,False
2026-02-23 11:00:00+00:00,260.99,261.0,260.5,260.5,155.0,260.778,3,False
2026-02-23 12:00:00+00:00,260.18,260.4,258.08,258.5,2220.0,259.209,29,False
2026-02-23 13:00:00+00:00,260.1,262.5,258.0,260.4,5330.0,260.162,53,False
2026-02-23 14:00:00+00:00,260.0,266.0,255.0,265.41,81946.0,259.303,823,False
2026-02-23 15:00:00+00:00,264.25,267.5,259.52,259.74,53155.0,262.938,652,True
2026-02-23 16:00:00+00:00,260.0,263.22,258.57,261.03,44972.0,260.549,504,True
2026-02-23 17:00:00+00:00,261.03,263.0,258.99,260.74,89154.0,260.44,706,True
2026-02-23 18:00:00+00:00,260.74,261.45,258.59,258.92,65976.0,260.531,589,True
2026-02-23 19:00:00+00:00,258.62,261.59,258.51,260.97,52738.0,259.609,614,True
2026-02-23 20:00:00+00:00,261.02,262.59,260.27,261.4,76590.0,261.134,978,True
2026-02-23 21:00:00+00:00,261.33,261.33,256.0,256.76,64190.0,260.875,64,False
2026-02-23 22:00:00+00:00,256.76,256.76,256.76,256.76,0.0,256.76,0,False
2026-02-23 23:00:00+00:00,258.0,258.0,257.13,257.5,180.0,257.529,3,False
2026-02-24 00:00:00+00:00,258.0,259.37,257.46,259.37,772.0,258.285,8,False
2026-02-24 09:00:00+00:00,259.37,259.37,256.0,256.03,295.0,256.721,5,False
2026-02-24 10:00:00+00:00,256.9,256.9,256.75,256.75,92.0,256.818,2,False
2026-02-24 11:00:00+00:00,256.96,257.0,256.9,257.0,340.0,256.953,5,False
2026-02-24 12:00:00+00:00,257.98,258.5,257.98,258.0,265.0,258.165,5,False
2026-02-24 13:00:00+00:00,258.0,259.38,256.42,258.63,1623.0,257.889,24,False
2026-02-24 14:00:00+00:00,258.61,258.62,246.15,253.94,115866.0,252.486,1146,False
2026-02-24 15:00:00+00:00,254.09,262.17,253.5,258.03,43996.0,258.736,571,True
2026-02-24 16:00:00+00:00,258.03,261.78,257.55,259.56,34235.0,259.465,434,True
2026-02-24 17:00:00+00:00,259.9,260.71,258.59,260.02,28496.0,259.885,306,True
2026-02-24 18:00:00+00:00,260.22,263.99,260.2,263.03,27148.0,261.87,339,True
2026-02-24 19:00:00+00:00,262.73,265.9,262.14,262.66,32711.0,263.805,331,True
2026-02-24 20:00:00+00:00,262.94,264.19,261.98,262.26,85583.0,262.858,1182,True
2026-02-24 21:00:00+00:00,262.25,262.4,261.5,262.25,64646.0,262.249,22,False
2026-02-24 22:00:00+00:00,262.5,262.5,260.4,262.0,399.0,262.058,8,False
2026-02-24 23:00:00+00:00,262.42,262.42,261.25,261.25,601.0,261.359,9,False
2026-02-25 00:00:00+00:00,262.33,262.33,262.25,262.33,1279.0,262.32,9,False
2026-02-25 10:00:00+00:00,261.63,261.63,261.63,261.63,40.0,261.63,1,False
2026-02-25 11:00:00+00:00,261.63,261.63,261.63,261.63,0.0,261.63,0,False
2026-02-25 12:00:00+00:00,263.5,263.9,263.5,263.9,93.0,263.728,2,False
2026-02-25 13:00:00+00:00,263.0,267.69,261.0,266.25,3627.0,264.913,37,False
2026-02-25 14:00:00+00:00,267.49,267.49,257.77,261.89,57392.0,262.168,567,False
2026-02-25 15:00:00+00:00,262.22,263.68,257.22,263.27,40101.0,260.142,539,True
2026-02-25 16:00:00+00:00,263.52,264.66,256.0,263.47,59399.0,260.329,856,True
2026-02-25 17:00:00+00:00,263.54,263.92,261.0,261.86,39925.0,262.434,568,True
2026-02-25 18:00:00+00:00,261.71,262.21,260.13,261.43,29004.0,261.244,411,True
2026-02-25 19:00:00+00:00,261.43,262.7,260.0,260.59,53864.0,261.196,632,True
2026-02-25 20:00:00+00:00,260.54,260.86,254.55,255.22,134704.0,256.575,1849,True
2026-02-25 21:00:00+00:00,255.22,259.29,255.22,255.38,77483.0,255.244,26,False
2026-02-25 22:00:00+00:00,256.0,256.0,255.56,255.7,359.0,255.707,5,False
2026-02-25 23:00:00+00:00,257.08,257.08,255.22,255.3,806.0,256.339,9,False
2026-02-26 00:00:00+00:00,255.2,256.0,254.4,256.0,1271.0,255.374,9,False
2026-02-26 09:00:00+00:00,257.0,257.0,257.0,257.0,40.0,257.0,1,False
2026-02-26 10:00:00+00:00,258.94,258.94,258.94,258.94,40.0,258.94,1,False
2026-02-26 11:00:00+00:00,257.01,257.01,257.01,257.01,40.0,257.01,1,False
2026-02-26 12:00:00+00:00,257.06,258.2,256.59,258.02,1004.0,257.461,23,False
2026-02-26 13:00:00+00:00,257.5,261.99,257.0,258.62,10933.0,259.015,63,False
2026-02-26 14:00:00+00:00,259.15,259.15,252.0,256.75,45933.0,256.037,350,False
2026-02-26 15:00:00+00:00,256.75,261.0,254.59,259.3,77122.0,257.941,738,True
2026-02-26 16:00:00+00:00,259.0,261.21,253.03,253.82,52177.0,257.547,562,True
2026-02-26 17:00:00+00:00,253.58,255.05,251.0,252.11,46650.0,253.378,446,True
2026-02-26 18:00:00+00:00,252.09,255.99,250.71,253.81,39320.0,253.493,428,True
2026-02-26 19:00:00+00:00,254.08,259.27,253.98,256.6,39270.0,256.923,418,True
2026-02-26 20:00:00+00:00,257.03,260.21,256.72,259.45,100326.0,259.166,1281,True
2026-02-26 21:00:00+00:00,259.62,260.13,256.04,259.0,54663.0,259.601,22,False
2026-02-26 22:00:00+00:00,258.3,258.3,255.28,255.29,300.0,256.475,4,False
2026-02-26 23:00:00+00:00,255.31,258.0,255.31,258.0,1037.0,257.214,7,False
2026-02-27 00:00:00+00:00,257.0,258.0,257.0,258.0,108.0,257.537,2,False
2026-02-27 09:00:00+00:00,258.44,258.44,257.0,257.0,178.0,257.339,4,False
2026-02-27 10:00:00+00:00,255.23,256.01,255.23,256.01,80.0,255.62,2,False
2026-02-27 11:00:00+00:00,256.67,256.67,256.67,256.67,50.0,256.67,1,False
2026-02-27 12:00:00+00:00,255.0,256.0,254.01,255.0,538.0,255.444,8,False
2026-02-27 13:00:00+00:00,255.78,257.35,252.02,253.0,4059.0,254.592,32,False
2026-02-27 14:00:00+00:00,253.63,254.73,245.05,248.54,98458.0,249.794,900,False
2026-02-27 15:00:00+00:00,248.36,251.0,245.43,247.54,95324.0,247.808,911,True
2026-02-27 16:00:00+00:00,247.74,249.46,246.0,248.05,51898.0,247.843,574,True
2026-02-27 17:00:00+00:00,248.24,248.76,245.15,245.98,58788.0,246.657,579,True
2026-02-27 18:00:00+00:00,245.95,246.02,243.0,244.48,56526.0,244.188,629,True
2026-02-27 19:00:00+00:00,244.08,248.44,243.8,246.92,57555.0,246.124,665,True
2026-02-27 20:00:00+00:00,247.0,252.8,246.92,252.27,120320.0,250.942,1459,True
2026-02-27 21:00:00+00:00,252.25,252.49,251.0,251.88,96488.0,252.243,11,False
2026-02-27 22:00:00+00:00,252.59,252.59,252.58,252.58,284.0,252.588,5,False
2026-02-27 23:00:00+00:00,252.5,252.5,252.5,252.5,48.0,252.5,1,False
2026-02-28 00:00:00+00:00,252.25,252.59,252.25,252.58,2676.0,252.272,6,False
2026-03-02 09:00:00+00:00,278.7,284.0,273.18,282.85,8262.0,281.14,133,False
2026-03-02 10:00:00+00:00,283.67,287.01,283.51,287.0,6651.0,285.382,102,False
2026-03-02 11:00:00+00:00,286.55,286.88,280.0,280.01,8041.0,283.691,100,False
2026-03-02 12:00:00+00:00,280.0,281.73,276.0,276.24,17955.0,278.009,209,False
2026-03-02 13:00:00+00:00,277.0,289.01,275.2,280.0,84507.0,280.003,701,False
2026-03-02 14:00:00+00:00,280.5,302.85,279.0,300.91,852059.0,292.004,6751,False
2026-03-02 15:00:00+00:00,301.0,303.0,268.03,270.1,1140699.0,287.873,9907,True
2026-03-02 16:00:00+00:00,270.4,270.51,211.85,216.3,2845127.0,233.097,24333,True
2026-03-02 17:00:00+00:00,216.36,216.5,199.49,202.0,1729422.0,206.814,15174,True
2026-03-02 18:00:00+00:00,202.0,207.77,196.22,202.91,1454475.0,203.065,12716,True
2026-03-02 19:00:00+00:00,202.79,206.5,199.0,201.69,1034375.0,203.091,8532,True
2026-03-02 20:00:00+00:00,201.7,209.2,199.2,208.18,1436448.0,205.22,12513,True
2026-03-02 21:00:00+00:00,208.32,210.78,207.17,209.56,261614.0,208.485,384,False
2026-03-02 22:00:00+00:00,209.61,213.45,209.61,212.21,44418.0,211.845,364,False
2026-03-02 23:00:00+00:00,212.61,214.75,210.46,214.5,20544.0,212.649,185,False
2026-03-03 00:00:00+00:00,214.5,215.24,213.0,213.1,20790.0,214.531,162,False
2026-03-03 09:00:00+00:00,210.87,212.57,207.1,208.52,10030.0,210.722,135,False
2026-03-03 10:00:00+00:00,209.0,213.8,209.0,213.8,4296.0,211.47,64,False
2026-03-03 11:00:00+00:00,213.99,216.39,213.85,214.45,8702.0,215.102,102,False
2026-03-03 12:00:00+00:00,214.72,222.12,212.01,220.35,64743.0,218.676,674,False
2026-03-03 13:00:00+00:00,220.3,222.0,208.0,215.85,94314.0,217.13,801,False
2026-03-03 14:00:00+00:00,216.11,226.96,211.06,223.63,997356.0,219.351,8767,False
2026-03-03 15:00:00+00:00,224.0,230.9,220.0,223.63,1032269.0,225.785,8824,True
2026-03-03 16:00:00+00:00,223.46,231.14,222.29,230.17,550925.0,227.567,4648,True
2026-03-03 17:00:00+00:00,230.17,235.66,228.9,232.58,425412.0,232.447,3797,True
2026-03-03 18:00:00+00:00,232.81,237.0,230.37,231.38,296588.0,233.527,2662,True
2026-03-03 19:00:00+00:00,231.3,232.71,227.17,230.52,273056.0,229.654,2647,True
2026-03-03 20:00:00+00:00,230.3,233.16,227.3,228.27,480415.0,229.869,5565,True
2026-03-03 21:00:00+00:00,228.3,229.0,225.0,226.39,132870.0,228.099,143,False
2026-03-03 22:00:00+00:00,226.7,227.5,226.08,227.44,2429.0,226.87,33,False
2026-03-03 23:00:00+00:00,227.5,227.5,226.6,226.7,1805.0,227.014,20,False
2026-03-04 00:00:00+00:00,226.25,227.48,226.0,226.75,4933.0,226.989,36,False
2026-03-04 09:00:00+00:00,227.0,228.92,225.58,228.92,2764.0,227.396,48,False
2026-03-04 10:00:00+00:00,229.0,229.11,227.97,228.06,2660.0,228.346,45,False
2026-03-04 11:00:00+00:00,228.2,230.0,228.1,228.1,1645.0,229.112,24,False
2026-03-04 12:00:00+00:00,228.01,229.01,226.25,227.6,5876.0,227.064,40,False
2026-03-04 13:00:00+00:00,228.3,230.0,223.0,228.3,21367.0,226.892,199,False
2026-03-04 14:00:00+00:00,227.98,231.32,221.45,226.25,272377.0,225.115,2238,False
2026-03-04 15:00:00+00:00,226.25,230.24,224.96,228.2,198291.0,227.632,1866,True
2026-03-04 16:00:00+00:00,228.2,230.01,225.93,227.36,121602.0,227.796,1218,True
2026-03-04 17:00:00+00:00,227.71,228.31,225.3,226.63,86899.0,226.959,875,True
2026-03-04 18:00:00+00:00,226.75,227.06,223.99,226.36,110610.0,225.477,1078,True
2026-03-04 19:00:00+00:00,226.58,228.21,223.63,225.43,150492.0,225.531,1924,True
2026-03-04 20:00:00+00:00,225.67,228.5,224.87,226.33,229749.0,226.698,3273,True
2026-03-04 21:00:00+00:00,226.48,226.65,225.21,226.39,136663.0,226.478,47,False
2026-03-04 22:00:00+00:00,225.9,226.57,225.24,226.0,3158.0,225.951,27,False
2026-03-04 23:00:00+00:00,226.0,226.29,225.5,226.0,769.0,225.959,10,False
2026-03-05 00:00:00+00:00,225.95,226.25,225.8,226.15,2124.0,226.085,17,False
2026-03-05 09:00:00+00:00,228.95,228.95,228.45,228.45,1171.0,228.652,20,False
2026-03-05 10:00:00+00:00,229.09,230.3,229.09,230.0,1216.0,229.722,16,False
2026-03-05 11:00:00+00:00,229.98,230.78,229.72,229.94,1537.0,230.241,21,False
2026-03-05 12:00:00+00:00,230.01,233.44,230.0,232.06,5920.0,232.042,60,False
2026-03-05 13:00:00+00:00,231.0,233.88,227.5,230.0,23723.0,231.333,205,False
2026-03-05 14:00:00+00:00,229.99,235.3,223.7,225.25,245463.0,229.13,2052,False
2026-03-05 15:00:00+00:00,224.9,226.0,217.0,221.5,799662.0,220.049,4142,True
2026-03-05 16:00:00+00:00,221.41,222.22,217.1,218.92,135453.0,219.069,1600,True
2026-03-05 17:00:00+00:00,219.17,220.62,213.0,214.27,158541.0,216.259,1656,True
2026-03-05 18:00:00+00:00,214.24,216.99,213.1,214.74,81699.0,214.892,895,True
2026-03-05 19:00:00+00:00,214.75,218.04,214.25,216.02,156348.0,216.112,1592,True
2026-03-05 20:00:00+00:00,216.0,222.25,215.66,220.74,200216.0,220.215,2218,True
2026-03-05 21:00:00+00:00,220.56,220.7,218.58,219.3,77541.0,220.468,49,False
2026-03-05 22:00:00+00:00,219.5,219.5,218.72,219.19,1447.0,219.218,14,False
2026-03-05 23:00:00+00:00,218.76,219.28,218.5,219.06,759.0,218.877,10,False
2026-03-06 00:00:00+00:00,219.19,220.0,219.19,219.9,6389.0,219.809,29,False
2026-03-06 09:00:00+00:00,221.8,221.8,219.29,219.29,727.0,220.871,12,False
2026-03-06 10:00:00+00:00,219.91,219.97,219.51,219.95,290.0,219.792,5,False
2026-03-06 11:00:00+00:00,219.7,220.32,219.66,219.66,449.0,219.968,7,False
2026-03-06 12:00:00+00:00,219.0,220.0,218.5,218.54,3131.0,219.266,46,False
2026-03-06 13:00:00+00:00,219.12,222.0,215.36,216.5,13059.0,218.526,126,False
2026-03-06 14:00:00+00:00,215.98,223.74,213.11,220.88,208659.0,219.214,1603,False
2026-03-06 15:00:00+00:00,221.35,228.9,221.0,224.64,303230.0,225.296,3019,True
2026-03-06 16:00:00+00:00,224.51,229.84,223.63,228.01,155462.0,227.14,1567,True
2026-03-06 17:00:00+00:00,228.0,229.98,225.3,228.1,126997.0,227.603,1256,True
2026-03-06 18:00:00+00:00,227.61,234.54,227.61,233.03,187116.0,232.036,2010,True
2026-03-06 19:00:00+00:00,232.76,235.98,231.5,233.18,167177.0,233.882,1803,True
2026-03-06 20:00:00+00:00,233.4,234.98,228.0,229.79,311416.0,230.733,3165,True
2026-03-06 21:00:00+00:00,229.8,232.58,228.0,231.05,156460.0,229.836,83,False
2026-03-06 22:00:00+00:00,232.34,232.43,230.54,230.7,2133.0,231.362,24,False
2026-03-06 23:00:00+00:00,230.75,230.9,229.0,230.4,2863.0,230.011,30,False
2026-03-07 00:00:00+00:00,230.4,230.4,229.0,230.0,2091.0,229.626,24,False
2026-03-09 08:00:00+00:00,239.5,239.5,234.49,235.92,3201.0,235.987,32,False
2026-03-09 09:00:00+00:00,235.62,235.62,232.94,232.94,11946.0,234.545,104,False
2026-03-09 10:00:00+00:00,232.94,233.1,231.63,232.54,1075.0,232.552,19,False
2026-03-09 11:00:00+00:00,233.34,233.34,228.0,230.6,5535.0,229.869,72,False
2026-03-09 12:00:00+00:00,234.9,237.97,227.08,230.0,27624.0,232.934,195,False
2026-03-09 13:00:00+00:00,230.05,231.0,219.34,224.59,275525.0,223.99,2469,False
2026-03-09 14:00:00+00:00,224.25,226.49,217.97,219.0,279418.0,221.265,2715,True
2026-03-09 15:00:00+00:00,219.31,220.95,216.56,220.41,189956.0,218.922,2001,True
2026-03-09 16:00:00+00:00,220.41,225.29,219.63,223.68,156317.0,222.27,1380,True
2026-03-09 17:00:00+00:00,224.1,224.78,221.2,223.3,112777.0,222.97,1011,True
2026-03-09 18:00:00+00:00,223.14,226.08,221.94,222.88,110505.0,223.944,1155,True
2026-03-09 19:00:00+00:00,223.0,227.96,222.46,227.26,301493.0,225.844,3321,True
2026-03-09 20:00:00+00:00,227.29,227.29,224.6,226.55,122879.0,227.234,51,False
2026-03-09 21:00:00+00:00,226.89,227.0,226.08,226.56,1957.0,226.574,22,False
2026-03-09 22:00:00+00:00,226.5,226.75,226.1,226.75,1523.0,226.549,20,False
2026-03-09 23:00:00+00:00,226.75,226.88,224.25,224.94,4893.0,225.194,37,False
2026-03-10 08:00:00+00:00,227.7,228.2,227.29,227.3,1162.0,227.836,16,False
2026-03-10 09:00:00+00:00,227.02,227.3,226.54,226.54,380.0,226.899,6,False
2026-03-10 10:00:00+00:00,226.16,227.29,226.16,227.29,694.0,226.647,10,False
2026-03-10 11:00:00+00:00,227.26,227.53,226.0,226.5,5097.0,226.969,28,False
2026-03-10 12:00:00+00:00,227.0,228.12,224.0,226.0,8207.0,226.432,81,False
2026-03-10 13:00:00+00:00,226.0,227.28,221.5,226.5,143290.0,223.897,1254,False
2026-03-10 14:00:00+00:00,226.13,226.5,221.5,223.05,174323.0,223.866,1659,True
2026-03-10 15:00:00+00:00,223.56,228.41,222.74,225.53,111085.0,225.567,1297,True
2026-03-10 16:00:00+00:00,226.3,227.25,223.76,226.59,94485.0,225.396,1220,True
2026-03-10 17:00:00+00:00,226.59,228.38,225.25,226.47,106371.0,226.729,1359,True
2026-03-10 18:00:00+00:00,226.28,228.21,222.8,222.87,137813.0,224.99,1641,True
2026-03-10 19:00:00+00:00,222.88,224.6,220.9,221.32,288096.0,222.564,3369,True
2026-03-10 20:00:00+00:00,221.68,227.0,196.15,201.06,598699.0,204.869,3872,False
2026-03-10 21:00:00+00:00,201.62,204.26,200.55,202.5,98228.0,202.243,838,False
2026-03-10 22:00:00+00:00,202.5,203.5,198.12,199.85,61093.0,200.261,458,False
2026-03-10 23:00:00+00:00,199.98,201.5,199.0,199.3,42698.0,199.824,243,False
2026-03-11 08:00:00+00:00,199.3,202.56,199.3,200.0,15746.0,201.536,118,False
2026-03-11 09:00:00+00:00,200.1,201.54,200.1,200.42,895.0,201.011,13,False
2026-03-11 10:00:00+00:00,200.32,201.9,200.02,201.26,3980.0,200.736,47,False
2026-03-11 11:00:00+00:00,201.12,201.2,197.61,199.44,31464.0,199.003,275,False
2026-03-11 12:00:00+00:00,201.21,202.5,194.26,194.5,138811.0,197.49,1107,False
2026-03-11 13:00:00+00:00,194.9,209.29,194.2,204.57,1120227.0,203.862,8513,False
2026-03-11 14:00:00+00:00,204.52,213.56,204.39,212.01,780171.0,209.597,5990,True
2026-03-11 15:00:00+00:00,212.06,213.35,204.15,205.53,515740.0,206.977,4849,True
2026-03-11 16:00:00+00:00,205.52,211.8,203.8,211.04,473065.0,207.521,5146,True
2026-03-11 17:00:00+00:00,211.08,211.6,208.25,209.27,286802.0,210.101,2858,True
2026-03-11 18:00:00+00:00,209.36,210.29,207.78,209.44,206069.0,209.232,2232,True
2026-03-11 19:00:00+00:00,209.47,209.82,205.55,207.79,539850.0,207.106,6707,True
2026-03-11 20:00:00+00:00,207.73,208.0,206.02,207.1,160793.0,207.717,49,False
2026-03-11 21:00:00+00:00,207.1,207.1,206.66,207.1,634.0,206.935,8,False
2026-03-11 22:00:00+00:00,206.75,206.92,206.05,206.44,1954.0,206.504,20,False
2026-03-11 23:00:00+00:00,206.25,206.27,204.3,204.9,7527.0,205.4,64,False
2026-03-12 08:00:00+00:00,205.21,206.32,205.21,206.32,428.0,205.844,6,False
2026-03-12 09:00:00+00:00,206.32,206.32,206.32,206.32,0.0,206.32,0,False
2026-03-12 10:00:00+00:00,206.49,206.52,206.49,206.52,221.0,206.505,3,False
2026-03-12 11:00:00+00:00,205.87,207.64,205.8,206.42,1906.0,206.589,25,False
2026-03-12 12:00:00+00:00,207.66,207.66,203.69,205.88,8512.0,205.426,75,False
2026-03-12 13:00:00+00:00,206.0,218.44,205.88,214.93,382260.0,213.942,3420,False
2026-03-12 14:00:00+00:00,214.92,219.32,207.29,211.0,436099.0,213.909,4315,True
2026-03-12 15:00:00+00:00,211.0,211.85,205.61,209.01,281299.0,208.357,2788,True
2026-03-12 16:00:00+00:00,208.78,215.45,207.36,214.77,263078.0,211.89,2989,True
2026-03-12 17:00:00+00:00,214.79,219.51,214.51,216.58,275909.0,217.508,2846,True
2026-03-12 18:00:00+00:00,216.57,218.55,216.22,216.67,99441.0,217.407,1492,True
2026-03-12 19:00:00+00:00,216.53,217.88,211.7,211.78,387239.0,213.732,4573,True
2026-03-12 20:00:00+00:00,211.72,212.5,211.01,212.11,138933.0,211.892,50,False
2026-03-12 21:00:00+00:00,212.08,212.44,212.01,212.01,877.0,212.129,12,False
2026-03-12 22:00:00+00:00,212.1,212.16,211.78,211.89,1087.0,211.885,12,False
2026-03-12 23:00:00+00:00,212.22,213.09,211.89,212.0,1610.0,212.484,16,False
2026-03-13 08:00:00+00:00,211.99,212.48,211.99,212.06,367.0,212.102,6,False
2026-03-13 09:00:00+00:00,213.36,213.37,212.77,212.77,238.0,212.97,5,False
2026-03-13 10:00:00+00:00,212.79,213.45,212.79,213.14,275.0,213.132,4,False
2026-03-13 11:00:00+00:00,213.87,214.5,213.5,214.5,1378.0,213.755,13,False
2026-03-13 12:00:00+00:00,214.0,214.68,212.06,213.62,6183.0,213.77,51,False
2026-03-13 13:00:00+00:00,213.47,220.75,213.0,216.99,124078.0,217.348,983,False
2026-03-13 14:00:00+00:00,217.6,218.65,209.0,211.51,215531.0,212.079,1838,True
2026-03-13 15:00:00+00:00,212.46,213.94,210.92,212.05,93353.0,212.512,1024,True
2026-03-13 16:00:00+00:00,212.11,212.59,208.5,208.55,93816.0,210.297,1055,True
2026-03-13 17:00:00+00:00,208.7,210.15,207.86,208.43,75419.0,208.918,933,True
2026-03-13 18:00:00+00:00,208.22,211.0,207.34,208.93,59556.0,208.634,909,True
2026-03-13 19:00:00+00:00,208.93,210.56,206.64,206.91,209936.0,207.817,2798,True
2026-03-13 20:00:00+00:00,207.07,207.9,206.69,207.08,135469.0,207.07,39,False
2026-03-13 21:00:00+00:00,206.9,207.6,206.89,207.53,4803.0,207.449,23,False
2026-03-13 22:00:00+00:00,207.53,207.6,207.1,207.4,1988.0,207.506,8,False
2026-03-13 23:00:00+00:00,207.5,207.51,207.1,207.3,2994.0,207.36,17,False
2026-03-16 08:00:00+00:00,209.0,209.5,208.25,209.5,1113.0,208.961,11,False
2026-03-16 09:00:00+00:00,208.95,209.0,208.95,209.0,981.0,208.957,8,False
2026-03-16 10:00:00+00:00,208.99,209.5,208.51,209.5,1436.0,208.985,24,False
2026-03-16 11:00:00+00:00,209.03,209.65,208.94,209.65,1751.0,209.337,34,False
2026-03-16 12:00:00+00:00,209.49,211.29,208.01,209.42,23215.0,210.003,129,False
2026-03-16 13:00:00+00:00,209.86,213.95,209.31,211.4,187153.0,211.669,1600,False
2026-03-16 14:00:00+00:00,211.49,212.58,206.8,207.78,141592.0,209.927,1517,True
2026-03-16 15:00:00+00:00,207.52,210.0,206.33,208.2,111549.0,208.384,1124,True
2026-03-16 16:00:00+00:00,208.38,209.16,206.62,208.11,74736.0,207.756,795,True
2026-03-16 17:00:00+00:00,208.4,209.74,207.56,209.1,76064.0,208.893,774,True
2026-03-16 18:00:00+00:00,209.05,213.8,209.05,212.29,172532.0,212.157,1818,True
2026-03-16 19:00:00+00:00,212.51,216.0,211.13,211.88,244943.0,212.582,2880,True
2026-03-16 20:00:00+00:00,211.88,213.0,211.19,211.99,132998.0,211.887,28,False
2026-03-16 21:00:00+00:00,212.12,212.12,211.88,212.12,750.0,212.08,12,False
2026-03-16 22:00:00+00:00,212.02,212.5,212.02,212.05,542.0,212.199,9,False
2026-03-16 23:00:00+00:00,212.5,212.5,212.0,212.0,186.0,212.162,4,False
2026-03-17 08:00:00+00:00,211.96,212.7,211.9,212.69,337.0,212.137,6,False
2026-03-17 09:00:00+00:00,212.73,212.73,212.73,212.73,54.0,212.73,1,False
2026-03-17 10:00:00+00:00,213.0,213.0,213.0,213.0,65.0,213.0,1,False
2026-03-17 11:00:00+00:00,213.08,213.51,212.79,213.0,1550.0,213.176,17,False
2026-03-17 12:00:00+00:00,213.17,213.99,211.0,213.0,5648.0,213.302,45,False
2026-03-17 13:00:00+00:00,213.01,220.3,212.33,220.3,226456.0,217.234,1912,False
2026-03-17 14:00:00+00:00,220.34,220.5,214.0,215.15,200501.0,217.148,1948,True
2026-03-17 15:00:00+00:00,215.0,215.5,210.63,212.46,131798.0,212.935,1197,True
2026-03-17 16:00:00+00:00,212.5,213.43,211.4,213.4,74461.0,212.458,818,True
2026-03-17 17:00:00+00:00,213.29,214.4,212.52,214.22,77611.0,213.505,778,True
2026-03-17 18:00:00+00:00,214.22,216.2,213.82,215.81,98867.0,215.285,908,True
2026-03-17 19:00:00+00:00,215.73,222.66,215.23,222.62,376946.0,219.801,3979,True
2026-03-17 20:00:00+00:00,222.61,225.45,222.32,222.71,159227.0,222.798,319,False
2026-03-17 21:00:00+00:00,222.95,223.3,222.3,222.3,1470.0,222.903,18,False
2026-03-17 22:00:00+00:00,222.51,222.51,222.18,222.4,2525.0,222.315,16,False
2026-03-17 23:00:00+00:00,222.4,223.48,222.4,222.55,4443.0,223.067,36,False
2026-03-18 08:00:00+00:00,222.57,224.6,222.54,224.4,1332.0,224.09,22,False
2026-03-18 09:00:00+00:00,224.2,224.68,224.01,224.44,2451.0,224.368,24,False
2026-03-18 10:00:00+00:00,224.3,224.3,223.0,223.19,1278.0,223.29,18,False
2026-03-18 11:00:00+00:00,223.5,224.6,223.15,223.5,6073.0,223.804,36,False
2026-03-18 12:00:00+00:00,224.26,225.0,219.0,220.08,16770.0,221.687,178,False
2026-03-18 13:00:00+00:00,219.59,222.0,216.09,219.74,240158.0,219.029,2583,False
2026-03-18 14:00:00+00:00,219.74,219.99,216.1,218.31,163271.0,217.675,1737,True
2026-03-18 15:00:00+00:00,218.31,219.98,215.22,216.16,118469.0,217.405,1263,True
2026-03-18 16:00:00+00:00,216.08,217.26,214.54,216.91,88738.0,215.802,892,True
2026-03-18 17:00:00+00:00,216.78,219.46,216.11,219.33,71068.0,217.653,825,True
2026-03-18 18:00:00+00:00,219.39,219.67,216.0,217.29,83717.0,218.209,1036,True
2026-03-18 19:00:00+00:00,217.02,218.86,214.82,215.75,183034.0,216.218,2372,True
2026-03-18 20:00:00+00:00,215.85,215.85,214.82,215.2,116736.0,215.836,18,False
2026-03-18 21:00:00+00:00,215.17,215.51,215.17,215.2,895.0,215.229,12,False
2026-03-18 22:00:00+00:00,215.19,216.63,214.9,215.5,6120.0,216.179,58,False
2026-03-18 23:00:00+00:00,215.18,216.63,215.18,216.63,418.0,215.875,2,False
2026-03-19 08:00:00+00:00,216.4,216.4,215.0,215.0,230.0,216.096,3,False
2026-03-19 09:00:00+00:00,214.97,214.97,214.97,214.97,80.0,214.97,1,False
2026-03-19 10:00:00+00:00,215.87,215.87,215.0,215.0,351.0,215.099,3,False
2026-03-19 11:00:00+00:00,215.0,215.0,212.94,213.0,3106.0,213.528,20,False
2026-03-19 12:00:00+00:00,215.0,217.49,211.48,211.48,8415.0,213.212,67,False
2026-03-19 13:00:00+00:00,211.51,211.51,206.11,208.19,254186.0,208.406,2274,False
2026-03-19 14:00:00+00:00,208.12,208.64,205.64,206.84,208048.0,207.048,2423,True
2026-03-19 15:00:00+00:00,206.84,208.99,205.0,208.37,188444.0,207.318,1711,True
2026-03-19 16:00:00+00:00,208.0,211.85,207.7,210.45,151329.0,210.137,1399,True
2026-03-19 17:00:00+00:00,210.45,210.63,208.08,209.53,176394.0,208.976,1554,True
2026-03-19 18:00:00+00:00,209.74,212.12,209.31,210.25,109432.0,210.869,1206,True
2026-03-19 19:00:00+00:00,210.27,214.0,209.65,211.34,260990.0,211.225,3083,True
2026-03-19 20:00:00+00:00,211.28,211.56,211.0,211.55,111234.0,211.35,19,False
2026-03-19 21:00:00+00:00,211.41,211.75,211.25,211.25,556.0,211.435,8,False
2026-03-19 22:00:00+00:00,211.16,211.8,211.15,211.15,1928.0,211.754,9,False
2026-03-19 23:00:00+00:00,211.75,211.8,211.5,211.6,369.0,211.681,6,False
2026-03-20 09:00:00+00:00,211.0,211.0,208.94,208.94,591.0,209.451,9,False
2026-03-20 10:00:00+00:00,209.53,209.53,209.53,209.53,50.0,209.53,1,False
2026-03-20 11:00:00+00:00,209.4,209.56,208.52,208.52,1381.0,209.192,13,False
2026-03-20 12:00:00+00:00,209.3,212.3,208.4,209.35,3987.0,209.566,42,False
2026-03-20 13:00:00+00:00,209.13,209.87,204.1,205.27,174025.0,206.958,1250,False
2026-03-20 14:00:00+00:00,205.22,207.06,202.8,203.31,162095.0,204.275,1674,True
2026-03-20 15:00:00+00:00,203.4,205.77,201.53,202.32,138432.0,203.233,1376,True
2026-03-20 16:00:00+00:00,202.54,204.8,201.25,201.8,94544.0,202.781,943,True
2026-03-20 17:00:00+00:00,201.83,202.09,198.6,200.14,139243.0,200.156,1568,True
2026-03-20 18:00:00+00:00,200.27,200.38,195.4,195.7,123206.0,197.617,1325,True
2026-03-20 19:00:00+00:00,195.79,198.0,193.52,197.8,339342.0,195.535,3976,True
2026-03-20 20:00:00+00:00,197.72,199.15,197.72,198.15,428119.0,197.725,47,False
2026-03-20 21:00:00+00:00,198.03,199.4,197.76,199.4,3891.0,198.901,41,False
2026-03-20 22:00:00+00:00,199.01,199.25,198.76,199.25,1279.0,199.006,20,False
2026-03-20 23:00:00+00:00,199.19,199.19,198.2,198.77,2040.0,198.756,21,False
2026-03-23 08:00:00+00:00,192.51,192.95,191.8,192.64,2520.0,192.453,35,False
2026-03-23 09:00:00+00:00,192.5,193.96,192.03,192.2,1699.0,193.021,27,False
2026-03-23 10:00:00+00:00,192.98,197.8,192.96,196.21,6419.0,195.066,83,False
2026-03-23 11:00:00+00:00,196.32,203.0,196.32,199.94,12395.0,200.296,123,False
2026-03-23 12:00:00+00:00,196.85,203.0,191.01,201.56,19232.0,198.849,177,False
2026-03-23 13:00:00+00:00,201.71,202.81,196.75,202.5,264479.0,199.878,2336,False
2026-03-23 14:00:00+00:00,202.5,205.21,202.0,204.97,238425.0,203.506,2676,True
2026-03-23 15:00:00+00:00,204.83,208.97,203.35,203.78,169186.0,207.016,1708,True
2026-03-23 16:00:00+00:00,203.87,206.99,203.59,205.93,89783.0,205.408,986,True
2026-03-23 17:00:00+00:00,206.21,209.44,205.59,208.95,85406.0,207.868,970,True
2026-03-23 18:00:00+00:00,208.95,211.5,208.87,210.08,164047.0,210.184,1746,True
2026-03-23 19:00:00+00:00,210.07,210.71,205.97,206.24,193424.0,207.747,2508,True
2026-03-23 20:00:00+00:00,206.27,209.25,206.25,207.42,111829.0,206.313,46,False
2026-03-23 21:00:00+00:00,207.42,207.42,206.89,206.9,1104.0,207.209,8,False
2026-03-23 22:00:00+00:00,206.32,207.0,206.0,207.0,930.0,206.68,11,False
2026-03-23 23:00:00+00:00,206.85,207.42,206.75,207.42,1080.0,206.983,10,False
2026-03-24 08:00:00+00:00,206.5,206.5,206.5,206.5,50.0,206.5,1,False
2026-03-24 09:00:00+00:00,206.5,206.5,206.5,206.5,0.0,206.5,0,False
2026-03-24 10:00:00+00:00,206.5,206.5,206.5,206.5,0.0,206.5,0,False
2026-03-24 11:00:00+00:00,206.83,206.84,204.81,204.81,1688.0,205.618,24,False
2026-03-24 12:00:00+00:00,205.55,207.49,203.08,203.97,2498.0,204.889,29,False
2026-03-24 13:00:00+00:00,204.91,206.9,198.8,200.56,133117.0,201.45,1186,False
2026-03-24 14:00:00+00:00,200.91,203.51,197.29,201.59,171974.0,200.134,1817,True
2026-03-24 15:00:00+00:00,201.75,203.0,198.67,198.89,74625.0,201.094,784,True
2026-03-24 16:00:00+00:00,198.75,199.87,196.5,197.65,115940.0,197.907,1169,True
2026-03-24 17:00:00+00:00,197.68,197.81,194.8,196.88,111430.0,196.063,1413,True
2026-03-24 18:00:00+00:00,196.93,199.18,196.5,198.07,96359.0,197.885,1106,True
2026-03-24 19:00:00+00:00,197.94,199.0,196.0,196.27,175964.0,197.075,2291,True
2026-03-24 20:00:00+00:00,196.18,197.8,196.04,197.5,91907.0,196.232,56,False
2026-03-24 21:00:00+00:00,197.31,197.62,197.24,197.62,2830.0,197.414,23,False
2026-03-24 22:00:00+00:00,197.62,197.95,197.5,197.62,1431.0,197.751,20,False
2026-03-24 23:00:00+00:00,197.62,197.85,197.5,197.5,3152.0,197.692,12,False
2026-03-25 08:00:00+00:00,199.43,199.48,199.43,199.48,87.0,199.455,2,False
2026-03-25 09:00:00+00:00,198.46,198.46,198.46,198.46,388.0,198.46,6,False
2026-03-25 10:00:00+00:00,198.72,198.72,198.4,198.6,776.0,198.499,9,False
2026-03-25 11:00:00+00:00,198.59,200.51,198.59,200.35,7425.0,200.101,58,False
2026-03-25 12:00:00+00:00,198.06,201.0,198.06,199.13,12985.0,200.179,99,False
2026-03-25 13:00:00+00:00,200.19,204.61,199.1,202.77,101915.0,201.959,902,False
2026-03-25 14:00:00+00:00,202.95,203.96,200.19,200.85,89884.0,202.037,977,True
2026-03-25 15:00:00+00:00,200.92,202.24,198.45,200.76,66075.0,200.446,761,True
2026-03-25 16:00:00+00:00,200.51,202.8,199.1,201.88,78583.0,201.229,1017,True
2026-03-25 17:00:00+00:00,201.88,202.3,198.99,199.11,59637.0,200.629,735,True
2026-03-25 18:00:00+00:00,199.1,200.44,198.36,199.62,110352.0,199.159,1182,True
2026-03-25 19:00:00+00:00,199.62,201.6,198.74,198.86,192533.0,199.582,2242,True
2026-03-25 20:00:00+00:00,198.86,199.02,198.75,198.75,93790.0,199.014,29,False
2026-03-25 21:00:00+00:00,199.2,199.2,199.19,199.2,1018.0,199.2,4,False
2026-03-25 22:00:00+00:00,199.14,199.2,198.85,199.0,1224.0,199.172,10,False
2026-03-25 23:00:00+00:00,198.77,199.0,198.75,198.75,850.0,198.81,4,False
2026-03-26 08:00:00+00:00,199.14,199.14,196.86,196.86,547.0,197.828,10,False
2026-03-26 09:00:00+00:00,196.14,196.83,196.14,196.83,110.0,196.516,2,False
2026-03-26 10:00:00+00:00,196.93,196.93,196.84,196.88,167.0,196.873,3,False
2026-03-26 11:00:00+00:00,197.6,197.85,196.0,196.0,1970.0,196.65,28,False
2026-03-26 12:00:00+00:00,196.75,199.8,195.64,195.88,5383.0,197.27,50,False
2026-03-26 13:00:00+00:00,196.75,200.3,193.68,199.15,114004.0,198.103,869,False
2026-03-26 14:00:00+00:00,199.19,200.21,195.2,196.47,124749.0,198.573,1098,True
2026-03-26 15:00:00+00:00,196.47,199.59,194.62,199.34,134064.0,196.35,1326,True
2026-03-26 16:00:00+00:00,199.36,199.75,195.61,196.97,53857.0,197.437,642,True
2026-03-26 17:00:00+00:00,196.98,197.6,195.01,195.24,37764.0,196.299,436,True
2026-03-26 18:00:00+00:00,195.24,195.96,194.4,195.15,47412.0,195.152,619,True
2026-03-26 19:00:00+00:00,194.99,196.36,194.05,195.76,139467.0,195.427,1982,True
2026-03-26 20:00:00+00:00,195.91,197.0,195.5,197.0,77251.0,195.91,12,False
2026-03-26 21:00:00+00:00,196.02,196.02,194.32,195.7,631.0,195.223,7,False
2026-03-26 22:00:00+00:00,196.0,196.0,195.91,195.91,200.0,195.955,2,False
2026-03-26 23:00:00+00:00,196.37,196.4,196.3,196.3,224.0,196.356,4,False
2026-03-27 08:00:00+00:00,196.82,196.99,196.11,196.11,600.0,196.831,5,False
2026-03-27 09:00:00+00:00,196.0,196.0,195.0,195.08,1307.0,195.188,10,False
2026-03-27 10:00:00+00:00,196.37,196.37,196.37,196.37,49.0,196.37,1,False
2026-03-27 11:00:00+00:00,194.94,195.6,193.02,194.0,1717.0,194.064,24,False
2026-03-27 12:00:00+00:00,194.0,198.98,192.99,192.99,2855.0,194.591,29,False
2026-03-27 13:00:00+00:00,192.76,193.94,189.07,189.73,89656.0,191.508,867,False
2026-03-27 14:00:00+00:00,189.73,190.95,186.28,188.2,86726.0,188.266,979,True
2026-03-27 15:00:00+00:00,188.13,189.2,186.73,187.02,73592.0,187.93,836,True
2026-03-27 16:00:00+00:00,186.57,187.23,185.85,185.91,48661.0,186.475,567,True
2026-03-27 17:00:00+00:00,186.07,186.95,184.21,185.0,68338.0,185.067,748,True
2026-03-27 18:00:00+00:00,184.75,186.0,184.36,184.64,55200.0,185.063,636,True
2026-03-27 19:00:00+00:00,184.65,186.07,183.84,184.36,133209.0,184.867,1718,True
2026-03-27 20:00:00+00:00,184.43,185.31,183.78,185.3,63800.0,184.428,17,False
2026-03-27 21:00:00+00:00,185.02,185.22,184.05,184.1,546.0,184.447,7,False
2026-03-27 22:00:00+00:00,183.97,184.26,183.96,184.26,366.0,184.105,5,False
2026-03-27 23:00:00+00:00,184.16,184.16,183.92,184.0,422.0,184.042,6,False
2026-03-30 08:00:00+00:00,186.78,187.45,184.99,185.58,2271.0,185.716,26,False
2026-03-30 09:00:00+00:00,185.5,185.99,185.5,185.7,732.0,185.763,12,False
2026-03-30 10:00:00+00:00,185.59,185.59,185.02,185.02,833.0,185.209,10,False
2026-03-30 11:00:00+00:00,184.56,186.43,184.56,186.43,14487.0,185.813,52,False
2026-03-30 12:00:00+00:00,186.25,186.49,185.11,186.2,4162.0,185.899,41,False
2026-03-30 13:00:00+00:00,186.31,186.65,179.0,180.22,125586.0,183.051,1211,False
2026-03-30 14:00:00+00:00,180.22,183.13,180.01,183.13,99636.0,181.365,1037,True
2026-03-30 15:00:00+00:00,183.38,183.75,181.41,181.81,76053.0,182.647,1015,True
2026-03-30 16:00:00+00:00,181.7,182.0,179.04,179.18,82641.0,180.374,1176,True
2026-03-30 17:00:00+00:00,179.18,180.33,178.24,178.57,63855.0,179.129,947,True
2026-03-30 18:00:00+00:00,178.53,179.68,176.66,176.84,48787.0,178.377,679,True
2026-03-30 19:00:00+00:00,176.84,177.18,175.41,177.04,154419.0,176.54,2031,True
2026-03-30 20:00:00+00:00,176.97,177.6,175.05,175.41,84199.0,176.969,17,False
2026-03-30 21:00:00+00:00,175.91,176.88,175.9,176.68,423.0,176.329,6,False
2026-03-30 22:00:00+00:00,176.51,176.9,176.2,176.9,708.0,176.564,10,False
2026-03-30 23:00:00+00:00,176.5,176.89,176.5,176.89,275.0,176.597,5,False
2026-03-31 08:00:00+00:00,178.49,179.14,177.84,178.64,522.0,178.334,9,False
2026-03-31 09:00:00+00:00,178.72,178.72,178.46,178.7,138.0,178.622,3,False
2026-03-31 10:00:00+00:00,177.24,177.24,177.23,177.24,165.0,177.238,1,False
2026-03-31 11:00:00+00:00,177.85,179.45,177.85,179.27,1085.0,178.914,14,False
2026-03-31 12:00:00+00:00,179.4,180.01,178.96,179.55,2275.0,179.344,22,False
2026-03-31 13:00:00+00:00,178.9,180.89,177.55,178.5,74850.0,178.95,793,False
2026-03-31 14:00:00+00:00,178.3,179.65,176.22,177.04,111428.0,178.201,1245,True
2026-03-31 15:00:00+00:00,177.11,180.37,177.0,177.95,103723.0,178.418,1253,True
2026-03-31 16:00:00+00:00,177.88,184.52,177.64,181.85,100863.0,181.22,1343,True
2026-03-31 17:00:00+00:00,181.9,185.0,181.54,182.67,143716.0,183.552,1555,True
2026-03-31 18:00:00+00:00,182.65,184.55,182.57,184.49,94666.0,183.48,1050,True
2026-03-31 19:00:00+00:00,184.28,184.55,182.02,183.04,174893.0,183.05,2115,True
2026-03-31 20:00:00+00:00,183.05,183.56,182.18,183.0,216535.0,183.05,29,False
2026-03-31 21:00:00+00:00,182.5,182.7,182.5,182.7,149.0,182.59,3,False
2026-03-31 22:00:00+00:00,182.71,183.44,182.7,183.43,439.0,182.973,6,False
2026-03-31 23:00:00+00:00,183.75,183.75,183.75,183.75,90.0,183.75,1,False
2026-04-01 08:00:00+00:00,186.97,188.82,184.68,186.48,4286.0,186.243,45,False
2026-04-01 09:00:00+00:00,186.39,186.39,185.53,185.58,267.0,185.981,4,False
2026-04-01 10:00:00+00:00,186.09,186.45,186.04,186.45,265.0,186.172,4,False
2026-04-01 11:00:00+00:00,186.06,187.17,186.05,187.17,3205.0,186.682,28,False
2026-04-01 12:00:00+00:00,187.17,187.55,186.02,186.7,1942.0,186.46,22,False
2026-04-01 13:00:00+00:00,186.5,191.7,183.05,190.45,117573.0,189.301,1019,False
2026-04-01 14:00:00+00:00,190.72,191.8,186.39,186.39,71956.0,189.196,801,True
2026-04-01 15:00:00+00:00,186.66,187.91,186.07,187.32,94345.0,186.989,1047,True
2026-04-01 16:00:00+00:00,187.22,187.91,185.26,186.0,54402.0,186.341,539,True
2026-04-01 17:00:00+00:00,185.88,186.79,184.67,184.98,44694.0,185.443,560,True
2026-04-01 18:00:00+00:00,184.84,185.05,182.45,183.22,61005.0,183.678,762,True
2026-04-01 19:00:00+00:00,183.2,184.3,182.84,183.47,97919.0,183.672,1411,True
2026-04-01 20:00:00+00:00,183.5,184.88,183.21,183.7,98084.0,183.502,16,False
2026-04-01 21:00:00+00:00,183.41,184.1,183.33,184.1,950.0,183.449,13,False
2026-04-01 22:00:00+00:00,183.21,183.91,183.21,183.91,335.0,183.442,3,False
2026-04-01 23:00:00+00:00,183.99,183.99,183.6,183.99,325.0,183.714,4,False
2026-04-02 08:00:00+00:00,181.99,181.99,179.0,179.09,1800.0,180.158,27,False
2026-04-02 09:00:00+00:00,179.15,179.16,179.15,179.15,300.0,179.155,1,False
2026-04-02 10:00:00+00:00,179.94,179.94,179.5,179.5,140.0,179.626,2,False
2026-04-02 11:00:00+00:00,180.99,180.99,178.23,178.73,2056.0,178.964,20,False
2026-04-02 12:00:00+00:00,178.6,179.5,178.42,179.5,1411.0,178.797,24,False
2026-04-02 13:00:00+00:00,179.5,180.2,176.29,179.51,74018.0,178.277,710,False
2026-04-02 14:00:00+00:00,179.3,186.24,179.25,184.29,79176.0,182.195,902,True
2026-04-02 15:00:00+00:00,184.03,184.8,182.84,183.53,60894.0,183.613,726,True
2026-04-02 16:00:00+00:00,183.54,184.0,181.0,182.28,43728.0,182.068,497,True
2026-04-02 17:00:00+00:00,182.37,182.82,181.56,182.06,44257.0,182.232,557,True
2026-04-02 18:00:00+00:00,182.27,183.29,181.88,182.71,51273.0,182.389,532,True
2026-04-02 19:00:00+00:00,182.72,184.43,182.48,184.18,105933.0,183.573,1411,True
2026-04-02 20:00:00+00:00,184.36,184.58,183.25,183.25,72017.0,184.353,17,False
2026-04-02 21:00:00+00:00,184.89,184.9,184.5,184.5,1340.0,184.63,13,False
2026-04-02 22:00:00+00:00,184.55,184.61,184.5,184.61,185.0,184.57,3,False
2026-04-02 23:00:00+00:00,184.51,184.9,184.5,184.9,814.0,184.63,8,False
2026-04-06 08:00:00+00:00,185.3,188.0,183.5,188.0,975.0,185.25,12,False
2026-04-06 09:00:00+00:00,187.5,187.5,186.7,187.19,467.0,187.168,5,False
2026-04-06 10:00:00+00:00,187.14,187.92,187.0,187.0,858.0,187.144,8,False
2026-04-06 11:00:00+00:00,187.92,187.95,186.0,186.1,2189.0,186.723,28,False
2026-04-06 12:00:00+00:00,186.17,186.8,186.1,186.1,554.0,186.264,8,False
2026-04-06 13:00:00+00:00,185.66,189.77,184.88,189.25,62410.0,187.227,470,False
2026-04-06 14:00:00+00:00,189.17,189.45,185.85,187.09,42528.0,187.388,427,True
2026-04-06 15:00:00+00:00,187.13,188.25,186.65,187.55,32248.0,187.579,328,True
2026-04-06 16:00:00+00:00,187.49,188.8,187.25,187.84,27177.0,188.108,342,True
2026-04-06 17:00:00+00:00,188.0,188.88,186.14,188.74,32483.0,187.759,376,True
2026-04-06 18:00:00+00:00,188.73,191.75,188.37,191.61,85453.0,190.471,739,True
2026-04-06 19:00:00+00:00,191.6,191.64,188.62,189.1,112796.0,189.923,1399,True
2026-04-06 20:00:00+00:00,189.26,190.0,187.71,189.8,61352.0,189.262,30,False
2026-04-06 21:00:00+00:00,189.25,189.61,189.25,189.26,270.0,189.373,4,False
2026-04-06 22:00:00+00:00,189.6,189.95,189.32,189.94,636.0,189.669,7,False
2026-04-06 23:00:00+00:00,189.53,189.53,189.3,189.5,961.0,189.399,9,False
2026-04-07 08:00:00+00:00,188.22,188.5,187.75,188.5,905.0,188.06,8,False
2026-04-07 09:00:00+00:00,187.02,190.0,187.02,189.5,714.0,189.437,12,False
2026-04-07 10:00:00+00:00,189.01,189.01,188.35,188.35,318.0,188.9,3,False
2026-04-07 11:00:00+00:00,187.51,188.69,186.64,186.64,685.0,187.651,6,False
2026-04-07 12:00:00+00:00,188.0,188.0,186.54,187.78,1167.0,187.26,16,False
2026-04-07 13:00:00+00:00,187.68,187.87,182.78,183.65,71733.0,185.253,626,False
2026-04-07 14:00:00+00:00,183.49,184.25,181.76,182.59,60112.0,182.883,660,True
2026-04-07 15:00:00+00:00,182.78,185.67,181.34,185.03,45673.0,183.233,453,True
2026-04-07 16:00:00+00:00,185.07,187.6,185.04,186.2,40485.0,185.954,370,True
2026-04-07 17:00:00+00:00,185.78,187.24,185.13,186.49,25155.0,186.081,242,True
2026-04-07 18:00:00+00:00,186.34,186.5,183.99,184.37,27586.0,185.514,361,True
2026-04-07 19:00:00+00:00,184.34,187.04,183.82,186.86,84419.0,186.046,1103,True
2026-04-07 20:00:00+00:00,186.85,187.3,185.6,187.25,79124.0,186.85,17,False
2026-04-07 21:00:00+00:00,187.5,187.5,187.5,187.5,45.0,187.5,1,False
2026-04-07 22:00:00+00:00,188.82,192.0,188.0,192.0,5354.0,189.779,55,False
2026-04-07 23:00:00+00:00,191.5,192.22,187.0,192.22,6530.0,191.14,50,False
2026-04-08 08:00:00+00:00,192.55,194.94,192.55,194.81,3930.0,193.811,60,False
2026-04-08 09:00:00+00:00,194.8,195.54,194.8,195.35,1012.0,195.155,18,False
2026-04-08 10:00:00+00:00,194.6,194.99,194.04,194.99,334.0,194.44,6,False
2026-04-08 11:00:00+00:00,194.0,194.51,192.79,193.7,31349.0,193.465,228,False
2026-04-08 12:00:00+00:00,194.0,194.0,192.1,193.4,4831.0,193.001,45,False
2026-04-08 13:00:00+00:00,193.33,197.04,193.33,194.58,170877.0,195.256,1719,False
2026-04-08 14:00:00+00:00,194.55,194.99,190.6,190.6,96042.0,193.434,1091,True
2026-04-08 15:00:00+00:00,191.05,192.0,189.34,189.62,85672.0,190.606,908,True
2026-04-08 16:00:00+00:00,189.81,190.48,186.68,187.02,91759.0,188.043,1093,True
2026-04-08 17:00:00+00:00,187.2,187.55,184.61,186.17,127628.0,186.056,1157,True
2026-04-08 18:00:00+00:00,186.01,186.7,183.84,184.06,109668.0,185.292,1102,True
2026-04-08 19:00:00+00:00,184.0,187.6,183.9,186.89,229539.0,186.443,2382,True
2026-04-08 20:00:00+00:00,186.94,187.41,186.0,186.06,155366.0,186.933,32,False
2026-04-08 21:00:00+00:00,185.5,187.43,185.5,187.43,250.0,186.27,3,False
2026-04-08 22:00:00+00:00,186.94,186.98,186.94,186.94,230.0,186.948,3,False
2026-04-08 23:00:00+00:00,186.94,186.94,186.0,186.0,93.0,186.435,2,False
2026-04-09 08:00:00+00:00,187.52,188.0,185.91,186.2,1770.0,186.895,21,False
2026-04-09 09:00:00+00:00,186.9,191.55,186.9,189.02,3619.0,188.791,47,False
2026-04-09 10:00:00+00:00,190.07,190.07,188.69,188.69,362.0,189.571,5,False
2026-04-09 11:00:00+00:00,189.48,189.49,187.97,189.29,3207.0,188.638,25,False
2026-04-09 12:00:00+00:00,188.9,189.1,187.3,188.55,4912.0,188.435,30,False
2026-04-09 13:00:00+00:00,187.78,188.81,176.7,179.45,140040.0,181.923,1139,False
2026-04-09 14:00:00+00:00,179.81,179.81,176.81,178.19,121503.0,178.012,1132,True
2026-04-09 15:00:00+00:00,178.05,180.6,177.09,179.81,80353.0,179.057,937,True
2026-04-09 16:00:00+00:00,179.81,180.8,178.95,179.72,67903.0,179.875,746,True
2026-04-09 17:00:00+00:00,179.58,180.41,178.63,178.95,73421.0,179.336,874,True
2026-04-09 18:00:00+00:00,178.81,178.84,175.87,176.77,121326.0,177.031,1356,True
2026-04-09 19:00:00+00:00,176.71,178.14,176.0,177.7,200516.0,177.286,2357,True
2026-04-09 20:00:00+00:00,177.7,178.53,176.0,178.0,92576.0,177.695,58,False
2026-04-09 21:00:00+00:00,178.81,178.81,177.48,178.4,1310.0,177.962,11,False
2026-04-09 22:00:00+00:00,178.2,178.4,178.2,178.3,579.0,178.312,8,False
2026-04-09 23:00:00+00:00,178.28,178.29,177.5,177.5,839.0,177.813,12,False
2026-04-10 08:00:00+00:00,178.57,178.72,177.95,178.01,1389.0,178.292,14,False
2026-04-10 09:00:00+00:00,178.2,178.41,178.2,178.41,210.0,178.327,4,False
2026-04-10 10:00:00+00:00,178.41,178.41,178.41,178.41,0.0,178.41,0,False
2026-04-10 11:00:00+00:00,178.43,179.0,178.05,178.09,974.0,178.348,15,False
2026-04-10 12:00:00+00:00,178.78,179.18,177.7,178.0,4425.0,178.208,29,False
2026-04-10 13:00:00+00:00,178.0,180.05,174.73,178.34,133246.0,177.316,1222,False
2026-04-10 14:00:00+00:00,178.34,182.03,177.86,180.64,96469.0,179.653,1111,True
2026-04-10 15:00:00+00:00,180.64,181.0,177.83,178.36,57194.0,179.549,658,True
2026-04-10 16:00:00+00:00,178.49,179.74,178.14,179.72,31961.0,179.076,490,True
2026-04-10 17:00:00+00:00,179.56,179.56,177.9,178.15,27764.0,178.55,383,True
2026-04-10 18:00:00+00:00,178.27,178.55,177.44,177.78,32291.0,178.03,443,True
2026-04-10 19:00:00+00:00,177.78,179.99,177.78,179.73,123366.0,179.087,1747,True
2026-04-10 20:00:00+00:00,179.72,180.62,178.12,179.5,90158.0,179.712,21,False
2026-04-10 21:00:00+00:00,179.55,179.7,179.51,179.7,381.0,179.618,3,False
2026-04-10 22:00:00+00:00,179.96,179.96,179.96,179.96,354.0,179.96,4,False
2026-04-10 23:00:00+00:00,179.82,179.82,179.82,179.82,90.0,179.82,1,False
2026-04-13 08:00:00+00:00,178.0,179.09,177.4,177.4,2430.0,178.151,31,False
2026-04-13 09:00:00+00:00,177.4,177.4,177.4,177.4,61.0,177.4,1,False
2026-04-13 10:00:00+00:00,178.31,178.33,178.31,178.33,189.0,178.32,3,False
2026-04-13 11:00:00+00:00,178.22,178.86,177.64,177.64,2493.0,178.25,20,False
2026-04-13 12:00:00+00:00,177.55,178.34,177.01,178.0,2056.0,177.465,12,False
2026-04-13 13:00:00+00:00,177.99,184.85,177.0,184.45,89632.0,179.448,773,False
2026-04-13 14:00:00+00:00,184.45,190.55,184.32,190.3,154526.0,187.502,1270,True
2026-04-13 15:00:00+00:00,190.43,191.2,188.43,189.6,106649.0,189.68,1080,True
2026-04-13 16:00:00+00:00,189.6,191.98,188.77,191.2,65396.0,190.312,782,True
2026-04-13 17:00:00+00:00,191.01,194.83,190.95,193.0,183549.0,193.343,1561,True
2026-04-13 18:00:00+00:00,193.13,194.28,192.95,193.98,64688.0,193.685,770,True
2026-04-13 19:00:00+00:00,193.98,194.8,193.46,194.4,179682.0,194.151,2138,True
2026-04-13 20:00:00+00:00,194.39,194.77,193.14,194.77,123405.0,194.389,29,False
2026-04-13 21:00:00+00:00,194.77,194.78,194.25,194.54,997.0,194.703,9,False
2026-04-13 22:00:00+00:00,194.79,194.85,194.0,194.68,1007.0,194.476,12,False
2026-04-13 23:00:00+00:00,194.3,195.0,194.29,195.0,1379.0,194.758,12,False
2026-04-14 08:00:00+00:00,195.0,198.39,194.52,198.39,1966.0,196.396,30,False
2026-04-14 09:00:00+00:00,198.94,198.94,197.59,197.59,875.0,198.376,13,False
2026-04-14 10:00:00+00:00,197.22,199.0,197.2,199.0,523.0,197.433,7,False
2026-04-14 11:00:00+00:00,197.06,198.63,197.06,197.61,1441.0,198.001,20,False
2026-04-14 12:00:00+00:00,198.47,198.47,196.67,196.67,3253.0,197.421,36,False
2026-04-14 13:00:00+00:00,196.9,201.98,196.18,201.46,127868.0,199.515,1044,False
2026-04-14 14:00:00+00:00,201.03,201.3,197.0,198.71,64618.0,198.715,808,True
2026-04-14 15:00:00+00:00,198.51,198.67,195.34,195.8,83333.0,196.451,894,True
2026-04-14 16:00:00+00:00,195.63,196.09,194.0,194.28,60525.0,195.284,609,True
2026-04-14 17:00:00+00:00,194.31,194.93,193.76,193.83,34522.0,194.468,475,True
2026-04-14 18:00:00+00:00,194.11,194.35,192.52,193.86,75445.0,193.398,871,True
2026-04-14 19:00:00+00:00,194.01,195.05,193.35,194.52,127807.0,194.346,1633,True
2026-04-14 20:00:00+00:00,194.52,196.17,194.52,194.95,77472.0,194.526,9,False
2026-04-14 21:00:00+00:00,194.85,194.85,194.04,194.84,1500.0,194.755,7,False
2026-04-14 22:00:00+00:00,194.82,194.82,194.69,194.69,160.0,194.788,2,False
2026-04-14 23:00:00+00:00,194.7,194.85,194.55,194.83,1348.0,194.737,5,False
2026-04-15 08:00:00+00:00,195.86,196.99,194.65,196.0,1836.0,195.629,22,False
2026-04-15 09:00:00+00:00,196.82,196.82,195.72,195.72,399.0,196.429,8,False
2026-04-15 10:00:00+00:00,195.07,195.07,194.5,194.5,156.0,194.865,2,False
2026-04-15 11:00:00+00:00,194.99,195.19,194.5,195.19,3995.0,195.079,26,False
2026-04-15 12:00:00+00:00,194.66,196.0,194.64,195.93,2557.0,195.681,37,False
2026-04-15 13:00:00+00:00,195.6,200.26,194.52,196.77,87109.0,197.998,764,False
2026-04-15 14:00:00+00:00,196.71,198.2,195.02,197.13,82345.0,196.361,892,True
2026-04-15 15:00:00+00:00,196.8,199.5,196.56,197.25,86213.0,198.006,666,True
2026-04-15 16:00:00+00:00,197.45,198.42,194.19,194.69,39132.0,196.198,449,True
2026-04-15 17:00:00+00:00,194.68,196.54,194.41,196.5,31705.0,195.445,371,True
2026-04-15 18:00:00+00:00,196.29,198.17,196.13,197.59,41325.0,197.561,362,True
2026-04-15 19:00:00+00:00,197.53,198.44,196.89,198.36,113240.0,198.002,1438,True
2026-04-15 20:00:00+00:00,198.42,198.8,198.39,198.74,103698.0,198.423,27,False
2026-04-15 21:00:00+00:00,198.89,199.1,198.6,198.75,555.0,198.915,10,False
2026-04-15 22:00:00+00:00,198.75,198.75,198.75,198.75,0.0,198.75,0,False
2026-04-15 23:00:00+00:00,199.79,201.68,199.69,201.01,2701.0,200.484,36,False
2026-04-16 08:00:00+00:00,201.27,203.2,200.71,202.3,2443.0,202.028,32,False
2026-04-16 09:00:00+00:00,201.85,201.85,201.85,201.85,50.0,201.85,1,False
2026-04-16 10:00:00+00:00,201.99,202.06,201.5,201.5,907.0,201.867,13,False
2026-04-16 11:00:00+00:00,201.5,202.94,201.11,202.94,2628.0,202.127,21,False
2026-04-16 12:00:00+00:00,202.94,202.94,201.67,202.4,2682.0,202.178,31,False
2026-04-16 13:00:00+00:00,202.69,206.51,199.71,201.5,138757.0,203.419,1306,False
2026-04-16 14:00:00+00:00,201.8,202.55,197.7,201.96,106703.0,200.175,1035,True
2026-04-16 15:00:00+00:00,202.43,207.23,201.82,207.01,107155.0,204.814,1296,True
2026-04-16 16:00:00+00:00,207.02,207.18,201.52,201.8,90890.0,204.618,857,True
2026-04-16 17:00:00+00:00,201.8,203.15,200.9,202.4,32669.0,202.166,434,True
2026-04-16 18:00:00+00:00,202.65,203.78,202.0,202.69,40911.0,202.932,533,True
2026-04-16 19:00:00+00:00,202.69,203.6,201.72,201.97,149806.0,202.468,1994,True
2026-04-16 20:00:00+00:00,201.99,203.03,201.98,202.86,111400.0,202.008,36,False
2026-04-16 21:00:00+00:00,203.31,203.31,202.0,202.0,2187.0,202.321,15,False
2026-04-16 22:00:00+00:00,202.0,202.26,202.0,202.26,450.0,202.058,3,False
2026-04-16 23:00:00+00:00,202.3,202.3,202.0,202.19,708.0,202.188,4,False
2026-04-17 08:00:00+00:00,203.9,204.78,202.96,203.5,3542.0,203.897,47,False
2026-04-17 09:00:00+00:00,203.83,204.0,203.83,204.0,94.0,203.92,2,False
2026-04-17 10:00:00+00:00,204.01,204.01,204.01,204.01,50.0,204.01,1,False
2026-04-17 11:00:00+00:00,204.4,205.35,204.39,205.25,1002.0,205.083,10,False
2026-04-17 12:00:00+00:00,205.24,205.94,204.72,204.8,5412.0,205.129,66,False
2026-04-17 13:00:00+00:00,204.97,208.65,202.19,203.0,101262.0,205.573,839,False
2026-04-17 14:00:00+00:00,203.25,204.16,199.57,200.25,131784.0,202.217,1161,True
2026-04-17 15:00:00+00:00,200.0,200.19,192.27,194.06,167097.0,196.16,1596,True
2026-04-17 16:00:00+00:00,194.12,195.4,191.0,191.06,124752.0,193.013,1434,True
2026-04-17 17:00:00+00:00,191.18,191.9,187.32,188.14,187044.0,189.423,1730,True
2026-04-17 18:00:00+00:00,188.25,189.85,186.18,187.05,101571.0,187.895,1192,True
2026-04-17 19:00:00+00:00,186.97,191.97,186.21,191.46,243693.0,189.603,2656,True
2026-04-17 20:00:00+00:00,191.46,191.71,189.66,190.99,94713.0,191.414,48,False
2026-04-17 21:00:00+00:00,191.62,191.7,189.88,189.88,911.0,191.187,9,False
2026-04-17 22:00:00+00:00,191.69,191.95,191.4,191.95,794.0,191.706,9,False
2026-04-17 23:00:00+00:00,191.91,191.99,191.37,191.38,1107.0,191.618,11,False
2026-04-20 08:00:00+00:00,190.18,191.82,188.32,189.0,3388.0,191.085,17,False
2026-04-20 09:00:00+00:00,189.01,189.95,189.01,189.54,340.0,189.576,5,False
2026-04-20 10:00:00+00:00,190.29,190.42,189.71,189.71,160.0,190.058,4,False
2026-04-20 11:00:00+00:00,191.32,191.32,188.81,189.77,1681.0,189.288,19,False
2026-04-20 12:00:00+00:00,190.0,191.39,189.64,190.63,3226.0,190.804,25,False
2026-04-20 13:00:00+00:00,190.13,194.05,189.49,193.27,126768.0,191.513,815,False
2026-04-20 14:00:00+00:00,193.18,197.22,192.06,194.98,160579.0,194.874,1717,True
2026-04-20 15:00:00+00:00,195.3,198.6,193.52,198.06,76222.0,196.534,870,True
2026-04-20 16:00:00+00:00,197.96,198.3,194.4,195.25,49379.0,196.598,676,True
2026-04-20 17:00:00+00:00,195.22,196.06,194.43,195.48,36430.0,195.349,522,True
2026-04-20 18:00:00+00:00,195.42,197.17,195.15,197.15,48289.0,196.226,711,True
2026-04-20 19:00:00+00:00,197.15,197.4,195.79,197.26,141649.0,196.727,1956,True
2026-04-20 20:00:00+00:00,197.23,197.56,197.0,197.55,80927.0,197.232,27,False
2026-04-20 21:00:00+00:00,197.54,197.98,197.41,197.98,1165.0,197.615,12,False
2026-04-20 22:00:00+00:00,197.88,197.91,197.34,197.82,1510.0,197.832,6,False
2026-04-20 23:00:00+00:00,197.8,197.95,197.6,197.95,347.0,197.8,8,False
2026-04-21 08:00:00+00:00,198.79,200.84,198.7,200.84,2581.0,199.861,38,False
2026-04-21 09:00:00+00:00,200.86,200.86,200.68,200.79,376.0,200.793,5,False
2026-04-21 10:00:00+00:00,200.86,200.86,200.0,200.5,1187.0,200.419,15,False
2026-04-21 11:00:00+00:00,200.0,200.99,200.0,200.41,3845.0,200.666,41,False
2026-04-21 12:00:00+00:00,200.59,205.97,200.4,204.0,27151.0,202.961,226,False
2026-04-21 13:00:00+00:00,204.0,211.88,201.22,209.8,291476.0,207.282,2409,False
2026-04-21 14:00:00+00:00,209.32,222.4,208.0,214.17,529949.0,216.566,4699,True
2026-04-21 15:00:00+00:00,214.05,216.87,212.0,213.0,263238.0,214.126,2534,True
2026-04-21 16:00:00+00:00,213.08,215.85,211.5,212.9,156454.0,213.482,1584,True
2026-04-21 17:00:00+00:00,213.14,214.08,210.0,212.88,105042.0,211.634,1270,True
2026-04-21 18:00:00+00:00,212.85,214.89,212.45,214.74,89353.0,213.379,971,True
2026-04-21 19:00:00+00:00,214.53,214.99,208.7,210.17,261213.0,211.279,3209,True
2026-04-21 20:00:00+00:00,210.07,212.5,210.07,211.9,137725.0,210.157,59,False
2026-04-21 21:00:00+00:00,214.5,214.5,211.99,212.74,2849.0,212.787,20,False
2026-04-21 22:00:00+00:00,212.5,212.5,211.25,212.48,1010.0,212.275,11,False
2026-04-21 23:00:00+00:00,212.94,212.95,212.0,212.74,2026.0,212.638,23,False
2026-04-22 08:00:00+00:00,218.0,218.73,215.5,217.5,5774.0,217.261,81,False
2026-04-22 09:00:00+00:00,217.45,217.47,216.28,216.28,794.0,217.282,11,False
2026-04-22 10:00:00+00:00,216.68,216.89,215.94,216.2,1880.0,216.482,22,False
2026-04-22 11:00:00+00:00,216.73,219.33,216.33,218.98,13414.0,217.617,84,False
2026-04-22 12:00:00+00:00,218.69,218.99,216.99,217.46,14405.0,218.115,125,False
2026-04-22 13:00:00+00:00,217.09,219.75,212.12,213.88,205610.0,216.007,1595,False
2026-04-22 14:00:00+00:00,213.72,215.56,209.11,211.32,204254.0,211.909,2023,True
2026-04-22 15:00:00+00:00,211.44,212.81,208.5,208.86,98254.0,210.419,1123,True
2026-04-22 16:00:00+00:00,208.83,208.87,206.28,206.81,92649.0,207.62,1029,True
2026-04-22 17:00:00+00:00,206.79,209.62,206.5,208.66,60992.0,208.48,719,True
2026-04-22 18:00:00+00:00,208.65,210.0,207.78,208.5,39172.0,208.693,509,True
2026-04-22 19:00:00+00:00,208.31,210.23,207.93,210.13,122023.0,209.094,1523,True
2026-04-22 20:00:00+00:00,210.1,211.25,209.2,209.81,92810.0,210.109,29,False
2026-04-22 21:00:00+00:00,210.24,210.24,209.3,209.5,244.0,209.745,4,False
2026-04-22 22:00:00+00:00,209.99,210.74,209.87,209.87,410.0,210.41,6,False
2026-04-22 23:00:00+00:00,209.87,210.47,209.81,210.1,498.0,210.13,10,False
2026-04-23 08:00:00+00:00,208.97,209.98,208.0,208.0,1559.0,208.617,22,False
2026-04-23 09:00:00+00:00,208.0,208.62,208.0,208.62,211.0,208.437,4,False
2026-04-23 10:00:00+00:00,208.53,208.54,208.12,208.12,806.0,208.456,5,False
2026-04-23 11:00:00+00:00,208.92,208.92,207.0,208.85,3059.0,207.84,29,False
2026-04-23 12:00:00+00:00,208.85,209.89,208.26,208.5,2962.0,209.117,23,False
2026-04-23 13:00:00+00:00,208.0,209.5,203.0,204.43,101023.0,205.584,880,False
2026-04-23 14:00:00+00:00,204.34,207.56,200.05,207.49,149484.0,203.697,1515,True
2026-04-23 15:00:00+00:00,207.5,208.0,203.87,204.91,52635.0,206.217,527,True
2026-04-23 16:00:00+00:00,205.19,205.33,202.78,203.26,46576.0,203.908,471,True
2026-04-23 17:00:00+00:00,203.31,203.7,196.74,200.94,124873.0,200.281,1277,True
2026-04-23 18:00:00+00:00,200.82,202.96,200.27,200.45,77450.0,201.882,911,True
2026-04-23 19:00:00+00:00,200.44,202.06,200.0,201.72,118089.0,201.477,1348,True
2026-04-23 20:00:00+00:00,201.91,203.37,200.26,201.52,79938.0,201.904,16,False
2026-04-23 21:00:00+00:00,201.2,201.87,200.9,201.6,4090.0,201.435,14,False
2026-04-23 22:00:00+00:00,201.96,202.16,201.55,202.16,2717.0,201.944,22,False
2026-04-23 23:00:00+00:00,202.16,203.32,202.05,202.88,1014.0,202.499,15,False
2026-04-24 08:00:00+00:00,204.13,204.14,202.01,202.74,653.0,202.959,6,False
2026-04-24 09:00:00+00:00,202.53,202.81,202.53,202.81,95.0,202.692,2,False
2026-04-24 10:00:00+00:00,202.81,202.81,202.81,202.81,0.0,202.81,0,False
2026-04-24 11:00:00+00:00,203.37,206.67,203.37,204.61,3427.0,205.046,39,False
2026-04-24 12:00:00+00:00,204.61,205.5,203.47,203.57,5349.0,204.614,67,False
2026-04-24 13:00:00+00:00,203.85,205.0,195.71,197.71,99069.0,200.406,749,False
2026-04-24 14:00:00+00:00,197.47,199.15,195.7,197.53,102750.0,197.176,981,True
2026-04-24 15:00:00+00:00,197.61,199.12,195.32,198.5,95014.0,196.896,861,True
2026-04-24 16:00:00+00:00,198.55,198.85,196.22,197.58,28711.0,197.144,320,True
2026-04-24 17:00:00+00:00,197.4,198.77,196.11,197.86,46678.0,197.756,550,True
2026-04-24 18:00:00+00:00,197.9,198.64,197.04,197.62,48938.0,197.98,544,True
2026-04-24 19:00:00+00:00,197.59,197.83,195.7,196.32,99633.0,196.643,1249,True
2026-04-24 20:00:00+00:00,196.28,197.8,196.28,196.97,70229.0,196.291,18,False
2026-04-24 21:00:00+00:00,196.1,196.9,196.1,196.9,1295.0,196.33,11,False
2026-04-24 22:00:00+00:00,196.4,196.4,196.4,196.4,60.0,196.4,1,False
2026-04-24 23:00:00+00:00,197.5,197.5,196.5,196.5,220.0,196.727,3,False
2026-04-27 08:00:00+00:00,197.11,197.7,196.5,196.5,894.0,197.402,8,False
2026-04-27 09:00:00+00:00,196.99,196.99,196.9,196.9,134.0,196.927,2,False
2026-04-27 10:00:00+00:00,196.94,197.24,196.92,197.24,230.0,197.051,5,False
2026-04-27 11:00:00+00:00,197.0,198.0,196.5,197.5,5028.0,197.307,47,False
2026-04-27 12:00:00+00:00,196.75,196.99,196.2,196.21,1439.0,196.516,18,False
2026-04-27 13:00:00+00:00,196.5,200.86,195.0,198.0,78190.0,197.887,605,False
2026-04-27 14:00:00+00:00,197.66,198.51,194.61,196.06,82431.0,196.503,769,True
2026-04-27 15:00:00+00:00,195.98,195.98,193.62,194.44,63711.0,194.512,676,True
2026-04-27 16:00:00+00:00,194.52,195.16,193.92,194.43,30504.0,194.4,375,True
2026-04-27 17:00:00+00:00,194.44,196.31,194.44,195.62,39397.0,195.706,442,True
2026-04-27 18:00:00+00:00,195.62,196.92,195.53,196.68,27966.0,196.286,415,True
2026-04-27 19:00:00+00:00,196.7,197.06,195.53,195.74,87512.0,196.152,1183,True
2026-04-27 20:00:00+00:00,195.74,196.0,195.14,195.74,77802.0,195.738,15,False
2026-04-27 21:00:00+00:00,195.74,195.74,195.74,195.74,0.0,195.74,0,False
2026-04-27 22:00:00+00:00,196.6,196.6,195.62,195.62,430.0,196.396,3,False
2026-04-27 23:00:00+00:00,196.2,196.55,196.2,196.36,1339.0,196.262,8,False
2026-04-28 08:00:00+00:00,196.9,198.0,196.47,196.97,1918.0,197.252,22,False
2026-04-28 09:00:00+00:00,196.34,196.34,196.26,196.26,100.0,196.292,2,False
2026-04-28 10:00:00+00:00,196.0,196.0,196.0,196.0,100.0,196.0,1,False
2026-04-28 11:00:00+00:00,195.93,195.93,191.55,193.1,5856.0,193.29,58,False
2026-04-28 12:00:00+00:00,193.1,194.25,192.81,194.25,2761.0,193.202,25,False
2026-04-28 13:00:00+00:00,194.44,194.44,190.51,191.4,85506.0,191.861,668,False
2026-04-28 14:00:00+00:00,191.36,191.56,185.53,187.2,121798.0,187.831,1199,True
2026-04-28 15:00:00+00:00,187.06,188.99,186.51,187.06,61051.0,187.461,832,True
2026-04-28 16:00:00+00:00,187.31,189.55,187.06,189.4,56116.0,188.1,708,True
2026-04-28 17:00:00+00:00,189.41,191.26,188.86,191.05,47028.0,189.926,522,True
2026-04-28 18:00:00+00:00,191.03,191.82,189.81,191.74,36586.0,190.474,460,True
2026-04-28 19:00:00+00:00,191.73,192.6,190.94,192.34,131194.0,191.905,1553,True
2026-04-28 20:00:00+00:00,192.34,192.34,191.59,191.79,81751.0,192.338,10,False
2026-04-28 21:00:00+00:00,192.29,192.29,191.84,192.0,251.0,192.09,4,False
2026-04-28 22:00:00+00:00,191.8,191.8,191.79,191.8,100.0,191.799,1,False
2026-04-28 23:00:00+00:00,191.69,192.3,191.67,192.3,614.0,192.082,9,False
2026-04-29 08:00:00+00:00,193.0,194.46,193.0,193.0,3164.0,193.095,18,False
2026-04-29 09:00:00+00:00,193.0,193.0,193.0,193.0,0.0,193.0,0,False
2026-04-29 10:00:00+00:00,193.0,193.0,193.0,193.0,0.0,193.0,0,False
2026-04-29 11:00:00+00:00,192.49,192.96,192.49,192.83,519.0,192.7,6,False
2026-04-29 12:00:00+00:00,192.65,192.71,191.59,192.34,1254.0,192.025,12,False
2026-04-29 13:00:00+00:00,192.1,192.1,182.5,182.5,112155.0,185.956,912,False
2026-04-29 14:00:00+00:00,182.31,186.39,181.7,184.96,109787.0,184.068,1193,True
2026-04-29 15:00:00+00:00,185.1,185.66,183.0,184.12,63516.0,184.442,663,True
2026-04-29 16:00:00+00:00,184.19,184.97,183.28,184.15,33687.0,183.95,428,True
2026-04-29 17:00:00+00:00,184.34,186.25,184.04,185.46,35423.0,185.126,345,True
2026-04-29 18:00:00+00:00,185.27,185.27,183.0,183.89,49478.0,184.001,525,True
2026-04-29 19:00:00+00:00,183.89,184.66,182.64,183.52,112039.0,183.575,1616,True
2026-04-29 20:00:00+00:00,183.5,184.21,182.66,183.24,77177.0,183.533,23,False
2026-04-29 21:00:00+00:00,183.37,183.5,183.1,183.5,1549.0,183.438,11,False
2026-04-29 22:00:00+00:00,183.5,186.15,183.41,186.15,3095.0,184.392,22,False
2026-04-29 23:00:00+00:00,185.98,185.98,184.26,184.26,361.0,184.796,4,False
2026-04-30 08:00:00+00:00,185.29,185.74,183.43,185.74,1206.0,184.38,23,False
2026-04-30 09:00:00+00:00,185.74,185.74,185.74,185.74,0.0,185.74,0,False
2026-04-30 10:00:00+00:00,184.97,184.97,184.97,184.97,40.0,184.97,1,False
2026-04-30 11:00:00+00:00,184.22,185.81,184.0,185.11,860.0,184.998,11,False
2026-04-30 12:00:00+00:00,185.96,185.96,183.94,185.4,2994.0,185.457,22,False
2026-04-30 13:00:00+00:00,185.5,189.31,185.18,187.5,90946.0,187.722,870,False
2026-04-30 14:00:00+00:00,187.77,188.75,184.26,186.96,169228.0,185.904,1933,True
2026-04-30 15:00:00+00:00,186.81,188.0,184.63,187.98,64060.0,185.989,791,True
2026-04-30 16:00:00+00:00,187.82,188.95,187.31,188.95,44990.0,187.96,522,True
2026-04-30 17:00:00+00:00,188.95,190.28,188.65,189.41,46271.0,189.531,519,True
2026-04-30 18:00:00+00:00,189.64,194.78,189.33,193.5,85526.0,192.667,1001,True
2026-04-30 19:00:00+00:00,193.37,195.51,192.54,195.02,195080.0,194.351,2585,True
2026-04-30 20:00:00+00:00,195.02,196.19,194.38,194.44,110201.0,195.014,28,False
2026-04-30 21:00:00+00:00,194.43,195.5,194.4,195.5,627.0,194.917,9,False
2026-04-30 22:00:00+00:00,195.5,195.5,194.39,194.59,685.0,194.992,7,False
2026-04-30 23:00:00+00:00,195.07,195.2,194.59,195.0,843.0,194.845,8,False
2026-05-01 11:00:00+00:00,195.03,195.5,195.03,195.5,500.0,195.237,3,False
2026-05-01 12:00:00+00:00,195.35,195.35,195.05,195.05,384.0,195.272,2,False
2026-05-01 13:00:00+00:00,195.8,196.0,187.25,187.61,58687.0,191.54,251,False
2026-05-01 14:00:00+00:00,187.98,189.65,184.75,186.14,140224.0,186.203,705,True
2026-05-01 15:00:00+00:00,185.6,186.78,184.0,185.76,75304.0,185.129,417,True
2026-05-01 16:00:00+00:00,185.65,186.3,184.65,185.98,55125.0,185.378,267,True
2026-05-01 17:00:00+00:00,186.02,187.8,185.5,187.28,39578.0,186.947,237,True
2026-05-01 18:00:00+00:00,187.24,187.24,184.41,185.52,76324.0,185.432,346,True
2026-05-01 19:00:00+00:00,185.48,186.47,184.86,184.94,100935.0,185.526,640,True
2026-05-01 20:00:00+00:00,184.97,185.58,184.97,185.26,64017.0,184.976,17,False
2026-05-01 21:00:00+00:00,185.55,185.55,185.0,185.0,1996.0,185.522,2,False
2026-05-01 22:00:00+00:00,185.34,185.45,185.34,185.45,450.0,185.413,2,False
2026-05-01 23:00:00+00:00,185.09,185.3,185.09,185.3,389.0,185.198,3,False
2026-05-04 08:00:00+00:00,186.5,186.5,186.0,186.0,748.0,186.295,4,False
2026-05-04 09:00:00+00:00,186.49,186.49,186.49,186.49,100.0,186.49,1,False
2026-05-04 10:00:00+00:00,185.6,187.0,185.37,185.37,1400.0,186.068,10,False
2026-05-04 11:00:00+00:00,185.25,187.21,185.25,186.5,6174.0,186.062,9,False
2026-05-04 12:00:00+00:00,186.91,186.91,186.5,186.5,600.0,186.84,2,False
2026-05-04 13:00:00+00:00,185.9,191.17,179.5,182.1,211859.0,182.92,934,False
2026-05-04 14:00:00+00:00,181.86,184.0,179.39,180.77,138421.0,181.171,811,True
2026-05-04 15:00:00+00:00,181.23,181.66,178.36,178.96,71865.0,179.676,450,True
2026-05-04 16:00:00+00:00,179.09,181.64,177.67,181.45,65686.0,179.601,413,True
2026-05-04 17:00:00+00:00,181.82,182.68,181.34,181.34,35452.0,181.84,217,True
2026-05-04 18:00:00+00:00,181.29,181.8,180.54,181.0,53130.0,181.224,280,True
2026-05-04 19:00:00+00:00,180.95,182.18,180.07,180.26,97366.0,180.892,720,True
2026-05-04 20:00:00+00:00,180.26,180.9,180.01,180.01,82838.0,180.257,8,False
2026-05-04 21:00:00+00:00,181.0,181.0,180.84,180.84,228.0,180.91,2,False
2026-05-04 22:00:00+00:00,180.25,180.91,180.25,180.35,500.0,180.596,4,False
2026-05-04 23:00:00+00:00,181.0,181.0,180.3,180.3,530.0,180.643,2,False
2026-05-05 08:00:00+00:00,182.66,182.66,182.65,182.66,276.0,182.659,1,False
2026-05-05 09:00:00+00:00,182.42,182.42,182.42,182.42,158.0,182.42,1,False
2026-05-05 10:00:00+00:00,182.42,182.42,182.42,182.42,0.0,182.42,0,False
2026-05-05 11:00:00+00:00,181.8,182.4,181.35,182.4,510.0,181.903,4,False
2026-05-05 12:00:00+00:00,182.45,182.75,181.75,182.75,1687.0,182.312,9,False
2026-05-05 13:00:00+00:00,182.25,182.59,171.6,172.49,157879.0,176.323,704,False
2026-05-05 14:00:00+00:00,171.99,174.0,169.3,171.1,231563.0,171.589,1217,True
2026-05-05 15:00:00+00:00,171.08,172.4,167.6,168.22,128311.0,170.185,692,True
2026-05-05 16:00:00+00:00,168.29,168.83,167.24,167.24,100831.0,167.913,636,True
2026-05-05 17:00:00+00:00,167.23,167.82,166.5,167.0,74191.0,167.132,473,True
2026-05-05 18:00:00+00:00,166.85,169.0,166.85,168.66,60252.0,167.901,357,True
2026-05-05 19:00:00+00:00,168.58,168.67,166.5,166.62,199373.0,167.145,1280,True
2026-05-05 20:00:00+00:00,166.69,168.0,166.69,167.5,115054.0,166.698,16,False
2026-05-05 21:00:00+00:00,167.65,168.22,167.11,167.12,1151.0,167.532,8,False
2026-05-05 22:00:00+00:00,167.66,167.66,167.03,167.31,1400.0,167.522,6,False
2026-05-05 23:00:00+00:00,167.57,167.8,167.05,167.24,840.0,167.277,8,False
2026-05-06 08:00:00+00:00,167.31,167.84,167.07,167.84,4408.0,167.777,7,False
2026-05-06 09:00:00+00:00,167.19,169.82,167.19,169.15,1208.0,169.087,5,False
2026-05-06 10:00:00+00:00,167.71,169.46,167.71,169.0,971.0,168.129,8,False
2026-05-06 11:00:00+00:00,169.74,170.01,169.0,169.0,1877.0,169.239,13,False
2026-05-06 12:00:00+00:00,168.58,168.58,168.05,168.2,3071.0,168.181,18,False
2026-05-06 13:00:00+00:00,168.05,168.94,166.02,168.7,110182.0,167.492,461,False
2026-05-06 14:00:00+00:00,168.76,174.0,168.76,173.2,148190.0,171.616,811,True
2026-05-06 15:00:00+00:00,173.6,174.2,171.9,172.63,75361.0,173.068,388,True
2026-05-06 16:00:00+00:00,172.6,173.12,171.79,172.48,28416.0,172.413,216,True
2026-05-06 17:00:00+00:00,172.36,174.15,172.35,172.65,50214.0,173.313,312,True
2026-05-06 18:00:00+00:00,173.04,178.0,172.4,175.45,207569.0,175.751,1169,True
2026-05-06 19:00:00+00:00,175.41,176.81,174.16,174.34,176521.0,175.355,1139,True
2026-05-06 20:00:00+00:00,174.37,176.78,174.21,176.78,92331.0,174.378,12,False
2026-05-06 21:00:00+00:00,174.0,174.0,174.0,174.0,185.0,174.0,1,False
2026-05-06 22:00:00+00:00,174.12,174.12,174.12,174.12,194.0,174.12,1,False
2026-05-06 23:00:00+00:00,174.1,174.5,174.09,174.5,200.0,174.299,2,False
2026-05-07 08:00:00+00:00,174.93,176.63,174.93,176.63,311.0,175.502,3,False
2026-05-07 09:00:00+00:00,176.75,176.75,176.0,176.0,464.0,176.243,3,False
2026-05-07 10:00:00+00:00,176.0,176.0,176.0,176.0,0.0,176.0,0,False
2026-05-07 11:00:00+00:00,176.0,176.0,174.98,174.98,1661.0,175.219,8,False
2026-05-07 12:00:00+00:00,174.77,175.45,174.52,175.25,3538.0,175.088,12,False
2026-05-07 13:00:00+00:00,175.52,175.52,170.75,170.99,78525.0,172.815,342,False
2026-05-07 14:00:00+00:00,170.9,171.77,167.77,168.1,111179.0,169.493,733,True
2026-05-07 15:00:00+00:00,168.1,169.17,166.89,167.54,93299.0,167.821,557,True
2026-05-07 16:00:00+00:00,167.4,168.49,166.41,167.55,48885.0,167.381,373,True
2026-05-07 17:00:00+00:00,167.52,168.67,166.59,167.86,46788.0,167.352,326,True
2026-05-07 18:00:00+00:00,167.68,167.83,165.5,166.61,59340.0,166.42,373,True
2026-05-07 19:00:00+00:00,166.79,168.43,166.21,168.19,82987.0,167.598,600,True
2026-05-07 20:00:00+00:00,168.18,169.0,167.42,167.42,115482.0,168.179,21,False
2026-05-07 21:00:00+00:00,168.5,168.5,167.0,167.0,350.0,167.84,3,False
2026-05-07 22:00:00+00:00,167.96,167.96,167.0,167.0,500.0,167.586,3,False
2026-05-07 23:00:00+00:00,167.0,167.0,167.0,167.0,0.0,167.0,0,False
2026-05-08 08:00:00+00:00,168.98,169.15,168.62,169.15,488.0,168.864,4,False
2026-05-08 09:00:00+00:00,169.6,169.6,169.6,169.6,300.0,169.6,1,False
2026-05-08 10:00:00+00:00,169.79,170.48,169.79,170.48,405.0,170.152,4,False
2026-05-08 11:00:00+00:00,170.0,170.0,168.5,168.5,1179.0,168.695,11,False
2026-05-08 12:00:00+00:00,168.12,169.27,167.8,169.0,5044.0,168.512,23,False
2026-05-08 13:00:00+00:00,168.3,168.3,164.61,165.15,85595.0,166.372,338,False
2026-05-08 14:00:00+00:00,165.28,168.0,165.24,166.79,77547.0,166.814,471,True
2026-05-08 15:00:00+00:00,166.57,168.26,166.3,166.99,64155.0,167.083,372,True
2026-05-08 16:00:00+00:00,166.98,168.3,166.61,167.8,39432.0,167.411,229,True
2026-05-08 17:00:00+00:00,167.61,168.98,166.98,168.91,47946.0,167.962,231,True
2026-05-08 18:00:00+00:00,168.98,169.92,168.45,168.46,39082.0,169.331,272,True
2026-05-08 19:00:00+00:00,168.38,169.38,168.14,168.21,93060.0,168.618,534,True
2026-05-08 20:00:00+00:00,168.29,168.29,168.0,168.07,94741.0,168.289,8,False
2026-05-08 21:00:00+00:00,168.05,168.05,167.16,167.16,350.0,167.655,3,False
2026-05-08 22:00:00+00:00,168.03,168.03,167.94,167.94,350.0,167.991,3,False
2026-05-08 23:00:00+00:00,167.11,168.09,167.11,168.09,600.0,167.446,5,False
2026-05-11 08:00:00+00:00,167.63,167.63,167.63,167.63,100.0,167.63,1,False
2026-05-11 09:00:00+00:00,168.0,168.0,168.0,168.0,100.0,168.0,1,False
2026-05-11 10:00:00+00:00,168.0,168.0,168.0,168.0,0.0,168.0,0,False
2026-05-11 11:00:00+00:00,167.3,167.55,166.96,166.96,1292.0,167.348,7,False
2026-05-11 12:00:00+00:00,166.75,166.75,165.8,165.84,2646.0,166.044,12,False
2026-05-11 13:00:00+00:00,166.11,166.93,158.3,160.49,214983.0,161.058,1052,False
2026-05-11 14:00:00+00:00,160.5,166.05,160.49,163.73,148069.0,164.402,869,True
2026-05-11 15:00:00+00:00,163.98,166.94,163.74,165.36,88391.0,165.392,462,True
2026-05-11 16:00:00+00:00,165.32,166.22,164.25,164.87,57486.0,165.231,384,True
2026-05-11 17:00:00+00:00,164.82,165.69,163.4,165.11,96405.0,164.703,633,True
2026-05-11 18:00:00+00:00,164.97,166.85,164.96,165.1,77041.0,166.151,541,True
2026-05-11 19:00:00+00:00,165.41,168.34,165.4,166.19,111434.0,166.565,810,True
2026-05-11 20:00:00+00:00,166.45,167.0,166.45,167.0,91186.0,166.453,5,False
2026-05-11 21:00:00+00:00,166.58,167.0,166.58,167.0,766.0,166.887,3,False
2026-05-11 22:00:00+00:00,167.7,167.7,167.7,167.7,200.0,167.7,1,False
2026-05-11 23:00:00+00:00,167.5,167.5,167.5,167.5,100.0,167.5,1,False
2026-05-12 08:00:00+00:00,165.74,165.74,165.5,165.74,4322.0,165.734,12,False
2026-05-12 09:00:00+00:00,166.46,166.46,166.46,166.46,100.0,166.46,1,False
2026-05-12 10:00:00+00:00,166.46,166.46,166.46,166.46,351.0,166.46,3,False
2026-05-12 11:00:00+00:00,166.25,166.92,166.0,166.5,2084.0,166.674,10,False
2026-05-12 12:00:00+00:00,166.87,167.0,165.9,166.69,7758.0,166.706,30,False
2026-05-12 13:00:00+00:00,166.5,170.93,166.5,169.11,131869.0,168.773,599,False
2026-05-12 14:00:00+00:00,168.8,173.47,166.7,166.7,126614.0,170.598,741,True
2026-05-12 15:00:00+00:00,166.95,168.13,164.77,165.3,68646.0,166.422,351,True
2026-05-12 16:00:00+00:00,165.0,167.5,164.8,165.01,50381.0,166.192,250,True
2026-05-12 17:00:00+00:00,165.43,166.32,164.75,164.85,56419.0,165.464,399,True
2026-05-12 18:00:00+00:00,165.04,166.41,164.51,165.61,76452.0,165.461,553,True
2026-05-12 19:00:00+00:00,165.75,169.31,165.74,168.82,105343.0,167.827,798,True
2026-05-12 20:00:00+00:00,168.86,168.94,168.14,168.14,91327.0,168.859,10,False
2026-05-12 21:00:00+00:00,168.6,168.6,168.6,168.6,201.0,168.6,1,False
2026-05-12 22:00:00+00:00,168.5,168.6,168.5,168.6,300.0,168.567,3,False
2026-05-12 23:00:00+00:00,168.99,168.99,168.99,168.99,100.0,168.99,1,False
2026-05-13 08:00:00+00:00,169.95,172.87,169.31,172.87,1469.0,170.335,7,False
2026-05-13 09:00:00+00:00,170.98,170.98,170.98,170.98,100.0,170.98,1,False
2026-05-13 10:00:00+00:00,170.56,171.0,170.0,170.0,523.0,170.548,4,False
2026-05-13 11:00:00+00:00,169.52,170.01,169.3,169.76,2447.0,169.618,12,False
2026-05-13 12:00:00+00:00,169.7,169.7,167.47,168.09,5213.0,168.525,17,False
2026-05-13 13:00:00+00:00,168.09,168.87,157.2,157.62,169533.0,160.379,843,False
2026-05-13 14:00:00+00:00,157.94,159.99,156.0,158.56,131577.0,158.011,724,True
2026-05-13 15:00:00+00:00,158.24,160.7,157.74,159.56,66473.0,159.455,402,True
2026-05-13 16:00:00+00:00,159.53,159.95,158.9,159.15,59355.0,159.478,295,True
2026-05-13 17:00:00+00:00,159.79,160.19,159.0,159.85,54194.0,159.583,299,True
2026-05-13 18:00:00+00:00,159.5,161.8,159.35,160.28,76568.0,160.688,415,True
2026-05-13 19:00:00+00:00,160.25,162.29,160.19,160.92,127577.0,161.463,870,True
2026-05-13 20:00:00+00:00,160.99,162.21,160.03,161.25,159644.0,160.992,23,False
2026-05-13 21:00:00+00:00,160.79,161.69,160.79,161.69,200.0,161.24,2,False
2026-05-13 22:00:00+00:00,161.41,161.69,161.4,161.69,400.0,161.499,3,False
2026-05-13 23:00:00+00:00,161.69,161.69,161.04,161.04,630.0,161.31,5,False
2026-05-14 09:00:00+00:00,162.11,162.11,162.0,162.0,1131.0,162.01,3,False
2026-05-14 10:00:00+00:00,161.75,161.75,161.75,161.75,100.0,161.75,1,False
2026-05-14 11:00:00+00:00,162.54,162.54,160.75,161.0,2060.0,161.056,8,False
2026-05-14 12:00:00+00:00,161.2,162.04,161.2,161.5,766.0,161.599,5,False
2026-05-14 13:00:00+00:00,161.5,164.88,160.0,161.11,77655.0,161.723,355,False
2026-05-14 14:00:00+00:00,161.31,165.99,161.2,164.84,68002.0,163.422,415,True
2026-05-14 15:00:00+00:00,164.63,165.87,163.68,163.81,59512.0,164.968,344,True
2026-05-14 16:00:00+00:00,163.99,166.99,163.9,165.28,42510.0,165.427,230,True
2026-05-14 17:00:00+00:00,165.26,165.69,163.65,163.66,37561.0,164.767,197,True
2026-05-14 18:00:00+00:00,163.67,165.44,163.27,163.68,40228.0,164.675,239,True
2026-05-14 19:00:00+00:00,163.9,165.33,163.35,165.29,99333.0,164.713,558,True
2026-05-14 20:00:00+00:00,165.27,166.0,164.8,165.25,90717.0,165.175,14,False
2026-05-14 21:00:00+00:00,165.8,165.8,165.3,165.6,645.0,165.614,5,False
2026-05-14 22:00:00+00:00,165.6,165.6,165.6,165.6,0.0,165.6,0,False
2026-05-14 23:00:00+00:00,166.0,166.0,166.0,166.0,100.0,166.0,1,False
2026-05-15 08:00:00+00:00,162.1,164.0,161.6,164.0,4097.0,162.933,13,False
2026-05-15 09:00:00+00:00,162.49,162.5,162.49,162.5,400.0,162.495,3,False
2026-05-15 10:00:00+00:00,162.57,162.58,162.57,162.58,200.0,162.575,2,False
2026-05-15 11:00:00+00:00,163.97,165.18,161.0,161.0,2341.0,164.098,10,False
2026-05-15 12:00:00+00:00,162.94,162.94,160.78,162.07,1257.0,161.491,8,False
2026-05-15 13:00:00+00:00,160.1,163.08,158.46,158.55,67230.0,160.581,317,False
2026-05-15 14:00:00+00:00,158.82,160.72,157.19,157.71,84120.0,158.898,497,True
2026-05-15 15:00:00+00:00,157.71,158.29,157.11,157.71,46787.0,157.687,299,True
2026-05-15 16:00:00+00:00,157.95,158.17,157.33,157.75,33067.0,157.656,191,True
2026-05-15 17:00:00+00:00,157.67,158.6,157.51,158.39,34771.0,158.049,177,True
2026-05-15 18:00:00+00:00,158.48,158.94,157.4,157.47,45414.0,158.131,241,True
2026-05-15 19:00:00+00:00,157.72,159.25,157.43,157.94,116380.0,158.154,759,True
2026-05-15 20:00:00+00:00,158.0,158.17,157.74,158.17,94322.0,158.0,19,False
2026-05-15 21:00:00+00:00,158.2,158.2,158.0,158.0,300.0,158.067,3,False
2026-05-15 22:00:00+00:00,157.8,157.8,157.2,157.2,529.0,157.511,4,False
2026-05-15 23:00:00+00:00,157.2,157.2,157.2,157.2,0.0,157.2,0,False
