date,open,high,low,close,volume,average,barCount,is_rth
2025-11-11 23:22:14+00:00,96.51,96.51,96.51,96.51,0.0,96.51,0,False
2025-11-12 00:00:00+00:00,96.51,96.51,96.51,96.51,0.0,96.51,0,False
2025-11-12 13:00:00+00:00,97.1,97.24,97.1,97.24,1000.0,97.2,4,False
2025-11-12 14:00:00+00:00,96.02,97.43,95.19,97.2,12301.0,96.402,78,False
2025-11-12 15:00:00+00:00,97.12,97.89,96.77,97.26,34667.0,97.327,239,True
2025-11-12 16:00:00+00:00,97.32,97.69,96.8,97.16,26399.0,97.223,224,True
2025-11-12 17:00:00+00:00,97.03,98.12,96.92,98.08,48132.0,97.373,275,True
2025-11-12 18:00:00+00:00,98.08,98.21,96.61,96.69,20825.0,97.482,154,True
2025-11-12 19:00:00+00:00,96.92,97.05,96.48,96.97,27952.0,96.738,194,True
2025-11-12 20:00:00+00:00,96.88,97.28,96.73,96.93,92575.0,97.007,664,True
2025-11-12 21:00:00+00:00,96.94,96.94,96.86,96.86,94913.0,96.861,10,False
2025-11-12 22:00:00+00:00,96.86,96.86,96.86,96.86,0.0,96.86,0,False
2025-11-12 23:00:00+00:00,96.86,96.86,96.86,96.86,0.0,96.86,0,False
2025-11-13 00:00:00+00:00,96.86,96.86,96.86,96.86,0.0,96.86,0,False
2025-11-13 14:00:00+00:00,96.47,98.0,95.2,97.25,11207.0,96.808,59,False
2025-11-13 15:00:00+00:00,97.28,98.1,95.67,96.3,59083.0,96.753,431,True
2025-11-13 16:00:00+00:00,96.09,96.46,95.74,96.05,31818.0,96.118,266,True
2025-11-13 17:00:00+00:00,96.05,96.66,95.76,96.36,44216.0,96.129,293,True
2025-11-13 18:00:00+00:00,96.25,96.65,95.73,96.13,49670.0,96.153,372,True
2025-11-13 19:00:00+00:00,96.0,96.23,95.54,96.04,46906.0,95.902,402,True
2025-11-13 20:00:00+00:00,96.0,96.41,95.72,96.21,97767.0,96.046,737,True
2025-11-13 21:00:00+00:00,96.31,96.31,96.26,96.26,53079.0,96.26,4,False
2025-11-13 22:00:00+00:00,96.26,96.26,96.26,96.26,0.0,96.26,0,False
2025-11-13 23:00:00+00:00,96.26,96.26,96.26,96.26,0.0,96.26,0,False
2025-11-14 00:00:00+00:00,93.4,93.4,93.4,93.4,124.0,93.4,1,False
2025-11-14 14:00:00+00:00,94.87,97.29,94.55,96.1,11041.0,95.348,53,False
2025-11-14 15:00:00+00:00,97.23,97.23,95.9,96.12,32090.0,96.267,231,True
2025-11-14 16:00:00+00:00,96.12,96.99,96.09,96.99,10678.0,96.427,77,True
2025-11-14 17:00:00+00:00,96.98,98.31,96.82,97.11,23600.0,97.369,187,True
2025-11-14 18:00:00+00:00,97.11,97.31,96.67,97.13,15533.0,97.026,111,True
2025-11-14 19:00:00+00:00,97.13,97.14,96.46,96.49,20033.0,96.831,180,True
2025-11-14 20:00:00+00:00,96.49,96.98,96.31,96.47,70182.0,96.598,536,True
2025-11-14 21:00:00+00:00,96.47,96.47,96.47,96.47,48573.0,96.47,5,False
2025-11-14 22:00:00+00:00,96.47,96.47,96.47,96.47,0.0,96.47,0,False
2025-11-14 23:00:00+00:00,94.08,94.09,94.08,94.08,160.0,94.082,1,False
2025-11-15 00:00:00+00:00,94.08,94.09,94.08,94.08,0.0,94.08,0,False
2025-11-17 14:00:00+00:00,96.44,96.96,94.0,94.7,14260.0,95.583,75,False
2025-11-17 15:00:00+00:00,94.7,95.5,94.32,94.68,31113.0,94.665,176,True
2025-11-17 16:00:00+00:00,94.55,95.43,94.21,95.4,29592.0,94.706,190,True
2025-11-17 17:00:00+00:00,95.57,95.97,95.16,95.23,17511.0,95.56,133,True
2025-11-17 18:00:00+00:00,95.03,95.61,94.04,94.32,21901.0,94.803,168,True
2025-11-17 19:00:00+00:00,94.15,94.65,93.71,93.76,23560.0,94.289,213,True
2025-11-17 20:00:00+00:00,93.79,94.4,93.52,93.8,81878.0,93.805,679,True
2025-11-17 21:00:00+00:00,93.78,96.0,93.78,96.0,105193.0,93.784,5,False
2025-11-17 22:00:00+00:00,96.0,96.0,96.0,96.0,0.0,96.0,0,False
2025-11-17 23:00:00+00:00,96.0,96.0,96.0,96.0,0.0,96.0,0,False
2025-11-18 00:00:00+00:00,96.0,96.0,96.0,96.0,0.0,96.0,0,False
2025-11-18 12:00:00+00:00,93.4,93.4,93.4,93.4,108.0,93.4,1,False
2025-11-18 13:00:00+00:00,93.4,93.4,93.4,93.4,0.0,93.4,0,False
2025-11-18 14:00:00+00:00,94.25,95.71,94.25,94.7,9412.0,94.924,57,False
2025-11-18 15:00:00+00:00,94.93,95.85,94.32,95.85,29084.0,95.317,230,True
2025-11-18 16:00:00+00:00,95.84,96.67,95.81,96.05,23480.0,96.263,211,True
2025-11-18 17:00:00+00:00,96.23,96.24,95.61,95.73,16149.0,95.941,145,True
2025-11-18 18:00:00+00:00,95.82,96.21,95.58,95.66,21526.0,95.919,182,True
2025-11-18 19:00:00+00:00,95.65,95.87,95.31,95.84,28506.0,95.576,238,True
2025-11-18 20:00:00+00:00,95.95,96.53,95.55,95.78,83135.0,95.918,656,True
2025-11-18 21:00:00+00:00,95.8,97.0,95.75,97.0,61970.0,95.755,7,False
2025-11-18 22:00:00+00:00,96.04,96.04,96.03,96.04,100.0,96.035,1,False
2025-11-18 23:00:00+00:00,96.04,96.04,96.04,96.04,0.0,96.04,0,False
2025-11-19 00:00:00+00:00,96.04,96.04,96.03,96.04,0.0,96.04,0,False
2025-11-19 14:00:00+00:00,96.02,96.57,95.36,95.36,7608.0,95.977,59,False
2025-11-19 15:00:00+00:00,95.36,96.38,95.36,96.27,20911.0,96.031,162,True
2025-11-19 16:00:00+00:00,96.25,96.57,95.54,95.92,36849.0,96.178,283,True
2025-11-19 17:00:00+00:00,95.92,95.92,95.2,95.6,19797.0,95.391,158,True
2025-11-19 18:00:00+00:00,95.78,96.64,95.68,96.37,33553.0,96.297,247,True
2025-11-19 19:00:00+00:00,96.33,96.67,95.44,95.79,33890.0,96.118,304,True
2025-11-19 20:00:00+00:00,95.83,96.33,95.68,95.72,71078.0,96.003,553,True
2025-11-19 21:00:00+00:00,95.8,95.8,95.8,95.8,70895.0,95.8,7,False
2025-11-19 22:00:00+00:00,95.8,95.8,95.8,95.8,0.0,95.8,0,False
2025-11-19 23:00:00+00:00,95.8,95.8,95.8,95.8,0.0,95.8,0,False
2025-11-20 00:00:00+00:00,95.8,95.8,95.8,95.8,0.0,95.8,0,False
2025-11-20 13:00:00+00:00,95.0,95.0,95.0,95.0,225.0,95.0,1,False
2025-11-20 14:00:00+00:00,95.96,96.15,95.0,95.55,13112.0,95.58,84,False
2025-11-20 15:00:00+00:00,95.44,96.42,95.0,95.5,31821.0,95.42,215,True
2025-11-20 16:00:00+00:00,95.31,96.0,94.49,94.49,42462.0,95.596,364,True
2025-11-20 17:00:00+00:00,94.53,95.04,94.4,94.68,25126.0,94.762,225,True
2025-11-20 18:00:00+00:00,94.41,95.31,94.32,94.49,40906.0,94.771,347,True
2025-11-20 19:00:00+00:00,94.49,95.11,93.68,94.92,32460.0,94.645,285,True
2025-11-20 20:00:00+00:00,94.84,94.96,93.72,93.82,121661.0,94.106,1060,True
2025-11-20 21:00:00+00:00,93.78,93.78,93.78,93.78,69715.0,93.78,2,False
2025-11-20 22:00:00+00:00,93.78,93.78,93.78,93.78,0.0,93.78,0,False
2025-11-20 23:00:00+00:00,93.68,93.68,93.68,93.68,100.0,93.68,1,False
2025-11-21 00:00:00+00:00,93.68,93.68,93.68,93.68,0.0,93.68,0,False
2025-11-21 14:00:00+00:00,93.95,94.15,91.94,93.97,36731.0,93.87,142,False
2025-11-21 15:00:00+00:00,94.17,94.67,93.36,94.16,36139.0,94.181,282,True
2025-11-21 16:00:00+00:00,94.16,95.09,93.84,95.09,26255.0,94.595,189,True
2025-11-21 17:00:00+00:00,95.06,95.52,94.73,94.73,38146.0,95.107,234,True
2025-11-21 18:00:00+00:00,94.83,95.16,94.39,95.04,18076.0,94.843,135,True
2025-11-21 19:00:00+00:00,95.12,95.42,95.04,95.05,27574.0,95.239,218,True
2025-11-21 20:00:00+00:00,95.05,95.05,93.26,93.4,112843.0,93.868,781,True
2025-11-21 21:00:00+00:00,93.37,93.37,92.41,92.41,127286.0,93.369,2,False
2025-11-21 22:00:00+00:00,92.41,92.41,92.41,92.41,0.0,92.41,0,False
2025-11-21 23:00:00+00:00,92.41,92.41,92.41,92.41,0.0,92.41,0,False
2025-11-22 00:00:00+00:00,92.41,92.41,92.41,92.41,0.0,92.41,0,False
2025-11-24 14:00:00+00:00,93.59,93.99,92.32,93.26,44523.0,93.313,158,False
2025-11-24 15:00:00+00:00,93.66,93.8,92.14,92.55,67494.0,93.425,513,True
2025-11-24 16:00:00+00:00,92.63,92.63,90.64,90.75,154845.0,91.719,611,True
2025-11-24 17:00:00+00:00,90.7,90.7,88.83,90.09,90305.0,89.784,620,True
2025-11-24 18:00:00+00:00,90.12,90.12,87.0,88.4,180896.0,88.749,1078,True
2025-11-24 19:00:00+00:00,88.4,88.58,87.29,87.33,159493.0,88.094,1046,True
2025-11-24 20:00:00+00:00,87.26,89.87,86.97,89.31,282483.0,88.419,2052,True
2025-11-24 21:00:00+00:00,89.36,89.36,89.33,89.33,187725.0,89.36,6,False
2025-11-24 22:00:00+00:00,89.33,89.33,89.33,89.33,0.0,89.33,0,False
2025-11-24 23:00:00+00:00,89.33,89.33,89.33,89.33,0.0,89.33,0,False
2025-11-25 00:00:00+00:00,89.33,89.33,89.33,89.33,0.0,89.33,0,False
2025-11-25 14:00:00+00:00,89.91,91.99,89.02,91.41,35585.0,91.012,180,False
2025-11-25 15:00:00+00:00,91.41,92.36,90.69,91.19,65002.0,91.561,406,True
2025-11-25 16:00:00+00:00,91.19,91.22,90.22,91.15,72474.0,90.84,581,True
2025-11-25 17:00:00+00:00,91.25,91.57,90.96,91.0,53839.0,91.145,400,True
2025-11-25 18:00:00+00:00,91.0,91.14,90.22,90.3,32581.0,90.642,274,True
2025-11-25 19:00:00+00:00,90.3,90.31,89.78,90.19,54466.0,90.084,364,True
2025-11-25 20:00:00+00:00,90.24,90.48,89.2,89.6,267215.0,89.793,1977,True
2025-11-25 21:00:00+00:00,89.61,89.61,89.61,89.61,152026.0,89.61,2,False
2025-11-25 22:00:00+00:00,87.88,87.88,87.88,87.88,102.0,87.88,1,False
2025-11-25 23:00:00+00:00,87.88,87.88,87.88,87.88,0.0,87.88,0,False
2025-11-26 00:00:00+00:00,87.88,87.88,87.88,87.88,0.0,87.88,0,False
2025-11-26 14:00:00+00:00,90.37,92.29,90.37,92.06,30558.0,91.272,172,False
2025-11-26 15:00:00+00:00,92.27,93.45,91.9,93.15,32613.0,92.714,269,True
2025-11-26 16:00:00+00:00,93.13,93.74,92.74,93.13,37437.0,93.077,316,True
2025-11-26 17:00:00+00:00,93.13,93.4,92.78,93.29,16972.0,93.092,158,True
2025-11-26 18:00:00+00:00,93.32,93.33,92.8,93.09,26224.0,93.016,218,True
2025-11-26 19:00:00+00:00,93.01,93.37,92.94,93.04,29889.0,93.139,264,True
2025-11-26 20:00:00+00:00,92.97,93.62,92.45,92.54,93018.0,92.929,741,True
2025-11-26 21:00:00+00:00,92.55,92.55,92.49,92.49,137350.0,92.49,7,False
2025-11-26 22:00:00+00:00,92.49,92.49,92.49,92.49,0.0,92.49,0,False
2025-11-26 23:00:00+00:00,92.49,92.49,92.49,92.49,0.0,92.49,0,False
2025-11-27 00:00:00+00:00,92.49,92.49,92.49,92.49,0.0,92.49,0,False
2025-11-28 14:00:00+00:00,92.43,93.26,92.18,92.57,10163.0,92.689,61,False
2025-11-28 15:00:00+00:00,92.8,93.71,92.76,93.5,30943.0,93.399,224,True
2025-11-28 16:00:00+00:00,93.5,93.64,92.85,93.13,39835.0,93.239,269,True
2025-11-28 17:00:00+00:00,93.06,93.06,92.28,92.56,48764.0,92.564,385,True
2025-11-28 18:00:00+00:00,92.56,92.56,92.56,92.56,33381.0,92.56,3,True
2025-11-28 19:00:00+00:00,92.56,92.56,92.56,92.56,0.0,92.56,0,True
2025-11-28 20:00:00+00:00,92.56,92.56,92.56,92.56,0.0,92.56,0,True
2025-11-28 21:00:00+00:00,92.56,92.56,92.56,92.56,0.0,92.56,0,False
2025-12-01 14:00:00+00:00,91.35,93.65,90.57,93.61,13255.0,91.864,64,False
2025-12-01 15:00:00+00:00,93.6,94.43,93.0,93.66,25281.0,93.577,206,True
2025-12-01 16:00:00+00:00,93.67,93.91,93.33,93.5,15738.0,93.602,141,True
2025-12-01 17:00:00+00:00,93.52,94.66,93.52,94.52,36573.0,94.28,319,True
2025-12-01 18:00:00+00:00,94.6,95.49,94.52,95.44,31415.0,95.016,256,True
2025-12-01 19:00:00+00:00,95.4,95.53,94.77,94.99,36813.0,95.099,336,True
2025-12-01 20:00:00+00:00,94.99,95.08,93.69,93.93,80088.0,94.254,621,True
2025-12-01 21:00:00+00:00,93.83,93.83,93.83,93.83,86762.0,93.83,4,False
2025-12-01 22:00:00+00:00,93.83,93.83,93.83,93.83,0.0,93.83,0,False
2025-12-01 23:00:00+00:00,94.17,94.18,94.17,94.17,120.0,94.173,1,False
2025-12-02 00:00:00+00:00,94.17,94.18,94.17,94.17,0.0,94.17,0,False
2025-12-02 14:00:00+00:00,94.25,95.45,93.96,95.36,16667.0,94.74,106,False
2025-12-02 15:00:00+00:00,95.36,95.39,94.44,95.21,34203.0,95.025,298,True
2025-12-02 16:00:00+00:00,95.18,95.89,95.14,95.25,45666.0,95.56,380,True
2025-12-02 17:00:00+00:00,95.25,95.68,94.85,95.58,29888.0,95.302,265,True
2025-12-02 18:00:00+00:00,95.63,95.91,94.62,94.76,32832.0,95.328,284,True
2025-12-02 19:00:00+00:00,94.69,94.95,94.64,94.86,27821.0,94.8,255,True
2025-12-02 20:00:00+00:00,94.85,95.35,94.13,94.36,93072.0,94.561,708,True
2025-12-02 21:00:00+00:00,94.27,94.27,94.27,94.27,82432.0,94.27,2,False
2025-12-02 22:00:00+00:00,94.27,94.27,94.27,94.27,0.0,94.27,0,False
2025-12-02 23:00:00+00:00,94.27,94.27,94.27,94.27,0.0,94.27,0,False
2025-12-03 00:00:00+00:00,94.2,94.2,94.2,94.2,215.0,94.2,1,False
2025-12-03 14:00:00+00:00,93.81,95.94,93.81,95.4,25371.0,95.084,171,False
2025-12-03 15:00:00+00:00,95.6,95.77,94.99,95.17,34040.0,95.375,309,True
2025-12-03 16:00:00+00:00,95.24,95.8,95.24,95.77,28696.0,95.504,254,True
2025-12-03 17:00:00+00:00,95.78,96.22,95.67,96.21,22961.0,95.945,188,True
2025-12-03 18:00:00+00:00,96.17,96.26,95.62,95.94,40200.0,95.929,243,True
2025-12-03 19:00:00+00:00,95.94,96.04,94.95,95.18,80525.0,95.515,270,True
2025-12-03 20:00:00+00:00,95.19,95.19,94.25,94.35,136324.0,94.541,996,True
2025-12-03 21:00:00+00:00,94.35,94.35,94.35,94.35,92219.0,94.35,2,False
2025-12-03 22:00:00+00:00,94.35,94.35,94.35,94.35,0.0,94.35,0,False
2025-12-03 23:00:00+00:00,94.35,94.35,94.35,94.35,0.0,94.35,0,False
2025-12-04 00:00:00+00:00,94.35,94.35,94.35,94.35,0.0,94.35,0,False
2025-12-04 14:00:00+00:00,95.01,96.62,95.0,95.55,15529.0,95.626,112,False
2025-12-04 15:00:00+00:00,95.2,95.31,94.53,94.78,46493.0,94.905,343,True
2025-12-04 16:00:00+00:00,94.81,95.12,94.45,94.92,32384.0,94.848,233,True
2025-12-04 17:00:00+00:00,94.92,95.82,94.69,95.38,62817.0,95.055,328,True
2025-12-04 18:00:00+00:00,95.36,96.33,95.35,95.94,40988.0,95.88,315,True
2025-12-04 19:00:00+00:00,96.06,96.06,95.11,95.7,23292.0,95.699,209,True
2025-12-04 20:00:00+00:00,95.79,96.19,95.3,96.13,131544.0,95.782,1021,True
2025-12-04 21:00:00+00:00,96.11,96.11,96.11,96.11,52578.0,96.11,3,False
2025-12-04 22:00:00+00:00,96.11,96.11,96.11,96.11,0.0,96.11,0,False
2025-12-04 23:00:00+00:00,96.11,96.11,96.11,96.11,0.0,96.11,0,False
2025-12-05 00:00:00+00:00,96.11,96.11,96.11,96.11,0.0,96.11,0,False
2025-12-05 14:00:00+00:00,96.02,96.9,95.66,96.05,16248.0,96.047,101,False
2025-12-05 15:00:00+00:00,96.03,96.23,94.87,94.87,33973.0,95.516,258,True
2025-12-05 16:00:00+00:00,94.92,95.02,93.88,93.89,28976.0,94.44,188,True
2025-12-05 17:00:00+00:00,93.98,93.98,92.89,93.51,21929.0,93.278,185,True
2025-12-05 18:00:00+00:00,93.6,93.64,92.8,93.38,21150.0,93.269,171,True
2025-12-05 19:00:00+00:00,93.39,93.76,93.34,93.73,18804.0,93.595,170,True
2025-12-05 20:00:00+00:00,93.77,94.6,93.62,94.6,74158.0,94.168,577,True
2025-12-05 21:00:00+00:00,94.55,94.55,94.54,94.54,93678.0,94.54,3,False
2025-12-05 22:00:00+00:00,94.54,94.54,94.54,94.54,0.0,94.54,0,False
2025-12-05 23:00:00+00:00,94.54,94.54,94.54,94.54,0.0,94.54,0,False
2025-12-06 00:00:00+00:00,94.54,94.54,94.54,94.54,0.0,94.54,0,False
2025-12-08 14:00:00+00:00,94.54,95.0,93.54,94.22,11351.0,94.415,30,False
2025-12-08 15:00:00+00:00,94.53,94.84,93.94,94.13,21499.0,94.249,174,True
2025-12-08 16:00:00+00:00,94.09,94.99,94.09,94.79,26650.0,94.643,170,True
2025-12-08 17:00:00+00:00,94.79,94.97,94.06,94.29,51445.0,94.475,390,True
2025-12-08 18:00:00+00:00,94.31,94.36,93.69,93.91,32036.0,94.063,240,True
2025-12-08 19:00:00+00:00,93.99,94.14,93.68,94.14,10652.0,93.896,93,True
2025-12-08 20:00:00+00:00,94.09,94.44,93.52,93.56,81578.0,93.964,587,True
2025-12-08 21:00:00+00:00,93.56,93.56,93.56,93.56,80777.0,93.56,2,False
2025-12-08 22:00:00+00:00,93.56,93.56,93.56,93.56,0.0,93.56,0,False
2025-12-08 23:00:00+00:00,93.56,93.56,93.56,93.56,0.0,93.56,0,False
2025-12-09 00:00:00+00:00,93.56,93.56,93.56,93.56,0.0,93.56,0,False
2025-12-09 14:00:00+00:00,93.19,93.91,93.03,93.72,5950.0,93.465,37,False
2025-12-09 15:00:00+00:00,93.33,94.59,93.33,94.28,22629.0,94.084,170,True
2025-12-09 16:00:00+00:00,94.31,94.61,93.23,93.29,44412.0,93.903,382,True
2025-12-09 17:00:00+00:00,93.44,93.54,93.06,93.14,24467.0,93.36,227,True
2025-12-09 18:00:00+00:00,93.18,93.25,92.78,93.2,26513.0,93.007,239,True
2025-12-09 19:00:00+00:00,93.19,93.4,92.94,93.33,28232.0,93.168,241,True
2025-12-09 20:00:00+00:00,93.29,94.3,93.24,94.06,93053.0,93.974,742,True
2025-12-09 21:00:00+00:00,94.1,94.1,94.1,94.1,61171.0,94.1,3,False
2025-12-09 22:00:00+00:00,94.1,94.1,94.1,94.1,0.0,94.1,0,False
2025-12-09 23:00:00+00:00,94.1,94.1,94.1,94.1,0.0,94.1,0,False
2025-12-10 00:00:00+00:00,94.0,94.0,94.0,94.0,400.0,94.0,3,False
2025-12-10 14:00:00+00:00,93.67,94.87,93.42,94.26,8801.0,93.582,14,False
2025-12-10 15:00:00+00:00,94.25,94.4,93.05,93.25,30612.0,93.747,197,True
2025-12-10 16:00:00+00:00,93.15,93.2,92.68,92.83,24143.0,92.971,172,True
2025-12-10 17:00:00+00:00,92.77,93.25,92.74,93.13,20835.0,93.005,149,True
2025-12-10 18:00:00+00:00,93.22,93.75,93.22,93.44,16951.0,93.538,136,True
2025-12-10 19:00:00+00:00,93.53,94.12,93.05,93.83,46407.0,93.719,255,True
2025-12-10 20:00:00+00:00,93.84,94.72,92.94,93.12,81622.0,93.627,630,True
2025-12-10 21:00:00+00:00,93.02,93.02,93.02,93.02,112595.0,93.02,4,False
2025-12-10 22:00:00+00:00,93.02,93.02,93.02,93.02,0.0,93.02,0,False
2025-12-10 23:00:00+00:00,93.02,93.02,93.02,93.02,0.0,93.02,0,False
2025-12-11 00:00:00+00:00,93.02,93.02,93.02,93.02,0.0,93.02,0,False
2025-12-11 14:00:00+00:00,93.27,93.99,93.12,93.15,4515.0,93.503,28,False
2025-12-11 15:00:00+00:00,93.79,94.4,93.05,93.82,10525.0,93.608,81,True
2025-12-11 16:00:00+00:00,93.75,93.85,93.1,93.78,9673.0,93.638,79,True
2025-12-11 17:00:00+00:00,93.72,94.23,93.71,93.81,9460.0,93.973,77,True
2025-12-11 18:00:00+00:00,93.81,93.99,93.22,93.52,8843.0,93.56,75,True
2025-12-11 19:00:00+00:00,93.56,93.93,93.5,93.92,12360.0,93.697,98,True
2025-12-11 20:00:00+00:00,93.74,93.83,92.56,93.17,61536.0,93.117,469,True
2025-12-11 21:00:00+00:00,93.1,93.1,93.1,93.1,54470.0,93.1,6,False
2025-12-11 22:00:00+00:00,93.1,93.1,93.1,93.1,0.0,93.1,0,False
2025-12-11 23:00:00+00:00,93.1,93.1,93.1,93.1,0.0,93.1,0,False
2025-12-12 00:00:00+00:00,93.1,93.1,93.1,93.1,0.0,93.1,0,False
2025-12-12 14:00:00+00:00,93.87,94.64,93.28,93.65,15192.0,93.743,106,False
2025-12-12 15:00:00+00:00,93.87,94.36,92.5,92.5,25704.0,93.348,207,True
2025-12-12 16:00:00+00:00,92.64,93.99,92.58,93.72,36203.0,93.38,264,True
2025-12-12 17:00:00+00:00,93.68,94.54,93.45,94.48,22652.0,93.997,174,True
2025-12-12 18:00:00+00:00,94.44,94.54,93.85,93.92,39851.0,94.152,297,True
2025-12-12 19:00:00+00:00,93.93,93.94,93.31,93.53,28187.0,93.585,218,True
2025-12-12 20:00:00+00:00,93.51,93.87,92.68,92.9,65408.0,93.12,496,True
2025-12-12 21:00:00+00:00,92.88,92.88,92.88,92.88,80954.0,92.88,4,False
2025-12-12 22:00:00+00:00,92.88,92.88,92.88,92.88,0.0,92.88,0,False
2025-12-12 23:00:00+00:00,92.88,92.88,92.88,92.88,0.0,92.88,0,False
2025-12-13 00:00:00+00:00,92.88,92.88,92.88,92.88,0.0,92.88,0,False
2025-12-15 13:00:00+00:00,93.98,94.48,93.98,94.22,5000.0,94.16,50,False
2025-12-15 14:00:00+00:00,95.0,98.9,95.0,98.85,41539.0,97.39,228,False
2025-12-15 15:00:00+00:00,98.92,99.56,97.4,98.54,38285.0,98.701,259,True
2025-12-15 16:00:00+00:00,98.51,98.8,97.27,97.61,31214.0,97.928,251,True
2025-12-15 17:00:00+00:00,97.61,97.8,96.91,97.55,22315.0,97.37,184,True
2025-12-15 18:00:00+00:00,97.54,97.54,96.74,97.01,19495.0,97.095,144,True
2025-12-15 19:00:00+00:00,97.01,98.19,97.0,97.66,26997.0,97.641,221,True
2025-12-15 20:00:00+00:00,97.76,98.35,97.49,97.77,69037.0,97.941,555,True
2025-12-15 21:00:00+00:00,97.76,97.76,97.76,97.76,89463.0,97.76,4,False
2025-12-15 22:00:00+00:00,97.76,97.76,97.76,97.76,0.0,97.76,0,False
2025-12-15 23:00:00+00:00,97.76,97.76,97.76,97.76,0.0,97.76,0,False
2025-12-16 00:00:00+00:00,97.76,97.76,97.76,97.76,0.0,97.76,0,False
2025-12-16 14:00:00+00:00,98.23,99.2,98.01,99.07,13208.0,98.447,64,False
2025-12-16 15:00:00+00:00,99.1,101.27,99.04,100.38,95065.0,100.624,712,True
2025-12-16 16:00:00+00:00,100.38,101.22,100.37,100.92,38089.0,100.76,312,True
2025-12-16 17:00:00+00:00,100.92,101.35,100.68,101.07,43026.0,101.018,338,True
2025-12-16 18:00:00+00:00,101.09,102.1,101.09,101.89,36474.0,101.518,293,True
2025-12-16 19:00:00+00:00,101.98,102.32,101.1,101.54,27985.0,101.673,236,True
2025-12-16 20:00:00+00:00,101.46,101.5,100.32,100.4,103554.0,100.7,776,True
2025-12-16 21:00:00+00:00,100.32,100.32,100.32,100.32,156787.0,100.32,4,False
2025-12-16 22:00:00+00:00,100.32,100.32,100.32,100.32,0.0,100.32,0,False
2025-12-16 23:00:00+00:00,100.32,100.32,100.32,100.32,0.0,100.32,0,False
2025-12-17 00:00:00+00:00,100.32,100.32,100.32,100.32,0.0,100.32,0,False
2025-12-17 14:00:00+00:00,100.12,101.63,99.59,101.22,16440.0,100.653,72,False
2025-12-17 15:00:00+00:00,101.22,101.68,100.26,100.52,22659.0,101.097,171,True
2025-12-17 16:00:00+00:00,100.56,101.12,100.27,100.83,17503.0,100.654,152,True
2025-12-17 17:00:00+00:00,101.01,101.02,100.26,100.48,23736.0,100.708,169,True
2025-12-17 18:00:00+00:00,100.56,100.56,99.92,100.07,25996.0,100.215,215,True
2025-12-17 19:00:00+00:00,100.06,100.79,99.98,100.69,17671.0,100.224,142,True
2025-12-17 20:00:00+00:00,100.73,100.83,99.5,100.0,65194.0,100.112,523,True
2025-12-17 21:00:00+00:00,100.0,100.0,100.0,100.0,114527.0,100.0,2,False
2025-12-17 22:00:00+00:00,100.0,100.0,100.0,100.0,0.0,100.0,0,False
2025-12-17 23:00:00+00:00,100.0,100.0,100.0,100.0,0.0,100.0,0,False
2025-12-18 00:00:00+00:00,100.0,100.0,100.0,100.0,0.0,100.0,0,False
2025-12-18 14:00:00+00:00,100.06,101.0,99.4,100.52,12895.0,100.352,78,False
2025-12-18 15:00:00+00:00,100.53,101.02,98.97,100.5,35449.0,99.962,241,True
2025-12-18 16:00:00+00:00,100.77,101.59,100.56,100.59,18907.0,101.025,146,True
2025-12-18 17:00:00+00:00,100.53,100.75,99.75,100.19,27410.0,100.236,220,True
2025-12-18 18:00:00+00:00,100.25,100.36,99.53,99.54,39228.0,100.013,250,True
2025-12-18 19:00:00+00:00,99.49,99.6,99.15,99.31,21863.0,99.383,187,True
2025-12-18 20:00:00+00:00,99.31,99.93,99.13,99.4,54000.0,99.517,485,True
2025-12-18 21:00:00+00:00,99.4,99.4,99.4,99.4,72979.0,99.4,7,False
2025-12-18 22:00:00+00:00,99.4,99.4,99.4,99.4,0.0,99.4,0,False
2025-12-18 23:00:00+00:00,99.4,99.4,99.4,99.4,0.0,99.4,0,False
2025-12-19 00:00:00+00:00,99.4,99.4,99.4,99.4,0.0,99.4,0,False
2025-12-19 14:00:00+00:00,99.5,101.75,99.5,100.7,35720.0,100.55,40,False
2025-12-19 15:00:00+00:00,100.46,101.38,100.37,101.2,12555.0,100.867,96,True
2025-12-19 16:00:00+00:00,101.27,101.48,100.94,101.43,14446.0,101.199,114,True
2025-12-19 17:00:00+00:00,101.32,101.4,100.84,101.21,15530.0,101.044,127,True
2025-12-19 18:00:00+00:00,101.15,101.23,100.43,100.55,19610.0,100.879,162,True
2025-12-19 19:00:00+00:00,100.61,101.28,100.52,100.61,26345.0,100.826,205,True
2025-12-19 20:00:00+00:00,100.6,101.47,100.56,100.7,78197.0,100.883,616,True
2025-12-19 21:00:00+00:00,100.6,100.6,100.6,100.6,452768.0,100.6,9,False
2025-12-19 22:00:00+00:00,100.6,100.6,100.6,100.6,0.0,100.6,0,False
2025-12-19 23:00:00+00:00,100.6,100.6,100.6,100.6,0.0,100.6,0,False
2025-12-20 00:00:00+00:00,100.6,100.6,100.6,100.6,0.0,100.6,0,False
2025-12-22 14:00:00+00:00,100.34,102.43,99.27,101.08,9795.0,100.867,67,False
2025-12-22 15:00:00+00:00,101.08,102.21,100.88,102.18,27362.0,101.573,198,True
2025-12-22 16:00:00+00:00,102.19,102.48,101.81,102.03,16657.0,102.113,132,True
2025-12-22 17:00:00+00:00,102.09,102.45,101.96,102.39,13611.0,102.155,113,True
2025-12-22 18:00:00+00:00,102.37,102.66,101.83,102.0,13741.0,102.408,76,True
2025-12-22 19:00:00+00:00,101.85,102.47,101.81,102.39,15596.0,102.124,133,True
2025-12-22 20:00:00+00:00,102.49,102.78,102.07,102.73,48591.0,102.475,367,True
2025-12-22 21:00:00+00:00,102.73,102.73,102.73,102.73,95663.0,102.73,5,False
2025-12-22 22:00:00+00:00,102.73,102.73,102.73,102.73,0.0,102.73,0,False
2025-12-22 23:00:00+00:00,102.73,102.73,102.73,102.73,0.0,102.73,0,False
2025-12-23 00:00:00+00:00,102.73,102.73,102.73,102.73,0.0,102.73,0,False
2025-12-23 14:00:00+00:00,102.64,103.47,102.5,103.41,8505.0,102.929,44,False
2025-12-23 15:00:00+00:00,103.47,103.52,102.36,103.52,18330.0,103.066,131,True
2025-12-23 16:00:00+00:00,103.56,103.9,103.27,103.56,16886.0,103.561,139,True
2025-12-23 17:00:00+00:00,103.56,104.13,103.51,103.52,20635.0,103.832,168,True
2025-12-23 18:00:00+00:00,103.65,104.2,103.64,104.2,17080.0,103.927,135,True
2025-12-23 19:00:00+00:00,104.2,104.2,103.53,103.97,26467.0,103.859,196,True
2025-12-23 20:00:00+00:00,103.86,104.17,103.25,103.53,88684.0,103.739,686,True
2025-12-23 21:00:00+00:00,103.62,103.63,103.62,103.62,90306.0,103.62,9,False
2025-12-23 22:00:00+00:00,103.62,103.62,103.62,103.62,0.0,103.62,0,False
2025-12-23 23:00:00+00:00,103.62,103.62,103.62,103.62,0.0,103.62,0,False
2025-12-24 00:00:00+00:00,103.62,103.62,103.62,103.62,0.0,103.62,0,False
2025-12-24 14:00:00+00:00,102.76,103.53,102.76,103.16,8841.0,103.068,42,False
2025-12-24 15:00:00+00:00,103.16,104.17,102.79,103.45,18744.0,103.625,146,True
2025-12-24 16:00:00+00:00,103.47,103.48,102.82,103.33,23859.0,103.138,206,True
2025-12-24 17:00:00+00:00,103.2,103.74,103.11,103.67,29157.0,103.474,223,True
2025-12-24 18:00:00+00:00,103.66,103.66,103.66,103.66,26581.0,103.66,1,True
2025-12-24 19:00:00+00:00,103.66,103.66,103.66,103.66,0.0,103.66,0,True
2025-12-24 20:00:00+00:00,103.66,103.66,103.66,103.66,0.0,103.66,0,True
2025-12-24 21:00:00+00:00,103.66,103.66,103.66,103.66,0.0,103.66,0,False
2025-12-26 14:00:00+00:00,103.58,104.63,103.01,103.3,13653.0,103.858,99,False
2025-12-26 15:00:00+00:00,104.08,104.6,103.73,104.6,12555.0,104.173,98,True
2025-12-26 16:00:00+00:00,104.58,104.6,103.74,104.6,15200.0,104.0,110,True
2025-12-26 17:00:00+00:00,104.6,104.63,104.15,104.27,12407.0,104.432,104,True
2025-12-26 18:00:00+00:00,104.19,104.24,103.85,103.98,9195.0,104.028,78,True
2025-12-26 19:00:00+00:00,104.03,104.48,104.01,104.18,9893.0,104.265,76,True
2025-12-26 20:00:00+00:00,104.09,104.9,104.09,104.68,53683.0,104.664,394,True
2025-12-26 21:00:00+00:00,104.68,104.68,104.68,104.68,45320.0,104.68,2,False
2025-12-26 22:00:00+00:00,104.68,104.68,104.68,104.68,0.0,104.68,0,False
2025-12-26 23:00:00+00:00,104.68,104.68,104.68,104.68,0.0,104.68,0,False
2025-12-27 00:00:00+00:00,104.68,104.68,104.68,104.68,0.0,104.68,0,False
2025-12-29 13:00:00+00:00,104.23,104.23,104.23,104.23,416.0,104.23,1,False
2025-12-29 14:00:00+00:00,104.34,104.64,103.63,104.1,7186.0,104.171,45,False
2025-12-29 15:00:00+00:00,103.94,104.38,103.72,104.1,10557.0,104.052,85,True
2025-12-29 16:00:00+00:00,104.12,104.17,103.55,103.84,16300.0,103.881,132,True
2025-12-29 17:00:00+00:00,103.85,104.01,103.58,103.76,12044.0,103.888,78,True
2025-12-29 18:00:00+00:00,103.8,103.95,103.59,103.83,10233.0,103.771,83,True
2025-12-29 19:00:00+00:00,103.81,104.05,103.55,104.04,11684.0,103.758,83,True
2025-12-29 20:00:00+00:00,104.08,104.56,103.83,104.56,50802.0,104.196,415,True
2025-12-29 21:00:00+00:00,104.52,104.57,104.52,104.57,72566.0,104.53,12,False
2025-12-29 22:00:00+00:00,104.57,104.57,104.57,104.57,0.0,104.57,0,False
2025-12-29 23:00:00+00:00,104.57,104.57,104.57,104.57,0.0,104.57,0,False
2025-12-30 00:00:00+00:00,104.57,104.57,104.57,104.57,100.0,104.57,1,False
2025-12-30 14:00:00+00:00,104.52,104.58,103.79,104.18,5075.0,104.213,24,False
2025-12-30 15:00:00+00:00,104.18,104.36,103.59,104.22,11049.0,103.976,79,True
2025-12-30 16:00:00+00:00,104.28,104.74,103.89,104.37,15168.0,104.374,99,True
2025-12-30 17:00:00+00:00,104.47,104.61,104.19,104.41,16510.0,104.378,119,True
2025-12-30 18:00:00+00:00,104.41,104.42,104.2,104.41,7602.0,104.283,63,True
2025-12-30 19:00:00+00:00,104.32,104.7,104.31,104.52,5953.0,104.5,49,True
2025-12-30 20:00:00+00:00,104.49,104.52,103.9,104.02,51140.0,104.112,401,True
2025-12-30 21:00:00+00:00,104.03,104.03,104.0,104.0,61072.0,104.0,7,False
2025-12-30 22:00:00+00:00,104.0,104.0,104.0,104.0,0.0,104.0,0,False
2025-12-30 23:00:00+00:00,104.08,104.08,104.08,104.08,200.0,104.08,2,False
2025-12-31 00:00:00+00:00,104.08,104.08,104.08,104.08,0.0,104.08,0,False
2025-12-31 14:00:00+00:00,103.82,103.99,103.21,103.51,7323.0,103.664,34,False
2025-12-31 15:00:00+00:00,103.52,103.63,103.09,103.27,13108.0,103.377,100,True
2025-12-31 16:00:00+00:00,103.26,103.82,103.26,103.82,18171.0,103.576,153,True
2025-12-31 17:00:00+00:00,103.67,103.77,103.53,103.77,6006.0,103.662,49,True
2025-12-31 18:00:00+00:00,103.78,104.05,103.73,103.93,10691.0,103.899,89,True
2025-12-31 19:00:00+00:00,103.93,104.11,103.74,103.79,17754.0,103.888,146,True
2025-12-31 20:00:00+00:00,103.74,103.97,103.32,103.46,45446.0,103.563,372,True
2025-12-31 21:00:00+00:00,103.47,103.47,103.47,103.47,72829.0,103.47,4,False
2025-12-31 22:00:00+00:00,103.47,103.47,103.47,103.47,0.0,103.47,0,False
2025-12-31 23:00:00+00:00,103.47,103.47,103.47,103.47,0.0,103.47,0,False
2026-01-01 00:00:00+00:00,103.47,103.47,103.47,103.47,0.0,103.47,0,False
2026-01-02 14:00:00+00:00,103.47,104.26,103.31,104.26,10489.0,103.562,64,False
2026-01-02 15:00:00+00:00,103.89,104.53,103.11,104.35,15353.0,103.875,125,True
2026-01-02 16:00:00+00:00,104.42,104.78,104.27,104.35,12268.0,104.452,89,True
2026-01-02 17:00:00+00:00,104.39,105.23,104.36,104.93,13254.0,104.825,114,True
2026-01-02 18:00:00+00:00,104.92,105.2,104.45,104.55,13080.0,104.868,106,True
2026-01-02 19:00:00+00:00,104.45,104.94,104.14,104.72,14163.0,104.448,117,True
2026-01-02 20:00:00+00:00,104.67,104.75,103.93,104.48,45548.0,104.323,311,True
2026-01-02 21:00:00+00:00,104.47,104.47,104.47,104.47,52724.0,104.47,2,False
2026-01-02 22:00:00+00:00,104.47,104.47,104.47,104.47,0.0,104.47,0,False
2026-01-02 23:00:00+00:00,104.47,104.47,104.47,104.47,0.0,104.47,0,False
2026-01-03 00:00:00+00:00,104.47,104.47,104.47,104.47,0.0,104.47,0,False
2026-01-05 14:00:00+00:00,104.23,107.45,104.23,107.45,12043.0,105.61,58,False
2026-01-05 15:00:00+00:00,107.16,109.45,107.16,109.24,24403.0,108.52,159,True
2026-01-05 16:00:00+00:00,109.24,112.11,109.24,112.01,15334.0,110.543,99,True
2026-01-05 17:00:00+00:00,112.04,112.95,111.91,112.23,22986.0,112.421,159,True
2026-01-05 18:00:00+00:00,112.46,112.96,112.27,112.63,21540.0,112.599,156,True
2026-01-05 19:00:00+00:00,112.66,113.11,111.97,112.02,15518.0,112.565,88,True
2026-01-05 20:00:00+00:00,111.94,112.12,109.29,109.6,111533.0,110.241,805,True
2026-01-05 21:00:00+00:00,109.69,109.69,109.58,109.58,86467.0,109.58,6,False
2026-01-05 22:00:00+00:00,109.58,109.58,109.58,109.58,0.0,109.58,0,False
2026-01-05 23:00:00+00:00,109.58,109.58,109.58,109.58,0.0,109.58,0,False
2026-01-06 00:00:00+00:00,109.58,109.58,109.58,109.58,0.0,109.58,0,False
2026-01-06 14:00:00+00:00,109.33,110.73,108.14,110.25,9954.0,109.742,53,False
2026-01-06 15:00:00+00:00,110.55,111.17,109.37,109.4,19598.0,110.578,164,True
2026-01-06 16:00:00+00:00,109.13,110.54,108.93,110.53,14405.0,109.917,113,True
2026-01-06 17:00:00+00:00,110.54,111.18,110.53,110.88,17205.0,110.879,146,True
2026-01-06 18:00:00+00:00,110.91,111.15,110.63,110.73,10655.0,110.962,77,True
2026-01-06 19:00:00+00:00,110.81,111.55,110.74,111.53,9326.0,111.143,78,True
2026-01-06 20:00:00+00:00,111.55,111.55,110.42,110.46,55930.0,110.833,470,True
2026-01-06 21:00:00+00:00,110.59,110.59,110.53,110.53,78789.0,110.531,5,False
2026-01-06 22:00:00+00:00,110.53,110.53,110.53,110.53,0.0,110.53,0,False
2026-01-06 23:00:00+00:00,110.53,110.53,110.53,110.53,0.0,110.53,0,False
2026-01-07 00:00:00+00:00,110.53,110.53,110.53,110.53,0.0,110.53,0,False
2026-01-07 14:00:00+00:00,111.05,111.05,110.15,110.72,7331.0,110.648,13,False
2026-01-07 15:00:00+00:00,110.13,110.3,108.98,109.56,16738.0,109.265,89,True
2026-01-07 16:00:00+00:00,109.69,110.08,109.34,110.02,11126.0,109.742,84,True
2026-01-07 17:00:00+00:00,109.97,109.98,108.99,109.09,5481.0,109.464,49,True
2026-01-07 18:00:00+00:00,109.05,109.29,108.53,109.29,16435.0,108.931,108,True
2026-01-07 19:00:00+00:00,109.23,109.99,109.18,109.33,18375.0,109.467,142,True
2026-01-07 20:00:00+00:00,109.38,110.05,109.29,109.99,31719.0,109.669,251,True
2026-01-07 21:00:00+00:00,109.95,109.95,109.95,109.95,40131.0,109.95,4,False
2026-01-07 22:00:00+00:00,109.95,109.95,109.95,109.95,0.0,109.95,0,False
2026-01-07 23:00:00+00:00,109.95,109.95,109.95,109.95,0.0,109.95,0,False
2026-01-08 00:00:00+00:00,109.95,109.95,109.95,109.95,0.0,109.95,0,False
2026-01-08 14:00:00+00:00,109.75,111.05,109.75,110.88,6638.0,110.199,19,False
2026-01-08 15:00:00+00:00,111.1,111.77,111.1,111.77,12243.0,111.396,85,True
2026-01-08 16:00:00+00:00,111.53,111.78,110.99,111.78,5855.0,111.419,48,True
2026-01-08 17:00:00+00:00,111.95,112.32,111.38,111.96,6749.0,111.871,60,True
2026-01-08 18:00:00+00:00,111.96,112.07,111.35,111.35,16851.0,111.854,91,True
2026-01-08 19:00:00+00:00,111.43,112.07,111.03,112.07,20309.0,111.632,94,True
2026-01-08 20:00:00+00:00,112.07,113.11,111.66,113.1,41701.0,112.6,318,True
2026-01-08 21:00:00+00:00,113.0,113.12,113.0,113.12,84599.0,113.12,8,False
2026-01-08 22:00:00+00:00,113.12,113.12,113.12,113.12,0.0,113.12,0,False
2026-01-08 23:00:00+00:00,113.12,113.12,113.12,113.12,0.0,113.12,0,False
2026-01-09 00:00:00+00:00,113.12,113.12,113.12,113.12,0.0,113.12,0,False
2026-01-09 14:00:00+00:00,112.11,112.38,111.35,111.93,3080.0,112.076,9,False
2026-01-09 15:00:00+00:00,112.32,113.12,111.31,113.11,12771.0,112.164,89,True
2026-01-09 16:00:00+00:00,113.23,113.88,112.9,112.9,10267.0,113.325,70,True
2026-01-09 17:00:00+00:00,113.14,113.2,112.76,112.76,8727.0,112.957,80,True
2026-01-09 18:00:00+00:00,112.79,113.19,112.74,112.9,5547.0,112.955,51,True
2026-01-09 19:00:00+00:00,112.89,113.42,112.82,113.37,5848.0,113.083,44,True
2026-01-09 20:00:00+00:00,113.24,113.84,112.95,113.57,23910.0,113.391,191,True
2026-01-09 21:00:00+00:00,113.54,113.57,113.54,113.57,48846.0,113.57,4,False
2026-01-09 22:00:00+00:00,113.57,113.57,113.57,113.57,0.0,113.57,0,False
2026-01-09 23:00:00+00:00,113.57,113.57,113.57,113.57,0.0,113.57,0,False
2026-01-10 00:00:00+00:00,113.57,113.57,113.57,113.57,0.0,113.57,0,False
2026-01-12 14:00:00+00:00,113.12,113.69,112.28,112.31,9588.0,112.971,50,False
2026-01-12 15:00:00+00:00,112.59,114.71,112.31,114.56,17502.0,113.737,142,True
2026-01-12 16:00:00+00:00,114.71,115.23,114.43,114.94,36494.0,114.845,157,True
2026-01-12 17:00:00+00:00,115.09,116.01,114.93,115.59,14890.0,115.685,93,True
2026-01-12 18:00:00+00:00,115.4,116.06,115.36,115.81,16360.0,115.776,107,True
2026-01-12 19:00:00+00:00,115.78,116.16,115.0,115.56,40965.0,115.584,213,True
2026-01-12 20:00:00+00:00,115.51,116.42,115.5,116.08,56654.0,116.063,419,True
2026-01-12 21:00:00+00:00,116.06,116.06,116.05,116.05,55683.0,116.05,6,False
2026-01-12 22:00:00+00:00,116.05,116.05,116.05,116.05,0.0,116.05,0,False
2026-01-12 23:00:00+00:00,116.05,116.05,116.05,116.05,0.0,116.05,0,False
2026-01-13 00:00:00+00:00,116.05,116.05,116.05,116.05,0.0,116.05,0,False
2026-01-13 14:00:00+00:00,116.34,116.38,115.64,115.76,4182.0,116.142,24,False
2026-01-13 15:00:00+00:00,115.48,115.48,114.32,114.32,9210.0,114.834,68,True
2026-01-13 16:00:00+00:00,114.34,114.61,113.75,113.77,10062.0,114.215,94,True
2026-01-13 17:00:00+00:00,113.89,114.22,113.65,113.88,10643.0,113.927,95,True
2026-01-13 18:00:00+00:00,113.99,113.99,113.12,113.53,11827.0,113.738,99,True
2026-01-13 19:00:00+00:00,113.27,114.18,113.27,113.96,9104.0,113.797,81,True
2026-01-13 20:00:00+00:00,113.95,114.75,113.81,114.58,26889.0,114.433,215,True
2026-01-13 21:00:00+00:00,114.57,114.57,114.56,114.56,31904.0,114.56,3,False
2026-01-13 22:00:00+00:00,114.56,114.56,114.56,114.56,0.0,114.56,0,False
2026-01-13 23:00:00+00:00,114.56,114.56,114.56,114.56,0.0,114.56,0,False
2026-01-14 00:00:00+00:00,114.56,114.56,114.56,114.56,0.0,114.56,0,False
2026-01-14 14:00:00+00:00,114.01,115.73,112.98,113.68,4728.0,114.012,23,False
2026-01-14 15:00:00+00:00,113.46,113.83,112.09,113.0,42482.0,112.852,197,True
2026-01-14 16:00:00+00:00,112.99,113.69,112.5,112.93,10519.0,113.164,84,True
2026-01-14 17:00:00+00:00,113.05,113.91,112.98,113.91,6329.0,113.406,56,True
2026-01-14 18:00:00+00:00,113.81,114.52,113.8,114.08,26496.0,114.217,197,True
2026-01-14 19:00:00+00:00,114.15,114.9,113.93,114.2,20361.0,114.548,166,True
2026-01-14 20:00:00+00:00,114.15,115.32,114.07,114.69,50723.0,114.881,408,True
2026-01-14 21:00:00+00:00,114.69,114.69,114.69,114.69,62765.0,114.69,2,False
2026-01-14 22:00:00+00:00,114.69,114.69,114.69,114.69,0.0,114.69,0,False
2026-01-14 23:00:00+00:00,114.69,114.69,114.69,114.69,0.0,114.69,0,False
2026-01-15 00:00:00+00:00,114.69,114.69,114.69,114.69,0.0,114.69,0,False
2026-01-15 14:00:00+00:00,115.67,117.09,114.95,117.03,12529.0,116.356,58,False
2026-01-15 15:00:00+00:00,116.67,119.85,116.67,118.8,52787.0,118.474,297,True
2026-01-15 16:00:00+00:00,119.24,120.53,119.07,119.39,13998.0,119.791,117,True
2026-01-15 17:00:00+00:00,119.47,119.86,118.11,118.23,11004.0,118.901,91,True
2026-01-15 18:00:00+00:00,118.16,118.5,117.67,118.1,23232.0,118.101,136,True
2026-01-15 19:00:00+00:00,118.1,118.73,117.71,117.97,50598.0,118.012,246,True
2026-01-15 20:00:00+00:00,117.96,118.15,116.86,117.44,43868.0,117.439,319,True
2026-01-15 21:00:00+00:00,117.39,117.39,117.39,117.39,119257.0,117.39,6,False
2026-01-15 22:00:00+00:00,117.39,117.39,117.39,117.39,0.0,117.39,0,False
2026-01-15 23:00:00+00:00,117.39,117.39,117.39,117.39,0.0,117.39,0,False
2026-01-16 00:00:00+00:00,117.39,117.39,117.39,117.39,0.0,117.39,0,False
2026-01-16 14:00:00+00:00,117.83,118.01,116.8,117.78,15522.0,117.563,48,False
2026-01-16 15:00:00+00:00,116.63,117.22,116.41,117.11,8757.0,116.908,62,True
2026-01-16 16:00:00+00:00,117.16,117.84,117.12,117.58,4250.0,117.537,31,True
2026-01-16 17:00:00+00:00,117.42,117.42,117.02,117.15,15955.0,117.174,119,True
2026-01-16 18:00:00+00:00,117.13,117.61,117.12,117.61,20825.0,117.336,127,True
2026-01-16 19:00:00+00:00,117.83,117.96,117.37,117.38,10637.0,117.714,81,True
2026-01-16 20:00:00+00:00,117.29,117.29,115.91,116.77,44732.0,116.674,325,True
2026-01-16 21:00:00+00:00,116.85,116.85,116.85,116.85,72272.0,116.85,5,False
2026-01-16 22:00:00+00:00,116.85,116.85,116.85,116.85,500.0,116.85,1,False
2026-01-16 23:00:00+00:00,116.85,116.85,116.85,116.85,0.0,116.85,0,False
2026-01-17 00:00:00+00:00,116.85,116.85,116.85,116.85,0.0,116.85,0,False
2026-01-20 13:00:00+00:00,116.04,116.04,116.02,116.02,200.0,116.03,2,False
2026-01-20 14:00:00+00:00,115.69,117.97,115.5,117.6,7692.0,116.412,30,False
2026-01-20 15:00:00+00:00,117.22,117.91,116.9,117.31,17631.0,117.303,112,True
2026-01-20 16:00:00+00:00,117.41,117.68,116.95,117.12,8510.0,117.397,73,True
2026-01-20 17:00:00+00:00,117.28,117.39,116.59,117.11,9858.0,117.056,53,True
2026-01-20 18:00:00+00:00,117.43,117.98,117.43,117.85,14658.0,117.765,122,True
2026-01-20 19:00:00+00:00,117.86,118.28,117.69,117.94,14629.0,118.008,100,True
2026-01-20 20:00:00+00:00,118.05,118.4,117.73,118.25,33813.0,118.02,274,True
2026-01-20 21:00:00+00:00,118.27,118.27,118.27,118.27,46528.0,118.27,2,False
2026-01-20 22:00:00+00:00,118.27,118.27,118.27,118.27,0.0,118.27,0,False
2026-01-20 23:00:00+00:00,118.27,118.27,118.27,118.27,0.0,118.27,0,False
2026-01-21 00:00:00+00:00,118.27,118.27,118.27,118.27,0.0,118.27,0,False
2026-01-21 14:00:00+00:00,119.46,119.9,118.74,119.1,10528.0,119.291,22,False
2026-01-21 15:00:00+00:00,119.2,119.82,119.04,119.6,10593.0,119.438,67,True
2026-01-21 16:00:00+00:00,119.81,119.81,119.18,119.3,14263.0,119.512,120,True
2026-01-21 17:00:00+00:00,119.39,119.62,119.11,119.33,7312.0,119.429,65,True
2026-01-21 18:00:00+00:00,118.75,120.03,118.75,119.81,7706.0,119.474,66,True
2026-01-21 19:00:00+00:00,119.85,121.84,119.85,121.54,11549.0,120.938,102,True
2026-01-21 20:00:00+00:00,121.58,122.24,121.3,121.62,66795.0,121.795,493,True
2026-01-21 21:00:00+00:00,121.59,121.59,121.59,121.59,44734.0,121.59,2,False
2026-01-21 22:00:00+00:00,121.59,121.59,121.59,121.59,0.0,121.59,0,False
2026-01-21 23:00:00+00:00,121.59,121.59,121.59,121.59,0.0,121.59,0,False
2026-01-22 00:00:00+00:00,121.59,121.59,121.59,121.59,0.0,121.59,0,False
2026-01-22 14:00:00+00:00,122.19,123.49,122.19,123.49,2972.0,122.584,11,False
2026-01-22 15:00:00+00:00,123.43,124.11,122.24,122.68,10540.0,123.204,90,True
2026-01-22 16:00:00+00:00,122.26,122.26,120.55,122.25,14144.0,121.608,102,True
2026-01-22 17:00:00+00:00,122.18,122.88,122.15,122.87,11977.0,122.357,115,True
2026-01-22 18:00:00+00:00,122.63,122.87,122.3,122.58,7777.0,122.524,55,True
2026-01-22 19:00:00+00:00,122.92,122.92,121.79,122.14,14816.0,122.169,101,True
2026-01-22 20:00:00+00:00,121.9,121.9,121.36,121.59,25688.0,121.597,191,True
2026-01-22 21:00:00+00:00,121.7,121.7,121.67,121.67,57777.0,121.67,4,False
2026-01-22 22:00:00+00:00,121.67,121.67,121.67,121.67,0.0,121.67,0,False
2026-01-22 23:00:00+00:00,121.67,121.67,121.67,121.67,0.0,121.67,0,False
2026-01-23 00:00:00+00:00,121.67,121.67,121.67,121.67,0.0,121.67,0,False
2026-01-23 13:00:00+00:00,121.0,121.0,121.0,121.0,117.0,121.0,1,False
2026-01-23 14:00:00+00:00,121.95,122.31,120.56,120.78,13223.0,121.26,77,False
2026-01-23 15:00:00+00:00,120.78,120.97,119.14,120.91,8944.0,120.173,58,True
2026-01-23 16:00:00+00:00,120.99,121.43,120.54,121.03,11907.0,120.946,97,True
2026-01-23 17:00:00+00:00,121.14,121.32,120.59,120.7,9177.0,121.111,81,True
2026-01-23 18:00:00+00:00,120.78,120.95,120.65,120.95,3894.0,120.793,36,True
2026-01-23 19:00:00+00:00,120.99,121.02,120.5,121.01,9506.0,120.767,84,True
2026-01-23 20:00:00+00:00,121.01,121.29,120.63,121.11,51900.0,120.983,361,True
2026-01-23 21:00:00+00:00,121.28,121.28,121.28,121.28,38978.0,121.28,3,False
2026-01-23 22:00:00+00:00,121.28,121.28,121.28,121.28,115.0,121.28,1,False
2026-01-23 23:00:00+00:00,121.28,121.28,121.28,121.28,0.0,121.28,0,False
2026-01-24 00:00:00+00:00,121.28,121.28,121.28,121.28,0.0,121.28,0,False
2026-01-26 14:00:00+00:00,121.45,121.82,120.01,121.54,10703.0,121.065,64,False
2026-01-26 15:00:00+00:00,121.38,121.73,119.39,119.67,13169.0,120.499,93,True
2026-01-26 16:00:00+00:00,119.72,119.76,117.21,117.64,31973.0,118.328,259,True
2026-01-26 17:00:00+00:00,117.7,117.75,116.98,117.59,19392.0,117.32,163,True
2026-01-26 18:00:00+00:00,117.6,118.58,117.45,118.35,29118.0,118.109,123,True
2026-01-26 19:00:00+00:00,118.34,118.5,117.94,118.18,30007.0,118.23,237,True
2026-01-26 20:00:00+00:00,117.97,118.7,117.68,118.27,62995.0,118.067,534,True
2026-01-26 21:00:00+00:00,118.2,118.2,118.2,118.2,68962.0,118.2,4,False
2026-01-26 22:00:00+00:00,118.2,118.2,118.2,118.2,0.0,118.2,0,False
2026-01-26 23:00:00+00:00,118.0,118.0,118.0,118.0,100.0,118.0,1,False
2026-01-27 00:00:00+00:00,118.0,118.0,118.0,118.0,0.0,118.0,0,False
2026-01-27 14:00:00+00:00,118.01,118.83,117.68,118.06,11601.0,118.036,88,False
2026-01-27 15:00:00+00:00,118.02,118.51,117.42,118.12,23500.0,117.924,191,True
2026-01-27 16:00:00+00:00,118.0,118.0,116.74,116.77,14990.0,117.093,108,True
2026-01-27 17:00:00+00:00,116.76,116.76,115.78,116.36,22217.0,116.168,152,True
2026-01-27 18:00:00+00:00,116.11,116.46,115.64,116.14,30499.0,116.039,220,True
2026-01-27 19:00:00+00:00,115.95,116.65,115.74,115.8,52454.0,116.27,382,True
2026-01-27 20:00:00+00:00,115.76,115.93,114.7,115.08,148065.0,115.273,1127,True
2026-01-27 21:00:00+00:00,115.22,115.22,115.22,115.22,87257.0,115.22,1,False
2026-01-27 22:00:00+00:00,115.22,115.22,115.22,115.22,0.0,115.22,0,False
2026-01-27 23:00:00+00:00,115.22,115.22,115.22,115.22,0.0,115.22,0,False
2026-01-28 00:00:00+00:00,115.23,115.23,115.23,115.23,2200.0,115.23,22,False
2026-01-28 11:00:00+00:00,116.0,116.0,116.0,116.0,100.0,116.0,1,False
2026-01-28 12:00:00+00:00,116.0,116.0,116.0,116.0,0.0,116.0,0,False
2026-01-28 13:00:00+00:00,116.0,116.0,116.0,116.0,0.0,116.0,0,False
2026-01-28 14:00:00+00:00,117.14,117.75,116.84,117.09,32548.0,117.179,210,False
2026-01-28 15:00:00+00:00,116.82,117.15,114.28,116.19,43276.0,115.952,322,True
2026-01-28 16:00:00+00:00,116.01,116.19,114.64,115.89,17505.0,115.528,153,True
2026-01-28 17:00:00+00:00,115.7,116.7,115.7,116.7,24808.0,116.142,203,True
2026-01-28 18:00:00+00:00,116.47,117.78,116.39,117.08,40068.0,117.184,357,True
2026-01-28 19:00:00+00:00,117.08,117.62,116.42,116.64,57822.0,117.109,460,True
2026-01-28 20:00:00+00:00,116.69,117.45,115.23,115.73,162132.0,116.599,1264,True
2026-01-28 21:00:00+00:00,115.92,118.0,115.92,118.0,89260.0,115.927,7,False
2026-01-28 22:00:00+00:00,118.0,118.0,118.0,118.0,0.0,118.0,0,False
2026-01-28 23:00:00+00:00,118.0,118.0,118.0,118.0,0.0,118.0,0,False
2026-01-29 00:00:00+00:00,118.0,118.0,118.0,118.0,0.0,118.0,0,False
2026-01-29 12:00:00+00:00,121.0,121.0,121.0,121.0,100.0,121.0,1,False
2026-01-29 13:00:00+00:00,120.82,124.72,120.82,124.72,300.0,122.12,2,False
2026-01-29 14:00:00+00:00,122.83,124.6,104.27,107.97,90762.0,113.762,470,False
2026-01-29 15:00:00+00:00,106.0,111.86,103.03,103.51,215388.0,106.953,1288,True
2026-01-29 16:00:00+00:00,103.52,106.39,102.16,105.2,146644.0,104.363,960,True
2026-01-29 17:00:00+00:00,105.2,107.79,104.19,106.45,116751.0,105.705,817,True
2026-01-29 18:00:00+00:00,106.48,107.46,105.46,105.61,67665.0,106.653,506,True
2026-01-29 19:00:00+00:00,105.42,106.79,105.15,105.46,61624.0,105.973,516,True
2026-01-29 20:00:00+00:00,105.63,108.03,105.58,107.78,221286.0,106.899,1682,True
2026-01-29 21:00:00+00:00,107.78,107.78,107.78,107.78,114388.0,107.78,3,False
2026-01-29 22:00:00+00:00,107.78,107.78,107.78,107.78,0.0,107.78,0,False
2026-01-29 23:00:00+00:00,107.78,107.78,107.78,107.78,0.0,107.78,0,False
2026-01-30 00:00:00+00:00,107.78,107.78,107.78,107.78,0.0,107.78,0,False
2026-01-30 14:00:00+00:00,107.91,109.84,104.67,104.67,24481.0,108.024,85,False
2026-01-30 15:00:00+00:00,104.67,107.99,104.61,105.98,39790.0,106.296,304,True
2026-01-30 16:00:00+00:00,105.71,105.79,103.92,104.88,71525.0,105.059,534,True
2026-01-30 17:00:00+00:00,104.58,105.12,103.74,103.98,38378.0,104.496,327,True
2026-01-30 18:00:00+00:00,104.04,104.64,103.45,104.44,25732.0,104.172,227,True
2026-01-30 19:00:00+00:00,104.45,104.98,104.2,104.82,24482.0,104.598,218,True
2026-01-30 20:00:00+00:00,104.85,104.87,103.23,103.52,120578.0,103.76,916,True
2026-01-30 21:00:00+00:00,103.49,103.55,103.48,103.55,143459.0,103.55,3,False
2026-01-30 22:00:00+00:00,103.55,103.55,103.55,103.55,0.0,103.55,0,False
2026-01-30 23:00:00+00:00,103.55,103.55,103.55,103.55,0.0,103.55,0,False
2026-01-31 00:00:00+00:00,103.55,103.55,103.55,103.55,0.0,103.55,0,False
2026-02-02 14:00:00+00:00,103.87,104.56,102.9,103.19,18153.0,103.618,132,False
2026-02-02 15:00:00+00:00,103.46,106.69,103.46,106.66,41509.0,105.962,325,True
2026-02-02 16:00:00+00:00,106.73,106.98,105.4,106.11,26317.0,106.344,240,True
2026-02-02 17:00:00+00:00,106.23,107.26,106.02,106.92,28851.0,106.798,247,True
2026-02-02 18:00:00+00:00,106.88,107.13,106.52,106.71,20805.0,106.842,169,True
2026-02-02 19:00:00+00:00,106.74,106.94,106.4,106.71,32601.0,106.658,280,True
2026-02-02 20:00:00+00:00,106.76,106.98,105.25,105.74,81797.0,105.97,718,True
2026-02-02 21:00:00+00:00,105.68,105.68,105.68,105.68,69069.0,105.68,3,False
2026-02-02 22:00:00+00:00,105.68,105.68,105.68,105.68,0.0,105.68,0,False
2026-02-02 23:00:00+00:00,105.68,105.68,105.68,105.68,0.0,105.68,0,False
2026-02-03 00:00:00+00:00,105.68,105.68,105.68,105.68,0.0,105.68,0,False
2026-02-03 14:00:00+00:00,104.62,105.39,102.0,102.11,12395.0,103.193,61,False
2026-02-03 15:00:00+00:00,102.11,103.52,101.24,103.44,22924.0,102.564,186,True
2026-02-03 16:00:00+00:00,103.2,103.32,100.0,100.22,72397.0,100.509,448,True
2026-02-03 17:00:00+00:00,100.27,100.47,98.71,99.2,40465.0,99.653,259,True
2026-02-03 18:00:00+00:00,99.19,99.27,97.44,97.69,34382.0,97.995,304,True
2026-02-03 19:00:00+00:00,97.61,97.93,97.24,97.93,56515.0,97.611,447,True
2026-02-03 20:00:00+00:00,97.87,99.88,97.7,99.46,136758.0,98.842,1122,True
2026-02-03 21:00:00+00:00,99.41,99.41,99.41,99.41,77686.0,99.41,3,False
2026-02-03 22:00:00+00:00,99.41,99.41,99.41,99.41,0.0,99.41,0,False
2026-02-03 23:00:00+00:00,99.41,99.41,99.41,99.41,0.0,99.41,0,False
2026-02-04 00:00:00+00:00,99.41,99.41,99.41,99.41,0.0,99.41,0,False
2026-02-04 14:00:00+00:00,98.76,99.2,97.79,98.59,10603.0,98.399,49,False
2026-02-04 15:00:00+00:00,98.35,101.03,98.33,99.58,14323.0,100.013,93,True
2026-02-04 16:00:00+00:00,99.96,100.25,98.73,99.49,17564.0,99.598,119,True
2026-02-04 17:00:00+00:00,99.58,100.78,99.33,100.61,33031.0,100.044,245,True
2026-02-04 18:00:00+00:00,100.53,101.23,100.0,100.98,23683.0,100.662,190,True
2026-02-04 19:00:00+00:00,100.83,101.39,99.95,101.38,36115.0,100.71,240,True
2026-02-04 20:00:00+00:00,101.27,101.73,100.43,100.45,85224.0,100.864,659,True
2026-02-04 21:00:00+00:00,100.45,100.45,100.45,100.45,76091.0,100.45,1,False
2026-02-04 22:00:00+00:00,100.45,100.45,100.45,100.45,0.0,100.45,0,False
2026-02-04 23:00:00+00:00,100.45,100.45,100.45,100.45,0.0,100.45,0,False
2026-02-05 00:00:00+00:00,100.45,100.45,100.45,100.45,0.0,100.45,0,False
2026-02-05 14:00:00+00:00,100.99,103.23,100.11,103.23,18154.0,101.863,118,False
2026-02-05 15:00:00+00:00,103.18,103.18,101.16,102.09,23749.0,102.288,184,True
2026-02-05 16:00:00+00:00,102.42,103.85,102.16,103.18,25426.0,103.256,210,True
2026-02-05 17:00:00+00:00,103.0,103.58,102.44,102.82,18893.0,102.975,140,True
2026-02-05 18:00:00+00:00,102.76,102.9,102.21,102.88,21881.0,102.675,195,True
2026-02-05 19:00:00+00:00,102.87,103.0,101.89,102.52,14814.0,102.548,105,True
2026-02-05 20:00:00+00:00,102.42,103.24,101.91,103.24,53182.0,102.618,416,True
2026-02-05 21:00:00+00:00,103.22,103.22,103.22,103.22,57054.0,103.22,5,False
2026-02-05 22:00:00+00:00,103.22,103.22,103.22,103.22,0.0,103.22,0,False
2026-02-05 23:00:00+00:00,103.22,103.22,103.22,103.22,0.0,103.22,0,False
2026-02-06 00:00:00+00:00,103.22,103.22,103.22,103.22,0.0,103.22,0,False
2026-02-06 14:00:00+00:00,104.97,105.99,103.99,103.99,8305.0,104.929,33,False
2026-02-06 15:00:00+00:00,105.29,105.32,104.27,104.56,7366.0,104.855,67,True
2026-02-06 16:00:00+00:00,105.05,105.43,104.08,104.83,6463.0,104.607,63,True
2026-02-06 17:00:00+00:00,104.74,104.98,104.03,104.21,10088.0,104.43,89,True
2026-02-06 18:00:00+00:00,104.06,104.5,103.86,104.26,14731.0,104.207,107,True
2026-02-06 19:00:00+00:00,104.33,104.42,103.72,104.19,17419.0,104.146,141,True
2026-02-06 20:00:00+00:00,104.06,104.78,104.0,104.49,41837.0,104.391,281,True
2026-02-06 21:00:00+00:00,104.47,104.48,104.47,104.48,79696.0,104.48,5,False
2026-02-06 22:00:00+00:00,104.48,104.48,104.48,104.48,0.0,104.48,0,False
2026-02-06 23:00:00+00:00,104.48,104.48,104.48,104.48,0.0,104.48,0,False
2026-02-07 00:00:00+00:00,104.48,104.48,104.48,104.48,0.0,104.48,0,False
2026-02-09 14:00:00+00:00,103.6,103.95,100.85,103.06,9391.0,102.946,48,False
2026-02-09 15:00:00+00:00,103.09,103.15,101.92,102.95,18885.0,102.688,166,True
2026-02-09 16:00:00+00:00,102.99,103.05,102.26,102.26,20423.0,102.776,175,True
2026-02-09 17:00:00+00:00,102.32,103.42,102.32,102.75,21760.0,102.633,104,True
2026-02-09 18:00:00+00:00,102.69,103.19,102.36,102.68,10028.0,102.852,86,True
2026-02-09 19:00:00+00:00,102.61,102.88,101.91,101.98,21868.0,102.378,165,True
2026-02-09 20:00:00+00:00,102.03,102.78,101.94,102.46,62259.0,102.294,430,True
2026-02-09 21:00:00+00:00,102.62,102.62,102.62,102.62,43548.0,102.62,4,False
2026-02-09 22:00:00+00:00,102.62,102.62,102.62,102.62,0.0,102.62,0,False
2026-02-09 23:00:00+00:00,102.62,102.62,102.62,102.62,0.0,102.62,0,False
2026-02-10 00:00:00+00:00,102.62,102.62,102.62,102.62,0.0,102.62,0,False
2026-02-10 14:00:00+00:00,103.17,104.06,102.06,103.63,3439.0,103.03,16,False
2026-02-10 15:00:00+00:00,103.28,104.28,103.18,103.18,8941.0,103.603,75,True
2026-02-10 16:00:00+00:00,103.03,103.03,100.68,100.68,14062.0,102.177,133,True
2026-02-10 17:00:00+00:00,100.84,102.1,100.84,102.1,17254.0,101.65,125,True
2026-02-10 18:00:00+00:00,101.98,103.26,101.98,102.92,33499.0,102.761,202,True
2026-02-10 19:00:00+00:00,102.92,103.19,101.45,101.49,16542.0,102.154,148,True
2026-02-10 20:00:00+00:00,101.48,101.66,100.69,100.86,29809.0,101.081,259,True
2026-02-10 21:00:00+00:00,100.84,100.84,100.84,100.84,47756.0,100.84,2,False
2026-02-10 22:00:00+00:00,100.84,100.84,100.84,100.84,0.0,100.84,0,False
2026-02-10 23:00:00+00:00,100.84,100.84,100.84,100.84,0.0,100.84,0,False
2026-02-11 00:00:00+00:00,100.84,100.84,100.84,100.84,0.0,100.84,0,False
2026-02-11 14:00:00+00:00,100.66,101.34,100.15,100.71,11002.0,100.698,50,False
2026-02-11 15:00:00+00:00,100.71,100.71,98.17,98.27,11031.0,99.631,94,True
2026-02-11 16:00:00+00:00,98.31,99.23,97.38,98.64,37263.0,98.244,302,True
2026-02-11 17:00:00+00:00,98.52,99.31,98.45,98.48,18475.0,98.942,142,True
2026-02-11 18:00:00+00:00,98.52,98.62,97.83,98.26,16077.0,98.305,141,True
2026-02-11 19:00:00+00:00,98.35,98.53,96.54,96.7,15050.0,97.444,131,True
2026-02-11 20:00:00+00:00,96.7,96.91,94.63,95.11,53316.0,95.612,413,True
2026-02-11 21:00:00+00:00,95.17,95.17,95.17,95.17,79124.0,95.17,2,False
2026-02-11 22:00:00+00:00,94.81,94.81,94.81,94.81,185.0,94.81,1,False
2026-02-11 23:00:00+00:00,94.81,94.81,94.81,94.81,0.0,94.81,0,False
2026-02-12 00:00:00+00:00,94.81,94.81,94.81,94.81,0.0,94.81,0,False
2026-02-12 14:00:00+00:00,95.31,96.79,94.18,94.54,8080.0,95.452,41,False
2026-02-12 15:00:00+00:00,94.94,95.83,92.56,92.56,23107.0,93.903,150,True
2026-02-12 16:00:00+00:00,92.48,92.53,91.01,91.44,30445.0,91.694,233,True
2026-02-12 17:00:00+00:00,91.2,91.94,90.47,91.3,58610.0,91.189,290,True
2026-02-12 18:00:00+00:00,91.27,92.59,90.82,92.5,24426.0,91.521,191,True
2026-02-12 19:00:00+00:00,92.67,93.22,92.45,93.08,52978.0,92.719,214,True
2026-02-12 20:00:00+00:00,93.2,94.39,92.81,92.92,96396.0,93.342,623,True
2026-02-12 21:00:00+00:00,92.92,92.92,92.92,92.92,76273.0,92.92,3,False
2026-02-12 22:00:00+00:00,92.92,92.92,92.92,92.92,0.0,92.92,0,False
2026-02-12 23:00:00+00:00,92.92,92.92,92.92,92.92,0.0,92.92,0,False
2026-02-13 00:00:00+00:00,92.92,92.92,92.92,92.92,0.0,92.92,0,False
2026-02-13 13:00:00+00:00,92.11,92.11,92.11,92.11,150.0,92.11,1,False
2026-02-13 14:00:00+00:00,93.45,93.73,92.6,93.62,8968.0,93.207,39,False
2026-02-13 15:00:00+00:00,94.98,95.68,94.53,95.47,34507.0,95.096,134,True
2026-02-13 16:00:00+00:00,95.33,96.2,94.96,95.77,23669.0,95.765,200,True
2026-02-13 17:00:00+00:00,95.79,95.98,95.17,95.19,11514.0,95.523,93,True
2026-02-13 18:00:00+00:00,95.19,95.68,95.06,95.38,12265.0,95.345,93,True
2026-02-13 19:00:00+00:00,95.39,95.7,95.09,95.52,27676.0,95.262,125,True
2026-02-13 20:00:00+00:00,95.54,95.87,94.81,95.51,55661.0,95.301,428,True
2026-02-13 21:00:00+00:00,95.52,95.52,95.52,95.52,89805.0,95.52,4,False
2026-02-13 22:00:00+00:00,95.52,95.52,95.52,95.52,0.0,95.52,0,False
2026-02-13 23:00:00+00:00,95.52,95.52,95.52,95.52,0.0,95.52,0,False
2026-02-14 00:00:00+00:00,95.52,95.52,95.52,95.52,0.0,95.52,0,False
2026-02-17 13:00:00+00:00,95.7,95.7,95.7,95.7,101.0,95.7,1,False
2026-02-17 14:00:00+00:00,95.27,97.17,95.15,97.17,7337.0,95.986,29,False
2026-02-17 15:00:00+00:00,96.76,97.22,95.1,95.53,15534.0,96.267,99,True
2026-02-17 16:00:00+00:00,95.4,95.95,94.93,94.93,10600.0,95.444,97,True
2026-02-17 17:00:00+00:00,95.07,95.16,94.35,94.53,12359.0,94.725,97,True
2026-02-17 18:00:00+00:00,94.53,95.19,94.35,95.1,20178.0,94.757,157,True
2026-02-17 19:00:00+00:00,94.97,95.58,94.7,95.58,19621.0,94.977,158,True
2026-02-17 20:00:00+00:00,95.47,95.85,95.18,95.54,46669.0,95.581,356,True
2026-02-17 21:00:00+00:00,95.59,95.59,95.59,95.59,47288.0,95.59,1,False
2026-02-17 22:00:00+00:00,95.59,95.59,95.59,95.59,0.0,95.59,0,False
2026-02-17 23:00:00+00:00,95.59,95.59,95.59,95.59,0.0,95.59,0,False
2026-02-18 00:00:00+00:00,95.59,95.59,95.59,95.59,0.0,95.59,0,False
2026-02-18 14:00:00+00:00,95.12,97.53,95.12,97.26,4279.0,96.217,21,False
2026-02-18 15:00:00+00:00,97.29,97.64,96.88,97.17,12509.0,97.221,84,True
2026-02-18 16:00:00+00:00,96.96,97.55,96.7,96.82,13907.0,97.022,128,True
2026-02-18 17:00:00+00:00,96.74,97.55,96.74,97.25,17902.0,97.401,80,True
2026-02-18 18:00:00+00:00,97.27,97.39,96.31,96.31,16940.0,97.077,105,True
2026-02-18 19:00:00+00:00,96.44,96.93,96.43,96.74,11674.0,96.67,98,True
2026-02-18 20:00:00+00:00,96.87,97.89,96.8,97.63,54023.0,97.502,445,True
2026-02-18 21:00:00+00:00,97.61,97.61,97.61,97.61,75596.0,97.61,1,False
2026-02-18 22:00:00+00:00,97.61,97.61,97.61,97.61,0.0,97.61,0,False
2026-02-18 23:00:00+00:00,97.61,97.61,97.61,97.61,0.0,97.61,0,False
2026-02-19 00:00:00+00:00,97.61,97.61,97.61,97.61,0.0,97.61,0,False
2026-02-19 14:00:00+00:00,96.62,97.88,95.36,96.11,24093.0,96.709,91,False
2026-02-19 15:00:00+00:00,96.83,97.27,96.15,97.0,48629.0,96.509,272,True
2026-02-19 16:00:00+00:00,96.98,97.85,96.89,96.94,14207.0,97.435,119,True
2026-02-19 17:00:00+00:00,96.96,96.99,95.71,96.69,21226.0,96.187,148,True
2026-02-19 18:00:00+00:00,96.4,96.69,95.3,95.39,17348.0,95.93,148,True
2026-02-19 19:00:00+00:00,95.43,96.44,95.39,95.48,31685.0,95.82,228,True
2026-02-19 20:00:00+00:00,95.49,96.77,95.49,96.67,65526.0,96.291,556,True
2026-02-19 21:00:00+00:00,96.75,96.75,96.75,96.75,86591.0,96.75,5,False
2026-02-19 22:00:00+00:00,96.75,96.75,96.75,96.75,0.0,96.75,0,False
2026-02-19 23:00:00+00:00,96.75,96.75,96.75,96.75,0.0,96.75,0,False
2026-02-20 00:00:00+00:00,96.75,96.75,96.75,96.75,0.0,96.75,0,False
2026-02-20 14:00:00+00:00,97.37,99.14,97.32,97.85,17914.0,97.565,83,False
2026-02-20 15:00:00+00:00,97.84,98.8,96.86,97.08,21597.0,97.849,186,True
2026-02-20 16:00:00+00:00,97.08,97.68,96.71,97.28,14044.0,97.098,119,True
2026-02-20 17:00:00+00:00,97.27,97.63,96.71,97.39,20503.0,97.098,123,True
2026-02-20 18:00:00+00:00,97.37,97.79,97.0,97.78,12492.0,97.276,110,True
2026-02-20 19:00:00+00:00,97.61,97.61,96.78,97.29,25145.0,97.166,204,True
2026-02-20 20:00:00+00:00,97.29,97.52,96.48,96.59,64898.0,96.898,561,True
2026-02-20 21:00:00+00:00,96.68,96.68,96.64,96.64,70724.0,96.641,4,False
2026-02-20 22:00:00+00:00,96.64,96.64,96.64,96.64,0.0,96.64,0,False
2026-02-20 23:00:00+00:00,96.64,96.64,96.64,96.64,0.0,96.64,0,False
2026-02-21 00:00:00+00:00,96.64,96.64,96.64,96.64,0.0,96.64,0,False
2026-02-23 14:00:00+00:00,96.0,98.13,95.9,96.73,18786.0,96.545,154,False
2026-02-23 15:00:00+00:00,96.51,98.32,96.45,97.43,23958.0,97.295,199,True
2026-02-23 16:00:00+00:00,97.67,99.44,97.67,99.44,25189.0,98.443,218,True
2026-02-23 17:00:00+00:00,99.48,99.72,98.66,99.31,36522.0,99.061,276,True
2026-02-23 18:00:00+00:00,99.26,99.59,98.51,98.78,21154.0,99.186,128,True
2026-02-23 19:00:00+00:00,98.86,98.87,98.14,98.41,27921.0,98.503,202,True
2026-02-23 20:00:00+00:00,98.59,98.59,97.52,98.58,85198.0,98.16,698,True
2026-02-23 21:00:00+00:00,98.54,98.54,98.54,98.54,92502.0,98.54,6,False
2026-02-23 22:00:00+00:00,98.54,98.54,98.54,98.54,0.0,98.54,0,False
2026-02-23 23:00:00+00:00,98.54,98.54,98.54,98.54,0.0,98.54,0,False
2026-02-24 14:00:00+00:00,98.53,99.02,94.11,97.68,5207.0,98.115,40,False
2026-02-24 15:00:00+00:00,97.7,97.7,97.0,97.62,9715.0,97.515,45,True
2026-02-24 16:00:00+00:00,97.48,97.85,97.05,97.17,19019.0,97.443,171,True
2026-02-24 17:00:00+00:00,97.17,97.73,96.89,97.65,9175.0,97.368,79,True
2026-02-24 18:00:00+00:00,97.66,98.68,97.65,98.1,9563.0,98.287,86,True
2026-02-24 19:00:00+00:00,98.44,98.54,97.9,98.06,22663.0,98.242,162,True
2026-02-24 20:00:00+00:00,98.34,99.8,98.16,99.58,46078.0,99.251,400,True
2026-02-24 21:00:00+00:00,99.59,99.59,99.59,99.59,60924.0,99.59,5,False
2026-02-24 22:00:00+00:00,99.59,99.59,99.59,99.59,0.0,99.59,0,False
2026-02-24 23:00:00+00:00,99.59,99.59,99.59,99.59,0.0,99.59,0,False
2026-02-25 00:00:00+00:00,99.59,99.59,99.59,99.59,0.0,99.59,0,False
2026-02-25 14:00:00+00:00,99.19,100.42,95.58,96.24,22281.0,97.485,133,False
2026-02-25 15:00:00+00:00,96.22,97.13,95.2,95.2,17688.0,96.043,167,True
2026-02-25 16:00:00+00:00,95.22,95.7,94.22,95.14,25886.0,95.025,216,True
2026-02-25 17:00:00+00:00,95.15,96.34,95.08,95.98,33477.0,95.67,205,True
2026-02-25 18:00:00+00:00,95.99,96.22,94.78,95.16,35417.0,95.724,308,True
2026-02-25 19:00:00+00:00,95.16,96.02,94.55,95.86,35031.0,95.293,295,True
2026-02-25 20:00:00+00:00,95.86,96.48,95.06,96.0,73018.0,95.963,656,True
2026-02-25 21:00:00+00:00,96.07,96.07,96.07,96.07,41917.0,96.07,1,False
2026-02-25 22:00:00+00:00,96.07,96.07,96.07,96.07,0.0,96.07,0,False
2026-02-25 23:00:00+00:00,96.07,96.07,96.07,96.07,0.0,96.07,0,False
2026-02-26 00:00:00+00:00,96.07,96.07,96.07,96.07,0.0,96.07,0,False
2026-02-26 14:00:00+00:00,97.99,98.82,96.11,98.25,7330.0,98.076,37,False
2026-02-26 15:00:00+00:00,98.47,100.09,98.28,100.01,23546.0,99.097,197,True
2026-02-26 16:00:00+00:00,100.25,100.34,98.26,99.19,22371.0,99.289,205,True
2026-02-26 17:00:00+00:00,99.25,99.84,98.7,99.65,14673.0,99.277,132,True
2026-02-26 18:00:00+00:00,99.65,100.41,99.24,99.35,20989.0,99.778,172,True
2026-02-26 19:00:00+00:00,99.17,100.54,98.97,100.06,24519.0,99.851,222,True
2026-02-26 20:00:00+00:00,100.07,100.25,98.49,98.76,40412.0,99.264,355,True
2026-02-26 21:00:00+00:00,98.76,98.76,98.76,98.76,62262.0,98.76,2,False
2026-02-26 22:00:00+00:00,98.76,98.76,98.76,98.76,0.0,98.76,0,False
2026-02-26 23:00:00+00:00,98.76,98.76,98.76,98.76,0.0,98.76,0,False
2026-02-27 00:00:00+00:00,98.76,98.76,98.76,98.76,0.0,98.76,0,False
2026-02-27 14:00:00+00:00,97.24,98.71,97.0,98.7,31397.0,97.261,82,False
2026-02-27 15:00:00+00:00,99.0,99.94,98.9,99.46,31323.0,99.324,262,True
2026-02-27 16:00:00+00:00,99.45,99.87,98.4,98.82,20079.0,99.001,169,True
2026-02-27 17:00:00+00:00,99.09,99.67,98.69,99.54,13283.0,99.205,128,True
2026-02-27 18:00:00+00:00,99.46,99.79,98.94,99.09,16717.0,99.188,146,True
2026-02-27 19:00:00+00:00,99.11,99.11,97.93,97.99,19179.0,98.605,162,True
2026-02-27 20:00:00+00:00,98.06,98.37,97.27,98.01,83438.0,97.869,647,True
2026-02-27 21:00:00+00:00,98.0,98.0,98.0,98.0,140377.0,98.0,2,False
2026-02-27 22:00:00+00:00,98.0,98.0,98.0,98.0,0.0,98.0,0,False
2026-02-27 23:00:00+00:00,98.0,98.0,98.0,98.0,0.0,98.0,0,False
2026-02-28 00:00:00+00:00,98.0,98.0,98.0,98.0,0.0,98.0,0,False
2026-03-02 14:00:00+00:00,98.0,98.7,96.08,97.51,17708.0,97.802,143,False
2026-03-02 15:00:00+00:00,97.72,98.47,97.39,97.58,35343.0,97.896,295,True
2026-03-02 16:00:00+00:00,97.48,99.0,97.15,98.47,25308.0,97.938,227,True
2026-03-02 17:00:00+00:00,98.8,99.9,98.53,99.06,43441.0,99.382,254,True
2026-03-02 18:00:00+00:00,99.23,99.64,98.71,99.64,13224.0,99.064,113,True
2026-03-02 19:00:00+00:00,99.47,100.14,99.19,99.45,26378.0,99.68,224,True
2026-03-02 20:00:00+00:00,99.58,100.13,99.17,99.89,72719.0,99.764,617,True
2026-03-02 21:00:00+00:00,99.82,99.82,99.81,99.81,102180.0,99.81,5,False
2026-03-02 22:00:00+00:00,99.81,99.81,99.81,99.81,0.0,99.81,0,False
2026-03-02 23:00:00+00:00,99.81,99.81,99.81,99.81,0.0,99.81,0,False
2026-03-03 00:00:00+00:00,99.81,99.81,99.81,99.81,0.0,99.81,0,False
2026-03-03 14:00:00+00:00,97.85,99.55,97.11,98.25,26393.0,98.055,87,False
2026-03-03 15:00:00+00:00,98.59,99.92,98.31,99.04,28007.0,99.247,224,True
2026-03-03 16:00:00+00:00,98.79,101.28,98.79,100.39,14881.0,99.919,145,True
2026-03-03 17:00:00+00:00,100.16,100.9,99.91,100.9,16170.0,100.123,144,True
2026-03-03 18:00:00+00:00,100.98,103.0,100.93,103.0,13780.0,102.195,104,True
2026-03-03 19:00:00+00:00,103.0,103.28,102.14,102.68,17914.0,102.666,162,True
2026-03-03 20:00:00+00:00,102.75,103.19,102.63,102.71,42692.0,102.882,355,True
2026-03-03 21:00:00+00:00,102.7,102.7,102.7,102.7,58614.0,102.7,3,False
2026-03-03 22:00:00+00:00,102.7,102.7,102.7,102.7,0.0,102.7,0,False
2026-03-03 23:00:00+00:00,102.7,102.7,102.7,102.7,0.0,102.7,0,False
2026-03-04 00:00:00+00:00,102.7,102.7,102.7,102.7,0.0,102.7,0,False
2026-03-04 14:00:00+00:00,101.74,103.57,99.22,100.03,214410.0,101.667,65,False
2026-03-04 15:00:00+00:00,99.82,100.77,98.41,100.68,16370.0,99.806,139,True
2026-03-04 16:00:00+00:00,101.05,102.76,100.9,101.79,11664.0,102.067,97,True
2026-03-04 17:00:00+00:00,102.24,102.31,101.11,101.12,11099.0,101.76,92,True
2026-03-04 18:00:00+00:00,100.99,101.22,100.61,100.87,8705.0,100.919,75,True
2026-03-04 19:00:00+00:00,100.84,101.4,100.13,100.87,30657.0,100.853,144,True
2026-03-04 20:00:00+00:00,100.83,101.0,100.28,100.47,45535.0,100.562,373,True
2026-03-04 21:00:00+00:00,100.64,100.64,100.64,100.64,65456.0,100.64,1,False
2026-03-04 22:00:00+00:00,100.64,100.64,100.64,100.64,0.0,100.64,0,False
2026-03-04 23:00:00+00:00,100.6,100.6,100.6,100.6,100.0,100.6,1,False
2026-03-05 00:00:00+00:00,100.6,100.6,100.6,100.6,0.0,100.6,0,False
2026-03-05 14:00:00+00:00,100.36,100.93,100.01,100.58,3202.0,100.555,10,False
2026-03-05 15:00:00+00:00,101.03,101.61,100.16,101.46,12708.0,100.988,109,True
2026-03-05 16:00:00+00:00,101.06,101.56,100.65,100.76,7576.0,100.98,68,True
2026-03-05 17:00:00+00:00,101.08,101.18,100.38,100.79,6477.0,100.668,52,True
2026-03-05 18:00:00+00:00,100.74,101.29,100.46,100.46,7024.0,100.829,59,True
2026-03-05 19:00:00+00:00,100.36,102.11,100.05,101.47,9827.0,101.441,87,True
2026-03-05 20:00:00+00:00,101.52,102.24,101.22,102.04,32388.0,101.86,253,True
2026-03-05 21:00:00+00:00,102.02,102.04,102.02,102.04,54043.0,102.04,4,False
2026-03-05 22:00:00+00:00,102.04,102.04,102.04,102.04,0.0,102.04,0,False
2026-03-05 23:00:00+00:00,102.04,102.04,102.04,102.04,0.0,102.04,0,False
2026-03-06 00:00:00+00:00,102.04,102.04,102.04,102.04,0.0,102.04,0,False
2026-03-06 14:00:00+00:00,102.25,104.08,100.78,101.24,9570.0,102.309,36,False
2026-03-06 15:00:00+00:00,101.13,102.63,100.24,102.16,9857.0,101.38,89,True
2026-03-06 16:00:00+00:00,102.57,102.57,101.2,101.2,5000.0,101.567,50,True
2026-03-06 17:00:00+00:00,101.19,101.19,99.89,100.11,10948.0,100.423,95,True
2026-03-06 18:00:00+00:00,100.27,100.96,99.46,100.95,11001.0,100.149,90,True
2026-03-06 19:00:00+00:00,100.59,101.38,100.59,100.97,5069.0,101.006,42,True
2026-03-06 20:00:00+00:00,101.12,102.4,100.98,102.01,39303.0,101.813,302,True
2026-03-06 21:00:00+00:00,102.05,102.05,102.05,102.05,58486.0,102.05,3,False
2026-03-06 22:00:00+00:00,102.05,102.05,102.05,102.05,0.0,102.05,0,False
2026-03-06 23:00:00+00:00,102.05,102.05,102.05,102.05,0.0,102.05,0,False
2026-03-07 00:00:00+00:00,102.05,102.05,102.05,102.05,0.0,102.05,0,False
2026-03-09 13:00:00+00:00,101.52,101.52,99.01,99.9,24959.0,100.386,60,False
2026-03-09 14:00:00+00:00,100.25,101.18,99.85,100.84,12138.0,100.292,104,True
2026-03-09 15:00:00+00:00,101.13,101.29,100.43,100.77,15327.0,100.85,128,True
2026-03-09 16:00:00+00:00,100.77,101.38,100.76,101.02,11952.0,101.151,56,True
2026-03-09 17:00:00+00:00,101.17,101.17,100.43,100.54,9964.0,100.723,92,True
2026-03-09 18:00:00+00:00,100.76,101.3,100.64,101.16,21367.0,100.867,104,True
2026-03-09 19:00:00+00:00,101.2,103.23,100.82,103.09,31097.0,102.62,253,True
2026-03-09 20:00:00+00:00,103.09,103.13,103.09,103.13,72004.0,103.13,3,False
2026-03-09 21:00:00+00:00,103.13,103.13,103.13,103.13,0.0,103.13,0,False
2026-03-09 22:00:00+00:00,103.13,103.13,103.13,103.13,0.0,103.13,0,False
2026-03-09 23:00:00+00:00,103.13,103.13,103.13,103.13,0.0,103.13,0,False
2026-03-10 13:00:00+00:00,102.09,102.59,100.34,100.41,16869.0,101.147,98,False
2026-03-10 14:00:00+00:00,100.7,103.0,99.73,103.0,45873.0,100.633,231,True
2026-03-10 15:00:00+00:00,102.73,103.06,101.9,101.98,16727.0,102.426,113,True
2026-03-10 16:00:00+00:00,101.98,102.85,101.95,102.42,4696.0,102.259,38,True
2026-03-10 17:00:00+00:00,102.42,102.67,101.61,101.99,5695.0,102.2,55,True
2026-03-10 18:00:00+00:00,101.88,102.06,100.58,101.18,9012.0,101.351,82,True
2026-03-10 19:00:00+00:00,101.08,101.41,100.94,101.18,29380.0,101.186,245,True
2026-03-10 20:00:00+00:00,101.12,101.12,101.12,101.12,31911.0,101.12,2,False
2026-03-10 21:00:00+00:00,101.12,101.12,101.12,101.12,0.0,101.12,0,False
2026-03-10 22:00:00+00:00,101.12,101.12,101.12,101.12,0.0,101.12,0,False
2026-03-10 23:00:00+00:00,101.12,101.12,101.12,101.12,0.0,101.12,0,False
2026-03-11 13:00:00+00:00,101.0,101.08,100.59,101.08,4446.0,100.972,25,False
2026-03-11 14:00:00+00:00,101.47,101.91,100.97,101.52,7207.0,101.442,67,True
2026-03-11 15:00:00+00:00,101.82,101.83,99.59,99.59,14267.0,100.538,118,True
2026-03-11 16:00:00+00:00,99.44,99.93,99.34,99.84,9515.0,99.573,88,True
2026-03-11 17:00:00+00:00,99.71,99.95,99.1,99.77,9635.0,99.561,85,True
2026-03-11 18:00:00+00:00,99.81,100.92,99.35,100.31,36136.0,100.147,292,True
2026-03-11 19:00:00+00:00,100.31,101.15,99.87,101.12,63626.0,100.729,514,True
2026-03-11 20:00:00+00:00,101.1,101.1,101.1,101.1,64527.0,101.1,5,False
2026-03-11 21:00:00+00:00,101.1,101.1,101.1,101.1,0.0,101.1,0,False
2026-03-11 22:00:00+00:00,101.1,101.1,101.1,101.1,0.0,101.1,0,False
2026-03-11 23:00:00+00:00,101.1,101.1,101.1,101.1,0.0,101.1,0,False
2026-03-12 13:00:00+00:00,101.09,105.0,101.04,101.87,19485.0,102.276,122,False
2026-03-12 14:00:00+00:00,101.87,102.1,100.47,101.03,8782.0,101.415,78,True
2026-03-12 15:00:00+00:00,101.2,102.01,100.59,102.01,5003.0,100.936,47,True
2026-03-12 16:00:00+00:00,101.54,102.81,101.54,102.68,7076.0,102.285,51,True
2026-03-12 17:00:00+00:00,103.18,105.06,102.91,104.48,12580.0,104.252,109,True
2026-03-12 18:00:00+00:00,104.65,104.65,103.27,103.56,5614.0,103.847,49,True
2026-03-12 19:00:00+00:00,103.77,103.95,103.25,103.84,34825.0,103.668,272,True
2026-03-12 20:00:00+00:00,103.84,103.84,103.84,103.84,66244.0,103.84,3,False
2026-03-12 21:00:00+00:00,103.84,103.84,103.84,103.84,0.0,103.84,0,False
2026-03-12 22:00:00+00:00,103.84,103.84,103.84,103.84,0.0,103.84,0,False
2026-03-12 23:00:00+00:00,103.84,103.84,103.84,103.84,0.0,103.84,0,False
2026-03-13 13:00:00+00:00,104.17,106.0,102.56,103.78,8111.0,104.068,44,False
2026-03-13 14:00:00+00:00,103.76,105.17,103.28,104.11,8870.0,104.044,82,True
2026-03-13 15:00:00+00:00,103.72,104.38,103.44,104.17,9653.0,103.946,79,True
2026-03-13 16:00:00+00:00,104.11,104.97,103.98,104.08,5367.0,104.505,50,True
2026-03-13 17:00:00+00:00,104.55,104.78,104.07,104.29,11640.0,104.434,75,True
2026-03-13 18:00:00+00:00,104.15,104.6,103.89,104.36,10432.0,104.261,86,True
2026-03-13 19:00:00+00:00,104.34,105.27,104.33,104.97,31473.0,104.839,239,True
2026-03-13 20:00:00+00:00,105.03,105.11,105.01,105.11,39420.0,105.109,5,False
2026-03-13 21:00:00+00:00,105.11,105.11,105.11,105.11,0.0,105.11,0,False
2026-03-13 22:00:00+00:00,105.11,105.11,105.11,105.11,0.0,105.11,0,False
2026-03-13 23:00:00+00:00,105.11,105.11,105.11,105.11,0.0,105.11,0,False
2026-03-16 13:00:00+00:00,105.47,105.47,103.13,103.13,5000.0,104.654,26,False
2026-03-16 14:00:00+00:00,103.49,104.94,103.49,104.55,14790.0,104.305,111,True
2026-03-16 15:00:00+00:00,104.55,104.95,103.69,104.39,11832.0,104.404,81,True
2026-03-16 16:00:00+00:00,104.44,104.77,103.94,104.7,7985.0,104.37,76,True
2026-03-16 17:00:00+00:00,104.7,105.01,104.4,105.01,8721.0,104.72,71,True
2026-03-16 18:00:00+00:00,104.89,105.73,104.53,105.49,16521.0,105.377,154,True
2026-03-16 19:00:00+00:00,105.55,105.73,104.79,105.05,38742.0,105.26,293,True
2026-03-16 20:00:00+00:00,105.04,105.07,105.04,105.07,71867.0,105.07,3,False
2026-03-16 21:00:00+00:00,105.07,105.07,105.07,105.07,0.0,105.07,0,False
2026-03-16 22:00:00+00:00,105.07,105.07,105.07,105.07,0.0,105.07,0,False
2026-03-16 23:00:00+00:00,105.07,105.07,105.07,105.07,0.0,105.07,0,False
2026-03-17 13:00:00+00:00,104.72,106.49,104.47,105.73,10778.0,105.417,79,False
2026-03-17 14:00:00+00:00,105.36,107.2,105.0,106.4,13670.0,105.943,103,True
2026-03-17 15:00:00+00:00,106.73,106.74,105.43,105.8,6068.0,105.987,54,True
2026-03-17 16:00:00+00:00,105.95,106.32,105.47,106.02,6097.0,105.79,55,True
2026-03-17 17:00:00+00:00,106.35,106.86,106.03,106.65,9126.0,106.503,73,True
2026-03-17 18:00:00+00:00,106.95,107.41,106.57,107.15,10184.0,106.862,88,True
2026-03-17 19:00:00+00:00,107.26,108.06,106.41,106.74,68851.0,107.366,507,True
2026-03-17 20:00:00+00:00,106.64,106.64,106.64,106.64,60692.0,106.64,4,False
2026-03-17 21:00:00+00:00,106.64,106.64,106.64,106.64,0.0,106.64,0,False
2026-03-17 22:00:00+00:00,106.64,106.64,106.64,106.64,0.0,106.64,0,False
2026-03-17 23:00:00+00:00,106.64,106.64,106.64,106.64,0.0,106.64,0,False
2026-03-18 13:00:00+00:00,105.3,107.05,104.3,106.14,8646.0,105.913,53,False
2026-03-18 14:00:00+00:00,106.07,107.38,105.59,106.35,10149.0,106.5,95,True
2026-03-18 15:00:00+00:00,106.38,106.88,105.81,105.81,8828.0,106.379,76,True
2026-03-18 16:00:00+00:00,105.76,108.0,105.76,107.95,6372.0,106.909,52,True
2026-03-18 17:00:00+00:00,107.38,107.79,106.46,106.74,18106.0,107.094,151,True
2026-03-18 18:00:00+00:00,106.48,106.78,105.82,106.24,9843.0,106.322,92,True
2026-03-18 19:00:00+00:00,106.15,106.51,105.51,105.64,24265.0,105.959,206,True
2026-03-18 20:00:00+00:00,105.64,105.64,105.64,105.64,94755.0,105.64,3,False
2026-03-18 21:00:00+00:00,105.64,105.64,105.64,105.64,0.0,105.64,0,False
2026-03-18 22:00:00+00:00,105.64,105.64,105.64,105.64,0.0,105.64,0,False
2026-03-18 23:00:00+00:00,105.64,105.64,105.64,105.64,0.0,105.64,0,False
2026-03-19 13:00:00+00:00,105.5,106.54,104.84,106.17,9068.0,105.573,65,False
2026-03-19 14:00:00+00:00,105.82,106.2,105.21,105.59,8458.0,105.767,77,True
2026-03-19 15:00:00+00:00,105.33,105.73,104.71,105.73,16216.0,105.328,103,True
2026-03-19 16:00:00+00:00,106.0,106.19,105.18,105.54,3534.0,105.627,34,True
2026-03-19 17:00:00+00:00,105.71,106.17,105.45,106.17,8952.0,105.794,82,True
2026-03-19 18:00:00+00:00,106.17,106.88,105.76,106.87,9714.0,106.366,89,True
2026-03-19 19:00:00+00:00,106.95,107.84,106.72,106.88,40885.0,107.166,357,True
2026-03-19 20:00:00+00:00,106.98,106.98,106.98,106.98,84705.0,106.98,3,False
2026-03-19 21:00:00+00:00,106.98,106.98,106.98,106.98,0.0,106.98,0,False
2026-03-19 22:00:00+00:00,106.98,106.98,106.98,106.98,0.0,106.98,0,False
2026-03-19 23:00:00+00:00,106.98,106.98,106.98,106.98,0.0,106.98,0,False
2026-03-20 13:00:00+00:00,107.63,107.63,103.59,104.11,32938.0,107.306,31,False
2026-03-20 14:00:00+00:00,104.86,105.93,104.36,105.66,17302.0,105.278,113,True
2026-03-20 15:00:00+00:00,105.64,106.34,104.96,106.15,21836.0,105.928,134,True
2026-03-20 16:00:00+00:00,106.08,106.93,105.77,106.46,25286.0,106.324,224,True
2026-03-20 17:00:00+00:00,106.27,106.41,105.5,106.28,12298.0,106.058,112,True
2026-03-20 18:00:00+00:00,106.05,106.12,104.93,105.48,7595.0,105.575,70,True
2026-03-20 19:00:00+00:00,105.74,106.49,105.32,106.38,32448.0,105.913,273,True
2026-03-20 20:00:00+00:00,106.49,106.49,106.49,106.49,1063926.0,106.49,7,False
2026-03-20 21:00:00+00:00,106.49,106.49,106.49,106.49,0.0,106.49,0,False
2026-03-20 22:00:00+00:00,106.49,106.49,106.49,106.49,0.0,106.49,0,False
2026-03-20 23:00:00+00:00,106.49,106.49,106.49,106.49,0.0,106.49,0,False
2026-03-23 13:00:00+00:00,107.33,109.46,106.27,109.45,22334.0,108.589,82,False
2026-03-23 14:00:00+00:00,109.51,109.89,108.27,108.65,18489.0,109.045,149,True
2026-03-23 15:00:00+00:00,108.61,109.21,107.92,107.92,9226.0,108.815,82,True
2026-03-23 16:00:00+00:00,107.92,109.2,107.92,108.89,7899.0,108.57,67,True
2026-03-23 17:00:00+00:00,109.18,110.0,109.17,109.96,8424.0,109.536,75,True
2026-03-23 18:00:00+00:00,109.8,111.22,109.54,110.91,14466.0,110.594,122,True
2026-03-23 19:00:00+00:00,110.78,111.1,109.33,109.58,47994.0,109.822,364,True
2026-03-23 20:00:00+00:00,109.64,109.64,109.64,109.64,85783.0,109.64,2,False
2026-03-23 21:00:00+00:00,109.64,109.64,109.64,109.64,0.0,109.64,0,False
2026-03-23 22:00:00+00:00,109.64,109.64,109.64,109.64,0.0,109.64,0,False
2026-03-23 23:00:00+00:00,109.64,109.64,109.64,109.64,0.0,109.64,0,False
2026-03-24 12:00:00+00:00,109.72,109.78,109.65,109.65,3800.0,109.682,37,False
2026-03-24 13:00:00+00:00,110.16,111.29,110.03,111.01,14461.0,110.816,57,False
2026-03-24 14:00:00+00:00,111.23,113.56,110.34,112.47,15511.0,112.002,128,True
2026-03-24 15:00:00+00:00,112.52,113.31,112.49,112.75,11480.0,112.948,99,True
2026-03-24 16:00:00+00:00,112.75,113.86,112.75,113.8,23835.0,113.244,161,True
2026-03-24 17:00:00+00:00,113.75,114.2,113.14,114.14,11271.0,113.673,109,True
2026-03-24 18:00:00+00:00,114.22,114.38,113.53,113.89,12022.0,113.936,106,True
2026-03-24 19:00:00+00:00,114.03,114.06,113.07,113.1,39583.0,113.443,319,True
2026-03-24 20:00:00+00:00,113.08,113.08,113.08,113.08,93330.0,113.08,3,False
2026-03-24 21:00:00+00:00,113.08,113.08,113.08,113.08,0.0,113.08,0,False
2026-03-24 22:00:00+00:00,113.08,113.08,113.08,113.08,0.0,113.08,0,False
2026-03-24 23:00:00+00:00,113.08,113.08,113.08,113.08,0.0,113.08,0,False
2026-03-25 13:00:00+00:00,113.27,115.1,112.23,112.72,3624.0,113.162,14,False
2026-03-25 14:00:00+00:00,111.97,113.66,110.72,113.62,6547.0,112.796,62,True
2026-03-25 15:00:00+00:00,113.37,114.18,112.95,114.18,13034.0,113.484,113,True
2026-03-25 16:00:00+00:00,113.86,114.36,113.81,114.36,6393.0,114.086,56,True
2026-03-25 17:00:00+00:00,114.36,115.21,114.22,115.14,11249.0,114.735,90,True
2026-03-25 18:00:00+00:00,115.34,115.56,114.52,115.05,25355.0,115.171,121,True
2026-03-25 19:00:00+00:00,115.05,116.03,114.48,116.01,43576.0,115.296,353,True
2026-03-25 20:00:00+00:00,115.98,115.98,115.98,115.98,41768.0,115.98,2,False
2026-03-25 21:00:00+00:00,115.98,115.98,115.98,115.98,0.0,115.98,0,False
2026-03-25 22:00:00+00:00,115.98,115.98,115.98,115.98,0.0,115.98,0,False
2026-03-25 23:00:00+00:00,115.98,115.98,115.98,115.98,0.0,115.98,0,False
2026-03-26 13:00:00+00:00,115.34,116.89,115.34,116.75,3041.0,115.786,18,False
2026-03-26 14:00:00+00:00,116.81,117.5,115.86,116.63,11166.0,116.546,99,True
2026-03-26 15:00:00+00:00,116.26,116.78,116.04,116.04,10087.0,116.402,91,True
2026-03-26 16:00:00+00:00,116.2,116.21,115.68,115.96,5249.0,115.997,45,True
2026-03-26 17:00:00+00:00,116.18,117.27,116.18,116.43,14897.0,116.801,118,True
2026-03-26 18:00:00+00:00,116.64,117.49,116.18,116.46,17577.0,117.005,152,True
2026-03-26 19:00:00+00:00,116.57,116.74,115.6,116.53,53040.0,116.229,429,True
2026-03-26 20:00:00+00:00,116.39,116.39,116.39,116.39,60159.0,116.39,3,False
2026-03-26 21:00:00+00:00,116.39,116.39,116.39,116.39,0.0,116.39,0,False
2026-03-26 22:00:00+00:00,116.39,116.39,116.39,116.39,0.0,116.39,0,False
2026-03-26 23:00:00+00:00,116.39,116.39,116.39,116.39,0.0,116.39,0,False
2026-03-27 12:00:00+00:00,116.5,116.5,116.5,116.5,100.0,116.5,1,False
2026-03-27 13:00:00+00:00,115.09,115.74,113.0,114.83,3876.0,114.971,16,False
2026-03-27 14:00:00+00:00,115.15,116.31,114.53,115.73,7690.0,115.253,63,True
2026-03-27 15:00:00+00:00,115.53,115.63,114.59,114.75,10338.0,115.109,85,True
2026-03-27 16:00:00+00:00,114.69,115.07,114.06,114.98,13126.0,114.496,48,True
2026-03-27 17:00:00+00:00,114.98,115.39,114.09,114.11,7294.0,114.59,39,True
2026-03-27 18:00:00+00:00,114.12,115.06,113.57,114.56,17366.0,114.105,68,True
2026-03-27 19:00:00+00:00,114.56,114.99,114.32,114.63,51516.0,114.664,242,True
2026-03-27 20:00:00+00:00,114.61,114.61,114.61,114.61,71846.0,114.61,2,False
2026-03-27 21:00:00+00:00,114.61,114.61,114.61,114.61,0.0,114.61,0,False
2026-03-27 22:00:00+00:00,114.61,114.61,114.61,114.61,0.0,114.61,0,False
2026-03-27 23:00:00+00:00,114.61,114.61,114.61,114.61,0.0,114.61,0,False
2026-03-30 13:00:00+00:00,116.53,117.65,113.6,114.28,11272.0,115.376,78,False
2026-03-30 14:00:00+00:00,114.27,115.88,114.26,115.27,22735.0,115.238,194,True
2026-03-30 15:00:00+00:00,115.39,115.7,114.24,114.98,10495.0,115.362,76,True
2026-03-30 16:00:00+00:00,114.86,115.06,113.52,114.1,43759.0,114.397,169,True
2026-03-30 17:00:00+00:00,113.98,114.47,113.35,114.13,16944.0,113.982,141,True
2026-03-30 18:00:00+00:00,114.0,114.49,113.5,114.39,13352.0,114.053,117,True
2026-03-30 19:00:00+00:00,114.3,114.53,113.8,114.04,53365.0,114.167,465,True
2026-03-30 20:00:00+00:00,113.87,114.03,113.87,114.03,67793.0,114.029,6,False
2026-03-30 21:00:00+00:00,114.03,114.03,114.03,114.03,0.0,114.03,0,False
2026-03-30 22:00:00+00:00,114.03,114.03,114.03,114.03,0.0,114.03,0,False
2026-03-30 23:00:00+00:00,114.03,114.03,114.03,114.03,0.0,114.03,0,False
2026-03-31 13:00:00+00:00,114.43,116.1,113.65,115.65,10521.0,114.513,69,False
2026-03-31 14:00:00+00:00,115.39,115.85,112.05,112.12,10264.0,113.971,81,True
2026-03-31 15:00:00+00:00,112.62,114.35,112.62,114.35,10752.0,113.204,73,True
2026-03-31 16:00:00+00:00,113.96,116.43,113.65,115.18,20501.0,114.778,135,True
2026-03-31 17:00:00+00:00,115.07,115.39,114.63,114.63,6212.0,114.894,56,True
2026-03-31 18:00:00+00:00,114.68,115.4,114.67,115.08,11593.0,114.961,90,True
2026-03-31 19:00:00+00:00,115.18,115.91,114.93,115.25,37253.0,115.369,270,True
2026-03-31 20:00:00+00:00,115.25,115.25,115.25,115.25,94188.0,115.25,2,False
2026-03-31 21:00:00+00:00,115.25,115.25,115.25,115.25,0.0,115.25,0,False
2026-03-31 22:00:00+00:00,115.25,115.25,115.25,115.25,0.0,115.25,0,False
2026-03-31 23:00:00+00:00,115.25,115.25,115.25,115.25,0.0,115.25,0,False
2026-04-01 13:00:00+00:00,116.63,116.71,114.13,115.17,7403.0,115.596,37,False
2026-04-01 14:00:00+00:00,115.17,116.99,113.97,116.73,10742.0,115.341,89,True
2026-04-01 15:00:00+00:00,116.72,117.52,116.65,116.65,5047.0,116.996,38,True
2026-04-01 16:00:00+00:00,117.04,117.46,116.9,117.44,6817.0,117.142,36,True
2026-04-01 17:00:00+00:00,117.46,117.79,117.2,117.57,5053.0,117.493,40,True
2026-04-01 18:00:00+00:00,117.54,117.88,117.17,117.19,6154.0,117.5,55,True
2026-04-01 19:00:00+00:00,117.02,117.31,116.51,116.61,25523.0,116.83,182,True
2026-04-01 20:00:00+00:00,116.66,116.66,116.66,116.66,46124.0,116.66,2,False
2026-04-01 21:00:00+00:00,116.66,116.66,116.66,116.66,0.0,116.66,0,False
2026-04-01 22:00:00+00:00,116.66,116.66,116.66,116.66,0.0,116.66,0,False
2026-04-01 23:00:00+00:00,116.66,116.66,116.66,116.66,0.0,116.66,0,False
2026-04-02 13:00:00+00:00,116.49,116.55,114.3,115.18,5418.0,115.724,30,False
2026-04-02 14:00:00+00:00,115.07,117.82,115.07,116.5,7091.0,116.088,40,True
2026-04-02 15:00:00+00:00,116.59,116.93,116.08,116.53,4373.0,116.646,37,True
2026-04-02 16:00:00+00:00,116.58,116.96,116.36,116.96,2942.0,116.54,23,True
2026-04-02 17:00:00+00:00,116.72,117.26,116.47,116.52,9622.0,116.818,80,True
2026-04-02 18:00:00+00:00,116.52,117.07,116.51,117.02,7833.0,116.803,51,True
2026-04-02 19:00:00+00:00,117.17,118.0,116.86,117.95,23566.0,117.432,194,True
2026-04-02 20:00:00+00:00,117.9,117.9,117.9,117.9,37226.0,117.9,4,False
2026-04-02 21:00:00+00:00,117.9,117.9,117.9,117.9,0.0,117.9,0,False
2026-04-02 22:00:00+00:00,117.9,117.9,117.9,117.9,0.0,117.9,0,False
2026-04-02 23:00:00+00:00,117.9,117.9,117.9,117.9,0.0,117.9,0,False
2026-04-06 13:00:00+00:00,116.13,118.5,116.13,116.53,5311.0,116.661,13,False
2026-04-06 14:00:00+00:00,117.05,117.99,115.95,117.98,3375.0,117.169,26,True
2026-04-06 15:00:00+00:00,118.28,118.8,117.69,117.99,5338.0,118.276,45,True
2026-04-06 16:00:00+00:00,117.94,118.32,117.18,117.71,14013.0,117.921,93,True
2026-04-06 17:00:00+00:00,118.05,118.31,117.57,117.99,6695.0,117.852,54,True
2026-04-06 18:00:00+00:00,117.72,118.19,117.32,117.56,8871.0,117.758,76,True
2026-04-06 19:00:00+00:00,117.71,118.14,117.13,117.17,38939.0,117.492,271,True
2026-04-06 20:00:00+00:00,117.2,117.2,117.2,117.2,45692.0,117.2,2,False
2026-04-06 21:00:00+00:00,117.2,117.2,117.2,117.2,0.0,117.2,0,False
2026-04-06 22:00:00+00:00,117.2,117.2,117.2,117.2,0.0,117.2,0,False
2026-04-06 23:00:00+00:00,117.2,117.2,117.2,117.2,0.0,117.2,0,False
2026-04-07 13:00:00+00:00,117.94,118.19,117.7,117.74,3941.0,117.872,9,False
2026-04-07 14:00:00+00:00,117.67,117.77,116.11,116.11,9967.0,117.021,79,True
2026-04-07 15:00:00+00:00,116.03,116.53,115.1,115.2,23509.0,115.593,149,True
2026-04-07 16:00:00+00:00,115.43,116.75,115.43,116.73,8552.0,116.18,63,True
2026-04-07 17:00:00+00:00,116.49,116.84,115.8,115.81,5907.0,116.31,52,True
2026-04-07 18:00:00+00:00,115.84,115.85,114.72,114.72,6979.0,115.166,60,True
2026-04-07 19:00:00+00:00,114.72,115.82,114.62,115.0,33486.0,115.136,280,True
2026-04-07 20:00:00+00:00,114.94,114.94,114.94,114.94,50953.0,114.94,2,False
2026-04-07 21:00:00+00:00,114.94,114.94,114.94,114.94,0.0,114.94,0,False
2026-04-07 22:00:00+00:00,114.94,114.94,114.94,114.94,0.0,114.94,0,False
2026-04-07 23:00:00+00:00,114.94,114.94,114.94,114.94,0.0,114.94,0,False
2026-04-08 13:00:00+00:00,116.15,117.81,114.89,116.68,7825.0,116.034,42,False
2026-04-08 14:00:00+00:00,117.56,117.56,115.68,116.07,8510.0,116.145,70,True
2026-04-08 15:00:00+00:00,116.17,116.89,115.73,116.89,8060.0,116.261,66,True
2026-04-08 16:00:00+00:00,116.72,117.65,116.34,116.43,15936.0,116.942,119,True
2026-04-08 17:00:00+00:00,116.32,117.81,116.24,117.35,29136.0,117.322,155,True
2026-04-08 18:00:00+00:00,117.45,117.71,117.19,117.27,21469.0,117.467,147,True
2026-04-08 19:00:00+00:00,117.45,118.4,117.42,118.01,109345.0,117.969,632,True
2026-04-08 20:00:00+00:00,118.0,118.0,118.0,118.0,130916.0,118.0,2,False
2026-04-08 21:00:00+00:00,118.0,118.0,118.0,118.0,0.0,118.0,0,False
2026-04-08 22:00:00+00:00,118.0,118.0,118.0,118.0,0.0,118.0,0,False
2026-04-08 23:00:00+00:00,118.0,118.0,118.0,118.0,0.0,118.0,0,False
2026-04-09 13:00:00+00:00,115.15,116.37,115.0,115.51,4012.0,115.518,16,False
2026-04-09 14:00:00+00:00,115.76,116.34,114.41,115.47,10113.0,115.561,63,True
2026-04-09 15:00:00+00:00,115.19,115.83,114.71,115.09,3570.0,115.24,33,True
2026-04-09 16:00:00+00:00,115.64,116.11,114.04,114.7,18714.0,115.178,97,True
2026-04-09 17:00:00+00:00,114.84,116.05,114.3,115.92,24812.0,115.499,111,True
2026-04-09 18:00:00+00:00,115.85,115.85,115.03,115.59,13929.0,115.437,105,True
2026-04-09 19:00:00+00:00,115.46,115.46,114.03,114.17,37906.0,114.456,295,True
2026-04-09 20:00:00+00:00,114.34,114.34,114.26,114.26,67177.0,114.26,5,False
2026-04-09 21:00:00+00:00,114.26,114.26,114.26,114.26,0.0,114.26,0,False
2026-04-09 22:00:00+00:00,114.26,114.26,114.26,114.26,0.0,114.26,0,False
2026-04-09 23:00:00+00:00,114.26,114.26,114.26,114.26,0.0,114.26,0,False
2026-04-10 13:00:00+00:00,113.77,114.21,109.88,111.32,5601.0,112.369,37,False
2026-04-10 14:00:00+00:00,111.8,112.28,110.04,111.76,7786.0,111.524,59,True
2026-04-10 15:00:00+00:00,111.88,112.3,111.56,111.62,6490.0,111.86,52,True
2026-04-10 16:00:00+00:00,111.61,111.78,111.45,111.45,3859.0,111.576,32,True
2026-04-10 17:00:00+00:00,111.55,111.75,111.38,111.6,5105.0,111.525,47,True
2026-04-10 18:00:00+00:00,111.56,112.44,111.38,112.44,6141.0,111.764,40,True
2026-04-10 19:00:00+00:00,112.73,112.9,111.81,111.99,29482.0,112.157,221,True
2026-04-10 20:00:00+00:00,112.09,112.09,112.04,112.04,66939.0,112.042,4,False
2026-04-10 21:00:00+00:00,112.04,112.04,112.04,112.04,0.0,112.04,0,False
2026-04-10 22:00:00+00:00,112.05,112.05,112.05,112.05,100.0,112.05,1,False
2026-04-10 23:00:00+00:00,112.05,112.05,112.05,112.05,0.0,112.05,0,False
2026-04-13 13:00:00+00:00,112.05,112.58,111.31,111.31,2489.0,111.767,9,False
2026-04-13 14:00:00+00:00,111.5,112.07,111.0,111.95,4239.0,111.68,40,True
2026-04-13 15:00:00+00:00,111.99,113.05,111.62,112.39,4975.0,112.256,39,True
2026-04-13 16:00:00+00:00,112.63,112.97,112.29,112.9,5071.0,112.766,32,True
2026-04-13 17:00:00+00:00,113.07,113.35,112.22,112.45,4648.0,112.698,42,True
2026-04-13 18:00:00+00:00,112.46,113.2,112.46,112.78,10358.0,112.792,73,True
2026-04-13 19:00:00+00:00,112.95,113.26,112.11,113.13,32015.0,112.927,221,True
2026-04-13 20:00:00+00:00,113.03,113.13,113.02,113.13,47678.0,113.129,4,False
2026-04-13 21:00:00+00:00,113.13,113.13,113.13,113.13,0.0,113.13,0,False
2026-04-13 22:00:00+00:00,113.13,113.13,113.13,113.13,0.0,113.13,0,False
2026-04-13 23:00:00+00:00,113.13,113.13,113.13,113.13,0.0,113.13,0,False
2026-04-14 13:00:00+00:00,112.74,114.21,112.74,113.82,4293.0,113.11,16,False
2026-04-14 14:00:00+00:00,113.89,114.66,113.57,114.22,6779.0,114.142,42,True
2026-04-14 15:00:00+00:00,113.98,114.11,113.76,113.95,2432.0,113.92,24,True
2026-04-14 16:00:00+00:00,114.11,114.19,113.86,113.86,5212.0,114.075,39,True
2026-04-14 17:00:00+00:00,113.9,114.01,113.49,113.57,7953.0,113.76,63,True
2026-04-14 18:00:00+00:00,113.4,113.82,113.22,113.34,6781.0,113.465,59,True
2026-04-14 19:00:00+00:00,113.34,113.73,113.16,113.56,23501.0,113.494,203,True
2026-04-14 20:00:00+00:00,113.57,113.73,113.57,113.72,44048.0,113.571,5,False
2026-04-14 21:00:00+00:00,113.72,113.72,113.72,113.72,0.0,113.72,0,False
2026-04-14 22:00:00+00:00,113.72,113.72,113.72,113.72,0.0,113.72,0,False
2026-04-14 23:00:00+00:00,113.72,113.73,113.72,113.72,0.0,113.72,0,False
2026-04-15 13:00:00+00:00,113.31,114.05,113.28,113.43,4652.0,113.533,21,False
2026-04-15 14:00:00+00:00,113.28,114.18,113.27,113.94,3040.0,113.842,24,True
2026-04-15 15:00:00+00:00,113.76,113.91,112.42,112.89,17654.0,113.379,148,True
2026-04-15 16:00:00+00:00,112.89,113.07,112.51,112.92,5313.0,112.922,40,True
2026-04-15 17:00:00+00:00,113.04,113.06,112.68,112.93,8627.0,112.952,66,True
2026-04-15 18:00:00+00:00,112.85,113.12,112.72,112.78,9146.0,112.9,61,True
2026-04-15 19:00:00+00:00,112.69,112.69,111.96,112.5,23250.0,112.309,191,True
2026-04-15 20:00:00+00:00,112.49,112.49,112.49,112.49,48594.0,112.49,1,False
2026-04-15 21:00:00+00:00,112.49,112.49,112.49,112.49,0.0,112.49,0,False
2026-04-15 22:00:00+00:00,112.49,112.49,112.49,112.49,0.0,112.49,0,False
2026-04-15 23:00:00+00:00,112.49,112.49,112.49,112.49,0.0,112.49,0,False
2026-04-16 13:00:00+00:00,112.74,113.52,111.0,113.28,9011.0,112.602,40,False
2026-04-16 14:00:00+00:00,113.28,114.76,113.0,114.52,13479.0,114.152,87,True
2026-04-16 15:00:00+00:00,114.74,115.52,114.62,115.23,9306.0,115.086,65,True
2026-04-16 16:00:00+00:00,115.31,116.08,115.31,115.78,5941.0,115.751,50,True
2026-04-16 17:00:00+00:00,115.5,115.79,115.0,115.71,8181.0,115.303,60,True
2026-04-16 18:00:00+00:00,115.62,116.18,115.44,115.64,5970.0,115.631,45,True
2026-04-16 19:00:00+00:00,115.66,116.32,115.45,115.98,21418.0,115.916,190,True
2026-04-16 20:00:00+00:00,116.0,116.0,116.0,116.0,44925.0,116.0,2,False
2026-04-16 21:00:00+00:00,116.0,116.0,116.0,116.0,0.0,116.0,0,False
2026-04-16 22:00:00+00:00,116.0,116.0,116.0,116.0,0.0,116.0,0,False
2026-04-16 23:00:00+00:00,116.0,116.0,116.0,116.0,0.0,116.0,0,False
2026-04-17 13:00:00+00:00,116.51,116.9,115.99,116.9,8056.0,116.456,15,False
2026-04-17 14:00:00+00:00,116.64,117.82,116.13,117.48,14455.0,116.984,75,True
2026-04-17 15:00:00+00:00,117.2,118.08,116.91,117.91,13964.0,117.755,82,True
2026-04-17 16:00:00+00:00,117.91,119.05,117.9,119.05,12698.0,118.527,63,True
2026-04-17 17:00:00+00:00,119.13,119.13,118.14,118.45,9465.0,118.698,78,True
2026-04-17 18:00:00+00:00,118.6,118.76,118.4,118.76,4943.0,118.575,44,True
2026-04-17 19:00:00+00:00,118.68,118.7,117.78,117.92,28209.0,118.152,229,True
2026-04-17 20:00:00+00:00,117.91,117.91,117.91,117.91,59234.0,117.91,2,False
2026-04-17 21:00:00+00:00,118.13,118.14,118.13,118.13,210.0,118.13,1,False
2026-04-17 22:00:00+00:00,118.13,118.13,118.13,118.13,0.0,118.13,0,False
2026-04-17 23:00:00+00:00,118.13,118.14,118.13,118.13,0.0,118.13,0,False
2026-04-20 08:00:00+00:00,115.47,115.47,115.47,115.47,179.0,115.47,1,False
2026-04-20 09:00:00+00:00,115.47,115.47,115.47,115.47,0.0,115.47,0,False
2026-04-20 10:00:00+00:00,115.47,115.47,115.47,115.47,0.0,115.47,0,False
2026-04-20 11:00:00+00:00,115.47,115.47,115.47,115.47,0.0,115.47,0,False
2026-04-20 12:00:00+00:00,115.47,115.47,115.47,115.47,0.0,115.47,0,False
2026-04-20 13:00:00+00:00,117.73,118.68,117.0,118.68,5869.0,117.766,25,False
2026-04-20 14:00:00+00:00,118.34,119.23,118.31,118.68,6720.0,118.904,42,True
2026-04-20 15:00:00+00:00,118.73,118.91,118.03,118.91,5127.0,118.667,41,True
2026-04-20 16:00:00+00:00,118.78,118.79,118.22,118.22,8553.0,118.494,79,True
2026-04-20 17:00:00+00:00,118.27,118.74,118.24,118.42,3928.0,118.478,37,True
2026-04-20 18:00:00+00:00,118.42,118.93,118.29,118.82,5166.0,118.56,46,True
2026-04-20 19:00:00+00:00,118.82,119.0,118.08,118.8,27921.0,118.541,240,True
2026-04-20 20:00:00+00:00,118.74,118.74,118.74,118.74,41641.0,118.74,1,False
2026-04-20 21:00:00+00:00,118.74,118.74,118.74,118.74,0.0,118.74,0,False
2026-04-20 22:00:00+00:00,118.74,118.74,118.74,118.74,0.0,118.74,0,False
2026-04-20 23:00:00+00:00,118.74,118.74,118.74,118.74,0.0,118.74,0,False
2026-04-21 13:00:00+00:00,118.84,119.18,118.5,118.88,4782.0,118.811,34,False
2026-04-21 14:00:00+00:00,118.82,119.19,118.06,118.81,37173.0,118.648,255,True
2026-04-21 15:00:00+00:00,118.81,118.81,117.72,117.95,17606.0,118.209,133,True
2026-04-21 16:00:00+00:00,118.17,118.59,117.74,118.41,20599.0,118.112,74,True
2026-04-21 17:00:00+00:00,118.41,118.45,117.82,117.97,12143.0,118.11,100,True
2026-04-21 18:00:00+00:00,117.89,118.41,117.55,118.16,6124.0,117.847,50,True
2026-04-21 19:00:00+00:00,118.23,118.92,117.62,117.77,25558.0,118.255,213,True
2026-04-21 20:00:00+00:00,117.76,117.76,117.76,117.76,37442.0,117.76,1,False
2026-04-21 21:00:00+00:00,117.76,117.76,117.76,117.76,0.0,117.76,0,False
2026-04-21 22:00:00+00:00,117.76,117.76,117.76,117.76,0.0,117.76,0,False
2026-04-21 23:00:00+00:00,117.76,117.76,117.76,117.76,0.0,117.76,0,False
2026-04-22 13:00:00+00:00,118.08,118.17,116.92,117.14,4146.0,117.78,18,False
2026-04-22 14:00:00+00:00,117.25,117.28,116.06,116.85,6906.0,116.935,59,True
2026-04-22 15:00:00+00:00,116.98,117.13,116.16,117.13,7802.0,116.7,51,True
2026-04-22 16:00:00+00:00,117.25,117.38,117.05,117.3,2970.0,117.208,27,True
2026-04-22 17:00:00+00:00,117.25,117.54,117.17,117.38,4023.0,117.295,25,True
2026-04-22 18:00:00+00:00,117.38,117.67,117.22,117.23,3666.0,117.418,35,True
2026-04-22 19:00:00+00:00,117.33,117.84,117.24,117.77,17158.0,117.469,142,True
2026-04-22 20:00:00+00:00,117.66,117.66,117.66,117.66,28699.0,117.66,1,False
2026-04-22 21:00:00+00:00,117.66,117.66,117.66,117.66,0.0,117.66,0,False
2026-04-22 22:00:00+00:00,117.66,117.66,117.66,117.66,0.0,117.66,0,False
2026-04-22 23:00:00+00:00,117.66,117.66,117.66,117.66,0.0,117.66,0,False
2026-04-23 13:00:00+00:00,116.76,117.2,105.88,108.53,52904.0,110.461,377,False
2026-04-23 14:00:00+00:00,108.53,111.19,108.53,110.98,21143.0,110.224,189,True
2026-04-23 15:00:00+00:00,110.16,110.69,109.55,110.25,7172.0,110.262,63,True
2026-04-23 16:00:00+00:00,110.07,110.31,108.99,109.21,11495.0,109.651,88,True
2026-04-23 17:00:00+00:00,109.09,109.29,106.89,107.37,34141.0,107.726,212,True
2026-04-23 18:00:00+00:00,107.56,109.92,107.52,109.86,12258.0,108.643,106,True
2026-04-23 19:00:00+00:00,109.86,110.63,109.36,110.37,63262.0,110.022,437,True
2026-04-23 20:00:00+00:00,110.33,110.33,110.33,110.33,42879.0,110.33,1,False
2026-04-23 21:00:00+00:00,110.33,110.33,110.33,110.33,0.0,110.33,0,False
2026-04-23 22:00:00+00:00,110.33,110.33,110.33,110.33,0.0,110.33,0,False
2026-04-23 23:00:00+00:00,110.33,110.33,110.33,110.33,0.0,110.33,0,False
2026-04-24 13:00:00+00:00,110.11,112.07,110.0,110.0,18930.0,111.002,96,False
2026-04-24 14:00:00+00:00,110.42,110.61,107.92,108.1,89274.0,109.838,485,True
2026-04-24 15:00:00+00:00,107.9,107.94,105.67,107.55,27836.0,106.701,263,True
2026-04-24 16:00:00+00:00,107.99,108.68,107.29,108.66,35054.0,107.859,246,True
2026-04-24 17:00:00+00:00,108.63,108.67,107.52,107.55,29141.0,108.054,243,True
2026-04-24 18:00:00+00:00,107.74,107.76,107.1,107.3,18008.0,107.414,168,True
2026-04-24 19:00:00+00:00,107.49,107.77,106.39,107.65,80954.0,107.323,531,True
2026-04-24 20:00:00+00:00,107.63,107.64,107.24,107.24,50856.0,107.629,5,False
2026-04-24 21:00:00+00:00,107.24,107.24,107.24,107.24,0.0,107.24,0,False
2026-04-24 22:00:00+00:00,107.24,107.24,107.24,107.24,0.0,107.24,0,False
2026-04-24 23:00:00+00:00,107.24,107.24,107.24,107.24,0.0,107.24,0,False
2026-04-27 13:00:00+00:00,108.18,110.16,108.18,109.15,6087.0,108.913,12,False
2026-04-27 14:00:00+00:00,109.15,110.62,108.36,110.62,11418.0,109.298,93,True
2026-04-27 15:00:00+00:00,110.61,110.88,109.95,110.88,6593.0,110.459,60,True
2026-04-27 16:00:00+00:00,110.86,110.86,109.44,110.09,14291.0,109.913,93,True
2026-04-27 17:00:00+00:00,110.09,110.19,109.8,110.17,7389.0,110.017,54,True
2026-04-27 18:00:00+00:00,110.05,110.61,109.89,110.49,7999.0,110.227,69,True
2026-04-27 19:00:00+00:00,110.77,112.43,110.65,112.29,33666.0,111.865,258,True
2026-04-27 20:00:00+00:00,112.39,112.39,112.39,112.39,55939.0,112.39,1,False
2026-04-27 21:00:00+00:00,112.39,112.39,112.39,112.39,0.0,112.39,0,False
2026-04-27 22:00:00+00:00,112.39,112.39,112.39,112.39,0.0,112.39,0,False
2026-04-27 23:00:00+00:00,112.39,112.39,112.39,112.39,0.0,112.39,0,False
2026-04-28 13:00:00+00:00,113.0,114.21,112.0,112.02,5289.0,112.972,17,False
2026-04-28 14:00:00+00:00,112.62,114.62,112.62,114.5,7481.0,113.81,66,True
2026-04-28 15:00:00+00:00,114.31,115.21,114.31,114.74,11322.0,114.796,98,True
2026-04-28 16:00:00+00:00,114.89,115.24,114.73,115.04,9291.0,115.0,84,True
2026-04-28 17:00:00+00:00,114.95,115.75,114.75,115.75,8935.0,115.196,78,True
2026-04-28 18:00:00+00:00,115.75,116.11,113.62,113.68,30361.0,114.746,251,True
2026-04-28 19:00:00+00:00,113.72,113.8,112.56,113.15,58746.0,113.071,445,True
2026-04-28 20:00:00+00:00,113.16,113.16,113.16,113.16,55654.0,113.16,1,False
2026-04-28 21:00:00+00:00,113.16,113.16,113.16,113.16,0.0,113.16,0,False
2026-04-28 22:00:00+00:00,113.16,113.16,113.16,113.16,0.0,113.16,0,False
2026-04-28 23:00:00+00:00,113.16,113.16,113.16,113.16,0.0,113.16,0,False
2026-04-29 13:00:00+00:00,112.01,113.02,112.01,113.02,4567.0,112.412,20,False
2026-04-29 14:00:00+00:00,113.01,115.13,112.81,113.08,31968.0,114.26,246,True
2026-04-29 15:00:00+00:00,113.09,114.13,113.03,113.78,8086.0,113.481,70,True
2026-04-29 16:00:00+00:00,113.76,113.86,112.74,112.74,5159.0,113.397,44,True
2026-04-29 17:00:00+00:00,113.0,115.08,112.64,114.27,7270.0,113.431,67,True
2026-04-29 18:00:00+00:00,114.26,115.42,114.25,115.02,11730.0,114.719,101,True
2026-04-29 19:00:00+00:00,115.29,116.07,114.52,114.62,33719.0,115.079,276,True
2026-04-29 20:00:00+00:00,114.62,114.62,114.62,114.62,93009.0,114.62,1,False
2026-04-29 21:00:00+00:00,114.62,114.62,114.62,114.62,0.0,114.62,0,False
2026-04-29 22:00:00+00:00,114.62,114.62,114.62,114.62,0.0,114.62,0,False
2026-04-29 23:00:00+00:00,114.62,114.62,114.62,114.62,0.0,114.62,0,False
2026-04-30 13:00:00+00:00,113.53,114.43,112.96,114.01,4050.0,113.648,8,False
2026-04-30 14:00:00+00:00,113.3,114.98,112.55,114.29,5600.0,113.982,33,True
2026-04-30 15:00:00+00:00,114.24,114.8,114.07,114.73,20005.0,114.571,159,True
2026-04-30 16:00:00+00:00,114.72,114.8,113.59,113.62,2873.0,114.315,27,True
2026-04-30 17:00:00+00:00,113.74,114.34,113.73,114.06,2219.0,114.03,21,True
2026-04-30 18:00:00+00:00,114.24,114.4,113.6,114.26,6035.0,114.133,48,True
2026-04-30 19:00:00+00:00,114.37,115.34,114.08,115.02,18168.0,114.777,161,True
2026-04-30 20:00:00+00:00,115.22,115.22,115.22,115.22,69866.0,115.22,3,False
2026-04-30 21:00:00+00:00,115.22,115.22,115.22,115.22,0.0,115.22,0,False
2026-04-30 22:00:00+00:00,115.22,115.22,115.22,115.22,0.0,115.22,0,False
2026-04-30 23:00:00+00:00,115.22,115.22,115.22,115.22,0.0,115.22,0,False
2026-05-01 13:00:00+00:00,115.76,115.76,114.32,114.44,2349.0,115.476,4,False
2026-05-01 14:00:00+00:00,114.44,115.26,112.66,112.8,20194.0,113.662,143,True
2026-05-01 15:00:00+00:00,112.9,114.51,112.83,114.51,9521.0,113.703,54,True
2026-05-01 16:00:00+00:00,114.18,114.18,113.28,113.28,5274.0,113.762,45,True
2026-05-01 17:00:00+00:00,113.05,114.44,113.04,114.43,8988.0,113.941,72,True
2026-05-01 18:00:00+00:00,114.44,114.46,113.62,114.4,9973.0,114.091,74,True
2026-05-01 19:00:00+00:00,114.12,114.55,113.58,113.9,20951.0,114.068,181,True
2026-05-01 20:00:00+00:00,113.84,113.86,113.83,113.86,51145.0,113.859,5,False
2026-05-01 21:00:00+00:00,113.86,113.86,113.86,113.86,0.0,113.86,0,False
2026-05-01 22:00:00+00:00,113.86,113.86,113.86,113.86,0.0,113.86,0,False
2026-05-01 23:00:00+00:00,113.86,113.86,113.86,113.86,0.0,113.86,0,False
2026-05-04 13:00:00+00:00,113.49,114.44,112.94,113.96,3954.0,113.693,21,False
2026-05-04 14:00:00+00:00,113.96,114.38,113.06,113.69,16039.0,113.849,101,True
2026-05-04 15:00:00+00:00,113.61,113.88,112.23,112.94,9068.0,112.964,79,True
2026-05-04 16:00:00+00:00,112.85,112.89,111.65,111.91,13649.0,112.265,128,True
2026-05-04 17:00:00+00:00,111.77,112.5,111.76,112.47,22629.0,112.048,167,True
2026-05-04 18:00:00+00:00,112.47,112.81,112.29,112.48,11970.0,112.477,95,True
2026-05-04 19:00:00+00:00,112.53,113.54,112.48,113.32,43018.0,113.095,350,True
2026-05-04 20:00:00+00:00,113.37,113.37,113.37,113.37,51163.0,113.37,2,False
2026-05-04 21:00:00+00:00,113.37,113.37,113.37,113.37,0.0,113.37,0,False
2026-05-04 22:00:00+00:00,113.37,113.37,113.37,113.37,0.0,113.37,0,False
2026-05-04 23:00:00+00:00,113.37,113.37,113.37,113.37,0.0,113.37,0,False
2026-05-05 13:00:00+00:00,113.58,115.25,111.79,113.78,4524.0,114.466,12,False
2026-05-05 14:00:00+00:00,113.42,114.51,112.84,114.16,18001.0,113.768,121,True
2026-05-05 15:00:00+00:00,114.49,115.79,114.49,115.78,27739.0,115.36,161,True
2026-05-05 16:00:00+00:00,115.85,117.59,115.85,117.45,26750.0,116.255,125,True
2026-05-05 17:00:00+00:00,117.24,118.63,117.14,118.46,10750.0,117.913,94,True
2026-05-05 18:00:00+00:00,118.26,118.93,118.23,118.42,19030.0,118.747,82,True
2026-05-05 19:00:00+00:00,118.42,119.41,117.43,118.03,47889.0,118.196,387,True
2026-05-05 20:00:00+00:00,117.99,118.07,117.92,118.07,44321.0,118.067,4,False
2026-05-05 21:00:00+00:00,118.07,118.07,118.07,118.07,0.0,118.07,0,False
2026-05-05 22:00:00+00:00,118.07,118.07,118.07,118.07,0.0,118.07,0,False
2026-05-05 23:00:00+00:00,118.77,118.77,118.77,118.77,119.0,118.77,1,False
2026-05-06 12:00:00+00:00,118.09,118.09,118.07,118.07,608.0,118.073,3,False
2026-05-06 13:00:00+00:00,118.01,118.86,116.95,117.76,8390.0,117.838,18,False
2026-05-06 14:00:00+00:00,118.35,119.05,116.99,117.17,8987.0,117.98,68,True
2026-05-06 15:00:00+00:00,116.92,116.92,113.8,115.19,16663.0,115.387,84,True
2026-05-06 16:00:00+00:00,114.95,115.54,114.75,115.13,7573.0,115.059,58,True
2026-05-06 17:00:00+00:00,115.06,115.26,114.8,115.05,3801.0,114.989,36,True
2026-05-06 18:00:00+00:00,115.08,115.76,115.08,115.27,8616.0,115.425,67,True
2026-05-06 19:00:00+00:00,115.27,115.88,114.69,115.22,27362.0,115.262,205,True
2026-05-06 20:00:00+00:00,115.31,115.31,115.31,115.31,58515.0,115.31,1,False
2026-05-06 21:00:00+00:00,115.31,115.31,115.31,115.31,0.0,115.31,0,False
2026-05-06 22:00:00+00:00,115.31,115.31,115.31,115.31,0.0,115.31,0,False
2026-05-06 23:00:00+00:00,115.31,115.31,115.31,115.31,0.0,115.31,0,False
2026-05-07 11:00:00+00:00,114.0,115.3,114.0,115.3,403.0,114.323,3,False
2026-05-07 12:00:00+00:00,115.3,115.3,115.3,115.3,0.0,115.3,0,False
2026-05-07 13:00:00+00:00,112.8,117.74,112.8,116.06,13545.0,116.318,69,False
2026-05-07 14:00:00+00:00,116.12,116.55,115.05,116.07,10547.0,115.812,66,True
2026-05-07 15:00:00+00:00,115.86,116.41,115.23,116.33,25625.0,115.921,193,True
2026-05-07 16:00:00+00:00,116.74,116.74,116.06,116.16,3114.0,116.314,26,True
2026-05-07 17:00:00+00:00,116.1,117.73,116.01,117.72,31170.0,117.001,184,True
2026-05-07 18:00:00+00:00,117.7,118.93,117.24,117.49,30529.0,118.069,205,True
2026-05-07 19:00:00+00:00,117.49,118.18,116.73,117.01,59756.0,117.337,412,True
2026-05-07 20:00:00+00:00,117.0,121.44,117.0,121.43,76539.0,117.032,5,False
2026-05-07 21:00:00+00:00,121.43,121.43,121.43,121.43,0.0,121.43,0,False
2026-05-07 22:00:00+00:00,121.43,121.43,121.43,121.43,0.0,121.43,0,False
2026-05-07 23:00:00+00:00,121.43,121.44,121.43,121.43,0.0,121.43,0,False
2026-05-08 10:00:00+00:00,119.0,119.0,119.0,119.0,100.0,119.0,1,False
2026-05-08 11:00:00+00:00,120.0,120.0,120.0,120.0,424.0,120.0,1,False
2026-05-08 12:00:00+00:00,121.99,121.99,121.99,121.99,100.0,121.99,1,False
2026-05-08 13:00:00+00:00,121.99,128.24,121.4,128.23,60765.0,125.605,256,False
2026-05-08 14:00:00+00:00,128.23,131.46,126.5,130.21,108239.0,129.828,511,True
2026-05-08 15:00:00+00:00,130.21,133.29,130.21,131.44,55352.0,131.883,258,True
2026-05-08 16:00:00+00:00,131.71,132.57,129.19,129.46,20556.0,130.449,95,True
2026-05-08 17:00:00+00:00,129.56,129.56,128.4,128.99,20466.0,128.86,169,True
2026-05-08 18:00:00+00:00,128.8,130.31,128.8,129.48,37027.0,129.488,344,True
2026-05-08 19:00:00+00:00,129.48,133.74,128.93,133.69,85341.0,132.123,622,True
2026-05-08 20:00:00+00:00,133.47,133.73,133.47,133.73,82046.0,133.724,4,False
2026-05-08 21:00:00+00:00,133.73,133.73,133.73,133.73,0.0,133.73,0,False
2026-05-08 22:00:00+00:00,133.73,133.73,133.73,133.73,0.0,133.73,0,False
2026-05-08 23:00:00+00:00,133.73,133.73,133.73,133.73,0.0,133.73,0,False
2026-05-11 13:00:00+00:00,131.72,133.0,125.18,132.75,25163.0,130.744,103,False
2026-05-11 14:00:00+00:00,132.71,133.74,130.66,131.63,22138.0,132.48,107,True
2026-05-11 15:00:00+00:00,131.63,131.64,127.98,130.3,49287.0,129.391,267,True
2026-05-11 16:00:00+00:00,131.31,131.5,129.18,129.95,21961.0,130.013,157,True
2026-05-11 17:00:00+00:00,129.46,131.66,129.46,131.51,6716.0,130.829,56,True
2026-05-11 18:00:00+00:00,132.09,132.98,130.81,132.4,21436.0,132.01,161,True
2026-05-11 19:00:00+00:00,132.4,133.72,129.48,130.22,43828.0,131.172,365,True
2026-05-11 20:00:00+00:00,130.23,130.23,130.23,130.23,82534.0,130.23,2,False
2026-05-11 21:00:00+00:00,130.23,130.23,130.23,130.23,0.0,130.23,0,False
2026-05-11 22:00:00+00:00,130.23,130.23,130.23,130.23,0.0,130.23,0,False
2026-05-11 23:00:00+00:00,130.23,130.23,130.23,130.23,0.0,130.23,0,False
2026-05-12 13:00:00+00:00,129.84,129.99,128.66,128.66,5105.0,129.698,22,False
2026-05-12 14:00:00+00:00,128.49,129.26,127.65,128.07,6478.0,128.307,49,True
2026-05-12 15:00:00+00:00,128.02,128.55,126.95,128.28,6911.0,127.853,55,True
2026-05-12 16:00:00+00:00,128.3,128.62,127.62,128.06,4634.0,128.117,45,True
2026-05-12 17:00:00+00:00,128.28,129.06,127.89,128.31,12109.0,128.488,91,True
2026-05-12 18:00:00+00:00,127.71,128.07,126.69,127.64,11166.0,127.39,91,True
2026-05-12 19:00:00+00:00,127.5,128.93,127.07,128.48,37269.0,128.203,298,True
2026-05-12 20:00:00+00:00,128.48,128.48,128.48,128.48,48743.0,128.48,1,False
2026-05-12 21:00:00+00:00,128.48,128.48,128.48,128.48,0.0,128.48,0,False
2026-05-12 22:00:00+00:00,128.48,128.48,128.48,128.48,0.0,128.48,0,False
2026-05-12 23:00:00+00:00,128.48,128.48,128.48,128.48,0.0,128.48,0,False
2026-05-13 13:00:00+00:00,127.57,129.77,124.29,125.39,30038.0,126.389,130,False
2026-05-13 14:00:00+00:00,125.49,127.43,124.55,126.21,23716.0,125.889,167,True
2026-05-13 15:00:00+00:00,126.56,128.33,125.9,127.62,7713.0,127.244,65,True
2026-05-13 16:00:00+00:00,128.08,128.67,126.9,128.62,9651.0,127.7,84,True
2026-05-13 17:00:00+00:00,128.62,129.31,128.11,128.93,18090.0,128.653,151,True
2026-05-13 18:00:00+00:00,128.93,129.33,127.92,129.08,16128.0,128.817,144,True
2026-05-13 19:00:00+00:00,129.31,129.84,128.38,128.73,35244.0,128.909,292,True
2026-05-13 20:00:00+00:00,128.85,128.85,128.8,128.8,63043.0,128.8,4,False
2026-05-13 21:00:00+00:00,128.8,128.8,128.8,128.8,0.0,128.8,0,False
2026-05-13 22:00:00+00:00,128.8,128.8,128.8,128.8,0.0,128.8,0,False
2026-05-13 23:00:00+00:00,128.8,128.8,128.8,128.8,0.0,128.8,0,False
2026-05-14 13:00:00+00:00,129.69,130.75,128.8,128.99,5470.0,129.569,24,False
2026-05-14 14:00:00+00:00,128.73,130.27,127.59,129.81,9775.0,128.832,84,True
2026-05-14 15:00:00+00:00,130.14,130.14,128.66,129.56,8911.0,129.374,76,True
2026-05-14 16:00:00+00:00,129.56,130.84,128.1,128.21,20709.0,129.29,112,True
2026-05-14 17:00:00+00:00,128.06,128.14,127.58,127.6,4399.0,127.777,35,True
2026-05-14 18:00:00+00:00,127.45,128.0,126.91,126.98,12968.0,127.493,87,True
2026-05-14 19:00:00+00:00,127.26,127.47,126.07,126.51,40003.0,126.494,295,True
2026-05-14 20:00:00+00:00,126.45,126.51,126.42,126.51,55191.0,126.509,4,False
2026-05-14 21:00:00+00:00,126.51,126.51,126.51,126.51,0.0,126.51,0,False
2026-05-14 22:00:00+00:00,126.51,126.51,126.51,126.51,0.0,126.51,0,False
2026-05-14 23:00:00+00:00,126.51,126.51,126.51,126.51,0.0,126.51,0,False
2026-05-15 13:00:00+00:00,125.63,126.45,124.91,126.45,8400.0,125.601,14,False
2026-05-15 14:00:00+00:00,125.73,126.72,125.34,125.62,4822.0,125.945,40,True
2026-05-15 15:00:00+00:00,126.13,126.13,122.92,123.49,9716.0,124.28,75,True
2026-05-15 16:00:00+00:00,123.49,124.6,123.43,123.64,8484.0,123.894,61,True
2026-05-15 17:00:00+00:00,123.64,125.61,123.59,124.74,6077.0,124.699,59,True
2026-05-15 18:00:00+00:00,125.03,125.03,123.24,123.41,7553.0,123.828,60,True
2026-05-15 19:00:00+00:00,123.3,123.81,122.88,122.89,25295.0,123.422,208,True
2026-05-15 20:00:00+00:00,122.93,122.93,122.93,122.93,49959.0,122.93,2,False
2026-05-15 21:00:00+00:00,122.93,122.93,122.93,122.93,0.0,122.93,0,False
2026-05-15 22:00:00+00:00,122.93,122.93,122.93,122.93,0.0,122.93,0,False
2026-05-15 23:00:00+00:00,122.93,122.93,122.93,122.93,0.0,122.93,0,False
