date,open,high,low,close,volume,average,barCount,is_rth
2018-05-18 00:00:00+00:00,30.02,30.29,30.02,30.25,344221.1344658797,30.2144054,941,False
2018-05-21 00:00:00+00:00,30.44,30.76,30.43,30.57,523080.9098761878,30.6037287,1152,False
2018-05-22 00:00:00+00:00,30.72,30.73,30.18,30.19,337978.6927728189,30.3939595,945,False
2018-05-23 00:00:00+00:00,30.02,30.08,29.7,29.95,213892.88799308956,29.8820393,613,False
2018-05-24 00:00:00+00:00,29.85,30.04,29.73,29.99,320541.3187446012,29.9261464,937,False
2018-05-25 00:00:00+00:00,29.89,29.89,29.37,29.46,286156.06104232656,29.5559246,736,False
2018-05-29 00:00:00+00:00,29.23,29.56,29.02,29.21,356507.34235531243,29.2423127,1054,False
2018-05-30 00:00:00+00:00,29.3,29.81,29.3,29.57,462522.3150014397,29.617744,1319,False
2018-05-31 00:00:00+00:00,29.59,29.7,28.86,28.86,395577.3106824072,29.0710938,1105,False
2018-06-01 00:00:00+00:00,29.05,29.26,29.01,29.1,307281.8888568961,29.1259672,869,False
2018-06-04 00:00:00+00:00,29.27,29.56,29.1,29.29,538652.4618485459,29.2874617,1569,False
2018-06-05 00:00:00+00:00,29.29,29.52,29.17,29.5,310120.932911028,29.3791489,814,False
2018-06-06 00:00:00+00:00,29.64,29.69,29.27,29.62,404923.69709185144,29.5048715,1060,False
2018-06-07 00:00:00+00:00,29.68,29.85,29.61,29.7,225030.233227757,29.7302692,664,False
2018-06-08 00:00:00+00:00,29.69,29.91,29.53,29.74,315643.5358479701,29.6851202,886,False
2018-06-11 00:00:00+00:00,29.74,30.04,29.63,29.71,229363.66253959117,29.7493707,649,False
2018-06-12 00:00:00+00:00,29.71,29.83,29.44,29.64,289383.8180247625,29.6271211,765,False
2018-06-13 00:00:00+00:00,29.66,29.66,29.15,29.16,300837.8923121221,29.3270539,838,False
2018-06-14 00:00:00+00:00,29.27,29.38,28.97,29.29,551684.4226893176,29.197511,1171,False
2018-06-15 00:00:00+00:00,29.04,29.09,28.71,28.96,605718.3990786065,28.9422455,1139,False
2018-06-18 00:00:00+00:00,28.74,29.14,28.67,29.1,394972.6461272675,29.0252502,873,False
2018-06-19 00:00:00+00:00,28.9,29.03,28.38,28.83,655847.9700547078,28.7814456,1874,False
2018-06-20 00:00:00+00:00,28.91,28.91,28.6,28.75,432692.1969478837,28.787697,1186,False
2018-06-21 00:00:00+00:00,28.6,28.6,27.72,27.8,473553.1241002016,27.9555662,1286,False
2018-06-22 00:00:00+00:00,28.1,28.36,27.96,28.11,619303.1960840772,28.1292162,1750,False
2018-06-25 00:00:00+00:00,27.96,28.12,27.46,27.94,289421.24964008067,27.8482505,847,False
2018-06-26 00:00:00+00:00,28.02,28.5,27.95,28.42,611125.8278145696,28.3115487,1851,False
2018-06-27 00:00:00+00:00,28.51,28.78,28.21,28.23,686970.9185142529,28.4410916,2098,False
2018-06-28 00:00:00+00:00,28.19,28.19,27.41,27.78,609208.1773682695,27.7496173,1664,False
2018-06-29 00:00:00+00:00,27.87,28.28,27.82,27.83,530391.5922833286,28.0566305,1577,False
2018-07-02 00:00:00+00:00,27.63,27.92,27.53,27.61,588211.9205298014,27.6725167,1537,False
2018-07-03 00:00:00+00:00,27.8,28.02,27.66,27.68,364057.01122948463,27.8319274,1028,False
2018-07-05 00:00:00+00:00,27.93,27.96,27.59,27.94,443469.62280449184,27.8413045,1337,False
2018-07-06 00:00:00+00:00,27.91,28.01,27.7,27.9,325787.5035991938,27.9048604,986,False
2018-07-09 00:00:00+00:00,27.99,28.51,27.93,28.35,511137.3452346675,28.3546139,1429,False
2018-07-10 00:00:00+00:00,28.49,28.57,28.23,28.42,436262.5971782321,28.3886493,1254,False
2018-07-11 00:00:00+00:00,28.11,28.42,28.01,28.11,779749.4961128708,28.2219453,2033,False
2018-07-12 00:00:00+00:00,28.36,28.36,27.95,28.19,358830.9818600634,28.1597786,1096,False
2018-07-13 00:00:00+00:00,28.13,28.74,28.13,28.46,430904.11747768504,28.5588263,1253,False
2018-07-16 00:00:00+00:00,28.44,28.75,28.14,28.2,430665.1310106537,28.4032359,1133,False
2018-07-17 00:00:00+00:00,28.15,28.52,28.15,28.48,387935.5024474518,28.4039305,1080,False
2018-07-18 00:00:00+00:00,28.5,28.96,28.33,28.86,719378.0593147136,28.7380331,2090,False
2018-07-19 00:00:00+00:00,28.72,29.54,28.72,29.38,928885.6896055285,29.3131619,2647,False
2018-07-20 00:00:00+00:00,29.26,29.64,29.21,29.3,586875.8997984452,29.3888733,1547,False
2018-07-23 00:00:00+00:00,29.22,29.31,28.49,28.65,839712.0644975526,28.7019139,2092,False
2018-07-24 00:00:00+00:00,30.27,30.3,28.94,29.06,1237860.6392168156,29.5687747,3410,False
2018-07-25 00:00:00+00:00,29.06,30.64,28.96,30.57,1124788.3674057012,30.2105851,3052,False
2018-07-26 00:00:00+00:00,30.66,31.0,30.57,30.9,790953.0665131011,30.8148871,2209,False
2018-07-27 00:00:00+00:00,30.97,31.11,30.75,30.85,814917.9383818025,30.8895566,2292,False
2018-07-30 00:00:00+00:00,31.49,32.08,30.62,30.66,1270921.393607832,31.3559805,3061,False
2018-07-31 00:00:00+00:00,30.91,31.58,30.87,31.45,703155.7731068241,31.3736928,1946,False
2018-08-01 00:00:00+00:00,31.28,31.49,30.69,30.76,637595.7385545638,30.9711721,1834,False
2018-08-02 00:00:00+00:00,30.57,31.0,30.32,30.94,391186.29427008354,30.8551739,1089,False
2018-08-03 00:00:00+00:00,31.01,31.24,30.87,31.11,479311.83414915064,31.0642485,1209,False
2018-08-06 00:00:00+00:00,31.14,31.36,31.04,31.16,343253.6711776562,31.1826778,859,False
2018-08-07 00:00:00+00:00,31.35,31.54,31.25,31.3,402821.7679239851,31.3594535,1007,False
2018-08-08 00:00:00+00:00,31.31,31.55,31.03,31.39,484140.5125251944,31.3726509,1424,False
2018-08-09 00:00:00+00:00,31.36,31.58,31.11,31.18,307028.50561474235,31.3045801,876,False
2018-08-10 00:00:00+00:00,31.01,31.11,30.76,30.92,207748.34437086096,30.9770762,533,False
2018-08-13 00:00:00+00:00,30.96,31.1,30.48,30.75,452041.46271235246,30.7614029,1186,False
2018-08-14 00:00:00+00:00,30.68,31.04,30.68,30.87,291128.70716959407,30.8846944,628,False
2018-08-15 00:00:00+00:00,30.6,30.66,30.07,30.62,359127.5554275843,30.4700182,1039,False
2018-08-16 00:00:00+00:00,30.74,31.13,30.74,30.88,353809.3866973798,30.9162987,900,False
2018-08-17 00:00:00+00:00,30.87,31.25,30.73,31.05,571770.8033400519,31.010417,1518,False
2018-08-20 00:00:00+00:00,31.16,31.28,30.96,31.17,312959.9769651598,31.1691331,802,False
2018-08-21 00:00:00+00:00,31.16,31.86,31.16,31.72,499902.1019291679,31.635557,1144,False
2018-08-22 00:00:00+00:00,31.68,31.68,31.19,31.43,286564.9294558019,31.3931416,780,False
2018-08-23 00:00:00+00:00,31.34,31.44,31.11,31.33,309116.0380074864,31.3316695,824,False
2018-08-24 00:00:00+00:00,31.49,31.53,31.22,31.47,201546.21364814285,31.3841118,579,False
2018-08-27 00:00:00+00:00,31.59,31.9,31.59,31.8,190737.1148862655,31.7727405,534,False
2018-08-28 00:00:00+00:00,31.88,32.0,31.49,31.61,360803.3400518284,31.645976,977,False
2018-08-29 00:00:00+00:00,31.61,31.93,31.43,31.85,271894.61560610426,31.7928839,696,False
2018-08-30 00:00:00+00:00,31.67,31.82,31.45,31.64,275824.935214512,31.6220123,631,False
2018-08-31 00:00:00+00:00,31.49,31.8,31.46,31.7,294209.61704578175,31.6699397,809,False
2018-09-04 00:00:00+00:00,31.56,31.64,31.25,31.6,278603.51281312987,31.4876072,791,False
2018-09-05 00:00:00+00:00,31.6,32.05,31.52,32.02,367843.3630866686,31.9140916,965,False
2018-09-06 00:00:00+00:00,32.01,32.11,31.75,31.88,311102.7929743738,31.8845711,947,False
2018-09-07 00:00:00+00:00,31.76,31.96,31.59,31.93,338623.6682983012,31.788369,978,False
2018-09-10 00:00:00+00:00,32.14,32.38,32.06,32.09,366328.82234379504,32.2158953,1068,False
2018-09-11 00:00:00+00:00,31.93,32.45,31.7,32.42,792412.8995105097,32.3225164,1702,False
2018-09-12 00:00:00+00:00,32.47,32.47,32.08,32.38,218920.24186582208,32.3173069,652,False
2018-09-13 00:00:00+00:00,32.55,33.05,32.47,33.0,503970.6305787504,32.9191778,1177,False
2018-09-14 00:00:00+00:00,32.96,33.46,32.89,33.39,888137.057299165,33.2109098,1375,False
2018-09-17 00:00:00+00:00,33.49,33.58,33.17,33.27,654396.7751223727,33.3491352,1049,False
2018-09-18 00:00:00+00:00,33.32,33.52,32.98,33.43,567877.9153469623,33.354692,1288,False
2018-09-19 00:00:00+00:00,33.54,33.81,33.48,33.71,746858.6236682984,33.6089156,1389,False
2018-09-20 00:00:00+00:00,33.96,33.98,33.64,33.82,582176.7923985028,33.7947211,1425,False
2018-09-21 00:00:00+00:00,33.85,34.5,33.78,34.28,961672.9052692198,34.0996505,1303,False
2018-09-24 00:00:00+00:00,34.29,34.49,33.7,34.1,411609.5594586813,34.0583218,888,False
2018-09-25 00:00:00+00:00,34.18,34.3,33.9,34.23,464647.2790095019,34.1447995,1161,False
2018-09-26 00:00:00+00:00,34.24,34.37,33.69,34.05,669121.7967175354,34.1816133,1578,False
2018-09-27 00:00:00+00:00,34.09,34.3,33.94,34.07,342084.6530377196,34.1038181,956,False
2018-09-28 00:00:00+00:00,34.01,34.28,33.94,34.16,434091.5634897783,34.1461887,1086,False
2018-10-01 00:00:00+00:00,34.37,34.49,34.11,34.28,611235.2433054997,34.2875398,1322,False
2018-10-02 00:00:00+00:00,34.16,34.47,34.09,34.33,648122.6605240427,34.2726059,1063,False
2018-10-03 00:00:00+00:00,34.5,34.78,34.21,34.62,1040786.0639216816,34.4691777,2174,False
2018-10-04 00:00:00+00:00,34.5,34.73,34.25,34.42,409234.0915634898,34.4066637,916,False
2018-10-05 00:00:00+00:00,34.41,34.41,33.89,34.12,535986.1790958826,34.1121533,881,False
2018-10-08 00:00:00+00:00,33.73,33.81,32.98,33.44,1400357.040023035,33.3633745,3213,False
2018-10-09 00:00:00+00:00,33.29,33.57,33.06,33.16,1007014.10883962,33.3352432,2395,False
2018-10-10 00:00:00+00:00,33.05,33.07,31.77,31.84,710201.5548517132,32.312792,1632,False
2018-10-11 00:00:00+00:00,31.63,31.88,30.74,30.76,1173944.7163835303,31.2424134,2701,False
2018-10-12 00:00:00+00:00,31.33,31.33,30.3,30.86,707906.708897207,30.7433433,1634,False
2018-10-15 00:00:00+00:00,30.87,31.02,30.62,30.81,547800.1727613015,30.8635091,1357,False
2018-10-16 00:00:00+00:00,31.02,31.55,30.81,31.52,272101.9291678664,31.3243762,770,False
2018-10-17 00:00:00+00:00,31.31,31.42,30.96,31.26,273167.290526922,31.2691555,760,False
2018-10-18 00:00:00+00:00,30.99,31.33,30.7,30.86,492004.03109703434,30.9951358,1207,False
2018-10-19 00:00:00+00:00,30.84,30.87,30.19,30.41,400647.8548805068,30.468629,1102,False
2018-10-22 00:00:00+00:00,30.47,30.62,30.12,30.33,703938.9576734812,30.3731215,1785,False
2018-10-23 00:00:00+00:00,31.15,31.15,28.68,30.02,2099689.029657357,30.0119295,5831,False
2018-10-24 00:00:00+00:00,30.04,30.5,28.8,28.85,1220765.9084365102,29.4527765,3247,False
2018-10-25 00:00:00+00:00,29.18,29.93,28.93,29.67,1250074.8632306366,29.6965811,3394,False
2018-10-26 00:00:00+00:00,29.24,30.34,29.12,30.18,972577.0227469048,30.003247,2542,False
2018-10-29 00:00:00+00:00,30.63,30.78,29.09,29.5,563161.5318168731,29.8938475,1693,False
2018-10-30 00:00:00+00:00,29.51,30.18,29.32,30.15,470696.8039159229,29.9598345,1237,False
2018-10-31 00:00:00+00:00,30.61,30.89,30.22,30.23,746400.8062194069,30.4936346,1801,False
2018-11-01 00:00:00+00:00,30.44,31.22,30.26,31.15,443869.8531528938,30.9524179,1326,False
2018-11-02 00:00:00+00:00,31.41,31.98,31.28,31.59,499712.0644975526,31.5997851,1455,False
2018-11-05 00:00:00+00:00,31.78,31.91,31.13,31.42,497820.32824647287,31.5098344,1351,False
2018-11-06 00:00:00+00:00,31.36,31.75,31.24,31.55,1142487.7627411461,31.4817031,2851,False
2018-11-07 00:00:00+00:00,31.87,32.35,31.55,32.3,454837.31644111726,32.0957295,1121,False
2018-11-08 00:00:00+00:00,32.35,32.88,32.35,32.66,432758.42211344664,32.6444635,1180,False
2018-11-09 00:00:00+00:00,32.3,32.6,31.75,32.18,343371.7247336597,32.0863524,900,False
2018-11-12 00:00:00+00:00,32.29,32.29,31.4,31.5,316323.06363374606,31.7140468,898,False
2018-11-13 00:00:00+00:00,31.58,32.01,31.35,31.46,642076.0149726461,31.5747795,1998,False
2018-11-14 00:00:00+00:00,31.78,32.34,31.7,31.81,518269.5076302909,31.9637555,1613,False
2018-11-15 00:00:00+00:00,31.48,32.02,31.38,31.81,619121.7967175354,31.6782749,1818,False
2018-11-16 00:00:00+00:00,31.72,32.15,31.57,31.82,488753.23927440256,31.8491465,1492,False
2018-11-19 00:00:00+00:00,31.69,31.81,30.75,30.9,402156.63691333146,31.0343807,1246,False
2018-11-20 00:00:00+00:00,30.44,30.64,30.01,30.21,434909.3003167291,30.2838654,1215,False
2018-11-21 00:00:00+00:00,30.5,30.56,30.2,30.22,415669.4500431904,30.3828459,1120,False
2018-11-23 00:00:00+00:00,29.59,30.22,29.02,29.86,329994.2412899511,29.9035719,810,False
2018-11-26 00:00:00+00:00,30.11,30.52,29.9,30.12,398269.5076302909,30.190789,1032,False
2018-11-27 00:00:00+00:00,29.95,30.09,29.19,29.3,490878.20328246476,29.4378426,1283,False
2018-11-28 00:00:00+00:00,29.4,29.87,29.14,29.82,839225.4534984165,29.701096,2259,False
2018-11-29 00:00:00+00:00,29.66,29.97,29.27,29.37,609674.6328822344,29.5368231,1589,False
2018-11-30 00:00:00+00:00,29.28,30.14,29.28,30.0,617374.0282176794,29.8664108,1823,False
2018-12-03 00:00:00+00:00,30.6,30.97,29.84,29.99,617094.7307803052,30.187316,1692,False
2018-12-04 00:00:00+00:00,30.06,30.12,28.69,28.71,541877.3394759574,29.1099914,1430,False
2018-12-06 00:00:00+00:00,28.28,28.39,27.52,28.35,499893.4638640945,27.99238,1335,False
2018-12-07 00:00:00+00:00,28.42,28.71,27.34,27.5,498802.1883098186,27.690229,1457,False
2018-12-10 00:00:00+00:00,27.44,27.57,26.85,27.17,452176.79239850276,27.1737939,1207,False
2018-12-11 00:00:00+00:00,27.69,27.76,26.75,26.87,572205.5859487476,27.117184,1605,False
2018-12-12 00:00:00+00:00,27.33,27.71,27.11,27.15,532317.8807947021,27.3703657,1405,False
2018-12-13 00:00:00+00:00,27.19,27.36,26.74,26.79,491687.3020443421,26.9101932,1334,False
2018-12-14 00:00:00+00:00,26.51,26.97,26.22,26.39,598684.1347538152,26.5118401,1537,False
2018-12-17 00:00:00+00:00,26.39,26.46,25.51,25.63,502392.7440253384,25.9488668,1307,False
2018-12-18 00:00:00+00:00,25.87,26.27,25.73,25.87,542620.2130722719,25.9943631,1334,False
2018-12-19 00:00:00+00:00,25.75,26.01,24.9,25.09,773213.3602073137,25.4914727,2120,False
2018-12-20 00:00:00+00:00,25.09,25.29,24.48,24.65,629084.3651022172,24.7749928,1703,False
2018-12-21 00:00:00+00:00,24.7,25.07,24.24,24.31,1051940.6852864958,24.5811994,1644,False
2018-12-24 00:00:00+00:00,24.12,24.18,23.4,23.44,384074.2873596315,23.706698,861,False
2018-12-26 00:00:00+00:00,23.54,24.56,23.33,24.52,639297.4373740283,23.8494383,1508,False
2018-12-27 00:00:00+00:00,24.11,24.76,23.93,24.76,676397.9268643825,24.2967607,1732,False
2018-12-28 00:00:00+00:00,24.81,25.06,24.56,24.64,971635.4736539016,24.7979146,2358,False
2018-12-31 00:00:00+00:00,24.79,25.07,24.63,25.07,602306.3633746041,24.8357703,1475,False
2019-01-02 00:00:00+00:00,24.61,25.04,24.31,24.91,502608.69565217395,24.8197945,1301,False
2019-01-03 00:00:00+00:00,24.72,24.89,23.98,24.19,380215.9516268356,24.3478138,1118,False
2019-01-04 00:00:00+00:00,24.67,25.29,24.67,25.14,539262.8851137346,25.0094203,1455,False
2019-01-07 00:00:00+00:00,25.2,25.73,24.98,25.42,504488.9144831558,25.4807064,1395,False
2019-01-08 00:00:00+00:00,25.7,25.99,25.59,25.9,452916.7866397927,25.8200185,1012,False
2019-01-09 00:00:00+00:00,26.1,26.47,25.99,26.29,325974.6616757847,26.3350644,909,False
2019-01-10 00:00:00+00:00,26.08,26.55,25.96,26.53,324270.08350129577,26.3284657,809,False
2019-01-11 00:00:00+00:00,26.35,26.71,26.16,26.71,296933.48689893464,26.5368457,838,False
2019-01-14 00:00:00+00:00,26.47,26.83,26.18,26.58,394048.3731644112,26.5514323,1162,False
2019-01-15 00:00:00+00:00,26.61,26.72,26.39,26.56,208295.42182551112,26.537193,595,False
2019-01-16 00:00:00+00:00,26.56,26.87,26.52,26.73,593910.1641232364,26.7174417,1697,False
2019-01-17 00:00:00+00:00,26.57,27.55,26.57,27.36,566415.2029945293,27.1897697,1655,False
2019-01-18 00:00:00+00:00,27.6,27.94,27.44,27.73,447244.4572415779,27.763162,1171,False
2019-01-22 00:00:00+00:00,27.58,27.62,27.13,27.34,869467.3193204723,27.353348,2253,False
2019-01-23 00:00:00+00:00,27.41,27.72,26.82,26.93,782217.1033688454,27.0626579,2172,False
2019-01-24 00:00:00+00:00,26.95,27.47,26.95,27.06,660483.7316441118,27.1526086,1841,False
2019-01-25 00:00:00+00:00,27.41,27.84,27.26,27.57,540699.6832709473,27.6537625,1551,False
2019-01-28 00:00:00+00:00,27.39,27.61,27.14,27.49,659311.8341491506,27.4165566,1720,False
2019-01-29 00:00:00+00:00,26.93,29.58,26.67,28.76,1505873.8842499282,28.8324987,4139,False
2019-01-30 00:00:00+00:00,29.23,29.23,28.3,28.87,1298085.2289087246,28.7974214,3479,False
2019-01-31 00:00:00+00:00,28.82,29.21,28.51,28.74,704005.1828390441,28.8061039,1862,False
2019-02-01 00:00:00+00:00,28.75,29.0,28.3,28.69,1019700.5470774547,28.6532919,2862,False
2019-02-04 00:00:00+00:00,28.88,28.88,28.4,28.73,1649389.5767348115,28.6102267,4046,False
2019-02-05 00:00:00+00:00,28.73,28.97,28.58,28.85,922415.7788655342,28.7894335,2106,False
2019-02-06 00:00:00+00:00,28.79,29.13,28.7,28.8,613426.4324791247,28.8453488,1464,False
2019-02-07 00:00:00+00:00,28.57,28.62,27.99,28.32,517451.7708033401,28.2629267,1355,False
2019-02-08 00:00:00+00:00,28.14,28.54,27.99,28.27,459501.87158076593,28.1997181,1175,False
2019-02-11 00:00:00+00:00,28.37,28.56,28.22,28.38,530336.8845378635,28.4285888,1415,False
2019-02-12 00:00:00+00:00,28.6,29.1,28.6,28.95,531321.6239562338,28.919671,1393,False
2019-02-13 00:00:00+00:00,29.08,29.15,28.77,28.93,491033.6884537864,28.9064736,1292,False
2019-02-14 00:00:00+00:00,28.75,29.09,28.69,28.9,566058.1629714945,28.9665565,1649,False
2019-02-15 00:00:00+00:00,29.09,29.56,29.09,29.41,571569.2484883387,29.3826219,1349,False
2019-02-19 00:00:00+00:00,29.25,29.75,29.21,29.32,772522.3150014398,29.5121648,2012,False
2019-02-20 00:00:00+00:00,29.38,29.73,29.35,29.62,387178.23207601503,29.6194805,1015,False
2019-02-21 00:00:00+00:00,29.57,29.74,29.36,29.55,444272.96285632026,29.5111229,1278,False
2019-02-22 00:00:00+00:00,29.65,29.94,29.49,29.7,366490.0662251656,29.6469172,1076,False
2019-02-25 00:00:00+00:00,29.89,30.19,29.69,29.72,510955.9458681256,29.8907218,1525,False
2019-02-26 00:00:00+00:00,29.65,29.85,29.52,29.54,385084.940973222,29.6726174,1082,False
2019-02-27 00:00:00+00:00,29.36,29.63,29.23,29.52,386754.96688741725,29.4524292,1073,False
2019-02-28 00:00:00+00:00,29.53,29.53,29.24,29.37,448520.0115174201,29.3732448,1222,False
2019-03-01 00:00:00+00:00,29.53,29.63,29.32,29.53,459792.6864382379,29.5159851,1240,False
2019-03-04 00:00:00+00:00,29.66,29.76,29.3,29.51,436605.24042614456,29.5132067,1326,False
2019-03-05 00:00:00+00:00,29.51,29.6,29.27,29.39,476138.78491217975,29.4819497,1253,False
2019-03-06 00:00:00+00:00,29.41,29.58,29.07,29.09,458954.7941261158,29.3256647,1178,False
2019-03-07 00:00:00+00:00,29.0,29.0,28.43,28.84,532208.465303772,28.735602,1415,False
2019-03-08 00:00:00+00:00,28.53,28.6,28.15,28.37,331546.2136481429,28.3334286,938,False
2019-03-11 00:00:00+00:00,28.34,28.82,28.1,28.76,478082.3495537,28.6501662,1345,False
2019-03-12 00:00:00+00:00,28.82,28.85,28.6,28.66,332361.07112006913,28.7105964,871,False
2019-03-13 00:00:00+00:00,28.8,29.02,28.63,28.82,482323.63950475096,28.8456961,1242,False
2019-03-14 00:00:00+00:00,28.74,28.82,28.57,28.75,263023.32277569827,28.7300452,708,False
2019-03-15 00:00:00+00:00,28.8,29.02,28.66,28.78,574393.8957673481,28.801589,1156,False
2019-03-18 00:00:00+00:00,28.81,29.45,28.67,29.44,667422.9772530954,29.2048043,1787,False
2019-03-19 00:00:00+00:00,29.53,29.71,29.34,29.47,660610.4232651887,29.4659739,1875,False
2019-03-20 00:00:00+00:00,29.37,29.57,29.1,29.24,589703.4264324792,29.2951023,1770,False
2019-03-21 00:00:00+00:00,29.07,29.79,29.07,29.73,415018.71580765914,29.6701863,1163,False
2019-03-22 00:00:00+00:00,29.65,29.69,28.51,28.53,530227.4690469336,28.9950351,1560,False
2019-03-25 00:00:00+00:00,28.48,28.63,28.25,28.45,205709.761013533,28.426505,607,False
2019-03-26 00:00:00+00:00,28.73,28.98,28.64,28.87,430725.59746616764,28.7915173,1188,False
2019-03-27 00:00:00+00:00,28.87,29.01,28.68,28.91,429689.0296573568,28.9009168,1260,False
2019-03-28 00:00:00+00:00,28.99,29.42,28.88,29.24,270060.466455514,29.1481944,818,False
2019-03-29 00:00:00+00:00,29.43,29.63,29.21,29.39,222044.34206737694,29.3881787,664,False
2019-04-01 00:00:00+00:00,29.68,30.09,29.54,29.95,372697.9556579327,29.9574034,1052,False
2019-04-02 00:00:00+00:00,29.98,29.99,29.6,29.74,428188.88568960555,29.7347841,1290,False
2019-04-03 00:00:00+00:00,29.97,30.19,29.81,29.94,324353.5847970055,29.9712954,985,False
2019-04-04 00:00:00+00:00,30.0,30.3,29.84,30.26,277221.4224013821,30.1807173,772,False
2019-04-05 00:00:00+00:00,30.31,30.69,30.31,30.52,420858.04779729346,30.5321849,1208,False
2019-04-08 00:00:00+00:00,30.36,30.44,30.03,30.43,319107.3999424129,30.2911587,925,False
2019-04-09 00:00:00+00:00,30.21,30.21,29.73,29.82,205989.05845090703,29.912949,576,False
2019-04-10 00:00:00+00:00,29.95,29.95,29.62,29.85,241667.14655917077,29.8323754,732,False
2019-04-11 00:00:00+00:00,30.07,30.33,29.87,30.26,262329.39821479993,30.2310758,773,False
2019-04-12 00:00:00+00:00,30.49,30.73,30.44,30.58,252646.12726749212,30.5860164,712,False
2019-04-15 00:00:00+00:00,30.61,30.69,30.24,30.33,278520.0115174201,30.340128,860,False
2019-04-16 00:00:00+00:00,30.34,30.68,30.23,30.68,360944.4284480277,30.5717771,986,False
2019-04-17 00:00:00+00:00,30.82,30.87,30.45,30.52,289006.6225165563,30.5769866,819,False
2019-04-18 00:00:00+00:00,30.62,30.91,30.37,30.65,254310.39447163837,30.6648535,770,False
2019-04-22 00:00:00+00:00,30.47,30.52,30.25,30.45,316366.2539591132,30.4255638,862,False
2019-04-23 00:00:00+00:00,30.51,30.77,30.34,30.62,210898.35876763606,30.5898367,604,False
2019-04-24 00:00:00+00:00,30.64,30.85,30.44,30.48,185433.34293118343,30.6398479,515,False
2019-04-25 00:00:00+00:00,30.22,30.37,29.78,29.86,224091.56348977832,29.9521939,679,False
2019-04-26 00:00:00+00:00,30.01,30.26,29.75,30.2,196674.34494673196,30.0997964,565,False
2019-04-29 00:00:00+00:00,30.33,30.54,30.25,30.47,359159.22833285347,30.440845,916,False
2019-04-30 00:00:00+00:00,31.26,31.26,28.89,29.54,1497437.3740282177,29.5048715,3711,False
2019-05-01 00:00:00+00:00,29.63,30.0,29.29,29.52,698554.5637777139,29.6337198,1973,False
2019-05-02 00:00:00+00:00,29.38,29.77,29.32,29.73,613950.4750935792,29.5986425,1781,False
2019-05-03 00:00:00+00:00,30.03,30.91,30.03,30.82,715545.637777138,30.6235248,1896,False
2019-05-06 00:00:00+00:00,30.07,30.56,29.75,30.41,328157.21278433636,30.3203319,962,False
2019-05-07 00:00:00+00:00,29.98,30.07,29.53,29.75,261376.33170169886,29.774029,796,False
2019-05-08 00:00:00+00:00,29.69,29.87,29.52,29.66,460878.20328246476,29.687204,1294,False
2019-05-09 00:00:00+00:00,29.37,29.91,29.18,29.77,384831.5577310683,29.600379,1011,False
2019-05-10 00:00:00+00:00,29.58,29.96,29.16,29.85,253011.80535560037,29.5104283,660,False
2019-05-13 00:00:00+00:00,29.18,29.56,28.9,29.38,892067.3769075728,29.2895455,2524,False
2019-05-14 00:00:00+00:00,29.5,30.0,29.37,29.77,424419.80996256846,29.7882683,1231,False
2019-05-15 00:00:00+00:00,29.49,29.82,29.22,29.66,332790.09501871583,29.6135764,999,False
2019-05-16 00:00:00+00:00,29.85,30.13,29.62,29.95,300132.4503311259,29.9674751,872,False
2019-05-17 00:00:00+00:00,29.66,29.78,29.4,29.52,240978.98070832135,29.5791937,643,False
2019-05-20 00:00:00+00:00,29.35,29.65,29.27,29.47,233826.66282752666,29.5184162,631,False
2019-05-21 00:00:00+00:00,28.48,29.24,27.68,29.19,1798914.4831557733,28.5959874,3952,False
2019-05-22 00:00:00+00:00,29.15,29.24,28.42,28.52,447627.41145983303,28.6935787,1321,False
2019-05-23 00:00:00+00:00,28.24,28.39,27.78,27.96,503103.9447163836,27.936812,1337,False
2019-05-24 00:00:00+00:00,28.22,28.39,27.83,27.96,263285.34408292547,27.961123,710,False
2019-05-28 00:00:00+00:00,28.06,28.08,27.5,27.51,301212.2084653038,27.6634869,871,False
2019-05-29 00:00:00+00:00,27.31,27.6,27.19,27.46,355554.2758422114,27.4276702,978,False
2019-05-30 00:00:00+00:00,27.37,27.54,26.99,27.16,241292.83040598908,27.176225,734,False
2019-05-31 00:00:00+00:00,26.87,26.87,26.46,26.55,414650.1583645264,26.596234,1148,False
2019-06-03 00:00:00+00:00,26.62,27.16,26.62,26.89,300259.1419522027,26.9223487,925,False
2019-06-04 00:00:00+00:00,27.37,28.13,27.28,28.1,322836.1646991074,27.8597114,849,False
2019-06-05 00:00:00+00:00,28.1,28.23,27.79,27.96,328897.20702562627,27.9340336,881,False
2019-06-06 00:00:00+00:00,27.97,27.97,27.47,27.81,480299.4529225454,27.7148873,1431,False
2019-06-07 00:00:00+00:00,28.05,28.11,27.74,27.79,663757.5583069393,27.8597114,1630,False
2019-06-10 00:00:00+00:00,27.94,28.15,27.78,27.78,1001289.9510509646,27.8937468,2605,False
2019-06-11 00:00:00+00:00,28.0,28.23,27.53,27.71,716570.6881658509,27.770108,1768,False
2019-06-12 00:00:00+00:00,27.66,27.9,27.5,27.89,345565.7932623093,27.7517011,1033,False
2019-06-13 00:00:00+00:00,28.05,28.54,27.92,28.28,538278.1456953643,28.2750822,1477,False
2019-06-14 00:00:00+00:00,28.2,28.2,27.61,27.66,281998.27238698537,27.7530903,740,False
2019-06-17 00:00:00+00:00,27.63,27.71,27.35,27.48,386072.5597466168,27.5349859,997,False
2019-06-18 00:00:00+00:00,27.69,28.1,27.5,27.67,985214.5119493235,27.8110894,2708,False
2019-06-19 00:00:00+00:00,27.83,28.04,27.59,27.79,629640.0806219408,27.8683939,1785,False
2019-06-20 00:00:00+00:00,28.26,28.78,28.19,28.65,1028617.9095882523,28.4560255,2465,False
2019-06-21 00:00:00+00:00,28.52,28.52,27.78,28.04,1019380.9386697381,28.0941389,2208,False
2019-06-24 00:00:00+00:00,28.11,28.19,27.9,28.0,508620.78894327674,28.0635765,1148,False
2019-06-25 00:00:00+00:00,28.12,28.38,27.96,28.09,823115.4621364815,28.1945086,2088,False
2019-06-26 00:00:00+00:00,28.18,28.26,27.92,27.94,299614.16642672045,28.0389182,813,False
2019-06-27 00:00:00+00:00,28.01,28.44,27.85,28.38,410480.8522890873,28.2236818,917,False
2019-06-28 00:00:00+00:00,28.47,29.01,28.32,28.98,656680.1036567809,28.7567873,1515,False
2019-07-01 00:00:00+00:00,29.32,29.37,28.87,29.08,673596.3144255688,29.0509504,1701,False
2019-07-02 00:00:00+00:00,29.07,29.37,28.75,29.31,846743.4494673194,29.2454384,2576,False
2019-07-03 00:00:00+00:00,29.44,29.51,29.31,29.46,263328.53440829256,29.4166573,778,False
2019-07-05 00:00:00+00:00,29.34,29.39,28.99,29.36,288137.057299165,29.2839887,772,False
2019-07-08 00:00:00+00:00,29.24,29.37,28.99,29.09,557771.3792110567,29.1738946,1505,False
2019-07-09 00:00:00+00:00,28.92,29.0,28.75,28.82,362199.82723869855,28.8377082,1040,False
2019-07-10 00:00:00+00:00,29.04,29.04,28.27,28.3,573993.6654189462,28.4657499,1281,False
2019-07-11 00:00:00+00:00,28.37,28.47,27.98,28.3,473423.55312410026,28.1969397,1214,False
2019-07-12 00:00:00+00:00,28.42,29.0,28.42,28.86,417837.6043766197,28.8519475,1193,False
2019-07-15 00:00:00+00:00,28.9,29.19,28.81,29.13,610587.3884249929,29.0509504,1775,False
2019-07-16 00:00:00+00:00,29.13,29.63,28.99,29.6,923103.9447163836,29.4777821,2325,False
2019-07-17 00:00:00+00:00,29.53,29.68,28.9,28.92,766351.8571839909,29.2749589,1654,False
2019-07-18 00:00:00+00:00,28.86,29.33,28.65,29.01,817178.2320760151,28.9609997,1555,False
2019-07-19 00:00:00+00:00,29.08,29.89,29.04,29.66,1177535.27209905,29.5923911,2352,False
2019-07-22 00:00:00+00:00,29.76,30.07,29.63,30.0,838211.9205298014,29.9299667,2016,False
2019-07-23 00:00:00+00:00,30.37,31.68,30.0,30.88,2107330.8378923126,30.8534374,5857,False
2019-07-24 00:00:00+00:00,30.79,30.95,29.9,30.0,1293927.4402533835,30.1001437,3576,False
2019-07-25 00:00:00+00:00,30.0,30.23,29.74,29.93,683247.9124676073,30.0018578,2012,False
2019-07-26 00:00:00+00:00,30.01,30.09,29.79,29.86,635905.5571551973,29.9619183,1779,False
2019-07-29 00:00:00+00:00,29.81,29.85,29.21,29.28,905764.4687589981,29.4708361,1924,False
2019-07-30 00:00:00+00:00,28.99,29.54,28.86,29.48,519003.74316153186,29.412837,1478,False
2019-07-31 00:00:00+00:00,29.44,29.59,28.98,29.07,492588.54016700265,29.3624785,1384,False
2019-08-01 00:00:00+00:00,29.08,29.26,28.53,28.68,1040126.691621077,28.8019363,2828,False
2019-08-02 00:00:00+00:00,28.58,28.67,28.08,28.09,626300.0287935503,28.3167582,1773,False
2019-08-05 00:00:00+00:00,27.59,27.74,26.77,27.0,690849.40973222,27.1533032,1949,False
2019-08-06 00:00:00+00:00,27.19,27.55,27.06,27.42,716271.2352433056,27.3231329,1999,False
2019-08-07 00:00:00+00:00,27.16,27.34,26.96,27.19,565513.9648718687,27.1619857,1669,False
2019-08-08 00:00:00+00:00,27.36,27.73,27.36,27.61,308042.03858335735,27.5926377,899,False
2019-08-09 00:00:00+00:00,27.46,27.46,27.02,27.07,394549.3809386698,27.1665006,1179,False
2019-08-12 00:00:00+00:00,26.91,27.0,26.51,26.51,402300.60466455517,26.8226736,994,False
2019-08-13 00:00:00+00:00,26.5,27.3,26.34,26.99,413717.24733659666,27.0484186,1263,False
2019-08-14 00:00:00+00:00,26.45,26.65,25.77,25.8,383198.96343219123,26.0422905,1070,False
2019-08-15 00:00:00+00:00,25.93,25.93,25.38,25.54,327915.34696228046,25.6088601,917,False
2019-08-16 00:00:00+00:00,25.71,26.18,25.71,26.15,351586.5246184855,25.9905428,991,False
2019-08-19 00:00:00+00:00,26.57,26.6,26.21,26.4,352585.66081197816,26.3965365,965,False
2019-08-20 00:00:00+00:00,26.25,26.27,25.92,26.18,424281.60092139366,26.123906,1144,False
2019-08-21 00:00:00+00:00,26.53,26.62,26.07,26.22,379248.4883386122,26.2121202,1096,False
2019-08-22 00:00:00+00:00,26.29,26.46,25.79,25.95,248476.821192053,25.984986,719,False
2019-08-23 00:00:00+00:00,25.8,26.08,25.24,25.29,487947.0198675497,25.5456515,1460,False
2019-08-26 00:00:00+00:00,25.59,25.59,25.2,25.44,308162.9714943853,25.3997855,920,False
2019-08-27 00:00:00+00:00,25.66,25.66,25.29,25.33,386107.1120069105,25.380684,862,False
2019-08-28 00:00:00+00:00,25.23,25.89,25.23,25.75,266271.2352433055,25.6790147,689,False
2019-08-29 00:00:00+00:00,25.96,26.21,25.91,26.14,301586.5246184855,26.0992477,841,False
2019-08-30 00:00:00+00:00,26.41,26.6,26.21,26.48,349389.5767348114,26.4250151,948,False
2019-09-03 00:00:00+00:00,26.23,26.26,25.44,25.79,353034.84019579616,25.7415287,960,False
2019-09-04 00:00:00+00:00,26.16,26.25,25.94,26.07,364428.44802764186,26.0811881,985,False
2019-09-05 00:00:00+00:00,26.49,27.16,26.43,27.06,326420.9617045782,27.0223711,964,False
2019-09-06 00:00:00+00:00,27.18,27.43,26.88,27.16,342479.1246760726,27.2328349,972,False
2019-09-09 00:00:00+00:00,27.27,27.7,27.11,27.65,381312.98589116044,27.4318378,895,False
2019-09-10 00:00:00+00:00,27.7,28.16,27.49,28.15,363201.8427872157,27.9489675,926,False
2019-09-11 00:00:00+00:00,28.31,28.6,28.12,28.57,328154.33342931187,28.4087927,954,False
2019-09-12 00:00:00+00:00,28.62,28.77,28.23,28.43,353501.29570976103,28.4914501,1030,False
2019-09-13 00:00:00+00:00,28.67,28.97,28.5,28.85,416849.9856032249,28.8297203,1238,False
2019-09-16 00:00:00+00:00,28.64,28.87,28.58,28.7,259936.65418946158,28.7484521,733,False
2019-09-17 00:00:00+00:00,28.57,28.57,28.04,28.46,277569.82435934356,28.3959426,709,False
2019-09-18 00:00:00+00:00,28.32,28.41,27.94,28.25,275361.3590555716,28.1792274,763,False
2019-09-19 00:00:00+00:00,28.34,28.43,27.98,28.03,257088.97207025628,28.221598,728,False
2019-09-20 00:00:00+00:00,28.2,28.45,27.98,28.0,320915.63489778293,28.1865207,703,False
2019-09-23 00:00:00+00:00,27.77,28.27,27.61,28.08,338735.96314425574,28.1118512,889,False
2019-09-24 00:00:00+00:00,28.17,28.3,27.85,27.91,637313.5617621654,27.9906435,1721,False
2019-09-25 00:00:00+00:00,28.0,28.24,27.95,28.15,479003.74316153186,28.148665,1374,False
2019-09-26 00:00:00+00:00,28.11,28.21,27.8,27.96,409879.06708897214,27.9718893,916,False
2019-09-27 00:00:00+00:00,28.15,28.19,27.63,27.88,473031.96084077173,27.7985866,1034,False
2019-09-30 00:00:00+00:00,27.98,28.14,27.85,28.0,278220.5585948748,27.9902962,779,False
2019-10-01 00:00:00+00:00,28.2,28.37,27.1,27.13,541652.7497840484,27.7860838,1026,False
2019-10-02 00:00:00+00:00,26.8,26.87,26.24,26.56,329985.6032248777,26.4982954,976,False
2019-10-03 00:00:00+00:00,26.47,26.76,26.12,26.69,385991.9378059315,26.5736595,1038,False
2019-10-04 00:00:00+00:00,26.74,26.94,26.61,26.91,186467.0313849698,26.8146857,545,False
2019-10-07 00:00:00+00:00,26.81,26.84,26.54,26.58,267759.86179095885,26.6615264,729,False
2019-10-08 00:00:00+00:00,26.24,26.34,25.98,26.0,328695.6521739131,26.1541211,947,False
2019-10-09 00:00:00+00:00,26.3,26.32,25.93,26.12,561557.7310682408,26.0825773,1722,False
2019-10-10 00:00:00+00:00,26.17,26.55,25.91,26.19,1380310.9703426433,26.1496062,3112,False
2019-10-11 00:00:00+00:00,26.52,27.61,26.51,27.25,537566.9450043191,27.2783312,1577,False
2019-10-14 00:00:00+00:00,27.02,27.65,26.89,27.57,920855.168442269,27.4325324,2660,False
2019-10-15 00:00:00+00:00,27.72,28.31,27.63,28.16,496274.11459833005,28.1316473,1458,False
2019-10-16 00:00:00+00:00,28.07,28.5,28.07,28.28,1000820.6161819753,28.3240515,2850,False
2019-10-17 00:00:00+00:00,28.56,28.88,28.43,28.43,742113.4465879644,28.6168254,2266,False
2019-10-18 00:00:00+00:00,28.26,28.4,28.04,28.12,437158.0765908437,28.1840896,1272,False
2019-10-21 00:00:00+00:00,28.37,28.58,28.14,28.16,497676.3604952491,28.2288913,1065,False
2019-10-22 00:00:00+00:00,28.16,28.74,27.95,28.65,518537.287647567,28.4185171,1219,False
2019-10-23 00:00:00+00:00,28.73,28.76,28.36,28.58,296498.704290239,28.5588263,779,False
2019-10-24 00:00:00+00:00,28.65,28.67,28.19,28.38,188024.7624532105,28.3900385,519,False
2019-10-25 00:00:00+00:00,28.35,28.78,28.29,28.7,457267.4920817737,28.6241187,1337,False
2019-10-28 00:00:00+00:00,28.89,29.33,28.71,29.27,527232.9398214801,29.1711162,1509,False
2019-10-29 00:00:00+00:00,26.0,27.26,25.79,26.92,2163653.9015260586,26.6302694,5711,False
2019-10-30 00:00:00+00:00,26.47,26.99,26.22,26.77,1230449.179383818,26.6566642,3118,False
2019-10-31 00:00:00+00:00,26.67,26.73,26.38,26.58,769323.3515692486,26.5795636,1908,False
2019-11-01 00:00:00+00:00,26.8,27.0,26.63,26.72,1375816.2971494386,26.7862071,3248,False
2019-11-04 00:00:00+00:00,27.04,28.21,26.9,28.09,1623714.3679815724,27.7687188,3720,False
2019-11-05 00:00:00+00:00,28.13,28.3,27.58,27.87,644704.8661099914,27.8406099,1623,False
2019-11-06 00:00:00+00:00,27.73,28.1,27.63,28.03,553564.6415202995,27.9357701,1515,False
2019-11-07 00:00:00+00:00,28.19,28.58,27.73,27.89,644316.1531816873,27.9847394,1449,False
2019-11-08 00:00:00+00:00,28.04,28.09,27.76,28.03,619631.4425568674,27.9420215,1342,False
2019-11-11 00:00:00+00:00,27.82,28.4,27.8,28.24,1064402.5338324218,28.1469285,1856,False
2019-11-12 00:00:00+00:00,28.21,28.46,28.2,28.36,528997.9844514829,28.322315,1004,False
2019-11-13 00:00:00+00:00,28.07,28.31,28.04,28.19,818114.0224589693,28.2073587,1597,False
2019-11-14 00:00:00+00:00,28.01,28.41,28.01,28.34,517756.9824359344,28.2330589,913,False
2019-11-15 00:00:00+00:00,28.54,28.79,28.53,28.78,483256.5505326807,28.6716988,1102,False
2019-11-18 00:00:00+00:00,28.61,28.74,28.43,28.73,880074.8632306365,28.5716764,2121,False
2019-11-19 00:00:00+00:00,28.93,29.03,28.65,28.71,596708.8972070257,28.7956849,1304,False
2019-11-20 00:00:00+00:00,28.65,28.91,28.54,28.77,906798.1572127844,28.7675536,2059,False
2019-11-21 00:00:00+00:00,28.8,28.91,28.51,28.76,819507.6302908149,28.7046923,1886,False
2019-11-22 00:00:00+00:00,28.92,28.96,28.61,28.85,663708.6092715232,28.8210378,1587,False
2019-11-25 00:00:00+00:00,28.91,29.2,28.76,29.14,557362.5107975814,29.0638005,1422,False
2019-11-26 00:00:00+00:00,29.08,29.25,28.93,29.02,440763.0290814858,29.0804709,1112,False
2019-11-27 00:00:00+00:00,28.97,29.07,28.74,29.0,165059.02677800175,28.9481496,472,False
2019-11-29 00:00:00+00:00,28.96,29.06,28.69,28.85,129556.57932623093,28.9283535,350,False
2019-12-02 00:00:00+00:00,28.98,29.08,28.64,28.64,236570.68816585088,28.794643,663,False
2019-12-03 00:00:00+00:00,28.33,28.36,28.01,28.32,405430.463576159,28.1847842,1105,False
2019-12-04 00:00:00+00:00,28.58,28.94,28.41,28.45,302689.3175928592,28.6237714,783,False
2019-12-05 00:00:00+00:00,28.65,29.22,28.58,29.2,348111.1431039448,29.023861,1015,False
2019-12-06 00:00:00+00:00,29.52,29.89,29.4,29.79,436947.8836740571,29.7781966,1172,False
2019-12-09 00:00:00+00:00,29.76,30.03,29.59,29.83,489729.34062769945,29.9039192,1283,False
2019-12-10 00:00:00+00:00,29.83,29.99,29.37,29.49,470025.91419522034,29.5215419,1420,False
2019-12-11 00:00:00+00:00,29.58,29.63,29.18,29.6,712185.4304635762,29.4020707,2141,False
2019-12-12 00:00:00+00:00,29.74,30.2,29.59,30.16,429150.59026778006,29.9973429,1202,False
2019-12-13 00:00:00+00:00,30.07,30.22,29.65,29.73,298476.82119205303,29.7979927,838,False
2019-12-16 00:00:00+00:00,30.01,30.07,29.73,29.78,280141.0883961993,29.8549499,685,False
2019-12-17 00:00:00+00:00,29.83,29.88,29.53,29.62,267575.5830693925,29.6288576,736,False
2019-12-18 00:00:00+00:00,29.74,29.74,29.38,29.57,269156.348977829,29.569122,713,False
2019-12-19 00:00:00+00:00,29.66,29.69,29.4,29.6,241059.60264900664,29.5458529,669,False
2019-12-20 00:00:00+00:00,29.85,30.0,29.7,29.83,451871.58076590847,29.8733568,734,False
2019-12-23 00:00:00+00:00,29.93,30.19,29.74,30.1,199481.7160955946,29.9931753,538,False
2019-12-24 00:00:00+00:00,30.11,30.11,29.86,29.87,83619.34926576448,29.975463,206,False
2019-12-26 00:00:00+00:00,29.95,30.13,29.7,30.12,228211.92052980134,30.0060254,631,False
2019-12-27 00:00:00+00:00,30.14,30.25,29.9,29.95,173345.8105384394,29.9980375,443,False
2019-12-30 00:00:00+00:00,29.97,30.12,29.79,30.01,182551.10855168445,29.9886604,510,False
2019-12-31 00:00:00+00:00,30.0,30.29,29.95,30.0,264186.58220558596,30.0987545,692,False
2020-01-02 00:00:00+00:00,30.2,30.41,29.95,30.4,270167.00259141956,30.173424,699,False
2020-01-03 00:00:00+00:00,29.93,30.18,29.73,30.12,231517.42009789808,30.0001213,639,False
2020-01-06 00:00:00+00:00,29.85,30.21,29.73,30.15,300362.7987330838,30.0536055,803,False
2020-01-07 00:00:00+00:00,29.93,30.27,29.83,29.97,350103.6567808811,30.0390189,891,False
2020-01-08 00:00:00+00:00,30.06,30.25,29.92,30.07,265228.90872444573,30.0997964,753,False
2020-01-09 00:00:00+00:00,30.22,30.29,30.01,30.28,162876.47566945007,30.1904417,416,False
2020-01-10 00:00:00+00:00,30.27,30.4,29.79,29.84,290351.2813129859,29.9678224,772,False
2020-01-13 00:00:00+00:00,29.92,30.37,29.76,30.34,241914.7710912756,30.2168365,570,False
2020-01-14 00:00:00+00:00,30.27,30.51,30.17,30.27,249107.3999424129,30.3185954,674,False
2020-01-15 00:00:00+00:00,30.24,30.51,30.07,30.23,223803.62798733087,30.235938,599,False
2020-01-16 00:00:00+00:00,30.44,30.45,30.19,30.45,296170.45781744894,30.3213738,790,False
2020-01-17 00:00:00+00:00,30.56,30.61,30.31,30.35,232957.09761013536,30.3988217,648,False
2020-01-21 00:00:00+00:00,30.17,30.17,29.69,29.73,573509.9337748345,29.8375849,1566,False
2020-01-22 00:00:00+00:00,29.84,29.95,29.6,29.7,253789.23121220848,29.7313111,711,False
2020-01-23 00:00:00+00:00,29.53,29.76,29.21,29.66,333230.6363374604,29.5916965,887,False
2020-01-24 00:00:00+00:00,29.83,29.83,29.45,29.7,329447.16383530095,29.6583781,967,False
2020-01-27 00:00:00+00:00,29.07,29.32,28.95,29.03,490515.404549381,29.1468052,1291,False
2020-01-28 00:00:00+00:00,30.22,30.47,29.52,29.66,1096585.0849409734,29.888638,2521,False
2020-01-29 00:00:00+00:00,29.95,30.43,29.95,30.06,540394.4716383531,30.201208,1539,False
2020-01-30 00:00:00+00:00,29.7,30.26,29.66,30.2,445401.67002591427,29.9900496,1206,False
2020-01-31 00:00:00+00:00,30.03,30.04,29.45,29.68,490927.1523178808,29.6656714,1387,False
2020-02-03 00:00:00+00:00,29.9,30.39,29.78,30.1,439873.30837892316,30.1848849,1233,False
2020-02-04 00:00:00+00:00,30.4,30.8,30.36,30.51,429559.45868125546,30.5787231,1027,False
2020-02-05 00:00:00+00:00,30.91,31.1,30.73,31.04,412499.2801612439,30.9642261,1124,False
2020-02-06 00:00:00+00:00,31.09,31.09,30.65,30.89,346228.0449179384,30.9242866,796,False
2020-02-07 00:00:00+00:00,30.69,30.69,30.37,30.51,332844.8027641809,30.5665676,872,False
2020-02-10 00:00:00+00:00,30.34,30.78,30.09,30.76,513794.9899222575,30.5259335,1255,False
2020-02-11 00:00:00+00:00,30.91,31.06,30.68,30.7,475761.58940397354,30.8846944,992,False
2020-02-12 00:00:00+00:00,30.94,31.01,30.63,30.81,414701.98675496696,30.746469,1121,False
2020-02-13 00:00:00+00:00,30.68,30.76,30.43,30.53,245125.25194356465,30.5686514,609,False
2020-02-14 00:00:00+00:00,30.58,30.58,30.09,30.33,258459.54506190616,30.2477462,639,False
2020-02-18 00:00:00+00:00,30.23,30.35,29.91,30.15,242029.94529225456,30.1251493,587,False
2020-02-19 00:00:00+00:00,30.24,30.29,29.76,29.76,261845.6665706882,29.958098,689,False
2020-02-20 00:00:00+00:00,29.68,30.07,29.59,29.89,233432.19118917364,29.8872488,545,False
2020-02-21 00:00:00+00:00,29.67,29.86,29.4,29.5,256467.0313849698,29.5409907,605,False
2020-02-24 00:00:00+00:00,28.51,28.53,28.17,28.28,542145.1194932336,28.3817033,1538,False
2020-02-25 00:00:00+00:00,28.48,28.48,26.94,26.98,573509.9337748345,27.47143,1649,False
2020-02-26 00:00:00+00:00,27.2,27.26,26.09,26.12,642781.4569536424,26.488571,1745,False
2020-02-27 00:00:00+00:00,25.37,25.96,24.65,24.66,1318848.2579902103,25.1716094,3359,False
2020-02-28 00:00:00+00:00,23.78,23.96,22.9,23.6,2250414.6271235244,23.3614818,5873,False
2020-03-02 00:00:00+00:00,23.86,24.85,23.4,24.85,1054877.62741146,24.1977802,2568,False
2020-03-03 00:00:00+00:00,24.41,25.4,23.97,24.02,724745.177080334,24.5106975,1791,False
2020-03-04 00:00:00+00:00,24.43,24.54,23.84,24.47,939320.4722142242,24.2356359,2215,False
2020-03-05 00:00:00+00:00,23.72,23.76,22.9,23.01,639864.6703138498,23.2312443,1514,False
2020-03-06 00:00:00+00:00,22.13,23.11,22.05,22.58,815928.5919953932,22.5703324,2305,False
2020-03-09 00:00:00+00:00,20.83,21.13,20.04,20.3,794074.2873596315,20.5612019,1707,False
2020-03-10 00:00:00+00:00,21.0,21.4,20.36,21.39,1374154.9093003168,20.9154479,3900,False
2020-03-11 00:00:00+00:00,20.64,21.05,19.88,20.08,1288062.1940685287,20.5038974,3392,False
2020-03-12 00:00:00+00:00,17.36,18.72,17.02,17.53,1149133.3141376332,17.7182041,2296,False
2020-03-13 00:00:00+00:00,18.7,19.28,17.56,19.28,1028923.1212208467,18.3822417,2520,False
2020-03-16 00:00:00+00:00,16.87,18.11,16.27,16.27,1593112.582781457,17.3722933,3558,False
2020-03-17 00:00:00+00:00,16.6,17.22,15.87,17.14,1352746.9046933488,16.6655378,3439,False
2020-03-18 00:00:00+00:00,15.9,16.4,14.15,14.62,1258160.092139361,15.0710835,3263,False
2020-03-19 00:00:00+00:00,14.19,15.08,13.66,14.94,891667.1465591708,14.6511978,2115,False
2020-03-20 00:00:00+00:00,15.06,15.72,13.67,13.92,1721189.173625108,14.5925041,3943,False
2020-03-23 00:00:00+00:00,13.74,13.9,12.77,13.43,1166153.1816873022,13.4259234,2814,False
2020-03-24 00:00:00+00:00,14.38,15.17,13.97,15.1,1585030.233227757,14.6279287,3823,False
2020-03-25 00:00:00+00:00,14.91,16.68,14.76,15.98,1389357.9038295422,15.9952488,3232,False
2020-03-26 00:00:00+00:00,16.33,17.53,16.12,17.38,1089547.9412611576,17.0819505,2951,False
2020-03-27 00:00:00+00:00,16.61,17.21,16.23,17.09,1079804.2038583357,16.7957753,2552,False
2020-03-30 00:00:00+00:00,17.02,17.32,16.07,17.23,1196959.401094155,16.847523,3207,False
2020-03-31 00:00:00+00:00,17.02,17.31,16.58,17.08,1201425.280737115,16.9440724,3440,False
2020-04-01 00:00:00+00:00,16.11,16.51,15.98,16.27,1144653.037719551,16.2873281,2865,False
2020-04-02 00:00:00+00:00,16.1,16.92,15.67,16.21,754422.6893175929,16.1817489,1926,False
2020-04-03 00:00:00+00:00,16.12,16.31,15.43,15.81,919366.5418946157,15.7038641,2187,False
2020-04-06 00:00:00+00:00,16.67,17.16,16.58,16.94,1033717.2473365967,16.8447446,2790,False
2020-04-07 00:00:00+00:00,17.75,18.39,17.41,17.72,815611.862942701,17.8362861,2035,False
2020-04-08 00:00:00+00:00,17.92,18.93,17.62,18.72,686818.3126979558,18.5565863,1802,False
2020-04-09 00:00:00+00:00,19.21,19.67,18.51,18.77,958488.338612151,18.9351433,2213,False
2020-04-13 00:00:00+00:00,18.6,18.6,17.92,18.19,589838.7561186295,18.19852,1531,False
2020-04-14 00:00:00+00:00,18.66,18.95,18.27,18.66,530578.7503599194,18.5513768,1356,False
2020-04-15 00:00:00+00:00,17.94,17.96,17.26,17.52,712343.7949899223,17.4976686,1700,False
2020-04-16 00:00:00+00:00,17.57,17.68,16.85,17.33,532542.470486611,17.0788248,1309,False
2020-04-17 00:00:00+00:00,17.99,18.62,17.99,18.43,705963.1442556868,18.4218339,1884,False
2020-04-20 00:00:00+00:00,17.93,18.12,17.54,17.73,681776.5620501009,17.8237833,1865,False
2020-04-21 00:00:00+00:00,17.19,17.26,16.92,17.01,612525.1943564642,17.0784775,1540,False
2020-04-22 00:00:00+00:00,17.44,17.59,17.17,17.38,481065.3613590556,17.3775028,1359,False
2020-04-23 00:00:00+00:00,17.53,18.16,17.46,17.86,439703.4264324792,17.9029677,1164,False
2020-04-24 00:00:00+00:00,18.08,18.08,17.35,17.71,630028.7935502448,17.6331156,1584,False
2020-04-27 00:00:00+00:00,17.97,18.81,17.79,18.71,921289.9510509646,18.4853898,2089,False
2020-04-28 00:00:00+00:00,18.81,19.43,17.62,18.94,1772971.4943852578,18.5551971,4696,False
2020-04-29 00:00:00+00:00,19.4,19.9,19.15,19.84,1001759.2859199541,19.6134202,2771,False
2020-04-30 00:00:00+00:00,19.37,19.37,18.84,18.91,788350.1295709761,19.0883026,2054,False
2020-05-01 00:00:00+00:00,18.54,18.54,17.72,17.87,1143725.8854016701,17.9460329,3128,False
2020-05-04 00:00:00+00:00,17.51,17.73,17.22,17.49,983354.448603513,17.4334181,2595,False
2020-05-05 00:00:00+00:00,17.65,18.25,17.65,17.76,1085732.795853729,18.007505,3014,False
2020-05-06 00:00:00+00:00,17.91,17.99,17.2,17.21,738482.579902102,17.4490466,2188,False
2020-05-07 00:00:00+00:00,17.6,17.98,17.44,17.8,765891.160380075,17.7209825,2075,False
2020-05-08 00:00:00+00:00,18.29,18.71,18.24,18.7,1073846.818312698,18.4711505,2589,False
2020-05-11 00:00:00+00:00,18.41,18.41,17.54,17.84,858923.1212208467,17.8717107,2384,False
2020-05-12 00:00:00+00:00,18.1,18.14,16.79,16.79,1030630.5787503601,17.2309422,2527,False
2020-05-13 00:00:00+00:00,16.6,16.64,16.01,16.19,900362.7987330839,16.2209938,2421,False
2020-05-14 00:00:00+00:00,15.84,16.57,15.36,16.49,730158.3645263462,16.1595217,1999,False
2020-05-15 00:00:00+00:00,16.3,16.94,16.21,16.46,762404.2614454363,16.5773236,2075,False
2020-05-18 00:00:00+00:00,17.42,18.45,17.37,18.23,1118825.2231500144,18.1321857,2523,False
2020-05-19 00:00:00+00:00,18.09,18.15,17.53,17.54,546372.0126691621,17.8866446,1487,False
2020-05-20 00:00:00+00:00,17.89,18.22,17.89,18.13,558897.2070256263,18.0964138,1271,False
2020-05-21 00:00:00+00:00,18.07,18.42,18.06,18.07,586066.8010365679,18.2141485,1522,False
2020-05-22 00:00:00+00:00,18.2,18.2,17.76,18.01,272559.7466167579,17.9397815,743,False
2020-05-26 00:00:00+00:00,18.96,19.63,18.83,19.35,492847.68211920536,19.3612804,1351,False
2020-05-27 00:00:00+00:00,20.03,20.8,19.92,20.64,1073979.268643824,20.3868573,2694,False
2020-05-28 00:00:00+00:00,20.8,20.8,19.83,19.89,850167.0025914196,20.0815806,2312,False
2020-05-29 00:00:00+00:00,19.57,19.58,18.94,19.35,698937.5179959689,19.2557012,1871,False
2020-06-01 00:00:00+00:00,19.44,20.09,19.26,19.69,731482.8678376045,19.7269873,1997,False
2020-06-02 00:00:00+00:00,19.97,20.21,19.81,19.9,796970.9185142529,19.9600256,2028,False
2020-06-03 00:00:00+00:00,20.46,21.14,20.42,20.93,774716.3835300893,20.9876863,1967,False
2020-06-04 00:00:00+00:00,20.74,21.82,20.73,21.79,1142942.700835013,21.4662657,3046,False
2020-06-05 00:00:00+00:00,22.87,23.63,22.46,22.88,1225444.8603512815,23.0659295,3236,False
2020-06-08 00:00:00+00:00,23.3,23.53,22.98,23.17,769919.3780593148,23.1600478,2130,False
2020-06-09 00:00:00+00:00,22.46,22.51,22.0,22.19,878741.7218543048,22.2563732,2294,False
2020-06-10 00:00:00+00:00,21.94,21.94,20.7,20.73,823855.4563777715,21.0397813,2255,False
2020-06-11 00:00:00+00:00,19.28,19.7,18.52,18.52,917543.9101641233,18.9566759,2563,False
2020-06-12 00:00:00+00:00,19.34,19.92,18.52,19.11,617224.3017564067,19.1160866,1696,False
2020-06-15 00:00:00+00:00,18.27,19.36,18.09,19.12,577443.1327382667,18.8938146,1683,False
2020-06-16 00:00:00+00:00,20.49,20.62,19.7,20.1,958819.4644399656,20.198968,2527,False
2020-06-17 00:00:00+00:00,20.14,20.14,19.47,19.51,643688.453786352,19.7085804,1688,False
2020-06-18 00:00:00+00:00,19.28,19.79,19.2,19.32,618275.2663403398,19.3977469,1685,False
2020-06-19 00:00:00+00:00,19.59,19.67,18.87,19.1,848534.4082925426,19.233474,1897,False
2020-06-22 00:00:00+00:00,18.99,19.35,18.54,19.27,804701.986754967,19.1549842,2028,False
2020-06-23 00:00:00+00:00,19.52,19.58,19.06,19.26,740653.6135905558,19.3157841,1835,False
2020-06-24 00:00:00+00:00,18.94,19.14,18.68,18.84,959717.8232076016,18.9375744,2495,False
2020-06-25 00:00:00+00:00,18.69,19.41,18.59,19.4,780837.8923121222,19.0553091,2008,False
2020-06-26 00:00:00+00:00,19.18,19.6,19.09,19.57,1482029.9452922547,19.3609331,4241,False
2020-06-29 00:00:00+00:00,19.92,20.47,19.69,20.42,1374730.7803052117,20.2923917,3707,False
2020-06-30 00:00:00+00:00,20.24,20.82,20.24,20.65,968517.1321623957,20.615728,2713,False
2020-07-01 00:00:00+00:00,20.7,20.88,19.73,19.76,1031716.0955945869,20.2215425,2489,False
2020-07-02 00:00:00+00:00,20.2,20.57,19.97,20.11,648623.6682983013,20.2458535,1779,False
2020-07-06 00:00:00+00:00,20.7,20.71,20.13,20.38,516282.75266340346,20.3580314,1175,False
2020-07-07 00:00:00+00:00,20.12,20.24,19.57,19.59,487221.4224013821,19.8846615,1192,False
2020-07-08 00:00:00+00:00,19.61,19.82,19.23,19.48,474730.78030521167,19.4717218,1226,False
2020-07-09 00:00:00+00:00,19.3,19.38,18.62,18.63,683236.3950475095,18.8365101,1783,False
2020-07-10 00:00:00+00:00,18.59,19.12,18.59,19.01,664169.3060754392,18.9757774,1391,False
2020-07-13 00:00:00+00:00,19.26,19.97,19.05,19.58,1048854.0167002592,19.584247,2613,False
2020-07-14 00:00:00+00:00,19.65,20.2,19.38,20.18,466801.0365678089,19.9850312,1228,False
2020-07-15 00:00:00+00:00,20.75,21.12,20.56,20.99,410377.1955082062,20.9088492,1136,False
2020-07-16 00:00:00+00:00,20.88,21.28,20.75,20.85,267394.1837028506,20.938717,722,False
2020-07-17 00:00:00+00:00,20.91,21.23,20.86,20.92,515300.89260005765,21.0033148,1345,False
2020-07-20 00:00:00+00:00,20.73,20.9,20.22,20.45,432505.0388712929,20.5042447,1139,False
2020-07-21 00:00:00+00:00,20.69,21.14,20.69,20.85,318266.6282752664,20.9164898,887,False
2020-07-22 00:00:00+00:00,20.64,21.17,20.64,21.11,543829.5421825511,21.0088716,1510,False
2020-07-23 00:00:00+00:00,21.03,21.41,20.86,21.19,283584.7970054708,21.1800905,693,False
2020-07-24 00:00:00+00:00,21.3,21.47,20.99,21.04,192720.99049812843,21.1484862,537,False
2020-07-27 00:00:00+00:00,20.94,21.36,20.65,21.33,488211.9205298014,21.1498754,1151,False
2020-07-28 00:00:00+00:00,20.91,21.09,19.78,19.8,1164437.0860927154,20.1437473,3093,False
2020-07-29 00:00:00+00:00,19.45,19.88,19.45,19.87,835407.4287359632,19.7005925,1981,False
2020-07-30 00:00:00+00:00,19.57,19.74,19.27,19.64,630809.0987618774,19.5891092,1456,False
2020-07-31 00:00:00+00:00,19.5,19.67,19.19,19.65,512602.93694212503,19.4255309,1444,False
2020-08-03 00:00:00+00:00,19.79,20.11,19.62,19.98,391906.13302620215,19.9888515,1047,False
2020-08-04 00:00:00+00:00,19.92,20.02,19.68,19.97,398010.36567808816,19.9065414,996,False
2020-08-05 00:00:00+00:00,20.1,20.46,20.05,20.41,217140.80046069683,20.3364988,586,False
2020-08-06 00:00:00+00:00,20.28,20.49,20.26,20.4,393124.1002015549,20.3826897,909,False
2020-08-07 00:00:00+00:00,20.33,20.95,20.28,20.93,416190.61330262024,20.7664562,1186,False
2020-08-10 00:00:00+00:00,21.07,21.72,21.07,21.68,255372.87647566947,21.5690665,651,False
2020-08-11 00:00:00+00:00,22.14,22.44,21.66,21.73,583803.6279873309,21.9205341,1422,False
2020-08-12 00:00:00+00:00,22.06,22.06,21.36,21.52,257687.877915347,21.5273905,617,False
2020-08-13 00:00:00+00:00,21.27,21.37,21.06,21.19,259090.12381226607,21.2050961,600,False
2020-08-14 00:00:00+00:00,20.97,21.35,20.95,21.16,274218.2551108552,21.1912041,721,False
2020-08-17 00:00:00+00:00,21.24,21.24,20.73,20.77,353406.2769939534,20.8973883,850,False
2020-08-18 00:00:00+00:00,20.76,20.79,20.08,20.1,457425.85660811985,20.2955174,1250,False
2020-08-19 00:00:00+00:00,20.18,20.4,19.98,20.28,399081.4857471927,20.3236487,1114,False
2020-08-20 00:00:00+00:00,19.97,20.14,19.87,20.03,258747.4805643536,20.0405992,650,False
2020-08-21 00:00:00+00:00,19.98,20.08,19.59,19.69,313725.88540167006,19.6964249,882,False
2020-08-24 00:00:00+00:00,19.83,20.38,19.69,20.28,251220.84653037722,20.1593758,664,False
2020-08-25 00:00:00+00:00,20.5,20.52,20.03,20.04,293389.0008638065,20.1531244,655,False
2020-08-26 00:00:00+00:00,20.01,20.18,19.9,20.06,349139.07284768217,20.0586588,916,False
2020-08-27 00:00:00+00:00,20.12,20.41,19.93,20.1,265024.47451770806,20.1117957,640,False
2020-08-28 00:00:00+00:00,20.02,20.22,19.86,20.21,205439.10164123238,20.0437249,501,False
2020-08-31 00:00:00+00:00,20.07,20.08,19.61,19.64,299167.8663979269,19.7360171,703,False
2020-09-01 00:00:00+00:00,19.52,20.07,19.38,20.05,325205.87388424994,19.8468058,912,False
2020-09-02 00:00:00+00:00,20.06,20.48,20.05,20.4,453227.756982436,20.3114932,1229,False
2020-09-03 00:00:00+00:00,20.52,20.56,19.57,19.73,528459.5450619062,19.8183272,1412,False
2020-09-04 00:00:00+00:00,20.12,20.21,19.64,19.81,400115.174200979,19.9013319,1079,False
2020-09-08 00:00:00+00:00,19.71,19.71,19.21,19.23,542772.818888569,19.4119862,1405,False
2020-09-09 00:00:00+00:00,19.41,19.54,19.03,19.45,425629.1390728477,19.3310653,1114,False
2020-09-10 00:00:00+00:00,19.46,19.53,18.72,18.73,655611.8629427009,18.9896694,1781,False
2020-09-11 00:00:00+00:00,18.83,18.99,18.67,18.91,399211.056723294,18.8799226,1246,False
2020-09-14 00:00:00+00:00,19.15,19.3,18.98,19.06,432574.14339188026,19.1192123,1186,False
2020-09-15 00:00:00+00:00,19.09,19.17,18.46,18.57,539058.4509069968,18.6284774,1388,False
2020-09-16 00:00:00+00:00,18.68,18.77,18.41,18.46,1432608.695652174,18.6385491,4069,False
2020-09-17 00:00:00+00:00,18.2,19.01,17.94,18.97,651612.4388137058,18.6944644,1823,False
2020-09-18 00:00:00+00:00,18.96,19.02,18.35,18.4,682732.5079182264,18.6406329,1553,False
2020-09-21 00:00:00+00:00,17.93,18.02,17.32,17.51,592398.5027353873,17.4719684,1592,False
2020-09-22 00:00:00+00:00,17.52,17.77,17.41,17.64,718666.8586236683,17.5851882,1756,False
2020-09-23 00:00:00+00:00,17.6,18.0,17.24,17.26,528617.9095882523,17.5844936,1333,False
2020-09-24 00:00:00+00:00,17.18,17.5,16.91,17.21,322496.40080621943,17.1923919,924,False
2020-09-25 00:00:00+00:00,16.95,17.4,16.95,17.23,407391.3043478261,17.2281638,1156,False
2020-09-28 00:00:00+00:00,17.51,17.92,17.51,17.74,348157.21278433636,17.8036399,1031,False
2020-09-29 00:00:00+00:00,17.79,17.8,17.21,17.43,291978.116901814,17.4511304,710,False
2020-09-30 00:00:00+00:00,17.47,17.8,17.17,17.41,423674.0570112295,17.4813455,1090,False
2020-10-01 00:00:00+00:00,17.49,17.71,17.1,17.16,420169.88194644405,17.2615046,1009,False
2020-10-02 00:00:00+00:00,16.75,17.59,16.74,17.27,543878.4912179672,17.2997076,1489,False
2020-10-05 00:00:00+00:00,17.59,17.64,17.36,17.42,540777.4258566082,17.5011416,1303,False
2020-10-06 00:00:00+00:00,17.55,18.0,17.44,17.54,723878.4912179672,17.7591855,1801,False
2020-10-07 00:00:00+00:00,17.89,18.16,17.73,17.85,948479.7005470776,17.8751837,2620,False
2020-10-08 00:00:00+00:00,18.08,18.11,17.7,17.96,868669.7379786929,17.8904649,2332,False
2020-10-09 00:00:00+00:00,18.18,18.18,17.92,17.99,498160.09213936084,18.0370255,1261,False
2020-10-12 00:00:00+00:00,18.06,18.64,17.93,18.53,597040.0230348402,18.403427,1449,False
2020-10-13 00:00:00+00:00,18.28,18.54,18.19,18.22,623236.3950475095,18.3141709,1688,False
2020-10-14 00:00:00+00:00,18.17,18.57,18.17,18.22,180187.15807659086,18.3054884,462,False
2020-10-15 00:00:00+00:00,17.96,18.76,17.86,18.69,761540.4549380939,18.4134987,1803,False
2020-10-16 00:00:00+00:00,18.73,19.04,18.51,18.91,428531.528937518,18.8993714,1076,False
2020-10-19 00:00:00+00:00,18.92,19.05,18.6,18.74,1203311.258278146,18.8128937,2563,False
2020-10-20 00:00:00+00:00,18.96,19.32,18.88,19.23,1110843.6510221711,19.1174758,2666,False
2020-10-21 00:00:00+00:00,19.23,19.57,18.75,18.83,541330.2620213073,19.0195372,1314,False
2020-10-22 00:00:00+00:00,18.83,19.37,18.83,19.33,365038.87129283044,19.1490801,903,False
2020-10-23 00:00:00+00:00,19.54,19.72,19.03,19.15,344733.65966023615,19.2348632,956,False
2020-10-26 00:00:00+00:00,18.88,18.92,18.43,18.74,749072.8476821192,18.6892549,1913,False
2020-10-27 00:00:00+00:00,19.32,19.66,18.12,18.24,1368053.5560034553,18.4968507,3024,False
2020-10-28 00:00:00+00:00,17.81,18.07,17.4,17.43,567322.1998272388,17.5952599,1356,False
2020-10-29 00:00:00+00:00,17.37,17.66,17.04,17.53,1733668.2983011808,17.2073258,1822,False
2020-10-30 00:00:00+00:00,17.46,17.7,17.23,17.63,869599.7696515982,17.4976686,1783,False
2020-11-02 00:00:00+00:00,17.98,18.31,17.69,18.24,596380.6507342356,18.1210721,1475,False
2020-11-03 00:00:00+00:00,18.65,18.91,18.46,18.55,700089.2600057587,18.6548722,1390,False
2020-11-04 00:00:00+00:00,18.18,18.68,17.8,18.13,465082.0616181976,18.2898599,1217,False
2020-11-05 00:00:00+00:00,18.34,19.14,18.34,18.97,435580.19003743166,18.9229878,950,False
2020-11-06 00:00:00+00:00,18.93,19.0,18.3,18.35,588442.2689317593,18.5183833,1222,False
2020-11-09 00:00:00+00:00,20.49,21.23,20.31,20.94,991393.6078318458,20.8723827,2633,False
2020-11-10 00:00:00+00:00,21.07,21.9,21.07,21.79,1062093.291102793,21.6416522,2580,False
2020-11-11 00:00:00+00:00,21.86,21.86,20.97,21.18,855928.5919953932,21.369369,2167,False
2020-11-12 00:00:00+00:00,20.96,21.01,20.42,20.69,521485.7471926289,20.6900502,1277,False
2020-11-13 00:00:00+00:00,20.85,21.46,20.83,21.33,440149.72646127274,21.2801129,947,False
2020-11-16 00:00:00+00:00,22.06,22.76,21.54,22.74,716887.4172185431,22.473783,1739,False
2020-11-17 00:00:00+00:00,22.36,22.73,21.96,22.66,843843.9389576736,22.4473882,1932,False
2020-11-18 00:00:00+00:00,22.75,22.93,22.49,22.5,655073.4235531242,22.7464135,1499,False
2020-11-19 00:00:00+00:00,22.38,22.71,22.23,22.63,399216.815433343,22.4685735,1056,False
2020-11-20 00:00:00+00:00,22.49,22.94,22.49,22.9,750783.1845666572,22.800245,2006,False
2020-11-23 00:00:00+00:00,23.23,23.82,23.14,23.81,662870.7169594012,23.605981,1828,False
2020-11-24 00:00:00+00:00,24.31,25.25,24.22,25.18,1429205.2980132452,24.8934221,3405,False
2020-11-25 00:00:00+00:00,25.01,25.16,24.6,24.99,958874.1721854305,24.9496847,2615,False
2020-11-27 00:00:00+00:00,24.92,24.96,24.41,24.66,398232.0760149727,24.6430188,999,False
2020-11-30 00:00:00+00:00,24.47,24.64,24.14,24.15,1346291.390728477,24.2790484,2861,False
2020-12-01 00:00:00+00:00,24.63,24.74,24.04,24.42,1166970.9185142529,24.3429516,2543,False
2020-12-02 00:00:00+00:00,24.28,24.52,24.1,24.46,643590.5557155198,24.3849749,1560,False
2020-12-03 00:00:00+00:00,24.49,24.83,24.32,24.65,732116.3259429889,24.6298214,1739,False
2020-12-04 00:00:00+00:00,24.83,25.63,24.83,25.6,576965.1598042039,25.4418088,1425,False
2020-12-07 00:00:00+00:00,25.38,25.63,25.24,25.33,1009147.7109127557,25.4404196,2225,False
2020-12-08 00:00:00+00:00,25.04,25.62,25.04,25.47,521646.9910739995,25.4546589,1283,False
2020-12-09 00:00:00+00:00,25.7,26.05,25.5,25.86,884779.7293406278,25.7429179,1470,False
2020-12-10 00:00:00+00:00,25.58,26.54,25.53,26.45,929691.9090123813,26.2617841,2349,False
2020-12-11 00:00:00+00:00,26.06,26.68,26.05,26.45,873351.5692484884,26.387854,1784,False
2020-12-14 00:00:00+00:00,26.82,26.86,26.18,26.22,995145.4074287361,26.4750263,1959,False
2020-12-15 00:00:00+00:00,26.56,27.22,26.27,27.21,617820.3282464729,26.9011634,1571,False
2020-12-16 00:00:00+00:00,27.24,27.24,26.79,26.91,910109.4154909301,26.9904195,1916,False
2020-12-17 00:00:00+00:00,26.92,27.02,26.6,26.9,772274.690469335,26.8792835,1807,False
2020-12-18 00:00:00+00:00,27.01,27.32,26.74,26.86,729228.3328534409,27.0300117,1582,False
2020-12-21 00:00:00+00:00,26.37,26.79,26.22,26.37,446259.71782320767,26.4205002,1212,False
2020-12-22 00:00:00+00:00,26.35,26.63,26.21,26.32,374828.6783760438,26.4076501,756,False
2020-12-23 00:00:00+00:00,26.46,26.64,26.31,26.56,389568.09674632887,26.5354565,1057,False
2020-12-24 00:00:00+00:00,26.67,26.77,26.36,26.7,122171.0336884538,26.5701865,318,False
2020-12-28 00:00:00+00:00,26.99,27.08,26.56,26.6,287889.43276706024,26.7414054,693,False
2020-12-29 00:00:00+00:00,26.68,26.68,25.83,26.21,702640.3685574433,26.1496062,1539,False
2020-12-30 00:00:00+00:00,26.22,26.74,26.22,26.65,373164.41117189755,26.6420776,984,False
2020-12-31 00:00:00+00:00,26.57,27.11,26.42,26.97,298442.2689317593,26.9233906,756,False
2021-01-04 00:00:00+00:00,27.05,27.06,26.29,26.45,581030.809098762,26.5549053,1297,False
2021-01-05 00:00:00+00:00,26.54,27.55,26.54,27.33,478312.69795565796,27.3050733,1236,False
2021-01-06 00:00:00+00:00,27.79,29.45,27.79,28.97,674229.7725309532,28.9283535,1529,False
2021-01-07 00:00:00+00:00,29.27,29.27,28.71,28.81,669320.472214224,28.8661868,1308,False
2021-01-08 00:00:00+00:00,28.97,29.02,27.76,28.16,795856.6081197812,28.3737154,1338,False
2021-01-11 00:00:00+00:00,27.72,28.37,27.69,28.2,401543.3342931184,28.2191669,869,False
2021-01-12 00:00:00+00:00,28.33,28.51,28.11,28.39,537284.7682119206,28.3546139,1539,False
2021-01-13 00:00:00+00:00,28.38,28.55,27.84,28.02,441724.73365966027,28.1021268,1118,False
2021-01-14 00:00:00+00:00,28.3,28.83,28.07,28.49,985165.5629139073,28.506384,1626,False
2021-01-15 00:00:00+00:00,28.17,28.21,27.59,28.04,390118.0535560035,27.9882124,869,False
2021-01-19 00:00:00+00:00,28.25,28.64,28.02,28.4,450023.03484019585,28.3994156,1141,False
2021-01-20 00:00:00+00:00,28.58,28.85,28.35,28.58,417693.636625396,28.5567425,866,False
2021-01-21 00:00:00+00:00,28.48,28.67,28.16,28.21,358758.99798445153,28.3351651,944,False
2021-01-22 00:00:00+00:00,27.89,28.04,27.62,28.01,485761.58940397354,27.8947887,1290,False
2021-01-25 00:00:00+00:00,27.74,27.87,26.99,27.29,578312.697955658,27.315145,1565,False
2021-01-26 00:00:00+00:00,26.95,27.09,25.17,26.85,1560509.6458393321,26.3378428,3991,False
2021-01-27 00:00:00+00:00,26.47,26.9,26.19,26.31,939614.1664267206,26.5399714,2493,False
2021-01-28 00:00:00+00:00,26.7,27.05,26.44,26.45,613152.8937517997,26.6938253,1496,False
2021-01-29 00:00:00+00:00,26.24,26.58,25.9,26.28,891344.6587964296,26.2023958,2266,False
2021-02-01 00:00:00+00:00,26.68,27.38,26.43,27.28,710927.1523178809,27.0348739,1768,False
2021-02-02 00:00:00+00:00,27.7,28.23,27.46,27.89,891416.6426720415,27.9816137,2245,False
2021-02-03 00:00:00+00:00,27.81,28.17,27.13,27.83,557408.580477973,27.5193574,1029,False
2021-02-04 00:00:00+00:00,27.85,28.54,27.81,28.24,586351.8571839909,28.2427833,1337,False
2021-02-05 00:00:00+00:00,28.65,28.78,28.17,28.37,359922.2574143392,28.4171279,942,False
2021-02-08 00:00:00+00:00,28.52,28.98,28.4,28.9,226135.90555715523,28.7623441,568,False
2021-02-09 00:00:00+00:00,28.95,28.95,28.38,28.57,374987.0429023899,28.6088375,908,False
2021-02-10 00:00:00+00:00,28.66,29.09,28.36,28.69,457425.85660811985,28.822427,1194,False
2021-02-11 00:00:00+00:00,28.75,28.98,28.33,28.89,686216.5274978406,28.7022612,1137,False
2021-02-12 00:00:00+00:00,28.9,29.25,28.72,28.94,370797.5813417795,28.8898032,815,False
2021-02-16 00:00:00+00:00,29.17,29.5,28.99,29.08,292009.78980708326,29.1943853,821,False
2021-02-17 00:00:00+00:00,28.91,29.1,28.65,28.99,312456.0898358768,28.9464131,779,False
2021-02-18 00:00:00+00:00,28.88,28.95,28.52,28.65,368450.90699683275,28.6473878,1037,False
2021-02-19 00:00:00+00:00,28.89,29.43,28.88,29.42,217751.22372588541,29.2485641,572,False
2021-02-22 00:00:00+00:00,29.2,30.33,29.2,29.78,571422.4013820905,29.8025076,1245,False
2021-02-23 00:00:00+00:00,29.62,29.96,29.47,29.82,292415.7788655342,29.6823418,723,False
2021-02-24 00:00:00+00:00,29.9,30.47,29.84,30.42,509709.18514252815,30.1966931,1353,False
2021-02-25 00:00:00+00:00,30.22,30.39,29.51,29.7,359188.02188309823,29.8268186,1020,False
2021-02-26 00:00:00+00:00,29.69,29.69,28.79,29.12,404454.36222286214,29.2659291,1078,False
2021-03-01 00:00:00+00:00,29.61,30.54,29.61,30.06,477947.0198675497,30.2078067,1327,False
2021-03-02 00:00:00+00:00,30.04,30.58,29.94,30.45,664909.3003167291,30.326236,1567,False
2021-03-03 00:00:00+00:00,30.55,31.05,30.41,30.84,534788.3674057012,30.8086357,1141,False
2021-03-04 00:00:00+00:00,30.91,31.11,29.52,30.13,831505.9026778003,30.1439035,2312,False
2021-03-05 00:00:00+00:00,30.45,31.19,29.94,31.09,480328.24647279014,30.7155593,1279,False
2021-03-08 00:00:00+00:00,31.43,31.82,31.14,31.48,414920.817736827,31.503583,1143,False
2021-03-09 00:00:00+00:00,31.65,31.69,30.92,31.05,621338.9000863807,31.2243538,1730,False
2021-03-10 00:00:00+00:00,31.21,31.84,30.99,31.65,367607.25597466173,31.4424582,938,False
2021-03-11 00:00:00+00:00,31.84,32.16,31.48,31.88,298056.43535847974,31.8078178,808,False
2021-03-12 00:00:00+00:00,32.06,32.53,31.68,32.48,350961.7045781745,32.2787566,944,False
2021-03-15 00:00:00+00:00,32.36,33.07,32.03,33.02,400184.2787215664,32.6934328,1068,False
2021-03-16 00:00:00+00:00,32.93,32.93,32.2,32.25,424745.17708033405,32.423928,1046,False
2021-03-17 00:00:00+00:00,32.29,32.79,32.12,32.76,233881.37057299167,32.5701413,659,False
2021-03-18 00:00:00+00:00,32.72,33.31,32.58,32.79,536420.9617045783,32.9191778,1251,False
2021-03-19 00:00:00+00:00,32.81,33.05,32.33,32.59,713999.4241289952,32.7406656,1512,False
2021-03-22 00:00:00+00:00,32.41,32.56,31.77,32.16,282294.8459545062,32.1328906,845,False
2021-03-23 00:00:00+00:00,31.72,32.1,30.95,31.13,662340.9156348979,31.32646,1896,False
2021-03-24 00:00:00+00:00,31.45,32.11,31.45,31.52,424471.63835300895,31.7772554,1220,False
2021-03-25 00:00:00+00:00,31.39,32.44,31.13,32.29,498715.80765908444,31.8189314,1494,False
2021-03-26 00:00:00+00:00,32.6,33.03,32.37,32.99,424313.27382666286,32.8504124,1133,False
2021-03-29 00:00:00+00:00,32.91,33.28,32.29,32.39,591747.7684998561,32.7378872,1535,False
2021-03-30 00:00:00+00:00,32.47,32.96,32.37,32.83,255352.72099049814,32.7427494,721,False
2021-03-31 00:00:00+00:00,32.9,33.09,32.56,32.61,327854.8805067665,32.7837308,933,False
2021-04-01 00:00:00+00:00,32.72,33.03,32.6,33.0,392188.30981860065,32.8969506,1075,False
2021-04-05 00:00:00+00:00,33.26,33.46,32.66,32.84,590728.4768211921,32.9962784,1593,False
2021-04-06 00:00:00+00:00,32.94,33.27,32.8,32.83,354915.05902677804,32.9410577,866,False
2021-04-07 00:00:00+00:00,32.82,32.9,32.4,32.5,279585.3728764757,32.5756981,713,False
2021-04-08 00:00:00+00:00,32.45,32.62,32.06,32.59,250408.8684134754,32.4357362,635,False
2021-04-09 00:00:00+00:00,32.58,33.1,32.55,33.08,252911.02792974375,32.8222811,681,False
2021-04-12 00:00:00+00:00,33.16,33.24,32.84,33.09,274609.84739418374,32.9855121,789,False
2021-04-13 00:00:00+00:00,32.96,32.97,32.52,32.75,238689.8934638641,32.7635874,680,False
2021-04-14 00:00:00+00:00,32.85,33.26,32.75,32.85,361649.8704290239,33.0046136,1005,False
2021-04-15 00:00:00+00:00,33.07,33.12,32.64,32.79,350069.1045205874,32.8035269,672,False
2021-04-16 00:00:00+00:00,33.05,33.2,32.68,32.8,221206.44975525484,32.8938249,596,False
2021-04-19 00:00:00+00:00,32.8,32.81,32.34,32.45,319277.2818888569,32.5263815,795,False
2021-04-20 00:00:00+00:00,32.45,32.45,31.78,32.15,221946.4439965448,32.0821848,607,False
2021-04-21 00:00:00+00:00,32.07,32.95,32.07,32.87,146659.94817160958,32.7628928,411,False
2021-04-22 00:00:00+00:00,32.98,33.13,32.47,32.63,296109.991361935,32.6864868,824,False
2021-04-23 00:00:00+00:00,32.79,33.31,32.64,33.11,302752.66340339766,33.0657384,763,False
2021-04-26 00:00:00+00:00,33.23,33.57,33.1,33.12,289199.5393031961,33.2668251,586,False
2021-04-27 00:00:00+00:00,33.27,33.33,32.86,33.08,235968.9029657357,33.1094982,643,False
2021-04-28 00:00:00+00:00,33.14,33.62,33.11,33.49,199052.6921969479,33.4335291,572,False
2021-04-29 00:00:00+00:00,33.69,33.8,33.06,33.17,332890.87244457245,33.299124,927,False
2021-04-30 00:00:00+00:00,32.93,33.08,32.59,32.67,268879.93089547945,32.7684496,780,False
2021-05-03 00:00:00+00:00,33.15,33.23,32.5,32.9,370558.5948747481,32.9705782,998,False
2021-05-04 00:00:00+00:00,34.09,34.5,33.34,33.86,953746.0408868415,34.0124782,2206,False
2021-05-05 00:00:00+00:00,34.07,34.07,33.38,33.6,631310.106536136,33.6356577,1461,False
2021-05-06 00:00:00+00:00,33.66,34.28,33.37,34.27,516406.56492945587,33.8638338,1232,False
2021-05-07 00:00:00+00:00,34.04,34.63,33.96,34.45,546196.3720126692,34.3594309,1443,False
2021-05-10 00:00:00+00:00,34.56,34.71,34.2,34.24,531747.7684998561,34.4934887,1537,False
2021-05-11 00:00:00+00:00,33.8,34.15,33.31,33.54,476429.59976965166,33.6155143,1174,False
2021-05-12 00:00:00+00:00,33.51,33.82,32.5,32.52,659190.9012381227,33.1501323,992,False
2021-05-13 00:00:00+00:00,32.5,33.6,32.42,33.39,724442.8448027642,33.1688865,1831,False
2021-05-14 00:00:00+00:00,33.59,34.35,33.4,34.22,1305980.4203858336,33.9190545,1286,False
2021-05-17 00:00:00+00:00,34.06,34.06,33.55,33.82,545678.0881082638,33.8377863,1461,False
2021-05-18 00:00:00+00:00,33.8,33.91,33.1,33.14,424146.27123524336,33.3981045,1057,False
2021-05-19 00:00:00+00:00,32.58,32.72,31.95,32.53,381258.2781456954,32.2978581,951,False
2021-05-20 00:00:00+00:00,32.59,32.78,32.21,32.56,303521.4511949324,32.448239,778,False
2021-05-21 00:00:00+00:00,32.84,33.09,32.41,32.75,282433.054995681,32.7271209,691,False
2021-05-24 00:00:00+00:00,33.39,33.48,32.81,33.4,660921.3936078319,33.2050057,967,False
2021-05-25 00:00:00+00:00,33.46,33.81,32.93,33.06,390423.2651885978,33.2352208,1110,False
2021-05-26 00:00:00+00:00,33.11,33.43,32.98,33.35,389432.76706017856,33.247029,1090,False
2021-05-27 00:00:00+00:00,33.54,33.86,33.31,33.52,468505.6147422978,33.4811092,777,False
2021-05-28 00:00:00+00:00,33.6,33.6,32.76,33.16,281166.1387849122,33.0851872,661,False
2021-06-01 00:00:00+00:00,33.42,33.46,33.08,33.22,370590.26778001734,33.2636994,960,False
2021-06-02 00:00:00+00:00,33.23,33.4,32.8,32.94,354244.1693060755,32.9966257,929,False
2021-06-03 00:00:00+00:00,32.84,32.85,32.35,32.58,468718.6870141089,32.5256869,1189,False
2021-06-04 00:00:00+00:00,32.84,32.91,32.48,32.68,762133.6020731357,32.6666907,1946,False
2021-06-07 00:00:00+00:00,32.7,32.98,32.11,32.27,389182.26317304926,32.3975332,956,False
2021-06-08 00:00:00+00:00,32.15,32.5,31.72,32.4,439798.4451482868,32.2513199,933,False
2021-06-09 00:00:00+00:00,32.4,32.4,31.59,31.61,336135.90555715526,31.8481046,939,False
2021-06-10 00:00:00+00:00,31.83,31.97,31.53,31.77,470526.9219694789,31.7060589,794,False
2021-06-11 00:00:00+00:00,31.98,32.15,31.75,31.97,341528.937517996,31.9502108,871,False
2021-06-14 00:00:00+00:00,31.88,31.95,31.31,31.53,348272.3869853153,31.5490793,796,False
2021-06-15 00:00:00+00:00,31.95,32.14,31.63,31.9,417042.9023898647,31.8415059,940,False
2021-06-16 00:00:00+00:00,31.77,31.87,31.38,31.5,733331.413763317,31.6310421,1507,False
2021-06-17 00:00:00+00:00,31.48,31.62,30.02,30.07,775398.7906708898,30.336655,2015,False
2021-06-18 00:00:00+00:00,29.52,30.37,29.41,30.04,883086.6685862368,29.9560142,1949,False
2021-06-21 00:00:00+00:00,30.43,31.45,30.4,31.36,837558.3069392457,31.1798994,2215,False
2021-06-22 00:00:00+00:00,31.33,31.42,30.92,31.07,572625.9717823208,31.1232895,1501,False
2021-06-23 00:00:00+00:00,31.0,31.14,30.76,30.85,393872.73250791826,30.9416516,963,False
2021-06-24 00:00:00+00:00,31.14,31.51,30.87,31.46,719864.6703138498,31.3632738,1548,False
2021-06-25 00:00:00+00:00,31.63,32.11,31.48,31.99,737958.5372876476,31.8835292,1421,False
2021-06-28 00:00:00+00:00,31.94,31.94,31.26,31.64,323489.77828966314,31.5761687,898,False
2021-06-29 00:00:00+00:00,31.84,31.99,31.33,31.38,257589.97984451486,31.5820728,607,False
2021-06-30 00:00:00+00:00,31.36,32.1,31.15,32.08,380063.34581053845,31.7734351,949,False
2021-07-01 00:00:00+00:00,32.3,32.4,31.96,32.28,415064.7854880507,32.2593078,1035,False
2021-07-02 00:00:00+00:00,32.36,32.7,32.19,32.49,470555.71551972366,32.5406208,1220,False
2021-07-06 00:00:00+00:00,32.37,32.64,31.88,32.49,1379870.4290238987,32.267643,3399,False
2021-07-07 00:00:00+00:00,32.35,32.99,32.34,32.92,542510.7975813418,32.753863,1346,False
2021-07-08 00:00:00+00:00,32.36,32.67,31.95,32.08,413953.3544486036,32.2134642,1066,False
2021-07-09 00:00:00+00:00,32.63,33.0,32.52,32.89,642700.8350129572,32.8549273,1320,False
2021-07-12 00:00:00+00:00,32.59,32.83,32.33,32.71,446351.8571839908,32.6767624,1264,False
2021-07-13 00:00:00+00:00,32.57,32.65,32.31,32.32,386844.226893176,32.462131,929,False
2021-07-14 00:00:00+00:00,32.33,32.7,31.97,32.37,469023.89864670316,32.2933432,957,False
2021-07-15 00:00:00+00:00,32.06,32.32,31.59,31.69,314419.8099625684,31.8529668,953,False
2021-07-16 00:00:00+00:00,32.03,32.04,31.35,31.41,204843.07515116615,31.6324313,553,False
2021-07-19 00:00:00+00:00,30.72,31.03,29.79,30.23,738545.9257126404,30.2078067,1970,False
2021-07-20 00:00:00+00:00,30.21,31.9,30.21,31.66,478407.71667146566,31.5931864,1217,False
2021-07-21 00:00:00+00:00,31.8,32.5,31.8,32.17,322222.86207889434,32.2117277,724,False
2021-07-22 00:00:00+00:00,32.22,32.22,31.65,31.68,332669.1621076879,31.7803811,815,False
2021-07-23 00:00:00+00:00,31.96,32.09,31.63,32.07,196383.53008926002,31.8880441,463,False
2021-07-26 00:00:00+00:00,32.07,32.19,31.49,31.88,383144.2556867262,31.7574593,907,False
2021-07-27 00:00:00+00:00,32.99,33.76,32.58,33.16,785876.7636049526,33.292178,1854,False
2021-07-28 00:00:00+00:00,33.24,33.31,32.35,32.83,565154.0454938094,32.7917187,1367,False
2021-07-29 00:00:00+00:00,33.23,33.48,33.06,33.34,378384.6818312698,33.3710151,861,False
2021-07-30 00:00:00+00:00,33.08,33.83,33.08,33.77,392300.60466455517,33.6085683,1046,False
2021-08-02 00:00:00+00:00,34.13,34.65,33.48,33.49,435021.5951626836,33.8162537,1149,False
2021-08-03 00:00:00+00:00,33.51,34.11,33.1,34.08,564964.0080621941,33.684627,1170,False
2021-08-04 00:00:00+00:00,33.73,34.29,33.63,33.66,438419.23409156356,33.8909232,975,False
2021-08-05 00:00:00+00:00,33.73,34.29,33.73,34.12,324103.0809098762,34.0812436,881,False
2021-08-06 00:00:00+00:00,34.24,34.42,34.04,34.28,285159.80420385837,34.2288461,717,False
2021-08-09 00:00:00+00:00,34.17,34.28,33.63,33.69,304552.2602936943,33.9044679,837,False
2021-08-10 00:00:00+00:00,33.69,34.71,33.6,34.67,389294.5580190038,34.4177773,965,False
2021-08-11 00:00:00+00:00,34.73,35.91,34.73,35.78,992729.628563202,35.5892202,1969,False
2021-08-12 00:00:00+00:00,36.05,36.26,35.71,36.15,651960.8407716672,36.0514765,1566,False
2021-08-13 00:00:00+00:00,36.27,36.38,35.4,35.43,453495.5369997121,35.7034819,1184,False
2021-08-16 00:00:00+00:00,35.36,35.59,34.78,35.58,265220.2706593723,35.3197154,633,False
2021-08-17 00:00:00+00:00,35.33,35.41,34.5,34.79,450748.63230636343,34.7688976,1190,False
2021-08-18 00:00:00+00:00,34.68,34.83,33.82,33.84,929637.2012669164,34.3569998,2047,False
2021-08-19 00:00:00+00:00,33.43,33.79,32.99,33.54,450437.66196372017,33.5151446,960,False
2021-08-20 00:00:00+00:00,33.66,34.38,33.54,34.25,429691.9090123813,34.0395676,1264,False
2021-08-23 00:00:00+00:00,34.62,34.7,34.37,34.39,245623.38036279875,34.5306498,600,False
2021-08-24 00:00:00+00:00,34.61,35.0,34.45,34.8,356271.23524330556,34.8314116,680,False
2021-08-25 00:00:00+00:00,34.97,35.28,34.66,35.25,400558.5948747481,35.1359937,866,False
2021-08-26 00:00:00+00:00,35.25,35.51,35.09,35.26,412415.7788655342,35.351667,1042,False
2021-08-27 00:00:00+00:00,35.28,36.24,35.28,36.07,347431.61531816877,36.001118,582,False
2021-08-30 00:00:00+00:00,36.19,36.32,35.61,35.66,586331.7016988195,35.8278153,1255,False
2021-08-31 00:00:00+00:00,35.68,35.85,35.24,35.34,291868.701410884,35.5048263,694,False
2021-09-01 00:00:00+00:00,35.4,35.4,34.58,34.62,456276.9939533545,34.8508604,1101,False
2021-09-02 00:00:00+00:00,34.73,34.9,34.34,34.38,595727.0371436799,34.5643379,1319,False
2021-09-03 00:00:00+00:00,34.33,34.5,33.75,33.78,248520.01151742012,33.9846942,625,False
2021-09-07 00:00:00+00:00,33.67,33.72,32.96,33.03,447019.86754966894,33.1570783,1046,False
2021-09-08 00:00:00+00:00,33.17,33.49,32.93,33.18,394238.4105960265,33.2630048,980,False
2021-09-09 00:00:00+00:00,33.14,33.44,32.8,32.82,368511.3734523467,32.9789134,897,False
2021-09-10 00:00:00+00:00,33.02,33.1,32.54,32.61,247186.8701410884,32.7951917,612,False
2021-09-13 00:00:00+00:00,32.87,33.48,32.72,33.15,417535.2720990499,33.0198948,1015,False
2021-09-14 00:00:00+00:00,33.37,33.51,32.77,32.97,347097.6101353297,33.0289246,941,False
2021-09-15 00:00:00+00:00,32.83,33.32,32.83,33.09,447428.7359631443,33.1657608,1133,False
2021-09-16 00:00:00+00:00,33.36,33.36,32.58,32.69,402628.85113734525,32.8111675,1087,False
2021-09-17 00:00:00+00:00,32.58,32.76,31.62,31.89,367932.6230924273,31.9842462,894,False
2021-09-20 00:00:00+00:00,31.11,31.51,30.88,31.43,341911.8917362511,31.1913603,794,False
2021-09-21 00:00:00+00:00,31.66,31.76,30.95,30.96,462620.21307227184,31.204905,1309,False
2021-09-22 00:00:00+00:00,31.38,31.74,31.35,31.43,416222.2862078895,31.5855458,1095,False
2021-09-23 00:00:00+00:00,31.6,32.15,31.59,31.98,385001.4396775123,31.9505581,913,False
2021-09-24 00:00:00+00:00,31.83,32.46,31.73,32.34,318663.97926864383,32.2485415,742,False
2021-09-27 00:00:00+00:00,32.47,33.08,32.47,32.73,228946.15606104236,32.8709031,618,False
2021-09-28 00:00:00+00:00,32.67,33.04,32.67,32.89,379470.19867549674,32.8643044,1120,False
2021-09-29 00:00:00+00:00,33.06,33.4,32.88,33.35,397771.37921105674,33.2709927,1170,False
2021-09-30 00:00:00+00:00,33.36,33.68,32.91,32.93,768243.5934350706,33.2352208,1935,False
2021-10-01 00:00:00+00:00,33.15,33.96,32.89,33.73,337158.0765908437,33.5682815,955,False
2021-10-04 00:00:00+00:00,33.78,34.08,33.35,33.39,450302.33227756986,33.6790702,933,False
2021-10-05 00:00:00+00:00,33.55,33.83,33.16,33.51,337852.00115174206,33.5446651,826,False
2021-10-06 00:00:00+00:00,33.14,33.37,32.29,33.0,472741.14598329976,32.8625679,1244,False
2021-10-07 00:00:00+00:00,33.38,33.84,33.08,33.58,177520.87532392747,33.6179454,521,False
2021-10-08 00:00:00+00:00,33.55,33.73,33.22,33.27,102361.07112006911,33.3904639,287,False
2021-10-11 00:00:00+00:00,33.16,33.18,31.96,31.98,234684.71062482006,32.4114252,659,False
2021-10-12 00:00:00+00:00,31.96,32.18,31.75,31.88,247823.2076014973,31.9331931,687,False
2021-10-13 00:00:00+00:00,31.83,31.93,31.25,31.4,381586.5246184855,31.4834396,1004,False
2021-10-14 00:00:00+00:00,31.75,32.33,31.45,32.32,388577.59861790965,31.9456959,957,False
2021-10-15 00:00:00+00:00,32.67,32.88,32.34,32.36,253109.7034264325,32.5114476,709,False
2021-10-18 00:00:00+00:00,32.09,32.83,31.83,32.63,331845.6665706882,32.4947772,1002,False
2021-10-19 00:00:00+00:00,32.82,32.82,32.0,32.14,431454.07428735966,32.1898478,1285,False
2021-10-20 00:00:00+00:00,32.18,32.76,31.99,32.6,361874.46012093296,32.5423573,1097,False
2021-10-21 00:00:00+00:00,32.6,32.95,32.28,32.92,255341.20357040025,32.701768,710,False
2021-10-22 00:00:00+00:00,33.03,33.16,32.71,32.75,139427.0083501296,32.8566638,373,False
2021-10-25 00:00:00+00:00,32.65,32.67,32.31,32.47,289864.67031384975,32.4972083,795,False
2021-10-26 00:00:00+00:00,34.73,36.86,34.68,35.25,1432280.449179384,35.5708133,3138,False
2021-10-27 00:00:00+00:00,35.45,36.08,34.82,34.85,681505.9026778003,35.3867443,1805,False
2021-10-28 00:00:00+00:00,34.81,35.56,34.51,35.25,431390.7284768212,35.2186511,1095,False
2021-10-29 00:00:00+00:00,35.25,36.29,35.08,35.87,788102.5050388714,35.8799103,1543,False
2021-11-01 00:00:00+00:00,36.12,36.98,36.11,36.78,777215.6636913333,36.6095876,1943,False
2021-11-02 00:00:00+00:00,36.7,36.93,36.35,36.37,620293.6942124965,36.6422338,1541,False
2021-11-03 00:00:00+00:00,36.16,36.73,35.88,36.39,759510.5096458395,36.3050055,1889,False
2021-11-04 00:00:00+00:00,36.56,36.76,35.95,36.01,445842.21134465886,36.1949114,1210,False
2021-11-05 00:00:00+00:00,36.29,37.03,36.15,36.88,575136.7693636626,36.7644834,1233,False
2021-11-08 00:00:00+00:00,37.02,37.58,37.01,37.26,429844.5148286784,37.3080079,1111,False
2021-11-09 00:00:00+00:00,37.26,37.49,37.07,37.41,338128.4192340916,37.2871699,852,False
2021-11-10 00:00:00+00:00,37.41,37.73,36.94,36.96,443843.9389576735,37.4010843,1227,False
2021-11-11 00:00:00+00:00,37.16,37.31,36.78,37.0,183460.98473941837,36.9961325,410,False
2021-11-12 00:00:00+00:00,37.21,37.43,37.04,37.1,158560.32248776275,37.1999976,436,False
2021-11-15 00:00:00+00:00,37.33,37.45,36.95,37.44,298687.0141088397,37.2496615,850,False
2021-11-16 00:00:00+00:00,37.46,37.74,37.14,37.15,203564.64152029948,37.449359,534,False
2021-11-17 00:00:00+00:00,37.12,37.15,36.22,36.42,337302.0443420674,36.5762468,939,False
2021-11-18 00:00:00+00:00,36.52,36.63,35.98,36.59,328344.3708609272,36.376202,962,False
2021-11-19 00:00:00+00:00,36.5,36.5,35.99,36.02,321883.09818600636,36.2244319,824,False
2021-11-22 00:00:00+00:00,36.11,36.91,36.05,36.53,304324.79124676075,36.5821509,672,False
2021-11-23 00:00:00+00:00,36.64,36.77,36.41,36.57,215364.23841059604,36.6022943,598,False
2021-11-24 00:00:00+00:00,36.46,36.66,36.22,36.42,552381.2266052405,36.4182253,1099,False
2021-11-26 00:00:00+00:00,35.31,35.43,34.29,34.76,323702.8505614743,34.7081201,886,False
2021-11-29 00:00:00+00:00,35.21,35.21,34.08,34.67,736947.8836740571,34.6390074,1892,False
2021-11-30 00:00:00+00:00,34.38,34.55,33.43,33.53,421488.62654765334,33.8176429,1148,False
2021-12-01 00:00:00+00:00,34.24,34.66,32.78,32.81,372257.4143391881,33.5842573,1041,False
2021-12-02 00:00:00+00:00,33.14,34.56,33.09,34.36,374742.29772530956,34.2003675,1065,False
2021-12-03 00:00:00+00:00,34.2,34.42,33.61,34.05,523806.5073423554,33.9635089,1293,False
2021-12-06 00:00:00+00:00,34.5,35.43,34.42,35.11,529190.9012381227,35.0898028,1360,False
2021-12-07 00:00:00+00:00,35.39,35.78,35.3,35.38,424166.42672041466,35.577412,1077,False
2021-12-08 00:00:00+00:00,35.5,35.91,35.42,35.77,370362.7987330838,35.7416849,1011,False
2021-12-09 00:00:00+00:00,35.39,35.99,35.39,35.73,289026.77800172765,35.8007259,841,False
2021-12-10 00:00:00+00:00,35.88,36.11,35.7,35.92,484353.5847970055,35.9240174,1293,False
2021-12-13 00:00:00+00:00,35.91,35.96,34.71,34.73,424667.4344946732,35.0297199,1004,False
2021-12-14 00:00:00+00:00,34.68,34.95,34.3,34.51,408327.09473078034,34.5883016,1152,False
2021-12-15 00:00:00+00:00,34.41,34.86,33.78,34.8,438534.4082925425,34.3094197,1135,False
2021-12-16 00:00:00+00:00,34.96,35.3,34.01,34.21,736248.2004031098,34.5830921,1407,False
2021-12-17 00:00:00+00:00,34.03,34.24,33.17,33.34,741811.1143103945,33.6519808,1922,False
2021-12-20 00:00:00+00:00,32.92,33.05,32.25,32.88,468830.9818600634,32.71566,1266,False
2021-12-21 00:00:00+00:00,33.32,34.17,33.05,34.11,314085.8047797294,33.8933543,849,False
2021-12-22 00:00:00+00:00,34.11,34.38,33.97,34.06,302369.70918514254,34.122225,794,False
2021-12-23 00:00:00+00:00,34.07,34.81,33.97,34.62,252306.36337460412,34.5351647,637,False
2021-12-27 00:00:00+00:00,34.56,35.51,34.43,35.44,393236.3950475094,34.9845709,1011,False
2021-12-28 00:00:00+00:00,35.41,35.85,35.41,35.63,202084.65303771957,35.6961886,515,False
2021-12-29 00:00:00+00:00,35.52,35.77,35.38,35.42,229979.8445148287,35.5305265,602,False
2021-12-30 00:00:00+00:00,35.61,35.73,35.0,35.04,187279.0095018716,35.2530338,509,False
2021-12-31 00:00:00+00:00,35.09,35.62,34.98,35.33,159320.47221422402,35.3867443,453,False
2022-01-03 00:00:00+00:00,35.45,35.88,35.22,35.54,319654.4773970631,35.4822518,879,False
2022-01-04 00:00:00+00:00,35.77,36.87,35.61,36.48,300259.1419522027,36.4703203,805,False
2022-01-05 00:00:00+00:00,36.66,37.07,36.18,36.19,399631.4425568673,36.6210485,1123,False
2022-01-06 00:00:00+00:00,36.49,36.95,36.24,36.28,309890.58450907,36.5640913,750,False
2022-01-07 00:00:00+00:00,36.29,36.81,35.97,36.41,383987.90670889727,36.5345708,979,False
2022-01-10 00:00:00+00:00,36.12,36.18,35.19,35.54,280302.33227756986,35.5478915,801,False
2022-01-11 00:00:00+00:00,35.74,35.87,34.96,35.85,337739.70630578755,35.5395563,915,False
2022-01-12 00:00:00+00:00,36.87,37.11,36.01,36.19,685695.3642384107,36.3803696,1717,False
2022-01-13 00:00:00+00:00,36.29,37.17,36.26,36.68,595724.1577886554,36.7946985,1145,False
2022-01-14 00:00:00+00:00,36.29,37.13,36.03,37.1,749775.4103080911,36.4460093,1734,False
2022-01-18 00:00:00+00:00,36.9,37.13,36.07,36.28,607080.334005183,36.4067644,1529,False
2022-01-19 00:00:00+00:00,36.52,36.69,35.64,35.66,300201.55485171324,35.9504122,834,False
2022-01-20 00:00:00+00:00,35.63,36.17,35.11,35.18,269841.6354736539,35.6743087,695,False
2022-01-21 00:00:00+00:00,35.01,35.56,34.5,34.59,569642.9599769652,34.8914945,1544,False
2022-01-24 00:00:00+00:00,34.09,35.59,33.62,35.43,703484.0195796143,34.5462783,1921,False
2022-01-25 00:00:00+00:00,34.99,36.16,34.21,35.24,1735516.8442268933,35.4912816,3677,False
2022-01-26 00:00:00+00:00,35.88,36.28,35.18,35.33,866058.1629714945,35.7132063,2292,False
2022-01-27 00:00:00+00:00,35.57,35.96,34.17,34.46,652159.516268356,34.7935559,1939,False
2022-01-28 00:00:00+00:00,34.42,34.72,33.76,34.69,588525.7702274692,34.2955277,1577,False
2022-01-31 00:00:00+00:00,34.54,36.0,34.16,35.95,735208.7532392745,35.3832713,1829,False
2022-02-01 00:00:00+00:00,35.8,36.14,35.49,36.02,542954.2182551109,35.8896347,1236,False
2022-02-02 00:00:00+00:00,35.89,36.4,35.8,36.3,692021.3072271812,36.1508043,1884,False
2022-02-03 00:00:00+00:00,36.12,36.38,35.21,35.32,329784.04837316443,35.6045014,917,False
2022-02-04 00:00:00+00:00,35.32,35.81,34.76,35.51,302640.36855744314,35.4044566,801,False
2022-02-07 00:00:00+00:00,35.55,35.7,35.12,35.33,333959.1131586525,35.3735469,874,False
2022-02-08 00:00:00+00:00,35.5,35.9,35.26,35.67,735467.8951914771,35.7489782,1964,False
2022-02-09 00:00:00+00:00,36.14,37.01,36.08,36.4,662196.9478836742,36.4779609,1750,False
2022-02-10 00:00:00+00:00,35.91,36.73,35.59,35.77,423538.7273250792,36.226863,1085,False
2022-02-11 00:00:00+00:00,35.94,36.16,35.11,35.31,305905.55715519725,35.5596997,909,False
2022-02-14 00:00:00+00:00,35.5,35.71,34.89,35.39,434817.1609559459,35.2731772,1193,False
2022-02-15 00:00:00+00:00,35.8,36.33,35.8,36.04,295436.2222862079,36.0518238,699,False
2022-02-16 00:00:00+00:00,36.02,36.41,35.8,36.16,482749.7840483732,36.1567084,1219,False
2022-02-17 00:00:00+00:00,35.84,35.91,35.33,35.53,365989.05845090706,35.6045014,1029,False
2022-02-18 00:00:00+00:00,35.67,36.08,35.34,35.43,647644.68758998,35.6593748,1520,False
2022-02-22 00:00:00+00:00,35.46,35.6,34.5,34.87,396403.6855744314,35.0206901,1180,False
2022-02-23 00:00:00+00:00,34.79,35.22,34.48,34.52,341073.999424129,34.7862626,902,False
2022-02-24 00:00:00+00:00,33.75,34.56,33.43,34.42,499389.5767348115,34.1142371,1242,False
2022-02-25 00:00:00+00:00,34.4,35.4,34.25,35.27,402919.6659948172,35.1113354,1054,False
2022-02-28 00:00:00+00:00,35.27,35.33,34.64,35.11,479464.43996544776,35.0331929,1219,False
2022-03-01 00:00:00+00:00,35.16,35.29,33.58,33.76,593078.0305211634,33.9812212,1476,False
2022-03-02 00:00:00+00:00,34.22,36.31,34.18,36.21,730449.1793838181,35.8753954,1997,False
2022-03-03 00:00:00+00:00,36.33,36.48,35.62,36.2,594379.4989922259,36.0625901,1322,False
2022-03-04 00:00:00+00:00,36.02,36.02,34.87,35.29,374840.1957961417,35.3145059,1030,False
2022-03-07 00:00:00+00:00,35.26,35.26,33.95,34.09,432332.2775698244,34.528566,1218,False
2022-03-08 00:00:00+00:00,34.35,35.39,33.94,34.6,312957.0976101354,34.5615595,786,False
2022-03-09 00:00:00+00:00,35.36,36.02,35.2,35.77,424736.53901526064,35.7323078,1211,False
2022-03-10 00:00:00+00:00,35.14,35.66,34.81,35.47,334920.817736827,35.32041,934,False
2022-03-11 00:00:00+00:00,35.92,36.12,35.59,35.64,605090.699683271,35.8684494,1739,False
2022-03-14 00:00:00+00:00,35.9,36.21,35.3,35.97,350927.1523178808,35.907347,958,False
2022-03-15 00:00:00+00:00,36.02,36.27,35.44,35.98,352263.173049237,35.8649764,1011,False
2022-03-16 00:00:00+00:00,36.21,37.16,36.21,37.05,458796.4295997697,36.8360272,1302,False
2022-03-17 00:00:00+00:00,36.63,37.5,36.56,37.5,375678.0881082638,37.1503337,1057,False
2022-03-18 00:00:00+00:00,37.35,38.08,37.02,38.06,428643.82378347253,37.6702418,1007,False
2022-03-21 00:00:00+00:00,38.17,38.53,37.62,37.97,407480.56435358484,38.0178891,1166,False
2022-03-22 00:00:00+00:00,38.29,38.82,37.96,38.28,626913.3314137633,38.3335848,1648,False
2022-03-23 00:00:00+00:00,38.07,38.07,37.33,37.36,406308.66685862374,37.5066635,1070,False
2022-03-24 00:00:00+00:00,37.6,37.75,37.35,37.58,622191.1891736252,37.5306272,1444,False
2022-03-25 00:00:00+00:00,37.65,38.08,37.57,38.08,347443.13273826666,37.7959644,801,False
2022-03-28 00:00:00+00:00,37.95,37.97,37.03,37.45,208707.16959401095,37.4097668,575,False
2022-03-29 00:00:00+00:00,37.73,38.46,37.73,38.25,376354.7365390153,38.1724376,1101,False
2022-03-30 00:00:00+00:00,39.77,39.89,37.78,38.22,1252027.0659372301,38.5555095,2754,False
2022-03-31 00:00:00+00:00,38.38,38.65,37.58,37.61,691842.7872156638,38.0387271,1679,False
2022-04-01 00:00:00+00:00,37.86,38.12,37.3,37.75,363843.9389576735,37.6803135,992,False
2022-04-04 00:00:00+00:00,37.73,37.74,37.12,37.57,513645.2634609848,37.4972864,1300,False
2022-04-05 00:00:00+00:00,37.39,37.77,36.36,36.44,598203.282464728,36.6359824,1627,False
2022-04-06 00:00:00+00:00,36.12,36.41,35.73,35.74,409585.37287647574,36.0271655,1108,False
2022-04-07 00:00:00+00:00,35.62,35.79,34.85,35.54,553268.0679527787,35.3627806,1575,False
2022-04-08 00:00:00+00:00,35.66,36.19,35.51,35.55,347661.9637201267,35.8142706,979,False
2022-04-11 00:00:00+00:00,35.57,36.08,35.41,35.65,275015.83645263466,35.6774344,673,False
2022-04-12 00:00:00+00:00,35.94,36.58,35.65,35.99,250535.5600345523,36.1640017,713,False
2022-04-13 00:00:00+00:00,36.02,36.7,35.98,36.57,228476.821192053,36.4185726,632,False
2022-04-14 00:00:00+00:00,36.64,36.93,36.55,36.7,202646.1272674921,36.7186398,590,False
2022-04-18 00:00:00+00:00,36.54,36.95,36.22,36.53,375263.4609847395,36.5130382,790,False
2022-04-19 00:00:00+00:00,36.68,37.48,36.5,37.33,266737.6907572704,37.2673738,723,False
2022-04-20 00:00:00+00:00,37.74,38.62,37.66,38.46,502208.465303772,38.3575485,1269,False
2022-04-21 00:00:00+00:00,38.82,38.91,37.76,37.98,415496.6887417219,38.2634302,1175,False
2022-04-22 00:00:00+00:00,37.6,37.6,36.37,36.47,301105.6723293982,36.858949,691,False
2022-04-25 00:00:00+00:00,36.13,36.52,35.33,36.45,371549.0930031673,36.053213,1023,False
2022-04-26 00:00:00+00:00,35.05,36.44,34.34,34.38,980106.5361359057,34.86892,2558,False
2022-04-27 00:00:00+00:00,34.23,34.35,33.26,33.3,703530.0892600059,33.6182927,1868,False
2022-04-28 00:00:00+00:00,33.4,34.49,32.91,34.29,624814.2816009214,33.8127807,1654,False
2022-04-29 00:00:00+00:00,34.07,34.56,33.34,33.42,503363.0866685863,33.7037285,1310,False
2022-05-02 00:00:00+00:00,33.28,34.04,32.76,33.91,572315.0014396776,33.5661977,1610,False
2022-05-03 00:00:00+00:00,34.05,34.57,33.88,34.13,538836.7405701124,34.2705221,1140,False
2022-05-04 00:00:00+00:00,34.08,35.08,33.72,35.0,376012.09329110285,34.466052,919,False
2022-05-05 00:00:00+00:00,34.59,34.78,33.64,33.91,270832.1336020732,33.9874726,786,False
2022-05-06 00:00:00+00:00,33.88,33.88,32.91,33.34,326409.4442844803,33.2838428,955,False
2022-05-09 00:00:00+00:00,32.79,33.52,32.59,32.66,564356.46415203,32.9598119,1296,False
2022-05-10 00:00:00+00:00,32.93,33.16,31.67,31.96,453103.9447163836,32.0748915,1339,False
2022-05-11 00:00:00+00:00,32.03,32.87,30.96,31.03,643020.4434206738,31.6591734,1761,False
2022-05-12 00:00:00+00:00,30.73,31.65,30.56,31.38,916792.3985027355,31.1628817,2341,False
2022-05-13 00:00:00+00:00,31.87,32.41,31.28,31.53,520541.3187446013,31.7439146,1340,False
2022-05-16 00:00:00+00:00,31.55,31.77,31.03,31.44,228735.96314425571,31.4629489,607,False
2022-05-17 00:00:00+00:00,31.95,32.7,31.56,32.67,231911.8917362511,32.399617,662,False
2022-05-18 00:00:00+00:00,32.46,33.14,32.19,32.71,573406.2769939534,32.7347615,1485,False
2022-05-19 00:00:00+00:00,32.29,33.16,31.72,31.73,520126.69162107696,32.045371,1447,False
2022-05-20 00:00:00+00:00,31.87,32.17,30.66,31.19,377008.350129571,31.062512,958,False
2022-05-23 00:00:00+00:00,31.47,31.72,30.98,31.52,245516.8442268932,31.4869126,635,False
2022-05-24 00:00:00+00:00,31.07,31.43,30.81,31.32,317307.80305211636,31.1465586,870,False
2022-05-25 00:00:00+00:00,31.18,31.71,30.95,31.49,417702.2746904694,31.3445196,1131,False
2022-05-26 00:00:00+00:00,31.82,33.05,31.59,32.77,376939.2456089836,32.6347391,1050,False
2022-05-27 00:00:00+00:00,32.89,33.28,32.88,33.15,219835.876763605,33.1223483,616,False
2022-05-31 00:00:00+00:00,33.06,33.49,32.63,33.22,389087.2444572416,33.0765047,1083,False
2022-06-01 00:00:00+00:00,33.61,33.61,32.39,32.41,443092.4272962857,32.6649542,1236,False
2022-06-02 00:00:00+00:00,32.75,33.49,32.71,33.45,413985.0273538728,33.1067198,856,False
2022-06-03 00:00:00+00:00,33.27,33.42,32.82,32.99,188851.1373452347,33.0924805,545,False
2022-06-06 00:00:00+00:00,33.21,33.7,32.69,33.59,662677.8001727613,33.3727516,759,False
2022-06-07 00:00:00+00:00,33.26,34.92,33.14,34.89,566729.052692197,34.4684831,1612,False
2022-06-08 00:00:00+00:00,34.61,34.61,33.29,33.51,344189.46156061045,33.7033812,896,False
2022-06-09 00:00:00+00:00,33.43,33.64,32.94,32.99,262744.02533832425,33.2529331,733,False
2022-06-10 00:00:00+00:00,32.38,32.38,31.65,32.06,252245.89691909016,32.0391196,765,False
2022-06-13 00:00:00+00:00,30.84,31.22,30.43,30.64,417051.54045493813,30.7791152,1170,False
2022-06-14 00:00:00+00:00,30.7,30.96,30.23,30.56,484696.228044918,30.5089158,1505,False
2022-06-15 00:00:00+00:00,30.76,31.43,30.5,30.95,474252.8073711489,30.9277596,1405,False
2022-06-16 00:00:00+00:00,30.37,30.39,29.26,29.42,606369.1333141377,29.5555773,1654,False
2022-06-17 00:00:00+00:00,29.38,29.57,28.53,29.26,703187.4460120933,29.1912596,1587,False
2022-06-21 00:00:00+00:00,29.9,29.9,29.0,29.44,439136.1934926577,29.4750037,1097,False
2022-06-22 00:00:00+00:00,28.98,29.83,28.79,29.75,355131.0106536136,29.537865,849,False
2022-06-23 00:00:00+00:00,29.89,29.89,29.08,29.47,334949.6112870717,29.3274012,970,False
2022-06-24 00:00:00+00:00,29.86,30.92,29.65,30.77,546498.704290239,30.7106971,1229,False
2022-06-27 00:00:00+00:00,31.04,31.04,30.38,30.52,271762.16527497844,30.5828907,564,False
2022-06-28 00:00:00+00:00,30.92,31.08,30.42,30.51,229619.9251367694,30.6294289,694,False
2022-06-29 00:00:00+00:00,30.46,30.66,29.54,30.0,281929.16786639794,29.8674527,793,False
2022-06-30 00:00:00+00:00,29.7,30.45,29.4,30.41,283057.87503599195,30.1963458,746,False
2022-07-01 00:00:00+00:00,30.4,30.82,29.96,30.64,175813.41779441407,30.4741858,514,False
2022-07-05 00:00:00+00:00,30.08,30.79,29.55,30.77,225202.99452922549,30.294979,606,False
2022-07-06 00:00:00+00:00,30.66,31.14,30.09,30.91,322266.0524042615,30.6968051,851,False
2022-07-07 00:00:00+00:00,31.25,31.67,31.04,31.48,180932.91102792977,31.4487096,511,False
2022-07-08 00:00:00+00:00,31.61,31.61,31.08,31.27,143308.37892312123,31.2816583,402,False
2022-07-11 00:00:00+00:00,31.04,31.47,30.91,31.26,169953.93031960842,31.211851,475,False
2022-07-12 00:00:00+00:00,31.24,31.78,31.03,31.21,153178.80794701987,31.4355122,445,False
2022-07-13 00:00:00+00:00,30.79,31.21,30.46,30.6,392433.054995681,30.6488777,1128,False
2022-07-14 00:00:00+00:00,30.07,30.54,29.89,30.52,224716.38353008928,30.2446205,647,False
2022-07-15 00:00:00+00:00,30.86,31.14,30.61,31.14,315421.82551108557,30.9767289,754,False
2022-07-18 00:00:00+00:00,31.39,31.65,30.78,30.91,170866.68586236684,31.0722364,485,False
2022-07-19 00:00:00+00:00,31.38,32.31,31.38,32.23,246357.61589403977,32.0606522,666,False
2022-07-20 00:00:00+00:00,32.25,32.67,32.07,32.57,156573.56752087534,32.4944299,419,False
2022-07-21 00:00:00+00:00,32.47,33.21,32.22,33.18,296262.5971782321,32.8983398,832,False
2022-07-22 00:00:00+00:00,33.34,33.45,32.6,32.91,214667.43449467322,32.8781964,610,False
2022-07-25 00:00:00+00:00,33.06,33.3,32.57,32.9,331261.1575007199,32.9018128,818,False
2022-07-26 00:00:00+00:00,32.38,33.35,31.41,32.18,393029.08148574724,32.3277259,1129,False
2022-07-27 00:00:00+00:00,32.53,32.79,32.09,32.55,283276.706017852,32.469077,739,False
2022-07-28 00:00:00+00:00,32.79,33.54,32.52,33.48,228286.78376043768,33.1411025,662,False
2022-07-29 00:00:00+00:00,33.53,34.56,33.53,34.36,195465.01583645266,34.2798992,528,False
2022-08-01 00:00:00+00:00,34.21,34.49,33.66,34.18,269936.6541894616,34.2034932,771,False
2022-08-02 00:00:00+00:00,34.06,34.35,33.76,34.1,268568.9605528362,34.1576496,758,False
2022-08-03 00:00:00+00:00,34.33,34.5,33.81,34.38,133515.6924848834,34.2642707,372,False
2022-08-04 00:00:00+00:00,34.57,34.95,34.27,34.93,316141.6642672042,34.6341452,813,False
2022-08-05 00:00:00+00:00,34.56,35.14,34.45,34.66,199691.90901238125,34.7477123,562,False
2022-08-08 00:00:00+00:00,34.84,34.96,34.54,34.71,199832.9974085805,34.7220121,496,False
2022-08-09 00:00:00+00:00,34.65,34.68,34.16,34.5,190486.6109991362,34.3917298,526,False
2022-08-10 00:00:00+00:00,34.98,35.65,34.98,35.18,261537.5755830694,35.3554873,642,False
2022-08-11 00:00:00+00:00,35.03,35.92,35.02,35.71,198787.79153469624,35.6638897,479,False
2022-08-12 00:00:00+00:00,35.87,36.84,35.49,36.63,183944.71638353012,36.4022495,509,False
2022-08-15 00:00:00+00:00,36.4,36.93,36.38,36.75,130909.87618773396,36.7419089,329,False
2022-08-16 00:00:00+00:00,37.05,37.68,37.01,37.37,1866821.1920529804,37.5945304,1251,False
2022-08-17 00:00:00+00:00,36.91,37.02,36.22,36.47,231995.39303196088,36.6130606,561,False
2022-08-18 00:00:00+00:00,36.5,36.85,36.24,36.81,316101.3532968615,36.7384359,797,False
2022-08-19 00:00:00+00:00,36.52,36.91,35.93,36.06,236970.91851425284,36.1518462,618,False
2022-08-22 00:00:00+00:00,35.59,35.63,35.16,35.32,174226.89317592862,35.3367331,476,False
2022-08-23 00:00:00+00:00,35.28,35.69,35.26,35.43,213201.8427872157,35.4277257,505,False
2022-08-24 00:00:00+00:00,35.26,35.7,35.15,35.44,281577.88655341207,35.3766726,546,False
2022-08-25 00:00:00+00:00,35.74,35.97,35.49,35.7,433970.6305787504,35.6906318,573,False
2022-08-26 00:00:00+00:00,35.75,35.75,34.06,34.08,216714.6559170746,34.7789693,599,False
2022-08-29 00:00:00+00:00,33.91,33.98,33.48,33.73,350587.38842499285,33.778398,1012,False
2022-08-30 00:00:00+00:00,33.68,33.68,32.91,33.1,185963.14425568676,33.1230429,547,False
2022-08-31 00:00:00+00:00,33.17,33.18,32.59,32.77,228332.8534408293,32.812904,531,False
2022-09-01 00:00:00+00:00,32.63,32.82,32.18,32.41,250642.09617045784,32.3801682,687,False
2022-09-02 00:00:00+00:00,32.8,33.21,32.19,32.34,234264.3247912468,32.5600696,629,False
2022-09-06 00:00:00+00:00,32.42,32.61,31.97,32.26,140809.09876187737,32.1783869,394,False
2022-09-07 00:00:00+00:00,32.31,33.02,32.17,32.97,110446.30002879356,32.7361507,325,False
2022-09-08 00:00:00+00:00,32.69,33.14,32.5,33.13,316947.883674057,32.9264711,920,False
2022-09-09 00:00:00+00:00,33.41,33.54,33.12,33.34,315156.9248488339,33.3289918,861,False
2022-09-12 00:00:00+00:00,33.36,34.42,33.36,34.39,277100.4894903542,34.0020592,648,False
2022-09-13 00:00:00+00:00,33.77,33.85,32.53,32.67,141788.0794701987,33.0633073,361,False
2022-09-14 00:00:00+00:00,32.65,32.8,31.94,32.46,294526.346098474,32.3690546,826,False
2022-09-15 00:00:00+00:00,32.29,32.93,32.06,32.23,172441.69306075442,32.4201077,436,False
2022-09-16 00:00:00+00:00,31.8,31.83,31.16,31.55,316112.8707169594,31.6070784,545,False
2022-09-19 00:00:00+00:00,31.28,32.08,31.26,31.82,235462.13648142817,31.7369686,565,False
2022-09-20 00:00:00+00:00,31.58,31.58,31.03,31.38,117558.30693924562,31.309095,343,False
2022-09-21 00:00:00+00:00,31.73,31.99,31.03,31.05,131117.18974949612,31.5087925,366,False
2022-09-22 00:00:00+00:00,30.98,31.58,30.33,30.5,159188.0218830982,30.5742082,443,False
2022-09-23 00:00:00+00:00,30.14,30.21,29.58,30.01,325493.8093866974,29.8205672,893,False
2022-09-26 00:00:00+00:00,29.87,30.34,29.73,29.87,320218.8309818601,29.9139909,905,False
2022-09-27 00:00:00+00:00,30.27,30.5,29.65,29.9,542689.3175928593,29.9320505,1638,False
2022-09-28 00:00:00+00:00,30.1,30.89,29.99,30.53,200760.1497264613,30.5926151,538,False
2022-09-29 00:00:00+00:00,30.21,30.43,29.83,30.36,302326.51885977545,30.2321177,634,False
2022-09-30 00:00:00+00:00,30.46,31.07,30.06,30.4,263800.7486323064,30.6044233,741,False
2022-10-03 00:00:00+00:00,30.96,31.78,30.66,31.38,220673.76907572706,31.4421109,496,False
2022-10-04 00:00:00+00:00,31.86,33.01,31.86,32.97,246176.21652749786,32.7333723,612,False
2022-10-05 00:00:00+00:00,32.68,33.18,32.48,32.95,203150.01439677514,32.9011182,510,False
2022-10-06 00:00:00+00:00,32.76,33.43,32.76,33.38,243147.13504175068,33.1765271,686,False
2022-10-07 00:00:00+00:00,33.14,33.14,32.08,32.48,164998.56032248779,32.3905872,453,False
2022-10-10 00:00:00+00:00,32.59,32.89,32.26,32.73,167348.114022459,32.6159849,350,False
2022-10-11 00:00:00+00:00,32.57,32.86,32.43,32.75,449617.04578174494,32.6382121,1143,False
2022-10-12 00:00:00+00:00,32.64,32.77,32.29,32.62,461097.0342643248,32.5479141,1027,False
2022-10-13 00:00:00+00:00,31.68,33.58,31.57,33.37,409415.4909300317,33.208826,701,False
2022-10-14 00:00:00+00:00,33.52,33.73,32.56,32.89,553602.0731356177,32.8841005,1528,False
2022-10-17 00:00:00+00:00,33.39,33.8,32.92,33.39,373964.8718687015,33.438044,1098,False
2022-10-18 00:00:00+00:00,34.27,34.66,33.84,34.55,448551.6844226894,34.351443,1340,False
2022-10-19 00:00:00+00:00,34.29,34.5,33.68,34.3,312899.51050964586,34.0972194,880,False
2022-10-20 00:00:00+00:00,34.35,34.55,33.4,33.45,197112.00691045207,33.7023393,575,False
2022-10-21 00:00:00+00:00,33.55,34.73,33.55,34.54,260642.09617045784,34.3003899,617,False
2022-10-24 00:00:00+00:00,34.78,35.12,34.55,34.61,455159.80420385837,34.7841788,1266,False
2022-10-25 00:00:00+00:00,33.63,34.57,33.56,34.02,715148.2867837605,34.1409792,1801,False
2022-10-26 00:00:00+00:00,34.07,34.37,33.45,33.68,462712.35243305506,33.9478804,1151,False
2022-10-27 00:00:00+00:00,33.96,34.57,33.86,33.92,429441.405125252,34.1663321,1149,False
2022-10-28 00:00:00+00:00,34.12,34.88,33.7,34.86,573915.9228332854,34.4674412,1401,False
2022-10-31 00:00:00+00:00,34.78,35.14,34.49,34.85,307414.3391880219,34.90365,912,False
2022-11-01 00:00:00+00:00,35.09,35.82,34.99,35.74,376970.9185142529,35.5162872,968,False
2022-11-02 00:00:00+00:00,35.74,36.12,34.39,34.4,427592.85919953935,35.4287676,1144,False
2022-11-03 00:00:00+00:00,34.18,35.16,33.9,35.01,285632.01842787216,34.8487766,716,False
2022-11-04 00:00:00+00:00,35.69,36.2,35.52,35.97,200118.05355600346,35.8722697,566,False
2022-11-07 00:00:00+00:00,36.13,36.84,36.09,36.32,814843.0751511662,36.3070893,2207,False
2022-11-08 00:00:00+00:00,36.52,36.52,35.14,35.83,397376.9075727037,35.9493703,1196,False
2022-11-09 00:00:00+00:00,35.47,35.98,35.04,35.09,240604.66455513967,35.3669482,715,False
2022-11-10 00:00:00+00:00,36.11,36.27,35.09,36.13,484117.4776849986,35.8555993,1345,False
2022-11-11 00:00:00+00:00,36.22,36.48,35.91,36.2,281148.86265476537,36.1855343,756,False
2022-11-14 00:00:00+00:00,35.96,36.89,35.67,36.6,337636.04952490644,36.3855791,897,False
2022-11-15 00:00:00+00:00,36.86,37.26,36.49,36.7,295663.6913331414,36.8249136,817,False
2022-11-16 00:00:00+00:00,36.63,36.63,36.09,36.36,165398.79067088975,36.3150772,400,False
2022-11-17 00:00:00+00:00,36.01,36.01,35.58,35.71,228937.51799596893,35.7774568,512,False
2022-11-18 00:00:00+00:00,36.18,36.4,36.0,36.39,196383.53008926002,36.2556889,507,False
2022-11-21 00:00:00+00:00,36.19,36.55,36.13,36.14,119398.21479988484,36.3147299,342,False
2022-11-22 00:00:00+00:00,36.36,36.48,35.99,36.26,408839.6199251368,36.1997736,980,False
2022-11-23 00:00:00+00:00,36.35,36.8,36.18,36.8,869896.343219119,36.3821061,712,False
2022-11-25 00:00:00+00:00,37.08,37.34,37.0,37.32,111050.96458393321,37.2079855,295,False
2022-11-28 00:00:00+00:00,37.09,37.12,36.3,36.57,289095.882522315,36.6752273,793,False
2022-11-29 00:00:00+00:00,36.36,36.65,36.16,36.25,209899.2225741434,36.3466815,590,False
2022-11-30 00:00:00+00:00,36.17,36.79,35.71,36.79,221393.6078318457,36.4508715,571,False
2022-12-01 00:00:00+00:00,36.92,37.78,36.74,37.68,332375.4678951915,37.3576718,966,False
2022-12-02 00:00:00+00:00,37.31,37.42,36.57,36.72,463354.44860351284,36.9367442,1254,False
2022-12-05 00:00:00+00:00,36.47,36.47,35.51,35.51,307515.1166138785,35.7653013,878,False
2022-12-06 00:00:00+00:00,35.51,35.91,34.95,35.13,329162.10768787796,35.2801232,808,False
2022-12-07 00:00:00+00:00,35.03,35.59,34.85,35.07,286274.11459833,35.2665785,738,False
2022-12-08 00:00:00+00:00,35.21,35.38,34.99,35.17,243507.05441980998,35.139814,680,False
2022-12-09 00:00:00+00:00,35.13,35.34,34.55,34.58,198879.93089547943,34.8258548,580,False
2022-12-12 00:00:00+00:00,35.52,35.98,35.0,35.77,360754.39101641235,35.546155,919,False
2022-12-13 00:00:00+00:00,36.49,36.83,35.55,35.96,302821.7679239851,36.1198946,805,False
2022-12-14 00:00:00+00:00,36.13,36.42,35.52,35.78,254241.289951051,35.9129038,745,False
2022-12-15 00:00:00+00:00,35.38,35.38,34.14,34.16,290028.79355024477,34.6403966,788,False
2022-12-16 00:00:00+00:00,33.85,34.13,33.04,33.43,573970.6305787504,33.5359826,1306,False
2022-12-19 00:00:00+00:00,33.58,34.03,33.5,33.72,284327.67060178524,33.7641587,828,False
2022-12-20 00:00:00+00:00,33.69,34.1,33.66,33.85,377857.759861791,33.8680014,906,False
2022-12-21 00:00:00+00:00,34.24,34.8,34.22,34.75,234448.60351281316,34.6282411,524,False
2022-12-22 00:00:00+00:00,34.55,34.66,34.09,34.43,548128.4192340916,34.3604728,1524,False
2022-12-23 00:00:00+00:00,34.41,34.62,34.25,34.55,139602.64900662252,34.4365315,274,False
2022-12-27 00:00:00+00:00,34.6,34.94,34.22,34.9,258609.27152317885,34.7800112,538,False
2022-12-28 00:00:00+00:00,34.97,35.18,34.06,34.07,227624.53210480855,34.4604952,622,False
2022-12-29 00:00:00+00:00,34.34,35.13,34.17,34.92,131171.89749496113,34.8279386,353,False
2022-12-30 00:00:00+00:00,34.7,34.94,34.5,34.89,191479.9884825799,34.7741071,547,False
2023-01-03 00:00:00+00:00,35.12,35.36,34.66,35.2,286585.08494097326,35.0873717,558,False
2023-01-04 00:00:00+00:00,35.42,35.66,34.91,35.47,453308.37892312126,35.2481716,1010,False
2023-01-05 00:00:00+00:00,35.32,35.81,35.08,35.61,605404.5493809388,35.5030898,1178,False
2023-01-06 00:00:00+00:00,35.95,36.45,35.92,36.21,533291.1027929744,36.1650436,1277,False
2023-01-09 00:00:00+00:00,36.34,36.81,36.08,36.47,449228.3328534409,36.4342011,1131,False
2023-01-10 00:00:00+00:00,36.47,36.72,36.21,36.72,355318.16873020446,36.4991462,662,False
2023-01-11 00:00:00+00:00,36.99,37.14,36.26,36.72,490953.0665131011,36.5838874,770,False
2023-01-12 00:00:00+00:00,36.83,37.58,36.65,37.5,569369.4212496402,37.3715638,1054,False
2023-01-13 00:00:00+00:00,37.38,37.62,37.05,37.41,532792.9743737404,37.43894,649,False
2023-01-17 00:00:00+00:00,37.47,37.78,37.4,37.65,431883.09818600636,37.5865425,1048,False
2023-01-18 00:00:00+00:00,37.83,38.02,37.25,37.3,569424.1289951052,37.5344475,1392,False
2023-01-19 00:00:00+00:00,37.16,37.16,36.48,36.71,569038.2954218256,36.8339434,1131,False
2023-01-20 00:00:00+00:00,36.93,37.61,36.74,37.58,608194.6443996546,37.1538067,1075,False
2023-01-23 00:00:00+00:00,37.75,38.58,37.57,38.26,638401.9579614167,38.2255745,1644,False
2023-01-24 00:00:00+00:00,36.81,40.33,36.62,40.11,1367823.2076014974,39.3501319,3550,False
2023-01-25 00:00:00+00:00,40.12,40.52,39.35,40.21,1100924.2729628563,40.0964796,1575,False
2023-01-26 00:00:00+00:00,40.36,40.62,39.98,40.61,662651.8859775411,40.3270868,1414,False
2023-01-27 00:00:00+00:00,40.55,40.59,39.34,39.38,443299.74085804785,39.6943062,1240,False
2023-01-30 00:00:00+00:00,39.2,39.65,38.97,39.56,353679.8157212785,39.4112567,920,False
2023-01-31 00:00:00+00:00,39.81,40.42,39.76,40.26,1167777.1379211058,40.154826,2033,False
2023-02-01 00:00:00+00:00,40.05,40.9,39.96,40.65,1057578.462424417,40.5771428,2728,False
2023-02-02 00:00:00+00:00,40.94,41.56,40.75,41.11,478632.30636337464,41.1213619,1137,False
2023-02-03 00:00:00+00:00,41.0,41.45,40.81,41.44,350944.4284480277,41.2613238,984,False
2023-02-06 00:00:00+00:00,41.21,41.87,40.8,41.58,932012.6691621077,41.5106852,1696,False
2023-02-07 00:00:00+00:00,41.43,41.97,41.03,41.74,434848.83386121516,41.3884356,700,False
2023-02-08 00:00:00+00:00,41.42,42.02,41.42,41.52,515407.4287359632,41.6593296,761,False
2023-02-09 00:00:00+00:00,41.87,42.3,40.96,41.07,780783.1845666572,41.4058006,579,False
2023-02-10 00:00:00+00:00,40.98,41.45,40.53,41.31,695064.7854880508,41.0519019,1003,False
2023-02-13 00:00:00+00:00,41.48,41.99,41.29,41.89,466838.468183127,41.7770643,763,False
2023-02-14 00:00:00+00:00,41.68,42.01,41.09,41.9,883394.7595738556,41.6054981,1137,False
2023-02-15 00:00:00+00:00,41.81,42.0,41.5,41.92,249752.3754678952,41.7822738,713,False
2023-02-16 00:00:00+00:00,41.43,42.14,41.28,41.68,543351.5692484884,41.7944293,1033,False
2023-02-17 00:00:00+00:00,41.73,41.98,41.5,41.81,601980.9962568386,41.7242747,1379,False
2023-02-21 00:00:00+00:00,41.55,41.75,40.6,40.63,231978.116901814,40.9199279,607,False
2023-02-22 00:00:00+00:00,40.75,41.32,40.75,40.84,178517.13216239563,41.0084894,454,False
2023-02-23 00:00:00+00:00,41.13,41.35,40.68,41.05,290069.1045205874,41.078644,644,False
2023-02-24 00:00:00+00:00,40.64,41.1,40.42,41.01,379222.5741433919,40.7469725,1021,False
2023-02-27 00:00:00+00:00,41.23,41.48,40.86,41.3,1377613.0146847107,41.1137213,1230,False
2023-02-28 00:00:00+00:00,41.37,41.7,41.31,41.6,549562.3380362799,41.6225158,1189,False
2023-03-01 00:00:00+00:00,41.48,42.16,41.39,42.0,249041.17477685,41.9392534,633,False
2023-03-02 00:00:00+00:00,41.84,42.64,41.56,42.51,322697.9556579327,42.2469612,804,False
2023-03-03 00:00:00+00:00,42.65,42.93,42.29,42.84,638321.3360207314,42.6849065,684,False
2023-03-06 00:00:00+00:00,42.78,42.99,42.0,42.26,333141.37633170176,42.315032,836,False
2023-03-07 00:00:00+00:00,42.25,42.43,41.37,41.37,412464.72790095024,41.8142254,934,False
2023-03-08 00:00:00+00:00,41.51,41.84,41.3,41.49,876524.6184854594,41.4818593,1229,False
2023-03-09 00:00:00+00:00,41.62,41.86,40.8,40.81,419628.56320184283,41.4082317,992,False
2023-03-10 00:00:00+00:00,40.79,40.79,38.19,38.43,873429.3118341493,38.9962332,2072,False
2023-03-13 00:00:00+00:00,37.89,39.09,37.28,38.68,830716.9594010942,38.5461324,2376,False
2023-03-14 00:00:00+00:00,39.63,40.79,39.63,40.66,977912.467607256,40.3510505,2621,False
2023-03-15 00:00:00+00:00,39.72,39.87,38.38,38.52,1189009.501871581,38.8892648,3059,False
2023-03-16 00:00:00+00:00,38.03,39.14,37.91,38.86,1340751.511661388,38.8277927,1566,False
2023-03-17 00:00:00+00:00,38.66,38.66,38.02,38.21,1592579.9021019293,38.4384694,3152,False
2023-03-20 00:00:00+00:00,38.59,39.52,38.35,39.04,394226.8931759286,38.991371,1097,False
2023-03-21 00:00:00+00:00,39.84,40.14,39.27,39.32,441261.1575007199,39.4772437,1159,False
2023-03-22 00:00:00+00:00,39.27,39.43,38.44,38.48,419190.9012381227,38.9792155,1184,False
2023-03-23 00:00:00+00:00,38.46,39.09,37.7,37.88,396331.7016988195,38.1929283,1143,False
2023-03-24 00:00:00+00:00,36.81,37.09,36.31,36.71,523627.98733083793,36.723502,1284,False
2023-03-27 00:00:00+00:00,37.26,37.8,36.88,37.48,283956.233803628,37.4566523,703,False
2023-03-28 00:00:00+00:00,37.33,37.63,36.79,37.22,1455234.6674344947,37.1694352,3093,False
2023-03-29 00:00:00+00:00,37.58,38.86,37.16,38.68,1436821.1920529802,38.2068203,3572,False
2023-03-30 00:00:00+00:00,39.14,39.14,38.31,38.93,640184.2787215664,38.7003336,1674,False
2023-03-31 00:00:00+00:00,39.17,39.45,38.77,39.42,600354.1606680105,39.1452249,1594,False
2023-04-03 00:00:00+00:00,39.33,39.8,39.02,39.74,940187.158076591,39.4293163,2205,False
2023-04-04 00:00:00+00:00,40.44,42.49,39.0,40.82,2001824.0,40.337,9530,False
2023-04-05 00:00:00+00:00,40.45,41.77,39.97,41.3,2164777.0,40.966,9376,False
2023-04-06 00:00:00+00:00,41.25,44.17,40.51,43.83,1436309.0,43.184,8344,False
2023-04-10 00:00:00+00:00,43.74,45.39,43.46,44.3,642007.0,44.479,3973,False
2023-04-11 00:00:00+00:00,44.48,46.16,44.48,45.5,1029485.0,45.688,5729,False
2023-04-12 00:00:00+00:00,45.9,47.06,45.64,46.96,907200.0,46.29,3890,False
2023-04-13 00:00:00+00:00,46.79,46.95,45.79,45.95,738403.0,46.316,4365,False
2023-04-14 00:00:00+00:00,45.81,46.69,45.43,45.8,420924.0,45.864,3152,False
2023-04-17 00:00:00+00:00,45.95,46.52,45.63,46.32,379615.0,46.206,2383,False
2023-04-18 00:00:00+00:00,46.96,48.97,46.7,48.88,799459.0,48.374,5078,False
2023-04-19 00:00:00+00:00,48.61,49.55,48.39,49.03,573534.0,49.187,3067,False
2023-04-20 00:00:00+00:00,49.06,49.56,48.6,49.24,282391.0,49.146,1902,False
2023-04-21 00:00:00+00:00,49.25,49.44,48.86,49.14,303265.0,49.018,1939,False
2023-04-24 00:00:00+00:00,48.9,49.02,48.09,48.21,378259.0,48.48,2084,False
2023-04-25 00:00:00+00:00,48.16,48.16,46.77,46.93,305580.0,47.214,1851,False
2023-04-26 00:00:00+00:00,46.52,47.24,46.38,46.53,285453.0,46.764,1920,False
2023-04-27 00:00:00+00:00,46.83,47.58,46.39,47.48,217275.0,47.209,1337,False
2023-04-28 00:00:00+00:00,47.48,47.89,47.08,47.36,376776.0,47.455,2089,False
2023-05-01 00:00:00+00:00,47.36,48.4,47.19,47.73,240448.0,47.821,1421,False
2023-05-02 00:00:00+00:00,47.7,48.17,47.01,48.12,422716.0,47.671,2206,False
2023-05-03 00:00:00+00:00,48.04,48.44,47.24,47.42,318845.0,47.836,2320,False
2023-05-04 00:00:00+00:00,47.13,47.29,46.14,46.68,276516.0,46.644,1948,False
2023-05-05 00:00:00+00:00,47.0,48.22,46.82,47.94,315004.0,47.801,1875,False
2023-05-08 00:00:00+00:00,48.02,49.39,47.96,49.0,489987.0,48.862,3055,False
2023-05-09 00:00:00+00:00,49.12,50.33,48.59,49.91,344692.0,49.432,2154,False
2023-05-10 00:00:00+00:00,50.5,50.72,49.2,50.08,369855.0,50.009,2636,False
2023-05-11 00:00:00+00:00,49.64,50.84,48.19,49.21,581984.0,49.303,3903,False
2023-05-12 00:00:00+00:00,50.27,50.27,49.02,49.39,300933.0,49.507,2035,False
2023-05-15 00:00:00+00:00,49.47,50.53,49.42,50.51,253720.0,50.197,1886,False
2023-05-16 00:00:00+00:00,50.05,50.93,49.91,50.91,232954.0,50.613,1530,False
2023-05-17 00:00:00+00:00,50.98,51.84,50.77,51.53,358239.0,51.501,2257,False
2023-05-18 00:00:00+00:00,51.58,53.15,51.48,52.51,341810.0,52.298,2431,False
2023-05-19 00:00:00+00:00,52.86,53.79,52.83,53.67,406015.0,53.435,2841,False
2023-05-22 00:00:00+00:00,53.52,54.24,52.8,53.23,236598.0,53.279,1778,False
2023-05-23 00:00:00+00:00,52.94,53.15,52.25,52.7,225702.0,52.677,1727,False
2023-05-24 00:00:00+00:00,52.23,52.45,51.53,52.23,185631.0,52.102,1480,False
2023-05-25 00:00:00+00:00,52.52,52.71,52.02,52.6,153587.0,52.501,1186,False
2023-05-26 00:00:00+00:00,52.7,53.55,52.58,53.31,259843.0,53.046,2055,False
2023-05-30 00:00:00+00:00,53.35,54.0,52.99,53.76,196389.0,53.583,1074,False
2023-05-31 00:00:00+00:00,53.53,53.53,51.71,52.63,313028.0,52.604,2584,False
2023-06-01 00:00:00+00:00,52.5,53.73,51.96,53.73,301462.0,53.01,1836,False
2023-06-02 00:00:00+00:00,53.9,55.25,53.83,54.89,237544.0,54.879,1742,False
2023-06-05 00:00:00+00:00,54.43,54.43,52.97,53.37,198440.0,53.601,1216,False
2023-06-06 00:00:00+00:00,53.57,55.3,53.3,55.29,284372.0,54.852,1489,False
2023-06-07 00:00:00+00:00,55.16,57.17,55.16,56.92,495368.0,56.534,3511,False
2023-06-08 00:00:00+00:00,56.78,56.96,55.74,56.53,290041.0,56.373,1983,False
2023-06-09 00:00:00+00:00,56.5,56.75,55.87,56.14,162672.0,56.241,1186,False
2023-06-12 00:00:00+00:00,56.0,56.18,55.48,55.78,166637.0,55.847,1222,False
2023-06-13 00:00:00+00:00,56.15,56.97,55.74,56.3,298762.0,56.473,2361,False
2023-06-14 00:00:00+00:00,56.29,57.0,55.8,56.02,210886.0,56.239,1524,False
2023-06-15 00:00:00+00:00,56.0,56.46,55.4,55.6,255011.0,55.82,2112,False
2023-06-16 00:00:00+00:00,55.91,55.94,54.74,55.06,251581.0,55.111,1983,False
2023-06-20 00:00:00+00:00,54.75,54.98,54.31,54.53,244577.0,54.563,1924,False
2023-06-21 00:00:00+00:00,54.23,55.52,53.75,55.44,399183.0,54.85,2800,False
2023-06-22 00:00:00+00:00,55.25,55.4,53.91,54.11,270113.0,54.45,2206,False
2023-06-23 00:00:00+00:00,53.54,54.74,52.78,54.53,262797.0,54.412,1826,False
2023-06-26 00:00:00+00:00,54.43,55.55,54.43,54.98,147126.0,54.989,1142,False
2023-06-27 00:00:00+00:00,55.09,55.92,54.85,55.49,242151.0,55.579,1740,False
2023-06-28 00:00:00+00:00,55.4,55.69,54.91,55.61,159509.0,55.523,1242,False
2023-06-29 00:00:00+00:00,55.44,56.7,55.44,56.44,224902.0,56.283,1574,False
2023-06-30 00:00:00+00:00,56.79,57.5,56.39,56.44,307334.0,56.763,1998,False
2023-07-03 00:00:00+00:00,55.85,56.06,55.18,55.6,105767.0,55.746,681,False
2023-07-05 00:00:00+00:00,55.45,56.09,55.0,55.37,277129.0,55.39,1907,False
2023-07-06 00:00:00+00:00,55.2,55.59,54.6,55.23,216924.0,54.968,1677,False
2023-07-07 00:00:00+00:00,55.22,56.55,55.22,56.32,166914.0,56.225,1268,False
2023-07-10 00:00:00+00:00,56.41,57.6,56.41,57.36,96155.0,57.318,764,False
2023-07-11 00:00:00+00:00,57.36,57.8,57.17,57.39,156665.0,57.387,1007,False
2023-07-12 00:00:00+00:00,57.5,57.82,57.04,57.09,93354.0,57.285,645,False
2023-07-13 00:00:00+00:00,57.3,57.76,56.96,57.61,111551.0,57.526,954,False
2023-07-14 00:00:00+00:00,57.53,57.53,56.35,56.43,153474.0,56.666,1228,False
2023-07-17 00:00:00+00:00,56.19,57.52,56.08,57.43,187525.0,57.184,608,False
2023-07-18 00:00:00+00:00,57.15,58.83,57.15,58.66,178470.0,58.474,1369,False
2023-07-19 00:00:00+00:00,58.38,59.26,57.93,58.26,178029.0,58.37,1298,False
2023-07-20 00:00:00+00:00,58.76,58.76,56.97,57.21,136167.0,57.465,1123,False
2023-07-21 00:00:00+00:00,57.37,57.37,56.55,56.61,123919.0,56.779,984,False
2023-07-24 00:00:00+00:00,56.54,57.24,56.46,57.1,96388.0,57.007,764,False
2023-07-25 00:00:00+00:00,56.71,57.86,56.53,57.56,126588.0,57.583,1004,False
2023-07-26 00:00:00+00:00,57.45,58.58,57.34,57.95,144618.0,57.97,950,False
2023-07-27 00:00:00+00:00,58.3,58.52,57.71,57.88,79781.0,58.138,629,False
2023-07-28 00:00:00+00:00,58.39,58.39,56.99,57.17,142075.0,57.442,1083,False
2023-07-31 00:00:00+00:00,57.3,59.2,57.3,59.15,215514.0,58.724,1570,False
2023-08-01 00:00:00+00:00,58.53,59.11,58.3,59.07,105064.0,58.771,757,False
2023-08-02 00:00:00+00:00,58.65,59.05,57.74,57.74,220453.0,58.136,1460,False
2023-08-03 00:00:00+00:00,57.55,58.11,57.11,58.02,152104.0,57.774,1093,False
2023-08-04 00:00:00+00:00,58.0,58.15,56.57,56.65,177264.0,57.047,1429,False
2023-08-07 00:00:00+00:00,56.65,57.8,56.47,57.45,220941.0,57.38,1655,False
2023-08-08 00:00:00+00:00,58.0,63.36,58.0,62.53,537047.0,62.014,3356,False
2023-08-09 00:00:00+00:00,62.22,62.4,59.92,60.6,226399.0,60.652,1636,False
2023-08-10 00:00:00+00:00,60.58,61.65,60.16,60.97,107678.0,60.803,823,False
2023-08-11 00:00:00+00:00,61.26,61.46,60.0,60.26,111869.0,60.569,901,False
2023-08-14 00:00:00+00:00,60.34,60.77,59.5,60.55,84498.0,60.237,625,False
2023-08-15 00:00:00+00:00,60.43,60.71,59.92,60.29,84777.0,60.363,712,False
2023-08-16 00:00:00+00:00,60.29,61.17,59.68,60.27,250939.0,60.138,1442,False
2023-08-17 00:00:00+00:00,59.91,60.97,59.34,59.34,134299.0,59.953,971,False
2023-08-18 00:00:00+00:00,58.95,59.89,58.69,59.58,82159.0,59.547,651,False
2023-08-21 00:00:00+00:00,59.62,59.62,58.69,59.12,122168.0,59.131,928,False
2023-08-22 00:00:00+00:00,59.54,59.54,58.78,58.96,98392.0,59.027,626,False
2023-08-23 00:00:00+00:00,59.09,60.22,58.85,59.93,105199.0,59.665,764,False
2023-08-24 00:00:00+00:00,59.86,60.28,59.2,59.21,80982.0,59.616,601,False
2023-08-25 00:00:00+00:00,59.13,59.49,58.4,58.93,164771.0,58.829,1353,False
2023-08-28 00:00:00+00:00,59.11,60.82,59.0,59.85,108393.0,60.196,805,False
2023-08-29 00:00:00+00:00,58.97,59.84,58.69,59.15,135614.0,59.29,944,False
2023-08-30 00:00:00+00:00,59.29,60.23,59.2,59.48,122832.0,59.678,798,False
2023-08-31 00:00:00+00:00,59.0,59.89,59.0,59.36,110502.0,59.379,811,False
2023-09-01 00:00:00+00:00,59.5,60.46,59.5,60.35,106507.0,60.148,619,False
2023-09-05 00:00:00+00:00,59.74,59.74,56.76,57.33,98659.0,57.701,686,False
2023-09-06 00:00:00+00:00,57.49,58.12,57.33,57.89,102978.0,57.68,722,False
2023-09-07 00:00:00+00:00,57.72,57.72,56.44,57.63,114994.0,57.151,715,False
2023-09-08 00:00:00+00:00,57.63,58.04,57.22,57.39,49907.0,57.422,387,False
2023-09-11 00:00:00+00:00,57.74,57.84,57.01,57.09,76691.0,57.331,602,False
2023-09-12 00:00:00+00:00,56.83,57.95,56.5,57.2,90466.0,57.396,664,False
2023-09-13 00:00:00+00:00,57.02,57.28,56.6,57.13,151814.0,56.923,1045,False
2023-09-14 00:00:00+00:00,57.5,57.68,56.81,57.67,78778.0,57.327,575,False
2023-09-15 00:00:00+00:00,57.37,57.41,56.39,57.21,210415.0,57.107,1252,False
2023-09-18 00:00:00+00:00,57.34,58.21,57.34,57.9,70872.0,57.847,489,False
2023-09-19 00:00:00+00:00,57.88,58.72,57.64,58.53,79393.0,58.311,567,False
2023-09-20 00:00:00+00:00,58.99,59.34,57.37,57.38,50767.0,58.087,383,False
2023-09-21 00:00:00+00:00,57.13,57.41,56.42,56.62,63368.0,56.856,432,False
2023-09-22 00:00:00+00:00,56.55,57.28,56.17,56.35,125213.0,56.502,1091,False
2023-09-25 00:00:00+00:00,55.92,56.69,55.77,56.5,95363.0,56.323,650,False
2023-09-26 00:00:00+00:00,56.41,56.55,55.13,55.36,67846.0,55.527,585,False
2023-09-27 00:00:00+00:00,55.36,56.22,55.22,55.52,131372.0,55.676,853,False
2023-09-28 00:00:00+00:00,55.52,56.66,55.01,56.15,139479.0,56.095,1078,False
2023-09-29 00:00:00+00:00,56.15,56.42,55.29,55.57,176449.0,55.669,1288,False
2023-10-02 00:00:00+00:00,55.43,55.69,54.37,54.46,187787.0,54.762,1393,False
2023-10-03 00:00:00+00:00,53.86,54.42,52.81,53.02,162251.0,53.228,1335,False
2023-10-04 00:00:00+00:00,52.67,53.67,52.31,53.54,172713.0,53.213,987,False
2023-10-05 00:00:00+00:00,53.59,54.2,53.29,53.78,148448.0,53.739,819,False
2023-10-06 00:00:00+00:00,53.68,54.8,53.5,54.68,164522.0,54.527,895,False
2023-10-09 00:00:00+00:00,54.53,55.19,54.39,55.0,74616.0,54.948,458,False
2023-10-10 00:00:00+00:00,55.4,55.86,54.89,54.97,127998.0,55.411,763,False
2023-10-11 00:00:00+00:00,55.06,55.58,54.4,54.69,61668.0,54.792,408,False
2023-10-12 00:00:00+00:00,54.57,54.58,52.95,53.19,80099.0,53.682,508,False
2023-10-13 00:00:00+00:00,53.02,53.02,52.11,52.68,122432.0,52.535,961,False
2023-10-16 00:00:00+00:00,53.21,53.68,52.67,52.72,112420.0,52.921,850,False
2023-10-17 00:00:00+00:00,52.53,54.11,52.2,53.92,105481.0,53.538,794,False
2023-10-18 00:00:00+00:00,53.3,53.3,51.58,51.6,156086.0,52.341,783,False
2023-10-19 00:00:00+00:00,51.41,51.96,50.95,51.58,145334.0,51.382,1010,False
2023-10-20 00:00:00+00:00,51.83,51.85,50.75,50.77,83914.0,51.151,489,False
2023-10-23 00:00:00+00:00,50.72,51.27,50.31,50.51,68004.0,50.8,563,False
2023-10-24 00:00:00+00:00,51.05,51.84,50.5,51.76,154059.0,51.451,1127,False
2023-10-25 00:00:00+00:00,51.6,53.26,51.6,52.61,129668.0,52.679,985,False
2023-10-26 00:00:00+00:00,52.77,53.22,51.69,51.82,74651.0,52.159,572,False
2023-10-27 00:00:00+00:00,51.77,52.03,50.62,50.89,72204.0,51.086,540,False
2023-10-30 00:00:00+00:00,51.22,51.22,50.55,50.9,94867.0,50.843,733,False
2023-10-31 00:00:00+00:00,50.74,52.01,50.48,52.0,111255.0,51.742,694,False
2023-11-01 00:00:00+00:00,51.46,52.99,51.46,52.77,97309.0,52.514,745,False
2023-11-02 00:00:00+00:00,53.33,53.8,53.03,53.19,78616.0,53.328,526,False
2023-11-03 00:00:00+00:00,54.4,54.9,54.11,54.21,62790.0,54.481,479,False
2023-11-06 00:00:00+00:00,53.94,54.47,53.58,53.83,140412.0,54.071,985,False
2023-11-07 00:00:00+00:00,53.3,53.3,48.42,49.77,485964.0,49.522,2488,False
2023-11-08 00:00:00+00:00,49.94,50.83,49.4,49.53,183881.0,49.831,1186,False
2023-11-09 00:00:00+00:00,50.25,50.72,49.66,49.98,147382.0,50.123,1095,False
2023-11-10 00:00:00+00:00,50.44,51.12,49.88,51.06,151495.0,50.736,1137,False
2023-11-13 00:00:00+00:00,51.0,51.64,50.85,51.1,81002.0,51.241,700,False
2023-11-14 00:00:00+00:00,52.06,53.32,51.78,53.3,114238.0,52.911,854,False
2023-11-15 00:00:00+00:00,53.07,53.95,51.84,52.34,379389.0,52.766,1726,False
2023-11-16 00:00:00+00:00,52.47,53.19,51.43,51.56,218641.0,51.803,1306,False
2023-11-17 00:00:00+00:00,51.72,53.31,51.25,53.2,272539.0,52.637,1673,False
2023-11-20 00:00:00+00:00,53.24,53.25,52.57,52.93,104363.0,52.975,795,False
2023-11-21 00:00:00+00:00,52.78,53.23,52.36,52.45,81910.0,52.687,667,False
2023-11-22 00:00:00+00:00,52.9,53.21,52.11,52.63,66032.0,52.497,500,False
2023-11-24 00:00:00+00:00,52.8,52.98,52.39,52.83,37981.0,52.733,338,False
2023-11-27 00:00:00+00:00,52.6,52.82,51.92,52.07,92989.0,52.175,684,False
2023-11-28 00:00:00+00:00,52.03,52.08,50.97,51.05,104629.0,51.545,683,False
2023-11-29 00:00:00+00:00,51.33,51.59,50.4,51.06,118792.0,50.85,841,False
2023-11-30 00:00:00+00:00,51.5,51.64,51.01,51.46,123214.0,51.332,779,False
2023-12-01 00:00:00+00:00,51.4,53.29,51.36,52.95,236865.0,52.628,1738,False
2023-12-04 00:00:00+00:00,52.6,53.62,52.33,53.15,231286.0,53.025,1351,False
2023-12-05 00:00:00+00:00,52.9,54.09,51.95,51.96,254181.0,52.864,1335,False
2023-12-06 00:00:00+00:00,52.28,52.55,50.5,50.54,189040.0,51.121,1236,False
2023-12-07 00:00:00+00:00,50.92,51.26,50.31,51.24,355162.0,50.807,2302,False
2023-12-08 00:00:00+00:00,51.4,51.95,50.76,51.09,177185.0,51.081,1455,False
2023-12-11 00:00:00+00:00,50.93,51.5,50.31,51.18,204021.0,51.064,1667,False
2023-12-12 00:00:00+00:00,51.05,51.28,50.63,50.66,107894.0,50.924,909,False
2023-12-13 00:00:00+00:00,50.83,52.15,50.37,51.85,197115.0,51.254,909,False
2023-12-14 00:00:00+00:00,52.79,53.33,52.08,53.11,164022.0,53.056,951,False
2023-12-15 00:00:00+00:00,52.93,53.53,52.93,53.51,1297782.0,53.406,1679,False
2023-12-18 00:00:00+00:00,53.35,57.27,53.12,56.95,534148.0,56.262,3397,False
2023-12-19 00:00:00+00:00,56.95,57.2,55.95,56.93,170825.0,56.649,948,False
2023-12-20 00:00:00+00:00,56.99,57.85,56.52,57.1,159598.0,57.174,1117,False
2023-12-21 00:00:00+00:00,57.56,58.35,57.02,58.3,149193.0,57.828,1074,False
2023-12-22 00:00:00+00:00,58.8,59.36,58.59,59.24,140141.0,59.117,1071,False
2023-12-26 00:00:00+00:00,59.2,59.47,58.76,58.8,116251.0,59.002,892,False
2023-12-27 00:00:00+00:00,58.98,58.98,58.2,58.35,67606.0,58.471,566,False
2023-12-28 00:00:00+00:00,58.15,58.32,57.45,57.69,130532.0,57.721,987,False
2023-12-29 00:00:00+00:00,57.44,57.54,56.65,56.87,116958.0,56.89,977,False
2024-01-02 00:00:00+00:00,56.48,57.37,56.11,57.09,182937.0,57.043,1312,False
2024-01-03 00:00:00+00:00,56.84,56.84,54.35,54.39,182440.0,55.388,1342,False
2024-01-04 00:00:00+00:00,54.4,54.95,53.91,53.99,211414.0,54.437,1589,False
2024-01-05 00:00:00+00:00,53.63,54.58,53.5,54.23,257696.0,54.177,878,False
2024-01-08 00:00:00+00:00,54.38,55.12,54.22,55.04,71399.0,54.838,527,False
2024-01-09 00:00:00+00:00,54.51,54.67,54.16,54.45,83337.0,54.352,594,False
2024-01-10 00:00:00+00:00,54.37,55.04,54.13,55.02,123610.0,54.768,561,False
2024-01-11 00:00:00+00:00,55.0,55.62,54.31,55.6,147653.0,55.045,1140,False
2024-01-12 00:00:00+00:00,56.13,56.18,55.07,55.42,107116.0,55.418,785,False
2024-01-16 00:00:00+00:00,55.08,55.08,54.15,54.52,123820.0,54.528,956,False
2024-01-17 00:00:00+00:00,53.92,55.07,53.73,54.93,167594.0,54.604,1254,False
2024-01-18 00:00:00+00:00,55.77,56.52,55.17,55.8,163684.0,55.656,1293,False
2024-01-19 00:00:00+00:00,56.25,57.44,55.28,57.4,256895.0,56.377,1451,False
2024-01-22 00:00:00+00:00,57.72,58.82,57.72,58.77,217118.0,58.525,1581,False
2024-01-23 00:00:00+00:00,58.8,58.82,57.98,58.7,166992.0,58.505,1187,False
2024-01-24 00:00:00+00:00,59.05,59.05,57.25,57.71,192452.0,58.023,1134,False
2024-01-25 00:00:00+00:00,58.47,58.89,57.53,58.3,140810.0,58.025,490,False
2024-01-26 00:00:00+00:00,58.63,58.7,57.85,58.02,128990.0,58.136,783,False
2024-01-29 00:00:00+00:00,57.86,58.36,57.67,58.2,86818.0,58.076,579,False
2024-01-30 00:00:00+00:00,58.31,59.56,58.31,59.45,107824.0,59.244,822,False
2024-01-31 00:00:00+00:00,59.45,59.54,58.17,58.28,163280.0,58.684,1151,False
2024-02-01 00:00:00+00:00,58.54,59.37,58.08,59.09,109499.0,58.789,787,False
2024-02-02 00:00:00+00:00,58.74,60.19,57.95,59.6,93864.0,59.492,742,False
2024-02-05 00:00:00+00:00,59.01,59.25,58.34,58.66,80900.0,58.786,573,False
2024-02-06 00:00:00+00:00,58.73,59.03,58.36,58.76,70085.0,58.772,506,False
2024-02-07 00:00:00+00:00,58.87,59.05,58.4,58.86,96523.0,58.773,647,False
2024-02-08 00:00:00+00:00,58.88,59.24,58.56,59.16,115875.0,58.887,850,False
2024-02-09 00:00:00+00:00,59.43,60.44,59.41,60.19,147820.0,60.148,996,False
2024-02-12 00:00:00+00:00,60.25,60.54,59.9,60.11,159044.0,60.138,1065,False
2024-02-13 00:00:00+00:00,58.87,59.28,58.09,58.7,171185.0,58.622,1047,False
2024-02-14 00:00:00+00:00,59.24,60.12,58.91,60.07,169763.0,59.694,920,False
2024-02-15 00:00:00+00:00,59.81,61.24,56.01,58.76,490611.0,58.2,3193,False
2024-02-16 00:00:00+00:00,59.1,59.75,58.66,58.79,260584.0,59.231,1682,False
2024-02-20 00:00:00+00:00,58.09,59.19,57.5,58.53,269135.0,58.267,1638,False
2024-02-21 00:00:00+00:00,58.44,58.79,58.13,58.59,164152.0,58.452,1321,False
2024-02-22 00:00:00+00:00,59.05,60.6,58.89,60.2,207385.0,59.924,1233,False
2024-02-23 00:00:00+00:00,60.53,60.9,60.24,60.56,119217.0,60.563,885,False
2024-02-26 00:00:00+00:00,60.37,61.22,60.37,60.82,103253.0,60.889,833,False
2024-02-27 00:00:00+00:00,61.02,61.07,58.62,58.72,199962.0,59.262,1462,False
2024-02-28 00:00:00+00:00,58.01,58.97,57.82,58.0,126885.0,58.163,870,False
2024-02-29 00:00:00+00:00,58.29,58.54,57.62,58.42,164445.0,58.09,1127,False
2024-03-01 00:00:00+00:00,58.54,59.26,57.68,59.25,202345.0,58.676,1288,False
2024-03-04 00:00:00+00:00,59.45,60.45,59.3,59.52,138029.0,59.893,939,False
2024-03-05 00:00:00+00:00,59.4,60.12,58.52,59.14,143156.0,59.326,1045,False
2024-03-06 00:00:00+00:00,59.52,60.0,59.23,59.77,107545.0,59.704,609,False
2024-03-07 00:00:00+00:00,60.06,60.5,59.78,60.23,103649.0,60.087,770,False
2024-03-08 00:00:00+00:00,60.55,60.84,59.57,59.59,78358.0,60.064,574,False
2024-03-11 00:00:00+00:00,59.41,60.37,57.56,59.6,265907.0,59.437,2018,False
2024-03-12 00:00:00+00:00,59.7,60.4,59.03,60.28,142665.0,59.959,1131,False
2024-03-13 00:00:00+00:00,60.43,61.56,60.2,60.79,195083.0,60.969,1232,False
2024-03-14 00:00:00+00:00,60.83,61.0,59.56,59.89,205674.0,60.071,1230,False
2024-03-15 00:00:00+00:00,59.59,61.11,59.51,60.75,259476.0,60.63,1494,False
2024-03-18 00:00:00+00:00,61.77,62.29,60.45,60.62,226581.0,61.417,1353,False
2024-03-19 00:00:00+00:00,60.71,61.05,59.77,60.46,281030.0,60.116,1213,False
2024-03-20 00:00:00+00:00,60.16,60.54,59.85,60.34,98980.0,60.202,694,False
2024-03-21 00:00:00+00:00,60.64,61.34,60.64,60.9,107594.0,60.986,843,False
2024-03-22 00:00:00+00:00,61.31,61.31,60.29,60.82,85252.0,60.71,533,False
2024-03-25 00:00:00+00:00,60.82,61.15,60.34,60.34,118729.0,60.611,657,False
2024-03-26 00:00:00+00:00,60.45,60.55,59.94,59.95,94372.0,60.275,610,False
2024-03-27 00:00:00+00:00,60.13,61.59,60.13,61.54,199733.0,61.16,1466,False
2024-03-28 00:00:00+00:00,61.46,62.16,61.05,61.9,115364.0,61.846,564,False
2024-04-01 00:00:00+00:00,61.9,62.21,60.91,61.02,90305.0,61.241,709,False
2024-04-02 00:00:00+00:00,60.64,60.64,59.25,59.6,107381.0,59.677,815,False
2024-04-03 00:00:00+00:00,59.24,59.7,58.3,58.5,112599.0,59.102,910,False
2024-04-04 00:00:00+00:00,59.0,59.25,57.18,57.51,102942.0,58.033,750,False
2024-04-05 00:00:00+00:00,57.45,58.15,57.45,57.71,79721.0,57.816,597,False
2024-04-08 00:00:00+00:00,58.67,60.35,58.42,59.95,288782.0,59.936,1687,False
2024-04-09 00:00:00+00:00,60.46,62.11,59.61,62.09,178364.0,61.215,1374,False
2024-04-10 00:00:00+00:00,61.04,61.82,60.8,61.71,128456.0,61.498,998,False
2024-04-11 00:00:00+00:00,62.15,62.5,61.1,62.5,173688.0,62.024,1116,False
2024-04-12 00:00:00+00:00,62.07,62.48,60.51,60.91,123092.0,61.183,809,False
2024-04-15 00:00:00+00:00,61.66,61.88,60.54,61.03,216718.0,61.036,1748,False
2024-04-16 00:00:00+00:00,60.94,61.51,59.83,61.38,82691.0,61.016,673,False
2024-04-17 00:00:00+00:00,61.73,62.16,60.98,61.44,182555.0,61.509,1190,False
2024-04-18 00:00:00+00:00,61.9,62.35,61.24,61.37,159891.0,61.589,1238,False
2024-04-19 00:00:00+00:00,61.82,62.23,60.9,61.33,160740.0,61.526,1237,False
2024-04-22 00:00:00+00:00,61.67,62.54,61.2,61.79,141996.0,61.993,1094,False
2024-04-23 00:00:00+00:00,62.05,63.89,62.05,63.24,86506.0,63.218,696,False
2024-04-24 00:00:00+00:00,62.96,63.57,62.26,62.87,73385.0,62.763,583,False
2024-04-25 00:00:00+00:00,62.8,62.8,62.06,62.52,67374.0,62.513,487,False
2024-04-26 00:00:00+00:00,62.52,63.14,62.3,62.65,67478.0,62.846,526,False
2024-04-29 00:00:00+00:00,63.0,63.15,62.52,62.59,82073.0,62.8,588,False
2024-04-30 00:00:00+00:00,62.11,62.37,60.74,60.81,79287.0,61.392,615,False
2024-05-01 00:00:00+00:00,60.48,60.8,59.5,59.62,99634.0,59.901,792,False
2024-05-02 00:00:00+00:00,60.17,60.96,59.82,60.96,54502.0,60.567,431,False
2024-05-03 00:00:00+00:00,61.77,62.24,61.15,61.52,56408.0,61.518,479,False
2024-05-06 00:00:00+00:00,62.14,63.27,61.94,62.04,69932.0,62.362,561,False
2024-05-07 00:00:00+00:00,62.35,63.61,62.19,62.68,116647.0,62.979,842,False
2024-05-08 00:00:00+00:00,62.46,62.58,61.69,61.98,82455.0,61.963,609,False
2024-05-09 00:00:00+00:00,62.89,62.89,59.03,60.62,219678.0,60.136,1688,False
2024-05-10 00:00:00+00:00,60.8,61.77,59.87,60.24,107808.0,60.28,813,False
2024-05-13 00:00:00+00:00,60.59,61.1,59.93,60.57,205730.0,60.508,1529,False
2024-05-14 00:00:00+00:00,60.87,61.16,60.11,60.66,105515.0,60.654,821,False
2024-05-15 00:00:00+00:00,61.46,63.0,61.21,61.52,113698.0,61.872,889,False
2024-05-16 00:00:00+00:00,61.33,61.43,60.03,60.27,110776.0,60.368,853,False
2024-05-17 00:00:00+00:00,60.43,60.52,59.98,60.41,67161.0,60.284,496,False
2024-05-20 00:00:00+00:00,60.49,60.96,60.18,60.77,87958.0,60.627,696,False
2024-05-21 00:00:00+00:00,60.49,61.24,60.49,61.06,67219.0,60.958,563,False
2024-05-22 00:00:00+00:00,61.0,61.34,60.57,60.98,71549.0,60.899,540,False
2024-05-23 00:00:00+00:00,61.27,61.27,60.44,60.96,83440.0,60.887,636,False
2024-05-24 00:00:00+00:00,61.37,61.81,61.31,61.58,40772.0,61.573,300,False
2024-05-28 00:00:00+00:00,61.89,62.2,61.5,61.66,87339.0,61.776,714,False
2024-05-29 00:00:00+00:00,61.01,61.27,60.42,60.83,95708.0,60.706,728,False
2024-05-30 00:00:00+00:00,61.65,62.99,61.15,62.69,120805.0,62.499,924,False
2024-05-31 00:00:00+00:00,62.89,63.29,62.42,63.22,86608.0,62.919,660,False
2024-06-03 00:00:00+00:00,63.69,63.69,61.24,61.47,88810.0,61.783,734,False
2024-06-04 00:00:00+00:00,61.25,61.25,59.9,60.58,113142.0,60.452,754,False
2024-06-05 00:00:00+00:00,61.1,62.13,60.49,62.05,75873.0,61.755,598,False
2024-06-06 00:00:00+00:00,61.83,62.15,60.77,61.05,147392.0,61.301,1220,False
2024-06-07 00:00:00+00:00,60.74,61.2,60.2,61.01,60348.0,60.894,453,False
2024-06-10 00:00:00+00:00,60.51,61.51,60.23,60.98,101729.0,61.071,717,False
2024-06-11 00:00:00+00:00,60.77,60.92,59.96,60.0,105897.0,60.191,679,False
2024-06-12 00:00:00+00:00,60.81,61.34,60.36,60.78,171583.0,60.781,902,False
2024-06-13 00:00:00+00:00,60.55,60.98,59.33,60.63,118411.0,60.236,860,False
2024-06-14 00:00:00+00:00,59.82,60.39,59.82,60.37,141233.0,60.171,1023,False
2024-06-17 00:00:00+00:00,60.37,62.19,60.24,61.98,80409.0,61.614,641,False
2024-06-18 00:00:00+00:00,62.09,63.52,61.86,63.25,140875.0,63.064,1101,False
2024-06-20 00:00:00+00:00,63.02,63.96,62.94,63.8,164442.0,63.616,1191,False
2024-06-21 00:00:00+00:00,64.22,64.8,63.12,64.62,384568.0,64.089,2221,False
2024-06-24 00:00:00+00:00,64.32,64.5,62.42,62.45,130864.0,63.217,986,False
2024-06-25 00:00:00+00:00,62.78,63.01,60.9,61.36,121197.0,61.397,868,False
2024-06-26 00:00:00+00:00,61.19,61.19,60.1,60.45,115357.0,60.453,876,False
2024-06-27 00:00:00+00:00,60.76,60.88,60.07,60.12,112160.0,60.267,934,False
2024-06-28 00:00:00+00:00,60.64,61.44,60.02,61.42,95977.0,61.084,664,False
2024-07-01 00:00:00+00:00,61.75,61.9,59.38,59.61,147169.0,60.348,678,False
2024-07-02 00:00:00+00:00,59.44,59.93,59.25,59.48,256296.0,59.544,1326,False
2024-07-03 00:00:00+00:00,59.88,59.88,58.61,58.83,145446.0,59.073,876,False
2024-07-05 00:00:00+00:00,58.7,59.03,56.5,56.9,235020.0,57.049,1532,False
2024-07-08 00:00:00+00:00,57.37,57.46,56.71,56.74,242184.0,57.072,1833,False
2024-07-09 00:00:00+00:00,56.61,56.72,55.48,55.63,374121.0,55.734,2134,False
2024-07-10 00:00:00+00:00,55.8,56.43,55.78,56.39,173045.0,56.132,1046,False
2024-07-11 00:00:00+00:00,56.75,57.62,56.75,57.02,130769.0,57.213,845,False
2024-07-12 00:00:00+00:00,57.83,57.91,56.86,57.14,249117.0,57.348,1498,False
2024-07-15 00:00:00+00:00,57.48,59.1,57.24,59.0,214048.0,58.476,1345,False
2024-07-16 00:00:00+00:00,59.3,60.53,58.97,60.39,125027.0,59.967,921,False
2024-07-17 00:00:00+00:00,59.93,61.12,59.85,60.45,151801.0,60.603,1074,False
2024-07-18 00:00:00+00:00,60.26,60.69,57.4,57.94,138595.0,58.124,1040,False
2024-07-19 00:00:00+00:00,58.41,59.4,57.67,59.22,154363.0,58.583,736,False
2024-07-22 00:00:00+00:00,59.52,61.65,59.52,61.57,110162.0,60.782,693,False
2024-07-23 00:00:00+00:00,61.49,62.61,61.29,62.38,83194.0,62.152,647,False
2024-07-24 00:00:00+00:00,62.2,62.99,60.7,60.72,173279.0,62.145,674,False
2024-07-25 00:00:00+00:00,60.74,62.2,60.4,61.39,105005.0,61.532,591,False
2024-07-26 00:00:00+00:00,62.39,63.93,61.8,63.84,115836.0,63.069,801,False
2024-07-29 00:00:00+00:00,64.0,64.28,63.25,63.62,83665.0,63.745,531,False
2024-07-30 00:00:00+00:00,64.23,64.23,61.84,61.87,76726.0,62.6,566,False
2024-07-31 00:00:00+00:00,62.64,64.16,61.94,62.88,72154.0,63.174,479,False
2024-08-01 00:00:00+00:00,62.6,63.29,59.62,60.48,78685.0,60.58,616,False
2024-08-02 00:00:00+00:00,58.57,58.8,57.4,58.44,121784.0,58.343,864,False
2024-08-05 00:00:00+00:00,55.78,57.24,55.5,56.77,166156.0,56.59,1257,False
2024-08-06 00:00:00+00:00,57.34,57.81,55.34,55.42,180980.0,56.091,1362,False
2024-08-07 00:00:00+00:00,56.47,56.85,54.29,54.29,118910.0,54.912,934,False
2024-08-08 00:00:00+00:00,55.65,57.44,54.18,56.5,313002.0,56.647,2307,False
2024-08-09 00:00:00+00:00,56.14,56.75,55.05,56.72,457579.0,56.213,3338,False
2024-08-12 00:00:00+00:00,56.72,57.22,54.49,54.99,155445.0,55.431,1163,False
2024-08-13 00:00:00+00:00,55.75,56.36,55.11,56.32,160738.0,55.855,953,False
2024-08-14 00:00:00+00:00,56.4,56.53,55.81,56.13,120799.0,56.106,820,False
2024-08-15 00:00:00+00:00,57.41,58.4,57.12,57.86,154040.0,57.818,1166,False
2024-08-16 00:00:00+00:00,58.01,58.39,57.2,57.81,79927.0,57.631,626,False
2024-08-19 00:00:00+00:00,57.84,58.17,57.32,58.02,64299.0,57.84,538,False
2024-08-20 00:00:00+00:00,57.75,58.11,56.83,57.0,114604.0,57.12,736,False
2024-08-21 00:00:00+00:00,58.33,58.33,57.16,57.91,121248.0,57.82,812,False
2024-08-22 00:00:00+00:00,57.98,58.36,56.92,56.95,222812.0,57.529,1078,False
2024-08-23 00:00:00+00:00,57.25,59.19,56.78,58.75,184626.0,58.14,872,False
2024-08-26 00:00:00+00:00,59.0,59.42,57.92,58.28,159185.0,58.355,1027,False
2024-08-27 00:00:00+00:00,58.16,58.52,57.68,58.33,149272.0,58.18,532,False
2024-08-28 00:00:00+00:00,58.23,59.24,57.85,58.35,150730.0,58.542,935,False
2024-08-29 00:00:00+00:00,58.8,59.21,58.23,58.37,124146.0,58.655,666,False
2024-08-30 00:00:00+00:00,58.49,59.1,57.76,58.75,219864.0,58.592,946,False
2024-09-03 00:00:00+00:00,58.02,58.28,55.7,56.15,224936.0,56.208,1202,False
2024-09-04 00:00:00+00:00,55.82,56.49,55.39,56.47,179329.0,55.945,1114,False
2024-09-05 00:00:00+00:00,56.5,57.08,56.11,56.83,298251.0,56.824,2133,False
2024-09-06 00:00:00+00:00,56.82,57.22,55.67,55.68,241479.0,56.176,1567,False
2024-09-09 00:00:00+00:00,55.98,56.38,55.03,55.47,204072.0,55.556,1372,False
2024-09-10 00:00:00+00:00,55.48,55.91,54.58,55.57,101669.0,55.444,693,False
2024-09-11 00:00:00+00:00,55.57,56.38,54.09,56.09,103447.0,55.827,672,False
2024-09-12 00:00:00+00:00,56.79,58.08,56.21,57.92,166059.0,57.555,976,False
2024-09-13 00:00:00+00:00,58.67,59.2,58.04,58.29,134825.0,58.55,818,False
2024-09-16 00:00:00+00:00,58.29,58.66,57.5,57.77,211318.0,57.918,1360,False
2024-09-17 00:00:00+00:00,58.28,59.0,57.52,57.94,213575.0,58.011,1394,False
2024-09-18 00:00:00+00:00,58.15,58.98,57.6,58.3,174758.0,58.13,945,False
2024-09-19 00:00:00+00:00,59.5,59.97,59.13,59.86,190299.0,59.579,1141,False
2024-09-20 00:00:00+00:00,59.27,59.45,58.28,59.0,384787.0,58.928,2805,False
2024-09-23 00:00:00+00:00,59.29,59.38,58.49,58.53,192671.0,58.857,1167,False
2024-09-24 00:00:00+00:00,58.95,60.05,58.95,59.64,319928.0,59.668,2179,False
2024-09-25 00:00:00+00:00,59.87,59.87,55.0,55.4,485195.0,56.364,2461,False
2024-09-26 00:00:00+00:00,55.76,56.18,54.87,55.73,286919.0,55.613,2042,False
2024-09-27 00:00:00+00:00,56.19,57.14,55.26,55.79,184833.0,56.287,1036,False
2024-09-30 00:00:00+00:00,55.29,56.35,55.29,56.1,165828.0,55.876,920,False
2024-10-01 00:00:00+00:00,56.01,56.01,54.51,55.02,120712.0,54.932,820,False
2024-10-02 00:00:00+00:00,55.1,56.1,55.06,55.83,255919.0,55.768,1713,False
2024-10-03 00:00:00+00:00,55.46,56.16,55.07,55.31,163899.0,55.454,1197,False
2024-10-04 00:00:00+00:00,56.3,56.3,55.34,55.88,317106.0,55.941,2188,False
2024-10-07 00:00:00+00:00,55.36,55.58,54.2,54.41,111059.0,54.809,781,False
2024-10-08 00:00:00+00:00,54.46,54.49,53.59,53.73,166023.0,53.911,894,False
2024-10-09 00:00:00+00:00,53.86,54.34,53.59,54.02,214151.0,54.025,1359,False
2024-10-10 00:00:00+00:00,53.72,54.33,53.34,54.05,121356.0,54.033,747,False
2024-10-11 00:00:00+00:00,53.94,55.3,53.94,55.06,83142.0,54.972,628,False
2024-10-14 00:00:00+00:00,55.19,55.45,54.82,55.03,73764.0,55.025,582,False
2024-10-15 00:00:00+00:00,55.64,56.74,54.75,54.8,227517.0,55.685,1770,False
2024-10-16 00:00:00+00:00,55.1,56.0,54.71,55.6,175503.0,55.524,1263,False
2024-10-17 00:00:00+00:00,56.97,58.27,56.01,57.92,302767.0,57.584,2067,False
2024-10-18 00:00:00+00:00,58.0,58.21,56.93,58.21,259742.0,57.688,1197,False
2024-10-21 00:00:00+00:00,58.17,58.49,56.73,56.85,294813.0,57.67,1285,False
2024-10-22 00:00:00+00:00,56.57,56.7,54.94,55.61,219373.0,55.687,1290,False
2024-10-23 00:00:00+00:00,55.3,55.93,54.29,54.87,110457.0,54.972,781,False
2024-10-24 00:00:00+00:00,55.25,55.25,54.34,54.73,88745.0,54.824,610,False
2024-10-25 00:00:00+00:00,55.09,55.73,54.65,55.26,89224.0,55.088,614,False
2024-10-28 00:00:00+00:00,55.6,55.82,55.31,55.67,95628.0,55.596,697,False
2024-10-29 00:00:00+00:00,55.29,56.19,55.29,55.74,121964.0,55.7,926,False
2024-10-30 00:00:00+00:00,55.61,56.69,55.55,55.61,60692.0,55.876,471,False
2024-10-31 00:00:00+00:00,55.37,55.64,54.18,54.27,349508.0,54.519,1954,False
2024-11-01 00:00:00+00:00,54.53,54.98,53.74,53.98,244292.0,54.272,1370,False
2024-11-04 00:00:00+00:00,53.59,54.2,52.89,53.35,159266.0,53.437,1245,False
2024-11-05 00:00:00+00:00,53.02,54.34,52.9,54.0,243535.0,53.886,1441,False
2024-11-06 00:00:00+00:00,56.76,57.5,56.12,57.02,418778.0,56.818,2799,False
2024-11-07 00:00:00+00:00,57.0,58.16,55.14,56.92,431253.0,56.569,3286,False
2024-11-08 00:00:00+00:00,56.79,57.33,56.21,56.68,218763.0,56.959,1263,False
2024-11-11 00:00:00+00:00,56.69,57.14,56.03,56.36,141313.0,56.585,852,False
2024-11-12 00:00:00+00:00,56.24,57.23,56.16,56.53,224931.0,56.711,1651,False
2024-11-13 00:00:00+00:00,56.62,56.62,55.36,55.64,93095.0,55.9,646,False
2024-11-14 00:00:00+00:00,55.71,56.0,54.35,55.29,209409.0,55.072,1266,False
2024-11-15 00:00:00+00:00,55.41,55.58,54.78,55.49,131850.0,55.339,874,False
2024-11-18 00:00:00+00:00,55.64,56.29,55.39,56.03,110347.0,55.993,694,False
2024-11-19 00:00:00+00:00,55.49,56.57,55.22,56.45,90763.0,56.263,658,False
2024-11-20 00:00:00+00:00,56.55,56.93,55.92,56.86,127696.0,56.544,863,False
2024-11-21 00:00:00+00:00,57.43,58.84,57.3,58.24,192859.0,58.531,1056,False
2024-11-22 00:00:00+00:00,58.64,60.25,58.36,60.11,311897.0,59.783,1314,False
2024-11-25 00:00:00+00:00,60.88,63.03,60.88,62.2,274708.0,62.155,1332,False
2024-11-26 00:00:00+00:00,62.06,64.0,61.99,63.24,335035.0,63.294,2309,False
2024-11-27 00:00:00+00:00,63.33,64.3,62.42,62.77,192858.0,62.924,1417,False
2024-11-29 00:00:00+00:00,62.74,63.31,62.44,62.68,129280.0,62.774,762,False
2024-12-02 00:00:00+00:00,62.74,63.52,61.89,63.21,231630.0,62.988,1384,False
2024-12-03 00:00:00+00:00,63.21,63.51,62.47,62.7,117070.0,62.954,869,False
2024-12-04 00:00:00+00:00,63.02,63.51,62.38,62.43,86439.0,62.798,599,False
2024-12-05 00:00:00+00:00,62.58,62.58,61.04,61.12,236035.0,61.475,1613,False
2024-12-06 00:00:00+00:00,61.56,61.63,60.58,60.67,90590.0,61.037,580,False
2024-12-09 00:00:00+00:00,61.31,61.87,60.65,61.13,80681.0,61.207,538,False
2024-12-10 00:00:00+00:00,61.14,62.11,60.21,61.78,104238.0,61.48,800,False
2024-12-11 00:00:00+00:00,61.87,62.41,61.03,61.29,97719.0,61.442,700,False
2024-12-12 00:00:00+00:00,61.0,61.49,60.48,60.78,63937.0,60.931,443,False
2024-12-13 00:00:00+00:00,60.75,60.82,59.67,59.84,126747.0,60.152,878,False
2024-12-16 00:00:00+00:00,59.58,60.54,59.13,60.29,163043.0,60.134,1116,False
2024-12-17 00:00:00+00:00,60.18,60.18,58.38,58.64,93852.0,58.918,744,False
2024-12-18 00:00:00+00:00,59.17,59.36,56.86,57.07,375949.0,57.477,2428,False
2024-12-19 00:00:00+00:00,57.54,57.54,56.64,56.96,362015.0,57.051,2349,False
2024-12-20 00:00:00+00:00,56.36,57.66,56.36,56.44,429019.0,57.118,2719,False
2024-12-23 00:00:00+00:00,56.49,56.95,56.23,56.81,119947.0,56.661,671,False
2024-12-24 00:00:00+00:00,56.69,57.61,56.37,57.58,45694.0,57.075,283,False
2024-12-26 00:00:00+00:00,57.33,58.22,57.09,58.2,119367.0,57.848,655,False
2024-12-27 00:00:00+00:00,57.63,58.31,57.03,58.01,128566.0,57.669,771,False
2024-12-30 00:00:00+00:00,57.3,58.18,56.68,58.15,183945.0,57.695,1109,False
2024-12-31 00:00:00+00:00,58.25,58.73,58.09,58.22,115236.0,58.321,843,False
2025-01-02 00:00:00+00:00,58.78,59.29,58.13,58.63,168387.0,58.716,1339,False
2025-01-03 00:00:00+00:00,58.81,59.79,58.65,59.62,139161.0,59.422,958,False
2025-01-06 00:00:00+00:00,60.0,61.04,60.0,60.31,216934.0,60.488,1623,False
2025-01-07 00:00:00+00:00,60.36,60.69,59.52,60.08,167316.0,60.059,1116,False
2025-01-08 00:00:00+00:00,59.56,61.77,59.32,61.45,182331.0,60.836,1322,False
2025-01-10 00:00:00+00:00,60.97,62.02,60.68,61.84,242132.0,61.5,1583,False
2025-01-13 00:00:00+00:00,61.13,62.38,61.13,62.31,252797.0,61.975,1827,False
2025-01-14 00:00:00+00:00,62.57,64.15,62.57,63.57,242514.0,63.529,1614,False
2025-01-15 00:00:00+00:00,65.0,65.14,63.9,64.29,191107.0,64.282,1265,False
2025-01-16 00:00:00+00:00,64.35,64.55,63.28,63.43,166655.0,63.883,1091,False
2025-01-17 00:00:00+00:00,64.17,64.17,63.55,63.72,151555.0,63.802,1231,False
2025-01-21 00:00:00+00:00,64.3,67.01,64.15,66.54,123820.0,66.232,765,False
2025-01-22 00:00:00+00:00,66.78,66.91,64.61,65.15,128251.0,65.391,1037,False
2025-01-23 00:00:00+00:00,64.64,65.78,64.61,65.32,158514.0,65.107,1262,False
2025-01-24 00:00:00+00:00,64.29,64.46,62.71,63.7,165677.0,63.523,1234,False
2025-01-27 00:00:00+00:00,63.32,63.65,62.65,63.37,250594.0,63.204,1839,False
2025-01-28 00:00:00+00:00,63.82,63.99,62.65,63.75,275381.0,63.307,1889,False
2025-01-29 00:00:00+00:00,63.9,64.63,63.16,63.46,128134.0,63.793,1018,False
2025-01-30 00:00:00+00:00,64.23,64.33,63.49,64.23,164082.0,64.017,1238,False
2025-01-31 00:00:00+00:00,64.45,64.75,63.24,63.97,191522.0,63.906,1525,False
2025-02-03 00:00:00+00:00,62.59,63.82,61.73,63.05,168056.0,63.105,1177,False
2025-02-04 00:00:00+00:00,62.85,64.03,62.34,63.86,116087.0,63.622,941,False
2025-02-05 00:00:00+00:00,64.35,64.88,63.42,64.86,132717.0,64.456,1032,False
2025-02-06 00:00:00+00:00,65.07,65.07,63.34,64.09,179438.0,64.0,1392,False
2025-02-07 00:00:00+00:00,64.42,64.42,61.1,61.9,290130.0,62.293,1699,False
2025-02-10 00:00:00+00:00,62.5,62.5,61.2,61.51,160960.0,61.73,1180,False
2025-02-11 00:00:00+00:00,61.2,61.29,59.6,59.62,204349.0,60.155,1421,False
2025-02-12 00:00:00+00:00,58.5,59.13,58.25,58.59,333521.0,58.579,1912,False
2025-02-13 00:00:00+00:00,57.8,60.91,55.82,57.8,381947.0,57.724,2771,False
2025-02-14 00:00:00+00:00,58.43,59.95,57.76,59.81,525730.0,59.105,2103,False
2025-02-18 00:00:00+00:00,59.24,60.73,58.01,59.3,478155.0,59.268,2487,False
2025-02-19 00:00:00+00:00,59.0,59.69,58.71,59.11,158913.0,59.319,1165,False
2025-02-20 00:00:00+00:00,58.77,59.73,58.28,59.27,267360.0,58.994,1869,False
2025-02-21 00:00:00+00:00,59.47,59.47,57.66,58.12,355806.0,58.239,2554,False
2025-02-24 00:00:00+00:00,58.28,58.28,56.09,57.45,202951.0,57.3,1575,False
2025-02-25 00:00:00+00:00,57.63,57.97,57.2,57.64,310323.0,57.619,2264,False
2025-02-26 00:00:00+00:00,57.94,58.2,57.0,57.28,236603.0,57.37,1800,False
2025-02-27 00:00:00+00:00,57.48,57.59,55.93,55.99,234109.0,56.85,1532,False
2025-02-28 00:00:00+00:00,55.55,56.06,55.14,55.82,180881.0,55.64,1149,False
2025-03-03 00:00:00+00:00,55.88,56.07,54.39,54.57,262417.0,54.89,1960,False
2025-03-04 00:00:00+00:00,53.93,54.53,53.05,53.84,328111.0,54.139,2135,False
2025-03-05 00:00:00+00:00,53.97,54.44,53.27,53.7,276436.0,53.694,1688,False
2025-03-06 00:00:00+00:00,53.25,54.25,52.93,53.46,208183.0,53.631,1377,False
2025-03-07 00:00:00+00:00,53.21,54.49,53.02,54.2,401888.0,53.893,2246,False
2025-03-10 00:00:00+00:00,53.74,55.46,53.66,54.11,307489.0,54.51,2048,False
2025-03-11 00:00:00+00:00,54.39,54.77,53.26,53.28,314023.0,53.786,2381,False
2025-03-12 00:00:00+00:00,53.24,53.76,52.89,52.91,237824.0,53.285,1580,False
2025-03-13 00:00:00+00:00,52.85,53.44,52.05,52.11,200385.0,52.53,1315,False
2025-03-14 00:00:00+00:00,52.63,54.63,52.53,54.58,271335.0,54.112,1927,False
2025-03-17 00:00:00+00:00,54.27,55.47,54.27,55.36,195723.0,55.227,1480,False
2025-03-18 00:00:00+00:00,55.07,55.41,54.64,55.02,378114.0,55.05,1827,False
2025-03-19 00:00:00+00:00,55.12,55.95,54.61,55.33,138295.0,55.242,1035,False
2025-03-20 00:00:00+00:00,54.92,55.01,53.49,53.51,170656.0,54.063,1335,False
2025-03-21 00:00:00+00:00,52.8,53.01,52.01,52.97,247542.0,52.651,1483,False
2025-03-24 00:00:00+00:00,54.36,54.62,53.04,53.84,212559.0,53.774,1646,False
2025-03-25 00:00:00+00:00,53.66,54.08,52.41,52.95,168213.0,53.148,1282,False
2025-03-26 00:00:00+00:00,53.16,53.36,52.05,52.31,143583.0,52.469,1091,False
2025-03-27 00:00:00+00:00,52.17,53.01,51.25,52.61,154651.0,52.599,1171,False
2025-03-28 00:00:00+00:00,52.19,53.07,50.86,51.34,105897.0,51.277,787,False
2025-03-31 00:00:00+00:00,50.9,51.81,50.61,51.4,177202.0,51.402,1431,False
2025-04-01 00:00:00+00:00,51.25,51.63,50.23,51.53,179511.0,51.303,1320,False
2025-04-02 00:00:00+00:00,51.01,52.46,51.01,52.22,148243.0,51.951,1069,False
2025-04-03 00:00:00+00:00,49.89,50.5,46.33,46.87,421846.0,47.302,2991,False
2025-04-04 00:00:00+00:00,45.16,45.84,42.82,45.03,394161.0,44.762,2519,False
2025-04-07 00:00:00+00:00,43.6,46.3,42.83,44.12,302779.0,44.097,2169,False
2025-04-08 00:00:00+00:00,45.29,45.81,41.64,42.42,204493.0,43.389,1592,False
2025-04-09 00:00:00+00:00,41.82,47.3,41.54,47.03,270191.0,45.395,1919,False
2025-04-10 00:00:00+00:00,45.59,45.93,43.5,45.02,256532.0,44.797,1969,False
2025-04-11 00:00:00+00:00,45.06,45.61,43.81,45.36,190398.0,45.01,1418,False
2025-04-14 00:00:00+00:00,46.13,46.16,44.91,45.49,309757.0,45.356,1596,False
2025-04-15 00:00:00+00:00,45.26,45.87,44.48,44.69,161986.0,44.956,1149,False
2025-04-16 00:00:00+00:00,44.19,44.59,43.55,44.2,181460.0,44.056,1066,False
2025-04-17 00:00:00+00:00,44.03,45.22,44.0,44.66,145515.0,44.697,1055,False
2025-04-21 00:00:00+00:00,44.43,44.78,42.91,43.3,123941.0,43.37,804,False
2025-04-22 00:00:00+00:00,43.79,44.58,43.53,44.41,141572.0,44.21,1132,False
2025-04-23 00:00:00+00:00,46.18,47.04,44.38,44.55,169720.0,45.035,1190,False
2025-04-24 00:00:00+00:00,44.74,46.51,44.65,46.47,130633.0,45.886,859,False
2025-04-25 00:00:00+00:00,46.04,46.94,45.97,46.61,173567.0,46.624,1036,False
2025-04-28 00:00:00+00:00,46.65,47.6,46.65,47.22,200372.0,47.05,1227,False
2025-04-29 00:00:00+00:00,46.79,47.73,46.66,47.19,146267.0,47.328,1047,False
2025-04-30 00:00:00+00:00,46.61,47.04,45.55,46.92,163489.0,46.586,1063,False
2025-05-01 00:00:00+00:00,46.62,48.0,46.62,47.01,132089.0,47.262,1019,False
2025-05-02 00:00:00+00:00,47.79,48.66,47.65,48.14,84040.0,48.194,639,False
2025-05-05 00:00:00+00:00,47.84,48.87,47.5,48.18,115343.0,48.435,660,False
2025-05-06 00:00:00+00:00,47.52,47.97,47.32,47.61,73866.0,47.74,519,False
2025-05-07 00:00:00+00:00,48.19,48.19,47.25,47.64,139880.0,47.731,1105,False
2025-05-08 00:00:00+00:00,46.27,51.68,46.27,50.96,318059.0,50.54,2119,False
2025-05-09 00:00:00+00:00,51.1,53.12,51.1,52.8,266766.0,52.342,1780,False
2025-05-12 00:00:00+00:00,54.34,56.13,54.12,55.24,175948.0,55.105,1115,False
2025-05-13 00:00:00+00:00,55.41,56.29,55.02,55.27,198902.0,55.45,1451,False
2025-05-14 00:00:00+00:00,55.13,56.18,54.97,55.01,159240.0,55.426,1095,False
2025-05-15 00:00:00+00:00,54.26,55.26,53.86,54.98,96169.0,54.963,678,False
2025-05-16 00:00:00+00:00,54.95,55.77,54.7,55.3,109279.0,55.231,779,False
2025-05-19 00:00:00+00:00,54.49,55.12,54.25,54.69,93858.0,54.809,659,False
2025-05-20 00:00:00+00:00,54.48,54.84,54.1,54.19,110325.0,54.388,831,False
2025-05-21 00:00:00+00:00,53.67,53.97,52.21,52.25,99425.0,52.758,738,False
2025-05-22 00:00:00+00:00,52.1,52.57,51.83,52.25,175201.0,52.234,1294,False
2025-05-23 00:00:00+00:00,51.14,52.35,51.14,51.99,95903.0,51.949,667,False
2025-05-27 00:00:00+00:00,52.95,54.25,52.22,54.04,211544.0,53.643,1317,False
2025-05-28 00:00:00+00:00,54.06,54.26,53.29,53.65,137072.0,53.648,882,False
2025-05-29 00:00:00+00:00,54.07,54.25,53.02,54.15,176792.0,53.797,987,False
2025-05-30 00:00:00+00:00,53.49,54.16,52.83,53.61,153039.0,53.554,1202,False
2025-06-02 00:00:00+00:00,53.61,53.9,52.85,53.3,194004.0,53.354,1431,False
2025-06-03 00:00:00+00:00,53.31,54.4,53.26,54.0,140247.0,54.005,1093,False
2025-06-04 00:00:00+00:00,54.0,54.42,53.44,53.44,140343.0,53.861,1049,False
2025-06-05 00:00:00+00:00,53.51,53.89,52.98,53.23,144589.0,53.506,951,False
2025-06-06 00:00:00+00:00,54.17,54.85,53.79,54.09,191960.0,54.134,944,False
2025-06-09 00:00:00+00:00,54.46,56.24,54.35,55.52,241664.0,55.528,1654,False
2025-06-10 00:00:00+00:00,55.92,56.98,55.64,56.23,211603.0,56.45,1427,False
2025-06-11 00:00:00+00:00,56.33,56.62,55.58,55.69,192426.0,55.995,1235,False
2025-06-12 00:00:00+00:00,55.09,55.71,54.85,55.26,81269.0,55.255,615,False
2025-06-13 00:00:00+00:00,54.53,54.91,53.66,54.47,236315.0,54.528,1802,False
2025-06-16 00:00:00+00:00,55.14,57.1,55.04,56.58,1135556.0,56.662,3393,False
2025-06-17 00:00:00+00:00,56.16,57.6,56.16,56.66,1042107.0,57.112,3792,False
2025-06-18 00:00:00+00:00,56.72,56.96,54.51,54.54,213343.0,55.555,1468,False
2025-06-20 00:00:00+00:00,54.89,54.94,53.86,54.55,240137.0,54.507,1409,False
2025-06-23 00:00:00+00:00,54.45,55.14,53.32,54.35,200251.0,54.36,1348,False
2025-06-24 00:00:00+00:00,54.92,55.35,54.1,54.16,291300.0,54.475,1902,False
2025-06-25 00:00:00+00:00,54.55,54.83,54.02,54.68,241893.0,54.574,1517,False
2025-06-26 00:00:00+00:00,55.04,55.85,54.79,55.58,239283.0,55.55,1802,False
2025-06-27 00:00:00+00:00,55.81,56.06,53.68,53.72,448123.0,54.284,3023,False
2025-06-30 00:00:00+00:00,54.48,54.48,52.94,53.9,277736.0,53.682,1711,False
2025-07-01 00:00:00+00:00,53.62,56.17,53.23,55.36,224214.0,55.167,1568,False
2025-07-02 00:00:00+00:00,55.49,56.79,55.12,56.68,134561.0,56.26,1073,False
2025-07-03 00:00:00+00:00,56.93,57.09,56.19,56.51,78408.0,56.532,631,False
2025-07-07 00:00:00+00:00,56.09,56.8,55.3,55.39,117583.0,55.808,858,False
2025-07-08 00:00:00+00:00,55.78,57.41,55.72,56.73,116665.0,56.779,790,False
2025-07-09 00:00:00+00:00,57.05,57.48,56.58,57.45,98537.0,57.071,776,False
2025-07-10 00:00:00+00:00,57.6,59.38,57.43,59.3,177742.0,58.981,1051,False
2025-07-11 00:00:00+00:00,58.91,59.24,58.45,58.61,115420.0,58.777,867,False
2025-07-14 00:00:00+00:00,58.16,58.51,57.09,57.48,96789.0,57.642,761,False
2025-07-15 00:00:00+00:00,57.63,57.81,56.26,56.3,59903.0,56.907,438,False
2025-07-16 00:00:00+00:00,56.39,56.66,55.52,56.45,103748.0,56.337,836,False
2025-07-17 00:00:00+00:00,56.31,57.67,56.31,57.35,97221.0,57.356,714,False
2025-07-18 00:00:00+00:00,57.59,57.73,56.92,57.26,109763.0,57.232,743,False
2025-07-21 00:00:00+00:00,57.83,58.25,56.98,57.15,88079.0,57.51,682,False
2025-07-22 00:00:00+00:00,57.22,57.85,56.7,57.63,174089.0,57.532,1181,False
2025-07-23 00:00:00+00:00,58.17,59.89,58.12,59.69,218410.0,59.441,1460,False
2025-07-24 00:00:00+00:00,59.15,59.85,58.42,58.5,140460.0,58.825,886,False
2025-07-25 00:00:00+00:00,58.66,59.7,58.3,59.45,158044.0,59.131,995,False
2025-07-28 00:00:00+00:00,59.74,60.03,59.29,59.69,181027.0,59.65,1159,False
2025-07-29 00:00:00+00:00,60.09,60.62,59.82,60.56,128184.0,60.33,888,False
2025-07-30 00:00:00+00:00,61.45,61.55,59.57,60.0,222957.0,60.706,1685,False
2025-07-31 00:00:00+00:00,59.67,60.48,59.07,59.34,162684.0,59.654,982,False
2025-08-01 00:00:00+00:00,58.34,58.53,56.51,57.09,202930.0,57.069,1394,False
2025-08-04 00:00:00+00:00,57.25,57.91,56.84,57.29,155705.0,57.268,1162,False
2025-08-05 00:00:00+00:00,57.29,57.85,56.05,57.32,191366.0,57.218,1408,False
2025-08-06 00:00:00+00:00,57.22,57.22,55.84,56.37,194982.0,56.367,1518,False
2025-08-07 00:00:00+00:00,58.02,58.02,53.84,57.17,428598.0,56.7,3008,False
2025-08-08 00:00:00+00:00,57.58,61.11,57.48,60.59,251750.0,60.274,1867,False
2025-08-11 00:00:00+00:00,60.62,61.09,59.37,59.57,199546.0,60.031,1427,False
2025-08-12 00:00:00+00:00,60.14,60.9,59.82,60.23,133400.0,60.292,1054,False
2025-08-13 00:00:00+00:00,60.51,61.8,60.23,61.73,136552.0,61.247,1008,False
2025-08-14 00:00:00+00:00,61.12,61.21,60.17,60.37,227915.0,60.554,1521,False
2025-08-15 00:00:00+00:00,60.32,60.32,59.13,59.65,175020.0,59.472,1233,False
2025-08-18 00:00:00+00:00,59.71,60.67,59.61,60.21,159256.0,60.33,1149,False
2025-08-19 00:00:00+00:00,60.11,61.2,59.78,60.55,115848.0,60.502,822,False
2025-08-20 00:00:00+00:00,60.46,60.46,59.61,60.2,275592.0,60.026,2183,False
2025-08-21 00:00:00+00:00,59.81,60.36,59.62,60.15,142280.0,60.125,946,False
2025-08-22 00:00:00+00:00,60.64,63.72,60.45,63.33,185267.0,63.171,1403,False
2025-08-25 00:00:00+00:00,63.15,63.33,62.08,62.5,133998.0,62.756,1003,False
2025-08-26 00:00:00+00:00,62.21,63.02,62.07,62.28,253301.0,62.636,1695,False
2025-08-27 00:00:00+00:00,61.89,62.75,60.91,61.0,242746.0,61.562,1641,False
2025-08-28 00:00:00+00:00,61.4,61.4,59.42,60.29,227970.0,59.932,1192,False
2025-08-29 00:00:00+00:00,60.0,60.27,59.19,59.73,184195.0,59.585,1186,False
2025-09-02 00:00:00+00:00,59.08,59.47,58.7,59.28,112410.0,59.116,939,False
2025-09-03 00:00:00+00:00,59.17,60.85,59.15,60.75,230991.0,60.38,1657,False
2025-09-04 00:00:00+00:00,61.03,61.86,60.8,61.72,171538.0,61.487,1449,False
2025-09-05 00:00:00+00:00,61.94,62.43,60.8,61.1,271323.0,61.521,1805,False
2025-09-08 00:00:00+00:00,60.99,61.7,59.66,61.61,167431.0,61.146,1337,False
2025-09-09 00:00:00+00:00,61.3,61.32,60.47,60.72,115879.0,60.797,896,False
2025-09-10 00:00:00+00:00,60.7,61.46,60.47,60.84,133718.0,60.895,1032,False
2025-09-11 00:00:00+00:00,60.85,62.16,60.43,61.93,132783.0,61.836,1084,False
2025-09-12 00:00:00+00:00,62.19,62.19,60.08,60.31,211249.0,60.543,1505,False
2025-09-15 00:00:00+00:00,61.4,61.4,59.45,59.46,140036.0,60.06,1162,False
2025-09-16 00:00:00+00:00,59.55,59.91,58.84,58.95,196310.0,59.301,1359,False
2025-09-17 00:00:00+00:00,58.89,59.01,56.56,56.81,184027.0,57.928,1466,False
2025-09-18 00:00:00+00:00,57.38,58.09,56.91,57.62,493587.0,57.607,2415,False
2025-09-19 00:00:00+00:00,57.49,57.76,56.06,56.47,250535.0,56.746,1339,False
2025-09-22 00:00:00+00:00,56.5,56.95,55.85,56.48,137009.0,56.568,1070,False
2025-09-23 00:00:00+00:00,60.46,66.24,58.95,64.77,834868.0,64.565,4629,False
2025-09-24 00:00:00+00:00,64.24,64.96,62.46,62.56,398577.0,63.269,2629,False
2025-09-25 00:00:00+00:00,61.5,63.36,61.24,63.33,201106.0,62.759,1617,False
2025-09-26 00:00:00+00:00,63.51,65.11,63.51,65.07,247782.0,64.653,1869,False
2025-09-29 00:00:00+00:00,65.3,65.3,64.12,64.93,236823.0,64.604,1786,False
2025-09-30 00:00:00+00:00,64.81,67.12,64.81,67.07,205097.0,66.225,1602,False
2025-10-01 00:00:00+00:00,66.42,66.65,64.77,66.03,188868.0,66.093,1543,False
2025-10-02 00:00:00+00:00,66.04,66.63,64.78,65.95,147531.0,65.608,1196,False
2025-10-03 00:00:00+00:00,66.5,67.15,65.66,66.47,172136.0,66.504,1174,False
2025-10-06 00:00:00+00:00,67.1,67.76,66.39,67.54,159916.0,67.304,1197,False
2025-10-07 00:00:00+00:00,67.86,68.17,66.66,67.39,211063.0,67.224,1485,False
2025-10-08 00:00:00+00:00,68.03,68.93,67.3,68.91,158765.0,68.458,1268,False
2025-10-09 00:00:00+00:00,69.0,69.0,67.68,68.09,272042.0,68.161,1894,False
2025-10-10 00:00:00+00:00,68.36,68.74,65.32,65.57,116237.0,66.369,987,False
2025-10-13 00:00:00+00:00,66.81,67.32,66.09,66.43,146069.0,66.802,1013,False
2025-10-14 00:00:00+00:00,65.4,67.71,63.93,66.89,431581.0,67.038,1877,False
2025-10-15 00:00:00+00:00,67.82,68.32,66.28,67.6,118399.0,67.314,969,False
2025-10-16 00:00:00+00:00,68.09,68.09,66.6,66.77,192969.0,67.103,1306,False
2025-10-17 00:00:00+00:00,66.5,67.05,65.83,66.86,134014.0,66.455,867,False
2025-10-20 00:00:00+00:00,67.94,68.31,67.1,67.46,110919.0,67.726,732,False
2025-10-21 00:00:00+00:00,67.42,68.54,67.21,67.35,124607.0,67.778,901,False
2025-10-22 00:00:00+00:00,67.2,67.37,65.59,65.89,110930.0,66.151,799,False
2025-10-23 00:00:00+00:00,66.34,66.89,65.84,66.55,94846.0,66.459,770,False
2025-10-24 00:00:00+00:00,67.23,67.25,65.97,66.02,157617.0,66.603,1182,False
2025-10-27 00:00:00+00:00,66.37,66.39,65.59,65.65,163331.0,65.903,1172,False
2025-10-28 00:00:00+00:00,65.59,66.0,64.53,65.04,150867.0,65.21,967,False
2025-10-29 00:00:00+00:00,64.77,66.44,64.69,64.98,128500.0,65.531,976,False
2025-10-30 00:00:00+00:00,64.29,65.85,64.12,64.21,156349.0,64.808,844,False
2025-10-31 00:00:00+00:00,64.18,64.5,62.79,63.25,286881.0,63.499,1997,False
2025-11-03 00:00:00+00:00,62.93,64.14,61.64,64.14,225837.0,63.447,1613,False
2025-11-04 00:00:00+00:00,63.44,63.87,62.86,63.13,162456.0,63.299,1216,False
2025-11-05 00:00:00+00:00,63.1,65.09,63.1,64.2,266182.0,64.363,1921,False
2025-11-06 00:00:00+00:00,65.56,65.56,59.45,61.35,431829.0,60.851,2888,False
2025-11-07 00:00:00+00:00,60.86,62.65,60.17,62.45,193878.0,61.983,1383,False
2025-11-10 00:00:00+00:00,63.13,63.13,61.86,62.58,227937.0,62.605,1595,False
2025-11-11 00:00:00+00:00,62.79,62.83,61.26,61.28,153547.0,61.986,1182,False
2025-11-12 00:00:00+00:00,61.49,62.26,61.15,61.76,139653.0,61.577,1147,False
2025-11-13 00:00:00+00:00,61.6,62.21,60.07,60.17,236054.0,60.682,1342,False
2025-11-14 00:00:00+00:00,59.28,60.02,58.42,58.59,110296.0,58.955,776,False
2025-11-17 00:00:00+00:00,57.96,58.39,56.48,56.59,170538.0,57.422,1249,False
2025-11-18 00:00:00+00:00,56.14,56.64,55.67,55.84,224954.0,56.016,1424,False
2025-11-19 00:00:00+00:00,55.82,56.42,53.97,54.98,213984.0,54.612,1320,False
2025-11-20 00:00:00+00:00,56.49,56.49,53.18,53.29,268263.0,54.141,1657,False
2025-11-21 00:00:00+00:00,53.54,54.84,53.32,54.3,125146.0,54.174,866,False
2025-11-24 00:00:00+00:00,53.84,54.91,53.5,54.79,129820.0,54.489,909,False
2025-11-25 00:00:00+00:00,54.93,56.9,54.68,56.44,158683.0,56.373,1105,False
2025-11-26 00:00:00+00:00,57.02,57.32,56.23,56.25,200056.0,56.675,1142,False
2025-11-28 00:00:00+00:00,56.26,56.97,55.61,56.3,346042.0,56.309,1897,False
2025-12-01 00:00:00+00:00,56.15,56.79,55.52,56.02,162571.0,55.985,1230,False
2025-12-02 00:00:00+00:00,55.97,56.44,55.43,56.0,151162.0,56.054,1051,False
2025-12-03 00:00:00+00:00,56.51,57.31,55.75,57.31,113136.0,56.955,821,False
2025-12-04 00:00:00+00:00,57.34,58.55,57.21,58.35,183776.0,58.24,1432,False
2025-12-05 00:00:00+00:00,57.9,58.28,57.42,58.1,278714.0,57.904,1962,False
2025-12-08 00:00:00+00:00,57.8,58.69,57.37,57.4,163361.0,57.9,1269,False
2025-12-09 00:00:00+00:00,57.76,58.23,56.59,56.63,351470.0,57.42,2220,False
2025-12-10 00:00:00+00:00,56.0,57.68,55.86,57.13,351215.0,56.808,2249,False
2025-12-11 00:00:00+00:00,56.87,56.93,53.83,54.57,406879.0,55.035,2820,False
2025-12-12 00:00:00+00:00,55.32,55.45,51.37,51.79,1073997.0,52.217,6532,False
2025-12-15 00:00:00+00:00,51.98,52.24,48.62,49.71,612944.0,49.521,4512,False
2025-12-16 00:00:00+00:00,49.86,50.14,48.34,48.42,419218.0,49.033,2830,False
2025-12-17 00:00:00+00:00,48.24,48.46,46.66,46.86,407183.0,47.291,2869,False
2025-12-18 00:00:00+00:00,47.41,47.5,46.02,46.59,593695.0,46.608,3342,False
2025-12-19 00:00:00+00:00,46.6,47.34,46.5,47.2,634552.0,46.887,2695,False
2025-12-22 00:00:00+00:00,47.6,48.75,47.34,47.92,247277.0,48.105,1614,False
2025-12-23 00:00:00+00:00,47.9,48.26,47.42,47.99,220726.0,47.949,1649,False
2025-12-24 00:00:00+00:00,47.84,48.51,47.78,48.46,141322.0,48.275,830,False
2025-12-26 00:00:00+00:00,48.42,48.98,47.98,48.35,198102.0,48.369,1293,False
2025-12-29 00:00:00+00:00,48.21,48.48,47.55,47.94,240064.0,47.758,1593,False
2025-12-30 00:00:00+00:00,48.01,48.01,47.36,47.8,156045.0,47.674,1085,False
2025-12-31 00:00:00+00:00,47.7,47.75,46.72,47.07,140447.0,47.049,954,False
2026-01-02 00:00:00+00:00,47.53,48.26,47.16,47.73,210462.0,47.941,1586,False
2026-01-05 00:00:00+00:00,48.14,50.09,47.9,49.02,214203.0,49.12,1661,False
2026-01-06 00:00:00+00:00,48.57,49.99,48.28,49.88,382406.0,49.466,2826,False
2026-01-07 00:00:00+00:00,49.44,49.65,47.43,48.16,188613.0,47.907,1350,False
2026-01-08 00:00:00+00:00,48.12,49.57,47.65,49.41,267630.0,48.957,1965,False
2026-01-09 00:00:00+00:00,49.56,50.04,49.2,49.98,127820.0,49.722,873,False
2026-01-12 00:00:00+00:00,49.64,50.3,48.93,50.26,204540.0,49.873,1291,False
2026-01-13 00:00:00+00:00,50.31,52.26,49.69,49.81,261855.0,50.137,1822,False
2026-01-14 00:00:00+00:00,49.88,50.97,49.52,50.8,189332.0,50.218,1554,False
2026-01-15 00:00:00+00:00,51.0,51.84,50.85,51.73,166354.0,51.574,1310,False
2026-01-16 00:00:00+00:00,51.58,52.24,51.21,52.2,230797.0,51.835,1747,False
2026-01-20 00:00:00+00:00,51.22,52.31,50.64,51.08,277328.0,51.356,1780,False
2026-01-21 00:00:00+00:00,51.89,52.95,51.7,52.41,208145.0,52.372,1568,False
2026-01-22 00:00:00+00:00,52.93,53.29,51.73,52.01,235620.0,52.02,1663,False
2026-01-23 00:00:00+00:00,52.1,52.1,50.84,51.04,119590.0,51.129,894,False
2026-01-26 00:00:00+00:00,51.15,51.3,50.2,50.67,214437.0,50.639,1492,False
2026-01-27 00:00:00+00:00,50.6,50.75,49.67,49.68,211661.0,49.942,1391,False
2026-01-28 00:00:00+00:00,49.93,50.94,49.44,50.14,232059.0,50.379,1843,False
2026-01-29 00:00:00+00:00,50.7,50.76,49.42,50.69,250219.0,50.271,1780,False
2026-01-30 00:00:00+00:00,50.12,51.09,50.12,50.52,240779.0,50.462,1370,False
2026-02-02 00:00:00+00:00,50.25,51.02,50.14,50.58,193715.0,50.629,1359,False
2026-02-03 00:00:00+00:00,50.36,51.56,50.16,51.39,218241.0,50.902,1601,False
2026-02-04 00:00:00+00:00,51.72,53.68,51.72,52.51,307342.0,52.86,2098,False
2026-02-05 00:00:00+00:00,51.88,53.0,51.52,52.95,215162.0,52.488,1602,False
2026-02-06 00:00:00+00:00,53.67,56.16,53.57,56.05,452542.0,55.397,3088,False
2026-02-09 00:00:00+00:00,55.14,55.93,54.28,55.0,528087.0,54.982,3460,False
2026-02-10 00:00:00+00:00,55.51,55.76,53.85,54.57,612876.0,54.863,3312,False
2026-02-11 00:00:00+00:00,55.05,55.05,51.48,51.73,610593.0,53.119,3612,False
2026-02-12 00:00:00+00:00,52.25,55.88,50.68,53.5,1414254.0,53.076,8546,False
2026-02-13 00:00:00+00:00,53.38,54.95,52.41,52.76,737799.0,53.051,4184,False
2026-02-17 00:00:00+00:00,52.5,53.6,52.3,53.25,843810.0,53.207,5862,False
2026-02-18 00:00:00+00:00,53.27,54.18,52.46,52.9,734146.0,53.382,3357,False
2026-02-19 00:00:00+00:00,53.29,53.29,51.33,52.64,457737.0,52.417,2587,False
2026-02-20 00:00:00+00:00,52.28,53.75,51.73,52.1,284065.0,52.519,1807,False
2026-02-23 00:00:00+00:00,52.42,52.42,50.61,51.22,236015.0,51.174,1535,False
2026-02-24 00:00:00+00:00,51.32,53.11,51.25,51.54,387092.0,51.74,2513,False
2026-02-25 00:00:00+00:00,51.86,52.0,50.56,51.02,244907.0,51.062,2011,False
2026-02-26 00:00:00+00:00,51.35,51.35,49.35,49.46,765805.0,50.405,3584,False
2026-02-27 00:00:00+00:00,48.54,49.09,47.81,48.29,593469.0,48.561,3542,False
2026-03-02 00:00:00+00:00,47.94,49.6,47.67,48.66,638239.0,48.724,4034,False
2026-03-03 00:00:00+00:00,47.38,48.79,46.51,48.17,405440.0,48.085,2822,False
2026-03-04 00:00:00+00:00,48.17,48.66,47.15,48.56,686775.0,48.298,2829,False
2026-03-05 00:00:00+00:00,47.7,49.15,47.44,47.77,293942.0,47.861,1692,False
2026-03-06 00:00:00+00:00,46.93,47.38,45.85,46.12,285316.0,46.532,1729,False
2026-03-09 00:00:00+00:00,45.26,46.01,43.67,45.58,477958.0,44.563,3020,False
2026-03-10 00:00:00+00:00,45.68,45.68,44.33,45.11,449812.0,45.052,2609,False
2026-03-11 00:00:00+00:00,45.04,45.48,43.89,44.2,288146.0,44.267,1337,False
2026-03-12 00:00:00+00:00,43.5,44.06,42.61,42.85,410018.0,43.087,2977,False
2026-03-13 00:00:00+00:00,43.32,43.37,42.12,42.27,186516.0,42.431,1338,False
2026-03-16 00:00:00+00:00,42.68,43.31,41.86,42.02,329668.0,42.262,2056,False
2026-03-17 00:00:00+00:00,42.53,43.03,42.12,42.21,155524.0,42.324,1225,False
2026-03-18 00:00:00+00:00,41.75,42.36,41.34,41.37,225892.0,41.761,1505,False
2026-03-19 00:00:00+00:00,40.72,41.91,40.58,41.56,277119.0,41.175,1946,False
2026-03-20 00:00:00+00:00,41.18,41.38,40.01,40.37,409824.0,40.553,2625,False
2026-03-23 00:00:00+00:00,41.56,42.99,41.01,42.76,432279.0,42.168,1775,False
2026-03-24 00:00:00+00:00,42.23,43.64,42.23,43.13,380781.0,43.305,1457,False
2026-03-25 00:00:00+00:00,43.76,43.76,42.92,43.13,470546.0,43.27,2638,False
2026-03-26 00:00:00+00:00,42.72,43.48,41.21,41.41,357994.0,41.805,2297,False
2026-03-27 00:00:00+00:00,41.27,41.91,40.73,41.15,439601.0,41.121,2910,False
2026-03-30 00:00:00+00:00,41.4,41.96,39.23,39.59,292927.0,39.834,2269,False
2026-03-31 00:00:00+00:00,40.07,40.75,39.38,40.59,315123.0,40.109,2274,False
2026-04-01 00:00:00+00:00,40.83,42.36,40.59,41.83,413159.0,41.949,2498,False
2026-04-02 00:00:00+00:00,40.85,42.04,39.3,40.19,454087.0,40.293,3156,False
2026-04-06 00:00:00+00:00,40.08,41.42,39.93,41.4,469033.0,40.856,3116,False
2026-04-07 00:00:00+00:00,40.91,42.22,40.91,41.63,353691.0,41.427,2378,False
2026-04-08 00:00:00+00:00,44.59,44.59,42.8,43.27,366436.0,43.363,2640,False
2026-04-09 00:00:00+00:00,42.57,43.66,42.57,43.3,395236.0,43.303,2986,False
2026-04-10 00:00:00+00:00,43.71,44.03,43.29,43.88,190290.0,43.854,1432,False
2026-04-13 00:00:00+00:00,43.69,44.86,43.04,44.82,241267.0,44.286,1793,False
2026-04-14 00:00:00+00:00,44.93,46.35,44.12,45.61,444894.0,45.56,3210,False
2026-04-15 00:00:00+00:00,45.38,46.12,44.93,45.83,310719.0,45.731,2232,False
2026-04-16 00:00:00+00:00,45.93,46.01,43.88,44.07,252971.0,44.664,1794,False
2026-04-17 00:00:00+00:00,44.67,46.93,44.67,46.4,387318.0,46.114,2399,False
2026-04-20 00:00:00+00:00,46.0,46.62,45.5,46.38,199578.0,46.295,1396,False
2026-04-21 00:00:00+00:00,46.48,46.96,45.69,45.93,167382.0,46.125,1282,False
2026-04-22 00:00:00+00:00,46.2,46.2,44.22,44.75,198020.0,44.991,1486,False
2026-04-23 00:00:00+00:00,44.91,45.87,44.56,45.36,334161.0,45.452,1960,False
2026-04-24 00:00:00+00:00,45.44,46.12,44.51,44.94,185408.0,45.002,1387,False
2026-04-27 00:00:00+00:00,45.13,45.74,43.9,44.32,163308.0,44.383,1201,False
2026-04-28 00:00:00+00:00,44.4,44.59,43.59,44.3,318996.0,44.162,1880,False
2026-04-29 00:00:00+00:00,44.4,44.46,43.49,43.62,302605.0,43.889,1940,False
2026-04-30 00:00:00+00:00,43.59,44.73,43.46,44.68,239978.0,44.359,1605,False
2026-05-01 00:00:00+00:00,44.77,44.97,43.91,44.6,279038.0,44.504,2136,False
2026-05-04 00:00:00+00:00,44.46,45.06,44.1,44.49,269043.0,44.6,1865,False
2026-05-05 00:00:00+00:00,44.75,45.2,44.14,44.33,260143.0,44.473,1921,False
2026-05-06 00:00:00+00:00,45.21,46.36,45.21,45.65,329929.0,45.891,2387,False
2026-05-07 00:00:00+00:00,44.56,46.02,43.8,43.88,760582.0,44.596,5488,False
2026-05-08 00:00:00+00:00,44.54,46.53,44.28,45.31,841415.0,45.325,4336,False
2026-05-11 00:00:00+00:00,45.32,45.32,43.96,44.48,502588.0,44.675,3053,False
2026-05-12 00:00:00+00:00,44.58,44.65,41.89,42.65,388100.0,42.541,2806,False
2026-05-13 00:00:00+00:00,42.43,42.46,41.25,41.41,315622.0,41.621,2534,False
2026-05-14 00:00:00+00:00,41.82,42.49,39.75,39.79,605890.0,40.67,3624,False
2026-05-15 00:00:00+00:00,40.52,40.91,38.19,38.21,335668.0,39.129,2392,False
