date,open,high,low,close,volume,average,barCount,is_rth
2018-05-18 00:00:00+00:00,30.6,30.75,30.16,30.2,1088774.0,30.342,4115,False
2018-05-21 00:00:00+00:00,30.45,30.6,29.95,30.09,1312679.0,30.136,4942,False
2018-05-22 00:00:00+00:00,30.05,30.46,30.01,30.09,788585.0,30.175,2815,False
2018-05-23 00:00:00+00:00,30.0,30.13,29.55,29.74,1351408.0,29.799,5550,False
2018-05-24 00:00:00+00:00,29.8,30.5,29.57,30.2,1143784.0,30.09,4153,False
2018-05-25 00:00:00+00:00,30.1,30.39,29.8,29.97,808323.0,30.061,3274,False
2018-05-29 00:00:00+00:00,29.94,30.1,29.41,29.78,875922.0,29.76,3395,False
2018-05-30 00:00:00+00:00,29.9,30.57,29.78,30.47,1365578.0,30.335,5788,False
2018-05-31 00:00:00+00:00,30.27,30.6,29.81,29.99,1243625.0,30.173,5691,False
2018-06-01 00:00:00+00:00,30.0,30.23,29.42,29.65,2073446.0,29.67,8412,False
2018-06-04 00:00:00+00:00,29.99,30.3,29.51,29.98,1736695.0,30.015,7265,False
2018-06-05 00:00:00+00:00,29.81,30.95,29.81,30.89,2494927.0,30.49,9957,False
2018-06-06 00:00:00+00:00,31.1,31.89,30.37,31.23,3163232.0,31.168,12915,False
2018-06-07 00:00:00+00:00,31.29,31.3,29.81,30.27,2183723.0,30.294,9144,False
2018-06-08 00:00:00+00:00,30.11,30.55,29.88,29.96,1571348.0,30.115,6784,False
2018-06-11 00:00:00+00:00,30.12,30.41,29.9,30.1,1140815.0,30.18,5400,False
2018-06-12 00:00:00+00:00,30.22,31.0,29.92,30.83,2462338.0,30.587,11157,False
2018-06-13 00:00:00+00:00,30.81,31.9,30.46,31.67,3047875.0,31.245,12455,False
2018-06-14 00:00:00+00:00,32.32,38.09,32.2,36.12,22210982.0,35.957,73385,False
2018-06-15 00:00:00+00:00,36.12,40.09,35.35,39.6,16771665.0,38.659,54478,False
2018-06-18 00:00:00+00:00,39.0,43.5,38.12,42.0,15173230.0,41.931,54949,False
2018-06-19 00:00:00+00:00,41.35,42.89,38.5,39.7,11696222.0,40.17,43125,False
2018-06-20 00:00:00+00:00,40.7,40.74,36.53,37.3,8897821.0,38.719,32422,False
2018-06-21 00:00:00+00:00,36.91,38.49,35.36,35.69,6674733.0,36.52,24255,False
2018-06-22 00:00:00+00:00,36.37,37.0,33.6,33.72,8451973.0,34.707,27206,False
2018-06-25 00:00:00+00:00,33.23,34.59,32.15,32.52,7866279.0,33.306,28214,False
2018-06-26 00:00:00+00:00,33.3,34.09,32.56,32.77,6010890.0,33.41,22921,False
2018-06-27 00:00:00+00:00,33.04,33.59,31.19,31.22,4621641.0,32.134,15890,False
2018-06-28 00:00:00+00:00,31.1,33.43,30.65,33.4,5334188.0,32.141,20495,False
2018-06-29 00:00:00+00:00,33.58,34.0,31.74,32.42,4841860.0,32.744,19504,False
2018-07-02 00:00:00+00:00,32.25,33.73,31.8,32.8,3472526.0,33.03,15688,False
2018-07-03 00:00:00+00:00,33.02,33.23,31.89,32.0,1658988.0,32.32,6753,False
2018-07-05 00:00:00+00:00,32.1,32.25,31.1,31.46,3153413.0,31.469,11968,False
2018-07-06 00:00:00+00:00,31.54,32.08,31.27,31.36,3576164.0,31.629,11072,False
2018-07-09 00:00:00+00:00,31.55,32.08,30.75,31.78,3887799.0,31.389,15284,False
2018-07-10 00:00:00+00:00,31.98,32.9,31.05,31.28,4402390.0,31.853,16911,False
2018-07-11 00:00:00+00:00,31.0,31.65,30.45,30.94,2784812.0,30.971,11847,False
2018-07-12 00:00:00+00:00,31.34,32.69,30.95,32.42,3432139.0,31.946,11526,False
2018-07-13 00:00:00+00:00,32.5,32.83,31.41,32.17,2236634.0,31.952,9156,False
2018-07-16 00:00:00+00:00,32.16,32.43,31.51,32.27,1817484.0,32.062,6540,False
2018-07-17 00:00:00+00:00,31.88,32.73,30.5,31.65,5712313.0,31.562,21098,False
2018-07-18 00:00:00+00:00,31.35,31.99,31.12,31.24,1232160.0,31.396,4440,False
2018-07-19 00:00:00+00:00,31.25,31.72,30.9,31.3,1826234.0,31.287,5617,False
2018-07-20 00:00:00+00:00,31.34,31.58,30.87,31.0,1392077.0,31.172,5989,False
2018-07-23 00:00:00+00:00,31.0,32.02,30.78,31.8,2586427.0,31.613,9783,False
2018-07-24 00:00:00+00:00,32.32,32.7,30.15,30.75,4624753.0,30.988,17343,False
2018-07-25 00:00:00+00:00,30.59,31.7,30.57,31.31,2261893.0,31.367,10820,False
2018-07-26 00:00:00+00:00,31.0,31.36,30.6,30.71,1685889.0,30.879,7851,False
2018-07-27 00:00:00+00:00,30.96,31.56,29.23,30.03,2781244.0,30.179,11359,False
2018-07-30 00:00:00+00:00,30.1,30.4,27.4,27.77,5113579.0,28.403,20099,False
2018-07-31 00:00:00+00:00,28.0,28.3,26.61,26.77,3517500.0,27.297,14616,False
2018-08-01 00:00:00+00:00,27.55,28.65,27.22,27.81,4432410.0,27.882,17067,False
2018-08-02 00:00:00+00:00,28.09,29.95,27.84,29.81,4948048.0,29.117,19605,False
2018-08-03 00:00:00+00:00,30.03,30.04,28.81,29.97,3312172.0,29.415,14971,False
2018-08-06 00:00:00+00:00,30.25,30.41,29.43,30.28,3297371.0,29.941,13011,False
2018-08-07 00:00:00+00:00,30.51,31.79,30.4,31.52,4115144.0,31.243,16741,False
2018-08-08 00:00:00+00:00,31.75,31.79,30.61,31.55,2569609.0,31.276,11531,False
2018-08-09 00:00:00+00:00,31.65,34.95,31.6,34.43,12872253.0,33.762,44754,False
2018-08-10 00:00:00+00:00,31.76,32.25,30.81,31.05,19634946.0,31.535,70602,False
2018-08-13 00:00:00+00:00,31.48,31.95,29.1,29.16,10188269.0,30.162,38230,False
2018-08-14 00:00:00+00:00,29.45,29.45,27.73,28.97,9317252.0,28.735,32149,False
2018-08-15 00:00:00+00:00,28.57,29.2,28.2,28.97,3312714.0,28.661,13787,False
2018-08-16 00:00:00+00:00,29.2,29.25,28.01,28.23,4870334.0,28.409,19914,False
2018-08-17 00:00:00+00:00,28.06,28.23,27.0,27.51,5869696.0,27.351,24315,False
2018-08-20 00:00:00+00:00,27.42,27.82,26.66,27.62,4796191.0,27.204,17930,False
2018-08-21 00:00:00+00:00,27.7,28.34,27.18,28.27,4302475.0,27.894,17099,False
2018-08-22 00:00:00+00:00,28.2,28.75,28.0,28.08,3183598.0,28.36,12191,False
2018-08-23 00:00:00+00:00,28.0,28.8,27.75,28.34,3361169.0,28.427,12914,False
2018-08-24 00:00:00+00:00,27.52,27.96,26.5,27.03,22160788.0,27.156,73989,False
2018-08-27 00:00:00+00:00,27.0,27.7,26.95,27.38,6685351.0,27.339,24629,False
2018-08-28 00:00:00+00:00,27.36,27.4,26.52,27.16,7959820.0,26.895,26763,False
2018-08-29 00:00:00+00:00,27.02,27.39,26.75,27.01,5556297.0,27.043,18184,False
2018-08-30 00:00:00+00:00,26.97,27.01,26.25,26.7,3949011.0,26.777,17741,False
2018-08-31 00:00:00+00:00,26.61,27.0,26.5,26.85,2739794.0,26.835,11590,False
2018-09-04 00:00:00+00:00,26.64,26.98,26.41,26.96,4481509.0,26.707,14397,False
2018-09-05 00:00:00+00:00,26.71,26.9,25.65,26.6,6313867.0,26.342,21444,False
2018-09-06 00:00:00+00:00,26.46,26.51,25.19,25.74,6289522.0,25.725,21983,False
2018-09-07 00:00:00+00:00,25.12,26.87,24.78,26.76,5779933.0,26.275,24081,False
2018-09-10 00:00:00+00:00,26.75,27.12,26.33,26.88,3320005.0,26.898,13271,False
2018-09-11 00:00:00+00:00,26.55,27.29,26.51,26.97,2548823.0,27.073,11599,False
2018-09-12 00:00:00+00:00,26.76,26.9,25.78,26.14,4414232.0,26.091,18179,False
2018-09-13 00:00:00+00:00,26.4,26.53,25.46,25.73,3774638.0,25.946,16522,False
2018-09-14 00:00:00+00:00,25.73,26.22,25.7,26.08,2633023.0,26.029,13860,False
2018-09-17 00:00:00+00:00,25.8,26.75,25.8,26.2,3359147.0,26.442,16472,False
2018-09-18 00:00:00+00:00,26.39,26.77,26.34,26.36,2155140.0,26.564,10480,False
2018-09-19 00:00:00+00:00,26.53,26.75,25.03,25.66,5660205.0,25.588,22567,False
2018-09-20 00:00:00+00:00,25.67,27.0,25.63,26.5,5640807.0,26.567,26500,False
2018-09-21 00:00:00+00:00,26.74,27.02,26.18,26.36,2466180.0,26.631,12701,False
2018-09-24 00:00:00+00:00,26.25,26.4,25.55,26.33,2466665.0,26.072,12087,False
2018-09-25 00:00:00+00:00,26.31,27.2,26.3,27.14,2968563.0,26.99,12843,False
2018-09-26 00:00:00+00:00,27.25,27.35,26.55,27.11,3264258.0,27.076,12036,False
2018-09-27 00:00:00+00:00,27.21,27.29,26.95,27.05,1356793.0,27.112,6283,False
2018-09-28 00:00:00+00:00,26.9,27.04,26.31,26.83,2165929.0,26.653,10933,False
2018-10-01 00:00:00+00:00,26.82,26.93,25.7,26.22,4163270.0,26.129,16758,False
2018-10-02 00:00:00+00:00,26.38,26.53,26.03,26.32,2411864.0,26.281,10000,False
2018-10-03 00:00:00+00:00,26.37,26.52,26.06,26.25,1507956.0,26.281,7303,False
2018-10-04 00:00:00+00:00,26.07,26.21,24.17,24.54,5527662.0,24.782,21186,False
2018-10-05 00:00:00+00:00,24.69,24.86,22.92,24.07,8094851.0,23.787,35064,False
2018-10-08 00:00:00+00:00,23.5,23.82,22.15,22.85,5172076.0,22.865,19042,False
2018-10-09 00:00:00+00:00,22.38,23.39,22.18,22.75,4417483.0,22.68,19944,False
2018-10-10 00:00:00+00:00,23.42,23.56,22.19,22.78,7166582.0,22.892,34573,False
2018-10-11 00:00:00+00:00,22.59,23.57,22.07,22.87,5188745.0,22.85,27460,False
2018-10-12 00:00:00+00:00,23.37,24.0,23.27,23.92,3734306.0,23.669,17195,False
2018-10-15 00:00:00+00:00,23.76,24.19,23.25,23.97,1635852.0,23.839,8726,False
2018-10-16 00:00:00+00:00,24.25,25.01,24.2,24.9,1918051.0,24.826,8806,False
2018-10-17 00:00:00+00:00,24.89,24.96,24.38,24.86,1284343.0,24.742,7431,False
2018-10-18 00:00:00+00:00,24.6,24.76,23.75,24.19,1549430.0,24.137,8405,False
2018-10-19 00:00:00+00:00,24.19,24.66,23.26,23.38,1394235.0,23.74,7476,False
2018-10-22 00:00:00+00:00,23.41,23.68,22.95,23.42,1972832.0,23.312,11830,False
2018-10-23 00:00:00+00:00,22.61,23.6,22.51,23.36,1694273.0,23.102,8956,False
2018-10-24 00:00:00+00:00,23.3,23.3,21.97,21.99,2394816.0,22.599,12958,False
2018-10-25 00:00:00+00:00,22.23,22.47,21.36,22.35,2574366.0,22.054,14653,False
2018-10-26 00:00:00+00:00,21.65,22.59,21.51,21.71,2473512.0,21.874,13538,False
2018-10-29 00:00:00+00:00,22.09,22.83,21.63,22.01,2078227.0,22.304,11740,False
2018-10-30 00:00:00+00:00,21.99,22.81,21.77,22.8,2141650.0,22.483,10010,False
2018-10-31 00:00:00+00:00,23.11,23.8,23.0,23.47,2300229.0,23.56,11268,False
2018-11-01 00:00:00+00:00,23.5,24.0,23.12,23.72,1535273.0,23.739,8783,False
2018-11-02 00:00:00+00:00,23.98,24.12,23.39,24.03,1913189.0,23.861,10314,False
2018-11-05 00:00:00+00:00,23.9,24.09,23.65,24.06,1431582.0,23.875,8339,False
2018-11-06 00:00:00+00:00,23.91,24.45,23.78,24.05,1186305.0,24.145,6749,False
2018-11-07 00:00:00+00:00,24.51,25.36,24.43,25.01,2728853.0,24.991,13257,False
2018-11-08 00:00:00+00:00,24.94,25.54,24.25,24.74,5391316.0,24.837,24757,False
2018-11-09 00:00:00+00:00,27.05,27.15,24.75,25.55,13427247.0,26.071,52878,False
2018-11-12 00:00:00+00:00,24.74,25.01,23.57,24.34,4811350.0,24.285,23640,False
2018-11-13 00:00:00+00:00,24.09,24.61,23.36,23.67,3259885.0,23.933,15651,False
2018-11-14 00:00:00+00:00,23.81,24.24,23.37,23.56,3580461.0,23.757,16385,False
2018-11-15 00:00:00+00:00,23.32,24.69,23.02,24.6,2817555.0,24.106,15057,False
2018-11-16 00:00:00+00:00,23.9,24.28,23.2,23.27,3726205.0,23.607,19814,False
2018-11-19 00:00:00+00:00,23.27,23.27,21.32,21.55,5265185.0,21.702,26466,False
2018-11-20 00:00:00+00:00,20.0,21.78,19.54,21.45,3774186.0,21.044,18219,False
2018-11-21 00:00:00+00:00,21.68,22.09,21.24,21.75,2212583.0,21.868,11802,False
2018-11-23 00:00:00+00:00,21.54,22.44,21.5,22.35,970339.0,22.128,5096,False
2018-11-26 00:00:00+00:00,22.51,23.69,22.51,23.66,3679020.0,23.217,18429,False
2018-11-27 00:00:00+00:00,23.09,23.4,22.57,23.04,3329017.0,23.105,21049,False
2018-11-28 00:00:00+00:00,23.43,24.24,23.0,24.19,5079125.0,23.788,26041,False
2018-11-29 00:00:00+00:00,23.88,24.64,23.53,24.46,3275334.0,24.205,20693,False
2018-11-30 00:00:00+00:00,24.27,24.27,22.71,23.39,4823622.0,23.372,22542,False
2018-12-03 00:00:00+00:00,23.9,24.0,23.43,23.77,3075273.0,23.723,15940,False
2018-12-04 00:00:00+00:00,23.36,23.7,22.35,22.42,2175330.0,22.941,12554,False
2018-12-06 00:00:00+00:00,21.86,22.61,21.47,22.42,2972339.0,22.161,16680,False
2018-12-07 00:00:00+00:00,22.18,22.6,21.16,21.51,2787714.0,21.653,13189,False
2018-12-10 00:00:00+00:00,21.39,22.33,21.35,22.01,2322378.0,21.975,13467,False
2018-12-11 00:00:00+00:00,22.52,23.28,22.25,22.57,2483375.0,22.781,13302,False
2018-12-12 00:00:00+00:00,22.92,23.37,22.77,22.81,1561652.0,23.081,8714,False
2018-12-13 00:00:00+00:00,22.91,23.39,22.74,23.19,1882707.0,23.056,10560,False
2018-12-14 00:00:00+00:00,22.66,23.45,22.5,22.6,1736252.0,22.906,9996,False
2018-12-17 00:00:00+00:00,22.34,22.38,21.39,21.76,2229503.0,21.796,12317,False
2018-12-18 00:00:00+00:00,21.93,22.23,21.19,21.46,2656563.0,21.556,12102,False
2018-12-19 00:00:00+00:00,21.46,22.0,21.23,21.56,2348383.0,21.631,12212,False
2018-12-20 00:00:00+00:00,21.41,21.59,19.69,20.37,3975297.0,20.395,19499,False
2018-12-21 00:00:00+00:00,20.64,20.79,18.77,19.38,4145354.0,19.526,19889,False
2018-12-24 00:00:00+00:00,18.55,20.03,18.5,19.75,1868132.0,19.596,9551,False
2018-12-26 00:00:00+00:00,19.99,20.77,19.66,20.76,2930492.0,20.183,13597,False
2018-12-27 00:00:00+00:00,20.44,20.91,20.07,20.87,1386130.0,20.419,7374,False
2018-12-28 00:00:00+00:00,20.94,21.15,20.28,20.79,1949660.0,20.779,9687,False
2018-12-31 00:00:00+00:00,20.97,21.18,20.1,20.43,2654441.0,20.416,14283,False
2019-01-02 00:00:00+00:00,19.96,20.9,19.76,20.67,1862602.0,20.558,12982,False
2019-01-03 00:00:00+00:00,20.41,20.85,20.06,20.09,1362835.0,20.37,8226,False
2019-01-04 00:00:00+00:00,20.55,21.46,20.5,21.28,1513172.0,21.209,7765,False
2019-01-07 00:00:00+00:00,21.38,22.15,21.11,21.76,1919441.0,21.87,11622,False
2019-01-08 00:00:00+00:00,22.04,22.22,21.62,22.07,1350350.0,21.986,8534,False
2019-01-09 00:00:00+00:00,22.01,22.61,21.76,22.3,1783279.0,22.334,9995,False
2019-01-10 00:00:00+00:00,22.13,22.8,22.01,22.49,1298124.0,22.492,6982,False
2019-01-11 00:00:00+00:00,22.29,22.53,22.11,22.39,1312821.0,22.296,8500,False
2019-01-14 00:00:00+00:00,22.22,22.23,21.91,22.01,1172242.0,22.049,6843,False
2019-01-15 00:00:00+00:00,21.99,22.79,21.98,22.58,1331038.0,22.549,8734,False
2019-01-16 00:00:00+00:00,22.57,22.7,22.16,22.48,1183628.0,22.485,7811,False
2019-01-17 00:00:00+00:00,22.5,22.82,22.27,22.6,1155342.0,22.603,7872,False
2019-01-18 00:00:00+00:00,22.86,23.8,22.72,23.59,2385540.0,23.493,12593,False
2019-01-22 00:00:00+00:00,23.4,23.5,22.65,22.9,1716658.0,22.975,10474,False
2019-01-23 00:00:00+00:00,23.36,23.55,23.04,23.31,1600928.0,23.303,9518,False
2019-01-24 00:00:00+00:00,23.19,23.47,23.01,23.39,1110151.0,23.315,7247,False
2019-01-25 00:00:00+00:00,23.68,24.1,23.49,23.9,2363903.0,23.925,12535,False
2019-01-28 00:00:00+00:00,23.63,24.18,23.24,24.14,1768961.0,23.874,10197,False
2019-01-29 00:00:00+00:00,24.07,24.1,23.08,23.24,1472205.0,23.354,8435,False
2019-01-30 00:00:00+00:00,23.5,24.05,23.33,23.93,1217408.0,23.701,6301,False
2019-01-31 00:00:00+00:00,24.04,24.99,24.0,24.71,3191651.0,24.728,14913,False
2019-02-01 00:00:00+00:00,24.55,24.65,23.27,24.24,3742509.0,23.961,19556,False
2019-02-04 00:00:00+00:00,24.39,24.85,24.0,24.57,1484946.0,24.604,7500,False
2019-02-05 00:00:00+00:00,24.64,25.3,24.49,25.2,2713977.0,25.096,11473,False
2019-02-06 00:00:00+00:00,25.25,25.44,24.75,25.24,1582396.0,25.201,9134,False
2019-02-07 00:00:00+00:00,25.1,25.21,24.41,24.79,1271743.0,24.733,7339,False
2019-02-08 00:00:00+00:00,24.61,25.47,24.51,25.42,1550269.0,25.199,6992,False
2019-02-11 00:00:00+00:00,25.47,25.65,25.08,25.15,1329385.0,25.351,6281,False
2019-02-12 00:00:00+00:00,25.44,25.6,25.25,25.43,1048105.0,25.455,6239,False
2019-02-13 00:00:00+00:00,25.56,25.64,25.22,25.45,1128216.0,25.488,6335,False
2019-02-14 00:00:00+00:00,25.53,25.95,25.32,25.78,1402949.0,25.781,8613,False
2019-02-15 00:00:00+00:00,26.0,26.0,25.48,25.54,1573156.0,25.777,9502,False
2019-02-19 00:00:00+00:00,25.38,26.21,25.33,25.99,2459864.0,25.969,12410,False
2019-02-20 00:00:00+00:00,26.3,26.49,25.47,25.49,2636976.0,25.922,11508,False
2019-02-21 00:00:00+00:00,25.71,25.74,24.93,25.59,5490533.0,25.322,26446,False
2019-02-22 00:00:00+00:00,23.8,24.2,23.03,23.45,12438897.0,23.479,52931,False
2019-02-25 00:00:00+00:00,23.53,23.98,23.43,23.59,4290168.0,23.618,22681,False
2019-02-26 00:00:00+00:00,23.28,24.39,23.25,24.34,4030464.0,23.962,21778,False
2019-02-27 00:00:00+00:00,23.85,24.35,23.5,24.24,3005080.0,24.104,17046,False
2019-02-28 00:00:00+00:00,24.0,24.1,23.32,23.86,3555104.0,23.822,18871,False
2019-03-01 00:00:00+00:00,23.92,24.0,23.6,23.89,2993122.0,23.824,16766,False
2019-03-04 00:00:00+00:00,24.0,24.0,23.37,23.86,4172042.0,23.722,21487,False
2019-03-05 00:00:00+00:00,23.76,23.79,23.51,23.54,1813553.0,23.646,11690,False
2019-03-06 00:00:00+00:00,23.45,23.45,22.25,22.63,5023740.0,22.658,26749,False
2019-03-07 00:00:00+00:00,22.6,22.75,22.19,22.51,2476905.0,22.457,15646,False
2019-03-08 00:00:00+00:00,22.03,22.49,21.84,22.23,2182281.0,22.223,12680,False
2019-03-11 00:00:00+00:00,22.27,23.0,22.23,22.64,1957370.0,22.75,11672,False
2019-03-12 00:00:00+00:00,22.84,23.25,22.7,23.11,2112963.0,23.046,10861,False
2019-03-13 00:00:00+00:00,23.01,23.28,22.59,22.59,3031283.0,22.937,14556,False
2019-03-14 00:00:00+00:00,22.48,22.87,22.08,22.13,2649671.0,22.414,15287,False
2019-03-15 00:00:00+00:00,22.3,22.55,22.15,22.31,1808505.0,22.39,10967,False
2019-03-18 00:00:00+00:00,22.3,22.46,21.98,22.16,2901692.0,22.166,14681,False
2019-03-19 00:00:00+00:00,22.21,22.49,22.02,22.32,2251213.0,22.265,12395,False
2019-03-20 00:00:00+00:00,22.34,22.45,22.05,22.1,1521178.0,22.214,8728,False
2019-03-21 00:00:00+00:00,22.03,22.74,22.01,22.66,1975548.0,22.513,10662,False
2019-03-22 00:00:00+00:00,22.5,22.7,21.67,21.72,2091666.0,22.024,11012,False
2019-03-25 00:00:00+00:00,21.5,21.88,21.33,21.83,1562365.0,21.629,8662,False
2019-03-26 00:00:00+00:00,22.02,22.12,21.78,21.96,1133264.0,21.915,6103,False
2019-03-27 00:00:00+00:00,21.93,21.95,21.08,21.42,2615335.0,21.381,13706,False
2019-03-28 00:00:00+00:00,21.46,21.57,21.14,21.5,1796733.0,21.395,10436,False
2019-03-29 00:00:00+00:00,21.67,21.95,21.58,21.8,1785004.0,21.813,11515,False
2019-04-01 00:00:00+00:00,22.0,22.16,21.46,21.57,2371113.0,21.692,12970,False
2019-04-02 00:00:00+00:00,21.51,22.14,21.35,22.13,3076455.0,21.881,12522,False
2019-04-03 00:00:00+00:00,22.16,22.55,22.09,22.28,1593132.0,22.375,8984,False
2019-04-04 00:00:00+00:00,22.23,22.42,21.71,21.9,2072754.0,21.917,10375,False
2019-04-05 00:00:00+00:00,22.02,22.1,21.82,21.95,1579739.0,21.99,9844,False
2019-04-08 00:00:00+00:00,21.79,22.38,21.59,22.14,1673517.0,22.116,8595,False
2019-04-09 00:00:00+00:00,21.98,22.16,21.78,21.94,2143383.0,21.973,12829,False
2019-04-10 00:00:00+00:00,21.96,22.33,21.94,22.28,1363145.0,22.154,8005,False
2019-04-11 00:00:00+00:00,22.28,22.44,22.03,22.08,861159.0,22.204,5725,False
2019-04-12 00:00:00+00:00,22.2,22.41,21.96,22.34,1667065.0,22.223,9940,False
2019-04-15 00:00:00+00:00,22.29,22.53,22.11,22.15,864830.0,22.238,5047,False
2019-04-16 00:00:00+00:00,22.25,22.35,21.68,21.8,1536651.0,21.976,9680,False
2019-04-17 00:00:00+00:00,21.91,21.98,21.04,21.15,3146248.0,21.256,15213,False
2019-04-18 00:00:00+00:00,21.15,21.34,20.6,21.25,1893805.0,21.077,11778,False
2019-04-22 00:00:00+00:00,21.06,23.35,21.06,23.16,6775502.0,22.827,37947,False
2019-04-23 00:00:00+00:00,22.79,23.45,21.97,23.33,5139975.0,22.971,30536,False
2019-04-24 00:00:00+00:00,23.31,23.77,23.25,23.4,3389564.0,23.513,21273,False
2019-04-25 00:00:00+00:00,23.43,24.05,23.32,23.65,3539608.0,23.671,20965,False
2019-04-26 00:00:00+00:00,23.56,24.39,23.56,24.35,6130900.0,24.102,32225,False
2019-04-29 00:00:00+00:00,24.4,24.65,24.25,24.41,3332582.0,24.448,19122,False
2019-04-30 00:00:00+00:00,24.42,24.63,24.1,24.38,2816981.0,24.359,18318,False
2019-05-01 00:00:00+00:00,24.5,24.5,23.88,23.9,1673596.0,24.177,10641,False
2019-05-02 00:00:00+00:00,23.95,24.12,23.51,23.97,2373292.0,23.824,15457,False
2019-05-03 00:00:00+00:00,24.0,24.5,23.88,24.42,2173965.0,24.287,15467,False
2019-05-06 00:00:00+00:00,23.8,24.3,23.57,24.16,3278112.0,24.05,21593,False
2019-05-07 00:00:00+00:00,23.94,24.14,23.33,23.59,2240863.0,23.62,15620,False
2019-05-08 00:00:00+00:00,23.64,24.15,23.51,23.67,1672261.0,23.766,10991,False
2019-05-09 00:00:00+00:00,23.33,23.46,22.84,23.23,4892714.0,23.197,29677,False
2019-05-10 00:00:00+00:00,24.76,24.79,22.6,23.5,8528962.0,23.355,43126,False
2019-05-13 00:00:00+00:00,22.4,22.71,21.57,21.68,4113247.0,22.025,25455,False
2019-05-14 00:00:00+00:00,21.86,22.35,21.86,22.19,3619766.0,22.187,21904,False
2019-05-15 00:00:00+00:00,21.89,23.18,21.85,22.81,3761859.0,22.783,19885,False
2019-05-16 00:00:00+00:00,22.82,23.75,22.79,23.52,3639959.0,23.54,22031,False
2019-05-17 00:00:00+00:00,23.07,23.45,22.85,23.0,2368740.0,23.117,14868,False
2019-05-20 00:00:00+00:00,22.46,23.49,22.45,23.14,2092623.0,23.118,14932,False
2019-05-21 00:00:00+00:00,23.45,23.69,23.14,23.2,2059485.0,23.368,13149,False
2019-05-22 00:00:00+00:00,23.28,23.63,23.13,23.21,1919690.0,23.292,12975,False
2019-05-23 00:00:00+00:00,22.75,23.04,22.36,22.56,2307698.0,22.591,13657,False
2019-05-24 00:00:00+00:00,22.69,22.88,22.4,22.59,1721909.0,22.606,12118,False
2019-05-28 00:00:00+00:00,22.78,23.35,22.45,22.65,2881684.0,22.795,17218,False
2019-05-29 00:00:00+00:00,22.45,22.74,22.25,22.62,1894603.0,22.558,13085,False
2019-05-30 00:00:00+00:00,22.6,22.95,22.25,22.38,1575885.0,22.486,11141,False
2019-05-31 00:00:00+00:00,22.04,22.82,21.95,22.56,2826013.0,22.551,20818,False
2019-06-03 00:00:00+00:00,22.7,23.0,22.26,22.33,3630866.0,22.622,24762,False
2019-06-04 00:00:00+00:00,22.34,22.35,21.0,21.87,5449169.0,21.636,29763,False
2019-06-05 00:00:00+00:00,22.13,22.96,21.9,22.88,5844281.0,22.674,31025,False
2019-06-06 00:00:00+00:00,22.53,22.92,22.12,22.84,3629713.0,22.676,21921,False
2019-06-07 00:00:00+00:00,22.89,23.39,22.83,23.03,3895707.0,23.153,22767,False
2019-06-10 00:00:00+00:00,22.9,23.01,22.21,22.74,4195726.0,22.787,26384,False
2019-06-11 00:00:00+00:00,22.98,23.06,22.4,22.68,2564458.0,22.7,17530,False
2019-06-12 00:00:00+00:00,22.79,23.18,22.65,23.03,3484251.0,23.038,20373,False
2019-06-13 00:00:00+00:00,23.13,24.17,23.05,24.05,7251800.0,23.795,35422,False
2019-06-14 00:00:00+00:00,23.69,24.0,23.22,23.46,3989523.0,23.504,22349,False
2019-06-17 00:00:00+00:00,23.55,24.06,23.44,23.54,4016445.0,23.756,20888,False
2019-06-18 00:00:00+00:00,23.89,24.05,23.63,23.84,3046600.0,23.905,17609,False
2019-06-19 00:00:00+00:00,24.0,24.21,23.89,24.2,2969972.0,24.054,17025,False
2019-06-20 00:00:00+00:00,24.2,24.52,23.9,24.52,4716128.0,24.285,21765,False
2019-06-21 00:00:00+00:00,24.27,25.18,24.21,25.01,8524719.0,24.875,38202,False
2019-06-24 00:00:00+00:00,25.1,25.42,24.71,24.8,4348817.0,25.023,23209,False
2019-06-25 00:00:00+00:00,25.0,25.0,23.92,23.97,4577009.0,24.268,26111,False
2019-06-26 00:00:00+00:00,24.2,24.76,24.16,24.62,5767735.0,24.493,30265,False
2019-06-27 00:00:00+00:00,24.71,25.24,24.68,24.95,4107049.0,25.038,26703,False
2019-06-28 00:00:00+00:00,24.89,25.07,24.24,25.05,4630076.0,24.841,25599,False
2019-07-01 00:00:00+00:00,25.31,25.42,24.93,25.01,3510150.0,25.106,22878,False
2019-07-02 00:00:00+00:00,25.0,25.09,24.64,25.0,3194403.0,24.899,19006,False
2019-07-03 00:00:00+00:00,24.75,25.11,24.33,25.08,2853092.0,24.876,16346,False
2019-07-05 00:00:00+00:00,24.93,25.25,24.91,25.16,1880137.0,25.146,11877,False
2019-07-08 00:00:00+00:00,25.08,25.31,24.72,24.95,2750452.0,25.068,16722,False
2019-07-09 00:00:00+00:00,24.84,25.23,24.84,25.21,2652702.0,25.093,14598,False
2019-07-10 00:00:00+00:00,25.17,25.68,25.06,25.51,5123055.0,25.456,25828,False
2019-07-11 00:00:00+00:00,25.53,26.05,25.42,25.96,3760988.0,25.81,18232,False
2019-07-12 00:00:00+00:00,26.04,26.15,25.83,25.87,2263245.0,26.004,13318,False
2019-07-15 00:00:00+00:00,25.96,26.2,25.77,26.13,2446646.0,26.088,14865,False
2019-07-16 00:00:00+00:00,26.09,26.14,25.15,25.45,3276363.0,25.503,17864,False
2019-07-17 00:00:00+00:00,25.44,25.72,25.02,25.05,2190324.0,25.298,13775,False
2019-07-18 00:00:00+00:00,25.02,25.22,24.71,24.98,2001501.0,25.011,13320,False
2019-07-19 00:00:00+00:00,25.09,25.17,24.39,24.43,2381037.0,24.668,14344,False
2019-07-22 00:00:00+00:00,24.5,24.72,24.17,24.4,2286548.0,24.394,12956,False
2019-07-23 00:00:00+00:00,24.7,24.7,24.17,24.23,1983506.0,24.301,11065,False
2019-07-24 00:00:00+00:00,24.31,24.75,24.14,24.68,1370942.0,24.569,9309,False
2019-07-25 00:00:00+00:00,24.72,24.78,24.46,24.55,1586786.0,24.648,9903,False
2019-07-26 00:00:00+00:00,24.69,24.97,24.52,24.63,1664279.0,24.743,9847,False
2019-07-29 00:00:00+00:00,24.64,24.8,23.46,23.94,2534171.0,23.867,14269,False
2019-07-30 00:00:00+00:00,23.8,23.93,23.61,23.8,1545212.0,23.753,7702,False
2019-07-31 00:00:00+00:00,23.84,24.04,23.33,23.56,2256348.0,23.779,13740,False
2019-08-01 00:00:00+00:00,23.56,24.23,23.39,23.5,2437861.0,23.779,14894,False
2019-08-02 00:00:00+00:00,23.32,23.43,22.79,23.02,2202498.0,22.989,14631,False
2019-08-05 00:00:00+00:00,22.33,22.33,21.51,21.81,4717838.0,21.936,26340,False
2019-08-06 00:00:00+00:00,22.24,22.59,21.47,21.7,3235924.0,21.755,19582,False
2019-08-07 00:00:00+00:00,21.09,21.2,20.47,20.76,5886679.0,20.811,29813,False
2019-08-08 00:00:00+00:00,21.12,21.58,20.96,21.46,6914028.0,21.37,34914,False
2019-08-09 00:00:00+00:00,20.54,20.57,18.4,18.71,18239585.0,18.811,77179,False
2019-08-12 00:00:00+00:00,18.7,18.99,18.2,18.22,5945012.0,18.388,25706,False
2019-08-13 00:00:00+00:00,18.13,18.43,17.95,18.37,5408100.0,18.212,28546,False
2019-08-14 00:00:00+00:00,17.82,17.99,17.37,17.57,4750074.0,17.598,25600,False
2019-08-15 00:00:00+00:00,17.45,17.64,17.2,17.26,4233486.0,17.365,22031,False
2019-08-16 00:00:00+00:00,17.32,17.6,17.23,17.48,1861011.0,17.471,10959,False
2019-08-19 00:00:00+00:00,17.66,17.92,17.62,17.79,3422577.0,17.783,18943,False
2019-08-20 00:00:00+00:00,17.68,18.0,17.6,17.8,2834578.0,17.897,16773,False
2019-08-21 00:00:00+00:00,18.0,18.31,17.87,17.92,2739970.0,18.086,17029,False
2019-08-22 00:00:00+00:00,17.95,18.06,17.64,18.0,1768704.0,17.912,10246,False
2019-08-23 00:00:00+00:00,17.89,18.21,17.71,17.76,2688820.0,17.905,17930,False
2019-08-26 00:00:00+00:00,17.92,17.96,17.47,17.7,2040230.0,17.642,12412,False
2019-08-27 00:00:00+00:00,17.85,18.0,17.45,17.53,1596107.0,17.643,10285,False
2019-08-28 00:00:00+00:00,17.59,17.7,17.29,17.65,1622929.0,17.547,10788,False
2019-08-29 00:00:00+00:00,17.82,18.15,17.75,17.9,1802214.0,17.97,11681,False
2019-08-30 00:00:00+00:00,18.07,18.07,17.64,17.9,1080547.0,17.845,6821,False
2019-09-03 00:00:00+00:00,17.69,18.0,17.68,17.95,2020595.0,17.877,13307,False
2019-09-04 00:00:00+00:00,18.11,18.49,18.04,18.38,2666025.0,18.369,13484,False
2019-09-05 00:00:00+00:00,18.55,18.95,18.51,18.86,2890043.0,18.784,16284,False
2019-09-06 00:00:00+00:00,18.96,19.15,18.77,18.97,2067013.0,19.011,12428,False
2019-09-09 00:00:00+00:00,19.03,19.48,18.88,19.48,3415720.0,19.255,19019,False
2019-09-10 00:00:00+00:00,19.24,20.11,19.07,20.07,3667909.0,19.788,21264,False
2019-09-11 00:00:00+00:00,20.19,20.57,19.9,20.32,3937093.0,20.351,23950,False
2019-09-12 00:00:00+00:00,20.41,20.44,19.89,20.02,2597151.0,20.109,15681,False
2019-09-13 00:00:00+00:00,19.92,20.39,19.91,20.06,3607755.0,20.147,21666,False
2019-09-16 00:00:00+00:00,19.83,20.46,19.74,20.4,2300425.0,20.211,14517,False
2019-09-17 00:00:00+00:00,20.42,20.95,20.32,20.88,3427533.0,20.734,17705,False
2019-09-18 00:00:00+00:00,20.76,21.0,20.59,20.96,2295745.0,20.854,14411,False
2019-09-19 00:00:00+00:00,20.99,21.1,20.63,21.03,2212543.0,20.956,14696,False
2019-09-20 00:00:00+00:00,21.16,21.47,20.91,21.03,2866474.0,21.157,17766,False
2019-09-23 00:00:00+00:00,20.89,20.89,19.87,20.28,3540404.0,20.182,20279,False
2019-09-24 00:00:00+00:00,20.43,20.77,19.7,19.79,3554613.0,20.024,21052,False
2019-09-25 00:00:00+00:00,19.85,20.0,19.19,19.75,2295413.0,19.633,15214,False
2019-09-26 00:00:00+00:00,20.32,20.89,19.95,20.07,3811479.0,20.326,21707,False
2019-09-27 00:00:00+00:00,20.12,20.27,19.46,19.77,2404892.0,19.805,15017,False
2019-09-30 00:00:00+00:00,19.79,20.28,19.71,20.17,1540559.0,20.121,10034,False
2019-10-01 00:00:00+00:00,20.23,20.34,19.79,19.95,1399543.0,20.016,9740,False
2019-10-02 00:00:00+00:00,19.76,19.9,19.21,19.26,2081774.0,19.36,13224,False
2019-10-03 00:00:00+00:00,19.15,19.56,18.78,19.47,1830483.0,19.319,11798,False
2019-10-04 00:00:00+00:00,19.61,19.9,19.38,19.47,2021198.0,19.502,12976,False
2019-10-07 00:00:00+00:00,19.5,19.89,19.36,19.7,1458282.0,19.667,9657,False
2019-10-08 00:00:00+00:00,19.66,19.66,19.12,19.28,1349781.0,19.329,8904,False
2019-10-09 00:00:00+00:00,19.55,19.6,18.99,19.04,1308584.0,19.175,7968,False
2019-10-10 00:00:00+00:00,18.96,19.12,18.67,18.76,2305059.0,18.832,13100,False
2019-10-11 00:00:00+00:00,18.99,19.56,18.91,19.27,3216690.0,19.351,16827,False
2019-10-14 00:00:00+00:00,19.12,19.46,18.96,19.34,1250845.0,19.31,8320,False
2019-10-15 00:00:00+00:00,19.34,19.66,19.19,19.41,1552906.0,19.489,9621,False
2019-10-16 00:00:00+00:00,19.25,19.33,18.8,18.94,2216115.0,18.953,12360,False
2019-10-17 00:00:00+00:00,18.95,19.17,18.84,18.94,1461468.0,18.959,9070,False
2019-10-18 00:00:00+00:00,18.84,18.95,18.31,18.41,2131571.0,18.51,12280,False
2019-10-21 00:00:00+00:00,18.59,19.18,18.5,18.92,2011051.0,18.963,12758,False
2019-10-22 00:00:00+00:00,19.51,19.66,19.06,19.32,1807097.0,19.296,10399,False
2019-10-23 00:00:00+00:00,19.25,19.53,19.18,19.21,1189368.0,19.338,7110,False
2019-10-24 00:00:00+00:00,19.43,19.57,19.27,19.55,1040844.0,19.467,6601,False
2019-10-25 00:00:00+00:00,19.54,19.87,19.33,19.73,1234499.0,19.673,7020,False
2019-10-28 00:00:00+00:00,19.86,20.16,19.74,20.07,1112225.0,20.012,6691,False
2019-10-29 00:00:00+00:00,19.97,20.12,19.79,20.06,1205143.0,19.979,7891,False
2019-10-30 00:00:00+00:00,20.22,20.23,19.83,20.05,959596.0,20.016,6362,False
2019-10-31 00:00:00+00:00,20.0,20.05,19.63,19.82,1444189.0,19.81,9065,False
2019-11-01 00:00:00+00:00,19.88,20.5,19.75,20.25,1578554.0,20.246,9431,False
2019-11-04 00:00:00+00:00,20.6,20.81,20.42,20.54,1541059.0,20.587,8463,False
2019-11-05 00:00:00+00:00,20.78,20.95,20.55,20.87,1386446.0,20.778,9004,False
2019-11-06 00:00:00+00:00,20.83,20.84,20.46,20.56,1767918.0,20.619,10432,False
2019-11-07 00:00:00+00:00,20.66,21.2,20.41,20.96,4024703.0,20.988,21745,False
2019-11-08 00:00:00+00:00,21.03,21.1,18.86,19.8,8803645.0,19.585,37344,False
2019-11-11 00:00:00+00:00,19.7,19.79,18.76,18.86,5665972.0,19.098,28296,False
2019-11-12 00:00:00+00:00,18.84,19.28,18.8,18.91,2973423.0,19.038,16466,False
2019-11-13 00:00:00+00:00,18.84,19.65,18.26,19.45,8202091.0,19.088,38194,False
2019-11-14 00:00:00+00:00,19.47,19.51,18.74,18.84,3890953.0,19.005,20915,False
2019-11-15 00:00:00+00:00,18.91,19.24,18.68,19.21,3527389.0,19.046,20667,False
2019-11-18 00:00:00+00:00,19.11,19.21,18.69,18.97,2596159.0,18.953,16278,False
2019-11-19 00:00:00+00:00,18.89,19.13,18.63,19.03,2283657.0,18.973,14536,False
2019-11-20 00:00:00+00:00,18.87,19.15,18.73,18.93,2958151.0,18.965,18661,False
2019-11-21 00:00:00+00:00,19.0,19.27,18.47,18.52,3219423.0,18.725,18352,False
2019-11-22 00:00:00+00:00,18.66,19.09,18.57,18.98,2256619.0,18.877,14285,False
2019-11-25 00:00:00+00:00,18.99,19.32,18.93,19.03,2157914.0,19.1,13680,False
2019-11-26 00:00:00+00:00,18.99,19.19,18.8,18.9,2102407.0,18.98,13540,False
2019-11-27 00:00:00+00:00,18.93,18.97,18.62,18.7,2121667.0,18.755,11756,False
2019-11-29 00:00:00+00:00,18.61,18.66,18.48,18.49,1157072.0,18.544,6466,False
2019-12-02 00:00:00+00:00,18.5,18.58,17.97,18.35,3037638.0,18.223,17655,False
2019-12-03 00:00:00+00:00,18.09,18.31,17.84,18.2,3793399.0,18.183,24053,False
2019-12-04 00:00:00+00:00,18.33,18.4,18.07,18.26,4236371.0,18.257,23759,False
2019-12-05 00:00:00+00:00,18.26,18.37,17.94,18.06,2942396.0,18.061,18091,False
2019-12-06 00:00:00+00:00,18.14,18.46,18.08,18.27,2689777.0,18.325,16529,False
2019-12-09 00:00:00+00:00,18.27,18.45,18.06,18.09,2339822.0,18.272,14526,False
2019-12-10 00:00:00+00:00,18.04,18.12,17.79,17.81,2512072.0,17.954,14189,False
2019-12-11 00:00:00+00:00,17.41,17.5,16.95,17.24,7252558.0,17.2,35257,False
2019-12-12 00:00:00+00:00,17.15,17.22,16.62,16.75,5281976.0,16.836,26668,False
2019-12-13 00:00:00+00:00,16.75,17.03,16.08,16.8,3419229.0,16.814,17625,False
2019-12-16 00:00:00+00:00,16.89,17.28,16.89,17.12,2409695.0,17.148,12486,False
2019-12-17 00:00:00+00:00,17.17,17.21,16.65,17.16,4189126.0,16.928,16916,False
2019-12-18 00:00:00+00:00,17.13,17.58,17.08,17.2,2177919.0,17.387,11584,False
2019-12-19 00:00:00+00:00,17.14,18.8,17.1,18.16,11515993.0,18.322,45558,False
2019-12-20 00:00:00+00:00,18.21,18.25,17.83,17.86,3094721.0,18.023,16312,False
2019-12-23 00:00:00+00:00,17.85,17.94,17.69,17.78,1552384.0,17.793,8694,False
2019-12-24 00:00:00+00:00,17.77,17.98,17.75,17.78,774527.0,17.861,3825,False
2019-12-26 00:00:00+00:00,17.8,18.05,17.7,17.78,1440826.0,17.874,7973,False
2019-12-27 00:00:00+00:00,17.91,18.0,17.43,17.72,1969560.0,17.618,10079,False
2019-12-30 00:00:00+00:00,17.65,17.84,17.37,17.6,1527362.0,17.606,7710,False
2019-12-31 00:00:00+00:00,17.51,18.03,17.51,17.91,2328817.0,17.863,10993,False
2020-01-02 00:00:00+00:00,18.06,18.46,17.97,18.09,2943665.0,18.165,14207,False
2020-01-03 00:00:00+00:00,17.98,18.2,17.82,18.0,1511296.0,18.038,7880,False
2020-01-06 00:00:00+00:00,18.07,18.61,17.98,18.53,2536431.0,18.389,13048,False
2020-01-07 00:00:00+00:00,18.62,18.77,18.19,18.53,2339493.0,18.557,11552,False
2020-01-08 00:00:00+00:00,18.43,18.63,18.22,18.46,1895484.0,18.452,11421,False
2020-01-09 00:00:00+00:00,18.48,18.64,18.22,18.37,2810454.0,18.362,13405,False
2020-01-10 00:00:00+00:00,18.01,18.06,17.55,17.82,4901611.0,17.8,22670,False
2020-01-13 00:00:00+00:00,17.97,18.04,17.81,17.86,1792480.0,17.915,9894,False
2020-01-14 00:00:00+00:00,17.86,18.06,17.77,18.0,1751423.0,17.964,9740,False
2020-01-15 00:00:00+00:00,18.03,18.86,17.95,18.31,4729610.0,18.505,23660,False
2020-01-16 00:00:00+00:00,18.49,18.57,17.92,18.0,2814742.0,18.134,15028,False
2020-01-17 00:00:00+00:00,18.07,18.2,17.85,18.02,2213876.0,18.0,12180,False
2020-01-21 00:00:00+00:00,17.97,17.99,17.52,17.64,2657266.0,17.684,13055,False
2020-01-22 00:00:00+00:00,17.69,17.94,17.5,17.53,1654720.0,17.694,9617,False
2020-01-23 00:00:00+00:00,17.54,17.74,17.18,17.71,2252768.0,17.541,14019,False
2020-01-24 00:00:00+00:00,17.6,17.99,17.19,17.34,2751189.0,17.509,14622,False
2020-01-27 00:00:00+00:00,17.06,17.13,16.82,16.95,2875697.0,16.951,17172,False
2020-01-28 00:00:00+00:00,17.07,17.22,16.86,17.14,2088721.0,17.066,11748,False
2020-01-29 00:00:00+00:00,17.18,17.37,16.93,16.95,2135657.0,17.122,13488,False
2020-01-30 00:00:00+00:00,16.94,17.04,16.77,17.01,2053352.0,16.908,12958,False
2020-01-31 00:00:00+00:00,17.14,17.23,16.63,17.02,3515358.0,16.93,18407,False
2020-02-03 00:00:00+00:00,17.01,17.09,16.73,16.91,2531532.0,16.968,15799,False
2020-02-04 00:00:00+00:00,17.14,17.33,17.02,17.1,3909700.0,17.186,23165,False
2020-02-05 00:00:00+00:00,17.2,17.85,17.2,17.61,6810309.0,17.612,31541,False
2020-02-06 00:00:00+00:00,17.67,18.68,17.2,18.26,9909491.0,18.001,43518,False
2020-02-07 00:00:00+00:00,18.1,18.23,17.97,18.1,3739095.0,18.088,17190,False
2020-02-10 00:00:00+00:00,17.92,18.59,17.86,18.53,2809506.0,18.425,15515,False
2020-02-11 00:00:00+00:00,18.53,18.69,18.39,18.6,2780440.0,18.594,13776,False
2020-02-12 00:00:00+00:00,18.73,18.74,18.3,18.57,3144405.0,18.519,15775,False
2020-02-13 00:00:00+00:00,18.5,18.76,18.45,18.61,3004748.0,18.624,12196,False
2020-02-14 00:00:00+00:00,18.6,18.65,18.41,18.53,3506803.0,18.52,17960,False
2020-02-18 00:00:00+00:00,18.58,18.65,18.24,18.39,4039883.0,18.423,22644,False
2020-02-19 00:00:00+00:00,18.37,18.55,18.19,18.32,3660033.0,18.358,19804,False
2020-02-20 00:00:00+00:00,18.46,18.8,18.09,18.71,6266488.0,18.522,28671,False
2020-02-21 00:00:00+00:00,21.99,23.73,21.88,22.45,43882216.0,22.653,143346,False
2020-02-24 00:00:00+00:00,20.61,22.09,20.34,21.76,12492551.0,21.657,56451,False
2020-02-25 00:00:00+00:00,21.83,21.9,20.43,20.64,7287977.0,20.873,39208,False
2020-02-26 00:00:00+00:00,20.52,20.97,19.72,19.88,4598463.0,20.233,24949,False
2020-02-27 00:00:00+00:00,19.15,20.02,19.11,19.33,5237420.0,19.66,26825,False
2020-02-28 00:00:00+00:00,18.77,19.62,18.69,19.56,6123112.0,19.212,38131,False
2020-03-02 00:00:00+00:00,19.67,19.85,18.79,19.29,5562889.0,19.145,31513,False
2020-03-03 00:00:00+00:00,19.29,20.04,19.1,19.32,3679333.0,19.565,20666,False
2020-03-04 00:00:00+00:00,19.52,19.82,19.18,19.8,2050571.0,19.568,12531,False
2020-03-05 00:00:00+00:00,19.27,19.62,19.19,19.34,2731559.0,19.367,17083,False
2020-03-06 00:00:00+00:00,18.86,19.85,18.8,19.41,4461342.0,19.336,26604,False
2020-03-09 00:00:00+00:00,18.46,18.46,17.63,17.67,4785126.0,17.932,28037,False
2020-03-10 00:00:00+00:00,18.2,18.35,16.75,17.39,4229357.0,17.226,24098,False
2020-03-11 00:00:00+00:00,16.91,17.04,15.85,16.16,6264356.0,16.192,31448,False
2020-03-12 00:00:00+00:00,14.66,16.83,14.55,15.69,8796687.0,15.924,44585,False
2020-03-13 00:00:00+00:00,16.65,18.36,15.76,18.35,9443016.0,16.874,45471,False
2020-03-16 00:00:00+00:00,16.11,17.13,15.81,16.08,6479362.0,16.45,30816,False
2020-03-17 00:00:00+00:00,16.26,16.89,14.8,16.81,4905673.0,16.131,25196,False
2020-03-18 00:00:00+00:00,15.83,17.17,14.96,16.52,4292050.0,16.154,21395,False
2020-03-19 00:00:00+00:00,16.3,18.45,16.27,17.82,3544312.0,17.703,18991,False
2020-03-20 00:00:00+00:00,18.0,18.82,17.22,17.59,4501991.0,17.905,25988,False
2020-03-23 00:00:00+00:00,17.75,17.8,16.12,17.11,4864074.0,16.921,30000,False
2020-03-24 00:00:00+00:00,17.82,18.92,17.58,18.8,4035860.0,18.172,23322,False
2020-03-25 00:00:00+00:00,18.65,19.06,18.16,18.41,3530542.0,18.665,22346,False
2020-03-26 00:00:00+00:00,17.82,19.31,17.7,18.92,4758726.0,18.719,26351,False
2020-03-27 00:00:00+00:00,18.11,18.41,17.48,17.75,3815267.0,17.904,27122,False
2020-03-30 00:00:00+00:00,18.1,18.51,17.86,18.15,2831102.0,18.209,19582,False
2020-03-31 00:00:00+00:00,18.21,18.87,17.89,18.1,2722036.0,18.304,18989,False
2020-04-01 00:00:00+00:00,17.51,18.23,17.35,17.88,2979633.0,17.917,21415,False
2020-04-02 00:00:00+00:00,17.7,18.55,17.68,18.23,2477896.0,18.188,18409,False
2020-04-03 00:00:00+00:00,18.13,18.64,17.82,17.96,2852683.0,18.116,19748,False
2020-04-06 00:00:00+00:00,18.44,18.78,17.9,18.06,3573962.0,18.273,22714,False
2020-04-07 00:00:00+00:00,18.3,18.31,17.32,17.7,4288614.0,17.681,26818,False
2020-04-08 00:00:00+00:00,18.0,18.55,17.85,18.29,3591917.0,18.307,21070,False
2020-04-09 00:00:00+00:00,18.5,18.95,17.87,18.06,3984310.0,18.339,23597,False
2020-04-13 00:00:00+00:00,18.2,18.6,17.91,18.53,2356793.0,18.346,15361,False
2020-04-14 00:00:00+00:00,18.63,19.09,18.63,19.0,2298370.0,18.954,14213,False
2020-04-15 00:00:00+00:00,18.59,19.24,18.5,18.95,2259869.0,18.972,15738,False
2020-04-16 00:00:00+00:00,19.08,19.23,18.42,18.73,2237380.0,18.709,16169,False
2020-04-17 00:00:00+00:00,19.0,19.29,18.77,19.18,3281683.0,19.111,18520,False
2020-04-20 00:00:00+00:00,19.18,20.39,19.15,20.34,7506618.0,20.105,34931,False
2020-04-21 00:00:00+00:00,20.33,20.69,19.38,19.66,4130682.0,19.85,23716,False
2020-04-22 00:00:00+00:00,19.97,20.17,19.67,19.97,1828366.0,19.928,10931,False
2020-04-23 00:00:00+00:00,20.01,20.15,19.74,19.84,2501179.0,19.962,13615,False
2020-04-24 00:00:00+00:00,20.0,20.24,19.88,20.21,1887451.0,20.111,10583,False
2020-04-27 00:00:00+00:00,20.5,21.0,20.22,20.8,3253453.0,20.706,14253,False
2020-04-28 00:00:00+00:00,21.0,21.17,20.46,20.55,3389774.0,20.797,17946,False
2020-04-29 00:00:00+00:00,20.63,21.24,20.55,20.98,2890834.0,21.027,16305,False
2020-04-30 00:00:00+00:00,20.92,21.13,20.61,21.02,2278645.0,20.953,13946,False
2020-05-01 00:00:00+00:00,20.51,20.73,19.5,19.6,3113001.0,19.854,19398,False
2020-05-04 00:00:00+00:00,19.55,19.94,19.31,19.88,2168547.0,19.728,14512,False
2020-05-05 00:00:00+00:00,20.34,20.44,19.97,20.04,2033240.0,20.203,12040,False
2020-05-06 00:00:00+00:00,20.21,20.39,19.89,20.34,2962069.0,20.208,15330,False
2020-05-07 00:00:00+00:00,21.01,21.94,20.74,21.89,10870124.0,21.614,44621,False
2020-05-08 00:00:00+00:00,22.5,23.02,21.26,21.88,12790365.0,21.917,51679,False
2020-05-11 00:00:00+00:00,21.53,23.03,21.51,22.94,6841616.0,22.662,32364,False
2020-05-12 00:00:00+00:00,22.87,23.0,22.09,22.13,6732316.0,22.58,32199,False
2020-05-13 00:00:00+00:00,22.08,22.26,21.17,21.52,4523326.0,21.655,23145,False
2020-05-14 00:00:00+00:00,21.15,21.5,20.81,21.5,3993111.0,21.19,24499,False
2020-05-15 00:00:00+00:00,21.63,22.4,21.47,22.37,9003263.0,22.077,43310,False
2020-05-18 00:00:00+00:00,22.45,22.45,21.55,21.59,6155268.0,21.917,32889,False
2020-05-19 00:00:00+00:00,21.64,22.08,21.43,21.75,2643176.0,21.864,14643,False
2020-05-20 00:00:00+00:00,21.87,22.36,21.85,22.23,3229968.0,22.179,18102,False
2020-05-21 00:00:00+00:00,22.25,22.41,21.88,22.13,4159421.0,22.221,19822,False
2020-05-22 00:00:00+00:00,22.35,22.35,21.6,21.66,3321261.0,21.815,19997,False
2020-05-26 00:00:00+00:00,22.5,22.95,22.25,22.9,9324280.0,22.663,40490,False
2020-05-27 00:00:00+00:00,22.9,22.91,21.71,22.81,6526533.0,22.219,32365,False
2020-05-28 00:00:00+00:00,22.75,23.22,22.5,22.59,6197562.0,22.962,29604,False
2020-05-29 00:00:00+00:00,22.63,22.75,21.95,22.57,4054211.0,22.25,19545,False
2020-06-01 00:00:00+00:00,22.69,23.62,22.32,23.54,7338024.0,23.165,39319,False
2020-06-02 00:00:00+00:00,23.55,23.64,22.61,23.27,5467363.0,23.045,29538,False
2020-06-03 00:00:00+00:00,23.27,23.6,22.8,23.55,5943238.0,23.301,28512,False
2020-06-04 00:00:00+00:00,23.49,23.82,22.86,23.28,4497725.0,23.248,23515,False
2020-06-05 00:00:00+00:00,23.1,23.44,21.68,21.98,8421693.0,22.278,36367,False
2020-06-08 00:00:00+00:00,22.0,22.69,21.91,22.54,3758617.0,22.357,20929,False
2020-06-09 00:00:00+00:00,22.16,22.3,21.77,21.93,3757065.0,21.964,19790,False
2020-06-10 00:00:00+00:00,22.04,22.41,21.88,21.98,4292236.0,22.075,23710,False
2020-06-11 00:00:00+00:00,21.37,21.59,20.35,20.42,5633965.0,20.87,32150,False
2020-06-12 00:00:00+00:00,21.04,21.28,20.55,21.03,4281562.0,20.919,23704,False
2020-06-15 00:00:00+00:00,20.84,21.59,20.71,21.52,2911233.0,21.296,17760,False
2020-06-16 00:00:00+00:00,22.0,22.67,21.72,22.55,6634349.0,22.247,35582,False
2020-06-17 00:00:00+00:00,22.7,22.79,22.27,22.71,4314639.0,22.631,20315,False
2020-06-18 00:00:00+00:00,22.31,23.15,22.31,23.0,4805287.0,23.02,24225,False
2020-06-19 00:00:00+00:00,23.15,23.4,22.94,23.3,6997898.0,23.203,30657,False
2020-06-22 00:00:00+00:00,23.46,23.65,23.31,23.51,6545839.0,23.492,27163,False
2020-06-23 00:00:00+00:00,23.59,24.14,23.46,23.65,10765892.0,23.834,42553,False
2020-06-24 00:00:00+00:00,23.61,23.82,22.36,22.64,7639226.0,22.821,32985,False
2020-06-25 00:00:00+00:00,22.65,22.7,21.87,22.16,7222996.0,22.231,37028,False
2020-06-26 00:00:00+00:00,22.2,22.21,21.34,21.47,5389253.0,21.614,30936,False
2020-06-29 00:00:00+00:00,21.46,21.49,20.58,21.29,5071165.0,21.133,27730,False
2020-06-30 00:00:00+00:00,21.39,21.82,21.27,21.77,3681727.0,21.667,20763,False
2020-07-01 00:00:00+00:00,21.76,21.86,21.4,21.78,4258231.0,21.695,23607,False
2020-07-02 00:00:00+00:00,22.12,22.19,21.55,21.65,6384449.0,21.779,32896,False
2020-07-06 00:00:00+00:00,22.0,22.47,21.76,22.42,5769669.0,22.268,29194,False
2020-07-07 00:00:00+00:00,22.35,22.84,22.15,22.44,3991197.0,22.522,21657,False
2020-07-08 00:00:00+00:00,22.74,22.75,22.31,22.74,3721284.0,22.566,19116,False
2020-07-09 00:00:00+00:00,22.84,22.9,22.23,22.4,3343176.0,22.473,18875,False
2020-07-10 00:00:00+00:00,22.42,22.44,22.09,22.11,3365738.0,22.247,20021,False
2020-07-13 00:00:00+00:00,22.15,22.17,20.22,20.26,8437819.0,20.954,40209,False
2020-07-14 00:00:00+00:00,20.09,20.34,19.62,20.29,5812477.0,20.043,33833,False
2020-07-15 00:00:00+00:00,20.48,20.88,20.13,20.85,5224159.0,20.708,27043,False
2020-07-16 00:00:00+00:00,20.63,20.67,20.21,20.66,3088624.0,20.473,17496,False
2020-07-17 00:00:00+00:00,20.9,20.92,20.34,20.83,2287289.0,20.687,12977,False
2020-07-20 00:00:00+00:00,21.7,22.94,21.61,22.89,9375145.0,22.579,46063,False
2020-07-21 00:00:00+00:00,23.08,23.15,22.32,22.42,4360678.0,22.692,24098,False
2020-07-22 00:00:00+00:00,22.41,22.64,21.91,22.15,2483656.0,22.237,13957,False
2020-07-23 00:00:00+00:00,22.14,22.45,21.75,21.84,2610388.0,22.053,14236,False
2020-07-24 00:00:00+00:00,21.65,21.72,21.16,21.35,3108429.0,21.364,17279,False
2020-07-27 00:00:00+00:00,21.33,21.65,21.05,21.55,3154706.0,21.35,17711,False
2020-07-28 00:00:00+00:00,21.67,22.78,21.63,22.27,4984871.0,22.421,26913,False
2020-07-29 00:00:00+00:00,22.46,22.69,22.21,22.56,1821815.0,22.436,10184,False
2020-07-30 00:00:00+00:00,22.28,22.49,21.82,22.39,1724988.0,22.255,10593,False
2020-07-31 00:00:00+00:00,22.08,22.78,21.81,22.75,4482778.0,22.332,22764,False
2020-08-03 00:00:00+00:00,22.95,23.31,22.76,23.16,3465861.0,23.096,18339,False
2020-08-04 00:00:00+00:00,23.28,23.35,22.74,23.23,4755689.0,23.043,23372,False
2020-08-05 00:00:00+00:00,23.4,23.64,22.83,23.22,5180566.0,23.24,27031,False
2020-08-06 00:00:00+00:00,23.4,23.5,22.8,23.27,9310644.0,23.111,44010,False
2020-08-07 00:00:00+00:00,22.01,22.2,20.52,20.69,18064976.0,21.104,77109,False
2020-08-10 00:00:00+00:00,20.97,20.99,19.43,19.92,10198026.0,19.899,43631,False
2020-08-11 00:00:00+00:00,19.85,20.25,19.6,19.66,9146873.0,19.882,39789,False
2020-08-12 00:00:00+00:00,19.94,20.19,19.56,19.64,6619173.0,19.817,27632,False
2020-08-13 00:00:00+00:00,19.72,19.88,19.56,19.63,3435013.0,19.702,19088,False
2020-08-14 00:00:00+00:00,19.63,19.8,19.31,19.5,4039091.0,19.507,20477,False
2020-08-17 00:00:00+00:00,19.7,20.19,19.62,19.92,4946482.0,19.936,23922,False
2020-08-18 00:00:00+00:00,21.04,21.1,20.12,20.48,8094361.0,20.437,34715,False
2020-08-19 00:00:00+00:00,20.44,20.54,20.06,20.14,3703862.0,20.238,17390,False
2020-08-20 00:00:00+00:00,19.86,20.22,19.82,20.16,2656025.0,20.049,12792,False
2020-08-21 00:00:00+00:00,20.1,20.2,19.78,20.12,3752718.0,19.958,17292,False
2020-08-24 00:00:00+00:00,20.2,20.37,19.85,20.21,3684354.0,20.093,18088,False
2020-08-25 00:00:00+00:00,20.04,20.3,19.95,20.14,3227592.0,20.138,16065,False
2020-08-26 00:00:00+00:00,20.2,20.75,20.2,20.57,3731340.0,20.525,17653,False
2020-08-27 00:00:00+00:00,20.63,20.67,20.13,20.31,3110290.0,20.357,15653,False
2020-08-28 00:00:00+00:00,20.5,21.06,20.5,20.72,3673537.0,20.811,16928,False
2020-08-31 00:00:00+00:00,20.9,21.36,20.76,21.17,5238098.0,21.083,23115,False
2020-09-01 00:00:00+00:00,21.37,21.41,21.03,21.32,3978846.0,21.248,19024,False
2020-09-02 00:00:00+00:00,21.38,21.78,21.07,21.75,5831454.0,21.468,24405,False
2020-09-03 00:00:00+00:00,21.34,21.58,20.28,20.57,7110970.0,20.725,34014,False
2020-09-04 00:00:00+00:00,20.24,20.52,19.11,19.75,5733913.0,19.704,28638,False
2020-09-08 00:00:00+00:00,19.2,20.2,19.15,19.88,4656889.0,19.872,26657,False
2020-09-09 00:00:00+00:00,20.31,20.54,20.05,20.36,3248018.0,20.337,19454,False
2020-09-10 00:00:00+00:00,20.4,20.72,19.75,19.77,2866184.0,20.207,17444,False
2020-09-11 00:00:00+00:00,19.89,20.21,19.45,19.85,3113768.0,19.801,19153,False
2020-09-14 00:00:00+00:00,20.0,20.31,19.92,20.18,2753860.0,20.139,16698,False
2020-09-15 00:00:00+00:00,20.28,20.54,20.18,20.35,2641149.0,20.366,15691,False
2020-09-16 00:00:00+00:00,20.44,20.86,20.15,20.22,3215636.0,20.389,17313,False
2020-09-17 00:00:00+00:00,19.68,19.96,19.42,19.5,4945493.0,19.602,24978,False
2020-09-18 00:00:00+00:00,19.58,19.65,18.84,19.28,4393720.0,19.19,22931,False
2020-09-21 00:00:00+00:00,18.99,19.24,18.73,19.23,2617988.0,19.041,15764,False
2020-09-22 00:00:00+00:00,19.38,19.57,18.98,19.53,2915941.0,19.291,17592,False
2020-09-23 00:00:00+00:00,19.59,19.7,19.14,19.18,2669223.0,19.389,15256,False
2020-09-24 00:00:00+00:00,19.05,19.13,18.6,18.78,3412679.0,18.848,19620,False
2020-09-25 00:00:00+00:00,19.11,19.3,18.87,19.15,3159863.0,19.133,17582,False
2020-09-28 00:00:00+00:00,19.49,19.49,19.09,19.28,2514628.0,19.25,14039,False
2020-09-29 00:00:00+00:00,19.42,19.42,19.08,19.13,2319206.0,19.206,13492,False
2020-09-30 00:00:00+00:00,19.06,19.53,19.01,19.26,2788393.0,19.322,15993,False
2020-10-01 00:00:00+00:00,19.39,19.77,19.39,19.48,2487566.0,19.545,13909,False
2020-10-02 00:00:00+00:00,19.17,19.48,18.97,19.18,2583366.0,19.184,14804,False
2020-10-05 00:00:00+00:00,19.35,19.6,19.23,19.51,2817361.0,19.447,16292,False
2020-10-06 00:00:00+00:00,19.5,19.9,19.17,19.28,5201607.0,19.547,28488,False
2020-10-07 00:00:00+00:00,19.49,19.78,19.11,19.66,3739377.0,19.538,21017,False
2020-10-08 00:00:00+00:00,19.79,19.84,19.35,19.67,5780789.0,19.557,26446,False
2020-10-09 00:00:00+00:00,19.93,20.48,19.85,20.39,4267619.0,20.276,20725,False
2020-10-12 00:00:00+00:00,20.73,20.73,20.01,20.03,3414429.0,20.174,18960,False
2020-10-13 00:00:00+00:00,20.1,20.45,20.1,20.34,2142271.0,20.277,12375,False
2020-10-14 00:00:00+00:00,20.38,20.4,19.7,19.84,2720774.0,19.956,12033,False
2020-10-15 00:00:00+00:00,19.68,20.18,19.55,20.14,3403285.0,19.945,15126,False
2020-10-16 00:00:00+00:00,20.18,20.59,20.06,20.32,2928695.0,20.384,17795,False
2020-10-19 00:00:00+00:00,20.55,20.7,19.85,19.89,3066387.0,20.179,16432,False
2020-10-20 00:00:00+00:00,20.0,20.13,19.65,19.78,2469633.0,19.859,13867,False
2020-10-21 00:00:00+00:00,19.97,20.17,19.78,19.98,2143572.0,19.971,13933,False
2020-10-22 00:00:00+00:00,19.94,20.23,19.75,20.2,2549112.0,20.055,14707,False
2020-10-23 00:00:00+00:00,20.19,20.19,19.55,19.72,2326991.0,19.733,13108,False
2020-10-26 00:00:00+00:00,19.6,19.85,19.0,19.13,2623051.0,19.281,14834,False
2020-10-27 00:00:00+00:00,19.28,19.42,19.01,19.03,1959741.0,19.142,11551,False
2020-10-28 00:00:00+00:00,18.85,18.86,18.36,18.61,2807126.0,18.578,16374,False
2020-10-29 00:00:00+00:00,18.73,18.98,18.58,18.75,2384590.0,18.752,13927,False
2020-10-30 00:00:00+00:00,18.5,18.56,17.71,18.26,6170532.0,18.046,33127,False
2020-11-02 00:00:00+00:00,18.33,18.34,17.65,17.97,6241890.0,17.871,28384,False
2020-11-03 00:00:00+00:00,18.08,18.38,18.03,18.2,4548180.0,18.189,24106,False
2020-11-04 00:00:00+00:00,18.6,18.99,18.45,18.55,7192718.0,18.722,37572,False
2020-11-05 00:00:00+00:00,19.0,20.18,18.94,20.12,10210250.0,19.804,43071,False
2020-11-06 00:00:00+00:00,19.44,19.8,18.97,19.14,7113295.0,19.292,36285,False
2020-11-09 00:00:00+00:00,19.49,20.08,18.75,18.75,7566983.0,19.36,39552,False
2020-11-10 00:00:00+00:00,18.67,18.67,18.01,18.47,6671088.0,18.339,35686,False
2020-11-11 00:00:00+00:00,18.67,18.94,18.63,18.82,4218405.0,18.806,23671,False
2020-11-12 00:00:00+00:00,18.63,18.98,18.62,18.77,5040987.0,18.76,27832,False
2020-11-13 00:00:00+00:00,18.87,19.2,18.75,19.06,4441557.0,19.055,23482,False
2020-11-16 00:00:00+00:00,19.1,19.16,18.58,18.69,5571926.0,18.814,25985,False
2020-11-17 00:00:00+00:00,18.64,18.7,18.34,18.55,5720033.0,18.54,25833,False
2020-11-18 00:00:00+00:00,18.63,18.76,18.42,18.43,3789518.0,18.589,19062,False
2020-11-19 00:00:00+00:00,18.41,18.97,18.34,18.92,6764605.0,18.794,25066,False
2020-11-20 00:00:00+00:00,18.84,19.23,18.75,19.03,4127053.0,19.069,22615,False
2020-11-23 00:00:00+00:00,19.1,19.21,18.74,19.12,3628753.0,19.017,18457,False
2020-11-24 00:00:00+00:00,19.08,19.15,18.41,18.45,6464401.0,18.709,26880,False
2020-11-25 00:00:00+00:00,18.63,19.15,18.37,19.11,5274595.0,18.757,25831,False
2020-11-27 00:00:00+00:00,19.63,19.94,19.19,19.54,4245784.0,19.598,21620,False
2020-11-30 00:00:00+00:00,19.94,19.98,19.61,19.97,5752711.0,19.804,30385,False
2020-12-01 00:00:00+00:00,20.19,20.22,19.84,20.17,5387931.0,20.067,26103,False
2020-12-02 00:00:00+00:00,20.0,20.22,19.79,20.11,4983486.0,20.032,22718,False
2020-12-03 00:00:00+00:00,20.27,20.58,20.16,20.23,7926250.0,20.386,32481,False
2020-12-04 00:00:00+00:00,20.45,20.46,20.18,20.35,6599274.0,20.303,27072,False
2020-12-07 00:00:00+00:00,20.48,20.74,20.4,20.5,5279008.0,20.576,22218,False
2020-12-08 00:00:00+00:00,20.42,21.6,20.42,21.59,8381928.0,21.119,34795,False
2020-12-09 00:00:00+00:00,21.51,21.53,20.82,21.26,7281022.0,21.085,28658,False
2020-12-10 00:00:00+00:00,20.81,21.33,20.79,21.24,7039956.0,21.178,29388,False
2020-12-11 00:00:00+00:00,21.16,22.5,21.06,22.49,11900745.0,21.804,49623,False
2020-12-14 00:00:00+00:00,24.0,24.14,23.18,23.32,15583387.0,23.621,64914,False
2020-12-15 00:00:00+00:00,23.46,23.94,22.61,23.12,9830247.0,23.22,43054,False
2020-12-16 00:00:00+00:00,23.16,24.06,23.15,23.52,6198150.0,23.684,31266,False
2020-12-17 00:00:00+00:00,23.76,24.17,23.71,23.89,4896380.0,23.994,25611,False
2020-12-18 00:00:00+00:00,23.95,24.08,23.53,23.68,4266838.0,23.699,23229,False
2020-12-21 00:00:00+00:00,23.16,23.67,23.06,23.55,4494814.0,23.41,25097,False
2020-12-22 00:00:00+00:00,23.8,25.07,23.78,24.87,12177721.0,24.549,52036,False
2020-12-23 00:00:00+00:00,25.06,25.16,24.42,24.61,4690541.0,24.755,25219,False
2020-12-24 00:00:00+00:00,24.89,24.89,24.4,24.65,2060771.0,24.598,11507,False
2020-12-28 00:00:00+00:00,24.94,25.05,23.53,23.6,5150580.0,23.946,29133,False
2020-12-29 00:00:00+00:00,23.5,23.71,22.83,22.93,4588170.0,23.101,25358,False
2020-12-30 00:00:00+00:00,23.1,23.13,22.53,22.6,3263236.0,22.696,18264,False
2020-12-31 00:00:00+00:00,22.78,22.8,22.03,22.19,4199178.0,22.22,21518,False
2021-01-04 00:00:00+00:00,22.38,22.45,21.75,22.05,3865868.0,22.067,22397,False
2021-01-05 00:00:00+00:00,22.04,22.5,22.04,22.23,3324224.0,22.25,19228,False
2021-01-06 00:00:00+00:00,22.0,22.1,21.66,21.85,4625469.0,21.89,27592,False
2021-01-07 00:00:00+00:00,21.78,22.7,21.76,22.56,4716348.0,22.415,26182,False
2021-01-08 00:00:00+00:00,22.62,22.73,22.23,22.5,3550107.0,22.522,20744,False
2021-01-11 00:00:00+00:00,22.23,23.81,22.11,23.35,7596539.0,23.266,38326,False
2021-01-12 00:00:00+00:00,23.41,23.7,23.13,23.61,4542161.0,23.503,25072,False
2021-01-13 00:00:00+00:00,22.18,23.0,22.05,22.12,12254322.0,22.441,51061,False
2021-01-14 00:00:00+00:00,22.47,23.16,22.46,22.69,5877630.0,22.82,28835,False
2021-01-15 00:00:00+00:00,22.72,22.94,22.03,22.08,4937160.0,22.247,25814,False
2021-01-19 00:00:00+00:00,22.25,22.34,21.68,21.77,5397792.0,21.881,27800,False
2021-01-20 00:00:00+00:00,22.36,22.51,22.05,22.17,4787964.0,22.206,23007,False
2021-01-21 00:00:00+00:00,22.18,22.28,21.77,21.94,3865821.0,21.952,20171,False
2021-01-22 00:00:00+00:00,21.79,22.37,21.78,22.16,3445097.0,22.088,18977,False
2021-01-25 00:00:00+00:00,22.3,22.47,21.57,22.02,5553209.0,22.014,28737,False
2021-01-26 00:00:00+00:00,22.04,22.41,21.81,22.2,4562750.0,22.153,24659,False
2021-01-27 00:00:00+00:00,22.06,24.53,21.86,24.26,14080537.0,23.606,69824,False
2021-01-28 00:00:00+00:00,23.82,23.87,22.58,23.09,6560991.0,23.206,42656,False
2021-01-29 00:00:00+00:00,23.19,23.44,22.34,22.63,4466166.0,22.718,26638,False
2021-02-01 00:00:00+00:00,22.65,23.04,22.31,22.89,2657760.0,22.71,15863,False
2021-02-02 00:00:00+00:00,22.97,23.18,22.53,23.11,3313404.0,22.921,18939,False
2021-02-03 00:00:00+00:00,23.28,23.98,23.13,23.92,4376155.0,23.708,25796,False
2021-02-04 00:00:00+00:00,23.97,24.23,23.55,23.69,2716143.0,23.81,15100,False
2021-02-05 00:00:00+00:00,23.75,25.01,23.6,24.84,10637267.0,24.478,43314,False
2021-02-08 00:00:00+00:00,25.11,25.7,24.67,24.82,6980282.0,25.116,32502,False
2021-02-09 00:00:00+00:00,24.94,25.19,24.12,24.15,5343768.0,24.462,27825,False
2021-02-10 00:00:00+00:00,24.78,24.78,23.73,23.91,3688745.0,24.111,19778,False
2021-02-11 00:00:00+00:00,23.98,24.37,23.67,23.7,4122609.0,23.971,22409,False
2021-02-12 00:00:00+00:00,23.72,24.54,23.5,24.51,3259307.0,24.197,17907,False
2021-02-16 00:00:00+00:00,24.8,24.84,24.04,24.49,3479532.0,24.395,18800,False
2021-02-17 00:00:00+00:00,24.26,24.34,23.59,24.1,4588372.0,23.986,25272,False
2021-02-18 00:00:00+00:00,23.91,24.6,23.72,24.37,5679856.0,24.279,31002,False
2021-02-19 00:00:00+00:00,23.69,24.15,22.89,23.46,13598354.0,23.523,58475,False
2021-02-22 00:00:00+00:00,23.18,23.32,22.35,22.5,12771439.0,22.678,49713,False
2021-02-23 00:00:00+00:00,21.95,23.24,21.63,23.18,10443385.0,22.611,47112,False
2021-02-24 00:00:00+00:00,22.62,23.05,22.52,22.92,9701380.0,22.846,43175,False
2021-02-25 00:00:00+00:00,22.71,23.11,22.34,22.64,6951116.0,22.76,33909,False
2021-02-26 00:00:00+00:00,22.55,23.07,22.35,22.55,7147324.0,22.789,34936,False
2021-03-01 00:00:00+00:00,22.85,23.53,22.85,23.15,5957983.0,23.175,30002,False
2021-03-02 00:00:00+00:00,23.36,23.39,22.92,22.95,3842473.0,23.098,22670,False
2021-03-03 00:00:00+00:00,22.94,23.31,22.37,22.42,10677551.0,22.684,36709,False
2021-03-04 00:00:00+00:00,22.55,23.31,22.24,23.05,10609443.0,22.79,54182,False
2021-03-05 00:00:00+00:00,22.96,23.53,22.49,23.48,7541678.0,23.089,44265,False
2021-03-08 00:00:00+00:00,23.44,23.99,23.33,23.76,5962649.0,23.759,37743,False
2021-03-09 00:00:00+00:00,24.12,24.84,23.96,24.74,7426267.0,24.51,37194,False
2021-03-10 00:00:00+00:00,24.75,25.3,24.36,24.48,9168594.0,24.735,47709,False
2021-03-11 00:00:00+00:00,24.65,25.78,24.6,25.45,7461848.0,25.414,40660,False
2021-03-12 00:00:00+00:00,25.2,27.38,24.87,27.06,18036915.0,26.643,78672,False
2021-03-15 00:00:00+00:00,27.35,28.25,27.22,27.96,8024204.0,27.842,41185,False
2021-03-16 00:00:00+00:00,27.91,28.33,27.04,27.75,6975376.0,27.749,40123,False
2021-03-17 00:00:00+00:00,27.15,28.22,26.9,28.06,4621626.0,27.66,27595,False
2021-03-18 00:00:00+00:00,27.95,27.96,26.18,26.34,5780870.0,26.908,35164,False
2021-03-19 00:00:00+00:00,26.38,27.06,26.29,26.86,4175004.0,26.805,27296,False
2021-03-22 00:00:00+00:00,27.0,27.51,26.97,27.32,3596340.0,27.237,21987,False
2021-03-23 00:00:00+00:00,27.48,27.9,27.3,27.35,3268456.0,27.608,20299,False
2021-03-24 00:00:00+00:00,27.41,27.41,26.52,26.54,3895030.0,26.885,24483,False
2021-03-25 00:00:00+00:00,25.65,26.71,25.3,26.35,7080705.0,26.283,46601,False
2021-03-26 00:00:00+00:00,26.36,26.87,25.83,26.59,6080997.0,26.41,37417,False
2021-03-29 00:00:00+00:00,26.53,26.99,25.86,26.16,3275585.0,26.309,20189,False
2021-03-30 00:00:00+00:00,26.03,26.5,25.53,26.25,4840548.0,26.175,27771,False
2021-03-31 00:00:00+00:00,26.57,26.95,26.36,26.66,2972936.0,26.72,18384,False
2021-04-01 00:00:00+00:00,26.92,27.44,26.92,27.39,4264540.0,27.252,23635,False
2021-04-05 00:00:00+00:00,27.65,27.89,27.11,27.87,2617819.0,27.576,14750,False
2021-04-06 00:00:00+00:00,27.96,28.01,27.49,27.81,3635944.0,27.807,21299,False
2021-04-07 00:00:00+00:00,27.61,28.14,27.55,27.62,2856462.0,27.742,18660,False
2021-04-08 00:00:00+00:00,27.95,28.13,27.57,27.69,3496072.0,27.793,21742,False
2021-04-09 00:00:00+00:00,27.46,27.76,26.81,26.99,3155573.0,27.046,20722,False
2021-04-12 00:00:00+00:00,26.99,27.13,26.02,26.05,3914061.0,26.335,25241,False
2021-04-13 00:00:00+00:00,26.01,26.4,25.84,26.17,3091966.0,26.133,18952,False
2021-04-14 00:00:00+00:00,26.05,26.87,26.05,26.32,3255559.0,26.516,20942,False
2021-04-15 00:00:00+00:00,26.43,26.59,26.12,26.37,2764149.0,26.393,18351,False
2021-04-16 00:00:00+00:00,26.54,26.59,26.04,26.38,2459239.0,26.317,17359,False
2021-04-19 00:00:00+00:00,26.34,26.53,25.88,26.12,3065876.0,26.116,19630,False
2021-04-20 00:00:00+00:00,26.13,26.44,25.58,25.72,3011922.0,25.834,18370,False
2021-04-21 00:00:00+00:00,25.85,25.95,25.43,25.85,2836206.0,25.811,17750,False
2021-04-22 00:00:00+00:00,25.91,26.33,25.74,25.99,5688154.0,26.074,27440,False
2021-04-23 00:00:00+00:00,26.16,26.35,26.02,26.25,3305918.0,26.194,18132,False
2021-04-26 00:00:00+00:00,26.41,26.6,26.14,26.56,3753850.0,26.384,23784,False
2021-04-27 00:00:00+00:00,26.63,26.8,26.16,26.37,2193273.0,26.372,12452,False
2021-04-28 00:00:00+00:00,26.58,26.81,26.3,26.54,3622271.0,26.662,19205,False
2021-04-29 00:00:00+00:00,26.6,26.64,25.81,26.24,2640771.0,26.075,13898,False
2021-04-30 00:00:00+00:00,25.9,26.33,25.55,25.7,2109118.0,25.87,13404,False
2021-05-03 00:00:00+00:00,25.83,25.83,25.27,25.32,2212453.0,25.468,13284,False
2021-05-04 00:00:00+00:00,25.11,25.14,24.44,25.02,3982621.0,24.841,22191,False
2021-05-05 00:00:00+00:00,25.08,25.45,24.81,24.86,2743610.0,25.1,17436,False
2021-05-06 00:00:00+00:00,24.97,25.0,24.22,24.53,5420638.0,24.541,30531,False
2021-05-07 00:00:00+00:00,25.09,25.57,24.56,24.7,6782716.0,24.978,31655,False
2021-05-10 00:00:00+00:00,24.39,25.89,24.38,25.43,5861427.0,25.452,34315,False
2021-05-11 00:00:00+00:00,24.44,25.65,24.43,25.55,4315030.0,25.433,27910,False
2021-05-12 00:00:00+00:00,24.98,26.29,24.57,24.81,5667713.0,25.1,29846,False
2021-05-13 00:00:00+00:00,24.88,25.23,24.07,24.44,4103487.0,24.471,25539,False
2021-05-14 00:00:00+00:00,24.28,25.4,24.28,25.38,4085332.0,25.085,24930,False
2021-05-17 00:00:00+00:00,25.21,26.13,25.11,26.1,4615616.0,25.891,28487,False
2021-05-18 00:00:00+00:00,25.96,26.31,25.72,26.25,5285740.0,26.086,27729,False
2021-05-19 00:00:00+00:00,25.89,26.61,25.7,26.38,5129800.0,26.318,29865,False
2021-05-20 00:00:00+00:00,26.44,26.9,26.38,26.78,4579260.0,26.762,22273,False
2021-05-21 00:00:00+00:00,26.79,27.0,26.65,26.72,2821109.0,26.79,18274,False
2021-05-24 00:00:00+00:00,26.88,27.29,26.75,27.15,2496686.0,27.107,14133,False
2021-05-25 00:00:00+00:00,27.09,27.31,26.6,26.73,2646016.0,26.964,14091,False
2021-05-26 00:00:00+00:00,26.79,27.72,26.79,27.41,3251670.0,27.392,17401,False
2021-05-27 00:00:00+00:00,27.33,28.1,27.03,27.77,4092505.0,27.794,19451,False
2021-05-28 00:00:00+00:00,27.82,28.04,27.32,27.35,3369897.0,27.497,18364,False
2021-06-01 00:00:00+00:00,27.46,27.62,26.78,26.81,2890177.0,27.045,16154,False
2021-06-02 00:00:00+00:00,26.99,29.01,26.83,27.86,13243324.0,28.267,49979,False
2021-06-03 00:00:00+00:00,27.6,28.36,27.59,28.2,7220929.0,28.107,37264,False
2021-06-04 00:00:00+00:00,28.55,28.72,28.18,28.5,4309517.0,28.483,24090,False
2021-06-07 00:00:00+00:00,28.72,29.23,28.5,29.13,4549656.0,28.961,25034,False
2021-06-08 00:00:00+00:00,29.24,29.47,28.95,29.35,4314981.0,29.256,21428,False
2021-06-09 00:00:00+00:00,29.38,29.68,28.84,29.07,4210487.0,29.299,19152,False
2021-06-10 00:00:00+00:00,29.14,29.86,29.07,29.75,4472134.0,29.614,22883,False
2021-06-11 00:00:00+00:00,29.88,30.0,29.45,29.72,3333086.0,29.727,18564,False
2021-06-14 00:00:00+00:00,29.8,29.86,29.48,29.52,2502864.0,29.63,15527,False
2021-06-15 00:00:00+00:00,29.57,29.57,28.96,29.23,2761534.0,29.172,16852,False
2021-06-16 00:00:00+00:00,29.25,29.75,29.16,29.47,3305274.0,29.469,19020,False
2021-06-17 00:00:00+00:00,29.39,29.48,28.71,29.21,3203723.0,29.184,18687,False
2021-06-18 00:00:00+00:00,29.2,29.4,28.83,29.14,2779537.0,29.102,17532,False
2021-06-21 00:00:00+00:00,28.9,29.32,28.8,29.28,1866700.0,29.167,12070,False
2021-06-22 00:00:00+00:00,29.25,29.64,29.23,29.56,1745729.0,29.479,10679,False
2021-06-23 00:00:00+00:00,29.51,30.05,29.5,29.76,1883567.0,29.805,11257,False
2021-06-24 00:00:00+00:00,29.87,29.99,29.66,29.84,1474502.0,29.806,9916,False
2021-06-25 00:00:00+00:00,30.08,30.26,29.61,30.21,2581076.0,30.04,14721,False
2021-06-28 00:00:00+00:00,30.35,30.49,30.04,30.31,2380691.0,30.219,13580,False
2021-06-29 00:00:00+00:00,30.24,30.49,30.05,30.45,2190265.0,30.287,11632,False
2021-06-30 00:00:00+00:00,30.47,30.54,30.15,30.31,1850320.0,30.373,9549,False
2021-07-01 00:00:00+00:00,30.34,31.21,30.17,30.22,4407619.0,30.506,23726,False
2021-07-02 00:00:00+00:00,30.29,30.72,30.13,30.68,2540197.0,30.544,15239,False
2021-07-06 00:00:00+00:00,30.7,30.94,30.39,30.9,2509760.0,30.735,14111,False
2021-07-07 00:00:00+00:00,31.13,31.31,30.87,31.14,3664546.0,31.138,20482,False
2021-07-08 00:00:00+00:00,30.56,30.99,30.22,30.82,3127225.0,30.664,16986,False
2021-07-09 00:00:00+00:00,30.92,31.07,30.62,31.05,1744169.0,30.94,11540,False
2021-07-12 00:00:00+00:00,31.2,31.35,30.68,30.8,2111776.0,30.835,12334,False
2021-07-13 00:00:00+00:00,30.65,31.24,30.58,30.86,2431830.0,30.972,15350,False
2021-07-14 00:00:00+00:00,31.11,31.12,30.45,30.5,1555839.0,30.685,10493,False
2021-07-15 00:00:00+00:00,30.37,30.43,29.74,29.96,2154550.0,29.967,13329,False
2021-07-16 00:00:00+00:00,30.08,30.36,30.01,30.15,1507462.0,30.163,9863,False
2021-07-19 00:00:00+00:00,29.46,29.94,29.41,29.81,2498706.0,29.746,14912,False
2021-07-20 00:00:00+00:00,29.94,30.72,29.84,30.5,2871274.0,30.449,13844,False
2021-07-21 00:00:00+00:00,30.42,30.56,30.08,30.52,1998765.0,30.401,12107,False
2021-07-22 00:00:00+00:00,30.53,30.8,30.28,30.57,2570545.0,30.461,14437,False
2021-07-23 00:00:00+00:00,30.74,30.97,30.47,30.91,2151389.0,30.755,12767,False
2021-07-26 00:00:00+00:00,30.96,30.96,30.69,30.84,1233136.0,30.795,7599,False
2021-07-27 00:00:00+00:00,31.02,31.13,30.4,30.84,3140085.0,30.704,15987,False
2021-07-28 00:00:00+00:00,30.9,31.81,30.85,31.66,2677915.0,31.552,15277,False
2021-07-29 00:00:00+00:00,31.77,32.18,31.63,31.75,2650872.0,31.97,15103,False
2021-07-30 00:00:00+00:00,31.59,31.92,31.37,31.49,2175324.0,31.59,13629,False
2021-08-02 00:00:00+00:00,31.71,31.99,31.23,31.3,1938378.0,31.474,11813,False
2021-08-03 00:00:00+00:00,31.44,31.65,31.29,31.48,2649582.0,31.482,15680,False
2021-08-04 00:00:00+00:00,31.5,31.68,31.26,31.42,2047654.0,31.488,11975,False
2021-08-05 00:00:00+00:00,31.37,31.62,31.29,31.58,3109583.0,31.537,17611,False
2021-08-06 00:00:00+00:00,32.58,33.0,31.95,32.22,5314008.0,32.354,25416,False
2021-08-09 00:00:00+00:00,32.19,32.48,31.96,32.44,2440683.0,32.291,14834,False
2021-08-10 00:00:00+00:00,32.62,32.98,32.19,32.35,2195555.0,32.469,13489,False
2021-08-11 00:00:00+00:00,32.39,32.5,32.16,32.31,1564373.0,32.346,9674,False
2021-08-12 00:00:00+00:00,32.18,32.35,32.04,32.23,1812021.0,32.226,9916,False
2021-08-13 00:00:00+00:00,32.29,32.36,31.97,32.13,2613644.0,32.171,12077,False
2021-08-16 00:00:00+00:00,32.0,32.09,31.15,31.31,3253525.0,31.363,20782,False
2021-08-17 00:00:00+00:00,30.95,31.14,30.61,30.93,3095694.0,30.911,18477,False
2021-08-18 00:00:00+00:00,30.77,31.49,30.7,30.98,2179336.0,31.25,14072,False
2021-08-19 00:00:00+00:00,30.72,30.96,30.02,30.14,3459160.0,30.333,21238,False
2021-08-20 00:00:00+00:00,30.16,30.77,30.15,30.6,2029225.0,30.564,14012,False
2021-08-23 00:00:00+00:00,30.74,31.19,30.68,30.9,2574692.0,30.914,15157,False
2021-08-24 00:00:00+00:00,30.95,31.11,30.68,30.85,2421950.0,30.817,14409,False
2021-08-25 00:00:00+00:00,30.74,31.04,30.72,30.89,1664225.0,30.85,9222,False
2021-08-26 00:00:00+00:00,30.78,31.26,30.65,30.72,1969685.0,30.929,9886,False
2021-08-27 00:00:00+00:00,30.73,31.15,30.64,31.15,1264611.0,30.988,7847,False
2021-08-30 00:00:00+00:00,31.0,31.4,30.95,31.23,2801459.0,31.199,13010,False
2021-08-31 00:00:00+00:00,31.21,31.76,31.21,31.71,1740718.0,31.558,10530,False
2021-09-01 00:00:00+00:00,31.57,32.2,31.56,31.92,1722994.0,31.941,11196,False
2021-09-02 00:00:00+00:00,32.03,32.37,31.89,32.13,1394214.0,32.181,8976,False
2021-09-03 00:00:00+00:00,32.14,32.59,32.06,32.39,1881342.0,32.429,12466,False
2021-09-07 00:00:00+00:00,32.56,32.57,31.43,31.55,2540986.0,31.7,15735,False
2021-09-08 00:00:00+00:00,31.54,31.97,31.36,31.7,2816090.0,31.655,17515,False
2021-09-09 00:00:00+00:00,31.77,32.43,31.57,32.1,2839078.0,32.175,17924,False
2021-09-10 00:00:00+00:00,32.32,32.38,31.4,31.53,2535624.0,31.774,14715,False
2021-09-13 00:00:00+00:00,31.83,31.83,30.95,31.24,2655115.0,31.229,14756,False
2021-09-14 00:00:00+00:00,30.92,31.29,30.5,30.68,2064391.0,30.743,12172,False
2021-09-15 00:00:00+00:00,30.49,30.93,30.37,30.9,1403838.0,30.745,8637,False
2021-09-16 00:00:00+00:00,30.74,31.11,30.56,31.06,1436550.0,30.877,8571,False
2021-09-17 00:00:00+00:00,31.12,31.12,30.46,30.7,1938388.0,30.718,12325,False
2021-09-20 00:00:00+00:00,30.08,30.43,29.78,30.11,2469643.0,30.138,16150,False
2021-09-21 00:00:00+00:00,30.22,30.5,30.1,30.28,1889773.0,30.299,12741,False
2021-09-22 00:00:00+00:00,30.46,30.8,30.35,30.58,1391456.0,30.626,9723,False
2021-09-23 00:00:00+00:00,30.74,31.33,30.6,31.27,2114911.0,31.057,15000,False
2021-09-24 00:00:00+00:00,31.14,31.55,30.93,31.54,1395750.0,31.387,9770,False
2021-09-27 00:00:00+00:00,31.29,31.42,30.65,31.07,1703796.0,30.971,12100,False
2021-09-28 00:00:00+00:00,30.73,30.98,29.58,29.61,2147271.0,30.085,14609,False
2021-09-29 00:00:00+00:00,29.7,29.89,29.16,29.24,2012824.0,29.495,13537,False
2021-09-30 00:00:00+00:00,29.36,29.67,29.04,29.22,2424192.0,29.28,17142,False
2021-10-01 00:00:00+00:00,29.24,29.68,29.12,29.44,1622430.0,29.466,10641,False
2021-10-04 00:00:00+00:00,29.24,29.24,27.73,27.84,3123921.0,28.073,19480,False
2021-10-05 00:00:00+00:00,28.0,28.43,27.86,28.07,2576350.0,28.127,15618,False
2021-10-06 00:00:00+00:00,27.72,28.39,27.69,28.26,2405787.0,28.155,15498,False
2021-10-07 00:00:00+00:00,28.39,29.23,28.39,28.96,2408046.0,29.008,14359,False
2021-10-08 00:00:00+00:00,29.06,29.17,28.45,28.51,976292.0,28.717,6602,False
2021-10-11 00:00:00+00:00,28.38,28.83,28.3,28.48,1104031.0,28.621,7548,False
2021-10-12 00:00:00+00:00,28.65,29.06,28.61,28.96,1856496.0,28.848,11635,False
2021-10-13 00:00:00+00:00,29.16,29.38,28.68,28.9,1596085.0,28.96,10573,False
2021-10-14 00:00:00+00:00,29.3,29.95,29.29,29.78,3335138.0,29.654,16784,False
2021-10-15 00:00:00+00:00,29.8,30.36,29.68,30.29,1807820.0,30.081,10979,False
2021-10-18 00:00:00+00:00,30.06,30.6,29.72,29.78,1572566.0,30.056,10223,False
2021-10-19 00:00:00+00:00,29.81,30.37,29.8,30.22,1420445.0,30.187,9406,False
2021-10-20 00:00:00+00:00,30.25,30.63,29.89,30.01,1131388.0,30.157,7548,False
2021-10-21 00:00:00+00:00,29.94,30.63,29.94,30.54,831349.0,30.446,5790,False
2021-10-22 00:00:00+00:00,30.66,30.95,30.29,30.32,1492381.0,30.591,9758,False
2021-10-25 00:00:00+00:00,30.34,31.3,30.24,30.93,1545402.0,30.985,10110,False
2021-10-26 00:00:00+00:00,30.71,31.28,30.39,30.44,1298307.0,30.743,8652,False
2021-10-27 00:00:00+00:00,30.54,30.7,29.92,30.0,1333898.0,30.146,9106,False
2021-10-28 00:00:00+00:00,30.13,30.61,30.0,30.23,1875949.0,30.326,11878,False
2021-10-29 00:00:00+00:00,30.09,30.66,30.09,30.49,1348872.0,30.504,8688,False
2021-11-01 00:00:00+00:00,30.22,30.7,30.18,30.46,1221259.0,30.431,8243,False
2021-11-02 00:00:00+00:00,30.4,30.58,29.98,30.12,1161681.0,30.26,8366,False
2021-11-03 00:00:00+00:00,30.23,30.73,30.01,30.72,1502028.0,30.467,10261,False
2021-11-04 00:00:00+00:00,30.79,31.14,30.7,31.01,1929392.0,30.969,12491,False
2021-11-05 00:00:00+00:00,31.47,31.47,27.53,27.81,7228402.0,28.441,35767,False
2021-11-08 00:00:00+00:00,28.02,28.32,27.72,28.14,4650161.0,28.041,29281,False
2021-11-09 00:00:00+00:00,28.14,28.89,28.05,28.53,3923182.0,28.565,26338,False
2021-11-10 00:00:00+00:00,28.34,28.67,26.81,27.2,6468855.0,27.608,34698,False
2021-11-11 00:00:00+00:00,27.47,27.7,26.79,26.85,4110082.0,27.091,23061,False
2021-11-12 00:00:00+00:00,27.02,27.25,26.35,26.99,4853100.0,26.832,27600,False
2021-11-15 00:00:00+00:00,27.04,27.21,26.41,26.61,4771054.0,26.688,26637,False
2021-11-16 00:00:00+00:00,26.39,26.49,25.72,26.1,7737243.0,26.055,38889,False
2021-11-17 00:00:00+00:00,26.25,26.38,25.79,26.12,6829328.0,26.06,37117,False
2021-11-18 00:00:00+00:00,26.15,26.17,25.35,25.63,3285435.0,25.66,19358,False
2021-11-19 00:00:00+00:00,25.75,25.83,24.99,25.03,3570468.0,25.26,23572,False
2021-11-22 00:00:00+00:00,25.07,25.11,24.13,24.47,3532258.0,24.482,19555,False
2021-11-23 00:00:00+00:00,24.5,25.03,23.95,24.52,3922652.0,24.417,24250,False
2021-11-24 00:00:00+00:00,24.25,24.82,24.25,24.53,3212899.0,24.594,17933,False
2021-11-26 00:00:00+00:00,24.42,24.69,24.16,24.34,1807345.0,24.38,10927,False
2021-11-29 00:00:00+00:00,24.35,24.97,24.08,24.95,3914508.0,24.644,21388,False
2021-11-30 00:00:00+00:00,24.86,24.96,24.17,24.61,3678912.0,24.61,24361,False
2021-12-01 00:00:00+00:00,24.98,25.32,23.71,23.71,3670652.0,24.318,23453,False
2021-12-02 00:00:00+00:00,23.7,24.62,23.67,24.47,3693051.0,24.216,24866,False
2021-12-03 00:00:00+00:00,24.16,24.38,23.6,23.96,3666257.0,23.908,25346,False
2021-12-06 00:00:00+00:00,24.0,24.16,23.7,23.93,4472764.0,23.862,26894,False
2021-12-07 00:00:00+00:00,24.28,24.72,24.24,24.62,2528165.0,24.579,15717,False
2021-12-08 00:00:00+00:00,24.81,24.88,24.35,24.66,2010346.0,24.75,12317,False
2021-12-09 00:00:00+00:00,24.54,24.88,24.03,24.08,2751808.0,24.301,18291,False
2021-12-10 00:00:00+00:00,24.26,24.68,23.84,23.96,1900513.0,24.093,12987,False
2021-12-13 00:00:00+00:00,24.02,24.42,23.99,24.19,1993838.0,24.216,12915,False
2021-12-14 00:00:00+00:00,23.88,24.19,23.6,23.94,2476821.0,23.907,15742,False
2021-12-15 00:00:00+00:00,24.03,24.72,23.74,24.49,2776985.0,24.244,17030,False
2021-12-16 00:00:00+00:00,24.64,24.73,23.82,24.04,2131141.0,24.158,13469,False
2021-12-17 00:00:00+00:00,24.0,24.43,23.56,24.34,2629174.0,24.228,16826,False
2021-12-20 00:00:00+00:00,23.67,24.16,23.6,23.88,2070621.0,23.885,12946,False
2021-12-21 00:00:00+00:00,24.1,24.92,24.08,24.91,2180296.0,24.613,13671,False
2021-12-22 00:00:00+00:00,24.91,25.1,24.72,24.82,1734303.0,24.861,11304,False
2021-12-23 00:00:00+00:00,24.85,25.09,24.68,24.98,1392627.0,24.913,8844,False
2021-12-27 00:00:00+00:00,25.0,25.45,24.87,25.06,1239639.0,25.062,7602,False
2021-12-28 00:00:00+00:00,25.12,25.49,24.96,25.01,1559682.0,25.121,10218,False
2021-12-29 00:00:00+00:00,25.03,25.09,24.7,24.77,1184392.0,24.838,7330,False
2021-12-30 00:00:00+00:00,24.8,25.1,24.6,24.63,1845341.0,24.841,12938,False
2021-12-31 00:00:00+00:00,24.69,24.93,24.48,24.54,1430487.0,24.623,8839,False
2022-01-03 00:00:00+00:00,24.68,25.05,24.18,24.96,1946611.0,24.702,12215,False
2022-01-04 00:00:00+00:00,24.93,25.22,24.0,24.58,2507421.0,24.372,15823,False
2022-01-05 00:00:00+00:00,24.44,24.63,23.66,23.66,2533011.0,24.138,16035,False
2022-01-06 00:00:00+00:00,23.44,23.97,23.34,23.7,2673823.0,23.737,15597,False
2022-01-07 00:00:00+00:00,23.58,23.99,23.45,23.63,2046703.0,23.715,13503,False
2022-01-10 00:00:00+00:00,23.42,23.78,22.7,23.74,3098410.0,23.203,19623,False
2022-01-11 00:00:00+00:00,23.86,24.57,23.55,24.33,2446086.0,24.251,14593,False
2022-01-12 00:00:00+00:00,24.42,24.8,24.23,24.48,2455236.0,24.508,13289,False
2022-01-13 00:00:00+00:00,24.58,24.67,23.99,24.08,2176709.0,24.33,13182,False
2022-01-14 00:00:00+00:00,23.96,24.33,23.85,24.06,2701160.0,24.061,16320,False
2022-01-18 00:00:00+00:00,23.66,24.47,23.66,24.33,2925486.0,24.223,17166,False
2022-01-19 00:00:00+00:00,24.29,25.0,24.29,24.49,2266144.0,24.682,14557,False
2022-01-20 00:00:00+00:00,24.71,25.32,24.28,24.32,2537775.0,24.905,14975,False
2022-01-21 00:00:00+00:00,24.07,24.32,23.5,23.51,2775731.0,23.874,17954,False
2022-01-24 00:00:00+00:00,22.85,24.02,22.52,24.0,4753791.0,23.197,29412,False
2022-01-25 00:00:00+00:00,23.7,23.87,22.93,23.36,3334664.0,23.363,20340,False
2022-01-26 00:00:00+00:00,23.63,24.09,22.93,23.01,2710327.0,23.516,18854,False
2022-01-27 00:00:00+00:00,23.28,23.69,22.85,22.9,2323053.0,23.184,16803,False
2022-01-28 00:00:00+00:00,22.88,23.97,22.78,23.96,2679627.0,23.466,18018,False
2022-01-31 00:00:00+00:00,24.0,24.77,23.99,24.75,2483798.0,24.574,15844,False
2022-02-01 00:00:00+00:00,24.79,25.33,24.64,25.29,2709464.0,25.117,18079,False
2022-02-02 00:00:00+00:00,25.32,25.53,24.8,25.01,2660934.0,25.033,17546,False
2022-02-03 00:00:00+00:00,24.58,24.79,23.91,23.96,2577920.0,24.28,16732,False
2022-02-04 00:00:00+00:00,23.94,24.53,23.8,24.26,3373531.0,24.183,21818,False
2022-02-07 00:00:00+00:00,24.37,24.76,24.28,24.4,1504897.0,24.533,11021,False
2022-02-08 00:00:00+00:00,24.32,24.79,24.2,24.7,1816095.0,24.604,12154,False
2022-02-09 00:00:00+00:00,24.93,25.35,24.9,25.34,1880916.0,25.154,12959,False
2022-02-10 00:00:00+00:00,24.87,25.81,24.8,25.16,2284172.0,25.394,15214,False
2022-02-11 00:00:00+00:00,25.27,25.59,24.55,24.64,2037870.0,24.945,14673,False
2022-02-14 00:00:00+00:00,24.51,24.97,24.33,24.39,2430083.0,24.596,17243,False
2022-02-15 00:00:00+00:00,24.69,25.0,24.6,24.99,1952256.0,24.854,13032,False
2022-02-16 00:00:00+00:00,24.66,25.0,24.65,24.9,2045954.0,24.831,13798,False
2022-02-17 00:00:00+00:00,24.55,24.68,23.52,23.58,4433439.0,24.001,25861,False
2022-02-18 00:00:00+00:00,23.24,24.25,22.83,23.02,9782267.0,23.369,50165,False
2022-02-22 00:00:00+00:00,22.5,22.66,21.52,21.59,7357337.0,21.894,42265,False
2022-02-23 00:00:00+00:00,21.65,22.11,21.04,21.05,3967007.0,21.445,24901,False
2022-02-24 00:00:00+00:00,19.99,21.45,19.9,21.34,8752609.0,20.512,52026,False
2022-02-25 00:00:00+00:00,21.46,21.9,21.07,21.88,3607044.0,21.669,24419,False
2022-02-28 00:00:00+00:00,21.59,22.74,21.56,22.69,4479659.0,22.278,26327,False
2022-03-01 00:00:00+00:00,22.6,23.3,22.5,22.67,2806544.0,22.956,18433,False
2022-03-02 00:00:00+00:00,22.76,22.87,22.21,22.77,1989455.0,22.671,14252,False
2022-03-03 00:00:00+00:00,23.01,23.14,22.09,22.27,2403648.0,22.42,16331,False
2022-03-04 00:00:00+00:00,22.19,22.54,21.6,22.0,2838021.0,21.901,18909,False
2022-03-07 00:00:00+00:00,21.84,22.2,20.65,20.67,4728612.0,21.153,29928,False
2022-03-08 00:00:00+00:00,20.77,21.36,20.26,20.76,3825482.0,20.868,23218,False
2022-03-09 00:00:00+00:00,21.3,21.82,21.22,21.5,2912953.0,21.519,19411,False
2022-03-10 00:00:00+00:00,21.2,21.36,20.83,21.09,1771465.0,21.046,12308,False
2022-03-11 00:00:00+00:00,21.3,21.34,20.34,20.35,2356726.0,20.597,15517,False
2022-03-14 00:00:00+00:00,20.29,20.57,20.09,20.49,3595593.0,20.372,22053,False
2022-03-15 00:00:00+00:00,20.56,21.34,20.5,21.29,2869485.0,21.096,19728,False
2022-03-16 00:00:00+00:00,21.55,21.84,21.0,21.7,3522768.0,21.49,22533,False
2022-03-17 00:00:00+00:00,21.55,22.0,21.43,21.95,4283103.0,21.76,24218,False
2022-03-18 00:00:00+00:00,21.93,23.13,21.9,23.04,3230553.0,22.784,21505,False
2022-03-21 00:00:00+00:00,22.88,23.15,22.69,22.93,2109952.0,22.874,14781,False
2022-03-22 00:00:00+00:00,22.92,23.36,22.88,23.18,1800659.0,23.198,11927,False
2022-03-23 00:00:00+00:00,22.97,23.33,22.81,23.04,1219852.0,23.083,8836,False
2022-03-24 00:00:00+00:00,23.16,23.25,22.85,23.23,1355272.0,23.095,8900,False
2022-03-25 00:00:00+00:00,23.23,23.36,22.99,23.27,1414963.0,23.183,9863,False
2022-03-28 00:00:00+00:00,23.22,23.55,23.17,23.52,1179636.0,23.391,8001,False
2022-03-29 00:00:00+00:00,23.65,24.2,23.55,24.13,1622690.0,23.978,11325,False
2022-03-30 00:00:00+00:00,24.02,24.13,23.55,23.69,1693240.0,23.803,11772,False
2022-03-31 00:00:00+00:00,23.69,23.77,23.24,23.25,2364376.0,23.492,13303,False
2022-04-01 00:00:00+00:00,23.39,24.03,23.36,23.89,2436857.0,23.821,15347,False
2022-04-04 00:00:00+00:00,23.86,24.28,23.86,24.15,1388775.0,24.148,9275,False
2022-04-05 00:00:00+00:00,24.0,24.21,23.3,23.36,1588482.0,23.599,11540,False
2022-04-06 00:00:00+00:00,23.04,23.14,22.55,22.77,1863212.0,22.798,11763,False
2022-04-07 00:00:00+00:00,22.71,22.97,22.3,22.67,1863086.0,22.647,11515,False
2022-04-08 00:00:00+00:00,22.49,22.72,22.24,22.36,1459874.0,22.499,9000,False
2022-04-11 00:00:00+00:00,22.19,22.9,22.02,22.72,1575260.0,22.603,10569,False
2022-04-12 00:00:00+00:00,22.9,23.37,22.4,22.47,1756339.0,22.813,12441,False
2022-04-13 00:00:00+00:00,22.54,23.52,22.4,23.49,2080706.0,23.221,14059,False
2022-04-14 00:00:00+00:00,23.5,23.65,23.06,23.07,1986218.0,23.279,12662,False
2022-04-18 00:00:00+00:00,23.05,23.07,22.55,22.77,1191841.0,22.807,7379,False
2022-04-19 00:00:00+00:00,22.75,23.5,22.69,23.18,1426115.0,23.221,9937,False
2022-04-20 00:00:00+00:00,23.24,23.29,22.31,22.49,2075268.0,22.514,13405,False
2022-04-21 00:00:00+00:00,22.74,22.85,21.92,22.01,1611681.0,22.276,10651,False
2022-04-22 00:00:00+00:00,22.04,22.36,21.9,21.94,1261308.0,22.053,9035,False
2022-04-25 00:00:00+00:00,21.85,22.63,21.77,22.55,1712617.0,22.299,10248,False
2022-04-26 00:00:00+00:00,22.35,22.5,21.61,21.62,1667194.0,21.865,10520,False
2022-04-27 00:00:00+00:00,21.54,22.16,21.53,21.8,1412817.0,21.841,9783,False
2022-04-28 00:00:00+00:00,21.96,22.59,21.85,22.46,2097404.0,22.285,13016,False
2022-04-29 00:00:00+00:00,22.25,22.75,21.72,21.75,1677145.0,22.198,11277,False
2022-05-02 00:00:00+00:00,21.71,22.1,21.49,22.09,2376611.0,21.815,15727,False
2022-05-03 00:00:00+00:00,22.03,22.31,21.59,21.79,2076016.0,21.891,15042,False
2022-05-04 00:00:00+00:00,21.77,22.44,21.24,22.4,2445741.0,21.751,17331,False
2022-05-05 00:00:00+00:00,22.2,22.29,21.05,21.3,2779828.0,21.472,17899,False
2022-05-06 00:00:00+00:00,21.33,21.99,20.68,21.14,3089990.0,21.36,20371,False
2022-05-09 00:00:00+00:00,20.75,21.07,20.34,20.48,2875394.0,20.658,19870,False
2022-05-10 00:00:00+00:00,20.7,21.0,20.08,20.66,2851234.0,20.596,18988,False
2022-05-11 00:00:00+00:00,20.42,20.8,19.7,19.79,2477965.0,20.178,16240,False
2022-05-12 00:00:00+00:00,19.53,20.11,19.32,19.95,3379536.0,19.775,22482,False
2022-05-13 00:00:00+00:00,20.29,20.82,20.08,20.77,2819025.0,20.576,18726,False
2022-05-16 00:00:00+00:00,20.62,20.96,20.2,20.27,1850874.0,20.515,12295,False
2022-05-17 00:00:00+00:00,20.46,20.9,19.85,20.56,2817060.0,20.375,15608,False
2022-05-18 00:00:00+00:00,20.27,20.56,19.66,19.81,2244861.0,19.959,14267,False
2022-05-19 00:00:00+00:00,19.8,20.6,19.74,20.33,2931645.0,20.307,18528,False
2022-05-20 00:00:00+00:00,20.44,20.71,19.76,20.17,2682432.0,20.136,17092,False
2022-05-23 00:00:00+00:00,20.16,20.45,20.02,20.44,2597931.0,20.283,14548,False
2022-05-24 00:00:00+00:00,20.15,20.26,19.09,19.25,2885854.0,19.338,18936,False
2022-05-25 00:00:00+00:00,19.12,20.15,19.07,19.92,2801549.0,19.767,18455,False
2022-05-26 00:00:00+00:00,19.88,21.05,19.65,20.89,2985231.0,20.729,18048,False
2022-05-27 00:00:00+00:00,21.01,21.31,20.94,21.13,1975535.0,21.127,12902,False
2022-05-31 00:00:00+00:00,21.19,21.19,20.71,20.84,2704150.0,20.881,14982,False
2022-06-01 00:00:00+00:00,20.98,21.37,20.55,21.12,2340754.0,21.032,15266,False
2022-06-02 00:00:00+00:00,21.02,21.6,21.0,21.49,2734994.0,21.378,16399,False
2022-06-03 00:00:00+00:00,21.2,23.57,20.97,22.82,12377322.0,22.727,57100,False
2022-06-06 00:00:00+00:00,22.85,22.91,22.33,22.51,2159225.0,22.566,14714,False
2022-06-07 00:00:00+00:00,22.34,23.25,22.21,23.18,2468516.0,22.949,14787,False
2022-06-08 00:00:00+00:00,23.18,23.43,22.92,22.96,1577777.0,23.083,10234,False
2022-06-09 00:00:00+00:00,22.86,23.21,22.52,22.71,1741452.0,22.967,10395,False
2022-06-10 00:00:00+00:00,22.31,22.52,21.97,22.07,2025820.0,22.165,13954,False
2022-06-13 00:00:00+00:00,21.28,21.73,20.52,20.7,3300524.0,20.884,22175,False
2022-06-14 00:00:00+00:00,20.91,21.04,20.33,20.55,2472952.0,20.535,16740,False
2022-06-15 00:00:00+00:00,20.76,21.23,20.46,21.0,2389331.0,20.821,16527,False
2022-06-16 00:00:00+00:00,20.5,20.62,19.56,19.69,3305785.0,19.894,23806,False
2022-06-17 00:00:00+00:00,19.78,20.78,19.71,20.65,2778626.0,20.435,18817,False
2022-06-21 00:00:00+00:00,20.97,21.24,20.76,21.06,2808302.0,21.078,12274,False
2022-06-22 00:00:00+00:00,20.8,21.48,20.79,21.25,1369840.0,21.265,9802,False
2022-06-23 00:00:00+00:00,21.37,21.86,21.2,21.84,1535098.0,21.668,10615,False
2022-06-24 00:00:00+00:00,21.93,22.64,21.87,22.62,1963691.0,22.278,12772,False
2022-06-27 00:00:00+00:00,22.6,22.73,22.06,22.16,1182894.0,22.229,8158,False
2022-06-28 00:00:00+00:00,22.22,22.38,21.19,21.2,1577663.0,21.566,11298,False
2022-06-29 00:00:00+00:00,21.33,21.53,21.05,21.32,1204493.0,21.305,8737,False
2022-06-30 00:00:00+00:00,21.0,21.31,20.57,20.99,1528523.0,21.016,9727,False
2022-07-01 00:00:00+00:00,21.04,21.94,21.02,21.9,1662080.0,21.613,10945,False
2022-07-05 00:00:00+00:00,21.71,22.43,21.49,22.35,1567656.0,22.063,10843,False
2022-07-06 00:00:00+00:00,22.35,22.57,21.99,22.16,1509262.0,22.232,10582,False
2022-07-07 00:00:00+00:00,22.33,22.9,22.18,22.85,1149927.0,22.702,8163,False
2022-07-08 00:00:00+00:00,22.71,22.92,22.45,22.74,1129474.0,22.718,7497,False
2022-07-11 00:00:00+00:00,22.74,22.75,22.2,22.48,1343711.0,22.55,7822,False
2022-07-12 00:00:00+00:00,22.48,22.9,21.56,21.7,1454297.0,22.0,9617,False
2022-07-13 00:00:00+00:00,21.25,21.92,21.16,21.74,1577822.0,21.691,9813,False
2022-07-14 00:00:00+00:00,21.51,21.59,21.05,21.28,1027145.0,21.24,7708,False
2022-07-15 00:00:00+00:00,21.45,21.87,21.44,21.74,1426792.0,21.679,9359,False
2022-07-18 00:00:00+00:00,21.89,22.31,21.61,21.72,1061030.0,21.962,7076,False
2022-07-19 00:00:00+00:00,22.07,22.43,21.96,22.41,1055018.0,22.251,6741,False
2022-07-20 00:00:00+00:00,22.46,23.01,22.43,22.69,1542579.0,22.707,10674,False
2022-07-21 00:00:00+00:00,22.69,23.33,22.46,23.31,1932152.0,22.993,10327,False
2022-07-22 00:00:00+00:00,23.35,23.38,22.57,22.69,1149032.0,22.809,8396,False
2022-07-25 00:00:00+00:00,22.78,22.85,22.42,22.75,1000341.0,22.69,7257,False
2022-07-26 00:00:00+00:00,22.65,22.68,22.01,22.22,1443461.0,22.19,9580,False
2022-07-27 00:00:00+00:00,22.6,23.05,22.48,22.98,1221561.0,22.755,7832,False
2022-07-28 00:00:00+00:00,22.92,23.26,22.53,23.07,1562300.0,22.99,9297,False
2022-07-29 00:00:00+00:00,23.21,23.21,22.49,22.74,4171705.0,22.663,21254,False
2022-08-01 00:00:00+00:00,22.52,23.12,22.08,22.86,1700289.0,22.82,11420,False
2022-08-02 00:00:00+00:00,22.75,23.1,22.7,22.82,1417605.0,22.905,9354,False
2022-08-03 00:00:00+00:00,22.98,23.78,22.93,23.74,1319492.0,23.502,8948,False
2022-08-04 00:00:00+00:00,23.92,24.02,23.48,23.99,1653765.0,23.799,10472,False
2022-08-05 00:00:00+00:00,23.67,23.95,22.69,23.55,2550597.0,23.508,14743,False
2022-08-08 00:00:00+00:00,23.5,24.12,23.5,23.83,1976701.0,23.926,13152,False
2022-08-09 00:00:00+00:00,23.61,24.32,23.57,24.07,2362301.0,23.99,16396,False
2022-08-10 00:00:00+00:00,24.6,24.85,24.5,24.69,1526950.0,24.666,10166,False
2022-08-11 00:00:00+00:00,24.69,24.99,24.51,24.56,1304206.0,24.7,8454,False
2022-08-12 00:00:00+00:00,24.69,24.85,24.61,24.84,748770.0,24.753,5329,False
2022-08-15 00:00:00+00:00,24.69,24.99,24.68,24.78,976510.0,24.8,6665,False
2022-08-16 00:00:00+00:00,24.49,24.68,24.08,24.57,1879936.0,24.393,10173,False
2022-08-17 00:00:00+00:00,24.07,24.35,23.99,24.01,1037179.0,24.14,6775,False
2022-08-18 00:00:00+00:00,23.93,24.13,23.76,24.04,789246.0,23.996,5260,False
2022-08-19 00:00:00+00:00,23.76,23.89,23.31,23.44,964533.0,23.458,6278,False
2022-08-22 00:00:00+00:00,23.14,23.32,22.88,22.9,908461.0,23.019,6118,False
2022-08-23 00:00:00+00:00,22.99,23.28,22.65,22.66,1023035.0,22.877,6916,False
2022-08-24 00:00:00+00:00,22.74,22.9,22.56,22.62,1100038.0,22.688,6837,False
2022-08-25 00:00:00+00:00,22.7,23.02,22.67,22.91,1130950.0,22.846,7052,False
2022-08-26 00:00:00+00:00,22.91,22.95,22.04,22.05,1037047.0,22.274,7183,False
2022-08-29 00:00:00+00:00,21.8,22.13,21.75,21.75,824378.0,21.929,5536,False
2022-08-30 00:00:00+00:00,21.85,22.07,21.39,21.64,1264620.0,21.609,8338,False
2022-08-31 00:00:00+00:00,21.83,21.98,21.36,21.39,1746908.0,21.549,10711,False
2022-09-01 00:00:00+00:00,21.05,21.45,20.8,21.26,1736820.0,21.05,10983,False
2022-09-02 00:00:00+00:00,21.43,21.68,21.01,21.17,1237169.0,21.306,7842,False
2022-09-06 00:00:00+00:00,21.59,22.09,21.45,21.48,2269841.0,21.748,13397,False
2022-09-07 00:00:00+00:00,21.57,22.01,21.45,21.98,1523241.0,21.805,10087,False
2022-09-08 00:00:00+00:00,21.79,22.18,21.73,22.1,1025809.0,22.034,6699,False
2022-09-09 00:00:00+00:00,22.4,22.95,22.39,22.75,1646796.0,22.722,10656,False
2022-09-12 00:00:00+00:00,22.87,23.18,22.8,23.14,1359127.0,23.069,8599,False
2022-09-13 00:00:00+00:00,22.51,22.62,22.05,22.1,1787774.0,22.323,10575,False
2022-09-14 00:00:00+00:00,22.1,22.17,21.78,22.01,1359392.0,21.982,8656,False
2022-09-15 00:00:00+00:00,21.83,22.12,21.57,21.82,1132045.0,21.869,7589,False
2022-09-16 00:00:00+00:00,21.52,21.77,21.25,21.7,1717054.0,21.534,10748,False
2022-09-19 00:00:00+00:00,21.47,21.83,21.45,21.68,1190216.0,21.658,8233,False
2022-09-20 00:00:00+00:00,21.61,21.72,21.14,21.18,1136794.0,21.385,7602,False
2022-09-21 00:00:00+00:00,21.36,21.76,21.07,21.09,1247408.0,21.361,8654,False
2022-09-22 00:00:00+00:00,21.01,21.13,20.39,20.44,1850855.0,20.564,10696,False
2022-09-23 00:00:00+00:00,20.21,20.5,19.88,20.11,1664010.0,20.07,11406,False
2022-09-26 00:00:00+00:00,20.08,20.52,19.92,19.99,1389645.0,20.15,9387,False
2022-09-27 00:00:00+00:00,20.1,20.49,19.96,20.16,1248364.0,20.216,8377,False
2022-09-28 00:00:00+00:00,20.17,20.8,20.17,20.73,1644929.0,20.536,8951,False
2022-09-29 00:00:00+00:00,20.44,20.61,20.25,20.53,1074261.0,20.438,7163,False
2022-09-30 00:00:00+00:00,20.59,21.05,20.59,20.72,1852253.0,20.844,11725,False
2022-10-03 00:00:00+00:00,20.9,21.45,20.81,21.27,2010097.0,21.24,12891,False
2022-10-04 00:00:00+00:00,21.76,21.94,21.54,21.84,2304241.0,21.744,15317,False
2022-10-05 00:00:00+00:00,21.48,21.93,21.32,21.88,1858066.0,21.682,10256,False
2022-10-06 00:00:00+00:00,21.84,22.25,21.74,22.06,1646750.0,22.036,10469,False
2022-10-07 00:00:00+00:00,21.65,21.73,21.0,21.07,1507907.0,21.217,9628,False
2022-10-10 00:00:00+00:00,21.06,21.15,20.12,20.41,3205741.0,20.438,18561,False
2022-10-11 00:00:00+00:00,20.34,20.5,19.88,20.07,2092263.0,20.12,12574,False
2022-10-12 00:00:00+00:00,20.16,20.33,19.98,20.03,1948341.0,20.143,12470,False
2022-10-13 00:00:00+00:00,19.38,20.4,19.22,20.25,1883239.0,20.055,12085,False
2022-10-14 00:00:00+00:00,20.55,20.75,20.13,20.17,1743729.0,20.301,11900,False
2022-10-17 00:00:00+00:00,20.55,20.95,20.46,20.78,2584501.0,20.739,13422,False
2022-10-18 00:00:00+00:00,21.12,21.62,21.0,21.21,1739811.0,21.254,11273,False
2022-10-19 00:00:00+00:00,20.94,21.09,20.73,20.9,1189920.0,20.876,7791,False
2022-10-20 00:00:00+00:00,20.97,21.5,20.69,20.97,1924502.0,21.021,11921,False
2022-10-21 00:00:00+00:00,20.97,21.47,20.83,21.42,1267875.0,21.242,8654,False
2022-10-24 00:00:00+00:00,21.58,21.67,21.25,21.63,1195872.0,21.515,8696,False
2022-10-25 00:00:00+00:00,21.75,22.21,21.73,22.12,1779211.0,22.078,11901,False
2022-10-26 00:00:00+00:00,21.83,22.18,21.53,21.58,1657190.0,21.826,11718,False
2022-10-27 00:00:00+00:00,21.74,21.95,21.33,21.52,2027446.0,21.571,9971,False
2022-10-28 00:00:00+00:00,21.61,22.06,21.49,22.02,1460158.0,21.798,9197,False
2022-10-31 00:00:00+00:00,21.81,21.93,21.67,21.75,1901122.0,21.802,12029,False
2022-11-01 00:00:00+00:00,21.99,22.19,21.49,21.69,2268676.0,21.725,12224,False
2022-11-02 00:00:00+00:00,21.69,21.69,20.66,20.68,2278273.0,21.167,14776,False
2022-11-03 00:00:00+00:00,20.57,21.07,20.42,20.43,2136599.0,20.662,14444,False
2022-11-04 00:00:00+00:00,21.41,21.67,20.66,21.4,3019057.0,21.271,19671,False
2022-11-07 00:00:00+00:00,21.16,21.71,21.11,21.51,2179201.0,21.43,14651,False
2022-11-08 00:00:00+00:00,21.48,21.96,21.28,21.58,2915015.0,21.623,18739,False
2022-11-09 00:00:00+00:00,21.26,21.35,20.85,21.19,1668193.0,21.154,11157,False
2022-11-10 00:00:00+00:00,22.07,22.54,21.97,22.45,3385937.0,22.273,21442,False
2022-11-11 00:00:00+00:00,22.39,23.11,22.39,23.06,1867831.0,22.929,13302,False
2022-11-14 00:00:00+00:00,22.8,23.14,22.58,22.78,1426148.0,22.919,9928,False
2022-11-15 00:00:00+00:00,23.27,23.4,22.77,22.9,1836237.0,23.011,11484,False
2022-11-16 00:00:00+00:00,22.47,22.7,22.31,22.43,2455366.0,22.482,14428,False
2022-11-17 00:00:00+00:00,22.1,22.4,21.96,22.23,1950373.0,22.226,12289,False
2022-11-18 00:00:00+00:00,22.3,22.53,21.84,22.28,1442672.0,22.105,8818,False
2022-11-21 00:00:00+00:00,22.17,22.49,22.04,22.39,1502142.0,22.356,9801,False
2022-11-22 00:00:00+00:00,22.25,22.36,21.8,22.35,1220205.0,22.177,7729,False
2022-11-23 00:00:00+00:00,22.31,22.71,22.23,22.44,1083332.0,22.453,7282,False
2022-11-25 00:00:00+00:00,22.32,22.44,22.25,22.28,539461.0,22.336,3324,False
2022-11-28 00:00:00+00:00,22.1,22.39,22.06,22.21,951730.0,22.243,6739,False
2022-11-29 00:00:00+00:00,22.24,22.75,22.21,22.54,2325042.0,22.55,14982,False
2022-11-30 00:00:00+00:00,22.47,23.57,22.42,23.56,2038631.0,23.07,13077,False
2022-12-01 00:00:00+00:00,23.56,24.09,23.39,23.75,1711949.0,23.771,10801,False
2022-12-02 00:00:00+00:00,23.4,23.71,23.28,23.33,1443603.0,23.407,9987,False
2022-12-05 00:00:00+00:00,23.07,23.13,22.38,22.47,2193668.0,22.623,13302,False
2022-12-06 00:00:00+00:00,22.47,22.53,22.11,22.32,1307566.0,22.279,9092,False
2022-12-07 00:00:00+00:00,22.28,22.63,21.98,22.07,2458409.0,22.114,15003,False
2022-12-08 00:00:00+00:00,22.2,22.75,22.1,22.51,1556947.0,22.539,9669,False
2022-12-09 00:00:00+00:00,22.45,22.77,22.37,22.39,1361857.0,22.542,8718,False
2022-12-12 00:00:00+00:00,22.32,23.13,22.25,22.94,1901041.0,22.887,12543,False
2022-12-13 00:00:00+00:00,23.78,23.91,23.15,23.44,1889877.0,23.468,12692,False
2022-12-14 00:00:00+00:00,23.41,23.88,23.32,23.73,1836051.0,23.677,11847,False
2022-12-15 00:00:00+00:00,23.34,23.5,23.04,23.15,2483158.0,23.229,15125,False
2022-12-16 00:00:00+00:00,23.08,23.34,22.94,23.2,2814918.0,23.191,16942,False
2022-12-19 00:00:00+00:00,23.27,23.27,22.28,22.38,2154590.0,22.517,14099,False
2022-12-20 00:00:00+00:00,22.3,22.67,22.2,22.39,1652060.0,22.449,11178,False
2022-12-21 00:00:00+00:00,22.39,22.92,22.17,22.86,1398770.0,22.708,9908,False
2022-12-22 00:00:00+00:00,22.6,22.63,22.11,22.41,1271064.0,22.33,8698,False
2022-12-23 00:00:00+00:00,22.41,22.54,22.13,22.48,999540.0,22.366,6435,False
2022-12-27 00:00:00+00:00,22.47,22.47,22.14,22.21,989689.0,22.295,6978,False
2022-12-28 00:00:00+00:00,22.11,22.38,21.96,21.97,1037815.0,22.121,7118,False
2022-12-29 00:00:00+00:00,22.0,22.42,21.94,22.34,1025869.0,22.312,6812,False
2022-12-30 00:00:00+00:00,22.08,22.39,21.98,22.38,842264.0,22.195,5921,False
2023-01-03 00:00:00+00:00,22.62,22.86,22.41,22.68,1439142.0,22.668,9773,False
2023-01-04 00:00:00+00:00,22.77,22.94,22.56,22.81,1086235.0,22.748,7890,False
2023-01-05 00:00:00+00:00,22.41,22.52,21.99,22.11,2428854.0,22.139,13207,False
2023-01-06 00:00:00+00:00,22.31,22.35,21.76,22.17,2194040.0,22.036,12895,False
2023-01-09 00:00:00+00:00,22.27,22.92,22.27,22.35,2004733.0,22.571,11384,False
2023-01-10 00:00:00+00:00,22.37,22.51,22.16,22.45,1298452.0,22.369,8966,False
2023-01-11 00:00:00+00:00,22.62,22.98,22.45,22.86,1548726.0,22.828,9277,False
2023-01-12 00:00:00+00:00,22.86,23.01,22.51,22.92,1253959.0,22.857,8092,False
2023-01-13 00:00:00+00:00,22.78,23.12,22.76,23.07,1076799.0,22.993,7282,False
2023-01-17 00:00:00+00:00,22.92,23.06,22.71,22.75,1362348.0,22.842,8330,False
2023-01-18 00:00:00+00:00,23.01,23.52,22.85,22.97,1860413.0,23.055,12091,False
2023-01-19 00:00:00+00:00,22.86,22.97,22.51,22.53,1403370.0,22.702,8458,False
2023-01-20 00:00:00+00:00,22.53,22.85,22.2,22.8,1101717.0,22.656,7592,False
2023-01-23 00:00:00+00:00,22.96,23.41,22.82,23.39,1158236.0,23.251,7426,False
2023-01-24 00:00:00+00:00,23.39,23.44,22.83,22.93,1200799.0,23.053,8178,False
2023-01-25 00:00:00+00:00,22.73,23.0,22.55,22.97,1187233.0,22.831,7668,False
2023-01-26 00:00:00+00:00,23.09,23.38,23.02,23.38,1382039.0,23.259,7930,False
2023-01-27 00:00:00+00:00,23.4,23.64,23.22,23.39,1114221.0,23.376,6342,False
2023-01-30 00:00:00+00:00,23.11,23.21,22.9,22.95,1052318.0,23.035,6817,False
2023-01-31 00:00:00+00:00,23.02,23.23,22.94,23.23,1293028.0,23.16,8514,False
2023-02-01 00:00:00+00:00,23.23,23.96,23.23,23.88,1604245.0,23.603,9711,False
2023-02-02 00:00:00+00:00,24.04,24.72,24.0,24.34,2363184.0,24.402,14924,False
2023-02-03 00:00:00+00:00,23.92,24.51,23.77,24.06,1680812.0,24.196,11596,False
2023-02-06 00:00:00+00:00,23.83,23.91,23.37,23.44,1438147.0,23.603,9329,False
2023-02-07 00:00:00+00:00,23.52,24.22,23.33,24.11,1459902.0,23.885,10276,False
2023-02-08 00:00:00+00:00,24.13,24.21,23.73,23.77,1088632.0,23.896,7327,False
2023-02-09 00:00:00+00:00,23.99,24.26,23.6,23.69,1279361.0,23.933,7770,False
2023-02-10 00:00:00+00:00,23.5,23.68,23.4,23.58,1237624.0,23.546,9177,False
2023-02-13 00:00:00+00:00,23.7,23.99,23.65,23.84,1020818.0,23.87,7399,False
2023-02-14 00:00:00+00:00,23.44,24.22,23.44,24.0,1505826.0,23.891,9339,False
2023-02-15 00:00:00+00:00,23.86,24.24,23.72,24.17,1545253.0,24.03,10320,False
2023-02-16 00:00:00+00:00,23.78,24.19,23.68,23.96,1722007.0,23.968,10783,False
2023-02-17 00:00:00+00:00,23.74,23.74,21.07,21.22,9803585.0,21.622,42155,False
2023-02-21 00:00:00+00:00,20.81,21.52,20.8,21.29,4954595.0,21.232,27489,False
2023-02-22 00:00:00+00:00,21.21,21.48,21.03,21.22,2972560.0,21.209,18907,False
2023-02-23 00:00:00+00:00,21.4,21.44,20.91,21.02,2599372.0,21.107,14801,False
2023-02-24 00:00:00+00:00,20.68,20.81,20.28,20.6,2770567.0,20.507,16037,False
2023-02-27 00:00:00+00:00,20.7,20.81,20.4,20.49,1611095.0,20.553,9831,False
2023-02-28 00:00:00+00:00,20.4,20.55,20.31,20.4,2036353.0,20.426,11617,False
2023-03-01 00:00:00+00:00,20.46,20.71,20.34,20.55,2455006.0,20.488,13627,False
2023-03-02 00:00:00+00:00,20.46,20.69,20.29,20.67,2045894.0,20.54,12310,False
2023-03-03 00:00:00+00:00,20.69,20.78,20.54,20.63,2146315.0,20.653,10757,False
2023-03-06 00:00:00+00:00,20.67,20.86,20.28,20.38,2590479.0,20.527,15624,False
2023-03-07 00:00:00+00:00,20.39,20.66,20.03,20.11,2310025.0,20.241,12708,False
2023-03-08 00:00:00+00:00,20.11,20.17,19.9,20.07,1984085.0,20.029,12036,False
2023-03-09 00:00:00+00:00,20.25,20.32,19.6,19.61,2438546.0,19.894,13368,False
2023-03-10 00:00:00+00:00,19.54,19.61,19.07,19.12,2434127.0,19.298,14981,False
2023-03-13 00:00:00+00:00,19.0,19.29,18.71,18.97,3333587.0,19.079,19067,False
2023-03-14 00:00:00+00:00,19.24,19.64,19.22,19.56,3642006.0,19.504,18613,False
2023-03-15 00:00:00+00:00,19.27,19.73,19.24,19.66,2996077.0,19.519,18417,False
2023-03-16 00:00:00+00:00,19.68,20.02,19.47,19.96,2258462.0,19.834,13058,False
2023-03-17 00:00:00+00:00,20.04,20.2,19.82,20.01,2537751.0,19.991,14667,False
2023-03-20 00:00:00+00:00,20.03,20.56,19.97,20.52,2549191.0,20.399,14947,False
2023-03-21 00:00:00+00:00,20.59,21.16,20.53,21.15,2117186.0,20.977,12296,False
2023-03-22 00:00:00+00:00,21.15,21.37,20.85,20.86,2849521.0,21.066,15044,False
2023-03-23 00:00:00+00:00,21.14,21.36,20.96,21.11,2031075.0,21.14,11374,False
2023-03-24 00:00:00+00:00,21.1,21.29,20.94,21.16,2297502.0,21.141,13599,False
2023-03-27 00:00:00+00:00,21.21,21.39,21.04,21.13,1462178.0,21.158,9401,False
2023-03-28 00:00:00+00:00,20.96,21.15,20.76,20.96,2369565.0,20.904,14783,False
2023-03-29 00:00:00+00:00,21.02,21.23,20.99,21.17,1399799.0,21.117,8798,False
2023-03-30 00:00:00+00:00,21.19,21.24,20.99,21.0,2225682.0,21.065,10966,False
2023-03-31 00:00:00+00:00,21.0,21.65,21.0,21.62,3172751.0,21.426,17953,False
2023-04-03 00:00:00+00:00,21.38,21.52,21.12,21.35,1458066.0,21.289,9343,False
2023-04-04 00:00:00+00:00,21.31,21.48,21.21,21.35,1406543.0,21.313,9059,False
2023-04-05 00:00:00+00:00,21.29,21.32,21.02,21.16,1554905.0,21.145,10640,False
2023-04-06 00:00:00+00:00,21.07,21.27,20.89,21.25,1148973.0,21.132,7622,False
2023-04-10 00:00:00+00:00,21.12,21.12,20.86,21.08,1354015.0,21.014,7974,False
2023-04-11 00:00:00+00:00,20.87,20.92,20.51,20.76,3052288.0,20.737,16305,False
2023-04-12 00:00:00+00:00,20.93,21.03,20.66,20.8,1537003.0,20.817,10167,False
2023-04-13 00:00:00+00:00,20.83,21.9,20.83,21.88,2614785.0,21.624,15875,False
2023-04-14 00:00:00+00:00,21.89,22.1,21.71,22.05,1669496.0,21.928,10617,False
2023-04-17 00:00:00+00:00,22.05,22.18,21.84,22.05,1201583.0,22.003,8206,False
2023-04-18 00:00:00+00:00,22.2,22.33,22.08,22.15,1697885.0,22.191,10942,False
2023-04-19 00:00:00+00:00,22.02,22.08,21.86,21.91,1078370.0,21.956,6501,False
2023-04-20 00:00:00+00:00,21.72,21.9,21.62,21.76,1395524.0,21.763,7954,False
2023-04-21 00:00:00+00:00,21.54,21.83,21.54,21.73,1362706.0,21.681,6887,False
2023-04-24 00:00:00+00:00,21.61,21.73,21.34,21.5,1224826.0,21.519,7708,False
2023-04-25 00:00:00+00:00,21.4,21.42,21.05,21.07,1693636.0,21.178,10586,False
2023-04-26 00:00:00+00:00,21.2,21.34,20.83,20.89,1321337.0,21.038,8410,False
2023-04-27 00:00:00+00:00,21.25,21.28,20.02,20.16,5264290.0,20.416,30206,False
2023-04-28 00:00:00+00:00,19.99,20.41,19.93,20.34,2424554.0,20.25,15242,False
2023-05-01 00:00:00+00:00,20.22,20.43,20.14,20.35,2201003.0,20.31,12322,False
2023-05-02 00:00:00+00:00,20.39,20.49,19.77,20.03,3063883.0,19.985,17103,False
2023-05-03 00:00:00+00:00,20.12,20.21,19.87,19.88,2319458.0,20.021,14368,False
2023-05-04 00:00:00+00:00,19.78,19.97,19.54,19.62,2950712.0,19.726,17710,False
2023-05-05 00:00:00+00:00,20.7,21.45,20.5,21.31,5988099.0,21.185,36117,False
2023-05-08 00:00:00+00:00,21.46,21.56,21.26,21.42,3531125.0,21.417,17854,False
2023-05-09 00:00:00+00:00,21.3,21.55,21.19,21.2,2364938.0,21.294,13633,False
2023-05-10 00:00:00+00:00,21.43,21.91,21.27,21.76,2906687.0,21.65,16776,False
2023-05-11 00:00:00+00:00,21.73,21.79,21.53,21.72,2116045.0,21.67,12824,False
2023-05-12 00:00:00+00:00,21.75,22.23,21.7,22.02,4697799.0,22.044,26557,False
2023-05-15 00:00:00+00:00,22.02,22.82,21.97,22.61,4649604.0,22.485,26668,False
2023-05-16 00:00:00+00:00,22.38,22.49,21.72,22.07,3272963.0,22.088,17629,False
2023-05-17 00:00:00+00:00,22.11,22.42,22.02,22.33,2261148.0,22.262,12064,False
2023-05-18 00:00:00+00:00,22.26,22.6,22.15,22.57,1794288.0,22.437,11349,False
2023-05-19 00:00:00+00:00,22.66,22.75,22.53,22.69,2013745.0,22.66,13530,False
2023-05-22 00:00:00+00:00,22.55,22.77,22.4,22.48,2699611.0,22.518,14642,False
2023-05-23 00:00:00+00:00,22.3,22.6,22.22,22.24,1605651.0,22.367,9930,False
2023-05-24 00:00:00+00:00,22.15,22.29,22.02,22.07,2265769.0,22.129,14022,False
2023-05-25 00:00:00+00:00,22.1,22.56,22.06,22.51,2346638.0,22.361,14735,False
2023-05-26 00:00:00+00:00,22.54,22.93,22.52,22.81,1945587.0,22.811,11945,False
2023-05-30 00:00:00+00:00,22.99,23.06,22.41,22.69,2405404.0,22.663,15315,False
2023-05-31 00:00:00+00:00,22.47,23.13,22.47,23.02,2061791.0,22.955,12715,False
2023-06-01 00:00:00+00:00,22.96,23.34,22.93,23.19,1985644.0,23.184,12000,False
2023-06-02 00:00:00+00:00,23.32,23.72,23.18,23.68,2085620.0,23.557,13088,False
2023-06-05 00:00:00+00:00,23.83,24.11,23.62,23.93,3929995.0,23.915,26261,False
2023-06-06 00:00:00+00:00,23.87,23.96,23.55,23.84,2350221.0,23.759,14636,False
2023-06-07 00:00:00+00:00,23.85,24.11,23.32,23.4,2765735.0,23.537,17633,False
2023-06-08 00:00:00+00:00,23.38,23.67,23.36,23.63,1717983.0,23.576,10567,False
2023-06-09 00:00:00+00:00,23.67,24.35,23.67,24.0,2790249.0,24.045,16717,False
2023-06-12 00:00:00+00:00,24.0,24.61,23.92,24.6,3455701.0,24.457,19437,False
2023-06-13 00:00:00+00:00,24.6,24.89,24.46,24.88,3233774.0,24.685,18143,False
2023-06-14 00:00:00+00:00,24.77,25.16,24.7,25.1,3344991.0,25.012,19981,False
2023-06-15 00:00:00+00:00,24.98,25.94,24.82,25.83,3274888.0,25.616,18604,False
2023-06-16 00:00:00+00:00,26.0,26.15,25.58,25.97,7697302.0,25.871,37869,False
2023-06-20 00:00:00+00:00,25.66,26.15,25.64,25.95,3691006.0,25.914,23061,False
2023-06-21 00:00:00+00:00,25.94,26.29,25.62,25.75,3672405.0,25.844,22413,False
2023-06-22 00:00:00+00:00,25.72,26.49,25.62,26.43,3622753.0,26.212,20749,False
2023-06-23 00:00:00+00:00,26.13,26.59,26.06,26.33,2875238.0,26.376,16999,False
2023-06-26 00:00:00+00:00,26.45,26.45,25.8,25.83,2834371.0,25.998,15784,False
2023-06-27 00:00:00+00:00,25.89,26.22,25.66,26.14,2093043.0,25.971,12856,False
2023-06-28 00:00:00+00:00,26.13,26.73,26.06,26.72,1948639.0,26.533,12125,False
2023-06-29 00:00:00+00:00,26.72,26.78,26.41,26.72,1579607.0,26.611,10489,False
2023-06-30 00:00:00+00:00,26.8,26.87,26.59,26.67,2286134.0,26.763,13860,False
2023-07-03 00:00:00+00:00,26.64,26.73,26.53,26.63,916423.0,26.64,6096,False
2023-07-05 00:00:00+00:00,26.4,26.64,26.28,26.59,3042009.0,26.509,17590,False
2023-07-06 00:00:00+00:00,26.35,26.76,26.08,26.73,2259651.0,26.471,13113,False
2023-07-07 00:00:00+00:00,26.7,27.24,26.66,26.97,2046308.0,27.031,11602,False
2023-07-10 00:00:00+00:00,26.92,27.44,26.92,27.36,1647843.0,27.316,10130,False
2023-07-11 00:00:00+00:00,27.49,27.77,27.24,27.5,2167760.0,27.557,13185,False
2023-07-12 00:00:00+00:00,27.7,27.82,27.44,27.55,2232203.0,27.584,12157,False
2023-07-13 00:00:00+00:00,27.66,27.98,27.56,27.78,3234799.0,27.82,14560,False
2023-07-14 00:00:00+00:00,27.73,27.81,27.21,27.29,3033522.0,27.408,16705,False
2023-07-17 00:00:00+00:00,27.26,27.86,27.18,27.81,2682343.0,27.69,14801,False
2023-07-18 00:00:00+00:00,27.82,28.11,27.74,28.03,3120020.0,27.973,14680,False
2023-07-19 00:00:00+00:00,28.15,28.68,27.93,28.1,5083918.0,28.304,25640,False
2023-07-20 00:00:00+00:00,27.9,27.99,27.42,27.51,2602730.0,27.603,16185,False
2023-07-21 00:00:00+00:00,27.57,27.59,26.94,26.99,2230269.0,27.127,13299,False
2023-07-24 00:00:00+00:00,26.99,27.1,26.75,26.8,1875106.0,26.911,12574,False
2023-07-25 00:00:00+00:00,26.79,27.03,26.63,26.75,2320262.0,26.825,13266,False
2023-07-26 00:00:00+00:00,26.55,26.86,26.37,26.72,2366337.0,26.703,15057,False
2023-07-27 00:00:00+00:00,27.05,27.23,26.62,26.71,1875315.0,26.939,11838,False
2023-07-28 00:00:00+00:00,26.86,27.12,26.6,26.63,1678467.0,26.78,10071,False
2023-07-31 00:00:00+00:00,26.66,26.97,26.65,26.95,2288492.0,26.85,13611,False
2023-08-01 00:00:00+00:00,26.84,27.01,26.62,26.75,2495270.0,26.847,15017,False
2023-08-02 00:00:00+00:00,26.42,26.46,25.81,25.87,2622938.0,25.972,14688,False
2023-08-03 00:00:00+00:00,25.75,26.15,25.63,25.95,3611430.0,26.024,19062,False
2023-08-04 00:00:00+00:00,26.84,27.97,26.1,27.49,5216969.0,27.298,33008,False
2023-08-07 00:00:00+00:00,27.83,28.49,27.63,28.24,3679268.0,28.167,22670,False
2023-08-08 00:00:00+00:00,28.0,28.17,27.46,27.8,3219628.0,27.729,21039,False
2023-08-09 00:00:00+00:00,27.89,28.02,27.37,27.61,1769881.0,27.648,11166,False
2023-08-10 00:00:00+00:00,27.82,28.06,27.41,27.65,2084334.0,27.694,13165,False
2023-08-11 00:00:00+00:00,27.65,27.98,27.62,27.82,2397777.0,27.757,14201,False
2023-08-14 00:00:00+00:00,27.74,28.41,27.68,28.35,2129692.0,28.239,13355,False
2023-08-15 00:00:00+00:00,28.13,28.57,27.83,27.86,2314426.0,28.16,14371,False
2023-08-16 00:00:00+00:00,27.61,27.79,27.02,27.04,3316334.0,27.325,16778,False
2023-08-17 00:00:00+00:00,27.01,27.02,26.65,26.66,2564312.0,26.816,15961,False
2023-08-18 00:00:00+00:00,26.39,26.9,26.06,26.74,1747777.0,26.736,10723,False
2023-08-21 00:00:00+00:00,26.8,27.04,26.72,26.91,1352382.0,26.892,8491,False
2023-08-22 00:00:00+00:00,27.08,27.3,26.92,27.08,1313087.0,27.134,7657,False
2023-08-23 00:00:00+00:00,27.26,27.43,27.03,27.24,1023297.0,27.285,6676,False
2023-08-24 00:00:00+00:00,27.33,27.54,26.89,26.93,2870698.0,27.164,17391,False
2023-08-25 00:00:00+00:00,27.05,27.42,26.87,27.29,1110087.0,27.209,8252,False
2023-08-28 00:00:00+00:00,27.36,27.73,27.36,27.65,1021309.0,27.608,6935,False
2023-08-29 00:00:00+00:00,27.65,27.95,27.6,27.89,1149585.0,27.84,7220,False
2023-08-30 00:00:00+00:00,27.79,28.03,27.51,27.57,1206944.0,27.724,7779,False
2023-08-31 00:00:00+00:00,27.68,28.0,27.68,27.79,1831798.0,27.871,11316,False
2023-09-01 00:00:00+00:00,28.07,28.24,27.67,27.86,1036690.0,27.891,7171,False
2023-09-05 00:00:00+00:00,27.62,27.9,27.44,27.62,1489512.0,27.66,10044,False
2023-09-06 00:00:00+00:00,27.51,27.72,27.4,27.57,1223327.0,27.51,8395,False
2023-09-07 00:00:00+00:00,27.45,28.07,27.38,27.9,2221762.0,27.859,13914,False
2023-09-08 00:00:00+00:00,27.9,27.98,27.66,27.88,1238798.0,27.838,8359,False
2023-09-11 00:00:00+00:00,28.0,28.48,27.8,27.96,2512100.0,28.06,13839,False
2023-09-12 00:00:00+00:00,27.67,27.9,27.45,27.56,1137108.0,27.712,7731,False
2023-09-13 00:00:00+00:00,27.58,27.66,27.31,27.61,1175505.0,27.554,7829,False
2023-09-14 00:00:00+00:00,27.67,27.87,27.4,27.58,1189963.0,27.553,7902,False
2023-09-15 00:00:00+00:00,27.46,27.55,26.77,26.95,1558760.0,27.058,9235,False
2023-09-18 00:00:00+00:00,26.37,26.75,26.3,26.57,1780941.0,26.569,11791,False
2023-09-19 00:00:00+00:00,26.51,26.85,26.4,26.51,1706095.0,26.521,11633,False
2023-09-20 00:00:00+00:00,26.54,27.14,26.5,26.68,955542.0,26.865,6953,False
2023-09-21 00:00:00+00:00,26.51,26.91,26.4,26.66,1226511.0,26.747,8255,False
2023-09-22 00:00:00+00:00,26.75,27.1,26.72,26.89,1250871.0,26.903,7790,False
2023-09-25 00:00:00+00:00,26.89,27.37,26.86,27.24,1094360.0,27.186,7073,False
2023-09-26 00:00:00+00:00,27.14,27.23,26.76,26.9,885994.0,26.921,6349,False
2023-09-27 00:00:00+00:00,27.0,27.39,26.99,27.12,1707204.0,27.168,10442,False
2023-09-28 00:00:00+00:00,27.03,27.4,26.8,27.23,947763.0,27.169,6555,False
2023-09-29 00:00:00+00:00,27.48,27.62,27.19,27.23,915918.0,27.388,6634,False
2023-10-02 00:00:00+00:00,27.22,27.42,27.12,27.3,770923.0,27.288,5389,False
2023-10-03 00:00:00+00:00,27.19,27.49,26.76,26.79,1223946.0,26.959,8286,False
2023-10-04 00:00:00+00:00,26.83,27.18,26.8,27.04,1195663.0,27.04,8816,False
2023-10-05 00:00:00+00:00,26.96,27.13,26.67,26.91,1066037.0,26.94,7155,False
2023-10-06 00:00:00+00:00,26.73,27.73,26.73,27.63,950515.0,27.475,6293,False
2023-10-09 00:00:00+00:00,27.5,27.92,27.46,27.91,1115792.0,27.773,6927,False
2023-10-10 00:00:00+00:00,27.92,28.28,27.85,27.93,2029503.0,28.089,10845,False
2023-10-11 00:00:00+00:00,28.01,28.32,27.9,28.22,1883330.0,28.115,10397,False
2023-10-12 00:00:00+00:00,28.29,28.29,27.89,28.01,1545981.0,28.093,9164,False
2023-10-13 00:00:00+00:00,27.98,28.06,27.43,27.64,1282326.0,27.711,7946,False
2023-10-16 00:00:00+00:00,27.77,28.27,27.75,27.78,1772278.0,27.954,9890,False
2023-10-17 00:00:00+00:00,27.51,27.77,27.02,27.72,1686211.0,27.501,12021,False
2023-10-18 00:00:00+00:00,27.62,28.09,27.6,27.62,1370638.0,27.803,9301,False
2023-10-19 00:00:00+00:00,27.66,27.9,27.3,27.32,1075588.0,27.54,7158,False
2023-10-20 00:00:00+00:00,27.27,27.37,26.62,26.69,1276243.0,26.828,8232,False
2023-10-23 00:00:00+00:00,26.59,26.83,26.38,26.53,1088175.0,26.609,7670,False
2023-10-24 00:00:00+00:00,26.75,27.34,26.75,27.31,1326441.0,27.139,9049,False
2023-10-25 00:00:00+00:00,27.2,27.28,26.27,26.31,1326124.0,26.564,9394,False
2023-10-26 00:00:00+00:00,26.35,26.73,26.16,26.37,1692286.0,26.373,11766,False
2023-10-27 00:00:00+00:00,26.49,26.64,25.78,25.94,1436145.0,26.067,10373,False
2023-10-30 00:00:00+00:00,26.09,26.24,25.91,26.11,1357506.0,26.084,9989,False
2023-10-31 00:00:00+00:00,26.14,26.53,26.03,26.3,1547758.0,26.264,10443,False
2023-11-01 00:00:00+00:00,26.37,26.52,25.9,26.16,1724702.0,26.152,11936,False
2023-11-02 00:00:00+00:00,26.5,26.69,26.19,26.43,2435210.0,26.482,16176,False
2023-11-03 00:00:00+00:00,25.38,26.04,24.28,26.0,5332234.0,25.613,33290,False
2023-11-06 00:00:00+00:00,25.98,26.04,25.31,25.77,1906590.0,25.615,11063,False
2023-11-07 00:00:00+00:00,25.87,26.51,25.83,25.89,3028871.0,26.058,18226,False
2023-11-08 00:00:00+00:00,25.89,26.38,25.78,26.13,2431286.0,26.176,15068,False
2023-11-09 00:00:00+00:00,26.23,26.67,25.99,26.25,2125250.0,26.333,13582,False
2023-11-10 00:00:00+00:00,26.14,26.61,25.9,26.61,1754043.0,26.37,11134,False
2023-11-13 00:00:00+00:00,26.49,27.19,26.33,27.03,2608113.0,26.913,16177,False
2023-11-14 00:00:00+00:00,27.43,27.54,27.03,27.4,1949865.0,27.272,11765,False
2023-11-15 00:00:00+00:00,27.49,27.84,27.44,27.54,2063728.0,27.624,12536,False
2023-11-16 00:00:00+00:00,27.1,27.18,26.24,26.46,3673290.0,26.62,21757,False
2023-11-17 00:00:00+00:00,26.54,27.14,26.39,27.14,2447202.0,26.939,14799,False
2023-11-20 00:00:00+00:00,27.12,27.79,27.05,27.7,1876789.0,27.548,11618,False
2023-11-21 00:00:00+00:00,27.7,28.24,27.66,27.93,2052520.0,28.011,13047,False
2023-11-22 00:00:00+00:00,28.1,28.44,27.99,28.15,1684477.0,28.269,10262,False
2023-11-24 00:00:00+00:00,28.15,28.62,28.15,28.53,899013.0,28.486,5721,False
2023-11-27 00:00:00+00:00,28.4,28.7,28.25,28.35,1740923.0,28.438,10839,False
2023-11-28 00:00:00+00:00,28.33,28.43,28.05,28.12,1452358.0,28.166,10066,False
2023-11-29 00:00:00+00:00,28.29,28.67,28.07,28.08,1607161.0,28.231,10884,False
2023-11-30 00:00:00+00:00,28.1,28.43,27.82,28.18,1954404.0,28.115,13478,False
2023-12-01 00:00:00+00:00,28.22,28.8,27.96,28.78,2141576.0,28.573,13266,False
2023-12-04 00:00:00+00:00,28.61,28.74,28.17,28.31,1423010.0,28.342,9986,False
2023-12-05 00:00:00+00:00,28.21,28.48,28.04,28.33,1406615.0,28.276,9078,False
2023-12-06 00:00:00+00:00,28.39,28.42,27.59,27.59,2080522.0,27.82,14284,False
2023-12-07 00:00:00+00:00,27.56,27.8,27.4,27.7,1172982.0,27.624,8277,False
2023-12-08 00:00:00+00:00,27.62,27.89,27.42,27.59,1648966.0,27.546,10482,False
2023-12-11 00:00:00+00:00,27.53,27.97,27.51,27.94,1469354.0,27.844,9585,False
2023-12-12 00:00:00+00:00,27.9,28.72,27.86,28.72,1477362.0,28.405,9071,False
2023-12-13 00:00:00+00:00,28.84,29.08,28.47,28.99,2023788.0,28.835,12308,False
2023-12-14 00:00:00+00:00,29.0,29.39,28.29,28.94,2565114.0,28.791,16166,False
2023-12-15 00:00:00+00:00,29.03,29.71,28.87,29.62,2309466.0,29.382,13277,False
2023-12-18 00:00:00+00:00,29.76,30.05,29.5,29.94,1797859.0,29.864,11212,False
2023-12-19 00:00:00+00:00,30.0,30.31,29.7,30.11,1737771.0,30.047,9311,False
2023-12-20 00:00:00+00:00,29.97,30.5,29.77,29.79,1360743.0,30.201,7962,False
2023-12-21 00:00:00+00:00,30.02,30.13,29.67,29.99,927208.0,29.885,6561,False
2023-12-22 00:00:00+00:00,30.05,30.24,30.01,30.15,685600.0,30.142,4785,False
2023-12-26 00:00:00+00:00,30.25,30.44,30.14,30.44,742369.0,30.344,4994,False
2023-12-27 00:00:00+00:00,30.15,30.41,30.05,30.06,1228352.0,30.199,6802,False
2023-12-28 00:00:00+00:00,30.05,30.1,29.67,29.72,1247510.0,29.811,8215,False
2023-12-29 00:00:00+00:00,29.7,29.87,29.42,29.48,1011710.0,29.548,6934,False
2024-01-02 00:00:00+00:00,29.21,29.31,28.68,28.8,1357020.0,28.888,9818,False
2024-01-03 00:00:00+00:00,28.48,29.06,28.37,29.01,2081209.0,28.844,12969,False
2024-01-04 00:00:00+00:00,28.95,29.22,28.52,28.6,1280274.0,28.77,8663,False
2024-01-05 00:00:00+00:00,28.63,29.37,28.63,29.16,1633189.0,29.119,10735,False
2024-01-08 00:00:00+00:00,29.2,29.84,29.13,29.83,1310204.0,29.599,8714,False
2024-01-09 00:00:00+00:00,29.56,29.81,29.36,29.67,2132447.0,29.582,12344,False
2024-01-10 00:00:00+00:00,29.06,30.27,29.06,30.21,1231177.0,30.062,7968,False
2024-01-11 00:00:00+00:00,30.22,31.08,30.06,31.06,2379728.0,30.715,15663,False
2024-01-12 00:00:00+00:00,31.22,31.66,31.05,31.57,2491829.0,31.433,15291,False
2024-01-16 00:00:00+00:00,31.16,31.69,30.98,31.33,2298413.0,31.313,13651,False
2024-01-17 00:00:00+00:00,31.12,31.42,30.82,31.03,2078157.0,31.07,12890,False
2024-01-18 00:00:00+00:00,31.15,31.76,31.15,31.64,1382753.0,31.574,9484,False
2024-01-19 00:00:00+00:00,31.86,32.18,31.72,32.17,1727914.0,31.97,10353,False
2024-01-22 00:00:00+00:00,32.45,32.88,32.25,32.72,3784203.0,32.649,20550,False
2024-01-23 00:00:00+00:00,32.66,32.83,32.16,32.32,1492179.0,32.405,10852,False
2024-01-24 00:00:00+00:00,32.5,32.8,32.3,32.4,1500052.0,32.553,9484,False
2024-01-25 00:00:00+00:00,32.64,32.95,32.25,32.38,1621974.0,32.525,8799,False
2024-01-26 00:00:00+00:00,32.27,32.44,32.01,32.1,1128435.0,32.183,7324,False
2024-01-29 00:00:00+00:00,32.15,32.53,32.0,32.45,1158350.0,32.312,8410,False
2024-01-30 00:00:00+00:00,32.51,32.66,32.35,32.54,1580645.0,32.525,9710,False
2024-01-31 00:00:00+00:00,32.35,32.36,31.52,31.68,1494873.0,31.803,10523,False
2024-02-01 00:00:00+00:00,31.79,32.41,31.79,32.27,1444503.0,32.225,9335,False
2024-02-02 00:00:00+00:00,32.12,32.84,32.12,32.47,1586825.0,32.572,11007,False
2024-02-05 00:00:00+00:00,32.5,32.65,32.19,32.49,998075.0,32.41,7465,False
2024-02-06 00:00:00+00:00,32.76,33.27,32.3,32.7,1871447.0,32.706,12090,False
2024-02-07 00:00:00+00:00,32.91,33.3,32.67,32.89,2065600.0,33.026,13079,False
2024-02-08 00:00:00+00:00,33.1,33.28,32.77,32.78,1605163.0,32.992,11346,False
2024-02-09 00:00:00+00:00,32.91,33.43,32.91,33.16,2411761.0,33.228,14694,False
2024-02-12 00:00:00+00:00,33.15,33.27,32.42,32.44,1852923.0,32.72,12998,False
2024-02-13 00:00:00+00:00,31.68,32.48,31.26,32.02,2567426.0,32.073,16092,False
2024-02-14 00:00:00+00:00,32.39,33.25,32.09,32.41,2187591.0,32.325,14266,False
2024-02-15 00:00:00+00:00,32.4,32.69,32.36,32.54,3712535.0,32.545,20856,False
2024-02-16 00:00:00+00:00,27.98,27.98,24.62,25.08,16286683.0,25.952,76368,False
2024-02-20 00:00:00+00:00,24.87,25.14,23.89,24.23,8117936.0,24.217,46179,False
2024-02-21 00:00:00+00:00,23.79,24.47,23.71,23.86,4175182.0,24.003,25825,False
2024-02-22 00:00:00+00:00,24.28,24.46,23.23,23.26,4843913.0,23.478,31544,False
2024-02-23 00:00:00+00:00,23.49,24.1,23.42,24.0,3217871.0,23.899,20489,False
2024-02-26 00:00:00+00:00,24.0,24.13,23.48,23.5,4306223.0,23.708,25837,False
2024-02-27 00:00:00+00:00,23.58,24.14,23.56,23.98,3079492.0,23.954,18813,False
2024-02-28 00:00:00+00:00,23.86,24.38,23.79,23.85,2769227.0,24.06,17535,False
2024-02-29 00:00:00+00:00,24.01,24.15,23.56,23.95,2519979.0,23.854,16029,False
2024-03-01 00:00:00+00:00,24.02,24.25,23.76,24.14,2607920.0,24.089,16859,False
2024-03-04 00:00:00+00:00,24.29,24.62,24.06,24.1,3037399.0,24.319,18496,False
2024-03-05 00:00:00+00:00,23.91,24.19,23.68,23.9,3278004.0,23.87,22738,False
2024-03-06 00:00:00+00:00,24.22,24.31,23.62,23.8,2820405.0,23.84,19030,False
2024-03-07 00:00:00+00:00,23.95,24.21,23.51,24.15,2927311.0,23.939,19127,False
2024-03-08 00:00:00+00:00,24.15,24.68,24.02,24.02,2706812.0,24.262,17713,False
2024-03-11 00:00:00+00:00,23.91,23.96,23.45,23.5,4290153.0,23.583,28740,False
2024-03-12 00:00:00+00:00,23.61,24.07,23.49,23.84,2823452.0,23.915,19641,False
2024-03-13 00:00:00+00:00,23.91,24.09,23.8,24.03,2314786.0,23.956,16248,False
2024-03-14 00:00:00+00:00,23.98,24.26,23.83,24.2,2706937.0,24.098,17667,False
2024-03-15 00:00:00+00:00,23.97,24.17,23.81,23.82,3022158.0,24.0,18173,False
2024-03-18 00:00:00+00:00,24.07,24.24,23.79,23.97,2114939.0,24.094,14019,False
2024-03-19 00:00:00+00:00,23.94,24.55,23.92,24.53,2952446.0,24.402,16984,False
2024-03-20 00:00:00+00:00,24.53,24.66,24.32,24.46,2772776.0,24.488,18574,False
2024-03-21 00:00:00+00:00,24.61,24.74,24.32,24.4,2234373.0,24.452,15707,False
2024-03-22 00:00:00+00:00,24.16,24.44,24.07,24.35,2830689.0,24.279,15398,False
2024-03-25 00:00:00+00:00,24.27,24.42,24.2,24.27,1753349.0,24.303,11518,False
2024-03-26 00:00:00+00:00,24.27,24.67,24.27,24.45,2012003.0,24.487,12370,False
2024-03-27 00:00:00+00:00,24.51,24.61,24.18,24.44,2288397.0,24.359,15591,False
2024-03-28 00:00:00+00:00,24.37,24.63,24.08,24.3,2000111.0,24.283,13425,False
2024-04-01 00:00:00+00:00,24.42,24.42,24.17,24.31,1616622.0,24.296,10488,False
2024-04-02 00:00:00+00:00,24.01,24.22,23.81,23.9,1939276.0,23.937,13099,False
2024-04-03 00:00:00+00:00,23.82,23.91,23.47,23.48,1897496.0,23.612,12144,False
2024-04-04 00:00:00+00:00,23.57,23.75,23.21,23.23,2913746.0,23.492,17412,False
2024-04-05 00:00:00+00:00,23.25,23.46,23.15,23.27,1889255.0,23.294,13293,False
2024-04-08 00:00:00+00:00,23.27,23.54,23.26,23.28,1609363.0,23.354,10318,False
2024-04-09 00:00:00+00:00,23.27,23.38,23.05,23.32,2397765.0,23.238,14963,False
2024-04-10 00:00:00+00:00,23.0,23.39,22.97,23.36,1676350.0,23.259,11339,False
2024-04-11 00:00:00+00:00,23.54,23.64,23.31,23.49,1509131.0,23.475,10958,False
2024-04-12 00:00:00+00:00,23.33,23.34,22.95,22.99,1804633.0,23.131,12070,False
2024-04-15 00:00:00+00:00,23.09,23.44,22.88,22.92,2055301.0,23.116,14781,False
2024-04-16 00:00:00+00:00,22.92,23.08,22.72,22.94,1642384.0,22.929,11255,False
2024-04-17 00:00:00+00:00,23.02,23.32,22.8,22.8,1721320.0,22.937,11603,False
2024-04-18 00:00:00+00:00,22.86,22.97,22.64,22.76,2395524.0,22.799,15604,False
2024-04-19 00:00:00+00:00,22.91,23.19,22.66,22.98,1914276.0,22.983,13357,False
2024-04-22 00:00:00+00:00,23.18,23.35,23.03,23.31,1732792.0,23.232,11822,False
2024-04-23 00:00:00+00:00,23.45,23.69,23.4,23.47,1871618.0,23.526,12894,False
2024-04-24 00:00:00+00:00,23.46,24.03,23.43,24.02,1487607.0,23.794,9859,False
2024-04-25 00:00:00+00:00,23.72,23.98,23.55,23.93,1287779.0,23.831,8970,False
2024-04-26 00:00:00+00:00,24.04,24.27,24.01,24.15,1332966.0,24.118,9319,False
2024-04-29 00:00:00+00:00,24.17,24.43,24.17,24.2,1935752.0,24.275,12536,False
2024-04-30 00:00:00+00:00,24.0,24.05,23.12,23.16,2167648.0,23.527,12607,False
2024-05-01 00:00:00+00:00,23.06,23.84,23.01,23.49,2309361.0,23.413,15427,False
2024-05-02 00:00:00+00:00,23.74,23.77,23.36,23.59,1369751.0,23.495,10246,False
2024-05-03 00:00:00+00:00,23.84,23.86,23.33,23.37,2739230.0,23.475,14749,False
2024-05-06 00:00:00+00:00,23.41,23.59,23.33,23.54,2167300.0,23.513,13688,False
2024-05-07 00:00:00+00:00,23.56,23.8,23.45,23.61,3129595.0,23.642,18577,False
2024-05-08 00:00:00+00:00,23.56,23.64,23.28,23.32,2440907.0,23.377,15806,False
2024-05-09 00:00:00+00:00,23.3,23.38,23.04,23.14,4731813.0,23.158,29398,False
2024-05-10 00:00:00+00:00,23.71,24.17,23.1,23.13,5407620.0,23.525,32247,False
2024-05-13 00:00:00+00:00,23.2,24.02,23.07,23.79,3273275.0,23.724,20362,False
2024-05-14 00:00:00+00:00,23.79,24.32,23.79,24.02,1959509.0,24.064,13763,False
2024-05-15 00:00:00+00:00,24.12,24.16,23.69,23.86,2065765.0,23.839,14188,False
2024-05-16 00:00:00+00:00,23.77,23.97,23.37,23.96,3247631.0,23.709,18163,False
2024-05-17 00:00:00+00:00,23.76,23.97,23.66,23.73,1509063.0,23.755,10194,False
2024-05-20 00:00:00+00:00,23.76,23.9,23.49,23.89,1254139.0,23.712,7758,False
2024-05-21 00:00:00+00:00,23.85,23.9,23.51,23.63,1305730.0,23.603,7461,False
2024-05-22 00:00:00+00:00,23.6,23.61,22.84,22.88,4013057.0,23.046,20239,False
2024-05-23 00:00:00+00:00,22.98,23.18,22.69,23.17,3305287.0,22.957,19442,False
2024-05-24 00:00:00+00:00,23.12,23.19,22.76,22.89,2347920.0,22.867,11626,False
2024-05-28 00:00:00+00:00,22.81,22.99,22.68,22.83,2055236.0,22.776,12169,False
2024-05-29 00:00:00+00:00,22.69,23.32,22.68,23.17,3277481.0,23.144,19497,False
2024-05-30 00:00:00+00:00,22.99,23.14,22.34,22.34,2846995.0,22.485,16668,False
2024-05-31 00:00:00+00:00,22.21,22.6,22.04,22.53,4813726.0,22.42,27450,False
2024-06-03 00:00:00+00:00,22.53,22.75,22.15,22.27,3008135.0,22.367,17240,False
2024-06-04 00:00:00+00:00,22.27,22.43,21.65,21.71,4057658.0,21.871,20782,False
2024-06-05 00:00:00+00:00,21.87,22.0,21.46,21.92,3366954.0,21.736,17006,False
2024-06-06 00:00:00+00:00,21.92,22.0,21.55,21.6,2857330.0,21.797,14539,False
2024-06-07 00:00:00+00:00,21.5,21.6,21.34,21.42,2979124.0,21.458,16751,False
2024-06-10 00:00:00+00:00,21.19,21.4,21.07,21.33,3236978.0,21.267,19920,False
2024-06-11 00:00:00+00:00,21.3,21.54,21.16,21.52,3242689.0,21.363,18069,False
2024-06-12 00:00:00+00:00,21.69,21.96,21.55,21.7,2716905.0,21.702,18061,False
2024-06-13 00:00:00+00:00,21.71,21.74,20.81,20.92,2918661.0,21.019,17106,False
2024-06-14 00:00:00+00:00,20.92,21.27,20.81,21.23,2535681.0,21.084,14207,False
2024-06-17 00:00:00+00:00,21.22,21.22,20.76,20.93,2449581.0,20.956,13653,False
2024-06-18 00:00:00+00:00,20.96,21.03,20.7,20.76,1973635.0,20.837,12052,False
2024-06-20 00:00:00+00:00,20.71,21.13,20.68,20.96,2803606.0,20.93,14876,False
2024-06-21 00:00:00+00:00,20.97,22.15,20.95,22.13,4707702.0,21.754,21778,False
2024-06-24 00:00:00+00:00,22.05,22.14,21.77,21.8,2051728.0,21.896,13259,False
2024-06-25 00:00:00+00:00,21.78,22.05,21.54,21.94,2849760.0,21.864,14303,False
2024-06-26 00:00:00+00:00,21.92,21.92,21.68,21.82,1951452.0,21.789,10637,False
2024-06-27 00:00:00+00:00,21.74,22.56,21.7,22.42,2328911.0,22.294,13096,False
2024-06-28 00:00:00+00:00,22.47,22.53,22.13,22.47,2042610.0,22.341,12276,False
2024-07-01 00:00:00+00:00,22.42,22.59,22.16,22.53,1507372.0,22.405,8469,False
2024-07-02 00:00:00+00:00,22.59,22.7,22.33,22.6,1395108.0,22.57,9151,False
2024-07-03 00:00:00+00:00,22.56,22.7,22.52,22.63,846011.0,22.592,4963,False
2024-07-05 00:00:00+00:00,22.51,22.66,22.26,22.33,1558740.0,22.4,9920,False
2024-07-08 00:00:00+00:00,22.4,22.48,22.16,22.24,1533142.0,22.279,8954,False
2024-07-09 00:00:00+00:00,22.21,22.25,21.86,22.02,1438417.0,22.061,9149,False
2024-07-10 00:00:00+00:00,22.01,22.2,21.57,21.87,1482412.0,21.791,8355,False
2024-07-11 00:00:00+00:00,22.12,22.46,22.04,22.32,2056622.0,22.251,10177,False
2024-07-12 00:00:00+00:00,22.41,22.81,22.28,22.68,1740420.0,22.568,9586,False
2024-07-15 00:00:00+00:00,22.75,22.98,22.63,22.65,1138019.0,22.758,7430,False
2024-07-16 00:00:00+00:00,22.71,23.2,22.55,23.18,1810574.0,22.931,10433,False
2024-07-17 00:00:00+00:00,22.99,23.38,22.99,23.31,1556390.0,23.237,9639,False
2024-07-18 00:00:00+00:00,23.28,23.7,23.19,23.23,1470786.0,23.389,10026,False
2024-07-19 00:00:00+00:00,23.11,23.29,22.92,23.12,1351893.0,23.089,7875,False
2024-07-22 00:00:00+00:00,23.24,23.31,22.91,23.17,1071782.0,23.176,6861,False
2024-07-23 00:00:00+00:00,23.22,23.7,23.18,23.66,1366746.0,23.581,8425,False
2024-07-24 00:00:00+00:00,23.51,23.72,23.39,23.49,1307129.0,23.526,7796,False
2024-07-25 00:00:00+00:00,23.5,24.19,23.42,24.0,1766964.0,23.945,11043,False
2024-07-26 00:00:00+00:00,24.2,24.29,23.88,24.15,1003799.0,24.153,6698,False
2024-07-29 00:00:00+00:00,24.15,24.27,24.04,24.06,903311.0,24.152,6284,False
2024-07-30 00:00:00+00:00,24.14,24.58,24.07,24.53,1121258.0,24.406,7386,False
2024-07-31 00:00:00+00:00,24.62,24.62,23.78,23.92,2029418.0,24.109,11996,False
2024-08-01 00:00:00+00:00,23.95,24.1,23.12,23.22,1368393.0,23.374,8928,False
2024-08-02 00:00:00+00:00,22.73,22.84,22.34,22.5,2021248.0,22.579,13388,False
2024-08-05 00:00:00+00:00,21.84,22.08,21.41,21.53,2790225.0,21.697,17851,False
2024-08-06 00:00:00+00:00,21.66,21.68,21.32,21.42,1964897.0,21.496,12175,False
2024-08-07 00:00:00+00:00,21.75,22.13,21.56,21.68,1828893.0,21.863,11638,False
2024-08-08 00:00:00+00:00,21.72,22.01,21.59,21.73,2744617.0,21.752,17406,False
2024-08-09 00:00:00+00:00,22.5,23.2,21.89,22.44,3684740.0,22.278,21355,False
2024-08-12 00:00:00+00:00,22.48,22.57,21.82,21.89,1908224.0,21.998,11461,False
2024-08-13 00:00:00+00:00,21.92,22.74,21.84,22.48,2440497.0,22.499,12863,False
2024-08-14 00:00:00+00:00,22.44,22.61,22.32,22.46,1681192.0,22.456,9603,False
2024-08-15 00:00:00+00:00,22.68,22.9,22.6,22.8,1834653.0,22.793,10743,False
2024-08-16 00:00:00+00:00,22.54,23.04,22.43,22.87,2926367.0,22.851,13294,False
2024-08-19 00:00:00+00:00,22.94,23.62,22.91,23.61,2138656.0,23.433,10888,False
2024-08-20 00:00:00+00:00,23.54,23.86,23.45,23.72,1751856.0,23.663,9672,False
2024-08-21 00:00:00+00:00,23.75,24.35,23.6,24.33,2177581.0,24.121,11862,False
2024-08-22 00:00:00+00:00,24.3,24.61,23.91,23.93,2147451.0,24.161,11585,False
2024-08-23 00:00:00+00:00,24.18,24.39,24.07,24.33,1729510.0,24.266,9255,False
2024-08-26 00:00:00+00:00,24.29,24.53,24.19,24.28,1497845.0,24.352,7887,False
2024-08-27 00:00:00+00:00,24.07,24.52,24.07,24.44,1351361.0,24.386,7599,False
2024-08-28 00:00:00+00:00,24.35,24.55,24.02,24.38,1493995.0,24.341,8359,False
2024-08-29 00:00:00+00:00,24.52,25.22,24.44,25.08,2297448.0,25.011,12222,False
2024-08-30 00:00:00+00:00,25.11,25.3,24.98,25.14,2029513.0,25.164,11672,False
2024-09-03 00:00:00+00:00,25.01,25.02,23.91,24.0,2860431.0,24.193,16418,False
2024-09-04 00:00:00+00:00,23.86,24.09,23.73,23.77,2096672.0,23.881,12299,False
2024-09-05 00:00:00+00:00,23.72,23.81,23.55,23.64,1674843.0,23.682,10164,False
2024-09-06 00:00:00+00:00,23.61,23.92,23.09,23.1,1977376.0,23.324,11729,False
2024-09-09 00:00:00+00:00,23.05,23.45,22.72,23.14,1834436.0,23.158,10952,False
2024-09-10 00:00:00+00:00,23.28,23.71,23.25,23.38,1783147.0,23.5,11498,False
2024-09-11 00:00:00+00:00,23.38,24.18,23.33,24.15,1825138.0,23.884,10483,False
2024-09-12 00:00:00+00:00,24.25,24.37,24.08,24.27,1292651.0,24.232,6563,False
2024-09-13 00:00:00+00:00,24.35,24.92,24.3,24.59,1667733.0,24.653,9613,False
2024-09-16 00:00:00+00:00,24.59,25.03,24.56,24.88,1524959.0,24.761,8228,False
2024-09-17 00:00:00+00:00,24.99,25.01,24.52,24.63,1360330.0,24.664,7975,False
2024-09-18 00:00:00+00:00,24.55,24.88,24.42,24.49,1257184.0,24.614,8159,False
2024-09-19 00:00:00+00:00,24.95,25.0,24.24,24.47,2669099.0,24.503,13592,False
2024-09-20 00:00:00+00:00,24.38,24.81,24.35,24.7,1559349.0,24.664,7277,False
2024-09-23 00:00:00+00:00,24.82,24.88,24.59,24.79,894618.0,24.793,5540,False
2024-09-24 00:00:00+00:00,24.82,25.01,24.77,24.93,1929343.0,24.952,7408,False
2024-09-25 00:00:00+00:00,24.89,25.12,24.72,24.82,1155566.0,24.889,6999,False
2024-09-26 00:00:00+00:00,25.0,25.07,24.76,24.98,1332379.0,24.919,7094,False
2024-09-27 00:00:00+00:00,25.0,25.44,24.95,25.31,1459270.0,25.261,8278,False
2024-09-30 00:00:00+00:00,25.18,25.57,25.12,25.43,1902135.0,25.44,9550,False
2024-10-01 00:00:00+00:00,25.48,25.48,25.0,25.05,1673517.0,25.142,9758,False
2024-10-02 00:00:00+00:00,25.08,25.56,25.05,25.12,1512756.0,25.255,9061,False
2024-10-03 00:00:00+00:00,25.02,25.56,25.02,25.53,1289144.0,25.397,7417,False
2024-10-04 00:00:00+00:00,25.81,25.9,25.28,25.37,2165341.0,25.437,12016,False
2024-10-07 00:00:00+00:00,25.37,25.79,25.27,25.28,1382772.0,25.428,7996,False
2024-10-08 00:00:00+00:00,25.3,25.58,25.16,25.48,1271570.0,25.445,6610,False
2024-10-09 00:00:00+00:00,25.48,25.84,25.42,25.81,1312625.0,25.739,7509,False
2024-10-10 00:00:00+00:00,25.76,25.99,25.7,25.9,1338801.0,25.888,7901,False
2024-10-11 00:00:00+00:00,25.87,26.04,25.78,25.9,942142.0,25.926,5515,False
2024-10-14 00:00:00+00:00,26.04,26.17,25.62,25.94,1222224.0,25.91,6982,False
2024-10-15 00:00:00+00:00,25.96,26.32,25.74,26.27,1712754.0,26.184,10058,False
2024-10-16 00:00:00+00:00,26.27,26.36,26.09,26.14,884617.0,26.2,5007,False
2024-10-17 00:00:00+00:00,26.22,26.43,26.08,26.37,1033527.0,26.3,5568,False
2024-10-18 00:00:00+00:00,26.44,26.54,26.32,26.47,1509111.0,26.448,7068,False
2024-10-21 00:00:00+00:00,26.43,26.83,26.43,26.67,1415845.0,26.693,7785,False
2024-10-22 00:00:00+00:00,26.63,26.75,26.22,26.28,1226322.0,26.384,7708,False
2024-10-23 00:00:00+00:00,26.24,26.32,25.73,25.79,1546067.0,25.964,9567,False
2024-10-24 00:00:00+00:00,25.94,26.13,25.79,25.79,1163300.0,25.92,7592,False
2024-10-25 00:00:00+00:00,25.94,26.2,25.85,26.0,1858211.0,26.045,10167,False
2024-10-28 00:00:00+00:00,26.16,26.28,25.13,25.15,2472477.0,25.479,13736,False
2024-10-29 00:00:00+00:00,25.1,25.9,25.09,25.82,1720385.0,25.697,12029,False
2024-10-30 00:00:00+00:00,25.77,27.09,25.73,26.17,2373959.0,26.499,15199,False
2024-10-31 00:00:00+00:00,26.03,26.36,25.83,25.85,1396012.0,26.022,8683,False
2024-11-01 00:00:00+00:00,25.93,26.41,25.91,25.98,1259942.0,26.103,8784,False
2024-11-04 00:00:00+00:00,26.06,26.37,25.87,26.23,1467843.0,26.236,9858,False
2024-11-05 00:00:00+00:00,26.39,26.77,26.21,26.66,1978110.0,26.584,8868,False
2024-11-06 00:00:00+00:00,27.22,27.92,27.17,27.9,2646006.0,27.669,16601,False
2024-11-07 00:00:00+00:00,27.74,27.99,27.57,27.88,2482131.0,27.787,15940,False
2024-11-08 00:00:00+00:00,27.05,27.22,25.23,27.04,5177249.0,26.308,29449,False
2024-11-11 00:00:00+00:00,27.2,28.2,27.12,28.17,2360535.0,27.956,14431,False
2024-11-12 00:00:00+00:00,28.0,28.17,27.58,27.93,1844472.0,27.954,11852,False
2024-11-13 00:00:00+00:00,27.93,28.27,27.78,27.91,1163627.0,28.017,7317,False
2024-11-14 00:00:00+00:00,27.88,27.96,27.21,27.67,1831047.0,27.677,11924,False
2024-11-15 00:00:00+00:00,27.67,27.67,26.96,27.06,1449070.0,27.152,9144,False
2024-11-18 00:00:00+00:00,27.03,27.08,26.13,26.38,2232265.0,26.472,11786,False
2024-11-19 00:00:00+00:00,26.07,27.02,26.07,26.67,2042295.0,26.75,11532,False
2024-11-20 00:00:00+00:00,26.6,26.93,26.54,26.89,1214823.0,26.73,8275,False
2024-11-21 00:00:00+00:00,27.0,27.67,26.91,27.64,1574351.0,27.416,9286,False
2024-11-22 00:00:00+00:00,27.64,28.17,27.61,27.99,1568542.0,27.966,8290,False
2024-11-25 00:00:00+00:00,28.23,28.64,28.2,28.52,1591204.0,28.465,8851,False
2024-11-26 00:00:00+00:00,28.46,28.59,28.14,28.37,1099227.0,28.384,7559,False
2024-11-27 00:00:00+00:00,28.42,28.45,27.92,28.0,727240.0,28.051,4904,False
2024-11-29 00:00:00+00:00,28.19,28.29,27.63,27.66,734969.0,27.824,4201,False
2024-12-02 00:00:00+00:00,27.65,28.43,27.57,28.37,1395864.0,28.222,8223,False
2024-12-03 00:00:00+00:00,28.18,28.77,28.18,28.73,1898899.0,28.627,10083,False
2024-12-04 00:00:00+00:00,28.92,29.1,28.51,28.68,971223.0,28.752,6091,False
2024-12-05 00:00:00+00:00,28.62,28.89,28.58,28.73,1159050.0,28.766,6804,False
2024-12-06 00:00:00+00:00,28.99,29.13,28.75,29.06,1131140.0,28.974,7135,False
2024-12-09 00:00:00+00:00,29.0,29.49,28.84,28.87,1392929.0,29.068,8192,False
2024-12-10 00:00:00+00:00,28.79,29.16,28.48,28.55,1663794.0,28.794,10940,False
2024-12-11 00:00:00+00:00,29.81,30.2,29.12,30.04,2740275.0,29.778,15812,False
2024-12-12 00:00:00+00:00,29.84,30.53,29.8,30.45,2421630.0,30.246,15265,False
2024-12-13 00:00:00+00:00,30.4,30.71,29.7,29.77,2431055.0,30.003,14987,False
2024-12-16 00:00:00+00:00,29.64,30.81,29.62,30.45,2354678.0,30.532,14471,False
2024-12-17 00:00:00+00:00,30.63,30.99,30.4,30.8,1835842.0,30.737,12164,False
2024-12-18 00:00:00+00:00,30.73,30.87,29.32,29.34,2490484.0,29.959,17372,False
2024-12-19 00:00:00+00:00,29.8,30.21,29.75,29.79,1709868.0,29.963,11266,False
2024-12-20 00:00:00+00:00,29.66,30.56,29.55,30.25,2220208.0,30.324,13456,False
2024-12-23 00:00:00+00:00,30.25,30.63,30.03,30.41,1369703.0,30.306,9785,False
2024-12-24 00:00:00+00:00,30.42,30.8,30.32,30.76,843140.0,30.686,5742,False
2024-12-26 00:00:00+00:00,30.72,30.9,30.57,30.75,1067433.0,30.801,6833,False
2024-12-27 00:00:00+00:00,30.73,30.86,30.24,30.52,1299704.0,30.44,8952,False
2024-12-30 00:00:00+00:00,30.17,30.55,30.01,30.25,1486697.0,30.362,9328,False
2024-12-31 00:00:00+00:00,30.3,30.32,29.82,30.04,1342191.0,30.068,9169,False
2025-01-02 00:00:00+00:00,30.35,30.35,29.4,29.56,1978384.0,29.672,12975,False
2025-01-03 00:00:00+00:00,29.61,30.01,29.61,30.0,1117758.0,29.88,7008,False
2025-01-06 00:00:00+00:00,30.09,30.32,29.97,30.07,2082819.0,30.12,10864,False
2025-01-07 00:00:00+00:00,30.09,30.21,29.35,29.58,2654823.0,29.558,13561,False
2025-01-08 00:00:00+00:00,29.39,29.85,29.29,29.74,1298351.0,29.612,8440,False
2025-01-10 00:00:00+00:00,29.41,29.77,29.38,29.41,1236110.0,29.55,8188,False
2025-01-13 00:00:00+00:00,29.28,29.72,29.01,29.61,975920.0,29.542,5997,False
2025-01-14 00:00:00+00:00,29.73,30.1,29.62,30.09,1721155.0,29.898,11441,False
2025-01-15 00:00:00+00:00,30.45,30.56,30.24,30.4,1281396.0,30.379,8449,False
2025-01-16 00:00:00+00:00,30.38,30.68,30.36,30.42,910316.0,30.504,5792,False
2025-01-17 00:00:00+00:00,30.74,30.74,30.38,30.59,881760.0,30.543,5037,False
2025-01-21 00:00:00+00:00,30.71,31.13,30.67,31.11,1515732.0,30.969,10076,False
2025-01-22 00:00:00+00:00,31.06,31.3,31.0,31.19,1117615.0,31.121,7596,False
2025-01-23 00:00:00+00:00,31.17,31.31,30.99,31.12,1251714.0,31.091,7580,False
2025-01-24 00:00:00+00:00,31.19,31.61,31.14,31.48,1587840.0,31.42,8403,False
2025-01-27 00:00:00+00:00,31.1,32.33,31.0,32.0,1967853.0,31.953,12301,False
2025-01-28 00:00:00+00:00,32.02,33.33,31.88,32.68,2866778.0,32.718,14190,False
2025-01-29 00:00:00+00:00,32.68,32.69,32.02,32.4,2103577.0,32.32,11935,False
2025-01-30 00:00:00+00:00,32.42,32.69,31.91,32.13,3462371.0,32.158,17347,False
2025-01-31 00:00:00+00:00,32.29,32.54,31.96,32.15,1706919.0,32.23,12150,False
2025-02-03 00:00:00+00:00,31.56,32.14,31.51,31.95,1544157.0,31.884,10315,False
2025-02-04 00:00:00+00:00,31.97,32.46,31.97,32.38,1268507.0,32.331,8834,False
2025-02-05 00:00:00+00:00,32.33,32.67,32.25,32.63,1436581.0,32.506,7031,False
2025-02-06 00:00:00+00:00,32.67,32.67,32.16,32.2,1363259.0,32.345,8430,False
2025-02-07 00:00:00+00:00,32.25,32.53,31.95,32.04,1737943.0,32.16,11999,False
2025-02-10 00:00:00+00:00,32.19,32.32,31.91,31.98,2440788.0,32.021,10480,False
2025-02-11 00:00:00+00:00,31.87,32.19,31.76,31.85,1199720.0,31.902,7070,False
2025-02-12 00:00:00+00:00,31.53,31.95,31.36,31.9,1090858.0,31.757,7528,False
2025-02-13 00:00:00+00:00,32.0,32.52,31.71,32.49,1988096.0,32.194,12005,False
2025-02-14 00:00:00+00:00,32.52,32.85,32.31,32.78,902640.0,32.66,6244,False
2025-02-18 00:00:00+00:00,32.99,33.27,32.75,33.27,2183354.0,33.076,13497,False
2025-02-19 00:00:00+00:00,33.15,33.2,32.59,32.67,2885845.0,32.817,15104,False
2025-02-20 00:00:00+00:00,32.52,32.55,31.49,31.88,3733900.0,31.783,23363,False
2025-02-21 00:00:00+00:00,29.3,30.1,26.56,26.73,12092966.0,27.44,63789,False
2025-02-24 00:00:00+00:00,26.43,27.3,26.2,26.26,5601777.0,26.577,33078,False
2025-02-25 00:00:00+00:00,26.24,26.92,25.93,26.42,5615627.0,26.612,35076,False
2025-02-26 00:00:00+00:00,26.72,27.27,26.51,26.59,3004781.0,26.855,20495,False
2025-02-27 00:00:00+00:00,26.83,26.88,25.89,25.95,2436257.0,26.26,16372,False
2025-02-28 00:00:00+00:00,26.01,26.2,25.58,25.98,2212308.0,25.867,16255,False
2025-03-03 00:00:00+00:00,26.27,26.36,25.74,25.9,2391599.0,25.999,15697,False
2025-03-04 00:00:00+00:00,25.65,26.56,25.62,26.32,2513651.0,26.209,17609,False
2025-03-05 00:00:00+00:00,26.35,26.65,26.07,26.32,2422785.0,26.364,16937,False
2025-03-06 00:00:00+00:00,26.07,26.31,25.61,25.63,2607274.0,25.916,18517,False
2025-03-07 00:00:00+00:00,25.58,26.44,25.38,26.42,2620024.0,26.035,18708,False
2025-03-10 00:00:00+00:00,25.96,26.15,25.41,25.6,2807830.0,25.768,19955,False
2025-03-11 00:00:00+00:00,25.57,25.95,25.14,25.28,2609335.0,25.48,17930,False
2025-03-12 00:00:00+00:00,25.76,25.79,25.2,25.25,2027119.0,25.383,14257,False
2025-03-13 00:00:00+00:00,25.26,25.26,24.46,24.55,2766345.0,24.716,18324,False
2025-03-14 00:00:00+00:00,24.93,25.64,24.75,25.62,2035344.0,25.322,12882,False
2025-03-17 00:00:00+00:00,25.55,26.41,25.33,26.28,2262304.0,26.131,15468,False
2025-03-18 00:00:00+00:00,26.07,26.52,26.0,26.39,3271871.0,26.336,19381,False
2025-03-19 00:00:00+00:00,26.53,27.02,26.42,26.75,1764375.0,26.697,12333,False
2025-03-20 00:00:00+00:00,26.61,26.86,26.33,26.37,2556242.0,26.536,17070,False
2025-03-21 00:00:00+00:00,26.11,26.65,26.0,26.5,3284383.0,26.443,18011,False
2025-03-24 00:00:00+00:00,26.85,27.22,26.66,27.13,2264284.0,26.977,15227,False
2025-03-25 00:00:00+00:00,27.16,27.67,27.16,27.24,4311260.0,27.414,20588,False
2025-03-26 00:00:00+00:00,27.2,27.22,26.48,26.83,2773225.0,26.817,17759,False
2025-03-27 00:00:00+00:00,26.8,27.02,26.53,26.94,1819569.0,26.896,12367,False
2025-03-28 00:00:00+00:00,26.89,27.05,26.36,26.56,1757796.0,26.563,12552,False
2025-03-31 00:00:00+00:00,26.25,26.76,25.88,26.71,1844675.0,26.42,13455,False
2025-04-01 00:00:00+00:00,26.57,27.24,26.46,27.18,2751165.0,26.995,17607,False
2025-04-02 00:00:00+00:00,26.9,27.57,26.76,27.47,1865650.0,27.376,11749,False
2025-04-03 00:00:00+00:00,26.3,26.99,26.03,26.83,2838076.0,26.657,21731,False
2025-04-04 00:00:00+00:00,25.81,26.36,25.19,25.45,3543542.0,25.728,25467,False
2025-04-07 00:00:00+00:00,24.77,26.32,24.42,25.46,3232152.0,25.425,23351,False
2025-04-08 00:00:00+00:00,26.29,26.64,25.07,25.42,2850576.0,25.873,21884,False
2025-04-09 00:00:00+00:00,25.15,27.91,25.15,27.77,4613174.0,27.056,32518,False
2025-04-10 00:00:00+00:00,27.43,27.47,26.09,27.08,2521841.0,26.861,20373,False
2025-04-11 00:00:00+00:00,26.63,27.3,26.19,27.08,2765224.0,26.86,20621,False
2025-04-14 00:00:00+00:00,27.49,27.55,26.44,26.74,1687073.0,26.817,13155,False
2025-04-15 00:00:00+00:00,26.82,27.06,26.07,26.93,1339509.0,26.944,9041,False
2025-04-16 00:00:00+00:00,26.62,27.3,26.49,26.83,1990549.0,26.884,14589,False
2025-04-17 00:00:00+00:00,26.92,27.16,26.77,27.11,1425694.0,27.023,10616,False
2025-04-21 00:00:00+00:00,26.98,27.08,26.52,26.67,2013782.0,26.707,13746,False
2025-04-22 00:00:00+00:00,26.88,27.45,26.63,27.38,2570508.0,27.177,17198,False
2025-04-23 00:00:00+00:00,27.89,28.16,27.09,27.49,2549746.0,27.548,18920,False
2025-04-24 00:00:00+00:00,27.6,28.39,27.44,28.36,2358192.0,28.035,14057,False
2025-04-25 00:00:00+00:00,28.33,28.7,28.21,28.58,1241578.0,28.511,8209,False
2025-04-28 00:00:00+00:00,28.59,28.85,28.18,28.41,1227749.0,28.441,8313,False
2025-04-29 00:00:00+00:00,28.33,28.8,28.23,28.67,1154802.0,28.659,7985,False
2025-04-30 00:00:00+00:00,28.11,28.61,28.03,28.55,1884943.0,28.34,12958,False
2025-05-01 00:00:00+00:00,28.82,29.18,28.51,28.84,1961676.0,28.913,11301,False
2025-05-02 00:00:00+00:00,29.14,29.2,28.61,28.61,2827598.0,28.842,15176,False
2025-05-05 00:00:00+00:00,28.37,29.27,28.31,28.98,2230919.0,28.972,13468,False
2025-05-06 00:00:00+00:00,28.66,29.2,28.64,28.81,1949246.0,28.935,11705,False
2025-05-07 00:00:00+00:00,28.82,29.43,28.82,29.41,2096446.0,29.203,12755,False
2025-05-08 00:00:00+00:00,29.5,29.94,29.32,29.69,2851578.0,29.668,18720,False
2025-05-09 00:00:00+00:00,30.27,30.4,29.32,29.46,3098993.0,29.633,21199,False
2025-05-12 00:00:00+00:00,30.0,30.27,29.04,29.29,2789147.0,29.38,16975,False
2025-05-13 00:00:00+00:00,29.44,29.93,29.33,29.7,2503217.0,29.737,15314,False
2025-05-14 00:00:00+00:00,29.59,29.9,29.43,29.61,2052326.0,29.625,12587,False
2025-05-15 00:00:00+00:00,29.53,29.66,29.31,29.46,1905140.0,29.482,12835,False
2025-05-16 00:00:00+00:00,29.28,29.43,28.74,28.91,4239483.0,28.955,23464,False
2025-05-19 00:00:00+00:00,28.59,28.8,28.46,28.7,2211275.0,28.599,12514,False
2025-05-20 00:00:00+00:00,28.56,28.78,28.48,28.67,1481125.0,28.622,9706,False
2025-05-21 00:00:00+00:00,28.46,29.06,28.44,28.59,1883489.0,28.717,12158,False
2025-05-22 00:00:00+00:00,28.59,28.87,28.44,28.74,1506247.0,28.763,10241,False
2025-05-23 00:00:00+00:00,28.44,28.85,28.41,28.59,1274846.0,28.672,9382,False
2025-05-27 00:00:00+00:00,28.89,28.89,28.15,28.41,2137354.0,28.386,15094,False
2025-05-28 00:00:00+00:00,28.41,28.91,28.39,28.66,1594938.0,28.729,10760,False
2025-05-29 00:00:00+00:00,28.67,28.75,28.32,28.67,2170304.0,28.541,15137,False
2025-05-30 00:00:00+00:00,28.77,28.95,28.49,28.86,1163830.0,28.736,8333,False
2025-06-02 00:00:00+00:00,28.81,29.26,28.79,29.12,1465584.0,29.074,8780,False
2025-06-03 00:00:00+00:00,29.12,29.56,28.89,29.53,2132268.0,29.261,13689,False
2025-06-04 00:00:00+00:00,29.45,29.64,29.1,29.2,1902163.0,29.266,11643,False
2025-06-05 00:00:00+00:00,29.34,29.78,29.26,29.51,1930138.0,29.517,12171,False
2025-06-06 00:00:00+00:00,29.7,29.81,29.35,29.47,1644836.0,29.507,11058,False
2025-06-09 00:00:00+00:00,29.47,29.62,29.29,29.47,2244538.0,29.478,14476,False
2025-06-10 00:00:00+00:00,29.45,29.62,28.87,28.94,1682865.0,29.159,10720,False
2025-06-11 00:00:00+00:00,28.89,28.89,28.06,28.37,1918065.0,28.448,12778,False
2025-06-12 00:00:00+00:00,28.32,28.49,27.93,28.05,2624696.0,28.088,11074,False
2025-06-13 00:00:00+00:00,27.75,28.33,27.68,28.09,1839792.0,28.095,11289,False
2025-06-16 00:00:00+00:00,28.16,28.7,28.09,28.65,1866539.0,28.491,12842,False
2025-06-17 00:00:00+00:00,28.49,29.03,28.34,28.95,1901932.0,28.799,11482,False
2025-06-18 00:00:00+00:00,29.07,29.1,28.2,28.32,1663893.0,28.521,11756,False
2025-06-20 00:00:00+00:00,28.4,28.75,28.24,28.7,1887624.0,28.515,11123,False
2025-06-23 00:00:00+00:00,28.62,28.78,28.31,28.72,1472081.0,28.63,9599,False
2025-06-24 00:00:00+00:00,28.96,29.04,28.52,28.84,1842501.0,28.898,10608,False
2025-06-25 00:00:00+00:00,28.76,29.08,28.48,28.54,1524252.0,28.667,10318,False
2025-06-26 00:00:00+00:00,28.65,28.65,27.84,27.99,2185746.0,28.138,13696,False
2025-06-27 00:00:00+00:00,28.08,28.15,27.66,28.12,2418947.0,27.998,13454,False
2025-06-30 00:00:00+00:00,28.44,28.7,28.17,28.6,2141015.0,28.497,13413,False
2025-07-01 00:00:00+00:00,28.43,28.44,27.66,27.7,3028960.0,27.873,19513,False
2025-07-02 00:00:00+00:00,27.52,27.77,27.28,27.55,2719000.0,27.528,14884,False
2025-07-03 00:00:00+00:00,27.54,28.23,27.42,28.0,1511206.0,27.993,9671,False
2025-07-07 00:00:00+00:00,27.91,27.94,27.29,27.41,2164396.0,27.546,13720,False
2025-07-08 00:00:00+00:00,27.43,27.65,27.22,27.36,2003749.0,27.441,12307,False
2025-07-09 00:00:00+00:00,27.37,27.75,27.26,27.68,1889997.0,27.607,12106,False
2025-07-10 00:00:00+00:00,27.62,27.76,27.2,27.32,2299497.0,27.476,15266,False
2025-07-11 00:00:00+00:00,27.25,27.37,26.52,26.61,1662515.0,26.809,11149,False
2025-07-14 00:00:00+00:00,26.65,27.27,26.65,27.09,2192832.0,27.072,14099,False
2025-07-15 00:00:00+00:00,27.05,27.16,26.53,26.58,2851342.0,26.741,16346,False
2025-07-16 00:00:00+00:00,26.72,26.87,26.4,26.78,4422414.0,26.624,21168,False
2025-07-17 00:00:00+00:00,26.84,26.98,26.69,26.93,1827194.0,26.868,11426,False
2025-07-18 00:00:00+00:00,27.0,27.08,26.69,27.05,1058203.0,26.998,7691,False
2025-07-21 00:00:00+00:00,27.06,27.38,27.06,27.22,1266598.0,27.233,8674,False
2025-07-22 00:00:00+00:00,27.23,27.91,27.15,27.88,1606028.0,27.643,11597,False
2025-07-23 00:00:00+00:00,27.93,28.16,27.63,28.15,1355126.0,27.994,9096,False
2025-07-24 00:00:00+00:00,28.02,28.11,27.87,27.91,1638745.0,28.004,10424,False
2025-07-25 00:00:00+00:00,27.93,28.06,27.69,27.77,1716435.0,27.877,10638,False
2025-07-28 00:00:00+00:00,27.86,28.18,27.8,28.1,1232762.0,28.067,7769,False
2025-07-29 00:00:00+00:00,28.28,28.44,27.76,27.94,2052442.0,27.967,11074,False
2025-07-30 00:00:00+00:00,27.83,27.93,27.35,27.55,2068740.0,27.62,13846,False
2025-07-31 00:00:00+00:00,27.6,27.63,27.14,27.17,1426018.0,27.399,10820,False
2025-08-01 00:00:00+00:00,27.08,27.11,26.33,26.46,3073136.0,26.559,19156,False
2025-08-04 00:00:00+00:00,26.65,26.87,26.56,26.68,1241520.0,26.674,8822,False
2025-08-05 00:00:00+00:00,26.64,26.71,26.11,26.13,2175059.0,26.303,14365,False
2025-08-06 00:00:00+00:00,26.23,26.63,26.18,26.51,2397189.0,26.427,14728,False
2025-08-07 00:00:00+00:00,26.65,26.79,25.75,26.2,3226877.0,26.123,18800,False
2025-08-08 00:00:00+00:00,27.33,27.89,26.54,26.91,5047157.0,27.091,34266,False
2025-08-11 00:00:00+00:00,26.91,27.44,26.73,26.87,2137672.0,27.03,13916,False
2025-08-12 00:00:00+00:00,26.88,27.4,26.75,27.33,1348870.0,27.227,9163,False
2025-08-13 00:00:00+00:00,27.44,28.15,27.31,28.13,2351841.0,27.892,14152,False
2025-08-14 00:00:00+00:00,27.95,28.11,27.7,27.73,1578951.0,27.808,10306,False
2025-08-15 00:00:00+00:00,27.85,28.19,27.75,27.82,1689375.0,27.94,11265,False
2025-08-18 00:00:00+00:00,27.61,27.91,27.01,27.9,4126808.0,27.451,23940,False
2025-08-19 00:00:00+00:00,27.9,28.42,27.83,28.29,1877127.0,28.139,10757,False
2025-08-20 00:00:00+00:00,28.3,28.76,28.24,28.42,2480851.0,28.473,15893,False
2025-08-21 00:00:00+00:00,28.21,28.41,28.04,28.32,1349129.0,28.265,8670,False
2025-08-22 00:00:00+00:00,28.48,28.91,28.31,28.82,1547993.0,28.771,10596,False
2025-08-25 00:00:00+00:00,28.77,28.81,28.47,28.48,1313489.0,28.593,9038,False
2025-08-26 00:00:00+00:00,28.45,28.63,28.15,28.24,1663915.0,28.329,11143,False
2025-08-27 00:00:00+00:00,28.33,28.84,28.33,28.82,1348292.0,28.67,9152,False
2025-08-28 00:00:00+00:00,28.89,29.01,28.53,28.93,1947499.0,28.808,12647,False
2025-08-29 00:00:00+00:00,28.97,29.21,28.85,29.06,1381807.0,29.009,8998,False
2025-09-02 00:00:00+00:00,28.64,28.93,28.27,28.48,1869010.0,28.514,12916,False
2025-09-03 00:00:00+00:00,28.48,28.99,28.35,28.97,1218974.0,28.793,8084,False
2025-09-04 00:00:00+00:00,28.92,29.46,28.53,29.43,1826588.0,29.223,10697,False
2025-09-05 00:00:00+00:00,29.43,29.9,29.33,29.87,1296142.0,29.675,8274,False
2025-09-08 00:00:00+00:00,29.89,30.42,29.68,30.34,2122574.0,30.169,12186,False
2025-09-09 00:00:00+00:00,30.65,31.29,30.34,31.2,2112018.0,30.937,12264,False
2025-09-10 00:00:00+00:00,31.09,31.29,30.68,30.71,2515953.0,30.872,15213,False
2025-09-11 00:00:00+00:00,30.78,31.0,30.51,30.91,1214548.0,30.806,7930,False
2025-09-12 00:00:00+00:00,30.86,31.24,30.78,30.91,1379478.0,30.974,8824,False
2025-09-15 00:00:00+00:00,30.87,31.91,30.86,31.87,2027931.0,31.62,9428,False
2025-09-16 00:00:00+00:00,31.87,32.25,31.63,32.17,1881198.0,31.988,11564,False
2025-09-17 00:00:00+00:00,32.37,32.4,31.28,31.68,2892015.0,31.684,19670,False
2025-09-18 00:00:00+00:00,31.21,31.58,30.65,30.79,4081891.0,31.025,19543,False
2025-09-19 00:00:00+00:00,30.77,30.95,30.27,30.61,2462952.0,30.721,14692,False
2025-09-22 00:00:00+00:00,30.61,31.0,30.38,30.91,1340177.0,30.84,9619,False
2025-09-23 00:00:00+00:00,30.93,31.09,30.66,30.76,1614916.0,30.846,11474,False
2025-09-24 00:00:00+00:00,30.99,31.38,30.75,31.36,1489454.0,31.139,9747,False
2025-09-25 00:00:00+00:00,31.31,31.33,30.81,31.24,1195201.0,31.1,8308,False
2025-09-26 00:00:00+00:00,31.21,31.51,31.02,31.43,1636080.0,31.331,10971,False
2025-09-29 00:00:00+00:00,31.5,31.66,30.63,30.65,2002923.0,30.902,13484,False
2025-09-30 00:00:00+00:00,30.71,30.82,30.15,30.21,1564656.0,30.35,10411,False
2025-10-01 00:00:00+00:00,30.02,30.34,29.12,29.52,2432258.0,29.592,15636,False
2025-10-02 00:00:00+00:00,29.47,29.89,29.21,29.85,1522357.0,29.692,10726,False
2025-10-03 00:00:00+00:00,29.72,30.24,29.39,29.41,1382632.0,29.674,10255,False
2025-10-06 00:00:00+00:00,29.42,29.6,28.9,29.34,2147644.0,29.226,12952,False
2025-10-07 00:00:00+00:00,29.48,29.63,28.87,29.11,1391338.0,29.077,9077,False
2025-10-08 00:00:00+00:00,29.22,29.63,29.03,29.56,1323074.0,29.479,9799,False
2025-10-09 00:00:00+00:00,29.55,29.57,29.15,29.17,847133.0,29.298,6212,False
2025-10-10 00:00:00+00:00,29.07,29.16,28.05,28.14,2112540.0,28.436,14241,False
2025-10-13 00:00:00+00:00,28.3,28.71,27.74,28.66,1521111.0,28.457,9167,False
2025-10-14 00:00:00+00:00,28.35,28.72,28.28,28.4,1338843.0,28.513,8216,False
2025-10-15 00:00:00+00:00,28.62,29.0,28.53,28.95,1851206.0,28.86,10223,False
2025-10-16 00:00:00+00:00,29.0,29.25,28.24,28.38,1862826.0,28.542,10954,False
2025-10-17 00:00:00+00:00,28.38,29.18,28.26,29.11,1681070.0,28.985,9819,False
2025-10-20 00:00:00+00:00,29.09,29.39,28.73,29.29,1348052.0,29.193,9532,False
2025-10-21 00:00:00+00:00,29.28,29.9,29.04,29.82,1086833.0,29.695,7313,False
2025-10-22 00:00:00+00:00,29.79,29.89,29.2,29.27,1671036.0,29.386,10500,False
2025-10-23 00:00:00+00:00,29.36,29.52,29.17,29.35,1575639.0,29.367,8691,False
2025-10-24 00:00:00+00:00,29.55,29.72,29.2,29.36,1586721.0,29.351,9295,False
2025-10-27 00:00:00+00:00,29.51,29.68,29.09,29.11,1383546.0,29.233,9522,False
2025-10-28 00:00:00+00:00,29.23,29.31,28.98,29.29,1049465.0,29.21,7243,False
2025-10-29 00:00:00+00:00,29.23,29.26,28.31,28.4,2491158.0,28.592,14309,False
2025-10-30 00:00:00+00:00,28.4,28.97,28.14,28.76,2205891.0,28.751,14024,False
2025-10-31 00:00:00+00:00,28.63,29.07,28.57,29.0,1723841.0,28.928,11224,False
2025-11-03 00:00:00+00:00,29.03,29.79,28.96,29.7,2211209.0,29.485,15421,False
2025-11-04 00:00:00+00:00,29.46,29.55,28.73,28.97,2331217.0,28.982,14993,False
2025-11-05 00:00:00+00:00,29.16,29.34,28.93,29.13,1380783.0,29.102,10342,False
2025-11-06 00:00:00+00:00,29.08,29.28,28.6,28.67,3097754.0,28.862,20400,False
2025-11-07 00:00:00+00:00,30.95,32.0,29.16,30.87,5935683.0,30.85,36799,False
2025-11-10 00:00:00+00:00,31.2,31.56,30.45,30.55,3076383.0,30.966,19840,False
2025-11-11 00:00:00+00:00,30.58,31.36,30.47,31.11,2460516.0,31.048,16238,False
2025-11-12 00:00:00+00:00,31.19,31.39,30.68,30.84,1537601.0,30.872,11298,False
2025-11-13 00:00:00+00:00,30.75,30.99,30.34,30.4,1465779.0,30.644,10492,False
2025-11-14 00:00:00+00:00,30.05,30.5,29.98,30.36,1699168.0,30.268,11872,False
2025-11-17 00:00:00+00:00,30.51,30.59,29.49,29.7,2126417.0,29.852,13083,False
2025-11-18 00:00:00+00:00,29.52,29.68,28.37,29.47,3761574.0,29.14,22994,False
2025-11-19 00:00:00+00:00,29.49,29.69,29.12,29.19,1775898.0,29.308,10513,False
2025-11-20 00:00:00+00:00,29.43,29.54,28.71,28.85,1853646.0,29.04,12973,False
2025-11-21 00:00:00+00:00,28.88,29.86,28.74,29.66,2816670.0,29.494,17060,False
2025-11-24 00:00:00+00:00,29.57,30.09,29.28,29.88,1886895.0,29.846,13122,False
2025-11-25 00:00:00+00:00,29.74,30.27,29.71,29.84,1176810.0,29.991,7031,False
2025-11-26 00:00:00+00:00,29.84,29.99,29.6,29.67,1175915.0,29.788,7514,False
2025-11-28 00:00:00+00:00,29.65,29.92,29.62,29.88,799037.0,29.78,4615,False
2025-12-01 00:00:00+00:00,29.58,29.82,29.25,29.32,1595177.0,29.462,9646,False
2025-12-02 00:00:00+00:00,29.47,29.95,29.41,29.71,1684255.0,29.732,10335,False
2025-12-03 00:00:00+00:00,29.47,30.03,29.44,29.94,1689777.0,29.836,8512,False
2025-12-04 00:00:00+00:00,29.96,30.14,29.6,29.78,1015356.0,29.758,7330,False
2025-12-05 00:00:00+00:00,29.68,30.02,29.31,29.34,1387389.0,29.629,9141,False
2025-12-08 00:00:00+00:00,29.39,29.42,28.73,28.94,1897391.0,29.005,12531,False
2025-12-09 00:00:00+00:00,28.91,29.52,28.84,29.42,1348880.0,29.342,9435,False
2025-12-10 00:00:00+00:00,29.22,29.4,26.83,27.2,6112305.0,27.634,37162,False
2025-12-11 00:00:00+00:00,27.12,28.03,27.12,27.62,2427776.0,27.598,17503,False
2025-12-12 00:00:00+00:00,27.67,28.5,27.52,28.32,2882468.0,28.225,17852,False
2025-12-15 00:00:00+00:00,28.35,28.39,27.77,27.86,1844495.0,27.968,11636,False
2025-12-16 00:00:00+00:00,27.65,28.77,27.57,28.59,1485099.0,28.532,10338,False
2025-12-17 00:00:00+00:00,28.66,29.5,28.59,28.73,2266246.0,29.042,16651,False
2025-12-18 00:00:00+00:00,28.73,29.03,28.36,28.43,2606615.0,28.617,16233,False
2025-12-19 00:00:00+00:00,28.52,28.9,28.48,28.69,2051881.0,28.727,14336,False
2025-12-22 00:00:00+00:00,28.85,29.03,28.46,28.49,1774128.0,28.667,13230,False
2025-12-23 00:00:00+00:00,28.49,28.75,27.98,28.15,2337292.0,28.173,16666,False
2025-12-24 00:00:00+00:00,28.05,28.2,27.93,28.1,1864542.0,28.013,13346,False
2025-12-26 00:00:00+00:00,28.08,28.28,27.78,28.0,1659835.0,27.954,11536,False
2025-12-29 00:00:00+00:00,27.88,28.06,27.8,27.96,1788219.0,27.942,13174,False
2025-12-30 00:00:00+00:00,27.91,28.03,27.61,27.66,2095306.0,27.752,14304,False
2025-12-31 00:00:00+00:00,27.6,27.93,27.55,27.8,1857168.0,27.756,12043,False
2026-01-02 00:00:00+00:00,27.69,27.69,26.23,26.93,2680902.0,26.809,16450,False
2026-01-05 00:00:00+00:00,26.88,27.19,26.86,26.96,1439971.0,27.013,9426,False
2026-01-06 00:00:00+00:00,26.84,27.18,26.78,26.99,1411454.0,26.985,9923,False
2026-01-07 00:00:00+00:00,27.06,27.41,26.94,27.3,2424157.0,27.198,12281,False
2026-01-08 00:00:00+00:00,27.28,27.48,27.01,27.46,1200617.0,27.324,8537,False
2026-01-09 00:00:00+00:00,27.5,27.64,26.99,27.28,1358508.0,27.266,9842,False
2026-01-12 00:00:00+00:00,27.26,27.57,27.13,27.33,1137722.0,27.398,8365,False
2026-01-13 00:00:00+00:00,27.33,27.33,26.21,26.75,2641813.0,26.737,17052,False
2026-01-14 00:00:00+00:00,26.5,27.0,26.5,26.84,1747749.0,26.847,12040,False
2026-01-15 00:00:00+00:00,26.82,26.96,26.48,26.51,1628707.0,26.637,9862,False
2026-01-16 00:00:00+00:00,26.5,26.59,26.12,26.13,1613461.0,26.356,11032,False
2026-01-20 00:00:00+00:00,25.88,26.19,25.42,25.49,1936917.0,25.7,12159,False
2026-01-21 00:00:00+00:00,25.55,26.15,25.47,26.05,1970825.0,25.914,13512,False
2026-01-22 00:00:00+00:00,26.19,26.36,25.99,26.24,1878376.0,26.15,12504,False
2026-01-23 00:00:00+00:00,26.26,26.61,26.2,26.3,1125685.0,26.335,8086,False
2026-01-26 00:00:00+00:00,26.44,26.81,26.42,26.58,1795137.0,26.666,10790,False
2026-01-27 00:00:00+00:00,26.66,26.74,26.2,26.53,1893328.0,26.395,12327,False
2026-01-28 00:00:00+00:00,26.55,26.67,26.17,26.23,2117753.0,26.334,13944,False
2026-01-29 00:00:00+00:00,26.0,26.25,25.59,25.83,4232105.0,25.86,24282,False
2026-01-30 00:00:00+00:00,25.79,25.84,25.46,25.48,1985285.0,25.625,12607,False
2026-02-02 00:00:00+00:00,25.45,25.91,25.31,25.66,1999839.0,25.661,13274,False
2026-02-03 00:00:00+00:00,25.22,25.27,24.4,25.11,5572334.0,24.818,38064,False
2026-02-04 00:00:00+00:00,24.93,25.36,24.8,25.11,4419688.0,25.115,26424,False
2026-02-05 00:00:00+00:00,25.15,25.51,24.42,24.44,3944217.0,24.851,25513,False
2026-02-06 00:00:00+00:00,24.69,25.23,24.52,25.0,2330523.0,24.803,13998,False
2026-02-09 00:00:00+00:00,24.93,25.1,24.6,24.88,2000579.0,24.874,12710,False
2026-02-10 00:00:00+00:00,24.87,25.29,24.82,24.98,1322816.0,25.027,8543,False
2026-02-11 00:00:00+00:00,25.02,25.2,24.16,24.41,2704042.0,24.47,18678,False
2026-02-12 00:00:00+00:00,24.43,24.71,23.62,24.3,3095400.0,24.061,20068,False
2026-02-13 00:00:00+00:00,24.33,24.77,24.3,24.53,1568760.0,24.532,10811,False
2026-02-17 00:00:00+00:00,24.52,24.7,24.15,24.48,3176699.0,24.35,21236,False
2026-02-18 00:00:00+00:00,24.49,24.84,24.27,24.68,2226469.0,24.62,14404,False
2026-02-19 00:00:00+00:00,24.64,24.93,24.37,24.73,4458886.0,24.746,25395,False
2026-02-20 00:00:00+00:00,24.02,25.55,23.68,25.48,4535789.0,25.204,24783,False
2026-02-23 00:00:00+00:00,25.02,25.24,23.99,24.5,4639523.0,24.38,28828,False
2026-02-24 00:00:00+00:00,24.5,25.47,24.0,24.28,3828789.0,24.342,23183,False
2026-02-25 00:00:00+00:00,24.15,24.54,23.9,24.43,2074016.0,24.346,13493,False
2026-02-26 00:00:00+00:00,24.52,25.3,24.33,24.84,3249340.0,24.903,19989,False
2026-02-27 00:00:00+00:00,24.49,25.03,24.37,24.99,2555783.0,24.827,16857,False
2026-03-02 00:00:00+00:00,24.59,25.16,24.55,24.96,2514146.0,24.943,17690,False
2026-03-03 00:00:00+00:00,24.87,26.23,24.77,26.17,3875529.0,25.786,23403,False
2026-03-04 00:00:00+00:00,25.85,26.28,25.82,26.17,1722269.0,26.081,10530,False
2026-03-05 00:00:00+00:00,26.04,26.75,25.77,26.38,3897219.0,26.479,22377,False
2026-03-06 00:00:00+00:00,26.3,26.81,25.99,26.79,1931541.0,26.476,13018,False
2026-03-09 00:00:00+00:00,26.72,26.94,26.3,26.74,1754192.0,26.661,10765,False
2026-03-10 00:00:00+00:00,26.74,26.86,25.98,26.4,1588875.0,26.364,11629,False
2026-03-11 00:00:00+00:00,26.54,26.66,25.49,25.87,1370241.0,25.904,8377,False
2026-03-12 00:00:00+00:00,25.89,26.19,25.71,25.91,977116.0,25.947,6304,False
2026-03-13 00:00:00+00:00,25.95,26.15,25.52,25.75,1456884.0,25.757,9110,False
2026-03-16 00:00:00+00:00,25.76,26.01,25.29,25.54,2065696.0,25.721,11070,False
2026-03-17 00:00:00+00:00,25.44,25.95,25.44,25.54,2252146.0,25.634,9934,False
2026-03-18 00:00:00+00:00,25.32,25.5,25.0,25.06,1237951.0,25.234,8185,False
2026-03-19 00:00:00+00:00,24.92,25.78,24.56,25.17,1246786.0,25.217,8015,False
2026-03-20 00:00:00+00:00,25.04,25.24,24.69,25.02,1282946.0,25.056,7359,False
2026-03-23 00:00:00+00:00,25.02,25.17,24.29,24.42,1505712.0,24.623,7893,False
2026-03-24 00:00:00+00:00,24.33,24.33,22.99,23.12,2010069.0,23.388,11002,False
2026-03-25 00:00:00+00:00,23.31,23.68,22.51,22.7,2119761.0,22.797,11559,False
2026-03-26 00:00:00+00:00,22.43,23.02,22.43,22.77,1295573.0,22.819,8525,False
2026-03-27 00:00:00+00:00,22.43,22.69,22.0,22.15,1646184.0,22.246,9452,False
2026-03-30 00:00:00+00:00,22.15,22.85,22.15,22.56,1395942.0,22.512,8695,False
2026-03-31 00:00:00+00:00,22.52,23.0,22.32,22.72,1083615.0,22.689,7225,False
2026-04-01 00:00:00+00:00,22.58,23.08,22.39,23.07,1721082.0,22.901,11084,False
2026-04-02 00:00:00+00:00,23.19,23.56,22.83,23.4,1686023.0,23.262,10099,False
2026-04-06 00:00:00+00:00,23.3,23.78,23.3,23.75,1326269.0,23.637,8320,False
2026-04-07 00:00:00+00:00,23.8,24.04,23.58,23.6,1240165.0,23.777,8683,False
2026-04-08 00:00:00+00:00,23.84,24.08,22.68,22.7,2150894.0,23.109,13805,False
2026-04-09 00:00:00+00:00,22.55,22.64,21.79,22.23,2524760.0,22.079,16249,False
2026-04-10 00:00:00+00:00,22.14,22.32,21.69,22.06,3098728.0,21.984,16688,False
2026-04-13 00:00:00+00:00,22.19,22.73,22.0,22.71,1840845.0,22.535,11180,False
2026-04-14 00:00:00+00:00,22.74,23.14,22.53,22.7,1714935.0,22.688,11378,False
2026-04-15 00:00:00+00:00,22.98,23.96,22.72,23.69,1873043.0,23.649,11313,False
2026-04-16 00:00:00+00:00,23.94,24.34,23.82,24.1,1496237.0,24.045,9750,False
2026-04-17 00:00:00+00:00,24.46,24.6,24.06,24.27,1701755.0,24.244,10928,False
2026-04-20 00:00:00+00:00,24.25,24.62,24.11,24.36,1882623.0,24.331,10166,False
2026-04-21 00:00:00+00:00,24.47,24.92,24.3,24.59,1636521.0,24.676,11123,False
2026-04-22 00:00:00+00:00,24.48,24.93,24.43,24.69,1335950.0,24.597,8571,False
2026-04-23 00:00:00+00:00,24.2,24.41,23.49,23.9,2281762.0,23.768,12783,False
2026-04-24 00:00:00+00:00,23.83,24.11,23.6,24.02,1281216.0,23.894,8349,False
2026-04-27 00:00:00+00:00,23.78,24.42,23.73,23.91,1638240.0,24.035,10499,False
2026-04-28 00:00:00+00:00,24.33,24.62,23.84,23.99,1909804.0,24.06,12176,False
2026-04-29 00:00:00+00:00,23.97,24.54,23.73,24.31,1951586.0,24.266,12755,False
2026-04-30 00:00:00+00:00,23.91,24.39,23.67,24.29,1584508.0,24.155,9736,False
2026-05-01 00:00:00+00:00,24.74,25.04,24.17,24.93,1805982.0,24.772,10919,False
2026-05-04 00:00:00+00:00,24.92,25.64,24.83,25.08,2204330.0,25.192,14807,False
2026-05-05 00:00:00+00:00,25.07,25.51,24.85,25.41,2155311.0,25.323,12220,False
2026-05-06 00:00:00+00:00,25.03,25.2,24.57,24.69,2491895.0,24.731,18423,False
2026-05-07 00:00:00+00:00,25.22,25.48,25.06,25.13,2656549.0,25.255,14379,False
2026-05-08 00:00:00+00:00,27.42,29.1,26.71,28.9,6496366.0,28.243,39729,False
2026-05-11 00:00:00+00:00,28.2,28.61,25.77,26.49,6115506.0,26.398,35965,False
2026-05-12 00:00:00+00:00,26.6,26.74,25.74,25.81,2479698.0,25.97,16625,False
2026-05-13 00:00:00+00:00,25.6,26.29,25.48,26.2,2414645.0,25.939,14738,False
2026-05-14 00:00:00+00:00,26.3,26.5,25.72,26.2,1987794.0,26.02,13179,False
2026-05-15 00:00:00+00:00,26.48,26.87,26.07,26.82,1830978.0,26.57,12236,False
