date,open,high,low,close,volume,average,barCount,is_rth
2025-11-17 14:00:00+00:00,14.09,14.13,13.1,13.9,18391.0,13.809,94,False
2025-11-17 15:00:00+00:00,13.83,14.13,13.72,14.03,79855.0,13.99,189,True
2025-11-17 16:00:00+00:00,13.99,14.25,13.97,14.15,31401.0,14.072,131,True
2025-11-17 17:00:00+00:00,14.16,14.28,14.02,14.02,27323.0,14.188,142,True
2025-11-17 18:00:00+00:00,14.02,14.24,13.85,14.11,31855.0,14.056,121,True
2025-11-17 19:00:00+00:00,14.1,14.17,13.89,13.96,15591.0,14.029,117,True
2025-11-17 20:00:00+00:00,13.96,14.31,13.87,14.12,191154.0,14.186,589,True
2025-11-17 21:00:00+00:00,14.1,14.1,13.82,13.82,16511.0,14.098,2,False
2025-11-17 22:00:00+00:00,13.82,13.82,13.82,13.82,0.0,13.82,0,False
2025-11-17 23:00:00+00:00,13.82,13.82,13.82,13.82,0.0,13.82,0,False
2025-11-18 00:00:00+00:00,13.82,13.82,13.82,13.82,0.0,13.82,0,False
2025-11-18 14:00:00+00:00,13.98,13.98,13.31,13.31,3945.0,13.532,3,False
2025-11-18 15:00:00+00:00,13.63,14.32,13.6,13.96,52384.0,13.986,93,True
2025-11-18 16:00:00+00:00,13.96,14.4,13.94,14.19,7829.0,14.19,66,True
2025-11-18 17:00:00+00:00,14.23,14.37,14.13,14.34,12577.0,14.275,89,True
2025-11-18 18:00:00+00:00,14.34,14.34,13.86,14.01,67989.0,14.056,221,True
2025-11-18 19:00:00+00:00,14.01,14.12,13.73,13.73,19527.0,13.908,114,True
2025-11-18 20:00:00+00:00,13.73,13.83,13.53,13.79,74590.0,13.748,470,True
2025-11-18 21:00:00+00:00,13.75,13.75,13.75,13.75,11455.0,13.75,1,False
2025-11-18 22:00:00+00:00,13.75,13.75,13.75,13.75,0.0,13.75,0,False
2025-11-18 23:00:00+00:00,14.02,14.2,13.7,13.71,17918.0,13.939,15,False
2025-11-19 00:00:00+00:00,13.85,13.85,13.72,13.72,2178.0,13.786,4,False
2025-11-19 12:00:00+00:00,13.77,14.0,13.77,14.0,404.0,13.899,2,False
2025-11-19 13:00:00+00:00,14.0,14.0,14.0,14.0,0.0,14.0,0,False
2025-11-19 14:00:00+00:00,13.75,14.11,13.75,14.04,15956.0,13.98,63,False
2025-11-19 15:00:00+00:00,14.06,14.21,13.73,13.8,43760.0,14.029,197,True
2025-11-19 16:00:00+00:00,13.79,13.9,13.76,13.88,15221.0,13.815,116,True
2025-11-19 17:00:00+00:00,13.89,14.05,13.84,13.97,15612.0,13.935,138,True
2025-11-19 18:00:00+00:00,13.96,14.03,13.92,14.02,147682.0,13.999,145,True
2025-11-19 19:00:00+00:00,14.0,14.09,13.93,14.05,50302.0,14.001,172,True
2025-11-19 20:00:00+00:00,14.06,14.46,14.05,14.35,39256.0,14.269,256,True
2025-11-19 21:00:00+00:00,14.38,14.38,14.1,14.1,8592.0,14.373,3,False
2025-11-19 22:00:00+00:00,14.1,14.1,14.1,14.1,0.0,14.1,0,False
2025-11-19 23:00:00+00:00,14.1,14.1,14.1,14.1,0.0,14.1,0,False
2025-11-20 00:00:00+00:00,14.1,14.1,14.1,14.1,0.0,14.1,0,False
2025-11-20 14:00:00+00:00,14.41,15.01,14.38,14.93,23081.0,14.76,119,False
2025-11-20 15:00:00+00:00,14.89,14.93,14.38,14.38,32204.0,14.717,198,True
2025-11-20 16:00:00+00:00,14.38,14.45,14.04,14.04,16145.0,14.307,109,True
2025-11-20 17:00:00+00:00,14.22,14.31,14.01,14.13,13110.0,14.19,102,True
2025-11-20 18:00:00+00:00,14.17,14.36,13.96,14.0,16094.0,14.193,126,True
2025-11-20 19:00:00+00:00,13.97,14.24,13.86,14.07,16191.0,14.072,122,True
2025-11-20 20:00:00+00:00,14.05,14.08,13.96,14.03,61007.0,14.012,475,True
2025-11-20 21:00:00+00:00,13.99,13.99,13.99,13.99,12649.0,13.99,1,False
2025-11-20 22:00:00+00:00,13.99,13.99,13.99,13.99,0.0,13.99,0,False
2025-11-20 23:00:00+00:00,13.99,13.99,13.99,13.99,0.0,13.99,0,False
2025-11-21 00:00:00+00:00,13.99,13.99,13.99,13.99,0.0,13.99,0,False
2025-11-21 14:00:00+00:00,14.02,14.31,13.8,14.02,8268.0,14.028,31,False
2025-11-21 15:00:00+00:00,14.0,14.0,13.71,13.98,10231.0,13.838,77,True
2025-11-21 16:00:00+00:00,13.88,14.25,13.83,14.17,9743.0,14.046,68,True
2025-11-21 17:00:00+00:00,14.19,14.27,14.1,14.1,6798.0,14.213,36,True
2025-11-21 18:00:00+00:00,14.17,14.17,13.97,14.03,4693.0,14.039,33,True
2025-11-21 19:00:00+00:00,14.03,14.19,14.02,14.17,10880.0,14.115,43,True
2025-11-21 20:00:00+00:00,14.14,14.22,13.9,13.99,27264.0,14.08,180,True
2025-11-21 21:00:00+00:00,14.02,14.02,14.01,14.02,9064.0,14.015,1,False
2025-11-21 22:00:00+00:00,14.02,14.02,14.02,14.02,0.0,14.02,0,False
2025-11-21 23:00:00+00:00,14.02,14.02,14.02,14.02,0.0,14.02,0,False
2025-11-22 00:00:00+00:00,14.02,14.02,14.01,14.02,0.0,14.02,0,False
2025-11-24 14:00:00+00:00,14.11,14.24,13.91,14.03,23808.0,14.021,105,False
2025-11-24 15:00:00+00:00,14.09,14.21,14.03,14.14,4438.0,14.14,26,True
2025-11-24 16:00:00+00:00,14.09,14.17,14.02,14.03,7110.0,14.116,26,True
2025-11-24 17:00:00+00:00,14.13,14.15,14.04,14.06,1825.0,14.089,18,True
2025-11-24 18:00:00+00:00,14.15,14.15,14.08,14.15,2000.0,14.128,16,True
2025-11-24 19:00:00+00:00,14.11,14.25,14.1,14.25,2965.0,14.157,17,True
2025-11-24 20:00:00+00:00,14.21,14.67,14.18,14.62,34682.0,14.479,209,True
2025-11-24 21:00:00+00:00,14.58,14.58,14.5,14.5,229802.0,14.503,2,False
2025-11-24 22:00:00+00:00,14.5,14.5,14.5,14.5,0.0,14.5,0,False
2025-11-24 23:00:00+00:00,14.5,14.5,14.5,14.5,0.0,14.5,0,False
2025-11-25 00:00:00+00:00,14.5,14.5,14.5,14.5,0.0,14.5,0,False
2025-11-25 13:00:00+00:00,15.68,15.68,15.68,15.68,500.0,15.68,1,False
2025-11-25 14:00:00+00:00,14.62,15.02,14.41,15.02,24727.0,14.817,101,False
2025-11-25 15:00:00+00:00,15.02,15.02,14.4,14.47,17758.0,14.634,91,True
2025-11-25 16:00:00+00:00,14.47,14.62,14.4,14.55,8049.0,14.538,60,True
2025-11-25 17:00:00+00:00,14.6,14.69,14.52,14.57,6803.0,14.626,52,True
2025-11-25 18:00:00+00:00,14.54,14.64,14.46,14.46,8704.0,14.592,40,True
2025-11-25 19:00:00+00:00,14.59,14.64,14.23,14.55,315641.0,14.5,106,True
2025-11-25 20:00:00+00:00,14.53,15.0,14.52,14.95,48342.0,14.824,253,True
2025-11-25 21:00:00+00:00,14.9,14.9,14.89,14.9,8829.0,14.895,2,False
2025-11-25 22:00:00+00:00,14.8,14.8,14.61,14.61,3100.0,14.616,2,False
2025-11-25 23:00:00+00:00,14.61,14.61,14.61,14.61,0.0,14.61,0,False
2025-11-26 00:00:00+00:00,14.61,14.61,14.61,14.61,0.0,14.61,0,False
2025-11-26 14:00:00+00:00,14.95,15.07,14.82,14.98,9350.0,14.981,37,False
2025-11-26 15:00:00+00:00,14.94,15.19,14.89,15.06,13628.0,15.088,74,True
2025-11-26 16:00:00+00:00,15.03,15.05,14.75,14.85,14812.0,14.947,112,True
2025-11-26 17:00:00+00:00,14.85,15.0,14.79,14.8,10429.0,14.963,60,True
2025-11-26 18:00:00+00:00,14.83,14.86,14.73,14.79,3898.0,14.81,35,True
2025-11-26 19:00:00+00:00,14.77,14.89,14.75,14.88,7323.0,14.831,58,True
2025-11-26 20:00:00+00:00,14.83,14.95,14.72,14.81,14345.0,14.836,106,True
2025-11-26 21:00:00+00:00,14.75,15.04,14.75,15.04,6143.0,14.755,2,False
2025-11-26 22:00:00+00:00,15.04,15.04,15.04,15.04,0.0,15.04,0,False
2025-11-26 23:00:00+00:00,15.04,15.04,15.04,15.04,0.0,15.04,0,False
2025-11-27 00:00:00+00:00,15.04,15.04,15.04,15.04,0.0,15.04,0,False
2025-11-28 14:00:00+00:00,14.97,15.5,14.85,15.18,28611.0,15.253,121,False
2025-11-28 15:00:00+00:00,15.19,15.33,15.07,15.26,8077.0,15.205,72,True
2025-11-28 16:00:00+00:00,15.22,15.46,15.08,15.17,37041.0,15.312,202,True
2025-11-28 17:00:00+00:00,15.18,15.31,15.13,15.23,48694.0,15.24,335,True
2025-11-28 18:00:00+00:00,15.16,15.16,15.16,15.16,7011.0,15.16,1,True
2025-11-28 19:00:00+00:00,15.16,15.16,15.16,15.16,0.0,15.16,0,True
2025-11-28 20:00:00+00:00,15.16,15.16,15.16,15.16,100.0,15.16,1,True
2025-11-28 21:00:00+00:00,15.16,15.16,15.16,15.16,0.0,15.16,0,False
2025-12-01 14:00:00+00:00,14.93,15.06,14.78,14.96,12333.0,14.947,68,False
2025-12-01 15:00:00+00:00,14.93,15.16,14.58,14.78,12508.0,14.904,72,True
2025-12-01 16:00:00+00:00,14.75,14.83,14.4,14.54,23792.0,14.535,125,True
2025-12-01 17:00:00+00:00,14.47,14.7,14.39,14.5,17913.0,14.489,77,True
2025-12-01 18:00:00+00:00,14.42,14.65,14.33,14.49,14716.0,14.473,64,True
2025-12-01 19:00:00+00:00,14.44,14.49,14.16,14.25,10509.0,14.293,87,True
2025-12-01 20:00:00+00:00,14.22,14.33,14.11,14.19,23415.0,14.168,155,True
2025-12-01 21:00:00+00:00,14.21,14.21,14.21,14.21,8025.0,14.21,1,False
2025-12-01 22:00:00+00:00,14.21,14.21,14.21,14.21,0.0,14.21,0,False
2025-12-01 23:00:00+00:00,14.21,14.21,14.21,14.21,0.0,14.21,0,False
2025-12-02 00:00:00+00:00,14.21,14.21,14.21,14.21,0.0,14.21,0,False
2025-12-02 14:00:00+00:00,14.26,14.58,14.15,14.53,14873.0,14.363,61,False
2025-12-02 15:00:00+00:00,14.56,14.72,14.28,14.53,13132.0,14.517,80,True
2025-12-02 16:00:00+00:00,14.48,14.48,14.13,14.14,8822.0,14.262,78,True
2025-12-02 17:00:00+00:00,14.17,14.37,14.1,14.11,11280.0,14.241,96,True
2025-12-02 18:00:00+00:00,14.07,14.13,14.0,14.04,11589.0,14.071,61,True
2025-12-02 19:00:00+00:00,14.05,14.17,13.97,14.0,8462.0,14.031,56,True
2025-12-02 20:00:00+00:00,14.08,14.18,14.0,14.06,16460.0,14.052,138,True
2025-12-02 21:00:00+00:00,14.05,14.05,14.05,14.05,14224.0,14.05,4,False
2025-12-02 22:00:00+00:00,14.05,14.05,14.05,14.05,0.0,14.05,0,False
2025-12-02 23:00:00+00:00,14.05,14.05,14.05,14.05,0.0,14.05,0,False
2025-12-03 00:00:00+00:00,14.05,14.05,14.05,14.05,0.0,14.05,0,False
2025-12-03 13:00:00+00:00,14.49,14.5,13.85,13.9,42514.0,14.123,47,False
2025-12-03 14:00:00+00:00,14.1,14.41,14.0,14.25,4038.0,14.137,29,False
2025-12-03 15:00:00+00:00,14.07,14.25,13.94,14.13,9829.0,14.044,69,True
2025-12-03 16:00:00+00:00,14.14,14.21,14.01,14.09,7287.0,14.119,60,True
2025-12-03 17:00:00+00:00,14.07,14.27,14.02,14.09,10411.0,14.122,76,True
2025-12-03 18:00:00+00:00,14.12,14.24,14.06,14.07,11733.0,14.12,94,True
2025-12-03 19:00:00+00:00,14.06,14.26,14.06,14.16,6660.0,14.122,55,True
2025-12-03 20:00:00+00:00,14.21,14.42,14.15,14.31,66094.0,14.263,130,True
2025-12-03 21:00:00+00:00,14.38,14.66,14.38,14.66,7250.0,14.384,2,False
2025-12-03 22:00:00+00:00,14.66,14.66,14.66,14.66,0.0,14.66,0,False
2025-12-03 23:00:00+00:00,14.66,14.66,14.66,14.66,0.0,14.66,0,False
2025-12-04 00:00:00+00:00,14.66,14.66,14.66,14.66,0.0,14.66,0,False
2025-12-04 14:00:00+00:00,14.38,14.5,14.3,14.5,3235.0,14.373,11,False
2025-12-04 15:00:00+00:00,14.54,14.85,14.42,14.85,9237.0,14.686,52,True
2025-12-04 16:00:00+00:00,14.9,15.23,14.83,15.04,19560.0,15.049,105,True
2025-12-04 17:00:00+00:00,15.15,15.5,14.98,15.2,23273.0,15.268,102,True
2025-12-04 18:00:00+00:00,15.17,15.18,15.04,15.15,4906.0,15.115,34,True
2025-12-04 19:00:00+00:00,15.17,15.47,15.06,15.16,65595.0,15.19,271,True
2025-12-04 20:00:00+00:00,15.16,15.38,14.94,15.37,39027.0,15.173,237,True
2025-12-04 21:00:00+00:00,15.35,15.35,15.35,15.35,15635.0,15.35,2,False
2025-12-04 22:00:00+00:00,15.35,15.35,15.35,15.35,0.0,15.35,0,False
2025-12-04 23:00:00+00:00,15.35,15.35,15.35,15.35,0.0,15.35,0,False
2025-12-05 00:00:00+00:00,15.35,15.35,15.35,15.35,0.0,15.35,0,False
2025-12-05 14:00:00+00:00,15.25,15.86,15.25,15.54,20182.0,15.56,102,False
2025-12-05 15:00:00+00:00,15.62,15.63,15.26,15.28,37320.0,15.456,256,True
2025-12-05 16:00:00+00:00,15.24,15.25,14.98,14.98,8329.0,15.071,45,True
2025-12-05 17:00:00+00:00,15.05,15.05,14.96,14.98,3129.0,15.003,27,True
2025-12-05 18:00:00+00:00,15.02,15.1,14.95,14.95,8617.0,14.999,71,True
2025-12-05 19:00:00+00:00,14.97,15.28,14.95,15.2,7539.0,15.077,71,True
2025-12-05 20:00:00+00:00,15.21,15.27,14.81,14.84,39366.0,15.02,266,True
2025-12-05 21:00:00+00:00,14.89,14.89,14.89,14.89,12416.0,14.89,1,False
2025-12-05 22:00:00+00:00,14.89,14.89,14.89,14.89,0.0,14.89,0,False
2025-12-05 23:00:00+00:00,14.89,14.89,14.89,14.89,0.0,14.89,0,False
2025-12-06 00:00:00+00:00,14.89,14.89,14.89,14.89,0.0,14.89,0,False
2025-12-08 14:00:00+00:00,15.11,15.27,14.95,15.21,10121.0,15.121,25,False
2025-12-08 15:00:00+00:00,15.11,15.15,14.94,14.94,7126.0,15.011,52,True
2025-12-08 16:00:00+00:00,14.93,15.02,14.62,14.74,10872.0,14.857,70,True
2025-12-08 17:00:00+00:00,14.74,14.85,14.62,14.78,11602.0,14.729,101,True
2025-12-08 18:00:00+00:00,14.8,14.8,14.71,14.75,2687.0,14.744,24,True
2025-12-08 19:00:00+00:00,14.74,14.84,14.64,14.78,10676.0,14.729,76,True
2025-12-08 20:00:00+00:00,14.78,14.78,14.59,14.65,25390.0,14.702,161,True
2025-12-08 21:00:00+00:00,14.63,14.63,14.63,14.63,9096.0,14.63,2,False
2025-12-08 22:00:00+00:00,14.63,14.63,14.63,14.63,0.0,14.63,0,False
2025-12-08 23:00:00+00:00,14.63,14.63,14.63,14.63,0.0,14.63,0,False
2025-12-09 00:00:00+00:00,14.63,14.63,14.63,14.63,0.0,14.63,0,False
2025-12-09 14:00:00+00:00,14.63,14.96,14.63,14.64,2458.0,14.655,4,False
2025-12-09 15:00:00+00:00,14.79,14.79,14.56,14.6,6730.0,14.658,59,True
2025-12-09 16:00:00+00:00,14.65,14.88,14.54,14.75,27554.0,14.684,162,True
2025-12-09 17:00:00+00:00,14.71,14.91,14.7,14.71,26797.0,14.794,133,True
2025-12-09 18:00:00+00:00,14.71,14.75,14.64,14.67,12304.0,14.699,90,True
2025-12-09 19:00:00+00:00,14.67,14.68,14.59,14.59,11971.0,14.636,110,True
2025-12-09 20:00:00+00:00,14.59,14.59,14.22,14.28,45759.0,14.385,320,True
2025-12-09 21:00:00+00:00,14.31,14.31,14.31,14.31,13040.0,14.31,5,False
2025-12-09 22:00:00+00:00,14.31,14.31,14.31,14.31,0.0,14.31,0,False
2025-12-09 23:00:00+00:00,14.31,14.31,14.31,14.31,0.0,14.31,0,False
2025-12-10 00:00:00+00:00,14.31,14.31,14.31,14.31,0.0,14.31,0,False
2025-12-10 14:00:00+00:00,14.24,14.55,14.05,14.47,7794.0,14.312,28,False
2025-12-10 15:00:00+00:00,14.67,14.75,14.3,14.66,14058.0,14.449,120,True
2025-12-10 16:00:00+00:00,14.58,14.58,14.32,14.46,16169.0,14.451,118,True
2025-12-10 17:00:00+00:00,14.39,14.43,14.25,14.27,4758.0,14.319,43,True
2025-12-10 18:00:00+00:00,14.23,14.32,14.2,14.28,7400.0,14.239,56,True
2025-12-10 19:00:00+00:00,14.29,14.51,14.2,14.4,9316.0,14.304,65,True
2025-12-10 20:00:00+00:00,14.38,14.5,14.2,14.27,20843.0,14.333,144,True
2025-12-10 21:00:00+00:00,14.21,14.21,14.21,14.21,6699.0,14.21,1,False
2025-12-10 22:00:00+00:00,14.21,14.21,14.21,14.21,0.0,14.21,0,False
2025-12-10 23:00:00+00:00,14.21,14.21,14.21,14.21,0.0,14.21,0,False
2025-12-11 00:00:00+00:00,14.21,14.21,14.21,14.21,0.0,14.21,0,False
2025-12-11 14:00:00+00:00,14.23,14.49,14.11,14.12,2479.0,14.195,16,False
2025-12-11 15:00:00+00:00,14.07,14.32,14.05,14.19,1900.0,14.186,18,True
2025-12-11 16:00:00+00:00,14.25,14.87,14.25,14.86,71990.0,14.518,232,True
2025-12-11 17:00:00+00:00,14.84,15.0,14.58,14.63,42245.0,14.793,241,True
2025-12-11 18:00:00+00:00,14.54,14.59,14.1,14.21,14950.0,14.31,106,True
2025-12-11 19:00:00+00:00,14.21,14.34,14.11,14.11,24441.0,14.217,169,True
2025-12-11 20:00:00+00:00,14.1,14.12,13.7,13.83,44488.0,13.9,329,True
2025-12-11 21:00:00+00:00,13.8,13.8,13.8,13.8,12862.0,13.8,2,False
2025-12-11 22:00:00+00:00,14.05,14.05,13.75,13.75,33400.0,13.9,7,False
2025-12-11 23:00:00+00:00,13.75,13.75,13.75,13.75,0.0,13.75,0,False
2025-12-12 00:00:00+00:00,13.75,13.75,13.75,13.75,0.0,13.75,0,False
2025-12-12 11:00:00+00:00,14.2,14.2,14.2,14.2,200.0,14.2,2,False
2025-12-12 12:00:00+00:00,14.2,14.2,14.2,14.2,0.0,14.2,0,False
2025-12-12 13:00:00+00:00,14.1,14.1,14.03,14.03,237.0,14.07,2,False
2025-12-12 14:00:00+00:00,13.92,14.32,13.9,14.12,7708.0,14.038,43,False
2025-12-12 15:00:00+00:00,14.21,14.25,13.98,13.99,7798.0,14.128,35,True
2025-12-12 16:00:00+00:00,13.99,13.99,13.51,13.62,22232.0,13.677,114,True
2025-12-12 17:00:00+00:00,13.53,13.58,13.46,13.52,6100.0,13.508,41,True
2025-12-12 18:00:00+00:00,13.52,13.63,13.32,13.44,43607.0,13.391,131,True
2025-12-12 19:00:00+00:00,13.48,13.56,13.3,13.3,6942.0,13.413,31,True
2025-12-12 20:00:00+00:00,13.26,13.44,13.02,13.02,63320.0,13.181,379,True
2025-12-12 21:00:00+00:00,13.04,13.04,13.03,13.04,16227.0,13.035,4,False
2025-12-12 22:00:00+00:00,13.04,13.04,13.04,13.04,0.0,13.04,0,False
2025-12-12 23:00:00+00:00,13.04,13.04,13.04,13.04,0.0,13.04,0,False
2025-12-13 00:00:00+00:00,13.04,13.04,13.03,13.04,0.0,13.03,0,False
2025-12-15 11:00:00+00:00,14.27,14.27,13.08,13.08,1796.0,13.675,2,False
2025-12-15 12:00:00+00:00,13.08,13.08,13.08,13.08,0.0,13.08,0,False
2025-12-15 13:00:00+00:00,13.08,13.08,13.08,13.08,0.0,13.08,0,False
2025-12-15 14:00:00+00:00,13.05,13.37,13.01,13.02,29622.0,13.091,67,False
2025-12-15 15:00:00+00:00,13.04,13.2,12.85,13.01,12691.0,13.023,67,True
2025-12-15 16:00:00+00:00,13.04,13.11,12.81,12.82,16463.0,12.914,105,True
2025-12-15 17:00:00+00:00,12.81,12.89,12.73,12.83,17283.0,12.821,136,True
2025-12-15 18:00:00+00:00,12.82,13.0,12.75,12.99,21712.0,12.828,136,True
2025-12-15 19:00:00+00:00,12.95,12.98,12.67,12.73,15126.0,12.801,121,True
2025-12-15 20:00:00+00:00,12.72,12.72,12.33,12.42,73109.0,12.524,450,True
2025-12-15 21:00:00+00:00,12.49,12.49,12.48,12.49,31149.0,12.485,10,False
2025-12-15 22:00:00+00:00,12.49,12.49,12.49,12.49,0.0,12.49,0,False
2025-12-15 23:00:00+00:00,12.49,12.49,12.49,12.49,0.0,12.49,0,False
2025-12-16 00:00:00+00:00,12.6,12.6,12.45,12.45,1624.0,12.534,10,False
2025-12-16 13:00:00+00:00,12.84,12.84,12.36,12.4,30775.0,12.611,15,False
2025-12-16 14:00:00+00:00,12.43,12.99,12.43,12.64,5866.0,12.521,33,False
2025-12-16 15:00:00+00:00,12.64,12.67,12.32,12.44,33217.0,12.449,150,True
2025-12-16 16:00:00+00:00,12.46,12.46,12.2,12.3,7208.0,12.29,54,True
2025-12-16 17:00:00+00:00,12.35,12.36,12.14,12.14,16157.0,12.223,64,True
2025-12-16 18:00:00+00:00,12.2,12.31,12.04,12.19,13549.0,12.126,115,True
2025-12-16 19:00:00+00:00,12.16,12.44,12.07,12.43,15675.0,12.307,117,True
2025-12-16 20:00:00+00:00,12.51,12.73,12.4,12.68,30246.0,12.574,230,True
2025-12-16 21:00:00+00:00,12.66,12.66,12.5,12.6,14681.0,12.651,9,False
2025-12-16 22:00:00+00:00,12.6,12.6,12.6,12.6,0.0,12.6,0,False
2025-12-16 23:00:00+00:00,12.6,12.6,12.6,12.6,0.0,12.6,0,False
2025-12-17 00:00:00+00:00,12.6,12.6,12.6,12.6,0.0,12.6,0,False
2025-12-17 09:00:00+00:00,12.94,12.94,12.84,12.84,309.0,12.907,3,False
2025-12-17 10:00:00+00:00,12.84,12.84,12.84,12.84,0.0,12.84,0,False
2025-12-17 11:00:00+00:00,12.84,12.84,12.84,12.84,0.0,12.84,0,False
2025-12-17 12:00:00+00:00,12.59,12.59,12.59,12.59,245.0,12.59,1,False
2025-12-17 13:00:00+00:00,13.0,13.0,12.5,12.5,14500.0,12.748,7,False
2025-12-17 14:00:00+00:00,12.53,13.15,12.51,13.0,46365.0,12.679,52,False
2025-12-17 15:00:00+00:00,12.97,12.99,12.76,12.9,8329.0,12.863,50,True
2025-12-17 16:00:00+00:00,12.89,13.09,12.89,13.04,23711.0,13.008,108,True
2025-12-17 17:00:00+00:00,13.08,13.1,13.0,13.02,8627.0,13.039,58,True
2025-12-17 18:00:00+00:00,13.04,13.13,12.83,12.94,12273.0,13.061,91,True
2025-12-17 19:00:00+00:00,12.9,12.95,12.7,12.79,9494.0,12.826,73,True
2025-12-17 20:00:00+00:00,12.78,12.91,12.61,12.75,65905.0,12.702,499,True
2025-12-17 21:00:00+00:00,12.69,12.69,12.69,12.69,19489.0,12.69,1,False
2025-12-17 22:00:00+00:00,12.69,12.69,12.69,12.69,0.0,12.69,0,False
2025-12-17 23:00:00+00:00,12.69,12.69,12.69,12.69,0.0,12.69,0,False
2025-12-18 00:00:00+00:00,12.69,12.69,12.69,12.69,0.0,12.69,0,False
2025-12-18 14:00:00+00:00,12.8,13.12,12.71,12.76,28306.0,12.962,69,False
2025-12-18 15:00:00+00:00,12.83,13.07,12.67,12.8,9234.0,12.843,70,True
2025-12-18 16:00:00+00:00,12.87,13.02,12.69,12.83,5787.0,12.826,44,True
2025-12-18 17:00:00+00:00,12.82,12.87,12.64,12.79,4741.0,12.772,37,True
2025-12-18 18:00:00+00:00,12.82,12.85,12.69,12.75,12166.0,12.761,69,True
2025-12-18 19:00:00+00:00,12.68,13.0,12.6,12.75,47753.0,12.677,202,True
2025-12-18 20:00:00+00:00,12.74,12.8,12.61,12.76,61319.0,12.716,272,True
2025-12-18 21:00:00+00:00,12.72,12.72,12.72,12.72,22074.0,12.72,1,False
2025-12-18 22:00:00+00:00,12.72,12.72,12.72,12.72,0.0,12.72,0,False
2025-12-18 23:00:00+00:00,12.72,12.72,12.72,12.72,0.0,12.72,0,False
2025-12-19 00:00:00+00:00,12.72,12.72,12.72,12.72,0.0,12.72,0,False
2025-12-19 14:00:00+00:00,12.84,12.87,12.62,12.87,3809.0,12.827,26,False
2025-12-19 15:00:00+00:00,12.78,13.04,12.66,12.8,56823.0,12.894,287,True
2025-12-19 16:00:00+00:00,12.81,13.14,12.79,12.85,38480.0,13.051,239,True
2025-12-19 17:00:00+00:00,12.86,12.93,12.7,12.77,5400.0,12.806,43,True
2025-12-19 18:00:00+00:00,12.75,12.84,12.66,12.79,23250.0,12.723,123,True
2025-12-19 19:00:00+00:00,12.8,12.98,12.8,12.95,24414.0,12.935,119,True
2025-12-19 20:00:00+00:00,12.95,13.33,12.82,12.96,55442.0,13.072,370,True
2025-12-19 21:00:00+00:00,12.96,12.96,12.96,12.96,476946.0,12.96,2,False
2025-12-19 22:00:00+00:00,12.96,12.96,12.96,12.96,0.0,12.96,0,False
2025-12-19 23:00:00+00:00,13.28,13.28,12.97,13.1,2895.0,13.106,14,False
2025-12-20 00:00:00+00:00,13.2,13.31,13.2,13.22,535.0,13.265,5,False
2025-12-22 12:00:00+00:00,13.08,13.08,13.08,13.08,100.0,13.08,1,False
2025-12-22 13:00:00+00:00,13.08,13.08,13.08,13.08,0.0,13.08,0,False
2025-12-22 14:00:00+00:00,13.03,13.25,12.97,13.21,13767.0,13.085,68,False
2025-12-22 15:00:00+00:00,13.22,13.3,13.0,13.15,34445.0,13.205,126,True
2025-12-22 16:00:00+00:00,13.16,13.22,13.02,13.08,28984.0,13.105,134,True
2025-12-22 17:00:00+00:00,13.08,13.15,12.83,13.0,37052.0,13.057,245,True
2025-12-22 18:00:00+00:00,13.04,13.07,12.97,13.02,13187.0,13.015,97,True
2025-12-22 19:00:00+00:00,13.0,13.08,12.99,13.01,14274.0,13.015,101,True
2025-12-22 20:00:00+00:00,12.99,13.04,12.93,13.0,22020.0,12.983,187,True
2025-12-22 21:00:00+00:00,13.02,13.02,13.02,13.02,13862.0,13.02,3,False
2025-12-22 22:00:00+00:00,13.02,13.02,13.02,13.02,0.0,13.02,0,False
2025-12-22 23:00:00+00:00,13.02,13.02,13.02,13.02,0.0,13.02,0,False
2025-12-23 00:00:00+00:00,13.02,13.02,13.02,13.02,0.0,13.02,0,False
2025-12-23 14:00:00+00:00,12.93,13.07,12.87,12.92,3740.0,12.962,19,False
2025-12-23 15:00:00+00:00,12.92,13.1,12.91,13.02,5174.0,12.983,41,True
2025-12-23 16:00:00+00:00,12.96,12.96,12.64,12.74,16643.0,12.817,80,True
2025-12-23 17:00:00+00:00,12.82,12.84,12.68,12.77,19905.0,12.755,144,True
2025-12-23 18:00:00+00:00,12.72,12.85,12.72,12.82,4845.0,12.779,45,True
2025-12-23 19:00:00+00:00,12.77,12.8,12.7,12.74,13572.0,12.749,96,True
2025-12-23 20:00:00+00:00,12.75,12.93,12.71,12.76,34555.0,12.819,248,True
2025-12-23 21:00:00+00:00,12.75,12.75,12.75,12.75,8494.0,12.75,4,False
2025-12-23 22:00:00+00:00,12.75,12.75,12.75,12.75,0.0,12.75,0,False
2025-12-23 23:00:00+00:00,12.75,12.75,12.75,12.75,0.0,12.75,0,False
2025-12-24 00:00:00+00:00,12.75,12.75,12.75,12.75,0.0,12.75,0,False
2025-12-24 14:00:00+00:00,12.75,12.88,12.75,12.87,2532.0,12.8,14,False
2025-12-24 15:00:00+00:00,12.95,12.95,12.6,12.6,10140.0,12.721,60,True
2025-12-24 16:00:00+00:00,12.62,12.76,12.33,12.63,45576.0,12.61,80,True
2025-12-24 17:00:00+00:00,12.57,12.81,12.57,12.75,9494.0,12.694,81,True
2025-12-24 18:00:00+00:00,12.79,12.79,12.78,12.79,5815.0,12.785,1,True
2025-12-24 19:00:00+00:00,12.79,12.79,12.79,12.79,0.0,12.79,0,True
2025-12-24 20:00:00+00:00,13.0,13.0,13.0,13.0,385.0,13.0,1,True
2025-12-24 21:00:00+00:00,13.0,13.0,13.0,13.0,0.0,13.0,0,False
2025-12-26 13:00:00+00:00,13.26,13.26,13.26,13.26,100.0,13.26,1,False
2025-12-26 14:00:00+00:00,12.75,12.77,12.24,12.66,9171.0,12.665,45,False
2025-12-26 15:00:00+00:00,12.91,12.91,12.58,12.59,5131.0,12.714,39,True
2025-12-26 16:00:00+00:00,12.6,12.73,12.54,12.72,15586.0,12.631,132,True
2025-12-26 17:00:00+00:00,12.71,12.72,12.56,12.58,7193.0,12.658,39,True
2025-12-26 18:00:00+00:00,12.68,12.7,12.56,12.62,8861.0,12.598,51,True
2025-12-26 19:00:00+00:00,12.6,12.66,12.54,12.6,20860.0,12.598,144,True
2025-12-26 20:00:00+00:00,12.65,12.7,12.44,12.61,28776.0,12.601,222,True
2025-12-26 21:00:00+00:00,12.6,12.6,12.6,12.6,5073.0,12.6,1,False
2025-12-26 22:00:00+00:00,12.6,12.6,12.6,12.6,0.0,12.6,0,False
2025-12-26 23:00:00+00:00,12.6,12.6,12.6,12.6,0.0,12.6,0,False
2025-12-27 00:00:00+00:00,12.6,12.6,12.6,12.6,0.0,12.6,0,False
2025-12-29 14:00:00+00:00,12.56,12.89,12.53,12.53,4125.0,12.605,6,False
2025-12-29 15:00:00+00:00,12.5,12.62,12.43,12.5,15735.0,12.54,55,True
2025-12-29 16:00:00+00:00,12.46,12.68,12.46,12.53,6170.0,12.577,48,True
2025-12-29 17:00:00+00:00,12.55,12.64,12.51,12.61,9027.0,12.564,48,True
2025-12-29 18:00:00+00:00,12.59,12.68,12.59,12.61,5535.0,12.625,41,True
2025-12-29 19:00:00+00:00,12.57,12.65,12.54,12.56,5143.0,12.588,42,True
2025-12-29 20:00:00+00:00,12.57,12.7,12.56,12.62,33221.0,12.626,242,True
2025-12-29 21:00:00+00:00,12.6,12.6,12.6,12.6,17426.0,12.6,6,False
2025-12-29 22:00:00+00:00,12.6,12.6,12.6,12.6,0.0,12.6,0,False
2025-12-29 23:00:00+00:00,12.6,12.6,12.6,12.6,0.0,12.6,0,False
2025-12-30 00:00:00+00:00,12.6,12.6,12.6,12.6,0.0,12.6,0,False
2025-12-30 14:00:00+00:00,12.62,12.67,12.62,12.67,2036.0,12.622,2,False
2025-12-30 15:00:00+00:00,12.69,12.69,12.6,12.64,6359.0,12.615,42,True
2025-12-30 16:00:00+00:00,12.67,12.68,12.6,12.6,9551.0,12.61,80,True
2025-12-30 17:00:00+00:00,12.6,12.63,12.56,12.63,33090.0,12.592,119,True
2025-12-30 18:00:00+00:00,12.61,12.68,12.57,12.57,67953.0,12.61,96,True
2025-12-30 19:00:00+00:00,12.66,12.66,12.5,12.51,8028.0,12.535,70,True
2025-12-30 20:00:00+00:00,12.52,12.61,12.5,12.53,10921.0,12.531,70,True
2025-12-30 21:00:00+00:00,12.5,12.5,12.5,12.5,15160.0,12.5,1,False
2025-12-30 22:00:00+00:00,12.5,12.5,12.5,12.5,0.0,12.5,0,False
2025-12-30 23:00:00+00:00,12.5,12.5,12.5,12.5,0.0,12.5,0,False
2025-12-31 00:00:00+00:00,12.5,12.5,12.5,12.5,0.0,12.5,0,False
2025-12-31 14:00:00+00:00,12.54,12.65,12.39,12.51,4395.0,12.538,12,False
2025-12-31 15:00:00+00:00,12.65,12.7,12.43,12.69,11112.0,12.546,42,True
2025-12-31 16:00:00+00:00,12.58,12.65,12.53,12.58,2147.0,12.587,19,True
2025-12-31 17:00:00+00:00,12.65,12.71,12.56,12.69,2419.0,12.653,14,True
2025-12-31 18:00:00+00:00,12.69,12.69,12.56,12.56,2696.0,12.626,22,True
2025-12-31 19:00:00+00:00,12.57,12.63,12.55,12.57,2884.0,12.568,25,True
2025-12-31 20:00:00+00:00,12.59,12.71,12.58,12.7,13201.0,12.661,93,True
2025-12-31 21:00:00+00:00,12.7,12.7,12.7,12.7,14376.0,12.7,2,False
2025-12-31 22:00:00+00:00,12.7,12.7,12.7,12.7,0.0,12.7,0,False
2025-12-31 23:00:00+00:00,12.7,12.7,12.7,12.7,0.0,12.7,0,False
2026-01-01 00:00:00+00:00,12.7,12.7,12.7,12.7,0.0,12.7,0,False
2026-01-02 14:00:00+00:00,12.8,13.21,12.8,13.11,13633.0,12.97,71,False
2026-01-02 15:00:00+00:00,13.18,13.38,13.01,13.33,57280.0,13.16,204,True
2026-01-02 16:00:00+00:00,13.32,13.43,13.21,13.29,22433.0,13.343,157,True
2026-01-02 17:00:00+00:00,13.29,13.3,13.13,13.23,10063.0,13.233,80,True
2026-01-02 18:00:00+00:00,13.23,13.23,13.07,13.12,5057.0,13.156,48,True
2026-01-02 19:00:00+00:00,13.12,13.26,13.06,13.1,8767.0,13.155,70,True
2026-01-02 20:00:00+00:00,13.08,13.4,13.07,13.24,38517.0,13.277,267,True
2026-01-02 21:00:00+00:00,13.24,18.0,13.24,16.0,344618.0,16.362,1452,False
2026-01-02 22:00:00+00:00,15.99,16.15,15.55,15.71,48671.0,15.778,228,False
2026-01-02 23:00:00+00:00,15.71,15.95,15.6,15.61,31649.0,15.776,104,False
2026-01-03 00:00:00+00:00,15.57,16.2,15.57,16.2,36021.0,15.992,129,False
2026-01-05 09:00:00+00:00,15.94,16.29,15.31,15.54,3901.0,15.721,29,False
2026-01-05 10:00:00+00:00,15.54,16.49,15.54,15.66,7336.0,15.865,45,False
2026-01-05 11:00:00+00:00,15.9,15.98,15.55,15.55,3711.0,15.812,13,False
2026-01-05 12:00:00+00:00,17.0,20.13,16.0,18.2,462675.0,17.924,2453,False
2026-01-05 13:00:00+00:00,15.9,20.2,15.22,18.96,975756.0,18.856,4188,False
2026-01-05 14:00:00+00:00,18.9,19.4,16.87,17.18,831130.0,17.987,3607,False
2026-01-05 15:00:00+00:00,17.0,17.36,15.72,15.98,586817.0,16.489,2857,True
2026-01-05 16:00:00+00:00,15.95,16.06,15.57,15.82,238618.0,15.771,1250,True
2026-01-05 17:00:00+00:00,15.88,16.06,15.51,15.88,196969.0,15.8,1041,True
2026-01-05 18:00:00+00:00,15.83,15.99,15.2,15.23,177890.0,15.546,729,True
2026-01-05 19:00:00+00:00,15.28,15.38,15.0,15.29,122836.0,15.183,541,True
2026-01-05 20:00:00+00:00,15.36,15.61,15.02,15.46,185472.0,15.432,1044,True
2026-01-05 21:00:00+00:00,15.46,15.61,15.2,15.53,55964.0,15.435,53,False
2026-01-05 22:00:00+00:00,15.73,15.74,15.46,15.46,3904.0,15.648,11,False
2026-01-05 23:00:00+00:00,15.48,15.6,15.47,15.6,3580.0,15.517,8,False
2026-01-06 00:00:00+00:00,15.6,15.74,15.6,15.72,4164.0,15.685,11,False
2026-01-06 10:00:00+00:00,15.6,15.6,15.5,15.5,464.0,15.573,3,False
2026-01-06 11:00:00+00:00,15.59,15.59,15.59,15.59,299.0,15.59,2,False
2026-01-06 12:00:00+00:00,15.51,15.58,15.51,15.51,900.0,15.529,7,False
2026-01-06 13:00:00+00:00,15.59,15.74,15.5,15.7,7268.0,15.613,30,False
2026-01-06 14:00:00+00:00,15.66,16.19,14.56,14.8,160182.0,15.444,676,False
2026-01-06 15:00:00+00:00,14.71,15.0,13.73,13.85,106511.0,14.37,552,True
2026-01-06 16:00:00+00:00,13.87,14.22,13.66,13.69,82521.0,13.889,480,True
2026-01-06 17:00:00+00:00,13.74,13.77,13.5,13.63,69488.0,13.632,320,True
2026-01-06 18:00:00+00:00,13.67,13.69,13.52,13.55,32774.0,13.579,204,True
2026-01-06 19:00:00+00:00,13.57,14.0,13.54,13.92,54083.0,13.822,339,True
2026-01-06 20:00:00+00:00,14.04,14.51,13.94,14.13,132667.0,14.202,805,True
2026-01-06 21:00:00+00:00,14.12,14.12,14.12,14.12,23531.0,14.12,1,False
2026-01-06 22:00:00+00:00,14.07,14.07,14.06,14.07,1000.0,14.069,1,False
2026-01-06 23:00:00+00:00,14.07,14.12,13.86,13.87,513.0,14.002,4,False
2026-01-07 00:00:00+00:00,14.12,14.12,14.12,14.12,100.0,14.12,1,False
2026-01-07 13:00:00+00:00,13.9,14.39,13.89,14.38,924.0,14.202,4,False
2026-01-07 14:00:00+00:00,14.28,14.91,14.17,14.72,394660.0,14.374,798,False
2026-01-07 15:00:00+00:00,14.68,16.04,14.67,16.0,238995.0,15.399,1365,True
2026-01-07 16:00:00+00:00,16.01,17.11,15.98,17.07,139506.0,16.589,771,True
2026-01-07 17:00:00+00:00,17.01,17.58,16.9,17.16,196050.0,17.278,969,True
2026-01-07 18:00:00+00:00,17.16,17.26,16.57,17.25,159657.0,16.857,901,True
2026-01-07 19:00:00+00:00,17.31,17.57,17.0,17.53,55796.0,17.242,411,True
2026-01-07 20:00:00+00:00,17.55,18.17,17.4,17.97,299142.0,17.849,1432,True
2026-01-07 21:00:00+00:00,17.95,17.95,17.68,17.69,24813.0,17.937,6,False
2026-01-07 22:00:00+00:00,17.69,17.95,17.68,17.72,1798.0,17.887,8,False
2026-01-07 23:00:00+00:00,17.72,17.72,17.72,17.72,0.0,17.72,0,False
2026-01-08 00:00:00+00:00,17.72,17.73,17.72,17.72,100.0,17.723,1,False
2026-01-08 09:00:00+00:00,17.81,17.82,17.81,17.82,224.0,17.816,2,False
2026-01-08 10:00:00+00:00,17.82,17.82,17.82,17.82,0.0,17.82,0,False
2026-01-08 11:00:00+00:00,17.82,17.82,17.82,17.82,0.0,17.82,0,False
2026-01-08 12:00:00+00:00,17.82,17.82,17.82,17.82,0.0,17.82,0,False
2026-01-08 13:00:00+00:00,17.56,17.7,17.51,17.51,4519.0,17.569,14,False
2026-01-08 14:00:00+00:00,17.51,17.65,16.34,16.66,103938.0,16.995,472,False
2026-01-08 15:00:00+00:00,16.71,17.04,16.5,16.57,53383.0,16.739,329,True
2026-01-08 16:00:00+00:00,16.54,16.79,16.46,16.63,38184.0,16.573,295,True
2026-01-08 17:00:00+00:00,16.63,16.63,16.48,16.48,17839.0,16.536,156,True
2026-01-08 18:00:00+00:00,16.48,16.61,16.15,16.19,119935.0,16.374,678,True
2026-01-08 19:00:00+00:00,16.22,16.27,15.52,15.54,80517.0,15.89,513,True
2026-01-08 20:00:00+00:00,15.54,15.76,15.52,15.56,119272.0,15.608,835,True
2026-01-08 21:00:00+00:00,15.55,15.55,15.55,15.55,28514.0,15.55,1,False
2026-01-08 22:00:00+00:00,15.5,15.73,15.5,15.73,733.0,15.63,6,False
2026-01-08 23:00:00+00:00,15.72,15.73,15.71,15.72,866.0,15.721,3,False
2026-01-09 00:00:00+00:00,15.7,15.7,15.7,15.7,128.0,15.7,1,False
2026-01-09 10:00:00+00:00,15.56,15.56,15.56,15.56,200.0,15.56,1,False
2026-01-09 11:00:00+00:00,15.56,15.56,15.56,15.56,0.0,15.56,0,False
2026-01-09 12:00:00+00:00,15.56,15.56,15.56,15.56,0.0,15.56,0,False
2026-01-09 13:00:00+00:00,15.56,15.56,15.56,15.56,0.0,15.56,0,False
2026-01-09 14:00:00+00:00,15.8,15.84,14.71,15.0,61716.0,15.214,257,False
2026-01-09 15:00:00+00:00,15.0,15.27,14.9,15.0,33396.0,15.048,182,True
2026-01-09 16:00:00+00:00,15.05,15.12,14.95,15.12,50677.0,15.005,333,True
2026-01-09 17:00:00+00:00,15.07,15.2,15.01,15.02,15545.0,15.11,97,True
2026-01-09 18:00:00+00:00,15.01,15.05,14.95,14.95,24355.0,14.987,167,True
2026-01-09 19:00:00+00:00,14.95,15.04,14.82,15.04,74648.0,14.921,595,True
2026-01-09 20:00:00+00:00,15.01,15.1,15.0,15.01,42617.0,15.029,297,True
2026-01-09 21:00:00+00:00,15.01,15.01,15.01,15.01,12697.0,15.01,1,False
2026-01-09 22:00:00+00:00,15.01,15.01,15.01,15.01,0.0,15.01,0,False
2026-01-09 23:00:00+00:00,15.01,15.01,15.01,15.01,0.0,15.01,0,False
2026-01-10 00:00:00+00:00,15.3,15.3,14.9,14.9,11200.0,15.1,2,False
2026-01-12 09:00:00+00:00,16.0,16.0,16.0,16.0,167.0,16.0,1,False
2026-01-12 10:00:00+00:00,16.0,16.0,16.0,16.0,0.0,16.0,0,False
2026-01-12 11:00:00+00:00,16.0,16.0,16.0,16.0,0.0,16.0,0,False
2026-01-12 12:00:00+00:00,16.0,16.0,16.0,16.0,0.0,16.0,0,False
2026-01-12 13:00:00+00:00,15.0,15.0,15.0,15.0,150.0,15.0,1,False
2026-01-12 14:00:00+00:00,15.1,15.1,14.75,15.0,21909.0,15.011,139,False
2026-01-12 15:00:00+00:00,15.0,15.12,14.75,14.96,33546.0,14.9,244,True
2026-01-12 16:00:00+00:00,14.9,15.26,14.9,15.26,8104.0,15.026,52,True
2026-01-12 17:00:00+00:00,15.16,15.17,15.03,15.04,2680.0,15.115,23,True
2026-01-12 18:00:00+00:00,15.05,15.21,15.02,15.17,10472.0,15.117,65,True
2026-01-12 19:00:00+00:00,15.09,15.3,15.06,15.14,11525.0,15.145,59,True
2026-01-12 20:00:00+00:00,15.24,15.37,15.17,15.27,14096.0,15.247,107,True
2026-01-12 21:00:00+00:00,15.21,15.21,14.9,14.9,12116.0,15.203,3,False
2026-01-12 22:00:00+00:00,14.95,14.95,14.75,14.75,784.0,14.916,3,False
2026-01-12 23:00:00+00:00,14.75,14.75,14.75,14.75,0.0,14.75,0,False
2026-01-13 00:00:00+00:00,14.73,14.73,14.72,14.73,150.0,14.728,1,False
2026-01-13 14:00:00+00:00,15.16,16.26,15.0,15.25,6903.0,15.318,20,False
2026-01-13 15:00:00+00:00,15.03,15.65,15.01,15.59,21525.0,15.423,138,True
2026-01-13 16:00:00+00:00,15.59,16.0,15.29,15.33,26344.0,15.674,153,True
2026-01-13 17:00:00+00:00,15.32,15.6,15.32,15.49,12270.0,15.482,52,True
2026-01-13 18:00:00+00:00,15.47,15.65,15.35,15.42,109218.0,15.508,228,True
2026-01-13 19:00:00+00:00,15.42,15.86,15.41,15.68,165047.0,15.544,289,True
2026-01-13 20:00:00+00:00,15.69,15.89,15.4,15.85,104732.0,15.641,730,True
2026-01-13 21:00:00+00:00,15.84,15.84,15.84,15.84,18983.0,15.84,6,False
2026-01-13 22:00:00+00:00,15.84,15.84,15.84,15.84,0.0,15.84,0,False
2026-01-13 23:00:00+00:00,15.84,15.84,15.84,15.84,0.0,15.84,0,False
2026-01-14 00:00:00+00:00,15.84,15.84,15.84,15.84,0.0,15.84,0,False
2026-01-14 13:00:00+00:00,15.84,15.84,15.84,15.84,300.0,15.84,1,False
2026-01-14 14:00:00+00:00,15.84,16.1,15.4,15.58,15338.0,15.7,75,False
2026-01-14 15:00:00+00:00,15.56,16.29,15.42,16.14,80637.0,15.713,393,True
2026-01-14 16:00:00+00:00,15.83,16.57,15.83,16.34,37620.0,16.331,201,True
2026-01-14 17:00:00+00:00,16.36,16.64,16.24,16.49,18459.0,16.375,105,True
2026-01-14 18:00:00+00:00,16.46,16.81,16.38,16.53,30120.0,16.538,125,True
2026-01-14 19:00:00+00:00,16.51,16.66,16.48,16.53,21111.0,16.598,110,True
2026-01-14 20:00:00+00:00,16.51,16.95,16.51,16.92,33135.0,16.821,235,True
2026-01-14 21:00:00+00:00,16.91,16.91,16.91,16.91,13726.0,16.91,7,False
2026-01-14 22:00:00+00:00,16.91,16.91,16.91,16.91,0.0,16.91,0,False
2026-01-14 23:00:00+00:00,16.8,16.8,16.47,16.48,617.0,16.586,2,False
2026-01-15 00:00:00+00:00,16.48,16.48,16.47,16.48,0.0,16.48,0,False
2026-01-15 13:00:00+00:00,16.65,16.65,16.65,16.65,102.0,16.65,1,False
2026-01-15 14:00:00+00:00,16.85,17.15,16.42,16.47,10177.0,16.748,66,False
2026-01-15 15:00:00+00:00,16.2,16.81,16.19,16.81,7088.0,16.326,25,True
2026-01-15 16:00:00+00:00,16.52,16.8,16.52,16.71,6376.0,16.69,50,True
2026-01-15 17:00:00+00:00,16.75,16.96,16.68,16.69,7070.0,16.791,56,True
2026-01-15 18:00:00+00:00,16.71,16.85,16.63,16.69,8160.0,16.739,53,True
2026-01-15 19:00:00+00:00,16.69,16.99,16.68,16.88,6936.0,16.872,62,True
2026-01-15 20:00:00+00:00,16.76,17.33,16.55,16.99,73197.0,16.978,492,True
2026-01-15 21:00:00+00:00,16.96,16.96,16.96,16.96,19240.0,16.96,4,False
2026-01-15 22:00:00+00:00,16.96,16.96,16.96,16.96,1200.0,16.96,2,False
2026-01-15 23:00:00+00:00,16.96,16.96,16.96,16.96,140.0,16.96,1,False
2026-01-16 00:00:00+00:00,16.96,16.96,16.96,16.96,0.0,16.96,0,False
2026-01-16 12:00:00+00:00,16.96,16.96,16.96,16.96,293.0,16.96,1,False
2026-01-16 13:00:00+00:00,16.96,16.96,16.96,16.96,0.0,16.96,0,False
2026-01-16 14:00:00+00:00,16.92,16.95,16.55,16.94,1989.0,16.898,8,False
2026-01-16 15:00:00+00:00,16.92,17.2,16.89,17.0,16835.0,17.024,105,True
2026-01-16 16:00:00+00:00,16.93,17.13,16.93,17.04,16734.0,17.037,103,True
2026-01-16 17:00:00+00:00,16.98,17.07,16.97,17.01,13940.0,17.023,104,True
2026-01-16 18:00:00+00:00,17.0,17.02,16.96,17.02,5598.0,16.998,49,True
2026-01-16 19:00:00+00:00,16.98,17.01,16.82,16.93,9990.0,16.893,82,True
2026-01-16 20:00:00+00:00,16.89,17.07,16.88,16.98,51247.0,16.971,403,True
2026-01-16 21:00:00+00:00,16.99,16.99,16.99,16.99,11358.0,16.99,1,False
2026-01-16 22:00:00+00:00,16.99,16.99,16.99,16.99,0.0,16.99,0,False
2026-01-16 23:00:00+00:00,16.99,16.99,16.99,16.99,0.0,16.99,0,False
2026-01-17 00:00:00+00:00,16.99,16.99,16.99,16.99,0.0,16.99,0,False
2026-01-20 09:00:00+00:00,16.8,16.8,16.8,16.8,100.0,16.8,1,False
2026-01-20 10:00:00+00:00,16.8,16.8,16.8,16.8,300.0,16.8,2,False
2026-01-20 11:00:00+00:00,16.8,16.8,16.8,16.8,0.0,16.8,0,False
2026-01-20 12:00:00+00:00,16.8,16.8,16.8,16.8,0.0,16.8,0,False
2026-01-20 13:00:00+00:00,17.17,17.17,17.17,17.17,100.0,17.17,1,False
2026-01-20 14:00:00+00:00,17.0,17.0,15.77,16.23,26940.0,16.335,153,False
2026-01-20 15:00:00+00:00,16.24,16.43,16.01,16.16,37781.0,16.156,256,True
2026-01-20 16:00:00+00:00,16.27,16.27,15.91,15.91,22022.0,16.085,169,True
2026-01-20 17:00:00+00:00,15.93,16.13,15.81,16.06,119855.0,15.964,466,True
2026-01-20 18:00:00+00:00,16.06,16.12,15.68,15.77,74500.0,15.948,404,True
2026-01-20 19:00:00+00:00,15.77,16.02,15.73,15.88,26993.0,15.865,173,True
2026-01-20 20:00:00+00:00,15.88,15.95,15.67,15.72,58270.0,15.77,477,True
2026-01-20 21:00:00+00:00,15.75,15.75,15.74,15.74,15387.0,15.75,6,False
2026-01-20 22:00:00+00:00,15.74,15.74,15.74,15.74,0.0,15.74,0,False
2026-01-20 23:00:00+00:00,16.0,16.0,15.71,15.71,10656.0,15.853,4,False
2026-01-21 00:00:00+00:00,15.71,15.71,15.71,15.71,0.0,15.71,0,False
2026-01-21 12:00:00+00:00,15.72,15.72,15.72,15.72,125.0,15.72,1,False
2026-01-21 13:00:00+00:00,15.72,15.72,15.72,15.72,0.0,15.72,0,False
2026-01-21 14:00:00+00:00,15.75,16.15,15.48,15.9,35423.0,15.809,124,False
2026-01-21 15:00:00+00:00,15.85,16.14,15.74,15.75,55806.0,15.919,237,True
2026-01-21 16:00:00+00:00,15.79,15.92,15.69,15.75,17678.0,15.767,79,True
2026-01-21 17:00:00+00:00,15.73,15.89,15.68,15.75,22418.0,15.76,129,True
2026-01-21 18:00:00+00:00,15.72,15.77,15.67,15.72,21202.0,15.711,118,True
2026-01-21 19:00:00+00:00,15.69,16.07,15.68,15.98,22239.0,15.885,170,True
2026-01-21 20:00:00+00:00,15.97,16.38,15.83,16.38,42766.0,16.095,328,True
2026-01-21 21:00:00+00:00,16.37,16.37,16.37,16.37,16915.0,16.37,1,False
2026-01-21 22:00:00+00:00,16.37,16.37,16.37,16.37,0.0,16.37,0,False
2026-01-21 23:00:00+00:00,16.37,16.37,16.37,16.37,0.0,16.37,0,False
2026-01-22 00:00:00+00:00,16.37,16.37,16.37,16.37,0.0,16.37,0,False
2026-01-22 13:00:00+00:00,16.69,16.69,16.06,16.36,800.0,16.528,5,False
2026-01-22 14:00:00+00:00,16.2,17.21,16.11,17.21,6119.0,16.705,16,False
2026-01-22 15:00:00+00:00,17.21,17.3,16.68,17.03,34587.0,17.019,178,True
2026-01-22 16:00:00+00:00,16.92,17.15,16.7,16.85,15523.0,16.887,103,True
2026-01-22 17:00:00+00:00,16.85,17.02,16.69,16.69,13968.0,16.833,91,True
2026-01-22 18:00:00+00:00,16.73,16.73,16.47,16.57,12108.0,16.597,92,True
2026-01-22 19:00:00+00:00,16.55,16.7,16.44,16.47,20573.0,16.583,125,True
2026-01-22 20:00:00+00:00,16.45,16.73,16.45,16.7,23243.0,16.643,203,True
2026-01-22 21:00:00+00:00,16.74,16.74,16.74,16.74,12465.0,16.74,1,False
2026-01-22 22:00:00+00:00,16.74,16.74,16.74,16.74,0.0,16.74,0,False
2026-01-22 23:00:00+00:00,16.74,16.74,16.74,16.74,0.0,16.74,0,False
2026-01-23 00:00:00+00:00,16.74,16.74,16.74,16.74,0.0,16.74,0,False
2026-01-23 14:00:00+00:00,16.9,16.93,16.34,16.5,16529.0,16.644,49,False
2026-01-23 15:00:00+00:00,16.54,16.98,16.3,16.75,22742.0,16.659,152,True
2026-01-23 16:00:00+00:00,16.81,16.81,16.49,16.51,4458.0,16.638,36,True
2026-01-23 17:00:00+00:00,16.61,16.61,16.48,16.52,10666.0,16.543,80,True
2026-01-23 18:00:00+00:00,16.52,16.85,16.39,16.5,83587.0,16.58,344,True
2026-01-23 19:00:00+00:00,16.51,16.7,16.5,16.63,11644.0,16.608,92,True
2026-01-23 20:00:00+00:00,16.59,16.77,16.39,16.72,73947.0,16.611,496,True
2026-01-23 21:00:00+00:00,16.73,16.73,16.73,16.73,11555.0,16.73,2,False
2026-01-23 22:00:00+00:00,16.73,16.73,16.73,16.73,0.0,16.73,0,False
2026-01-23 23:00:00+00:00,16.73,16.73,16.73,16.73,0.0,16.73,0,False
2026-01-24 00:00:00+00:00,16.73,16.73,16.73,16.73,0.0,16.73,0,False
2026-01-26 10:00:00+00:00,16.37,16.37,16.37,16.37,100.0,16.37,1,False
2026-01-26 11:00:00+00:00,16.37,16.37,16.37,16.37,0.0,16.37,0,False
2026-01-26 12:00:00+00:00,16.37,16.37,16.37,16.37,0.0,16.37,0,False
2026-01-26 13:00:00+00:00,16.73,16.73,16.72,16.73,430.0,16.727,1,False
2026-01-26 14:00:00+00:00,16.58,16.58,15.98,16.34,9821.0,16.242,40,False
2026-01-26 15:00:00+00:00,16.34,16.94,16.34,16.83,14093.0,16.667,112,True
2026-01-26 16:00:00+00:00,16.78,16.93,16.72,16.83,14591.0,16.799,95,True
2026-01-26 17:00:00+00:00,16.8,16.82,16.66,16.75,3458.0,16.749,30,True
2026-01-26 18:00:00+00:00,16.75,16.82,16.6,16.68,4272.0,16.718,33,True
2026-01-26 19:00:00+00:00,16.61,16.67,16.56,16.59,5754.0,16.613,29,True
2026-01-26 20:00:00+00:00,16.55,16.72,16.54,16.66,64012.0,16.658,382,True
2026-01-26 21:00:00+00:00,16.6,16.6,16.6,16.6,11445.0,16.6,1,False
2026-01-26 22:00:00+00:00,16.6,16.6,16.6,16.6,0.0,16.6,0,False
2026-01-26 23:00:00+00:00,16.66,16.66,16.66,16.66,246.0,16.66,1,False
2026-01-27 00:00:00+00:00,16.66,16.66,16.66,16.66,0.0,16.66,0,False
2026-01-27 09:00:00+00:00,16.5,16.5,16.5,16.5,302.0,16.5,1,False
2026-01-27 10:00:00+00:00,16.06,16.1,16.0,16.0,4698.0,16.017,8,False
2026-01-27 11:00:00+00:00,16.0,16.0,16.0,16.0,0.0,16.0,0,False
2026-01-27 12:00:00+00:00,16.0,16.0,16.0,16.0,0.0,16.0,0,False
2026-01-27 13:00:00+00:00,16.0,16.0,16.0,16.0,0.0,16.0,0,False
2026-01-27 14:00:00+00:00,16.69,16.69,16.42,16.52,3078.0,16.586,16,False
2026-01-27 15:00:00+00:00,16.26,16.32,16.0,16.05,10490.0,16.141,52,True
2026-01-27 16:00:00+00:00,16.01,16.31,16.0,16.19,16496.0,16.099,92,True
2026-01-27 17:00:00+00:00,16.12,16.21,16.09,16.14,2039.0,16.153,18,True
2026-01-27 18:00:00+00:00,16.16,16.25,16.07,16.12,13419.0,16.121,79,True
2026-01-27 19:00:00+00:00,16.2,16.24,16.08,16.12,4600.0,16.162,21,True
2026-01-27 20:00:00+00:00,16.2,16.28,16.05,16.24,36911.0,16.155,178,True
2026-01-27 21:00:00+00:00,16.21,16.21,16.21,16.21,9394.0,16.21,2,False
2026-01-27 22:00:00+00:00,16.21,16.21,16.21,16.21,0.0,16.21,0,False
2026-01-27 23:00:00+00:00,16.21,16.21,16.21,16.21,0.0,16.21,0,False
2026-01-28 00:00:00+00:00,16.21,16.21,16.21,16.21,0.0,16.21,0,False
2026-01-28 14:00:00+00:00,16.21,16.37,15.5,15.8,63880.0,15.77,358,False
2026-01-28 15:00:00+00:00,15.71,16.0,15.67,15.79,18728.0,15.82,127,True
2026-01-28 16:00:00+00:00,15.84,16.11,15.78,16.0,10013.0,15.912,88,True
2026-01-28 17:00:00+00:00,15.96,16.13,15.8,16.01,30702.0,15.97,178,True
2026-01-28 18:00:00+00:00,16.0,16.28,15.87,16.19,24398.0,16.074,175,True
2026-01-28 19:00:00+00:00,16.18,16.37,16.09,16.21,24357.0,16.23,190,True
2026-01-28 20:00:00+00:00,16.16,16.26,15.97,16.07,40216.0,16.086,260,True
2026-01-28 21:00:00+00:00,16.06,16.06,14.96,14.96,14331.0,16.039,4,False
2026-01-28 22:00:00+00:00,14.96,14.96,14.96,14.96,0.0,14.96,0,False
2026-01-28 23:00:00+00:00,14.96,14.96,14.96,14.96,0.0,14.96,0,False
2026-01-29 00:00:00+00:00,14.96,14.97,14.96,14.96,0.0,14.96,0,False
2026-01-29 14:00:00+00:00,16.07,16.48,15.99,16.27,4284.0,16.106,13,False
2026-01-29 15:00:00+00:00,16.08,16.22,15.8,15.99,13276.0,15.969,94,True
2026-01-29 16:00:00+00:00,16.05,16.28,15.97,15.97,9012.0,16.17,41,True
2026-01-29 17:00:00+00:00,15.96,16.11,15.89,16.09,15868.0,15.993,56,True
2026-01-29 18:00:00+00:00,16.08,16.37,16.08,16.23,5751.0,16.201,46,True
2026-01-29 19:00:00+00:00,16.16,16.26,16.1,16.25,1226.0,16.171,9,True
2026-01-29 20:00:00+00:00,16.21,16.46,16.12,16.25,18169.0,16.279,113,True
2026-01-29 21:00:00+00:00,16.24,16.24,16.24,16.24,8302.0,16.24,1,False
2026-01-29 22:00:00+00:00,16.24,16.24,16.24,16.24,0.0,16.24,0,False
2026-01-29 23:00:00+00:00,16.24,16.24,16.24,16.24,0.0,16.24,0,False
2026-01-30 00:00:00+00:00,16.24,16.24,16.24,16.24,0.0,16.24,0,False
2026-01-30 14:00:00+00:00,16.18,16.3,16.03,16.05,2341.0,16.166,12,False
2026-01-30 15:00:00+00:00,16.14,16.48,16.02,16.1,3397.0,16.148,26,True
2026-01-30 16:00:00+00:00,16.06,16.3,16.06,16.3,3450.0,16.161,21,True
2026-01-30 17:00:00+00:00,16.25,16.39,16.13,16.13,11492.0,16.299,62,True
2026-01-30 18:00:00+00:00,16.05,16.16,15.94,16.03,10687.0,16.041,73,True
2026-01-30 19:00:00+00:00,16.02,16.14,15.65,15.65,11752.0,15.96,77,True
2026-01-30 20:00:00+00:00,15.62,15.84,15.57,15.7,33018.0,15.686,215,True
2026-01-30 21:00:00+00:00,15.66,15.66,15.35,15.35,12005.0,15.657,2,False
2026-01-30 22:00:00+00:00,15.35,15.35,15.35,15.35,0.0,15.35,0,False
2026-01-30 23:00:00+00:00,15.35,15.35,15.35,15.35,0.0,15.35,0,False
2026-01-31 00:00:00+00:00,15.35,15.35,15.35,15.35,0.0,15.35,0,False
2026-02-02 14:00:00+00:00,15.49,15.93,15.41,15.77,3722.0,15.718,11,False
2026-02-02 15:00:00+00:00,16.01,16.33,15.8,16.14,11304.0,16.134,86,True
2026-02-02 16:00:00+00:00,16.14,16.2,15.9,15.96,34104.0,16.079,97,True
2026-02-02 17:00:00+00:00,15.98,16.01,15.86,15.95,4093.0,15.934,32,True
2026-02-02 18:00:00+00:00,15.92,15.92,15.79,15.83,2206.0,15.829,16,True
2026-02-02 19:00:00+00:00,15.84,15.91,15.65,15.88,6653.0,15.797,54,True
2026-02-02 20:00:00+00:00,15.82,15.87,15.58,15.86,38782.0,15.743,319,True
2026-02-02 21:00:00+00:00,15.82,15.82,15.82,15.82,11239.0,15.82,2,False
2026-02-02 22:00:00+00:00,15.82,15.82,15.82,15.82,0.0,15.82,0,False
2026-02-02 23:00:00+00:00,16.13,16.13,16.13,16.13,100.0,16.13,1,False
2026-02-03 00:00:00+00:00,16.13,16.13,16.13,16.13,0.0,16.13,0,False
2026-02-03 14:00:00+00:00,15.79,15.98,15.53,15.61,2325.0,15.831,11,False
2026-02-03 15:00:00+00:00,16.1,16.25,15.85,16.02,9584.0,16.055,50,True
2026-02-03 16:00:00+00:00,16.02,16.02,15.57,15.71,10136.0,15.783,79,True
2026-02-03 17:00:00+00:00,15.68,15.77,15.51,15.64,17784.0,15.677,162,True
2026-02-03 18:00:00+00:00,15.56,15.56,15.34,15.4,24105.0,15.44,118,True
2026-02-03 19:00:00+00:00,15.45,15.67,15.31,15.61,13541.0,15.529,108,True
2026-02-03 20:00:00+00:00,15.67,15.92,15.57,15.92,16502.0,15.789,113,True
2026-02-03 21:00:00+00:00,15.92,15.92,15.92,15.92,4991.0,15.92,1,False
2026-02-03 22:00:00+00:00,15.92,15.92,15.92,15.92,0.0,15.92,0,False
2026-02-03 23:00:00+00:00,15.92,15.92,15.92,15.92,0.0,15.92,0,False
2026-02-04 00:00:00+00:00,15.92,15.92,15.92,15.92,0.0,15.92,0,False
2026-02-04 14:00:00+00:00,15.7,16.0,15.29,15.76,14381.0,15.716,80,False
2026-02-04 15:00:00+00:00,15.77,15.77,15.1,15.18,41907.0,15.392,195,True
2026-02-04 16:00:00+00:00,15.1,15.3,15.0,15.07,14204.0,15.167,106,True
2026-02-04 17:00:00+00:00,15.19,15.3,15.0,15.1,26076.0,15.156,152,True
2026-02-04 18:00:00+00:00,15.07,15.38,14.91,15.33,13486.0,15.166,121,True
2026-02-04 19:00:00+00:00,15.29,15.46,15.18,15.41,15697.0,15.341,132,True
2026-02-04 20:00:00+00:00,15.48,15.74,15.23,15.54,77851.0,15.593,532,True
2026-02-04 21:00:00+00:00,15.54,15.54,15.54,15.54,33869.0,15.54,2,False
2026-02-04 22:00:00+00:00,15.54,15.54,15.54,15.54,0.0,15.54,0,False
2026-02-04 23:00:00+00:00,15.54,15.54,15.54,15.54,0.0,15.54,0,False
2026-02-05 00:00:00+00:00,15.54,15.54,15.54,15.54,0.0,15.54,0,False
2026-02-05 14:00:00+00:00,15.24,15.24,14.7,14.94,22118.0,14.926,144,False
2026-02-05 15:00:00+00:00,14.95,14.95,14.32,14.43,46235.0,14.577,359,True
2026-02-05 16:00:00+00:00,14.4,14.78,14.21,14.65,52450.0,14.499,416,True
2026-02-05 17:00:00+00:00,14.67,14.68,14.16,14.2,43486.0,14.444,359,True
2026-02-05 18:00:00+00:00,14.21,14.24,13.81,14.18,63321.0,14.016,385,True
2026-02-05 19:00:00+00:00,14.15,14.18,13.84,13.88,38821.0,14.058,253,True
2026-02-05 20:00:00+00:00,13.89,13.97,13.6,13.66,119721.0,13.729,580,True
2026-02-05 21:00:00+00:00,13.66,13.66,13.66,13.66,13562.0,13.66,1,False
2026-02-05 22:00:00+00:00,13.66,13.66,13.66,13.66,0.0,13.66,0,False
2026-02-05 23:00:00+00:00,13.6,13.61,13.6,13.6,138.0,13.605,1,False
2026-02-06 00:00:00+00:00,13.6,13.61,13.6,13.6,0.0,13.6,0,False
2026-02-06 14:00:00+00:00,13.96,14.35,13.96,14.0,12343.0,14.119,72,False
2026-02-06 15:00:00+00:00,14.0,14.5,14.0,14.31,29958.0,14.303,194,True
2026-02-06 16:00:00+00:00,14.31,14.7,14.15,14.58,20894.0,14.476,116,True
2026-02-06 17:00:00+00:00,14.63,14.96,14.54,14.89,19243.0,14.834,174,True
2026-02-06 18:00:00+00:00,14.89,15.09,14.89,15.06,23378.0,15.056,118,True
2026-02-06 19:00:00+00:00,15.06,15.17,14.68,14.94,70426.0,15.003,403,True
2026-02-06 20:00:00+00:00,14.91,15.19,14.91,15.16,47927.0,15.079,304,True
2026-02-06 21:00:00+00:00,15.17,15.17,15.16,15.17,11563.0,15.165,3,False
2026-02-06 22:00:00+00:00,15.17,15.17,15.17,15.17,0.0,15.17,0,False
2026-02-06 23:00:00+00:00,15.17,15.17,15.17,15.17,0.0,15.17,0,False
2026-02-07 00:00:00+00:00,15.17,15.17,15.16,15.17,0.0,15.17,0,False
2026-02-09 14:00:00+00:00,15.17,15.17,14.73,14.87,5178.0,15.067,29,False
2026-02-09 15:00:00+00:00,14.97,15.32,14.86,15.26,7295.0,15.084,41,True
2026-02-09 16:00:00+00:00,15.32,15.58,15.26,15.45,23308.0,15.433,92,True
2026-02-09 17:00:00+00:00,15.45,15.57,15.26,15.31,10923.0,15.436,82,True
2026-02-09 18:00:00+00:00,15.35,15.4,15.17,15.26,21470.0,15.281,68,True
2026-02-09 19:00:00+00:00,15.25,15.39,15.17,15.25,7420.0,15.319,48,True
2026-02-09 20:00:00+00:00,15.28,15.42,15.22,15.39,21757.0,15.32,172,True
2026-02-09 21:00:00+00:00,15.37,15.37,15.37,15.37,7539.0,15.37,2,False
2026-02-09 22:00:00+00:00,15.37,15.37,15.37,15.37,0.0,15.37,0,False
2026-02-09 23:00:00+00:00,15.37,15.37,15.37,15.37,0.0,15.37,0,False
2026-02-10 00:00:00+00:00,15.37,15.37,15.37,15.37,0.0,15.37,0,False
2026-02-10 14:00:00+00:00,15.41,15.41,15.38,15.38,2414.0,15.409,2,False
2026-02-10 15:00:00+00:00,15.41,15.45,15.09,15.18,8951.0,15.292,70,True
2026-02-10 16:00:00+00:00,15.26,15.78,15.26,15.72,5466.0,15.468,41,True
2026-02-10 17:00:00+00:00,15.78,15.78,15.53,15.72,5768.0,15.636,45,True
2026-02-10 18:00:00+00:00,15.63,15.63,15.45,15.56,1917.0,15.537,17,True
2026-02-10 19:00:00+00:00,15.56,15.56,15.49,15.49,723.0,15.547,7,True
2026-02-10 20:00:00+00:00,15.56,15.88,15.33,15.42,21709.0,15.491,166,True
2026-02-10 21:00:00+00:00,15.33,15.33,15.33,15.33,10072.0,15.33,4,False
2026-02-10 22:00:00+00:00,15.33,15.33,15.33,15.33,0.0,15.33,0,False
2026-02-10 23:00:00+00:00,15.33,15.33,15.33,15.33,0.0,15.33,0,False
2026-02-11 00:00:00+00:00,15.33,15.33,15.33,15.33,0.0,15.33,0,False
2026-02-11 13:00:00+00:00,15.33,15.33,15.33,15.33,200.0,15.33,1,False
2026-02-11 14:00:00+00:00,15.4,15.4,14.62,14.64,4775.0,15.013,36,False
2026-02-11 15:00:00+00:00,14.63,15.18,14.5,15.03,27636.0,14.892,141,True
2026-02-11 16:00:00+00:00,15.03,15.18,14.93,15.07,18019.0,15.048,112,True
2026-02-11 17:00:00+00:00,15.07,15.11,15.0,15.04,11347.0,15.035,73,True
2026-02-11 18:00:00+00:00,15.08,15.1,15.02,15.07,3756.0,15.056,34,True
2026-02-11 19:00:00+00:00,15.07,15.21,15.06,15.17,6000.0,15.133,57,True
2026-02-11 20:00:00+00:00,15.15,15.19,15.0,15.15,36053.0,15.055,277,True
2026-02-11 21:00:00+00:00,15.15,15.15,15.15,15.15,7693.0,15.15,1,False
2026-02-11 22:00:00+00:00,15.15,15.15,15.15,15.15,0.0,15.15,0,False
2026-02-11 23:00:00+00:00,15.15,15.15,15.15,15.15,0.0,15.15,0,False
2026-02-12 00:00:00+00:00,15.15,15.15,15.15,15.15,0.0,15.15,0,False
2026-02-12 13:00:00+00:00,14.85,14.85,14.85,14.85,100.0,14.85,1,False
2026-02-12 14:00:00+00:00,15.27,15.27,14.98,14.99,10905.0,15.147,25,False
2026-02-12 15:00:00+00:00,15.13,15.4,15.13,15.32,12897.0,15.34,65,True
2026-02-12 16:00:00+00:00,15.33,15.33,15.13,15.27,2200.0,15.181,20,True
2026-02-12 17:00:00+00:00,15.26,15.32,15.18,15.28,3357.0,15.266,21,True
2026-02-12 18:00:00+00:00,15.37,15.38,15.15,15.19,3988.0,15.239,31,True
2026-02-12 19:00:00+00:00,15.2,15.24,15.13,15.23,4506.0,15.203,25,True
2026-02-12 20:00:00+00:00,15.17,15.29,15.0,15.06,9855.0,15.136,78,True
2026-02-12 21:00:00+00:00,15.01,15.01,15.01,15.01,6994.0,15.01,1,False
2026-02-12 22:00:00+00:00,15.01,15.01,15.01,15.01,0.0,15.01,0,False
2026-02-12 23:00:00+00:00,14.55,14.56,14.55,14.55,100.0,14.552,1,False
2026-02-13 00:00:00+00:00,14.55,14.56,14.55,14.55,0.0,14.55,0,False
2026-02-13 14:00:00+00:00,15.07,15.22,15.02,15.02,2743.0,15.066,11,False
2026-02-13 15:00:00+00:00,15.02,15.18,14.98,15.0,11017.0,15.034,87,True
2026-02-13 16:00:00+00:00,15.09,15.1,14.84,14.86,15902.0,14.971,130,True
2026-02-13 17:00:00+00:00,14.75,14.85,14.62,14.8,8049.0,14.731,72,True
2026-02-13 18:00:00+00:00,14.79,14.82,14.65,14.66,5832.0,14.747,44,True
2026-02-13 19:00:00+00:00,14.67,14.89,14.61,14.79,9408.0,14.758,84,True
2026-02-13 20:00:00+00:00,14.78,15.0,14.61,14.66,37737.0,14.749,304,True
2026-02-13 21:00:00+00:00,14.7,14.7,14.7,14.7,13162.0,14.7,1,False
2026-02-13 22:00:00+00:00,14.7,14.7,14.7,14.7,0.0,14.7,0,False
2026-02-13 23:00:00+00:00,14.7,14.7,14.7,14.7,0.0,14.7,0,False
2026-02-14 00:00:00+00:00,14.7,14.7,14.7,14.7,0.0,14.7,0,False
2026-02-17 12:00:00+00:00,14.8,14.8,14.8,14.8,200.0,14.8,2,False
2026-02-17 13:00:00+00:00,14.9,14.9,14.9,14.9,100.0,14.9,1,False
2026-02-17 14:00:00+00:00,15.0,16.61,14.7,15.75,88342.0,15.787,317,False
2026-02-17 15:00:00+00:00,15.82,16.52,15.75,16.3,28214.0,16.159,237,True
2026-02-17 16:00:00+00:00,16.3,16.4,15.85,15.94,18355.0,16.154,115,True
2026-02-17 17:00:00+00:00,15.87,16.06,15.76,15.89,10822.0,15.908,90,True
2026-02-17 18:00:00+00:00,15.86,16.17,15.84,16.16,17824.0,16.052,123,True
2026-02-17 19:00:00+00:00,16.03,16.19,15.93,15.99,14682.0,16.066,125,True
2026-02-17 20:00:00+00:00,15.97,16.4,15.95,15.97,43500.0,16.102,316,True
2026-02-17 21:00:00+00:00,15.99,15.99,15.99,15.99,13810.0,15.99,6,False
2026-02-17 22:00:00+00:00,15.99,15.99,15.99,15.99,0.0,15.99,0,False
2026-02-17 23:00:00+00:00,15.99,15.99,15.99,15.99,0.0,15.99,0,False
2026-02-18 00:00:00+00:00,15.99,15.99,15.99,15.99,0.0,15.99,0,False
2026-02-18 13:00:00+00:00,16.3,16.3,16.3,16.3,205.0,16.3,1,False
2026-02-18 14:00:00+00:00,15.9,16.08,15.7,15.9,3756.0,15.924,13,False
2026-02-18 15:00:00+00:00,16.26,16.26,15.99,16.05,3550.0,16.114,21,True
2026-02-18 16:00:00+00:00,16.04,16.09,15.96,16.06,3601.0,16.017,26,True
2026-02-18 17:00:00+00:00,16.18,16.19,16.07,16.07,1264.0,16.1,12,True
2026-02-18 18:00:00+00:00,16.0,16.0,15.86,15.86,4899.0,15.952,35,True
2026-02-18 19:00:00+00:00,15.84,15.97,15.81,15.95,6293.0,15.905,34,True
2026-02-18 20:00:00+00:00,15.96,16.16,15.9,16.1,25207.0,16.059,157,True
2026-02-18 21:00:00+00:00,16.1,16.1,16.1,16.1,6854.0,16.1,3,False
2026-02-18 22:00:00+00:00,16.1,16.1,16.1,16.1,0.0,16.1,0,False
2026-02-18 23:00:00+00:00,16.1,16.1,16.1,16.1,0.0,16.1,0,False
2026-02-19 00:00:00+00:00,16.1,16.1,16.1,16.1,0.0,16.1,0,False
2026-02-19 14:00:00+00:00,16.05,16.08,15.8,15.99,11616.0,15.986,56,False
2026-02-19 15:00:00+00:00,15.81,16.07,15.8,15.8,8032.0,15.91,52,True
2026-02-19 16:00:00+00:00,15.82,16.03,15.8,15.86,26593.0,15.924,143,True
2026-02-19 17:00:00+00:00,15.8,15.94,15.8,15.92,11939.0,15.858,79,True
2026-02-19 18:00:00+00:00,15.92,15.96,15.8,15.88,8128.0,15.875,49,True
2026-02-19 19:00:00+00:00,15.88,15.97,15.81,15.83,11009.0,15.908,63,True
2026-02-19 20:00:00+00:00,15.82,15.89,15.8,15.84,20077.0,15.827,146,True
2026-02-19 21:00:00+00:00,15.8,15.8,15.8,15.8,10852.0,15.8,5,False
2026-02-19 22:00:00+00:00,15.8,15.8,15.8,15.8,0.0,15.8,0,False
2026-02-19 23:00:00+00:00,15.8,15.8,15.8,15.8,0.0,15.8,0,False
2026-02-20 00:00:00+00:00,15.69,15.7,15.69,15.69,252.0,15.693,1,False
2026-02-20 09:00:00+00:00,15.68,15.68,15.68,15.68,100.0,15.68,1,False
2026-02-20 10:00:00+00:00,15.68,15.68,15.68,15.68,0.0,15.68,0,False
2026-02-20 11:00:00+00:00,15.68,15.68,15.68,15.68,0.0,15.68,0,False
2026-02-20 12:00:00+00:00,16.07,16.07,16.07,16.07,500.0,16.07,2,False
2026-02-20 13:00:00+00:00,16.07,16.07,16.07,16.07,0.0,16.07,0,False
2026-02-20 14:00:00+00:00,15.77,16.03,15.66,15.75,10061.0,15.767,32,False
2026-02-20 15:00:00+00:00,15.92,15.96,15.4,15.88,12736.0,15.583,49,True
2026-02-20 16:00:00+00:00,15.89,15.96,15.82,15.9,1938.0,15.882,18,True
2026-02-20 17:00:00+00:00,15.81,15.88,15.68,15.85,6109.0,15.814,39,True
2026-02-20 18:00:00+00:00,15.83,15.89,15.72,15.89,3695.0,15.818,25,True
2026-02-20 19:00:00+00:00,15.87,15.94,15.77,15.78,7523.0,15.799,42,True
2026-02-20 20:00:00+00:00,15.78,15.81,15.54,15.55,15340.0,15.676,145,True
2026-02-20 21:00:00+00:00,15.6,15.6,15.59,15.6,6125.0,15.595,3,False
2026-02-20 22:00:00+00:00,15.6,15.6,15.6,15.6,0.0,15.6,0,False
2026-02-20 23:00:00+00:00,15.89,15.9,15.45,15.45,9280.0,15.678,5,False
2026-02-21 00:00:00+00:00,15.45,15.45,15.45,15.45,0.0,15.45,0,False
2026-02-23 14:00:00+00:00,15.5,15.93,15.4,15.93,3537.0,15.604,14,False
2026-02-23 15:00:00+00:00,15.77,15.83,15.48,15.63,9875.0,15.73,72,True
2026-02-23 16:00:00+00:00,15.56,15.57,15.32,15.4,4961.0,15.432,40,True
2026-02-23 17:00:00+00:00,15.29,15.41,15.13,15.16,3780.0,15.237,17,True
2026-02-23 18:00:00+00:00,15.23,15.43,15.23,15.31,1863.0,15.305,18,True
2026-02-23 19:00:00+00:00,15.35,15.4,15.23,15.23,5487.0,15.295,38,True
2026-02-23 20:00:00+00:00,15.27,15.44,15.14,15.36,14550.0,15.329,120,True
2026-02-23 21:00:00+00:00,15.42,15.42,15.42,15.42,12432.0,15.42,1,False
2026-02-23 22:00:00+00:00,15.42,15.42,15.42,15.42,0.0,15.42,0,False
2026-02-23 23:00:00+00:00,15.42,15.42,15.42,15.42,0.0,15.42,0,False
2026-02-24 00:00:00+00:00,15.42,15.42,15.42,15.42,0.0,15.42,0,False
2026-02-24 11:00:00+00:00,14.98,14.98,14.98,14.98,100.0,14.98,1,False
2026-02-24 12:00:00+00:00,14.98,14.98,14.98,14.98,0.0,14.98,0,False
2026-02-24 13:00:00+00:00,14.98,14.98,14.98,14.98,0.0,14.98,0,False
2026-02-24 14:00:00+00:00,15.32,15.52,15.22,15.41,5230.0,15.386,34,False
2026-02-24 15:00:00+00:00,15.46,15.51,15.32,15.5,8406.0,15.417,55,True
2026-02-24 16:00:00+00:00,15.5,15.59,15.2,15.28,11753.0,15.408,65,True
2026-02-24 17:00:00+00:00,15.26,15.38,15.17,15.17,5197.0,15.258,42,True
2026-02-24 18:00:00+00:00,15.17,15.21,15.02,15.07,6149.0,15.093,56,True
2026-02-24 19:00:00+00:00,15.14,15.33,15.08,15.17,8771.0,15.19,69,True
2026-02-24 20:00:00+00:00,15.13,15.29,14.94,15.24,25707.0,15.127,188,True
2026-02-24 21:00:00+00:00,15.29,15.29,15.29,15.29,15365.0,15.29,1,False
2026-02-24 22:00:00+00:00,15.29,15.29,15.29,15.29,0.0,15.29,0,False
2026-02-24 23:00:00+00:00,15.29,15.29,15.29,15.29,0.0,15.29,0,False
2026-02-25 00:00:00+00:00,15.59,15.6,15.16,15.16,10600.0,15.38,4,False
2026-02-25 13:00:00+00:00,15.75,15.75,15.29,15.29,18633.0,15.565,12,False
2026-02-25 14:00:00+00:00,15.39,15.7,15.39,15.48,8619.0,15.472,27,False
2026-02-25 15:00:00+00:00,15.48,15.48,15.06,15.24,15435.0,15.168,64,True
2026-02-25 16:00:00+00:00,15.31,15.58,15.31,15.45,9399.0,15.464,48,True
2026-02-25 17:00:00+00:00,15.43,15.71,15.25,15.33,8858.0,15.519,50,True
2026-02-25 18:00:00+00:00,15.46,15.53,15.4,15.53,2627.0,15.452,20,True
2026-02-25 19:00:00+00:00,15.41,15.43,15.29,15.32,4323.0,15.356,35,True
2026-02-25 20:00:00+00:00,15.39,15.87,15.35,15.75,34974.0,15.688,232,True
2026-02-25 21:00:00+00:00,15.75,15.75,15.75,15.75,19919.0,15.75,4,False
2026-02-25 22:00:00+00:00,15.75,15.75,15.75,15.75,0.0,15.75,0,False
2026-02-25 23:00:00+00:00,15.75,15.75,15.75,15.75,0.0,15.75,0,False
2026-02-26 00:00:00+00:00,15.75,15.75,15.75,15.75,0.0,15.75,0,False
2026-02-26 14:00:00+00:00,15.72,15.74,15.53,15.53,2094.0,15.645,13,False
2026-02-26 15:00:00+00:00,15.56,15.65,15.3,15.54,32669.0,15.456,87,True
2026-02-26 16:00:00+00:00,15.53,15.73,15.44,15.47,6161.0,15.592,54,True
2026-02-26 17:00:00+00:00,15.49,15.52,15.34,15.39,7313.0,15.459,36,True
2026-02-26 18:00:00+00:00,15.37,15.48,15.26,15.48,10360.0,15.392,43,True
2026-02-26 19:00:00+00:00,15.49,15.65,15.41,15.52,5850.0,15.522,57,True
2026-02-26 20:00:00+00:00,15.54,15.71,15.5,15.69,14820.0,15.59,124,True
2026-02-26 21:00:00+00:00,15.63,15.71,15.63,15.7,14175.0,15.631,2,False
2026-02-26 22:00:00+00:00,15.7,15.7,15.7,15.7,0.0,15.7,0,False
2026-02-26 23:00:00+00:00,15.7,15.7,15.7,15.7,0.0,15.7,0,False
2026-02-27 00:00:00+00:00,15.7,15.71,15.7,15.7,0.0,15.7,0,False
2026-02-27 14:00:00+00:00,15.41,15.72,15.18,15.23,4528.0,15.435,27,False
2026-02-27 15:00:00+00:00,15.21,15.28,15.14,15.25,2882.0,15.206,22,True
2026-02-27 16:00:00+00:00,15.25,15.25,14.92,14.93,10110.0,15.066,47,True
2026-02-27 17:00:00+00:00,15.06,15.12,14.72,14.82,4965.0,14.841,30,True
2026-02-27 18:00:00+00:00,14.92,15.14,14.62,14.7,22596.0,14.899,162,True
2026-02-27 19:00:00+00:00,14.63,14.78,14.54,14.75,18193.0,14.71,122,True
2026-02-27 20:00:00+00:00,14.74,15.04,14.36,14.89,34586.0,14.66,215,True
2026-02-27 21:00:00+00:00,14.85,14.85,14.85,14.85,30293.0,14.85,1,False
2026-02-27 22:00:00+00:00,14.85,14.85,14.85,14.85,0.0,14.85,0,False
2026-02-27 23:00:00+00:00,14.85,14.85,14.85,14.85,0.0,14.85,0,False
2026-02-28 00:00:00+00:00,14.85,14.85,14.85,14.85,0.0,14.85,0,False
2026-03-02 13:00:00+00:00,14.85,14.85,14.85,14.85,3024.0,14.85,1,False
2026-03-02 14:00:00+00:00,14.85,14.86,14.41,14.57,6553.0,14.63,16,False
2026-03-02 15:00:00+00:00,14.55,15.13,14.41,14.94,8993.0,14.845,61,True
2026-03-02 16:00:00+00:00,15.05,15.75,14.79,15.62,15886.0,15.501,93,True
2026-03-02 17:00:00+00:00,15.62,15.9,15.41,15.79,17064.0,15.705,118,True
2026-03-02 18:00:00+00:00,15.87,15.9,15.64,15.77,19214.0,15.806,136,True
2026-03-02 19:00:00+00:00,15.85,16.0,15.64,15.86,28475.0,15.896,196,True
2026-03-02 20:00:00+00:00,15.78,16.2,15.77,16.03,74746.0,16.029,498,True
2026-03-02 21:00:00+00:00,16.01,16.01,16.01,16.01,15057.0,16.01,3,False
2026-03-02 22:00:00+00:00,16.01,16.01,16.01,16.01,0.0,16.01,0,False
2026-03-02 23:00:00+00:00,16.01,16.01,16.01,16.01,0.0,16.01,0,False
2026-03-03 00:00:00+00:00,16.01,16.01,16.01,16.01,0.0,16.01,0,False
2026-03-03 14:00:00+00:00,15.45,15.69,14.94,14.94,7281.0,15.246,53,False
2026-03-03 15:00:00+00:00,15.15,15.15,14.71,14.89,13850.0,14.925,92,True
2026-03-03 16:00:00+00:00,14.95,15.29,14.8,15.09,7562.0,15.053,68,True
2026-03-03 17:00:00+00:00,15.14,15.49,15.13,15.33,9954.0,15.327,75,True
2026-03-03 18:00:00+00:00,15.47,15.58,15.3,15.56,4617.0,15.471,37,True
2026-03-03 19:00:00+00:00,15.53,15.59,15.33,15.57,3966.0,15.468,36,True
2026-03-03 20:00:00+00:00,15.57,15.58,15.25,15.36,15472.0,15.396,115,True
2026-03-03 21:00:00+00:00,15.3,15.3,15.3,15.3,5773.0,15.3,2,False
2026-03-03 22:00:00+00:00,15.3,15.3,15.3,15.3,0.0,15.3,0,False
2026-03-03 23:00:00+00:00,15.3,15.3,15.3,15.3,0.0,15.3,0,False
2026-03-04 00:00:00+00:00,15.3,15.3,15.3,15.3,0.0,15.3,0,False
2026-03-04 12:00:00+00:00,15.69,15.69,15.0,15.35,16825.0,15.439,16,False
2026-03-04 13:00:00+00:00,15.69,15.69,15.69,15.69,7200.0,15.69,1,False
2026-03-04 14:00:00+00:00,15.4,15.48,15.4,15.47,2963.0,15.446,4,False
2026-03-04 15:00:00+00:00,15.58,15.75,15.46,15.6,2713.0,15.615,22,True
2026-03-04 16:00:00+00:00,15.64,15.64,15.43,15.57,1090.0,15.541,8,True
2026-03-04 17:00:00+00:00,15.46,15.71,15.46,15.67,1067.0,15.628,8,True
2026-03-04 18:00:00+00:00,15.73,16.01,15.72,16.0,7881.0,15.896,40,True
2026-03-04 19:00:00+00:00,15.92,16.03,15.85,15.95,2211.0,15.944,19,True
2026-03-04 20:00:00+00:00,15.87,16.01,15.87,15.95,8085.0,15.965,68,True
2026-03-04 21:00:00+00:00,15.99,15.99,15.99,15.99,6837.0,15.99,3,False
2026-03-04 22:00:00+00:00,15.99,15.99,15.99,15.99,0.0,15.99,0,False
2026-03-04 23:00:00+00:00,15.99,15.99,15.99,15.99,0.0,15.99,0,False
2026-03-05 00:00:00+00:00,15.99,15.99,15.99,15.99,0.0,15.99,0,False
2026-03-05 13:00:00+00:00,16.3,16.3,15.68,15.68,20077.0,16.134,21,False
2026-03-05 14:00:00+00:00,15.95,15.95,15.62,15.71,3132.0,15.882,9,False
2026-03-05 15:00:00+00:00,15.73,15.73,15.43,15.63,2100.0,15.6,11,True
2026-03-05 16:00:00+00:00,15.45,15.45,15.12,15.32,4463.0,15.267,26,True
2026-03-05 17:00:00+00:00,15.51,15.57,15.31,15.56,5005.0,15.419,40,True
2026-03-05 18:00:00+00:00,15.56,15.58,15.36,15.39,21376.0,15.508,169,True
2026-03-05 19:00:00+00:00,15.37,15.76,15.25,15.54,264406.0,15.536,332,True
2026-03-05 20:00:00+00:00,15.56,15.75,15.13,15.24,127454.0,15.35,856,True
2026-03-05 21:00:00+00:00,15.17,15.17,15.17,15.17,16597.0,15.17,1,False
2026-03-05 22:00:00+00:00,15.17,15.17,15.17,15.17,0.0,15.17,0,False
2026-03-05 23:00:00+00:00,15.17,15.17,15.17,15.17,0.0,15.17,0,False
2026-03-06 00:00:00+00:00,15.17,15.17,15.17,15.17,0.0,15.17,0,False
2026-03-06 14:00:00+00:00,15.26,15.74,15.05,15.34,8142.0,15.262,13,False
2026-03-06 15:00:00+00:00,15.45,15.96,15.44,15.96,4398.0,15.808,25,True
2026-03-06 16:00:00+00:00,15.91,16.1,15.51,15.56,16282.0,15.886,108,True
2026-03-06 17:00:00+00:00,15.47,15.93,15.24,15.9,16707.0,15.578,116,True
2026-03-06 18:00:00+00:00,15.9,16.03,15.79,15.89,26527.0,15.948,175,True
2026-03-06 19:00:00+00:00,15.91,16.06,15.85,16.0,33444.0,15.974,210,True
2026-03-06 20:00:00+00:00,16.0,16.09,15.91,15.93,58117.0,15.974,377,True
2026-03-06 21:00:00+00:00,15.93,15.93,15.93,15.93,18440.0,15.93,1,False
2026-03-06 22:00:00+00:00,15.93,15.93,15.93,15.93,0.0,15.93,0,False
2026-03-06 23:00:00+00:00,15.93,15.93,15.93,15.93,0.0,15.93,0,False
2026-03-07 00:00:00+00:00,15.93,15.93,15.93,15.93,0.0,15.93,0,False
2026-03-09 11:00:00+00:00,16.29,16.29,16.29,16.29,715.0,16.29,3,False
2026-03-09 12:00:00+00:00,15.99,15.99,15.98,15.99,119.0,15.985,1,False
2026-03-09 13:00:00+00:00,15.95,16.1,15.32,15.5,23016.0,15.752,78,False
2026-03-09 14:00:00+00:00,15.32,15.94,15.32,15.94,8096.0,15.546,75,True
2026-03-09 15:00:00+00:00,15.8,16.05,15.76,16.0,16758.0,15.923,139,True
2026-03-09 16:00:00+00:00,15.99,16.1,15.95,16.04,50868.0,16.033,344,True
2026-03-09 17:00:00+00:00,16.04,16.08,15.88,15.88,18321.0,16.029,133,True
2026-03-09 18:00:00+00:00,15.87,15.93,15.58,15.58,23357.0,15.821,88,True
2026-03-09 19:00:00+00:00,15.59,16.05,15.53,15.96,113065.0,15.808,654,True
2026-03-09 20:00:00+00:00,15.98,15.98,15.98,15.98,14166.0,15.98,4,False
2026-03-09 21:00:00+00:00,15.98,15.98,15.98,15.98,0.0,15.98,0,False
2026-03-09 22:00:00+00:00,15.98,15.98,15.98,15.98,0.0,15.98,0,False
2026-03-09 23:00:00+00:00,15.98,15.98,15.98,15.98,0.0,15.98,0,False
2026-03-10 13:00:00+00:00,16.07,16.17,15.82,15.97,54979.0,16.0,353,False
2026-03-10 14:00:00+00:00,15.97,16.48,15.67,16.35,220183.0,16.009,607,True
2026-03-10 15:00:00+00:00,16.45,16.45,15.95,16.39,27354.0,16.203,158,True
2026-03-10 16:00:00+00:00,16.42,16.43,16.15,16.17,18045.0,16.252,111,True
2026-03-10 17:00:00+00:00,16.19,16.26,15.95,15.97,17556.0,16.04,136,True
2026-03-10 18:00:00+00:00,16.04,16.04,15.69,15.7,6867.0,15.867,51,True
2026-03-10 19:00:00+00:00,15.6,15.95,15.6,15.84,21652.0,15.815,164,True
2026-03-10 20:00:00+00:00,15.76,15.76,15.76,15.76,33091.0,15.76,7,False
2026-03-10 21:00:00+00:00,15.76,15.76,15.76,15.76,0.0,15.76,0,False
2026-03-10 22:00:00+00:00,15.76,15.76,15.76,15.76,0.0,15.76,0,False
2026-03-10 23:00:00+00:00,15.76,15.76,15.76,15.76,0.0,15.76,0,False
2026-03-11 09:00:00+00:00,15.8,15.8,15.8,15.8,229.0,15.8,2,False
2026-03-11 10:00:00+00:00,15.8,15.8,15.8,15.8,0.0,15.8,0,False
2026-03-11 11:00:00+00:00,16.49,16.49,16.49,16.49,100.0,16.49,1,False
2026-03-11 12:00:00+00:00,16.0,16.0,16.0,16.0,100.0,16.0,1,False
2026-03-11 13:00:00+00:00,16.03,16.04,15.58,15.74,9408.0,15.782,53,False
2026-03-11 14:00:00+00:00,15.82,16.03,15.75,16.0,8795.0,15.93,75,True
2026-03-11 15:00:00+00:00,15.88,15.89,15.6,15.7,17641.0,15.717,136,True
2026-03-11 16:00:00+00:00,15.59,15.79,15.37,15.59,7332.0,15.508,54,True
2026-03-11 17:00:00+00:00,15.47,15.7,15.25,15.25,4921.0,15.365,41,True
2026-03-11 18:00:00+00:00,15.39,15.42,15.17,15.33,5367.0,15.271,47,True
2026-03-11 19:00:00+00:00,15.26,15.4,15.13,15.15,21628.0,15.226,172,True
2026-03-11 20:00:00+00:00,15.13,15.13,15.13,15.13,19731.0,15.13,1,False
2026-03-11 21:00:00+00:00,15.13,15.13,15.13,15.13,0.0,15.13,0,False
2026-03-11 22:00:00+00:00,15.13,15.13,15.13,15.13,0.0,15.13,0,False
2026-03-11 23:00:00+00:00,15.13,15.13,15.13,15.13,0.0,15.13,0,False
2026-03-12 08:00:00+00:00,15.13,15.13,15.13,15.13,360.0,15.13,1,False
2026-03-12 09:00:00+00:00,15.13,15.13,15.13,15.13,0.0,15.13,0,False
2026-03-12 10:00:00+00:00,15.13,15.13,15.13,15.13,0.0,15.13,0,False
2026-03-12 11:00:00+00:00,15.13,15.13,15.13,15.13,0.0,15.13,0,False
2026-03-12 12:00:00+00:00,15.13,15.13,15.13,15.13,0.0,15.13,0,False
2026-03-12 13:00:00+00:00,14.97,15.45,14.7,15.45,19181.0,15.096,68,False
2026-03-12 14:00:00+00:00,15.45,15.68,15.0,15.42,202262.0,15.067,268,True
2026-03-12 15:00:00+00:00,15.4,15.6,15.17,15.59,24500.0,15.344,159,True
2026-03-12 16:00:00+00:00,15.64,15.83,15.45,15.53,26489.0,15.595,171,True
2026-03-12 17:00:00+00:00,15.56,15.74,15.41,15.41,14458.0,15.61,93,True
2026-03-12 18:00:00+00:00,15.48,15.74,15.31,15.7,17054.0,15.568,118,True
2026-03-12 19:00:00+00:00,15.62,15.71,15.29,15.51,47683.0,15.49,352,True
2026-03-12 20:00:00+00:00,15.52,15.52,15.52,15.52,11700.0,15.52,5,False
2026-03-12 21:00:00+00:00,15.52,15.52,15.52,15.52,0.0,15.52,0,False
2026-03-12 22:00:00+00:00,15.83,15.83,15.83,15.83,100.0,15.83,1,False
2026-03-12 23:00:00+00:00,15.83,15.83,15.83,15.83,0.0,15.83,0,False
2026-03-13 13:00:00+00:00,15.68,15.93,15.24,15.49,7652.0,15.558,59,False
2026-03-13 14:00:00+00:00,15.65,15.69,15.17,15.2,13545.0,15.457,92,True
2026-03-13 15:00:00+00:00,15.2,15.24,14.85,14.9,8976.0,14.976,67,True
2026-03-13 16:00:00+00:00,14.77,14.99,14.64,14.81,6968.0,14.839,44,True
2026-03-13 17:00:00+00:00,14.81,14.86,14.64,14.77,12668.0,14.755,64,True
2026-03-13 18:00:00+00:00,14.77,14.87,14.71,14.84,5798.0,14.767,49,True
2026-03-13 19:00:00+00:00,14.84,15.03,14.77,14.9,18931.0,14.899,141,True
2026-03-13 20:00:00+00:00,14.95,14.95,14.95,14.95,7431.0,14.95,3,False
2026-03-13 21:00:00+00:00,14.95,14.95,14.95,14.95,0.0,14.95,0,False
2026-03-13 22:00:00+00:00,14.95,14.95,14.95,14.95,0.0,14.95,0,False
2026-03-13 23:00:00+00:00,14.95,14.95,14.95,14.95,0.0,14.95,0,False
2026-03-16 08:00:00+00:00,15.43,15.43,15.43,15.43,125.0,15.43,1,False
2026-03-16 09:00:00+00:00,15.43,15.43,15.43,15.43,0.0,15.43,0,False
2026-03-16 10:00:00+00:00,15.43,15.43,15.43,15.43,0.0,15.43,0,False
2026-03-16 11:00:00+00:00,15.43,15.43,15.43,15.43,0.0,15.43,0,False
2026-03-16 12:00:00+00:00,15.43,15.43,15.43,15.43,0.0,15.43,0,False
2026-03-16 13:00:00+00:00,15.05,15.6,14.95,15.46,3380.0,15.248,16,False
2026-03-16 14:00:00+00:00,15.33,15.56,15.14,15.15,1600.0,15.359,13,True
2026-03-16 15:00:00+00:00,15.12,15.5,15.12,15.37,6324.0,15.347,42,True
2026-03-16 16:00:00+00:00,15.37,15.37,15.17,15.17,300.0,15.235,2,True
2026-03-16 17:00:00+00:00,15.34,15.34,15.13,15.17,4608.0,15.203,33,True
2026-03-16 18:00:00+00:00,15.1,15.34,15.07,15.21,5296.0,15.175,45,True
2026-03-16 19:00:00+00:00,15.27,15.28,14.95,15.01,10349.0,15.04,78,True
2026-03-16 20:00:00+00:00,15.11,15.11,15.11,15.11,9580.0,15.11,1,False
2026-03-16 21:00:00+00:00,15.11,15.11,15.11,15.11,0.0,15.11,0,False
2026-03-16 22:00:00+00:00,15.11,15.11,15.11,15.11,0.0,15.11,0,False
2026-03-16 23:00:00+00:00,15.11,15.11,15.11,15.11,0.0,15.11,0,False
2026-03-17 13:00:00+00:00,15.25,15.25,14.81,14.81,1151.0,15.164,4,False
2026-03-17 14:00:00+00:00,15.04,15.3,15.04,15.29,1777.0,15.177,12,True
2026-03-17 15:00:00+00:00,15.29,15.3,14.93,15.01,15381.0,15.04,116,True
2026-03-17 16:00:00+00:00,15.06,15.23,15.0,15.01,12615.0,15.081,63,True
2026-03-17 17:00:00+00:00,15.06,15.2,14.94,15.05,71202.0,15.036,453,True
2026-03-17 18:00:00+00:00,15.05,15.1,14.94,15.02,246807.0,15.006,339,True
2026-03-17 19:00:00+00:00,14.97,15.39,14.97,15.27,131123.0,15.039,244,True
2026-03-17 20:00:00+00:00,15.36,15.36,15.36,15.36,10096.0,15.36,1,False
2026-03-17 21:00:00+00:00,15.36,15.36,15.36,15.36,0.0,15.36,0,False
2026-03-17 22:00:00+00:00,15.36,15.36,15.36,15.36,0.0,15.36,0,False
2026-03-17 23:00:00+00:00,15.36,15.36,15.36,15.36,0.0,15.36,0,False
2026-03-18 11:00:00+00:00,15.36,15.36,15.36,15.36,253.0,15.36,1,False
2026-03-18 12:00:00+00:00,15.36,15.36,15.36,15.36,0.0,15.36,0,False
2026-03-18 13:00:00+00:00,15.17,15.41,15.1,15.22,4542.0,15.196,26,False
2026-03-18 14:00:00+00:00,15.26,15.26,15.02,15.22,3861.0,15.162,32,True
2026-03-18 15:00:00+00:00,15.23,15.24,14.9,14.9,7454.0,15.084,55,True
2026-03-18 16:00:00+00:00,14.98,15.31,14.97,15.31,4108.0,15.14,27,True
2026-03-18 17:00:00+00:00,15.32,15.32,15.15,15.3,1900.0,15.263,18,True
2026-03-18 18:00:00+00:00,15.34,15.34,15.03,15.03,5152.0,15.169,40,True
2026-03-18 19:00:00+00:00,15.0,15.12,14.91,15.1,33292.0,15.013,152,True
2026-03-18 20:00:00+00:00,15.02,15.02,15.02,15.02,13465.0,15.02,1,False
2026-03-18 21:00:00+00:00,15.02,15.02,15.02,15.02,0.0,15.02,0,False
2026-03-18 22:00:00+00:00,15.02,15.02,15.02,15.02,0.0,15.02,0,False
2026-03-18 23:00:00+00:00,15.02,15.02,15.02,15.02,0.0,15.02,0,False
2026-03-19 08:00:00+00:00,15.24,15.24,15.24,15.24,690.0,15.24,4,False
2026-03-19 09:00:00+00:00,15.24,15.24,15.24,15.24,0.0,15.24,0,False
2026-03-19 10:00:00+00:00,15.24,15.24,15.24,15.24,0.0,15.24,0,False
2026-03-19 11:00:00+00:00,15.24,15.24,15.24,15.24,0.0,15.24,0,False
2026-03-19 12:00:00+00:00,15.0,15.0,15.0,15.0,200.0,15.0,1,False
2026-03-19 13:00:00+00:00,14.78,14.93,14.56,14.69,11181.0,14.723,68,False
2026-03-19 14:00:00+00:00,14.81,14.95,14.56,14.91,5284.0,14.739,43,True
2026-03-19 15:00:00+00:00,14.92,14.95,14.7,14.73,3316.0,14.806,31,True
2026-03-19 16:00:00+00:00,14.71,14.79,14.71,14.72,700.0,14.749,7,True
2026-03-19 17:00:00+00:00,14.77,14.77,14.61,14.73,5316.0,14.695,40,True
2026-03-19 18:00:00+00:00,14.67,14.89,14.67,14.87,6589.0,14.765,59,True
2026-03-19 19:00:00+00:00,14.96,15.14,14.81,14.84,19028.0,14.928,161,True
2026-03-19 20:00:00+00:00,14.81,14.81,14.81,14.81,16670.0,14.81,1,False
2026-03-19 21:00:00+00:00,14.81,14.81,14.81,14.81,0.0,14.81,0,False
2026-03-19 22:00:00+00:00,14.81,14.81,14.81,14.81,0.0,14.81,0,False
2026-03-19 23:00:00+00:00,14.81,14.81,14.81,14.81,0.0,14.81,0,False
2026-03-20 08:00:00+00:00,15.02,15.03,15.02,15.03,223.0,15.025,2,False
2026-03-20 09:00:00+00:00,15.03,15.03,15.03,15.03,0.0,15.03,0,False
2026-03-20 10:00:00+00:00,14.83,14.83,14.83,14.83,118.0,14.83,1,False
2026-03-20 11:00:00+00:00,14.83,14.83,14.83,14.83,0.0,14.83,0,False
2026-03-20 12:00:00+00:00,14.83,14.83,14.83,14.83,0.0,14.83,0,False
2026-03-20 13:00:00+00:00,14.71,14.92,14.59,14.59,3226.0,14.721,12,False
2026-03-20 14:00:00+00:00,14.62,14.86,14.5,14.64,8902.0,14.658,60,True
2026-03-20 15:00:00+00:00,14.63,14.8,14.54,14.67,8437.0,14.62,60,True
2026-03-20 16:00:00+00:00,14.75,14.89,14.41,14.58,23795.0,14.633,148,True
2026-03-20 17:00:00+00:00,14.56,14.56,14.4,14.4,15256.0,14.446,129,True
2026-03-20 18:00:00+00:00,14.42,14.51,14.02,14.08,67143.0,14.386,174,True
2026-03-20 19:00:00+00:00,14.07,14.1,13.9,13.94,30404.0,13.989,209,True
2026-03-20 20:00:00+00:00,13.97,13.97,13.97,13.97,28830.0,13.97,2,False
2026-03-20 21:00:00+00:00,13.97,13.97,13.97,13.97,0.0,13.97,0,False
2026-03-20 22:00:00+00:00,13.97,13.97,13.97,13.97,0.0,13.97,0,False
2026-03-20 23:00:00+00:00,13.97,13.97,13.97,13.97,0.0,13.97,0,False
2026-03-23 11:00:00+00:00,13.99,14.03,13.99,14.03,300.0,14.007,3,False
2026-03-23 12:00:00+00:00,14.03,14.03,14.03,14.03,0.0,14.03,0,False
2026-03-23 13:00:00+00:00,14.11,14.22,13.82,14.03,13595.0,14.013,89,False
2026-03-23 14:00:00+00:00,13.9,14.03,13.73,13.76,14131.0,13.882,84,True
2026-03-23 15:00:00+00:00,13.79,13.9,13.7,13.73,24252.0,13.856,197,True
2026-03-23 16:00:00+00:00,13.75,13.86,13.5,13.5,24369.0,13.673,131,True
2026-03-23 17:00:00+00:00,13.53,13.53,13.31,13.51,21633.0,13.437,159,True
2026-03-23 18:00:00+00:00,13.51,13.51,13.31,13.4,22975.0,13.406,178,True
2026-03-23 19:00:00+00:00,13.43,13.54,13.12,13.19,83829.0,13.365,522,True
2026-03-23 20:00:00+00:00,13.21,13.45,13.21,13.45,13460.0,13.214,3,False
2026-03-23 21:00:00+00:00,13.45,13.45,13.45,13.45,0.0,13.45,0,False
2026-03-23 22:00:00+00:00,13.45,13.45,13.45,13.45,0.0,13.45,0,False
2026-03-23 23:00:00+00:00,13.45,13.45,13.45,13.45,0.0,13.45,0,False
2026-03-24 13:00:00+00:00,13.06,13.43,12.77,12.86,7789.0,12.927,33,False
2026-03-24 14:00:00+00:00,13.12,13.12,12.83,12.96,4847.0,12.977,35,True
2026-03-24 15:00:00+00:00,13.05,13.1,12.94,13.03,2902.0,13.018,22,True
2026-03-24 16:00:00+00:00,12.99,13.25,12.98,13.23,6243.0,13.055,54,True
2026-03-24 17:00:00+00:00,13.22,13.32,13.07,13.13,2293.0,13.139,22,True
2026-03-24 18:00:00+00:00,13.26,13.3,13.17,13.18,1600.0,13.223,13,True
2026-03-24 19:00:00+00:00,13.24,13.53,13.23,13.39,20454.0,13.393,155,True
2026-03-24 20:00:00+00:00,13.39,13.39,13.39,13.39,13887.0,13.39,6,False
2026-03-24 21:00:00+00:00,13.39,13.39,13.39,13.39,0.0,13.39,0,False
2026-03-24 22:00:00+00:00,13.39,13.39,13.39,13.39,0.0,13.39,0,False
2026-03-24 23:00:00+00:00,13.39,13.39,13.39,13.39,0.0,13.39,0,False
2026-03-25 13:00:00+00:00,14.1,14.1,13.43,13.94,5158.0,13.708,21,False
2026-03-25 14:00:00+00:00,13.99,14.06,13.77,13.84,4136.0,13.895,29,True
2026-03-25 15:00:00+00:00,13.84,14.04,13.73,14.01,13010.0,13.877,92,True
2026-03-25 16:00:00+00:00,13.97,14.08,13.93,13.96,3857.0,13.989,20,True
2026-03-25 17:00:00+00:00,14.02,14.13,13.77,13.78,4377.0,14.029,28,True
2026-03-25 18:00:00+00:00,13.85,13.97,13.8,13.8,5664.0,13.876,36,True
2026-03-25 19:00:00+00:00,13.8,13.91,13.64,13.83,7750.0,13.799,68,True
2026-03-25 20:00:00+00:00,13.65,13.65,13.65,13.65,8078.0,13.65,5,False
2026-03-25 21:00:00+00:00,13.65,13.65,13.65,13.65,0.0,13.65,0,False
2026-03-25 22:00:00+00:00,13.65,13.65,13.65,13.65,0.0,13.65,0,False
2026-03-25 23:00:00+00:00,13.65,13.65,13.65,13.65,0.0,13.65,0,False
2026-03-26 13:00:00+00:00,13.39,14.02,13.39,14.02,2702.0,13.678,21,False
2026-03-26 14:00:00+00:00,13.83,14.03,13.83,13.9,4703.0,13.939,36,True
2026-03-26 15:00:00+00:00,13.9,13.91,13.61,13.91,6498.0,13.759,31,True
2026-03-26 16:00:00+00:00,13.8,13.8,13.58,13.7,2327.0,13.658,17,True
2026-03-26 17:00:00+00:00,13.65,14.33,13.58,14.22,7454.0,13.939,48,True
2026-03-26 18:00:00+00:00,14.31,14.53,14.09,14.2,42414.0,14.295,333,True
2026-03-26 19:00:00+00:00,14.2,14.36,13.97,14.09,82315.0,14.205,667,True
2026-03-26 20:00:00+00:00,14.09,14.09,14.09,14.09,9534.0,14.09,3,False
2026-03-26 21:00:00+00:00,14.09,14.09,14.09,14.09,0.0,14.09,0,False
2026-03-26 22:00:00+00:00,14.09,14.09,14.09,14.09,0.0,14.09,0,False
2026-03-26 23:00:00+00:00,14.09,14.09,14.09,14.09,0.0,14.09,0,False
2026-03-27 13:00:00+00:00,13.86,13.92,13.2,13.35,7231.0,13.694,31,False
2026-03-27 14:00:00+00:00,13.45,13.51,13.31,13.44,4480.0,13.424,25,True
2026-03-27 15:00:00+00:00,13.51,13.52,13.29,13.5,3580.0,13.415,14,True
2026-03-27 16:00:00+00:00,13.38,13.48,13.15,13.26,4243.0,13.238,37,True
2026-03-27 17:00:00+00:00,13.27,13.34,13.1,13.11,4805.0,13.194,33,True
2026-03-27 18:00:00+00:00,13.11,13.3,13.11,13.3,4885.0,13.238,36,True
2026-03-27 19:00:00+00:00,13.23,13.34,13.11,13.25,20261.0,13.221,136,True
2026-03-27 20:00:00+00:00,13.15,13.15,13.15,13.15,6140.0,13.15,2,False
2026-03-27 21:00:00+00:00,13.15,13.15,13.15,13.15,0.0,13.15,0,False
2026-03-27 22:00:00+00:00,13.15,13.15,13.15,13.15,0.0,13.15,0,False
2026-03-27 23:00:00+00:00,13.15,13.15,13.15,13.15,0.0,13.15,0,False
2026-03-30 13:00:00+00:00,13.2,13.33,13.13,13.14,6256.0,13.234,31,False
2026-03-30 14:00:00+00:00,13.19,13.37,12.8,13.34,20997.0,13.062,145,True
2026-03-30 15:00:00+00:00,13.13,13.29,13.0,13.06,2452.0,13.1,24,True
2026-03-30 16:00:00+00:00,13.14,13.25,13.05,13.24,6556.0,13.14,28,True
2026-03-30 17:00:00+00:00,13.24,13.24,12.89,12.96,6506.0,13.063,42,True
2026-03-30 18:00:00+00:00,12.95,13.05,12.87,12.87,6018.0,12.96,54,True
2026-03-30 19:00:00+00:00,12.94,13.05,12.82,13.03,15798.0,12.954,110,True
2026-03-30 20:00:00+00:00,13.03,13.03,13.03,13.03,6569.0,13.03,1,False
2026-03-30 21:00:00+00:00,12.78,12.84,12.68,12.81,2394.0,12.768,5,False
2026-03-30 22:00:00+00:00,12.81,12.81,12.81,12.81,0.0,12.81,0,False
2026-03-30 23:00:00+00:00,12.81,12.81,12.81,12.81,0.0,12.81,0,False
2026-03-31 13:00:00+00:00,13.13,14.02,13.13,14.02,5129.0,13.471,17,False
2026-03-31 14:00:00+00:00,13.78,13.88,13.42,13.74,79907.0,13.538,107,True
2026-03-31 15:00:00+00:00,13.84,14.22,13.83,14.04,11933.0,13.973,58,True
2026-03-31 16:00:00+00:00,14.0,14.27,13.95,14.15,16940.0,14.139,84,True
2026-03-31 17:00:00+00:00,14.2,14.32,14.08,14.08,8004.0,14.261,44,True
2026-03-31 18:00:00+00:00,14.03,14.17,13.99,14.17,4865.0,14.08,39,True
2026-03-31 19:00:00+00:00,14.13,14.18,14.04,14.09,4375.0,14.108,40,True
2026-03-31 20:00:00+00:00,14.06,14.06,14.06,14.06,12713.0,14.06,4,False
2026-03-31 21:00:00+00:00,14.06,14.06,14.06,14.06,0.0,14.06,0,False
2026-03-31 22:00:00+00:00,14.06,14.06,14.06,14.06,0.0,14.06,0,False
2026-03-31 23:00:00+00:00,14.06,14.06,14.06,14.06,0.0,14.06,0,False
2026-04-01 11:00:00+00:00,14.06,14.31,14.06,14.31,2217.0,14.126,3,False
2026-04-01 12:00:00+00:00,14.31,14.31,14.31,14.31,0.0,14.31,0,False
2026-04-01 13:00:00+00:00,14.33,14.75,14.04,14.7,9714.0,14.478,49,False
2026-04-01 14:00:00+00:00,14.65,14.75,14.35,14.73,11223.0,14.639,94,True
2026-04-01 15:00:00+00:00,14.8,15.5,14.75,14.97,41172.0,15.067,282,True
2026-04-01 16:00:00+00:00,14.97,15.09,14.8,14.96,5310.0,14.911,44,True
2026-04-01 17:00:00+00:00,14.97,14.98,14.55,14.76,2345.0,14.901,22,True
2026-04-01 18:00:00+00:00,14.68,14.69,14.68,14.68,500.0,14.682,4,True
2026-04-01 19:00:00+00:00,14.7,15.15,14.7,14.82,21327.0,14.953,142,True
2026-04-01 20:00:00+00:00,14.72,14.9,14.72,14.9,4904.0,14.731,2,False
2026-04-01 21:00:00+00:00,14.9,14.9,14.9,14.9,0.0,14.9,0,False
2026-04-01 22:00:00+00:00,14.9,14.9,14.9,14.9,0.0,14.9,0,False
2026-04-01 23:00:00+00:00,14.9,14.9,14.9,14.9,0.0,14.9,0,False
2026-04-02 13:00:00+00:00,14.32,14.42,14.19,14.26,1585.0,14.327,7,False
2026-04-02 14:00:00+00:00,14.24,14.78,14.22,14.78,6496.0,14.53,47,True
2026-04-02 15:00:00+00:00,14.79,14.79,14.32,14.36,15322.0,14.516,79,True
2026-04-02 16:00:00+00:00,14.42,14.57,14.34,14.51,13334.0,14.474,112,True
2026-04-02 17:00:00+00:00,14.52,14.54,14.31,14.31,3885.0,14.462,30,True
2026-04-02 18:00:00+00:00,14.39,14.46,14.37,14.42,2423.0,14.415,22,True
2026-04-02 19:00:00+00:00,14.42,14.56,14.41,14.53,17491.0,14.489,113,True
2026-04-02 20:00:00+00:00,14.57,14.57,14.57,14.57,8320.0,14.57,1,False
2026-04-02 21:00:00+00:00,14.57,14.57,14.57,14.57,0.0,14.57,0,False
2026-04-02 22:00:00+00:00,14.57,14.57,14.57,14.57,0.0,14.57,0,False
2026-04-02 23:00:00+00:00,14.57,14.57,14.57,14.57,0.0,14.57,0,False
2026-04-06 13:00:00+00:00,14.7,14.82,14.59,14.8,3223.0,14.731,11,False
2026-04-06 14:00:00+00:00,14.8,15.0,14.62,14.99,6482.0,14.767,44,True
2026-04-06 15:00:00+00:00,14.98,15.22,14.97,15.22,3132.0,15.037,24,True
2026-04-06 16:00:00+00:00,15.22,15.33,15.1,15.18,5193.0,15.258,23,True
2026-04-06 17:00:00+00:00,15.11,15.8,15.0,15.5,52328.0,15.463,278,True
2026-04-06 18:00:00+00:00,15.34,15.46,15.2,15.45,10206.0,15.296,73,True
2026-04-06 19:00:00+00:00,15.35,15.46,15.05,15.17,23033.0,15.208,190,True
2026-04-06 20:00:00+00:00,15.14,15.14,15.14,15.14,4332.0,15.14,2,False
2026-04-06 21:00:00+00:00,15.14,15.14,15.14,15.14,0.0,15.14,0,False
2026-04-06 22:00:00+00:00,15.14,15.14,15.14,15.14,0.0,15.14,0,False
2026-04-06 23:00:00+00:00,15.14,15.14,15.14,15.14,0.0,15.14,0,False
2026-04-07 13:00:00+00:00,14.97,14.97,14.53,14.67,6999.0,14.735,24,False
2026-04-07 14:00:00+00:00,14.57,14.88,14.38,14.75,3200.0,14.654,27,True
2026-04-07 15:00:00+00:00,14.65,14.65,14.33,14.38,19722.0,14.495,91,True
2026-04-07 16:00:00+00:00,14.53,14.66,14.5,14.6,2996.0,14.586,29,True
2026-04-07 17:00:00+00:00,14.59,14.76,14.57,14.74,4070.0,14.699,30,True
2026-04-07 18:00:00+00:00,14.74,14.76,14.47,14.47,2212.0,14.655,20,True
2026-04-07 19:00:00+00:00,14.56,14.73,14.43,14.73,6282.0,14.654,52,True
2026-04-07 20:00:00+00:00,14.68,14.68,14.68,14.68,4626.0,14.68,1,False
2026-04-07 21:00:00+00:00,14.68,14.68,14.68,14.68,0.0,14.68,0,False
2026-04-07 22:00:00+00:00,14.68,14.68,14.68,14.68,0.0,14.68,0,False
2026-04-07 23:00:00+00:00,14.68,14.68,14.68,14.68,0.0,14.68,0,False
2026-04-08 13:00:00+00:00,15.5,15.5,15.03,15.03,9104.0,15.355,15,False
2026-04-08 14:00:00+00:00,15.03,15.23,15.0,15.02,4013.0,15.072,18,True
2026-04-08 15:00:00+00:00,15.06,15.15,14.83,14.83,2631.0,15.052,21,True
2026-04-08 16:00:00+00:00,15.05,15.05,14.92,14.92,500.0,14.975,5,True
2026-04-08 17:00:00+00:00,14.92,15.09,14.91,15.04,4600.0,14.991,26,True
2026-04-08 18:00:00+00:00,14.94,15.12,14.84,14.88,2920.0,14.983,25,True
2026-04-08 19:00:00+00:00,14.93,15.03,14.91,14.99,15295.0,14.991,112,True
2026-04-08 20:00:00+00:00,14.99,14.99,14.99,14.99,4312.0,14.99,2,False
2026-04-08 21:00:00+00:00,14.99,14.99,14.99,14.99,0.0,14.99,0,False
2026-04-08 22:00:00+00:00,14.99,14.99,14.99,14.99,0.0,14.99,0,False
2026-04-08 23:00:00+00:00,14.99,14.99,14.99,14.99,0.0,14.99,0,False
2026-04-09 13:00:00+00:00,15.01,15.07,14.91,14.91,2072.0,14.961,5,False
2026-04-09 14:00:00+00:00,14.91,15.12,14.85,15.12,3242.0,14.991,30,True
2026-04-09 15:00:00+00:00,14.95,15.36,14.94,15.22,2611.0,15.183,15,True
2026-04-09 16:00:00+00:00,15.26,15.35,15.25,15.34,825.0,15.331,8,True
2026-04-09 17:00:00+00:00,15.35,15.37,15.22,15.32,3335.0,15.345,11,True
2026-04-09 18:00:00+00:00,15.36,15.4,15.18,15.29,4601.0,15.336,30,True
2026-04-09 19:00:00+00:00,15.29,15.32,15.08,15.29,11418.0,15.214,102,True
2026-04-09 20:00:00+00:00,15.27,15.27,15.27,15.27,5344.0,15.27,3,False
2026-04-09 21:00:00+00:00,15.27,15.27,15.27,15.27,0.0,15.27,0,False
2026-04-09 22:00:00+00:00,15.27,15.27,15.27,15.27,0.0,15.27,0,False
2026-04-09 23:00:00+00:00,15.27,15.27,15.27,15.27,0.0,15.27,0,False
2026-04-10 13:00:00+00:00,15.41,15.87,15.17,15.8,18019.0,15.585,76,False
2026-04-10 14:00:00+00:00,15.69,15.87,15.57,15.6,9864.0,15.709,78,True
2026-04-10 15:00:00+00:00,15.67,15.77,15.42,15.53,7996.0,15.636,45,True
2026-04-10 16:00:00+00:00,15.53,15.63,15.42,15.59,3886.0,15.554,33,True
2026-04-10 17:00:00+00:00,15.59,15.65,15.52,15.63,3833.0,15.596,31,True
2026-04-10 18:00:00+00:00,15.57,15.66,15.48,15.61,6933.0,15.594,46,True
2026-04-10 19:00:00+00:00,15.61,15.9,15.57,15.79,24806.0,15.758,171,True
2026-04-10 20:00:00+00:00,15.72,15.72,15.72,15.72,5216.0,15.72,1,False
2026-04-10 21:00:00+00:00,15.6,15.65,15.6,15.65,399.0,15.637,2,False
2026-04-10 22:00:00+00:00,15.65,15.65,15.65,15.65,0.0,15.65,0,False
2026-04-10 23:00:00+00:00,15.65,15.65,15.65,15.65,0.0,15.65,0,False
2026-04-13 13:00:00+00:00,15.62,16.23,15.57,16.23,15957.0,15.935,51,False
2026-04-13 14:00:00+00:00,16.12,16.2,15.63,15.63,19278.0,15.99,69,True
2026-04-13 15:00:00+00:00,15.9,16.03,15.78,15.98,29035.0,15.964,109,True
2026-04-13 16:00:00+00:00,15.97,16.3,15.94,16.13,57205.0,16.058,157,True
2026-04-13 17:00:00+00:00,16.13,16.25,16.05,16.12,8438.0,16.134,70,True
2026-04-13 18:00:00+00:00,16.1,16.4,16.1,16.24,12902.0,16.224,93,True
2026-04-13 19:00:00+00:00,16.24,16.38,16.13,16.35,31703.0,16.271,228,True
2026-04-13 20:00:00+00:00,16.34,16.34,16.34,16.34,5167.0,16.34,1,False
2026-04-13 21:00:00+00:00,16.34,16.34,16.34,16.34,0.0,16.34,0,False
2026-04-13 22:00:00+00:00,16.34,16.34,16.34,16.34,0.0,16.34,0,False
2026-04-13 23:00:00+00:00,16.34,16.34,16.34,16.34,0.0,16.34,0,False
2026-04-14 08:00:00+00:00,16.51,16.51,16.51,16.51,423.0,16.51,1,False
2026-04-14 09:00:00+00:00,16.51,16.51,16.51,16.51,0.0,16.51,0,False
2026-04-14 10:00:00+00:00,16.51,16.51,16.51,16.51,0.0,16.51,0,False
2026-04-14 11:00:00+00:00,16.51,16.51,16.51,16.51,0.0,16.51,0,False
2026-04-14 12:00:00+00:00,16.66,16.66,16.66,16.66,100.0,16.66,1,False
2026-04-14 13:00:00+00:00,16.51,17.02,16.51,16.88,6665.0,16.739,27,False
2026-04-14 14:00:00+00:00,16.85,17.03,16.69,16.83,8117.0,16.953,42,True
2026-04-14 15:00:00+00:00,16.81,17.1,16.79,17.03,12979.0,17.014,73,True
2026-04-14 16:00:00+00:00,16.99,16.99,16.93,16.93,1094.0,16.966,8,True
2026-04-14 17:00:00+00:00,16.88,16.88,16.73,16.76,5292.0,16.808,32,True
2026-04-14 18:00:00+00:00,16.74,16.77,16.51,16.76,3276.0,16.666,19,True
2026-04-14 19:00:00+00:00,16.77,16.83,16.74,16.8,10586.0,16.788,82,True
2026-04-14 20:00:00+00:00,16.77,16.77,16.77,16.77,7512.0,16.77,5,False
2026-04-14 21:00:00+00:00,16.77,16.77,16.77,16.77,0.0,16.77,0,False
2026-04-14 22:00:00+00:00,16.77,16.77,16.77,16.77,0.0,16.77,0,False
2026-04-14 23:00:00+00:00,16.77,16.77,16.77,16.77,0.0,16.77,0,False
2026-04-15 13:00:00+00:00,16.76,16.89,16.76,16.77,1694.0,16.798,7,False
2026-04-15 14:00:00+00:00,16.57,16.79,16.55,16.58,4447.0,16.688,19,True
2026-04-15 15:00:00+00:00,16.55,16.64,16.45,16.49,4693.0,16.543,36,True
2026-04-15 16:00:00+00:00,16.5,16.74,16.49,16.6,5401.0,16.586,28,True
2026-04-15 17:00:00+00:00,16.67,16.78,16.66,16.78,3900.0,16.718,37,True
2026-04-15 18:00:00+00:00,16.77,17.0,16.77,16.99,5598.0,16.926,29,True
2026-04-15 19:00:00+00:00,16.92,17.02,16.85,16.93,13818.0,16.949,79,True
2026-04-15 20:00:00+00:00,17.0,17.0,17.0,17.0,4089.0,17.0,1,False
2026-04-15 21:00:00+00:00,16.67,16.67,16.67,16.67,115.0,16.67,1,False
2026-04-15 22:00:00+00:00,16.67,16.67,16.67,16.67,0.0,16.67,0,False
2026-04-15 23:00:00+00:00,16.67,16.67,16.67,16.67,0.0,16.67,0,False
2026-04-16 11:00:00+00:00,16.94,16.94,16.94,16.94,400.0,16.94,1,False
2026-04-16 12:00:00+00:00,16.66,16.66,16.66,16.66,200.0,16.66,1,False
2026-04-16 13:00:00+00:00,16.9,17.0,16.54,16.54,1975.0,16.796,10,False
2026-04-16 14:00:00+00:00,16.66,16.67,16.53,16.59,1616.0,16.591,15,True
2026-04-16 15:00:00+00:00,16.6,17.5,16.59,17.26,40298.0,17.121,159,True
2026-04-16 16:00:00+00:00,17.45,18.25,17.09,17.19,49616.0,17.79,326,True
2026-04-16 17:00:00+00:00,17.11,17.62,17.0,17.62,15300.0,17.277,76,True
2026-04-16 18:00:00+00:00,17.44,17.53,17.27,17.39,18620.0,17.375,130,True
2026-04-16 19:00:00+00:00,17.43,17.79,17.31,17.63,29518.0,17.572,198,True
2026-04-16 20:00:00+00:00,17.74,17.74,17.74,17.74,6144.0,17.74,2,False
2026-04-16 21:00:00+00:00,17.74,17.74,17.74,17.74,0.0,17.74,0,False
2026-04-16 22:00:00+00:00,17.74,17.74,17.74,17.74,0.0,17.74,0,False
2026-04-16 23:00:00+00:00,17.74,17.74,17.74,17.74,0.0,17.74,0,False
2026-04-17 13:00:00+00:00,17.84,18.08,17.64,17.64,16855.0,17.87,64,False
2026-04-17 14:00:00+00:00,17.87,18.59,17.73,18.38,24434.0,18.325,107,True
2026-04-17 15:00:00+00:00,18.37,18.7,18.23,18.23,10064.0,18.486,72,True
2026-04-17 16:00:00+00:00,18.22,18.46,18.14,18.18,7500.0,18.337,66,True
2026-04-17 17:00:00+00:00,18.2,18.41,18.13,18.37,5373.0,18.265,44,True
2026-04-17 18:00:00+00:00,18.39,18.39,18.1,18.1,9771.0,18.188,60,True
2026-04-17 19:00:00+00:00,18.12,18.36,18.06,18.26,24216.0,18.254,201,True
2026-04-17 20:00:00+00:00,18.34,18.34,18.34,18.34,4922.0,18.34,2,False
2026-04-17 21:00:00+00:00,18.34,18.34,18.34,18.34,0.0,18.34,0,False
2026-04-17 22:00:00+00:00,18.35,18.35,18.35,18.35,600.0,18.35,1,False
2026-04-17 23:00:00+00:00,18.35,18.35,18.35,18.35,100.0,18.35,1,False
2026-04-20 08:00:00+00:00,20.5,21.98,20.5,21.05,6734.0,21.674,24,False
2026-04-20 09:00:00+00:00,21.05,21.05,21.05,21.05,0.0,21.05,0,False
2026-04-20 10:00:00+00:00,20.73,21.84,20.73,21.8,1012.0,21.671,8,False
2026-04-20 11:00:00+00:00,21.69,21.8,21.45,21.5,13837.0,21.711,51,False
2026-04-20 12:00:00+00:00,21.59,21.98,20.91,21.3,10936.0,21.484,55,False
2026-04-20 13:00:00+00:00,21.2,24.66,20.75,23.43,373150.0,22.803,1032,False
2026-04-20 14:00:00+00:00,23.25,23.96,21.84,22.23,213694.0,22.967,564,True
2026-04-20 15:00:00+00:00,22.19,22.34,21.16,21.48,113143.0,21.702,463,True
2026-04-20 16:00:00+00:00,21.55,21.6,20.75,20.85,57561.0,21.158,204,True
2026-04-20 17:00:00+00:00,20.88,21.38,19.8,21.38,247438.0,20.539,935,True
2026-04-20 18:00:00+00:00,21.44,21.84,21.11,21.45,48262.0,21.486,245,True
2026-04-20 19:00:00+00:00,21.45,21.69,21.28,21.5,57832.0,21.502,227,True
2026-04-20 20:00:00+00:00,21.5,22.51,21.5,22.51,22221.0,21.522,7,False
2026-04-20 21:00:00+00:00,22.45,22.46,21.96,21.97,2464.0,22.033,12,False
2026-04-20 22:00:00+00:00,21.97,21.97,21.97,21.97,0.0,21.97,0,False
2026-04-20 23:00:00+00:00,22.5,22.5,22.15,22.15,400.0,22.325,2,False
2026-04-21 08:00:00+00:00,22.51,22.51,21.5,21.5,932.0,21.823,3,False
2026-04-21 09:00:00+00:00,21.5,21.5,21.5,21.5,0.0,21.5,0,False
2026-04-21 10:00:00+00:00,21.5,21.5,21.5,21.5,0.0,21.5,0,False
2026-04-21 11:00:00+00:00,21.58,22.37,21.58,22.37,1138.0,21.967,7,False
2026-04-21 12:00:00+00:00,21.93,21.93,21.91,21.93,1057.0,21.927,4,False
2026-04-21 13:00:00+00:00,21.67,22.06,21.01,21.59,90177.0,21.532,169,False
2026-04-21 14:00:00+00:00,21.4,22.36,21.4,21.96,139096.0,21.959,388,True
2026-04-21 15:00:00+00:00,22.0,22.07,21.2,21.38,48979.0,21.518,322,True
2026-04-21 16:00:00+00:00,21.29,21.35,20.7,20.89,24929.0,20.988,169,True
2026-04-21 17:00:00+00:00,20.89,21.0,20.77,20.98,11910.0,20.905,82,True
2026-04-21 18:00:00+00:00,20.99,21.0,20.74,20.76,14464.0,20.835,79,True
2026-04-21 19:00:00+00:00,20.79,20.87,20.37,20.62,26393.0,20.596,198,True
2026-04-21 20:00:00+00:00,20.65,21.06,20.65,21.06,9234.0,20.654,2,False
2026-04-21 21:00:00+00:00,21.06,21.06,21.06,21.06,0.0,21.06,0,False
2026-04-21 22:00:00+00:00,20.91,20.92,20.91,20.91,150.0,20.911,1,False
2026-04-21 23:00:00+00:00,20.91,20.92,20.91,20.91,0.0,20.91,0,False
2026-04-22 08:00:00+00:00,20.1,20.68,19.5,20.68,1011.0,20.025,4,False
2026-04-22 09:00:00+00:00,20.68,20.68,20.68,20.68,0.0,20.68,0,False
2026-04-22 10:00:00+00:00,20.68,20.68,20.68,20.68,0.0,20.68,0,False
2026-04-22 11:00:00+00:00,21.04,21.04,20.86,20.92,668.0,20.93,4,False
2026-04-22 12:00:00+00:00,20.95,20.95,20.6,20.6,1321.0,20.876,3,False
2026-04-22 13:00:00+00:00,21.14,21.84,20.58,21.84,34749.0,21.116,87,False
2026-04-22 14:00:00+00:00,21.84,22.0,20.79,21.07,108601.0,21.204,412,True
2026-04-22 15:00:00+00:00,20.94,21.07,20.13,20.2,33506.0,20.69,173,True
2026-04-22 16:00:00+00:00,20.33,20.59,20.18,20.4,12321.0,20.431,94,True
2026-04-22 17:00:00+00:00,20.4,20.4,20.0,20.24,9214.0,20.186,76,True
2026-04-22 18:00:00+00:00,20.44,20.44,19.45,19.61,25763.0,19.734,216,True
2026-04-22 19:00:00+00:00,19.65,19.66,18.78,18.98,165275.0,19.095,973,True
2026-04-22 20:00:00+00:00,18.95,18.95,18.95,18.95,33311.0,18.95,3,False
2026-04-22 21:00:00+00:00,18.98,18.98,18.97,18.98,144.0,18.98,1,False
2026-04-22 22:00:00+00:00,18.98,18.98,18.98,18.98,0.0,18.98,0,False
2026-04-22 23:00:00+00:00,18.98,18.98,18.97,18.98,0.0,18.98,0,False
2026-04-23 08:00:00+00:00,19.08,19.08,19.08,19.08,366.0,19.08,1,False
2026-04-23 09:00:00+00:00,19.08,19.08,19.08,19.08,0.0,19.08,0,False
2026-04-23 10:00:00+00:00,19.08,19.08,19.08,19.08,0.0,19.08,0,False
2026-04-23 11:00:00+00:00,19.08,19.08,19.08,19.08,0.0,19.08,0,False
2026-04-23 12:00:00+00:00,19.02,19.32,19.02,19.32,374.0,19.24,2,False
2026-04-23 13:00:00+00:00,19.0,19.3,18.55,19.05,34378.0,18.834,177,False
2026-04-23 14:00:00+00:00,18.68,19.06,18.64,18.82,26876.0,18.809,177,True
2026-04-23 15:00:00+00:00,18.96,19.19,18.76,18.94,8240.0,18.995,56,True
2026-04-23 16:00:00+00:00,18.95,19.02,18.56,18.69,49033.0,18.755,274,True
2026-04-23 17:00:00+00:00,18.6,18.72,18.38,18.71,10518.0,18.541,71,True
2026-04-23 18:00:00+00:00,18.73,18.84,18.54,18.78,52949.0,18.741,204,True
2026-04-23 19:00:00+00:00,18.88,18.92,18.49,18.81,25865.0,18.693,206,True
2026-04-23 20:00:00+00:00,18.81,18.81,18.45,18.45,6453.0,18.764,3,False
2026-04-23 21:00:00+00:00,18.45,18.45,18.45,18.45,0.0,18.45,0,False
2026-04-23 22:00:00+00:00,18.45,18.45,18.45,18.45,0.0,18.45,0,False
2026-04-23 23:00:00+00:00,18.45,18.45,18.45,18.45,0.0,18.45,0,False
2026-04-24 11:00:00+00:00,19.4,19.4,18.81,18.81,6780.0,19.105,2,False
2026-04-24 12:00:00+00:00,18.81,18.81,18.81,18.81,0.0,18.81,0,False
2026-04-24 13:00:00+00:00,19.19,19.62,18.4,19.41,18902.0,18.889,104,False
2026-04-24 14:00:00+00:00,19.21,19.4,18.63,19.28,41825.0,19.04,155,True
2026-04-24 15:00:00+00:00,19.28,19.47,19.13,19.34,23775.0,19.322,148,True
2026-04-24 16:00:00+00:00,19.34,19.46,19.17,19.29,16818.0,19.337,106,True
2026-04-24 17:00:00+00:00,19.29,19.67,19.24,19.67,7787.0,19.445,47,True
2026-04-24 18:00:00+00:00,19.57,19.98,19.5,19.86,16666.0,19.734,114,True
2026-04-24 19:00:00+00:00,19.86,20.27,19.55,20.27,64206.0,19.974,395,True
2026-04-24 20:00:00+00:00,20.25,20.25,20.1,20.2,14302.0,20.242,4,False
2026-04-24 21:00:00+00:00,20.2,20.2,20.2,20.2,0.0,20.2,0,False
2026-04-24 22:00:00+00:00,20.4,20.4,20.4,20.4,500.0,20.4,1,False
2026-04-24 23:00:00+00:00,20.63,21.72,20.63,21.71,5109.0,20.877,3,False
2026-04-27 11:00:00+00:00,20.78,21.67,20.78,21.67,917.0,21.477,3,False
2026-04-27 12:00:00+00:00,20.31,20.31,20.31,20.31,100.0,20.31,1,False
2026-04-27 13:00:00+00:00,20.44,20.64,20.0,20.46,26422.0,20.341,77,False
2026-04-27 14:00:00+00:00,20.5,20.94,20.24,20.81,20001.0,20.583,124,True
2026-04-27 15:00:00+00:00,20.76,20.92,20.48,20.53,13541.0,20.722,79,True
2026-04-27 16:00:00+00:00,20.62,20.66,20.19,20.45,12257.0,20.484,88,True
2026-04-27 17:00:00+00:00,20.32,20.69,20.32,20.6,13286.0,20.558,92,True
2026-04-27 18:00:00+00:00,20.6,20.65,19.88,19.89,67818.0,20.488,493,True
2026-04-27 19:00:00+00:00,19.89,19.9,19.46,19.53,23181.0,19.631,166,True
2026-04-27 20:00:00+00:00,19.6,19.6,19.58,19.58,10426.0,19.595,2,False
2026-04-27 21:00:00+00:00,19.21,19.21,19.21,19.21,375.0,19.21,1,False
2026-04-27 22:00:00+00:00,19.21,19.21,19.21,19.21,0.0,19.21,0,False
2026-04-27 23:00:00+00:00,19.21,19.21,19.21,19.21,0.0,19.21,0,False
2026-04-28 12:00:00+00:00,19.98,19.98,19.98,19.98,500.0,19.98,2,False
2026-04-28 13:00:00+00:00,19.48,20.11,19.31,19.7,21646.0,19.892,33,False
2026-04-28 14:00:00+00:00,19.68,19.69,18.93,19.15,11325.0,19.229,64,True
2026-04-28 15:00:00+00:00,19.24,19.3,18.96,19.23,45530.0,19.044,118,True
2026-04-28 16:00:00+00:00,19.25,19.6,19.19,19.34,4494.0,19.358,34,True
2026-04-28 17:00:00+00:00,19.21,19.38,19.17,19.35,1728.0,19.249,17,True
2026-04-28 18:00:00+00:00,19.41,19.56,19.33,19.55,1701.0,19.446,14,True
2026-04-28 19:00:00+00:00,19.5,19.85,19.5,19.85,21734.0,19.695,152,True
2026-04-28 20:00:00+00:00,19.85,19.85,19.75,19.75,8175.0,19.826,5,False
2026-04-28 21:00:00+00:00,19.75,19.75,19.75,19.75,550.0,19.75,2,False
2026-04-28 22:00:00+00:00,19.7,19.7,19.7,19.7,100.0,19.7,1,False
2026-04-28 23:00:00+00:00,19.7,19.7,19.7,19.7,0.0,19.7,0,False
2026-04-29 11:00:00+00:00,19.71,19.71,19.71,19.71,193.0,19.71,1,False
2026-04-29 12:00:00+00:00,19.5,19.5,19.5,19.5,191.0,19.5,1,False
2026-04-29 13:00:00+00:00,20.14,20.14,19.3,19.38,8237.0,19.723,26,False
2026-04-29 14:00:00+00:00,19.63,19.63,18.88,19.61,38197.0,19.149,167,True
2026-04-29 15:00:00+00:00,19.46,19.55,19.23,19.51,9695.0,19.454,65,True
2026-04-29 16:00:00+00:00,19.53,19.68,19.27,19.28,15047.0,19.476,76,True
2026-04-29 17:00:00+00:00,19.28,19.32,19.16,19.29,9661.0,19.247,63,True
2026-04-29 18:00:00+00:00,19.19,19.32,19.13,19.28,11217.0,19.195,90,True
2026-04-29 19:00:00+00:00,19.28,19.44,19.12,19.16,52948.0,19.259,377,True
2026-04-29 20:00:00+00:00,19.16,19.16,19.16,19.16,8658.0,19.16,1,False
2026-04-29 21:00:00+00:00,19.16,19.16,19.16,19.16,0.0,19.16,0,False
2026-04-29 22:00:00+00:00,19.16,19.16,19.16,19.16,100.0,19.16,1,False
2026-04-29 23:00:00+00:00,19.16,19.16,19.16,19.16,0.0,19.16,0,False
2026-04-30 13:00:00+00:00,19.21,19.7,19.21,19.41,6954.0,19.383,37,False
2026-04-30 14:00:00+00:00,19.75,20.01,19.43,19.61,1468.0,19.724,12,True
2026-04-30 15:00:00+00:00,19.78,20.01,19.68,20.01,2508.0,19.835,21,True
2026-04-30 16:00:00+00:00,19.84,19.87,19.72,19.79,1801.0,19.821,13,True
2026-04-30 17:00:00+00:00,19.8,19.92,19.72,19.8,6047.0,19.814,40,True
2026-04-30 18:00:00+00:00,19.72,19.96,19.64,19.86,8991.0,19.793,60,True
2026-04-30 19:00:00+00:00,19.77,20.54,19.77,20.54,47107.0,20.328,271,True
2026-04-30 20:00:00+00:00,20.53,20.53,20.53,20.53,11261.0,20.53,1,False
2026-04-30 21:00:00+00:00,20.53,20.53,20.53,20.53,0.0,20.53,0,False
2026-04-30 22:00:00+00:00,20.53,20.53,20.53,20.53,0.0,20.53,0,False
2026-04-30 23:00:00+00:00,20.3,20.3,20.3,20.3,250.0,20.3,1,False
2026-05-01 12:00:00+00:00,20.94,20.94,20.94,20.94,500.0,20.94,1,False
2026-05-01 13:00:00+00:00,20.53,20.6,20.04,20.3,6675.0,20.375,28,False
2026-05-01 14:00:00+00:00,20.54,20.57,20.06,20.27,19796.0,20.301,81,True
2026-05-01 15:00:00+00:00,20.19,20.57,20.12,20.57,6948.0,20.433,39,True
2026-05-01 16:00:00+00:00,20.45,20.76,20.38,20.44,5857.0,20.546,40,True
2026-05-01 17:00:00+00:00,20.53,20.64,20.44,20.49,4341.0,20.529,25,True
2026-05-01 18:00:00+00:00,20.53,20.56,20.33,20.55,5648.0,20.474,39,True
2026-05-01 19:00:00+00:00,20.46,20.75,20.45,20.7,19520.0,20.646,146,True
2026-05-01 20:00:00+00:00,20.71,20.71,20.71,20.71,8361.0,20.71,1,False
2026-05-01 21:00:00+00:00,20.71,20.71,20.71,20.71,0.0,20.71,0,False
2026-05-01 22:00:00+00:00,20.71,20.71,20.71,20.71,0.0,20.71,0,False
2026-05-01 23:00:00+00:00,20.71,20.71,20.71,20.71,0.0,20.71,0,False
2026-05-04 10:00:00+00:00,20.7,20.7,20.7,20.7,242.0,20.7,1,False
2026-05-04 11:00:00+00:00,20.7,20.7,20.7,20.7,0.0,20.7,0,False
2026-05-04 12:00:00+00:00,20.7,20.7,20.7,20.7,0.0,20.7,0,False
2026-05-04 13:00:00+00:00,20.59,21.43,20.58,21.16,11985.0,21.043,69,False
2026-05-04 14:00:00+00:00,21.03,21.09,20.47,21.09,16992.0,20.737,109,True
2026-05-04 15:00:00+00:00,20.96,21.11,20.61,20.67,7062.0,20.798,46,True
2026-05-04 16:00:00+00:00,20.6,21.37,20.48,21.09,15839.0,20.813,88,True
2026-05-04 17:00:00+00:00,21.19,21.62,20.9,21.45,64644.0,21.087,146,True
2026-05-04 18:00:00+00:00,21.5,21.58,21.37,21.48,3659.0,21.504,24,True
2026-05-04 19:00:00+00:00,21.34,21.72,21.34,21.7,26794.0,21.601,173,True
2026-05-04 20:00:00+00:00,21.69,21.69,21.69,21.69,10277.0,21.69,3,False
2026-05-04 21:00:00+00:00,21.69,21.69,21.69,21.69,0.0,21.69,0,False
2026-05-04 22:00:00+00:00,21.69,21.69,21.69,21.69,0.0,21.69,0,False
2026-05-04 23:00:00+00:00,21.69,21.69,21.69,21.69,0.0,21.69,0,False
2026-05-05 12:00:00+00:00,21.74,21.74,21.74,21.74,421.0,21.74,2,False
2026-05-05 13:00:00+00:00,21.67,21.94,21.0,21.26,6658.0,21.569,35,False
2026-05-05 14:00:00+00:00,21.22,21.91,21.22,21.77,6004.0,21.66,28,True
2026-05-05 15:00:00+00:00,21.77,21.88,21.31,21.31,24696.0,21.581,181,True
2026-05-05 16:00:00+00:00,21.31,21.41,21.19,21.36,5048.0,21.273,48,True
2026-05-05 17:00:00+00:00,21.19,21.43,21.19,21.26,6667.0,21.282,38,True
2026-05-05 18:00:00+00:00,21.25,21.38,21.24,21.3,5836.0,21.285,44,True
2026-05-05 19:00:00+00:00,21.33,21.55,21.26,21.3,21898.0,21.448,106,True
2026-05-05 20:00:00+00:00,21.28,21.28,21.28,21.28,13258.0,21.28,1,False
2026-05-05 21:00:00+00:00,21.28,21.28,21.28,21.28,0.0,21.28,0,False
2026-05-05 22:00:00+00:00,21.28,21.28,21.28,21.28,0.0,21.28,0,False
2026-05-05 23:00:00+00:00,21.28,21.28,21.28,21.28,0.0,21.28,0,False
2026-05-06 11:00:00+00:00,21.2,21.2,21.2,21.2,540.0,21.2,1,False
2026-05-06 12:00:00+00:00,21.2,21.2,21.2,21.2,0.0,21.2,0,False
2026-05-06 13:00:00+00:00,21.55,21.94,21.27,21.61,7725.0,21.577,43,False
2026-05-06 14:00:00+00:00,21.39,21.8,21.39,21.77,4976.0,21.583,43,True
2026-05-06 15:00:00+00:00,21.84,22.32,21.75,21.95,66355.0,22.01,319,True
2026-05-06 16:00:00+00:00,21.96,22.13,21.89,22.0,10711.0,21.998,86,True
2026-05-06 17:00:00+00:00,22.0,22.49,22.0,22.05,18983.0,22.166,73,True
2026-05-06 18:00:00+00:00,22.11,22.44,22.0,22.18,24033.0,22.258,101,True
2026-05-06 19:00:00+00:00,22.18,22.88,21.83,22.5,149558.0,22.234,806,True
2026-05-06 20:00:00+00:00,22.44,22.44,22.0,22.0,6765.0,22.416,5,False
2026-05-06 21:00:00+00:00,22.0,22.0,22.0,22.0,0.0,22.0,0,False
2026-05-06 22:00:00+00:00,22.0,22.0,22.0,22.0,150.0,22.0,1,False
2026-05-06 23:00:00+00:00,22.0,22.0,22.0,22.0,0.0,22.0,0,False
2026-05-07 13:00:00+00:00,22.12,22.58,21.72,21.86,23402.0,22.164,52,False
2026-05-07 14:00:00+00:00,21.92,22.0,21.3,21.41,10139.0,21.655,44,True
2026-05-07 15:00:00+00:00,21.32,21.41,20.81,20.85,29256.0,21.0,154,True
2026-05-07 16:00:00+00:00,20.84,21.09,20.57,21.01,18950.0,20.783,125,True
2026-05-07 17:00:00+00:00,20.95,21.21,20.82,21.04,9536.0,21.044,55,True
2026-05-07 18:00:00+00:00,21.04,21.12,20.91,21.03,22694.0,21.013,165,True
2026-05-07 19:00:00+00:00,21.07,21.19,21.0,21.0,18593.0,21.059,133,True
2026-05-07 20:00:00+00:00,21.01,21.01,21.01,21.01,6234.0,21.01,1,False
2026-05-07 21:00:00+00:00,21.01,21.01,21.01,21.01,0.0,21.01,0,False
2026-05-07 22:00:00+00:00,21.43,21.43,21.43,21.43,100.0,21.43,1,False
2026-05-07 23:00:00+00:00,21.43,21.43,21.43,21.43,0.0,21.43,0,False
2026-05-08 13:00:00+00:00,20.97,21.44,20.97,20.97,5306.0,21.051,25,False
2026-05-08 14:00:00+00:00,20.97,21.71,20.75,21.65,22976.0,21.118,168,True
2026-05-08 15:00:00+00:00,21.41,21.7,21.19,21.5,8694.0,21.428,69,True
2026-05-08 16:00:00+00:00,21.72,21.77,21.37,21.37,21412.0,21.546,83,True
2026-05-08 17:00:00+00:00,21.48,21.61,21.03,21.43,4897.0,21.387,37,True
2026-05-08 18:00:00+00:00,21.5,21.62,21.31,21.41,4641.0,21.458,41,True
2026-05-08 19:00:00+00:00,21.57,21.68,21.35,21.35,20318.0,21.476,150,True
2026-05-08 20:00:00+00:00,21.42,21.42,21.42,21.42,9071.0,21.42,1,False
2026-05-08 21:00:00+00:00,21.42,21.42,21.42,21.42,0.0,21.42,0,False
2026-05-08 22:00:00+00:00,21.42,21.42,21.42,21.42,0.0,21.42,0,False
2026-05-08 23:00:00+00:00,21.42,21.42,21.42,21.42,0.0,21.42,0,False
2026-05-11 13:00:00+00:00,21.42,21.67,21.31,21.65,4517.0,21.458,18,False
2026-05-11 14:00:00+00:00,21.65,22.21,21.61,21.74,14792.0,21.961,59,True
2026-05-11 15:00:00+00:00,21.68,21.92,21.37,21.38,5907.0,21.632,50,True
2026-05-11 16:00:00+00:00,21.5,21.6,21.32,21.4,3316.0,21.45,21,True
2026-05-11 17:00:00+00:00,21.26,21.56,21.16,21.16,4625.0,21.423,38,True
2026-05-11 18:00:00+00:00,21.35,21.35,21.06,21.23,5508.0,21.266,23,True
2026-05-11 19:00:00+00:00,21.23,21.35,21.02,21.29,24368.0,21.224,157,True
2026-05-11 20:00:00+00:00,21.26,21.26,21.26,21.26,6439.0,21.26,3,False
2026-05-11 21:00:00+00:00,21.26,21.26,21.26,21.26,0.0,21.26,0,False
2026-05-11 22:00:00+00:00,21.26,21.26,21.26,21.26,0.0,21.26,0,False
2026-05-11 23:00:00+00:00,21.26,21.26,21.26,21.26,0.0,21.26,0,False
2026-05-12 11:00:00+00:00,21.26,21.26,21.26,21.26,250.0,21.26,1,False
2026-05-12 12:00:00+00:00,21.26,21.26,21.26,21.26,0.0,21.26,0,False
2026-05-12 13:00:00+00:00,21.23,21.52,21.0,21.39,7408.0,21.289,52,False
2026-05-12 14:00:00+00:00,21.36,21.75,21.36,21.49,5035.0,21.517,28,True
2026-05-12 15:00:00+00:00,21.33,21.39,20.93,20.97,4261.0,21.175,26,True
2026-05-12 16:00:00+00:00,20.89,20.99,20.89,20.99,2816.0,20.934,18,True
2026-05-12 17:00:00+00:00,21.01,21.36,21.01,21.22,8511.0,21.243,56,True
2026-05-12 18:00:00+00:00,21.26,21.34,21.17,21.34,5128.0,21.255,42,True
2026-05-12 19:00:00+00:00,21.27,21.56,21.27,21.54,17758.0,21.456,118,True
2026-05-12 20:00:00+00:00,21.54,21.54,21.54,21.54,6703.0,21.54,1,False
2026-05-12 21:00:00+00:00,21.54,21.54,21.54,21.54,0.0,21.54,0,False
2026-05-12 22:00:00+00:00,21.11,21.11,21.11,21.11,125.0,21.11,1,False
2026-05-12 23:00:00+00:00,21.11,21.11,21.11,21.11,0.0,21.11,0,False
2026-05-13 08:00:00+00:00,22.0,22.0,21.8,21.8,200.0,21.9,2,False
2026-05-13 09:00:00+00:00,21.6,21.6,21.6,21.6,500.0,21.6,1,False
2026-05-13 10:00:00+00:00,21.6,21.6,21.6,21.6,0.0,21.6,0,False
2026-05-13 11:00:00+00:00,21.6,21.6,21.6,21.6,0.0,21.6,0,False
2026-05-13 12:00:00+00:00,22.34,22.34,22.34,22.34,100.0,22.34,1,False
2026-05-13 13:00:00+00:00,21.68,21.68,21.05,21.58,2024.0,21.302,6,False
2026-05-13 14:00:00+00:00,21.4,22.07,21.31,21.92,15110.0,21.776,48,True
2026-05-13 15:00:00+00:00,21.87,22.0,21.72,21.79,11883.0,21.856,90,True
2026-05-13 16:00:00+00:00,21.77,22.04,21.71,21.82,11051.0,21.845,74,True
2026-05-13 17:00:00+00:00,21.9,22.01,21.72,21.86,4120.0,21.882,22,True
2026-05-13 18:00:00+00:00,21.83,22.02,21.83,21.95,2900.0,21.961,16,True
2026-05-13 19:00:00+00:00,21.93,22.13,21.87,21.88,23470.0,22.03,157,True
2026-05-13 20:00:00+00:00,21.88,21.88,21.74,21.74,3850.0,21.862,4,False
2026-05-13 21:00:00+00:00,22.17,22.17,22.17,22.17,100.0,22.17,1,False
2026-05-13 22:00:00+00:00,22.17,22.17,22.17,22.17,0.0,22.17,0,False
2026-05-13 23:00:00+00:00,22.17,22.17,22.17,22.17,0.0,22.17,0,False
2026-05-14 11:00:00+00:00,21.6,21.6,21.6,21.6,195.0,21.6,1,False
2026-05-14 12:00:00+00:00,21.57,21.57,21.56,21.57,100.0,21.57,1,False
2026-05-14 13:00:00+00:00,21.5,21.87,20.0,21.51,18575.0,21.075,82,False
2026-05-14 14:00:00+00:00,21.51,21.84,21.21,21.61,4991.0,21.498,42,True
2026-05-14 15:00:00+00:00,21.7,22.11,21.56,21.62,11034.0,21.876,59,True
2026-05-14 16:00:00+00:00,21.71,22.35,21.71,22.15,24921.0,22.092,84,True
2026-05-14 17:00:00+00:00,22.16,22.55,21.85,22.02,25524.0,22.218,151,True
2026-05-14 18:00:00+00:00,21.81,21.97,21.6,21.87,5084.0,21.778,42,True
2026-05-14 19:00:00+00:00,21.93,22.25,21.79,22.23,20430.0,22.057,154,True
2026-05-14 20:00:00+00:00,22.26,22.26,22.21,22.21,9477.0,22.211,6,False
2026-05-14 21:00:00+00:00,22.21,22.21,22.21,22.21,0.0,22.21,0,False
2026-05-14 22:00:00+00:00,22.21,22.21,22.21,22.21,0.0,22.21,0,False
2026-05-14 23:00:00+00:00,22.21,22.21,22.21,22.21,0.0,22.21,0,False
2026-05-15 12:00:00+00:00,22.07,22.21,22.07,22.21,425.0,22.144,3,False
2026-05-15 13:00:00+00:00,21.97,22.37,20.99,21.03,17320.0,21.599,104,False
2026-05-15 14:00:00+00:00,20.87,21.5,20.87,21.31,7858.0,21.213,68,True
2026-05-15 15:00:00+00:00,21.32,21.45,20.9,21.25,15724.0,21.152,114,True
2026-05-15 16:00:00+00:00,21.12,21.32,20.69,21.32,26843.0,20.951,191,True
2026-05-15 17:00:00+00:00,20.94,21.46,20.81,21.42,16140.0,21.135,115,True
2026-05-15 18:00:00+00:00,21.43,21.59,21.11,21.36,12355.0,21.315,87,True
2026-05-15 19:00:00+00:00,21.48,21.69,21.26,21.41,26681.0,21.451,200,True
2026-05-15 20:00:00+00:00,21.39,21.39,21.39,21.39,12850.0,21.39,1,False
2026-05-15 21:00:00+00:00,21.39,21.39,21.39,21.39,0.0,21.39,0,False
2026-05-15 22:00:00+00:00,21.39,21.39,21.39,21.39,0.0,21.39,0,False
2026-05-15 23:00:00+00:00,21.39,21.39,21.39,21.39,0.0,21.39,0,False
