date,open,high,low,close,volume,average,barCount,is_rth
2018-05-18 00:00:00+00:00,106.43,106.43,105.2,105.7,395454.0,105.685,2707,False
2018-05-21 00:00:00+00:00,106.91,107.78,106.46,106.87,296932.0,107.132,2317,False
2018-05-22 00:00:00+00:00,107.05,111.39,106.63,110.62,1275550.0,110.469,10289,False
2018-05-23 00:00:00+00:00,110.0,111.35,109.55,110.36,543570.0,110.578,4356,False
2018-05-24 00:00:00+00:00,110.39,111.69,109.87,111.19,408871.0,110.963,3086,False
2018-05-25 00:00:00+00:00,110.59,111.39,109.54,110.53,392396.0,110.478,3087,False
2018-05-29 00:00:00+00:00,109.61,110.73,108.13,108.58,373094.0,108.863,3128,False
2018-05-30 00:00:00+00:00,108.55,110.71,108.12,110.12,351678.0,110.073,2944,False
2018-05-31 00:00:00+00:00,109.92,109.96,107.42,107.69,363468.0,108.261,3019,False
2018-06-01 00:00:00+00:00,108.76,109.76,107.82,107.96,256700.0,108.287,2238,False
2018-06-04 00:00:00+00:00,107.69,109.41,107.43,108.58,278365.0,108.434,2182,False
2018-06-05 00:00:00+00:00,108.72,109.96,108.6,109.8,189362.0,109.33,1638,False
2018-06-06 00:00:00+00:00,109.98,111.97,109.34,111.27,561868.0,111.05,3932,False
2018-06-07 00:00:00+00:00,111.39,112.3,110.77,112.17,313178.0,111.898,2399,False
2018-06-08 00:00:00+00:00,111.56,112.36,111.02,112.0,304824.0,111.819,2587,False
2018-06-11 00:00:00+00:00,112.12,113.32,111.85,112.09,233926.0,112.472,1968,False
2018-06-12 00:00:00+00:00,112.31,113.32,111.55,112.44,303626.0,112.516,2670,False
2018-06-13 00:00:00+00:00,112.43,112.83,111.64,111.98,262909.0,112.281,2233,False
2018-06-14 00:00:00+00:00,112.46,113.3,111.96,112.89,250520.0,112.671,2258,False
2018-06-15 00:00:00+00:00,112.22,113.15,111.58,112.86,652080.0,112.678,3977,False
2018-06-18 00:00:00+00:00,113.28,113.97,112.46,113.2,375499.0,113.374,2558,False
2018-06-19 00:00:00+00:00,111.8,112.25,108.96,110.28,422076.0,110.098,2717,False
2018-06-20 00:00:00+00:00,110.4,110.73,108.15,109.0,553145.0,108.978,4281,False
2018-06-21 00:00:00+00:00,109.05,109.05,107.08,107.92,206324.0,107.844,1777,False
2018-06-22 00:00:00+00:00,109.0,110.16,108.18,109.25,229593.0,109.633,1658,False
2018-06-25 00:00:00+00:00,108.67,108.97,107.15,107.84,242855.0,107.88,1872,False
2018-06-26 00:00:00+00:00,108.0,108.21,106.69,106.95,233955.0,107.293,2033,False
2018-06-27 00:00:00+00:00,107.29,109.29,106.6,106.74,288514.0,107.506,2279,False
2018-06-28 00:00:00+00:00,105.71,106.32,104.66,105.98,327396.0,105.454,2602,False
2018-06-29 00:00:00+00:00,106.75,107.66,105.72,105.74,542045.0,106.899,4785,False
2018-07-02 00:00:00+00:00,104.63,106.25,104.17,106.12,173379.0,105.674,1590,False
2018-07-03 00:00:00+00:00,107.52,110.74,107.52,108.19,366784.0,109.134,3060,False
2018-07-05 00:00:00+00:00,108.82,109.11,106.5,108.65,281912.0,108.062,2552,False
2018-07-06 00:00:00+00:00,108.6,109.05,108.08,108.57,161673.0,108.691,1432,False
2018-07-09 00:00:00+00:00,108.96,111.49,108.6,111.14,257718.0,110.8,2146,False
2018-07-10 00:00:00+00:00,111.81,113.68,111.5,113.51,371660.0,113.155,3381,False
2018-07-11 00:00:00+00:00,112.05,112.4,110.69,111.15,302542.0,111.392,2504,False
2018-07-12 00:00:00+00:00,112.1,112.76,110.82,112.35,237323.0,112.102,1822,False
2018-07-13 00:00:00+00:00,112.34,113.99,111.91,113.36,235390.0,113.356,1987,False
2018-07-16 00:00:00+00:00,113.06,113.2,111.56,112.15,266183.0,112.179,2325,False
2018-07-17 00:00:00+00:00,111.82,114.81,111.53,113.36,379118.0,113.554,2933,False
2018-07-18 00:00:00+00:00,113.44,115.4,112.85,114.82,250157.0,114.596,2229,False
2018-07-19 00:00:00+00:00,114.33,116.21,113.99,115.59,266084.0,115.442,2098,False
2018-07-20 00:00:00+00:00,115.25,116.02,114.15,115.25,324201.0,115.369,2765,False
2018-07-23 00:00:00+00:00,115.09,115.09,113.3,113.95,549870.0,114.14,3925,False
2018-07-24 00:00:00+00:00,119.37,120.78,115.34,118.54,1289191.0,118.195,9821,False
2018-07-25 00:00:00+00:00,120.51,121.68,118.48,121.43,822955.0,120.539,6361,False
2018-07-26 00:00:00+00:00,121.56,123.88,121.23,122.81,479992.0,122.962,3298,False
2018-07-27 00:00:00+00:00,122.76,122.82,120.84,121.93,275067.0,121.625,2233,False
2018-07-30 00:00:00+00:00,122.64,123.59,119.86,119.94,355736.0,121.261,2802,False
2018-07-31 00:00:00+00:00,120.57,124.02,119.85,123.25,330216.0,122.726,2734,False
2018-08-01 00:00:00+00:00,122.74,123.93,119.29,119.88,338376.0,120.511,2818,False
2018-08-02 00:00:00+00:00,118.91,120.15,117.71,118.09,336839.0,118.538,2813,False
2018-08-03 00:00:00+00:00,118.43,119.63,117.92,119.56,214928.0,118.995,1691,False
2018-08-06 00:00:00+00:00,119.46,120.11,118.59,118.79,295597.0,119.052,2377,False
2018-08-07 00:00:00+00:00,118.99,120.14,118.72,119.05,280464.0,119.463,2293,False
2018-08-08 00:00:00+00:00,118.76,118.76,117.27,118.11,184193.0,117.965,1525,False
2018-08-09 00:00:00+00:00,118.26,118.71,117.37,118.21,151735.0,118.154,1305,False
2018-08-10 00:00:00+00:00,117.4,118.56,116.73,117.92,135551.0,118.03,1075,False
2018-08-13 00:00:00+00:00,118.29,118.71,117.37,118.47,322186.0,118.422,1761,False
2018-08-14 00:00:00+00:00,119.06,121.61,119.06,120.85,242322.0,120.551,1756,False
2018-08-15 00:00:00+00:00,120.09,121.01,118.36,120.83,254148.0,120.131,1904,False
2018-08-16 00:00:00+00:00,121.41,123.38,121.24,122.27,229858.0,122.482,1551,False
2018-08-17 00:00:00+00:00,122.29,123.6,122.29,123.26,196200.0,122.954,1203,False
2018-08-20 00:00:00+00:00,123.41,125.03,123.18,123.6,197223.0,124.1,1297,False
2018-08-21 00:00:00+00:00,124.14,125.38,123.05,125.21,216783.0,124.857,1812,False
2018-08-22 00:00:00+00:00,125.36,125.36,123.52,123.96,179966.0,124.12,1429,False
2018-08-23 00:00:00+00:00,123.91,124.77,123.35,124.45,212504.0,124.225,1498,False
2018-08-24 00:00:00+00:00,125.25,125.25,123.81,124.89,103026.0,124.738,866,False
2018-08-27 00:00:00+00:00,125.41,127.16,125.41,126.84,205632.0,126.718,1649,False
2018-08-28 00:00:00+00:00,126.98,127.9,126.43,126.49,159348.0,126.953,1385,False
2018-08-29 00:00:00+00:00,126.5,127.19,125.69,126.82,209555.0,126.698,1238,False
2018-08-30 00:00:00+00:00,125.74,126.02,124.52,125.41,230622.0,125.264,1676,False
2018-08-31 00:00:00+00:00,124.9,126.79,124.9,126.36,108735.0,125.947,917,False
2018-09-04 00:00:00+00:00,126.0,126.37,124.65,125.94,133396.0,125.661,1165,False
2018-09-05 00:00:00+00:00,125.79,127.71,125.5,127.43,153422.0,126.949,1150,False
2018-09-06 00:00:00+00:00,127.69,128.72,127.42,127.75,141727.0,127.864,1081,False
2018-09-07 00:00:00+00:00,127.4,129.34,126.92,129.11,321676.0,128.665,2236,False
2018-09-10 00:00:00+00:00,129.9,130.77,129.43,130.36,166821.0,130.273,1469,False
2018-09-11 00:00:00+00:00,130.22,132.36,129.04,131.89,239497.0,131.597,2057,False
2018-09-12 00:00:00+00:00,131.44,131.89,129.95,131.43,293233.0,131.279,2065,False
2018-09-13 00:00:00+00:00,131.78,135.36,131.29,133.48,387644.0,133.681,2577,False
2018-09-14 00:00:00+00:00,133.57,135.01,133.5,134.4,245555.0,134.309,1885,False
2018-09-17 00:00:00+00:00,134.33,134.58,133.44,133.88,201347.0,133.956,1542,False
2018-09-18 00:00:00+00:00,134.25,135.9,133.1,134.81,366629.0,134.401,2499,False
2018-09-19 00:00:00+00:00,135.55,136.88,134.77,135.03,297028.0,135.344,2132,False
2018-09-20 00:00:00+00:00,135.56,136.36,134.58,135.86,417490.0,135.58,2384,False
2018-09-21 00:00:00+00:00,136.78,137.67,136.19,136.74,421251.0,136.741,2797,False
2018-09-24 00:00:00+00:00,136.72,136.72,134.05,135.63,242922.0,135.196,2037,False
2018-09-25 00:00:00+00:00,136.03,136.03,133.91,134.51,196174.0,134.837,1601,False
2018-09-26 00:00:00+00:00,134.73,135.42,133.32,133.51,151677.0,134.16,1298,False
2018-09-27 00:00:00+00:00,133.65,134.3,132.65,133.6,215358.0,133.644,1739,False
2018-09-28 00:00:00+00:00,133.36,134.91,133.25,133.57,200710.0,133.939,1726,False
2018-10-01 00:00:00+00:00,134.63,134.82,133.15,133.76,233828.0,133.88,1791,False
2018-10-02 00:00:00+00:00,133.75,133.75,132.01,132.07,406138.0,132.774,3062,False
2018-10-03 00:00:00+00:00,132.0,132.43,130.36,130.93,692660.0,131.366,5163,False
2018-10-04 00:00:00+00:00,130.09,131.91,130.09,131.08,391946.0,131.237,2677,False
2018-10-05 00:00:00+00:00,131.24,131.53,128.38,128.59,225561.0,129.208,1952,False
2018-10-08 00:00:00+00:00,127.93,128.79,126.19,127.43,374028.0,127.406,3087,False
2018-10-09 00:00:00+00:00,127.48,127.67,125.63,125.97,333477.0,126.699,3029,False
2018-10-10 00:00:00+00:00,125.73,126.28,122.74,123.39,275940.0,124.026,1982,False
2018-10-11 00:00:00+00:00,123.18,124.24,120.15,120.22,496632.0,122.005,3784,False
2018-10-12 00:00:00+00:00,122.24,122.24,120.32,121.5,369048.0,121.3,3007,False
2018-10-15 00:00:00+00:00,121.72,123.51,121.04,122.89,229668.0,122.793,1920,False
2018-10-16 00:00:00+00:00,123.77,126.27,122.4,126.1,294910.0,125.217,2297,False
2018-10-17 00:00:00+00:00,125.15,125.97,122.61,123.99,400408.0,124.117,2787,False
2018-10-18 00:00:00+00:00,123.55,124.0,120.71,122.51,372111.0,122.325,2916,False
2018-10-19 00:00:00+00:00,122.47,122.82,119.49,120.03,451674.0,120.839,3783,False
2018-10-22 00:00:00+00:00,120.39,121.83,119.76,121.33,426384.0,120.691,3490,False
2018-10-23 00:00:00+00:00,117.79,117.79,105.17,107.15,2360927.0,108.859,13026,False
2018-10-24 00:00:00+00:00,107.19,108.2,101.58,101.74,1261607.0,104.717,9580,False
2018-10-25 00:00:00+00:00,103.31,103.46,101.09,102.06,877851.0,102.28,6483,False
2018-10-26 00:00:00+00:00,100.55,101.67,98.7,99.74,852953.0,100.12,6631,False
2018-10-29 00:00:00+00:00,101.21,102.1,97.02,98.44,729370.0,100.27,5881,False
2018-10-30 00:00:00+00:00,98.38,100.21,98.16,99.58,640793.0,99.416,4674,False
2018-10-31 00:00:00+00:00,101.72,102.8,101.23,101.7,436269.0,102.073,3256,False
2018-11-01 00:00:00+00:00,102.3,109.07,102.0,108.53,746642.0,106.028,4815,False
2018-11-02 00:00:00+00:00,109.42,109.73,106.65,107.97,370028.0,107.854,2973,False
2018-11-05 00:00:00+00:00,108.51,109.24,107.58,108.15,372657.0,108.354,2952,False
2018-11-06 00:00:00+00:00,107.84,110.38,107.84,109.73,230774.0,109.673,1918,False
2018-11-07 00:00:00+00:00,110.29,111.45,108.57,110.75,323974.0,110.56,2523,False
2018-11-08 00:00:00+00:00,110.4,111.83,110.09,110.74,323735.0,110.882,2441,False
2018-11-09 00:00:00+00:00,109.84,110.62,107.51,110.0,314074.0,109.449,2207,False
2018-11-12 00:00:00+00:00,110.67,110.7,106.77,106.98,281255.0,108.729,2170,False
2018-11-13 00:00:00+00:00,107.21,109.62,106.87,107.27,174244.0,108.138,1437,False
2018-11-14 00:00:00+00:00,108.47,109.88,105.49,105.87,408379.0,106.93,3462,False
2018-11-15 00:00:00+00:00,105.14,107.41,103.98,106.56,336098.0,105.801,2487,False
2018-11-16 00:00:00+00:00,106.24,107.87,104.99,107.1,339054.0,106.723,2301,False
2018-11-19 00:00:00+00:00,106.41,107.78,104.14,105.37,212489.0,106.16,1871,False
2018-11-20 00:00:00+00:00,104.34,105.14,103.16,104.94,296636.0,104.509,2412,False
2018-11-21 00:00:00+00:00,105.88,108.18,105.38,106.62,127904.0,107.021,1141,False
2018-11-23 00:00:00+00:00,105.4,107.17,105.35,105.49,88382.0,106.2,719,False
2018-11-26 00:00:00+00:00,106.71,108.43,106.07,107.01,166366.0,107.187,1333,False
2018-11-27 00:00:00+00:00,106.51,107.51,104.81,105.09,208521.0,105.523,1435,False
2018-11-28 00:00:00+00:00,105.66,107.31,104.23,107.31,405727.0,105.878,2002,False
2018-11-29 00:00:00+00:00,106.15,107.28,105.81,106.68,304204.0,106.688,1591,False
2018-11-30 00:00:00+00:00,106.36,110.32,106.1,110.16,318708.0,108.854,2457,False
2018-12-03 00:00:00+00:00,111.87,113.1,110.32,111.6,678177.0,111.819,5533,False
2018-12-04 00:00:00+00:00,111.69,111.88,106.17,106.29,496346.0,109.407,3708,False
2018-12-06 00:00:00+00:00,104.12,106.3,103.06,106.27,423243.0,104.552,2622,False
2018-12-07 00:00:00+00:00,106.61,108.12,103.07,104.02,303216.0,105.058,2345,False
2018-12-10 00:00:00+00:00,103.11,104.6,101.5,103.88,167408.0,103.38,1207,False
2018-12-11 00:00:00+00:00,105.91,107.15,103.89,104.1,263418.0,105.33,2180,False
2018-12-12 00:00:00+00:00,105.83,107.41,105.36,106.35,141893.0,106.607,1170,False
2018-12-13 00:00:00+00:00,107.22,107.22,103.75,104.87,303595.0,105.095,2008,False
2018-12-14 00:00:00+00:00,103.52,104.85,102.54,102.89,168198.0,103.568,1407,False
2018-12-17 00:00:00+00:00,102.9,104.02,101.83,102.51,268695.0,102.578,2130,False
2018-12-18 00:00:00+00:00,102.0,103.58,100.08,100.37,500921.0,101.653,3191,False
2018-12-19 00:00:00+00:00,101.01,101.98,97.22,98.06,341756.0,99.421,1864,False
2018-12-20 00:00:00+00:00,97.49,98.09,95.8,97.2,297493.0,97.113,2639,False
2018-12-21 00:00:00+00:00,97.0,98.39,94.95,95.37,283864.0,96.435,1375,False
2018-12-24 00:00:00+00:00,94.5,95.2,91.88,92.76,135908.0,93.205,1116,False
2018-12-26 00:00:00+00:00,93.52,97.44,92.92,97.4,203635.0,94.462,1241,False
2018-12-27 00:00:00+00:00,95.78,98.88,95.17,98.83,289760.0,96.364,2193,False
2018-12-28 00:00:00+00:00,99.23,100.7,98.1,98.51,173011.0,99.144,1193,False
2018-12-31 00:00:00+00:00,98.83,99.34,97.99,99.34,146366.0,98.747,1115,False
2019-01-02 00:00:00+00:00,97.59,99.67,97.25,99.02,210576.0,98.811,1802,False
2019-01-03 00:00:00+00:00,98.83,98.83,96.08,96.27,280882.0,97.325,2027,False
2019-01-04 00:00:00+00:00,98.14,101.09,97.83,100.37,214016.0,100.21,1804,False
2019-01-07 00:00:00+00:00,100.62,102.34,99.75,100.75,223272.0,101.129,1652,False
2019-01-08 00:00:00+00:00,101.1,102.24,99.97,101.1,305047.0,100.99,2083,False
2019-01-09 00:00:00+00:00,103.0,103.85,102.07,102.33,220808.0,102.728,1254,False
2019-01-10 00:00:00+00:00,101.27,103.92,100.65,103.69,454435.0,102.623,2491,False
2019-01-11 00:00:00+00:00,103.14,105.76,102.29,105.59,529043.0,104.677,3739,False
2019-01-14 00:00:00+00:00,104.71,105.45,103.94,104.81,236652.0,104.739,1907,False
2019-01-15 00:00:00+00:00,104.8,105.28,103.17,104.26,178230.0,104.205,1394,False
2019-01-16 00:00:00+00:00,104.58,106.81,104.33,105.05,408692.0,105.643,2909,False
2019-01-17 00:00:00+00:00,104.31,107.27,104.31,106.56,173679.0,105.735,1278,False
2019-01-18 00:00:00+00:00,107.48,109.47,107.25,107.6,236911.0,108.104,1811,False
2019-01-22 00:00:00+00:00,107.07,107.45,103.77,104.45,258369.0,104.66,1915,False
2019-01-23 00:00:00+00:00,105.04,106.42,103.47,103.91,301272.0,104.506,1611,False
2019-01-24 00:00:00+00:00,104.07,105.5,103.68,104.46,119873.0,104.555,1106,False
2019-01-25 00:00:00+00:00,105.92,106.71,105.1,105.62,118617.0,105.735,933,False
2019-01-28 00:00:00+00:00,104.16,106.66,103.99,105.69,258136.0,105.388,1792,False
2019-01-29 00:00:00+00:00,106.99,108.58,104.01,107.8,263440.0,107.835,1834,False
2019-01-30 00:00:00+00:00,108.78,109.19,107.13,108.27,131471.0,108.231,1047,False
2019-01-31 00:00:00+00:00,108.74,110.59,107.92,109.33,285277.0,109.3,2158,False
2019-02-01 00:00:00+00:00,109.72,110.46,108.26,110.23,194173.0,109.815,1673,False
2019-02-04 00:00:00+00:00,109.89,111.25,108.97,111.25,247137.0,110.204,1807,False
2019-02-05 00:00:00+00:00,118.95,119.5,113.04,113.92,493659.0,114.915,3810,False
2019-02-06 00:00:00+00:00,114.23,115.92,114.18,115.24,214860.0,115.322,1754,False
2019-02-07 00:00:00+00:00,114.93,115.99,113.56,115.0,224198.0,114.552,1795,False
2019-02-08 00:00:00+00:00,114.65,115.53,114.4,115.32,250752.0,114.991,2189,False
2019-02-11 00:00:00+00:00,115.37,116.7,114.94,115.28,295560.0,115.911,2338,False
2019-02-12 00:00:00+00:00,116.37,117.09,115.66,115.96,461144.0,116.596,3001,False
2019-02-13 00:00:00+00:00,116.55,117.87,116.55,116.89,356345.0,117.087,2563,False
2019-02-14 00:00:00+00:00,116.45,117.6,115.78,115.85,358750.0,116.754,2745,False
2019-02-15 00:00:00+00:00,116.89,118.72,116.29,118.61,214491.0,118.114,1827,False
2019-02-19 00:00:00+00:00,118.39,119.55,118.16,118.68,286625.0,118.923,2302,False
2019-02-20 00:00:00+00:00,118.84,120.59,118.41,119.79,252736.0,119.775,2129,False
2019-02-21 00:00:00+00:00,119.4,120.16,118.72,119.24,180337.0,119.337,1446,False
2019-02-22 00:00:00+00:00,119.87,120.89,119.01,120.19,152536.0,119.975,1283,False
2019-02-25 00:00:00+00:00,121.05,121.88,120.4,120.64,149038.0,120.885,1269,False
2019-02-26 00:00:00+00:00,120.01,120.79,118.99,119.03,148296.0,119.62,1167,False
2019-02-27 00:00:00+00:00,118.21,118.92,117.51,118.61,172073.0,118.265,1246,False
2019-02-28 00:00:00+00:00,118.23,118.75,117.31,118.05,117998.0,118.307,973,False
2019-03-01 00:00:00+00:00,119.13,119.13,116.9,118.1,168145.0,117.893,1362,False
2019-03-04 00:00:00+00:00,118.79,119.44,116.93,117.14,151703.0,117.855,1343,False
2019-03-05 00:00:00+00:00,116.93,118.82,116.23,118.18,266342.0,117.98,2161,False
2019-03-06 00:00:00+00:00,118.45,119.99,118.25,118.96,239452.0,119.377,1930,False
2019-03-07 00:00:00+00:00,118.96,119.99,117.29,119.55,293271.0,119.157,2484,False
2019-03-08 00:00:00+00:00,118.05,118.74,116.96,117.8,177078.0,117.822,1445,False
2019-03-11 00:00:00+00:00,117.63,119.21,116.82,118.98,138366.0,118.585,1227,False
2019-03-12 00:00:00+00:00,119.48,119.6,118.0,118.72,131454.0,118.726,1131,False
2019-03-13 00:00:00+00:00,119.27,121.55,118.57,121.33,327230.0,120.656,2756,False
2019-03-14 00:00:00+00:00,120.81,121.67,120.17,121.2,296932.0,121.048,2448,False
2019-03-15 00:00:00+00:00,122.52,123.73,121.78,123.7,494011.0,122.927,2825,False
2019-03-18 00:00:00+00:00,123.44,124.0,122.23,123.26,376680.0,122.992,2967,False
2019-03-19 00:00:00+00:00,123.69,124.04,120.86,121.17,267003.0,122.088,2127,False
2019-03-20 00:00:00+00:00,120.71,120.71,117.71,118.65,249790.0,118.752,2174,False
2019-03-21 00:00:00+00:00,118.0,120.6,117.78,119.61,150096.0,119.676,1351,False
2019-03-22 00:00:00+00:00,119.23,119.23,114.33,114.91,350729.0,115.669,2569,False
2019-03-25 00:00:00+00:00,114.63,115.77,114.2,115.1,217934.0,114.982,1671,False
2019-03-26 00:00:00+00:00,116.31,117.17,115.02,115.77,145031.0,115.897,1263,False
2019-03-27 00:00:00+00:00,116.03,116.2,115.03,116.01,102929.0,115.711,864,False
2019-03-28 00:00:00+00:00,116.08,117.53,115.05,117.22,169822.0,116.645,1354,False
2019-03-29 00:00:00+00:00,118.32,118.79,117.2,117.98,150025.0,117.949,1169,False
2019-04-01 00:00:00+00:00,119.45,120.58,119.17,119.46,232958.0,119.923,1643,False
2019-04-02 00:00:00+00:00,119.54,120.25,118.06,120.17,292652.0,119.122,2080,False
2019-04-03 00:00:00+00:00,121.27,122.78,121.03,121.67,236257.0,121.724,2207,False
2019-04-04 00:00:00+00:00,121.98,123.0,121.74,122.95,132184.0,122.396,1122,False
2019-04-05 00:00:00+00:00,123.34,125.36,123.0,125.04,170189.0,124.684,1391,False
2019-04-08 00:00:00+00:00,124.72,126.41,124.11,126.02,197992.0,125.653,1270,False
2019-04-09 00:00:00+00:00,125.54,125.54,124.13,124.25,145085.0,124.564,1260,False
2019-04-10 00:00:00+00:00,124.69,125.03,122.89,123.48,174912.0,123.494,1420,False
2019-04-11 00:00:00+00:00,123.93,125.0,122.84,124.74,130137.0,124.293,1213,False
2019-04-12 00:00:00+00:00,125.45,125.96,124.48,125.02,161735.0,125.019,1464,False
2019-04-15 00:00:00+00:00,125.07,125.13,123.18,124.38,232633.0,124.004,1744,False
2019-04-16 00:00:00+00:00,125.07,125.95,124.13,125.4,214361.0,125.166,1496,False
2019-04-17 00:00:00+00:00,126.53,127.35,124.72,125.16,164337.0,125.943,1299,False
2019-04-18 00:00:00+00:00,125.72,127.22,124.95,126.17,265017.0,126.05,1791,False
2019-04-22 00:00:00+00:00,125.39,126.4,124.51,125.66,133558.0,125.375,1208,False
2019-04-23 00:00:00+00:00,125.82,125.97,124.78,125.46,237918.0,125.547,1835,False
2019-04-24 00:00:00+00:00,125.31,126.23,124.84,125.21,181296.0,125.591,1412,False
2019-04-25 00:00:00+00:00,124.6,124.6,122.6,122.93,206224.0,123.281,1403,False
2019-04-26 00:00:00+00:00,123.24,124.03,122.67,123.27,184488.0,123.29,1515,False
2019-04-29 00:00:00+00:00,123.61,123.97,122.83,123.26,220804.0,123.429,1813,False
2019-04-30 00:00:00+00:00,128.0,129.04,125.33,127.6,537883.0,127.577,4203,False
2019-05-01 00:00:00+00:00,127.88,128.99,126.77,127.03,262071.0,127.778,1779,False
2019-05-02 00:00:00+00:00,126.96,129.33,126.05,128.71,217995.0,128.192,1541,False
2019-05-03 00:00:00+00:00,129.6,130.57,129.37,129.68,251180.0,129.939,1808,False
2019-05-06 00:00:00+00:00,127.13,128.52,125.45,128.5,177274.0,127.649,1561,False
2019-05-07 00:00:00+00:00,126.91,127.84,125.19,126.29,263348.0,126.535,2041,False
2019-05-08 00:00:00+00:00,126.25,127.83,125.45,126.32,181143.0,126.708,1422,False
2019-05-09 00:00:00+00:00,125.46,126.64,123.26,125.4,254646.0,125.178,2127,False
2019-05-10 00:00:00+00:00,124.77,126.02,122.86,125.82,193484.0,124.169,1617,False
2019-05-13 00:00:00+00:00,123.25,123.88,117.36,119.25,268240.0,119.202,2153,False
2019-05-14 00:00:00+00:00,119.9,121.37,119.31,120.56,218449.0,120.377,1294,False
2019-05-15 00:00:00+00:00,120.74,121.61,119.29,120.84,276542.0,120.574,1940,False
2019-05-16 00:00:00+00:00,120.99,123.08,120.99,122.75,180590.0,122.474,1387,False
2019-05-17 00:00:00+00:00,121.17,122.62,120.85,121.39,129105.0,121.743,1076,False
2019-05-20 00:00:00+00:00,120.35,120.7,118.78,118.9,147704.0,119.526,1201,False
2019-05-21 00:00:00+00:00,119.6,121.14,119.01,120.74,98537.0,120.551,850,False
2019-05-22 00:00:00+00:00,120.33,120.69,118.78,118.86,84352.0,119.469,714,False
2019-05-23 00:00:00+00:00,117.01,117.78,114.14,117.16,262886.0,115.899,2046,False
2019-05-24 00:00:00+00:00,118.48,118.48,116.97,118.0,117491.0,117.885,915,False
2019-05-28 00:00:00+00:00,118.77,119.79,117.41,117.41,118487.0,118.15,985,False
2019-05-29 00:00:00+00:00,116.91,117.5,116.21,117.31,229331.0,117.029,1509,False
2019-05-30 00:00:00+00:00,116.45,118.08,116.08,117.11,141860.0,116.939,1074,False
2019-05-31 00:00:00+00:00,115.66,116.14,113.58,114.54,378269.0,114.638,2110,False
2019-06-03 00:00:00+00:00,114.43,116.91,114.43,116.6,172296.0,115.875,1285,False
2019-06-04 00:00:00+00:00,118.17,122.12,117.65,121.87,294122.0,120.935,2310,False
2019-06-05 00:00:00+00:00,122.2,123.03,118.47,122.98,232654.0,121.291,1884,False
2019-06-06 00:00:00+00:00,122.65,124.11,122.15,123.72,175673.0,123.138,1397,False
2019-06-07 00:00:00+00:00,124.79,125.25,123.38,123.96,249912.0,124.335,1433,False
2019-06-10 00:00:00+00:00,124.94,125.9,124.29,124.68,214626.0,125.032,1245,False
2019-06-11 00:00:00+00:00,125.98,126.62,123.18,123.89,184063.0,123.953,1620,False
2019-06-12 00:00:00+00:00,123.83,123.83,122.25,122.56,158616.0,122.59,1284,False
2019-06-13 00:00:00+00:00,123.2,123.43,122.05,123.34,233777.0,122.781,1295,False
2019-06-14 00:00:00+00:00,123.05,123.29,121.47,122.71,104422.0,122.726,869,False
2019-06-17 00:00:00+00:00,122.36,122.8,120.43,120.98,112990.0,121.429,816,False
2019-06-18 00:00:00+00:00,121.54,124.68,120.99,123.8,117115.0,123.838,849,False
2019-06-19 00:00:00+00:00,124.28,124.55,122.21,123.7,102083.0,123.115,829,False
2019-06-20 00:00:00+00:00,125.82,126.6,123.36,126.4,150219.0,125.97,1139,False
2019-06-21 00:00:00+00:00,125.99,126.89,125.61,125.66,127910.0,125.993,754,False
2019-06-24 00:00:00+00:00,125.93,126.37,125.11,125.5,41928.0,125.791,359,False
2019-06-25 00:00:00+00:00,126.11,126.92,125.31,126.3,142815.0,126.425,1114,False
2019-06-26 00:00:00+00:00,126.9,128.51,125.89,127.47,137091.0,127.432,1193,False
2019-06-27 00:00:00+00:00,128.02,128.97,127.74,128.44,168267.0,128.469,1224,False
2019-06-28 00:00:00+00:00,128.33,130.4,128.15,130.4,288472.0,129.454,1879,False
2019-07-01 00:00:00+00:00,132.14,132.57,129.94,131.13,217501.0,131.057,1592,False
2019-07-02 00:00:00+00:00,130.46,131.36,128.89,129.77,218636.0,129.899,1636,False
2019-07-03 00:00:00+00:00,130.03,130.99,129.63,130.62,90051.0,130.378,697,False
2019-07-05 00:00:00+00:00,129.58,129.59,127.66,129.14,116814.0,128.749,960,False
2019-07-08 00:00:00+00:00,128.29,129.5,128.29,128.86,138095.0,128.907,1137,False
2019-07-09 00:00:00+00:00,128.95,129.02,126.89,127.7,131471.0,127.802,1094,False
2019-07-10 00:00:00+00:00,128.28,128.83,126.19,126.38,192247.0,127.018,1393,False
2019-07-11 00:00:00+00:00,126.17,126.7,124.65,125.23,163645.0,125.195,1264,False
2019-07-12 00:00:00+00:00,126.08,128.55,126.08,128.0,121034.0,127.726,960,False
2019-07-15 00:00:00+00:00,128.23,128.74,126.74,127.25,150043.0,127.327,1129,False
2019-07-16 00:00:00+00:00,127.15,128.61,127.06,128.38,175039.0,127.812,1373,False
2019-07-17 00:00:00+00:00,128.15,128.25,125.22,125.28,72523.0,126.137,613,False
2019-07-18 00:00:00+00:00,125.76,126.01,124.1,124.82,101832.0,124.963,859,False
2019-07-19 00:00:00+00:00,125.73,126.91,124.81,125.48,118900.0,125.88,973,False
2019-07-22 00:00:00+00:00,125.54,126.13,123.8,124.38,134316.0,124.548,1122,False
2019-07-23 00:00:00+00:00,125.32,126.47,124.21,126.46,127378.0,125.654,1131,False
2019-07-24 00:00:00+00:00,125.53,127.76,124.23,127.54,221876.0,127.076,1611,False
2019-07-25 00:00:00+00:00,127.61,127.99,126.18,126.59,126345.0,126.934,1043,False
2019-07-26 00:00:00+00:00,126.64,126.93,125.76,125.97,193144.0,126.201,1558,False
2019-07-29 00:00:00+00:00,125.85,125.85,124.39,125.37,197750.0,125.112,1488,False
2019-07-30 00:00:00+00:00,128.94,133.88,126.69,131.62,513013.0,131.913,3254,False
2019-07-31 00:00:00+00:00,131.15,132.38,128.75,129.88,314815.0,130.36,2406,False
2019-08-01 00:00:00+00:00,129.87,132.21,126.98,127.68,363020.0,129.917,2323,False
2019-08-02 00:00:00+00:00,126.61,128.42,125.54,127.92,246378.0,127.216,1854,False
2019-08-05 00:00:00+00:00,124.95,125.31,122.51,123.69,208167.0,123.723,1686,False
2019-08-06 00:00:00+00:00,124.16,126.36,123.99,126.08,207742.0,125.796,1399,False
2019-08-07 00:00:00+00:00,125.18,126.81,123.51,126.59,191243.0,125.847,1407,False
2019-08-08 00:00:00+00:00,127.21,129.41,127.21,129.1,193609.0,128.978,1429,False
2019-08-09 00:00:00+00:00,128.26,128.58,126.1,126.62,135169.0,127.103,965,False
2019-08-12 00:00:00+00:00,126.37,127.18,125.2,125.71,87127.0,125.961,711,False
2019-08-13 00:00:00+00:00,125.35,130.18,124.81,127.26,189928.0,127.381,1468,False
2019-08-14 00:00:00+00:00,125.09,125.73,122.77,122.97,106705.0,123.881,896,False
2019-08-15 00:00:00+00:00,122.99,123.99,122.28,123.09,136599.0,123.224,745,False
2019-08-16 00:00:00+00:00,124.17,126.74,123.9,126.08,92978.0,125.579,734,False
2019-08-19 00:00:00+00:00,128.17,128.7,127.3,127.81,99132.0,127.716,759,False
2019-08-20 00:00:00+00:00,127.65,128.43,126.55,127.71,128521.0,127.818,971,False
2019-08-21 00:00:00+00:00,129.99,129.99,128.17,128.6,68558.0,128.913,560,False
2019-08-22 00:00:00+00:00,128.92,129.55,127.48,128.13,51988.0,128.409,382,False
2019-08-23 00:00:00+00:00,127.52,128.1,123.29,123.73,138478.0,124.923,1142,False
2019-08-26 00:00:00+00:00,124.96,124.96,122.92,123.87,91117.0,123.861,599,False
2019-08-27 00:00:00+00:00,125.09,125.12,122.73,123.79,111512.0,123.685,891,False
2019-08-28 00:00:00+00:00,123.32,127.09,122.72,126.95,131342.0,125.941,1106,False
2019-08-29 00:00:00+00:00,127.49,129.58,127.17,129.32,131602.0,128.898,1100,False
2019-08-30 00:00:00+00:00,129.95,131.2,129.72,131.14,114745.0,130.64,917,False
2019-09-03 00:00:00+00:00,129.45,130.12,126.77,127.65,159749.0,127.813,1178,False
2019-09-04 00:00:00+00:00,129.24,130.99,129.02,129.68,148935.0,130.029,1254,False
2019-09-05 00:00:00+00:00,131.45,133.81,131.29,132.31,109533.0,132.594,848,False
2019-09-06 00:00:00+00:00,132.5,134.86,132.19,134.08,174788.0,133.926,1227,False
2019-09-09 00:00:00+00:00,134.44,134.92,132.76,134.66,272091.0,133.802,1610,False
2019-09-10 00:00:00+00:00,134.7,135.51,133.15,135.51,167551.0,134.546,1053,False
2019-09-11 00:00:00+00:00,136.0,136.89,135.02,136.81,192752.0,135.906,1449,False
2019-09-12 00:00:00+00:00,137.25,137.7,135.42,135.81,159014.0,136.434,1322,False
2019-09-13 00:00:00+00:00,137.03,137.97,135.38,137.88,120113.0,137.257,1036,False
2019-09-16 00:00:00+00:00,136.47,137.04,132.59,133.52,237026.0,133.49,1925,False
2019-09-17 00:00:00+00:00,132.74,134.33,130.45,133.97,403503.0,131.903,3018,False
2019-09-18 00:00:00+00:00,133.11,134.27,131.5,133.37,145025.0,132.967,1163,False
2019-09-19 00:00:00+00:00,133.85,134.82,131.13,131.41,92606.0,132.277,780,False
2019-09-20 00:00:00+00:00,131.93,133.06,131.1,131.2,157482.0,131.895,1105,False
2019-09-23 00:00:00+00:00,130.35,133.3,130.35,132.68,98560.0,132.677,768,False
2019-09-24 00:00:00+00:00,133.17,133.54,131.43,132.58,152341.0,132.554,1168,False
2019-09-25 00:00:00+00:00,132.17,134.56,132.06,133.61,117921.0,133.682,1084,False
2019-09-26 00:00:00+00:00,133.63,134.12,132.76,133.07,130160.0,133.453,709,False
2019-09-27 00:00:00+00:00,134.11,134.2,131.78,132.14,150986.0,132.67,1116,False
2019-09-30 00:00:00+00:00,132.3,133.53,129.98,131.4,224756.0,131.331,1717,False
2019-10-01 00:00:00+00:00,132.36,133.18,129.28,130.06,187911.0,130.886,1350,False
2019-10-02 00:00:00+00:00,128.04,128.04,123.82,125.97,252129.0,125.668,1910,False
2019-10-03 00:00:00+00:00,125.03,128.17,124.04,127.93,144406.0,126.841,1237,False
2019-10-04 00:00:00+00:00,128.5,130.99,128.27,130.8,161221.0,130.055,1366,False
2019-10-07 00:00:00+00:00,130.35,130.87,128.81,129.2,146214.0,129.745,973,False
2019-10-08 00:00:00+00:00,128.46,130.37,127.51,128.92,249347.0,129.281,1890,False
2019-10-09 00:00:00+00:00,130.16,131.3,129.11,129.71,155077.0,129.863,1036,False
2019-10-10 00:00:00+00:00,129.78,131.99,129.74,131.5,169836.0,131.165,1033,False
2019-10-11 00:00:00+00:00,133.77,135.08,132.04,132.15,147629.0,133.628,1286,False
2019-10-14 00:00:00+00:00,131.54,133.37,130.69,133.13,84902.0,132.771,676,False
2019-10-15 00:00:00+00:00,133.43,135.24,133.01,134.44,164674.0,134.585,1173,False
2019-10-16 00:00:00+00:00,133.34,134.33,131.31,131.35,288864.0,132.107,2261,False
2019-10-17 00:00:00+00:00,132.86,134.7,132.49,134.24,143017.0,133.91,1132,False
2019-10-18 00:00:00+00:00,134.07,135.4,133.32,135.11,147523.0,134.748,1035,False
2019-10-21 00:00:00+00:00,136.07,136.29,134.93,135.9,94316.0,135.761,660,False
2019-10-22 00:00:00+00:00,135.86,138.0,135.17,137.0,122879.0,137.01,862,False
2019-10-23 00:00:00+00:00,137.96,139.21,137.05,139.15,128595.0,138.331,995,False
2019-10-24 00:00:00+00:00,139.23,139.7,138.04,138.76,178921.0,138.918,1254,False
2019-10-25 00:00:00+00:00,139.12,139.42,138.57,138.77,139524.0,139.024,1072,False
2019-10-28 00:00:00+00:00,140.0,141.58,139.98,140.2,245382.0,140.82,1893,False
2019-10-29 00:00:00+00:00,139.3,144.06,138.15,142.0,314671.0,142.099,2014,False
2019-10-30 00:00:00+00:00,142.1,144.36,140.6,143.63,231259.0,143.03,1766,False
2019-10-31 00:00:00+00:00,143.51,143.51,140.69,141.7,127562.0,141.481,981,False
2019-11-01 00:00:00+00:00,142.81,143.82,141.64,143.8,163590.0,142.885,1201,False
2019-11-04 00:00:00+00:00,145.25,146.81,144.69,145.71,108616.0,145.598,858,False
2019-11-05 00:00:00+00:00,146.28,146.38,144.84,145.14,92323.0,145.564,704,False
2019-11-06 00:00:00+00:00,144.77,144.77,142.93,144.01,181389.0,143.697,1291,False
2019-11-07 00:00:00+00:00,145.08,145.61,143.43,144.04,153455.0,144.616,1160,False
2019-11-08 00:00:00+00:00,143.81,145.64,143.09,145.5,133316.0,144.518,773,False
2019-11-11 00:00:00+00:00,144.48,145.43,144.25,145.04,97680.0,144.887,711,False
2019-11-12 00:00:00+00:00,145.92,146.5,144.74,146.13,133265.0,146.083,1014,False
2019-11-13 00:00:00+00:00,145.08,146.73,145.08,146.33,122511.0,146.266,1079,False
2019-11-14 00:00:00+00:00,145.84,147.77,145.84,147.57,156120.0,147.265,794,False
2019-11-15 00:00:00+00:00,148.45,149.31,147.76,148.71,99286.0,148.382,721,False
2019-11-18 00:00:00+00:00,148.03,148.69,146.84,147.75,86389.0,147.874,662,False
2019-11-19 00:00:00+00:00,148.44,148.88,147.39,148.27,88802.0,148.29,655,False
2019-11-20 00:00:00+00:00,147.82,148.27,145.42,146.15,117982.0,146.766,953,False
2019-11-21 00:00:00+00:00,147.0,147.0,144.77,145.3,152865.0,145.389,1058,False
2019-11-22 00:00:00+00:00,146.05,146.57,144.95,145.71,117170.0,145.628,832,False
2019-11-25 00:00:00+00:00,146.33,148.22,145.52,148.04,131237.0,147.367,944,False
2019-11-26 00:00:00+00:00,148.19,149.01,147.06,148.84,140214.0,148.188,737,False
2019-11-27 00:00:00+00:00,148.25,148.57,147.17,148.31,93631.0,147.931,712,False
2019-11-29 00:00:00+00:00,147.94,148.21,146.64,147.02,42576.0,147.449,350,False
2019-12-02 00:00:00+00:00,147.5,147.99,146.29,146.79,134589.0,146.993,957,False
2019-12-03 00:00:00+00:00,144.89,145.77,143.38,145.52,91222.0,145.195,722,False
2019-12-04 00:00:00+00:00,146.69,147.8,145.36,145.66,147904.0,146.68,1027,False
2019-12-05 00:00:00+00:00,146.36,146.95,145.62,146.74,111680.0,146.533,812,False
2019-12-06 00:00:00+00:00,148.32,148.5,146.97,147.04,93534.0,147.539,744,False
2019-12-09 00:00:00+00:00,146.81,147.57,146.55,147.32,99832.0,147.092,693,False
2019-12-10 00:00:00+00:00,147.22,147.59,146.22,146.54,89358.0,146.876,636,False
2019-12-11 00:00:00+00:00,147.0,147.97,146.23,146.46,222035.0,146.555,1584,False
2019-12-12 00:00:00+00:00,146.54,147.87,146.31,147.66,165234.0,147.067,1051,False
2019-12-13 00:00:00+00:00,147.21,148.05,145.44,146.45,69699.0,146.244,617,False
2019-12-16 00:00:00+00:00,147.3,147.97,146.83,147.38,72330.0,147.353,610,False
2019-12-17 00:00:00+00:00,147.71,148.23,146.81,147.56,65433.0,147.409,546,False
2019-12-18 00:00:00+00:00,148.0,148.39,145.96,148.2,115056.0,147.794,911,False
2019-12-19 00:00:00+00:00,147.78,148.11,146.95,147.24,70345.0,147.371,524,False
2019-12-20 00:00:00+00:00,147.81,148.74,146.81,148.62,177776.0,148.048,699,False
2019-12-23 00:00:00+00:00,148.85,148.95,147.34,148.78,84498.0,148.366,641,False
2019-12-24 00:00:00+00:00,148.6,148.6,147.51,147.77,27088.0,147.939,225,False
2019-12-26 00:00:00+00:00,147.97,148.18,147.25,148.08,54932.0,147.743,440,False
2019-12-27 00:00:00+00:00,148.81,148.86,147.87,148.33,48601.0,148.431,424,False
2019-12-30 00:00:00+00:00,148.68,148.99,147.63,148.04,43927.0,148.222,367,False
2019-12-31 00:00:00+00:00,147.89,148.62,147.75,147.82,65834.0,148.158,562,False
2020-01-02 00:00:00+00:00,149.12,149.26,146.78,148.5,102622.0,147.746,841,False
2020-01-03 00:00:00+00:00,146.73,148.77,146.31,148.53,79945.0,147.945,698,False
2020-01-06 00:00:00+00:00,147.6,148.09,146.67,147.84,91456.0,147.567,770,False
2020-01-07 00:00:00+00:00,147.16,148.33,146.13,147.62,105328.0,147.313,911,False
2020-01-08 00:00:00+00:00,147.31,149.14,146.37,148.21,120952.0,148.054,1042,False
2020-01-09 00:00:00+00:00,147.48,147.88,145.31,145.53,178671.0,146.584,1243,False
2020-01-10 00:00:00+00:00,145.73,146.31,144.1,144.3,151340.0,145.04,964,False
2020-01-13 00:00:00+00:00,145.04,146.19,144.22,146.02,137917.0,145.693,1191,False
2020-01-14 00:00:00+00:00,145.88,145.95,144.22,144.81,126700.0,145.147,917,False
2020-01-15 00:00:00+00:00,144.77,147.01,144.77,146.26,126635.0,146.028,1138,False
2020-01-16 00:00:00+00:00,147.25,148.41,146.88,148.37,133719.0,147.823,975,False
2020-01-17 00:00:00+00:00,148.77,149.6,148.23,149.16,109798.0,149.189,890,False
2020-01-21 00:00:00+00:00,148.43,149.01,147.04,148.45,136918.0,148.34,1052,False
2020-01-22 00:00:00+00:00,149.49,149.88,148.52,149.04,124175.0,149.186,1039,False
2020-01-23 00:00:00+00:00,148.59,149.32,146.62,148.7,138931.0,148.289,1206,False
2020-01-24 00:00:00+00:00,149.12,149.84,146.39,146.94,97186.0,147.459,797,False
2020-01-27 00:00:00+00:00,144.24,146.32,143.62,145.56,160423.0,145.56,1444,False
2020-01-28 00:00:00+00:00,146.08,147.31,145.12,146.57,99177.0,146.702,852,False
2020-01-29 00:00:00+00:00,147.45,147.79,146.56,147.24,91711.0,147.338,824,False
2020-01-30 00:00:00+00:00,146.24,148.25,144.75,148.01,124024.0,147.142,1089,False
2020-01-31 00:00:00+00:00,147.23,147.23,143.0,143.23,162708.0,144.153,1405,False
2020-02-03 00:00:00+00:00,144.16,148.35,143.82,145.6,236783.0,146.536,1862,False
2020-02-04 00:00:00+00:00,150.15,155.0,141.9,143.66,408108.0,145.432,3119,False
2020-02-05 00:00:00+00:00,145.6,149.13,145.6,148.39,233659.0,147.588,1770,False
2020-02-06 00:00:00+00:00,149.49,149.49,147.1,147.34,172240.0,147.927,1505,False
2020-02-07 00:00:00+00:00,146.89,146.89,144.52,145.42,139646.0,145.594,1112,False
2020-02-10 00:00:00+00:00,144.96,147.32,144.96,147.31,229779.0,146.157,1092,False
2020-02-11 00:00:00+00:00,147.9,151.03,147.69,149.54,227007.0,149.733,1722,False
2020-02-12 00:00:00+00:00,150.28,150.73,148.24,149.13,183002.0,148.844,1423,False
2020-02-13 00:00:00+00:00,148.49,150.43,148.19,149.52,137043.0,149.511,1114,False
2020-02-14 00:00:00+00:00,149.92,150.07,147.29,147.54,166942.0,148.185,1241,False
2020-02-18 00:00:00+00:00,147.32,147.4,144.55,146.06,247781.0,145.866,2127,False
2020-02-19 00:00:00+00:00,146.91,147.11,145.51,146.94,160533.0,146.623,1370,False
2020-02-20 00:00:00+00:00,146.62,147.65,145.18,146.7,133319.0,146.523,1097,False
2020-02-21 00:00:00+00:00,146.26,146.34,144.27,144.52,354462.0,144.958,3074,False
2020-02-24 00:00:00+00:00,139.93,142.13,139.71,141.22,194824.0,141.181,1478,False
2020-02-25 00:00:00+00:00,141.77,141.77,136.38,136.57,256655.0,137.532,2004,False
2020-02-26 00:00:00+00:00,137.1,138.8,134.92,136.31,174282.0,136.707,1410,False
2020-02-27 00:00:00+00:00,132.72,137.2,131.63,132.77,234754.0,134.231,1625,False
2020-02-28 00:00:00+00:00,128.55,133.54,127.15,133.24,494121.0,130.834,3814,False
2020-03-02 00:00:00+00:00,133.9,140.53,132.87,140.09,372036.0,137.23,2931,False
2020-03-03 00:00:00+00:00,139.49,140.42,131.68,133.43,465859.0,135.735,3463,False
2020-03-04 00:00:00+00:00,135.41,140.63,134.25,140.5,191310.0,138.142,1479,False
2020-03-05 00:00:00+00:00,136.85,137.58,134.65,136.58,273947.0,135.993,2378,False
2020-03-06 00:00:00+00:00,132.06,136.46,131.57,134.54,187403.0,134.287,1612,False
2020-03-09 00:00:00+00:00,122.1,126.94,120.34,122.09,280799.0,123.742,2253,False
2020-03-10 00:00:00+00:00,125.84,130.24,121.45,130.22,175363.0,125.792,1498,False
2020-03-11 00:00:00+00:00,126.51,126.66,121.23,122.08,289528.0,123.596,2238,False
2020-03-12 00:00:00+00:00,112.0,114.93,106.92,106.92,445013.0,110.167,2743,False
2020-03-13 00:00:00+00:00,113.51,119.5,108.44,119.14,246730.0,112.616,2012,False
2020-03-16 00:00:00+00:00,107.9,114.56,107.14,108.51,210756.0,110.075,1721,False
2020-03-17 00:00:00+00:00,110.3,111.81,106.04,108.69,270663.0,108.53,2090,False
2020-03-18 00:00:00+00:00,101.34,104.14,94.04,96.67,250713.0,97.981,1976,False
2020-03-19 00:00:00+00:00,95.46,102.52,91.25,101.38,234164.0,97.8,1668,False
2020-03-20 00:00:00+00:00,101.41,107.6,96.19,96.58,266008.0,100.536,1630,False
2020-03-23 00:00:00+00:00,95.38,96.57,85.62,86.71,273333.0,89.07,2339,False
2020-03-24 00:00:00+00:00,91.0,100.35,90.45,98.62,174301.0,97.008,1414,False
2020-03-25 00:00:00+00:00,98.93,111.35,97.05,107.25,288416.0,106.53,2085,False
2020-03-26 00:00:00+00:00,108.42,113.81,106.96,113.04,166775.0,111.088,1355,False
2020-03-27 00:00:00+00:00,108.68,110.85,104.76,106.97,184145.0,107.759,1623,False
2020-03-30 00:00:00+00:00,107.22,113.94,105.03,112.97,258357.0,110.383,2060,False
2020-03-31 00:00:00+00:00,111.38,115.09,110.54,114.74,245379.0,112.901,1719,False
2020-04-01 00:00:00+00:00,109.52,111.63,107.93,110.25,253682.0,109.762,1935,False
2020-04-02 00:00:00+00:00,109.85,113.63,107.46,112.59,230784.0,110.518,1861,False
2020-04-03 00:00:00+00:00,111.29,112.66,107.11,107.8,190764.0,109.392,1248,False
2020-04-06 00:00:00+00:00,113.31,116.91,112.11,115.86,234666.0,115.336,1844,False
2020-04-07 00:00:00+00:00,118.66,122.7,116.21,116.29,159405.0,118.596,1252,False
2020-04-08 00:00:00+00:00,118.68,120.76,115.71,120.06,152492.0,118.816,1273,False
2020-04-09 00:00:00+00:00,122.52,126.02,121.69,124.44,119956.0,124.458,1046,False
2020-04-13 00:00:00+00:00,123.58,124.56,118.42,119.15,95424.0,119.958,820,False
2020-04-14 00:00:00+00:00,122.74,124.14,120.94,123.59,129130.0,122.837,1047,False
2020-04-15 00:00:00+00:00,119.66,121.08,117.33,119.39,124205.0,119.507,1081,False
2020-04-16 00:00:00+00:00,119.18,119.81,115.74,117.96,171973.0,117.813,1478,False
2020-04-17 00:00:00+00:00,121.62,124.19,119.23,120.47,228114.0,120.71,1859,False
2020-04-20 00:00:00+00:00,118.2,119.8,116.35,116.96,126460.0,117.859,1009,False
2020-04-21 00:00:00+00:00,114.59,115.85,113.19,114.65,128140.0,114.688,1089,False
2020-04-22 00:00:00+00:00,117.85,119.07,116.03,117.96,117974.0,118.119,1025,False
2020-04-23 00:00:00+00:00,119.71,121.73,118.41,118.69,148348.0,119.722,1087,False
2020-04-24 00:00:00+00:00,120.21,120.89,118.9,119.43,219230.0,119.662,1685,False
2020-04-27 00:00:00+00:00,119.86,123.19,119.14,122.6,177187.0,121.938,1260,False
2020-04-28 00:00:00+00:00,125.55,126.16,122.77,123.74,115588.0,124.433,937,False
2020-04-29 00:00:00+00:00,126.74,127.59,125.5,126.79,187311.0,126.66,1603,False
2020-04-30 00:00:00+00:00,131.33,134.51,122.04,124.43,161099.0,126.049,1381,False
2020-05-01 00:00:00+00:00,121.52,122.15,118.92,122.08,132315.0,120.731,1091,False
2020-05-04 00:00:00+00:00,120.32,120.35,117.39,120.0,186874.0,119.143,1374,False
2020-05-05 00:00:00+00:00,121.96,123.84,121.58,121.58,147130.0,122.747,1120,False
2020-05-06 00:00:00+00:00,121.87,121.87,119.13,119.18,180644.0,120.134,1436,False
2020-05-07 00:00:00+00:00,121.45,122.7,119.01,119.33,159373.0,119.979,1326,False
2020-05-08 00:00:00+00:00,121.84,123.66,121.54,122.47,141743.0,122.862,1215,False
2020-05-11 00:00:00+00:00,121.01,122.49,119.92,121.49,194006.0,121.57,1558,False
2020-05-12 00:00:00+00:00,121.75,122.03,114.2,114.31,132899.0,116.947,1138,False
2020-05-13 00:00:00+00:00,114.11,114.11,108.52,109.8,146068.0,110.299,1223,False
2020-05-14 00:00:00+00:00,107.58,112.99,105.34,112.74,326218.0,109.7,2721,False
2020-05-15 00:00:00+00:00,111.54,114.93,110.85,113.59,165089.0,113.741,1375,False
2020-05-18 00:00:00+00:00,118.62,120.42,117.74,119.26,125628.0,119.26,1046,False
2020-05-19 00:00:00+00:00,118.93,120.43,117.75,117.75,146577.0,119.238,1242,False
2020-05-20 00:00:00+00:00,119.94,120.92,118.66,118.72,146688.0,119.608,1208,False
2020-05-21 00:00:00+00:00,118.32,119.49,117.43,117.79,298576.0,118.204,2124,False
2020-05-22 00:00:00+00:00,118.75,118.75,115.92,116.86,199005.0,116.794,1437,False
2020-05-26 00:00:00+00:00,121.19,122.93,120.55,120.84,267575.0,121.627,2248,False
2020-05-27 00:00:00+00:00,122.89,125.96,122.53,125.34,354143.0,124.578,2581,False
2020-05-28 00:00:00+00:00,125.56,125.56,122.63,124.39,296622.0,124.32,2417,False
2020-05-29 00:00:00+00:00,123.34,123.34,121.39,122.42,248791.0,122.467,1823,False
2020-06-01 00:00:00+00:00,122.25,125.06,121.47,124.99,181734.0,123.433,1472,False
2020-06-02 00:00:00+00:00,125.92,128.87,125.66,128.66,170456.0,128.041,1453,False
2020-06-03 00:00:00+00:00,130.69,132.35,130.56,131.18,140885.0,131.428,1098,False
2020-06-04 00:00:00+00:00,130.06,134.16,129.01,133.57,184448.0,131.915,1298,False
2020-06-05 00:00:00+00:00,138.04,139.62,136.91,137.8,169809.0,138.274,1516,False
2020-06-08 00:00:00+00:00,138.03,139.88,137.31,137.76,138189.0,138.247,1113,False
2020-06-09 00:00:00+00:00,135.36,136.71,134.21,135.67,144998.0,135.637,1178,False
2020-06-10 00:00:00+00:00,135.3,135.37,130.76,131.56,210410.0,132.116,1833,False
2020-06-11 00:00:00+00:00,126.81,126.99,123.04,123.17,131710.0,124.376,1185,False
2020-06-12 00:00:00+00:00,126.74,127.74,120.68,124.76,121861.0,124.016,1079,False
2020-06-15 00:00:00+00:00,121.06,126.8,120.48,125.4,184796.0,124.243,1410,False
2020-06-16 00:00:00+00:00,129.83,130.45,125.79,127.53,113263.0,127.706,1007,False
2020-06-17 00:00:00+00:00,128.29,129.13,126.35,128.72,195665.0,128.452,1658,False
2020-06-18 00:00:00+00:00,127.29,129.24,126.11,126.79,153791.0,127.111,1390,False
2020-06-19 00:00:00+00:00,127.88,129.18,124.36,126.2,202721.0,126.716,1447,False
2020-06-22 00:00:00+00:00,125.47,126.46,122.8,125.81,127135.0,125.34,1022,False
2020-06-23 00:00:00+00:00,127.54,128.29,125.06,125.46,186245.0,125.925,1508,False
2020-06-24 00:00:00+00:00,124.28,124.59,118.9,118.96,241381.0,120.921,1940,False
2020-06-25 00:00:00+00:00,118.66,120.08,117.17,119.95,376597.0,118.777,2461,False
2020-06-26 00:00:00+00:00,119.68,119.8,117.24,118.79,259604.0,118.576,2142,False
2020-06-29 00:00:00+00:00,119.86,122.54,119.43,122.1,232667.0,121.628,1881,False
2020-06-30 00:00:00+00:00,122.72,125.53,122.34,125.36,226762.0,124.581,1830,False
2020-07-01 00:00:00+00:00,126.23,126.23,122.23,122.96,128861.0,123.993,1108,False
2020-07-02 00:00:00+00:00,124.75,126.13,123.57,123.87,63538.0,124.598,532,False
2020-07-06 00:00:00+00:00,126.26,126.48,124.28,125.78,77574.0,125.393,705,False
2020-07-07 00:00:00+00:00,124.4,125.46,123.93,125.0,220605.0,124.882,1790,False
2020-07-08 00:00:00+00:00,124.83,126.03,124.06,125.45,176057.0,125.226,1444,False
2020-07-09 00:00:00+00:00,125.81,125.81,122.34,124.72,215852.0,124.404,1818,False
2020-07-10 00:00:00+00:00,124.85,124.92,122.41,124.65,141965.0,124.155,1216,False
2020-07-13 00:00:00+00:00,125.28,126.42,123.81,123.98,187392.0,124.979,1706,False
2020-07-14 00:00:00+00:00,123.92,129.88,123.3,129.6,215962.0,127.749,1575,False
2020-07-15 00:00:00+00:00,131.75,132.67,130.76,131.92,177261.0,131.653,1505,False
2020-07-16 00:00:00+00:00,131.34,132.93,130.73,131.61,142472.0,132.047,1130,False
2020-07-17 00:00:00+00:00,132.65,132.85,131.4,131.91,69301.0,132.103,609,False
2020-07-20 00:00:00+00:00,131.17,132.36,129.58,130.34,82001.0,130.413,719,False
2020-07-21 00:00:00+00:00,131.24,132.88,131.17,131.56,95160.0,131.764,798,False
2020-07-22 00:00:00+00:00,131.18,133.21,131.18,132.51,91615.0,132.399,781,False
2020-07-23 00:00:00+00:00,131.85,134.41,131.85,133.58,107702.0,133.523,953,False
2020-07-24 00:00:00+00:00,133.81,134.35,132.5,132.59,82109.0,133.091,738,False
2020-07-27 00:00:00+00:00,132.46,133.13,131.7,132.95,141601.0,132.626,1293,False
2020-07-28 00:00:00+00:00,132.16,132.69,130.69,130.9,172729.0,131.359,992,False
2020-07-29 00:00:00+00:00,131.93,134.7,130.99,133.94,158987.0,132.991,1314,False
2020-07-30 00:00:00+00:00,131.52,134.93,131.2,132.79,305019.0,132.809,1994,False
2020-07-31 00:00:00+00:00,133.37,135.47,132.3,134.97,271335.0,133.623,2244,False
2020-08-03 00:00:00+00:00,136.03,137.35,135.43,136.59,152601.0,136.721,1258,False
2020-08-04 00:00:00+00:00,135.72,137.41,135.46,137.08,137763.0,136.756,1197,False
2020-08-05 00:00:00+00:00,138.06,139.66,137.84,139.3,153864.0,138.97,1293,False
2020-08-06 00:00:00+00:00,139.33,140.42,138.7,140.37,186932.0,139.776,1581,False
2020-08-07 00:00:00+00:00,140.42,142.47,140.07,142.23,115624.0,141.532,950,False
2020-08-10 00:00:00+00:00,142.45,144.7,142.15,144.58,201311.0,144.056,1309,False
2020-08-11 00:00:00+00:00,145.85,147.4,144.15,144.54,165654.0,145.294,1357,False
2020-08-12 00:00:00+00:00,145.89,147.4,145.2,147.05,135507.0,146.599,987,False
2020-08-13 00:00:00+00:00,146.27,147.35,145.77,146.63,84444.0,146.609,755,False
2020-08-14 00:00:00+00:00,145.43,147.49,145.28,146.3,109464.0,146.519,863,False
2020-08-17 00:00:00+00:00,146.92,147.3,145.96,146.64,63459.0,146.729,541,False
2020-08-18 00:00:00+00:00,146.49,146.79,144.62,144.8,96145.0,145.56,817,False
2020-08-19 00:00:00+00:00,144.74,146.13,144.31,144.94,72277.0,145.316,663,False
2020-08-20 00:00:00+00:00,143.62,144.31,143.02,143.05,95619.0,143.451,852,False
2020-08-21 00:00:00+00:00,142.79,144.35,142.79,144.03,62253.0,143.732,534,False
2020-08-24 00:00:00+00:00,144.95,146.08,143.96,145.96,94240.0,145.022,844,False
2020-08-25 00:00:00+00:00,146.53,147.08,144.68,145.86,152712.0,145.636,1279,False
2020-08-26 00:00:00+00:00,146.53,147.87,145.98,147.08,130388.0,147.02,855,False
2020-08-27 00:00:00+00:00,148.47,149.02,147.29,147.42,137243.0,147.892,814,False
2020-08-28 00:00:00+00:00,147.08,147.2,145.02,146.02,52330.0,145.881,383,False
2020-08-31 00:00:00+00:00,145.62,145.62,143.93,144.92,100764.0,144.825,792,False
2020-09-01 00:00:00+00:00,144.55,146.84,143.99,146.37,139177.0,145.955,999,False
2020-09-02 00:00:00+00:00,146.55,149.09,146.02,149.01,71548.0,147.701,582,False
2020-09-03 00:00:00+00:00,149.43,149.99,145.61,146.4,284949.0,146.723,2323,False
2020-09-04 00:00:00+00:00,148.0,148.0,143.91,144.37,194230.0,144.836,1290,False
2020-09-08 00:00:00+00:00,143.58,143.58,138.63,138.7,236625.0,140.745,2089,False
2020-09-09 00:00:00+00:00,139.73,142.18,139.13,141.36,127671.0,141.538,1099,False
2020-09-10 00:00:00+00:00,141.4,142.32,139.24,140.47,162181.0,140.506,1379,False
2020-09-11 00:00:00+00:00,141.66,142.14,139.76,140.76,110061.0,140.814,1006,False
2020-09-14 00:00:00+00:00,142.31,143.25,141.3,142.92,130184.0,142.338,1144,False
2020-09-15 00:00:00+00:00,143.4,145.04,142.71,143.56,162838.0,143.728,1172,False
2020-09-16 00:00:00+00:00,143.88,144.66,142.59,143.17,100996.0,143.527,796,False
2020-09-17 00:00:00+00:00,141.37,143.55,140.0,143.14,188466.0,142.421,1514,False
2020-09-18 00:00:00+00:00,143.69,143.78,138.58,139.03,227890.0,140.67,1528,False
2020-09-21 00:00:00+00:00,136.66,137.32,132.79,134.34,148535.0,134.086,1281,False
2020-09-22 00:00:00+00:00,135.07,136.34,134.39,135.76,80420.0,135.384,699,False
2020-09-23 00:00:00+00:00,135.93,137.06,131.83,132.02,135274.0,133.609,1196,False
2020-09-24 00:00:00+00:00,131.92,134.63,131.09,132.96,132751.0,133.171,1206,False
2020-09-25 00:00:00+00:00,131.97,134.37,131.83,133.82,114518.0,132.985,941,False
2020-09-28 00:00:00+00:00,136.07,139.31,136.07,136.96,144604.0,137.793,1140,False
2020-09-29 00:00:00+00:00,137.31,139.05,135.92,136.79,162407.0,137.315,961,False
2020-09-30 00:00:00+00:00,136.99,138.91,135.97,136.84,156480.0,137.515,1254,False
2020-10-01 00:00:00+00:00,138.23,139.23,135.38,136.17,62728.0,136.822,502,False
2020-10-02 00:00:00+00:00,133.66,139.59,133.51,137.51,122363.0,137.75,948,False
2020-10-05 00:00:00+00:00,138.77,140.91,138.77,140.23,147685.0,139.958,1044,False
2020-10-06 00:00:00+00:00,140.5,141.75,138.8,139.23,163459.0,139.999,1185,False
2020-10-07 00:00:00+00:00,141.29,142.57,140.13,141.25,159387.0,141.297,1069,False
2020-10-08 00:00:00+00:00,142.56,143.82,141.67,143.1,195243.0,142.615,1621,False
2020-10-09 00:00:00+00:00,143.72,145.25,143.51,144.08,206124.0,144.245,1074,False
2020-10-12 00:00:00+00:00,145.0,146.78,144.33,146.5,137745.0,146.051,1054,False
2020-10-13 00:00:00+00:00,146.5,147.07,144.41,144.64,127201.0,145.416,972,False
2020-10-14 00:00:00+00:00,144.9,146.31,144.52,144.55,85044.0,145.298,724,False
2020-10-15 00:00:00+00:00,142.58,144.77,142.21,144.33,121269.0,143.827,975,False
2020-10-16 00:00:00+00:00,145.43,145.7,144.01,144.57,104031.0,145.036,849,False
2020-10-19 00:00:00+00:00,145.24,147.48,144.87,146.09,269876.0,145.721,1671,False
2020-10-20 00:00:00+00:00,147.01,148.89,146.51,147.5,150797.0,147.534,1175,False
2020-10-21 00:00:00+00:00,147.97,148.88,146.37,147.29,172623.0,147.726,1349,False
2020-10-22 00:00:00+00:00,147.56,150.39,147.56,149.66,168125.0,149.341,1415,False
2020-10-23 00:00:00+00:00,150.15,154.21,150.15,153.39,302330.0,152.308,2299,False
2020-10-26 00:00:00+00:00,151.9,151.9,146.38,149.0,238358.0,148.717,1785,False
2020-10-27 00:00:00+00:00,147.28,151.23,147.28,148.37,326995.0,149.086,2548,False
2020-10-28 00:00:00+00:00,146.74,147.81,142.52,144.24,205699.0,144.351,1412,False
2020-10-29 00:00:00+00:00,144.2,145.69,142.34,144.64,155996.0,144.395,1148,False
2020-10-30 00:00:00+00:00,144.28,145.61,142.94,145.51,141506.0,144.494,1008,False
2020-11-02 00:00:00+00:00,147.43,150.01,146.16,149.94,150422.0,148.937,1143,False
2020-11-03 00:00:00+00:00,152.02,154.04,150.81,153.65,136957.0,152.471,1006,False
2020-11-04 00:00:00+00:00,153.3,153.3,149.1,149.66,141426.0,150.674,1132,False
2020-11-05 00:00:00+00:00,152.35,154.6,151.85,153.27,101518.0,153.259,723,False
2020-11-06 00:00:00+00:00,154.34,155.05,152.95,153.49,124730.0,153.689,989,False
2020-11-09 00:00:00+00:00,166.37,166.37,158.14,158.61,167047.0,160.685,1313,False
2020-11-10 00:00:00+00:00,158.73,161.28,157.68,160.08,185144.0,159.96,957,False
2020-11-11 00:00:00+00:00,161.69,162.53,156.17,157.2,158425.0,157.721,1180,False
2020-11-12 00:00:00+00:00,156.32,156.78,151.39,152.67,202609.0,153.315,1534,False
2020-11-13 00:00:00+00:00,153.23,156.79,153.23,155.48,285586.0,155.66,1782,False
2020-11-16 00:00:00+00:00,158.04,161.49,157.34,159.16,286372.0,159.017,1605,False
2020-11-17 00:00:00+00:00,157.31,158.23,155.63,155.74,271295.0,156.308,1902,False
2020-11-18 00:00:00+00:00,156.22,157.39,154.83,155.35,608025.0,155.82,2860,False
2020-11-19 00:00:00+00:00,155.62,157.85,154.61,157.75,177890.0,156.817,1171,False
2020-11-20 00:00:00+00:00,157.5,158.27,156.79,157.47,154927.0,157.35,970,False
2020-11-23 00:00:00+00:00,159.03,161.38,158.06,160.35,149712.0,160.191,1093,False
2020-11-24 00:00:00+00:00,162.16,165.64,161.33,164.14,195062.0,163.9,1412,False
2020-11-25 00:00:00+00:00,163.1,164.23,161.1,162.56,144486.0,162.416,663,False
2020-11-27 00:00:00+00:00,162.11,162.86,160.8,162.23,64795.0,161.875,495,False
2020-11-30 00:00:00+00:00,162.45,162.45,160.15,161.59,157006.0,161.299,1133,False
2020-12-01 00:00:00+00:00,162.79,164.6,161.09,161.69,122740.0,162.163,844,False
2020-12-02 00:00:00+00:00,160.48,161.13,156.01,157.2,127754.0,157.534,1022,False
2020-12-03 00:00:00+00:00,158.1,158.68,155.8,156.25,97107.0,157.304,799,False
2020-12-04 00:00:00+00:00,156.24,161.71,156.24,161.5,207206.0,160.504,1324,False
2020-12-07 00:00:00+00:00,161.63,161.63,157.57,158.94,113987.0,159.222,790,False
2020-12-08 00:00:00+00:00,158.82,162.03,158.27,161.06,117863.0,160.981,878,False
2020-12-09 00:00:00+00:00,162.3,162.99,159.79,161.62,150842.0,161.439,1080,False
2020-12-10 00:00:00+00:00,160.66,160.66,158.43,159.95,135431.0,159.471,1084,False
2020-12-11 00:00:00+00:00,159.15,161.02,158.09,160.4,226524.0,160.02,1099,False
2020-12-14 00:00:00+00:00,162.39,162.7,157.19,157.71,155260.0,158.892,1260,False
2020-12-15 00:00:00+00:00,159.51,161.02,157.95,159.86,204154.0,159.772,1503,False
2020-12-16 00:00:00+00:00,159.51,160.53,156.02,156.48,152693.0,157.255,1101,False
2020-12-17 00:00:00+00:00,157.57,159.31,156.78,158.97,157803.0,158.341,1211,False
2020-12-18 00:00:00+00:00,160.09,160.43,155.17,155.63,232888.0,157.62,1546,False
2020-12-21 00:00:00+00:00,152.68,157.8,152.67,157.0,207172.0,155.941,1470,False
2020-12-22 00:00:00+00:00,157.46,158.66,156.52,157.88,169146.0,157.851,1247,False
2020-12-23 00:00:00+00:00,159.31,160.77,158.56,159.57,172260.0,159.87,1087,False
2020-12-24 00:00:00+00:00,160.47,160.84,158.99,160.83,40201.0,159.921,304,False
2020-12-28 00:00:00+00:00,162.51,162.9,157.64,158.29,137354.0,159.824,999,False
2020-12-29 00:00:00+00:00,158.56,158.56,155.46,156.79,166507.0,156.34,1184,False
2020-12-30 00:00:00+00:00,156.94,158.68,155.88,156.31,106154.0,156.724,892,False
2020-12-31 00:00:00+00:00,155.85,157.46,155.1,156.79,89558.0,156.602,696,False
2021-01-04 00:00:00+00:00,157.23,158.9,155.15,156.06,180247.0,156.423,1432,False
2021-01-05 00:00:00+00:00,156.17,159.62,156.17,158.42,113853.0,158.658,953,False
2021-01-06 00:00:00+00:00,158.31,168.17,158.31,168.07,327179.0,166.358,2517,False
2021-01-07 00:00:00+00:00,169.34,169.49,166.74,168.5,139936.0,168.169,1091,False
2021-01-08 00:00:00+00:00,169.5,169.72,166.21,167.44,171164.0,167.879,1227,False
2021-01-11 00:00:00+00:00,166.13,170.54,165.61,169.31,232831.0,169.062,1791,False
2021-01-12 00:00:00+00:00,170.12,172.17,169.89,171.92,154947.0,171.335,1309,False
2021-01-13 00:00:00+00:00,171.8,171.8,165.22,165.66,170992.0,167.675,1292,False
2021-01-14 00:00:00+00:00,165.92,168.47,163.26,164.49,152494.0,164.971,1112,False
2021-01-15 00:00:00+00:00,163.07,163.45,160.49,162.57,104127.0,162.195,810,False
2021-01-19 00:00:00+00:00,163.8,166.81,162.61,165.54,192076.0,165.534,1408,False
2021-01-20 00:00:00+00:00,165.48,167.25,165.03,166.55,90173.0,166.187,710,False
2021-01-21 00:00:00+00:00,167.0,167.39,164.66,165.55,131282.0,165.492,976,False
2021-01-22 00:00:00+00:00,164.44,166.53,163.54,166.43,123408.0,165.705,927,False
2021-01-25 00:00:00+00:00,165.95,166.11,163.33,164.09,114772.0,164.49,904,False
2021-01-26 00:00:00+00:00,164.7,164.89,162.18,163.4,154050.0,163.708,1186,False
2021-01-27 00:00:00+00:00,161.35,162.29,157.75,161.16,217597.0,160.576,1868,False
2021-01-28 00:00:00+00:00,162.03,162.75,159.55,159.84,154097.0,160.942,1187,False
2021-01-29 00:00:00+00:00,159.16,160.19,153.67,155.6,371063.0,155.357,2377,False
2021-02-01 00:00:00+00:00,157.85,159.32,156.6,158.96,129439.0,158.073,1124,False
2021-02-02 00:00:00+00:00,156.19,159.13,149.07,158.45,546651.0,156.317,4288,False
2021-02-03 00:00:00+00:00,159.26,162.04,158.19,161.42,453376.0,160.524,2657,False
2021-02-04 00:00:00+00:00,162.67,163.5,158.57,158.93,191397.0,160.406,1501,False
2021-02-05 00:00:00+00:00,160.08,162.0,156.64,161.91,190673.0,160.54,1405,False
2021-02-08 00:00:00+00:00,162.74,164.71,161.37,164.23,123891.0,163.53,932,False
2021-02-09 00:00:00+00:00,164.41,165.0,161.52,162.55,131364.0,162.737,1041,False
2021-02-10 00:00:00+00:00,163.58,163.58,161.25,161.96,86077.0,162.19,700,False
2021-02-11 00:00:00+00:00,163.07,165.16,160.98,164.36,197797.0,163.257,1235,False
2021-02-12 00:00:00+00:00,163.99,165.23,162.73,165.21,88593.0,164.009,556,False
2021-02-16 00:00:00+00:00,166.07,169.15,165.11,166.57,238056.0,167.69,1626,False
2021-02-17 00:00:00+00:00,165.67,169.59,165.0,168.35,296768.0,167.503,1775,False
2021-02-18 00:00:00+00:00,167.92,168.93,165.26,167.82,194963.0,167.511,1400,False
2021-02-19 00:00:00+00:00,168.56,171.18,168.56,170.48,77813.0,170.155,660,False
2021-02-22 00:00:00+00:00,169.42,178.58,169.01,178.19,343200.0,175.658,2726,False
2021-02-23 00:00:00+00:00,178.36,180.26,176.56,180.25,334932.0,178.43,2279,False
2021-02-24 00:00:00+00:00,180.14,180.29,177.1,177.99,235530.0,178.524,1900,False
2021-02-25 00:00:00+00:00,176.63,178.33,173.07,177.5,334592.0,176.14,2298,False
2021-02-26 00:00:00+00:00,178.55,179.2,176.23,177.51,327091.0,177.512,2164,False
2021-03-01 00:00:00+00:00,180.07,183.69,179.52,182.13,143669.0,182.365,1074,False
2021-03-02 00:00:00+00:00,182.03,182.27,180.0,180.98,155694.0,180.876,1240,False
2021-03-03 00:00:00+00:00,180.04,181.69,178.32,179.37,217193.0,179.515,1554,False
2021-03-04 00:00:00+00:00,179.4,179.68,173.11,174.88,130172.0,176.321,1122,False
2021-03-05 00:00:00+00:00,176.48,180.75,173.25,180.71,134632.0,177.582,1069,False
2021-03-08 00:00:00+00:00,182.37,187.71,181.79,185.52,196525.0,185.463,1356,False
2021-03-09 00:00:00+00:00,186.85,186.94,183.33,183.75,219772.0,184.591,1891,False
2021-03-10 00:00:00+00:00,184.71,188.11,182.71,187.63,261110.0,185.361,2052,False
2021-03-11 00:00:00+00:00,188.41,190.79,183.86,184.58,236638.0,186.758,1660,False
2021-03-12 00:00:00+00:00,183.69,187.87,183.69,187.48,98587.0,186.702,734,False
2021-03-15 00:00:00+00:00,188.54,190.11,187.0,190.01,140734.0,189.095,1110,False
2021-03-16 00:00:00+00:00,189.88,189.88,187.75,189.08,106709.0,188.853,868,False
2021-03-17 00:00:00+00:00,189.26,189.85,187.75,189.85,143681.0,188.872,1152,False
2021-03-18 00:00:00+00:00,189.52,191.1,185.54,186.19,116617.0,188.038,982,False
2021-03-19 00:00:00+00:00,186.04,186.71,182.7,183.49,191339.0,184.736,1368,False
2021-03-22 00:00:00+00:00,183.23,184.71,180.82,184.37,132237.0,183.384,1077,False
2021-03-23 00:00:00+00:00,182.79,184.34,175.97,178.03,195211.0,178.996,1578,False
2021-03-24 00:00:00+00:00,179.66,182.47,177.94,179.25,112316.0,180.233,873,False
2021-03-25 00:00:00+00:00,178.13,184.61,176.2,183.74,112971.0,181.644,926,False
2021-03-26 00:00:00+00:00,185.0,189.48,184.6,189.13,174091.0,188.115,1411,False
2021-03-29 00:00:00+00:00,188.24,191.57,186.91,188.73,161378.0,188.8,1298,False
2021-03-30 00:00:00+00:00,188.42,188.73,186.55,187.58,85771.0,187.328,732,False
2021-03-31 00:00:00+00:00,188.85,189.43,185.42,186.89,137187.0,187.289,1152,False
2021-04-01 00:00:00+00:00,187.03,190.8,186.09,190.39,125979.0,189.058,1094,False
2021-04-05 00:00:00+00:00,192.21,193.85,191.33,192.42,88626.0,192.502,736,False
2021-04-06 00:00:00+00:00,192.57,196.05,192.43,192.68,140404.0,193.69,1173,False
2021-04-07 00:00:00+00:00,192.1,192.41,187.77,187.78,128189.0,188.818,1069,False
2021-04-08 00:00:00+00:00,188.19,189.52,185.53,186.07,132902.0,186.467,1205,False
2021-04-09 00:00:00+00:00,186.03,188.11,185.09,187.44,115039.0,186.92,864,False
2021-04-12 00:00:00+00:00,186.4,188.72,186.23,187.45,159966.0,187.215,1100,False
2021-04-13 00:00:00+00:00,186.6,186.6,183.09,183.89,90728.0,184.22,774,False
2021-04-14 00:00:00+00:00,183.8,186.33,183.67,184.93,117797.0,185.388,983,False
2021-04-15 00:00:00+00:00,185.91,187.93,185.58,187.32,83780.0,186.819,711,False
2021-04-16 00:00:00+00:00,189.03,190.45,188.35,189.28,96410.0,189.334,811,False
2021-04-19 00:00:00+00:00,188.85,190.29,187.61,189.05,193660.0,188.684,1264,False
2021-04-20 00:00:00+00:00,189.1,190.55,185.06,185.81,105074.0,186.474,800,False
2021-04-21 00:00:00+00:00,186.37,190.0,186.37,189.94,102021.0,188.972,781,False
2021-04-22 00:00:00+00:00,190.58,190.97,188.18,188.37,154474.0,189.719,1162,False
2021-04-23 00:00:00+00:00,189.76,191.44,189.21,191.12,86039.0,190.476,745,False
2021-04-26 00:00:00+00:00,192.94,195.9,189.85,190.48,167482.0,192.118,1407,False
2021-04-27 00:00:00+00:00,192.2,195.62,185.44,194.08,338640.0,192.239,2338,False
2021-04-28 00:00:00+00:00,193.88,193.88,189.91,191.42,150736.0,192.248,1156,False
2021-04-29 00:00:00+00:00,193.62,196.47,191.61,195.92,100108.0,194.665,834,False
2021-04-30 00:00:00+00:00,194.05,194.85,191.65,192.01,98514.0,192.794,819,False
2021-05-03 00:00:00+00:00,193.44,195.37,192.28,193.62,188693.0,193.765,973,False
2021-05-04 00:00:00+00:00,192.21,196.0,190.71,195.49,73449.0,194.702,594,False
2021-05-05 00:00:00+00:00,195.98,198.64,194.48,198.13,73750.0,197.442,532,False
2021-05-06 00:00:00+00:00,198.04,199.97,196.01,199.78,95990.0,198.243,776,False
2021-05-07 00:00:00+00:00,198.94,201.03,198.17,199.18,123000.0,199.612,927,False
2021-05-10 00:00:00+00:00,199.88,201.06,197.25,197.49,93728.0,199.074,744,False
2021-05-11 00:00:00+00:00,195.31,197.82,194.54,195.83,114904.0,196.459,994,False
2021-05-12 00:00:00+00:00,195.36,196.0,188.69,188.78,93010.0,191.351,842,False
2021-05-13 00:00:00+00:00,188.9,192.86,188.41,191.74,216666.0,191.758,1693,False
2021-05-14 00:00:00+00:00,193.36,194.46,191.41,194.09,147470.0,192.905,1143,False
2021-05-17 00:00:00+00:00,193.5,194.69,191.76,192.88,55432.0,193.219,459,False
2021-05-18 00:00:00+00:00,192.92,192.92,188.94,189.02,58655.0,190.668,503,False
2021-05-19 00:00:00+00:00,186.42,189.3,184.81,188.09,86898.0,187.715,747,False
2021-05-20 00:00:00+00:00,188.46,189.0,186.48,188.51,67043.0,188.222,582,False
2021-05-21 00:00:00+00:00,190.02,190.78,188.19,188.33,42903.0,189.025,349,False
2021-05-24 00:00:00+00:00,189.97,189.97,187.85,188.93,55912.0,188.813,466,False
2021-05-25 00:00:00+00:00,189.21,189.63,187.51,187.63,105352.0,188.629,800,False
2021-05-26 00:00:00+00:00,188.27,189.49,187.24,189.36,78507.0,188.861,601,False
2021-05-27 00:00:00+00:00,189.42,191.31,188.71,189.78,66020.0,189.736,517,False
2021-05-28 00:00:00+00:00,190.47,190.81,188.73,190.64,72707.0,190.334,505,False
2021-06-01 00:00:00+00:00,192.17,192.65,190.7,192.01,71325.0,191.722,588,False
2021-06-02 00:00:00+00:00,192.66,192.66,190.12,190.4,84852.0,190.882,716,False
2021-06-03 00:00:00+00:00,189.79,191.26,189.11,191.11,90388.0,190.456,729,False
2021-06-04 00:00:00+00:00,192.65,192.65,190.92,191.65,58587.0,191.619,447,False
2021-06-07 00:00:00+00:00,192.36,192.36,189.08,189.9,78907.0,190.289,698,False
2021-06-08 00:00:00+00:00,190.43,190.84,188.52,189.82,59460.0,189.983,491,False
2021-06-09 00:00:00+00:00,190.0,190.0,186.7,186.78,165254.0,187.722,710,False
2021-06-10 00:00:00+00:00,187.15,187.65,184.54,184.62,84003.0,185.157,703,False
2021-06-11 00:00:00+00:00,186.18,186.18,183.72,184.47,107198.0,184.472,699,False
2021-06-14 00:00:00+00:00,183.74,184.02,182.13,183.25,224449.0,182.937,1556,False
2021-06-15 00:00:00+00:00,183.66,184.27,182.32,184.27,646173.0,182.801,4435,False
2021-06-16 00:00:00+00:00,184.16,184.97,181.06,181.5,149634.0,182.428,1179,False
2021-06-17 00:00:00+00:00,181.01,181.25,175.37,176.52,116548.0,177.265,985,False
2021-06-18 00:00:00+00:00,175.68,176.7,174.28,175.31,205714.0,175.532,1049,False
2021-06-21 00:00:00+00:00,176.39,180.23,176.39,180.07,116110.0,179.446,768,False
2021-06-22 00:00:00+00:00,180.48,182.87,179.28,182.12,218039.0,182.215,1498,False
2021-06-23 00:00:00+00:00,182.62,183.87,181.22,182.65,149252.0,183.209,1075,False
2021-06-24 00:00:00+00:00,184.02,184.93,182.04,184.19,123890.0,184.008,833,False
2021-06-25 00:00:00+00:00,184.51,186.17,184.19,185.64,150617.0,185.238,882,False
2021-06-28 00:00:00+00:00,185.18,185.7,183.4,184.74,154729.0,184.904,1095,False
2021-06-29 00:00:00+00:00,185.18,185.47,184.51,185.17,121649.0,185.078,925,False
2021-06-30 00:00:00+00:00,184.13,187.48,184.13,186.84,132760.0,186.346,1051,False
2021-07-01 00:00:00+00:00,188.09,188.09,186.28,186.46,108842.0,186.761,821,False
2021-07-02 00:00:00+00:00,186.54,186.99,185.86,186.26,58498.0,186.39,475,False
2021-07-06 00:00:00+00:00,185.78,186.19,181.58,183.4,71909.0,183.248,617,False
2021-07-07 00:00:00+00:00,183.2,187.08,183.2,186.8,74242.0,185.92,505,False
2021-07-08 00:00:00+00:00,183.86,186.36,183.33,185.07,107545.0,184.671,698,False
2021-07-09 00:00:00+00:00,187.81,189.7,186.33,189.49,104590.0,188.93,667,False
2021-07-12 00:00:00+00:00,188.78,191.73,187.28,191.53,117883.0,190.556,818,False
2021-07-13 00:00:00+00:00,191.24,191.63,188.81,188.91,83196.0,190.037,681,False
2021-07-14 00:00:00+00:00,189.1,191.08,187.88,190.78,92891.0,189.951,741,False
2021-07-15 00:00:00+00:00,189.96,192.72,189.66,192.21,174321.0,191.824,1134,False
2021-07-16 00:00:00+00:00,192.82,193.26,190.69,191.14,158886.0,192.014,955,False
2021-07-19 00:00:00+00:00,189.0,189.32,186.84,187.46,125808.0,187.996,849,False
2021-07-20 00:00:00+00:00,188.68,197.12,188.49,196.61,278024.0,195.063,1710,False
2021-07-21 00:00:00+00:00,196.88,200.23,196.13,197.37,187713.0,197.834,1537,False
2021-07-22 00:00:00+00:00,196.63,198.05,194.86,195.55,102751.0,195.783,793,False
2021-07-23 00:00:00+00:00,196.83,196.83,194.75,195.48,98080.0,195.513,801,False
2021-07-26 00:00:00+00:00,195.5,195.9,193.27,194.31,105251.0,194.812,904,False
2021-07-27 00:00:00+00:00,194.71,198.66,191.21,196.15,139997.0,195.311,1201,False
2021-07-28 00:00:00+00:00,196.82,196.86,193.95,195.88,90590.0,195.857,746,False
2021-07-29 00:00:00+00:00,196.99,199.04,195.93,197.74,63658.0,198.179,515,False
2021-07-30 00:00:00+00:00,197.37,200.77,196.44,200.46,255239.0,198.491,1645,False
2021-08-02 00:00:00+00:00,201.38,202.37,197.06,197.16,114803.0,198.578,999,False
2021-08-03 00:00:00+00:00,197.97,201.76,197.39,201.26,104788.0,200.506,867,False
2021-08-04 00:00:00+00:00,200.51,201.82,198.16,199.81,137690.0,199.706,969,False
2021-08-05 00:00:00+00:00,200.91,201.73,198.5,199.06,126661.0,199.304,1001,False
2021-08-06 00:00:00+00:00,200.43,200.87,198.97,200.24,67480.0,199.795,568,False
2021-08-09 00:00:00+00:00,199.76,200.02,197.24,197.84,100268.0,198.162,808,False
2021-08-10 00:00:00+00:00,198.88,201.79,196.89,201.75,86375.0,200.844,681,False
2021-08-11 00:00:00+00:00,202.69,203.86,201.44,203.72,105727.0,202.975,689,False
2021-08-12 00:00:00+00:00,203.96,206.05,203.73,205.82,107689.0,205.131,823,False
2021-08-13 00:00:00+00:00,205.6,208.45,205.6,206.94,97323.0,207.133,823,False
2021-08-16 00:00:00+00:00,206.62,207.18,204.74,205.05,89692.0,205.487,710,False
2021-08-17 00:00:00+00:00,203.88,204.11,200.95,203.67,165790.0,202.922,989,False
2021-08-18 00:00:00+00:00,203.19,204.06,200.64,200.88,134465.0,202.355,789,False
2021-08-19 00:00:00+00:00,198.64,200.69,198.23,198.43,104744.0,198.986,698,False
2021-08-20 00:00:00+00:00,198.56,202.71,197.7,202.36,178840.0,201.38,808,False
2021-08-23 00:00:00+00:00,202.96,204.89,201.98,203.41,105710.0,203.7,636,False
2021-08-24 00:00:00+00:00,203.5,205.08,203.31,204.99,106401.0,204.25,664,False
2021-08-25 00:00:00+00:00,204.98,208.82,204.02,208.22,195116.0,207.778,1467,False
2021-08-26 00:00:00+00:00,208.39,208.39,205.13,205.45,96944.0,206.018,753,False
2021-08-27 00:00:00+00:00,205.65,208.47,205.65,208.2,130178.0,207.592,958,False
2021-08-30 00:00:00+00:00,208.11,209.65,207.5,208.59,163783.0,208.633,1186,False
2021-08-31 00:00:00+00:00,209.48,209.48,205.87,206.11,62548.0,207.027,513,False
2021-09-01 00:00:00+00:00,206.19,206.55,202.37,203.0,123895.0,203.408,975,False
2021-09-02 00:00:00+00:00,204.1,204.1,201.86,202.94,165898.0,202.619,984,False
2021-09-03 00:00:00+00:00,202.48,203.35,200.91,202.24,44871.0,202.185,387,False
2021-09-07 00:00:00+00:00,201.19,201.51,198.01,198.06,68740.0,199.248,540,False
2021-09-08 00:00:00+00:00,197.12,198.82,196.34,197.78,83877.0,197.874,741,False
2021-09-09 00:00:00+00:00,197.52,198.72,194.22,194.62,210500.0,195.947,1522,False
2021-09-10 00:00:00+00:00,196.37,196.49,191.74,192.14,162968.0,193.93,1118,False
2021-09-13 00:00:00+00:00,193.15,193.31,189.15,191.64,276684.0,191.479,1854,False
2021-09-14 00:00:00+00:00,192.37,192.81,189.65,191.16,253829.0,191.06,1394,False
2021-09-15 00:00:00+00:00,190.94,192.79,189.94,191.35,104784.0,191.638,754,False
2021-09-16 00:00:00+00:00,191.43,191.52,187.43,188.12,237693.0,188.46,1497,False
2021-09-17 00:00:00+00:00,186.76,188.12,184.67,185.48,179100.0,185.844,1303,False
2021-09-20 00:00:00+00:00,181.4,183.79,179.92,183.61,159399.0,181.711,1159,False
2021-09-21 00:00:00+00:00,184.3,184.91,179.07,179.67,168420.0,180.545,1064,False
2021-09-22 00:00:00+00:00,181.19,182.79,180.2,181.33,300222.0,181.118,1970,False
2021-09-23 00:00:00+00:00,183.0,186.38,181.89,185.05,285028.0,184.379,1342,False
2021-09-24 00:00:00+00:00,184.8,185.16,183.28,183.51,88661.0,184.163,569,False
2021-09-27 00:00:00+00:00,183.05,186.28,183.05,185.31,177913.0,185.144,1139,False
2021-09-28 00:00:00+00:00,185.42,186.13,183.56,183.81,109005.0,184.752,836,False
2021-09-29 00:00:00+00:00,184.78,186.1,183.25,184.83,90608.0,184.507,700,False
2021-09-30 00:00:00+00:00,186.0,186.14,180.57,180.67,102535.0,183.064,859,False
2021-10-01 00:00:00+00:00,181.35,181.73,179.14,180.01,160891.0,180.837,1393,False
2021-10-04 00:00:00+00:00,180.95,181.67,178.72,180.43,87808.0,180.296,710,False
2021-10-05 00:00:00+00:00,180.7,183.85,178.07,183.41,144874.0,182.475,1104,False
2021-10-06 00:00:00+00:00,182.36,183.99,179.53,183.98,137947.0,182.122,1104,False
2021-10-07 00:00:00+00:00,185.36,187.48,183.37,183.87,141845.0,184.288,1020,False
2021-10-08 00:00:00+00:00,182.82,183.54,180.47,180.5,111701.0,181.277,899,False
2021-10-11 00:00:00+00:00,179.95,182.85,179.48,179.64,73261.0,180.456,583,False
2021-10-12 00:00:00+00:00,180.27,180.63,178.49,178.98,74490.0,179.257,667,False
2021-10-13 00:00:00+00:00,179.89,183.18,178.35,182.06,94967.0,181.669,828,False
2021-10-14 00:00:00+00:00,183.67,188.0,183.62,187.38,77349.0,186.728,661,False
2021-10-15 00:00:00+00:00,188.77,190.64,188.02,188.3,178760.0,188.923,1292,False
2021-10-18 00:00:00+00:00,187.81,189.91,187.36,188.83,71354.0,188.877,590,False
2021-10-19 00:00:00+00:00,190.56,191.01,189.04,189.8,82247.0,189.879,585,False
2021-10-20 00:00:00+00:00,190.51,192.75,190.02,191.38,95874.0,191.643,755,False
2021-10-21 00:00:00+00:00,190.88,191.61,189.29,190.81,152910.0,190.703,1080,False
2021-10-22 00:00:00+00:00,191.6,192.69,191.22,192.07,76449.0,191.873,524,False
2021-10-25 00:00:00+00:00,191.96,192.69,189.81,190.24,170164.0,190.79,1203,False
2021-10-26 00:00:00+00:00,181.03,194.46,179.86,191.33,376546.0,190.793,2472,False
2021-10-27 00:00:00+00:00,191.16,193.35,189.1,190.67,121876.0,191.524,928,False
2021-10-28 00:00:00+00:00,191.67,197.76,191.67,197.65,166110.0,196.497,1295,False
2021-10-29 00:00:00+00:00,197.28,200.13,197.28,199.37,198948.0,199.036,1370,False
2021-11-01 00:00:00+00:00,200.19,201.65,198.91,200.62,130782.0,200.252,1020,False
2021-11-02 00:00:00+00:00,201.37,203.16,200.64,202.6,166068.0,201.904,1187,False
2021-11-03 00:00:00+00:00,202.08,202.71,199.03,201.94,135917.0,201.362,893,False
2021-11-04 00:00:00+00:00,203.21,204.97,202.24,204.05,171666.0,203.493,1166,False
2021-11-05 00:00:00+00:00,205.01,206.37,204.29,205.67,126820.0,205.424,1041,False
2021-11-08 00:00:00+00:00,207.92,208.5,205.76,207.91,131113.0,207.475,915,False
2021-11-09 00:00:00+00:00,207.77,208.79,205.92,208.62,67217.0,207.912,477,False
2021-11-10 00:00:00+00:00,208.64,209.3,207.16,208.06,69020.0,207.959,492,False
2021-11-11 00:00:00+00:00,207.95,208.54,206.29,207.96,110728.0,207.51,759,False
2021-11-12 00:00:00+00:00,208.86,209.25,207.15,208.17,92824.0,208.085,579,False
2021-11-15 00:00:00+00:00,208.46,208.82,206.75,208.27,110061.0,208.043,508,False
2021-11-16 00:00:00+00:00,208.25,211.63,208.25,209.27,81852.0,210.506,680,False
2021-11-17 00:00:00+00:00,209.12,209.53,207.36,209.16,110373.0,208.5,892,False
2021-11-18 00:00:00+00:00,209.54,210.01,207.94,209.61,86815.0,208.902,582,False
2021-11-19 00:00:00+00:00,209.56,211.36,208.2,210.1,83088.0,210.193,584,False
2021-11-22 00:00:00+00:00,211.33,212.54,208.33,208.5,73757.0,210.47,561,False
2021-11-23 00:00:00+00:00,207.83,209.41,206.62,208.93,88703.0,208.639,550,False
2021-11-24 00:00:00+00:00,208.51,209.3,207.11,208.5,56361.0,208.261,472,False
2021-11-26 00:00:00+00:00,204.21,204.68,202.78,203.8,84400.0,203.705,566,False
2021-11-29 00:00:00+00:00,204.52,204.63,201.15,201.35,77882.0,202.886,655,False
2021-11-30 00:00:00+00:00,199.59,200.07,194.22,195.7,95742.0,196.293,817,False
2021-12-01 00:00:00+00:00,198.42,202.12,196.05,196.05,130995.0,199.405,809,False
2021-12-02 00:00:00+00:00,196.89,204.41,195.96,202.46,82137.0,202.362,657,False
2021-12-03 00:00:00+00:00,203.79,203.79,200.47,202.27,69960.0,201.781,614,False
2021-12-06 00:00:00+00:00,204.33,208.13,203.46,204.67,91660.0,206.208,760,False
2021-12-07 00:00:00+00:00,206.93,209.62,206.31,209.06,73678.0,208.734,658,False
2021-12-08 00:00:00+00:00,209.5,210.2,207.5,209.01,130078.0,209.33,710,False
2021-12-09 00:00:00+00:00,208.16,209.08,207.43,207.57,61270.0,208.102,448,False
2021-12-10 00:00:00+00:00,208.32,209.4,207.35,208.28,66549.0,208.205,548,False
2021-12-13 00:00:00+00:00,208.39,211.32,206.51,210.05,174822.0,209.788,853,False
2021-12-14 00:00:00+00:00,208.78,211.36,205.44,206.31,112546.0,207.676,878,False
2021-12-15 00:00:00+00:00,207.41,208.48,205.43,207.69,103933.0,206.956,823,False
2021-12-16 00:00:00+00:00,208.0,209.22,206.28,208.28,91573.0,208.2,742,False
2021-12-17 00:00:00+00:00,208.81,210.7,203.63,204.99,131521.0,207.087,784,False
2021-12-20 00:00:00+00:00,202.8,203.25,197.98,202.03,50999.0,200.917,450,False
2021-12-21 00:00:00+00:00,204.09,207.02,203.68,206.09,88781.0,205.852,771,False
2021-12-22 00:00:00+00:00,205.51,206.67,203.28,203.91,96189.0,204.469,759,False
2021-12-23 00:00:00+00:00,205.4,206.46,204.28,204.4,80548.0,204.815,617,False
2021-12-27 00:00:00+00:00,205.33,208.47,204.43,208.4,95273.0,206.699,800,False
2021-12-28 00:00:00+00:00,208.7,210.06,208.14,209.37,70017.0,209.075,572,False
2021-12-29 00:00:00+00:00,209.8,210.9,209.11,210.14,47328.0,209.983,405,False
2021-12-30 00:00:00+00:00,210.92,211.45,207.01,207.44,42807.0,208.172,373,False
2021-12-31 00:00:00+00:00,207.9,209.71,206.3,208.27,27401.0,208.168,222,False
2022-01-03 00:00:00+00:00,209.52,209.82,204.6,205.29,110802.0,205.558,923,False
2022-01-04 00:00:00+00:00,206.63,211.85,204.85,209.5,152661.0,208.746,1096,False
2022-01-05 00:00:00+00:00,209.61,211.27,203.99,204.23,125294.0,206.377,1039,False
2022-01-06 00:00:00+00:00,204.16,204.6,199.48,204.31,315969.0,201.577,2500,False
2022-01-07 00:00:00+00:00,204.0,205.0,199.72,200.04,140382.0,201.242,1228,False
2022-01-10 00:00:00+00:00,198.83,198.83,195.51,196.32,236319.0,196.59,1953,False
2022-01-11 00:00:00+00:00,196.48,200.66,193.68,200.33,245874.0,196.417,2219,False
2022-01-12 00:00:00+00:00,201.54,205.79,197.5,202.4,343263.0,200.721,2712,False
2022-01-13 00:00:00+00:00,203.91,203.94,199.4,200.11,192397.0,200.683,1548,False
2022-01-14 00:00:00+00:00,197.99,200.55,194.37,200.05,266517.0,197.438,1822,False
2022-01-18 00:00:00+00:00,197.93,200.46,197.0,199.02,162547.0,198.899,1184,False
2022-01-19 00:00:00+00:00,199.13,199.91,196.5,197.36,275793.0,197.899,1773,False
2022-01-20 00:00:00+00:00,198.1,199.46,193.82,194.06,305419.0,196.743,1432,False
2022-01-21 00:00:00+00:00,193.7,198.8,193.35,194.68,261082.0,195.843,1354,False
2022-01-24 00:00:00+00:00,191.64,194.26,186.47,194.24,260989.0,189.803,1238,False
2022-01-25 00:00:00+00:00,190.9,191.66,185.63,187.27,295431.0,188.236,2434,False
2022-01-26 00:00:00+00:00,189.48,191.95,184.4,186.24,155783.0,188.143,1288,False
2022-01-27 00:00:00+00:00,187.81,188.74,181.6,182.75,114084.0,184.224,1011,False
2022-01-28 00:00:00+00:00,182.39,182.78,179.33,182.78,390786.0,181.129,2763,False
2022-01-31 00:00:00+00:00,182.64,187.4,180.01,187.29,207338.0,185.196,1815,False
2022-02-01 00:00:00+00:00,188.58,188.91,185.32,188.54,154394.0,187.294,1227,False
2022-02-02 00:00:00+00:00,189.25,189.87,187.0,188.36,118264.0,188.276,997,False
2022-02-03 00:00:00+00:00,188.25,192.0,184.61,185.43,233558.0,187.122,1817,False
2022-02-04 00:00:00+00:00,185.55,189.23,185.27,186.7,296948.0,187.101,2043,False
2022-02-07 00:00:00+00:00,185.95,187.41,184.32,185.5,157679.0,186.386,1386,False
2022-02-08 00:00:00+00:00,185.94,189.29,184.12,188.53,153915.0,187.905,1321,False
2022-02-09 00:00:00+00:00,190.71,193.36,190.54,192.1,280706.0,192.436,2139,False
2022-02-10 00:00:00+00:00,188.7,191.64,185.23,186.46,150308.0,188.294,1260,False
2022-02-11 00:00:00+00:00,187.24,187.42,182.1,183.31,197228.0,185.193,1496,False
2022-02-14 00:00:00+00:00,182.91,184.4,180.59,183.3,205206.0,182.853,1719,False
2022-02-15 00:00:00+00:00,185.36,187.18,184.03,185.27,155823.0,185.423,1363,False
2022-02-16 00:00:00+00:00,184.28,186.48,184.28,185.33,137385.0,185.499,1163,False
2022-02-17 00:00:00+00:00,183.46,184.26,180.87,180.9,185206.0,182.081,1502,False
2022-02-18 00:00:00+00:00,181.46,182.68,178.99,179.35,228086.0,180.149,1743,False
2022-02-22 00:00:00+00:00,178.93,180.15,176.27,177.37,162891.0,178.185,1449,False
2022-02-23 00:00:00+00:00,177.92,178.87,174.75,174.76,232888.0,176.647,1070,False
2022-02-24 00:00:00+00:00,171.95,177.15,170.76,176.14,170582.0,174.464,1415,False
2022-02-25 00:00:00+00:00,175.34,181.18,175.34,180.63,194800.0,178.96,1596,False
2022-02-28 00:00:00+00:00,178.17,181.04,176.88,178.25,174238.0,178.719,1370,False
2022-03-01 00:00:00+00:00,178.16,179.01,174.56,175.98,295078.0,176.609,1997,False
2022-03-02 00:00:00+00:00,177.91,182.07,176.24,181.35,194054.0,180.738,1421,False
2022-03-03 00:00:00+00:00,182.66,183.19,179.64,180.72,191428.0,181.227,1670,False
2022-03-04 00:00:00+00:00,178.64,181.2,177.99,180.88,132173.0,179.827,1158,False
2022-03-07 00:00:00+00:00,181.18,182.77,177.02,177.57,226766.0,178.553,1344,False
2022-03-08 00:00:00+00:00,178.72,183.57,177.42,179.23,152674.0,180.025,1294,False
2022-03-09 00:00:00+00:00,182.09,183.46,180.15,181.37,219447.0,181.447,1615,False
2022-03-10 00:00:00+00:00,179.09,179.95,175.93,179.9,172656.0,178.637,1258,False
2022-03-11 00:00:00+00:00,180.49,182.82,178.11,178.24,130401.0,180.169,1052,False
2022-03-14 00:00:00+00:00,179.16,180.59,177.78,178.88,69631.0,178.735,567,False
2022-03-15 00:00:00+00:00,179.81,182.4,178.88,182.37,160343.0,180.858,1119,False
2022-03-16 00:00:00+00:00,184.07,188.0,183.76,187.63,233415.0,186.425,1735,False
2022-03-17 00:00:00+00:00,186.23,188.9,185.78,188.23,175785.0,187.572,1408,False
2022-03-18 00:00:00+00:00,187.47,189.79,185.6,189.58,168869.0,187.966,986,False
2022-03-21 00:00:00+00:00,189.59,190.96,188.52,189.94,177174.0,189.746,1463,False
2022-03-22 00:00:00+00:00,190.57,190.76,186.97,187.0,191908.0,188.184,1458,False
2022-03-23 00:00:00+00:00,185.38,185.49,179.87,180.44,248284.0,181.423,1899,False
2022-03-24 00:00:00+00:00,181.43,182.06,179.71,182.02,202196.0,181.401,1625,False
2022-03-25 00:00:00+00:00,181.99,186.45,181.6,186.36,183485.0,185.072,1488,False
2022-03-28 00:00:00+00:00,185.42,187.36,184.57,187.3,137315.0,186.229,1207,False
2022-03-29 00:00:00+00:00,189.13,192.2,189.13,191.83,161143.0,190.957,1229,False
2022-03-30 00:00:00+00:00,191.17,192.19,189.6,190.64,189815.0,190.736,1334,False
2022-03-31 00:00:00+00:00,190.85,191.55,183.43,183.77,204694.0,186.071,1744,False
2022-04-01 00:00:00+00:00,185.21,186.48,183.38,185.55,101353.0,185.001,871,False
2022-04-04 00:00:00+00:00,184.98,185.94,181.94,185.23,88081.0,184.958,761,False
2022-04-05 00:00:00+00:00,184.58,185.59,181.17,181.75,99610.0,183.369,710,False
2022-04-06 00:00:00+00:00,179.98,182.96,179.67,182.68,79347.0,181.793,665,False
2022-04-07 00:00:00+00:00,181.68,184.95,180.94,184.37,160639.0,183.061,1249,False
2022-04-08 00:00:00+00:00,184.57,186.37,183.31,184.41,119818.0,184.638,958,False
2022-04-11 00:00:00+00:00,183.74,186.3,182.52,183.07,134803.0,183.913,1191,False
2022-04-12 00:00:00+00:00,183.81,185.99,181.34,181.55,133074.0,182.807,1088,False
2022-04-13 00:00:00+00:00,181.58,184.59,181.58,184.36,103903.0,183.322,663,False
2022-04-14 00:00:00+00:00,184.56,186.59,184.26,185.0,180489.0,185.228,1244,False
2022-04-18 00:00:00+00:00,184.41,186.87,181.61,182.29,138180.0,183.568,1150,False
2022-04-19 00:00:00+00:00,182.98,188.7,182.95,188.62,134565.0,187.278,938,False
2022-04-20 00:00:00+00:00,190.22,193.07,190.22,191.0,116828.0,191.555,812,False
2022-04-21 00:00:00+00:00,192.46,195.35,191.93,194.16,254231.0,193.653,1685,False
2022-04-22 00:00:00+00:00,192.24,193.56,190.53,191.74,451706.0,191.682,3346,False
2022-04-25 00:00:00+00:00,191.02,191.02,185.05,189.34,325012.0,187.258,2481,False
2022-04-26 00:00:00+00:00,189.72,199.99,189.72,195.29,339955.0,197.299,2241,False
2022-04-27 00:00:00+00:00,195.28,197.86,194.11,196.33,430285.0,196.127,2288,False
2022-04-28 00:00:00+00:00,198.78,203.85,196.1,203.71,337414.0,200.93,2342,False
2022-04-29 00:00:00+00:00,202.51,203.61,194.67,195.36,192293.0,199.089,1450,False
2022-05-02 00:00:00+00:00,195.35,196.41,190.59,194.4,134319.0,194.301,1107,False
2022-05-03 00:00:00+00:00,193.83,196.92,192.72,195.08,139526.0,195.012,1139,False
2022-05-04 00:00:00+00:00,194.42,200.62,194.1,200.2,114354.0,197.259,991,False
2022-05-05 00:00:00+00:00,198.45,200.02,195.03,196.88,132845.0,197.08,1023,False
2022-05-06 00:00:00+00:00,195.79,196.68,192.42,196.51,130879.0,195.094,1000,False
2022-05-09 00:00:00+00:00,194.31,197.62,194.31,196.93,228006.0,196.371,1514,False
2022-05-10 00:00:00+00:00,198.0,199.24,188.86,191.88,336462.0,193.683,2286,False
2022-05-11 00:00:00+00:00,191.62,194.89,188.59,189.24,167135.0,191.308,1280,False
2022-05-12 00:00:00+00:00,188.47,194.48,187.13,194.45,233231.0,190.81,1466,False
2022-05-13 00:00:00+00:00,195.0,197.99,192.72,194.18,161098.0,194.337,1225,False
2022-05-16 00:00:00+00:00,193.09,194.4,190.98,192.77,103260.0,192.701,866,False
2022-05-17 00:00:00+00:00,195.05,196.08,192.7,195.21,130439.0,194.778,866,False
2022-05-18 00:00:00+00:00,192.45,194.98,187.69,189.0,101624.0,189.623,859,False
2022-05-19 00:00:00+00:00,188.03,191.14,185.54,188.83,77115.0,188.366,645,False
2022-05-20 00:00:00+00:00,189.5,189.5,182.3,186.0,132536.0,184.606,1197,False
2022-05-23 00:00:00+00:00,188.16,188.44,186.14,187.44,75735.0,187.238,685,False
2022-05-24 00:00:00+00:00,186.46,188.81,180.18,184.29,148884.0,182.873,1286,False
2022-05-25 00:00:00+00:00,183.5,184.3,181.38,182.96,139537.0,183.268,1103,False
2022-05-26 00:00:00+00:00,184.51,187.74,184.24,186.71,75205.0,186.471,650,False
2022-05-27 00:00:00+00:00,188.23,192.45,187.65,192.45,242803.0,189.545,1055,False
2022-05-31 00:00:00+00:00,189.94,191.95,186.14,189.86,101495.0,189.341,888,False
2022-06-01 00:00:00+00:00,191.27,191.27,187.5,188.79,104170.0,189.019,936,False
2022-06-02 00:00:00+00:00,190.1,192.01,187.97,191.78,65221.0,190.401,572,False
2022-06-03 00:00:00+00:00,190.08,194.07,190.08,193.42,96207.0,192.999,794,False
2022-06-06 00:00:00+00:00,194.99,198.15,193.72,197.96,197979.0,196.963,1389,False
2022-06-07 00:00:00+00:00,196.32,204.19,195.73,203.63,182834.0,200.34,1379,False
2022-06-08 00:00:00+00:00,203.31,203.31,199.08,199.43,224592.0,200.014,1693,False
2022-06-09 00:00:00+00:00,198.23,199.75,197.76,198.82,262843.0,198.798,2266,False
2022-06-10 00:00:00+00:00,196.59,197.25,194.58,195.48,283157.0,196.064,2410,False
2022-06-13 00:00:00+00:00,189.92,191.13,182.57,183.87,206849.0,185.331,1739,False
2022-06-14 00:00:00+00:00,183.65,184.87,180.11,181.31,173731.0,181.736,1399,False
2022-06-15 00:00:00+00:00,182.32,183.81,178.95,181.67,145006.0,181.428,1254,False
2022-06-16 00:00:00+00:00,178.25,178.25,171.32,173.0,131469.0,173.089,1112,False
2022-06-17 00:00:00+00:00,173.85,173.9,170.21,171.33,187838.0,172.531,1181,False
2022-06-21 00:00:00+00:00,172.69,174.71,171.23,174.12,122216.0,173.769,1054,False
2022-06-22 00:00:00+00:00,170.65,174.31,170.65,173.29,93711.0,173.01,809,False
2022-06-23 00:00:00+00:00,173.13,174.4,171.54,174.0,86116.0,173.168,710,False
2022-06-24 00:00:00+00:00,175.0,183.75,174.93,183.32,177989.0,181.839,1495,False
2022-06-27 00:00:00+00:00,184.02,187.89,182.5,186.13,189419.0,186.566,1621,False
2022-06-28 00:00:00+00:00,186.27,188.27,180.89,180.9,87565.0,183.55,756,False
2022-06-29 00:00:00+00:00,180.12,181.03,176.81,179.52,109695.0,178.806,924,False
2022-06-30 00:00:00+00:00,177.43,180.15,176.42,178.58,100457.0,178.396,853,False
2022-07-01 00:00:00+00:00,177.98,181.82,177.22,181.55,102220.0,180.231,840,False
2022-07-05 00:00:00+00:00,179.04,182.45,177.85,182.33,156506.0,179.682,1395,False
2022-07-06 00:00:00+00:00,182.23,184.15,179.83,183.03,90612.0,182.365,795,False
2022-07-07 00:00:00+00:00,183.69,186.83,183.69,186.4,130523.0,186.182,1089,False
2022-07-08 00:00:00+00:00,186.25,186.77,185.14,185.65,113292.0,185.719,912,False
2022-07-11 00:00:00+00:00,184.31,186.74,182.92,185.0,77525.0,185.392,665,False
2022-07-12 00:00:00+00:00,184.94,187.81,184.77,185.02,130580.0,186.429,945,False
2022-07-13 00:00:00+00:00,182.5,187.3,181.3,185.57,126488.0,185.351,992,False
2022-07-14 00:00:00+00:00,181.62,187.78,181.62,187.16,142582.0,185.749,1241,False
2022-07-15 00:00:00+00:00,189.4,190.91,186.62,189.79,117938.0,189.656,933,False
2022-07-18 00:00:00+00:00,190.73,190.97,182.35,183.0,130277.0,185.031,1179,False
2022-07-19 00:00:00+00:00,184.23,192.23,184.23,191.73,125828.0,190.018,1042,False
2022-07-20 00:00:00+00:00,192.33,192.75,188.71,192.38,64296.0,191.254,529,False
2022-07-21 00:00:00+00:00,192.72,195.12,191.12,195.11,60616.0,193.869,518,False
2022-07-22 00:00:00+00:00,195.79,196.31,192.45,193.69,105496.0,193.823,820,False
2022-07-25 00:00:00+00:00,194.41,196.0,192.64,195.53,112776.0,194.94,916,False
2022-07-26 00:00:00+00:00,199.35,208.13,198.6,204.08,272541.0,203.747,2372,False
2022-07-27 00:00:00+00:00,204.83,211.66,203.93,209.71,179087.0,208.083,1248,False
2022-07-28 00:00:00+00:00,213.2,217.65,211.99,217.16,263499.0,215.725,1714,False
2022-07-29 00:00:00+00:00,216.27,220.47,216.27,219.02,105690.0,219.088,888,False
2022-08-01 00:00:00+00:00,217.54,218.6,214.53,214.77,258924.0,215.687,2162,False
2022-08-02 00:00:00+00:00,214.45,216.01,211.65,212.43,240663.0,213.236,1768,False
2022-08-03 00:00:00+00:00,212.98,214.96,210.81,214.18,122267.0,213.263,794,False
2022-08-04 00:00:00+00:00,214.99,215.88,212.84,214.17,98190.0,214.431,827,False
2022-08-05 00:00:00+00:00,212.48,214.63,211.94,213.52,139738.0,213.191,1110,False
2022-08-08 00:00:00+00:00,215.09,216.7,211.72,214.14,116602.0,213.896,961,False
2022-08-09 00:00:00+00:00,214.26,215.14,212.64,213.45,135026.0,213.909,658,False
2022-08-10 00:00:00+00:00,216.97,219.1,215.83,218.11,144497.0,217.813,948,False
2022-08-11 00:00:00+00:00,219.58,222.43,217.29,219.3,85925.0,220.112,629,False
2022-08-12 00:00:00+00:00,219.89,222.54,219.09,222.47,125971.0,220.916,919,False
2022-08-15 00:00:00+00:00,221.13,222.47,220.03,220.92,83401.0,221.152,684,False
2022-08-16 00:00:00+00:00,219.01,222.0,218.92,220.79,107394.0,220.791,822,False
2022-08-17 00:00:00+00:00,218.92,221.98,217.64,221.19,96489.0,220.484,787,False
2022-08-18 00:00:00+00:00,222.66,224.83,221.54,223.9,143553.0,224.125,683,False
2022-08-19 00:00:00+00:00,222.9,225.6,222.76,224.08,144140.0,224.056,941,False
2022-08-22 00:00:00+00:00,221.22,222.68,219.72,220.48,115472.0,221.0,784,False
2022-08-23 00:00:00+00:00,220.64,222.0,218.09,218.58,364986.0,220.102,1107,False
2022-08-24 00:00:00+00:00,219.04,219.38,214.86,217.4,499680.0,216.738,3015,False
2022-08-25 00:00:00+00:00,219.57,220.67,217.1,220.63,214698.0,218.778,1429,False
2022-08-26 00:00:00+00:00,220.82,220.82,210.19,210.97,120625.0,213.492,1010,False
2022-08-29 00:00:00+00:00,209.59,212.69,208.26,211.35,78230.0,210.893,660,False
2022-08-30 00:00:00+00:00,210.08,210.43,206.08,206.91,61353.0,207.501,475,False
2022-08-31 00:00:00+00:00,207.7,209.06,205.55,206.3,78433.0,206.791,659,False
2022-09-01 00:00:00+00:00,204.97,208.41,204.01,208.22,122804.0,206.077,769,False
2022-09-02 00:00:00+00:00,209.44,211.96,205.43,206.34,76820.0,208.72,650,False
2022-09-06 00:00:00+00:00,206.43,208.57,204.05,208.29,175377.0,206.779,1386,False
2022-09-07 00:00:00+00:00,207.73,216.48,207.73,214.56,116340.0,213.909,971,False
2022-09-08 00:00:00+00:00,212.57,220.12,212.14,219.6,224197.0,217.872,1857,False
2022-09-09 00:00:00+00:00,221.4,224.94,219.75,224.06,228408.0,223.839,1991,False
2022-09-12 00:00:00+00:00,224.43,227.58,224.11,225.04,128291.0,225.593,916,False
2022-09-13 00:00:00+00:00,220.1,223.13,218.99,219.98,137562.0,220.839,1130,False
2022-09-14 00:00:00+00:00,220.33,221.63,217.56,219.04,151792.0,219.55,1337,False
2022-09-15 00:00:00+00:00,218.61,222.5,218.61,220.15,144154.0,220.441,1323,False
2022-09-16 00:00:00+00:00,217.53,220.17,214.26,219.11,406502.0,217.582,2043,False
2022-09-19 00:00:00+00:00,217.38,227.08,217.38,227.01,293494.0,224.38,2215,False
2022-09-20 00:00:00+00:00,225.33,226.84,223.08,223.9,567494.0,224.659,3091,False
2022-09-21 00:00:00+00:00,225.63,232.47,225.63,227.14,606384.0,228.919,4975,False
2022-09-22 00:00:00+00:00,227.59,228.0,220.06,222.09,644637.0,222.583,4164,False
2022-09-23 00:00:00+00:00,219.44,221.68,216.79,220.0,334620.0,218.898,2203,False
2022-09-26 00:00:00+00:00,219.84,222.79,218.73,219.89,238571.0,220.492,1626,False
2022-09-27 00:00:00+00:00,221.64,222.6,214.58,217.12,534182.0,217.9,2580,False
2022-09-28 00:00:00+00:00,218.26,223.53,216.17,222.0,355659.0,220.305,1830,False
2022-09-29 00:00:00+00:00,221.65,222.3,216.65,220.33,377803.0,219.629,1819,False
2022-09-30 00:00:00+00:00,221.15,226.38,219.29,223.0,321009.0,224.499,2402,False
2022-10-03 00:00:00+00:00,223.74,228.51,222.28,227.11,356374.0,225.581,2519,False
2022-10-04 00:00:00+00:00,230.37,236.2,230.37,236.09,237080.0,234.332,1683,False
2022-10-05 00:00:00+00:00,234.52,238.94,233.26,237.6,216080.0,237.049,1619,False
2022-10-06 00:00:00+00:00,237.07,237.98,234.71,235.0,239295.0,235.902,1794,False
2022-10-07 00:00:00+00:00,233.63,233.63,227.98,229.1,309807.0,229.14,2281,False
2022-10-10 00:00:00+00:00,230.63,231.11,225.87,230.12,349878.0,229.295,2198,False
2022-10-11 00:00:00+00:00,229.55,232.4,227.38,228.77,378527.0,229.402,2749,False
2022-10-12 00:00:00+00:00,229.15,230.0,225.32,225.42,227258.0,227.107,1719,False
2022-10-13 00:00:00+00:00,221.27,227.49,220.28,226.51,528063.0,224.797,3701,False
2022-10-14 00:00:00+00:00,227.59,229.96,217.03,217.66,251053.0,220.754,1924,False
2022-10-17 00:00:00+00:00,221.0,225.23,221.0,223.73,253098.0,223.325,1915,False
2022-10-18 00:00:00+00:00,227.72,231.45,226.95,229.79,268973.0,229.333,2139,False
2022-10-19 00:00:00+00:00,223.0,225.72,217.43,217.71,520314.0,219.893,3955,False
2022-10-20 00:00:00+00:00,217.27,218.69,210.45,212.45,575083.0,213.322,4511,False
2022-10-21 00:00:00+00:00,212.91,218.43,209.96,216.84,578927.0,214.879,4367,False
2022-10-24 00:00:00+00:00,219.77,224.78,219.29,223.21,437999.0,223.198,3761,False
2022-10-25 00:00:00+00:00,229.87,237.83,227.78,237.35,691828.0,234.641,4467,False
2022-10-26 00:00:00+00:00,240.47,241.82,235.37,238.06,395090.0,238.72,2629,False
2022-10-27 00:00:00+00:00,239.76,242.74,236.94,239.42,254572.0,240.421,1982,False
2022-10-28 00:00:00+00:00,239.9,242.45,236.33,237.07,297761.0,237.824,2418,False
2022-10-31 00:00:00+00:00,236.23,240.42,236.23,237.48,178968.0,238.075,1466,False
2022-11-01 00:00:00+00:00,238.46,240.01,236.49,239.37,257292.0,238.79,1511,False
2022-11-02 00:00:00+00:00,238.15,241.86,234.56,235.37,431951.0,238.869,2164,False
2022-11-03 00:00:00+00:00,232.64,239.26,231.94,235.58,302136.0,237.015,1992,False
2022-11-04 00:00:00+00:00,239.36,239.69,234.31,237.87,413533.0,236.778,2511,False
2022-11-07 00:00:00+00:00,237.86,239.04,235.15,237.65,159341.0,237.666,1281,False
2022-11-08 00:00:00+00:00,238.86,245.02,237.04,242.41,195760.0,242.589,1725,False
2022-11-09 00:00:00+00:00,240.82,245.26,238.97,239.66,304438.0,240.92,2151,False
2022-11-10 00:00:00+00:00,249.79,254.43,246.91,254.32,432354.0,249.909,3163,False
2022-11-11 00:00:00+00:00,254.81,257.99,247.3,250.61,339206.0,251.326,2468,False
2022-11-14 00:00:00+00:00,250.0,253.67,248.28,249.36,280913.0,251.362,1603,False
2022-11-15 00:00:00+00:00,252.26,255.18,247.54,249.64,232014.0,249.839,1505,False
2022-11-16 00:00:00+00:00,248.32,250.84,247.43,247.89,149825.0,248.943,1156,False
2022-11-17 00:00:00+00:00,242.98,249.93,242.83,249.8,276174.0,246.785,2057,False
2022-11-18 00:00:00+00:00,253.16,253.49,250.06,253.49,229272.0,251.829,1517,False
2022-11-21 00:00:00+00:00,253.46,258.12,252.73,253.79,165588.0,255.247,1469,False
2022-11-22 00:00:00+00:00,254.53,259.19,254.1,259.19,157126.0,256.878,1140,False
2022-11-23 00:00:00+00:00,260.09,261.59,255.38,256.08,122934.0,257.495,1001,False
2022-11-25 00:00:00+00:00,256.74,260.24,256.06,258.52,73527.0,259.043,565,False
2022-11-28 00:00:00+00:00,255.47,256.66,247.96,249.51,222422.0,250.857,1889,False
2022-11-29 00:00:00+00:00,248.2,251.13,247.15,249.56,267051.0,249.11,2229,False
2022-11-30 00:00:00+00:00,249.63,255.44,247.37,254.06,599265.0,252.383,4720,False
2022-12-01 00:00:00+00:00,251.36,254.06,247.3,252.33,198375.0,251.142,1579,False
2022-12-02 00:00:00+00:00,249.78,252.18,248.32,249.88,397816.0,250.503,2681,False
2022-12-05 00:00:00+00:00,247.44,248.7,245.2,246.26,140401.0,246.953,1147,False
2022-12-06 00:00:00+00:00,246.61,248.05,242.77,245.42,135619.0,245.355,1076,False
2022-12-07 00:00:00+00:00,246.49,248.51,245.08,246.78,179129.0,246.918,1397,False
2022-12-08 00:00:00+00:00,246.95,251.2,246.95,250.92,154774.0,249.898,1290,False
2022-12-09 00:00:00+00:00,251.49,252.27,249.84,250.1,124716.0,250.705,1041,False
2022-12-12 00:00:00+00:00,249.52,255.34,249.29,255.1,178172.0,253.264,1257,False
2022-12-13 00:00:00+00:00,261.83,263.3,254.69,255.79,233723.0,256.428,1692,False
2022-12-14 00:00:00+00:00,254.66,255.34,248.49,248.86,329404.0,252.726,1553,False
2022-12-15 00:00:00+00:00,245.47,246.01,238.1,241.14,140755.0,240.65,1135,False
2022-12-16 00:00:00+00:00,238.81,239.73,230.24,232.68,631337.0,232.877,4679,False
2022-12-19 00:00:00+00:00,234.26,238.44,233.84,236.78,272607.0,236.293,2046,False
2022-12-20 00:00:00+00:00,235.77,239.02,234.65,235.95,109702.0,236.294,922,False
2022-12-21 00:00:00+00:00,237.79,241.16,236.53,239.54,112672.0,238.97,909,False
2022-12-22 00:00:00+00:00,237.44,239.11,231.5,234.74,172327.0,234.212,1438,False
2022-12-23 00:00:00+00:00,234.7,237.61,232.89,235.72,74683.0,236.027,637,False
2022-12-27 00:00:00+00:00,235.75,239.17,234.91,236.93,45614.0,237.604,383,False
2022-12-28 00:00:00+00:00,237.49,238.87,233.65,234.5,78652.0,235.212,648,False
2022-12-29 00:00:00+00:00,236.79,238.61,234.94,235.34,103227.0,236.622,796,False
2022-12-30 00:00:00+00:00,234.83,235.73,232.63,234.68,107571.0,234.251,870,False
2023-01-03 00:00:00+00:00,237.53,237.53,232.01,234.49,240385.0,234.593,1638,False
2023-01-04 00:00:00+00:00,229.16,230.15,221.41,229.3,362803.0,226.901,2666,False
2023-01-05 00:00:00+00:00,228.66,229.44,221.58,224.43,177539.0,224.842,1354,False
2023-01-06 00:00:00+00:00,227.26,230.96,225.38,228.87,127821.0,228.647,900,False
2023-01-09 00:00:00+00:00,231.02,235.82,228.5,231.38,141065.0,232.924,1150,False
2023-01-10 00:00:00+00:00,231.55,235.98,230.17,234.75,147596.0,234.02,1246,False
2023-01-11 00:00:00+00:00,236.02,239.27,235.25,236.78,155813.0,236.886,1152,False
2023-01-12 00:00:00+00:00,237.9,238.27,234.48,234.61,158024.0,236.312,978,False
2023-01-13 00:00:00+00:00,233.2,236.83,231.67,236.42,125168.0,234.104,1041,False
2023-01-17 00:00:00+00:00,236.1,236.93,229.74,229.98,214748.0,231.568,1853,False
2023-01-18 00:00:00+00:00,230.24,232.19,226.78,227.97,305034.0,229.35,2460,False
2023-01-19 00:00:00+00:00,227.5,228.04,223.47,223.55,177442.0,225.079,1432,False
2023-01-20 00:00:00+00:00,224.68,226.11,221.98,224.73,352293.0,224.066,2705,False
2023-01-23 00:00:00+00:00,225.26,226.84,222.24,224.64,291737.0,224.807,2319,False
2023-01-24 00:00:00+00:00,224.94,231.31,222.73,229.44,263898.0,229.269,1247,False
2023-01-25 00:00:00+00:00,226.88,229.28,225.59,228.0,282910.0,227.941,1823,False
2023-01-26 00:00:00+00:00,229.75,232.17,228.73,230.89,286117.0,230.347,1791,False
2023-01-27 00:00:00+00:00,230.88,232.7,229.28,231.03,290917.0,231.368,2057,False
2023-01-30 00:00:00+00:00,230.16,234.68,229.15,229.89,304001.0,231.609,2365,False
2023-01-31 00:00:00+00:00,226.42,232.15,220.58,228.91,731715.0,225.178,5081,False
2023-02-01 00:00:00+00:00,231.71,240.52,228.53,238.35,822800.0,234.442,5089,False
2023-02-02 00:00:00+00:00,237.85,239.16,229.59,236.9,549793.0,236.164,3577,False
2023-02-03 00:00:00+00:00,236.32,241.86,235.99,241.23,207234.0,240.497,1734,False
2023-02-06 00:00:00+00:00,239.83,242.59,239.75,242.2,208984.0,241.448,1820,False
2023-02-07 00:00:00+00:00,241.89,244.91,238.94,244.65,366421.0,242.789,2536,False
2023-02-08 00:00:00+00:00,242.51,244.92,238.34,239.07,199137.0,240.36,1725,False
2023-02-09 00:00:00+00:00,240.0,243.58,239.3,240.62,232217.0,240.65,1876,False
2023-02-10 00:00:00+00:00,240.78,242.93,239.38,242.82,152330.0,241.635,1251,False
2023-02-13 00:00:00+00:00,242.77,246.7,241.88,245.36,148706.0,245.146,1035,False
2023-02-14 00:00:00+00:00,244.12,245.7,241.98,245.42,94587.0,244.556,593,False
2023-02-15 00:00:00+00:00,244.65,251.13,243.53,251.01,236549.0,248.26,1841,False
2023-02-16 00:00:00+00:00,248.24,251.72,248.0,250.25,125027.0,249.954,1033,False
2023-02-17 00:00:00+00:00,249.52,253.0,248.72,252.06,140783.0,251.513,1082,False
2023-02-21 00:00:00+00:00,250.07,251.27,248.7,248.73,278987.0,249.543,2208,False
2023-02-22 00:00:00+00:00,250.16,252.51,246.9,247.39,237187.0,249.933,1604,False
2023-02-23 00:00:00+00:00,248.01,251.02,244.95,250.2,161970.0,248.791,1087,False
2023-02-24 00:00:00+00:00,248.38,253.46,247.53,253.46,196458.0,250.937,1422,False
2023-02-27 00:00:00+00:00,253.98,256.43,249.04,251.83,300928.0,252.031,2219,False
2023-02-28 00:00:00+00:00,250.71,253.0,247.61,251.54,269743.0,251.551,2119,False
2023-03-01 00:00:00+00:00,251.19,252.63,248.83,249.64,175183.0,250.366,1264,False
2023-03-02 00:00:00+00:00,248.92,251.01,246.65,249.54,111149.0,249.408,971,False
2023-03-03 00:00:00+00:00,250.71,254.39,249.24,253.04,155200.0,252.684,1234,False
2023-03-06 00:00:00+00:00,253.05,257.51,252.11,252.74,74775.0,254.363,649,False
2023-03-07 00:00:00+00:00,252.66,253.2,248.6,249.84,86254.0,250.097,676,False
2023-03-08 00:00:00+00:00,249.87,252.26,248.75,251.07,216325.0,250.753,1452,False
2023-03-09 00:00:00+00:00,252.37,254.5,246.64,246.83,77286.0,249.39,669,False
2023-03-10 00:00:00+00:00,247.3,247.3,238.62,239.29,199422.0,241.365,1700,False
2023-03-13 00:00:00+00:00,236.47,239.46,234.53,236.99,156974.0,237.151,1249,False
2023-03-14 00:00:00+00:00,241.78,247.86,241.0,245.96,202967.0,244.695,1495,False
2023-03-15 00:00:00+00:00,240.95,241.41,230.82,234.36,171869.0,234.099,1328,False
2023-03-16 00:00:00+00:00,233.28,242.15,232.42,241.64,150891.0,239.4,1228,False
2023-03-17 00:00:00+00:00,240.12,240.12,233.39,234.97,150896.0,236.492,956,False
2023-03-20 00:00:00+00:00,237.11,242.4,237.02,241.52,210958.0,239.948,1386,False
2023-03-21 00:00:00+00:00,244.77,245.98,240.52,242.02,106569.0,242.882,918,False
2023-03-22 00:00:00+00:00,241.94,242.88,235.93,236.26,93565.0,239.191,688,False
2023-03-23 00:00:00+00:00,235.84,238.28,230.11,231.64,155308.0,233.755,1272,False
2023-03-24 00:00:00+00:00,229.02,230.29,225.51,230.28,199689.0,228.595,1719,False
2023-03-27 00:00:00+00:00,232.25,235.07,229.8,233.57,261387.0,233.166,1794,False
2023-03-28 00:00:00+00:00,234.06,238.66,234.06,236.51,124452.0,236.471,1012,False
2023-03-29 00:00:00+00:00,239.22,240.46,237.35,240.01,171418.0,239.31,1332,False
2023-03-30 00:00:00+00:00,241.94,242.14,239.79,240.16,97143.0,240.546,827,False
2023-03-31 00:00:00+00:00,241.88,244.27,240.52,243.31,159591.0,242.788,1246,False
2023-04-03 00:00:00+00:00,243.58,244.55,241.44,244.34,126746.0,242.973,1020,False
2023-04-04 00:00:00+00:00,244.38,244.38,229.15,230.7,335009.0,234.11,2560,False
2023-04-05 00:00:00+00:00,228.97,229.7,220.93,224.01,211773.0,222.98,1534,False
2023-04-06 00:00:00+00:00,224.53,225.56,220.75,221.28,187155.0,222.234,1376,False
2023-04-10 00:00:00+00:00,220.25,224.56,219.77,224.52,191948.0,223.704,1377,False
2023-04-11 00:00:00+00:00,225.48,226.51,224.05,224.53,244367.0,225.208,1824,False
2023-04-12 00:00:00+00:00,226.36,229.78,225.85,226.77,147359.0,227.513,1284,False
2023-04-13 00:00:00+00:00,226.78,227.13,221.03,226.59,132615.0,225.124,1003,False
2023-04-14 00:00:00+00:00,226.52,230.56,226.46,227.73,68153.0,227.65,578,False
2023-04-17 00:00:00+00:00,228.66,231.77,227.39,231.5,117649.0,230.011,946,False
2023-04-18 00:00:00+00:00,232.17,234.36,231.2,233.45,157164.0,232.759,1390,False
2023-04-19 00:00:00+00:00,233.62,236.27,229.09,232.13,169987.0,232.71,1470,False
2023-04-20 00:00:00+00:00,230.93,233.14,229.92,231.11,89155.0,231.339,785,False
2023-04-21 00:00:00+00:00,231.76,232.43,229.83,230.63,108354.0,230.765,910,False
2023-04-24 00:00:00+00:00,230.5,233.92,230.5,232.39,190137.0,232.158,1460,False
2023-04-25 00:00:00+00:00,251.92,265.5,251.65,259.41,998010.0,259.88,6573,False
2023-04-26 00:00:00+00:00,259.8,263.7,256.23,260.02,316401.0,259.796,2355,False
2023-04-27 00:00:00+00:00,262.41,268.31,261.46,266.99,224291.0,265.566,1483,False
2023-04-28 00:00:00+00:00,266.35,269.37,259.61,269.32,295101.0,265.486,2301,False
2023-05-01 00:00:00+00:00,269.98,273.6,267.08,272.86,216789.0,271.926,1609,False
2023-05-02 00:00:00+00:00,272.38,280.22,269.69,279.78,395770.0,276.6,2332,False
2023-05-03 00:00:00+00:00,279.39,282.19,272.59,273.27,245394.0,275.865,1645,False
2023-05-04 00:00:00+00:00,271.77,272.09,264.33,269.51,153222.0,268.66,1213,False
2023-05-05 00:00:00+00:00,272.17,273.91,270.76,272.09,162788.0,272.567,1338,False
2023-05-08 00:00:00+00:00,272.46,273.24,269.75,270.56,212581.0,271.151,1622,False
2023-05-09 00:00:00+00:00,269.88,272.86,268.4,270.92,179551.0,271.186,1402,False
2023-05-10 00:00:00+00:00,272.78,273.26,267.34,272.19,133987.0,270.293,1090,False
2023-05-11 00:00:00+00:00,270.5,273.63,270.02,272.75,101307.0,272.367,850,False
2023-05-12 00:00:00+00:00,274.95,277.59,272.2,273.52,234232.0,273.894,1567,False
2023-05-15 00:00:00+00:00,273.67,274.82,271.69,273.58,279793.0,273.585,2278,False
2023-05-16 00:00:00+00:00,271.63,272.77,268.72,270.07,147872.0,270.764,1204,False
2023-05-17 00:00:00+00:00,271.21,275.4,270.08,275.01,202480.0,273.156,1442,False
2023-05-18 00:00:00+00:00,275.18,281.0,273.25,280.57,166639.0,278.075,1199,False
2023-05-19 00:00:00+00:00,283.14,284.27,278.64,280.01,175751.0,280.469,1234,False
2023-05-22 00:00:00+00:00,281.63,286.17,280.82,282.49,146948.0,282.811,1140,False
2023-05-23 00:00:00+00:00,280.28,281.65,275.29,275.79,108459.0,277.329,883,False
2023-05-24 00:00:00+00:00,274.98,277.56,273.17,275.03,128904.0,275.303,1135,False
2023-05-25 00:00:00+00:00,277.02,286.69,277.02,286.6,263030.0,283.455,1705,False
2023-05-26 00:00:00+00:00,287.54,291.91,286.74,290.91,231975.0,290.108,1492,False
2023-05-30 00:00:00+00:00,290.13,290.8,286.6,288.88,221493.0,288.262,1605,False
2023-05-31 00:00:00+00:00,287.25,289.49,281.01,282.46,158539.0,283.815,1030,False
2023-06-01 00:00:00+00:00,282.92,287.28,281.51,287.25,180692.0,285.702,1294,False
2023-06-02 00:00:00+00:00,289.57,296.28,289.57,294.49,170577.0,294.27,877,False
2023-06-05 00:00:00+00:00,293.54,294.87,291.06,294.24,208202.0,293.566,1291,False
2023-06-06 00:00:00+00:00,293.32,297.46,292.13,296.17,91649.0,296.001,671,False
2023-06-07 00:00:00+00:00,296.43,305.48,296.43,304.5,210531.0,302.602,1647,False
2023-06-08 00:00:00+00:00,303.23,306.63,302.39,305.66,153113.0,305.274,1256,False
2023-06-09 00:00:00+00:00,306.12,307.04,302.37,306.86,140386.0,305.573,1069,False
2023-06-12 00:00:00+00:00,306.87,311.69,305.87,310.7,217510.0,310.013,931,False
2023-06-13 00:00:00+00:00,309.59,316.36,309.59,315.54,125370.0,314.321,774,False
2023-06-14 00:00:00+00:00,316.0,316.57,312.49,315.45,126514.0,314.659,899,False
2023-06-15 00:00:00+00:00,314.46,321.82,313.35,321.02,267916.0,319.456,1355,False
2023-06-16 00:00:00+00:00,322.07,322.89,316.95,320.38,266155.0,320.468,1803,False
2023-06-20 00:00:00+00:00,319.33,322.14,315.72,321.06,148642.0,319.658,1011,False
2023-06-21 00:00:00+00:00,321.15,326.62,320.11,322.77,131589.0,323.912,941,False
2023-06-22 00:00:00+00:00,322.02,323.89,319.76,321.43,111069.0,321.925,849,False
2023-06-23 00:00:00+00:00,318.76,321.57,315.8,317.07,278517.0,318.56,2046,False
2023-06-26 00:00:00+00:00,320.03,324.42,318.97,319.45,110472.0,320.668,944,False
2023-06-27 00:00:00+00:00,317.22,325.32,317.22,323.32,156306.0,322.656,1211,False
2023-06-28 00:00:00+00:00,323.7,325.76,319.83,321.82,210744.0,322.224,1638,False
2023-06-29 00:00:00+00:00,322.35,327.59,320.64,327.21,158656.0,325.062,1153,False
2023-06-30 00:00:00+00:00,329.26,332.76,326.96,331.56,98017.0,330.049,832,False
2023-07-03 00:00:00+00:00,329.97,331.49,327.7,328.99,41196.0,329.599,271,False
2023-07-05 00:00:00+00:00,327.07,330.97,326.48,327.65,181281.0,328.582,1344,False
2023-07-06 00:00:00+00:00,325.83,330.16,325.48,326.37,134526.0,327.272,1121,False
2023-07-07 00:00:00+00:00,324.83,331.41,323.84,327.8,173960.0,328.972,1358,False
2023-07-10 00:00:00+00:00,328.34,335.55,327.11,335.43,92035.0,332.986,719,False
2023-07-11 00:00:00+00:00,335.0,337.23,332.8,332.87,206896.0,334.89,1505,False
2023-07-12 00:00:00+00:00,335.17,335.92,330.41,331.59,143514.0,332.956,1071,False
2023-07-13 00:00:00+00:00,332.28,333.61,328.48,333.07,112889.0,332.082,962,False
2023-07-14 00:00:00+00:00,333.59,335.52,327.24,330.0,357022.0,329.484,2368,False
2023-07-17 00:00:00+00:00,329.56,333.74,327.68,331.96,123978.0,331.442,1030,False
2023-07-18 00:00:00+00:00,331.61,337.59,331.61,337.31,156629.0,334.709,1225,False
2023-07-19 00:00:00+00:00,335.0,337.95,332.2,337.32,123503.0,336.385,1010,False
2023-07-20 00:00:00+00:00,338.7,339.56,334.97,337.81,168810.0,337.281,1447,False
2023-07-21 00:00:00+00:00,337.28,340.06,333.72,333.74,189131.0,336.158,1369,False
2023-07-24 00:00:00+00:00,333.71,336.62,332.02,333.78,293157.0,334.403,2384,False
2023-07-25 00:00:00+00:00,330.0,337.96,313.06,318.52,756097.0,321.668,5405,False
2023-07-26 00:00:00+00:00,321.36,321.85,305.32,310.0,628192.0,310.717,4644,False
2023-07-27 00:00:00+00:00,311.41,311.41,307.51,308.47,267352.0,308.97,2183,False
2023-07-28 00:00:00+00:00,309.72,311.74,306.98,309.98,212824.0,309.542,1744,False
2023-07-31 00:00:00+00:00,311.96,312.22,308.16,312.0,167605.0,310.063,1354,False
2023-08-01 00:00:00+00:00,311.2,320.39,310.5,315.7,378444.0,315.965,2566,False
2023-08-02 00:00:00+00:00,314.44,315.28,311.89,313.19,248613.0,313.568,1704,False
2023-08-03 00:00:00+00:00,311.35,311.35,303.67,306.58,300789.0,306.301,2230,False
2023-08-04 00:00:00+00:00,308.67,309.33,303.25,304.23,172341.0,305.366,1326,False
2023-08-07 00:00:00+00:00,304.29,309.8,303.14,309.73,180458.0,307.131,1442,False
2023-08-08 00:00:00+00:00,308.65,314.44,305.59,314.15,349854.0,310.066,1014,False
2023-08-09 00:00:00+00:00,314.46,314.46,305.43,305.8,128788.0,308.095,1076,False
2023-08-10 00:00:00+00:00,305.53,307.64,299.8,302.37,205168.0,302.322,1400,False
2023-08-11 00:00:00+00:00,306.5,309.79,306.0,306.96,279161.0,307.314,1233,False
2023-08-14 00:00:00+00:00,307.23,311.67,306.63,310.43,259302.0,309.434,1565,False
2023-08-15 00:00:00+00:00,309.33,311.35,306.13,306.7,211275.0,307.099,876,False
2023-08-16 00:00:00+00:00,306.92,310.16,305.89,306.52,95061.0,307.742,712,False
2023-08-17 00:00:00+00:00,306.44,308.63,300.28,300.61,188201.0,304.251,792,False
2023-08-18 00:00:00+00:00,300.61,303.57,300.08,303.53,208898.0,301.982,1169,False
2023-08-21 00:00:00+00:00,305.08,308.07,303.28,307.32,101296.0,305.911,859,False
2023-08-22 00:00:00+00:00,308.01,310.33,305.2,307.18,81897.0,308.298,674,False
2023-08-23 00:00:00+00:00,308.06,319.07,305.8,317.59,134036.0,316.419,1096,False
2023-08-24 00:00:00+00:00,317.09,321.67,315.49,316.44,188789.0,317.954,1446,False
2023-08-25 00:00:00+00:00,317.2,325.29,315.04,323.46,300997.0,321.571,2066,False
2023-08-28 00:00:00+00:00,323.15,330.33,323.15,325.99,201640.0,326.468,1162,False
2023-08-29 00:00:00+00:00,324.13,328.96,323.94,327.37,121105.0,326.93,928,False
2023-08-30 00:00:00+00:00,329.15,331.81,325.75,326.76,148101.0,327.707,1148,False
2023-08-31 00:00:00+00:00,326.73,328.76,325.19,326.05,67866.0,326.831,491,False
2023-09-01 00:00:00+00:00,327.03,329.6,326.78,328.53,123725.0,328.354,953,False
2023-09-05 00:00:00+00:00,327.27,327.68,311.3,313.74,427684.0,315.867,3200,False
2023-09-06 00:00:00+00:00,313.78,318.32,312.64,316.92,263684.0,315.541,1861,False
2023-09-07 00:00:00+00:00,316.21,327.17,311.24,325.02,182746.0,322.505,1484,False
2023-09-08 00:00:00+00:00,324.54,331.53,322.1,327.57,214572.0,328.072,1733,False
2023-09-11 00:00:00+00:00,327.38,328.85,324.68,326.45,175512.0,326.698,1343,False
2023-09-12 00:00:00+00:00,325.13,331.67,317.72,318.93,179116.0,323.261,1370,False
2023-09-13 00:00:00+00:00,317.82,322.21,312.03,315.54,212047.0,316.323,1721,False
2023-09-14 00:00:00+00:00,317.06,320.43,312.36,319.57,198930.0,316.766,1466,False
2023-09-15 00:00:00+00:00,316.98,319.15,314.29,315.85,191375.0,316.944,1414,False
2023-09-18 00:00:00+00:00,316.11,324.53,316.11,320.19,126452.0,321.055,1088,False
2023-09-19 00:00:00+00:00,318.78,319.54,311.05,314.38,138847.0,314.886,1076,False
2023-09-20 00:00:00+00:00,315.82,318.36,309.52,310.49,141938.0,312.834,1166,False
2023-09-21 00:00:00+00:00,308.72,308.72,302.77,304.46,104036.0,305.382,820,False
2023-09-22 00:00:00+00:00,304.01,308.52,303.69,305.84,95754.0,306.839,769,False
2023-09-25 00:00:00+00:00,305.46,314.18,305.27,313.07,132057.0,311.853,1047,False
2023-09-26 00:00:00+00:00,311.01,313.33,308.37,308.9,204307.0,309.887,1595,False
2023-09-27 00:00:00+00:00,311.46,318.7,308.92,316.11,185904.0,315.962,1447,False
2023-09-28 00:00:00+00:00,316.2,322.3,314.85,317.91,129703.0,319.295,1034,False
2023-09-29 00:00:00+00:00,319.5,320.46,313.35,313.41,170552.0,315.663,1474,False
2023-10-02 00:00:00+00:00,313.33,315.57,305.95,309.26,220353.0,309.558,1797,False
2023-10-03 00:00:00+00:00,309.09,310.65,301.66,305.44,235561.0,305.172,1861,False
2023-10-04 00:00:00+00:00,305.35,310.92,304.06,307.07,212750.0,307.926,1293,False
2023-10-05 00:00:00+00:00,307.14,308.0,298.41,299.19,331432.0,301.027,2432,False
2023-10-06 00:00:00+00:00,298.56,309.57,294.39,309.19,481064.0,302.705,3006,False
2023-10-09 00:00:00+00:00,308.9,311.16,304.51,308.44,90326.0,307.281,717,False
2023-10-10 00:00:00+00:00,309.37,310.35,305.2,307.78,177725.0,308.227,1294,False
2023-10-11 00:00:00+00:00,309.61,311.25,305.65,310.63,135026.0,309.313,1071,False
2023-10-12 00:00:00+00:00,310.98,317.75,306.77,309.5,200587.0,311.727,1499,False
2023-10-13 00:00:00+00:00,309.52,311.14,294.04,294.79,343493.0,298.425,2092,False
2023-10-16 00:00:00+00:00,298.75,308.06,298.42,304.03,398115.0,304.053,3216,False
2023-10-17 00:00:00+00:00,301.7,304.73,298.75,299.65,634284.0,301.292,4501,False
2023-10-18 00:00:00+00:00,298.63,298.63,287.56,289.93,322854.0,291.987,2445,False
2023-10-19 00:00:00+00:00,290.68,295.12,283.98,285.0,409307.0,287.667,3552,False
2023-10-20 00:00:00+00:00,284.01,284.19,277.76,279.87,450437.0,280.136,3445,False
2023-10-23 00:00:00+00:00,280.38,283.8,279.66,280.38,262697.0,281.43,2073,False
2023-10-24 00:00:00+00:00,283.52,284.82,280.92,282.26,233517.0,282.416,1602,False
2023-10-25 00:00:00+00:00,284.38,284.47,278.75,279.89,232553.0,281.162,1831,False
2023-10-26 00:00:00+00:00,282.19,286.23,281.58,281.85,249504.0,283.493,2033,False
2023-10-27 00:00:00+00:00,281.47,283.63,278.13,281.02,228933.0,280.834,1925,False
2023-10-30 00:00:00+00:00,283.27,284.75,280.38,283.33,265862.0,283.265,2144,False
2023-10-31 00:00:00+00:00,265.2,271.71,248.37,270.1,1387689.0,262.857,9725,False
2023-11-01 00:00:00+00:00,274.74,282.9,272.36,279.1,735365.0,279.126,5706,False
2023-11-02 00:00:00+00:00,280.29,281.94,274.97,280.71,420539.0,279.333,3454,False
2023-11-03 00:00:00+00:00,283.01,287.46,281.65,281.84,261602.0,284.546,2118,False
2023-11-06 00:00:00+00:00,282.35,283.29,275.39,278.25,259081.0,277.355,2209,False
2023-11-07 00:00:00+00:00,277.68,279.11,274.42,278.63,212712.0,277.17,1692,False
2023-11-08 00:00:00+00:00,280.88,285.85,278.62,281.44,159762.0,282.007,1289,False
2023-11-09 00:00:00+00:00,284.2,290.13,281.45,285.01,289501.0,287.121,2209,False
2023-11-10 00:00:00+00:00,287.11,289.71,283.41,289.52,256938.0,287.444,2025,False
2023-11-13 00:00:00+00:00,289.22,291.14,286.49,290.79,403282.0,289.012,3185,False
2023-11-14 00:00:00+00:00,294.99,300.13,294.13,295.54,258590.0,297.408,1999,False
2023-11-15 00:00:00+00:00,296.56,296.87,288.27,289.41,235902.0,291.616,1787,False
2023-11-16 00:00:00+00:00,290.69,293.83,287.06,289.59,288650.0,290.142,2055,False
2023-11-17 00:00:00+00:00,296.97,301.76,293.15,300.86,361087.0,298.582,2391,False
2023-11-20 00:00:00+00:00,300.86,302.6,297.27,300.75,286796.0,300.384,2369,False
2023-11-21 00:00:00+00:00,298.59,301.0,297.18,297.43,159348.0,298.919,1124,False
2023-11-22 00:00:00+00:00,298.46,300.91,296.96,299.73,114312.0,299.163,911,False
2023-11-24 00:00:00+00:00,300.87,302.74,299.8,300.53,45516.0,301.251,394,False
2023-11-27 00:00:00+00:00,299.75,303.07,298.97,300.6,96731.0,301.63,772,False
2023-11-28 00:00:00+00:00,299.95,300.77,294.38,294.92,88892.0,296.804,706,False
2023-11-29 00:00:00+00:00,296.52,298.18,293.91,294.66,74416.0,295.865,612,False
2023-11-30 00:00:00+00:00,296.06,300.71,295.6,300.0,131956.0,299.139,1079,False
2023-12-01 00:00:00+00:00,299.22,305.0,299.22,303.48,79021.0,303.521,540,False
2023-12-04 00:00:00+00:00,299.77,304.55,299.77,303.34,97440.0,302.806,768,False
2023-12-05 00:00:00+00:00,302.14,303.1,295.9,299.82,99039.0,299.157,740,False
2023-12-06 00:00:00+00:00,302.43,305.0,300.54,303.41,98318.0,303.334,753,False
2023-12-07 00:00:00+00:00,303.73,306.62,303.06,306.25,98631.0,305.383,770,False
2023-12-08 00:00:00+00:00,307.73,310.89,306.89,308.17,116915.0,308.841,890,False
2023-12-11 00:00:00+00:00,309.03,315.31,306.91,314.87,128816.0,313.647,1058,False
2023-12-12 00:00:00+00:00,316.01,321.63,313.88,319.03,166946.0,319.218,1225,False
2023-12-13 00:00:00+00:00,319.07,320.09,311.38,314.92,169297.0,314.981,1257,False
2023-12-14 00:00:00+00:00,320.61,326.88,318.86,326.79,373198.0,321.954,2057,False
2023-12-15 00:00:00+00:00,326.35,328.42,324.02,325.43,162877.0,325.863,673,False
2023-12-18 00:00:00+00:00,325.09,327.12,323.26,325.11,146270.0,325.057,865,False
2023-12-19 00:00:00+00:00,326.13,328.12,321.54,323.69,97221.0,323.487,740,False
2023-12-20 00:00:00+00:00,323.36,325.57,320.52,321.12,272467.0,322.628,1268,False
2023-12-21 00:00:00+00:00,323.32,326.19,322.1,324.55,67244.0,324.051,498,False
2023-12-22 00:00:00+00:00,326.12,329.11,325.53,325.99,49332.0,327.123,404,False
2023-12-26 00:00:00+00:00,326.38,329.63,326.35,328.89,31026.0,328.412,203,False
2023-12-27 00:00:00+00:00,328.89,330.0,327.25,328.02,71343.0,328.424,585,False
2023-12-28 00:00:00+00:00,324.68,329.74,322.63,328.1,81557.0,327.505,559,False
2023-12-29 00:00:00+00:00,327.67,329.33,327.17,328.93,46366.0,328.452,383,False
2024-01-02 00:00:00+00:00,327.18,328.2,324.39,325.92,106887.0,325.632,742,False
2024-01-03 00:00:00+00:00,324.08,324.13,316.76,316.84,92008.0,318.623,682,False
2024-01-04 00:00:00+00:00,317.28,320.49,316.06,319.94,113895.0,318.803,920,False
2024-01-05 00:00:00+00:00,320.09,320.09,315.37,318.16,112651.0,317.811,937,False
2024-01-08 00:00:00+00:00,319.9,323.43,317.32,322.88,102980.0,320.354,869,False
2024-01-09 00:00:00+00:00,320.92,329.3,319.03,327.75,190653.0,326.754,1500,False
2024-01-10 00:00:00+00:00,329.46,329.46,324.94,325.69,183481.0,326.887,1335,False
2024-01-11 00:00:00+00:00,325.25,327.96,319.39,327.69,139429.0,323.024,917,False
2024-01-12 00:00:00+00:00,329.05,329.05,322.21,327.63,72742.0,326.161,638,False
2024-01-16 00:00:00+00:00,326.26,327.83,324.17,326.42,70467.0,326.164,562,False
2024-01-17 00:00:00+00:00,324.24,328.57,319.06,321.62,76395.0,322.66,647,False
2024-01-18 00:00:00+00:00,322.87,326.4,322.27,325.69,41771.0,324.682,337,False
2024-01-19 00:00:00+00:00,326.83,332.0,323.46,329.62,210650.0,328.807,1200,False
2024-01-22 00:00:00+00:00,330.81,336.83,330.81,334.76,149141.0,334.961,996,False
2024-01-23 00:00:00+00:00,334.81,336.54,329.67,330.96,107236.0,331.351,803,False
2024-01-24 00:00:00+00:00,332.82,333.46,327.51,328.16,124638.0,329.534,894,False
2024-01-25 00:00:00+00:00,331.36,336.2,330.63,333.82,212511.0,333.764,1529,False
2024-01-26 00:00:00+00:00,333.85,335.44,328.77,328.98,176808.0,330.6,1374,False
2024-01-29 00:00:00+00:00,327.28,333.02,326.13,332.56,401146.0,329.649,3308,False
2024-01-30 00:00:00+00:00,333.3,347.28,329.24,344.31,450117.0,342.344,3231,False
2024-01-31 00:00:00+00:00,342.41,343.63,334.17,335.57,280141.0,337.629,2196,False
2024-02-01 00:00:00+00:00,336.3,344.4,334.22,343.71,270989.0,340.657,2113,False
2024-02-02 00:00:00+00:00,343.58,356.06,343.02,354.03,374973.0,353.123,2903,False
2024-02-05 00:00:00+00:00,352.63,356.38,348.72,350.99,197818.0,351.857,1589,False
2024-02-06 00:00:00+00:00,350.67,355.06,342.85,350.25,252173.0,350.146,1504,False
2024-02-07 00:00:00+00:00,352.01,358.12,349.68,355.13,158552.0,355.108,1247,False
2024-02-08 00:00:00+00:00,356.83,359.04,354.95,358.21,134741.0,357.604,1009,False
2024-02-09 00:00:00+00:00,357.86,363.36,357.5,363.01,126857.0,361.909,982,False
2024-02-12 00:00:00+00:00,361.77,364.76,359.37,359.82,129873.0,361.544,942,False
2024-02-13 00:00:00+00:00,353.25,355.0,347.72,352.62,150034.0,351.988,1260,False
2024-02-14 00:00:00+00:00,354.6,359.98,353.46,359.69,114446.0,357.654,906,False
2024-02-15 00:00:00+00:00,360.04,361.21,355.3,358.69,99876.0,357.584,875,False
2024-02-16 00:00:00+00:00,358.42,363.46,358.3,358.88,78196.0,360.776,582,False
2024-02-20 00:00:00+00:00,358.0,358.43,353.84,355.35,126051.0,355.802,966,False
2024-02-21 00:00:00+00:00,354.36,355.26,351.76,354.15,88472.0,353.986,750,False
2024-02-22 00:00:00+00:00,359.54,365.47,357.81,364.72,118493.0,363.84,980,False
2024-02-23 00:00:00+00:00,366.3,368.51,361.85,365.79,111655.0,365.391,875,False
2024-02-26 00:00:00+00:00,366.43,371.5,366.43,369.58,191801.0,369.424,1539,False
2024-02-27 00:00:00+00:00,369.97,371.06,364.73,367.49,128321.0,367.491,1025,False
2024-02-28 00:00:00+00:00,366.38,372.59,365.26,370.82,158403.0,370.705,1311,False
2024-02-29 00:00:00+00:00,375.36,382.58,374.43,380.67,451441.0,379.948,3490,False
2024-03-01 00:00:00+00:00,380.6,385.35,379.62,384.77,179021.0,383.548,1493,False
2024-03-04 00:00:00+00:00,386.83,392.98,386.83,387.74,194992.0,389.773,1468,False
2024-03-05 00:00:00+00:00,384.25,385.37,377.32,380.65,210522.0,380.71,1480,False
2024-03-06 00:00:00+00:00,386.29,388.86,382.34,387.92,157940.0,386.548,1023,False
2024-03-07 00:00:00+00:00,390.01,393.37,389.42,392.96,131209.0,391.642,961,False
2024-03-08 00:00:00+00:00,392.9,396.92,388.57,393.14,172657.0,393.787,1405,False
2024-03-11 00:00:00+00:00,390.11,390.42,379.23,387.43,193275.0,383.536,1406,False
2024-03-12 00:00:00+00:00,387.85,397.32,387.38,396.93,208331.0,393.973,1535,False
2024-03-13 00:00:00+00:00,397.81,400.0,393.2,399.53,230713.0,397.616,1678,False
2024-03-14 00:00:00+00:00,401.68,404.15,398.34,401.83,193342.0,401.151,1530,False
2024-03-15 00:00:00+00:00,397.32,402.77,394.47,395.15,212917.0,397.502,1421,False
2024-03-18 00:00:00+00:00,397.45,403.94,397.45,399.61,110795.0,401.57,926,False
2024-03-19 00:00:00+00:00,397.0,398.11,390.47,396.71,142098.0,395.544,969,False
2024-03-20 00:00:00+00:00,400.0,408.08,398.35,406.65,187269.0,404.286,1456,False
2024-03-21 00:00:00+00:00,409.4,416.06,407.09,415.0,113751.0,414.019,902,False
2024-03-22 00:00:00+00:00,415.0,418.83,413.6,417.92,202239.0,417.024,1477,False
2024-03-25 00:00:00+00:00,415.62,419.65,412.76,413.12,128846.0,414.922,908,False
2024-03-26 00:00:00+00:00,412.46,416.56,411.06,413.33,167127.0,414.691,1148,False
2024-03-27 00:00:00+00:00,414.75,415.79,409.4,413.86,96927.0,412.664,731,False
2024-03-28 00:00:00+00:00,415.89,417.21,412.56,415.05,102363.0,415.319,807,False
2024-04-01 00:00:00+00:00,415.62,418.4,413.92,416.8,119496.0,416.351,965,False
2024-04-02 00:00:00+00:00,415.09,416.24,409.78,415.54,141328.0,414.242,968,False
2024-04-03 00:00:00+00:00,415.21,426.72,411.33,424.4,181854.0,423.823,1440,False
2024-04-04 00:00:00+00:00,427.41,429.61,411.24,412.56,151379.0,419.244,1255,False
2024-04-05 00:00:00+00:00,416.44,423.57,416.29,417.08,180749.0,418.951,1573,False
2024-04-08 00:00:00+00:00,419.16,420.03,413.88,415.74,122935.0,416.964,1001,False
2024-04-09 00:00:00+00:00,417.14,420.92,402.18,409.17,214364.0,408.327,1422,False
2024-04-10 00:00:00+00:00,401.75,411.51,398.36,406.91,154614.0,407.667,1223,False
2024-04-11 00:00:00+00:00,406.23,409.35,403.46,406.23,75853.0,406.809,620,False
2024-04-12 00:00:00+00:00,401.88,406.09,398.99,401.74,160531.0,401.661,1384,False
2024-04-15 00:00:00+00:00,410.51,413.95,398.42,402.59,174737.0,404.663,1377,False
2024-04-16 00:00:00+00:00,399.45,399.84,391.14,396.28,223143.0,395.176,1724,False
2024-04-17 00:00:00+00:00,397.99,397.99,388.2,390.97,188312.0,391.97,1334,False
2024-04-18 00:00:00+00:00,395.76,397.94,390.91,392.28,112477.0,394.119,877,False
2024-04-19 00:00:00+00:00,393.49,396.45,385.53,388.03,88377.0,389.668,642,False
2024-04-22 00:00:00+00:00,391.18,393.68,387.07,390.56,159872.0,390.387,1218,False
2024-04-23 00:00:00+00:00,393.5,400.48,391.23,398.0,98758.0,397.731,817,False
2024-04-24 00:00:00+00:00,399.94,408.0,395.26,398.55,146890.0,399.459,1158,False
2024-04-25 00:00:00+00:00,394.56,403.58,391.01,402.27,161249.0,399.924,1228,False
2024-04-26 00:00:00+00:00,403.56,410.37,403.56,407.53,135955.0,407.918,983,False
2024-04-29 00:00:00+00:00,408.38,411.86,403.44,407.19,231543.0,407.386,1755,False
2024-04-30 00:00:00+00:00,394.97,400.0,368.55,370.52,876751.0,381.404,5184,False
2024-05-01 00:00:00+00:00,367.72,385.02,365.89,373.3,466609.0,374.83,3364,False
2024-05-02 00:00:00+00:00,374.03,377.04,367.27,372.94,323873.0,371.974,2279,False
2024-05-03 00:00:00+00:00,377.43,381.31,376.29,379.89,187286.0,379.201,1361,False
2024-05-06 00:00:00+00:00,383.48,388.07,382.83,388.0,199896.0,385.749,1611,False
2024-05-07 00:00:00+00:00,389.6,393.47,387.18,393.06,188709.0,390.997,1425,False
2024-05-08 00:00:00+00:00,397.79,399.51,394.85,396.37,124089.0,396.642,961,False
2024-05-09 00:00:00+00:00,396.4,409.24,396.4,409.21,227596.0,405.405,1818,False
2024-05-10 00:00:00+00:00,411.42,412.52,405.14,407.27,113543.0,408.151,847,False
2024-05-13 00:00:00+00:00,407.4,408.07,397.93,402.02,122957.0,401.484,964,False
2024-05-14 00:00:00+00:00,399.82,401.6,395.56,401.04,102151.0,398.939,696,False
2024-05-15 00:00:00+00:00,403.78,407.33,402.96,404.73,137163.0,404.491,1056,False
2024-05-16 00:00:00+00:00,402.82,402.82,389.22,391.33,194881.0,393.683,1541,False
2024-05-17 00:00:00+00:00,393.94,393.94,388.34,392.74,177335.0,391.579,1361,False
2024-05-20 00:00:00+00:00,392.82,401.11,391.8,397.77,126983.0,398.124,918,False
2024-05-21 00:00:00+00:00,395.88,404.55,395.4,404.0,185587.0,401.428,1264,False
2024-05-22 00:00:00+00:00,404.88,407.48,399.31,401.14,166332.0,402.99,1301,False
2024-05-23 00:00:00+00:00,409.75,409.75,398.64,400.61,144622.0,402.353,1032,False
2024-05-24 00:00:00+00:00,402.32,413.63,401.75,413.0,134511.0,410.994,1139,False
2024-05-28 00:00:00+00:00,414.44,415.76,396.61,397.66,231085.0,403.997,1512,False
2024-05-29 00:00:00+00:00,394.24,394.24,386.96,389.28,106653.0,389.004,781,False
2024-05-30 00:00:00+00:00,388.3,394.75,385.14,390.68,128559.0,391.561,966,False
2024-05-31 00:00:00+00:00,388.54,391.93,378.25,388.89,173029.0,385.345,1245,False
2024-06-03 00:00:00+00:00,391.86,392.69,375.65,385.75,231044.0,382.57,1833,False
2024-06-04 00:00:00+00:00,384.9,388.38,365.92,371.77,518700.0,371.827,4001,False
2024-06-05 00:00:00+00:00,377.7,381.82,375.0,381.62,218849.0,379.609,1534,False
2024-06-06 00:00:00+00:00,381.69,382.0,365.0,365.94,303842.0,368.811,2382,False
2024-06-07 00:00:00+00:00,366.23,373.32,363.81,366.68,264399.0,369.388,1927,False
2024-06-10 00:00:00+00:00,365.27,371.43,365.27,369.01,265309.0,369.344,1847,False
2024-06-11 00:00:00+00:00,366.38,369.19,363.81,367.71,253910.0,366.769,1721,False
2024-06-12 00:00:00+00:00,373.53,385.55,372.71,383.49,306643.0,381.462,2107,False
2024-06-13 00:00:00+00:00,381.61,386.09,375.11,385.01,174143.0,382.274,1170,False
2024-06-14 00:00:00+00:00,379.12,381.95,372.62,374.74,203659.0,376.695,1506,False
2024-06-17 00:00:00+00:00,374.11,382.7,369.28,381.63,222531.0,376.828,1370,False
2024-06-18 00:00:00+00:00,378.54,390.27,371.99,387.74,182158.0,384.438,1417,False
2024-06-20 00:00:00+00:00,388.5,390.73,378.46,380.07,204190.0,381.574,1449,False
2024-06-21 00:00:00+00:00,383.31,384.23,375.41,377.39,252666.0,379.49,1573,False
2024-06-24 00:00:00+00:00,377.42,381.71,373.82,379.56,186711.0,379.674,1486,False
2024-06-25 00:00:00+00:00,379.54,380.76,373.35,378.04,123028.0,377.964,992,False
2024-06-26 00:00:00+00:00,374.25,374.38,369.29,371.77,143579.0,371.815,1090,False
2024-06-27 00:00:00+00:00,375.28,377.14,367.14,369.84,244446.0,369.699,1959,False
2024-06-28 00:00:00+00:00,370.88,377.79,363.58,365.48,390081.0,367.706,2593,False
2024-07-01 00:00:00+00:00,371.96,371.96,357.7,359.14,337370.0,360.593,2518,False
2024-07-02 00:00:00+00:00,359.46,367.42,358.15,365.81,146823.0,364.768,1213,False
2024-07-03 00:00:00+00:00,366.91,372.38,365.79,371.29,138737.0,368.845,1152,False
2024-07-05 00:00:00+00:00,370.67,374.42,367.69,372.75,226057.0,371.77,1791,False
2024-07-08 00:00:00+00:00,375.84,381.0,374.39,377.01,230919.0,377.788,1705,False
2024-07-09 00:00:00+00:00,376.23,377.98,369.98,371.15,136702.0,372.155,1066,False
2024-07-10 00:00:00+00:00,372.47,376.3,369.55,375.32,99460.0,373.051,777,False
2024-07-11 00:00:00+00:00,377.4,383.71,375.6,379.02,259887.0,379.867,1838,False
2024-07-12 00:00:00+00:00,381.34,385.93,378.77,380.47,213610.0,382.34,1695,False
2024-07-15 00:00:00+00:00,380.27,383.43,373.83,374.6,215870.0,376.556,1635,False
2024-07-16 00:00:00+00:00,378.32,391.88,376.91,391.41,238894.0,386.34,1662,False
2024-07-17 00:00:00+00:00,386.38,388.2,366.51,366.61,347259.0,372.317,2355,False
2024-07-18 00:00:00+00:00,371.8,380.27,365.36,368.78,464299.0,370.013,3121,False
2024-07-19 00:00:00+00:00,370.91,374.84,369.16,370.23,193024.0,371.868,1353,False
2024-07-22 00:00:00+00:00,375.58,379.95,372.32,379.26,182648.0,376.921,1355,False
2024-07-23 00:00:00+00:00,377.25,384.48,377.03,379.6,182047.0,382.193,1193,False
2024-07-24 00:00:00+00:00,372.77,374.08,355.68,356.98,339490.0,363.856,2106,False
2024-07-25 00:00:00+00:00,357.1,364.51,347.13,355.55,392148.0,357.124,2713,False
2024-07-26 00:00:00+00:00,364.63,369.56,362.31,367.09,141151.0,366.408,938,False
2024-07-29 00:00:00+00:00,368.16,372.57,363.88,366.89,268948.0,367.242,1654,False
2024-07-30 00:00:00+00:00,378.76,389.06,369.0,379.8,414683.0,377.739,2957,False
2024-07-31 00:00:00+00:00,391.76,403.59,391.19,395.65,378932.0,398.15,2858,False
2024-08-01 00:00:00+00:00,395.65,398.8,371.03,379.77,269905.0,381.147,1996,False
2024-08-02 00:00:00+00:00,369.0,369.57,354.62,366.19,283610.0,362.952,1906,False
2024-08-05 00:00:00+00:00,350.03,369.13,346.13,364.42,250216.0,361.709,1911,False
2024-08-06 00:00:00+00:00,364.61,368.82,360.47,361.03,174518.0,364.673,1329,False
2024-08-07 00:00:00+00:00,366.38,370.01,358.98,359.04,157614.0,363.737,1265,False
2024-08-08 00:00:00+00:00,363.57,375.57,359.67,373.78,202435.0,370.067,1476,False
2024-08-09 00:00:00+00:00,371.43,377.11,369.66,377.0,183250.0,373.555,1419,False
2024-08-12 00:00:00+00:00,377.58,379.98,370.5,373.27,116971.0,373.424,895,False
2024-08-13 00:00:00+00:00,377.97,380.06,371.66,375.08,156377.0,374.999,1203,False
2024-08-14 00:00:00+00:00,376.73,380.69,375.67,379.68,175697.0,377.949,1196,False
2024-08-15 00:00:00+00:00,385.73,389.24,379.54,380.97,148214.0,382.298,1106,False
2024-08-16 00:00:00+00:00,379.95,379.95,371.52,373.83,140585.0,374.409,887,False
2024-08-19 00:00:00+00:00,373.89,375.72,370.34,375.72,100718.0,374.05,755,False
2024-08-20 00:00:00+00:00,375.84,376.72,369.63,370.92,75749.0,371.449,535,False
2024-08-21 00:00:00+00:00,370.92,377.48,370.08,375.42,119701.0,374.762,890,False
2024-08-22 00:00:00+00:00,375.36,382.37,375.04,378.14,73870.0,378.57,617,False
2024-08-23 00:00:00+00:00,380.24,386.68,380.24,385.78,143626.0,384.253,1020,False
2024-08-26 00:00:00+00:00,388.01,391.44,383.96,385.11,110822.0,387.097,779,False
2024-08-27 00:00:00+00:00,382.6,389.7,381.48,387.97,233207.0,387.631,1152,False
2024-08-28 00:00:00+00:00,388.62,391.49,384.93,389.07,126309.0,387.857,931,False
2024-08-29 00:00:00+00:00,392.63,402.67,390.41,395.52,159485.0,397.433,1272,False
2024-08-30 00:00:00+00:00,396.38,401.06,391.5,399.92,99429.0,396.834,712,False
2024-09-03 00:00:00+00:00,396.18,396.96,376.36,378.96,212635.0,381.912,1495,False
2024-09-04 00:00:00+00:00,377.52,379.2,369.2,374.77,188347.0,373.001,1252,False
2024-09-05 00:00:00+00:00,373.34,373.5,364.8,370.42,147114.0,369.273,1071,False
2024-09-06 00:00:00+00:00,375.27,380.86,366.91,370.93,150732.0,371.578,999,False
2024-09-09 00:00:00+00:00,374.0,380.37,372.49,378.12,124370.0,377.964,1035,False
2024-09-10 00:00:00+00:00,381.0,381.0,373.39,380.16,74137.0,377.76,582,False
2024-09-11 00:00:00+00:00,381.12,394.23,373.88,392.87,156983.0,386.236,1156,False
2024-09-12 00:00:00+00:00,392.63,400.54,390.95,399.18,133657.0,397.456,938,False
2024-09-13 00:00:00+00:00,402.72,408.82,402.0,404.63,161676.0,405.447,1155,False
2024-09-16 00:00:00+00:00,406.73,409.58,400.97,408.82,135186.0,405.626,992,False
2024-09-17 00:00:00+00:00,409.98,413.89,403.51,411.29,171180.0,409.941,1252,False
2024-09-18 00:00:00+00:00,415.0,418.44,409.4,409.86,164842.0,413.509,1131,False
2024-09-19 00:00:00+00:00,419.0,424.55,411.37,422.54,176818.0,420.11,1264,False
2024-09-20 00:00:00+00:00,418.81,427.53,418.44,426.01,171483.0,424.033,1053,False
2024-09-23 00:00:00+00:00,427.18,433.04,423.1,426.59,90133.0,427.591,677,False
2024-09-24 00:00:00+00:00,426.08,428.8,419.93,424.86,137089.0,424.048,1031,False
2024-09-25 00:00:00+00:00,428.51,428.51,420.7,424.13,108770.0,424.357,782,False
2024-09-26 00:00:00+00:00,430.63,432.66,424.67,427.95,122315.0,428.042,671,False
2024-09-27 00:00:00+00:00,428.8,432.95,427.17,428.48,111977.0,430.021,765,False
2024-09-30 00:00:00+00:00,425.85,431.55,425.36,428.35,101167.0,428.46,760,False
2024-10-01 00:00:00+00:00,429.03,430.49,421.75,427.29,100764.0,425.928,733,False
2024-10-02 00:00:00+00:00,423.29,428.6,422.16,427.7,118328.0,426.266,888,False
2024-10-03 00:00:00+00:00,427.63,428.92,422.23,425.9,94554.0,425.512,456,False
2024-10-04 00:00:00+00:00,432.19,432.19,426.39,429.72,82021.0,429.263,646,False
2024-10-07 00:00:00+00:00,425.85,439.16,424.57,438.43,208287.0,436.618,1452,False
2024-10-08 00:00:00+00:00,440.47,442.36,436.0,441.11,105729.0,440.575,747,False
2024-10-09 00:00:00+00:00,442.84,449.8,441.0,449.41,165961.0,447.053,1155,False
2024-10-10 00:00:00+00:00,436.5,444.69,431.62,443.45,215639.0,441.01,1322,False
2024-10-11 00:00:00+00:00,443.36,457.0,443.36,456.57,146710.0,453.338,801,False
2024-10-14 00:00:00+00:00,457.76,461.75,455.07,460.5,94755.0,459.476,680,False
2024-10-15 00:00:00+00:00,461.77,461.77,449.42,451.39,138236.0,452.834,1046,False
2024-10-16 00:00:00+00:00,454.27,457.38,452.25,454.06,122441.0,454.447,947,False
2024-10-17 00:00:00+00:00,458.2,459.6,452.2,457.51,113089.0,456.246,799,False
2024-10-18 00:00:00+00:00,459.08,460.57,454.63,456.81,130191.0,457.848,848,False
2024-10-21 00:00:00+00:00,459.08,459.08,454.18,456.7,31042.0,456.521,233,False
2024-10-22 00:00:00+00:00,452.55,453.18,447.05,448.37,66603.0,449.572,495,False
2024-10-23 00:00:00+00:00,447.73,449.78,440.52,444.72,98201.0,444.756,775,False
2024-10-24 00:00:00+00:00,444.82,451.77,443.36,450.18,143802.0,448.75,1044,False
2024-10-25 00:00:00+00:00,454.04,454.04,443.29,444.52,151188.0,446.32,1124,False
2024-10-28 00:00:00+00:00,449.92,453.93,448.79,449.67,322544.0,451.565,2210,False
2024-10-29 00:00:00+00:00,424.64,443.67,420.11,440.12,323457.0,437.384,1881,False
2024-10-30 00:00:00+00:00,436.53,442.49,429.73,431.66,196549.0,434.679,1496,False
2024-10-31 00:00:00+00:00,428.03,429.92,423.3,427.03,187464.0,427.116,1304,False
2024-11-01 00:00:00+00:00,424.77,428.0,419.49,425.7,259255.0,425.109,1712,False
2024-11-04 00:00:00+00:00,424.5,430.83,422.33,424.92,136552.0,425.808,1047,False
2024-11-05 00:00:00+00:00,428.91,440.32,428.91,439.64,164150.0,435.96,972,False
2024-11-06 00:00:00+00:00,459.36,481.35,451.13,472.12,380707.0,471.754,2745,False
2024-11-07 00:00:00+00:00,472.02,475.24,465.76,466.98,269299.0,469.852,1416,False
2024-11-08 00:00:00+00:00,468.0,468.47,463.7,467.93,126719.0,466.619,971,False
2024-11-11 00:00:00+00:00,473.88,473.88,462.45,466.01,190333.0,466.091,1368,False
2024-11-12 00:00:00+00:00,465.56,465.82,450.39,452.03,212546.0,454.354,1451,False
2024-11-13 00:00:00+00:00,454.38,458.16,451.4,453.79,236825.0,454.509,1571,False
2024-11-14 00:00:00+00:00,452.82,453.18,439.51,440.09,145370.0,445.064,1067,False
2024-11-15 00:00:00+00:00,439.0,444.95,437.39,437.61,165270.0,441.076,1061,False
2024-11-18 00:00:00+00:00,438.56,448.72,435.19,444.93,203527.0,445.504,1392,False
2024-11-19 00:00:00+00:00,440.57,455.1,440.39,452.37,165443.0,451.575,1151,False
2024-11-20 00:00:00+00:00,452.44,452.9,443.25,445.58,128085.0,446.322,910,False
2024-11-21 00:00:00+00:00,449.74,464.59,446.65,456.48,195663.0,459.558,1554,False
2024-11-22 00:00:00+00:00,456.98,461.69,455.12,460.81,105787.0,459.615,768,False
2024-11-25 00:00:00+00:00,463.68,464.98,456.85,463.86,165217.0,461.155,1268,False
2024-11-26 00:00:00+00:00,457.51,464.96,451.78,460.74,166120.0,459.474,1025,False
2024-11-27 00:00:00+00:00,460.14,465.79,455.62,458.85,76748.0,459.267,596,False
2024-11-29 00:00:00+00:00,463.3,464.92,459.38,460.09,48142.0,461.571,345,False
2024-12-02 00:00:00+00:00,463.65,463.65,454.92,457.23,91594.0,458.713,667,False
2024-12-03 00:00:00+00:00,459.59,459.59,454.49,457.82,66067.0,457.167,526,False
2024-12-04 00:00:00+00:00,457.81,469.96,457.81,469.38,179414.0,466.411,1344,False
2024-12-05 00:00:00+00:00,469.29,471.23,465.23,467.12,118035.0,468.613,926,False
2024-12-06 00:00:00+00:00,470.11,471.53,459.64,461.97,110101.0,464.455,856,False
2024-12-09 00:00:00+00:00,461.12,461.12,446.7,452.22,141919.0,452.187,1003,False
2024-12-10 00:00:00+00:00,450.97,453.88,446.12,448.59,114112.0,449.06,870,False
2024-12-11 00:00:00+00:00,455.95,460.69,449.63,457.0,113758.0,456.715,912,False
2024-12-12 00:00:00+00:00,457.0,457.92,451.76,455.34,96250.0,455.02,706,False
2024-12-13 00:00:00+00:00,457.38,459.94,451.76,453.62,65554.0,454.947,506,False
2024-12-16 00:00:00+00:00,451.95,456.56,449.6,455.82,101209.0,453.573,786,False
2024-12-17 00:00:00+00:00,451.72,451.86,437.42,439.53,208240.0,442.438,1595,False
2024-12-18 00:00:00+00:00,441.85,444.86,425.3,425.42,160885.0,435.328,1304,False
2024-12-19 00:00:00+00:00,432.01,432.01,420.88,424.55,160778.0,425.592,1338,False
2024-12-20 00:00:00+00:00,421.32,431.88,418.81,426.8,175772.0,425.995,917,False
2024-12-23 00:00:00+00:00,426.49,427.81,422.76,425.9,60561.0,425.594,466,False
2024-12-24 00:00:00+00:00,426.3,433.13,426.3,432.04,55631.0,430.43,440,False
2024-12-26 00:00:00+00:00,430.6,433.79,429.23,430.46,66887.0,431.726,529,False
2024-12-27 00:00:00+00:00,426.78,430.09,421.67,423.11,71607.0,423.831,590,False
2024-12-30 00:00:00+00:00,417.79,421.22,412.69,419.19,81848.0,418.144,605,False
2024-12-31 00:00:00+00:00,419.54,422.22,417.6,418.89,64858.0,419.883,534,False
2025-01-02 00:00:00+00:00,424.39,427.55,417.13,419.99,91624.0,421.248,759,False
2025-01-03 00:00:00+00:00,422.78,431.93,421.68,430.96,132429.0,427.417,1136,False
2025-01-06 00:00:00+00:00,436.76,441.63,433.75,440.55,128487.0,439.222,926,False
2025-01-07 00:00:00+00:00,440.55,441.07,428.3,433.96,143572.0,435.555,997,False
2025-01-08 00:00:00+00:00,430.72,435.29,424.07,434.77,104448.0,430.18,851,False
2025-01-10 00:00:00+00:00,429.37,429.37,418.81,420.25,268480.0,422.483,1914,False
2025-01-13 00:00:00+00:00,413.67,420.61,409.1,420.51,359154.0,417.086,2141,False
2025-01-14 00:00:00+00:00,426.52,431.78,423.94,428.21,270635.0,427.463,2051,False
2025-01-15 00:00:00+00:00,440.03,441.21,424.74,428.93,389094.0,429.837,2713,False
2025-01-16 00:00:00+00:00,432.51,435.39,429.07,433.92,229149.0,432.982,1513,False
2025-01-17 00:00:00+00:00,438.75,438.75,432.08,437.38,172374.0,436.194,1058,False
2025-01-21 00:00:00+00:00,441.6,450.75,441.6,450.38,154991.0,447.401,1168,False
2025-01-22 00:00:00+00:00,463.25,477.41,456.41,456.86,386696.0,463.132,2934,False
2025-01-23 00:00:00+00:00,454.43,456.86,451.57,453.79,242077.0,453.834,1805,False
2025-01-24 00:00:00+00:00,455.99,460.97,453.08,455.26,202326.0,455.752,1574,False
2025-01-27 00:00:00+00:00,429.33,430.2,408.2,414.53,687363.0,416.318,4080,False
2025-01-28 00:00:00+00:00,419.52,421.58,405.17,413.36,466619.0,411.612,3348,False
2025-01-29 00:00:00+00:00,414.98,422.43,412.11,417.71,187749.0,418.072,1402,False
2025-01-30 00:00:00+00:00,424.82,429.61,419.34,426.57,195120.0,425.634,1636,False
2025-01-31 00:00:00+00:00,427.71,430.75,420.31,423.01,180719.0,425.404,1588,False
2025-02-03 00:00:00+00:00,407.06,413.65,397.8,408.73,421381.0,408.015,3303,False
2025-02-04 00:00:00+00:00,411.83,415.64,393.59,400.91,809372.0,404.728,6087,False
2025-02-05 00:00:00+00:00,405.73,405.81,398.14,400.07,314574.0,402.298,2022,False
2025-02-06 00:00:00+00:00,402.45,403.0,391.32,394.99,479709.0,394.758,3266,False
2025-02-07 00:00:00+00:00,398.57,403.14,395.97,400.93,275168.0,399.406,2308,False
2025-02-10 00:00:00+00:00,403.48,405.91,398.45,399.8,397219.0,400.486,2770,False
2025-02-11 00:00:00+00:00,396.54,400.67,394.2,397.07,309903.0,396.862,1731,False
2025-02-12 00:00:00+00:00,388.66,394.59,386.47,391.21,326914.0,391.627,2142,False
2025-02-13 00:00:00+00:00,393.07,394.45,387.64,393.23,282539.0,392.148,2014,False
2025-02-14 00:00:00+00:00,395.04,397.03,389.29,390.14,309184.0,391.533,2313,False
2025-02-18 00:00:00+00:00,395.7,398.55,392.38,395.55,262055.0,395.965,1936,False
2025-02-19 00:00:00+00:00,392.92,393.54,388.86,392.38,140978.0,391.372,1098,False
2025-02-20 00:00:00+00:00,392.67,395.47,384.99,389.42,201323.0,387.983,1518,False
2025-02-21 00:00:00+00:00,389.72,391.73,376.13,377.48,284948.0,380.27,1970,False
2025-02-24 00:00:00+00:00,378.5,381.26,366.73,369.25,449079.0,370.571,3347,False
2025-02-25 00:00:00+00:00,365.68,375.66,364.63,372.21,336063.0,370.145,2284,False
2025-02-26 00:00:00+00:00,378.0,383.4,375.28,377.39,269168.0,378.709,2138,False
2025-02-27 00:00:00+00:00,378.05,380.76,368.65,369.27,223120.0,372.374,1900,False
2025-02-28 00:00:00+00:00,367.3,371.7,364.8,371.59,200127.0,368.81,1578,False
2025-03-03 00:00:00+00:00,372.21,374.19,351.91,354.95,327908.0,360.798,2564,False
2025-03-04 00:00:00+00:00,348.23,359.63,340.38,351.79,507674.0,349.303,3661,False
2025-03-05 00:00:00+00:00,353.94,360.02,351.36,353.85,471210.0,354.525,3051,False
2025-03-06 00:00:00+00:00,343.97,349.18,337.97,346.28,361414.0,345.35,2814,False
2025-03-07 00:00:00+00:00,345.39,357.23,343.59,354.47,451681.0,351.24,3149,False
2025-03-10 00:00:00+00:00,343.44,347.45,337.21,337.68,591139.0,341.241,3789,False
2025-03-11 00:00:00+00:00,336.94,344.11,332.97,340.42,575689.0,338.789,3872,False
2025-03-12 00:00:00+00:00,348.14,352.22,333.98,334.69,375159.0,338.7,2536,False
2025-03-13 00:00:00+00:00,333.82,336.22,330.32,331.8,337810.0,333.646,2142,False
2025-03-14 00:00:00+00:00,339.85,343.75,336.08,340.82,238639.0,340.532,1795,False
2025-03-17 00:00:00+00:00,338.97,348.11,338.97,344.06,161667.0,344.521,1245,False
2025-03-18 00:00:00+00:00,341.41,341.49,335.71,336.38,139877.0,337.394,1028,False
2025-03-19 00:00:00+00:00,338.1,346.5,336.24,342.21,166073.0,341.491,1349,False
2025-03-20 00:00:00+00:00,337.31,342.95,333.94,339.18,261661.0,340.447,1603,False
2025-03-21 00:00:00+00:00,335.28,339.41,332.41,338.36,201957.0,336.322,1311,False
2025-03-24 00:00:00+00:00,344.73,349.98,343.84,349.5,289479.0,348.178,1584,False
2025-03-25 00:00:00+00:00,349.41,355.34,346.64,353.62,250503.0,352.859,1869,False
2025-03-26 00:00:00+00:00,351.27,353.49,344.87,346.63,276090.0,347.97,2213,False
2025-03-27 00:00:00+00:00,343.67,348.13,340.0,342.0,143853.0,343.828,1034,False
2025-03-28 00:00:00+00:00,339.43,340.76,330.71,332.01,149863.0,333.706,1107,False
2025-03-31 00:00:00+00:00,325.0,332.84,316.34,330.91,263731.0,325.396,1880,False
2025-04-01 00:00:00+00:00,329.1,334.95,325.91,332.86,172873.0,331.807,1100,False
2025-04-02 00:00:00+00:00,325.89,342.09,325.53,341.62,132992.0,337.199,932,False
2025-04-03 00:00:00+00:00,321.2,326.52,313.13,321.35,501180.0,320.38,3536,False
2025-04-04 00:00:00+00:00,311.21,320.35,299.42,315.94,594059.0,312.841,4147,False
2025-04-07 00:00:00+00:00,307.93,333.39,300.77,316.89,426033.0,315.12,3038,False
2025-04-08 00:00:00+00:00,326.71,331.64,312.91,317.5,572331.0,322.906,3927,False
2025-04-09 00:00:00+00:00,316.37,355.22,314.78,351.95,579328.0,340.956,3482,False
2025-04-10 00:00:00+00:00,341.91,351.36,333.44,341.84,363096.0,342.644,2680,False
2025-04-11 00:00:00+00:00,340.01,355.99,335.55,353.43,427405.0,349.316,3266,False
2025-04-14 00:00:00+00:00,358.04,360.11,349.29,350.51,495999.0,354.261,2823,False
2025-04-15 00:00:00+00:00,350.1,353.48,345.7,346.59,303093.0,348.473,1863,False
2025-04-16 00:00:00+00:00,341.41,345.5,334.2,338.78,202505.0,339.345,1530,False
2025-04-17 00:00:00+00:00,340.74,342.21,337.1,338.97,216625.0,339.437,1688,False
2025-04-21 00:00:00+00:00,334.28,334.9,325.08,329.22,171452.0,327.856,1187,False
2025-04-22 00:00:00+00:00,333.57,341.87,333.57,340.52,124287.0,338.377,855,False
2025-04-23 00:00:00+00:00,357.56,359.06,345.8,345.95,236141.0,351.46,1755,False
2025-04-24 00:00:00+00:00,347.15,361.96,347.15,360.28,174957.0,359.245,1166,False
2025-04-25 00:00:00+00:00,357.67,365.42,356.94,359.84,173445.0,360.6,1232,False
2025-04-28 00:00:00+00:00,359.72,363.4,354.57,357.98,141022.0,359.209,1095,False
2025-04-29 00:00:00+00:00,357.98,361.57,354.75,359.47,124325.0,359.309,865,False
2025-04-30 00:00:00+00:00,353.22,363.48,351.26,363.18,279280.0,356.977,2217,False
2025-05-01 00:00:00+00:00,365.93,367.35,341.03,343.12,786774.0,350.409,4709,False
2025-05-02 00:00:00+00:00,349.63,356.1,347.36,355.91,485832.0,352.319,3239,False
2025-05-05 00:00:00+00:00,354.3,359.47,352.01,353.51,197846.0,356.192,1459,False
2025-05-06 00:00:00+00:00,350.0,353.54,346.07,348.31,234771.0,348.571,1487,False
2025-05-07 00:00:00+00:00,350.07,353.8,349.39,352.39,164578.0,351.807,1312,False
2025-05-08 00:00:00+00:00,357.31,358.3,353.83,354.57,284899.0,355.9,1858,False
2025-05-09 00:00:00+00:00,356.53,358.53,353.52,356.72,147239.0,356.137,1162,False
2025-05-12 00:00:00+00:00,373.18,381.86,373.18,378.41,304085.0,377.235,2141,False
2025-05-13 00:00:00+00:00,378.41,389.05,378.04,386.66,372418.0,385.829,2501,False
2025-05-14 00:00:00+00:00,388.77,390.04,384.0,385.68,240130.0,385.358,1830,False
2025-05-15 00:00:00+00:00,384.27,388.25,382.61,386.64,330076.0,386.496,2346,False
2025-05-16 00:00:00+00:00,387.66,393.01,384.26,392.22,281975.0,389.876,1629,False
2025-05-19 00:00:00+00:00,386.54,392.95,384.88,390.77,157771.0,390.621,1191,False
2025-05-20 00:00:00+00:00,387.1,392.38,386.0,389.08,153415.0,389.927,1083,False
2025-05-21 00:00:00+00:00,384.37,389.83,381.51,381.91,340292.0,385.879,2327,False
2025-05-22 00:00:00+00:00,380.0,393.0,376.76,389.39,305699.0,387.248,2452,False
2025-05-23 00:00:00+00:00,383.06,393.24,383.06,390.59,336674.0,389.973,2459,False
2025-05-27 00:00:00+00:00,394.64,401.27,392.57,398.86,354727.0,397.971,2143,False
2025-05-28 00:00:00+00:00,399.45,400.83,394.15,395.22,185028.0,396.536,1300,False
2025-05-29 00:00:00+00:00,399.85,399.85,395.12,396.94,218366.0,397.089,1627,False
2025-05-30 00:00:00+00:00,394.15,395.85,386.17,389.58,281013.0,391.161,1501,False
2025-06-02 00:00:00+00:00,388.34,389.56,374.68,381.34,234118.0,380.849,1715,False
2025-06-03 00:00:00+00:00,383.37,390.78,382.15,390.07,234529.0,388.601,1911,False
2025-06-04 00:00:00+00:00,390.96,392.86,389.95,390.72,121938.0,391.575,988,False
2025-06-05 00:00:00+00:00,393.51,393.51,386.27,388.61,246344.0,389.307,1746,False
2025-06-06 00:00:00+00:00,394.49,397.46,392.43,395.28,130611.0,394.91,1054,False
2025-06-09 00:00:00+00:00,397.8,398.34,392.27,392.34,112783.0,394.622,892,False
2025-06-10 00:00:00+00:00,393.65,393.78,385.36,388.09,224330.0,387.82,1411,False
2025-06-11 00:00:00+00:00,389.46,394.27,386.28,388.99,213395.0,389.339,1591,False
2025-06-12 00:00:00+00:00,384.64,391.48,383.67,391.04,118918.0,390.287,966,False
2025-06-13 00:00:00+00:00,385.67,388.29,380.86,382.03,200256.0,383.508,1171,False
2025-06-16 00:00:00+00:00,389.81,392.02,386.56,391.89,133557.0,390.65,1031,False
2025-06-17 00:00:00+00:00,390.67,395.74,389.91,391.22,200654.0,392.569,1536,False
2025-06-18 00:00:00+00:00,391.43,402.37,391.43,398.73,210766.0,399.492,1665,False
2025-06-20 00:00:00+00:00,401.26,401.85,394.91,395.79,166242.0,397.554,1115,False
2025-06-23 00:00:00+00:00,394.38,394.89,385.91,394.69,413526.0,391.981,2575,False
2025-06-24 00:00:00+00:00,398.92,404.66,396.34,402.99,214219.0,401.286,1380,False
2025-06-25 00:00:00+00:00,404.41,404.41,398.64,399.06,136107.0,400.358,971,False
2025-06-26 00:00:00+00:00,401.78,406.97,400.99,405.26,161354.0,405.191,1089,False
2025-06-27 00:00:00+00:00,410.92,414.31,403.89,406.62,202921.0,408.792,1540,False
2025-06-30 00:00:00+00:00,407.61,409.15,404.23,408.41,109614.0,407.525,768,False
2025-07-01 00:00:00+00:00,405.46,412.97,402.04,410.51,151636.0,409.569,1172,False
2025-07-02 00:00:00+00:00,412.0,415.82,409.75,415.12,126097.0,413.597,959,False
2025-07-03 00:00:00+00:00,417.72,420.0,414.2,414.84,118447.0,416.706,971,False
2025-07-07 00:00:00+00:00,412.75,415.02,408.53,412.97,146545.0,411.334,1037,False
2025-07-08 00:00:00+00:00,413.88,416.15,409.17,412.5,243776.0,412.503,1758,False
2025-07-09 00:00:00+00:00,415.13,419.63,409.15,417.71,290266.0,414.281,1973,False
2025-07-10 00:00:00+00:00,417.66,425.24,409.95,422.26,405765.0,420.545,2876,False
2025-07-11 00:00:00+00:00,419.67,421.67,417.19,419.24,237006.0,419.595,1746,False
2025-07-14 00:00:00+00:00,415.86,417.25,412.78,415.08,123104.0,415.134,997,False
2025-07-15 00:00:00+00:00,418.77,419.48,412.52,414.86,144532.0,415.491,1020,False
2025-07-16 00:00:00+00:00,415.25,418.73,409.23,418.42,131519.0,414.869,1036,False
2025-07-17 00:00:00+00:00,421.8,437.84,421.8,437.23,198806.0,433.873,1685,False
2025-07-18 00:00:00+00:00,437.51,439.02,429.48,430.28,239472.0,432.143,1775,False
2025-07-21 00:00:00+00:00,431.06,433.47,421.89,422.27,183508.0,425.657,1587,False
2025-07-22 00:00:00+00:00,422.25,429.69,418.68,428.55,170407.0,426.245,1202,False
2025-07-23 00:00:00+00:00,432.24,438.15,430.8,434.95,382942.0,434.694,2725,False
2025-07-24 00:00:00+00:00,435.0,438.95,433.29,437.5,272502.0,436.818,1909,False
2025-07-25 00:00:00+00:00,441.03,443.78,438.51,442.54,239771.0,441.848,1251,False
2025-07-28 00:00:00+00:00,446.26,446.26,435.2,438.31,405406.0,438.174,3064,False
2025-07-29 00:00:00+00:00,425.0,435.56,420.24,427.33,396984.0,426.87,2704,False
2025-07-30 00:00:00+00:00,432.42,442.27,431.77,437.44,455855.0,436.379,3273,False
2025-07-31 00:00:00+00:00,437.12,447.79,436.85,437.48,300714.0,442.534,1960,False
2025-08-01 00:00:00+00:00,428.9,430.12,419.56,426.74,329044.0,424.079,2373,False
2025-08-04 00:00:00+00:00,426.46,431.19,423.53,429.06,220308.0,428.942,1544,False
2025-08-05 00:00:00+00:00,430.0,431.54,421.56,427.67,264075.0,428.331,1668,False
2025-08-06 00:00:00+00:00,424.16,425.7,417.95,423.57,215432.0,422.759,1658,False
2025-08-07 00:00:00+00:00,428.04,428.04,415.57,417.84,182353.0,419.248,1291,False
2025-08-08 00:00:00+00:00,420.04,420.95,416.19,418.65,68537.0,418.929,497,False
2025-08-11 00:00:00+00:00,418.66,420.94,416.79,417.54,116430.0,418.958,933,False
2025-08-12 00:00:00+00:00,421.67,434.36,420.0,432.14,168039.0,430.163,1136,False
2025-08-13 00:00:00+00:00,434.04,445.06,427.32,443.95,397542.0,436.496,2498,False
2025-08-14 00:00:00+00:00,439.47,441.95,434.98,437.67,201501.0,438.235,1342,False
2025-08-15 00:00:00+00:00,438.39,438.56,427.01,427.65,197783.0,430.716,1425,False
2025-08-18 00:00:00+00:00,427.9,433.07,426.0,432.22,131439.0,430.62,917,False
2025-08-19 00:00:00+00:00,432.12,433.41,427.57,432.81,126278.0,431.143,882,False
2025-08-20 00:00:00+00:00,430.23,431.32,424.93,429.96,108688.0,428.307,903,False
2025-08-21 00:00:00+00:00,428.11,430.58,425.4,427.57,152506.0,428.879,1259,False
2025-08-22 00:00:00+00:00,429.98,445.76,429.66,440.85,115072.0,440.491,826,False
2025-08-25 00:00:00+00:00,439.89,442.13,436.84,437.56,97643.0,438.825,703,False
2025-08-26 00:00:00+00:00,436.87,443.11,436.87,442.52,170049.0,440.28,1333,False
2025-08-27 00:00:00+00:00,441.55,447.47,438.26,446.06,105442.0,445.56,794,False
2025-08-28 00:00:00+00:00,447.11,450.39,444.36,445.8,213933.0,446.532,1573,False
2025-08-29 00:00:00+00:00,442.25,443.63,429.69,430.99,232535.0,432.26,1822,False
2025-09-02 00:00:00+00:00,430.61,431.33,422.14,430.15,128832.0,429.073,1035,False
2025-09-03 00:00:00+00:00,432.4,432.4,424.31,428.8,104156.0,427.033,753,False
2025-09-04 00:00:00+00:00,430.0,437.53,426.88,437.16,185717.0,432.058,1440,False
2025-09-05 00:00:00+00:00,439.63,443.0,429.0,436.04,161487.0,433.553,1334,False
2025-09-08 00:00:00+00:00,436.01,437.38,430.05,436.62,202178.0,435.09,1629,False
2025-09-09 00:00:00+00:00,435.06,437.67,427.85,437.24,108615.0,433.79,925,False
2025-09-10 00:00:00+00:00,441.48,453.2,439.67,442.33,241798.0,446.273,1826,False
2025-09-11 00:00:00+00:00,441.57,452.24,439.36,450.93,242154.0,448.243,1764,False
2025-09-12 00:00:00+00:00,449.55,450.91,436.8,437.43,335039.0,443.714,2408,False
2025-09-15 00:00:00+00:00,438.68,442.18,433.93,438.11,332963.0,438.975,2037,False
2025-09-16 00:00:00+00:00,438.36,438.78,431.85,435.44,171820.0,434.896,1367,False
2025-09-17 00:00:00+00:00,435.28,440.66,429.57,433.26,149671.0,434.324,1246,False
2025-09-18 00:00:00+00:00,436.41,443.48,432.19,440.1,109972.0,440.289,897,False
2025-09-19 00:00:00+00:00,442.98,444.25,436.35,441.44,183053.0,441.712,1209,False
2025-09-22 00:00:00+00:00,439.56,440.01,428.33,438.49,263640.0,435.705,1956,False
2025-09-23 00:00:00+00:00,440.43,442.0,431.51,435.23,163925.0,434.979,1293,False
2025-09-24 00:00:00+00:00,436.19,437.24,430.81,431.16,200874.0,432.716,1214,False
2025-09-25 00:00:00+00:00,425.39,427.41,418.19,420.44,223309.0,421.194,1836,False
2025-09-26 00:00:00+00:00,421.3,426.14,416.22,425.22,212862.0,422.457,1531,False
2025-09-29 00:00:00+00:00,428.52,429.37,423.53,426.44,231433.0,427.13,1642,False
2025-09-30 00:00:00+00:00,424.56,431.07,424.56,430.31,106096.0,428.072,834,False
2025-10-01 00:00:00+00:00,426.79,435.5,425.77,430.47,124493.0,431.939,790,False
2025-10-02 00:00:00+00:00,434.61,436.78,419.32,423.42,207595.0,424.34,1610,False
2025-10-03 00:00:00+00:00,423.72,424.07,411.75,413.0,345914.0,415.833,2159,False
2025-10-06 00:00:00+00:00,420.34,420.91,411.09,413.05,274013.0,413.58,1996,False
2025-10-07 00:00:00+00:00,416.45,419.99,410.53,412.93,165612.0,412.993,1259,False
2025-10-08 00:00:00+00:00,413.72,420.24,408.51,419.67,239348.0,415.728,1761,False
2025-10-09 00:00:00+00:00,420.7,421.21,411.57,418.89,207404.0,416.98,1395,False
2025-10-10 00:00:00+00:00,421.23,425.07,408.3,408.46,142818.0,414.423,1085,False
2025-10-13 00:00:00+00:00,412.15,421.07,410.97,418.72,183800.0,417.015,1225,False
2025-10-14 00:00:00+00:00,412.94,433.77,412.51,427.43,233987.0,427.908,1711,False
2025-10-15 00:00:00+00:00,433.48,438.08,428.28,434.05,405660.0,434.206,2333,False
2025-10-16 00:00:00+00:00,436.94,437.39,424.02,428.82,96223.0,429.245,641,False
2025-10-17 00:00:00+00:00,427.53,432.44,423.97,425.71,116285.0,427.215,863,False
2025-10-20 00:00:00+00:00,431.17,434.67,428.13,431.65,60291.0,432.099,407,False
2025-10-21 00:00:00+00:00,429.45,437.69,427.87,435.29,134322.0,434.543,983,False
2025-10-22 00:00:00+00:00,437.78,438.27,420.8,422.63,287282.0,423.965,2017,False
2025-10-23 00:00:00+00:00,425.72,433.71,425.72,433.27,75713.0,431.019,534,False
2025-10-24 00:00:00+00:00,440.08,440.08,434.23,434.39,112202.0,436.569,795,False
2025-10-27 00:00:00+00:00,438.53,440.69,432.39,433.98,235589.0,435.487,1765,False
2025-10-28 00:00:00+00:00,425.5,456.58,415.95,455.34,927223.0,442.416,6154,False
2025-10-29 00:00:00+00:00,463.29,478.55,458.96,472.57,583542.0,472.527,4019,False
2025-10-30 00:00:00+00:00,468.0,484.26,465.87,469.96,370696.0,474.01,2513,False
2025-10-31 00:00:00+00:00,472.7,477.29,467.53,470.0,299874.0,470.792,2087,False
2025-11-03 00:00:00+00:00,471.0,473.41,465.76,467.61,348867.0,469.039,5297,False
2025-11-04 00:00:00+00:00,462.14,465.89,453.54,459.44,457913.0,458.364,6406,False
2025-11-05 00:00:00+00:00,460.38,473.8,456.82,468.06,283478.0,469.079,4190,False
2025-11-06 00:00:00+00:00,469.52,474.25,460.32,461.47,261230.0,463.497,3952,False
2025-11-07 00:00:00+00:00,455.69,463.7,453.08,462.43,300330.0,459.239,4423,False
2025-11-10 00:00:00+00:00,465.23,468.52,456.47,462.28,370564.0,461.98,5100,False
2025-11-11 00:00:00+00:00,460.68,460.83,449.86,450.12,215561.0,453.352,3434,False
2025-11-12 00:00:00+00:00,453.99,456.4,446.01,453.0,213244.0,452.023,3255,False
2025-11-13 00:00:00+00:00,450.86,451.96,435.82,437.65,228541.0,439.893,3609,False
2025-11-14 00:00:00+00:00,430.51,439.44,428.11,432.82,270165.0,434.663,4012,False
2025-11-17 00:00:00+00:00,429.81,434.13,419.5,420.57,309400.0,425.104,4087,False
2025-11-18 00:00:00+00:00,415.9,420.17,412.25,417.28,340088.0,415.89,4740,False
2025-11-19 00:00:00+00:00,420.09,422.89,415.96,419.09,198680.0,419.782,2994,False
2025-11-20 00:00:00+00:00,430.16,432.48,405.15,407.36,462110.0,415.021,6406,False
2025-11-21 00:00:00+00:00,407.59,423.49,403.82,421.84,391083.0,417.831,6027,False
2025-11-24 00:00:00+00:00,421.94,430.8,417.79,424.08,205269.0,425.936,3711,False
2025-11-25 00:00:00+00:00,424.69,431.08,420.28,429.82,120153.0,427.731,1856,False
2025-11-26 00:00:00+00:00,429.91,433.46,428.32,428.47,136304.0,430.443,2346,False
2025-11-28 00:00:00+00:00,428.01,432.44,427.09,431.43,82576.0,430.637,1363,False
2025-12-01 00:00:00+00:00,426.61,432.9,425.81,427.85,191361.0,429.747,2799,False
2025-12-02 00:00:00+00:00,428.4,430.7,422.39,427.48,218663.0,427.654,2999,False
2025-12-03 00:00:00+00:00,426.4,431.26,422.1,429.34,157776.0,428.276,2378,False
2025-12-04 00:00:00+00:00,428.03,439.44,425.83,437.71,152419.0,436.078,2164,False
2025-12-05 00:00:00+00:00,436.61,442.82,435.73,440.53,204873.0,439.804,3270,False
2025-12-08 00:00:00+00:00,439.68,449.36,435.42,441.51,149821.0,442.967,2282,False
2025-12-09 00:00:00+00:00,438.41,443.63,438.07,438.7,167008.0,439.726,2508,False
2025-12-10 00:00:00+00:00,439.37,449.98,437.8,448.18,272313.0,444.227,4165,False
2025-12-11 00:00:00+00:00,448.15,464.37,446.38,462.82,313603.0,457.782,4923,False
2025-12-12 00:00:00+00:00,460.21,466.67,446.34,448.0,755144.0,452.308,9557,False
2025-12-15 00:00:00+00:00,454.78,454.78,444.0,444.84,287727.0,447.568,4332,False
2025-12-16 00:00:00+00:00,445.27,447.63,437.51,438.42,271013.0,441.592,3154,False
2025-12-17 00:00:00+00:00,437.05,440.24,424.69,429.68,292648.0,429.598,4290,False
2025-12-18 00:00:00+00:00,436.98,440.19,430.77,434.85,335662.0,435.011,3969,False
2025-12-19 00:00:00+00:00,436.03,443.64,433.57,442.51,194824.0,439.296,2367,False
2025-12-22 00:00:00+00:00,447.71,452.76,445.01,451.03,149919.0,450.497,2060,False
2025-12-23 00:00:00+00:00,449.39,457.75,449.39,455.92,171180.0,455.537,2806,False
2025-12-24 00:00:00+00:00,457.4,460.4,452.32,456.28,50212.0,456.004,851,False
2025-12-26 00:00:00+00:00,455.14,456.32,451.78,454.94,68741.0,454.519,1145,False
2025-12-29 00:00:00+00:00,452.89,456.46,451.19,451.39,116108.0,452.497,1887,False
2025-12-30 00:00:00+00:00,450.4,454.46,446.1,446.61,85540.0,448.54,1525,False
2025-12-31 00:00:00+00:00,451.18,451.18,443.96,444.11,91612.0,446.835,1558,False
2026-01-02 00:00:00+00:00,447.73,465.64,447.61,463.03,251484.0,460.806,3709,False
2026-01-05 00:00:00+00:00,465.8,471.53,463.3,465.48,273349.0,467.291,3844,False
2026-01-06 00:00:00+00:00,463.34,479.05,457.11,477.46,247213.0,470.612,3459,False
2026-01-07 00:00:00+00:00,476.67,477.02,462.95,468.2,287776.0,467.675,3993,False
2026-01-08 00:00:00+00:00,465.94,467.92,456.21,460.87,302180.0,460.026,4832,False
2026-01-09 00:00:00+00:00,463.48,472.62,462.23,470.53,206476.0,469.623,2995,False
2026-01-12 00:00:00+00:00,467.25,475.81,467.25,472.88,150435.0,473.295,2291,False
2026-01-13 00:00:00+00:00,474.13,483.96,473.43,481.68,254305.0,480.474,3606,False
2026-01-14 00:00:00+00:00,481.55,481.55,467.7,476.06,384086.0,473.371,5937,False
2026-01-15 00:00:00+00:00,482.07,489.38,479.35,484.11,206774.0,485.466,3310,False
2026-01-16 00:00:00+00:00,491.72,497.95,488.08,489.31,423485.0,492.556,4733,False
2026-01-20 00:00:00+00:00,483.46,488.71,472.41,472.54,323595.0,477.168,4708,False
2026-01-21 00:00:00+00:00,476.25,487.3,472.76,482.5,370145.0,479.919,5301,False
2026-01-22 00:00:00+00:00,487.75,488.98,478.64,484.06,166609.0,483.928,2106,False
2026-01-23 00:00:00+00:00,485.92,489.51,481.56,485.53,195162.0,486.065,2869,False
2026-01-26 00:00:00+00:00,486.34,488.25,482.4,486.82,187647.0,485.976,2604,False
2026-01-27 00:00:00+00:00,486.51,487.63,475.78,484.14,278923.0,484.029,3773,False
2026-01-28 00:00:00+00:00,482.5,493.92,478.37,485.73,363272.0,486.476,4879,False
2026-01-29 00:00:00+00:00,489.66,498.89,486.47,497.97,246545.0,494.116,3591,False
2026-01-30 00:00:00+00:00,493.3,501.32,482.87,487.94,230257.0,487.946,3591,False
2026-02-02 00:00:00+00:00,487.94,499.26,486.95,495.59,368585.0,495.497,5154,False
2026-02-03 00:00:00+00:00,500.06,513.59,480.15,503.86,619271.0,501.381,8552,False
2026-02-04 00:00:00+00:00,505.3,511.52,472.14,487.16,814080.0,489.41,9977,False
2026-02-05 00:00:00+00:00,487.16,491.6,476.93,487.4,382007.0,485.309,4458,False
2026-02-06 00:00:00+00:00,495.3,503.87,491.33,503.8,640897.0,498.53,7491,False
2026-02-09 00:00:00+00:00,500.16,508.31,496.69,506.14,366436.0,504.91,5490,False
2026-02-10 00:00:00+00:00,503.8,510.62,500.12,503.1,271312.0,505.101,4616,False
2026-02-11 00:00:00+00:00,510.0,519.14,503.51,516.03,398249.0,512.835,5873,False
2026-02-12 00:00:00+00:00,520.2,533.8,514.75,516.02,660690.0,523.544,9106,False
2026-02-13 00:00:00+00:00,514.06,526.06,509.1,524.12,452548.0,520.573,5682,False
2026-02-17 00:00:00+00:00,521.05,527.96,517.85,524.25,178739.0,524.061,2745,False
2026-02-18 00:00:00+00:00,521.18,528.53,517.57,522.3,293952.0,523.657,3854,False
2026-02-19 00:00:00+00:00,519.2,529.22,517.67,526.56,202097.0,525.685,2949,False
2026-02-20 00:00:00+00:00,525.3,533.2,520.69,526.73,301189.0,526.213,3333,False
2026-02-23 00:00:00+00:00,524.88,528.61,512.72,516.99,260332.0,517.538,3241,False
2026-02-24 00:00:00+00:00,518.16,533.0,518.16,526.75,200387.0,527.426,2585,False
2026-02-25 00:00:00+00:00,529.09,532.16,519.29,527.9,161135.0,526.849,2373,False
2026-02-26 00:00:00+00:00,530.66,531.05,513.18,524.19,277594.0,521.147,3864,False
2026-02-27 00:00:00+00:00,517.04,517.04,504.48,511.63,341711.0,509.61,4880,False
2026-03-02 00:00:00+00:00,507.5,522.21,502.95,516.98,249257.0,516.258,3594,False
2026-03-03 00:00:00+00:00,498.97,502.88,487.09,488.49,318737.0,493.561,4151,False
2026-03-04 00:00:00+00:00,491.89,495.06,484.46,490.78,245411.0,490.181,3410,False
2026-03-05 00:00:00+00:00,484.65,489.61,473.94,476.51,514984.0,478.47,6387,False
2026-03-06 00:00:00+00:00,463.7,480.45,460.04,471.54,392606.0,473.121,4857,False
2026-03-09 00:00:00+00:00,462.84,488.07,457.6,487.76,348305.0,475.228,4991,False
2026-03-10 00:00:00+00:00,485.7,494.07,478.05,478.06,420832.0,485.241,6279,False
2026-03-11 00:00:00+00:00,478.0,481.48,473.02,477.97,245491.0,478.174,3039,False
2026-03-12 00:00:00+00:00,472.9,475.02,462.08,468.41,364071.0,468.133,5411,False
2026-03-13 00:00:00+00:00,472.9,474.99,461.88,467.38,321053.0,465.643,4386,False
2026-03-16 00:00:00+00:00,475.95,479.99,470.51,472.64,259779.0,473.738,3841,False
2026-03-17 00:00:00+00:00,474.54,485.18,462.0,471.22,295917.0,471.341,3646,False
2026-03-18 00:00:00+00:00,472.39,487.47,468.99,477.47,649574.0,479.344,8320,False
2026-03-19 00:00:00+00:00,470.31,496.8,467.82,492.65,436783.0,487.839,6832,False
2026-03-20 00:00:00+00:00,483.11,490.15,473.6,475.74,449522.0,480.252,5108,False
2026-03-23 00:00:00+00:00,490.64,501.32,487.24,489.07,216732.0,493.192,3500,False
2026-03-24 00:00:00+00:00,486.14,507.72,482.93,505.62,262942.0,500.253,3843,False
2026-03-25 00:00:00+00:00,510.91,511.59,502.96,503.2,312508.0,506.467,4943,False
2026-03-26 00:00:00+00:00,496.43,499.61,480.22,481.67,270932.0,487.911,3659,False
2026-03-27 00:00:00+00:00,478.13,488.34,475.05,480.97,241841.0,482.094,3296,False
2026-03-30 00:00:00+00:00,490.73,490.73,468.66,472.07,178637.0,473.643,2668,False
2026-03-31 00:00:00+00:00,478.63,496.47,474.79,490.74,194464.0,486.686,3157,False
2026-04-01 00:00:00+00:00,496.56,504.91,495.78,500.38,252883.0,501.573,3612,False
2026-04-02 00:00:00+00:00,486.62,503.39,484.61,494.25,149937.0,492.984,2628,False
2026-04-06 00:00:00+00:00,492.6,499.85,488.85,499.2,145209.0,496.937,2038,False
2026-04-07 00:00:00+00:00,496.06,501.79,491.66,499.31,367256.0,497.201,4189,False
2026-04-08 00:00:00+00:00,522.93,529.74,516.12,527.21,213969.0,525.033,3393,False
2026-04-09 00:00:00+00:00,525.65,536.97,521.46,534.67,333722.0,533.287,4458,False
2026-04-10 00:00:00+00:00,537.17,543.65,535.0,536.01,230611.0,539.77,3551,False
2026-04-13 00:00:00+00:00,535.24,540.63,531.33,539.79,201011.0,537.24,2541,False
2026-04-14 00:00:00+00:00,543.38,548.97,532.79,545.62,225582.0,545.376,3225,False
2026-04-15 00:00:00+00:00,542.27,544.42,522.51,526.94,293959.0,528.53,4390,False
2026-04-16 00:00:00+00:00,525.99,528.6,517.83,521.71,248084.0,521.976,3503,False
2026-04-17 00:00:00+00:00,527.06,541.72,527.06,535.57,333289.0,536.902,4896,False
2026-04-20 00:00:00+00:00,536.02,548.1,534.0,546.23,198077.0,542.949,3170,False
2026-04-21 00:00:00+00:00,546.86,553.83,545.07,549.11,245178.0,549.976,3307,False
2026-04-22 00:00:00+00:00,555.52,557.11,547.62,549.75,205773.0,551.018,2745,False
2026-04-23 00:00:00+00:00,552.42,565.5,552.42,557.85,236180.0,558.822,3175,False
2026-04-24 00:00:00+00:00,559.51,561.79,547.37,553.07,262272.0,554.285,3765,False
2026-04-27 00:00:00+00:00,555.53,561.9,542.66,555.34,358356.0,552.196,4649,False
2026-04-28 00:00:00+00:00,548.29,550.56,535.2,544.71,238635.0,542.855,3426,False
2026-04-29 00:00:00+00:00,549.46,554.69,539.32,545.93,381635.0,545.824,5706,False
2026-04-30 00:00:00+00:00,514.0,533.74,498.83,508.17,1021919.0,512.906,12958,False
2026-05-01 00:00:00+00:00,515.33,520.23,506.37,508.43,357446.0,510.875,5447,False
2026-05-04 00:00:00+00:00,509.4,519.09,507.87,516.0,292123.0,513.46,4528,False
2026-05-05 00:00:00+00:00,519.55,523.95,502.41,507.81,373984.0,507.796,5442,False
2026-05-06 00:00:00+00:00,518.56,518.7,501.11,502.34,403330.0,504.485,6353,False
2026-05-07 00:00:00+00:00,505.81,505.84,487.98,493.04,375947.0,494.023,5846,False
2026-05-08 00:00:00+00:00,498.32,500.61,490.01,492.58,270936.0,492.842,4095,False
2026-05-11 00:00:00+00:00,489.95,498.32,487.14,490.16,393577.0,492.831,5964,False
2026-05-12 00:00:00+00:00,489.04,489.04,476.21,485.98,331877.0,483.337,4947,False
2026-05-13 00:00:00+00:00,489.82,491.89,480.44,483.79,488299.0,483.764,6023,False
2026-05-14 00:00:00+00:00,486.69,487.79,477.52,482.03,368496.0,480.63,5756,False
2026-05-15 00:00:00+00:00,475.9,484.62,473.8,479.97,330573.0,480.684,4302,False
