date,open,high,low,close,volume,average,barCount,is_rth
2025-11-17 09:00:00+00:00,73.2,73.38,73.11,73.11,1392.0,73.20718,7,False
2025-11-17 10:00:00+00:00,72.91,72.91,72.91,72.91,100.0,72.91,1,False
2025-11-17 11:00:00+00:00,72.61,72.61,72.61,72.61,149.0,72.61,1,False
2025-11-17 12:00:00+00:00,72.46,72.46,72.16,72.2,1595.0,72.38557,9,False
2025-11-17 13:00:00+00:00,72.38,73.27,71.5,71.5,9429.0,72.13281,22,False
2025-11-17 14:00:00+00:00,71.66,72.9525,71.0,71.94,142221.0,72.0375,515,False
2025-11-17 15:00:00+00:00,71.82,72.2699,70.8,71.35,121366.0,71.41759,635,True
2025-11-17 16:00:00+00:00,71.37,71.8,70.92,71.27,117364.0,71.24122,536,True
2025-11-17 17:00:00+00:00,71.302,71.39,70.1089,70.31,105960.0,70.73921,525,True
2025-11-17 18:00:00+00:00,70.2469,70.61,69.66,69.715,138991.0,70.1294,848,True
2025-11-17 19:00:00+00:00,69.715,70.0,68.86,69.08,176176.0,69.34435,1090,True
2025-11-17 20:00:00+00:00,69.01,70.51,68.85,70.19,435376.0,69.81334,2896,True
2025-11-17 21:00:00+00:00,70.24,70.24,68.8,69.0,330089.0,70.23708,28,False
2025-11-17 22:00:00+00:00,70.24,70.24,70.24,70.24,699.0,70.24,1,False
2025-11-17 23:00:00+00:00,68.8488,68.9925,68.8488,68.9925,719.0,68.87258,2,False
2025-11-18 00:00:00+00:00,69.88,69.88,69.25,69.25,1100.0,69.53636,3,False
2025-11-18 09:00:00+00:00,69.25,70.25,69.25,70.25,954.0,69.83071,3,False
2025-11-18 10:00:00+00:00,70.25,70.25,70.25,70.25,0.0,70.25,0,False
2025-11-18 11:00:00+00:00,69.13,69.13,69.13,69.13,144.0,69.13,1,False
2025-11-18 12:00:00+00:00,69.05,69.05,69.05,69.05,555.0,69.05,3,False
2025-11-18 13:00:00+00:00,68.4193,69.0,68.0,68.7,2720.0,68.62875,14,False
2025-11-18 14:00:00+00:00,68.85,71.1625,68.65,69.09,231524.0,69.47237,918,False
2025-11-18 15:00:00+00:00,69.07,69.36,67.78,69.1336,302504.0,68.67431,1750,True
2025-11-18 16:00:00+00:00,69.05,70.07,68.83,69.99,293589.0,69.33072,2301,True
2025-11-18 17:00:00+00:00,69.95,71.25,69.2,70.845,121597.0,69.96822,992,True
2025-11-18 18:00:00+00:00,70.93,71.0191,70.02,70.2,134563.0,70.53853,877,True
2025-11-18 19:00:00+00:00,70.19,70.75,70.046,70.55,108113.0,70.35246,786,True
2025-11-18 20:00:00+00:00,70.55,70.65,69.8,70.29,309118.0,70.34872,2376,True
2025-11-18 21:00:00+00:00,70.3,70.36,69.9,70.3,296791.0,70.35959,24,False
2025-11-18 22:00:00+00:00,70.4685,70.4685,70.2375,70.2375,1349.0,70.32312,2,False
2025-11-18 23:00:00+00:00,69.9,70.2,69.5,70.2,1561.0,70.10666,5,False
2025-11-19 00:00:00+00:00,69.8,69.8,69.3403,69.3403,393.0,69.57775,2,False
2025-11-19 09:00:00+00:00,70.28,70.75,70.28,70.57,1201.0,70.54634,10,False
2025-11-19 10:00:00+00:00,71.01,71.5,70.31,70.31,1820.0,70.91222,8,False
2025-11-19 11:00:00+00:00,70.45,70.69,70.45,70.69,249.0,70.54639,2,False
2025-11-19 12:00:00+00:00,70.75,70.75,70.65,70.75,2749.0,70.72817,6,False
2025-11-19 13:00:00+00:00,70.31,71.4877,70.31,70.7,6656.0,70.96856,10,False
2025-11-19 14:00:00+00:00,70.75,70.9125,69.3,70.17,161609.0,69.79018,681,False
2025-11-19 15:00:00+00:00,70.14,71.2901,70.04,70.7,160922.0,70.74206,987,True
2025-11-19 16:00:00+00:00,70.66,71.05,70.37,70.95,123603.0,70.76871,924,True
2025-11-19 17:00:00+00:00,70.945,71.16,69.9422,70.77,127456.0,70.55395,869,True
2025-11-19 18:00:00+00:00,70.8,72.18,70.7,71.0101,108783.0,71.33539,680,True
2025-11-19 19:00:00+00:00,71.01,71.65,70.79,71.37,90328.0,71.18487,639,True
2025-11-19 20:00:00+00:00,71.42,71.77,70.62,70.67,323354.0,71.01126,2333,True
2025-11-19 21:00:00+00:00,70.68,71.8,70.02,71.8,341243.0,70.68689,39,False
2025-11-19 22:00:00+00:00,70.4838,71.79,70.4838,70.7,2810.0,71.16941,15,False
2025-11-19 23:00:00+00:00,71.6,71.8,71.0,71.35,1631.0,71.61107,13,False
2025-11-20 00:00:00+00:00,71.7775,71.82,71.3995,71.55,2103.0,71.58016,8,False
2025-11-20 09:00:00+00:00,72.17,72.17,72.0,72.17,808.0,72.13785,6,False
2025-11-20 10:00:00+00:00,72.0,72.0,72.0,72.0,100.0,72.0,1,False
2025-11-20 11:00:00+00:00,72.0,72.0,72.0,72.0,0.0,72.0,0,False
2025-11-20 12:00:00+00:00,72.13,72.13,72.13,72.13,100.0,72.13,1,False
2025-11-20 13:00:00+00:00,72.14,73.0,72.0,73.0,3691.0,72.36657,17,False
2025-11-20 14:00:00+00:00,72.24,74.48,72.24,73.3,173823.0,73.49113,842,False
2025-11-20 15:00:00+00:00,73.26,73.62,71.41,71.44,141509.0,72.38358,902,True
2025-11-20 16:00:00+00:00,71.4,71.6505,68.5,68.6656,178586.0,70.14486,1006,True
2025-11-20 17:00:00+00:00,68.72,69.5147,68.41,69.18,165970.0,68.95101,1044,True
2025-11-20 18:00:00+00:00,69.06,69.97,67.87,68.23,144024.0,68.78544,978,True
2025-11-20 19:00:00+00:00,68.15,68.63,67.9,68.515,100683.0,68.19067,606,True
2025-11-20 20:00:00+00:00,68.5,68.5,66.91,67.3,401018.0,67.43539,2732,True
2025-11-20 21:00:00+00:00,67.305,68.075,66.5,66.84,289310.0,67.29955,26,False
2025-11-20 22:00:00+00:00,66.74,66.84,65.49,66.5,3958.0,66.21544,23,False
2025-11-20 23:00:00+00:00,66.5,66.7668,66.0,66.7668,3041.0,66.57543,8,False
2025-11-21 00:00:00+00:00,66.56,66.65,66.56,66.65,309.0,66.59204,2,False
2025-11-21 09:00:00+00:00,66.49,67.04,65.6,65.72,1648.0,66.22192,13,False
2025-11-21 10:00:00+00:00,65.83,65.83,65.35,65.73,1298.0,65.44041,9,False
2025-11-21 11:00:00+00:00,66.0,66.5,65.5,65.5,1300.0,66.19154,8,False
2025-11-21 12:00:00+00:00,65.89,67.45,64.86,67.3,7885.0,66.18403,40,False
2025-11-21 13:00:00+00:00,65.43,67.8,64.87,67.53,15838.0,67.02812,45,False
2025-11-21 14:00:00+00:00,67.87,68.0,66.2,66.287,249639.0,66.79998,940,False
2025-11-21 15:00:00+00:00,66.36,66.95,64.8,65.5754,326495.0,65.84137,1869,True
2025-11-21 16:00:00+00:00,65.55,67.525,64.99,67.51,308666.0,66.46782,1332,True
2025-11-21 17:00:00+00:00,67.36,68.1709,66.9116,68.01,167788.0,67.60767,937,True
2025-11-21 18:00:00+00:00,68.15,68.96,67.77,68.63,248762.0,68.16411,1632,True
2025-11-21 19:00:00+00:00,68.63,69.31,68.305,68.83,167384.0,68.84461,1119,True
2025-11-21 20:00:00+00:00,68.69,69.34,68.67,69.15,431025.0,69.08846,3068,True
2025-11-21 21:00:00+00:00,69.14,69.88,69.14,69.4075,373298.0,69.14317,30,False
2025-11-21 22:00:00+00:00,69.52,69.52,69.52,69.52,149.0,69.52,1,False
2025-11-21 23:00:00+00:00,69.55,69.55,69.55,69.55,4898.0,69.55,1,False
2025-11-22 00:00:00+00:00,69.35,69.35,69.35,69.35,400.0,69.35,1,False
2025-11-24 09:00:00+00:00,70.31,70.75,69.95,70.46,1066.0,70.19917,6,False
2025-11-24 10:00:00+00:00,70.46,70.46,70.46,70.46,0.0,70.46,0,False
2025-11-24 11:00:00+00:00,69.96,69.96,69.28,69.28,339.0,69.621,2,False
2025-11-24 12:00:00+00:00,69.51,69.51,69.3,69.3,292.0,69.37192,2,False
2025-11-24 13:00:00+00:00,70.5,70.5,68.77,69.5399,5264.0,69.60419,21,False
2025-11-24 14:00:00+00:00,69.33,72.66,69.14,72.4215,238839.0,70.73737,1288,False
2025-11-24 15:00:00+00:00,72.66,73.15,72.0,73.13,290945.0,72.6011,2003,True
2025-11-24 16:00:00+00:00,73.02,74.07,73.0,73.91,224751.0,73.63621,1521,True
2025-11-24 17:00:00+00:00,74.0,74.4,73.79,74.09,150477.0,74.10533,1035,True
2025-11-24 18:00:00+00:00,74.09,74.3,73.69,73.705,125388.0,73.94391,920,True
2025-11-24 19:00:00+00:00,73.835,74.26,73.455,73.525,81201.0,73.87938,677,True
2025-11-24 20:00:00+00:00,73.53,74.44,73.53,74.105,283031.0,74.05178,2168,True
2025-11-24 21:00:00+00:00,74.12,75.0,74.11,75.0,391773.0,74.11358,23,False
2025-11-24 22:00:00+00:00,74.89,75.0,74.7,74.7,1509.0,74.90947,10,False
2025-11-24 23:00:00+00:00,74.7,74.7,74.7,74.7,0.0,74.7,0,False
2025-11-25 00:00:00+00:00,74.74,74.99,74.74,74.99,763.0,74.8917,4,False
2025-11-25 09:00:00+00:00,74.09,74.2,74.06,74.2,918.0,74.07911,6,False
2025-11-25 10:00:00+00:00,74.21,74.67,74.21,74.67,230.0,74.42,2,False
2025-11-25 11:00:00+00:00,74.38,74.38,74.15,74.15,284.0,74.25852,2,False
2025-11-25 12:00:00+00:00,74.6,74.6,74.0,74.13,700.0,74.225,5,False
2025-11-25 13:00:00+00:00,74.39,75.04,73.9,74.1,5930.0,74.62108,21,False
2025-11-25 14:00:00+00:00,74.01,75.41,72.65,75.155,222764.0,74.34355,1071,False
2025-11-25 15:00:00+00:00,75.06,75.3,74.01,74.91,161750.0,74.73495,1057,True
2025-11-25 16:00:00+00:00,74.895,75.98,74.595,75.46,186293.0,75.33497,1020,True
2025-11-25 17:00:00+00:00,75.5,76.18,75.29,75.33,106436.0,75.83181,656,True
2025-11-25 18:00:00+00:00,75.39,75.7699,75.25,75.32,53911.0,75.46786,401,True
2025-11-25 19:00:00+00:00,75.39,75.49,74.66,75.467,128050.0,74.98767,653,True
2025-11-25 20:00:00+00:00,75.5,75.63,74.84,75.06,262931.0,75.19251,1773,True
2025-11-25 21:00:00+00:00,75.05,75.4,75.01,75.1375,211375.0,75.05062,23,False
2025-11-25 22:00:00+00:00,75.05,75.3,75.05,75.05,1312.0,75.06905,4,False
2025-11-25 23:00:00+00:00,75.3,75.3,75.3,75.3,100.0,75.3,1,False
2025-11-26 00:00:00+00:00,75.3,75.3,75.3,75.3,0.0,75.3,0,False
2025-11-26 09:00:00+00:00,75.39,75.4,75.39,75.4,200.0,75.395,2,False
2025-11-26 10:00:00+00:00,75.4,75.4,75.4,75.4,0.0,75.4,0,False
2025-11-26 11:00:00+00:00,75.8,75.8,75.8,75.8,224.0,75.8,1,False
2025-11-26 12:00:00+00:00,75.6,75.7,75.6,75.7,534.0,75.62884,2,False
2025-11-26 13:00:00+00:00,76.1,76.1,75.34,76.0726,3450.0,75.96562,15,False
2025-11-26 14:00:00+00:00,75.69,77.11,75.65,76.36,124627.0,76.34877,791,False
2025-11-26 15:00:00+00:00,76.345,77.17,76.08,76.39,223142.0,76.57978,1397,True
2025-11-26 16:00:00+00:00,76.385,76.51,75.7577,76.015,88714.0,76.11996,524,True
2025-11-26 17:00:00+00:00,76.08,76.13,75.31,75.625,78893.0,75.64508,508,True
2025-11-26 18:00:00+00:00,75.69,76.3299,75.58,76.3299,85791.0,75.96405,422,True
2025-11-26 19:00:00+00:00,76.23,76.69,76.18,76.38,71173.0,76.47791,437,True
2025-11-26 20:00:00+00:00,76.385,76.44,75.7,75.8,193924.0,75.93295,1268,True
2025-11-26 21:00:00+00:00,75.77,77.0,75.73,77.0,235072.0,75.7717,20,False
2025-11-26 22:00:00+00:00,76.2,76.2,76.2,76.2,100.0,76.2,1,False
2025-11-26 23:00:00+00:00,76.0,76.0,76.0,76.0,100.0,76.0,1,False
2025-11-27 00:00:00+00:00,76.1,76.5,76.1,76.5,205.0,76.30488,2,False
2025-11-28 09:00:00+00:00,76.5,76.5,76.21,76.21,200.0,76.355,2,False
2025-11-28 10:00:00+00:00,76.21,76.21,76.21,76.21,0.0,76.21,0,False
2025-11-28 11:00:00+00:00,76.39,76.39,76.39,76.39,100.0,76.39,1,False
2025-11-28 12:00:00+00:00,76.39,76.39,76.39,76.39,0.0,76.39,0,False
2025-11-28 13:00:00+00:00,76.01,76.67,76.01,76.67,3980.0,76.42097,19,False
2025-11-28 14:00:00+00:00,76.31,76.94,75.01,75.82,93654.0,75.89338,381,False
2025-11-28 15:00:00+00:00,75.84,76.11,75.16,75.26,87131.0,75.61823,518,True
2025-11-28 16:00:00+00:00,75.26,76.0,75.15,75.74,65887.0,75.6099,438,True
2025-11-28 17:00:00+00:00,75.765,76.4899,75.42,76.11,196619.0,76.00038,1346,True
2025-11-28 18:00:00+00:00,76.1,76.8,75.9652,75.9652,151024.0,76.10236,10,True
2025-11-28 19:00:00+00:00,75.96,76.31,75.96,76.31,413.0,76.04475,3,True
2025-11-28 20:00:00+00:00,75.9,76.1,75.9,76.1,400.0,75.95,2,True
2025-11-28 21:00:00+00:00,76.1,76.1,76.1,76.1,0.0,76.1,0,False
2025-12-01 09:00:00+00:00,76.79,76.82,76.55,76.62,1193.0,76.71452,8,False
2025-12-01 10:00:00+00:00,76.98,77.0,76.98,77.0,585.0,76.99316,5,False
2025-12-01 11:00:00+00:00,76.87,77.2,76.84,77.2,850.0,76.92212,4,False
2025-12-01 12:00:00+00:00,77.15,77.15,76.4,76.67,4749.0,76.67495,23,False
2025-12-01 13:00:00+00:00,76.79,77.0,76.0,76.1,8896.0,76.30053,59,False
2025-12-01 14:00:00+00:00,76.37,76.92,74.01,75.11,208989.0,75.40373,870,False
2025-12-01 15:00:00+00:00,75.28,75.28,73.5,74.23,123495.0,74.24993,892,True
2025-12-01 16:00:00+00:00,74.16,74.8,73.67,74.31,97124.0,74.26737,628,True
2025-12-01 17:00:00+00:00,74.25,74.56,73.88,74.3414,107165.0,74.17667,775,True
2025-12-01 18:00:00+00:00,74.35,74.905,74.25,74.83,94569.0,74.53891,624,True
2025-12-01 19:00:00+00:00,74.7891,74.88,74.07,74.15,112136.0,74.3304,750,True
2025-12-01 20:00:00+00:00,74.15,74.44,72.9301,73.18,323969.0,73.56592,2234,True
2025-12-01 21:00:00+00:00,73.21,73.865,73.0,73.865,391616.0,73.21,23,False
2025-12-01 22:00:00+00:00,73.21,74.0,73.21,74.0,650.0,73.62896,4,False
2025-12-01 23:00:00+00:00,73.823,73.823,73.04,73.8208,693.0,73.4425,6,False
2025-12-02 00:00:00+00:00,73.52,74.5,73.52,74.5,475.0,73.82947,2,False
2025-12-02 12:00:00+00:00,73.75,73.75,73.75,73.75,120.0,73.75,1,False
2025-12-02 13:00:00+00:00,73.75,74.0,73.73,74.0,2376.0,73.83333,6,False
2025-12-02 14:00:00+00:00,73.87,74.25,72.2315,74.16,148313.0,73.39277,723,False
2025-12-02 15:00:00+00:00,74.16,74.6,72.0,72.16,184623.0,73.35974,979,True
2025-12-02 16:00:00+00:00,72.01,72.18,71.37,71.705,168681.0,71.71071,912,True
2025-12-02 17:00:00+00:00,71.78,72.33,71.6901,71.875,85829.0,72.05337,490,True
2025-12-02 18:00:00+00:00,71.84,72.01,70.89,71.08,93774.0,71.51684,592,True
2025-12-02 19:00:00+00:00,71.13,71.94,71.0601,71.8394,111996.0,71.44403,720,True
2025-12-02 20:00:00+00:00,71.82,72.02,70.87,70.96,274271.0,71.31564,2037,True
2025-12-02 21:00:00+00:00,70.96,71.8234,70.45,70.46,266397.0,70.9556,24,False
2025-12-02 22:00:00+00:00,71.0,71.0,70.6841,70.8142,1250.0,70.90189,3,False
2025-12-02 23:00:00+00:00,71.52,71.52,70.96,71.05,3762.0,71.00093,8,False
2025-12-03 00:00:00+00:00,71.19,71.4344,71.0,71.4344,1280.0,71.15759,5,False
2025-12-03 11:00:00+00:00,71.12,71.12,71.12,71.12,100.0,71.12,1,False
2025-12-03 12:00:00+00:00,71.11,71.13,71.1,71.11,955.0,71.10915,5,False
2025-12-03 13:00:00+00:00,71.4572,71.922,71.35,71.55,2559.0,71.57843,9,False
2025-12-03 14:00:00+00:00,71.5,71.5,69.682,70.27,148895.0,70.49268,701,False
2025-12-03 15:00:00+00:00,70.405,71.83,70.3901,71.69,82201.0,71.02708,431,True
2025-12-03 16:00:00+00:00,71.76,72.16,71.42,71.57,56428.0,71.75008,411,True
2025-12-03 17:00:00+00:00,71.55,72.41,71.55,72.38,94463.0,72.11054,566,True
2025-12-03 18:00:00+00:00,72.34,72.735,72.1,72.4246,94592.0,72.37522,620,True
2025-12-03 19:00:00+00:00,72.44,72.77,72.32,72.74,103997.0,72.47076,711,True
2025-12-03 20:00:00+00:00,72.79,73.0,72.3,72.75,354444.0,72.62929,2261,True
2025-12-03 21:00:00+00:00,72.78,72.98,72.1936,72.396,550500.0,72.77922,25,False
2025-12-03 22:00:00+00:00,72.9,72.9,72.9,72.9,200.0,72.9,2,False
2025-12-03 23:00:00+00:00,73.0,73.0,73.0,73.0,100.0,73.0,1,False
2025-12-04 00:00:00+00:00,72.98,72.98,72.5,72.5,3200.0,72.95042,7,False
2025-12-04 09:00:00+00:00,73.08,73.08,72.95,72.95,1039.0,72.99596,4,False
2025-12-04 10:00:00+00:00,72.95,72.95,72.95,72.95,0.0,72.95,0,False
2025-12-04 11:00:00+00:00,72.95,72.95,72.95,72.95,0.0,72.95,0,False
2025-12-04 12:00:00+00:00,73.3,73.57,73.0,73.0,430.0,73.24209,4,False
2025-12-04 13:00:00+00:00,73.59,73.59,72.7,72.7,1939.0,73.04786,8,False
2025-12-04 14:00:00+00:00,72.6,74.48,72.28,73.76,112884.0,73.35476,533,False
2025-12-04 15:00:00+00:00,73.755,75.62,73.61,75.48,149071.0,74.85152,819,True
2025-12-04 16:00:00+00:00,75.55,77.78,75.11,77.015,305667.0,76.64921,1864,True
2025-12-04 17:00:00+00:00,76.935,77.35,76.75,77.315,131347.0,77.06587,769,True
2025-12-04 18:00:00+00:00,77.315,77.9,77.0,77.74,140291.0,77.62031,820,True
2025-12-04 19:00:00+00:00,77.7291,78.32,76.56,77.91,266095.0,77.64393,1579,True
2025-12-04 20:00:00+00:00,77.8911,78.13,77.39,77.711,399841.0,77.77982,2679,True
2025-12-04 21:00:00+00:00,77.68,77.85,77.68,77.76,219283.0,77.68035,20,False
2025-12-04 22:00:00+00:00,77.7,77.7,77.1088,77.1088,308.0,77.41208,2,False
2025-12-04 23:00:00+00:00,78.0,78.0,77.1211,77.7,1110.0,77.66857,8,False
2025-12-05 00:00:00+00:00,77.84,78.0,77.68,77.84,1110.0,77.86962,10,False
2025-12-05 09:00:00+00:00,77.88,78.75,77.88,78.75,684.0,78.31905,3,False
2025-12-05 10:00:00+00:00,78.64,78.64,78.41,78.41,251.0,78.50163,2,False
2025-12-05 11:00:00+00:00,78.39,79.0,78.25,78.35,3964.0,78.62047,22,False
2025-12-05 12:00:00+00:00,78.45,78.45,78.0,78.0,830.0,78.18916,4,False
2025-12-05 13:00:00+00:00,78.28,79.0,77.5,77.6142,6123.0,78.04376,23,False
2025-12-05 14:00:00+00:00,78.1578,78.2,75.645,75.645,159840.0,77.02139,678,False
2025-12-05 15:00:00+00:00,75.79,77.29,75.4,76.095,145286.0,76.47657,874,True
2025-12-05 16:00:00+00:00,76.2,76.4,75.0,75.49,127506.0,75.78266,668,True
2025-12-05 17:00:00+00:00,75.49,75.8,74.7601,75.8,76484.0,75.21167,493,True
2025-12-05 18:00:00+00:00,75.82,76.4,75.755,76.17,60261.0,76.14347,332,True
2025-12-05 19:00:00+00:00,76.275,76.5,75.765,76.495,71113.0,76.14147,472,True
2025-12-05 20:00:00+00:00,76.49,76.83,76.21,76.49,139441.0,76.46986,895,True
2025-12-05 21:00:00+00:00,76.5,76.5,76.4999,76.5,202522.0,76.5,18,False
2025-12-05 22:00:00+00:00,76.5,76.5,76.5,76.5,0.0,76.5,0,False
2025-12-05 23:00:00+00:00,76.0942,76.0942,76.0942,76.0942,129.0,76.0942,1,False
2025-12-06 00:00:00+00:00,76.9,76.9,76.9,76.9,352.0,76.9,1,False
2025-12-08 09:00:00+00:00,76.84,76.98,76.84,76.98,200.0,76.91,2,False
2025-12-08 10:00:00+00:00,76.98,76.98,76.98,76.98,0.0,76.98,0,False
2025-12-08 11:00:00+00:00,76.98,76.98,76.98,76.98,0.0,76.98,0,False
2025-12-08 12:00:00+00:00,76.92,76.92,76.92,76.92,100.0,76.92,1,False
2025-12-08 13:00:00+00:00,76.8,77.7778,76.76,77.5,3644.0,77.39813,17,False
2025-12-08 14:00:00+00:00,77.2,78.07,76.6,77.33,129096.0,77.44009,633,False
2025-12-08 15:00:00+00:00,77.39,77.6899,76.0,76.05,107335.0,76.83522,629,True
2025-12-08 16:00:00+00:00,75.93,76.21,75.39,75.5,121713.0,75.75147,678,True
2025-12-08 17:00:00+00:00,75.5625,76.62,75.15,76.53,77109.0,75.68068,541,True
2025-12-08 18:00:00+00:00,76.555,76.6298,75.8702,76.09,47148.0,76.24887,218,True
2025-12-08 19:00:00+00:00,76.0,76.545,75.9108,76.43,36607.0,76.2865,237,True
2025-12-08 20:00:00+00:00,76.45,77.37,76.3,77.03,199188.0,77.02452,1456,True
2025-12-08 21:00:00+00:00,77.03,77.98,76.75,77.0,164129.0,77.03077,27,False
2025-12-08 22:00:00+00:00,77.11,77.6,77.11,77.6,671.0,77.47513,2,False
2025-12-08 23:00:00+00:00,77.4,77.4,77.4,77.4,125.0,77.4,1,False
2025-12-09 00:00:00+00:00,77.4,77.4,77.4,77.4,0.0,77.4,0,False
2025-12-09 11:00:00+00:00,76.12,76.5,76.12,76.5,347.0,76.25908,2,False
2025-12-09 12:00:00+00:00,76.99,77.34,76.99,77.34,437.0,77.23027,2,False
2025-12-09 13:00:00+00:00,77.3,77.3,76.99,77.1,1739.0,77.12456,4,False
2025-12-09 14:00:00+00:00,76.45,77.9399,76.42,76.63,106254.0,77.14393,456,False
2025-12-09 15:00:00+00:00,76.55,79.25,76.25,78.6363,216230.0,77.99056,1065,True
2025-12-09 16:00:00+00:00,78.6,79.66,78.6,78.705,133497.0,79.25745,701,True
2025-12-09 17:00:00+00:00,78.7,79.06,77.9203,78.2646,78984.0,78.52649,481,True
2025-12-09 18:00:00+00:00,78.19,78.71,78.0,78.13,80319.0,78.39909,367,True
2025-12-09 19:00:00+00:00,78.13,78.13,76.0559,77.7016,152452.0,76.98337,746,True
2025-12-09 20:00:00+00:00,77.695,77.96,76.75,77.06,216019.0,77.15632,1298,True
2025-12-09 21:00:00+00:00,77.03,77.03,76.65,76.903,349189.0,77.02512,24,False
2025-12-09 22:00:00+00:00,77.48,77.48,76.7804,76.99,400.0,77.1826,3,False
2025-12-09 23:00:00+00:00,76.79,77.32,76.79,77.32,250.0,77.002,2,False
2025-12-10 00:00:00+00:00,77.22,77.22,77.22,77.22,100.0,77.22,1,False
2025-12-10 09:00:00+00:00,76.62,76.62,76.62,76.62,100.0,76.62,1,False
2025-12-10 10:00:00+00:00,76.1,76.21,76.1,76.21,2176.0,76.13402,3,False
2025-12-10 11:00:00+00:00,76.28,76.28,76.28,76.28,100.0,76.28,1,False
2025-12-10 12:00:00+00:00,76.28,76.28,76.28,76.28,0.0,76.28,0,False
2025-12-10 13:00:00+00:00,76.75,76.75,76.31,76.31,1257.0,76.50157,7,False
2025-12-10 14:00:00+00:00,76.33,76.3352,73.8,74.995,202354.0,75.06136,924,False
2025-12-10 15:00:00+00:00,74.995,75.82,73.2,74.28,258882.0,74.10567,1390,True
2025-12-10 16:00:00+00:00,74.24,76.85,73.93,76.62,66294.0,75.76926,414,True
2025-12-10 17:00:00+00:00,76.5825,76.68,75.61,76.01,62751.0,76.19185,356,True
2025-12-10 18:00:00+00:00,76.0,76.44,76.0,76.225,78275.0,76.23632,520,True
2025-12-10 19:00:00+00:00,76.34,78.46,76.18,78.42,183029.0,77.28358,1079,True
2025-12-10 20:00:00+00:00,78.36,78.36,76.31,76.95,210019.0,77.27478,1508,True
2025-12-10 21:00:00+00:00,76.91,76.95,75.38,76.95,514039.0,76.90971,11,False
2025-12-10 22:00:00+00:00,76.95,76.95,76.95,76.95,0.0,76.95,0,False
2025-12-10 23:00:00+00:00,76.9,76.9,76.1655,76.1655,562.0,76.71703,3,False
2025-12-11 00:00:00+00:00,76.3093,76.79,76.3093,76.79,1050.0,76.45688,3,False
2025-12-11 10:00:00+00:00,76.16,76.16,76.02,76.02,317.0,76.06416,3,False
2025-12-11 11:00:00+00:00,75.55,75.63,74.11,75.59,2088.0,74.73458,13,False
2025-12-11 12:00:00+00:00,75.8,76.33,75.3,76.33,2083.0,75.68901,14,False
2025-12-11 13:00:00+00:00,75.0,76.26,75.0,76.26,3462.0,76.00972,17,False
2025-12-11 14:00:00+00:00,76.01,76.91,75.07,75.29,123385.0,76.1621,583,False
2025-12-11 15:00:00+00:00,75.09,78.15,74.8,77.17,151247.0,76.92628,821,True
2025-12-11 16:00:00+00:00,77.09,79.47,76.75,78.5575,183548.0,78.33252,1047,True
2025-12-11 17:00:00+00:00,78.555,79.14,78.02,78.2,97858.0,78.58725,544,True
2025-12-11 18:00:00+00:00,78.1175,78.78,77.93,78.61,110215.0,78.3803,630,True
2025-12-11 19:00:00+00:00,78.63,79.23,78.5,78.86,93292.0,78.82416,599,True
2025-12-11 20:00:00+00:00,78.86,79.03,78.235,78.84,137409.0,78.6491,1030,True
2025-12-11 21:00:00+00:00,78.78,79.1,78.78,79.1,150317.0,78.78223,20,False
2025-12-11 22:00:00+00:00,79.15,79.52,79.15,79.22,6319.0,79.17693,11,False
2025-12-11 23:00:00+00:00,79.0,79.4859,79.0,79.4859,550.0,79.30921,2,False
2025-12-12 00:00:00+00:00,79.4574,79.4574,78.644,79.0,622.0,79.21894,4,False
2025-12-12 10:00:00+00:00,79.49,79.49,79.49,79.49,168.0,79.49,1,False
2025-12-12 11:00:00+00:00,79.49,79.49,79.49,79.49,0.0,79.49,0,False
2025-12-12 12:00:00+00:00,79.44,79.44,78.91,78.91,878.0,79.13825,6,False
2025-12-12 13:00:00+00:00,78.92,79.51,78.75,78.8,2223.0,79.21709,10,False
2025-12-12 14:00:00+00:00,78.52,79.4,77.0659,78.5,108945.0,78.27806,467,False
2025-12-12 15:00:00+00:00,78.55,78.7186,76.11,76.645,215361.0,77.24474,1159,True
2025-12-12 16:00:00+00:00,76.52,76.9399,75.2,76.02,148143.0,75.68671,972,True
2025-12-12 17:00:00+00:00,76.09,77.2,76.0,77.1068,138596.0,76.50767,762,True
2025-12-12 18:00:00+00:00,77.1874,78.085,77.06,77.415,106300.0,77.49578,684,True
2025-12-12 19:00:00+00:00,77.5799,77.5799,76.91,76.995,78403.0,77.15068,544,True
2025-12-12 20:00:00+00:00,76.995,77.05,75.84,75.96,202024.0,76.24716,1356,True
2025-12-12 21:00:00+00:00,75.96,75.96,75.5501,75.6,312644.0,75.95941,14,False
2025-12-12 22:00:00+00:00,75.55,75.75,75.55,75.734,615.0,75.68236,5,False
2025-12-12 23:00:00+00:00,75.7,75.7,75.6,75.6,534.0,75.64549,3,False
2025-12-13 00:00:00+00:00,75.6,75.95,75.6,75.6652,1980.0,75.77928,8,False
2025-12-15 09:00:00+00:00,76.87,76.87,76.82,76.82,500.0,76.83,3,False
2025-12-15 10:00:00+00:00,76.05,76.58,76.03,76.12,884.0,76.15328,5,False
2025-12-15 11:00:00+00:00,76.12,76.12,76.12,76.12,0.0,76.12,0,False
2025-12-15 12:00:00+00:00,76.12,76.12,76.12,76.12,0.0,76.12,0,False
2025-12-15 13:00:00+00:00,76.0,76.77,75.91,76.57,1050.0,76.36499,9,False
2025-12-15 14:00:00+00:00,76.36,76.5,74.5307,74.705,140836.0,75.71468,741,False
2025-12-15 15:00:00+00:00,74.56,74.67,73.26,73.755,173707.0,74.04491,897,True
2025-12-15 16:00:00+00:00,73.86,74.68,73.1,73.86,114299.0,73.87574,802,True
2025-12-15 17:00:00+00:00,73.94,74.3001,73.65,74.1927,75256.0,74.07726,477,True
2025-12-15 18:00:00+00:00,74.15,75.0111,74.01,74.93,92276.0,74.34971,614,True
2025-12-15 19:00:00+00:00,74.99,75.5099,74.6,74.88,73201.0,75.04459,521,True
2025-12-15 20:00:00+00:00,74.84,74.89,73.99,74.3,237554.0,74.3287,1709,True
2025-12-15 21:00:00+00:00,74.28,74.28,73.5,73.5,210053.0,74.25922,10,False
2025-12-15 22:00:00+00:00,73.5,73.5,73.5,73.5,100.0,73.5,1,False
2025-12-15 23:00:00+00:00,74.35,74.35,73.3827,73.3827,2327.0,73.5997,4,False
2025-12-16 00:00:00+00:00,73.3,73.3,73.3,73.3,132.0,73.3,1,False
2025-12-16 09:00:00+00:00,73.15,73.29,71.66,72.58,1218.0,72.94162,9,False
2025-12-16 10:00:00+00:00,72.58,72.58,72.58,72.58,0.0,72.58,0,False
2025-12-16 11:00:00+00:00,73.39,73.39,73.19,73.19,398.0,73.24276,3,False
2025-12-16 12:00:00+00:00,73.01,73.6,73.0,73.58,755.0,73.23997,6,False
2025-12-16 13:00:00+00:00,73.2,73.63,73.01,73.22,1901.0,73.27338,7,False
2025-12-16 14:00:00+00:00,73.0,74.63,72.4223,74.3001,184750.0,73.51131,903,False
2025-12-16 15:00:00+00:00,74.23,74.3989,72.47,73.745,153476.0,73.39873,793,True
2025-12-16 16:00:00+00:00,73.85,74.06,72.94,74.02,93479.0,73.39087,539,True
2025-12-16 17:00:00+00:00,74.025,74.12,72.7,72.78,71561.0,73.40032,441,True
2025-12-16 18:00:00+00:00,72.86,73.685,72.67,73.38,96951.0,73.04045,697,True
2025-12-16 19:00:00+00:00,73.37,73.405,72.6,73.055,69103.0,72.99939,539,True
2025-12-16 20:00:00+00:00,73.055,73.65,72.96,73.1,325684.0,73.26568,2183,True
2025-12-16 21:00:00+00:00,73.13,73.1624,72.7,72.7,263966.0,73.12977,20,False
2025-12-16 22:00:00+00:00,72.7047,72.7047,72.7035,72.7035,714.0,72.7042,2,False
2025-12-16 23:00:00+00:00,73.0,73.0,73.0,73.0,200.0,73.0,1,False
2025-12-17 00:00:00+00:00,72.66,72.66,72.66,72.66,100.0,72.66,1,False
2025-12-17 09:00:00+00:00,73.5,73.5,73.5,73.5,100.0,73.5,1,False
2025-12-17 10:00:00+00:00,73.5,73.5,73.5,73.5,0.0,73.5,0,False
2025-12-17 11:00:00+00:00,73.16,73.16,72.6,72.82,1480.0,72.83746,9,False
2025-12-17 12:00:00+00:00,73.37,73.37,73.29,73.29,253.0,73.32162,2,False
2025-12-17 13:00:00+00:00,73.8864,73.8864,72.81,73.04,1213.0,73.17228,9,False
2025-12-17 14:00:00+00:00,73.1,73.53,72.6,73.265,133802.0,73.06064,730,False
2025-12-17 15:00:00+00:00,73.3325,74.2399,72.23,72.38,130963.0,73.32036,836,True
2025-12-17 16:00:00+00:00,72.38,72.52,71.01,71.565,174507.0,71.67047,1043,True
2025-12-17 17:00:00+00:00,71.6741,71.9699,71.08,71.44,129634.0,71.42824,808,True
2025-12-17 18:00:00+00:00,71.355,71.57,70.28,70.54,103529.0,70.81434,624,True
2025-12-17 19:00:00+00:00,70.505,70.66,69.5,69.965,193644.0,69.907,1280,True
2025-12-17 20:00:00+00:00,69.965,70.23,69.31,69.76,374934.0,69.68754,2420,True
2025-12-17 21:00:00+00:00,69.77,70.01,69.7,69.73,298383.0,69.76999,26,False
2025-12-17 22:00:00+00:00,69.3616,69.3616,69.3616,69.3616,400.0,69.3616,1,False
2025-12-17 23:00:00+00:00,70.74,70.74,70.5,70.5,250.0,70.596,2,False
2025-12-18 00:00:00+00:00,70.13,70.13,70.13,70.13,136.0,70.13,1,False
2025-12-18 09:00:00+00:00,70.21,70.21,70.21,70.21,214.0,70.21,1,False
2025-12-18 10:00:00+00:00,70.21,70.21,70.21,70.21,0.0,70.21,0,False
2025-12-18 11:00:00+00:00,70.21,70.21,70.21,70.21,0.0,70.21,0,False
2025-12-18 12:00:00+00:00,70.24,70.24,70.22,70.22,200.0,70.23,2,False
2025-12-18 13:00:00+00:00,70.3,72.0,69.5,71.03,4845.0,70.33595,25,False
2025-12-18 14:00:00+00:00,71.03,72.2,70.5,71.21,129373.0,71.27266,453,False
2025-12-18 15:00:00+00:00,71.26,71.8,70.1401,71.17,95297.0,71.0583,626,True
2025-12-18 16:00:00+00:00,71.14,71.5675,70.9101,71.34,67044.0,71.32084,496,True
2025-12-18 17:00:00+00:00,71.3,71.74,70.55,71.385,118872.0,71.14208,813,True
2025-12-18 18:00:00+00:00,71.385,72.41,71.17,72.05,68634.0,71.84038,492,True
2025-12-18 19:00:00+00:00,72.03,72.27,71.29,71.29,92461.0,71.99417,502,True
2025-12-18 20:00:00+00:00,71.265,72.06,71.265,71.4,182644.0,71.69531,1367,True
2025-12-18 21:00:00+00:00,71.4,72.48,71.0,72.48,180762.0,71.4042,20,False
2025-12-18 22:00:00+00:00,71.88,72.3577,71.75,71.75,2800.0,71.77635,3,False
2025-12-18 23:00:00+00:00,71.89,71.89,71.89,71.89,415.0,71.89,1,False
2025-12-19 00:00:00+00:00,72.2919,72.2919,71.8,71.8,356.0,71.93817,3,False
2025-12-19 09:00:00+00:00,72.3,72.3,72.3,72.3,840.0,72.3,8,False
2025-12-19 10:00:00+00:00,72.75,72.75,72.75,72.75,232.0,72.75,1,False
2025-12-19 11:00:00+00:00,72.75,72.75,72.75,72.75,0.0,72.75,0,False
2025-12-19 12:00:00+00:00,72.75,72.75,72.75,72.75,0.0,72.75,0,False
2025-12-19 13:00:00+00:00,72.43,72.88,72.0,72.06,5188.0,72.33885,14,False
2025-12-19 14:00:00+00:00,71.8,74.37,71.23,74.19,310862.0,72.24892,464,False
2025-12-19 15:00:00+00:00,74.245,74.5,73.18,73.99,121892.0,73.91832,744,True
2025-12-19 16:00:00+00:00,73.95,75.11,73.88,74.79,75023.0,74.68704,502,True
2025-12-19 17:00:00+00:00,74.79,74.87,74.46,74.47,55334.0,74.66448,361,True
2025-12-19 18:00:00+00:00,74.455,74.85,74.17,74.705,137541.0,74.61587,633,True
2025-12-19 19:00:00+00:00,74.705,75.785,74.695,75.2705,159341.0,75.29648,727,True
2025-12-19 20:00:00+00:00,75.32,75.63,74.99,75.39,222252.0,75.32343,1440,True
2025-12-19 21:00:00+00:00,75.39,75.9442,75.2,75.2,1449618.0,75.39082,18,False
2025-12-19 22:00:00+00:00,75.2866,75.9545,75.2866,75.9545,827.0,75.78738,4,False
2025-12-19 23:00:00+00:00,75.94,75.97,75.92,75.97,905.0,75.93514,6,False
2025-12-20 00:00:00+00:00,75.98,76.0,75.86,75.86,1146.0,75.982,5,False
2025-12-22 09:00:00+00:00,76.47,77.5,76.47,77.5,978.0,77.23325,3,False
2025-12-22 10:00:00+00:00,77.48,77.59,77.48,77.59,200.0,77.535,2,False
2025-12-22 11:00:00+00:00,77.39,77.56,77.39,77.56,610.0,77.52279,6,False
2025-12-22 12:00:00+00:00,77.55,77.55,76.8,77.1,1400.0,77.18664,10,False
2025-12-22 13:00:00+00:00,79.0,79.0,76.31,76.72,6106.0,77.1957,31,False
2025-12-22 14:00:00+00:00,77.09,80.2,76.81,79.5855,443453.0,78.91342,2188,False
2025-12-22 15:00:00+00:00,79.74,81.4297,79.6,81.1165,525841.0,80.48009,3095,True
2025-12-22 16:00:00+00:00,81.16,81.65,80.2,81.17,197525.0,80.96029,1256,True
2025-12-22 17:00:00+00:00,81.12,81.87,80.89,81.26,159003.0,81.50492,934,True
2025-12-22 18:00:00+00:00,81.25,81.35,80.79,81.185,108163.0,81.1162,640,True
2025-12-22 19:00:00+00:00,81.135,81.69,80.81,81.32,132361.0,81.2175,754,True
2025-12-22 20:00:00+00:00,81.27,81.6,80.86,81.56,297967.0,81.36896,1920,True
2025-12-22 21:00:00+00:00,81.53,81.9,81.2953,81.4,386346.0,81.5312,34,False
2025-12-22 22:00:00+00:00,81.89,82.5,81.86,82.49,8262.0,82.08641,24,False
2025-12-22 23:00:00+00:00,82.7583,82.77,82.0,82.3765,6792.0,82.29299,26,False
2025-12-23 00:00:00+00:00,82.29,82.4,82.01,82.4,1974.0,82.11393,8,False
2025-12-23 09:00:00+00:00,82.04,82.05,82.0,82.05,300.0,82.03,3,False
2025-12-23 10:00:00+00:00,82.96,82.96,82.32,82.56,697.0,82.58812,5,False
2025-12-23 11:00:00+00:00,82.32,82.56,82.32,82.56,420.0,82.44619,4,False
2025-12-23 12:00:00+00:00,82.73,82.73,81.71,81.8,3728.0,82.01585,16,False
2025-12-23 13:00:00+00:00,82.54,82.99,80.66,80.66,38483.0,82.23132,86,False
2025-12-23 14:00:00+00:00,80.79,82.4,79.85,81.435,277833.0,81.23386,1237,False
2025-12-23 15:00:00+00:00,81.39,83.4099,80.68,81.89,293275.0,82.54941,1430,True
2025-12-23 16:00:00+00:00,81.91,82.5,80.88,81.92,145392.0,81.71837,826,True
2025-12-23 17:00:00+00:00,81.915,82.22,81.445,81.51,82313.0,81.84163,380,True
2025-12-23 18:00:00+00:00,81.434,81.99,81.37,81.88,101473.0,81.69738,419,True
2025-12-23 19:00:00+00:00,81.88,82.32,81.74,81.95,77337.0,82.06737,384,True
2025-12-23 20:00:00+00:00,81.96,82.7,81.94,82.34,185183.0,82.3303,1193,True
2025-12-23 21:00:00+00:00,82.37,82.5,81.7981,82.36,264200.0,82.30005,14,False
2025-12-23 22:00:00+00:00,82.6829,82.78,82.49,82.49,946.0,82.56808,9,False
2025-12-23 23:00:00+00:00,82.51,82.77,81.9,82.2626,400.0,82.36065,4,False
2025-12-24 00:00:00+00:00,82.6991,82.6991,82.09,82.3335,745.0,82.50637,5,False
2025-12-24 09:00:00+00:00,82.3,82.3,82.2,82.2,275.0,82.23636,2,False
2025-12-24 10:00:00+00:00,82.2,82.2,82.2,82.2,0.0,82.2,0,False
2025-12-24 11:00:00+00:00,82.2,82.2,82.2,82.2,5727.0,82.2,2,False
2025-12-24 12:00:00+00:00,82.41,82.8,82.41,82.8,786.0,82.73076,6,False
2025-12-24 13:00:00+00:00,81.82,83.1055,81.82,82.52,3350.0,82.50131,16,False
2025-12-24 14:00:00+00:00,82.48,82.89,79.4504,79.58,160391.0,80.56048,625,False
2025-12-24 15:00:00+00:00,79.5674,80.79,79.28,80.15,168740.0,79.90966,834,True
2025-12-24 16:00:00+00:00,80.1484,80.54,79.65,79.9,110732.0,80.04407,708,True
2025-12-24 17:00:00+00:00,79.865,80.4,79.62,79.99,172281.0,79.979,1116,True
2025-12-24 18:00:00+00:00,79.97,80.3,79.95,79.97,161769.0,79.97021,5,True
2025-12-24 19:00:00+00:00,79.99,79.99,79.99,79.99,100.0,79.99,1,True
2025-12-24 20:00:00+00:00,79.9,79.9999,79.75,79.9988,465.0,79.90563,4,True
2025-12-24 21:00:00+00:00,80.3,80.3,80.3,80.3,109.0,80.3,1,False
2025-12-26 09:00:00+00:00,79.69,79.69,79.69,79.69,100.0,79.69,1,False
2025-12-26 10:00:00+00:00,79.69,79.69,79.69,79.69,0.0,79.69,0,False
2025-12-26 11:00:00+00:00,79.7,79.7,79.7,79.7,5800.0,79.7,1,False
2025-12-26 12:00:00+00:00,79.7,79.7,79.7,79.7,0.0,79.7,0,False
2025-12-26 13:00:00+00:00,79.97,80.05,79.3,79.6,5466.0,79.65802,16,False
2025-12-26 14:00:00+00:00,79.4831,79.91,77.1437,77.55,154573.0,78.38105,820,False
2025-12-26 15:00:00+00:00,77.4752,77.96,76.1,77.865,186290.0,76.94327,1054,True
2025-12-26 16:00:00+00:00,77.91,78.33,77.765,77.82,87097.0,78.02145,447,True
2025-12-26 17:00:00+00:00,77.76,78.025,77.465,78.025,70578.0,77.71709,426,True
2025-12-26 18:00:00+00:00,78.0051,78.745,77.9,78.225,181478.0,78.33768,1016,True
2025-12-26 19:00:00+00:00,78.28,78.29,77.8,77.885,82217.0,78.01112,420,True
2025-12-26 20:00:00+00:00,77.87,78.05,77.63,77.71,169724.0,77.80377,1310,True
2025-12-26 21:00:00+00:00,77.7,77.7,77.7,77.7,151225.0,77.7,12,False
2025-12-26 22:00:00+00:00,77.85,77.85,77.7,77.7,743.0,77.76151,5,False
2025-12-26 23:00:00+00:00,77.6066,77.6066,77.6066,77.6066,193.0,77.6066,1,False
2025-12-27 00:00:00+00:00,77.6066,77.6066,77.6066,77.6066,0.0,77.6066,0,False
2025-12-29 09:00:00+00:00,77.72,77.72,77.56,77.56,549.0,77.63286,3,False
2025-12-29 10:00:00+00:00,77.0,77.0,77.0,77.0,400.0,77.0,2,False
2025-12-29 11:00:00+00:00,77.0,77.0,77.0,77.0,0.0,77.0,0,False
2025-12-29 12:00:00+00:00,77.15,77.27,77.02,77.27,474.0,77.17506,4,False
2025-12-29 13:00:00+00:00,77.25,77.99,76.76,76.76,3836.0,77.29112,20,False
2025-12-29 14:00:00+00:00,76.9,78.22,76.15,77.085,121872.0,77.22083,638,False
2025-12-29 15:00:00+00:00,77.085,77.7876,76.815,77.365,71753.0,77.31849,464,True
2025-12-29 16:00:00+00:00,77.365,78.13,77.27,77.91,70747.0,77.67052,405,True
2025-12-29 17:00:00+00:00,77.89,78.01,77.4,77.65,36708.0,77.65269,218,True
2025-12-29 18:00:00+00:00,77.6683,77.85,76.9583,77.0808,61547.0,77.45542,358,True
2025-12-29 19:00:00+00:00,77.09,77.44,76.9801,77.28,44993.0,77.25232,297,True
2025-12-29 20:00:00+00:00,77.24,77.53,77.04,77.45,174282.0,77.2876,1155,True
2025-12-29 21:00:00+00:00,77.45,77.5,77.17,77.48,186809.0,77.46935,20,False
2025-12-29 22:00:00+00:00,77.33,77.47,77.0581,77.47,1368.0,77.23058,7,False
2025-12-29 23:00:00+00:00,77.0,77.0,77.0,77.0,600.0,77.0,2,False
2025-12-30 00:00:00+00:00,77.5,77.5,77.5,77.5,750.0,77.5,1,False
2025-12-30 09:00:00+00:00,78.0,78.0,78.0,78.0,126.0,78.0,1,False
2025-12-30 10:00:00+00:00,78.5,78.5,78.5,78.5,144.0,78.5,1,False
2025-12-30 11:00:00+00:00,78.5,78.5,78.5,78.5,0.0,78.5,0,False
2025-12-30 12:00:00+00:00,77.91,77.91,77.91,77.91,100.0,77.91,1,False
2025-12-30 13:00:00+00:00,78.5,78.5,77.55,77.55,2701.0,78.08295,15,False
2025-12-30 14:00:00+00:00,77.9233,78.19,76.5,77.4,81494.0,77.3078,377,False
2025-12-30 15:00:00+00:00,77.455,77.7658,76.75,77.735,52857.0,77.1303,307,True
2025-12-30 16:00:00+00:00,77.75,77.85,77.1625,77.33,72483.0,77.59405,378,True
2025-12-30 17:00:00+00:00,77.36,77.36,76.86,76.86,51431.0,77.15552,269,True
2025-12-30 18:00:00+00:00,76.865,77.0099,76.67,76.79,55158.0,76.82071,251,True
2025-12-30 19:00:00+00:00,76.71,76.84,76.3553,76.455,64166.0,76.60582,335,True
2025-12-30 20:00:00+00:00,76.41,76.415,75.8,75.99,193391.0,76.08133,1253,True
2025-12-30 21:00:00+00:00,76.0,76.0,75.68,75.8876,335160.0,75.97986,19,False
2025-12-30 22:00:00+00:00,75.6,75.6,75.6,75.6,250.0,75.6,1,False
2025-12-30 23:00:00+00:00,76.0,76.0,76.0,76.0,450.0,76.0,3,False
2025-12-31 00:00:00+00:00,75.99,75.99,75.8242,75.9,325.0,75.89854,3,False
2025-12-31 12:00:00+00:00,75.67,75.67,75.67,75.67,950.0,75.67,1,False
2025-12-31 13:00:00+00:00,75.97,76.2,75.34,76.2,2985.0,75.69748,14,False
2025-12-31 14:00:00+00:00,76.34,76.97,74.88,75.795,159565.0,75.97119,524,False
2025-12-31 15:00:00+00:00,75.69,76.49,75.5,76.125,112629.0,76.01156,759,True
2025-12-31 16:00:00+00:00,76.04,76.24,75.68,75.835,87452.0,75.99652,637,True
2025-12-31 17:00:00+00:00,75.89,76.37,75.74,76.23,91143.0,76.08668,592,True
2025-12-31 18:00:00+00:00,76.28,76.28,75.73,75.92,62398.0,75.99566,441,True
2025-12-31 19:00:00+00:00,75.92,75.94,75.465,75.495,85258.0,75.71186,491,True
2025-12-31 20:00:00+00:00,75.47,76.0,75.09,75.89,218170.0,75.55396,1608,True
2025-12-31 21:00:00+00:00,75.91,76.47,75.0,75.0,993374.0,75.90986,24,False
2025-12-31 22:00:00+00:00,75.0,75.0,75.0,75.0,0.0,75.0,0,False
2025-12-31 23:00:00+00:00,76.47,76.47,76.47,76.47,100.0,76.47,1,False
2026-01-01 00:00:00+00:00,75.0,75.0,75.0,75.0,100.0,75.0,1,False
2026-01-02 09:00:00+00:00,77.51,77.54,77.5,77.54,340.0,77.51571,3,False
2026-01-02 10:00:00+00:00,77.77,77.8,77.77,77.8,1178.0,77.79188,5,False
2026-01-02 11:00:00+00:00,78.0,78.0,78.0,78.0,135.0,78.0,1,False
2026-01-02 12:00:00+00:00,77.73,77.76,77.49,77.49,1491.0,77.59329,11,False
2026-01-02 13:00:00+00:00,77.52,77.8,76.76,77.376,2826.0,77.5552,13,False
2026-01-02 14:00:00+00:00,77.13,77.13,74.33,76.115,169799.0,75.79445,774,False
2026-01-02 15:00:00+00:00,76.19,78.4,75.19,78.07,185621.0,76.72301,1213,True
2026-01-02 16:00:00+00:00,78.14,78.5499,77.32,77.67,141414.0,77.9667,924,True
2026-01-02 17:00:00+00:00,77.7,78.7799,77.47,78.35,107644.0,78.21542,721,True
2026-01-02 18:00:00+00:00,78.29,78.64,77.7,78.2,88689.0,78.1681,653,True
2026-01-02 19:00:00+00:00,78.25,79.14,78.235,78.66,112770.0,78.77745,681,True
2026-01-02 20:00:00+00:00,78.69,79.73,78.61,79.29,271795.0,79.26035,2047,True
2026-01-02 21:00:00+00:00,79.29,79.75,79.29,79.75,233240.0,79.29229,26,False
2026-01-02 22:00:00+00:00,79.75,79.75,79.48,79.48,1753.0,79.51254,5,False
2026-01-02 23:00:00+00:00,79.49,79.49,79.49,79.49,115.0,79.49,1,False
2026-01-03 00:00:00+00:00,79.4,79.74,79.4,79.74,674.0,79.59632,5,False
2026-01-05 09:00:00+00:00,81.75,82.52,81.75,82.01,1499.0,82.28165,9,False
2026-01-05 10:00:00+00:00,82.19,82.6,82.19,82.6,410.0,82.29512,3,False
2026-01-05 11:00:00+00:00,82.15,82.95,82.15,82.21,2177.0,82.6205,15,False
2026-01-05 12:00:00+00:00,82.1,82.35,81.5,81.5,4025.0,81.89853,21,False
2026-01-05 13:00:00+00:00,81.99,83.18,81.5,82.2,16478.0,82.34909,83,False
2026-01-05 14:00:00+00:00,82.86,86.3,82.1301,85.67,590394.0,84.93277,2735,False
2026-01-05 15:00:00+00:00,85.59,87.54,85.0475,87.47,408503.0,86.24676,2295,True
2026-01-05 16:00:00+00:00,87.5,87.7,86.2901,87.515,259637.0,87.18867,1394,True
2026-01-05 17:00:00+00:00,87.49,88.3431,87.3,88.19,255655.0,87.89511,1461,True
2026-01-05 18:00:00+00:00,88.205,90.11,88.09,89.565,380747.0,89.36182,1762,True
2026-01-05 19:00:00+00:00,89.585,89.9999,88.9,89.1218,332553.0,89.45454,1615,True
2026-01-05 20:00:00+00:00,89.12,90.0,89.035,89.901,418063.0,89.67948,2612,True
2026-01-05 21:00:00+00:00,89.93,90.82,88.87,90.8,252926.0,89.93587,39,False
2026-01-05 22:00:00+00:00,90.02,90.5,90.02,90.47,3166.0,90.32118,9,False
2026-01-05 23:00:00+00:00,90.49,90.76,90.35,90.76,2050.0,90.63878,11,False
2026-01-06 00:00:00+00:00,90.78,90.78,90.12,90.54,3562.0,90.47814,13,False
2026-01-06 09:00:00+00:00,89.75,90.57,89.75,90.55,3134.0,90.18003,17,False
2026-01-06 10:00:00+00:00,90.44,90.44,90.44,90.44,100.0,90.44,1,False
2026-01-06 11:00:00+00:00,90.49,90.59,90.47,90.54,2032.0,90.53673,8,False
2026-01-06 12:00:00+00:00,90.36,90.5,90.02,90.42,2403.0,90.3768,18,False
2026-01-06 13:00:00+00:00,90.4,90.76,89.09,89.38,15480.0,90.10609,71,False
2026-01-06 14:00:00+00:00,89.38,89.93,86.7,88.42,302448.0,88.56974,1235,False
2026-01-06 15:00:00+00:00,88.13,89.7,88.0,88.7126,225579.0,88.94935,1292,True
2026-01-06 16:00:00+00:00,88.725,89.42,88.4201,88.89,123600.0,88.87864,807,True
2026-01-06 17:00:00+00:00,88.98,89.69,88.66,89.42,86003.0,89.10892,521,True
2026-01-06 18:00:00+00:00,89.4,89.99,88.86,89.9,110162.0,89.5644,771,True
2026-01-06 19:00:00+00:00,89.97,90.55,89.64,90.31,302487.0,90.09386,1380,True
2026-01-06 20:00:00+00:00,90.25,92.03,90.25,91.93,432037.0,91.29268,2361,True
2026-01-06 21:00:00+00:00,91.93,92.29,91.85,92.28,325573.0,91.93144,39,False
2026-01-06 22:00:00+00:00,92.11,92.65,91.85,92.64,3944.0,92.26872,16,False
2026-01-06 23:00:00+00:00,92.45,92.89,92.0,92.89,1887.0,92.39731,8,False
2026-01-07 00:00:00+00:00,92.56,92.8022,92.56,92.64,1191.0,92.61895,10,False
2026-01-07 10:00:00+00:00,92.01,92.4,91.94,91.94,541.0,92.05582,4,False
2026-01-07 11:00:00+00:00,91.1,91.15,90.98,91.15,426.0,91.09296,4,False
2026-01-07 12:00:00+00:00,91.65,91.75,91.18,91.3,3225.0,91.35346,12,False
2026-01-07 13:00:00+00:00,91.0151,92.6,91.0084,91.5,4241.0,91.45706,24,False
2026-01-07 14:00:00+00:00,91.63,93.45,90.51,92.02,262191.0,91.92877,1090,False
2026-01-07 15:00:00+00:00,91.91,94.9,91.435,93.9719,401093.0,93.76131,2320,True
2026-01-07 16:00:00+00:00,93.88,95.319,93.63,94.875,274028.0,94.63287,1623,True
2026-01-07 17:00:00+00:00,94.8706,95.0588,93.08,93.59,232308.0,94.01845,1251,True
2026-01-07 18:00:00+00:00,93.58,94.225,93.095,93.87,192765.0,93.5699,851,True
2026-01-07 19:00:00+00:00,93.88,94.46,91.84,92.075,371264.0,92.90572,2062,True
2026-01-07 20:00:00+00:00,92.2,92.26,90.955,91.45,416607.0,91.65699,2881,True
2026-01-07 21:00:00+00:00,91.44,98.55,90.5,97.79,313717.0,91.94994,156,False
2026-01-07 22:00:00+00:00,97.75,97.75,96.05,96.89,22533.0,96.87201,60,False
2026-01-07 23:00:00+00:00,97.2,97.51,96.5,97.2916,19829.0,97.07667,49,False
2026-01-08 00:00:00+00:00,97.0,97.3,96.5,97.0415,10391.0,96.8959,32,False
2026-01-08 09:00:00+00:00,97.0,98.03,96.77,98.0,7235.0,97.62805,17,False
2026-01-08 10:00:00+00:00,98.0,98.02,97.49,97.8,819.0,97.76569,7,False
2026-01-08 11:00:00+00:00,98.23,99.8,98.23,99.55,9909.0,99.26879,34,False
2026-01-08 12:00:00+00:00,99.6,103.93,99.3,102.0,41335.0,101.70209,227,False
2026-01-08 13:00:00+00:00,100.68,103.7,95.5,100.2,108492.0,101.94287,469,False
2026-01-08 14:00:00+00:00,100.1,109.4,98.772,104.36,1638789.0,104.91004,7072,False
2026-01-08 15:00:00+00:00,104.1576,108.6063,102.7,107.6,1812737.0,105.54369,7674,True
2026-01-08 16:00:00+00:00,107.495,109.8,106.3,107.5,789196.0,107.96145,3915,True
2026-01-08 17:00:00+00:00,107.4,107.405,105.41,106.17,522143.0,106.40411,3078,True
2026-01-08 18:00:00+00:00,106.18,106.32,104.01,104.44,369420.0,105.00002,2266,True
2026-01-08 19:00:00+00:00,104.33,105.84,103.8401,105.39,299747.0,104.80405,1837,True
2026-01-08 20:00:00+00:00,105.48,105.74,103.085,104.02,902611.0,104.33893,4471,True
2026-01-08 21:00:00+00:00,104.04,105.66,104.04,104.55,463912.0,104.05056,69,False
2026-01-08 22:00:00+00:00,104.6,104.97,104.0,104.97,12993.0,104.74695,29,False
2026-01-08 23:00:00+00:00,104.92,105.18,104.05,104.5,4444.0,104.87543,20,False
2026-01-09 00:00:00+00:00,105.0,105.07,104.2488,104.97,2807.0,104.60539,14,False
2026-01-09 09:00:00+00:00,105.36,107.34,105.3,107.0,7899.0,106.08926,39,False
2026-01-09 10:00:00+00:00,106.98,107.33,106.72,107.33,8789.0,107.13351,27,False
2026-01-09 11:00:00+00:00,107.3,108.82,107.3,107.35,4263.0,107.90777,29,False
2026-01-09 12:00:00+00:00,107.4,107.74,106.42,106.88,6550.0,106.94509,35,False
2026-01-09 13:00:00+00:00,107.3,108.82,104.91,106.68,42274.0,106.76052,156,False
2026-01-09 14:00:00+00:00,106.6,111.72,104.65,111.05,760626.0,108.73359,3082,False
2026-01-09 15:00:00+00:00,111.32,114.7,110.6752,112.765,889141.0,113.03094,4020,True
2026-01-09 16:00:00+00:00,112.7,114.21,111.54,112.85,572759.0,112.95676,2559,True
2026-01-09 17:00:00+00:00,112.79,115.4499,112.29,114.55,432088.0,114.1057,2259,True
2026-01-09 18:00:00+00:00,114.465,115.0699,112.94,113.52,360753.0,114.30629,1966,True
2026-01-09 19:00:00+00:00,113.635,114.48,113.2,114.3211,219733.0,113.87351,1241,True
2026-01-09 20:00:00+00:00,114.41,114.48,112.2373,113.74,562611.0,113.58886,3393,True
2026-01-09 21:00:00+00:00,113.7,114.34,113.099,114.3,321169.0,113.70787,59,False
2026-01-09 22:00:00+00:00,114.25,114.25,113.0,113.7,9675.0,113.76567,41,False
2026-01-09 23:00:00+00:00,113.7,113.7,113.45,113.7,2447.0,113.63636,13,False
2026-01-10 00:00:00+00:00,113.69,114.25,113.5,114.25,19150.0,113.73851,20,False
2026-01-12 09:00:00+00:00,115.5,115.5,113.0,113.74,9088.0,114.05323,44,False
2026-01-12 10:00:00+00:00,114.16,114.53,114.16,114.53,626.0,114.29855,3,False
2026-01-12 11:00:00+00:00,114.31,114.6,114.31,114.57,3270.0,114.55994,12,False
2026-01-12 12:00:00+00:00,114.71,116.25,114.55,116.04,14796.0,115.03398,36,False
2026-01-12 13:00:00+00:00,115.4868,120.0,113.0,116.6364,66063.0,115.79875,248,False
2026-01-12 14:00:00+00:00,116.6,119.63,115.2,117.785,912555.0,117.63131,3656,False
2026-01-12 15:00:00+00:00,117.785,118.11,115.14,117.97,544512.0,116.60117,2455,True
2026-01-12 16:00:00+00:00,117.84,118.77,115.3101,115.61,401528.0,117.32189,2052,True
2026-01-12 17:00:00+00:00,115.59,116.04,115.0,115.4999,247266.0,115.5631,1418,True
2026-01-12 18:00:00+00:00,115.3934,116.37,114.5,115.31,337028.0,115.28725,1996,True
2026-01-12 19:00:00+00:00,115.34,117.059,115.13,116.98,211630.0,116.24441,1187,True
2026-01-12 20:00:00+00:00,117.0,118.25,116.6959,117.9,534222.0,117.55029,3260,True
2026-01-12 21:00:00+00:00,117.86,118.6,117.5,118.1352,322414.0,117.8628,43,False
2026-01-12 22:00:00+00:00,118.0,118.6,117.58,118.5,2775.0,117.92761,14,False
2026-01-12 23:00:00+00:00,117.87,118.57,117.87,118.47,1427.0,118.14934,8,False
2026-01-13 00:00:00+00:00,118.47,118.47,118.0,118.0,3370.0,118.17943,16,False
2026-01-13 09:00:00+00:00,117.78,118.34,117.78,118.0,1290.0,117.94944,8,False
2026-01-13 10:00:00+00:00,117.89,118.0,117.69,118.0,1171.0,117.86203,9,False
2026-01-13 11:00:00+00:00,117.99,118.05,117.78,117.78,618.0,117.90243,5,False
2026-01-13 12:00:00+00:00,118.18,119.16,118.09,119.1,5079.0,118.82139,19,False
2026-01-13 13:00:00+00:00,118.3,120.0,116.54,119.28,32037.0,119.24389,111,False
2026-01-13 14:00:00+00:00,119.35,120.9,117.2,119.96,431760.0,119.41108,1877,False
2026-01-13 15:00:00+00:00,119.955,121.35,119.16,121.21,388812.0,120.17289,2024,True
2026-01-13 16:00:00+00:00,121.09,121.57,119.07,120.89,398931.0,120.38463,2232,True
2026-01-13 17:00:00+00:00,120.885,121.08,119.55,119.89,197167.0,120.2075,1145,True
2026-01-13 18:00:00+00:00,119.78,120.335,118.7,118.94,216563.0,119.66234,1076,True
2026-01-13 19:00:00+00:00,118.94,120.27,118.19,120.12,293839.0,119.47858,1481,True
2026-01-13 20:00:00+00:00,120.115,120.1255,118.56,119.79,456390.0,119.40897,2867,True
2026-01-13 21:00:00+00:00,119.78,119.98,119.5,119.72,424135.0,119.71995,32,False
2026-01-13 22:00:00+00:00,119.6144,120.0,119.6144,120.0,2839.0,119.85625,16,False
2026-01-13 23:00:00+00:00,120.01,120.2,120.01,120.2,500.0,120.13474,5,False
2026-01-14 00:00:00+00:00,120.13,120.4,120.0,120.15,2786.0,120.22174,19,False
2026-01-14 09:00:00+00:00,120.1,120.1,120.1,120.1,100.0,120.1,1,False
2026-01-14 10:00:00+00:00,119.77,120.0,119.19,119.19,1343.0,119.74681,11,False
2026-01-14 11:00:00+00:00,119.5,119.53,119.0,119.51,825.0,119.33394,8,False
2026-01-14 12:00:00+00:00,119.5,119.5,119.15,119.4,1379.0,119.40229,6,False
2026-01-14 13:00:00+00:00,118.79,120.5,118.0,118.0164,11411.0,118.96644,57,False
2026-01-14 14:00:00+00:00,118.31,119.455,114.0,115.49,665740.0,116.04077,2579,False
2026-01-14 15:00:00+00:00,115.31,120.5,114.6467,119.365,394194.0,118.2062,1605,True
2026-01-14 16:00:00+00:00,119.54,120.29,118.5,118.5818,142541.0,119.36537,836,True
2026-01-14 17:00:00+00:00,118.53,121.2,118.53,119.4,197753.0,120.01498,1228,True
2026-01-14 18:00:00+00:00,119.415,122.8222,119.15,122.78,397362.0,121.24315,1179,True
2026-01-14 19:00:00+00:00,122.78,123.96,122.64,123.02,225560.0,123.23561,1018,True
2026-01-14 20:00:00+00:00,123.0,123.0585,120.9,121.55,647035.0,121.60385,4240,True
2026-01-14 21:00:00+00:00,121.5,121.51,120.1334,121.5,457579.0,121.49544,66,False
2026-01-14 22:00:00+00:00,122.0688,122.3645,121.5,122.3524,2313.0,121.86055,5,False
2026-01-14 23:00:00+00:00,120.6439,122.49,120.6439,122.48,4269.0,122.07923,19,False
2026-01-15 00:00:00+00:00,122.55,122.94,121.7,122.25,2614.0,122.54831,16,False
2026-01-15 09:00:00+00:00,122.56,123.12,122.0,122.49,3403.0,122.42254,24,False
2026-01-15 10:00:00+00:00,122.49,122.49,122.49,122.49,0.0,122.49,0,False
2026-01-15 11:00:00+00:00,122.24,122.24,120.07,121.55,6319.0,121.42192,29,False
2026-01-15 12:00:00+00:00,121.45,121.5,121.1,121.14,2514.0,121.27596,13,False
2026-01-15 13:00:00+00:00,123.6,123.6,120.0,121.0,17971.0,121.01901,56,False
2026-01-15 14:00:00+00:00,121.2419,121.2419,117.2667,119.5,454225.0,119.14278,1782,False
2026-01-15 15:00:00+00:00,119.5,123.2699,119.5,122.69,428785.0,121.62338,2135,True
2026-01-15 16:00:00+00:00,122.6,123.66,121.85,122.86,183567.0,122.88564,999,True
2026-01-15 17:00:00+00:00,122.97,125.09,122.38,124.93,253773.0,123.61782,1440,True
2026-01-15 18:00:00+00:00,124.935,126.31,124.28,126.16,250782.0,125.49883,1353,True
2026-01-15 19:00:00+00:00,126.16,126.3,124.45,125.6,196249.0,125.29702,1117,True
2026-01-15 20:00:00+00:00,125.45,126.0,124.28,124.6,440331.0,125.00284,2727,True
2026-01-15 21:00:00+00:00,124.57,124.9,124.5356,124.5356,279276.0,124.56136,23,False
2026-01-15 22:00:00+00:00,124.9,125.7,124.9,125.43,1878.0,125.44649,7,False
2026-01-15 23:00:00+00:00,124.8493,125.4,124.8493,125.3,2667.0,125.23577,12,False
2026-01-16 00:00:00+00:00,125.42,126.0,125.42,125.55,1253.0,125.63766,8,False
2026-01-16 09:00:00+00:00,126.5,127.42,126.3,127.42,2560.0,126.98834,14,False
2026-01-16 10:00:00+00:00,126.67,126.73,126.55,126.55,3400.0,126.56735,15,False
2026-01-16 11:00:00+00:00,126.56,126.8,126.55,126.55,4617.0,126.58937,39,False
2026-01-16 12:00:00+00:00,126.56,127.43,126.55,126.73,7102.0,126.89337,56,False
2026-01-16 13:00:00+00:00,126.79,127.3736,124.871,126.8,16918.0,126.52232,75,False
2026-01-16 14:00:00+00:00,126.5,129.02,125.0,127.86,410701.0,126.97871,1611,False
2026-01-16 15:00:00+00:00,127.73,131.3799,127.21,131.3799,576339.0,129.11785,2999,True
2026-01-16 16:00:00+00:00,131.32,131.88,129.41,130.0,399803.0,130.88322,2178,True
2026-01-16 17:00:00+00:00,129.92,131.3,129.67,130.07,229437.0,130.41178,1269,True
2026-01-16 18:00:00+00:00,130.07,131.9958,130.0,131.32,221335.0,131.38618,1145,True
2026-01-16 19:00:00+00:00,131.3775,131.8799,130.1801,130.38,263195.0,131.18081,1448,True
2026-01-16 20:00:00+00:00,130.42,131.03,129.59,130.76,614855.0,130.33916,3993,True
2026-01-16 21:00:00+00:00,130.72,131.8901,130.432,131.68,785311.0,130.72978,37,False
2026-01-16 22:00:00+00:00,131.72,131.88,131.56,131.6,2233.0,131.77445,16,False
2026-01-16 23:00:00+00:00,131.56,132.0,131.56,131.82,2563.0,131.90345,13,False
2026-01-17 00:00:00+00:00,131.82,131.93,131.82,131.93,1970.0,131.88882,12,False
2026-01-20 09:00:00+00:00,125.91,128.08,124.06,125.04,13145.0,125.3272,78,False
2026-01-20 10:00:00+00:00,124.54,126.0,124.21,126.0,3732.0,124.91117,19,False
2026-01-20 11:00:00+00:00,126.44,127.16,126.3,126.75,1651.0,126.59838,10,False
2026-01-20 12:00:00+00:00,127.0,127.65,126.35,127.53,6124.0,127.11695,35,False
2026-01-20 13:00:00+00:00,126.51,130.01,124.0,126.38,75052.0,126.53958,230,False
2026-01-20 14:00:00+00:00,126.04,134.0,125.75,132.08,724999.0,130.74995,2593,False
2026-01-20 15:00:00+00:00,132.08,133.18,130.88,131.8012,452659.0,131.93701,2037,True
2026-01-20 16:00:00+00:00,131.81,132.855,130.32,132.26,320160.0,131.58106,1757,True
2026-01-20 17:00:00+00:00,132.2,133.92,130.48,130.83,293124.0,131.87415,1546,True
2026-01-20 18:00:00+00:00,130.92,132.0,129.2011,129.6901,330489.0,130.33108,1599,True
2026-01-20 19:00:00+00:00,129.83,130.4,128.1525,130.22,223716.0,129.32164,1303,True
2026-01-20 20:00:00+00:00,130.355,130.355,127.45,128.64,472586.0,128.82552,3118,True
2026-01-20 21:00:00+00:00,128.68,130.0,128.0,130.0,330465.0,128.68404,41,False
2026-01-20 22:00:00+00:00,128.76,129.89,128.55,128.6187,2718.0,128.80604,10,False
2026-01-20 23:00:00+00:00,128.6,128.75,128.01,128.01,2875.0,128.40882,15,False
2026-01-21 00:00:00+00:00,128.45,128.79,128.0458,128.7,3763.0,128.43716,14,False
2026-01-21 09:00:00+00:00,129.47,130.47,129.25,130.0,6230.0,130.08572,27,False
2026-01-21 10:00:00+00:00,129.95,129.95,129.5,129.67,3232.0,129.52791,19,False
2026-01-21 11:00:00+00:00,129.96,129.99,129.45,129.45,2149.0,129.61729,7,False
2026-01-21 12:00:00+00:00,128.68,128.68,127.73,128.3,3249.0,128.3345,16,False
2026-01-21 13:00:00+00:00,129.1121,130.33,127.09,128.38,15096.0,128.29944,53,False
2026-01-21 14:00:00+00:00,128.3,130.0,122.0,125.48,839912.0,124.85965,3750,False
2026-01-21 15:00:00+00:00,125.42,126.06,121.07,121.66,778478.0,122.86801,4541,True
2026-01-21 16:00:00+00:00,121.69,122.225,119.0,119.49,480367.0,120.51765,2615,True
2026-01-21 17:00:00+00:00,119.48,119.67,115.39,116.795,605918.0,117.00548,3523,True
2026-01-21 18:00:00+00:00,116.93,117.53,114.275,116.94,385347.0,115.70732,2629,True
2026-01-21 19:00:00+00:00,117.0,120.4899,116.3901,120.04,399996.0,118.57229,2574,True
2026-01-21 20:00:00+00:00,120.0,120.69,118.65,120.6197,686872.0,119.83296,4669,True
2026-01-21 21:00:00+00:00,120.59,120.6997,118.4901,120.22,357997.0,120.58228,55,False
2026-01-21 22:00:00+00:00,120.22,121.05,120.0,120.5,11589.0,120.61274,48,False
2026-01-21 23:00:00+00:00,120.42,120.92,120.34,120.8048,2689.0,120.52441,15,False
2026-01-22 00:00:00+00:00,120.97,120.97,120.5,120.77,3943.0,120.76518,21,False
2026-01-22 09:00:00+00:00,121.55,122.26,121.55,122.25,1435.0,122.07278,10,False
2026-01-22 10:00:00+00:00,122.14,122.45,121.89,122.45,862.0,122.20584,6,False
2026-01-22 11:00:00+00:00,122.01,122.01,122.01,122.01,100.0,122.01,1,False
2026-01-22 12:00:00+00:00,121.96,122.88,121.66,122.0,8104.0,122.11515,39,False
2026-01-22 13:00:00+00:00,122.0,123.2156,120.5,122.0001,32399.0,122.07739,77,False
2026-01-22 14:00:00+00:00,122.79,122.8,113.0,114.25,676092.0,116.36185,2923,False
2026-01-22 15:00:00+00:00,113.94,115.0,111.6,112.61,542621.0,113.19601,2741,True
2026-01-22 16:00:00+00:00,112.7,113.705,111.232,112.36,401277.0,112.29838,2046,True
2026-01-22 17:00:00+00:00,112.34,113.04,111.31,111.945,381134.0,112.15876,1722,True
2026-01-22 18:00:00+00:00,111.8,114.57,111.68,113.82,366401.0,113.54443,1672,True
2026-01-22 19:00:00+00:00,113.86,114.47,113.5,114.405,282402.0,113.98962,1704,True
2026-01-22 20:00:00+00:00,114.37,115.54,113.38,113.81,664336.0,114.18243,4311,True
2026-01-22 21:00:00+00:00,113.81,114.29,113.7,113.7,353618.0,113.85306,24,False
2026-01-22 22:00:00+00:00,113.51,113.52,113.51,113.52,200.0,113.515,2,False
2026-01-22 23:00:00+00:00,113.34,113.34,112.05,112.78,4728.0,112.59482,19,False
2026-01-23 00:00:00+00:00,113.29,114.0,113.29,113.5,3725.0,113.85115,11,False
2026-01-23 10:00:00+00:00,112.83,112.83,112.52,112.52,208.0,112.68096,2,False
2026-01-23 11:00:00+00:00,112.9,112.9,112.9,112.9,200.0,112.9,1,False
2026-01-23 12:00:00+00:00,113.07,113.31,113.07,113.31,699.0,113.2514,6,False
2026-01-23 13:00:00+00:00,112.03,114.134,112.03,113.06,27122.0,113.1222,45,False
2026-01-23 14:00:00+00:00,112.8226,115.0,110.81,111.435,309288.0,112.63897,1090,False
2026-01-23 15:00:00+00:00,111.33,115.53,111.0,114.71,365131.0,113.83156,1926,True
2026-01-23 16:00:00+00:00,114.66,114.89,112.81,113.03,284108.0,113.49238,1677,True
2026-01-23 17:00:00+00:00,112.92,113.55,111.36,111.38,179581.0,112.57895,1063,True
2026-01-23 18:00:00+00:00,111.405,112.37,110.91,111.8119,210809.0,111.63195,1269,True
2026-01-23 19:00:00+00:00,111.73,112.156,110.24,110.49,325345.0,111.2566,2184,True
2026-01-23 20:00:00+00:00,110.49,110.8,108.36,110.35,647466.0,109.9609,4417,True
2026-01-23 21:00:00+00:00,110.39,110.82,110.1,110.4901,317858.0,110.3956,47,False
2026-01-23 22:00:00+00:00,110.38,110.39,110.35,110.35,1920.0,110.36518,7,False
2026-01-23 23:00:00+00:00,110.24,110.28,110.15,110.15,756.0,110.22419,4,False
2026-01-24 00:00:00+00:00,110.11,110.14,109.85,109.901,2777.0,110.00584,9,False
2026-01-26 09:00:00+00:00,108.59,108.78,108.17,108.21,1719.0,108.51258,16,False
2026-01-26 10:00:00+00:00,108.01,108.3,107.66,108.0,3496.0,107.85153,26,False
2026-01-26 11:00:00+00:00,108.34,108.34,107.8,107.8,572.0,108.10126,5,False
2026-01-26 12:00:00+00:00,108.21,108.43,108.0,108.0,3693.0,108.15939,25,False
2026-01-26 13:00:00+00:00,108.34,110.665,106.2,107.3,19165.0,107.7009,101,False
2026-01-26 14:00:00+00:00,107.1614,113.6699,106.77,112.395,533190.0,110.62879,2108,False
2026-01-26 15:00:00+00:00,112.48,113.3498,109.7101,111.08,317234.0,111.58898,1694,True
2026-01-26 16:00:00+00:00,110.97,111.43,110.02,111.23,139714.0,110.75632,838,True
2026-01-26 17:00:00+00:00,111.16,112.57,111.14,111.48,133543.0,111.77616,868,True
2026-01-26 18:00:00+00:00,111.5799,111.82,111.01,111.62,134743.0,111.51363,824,True
2026-01-26 19:00:00+00:00,111.68,111.68,110.63,110.745,100172.0,111.30164,695,True
2026-01-26 20:00:00+00:00,110.69,111.87,110.3,111.3,265505.0,111.27167,1785,True
2026-01-26 21:00:00+00:00,111.3,111.65,111.27,111.27,212292.0,111.3213,37,False
2026-01-26 22:00:00+00:00,111.42,111.6283,111.27,111.45,5589.0,111.38058,17,False
2026-01-26 23:00:00+00:00,111.65,111.65,111.475,111.6,742.0,111.58484,4,False
2026-01-27 00:00:00+00:00,111.5,111.5,111.33,111.3301,1867.0,111.35575,7,False
2026-01-27 09:00:00+00:00,113.12,113.12,113.12,113.12,104.0,113.12,1,False
2026-01-27 10:00:00+00:00,113.12,113.12,113.12,113.12,0.0,113.12,0,False
2026-01-27 11:00:00+00:00,112.49,112.49,112.3,112.3,677.0,112.38353,5,False
2026-01-27 12:00:00+00:00,112.48,112.52,112.01,112.2,4158.0,112.35043,20,False
2026-01-27 13:00:00+00:00,112.27,113.86,111.598,111.6,11942.0,112.3049,55,False
2026-01-27 14:00:00+00:00,111.86,116.21,110.6,113.88,365718.0,113.60672,1627,False
2026-01-27 15:00:00+00:00,113.71,116.559,113.5,115.945,367915.0,115.06207,2065,True
2026-01-27 16:00:00+00:00,115.9375,116.48,114.72,115.65,174876.0,115.74683,959,True
2026-01-27 17:00:00+00:00,115.65,116.1392,115.14,115.6,111809.0,115.58622,614,True
2026-01-27 18:00:00+00:00,115.7221,116.49,115.2,116.28,82270.0,116.05155,501,True
2026-01-27 19:00:00+00:00,116.16,117.19,116.15,116.93,182964.0,116.73441,971,True
2026-01-27 20:00:00+00:00,116.92,118.14,116.65,118.14,385810.0,117.57214,2490,True
2026-01-27 21:00:00+00:00,118.13,120.0,118.06,119.15,383587.0,118.07343,48,False
2026-01-27 22:00:00+00:00,119.41,120.0,118.06,119.41,4206.0,118.9381,11,False
2026-01-27 23:00:00+00:00,119.53,119.7926,119.53,119.61,2458.0,119.63777,10,False
2026-01-28 00:00:00+00:00,119.91,119.9962,119.79,119.9962,2459.0,119.9369,9,False
2026-01-28 09:00:00+00:00,120.95,120.95,119.67,119.99,4826.0,120.07345,22,False
2026-01-28 10:00:00+00:00,120.18,120.45,120.01,120.01,1303.0,120.23702,10,False
2026-01-28 11:00:00+00:00,120.06,120.33,119.8,119.8,1197.0,120.06995,9,False
2026-01-28 12:00:00+00:00,119.83,119.83,119.18,119.43,2505.0,119.42048,16,False
2026-01-28 13:00:00+00:00,119.0,120.84,118.355,119.84,11373.0,119.54456,61,False
2026-01-28 14:00:00+00:00,119.73,121.0,111.5,111.5875,451600.0,115.62765,1961,False
2026-01-28 15:00:00+00:00,111.68,112.75,110.26,111.915,492401.0,111.41335,2127,True
2026-01-28 16:00:00+00:00,112.06,112.99,111.41,112.35,207092.0,112.18805,905,True
2026-01-28 17:00:00+00:00,112.45,112.66,111.25,111.2973,139798.0,111.93742,752,True
2026-01-28 18:00:00+00:00,111.27,114.3441,111.01,112.9001,205330.0,112.97659,971,True
2026-01-28 19:00:00+00:00,112.9,114.0,109.26,111.67,423012.0,112.23979,2477,True
2026-01-28 20:00:00+00:00,111.52,112.9578,111.31,112.68,350292.0,112.40688,2243,True
2026-01-28 21:00:00+00:00,112.67,113.75,112.41,113.25,180217.0,112.69859,51,False
2026-01-28 22:00:00+00:00,113.38,113.55,112.67,113.55,3227.0,113.06785,7,False
2026-01-28 23:00:00+00:00,113.2,113.45,112.74,112.74,2739.0,113.22859,12,False
2026-01-29 00:00:00+00:00,112.7,112.7,112.0,112.0,971.0,112.26837,5,False
2026-01-29 09:00:00+00:00,112.73,113.01,112.73,112.81,319.0,112.85953,3,False
2026-01-29 10:00:00+00:00,112.81,112.81,112.81,112.81,0.0,112.81,0,False
2026-01-29 11:00:00+00:00,112.81,112.81,112.81,112.81,0.0,112.81,0,False
2026-01-29 12:00:00+00:00,112.94,113.0,112.4,112.78,2974.0,112.78481,20,False
2026-01-29 13:00:00+00:00,112.3726,113.13,112.2555,112.7,7206.0,112.62843,28,False
2026-01-29 14:00:00+00:00,112.78,115.2,111.6,111.6,268501.0,113.99459,1086,False
2026-01-29 15:00:00+00:00,111.69,111.86,107.3805,107.87,485431.0,109.45201,2557,True
2026-01-29 16:00:00+00:00,108.0769,109.809,106.09,109.26,316953.0,107.96082,1552,True
2026-01-29 17:00:00+00:00,109.17,109.82,108.17,108.195,154425.0,108.99507,788,True
2026-01-29 18:00:00+00:00,108.35,109.66,108.02,108.44,108775.0,108.76367,686,True
2026-01-29 19:00:00+00:00,108.51,110.5592,107.77,107.7701,141353.0,109.23061,903,True
2026-01-29 20:00:00+00:00,108.16,108.865,107.33,108.15,361856.0,107.95532,2414,True
2026-01-29 21:00:00+00:00,108.16,108.35,108.0,108.2,328416.0,108.1609,31,False
2026-01-29 22:00:00+00:00,108.35,108.53,108.2,108.25,2181.0,108.31923,11,False
2026-01-29 23:00:00+00:00,108.4,108.4,107.9247,107.9247,1700.0,108.1679,5,False
2026-01-30 00:00:00+00:00,108.0,108.55,107.7,107.8317,1359.0,107.83531,6,False
2026-01-30 09:00:00+00:00,105.56,105.6,103.33,103.36,5707.0,104.29447,29,False
2026-01-30 10:00:00+00:00,103.74,104.85,103.74,104.2,2011.0,104.15183,11,False
2026-01-30 11:00:00+00:00,104.85,105.99,104.85,105.99,1458.0,105.56848,11,False
2026-01-30 12:00:00+00:00,105.75,106.02,105.75,106.0,773.0,105.97556,6,False
2026-01-30 13:00:00+00:00,106.64,107.0,103.21,104.95,9973.0,105.54334,60,False
2026-01-30 14:00:00+00:00,104.64,108.75,104.26,104.54,280672.0,106.11344,1274,False
2026-01-30 15:00:00+00:00,104.425,105.43,102.28,103.16,544331.0,103.75601,2798,True
2026-01-30 16:00:00+00:00,103.125,103.44,101.71,102.0,223725.0,102.39034,1234,True
2026-01-30 17:00:00+00:00,101.97,103.3,101.79,102.65,140177.0,102.66196,710,True
2026-01-30 18:00:00+00:00,102.483,104.19,101.63,103.705,182801.0,102.65239,1091,True
2026-01-30 19:00:00+00:00,103.57,104.1583,102.81,103.275,104878.0,103.64951,780,True
2026-01-30 20:00:00+00:00,103.275,103.58,102.1015,103.01,326542.0,102.86886,2466,True
2026-01-30 21:00:00+00:00,103.01,103.7327,102.0561,102.52,508321.0,103.00728,41,False
2026-01-30 22:00:00+00:00,102.06,102.7332,102.06,102.7332,761.0,102.3979,5,False
2026-01-30 23:00:00+00:00,103.01,103.01,102.84,102.84,590.0,102.95407,4,False
2026-01-31 00:00:00+00:00,102.81,103.89,102.0,102.8501,2918.0,102.71385,10,False
2026-02-02 09:00:00+00:00,100.04,100.04,98.65,99.73,3294.0,99.54156,29,False
2026-02-02 10:00:00+00:00,100.0,100.96,100.0,100.0,1976.0,100.45039,13,False
2026-02-02 11:00:00+00:00,100.63,101.3,100.63,101.3,876.0,100.94977,5,False
2026-02-02 12:00:00+00:00,101.0,101.8,100.51,100.72,4143.0,101.32905,23,False
2026-02-02 13:00:00+00:00,101.2349,101.8,97.5,101.0,15433.0,99.80274,80,False
2026-02-02 14:00:00+00:00,101.0,101.14,96.45,96.5,485759.0,98.94901,2217,False
2026-02-02 15:00:00+00:00,96.575,99.8,96.5,97.25,391061.0,98.27114,1871,True
2026-02-02 16:00:00+00:00,97.25,97.31,94.7747,95.47,373510.0,96.06755,1923,True
2026-02-02 17:00:00+00:00,95.32,96.94,95.25,96.52,167266.0,96.29184,1008,True
2026-02-02 18:00:00+00:00,96.4104,96.765,95.55,96.25,153690.0,96.15888,979,True
2026-02-02 19:00:00+00:00,96.16,96.8,95.495,95.62,143915.0,96.18833,975,True
2026-02-02 20:00:00+00:00,95.68,96.8499,95.0874,96.14,309802.0,96.23837,2029,True
2026-02-02 21:00:00+00:00,96.12,96.6964,96.0,96.24,339221.0,96.16125,35,False
2026-02-02 22:00:00+00:00,96.25,96.25,96.19,96.19,1035.0,96.20725,6,False
2026-02-02 23:00:00+00:00,96.33,96.33,95.1127,95.1127,6602.0,95.97185,28,False
2026-02-03 00:00:00+00:00,95.87,95.87,95.0715,95.87,1585.0,95.54951,7,False
2026-02-03 09:00:00+00:00,97.79,98.09,97.79,98.09,300.0,97.89333,3,False
2026-02-03 10:00:00+00:00,98.4,98.48,98.4,98.48,661.0,98.4679,2,False
2026-02-03 11:00:00+00:00,98.48,98.48,98.01,98.01,847.0,98.18244,5,False
2026-02-03 12:00:00+00:00,97.92,97.92,97.77,97.77,1510.0,97.91007,4,False
2026-02-03 13:00:00+00:00,98.0,98.76,96.72,98.4,19870.0,97.66998,62,False
2026-02-03 14:00:00+00:00,98.5,101.0,97.43,97.63,331173.0,98.95469,1267,False
2026-02-03 15:00:00+00:00,97.71,100.785,97.15,100.3593,265673.0,99.18016,1632,True
2026-02-03 16:00:00+00:00,100.3147,100.3147,98.645,99.33,98877.0,99.47418,634,True
2026-02-03 17:00:00+00:00,99.33,100.815,98.51,99.978,256592.0,99.82018,1337,True
2026-02-03 18:00:00+00:00,99.76,99.8353,97.56,97.58,140154.0,98.80879,948,True
2026-02-03 19:00:00+00:00,97.61,100.8099,97.45,100.55,182096.0,99.3019,1089,True
2026-02-03 20:00:00+00:00,100.62,103.492,100.55,103.42,434136.0,102.43631,2659,True
2026-02-03 21:00:00+00:00,103.37,103.9637,103.25,103.775,379703.0,103.3762,52,False
2026-02-03 22:00:00+00:00,103.462,103.6,102.65,102.67,5039.0,103.14885,25,False
2026-02-03 23:00:00+00:00,103.37,103.37,103.06,103.31,3450.0,103.3297,8,False
2026-02-04 00:00:00+00:00,103.34,103.34,103.0,103.0,902.0,103.20898,6,False
2026-02-04 09:00:00+00:00,104.5,104.5,103.51,104.05,1117.0,104.19682,8,False
2026-02-04 10:00:00+00:00,104.56,104.56,104.56,104.56,100.0,104.56,1,False
2026-02-04 11:00:00+00:00,104.66,105.0,104.66,105.0,1193.0,104.87502,9,False
2026-02-04 12:00:00+00:00,105.0,105.0,104.53,104.53,2094.0,104.76298,13,False
2026-02-04 13:00:00+00:00,104.77,105.94,103.628,103.95,23989.0,104.42363,56,False
2026-02-04 14:00:00+00:00,104.2,104.4444,94.83,94.84,330438.0,98.70616,1329,False
2026-02-04 15:00:00+00:00,94.84,95.01,90.5,91.55,581711.0,92.53254,3098,True
2026-02-04 16:00:00+00:00,91.595,91.71,89.0,90.085,370222.0,90.09933,2068,True
2026-02-04 17:00:00+00:00,90.14,90.14,87.3807,88.42,259821.0,88.64999,1594,True
2026-02-04 18:00:00+00:00,88.42,88.9499,87.5601,87.765,229427.0,88.20893,1378,True
2026-02-04 19:00:00+00:00,87.85,90.36,86.92,90.2975,271522.0,88.17946,1607,True
2026-02-04 20:00:00+00:00,90.4,91.59,89.85,91.31,593320.0,90.87738,3704,True
2026-02-04 21:00:00+00:00,91.33,93.3229,91.3,93.3229,399937.0,91.33513,32,False
2026-02-04 22:00:00+00:00,92.72,92.72,91.5,91.79,2256.0,92.17943,9,False
2026-02-04 23:00:00+00:00,91.5465,91.8,91.54,91.5864,965.0,91.63944,6,False
2026-02-05 00:00:00+00:00,91.52,92.0,91.5,91.8001,3130.0,91.61728,11,False
2026-02-05 09:00:00+00:00,90.77,90.99,90.77,90.99,602.0,90.90706,5,False
2026-02-05 10:00:00+00:00,90.99,91.42,90.99,91.42,346.0,91.15405,3,False
2026-02-05 11:00:00+00:00,91.44,91.44,91.0,91.0,225.0,91.20924,2,False
2026-02-05 12:00:00+00:00,91.13,91.13,87.5,87.91,4968.0,88.41985,28,False
2026-02-05 13:00:00+00:00,89.0,90.9,86.2402,87.89,21899.0,88.73727,60,False
2026-02-05 14:00:00+00:00,87.62,92.6,87.5,89.95,336914.0,89.66106,1866,False
2026-02-05 15:00:00+00:00,89.94,89.94,87.1,87.74,380649.0,88.35904,2449,True
2026-02-05 16:00:00+00:00,88.015,89.12,86.34,88.24,295784.0,87.77492,1910,True
2026-02-05 17:00:00+00:00,88.31,89.34,87.74,88.54,162305.0,88.67504,1136,True
2026-02-05 18:00:00+00:00,88.47,88.63,86.34,87.3,195109.0,87.28086,1394,True
2026-02-05 19:00:00+00:00,87.19,87.7954,86.25,86.465,219536.0,86.9235,1416,True
2026-02-05 20:00:00+00:00,86.42,86.8875,84.5,85.23,505911.0,85.14132,3478,True
2026-02-05 21:00:00+00:00,85.22,87.0,84.15,85.5,285930.0,85.24717,23,False
2026-02-05 22:00:00+00:00,84.16,84.39,82.7,82.7,3313.0,83.48552,20,False
2026-02-05 23:00:00+00:00,83.0,83.77,82.55,82.8,2130.0,82.98012,7,False
2026-02-06 00:00:00+00:00,82.71,82.71,81.07,82.61,6924.0,81.82526,27,False
2026-02-06 09:00:00+00:00,86.0,88.05,85.89,87.97,8320.0,86.89364,70,False
2026-02-06 10:00:00+00:00,87.67,88.44,87.37,88.3,4046.0,87.97415,31,False
2026-02-06 11:00:00+00:00,88.88,89.35,88.11,88.11,5308.0,88.91611,35,False
2026-02-06 12:00:00+00:00,88.59,88.65,87.7,88.0,3936.0,88.0938,29,False
2026-02-06 13:00:00+00:00,89.34,89.34,85.03,88.79,20523.0,87.97977,108,False
2026-02-06 14:00:00+00:00,88.71,90.01,88.0,88.74,342829.0,89.25596,1525,False
2026-02-06 15:00:00+00:00,88.98,90.5,88.63,90.457,348263.0,89.75238,2162,True
2026-02-06 16:00:00+00:00,90.5,92.63,89.62,92.16,467066.0,90.99355,2662,True
2026-02-06 17:00:00+00:00,92.09,92.658,91.9101,92.424,164902.0,92.3441,1048,True
2026-02-06 18:00:00+00:00,92.43,93.46,92.2587,93.21,178246.0,92.83169,1305,True
2026-02-06 19:00:00+00:00,93.26,93.55,92.74,92.91,203034.0,93.16309,1324,True
2026-02-06 20:00:00+00:00,92.82,94.67,92.65,94.45,590830.0,94.1237,4060,True
2026-02-06 21:00:00+00:00,94.45,96.0,93.0,96.0,647406.0,94.41399,46,False
2026-02-06 22:00:00+00:00,94.3034,95.9,94.3034,95.51,2473.0,95.28864,13,False
2026-02-06 23:00:00+00:00,94.91,95.98,94.85,95.5,1529.0,95.61972,7,False
2026-02-07 00:00:00+00:00,96.0,96.0,95.9344,95.9344,502.0,95.96733,3,False
2026-02-09 09:00:00+00:00,95.9,95.99,95.02,95.21,922.0,95.57809,9,False
2026-02-09 10:00:00+00:00,95.03,95.03,93.45,94.44,4040.0,93.80492,11,False
2026-02-09 11:00:00+00:00,94.75,95.0,94.5,94.73,1738.0,94.62816,6,False
2026-02-09 12:00:00+00:00,94.97,95.87,94.0,95.1,4092.0,95.11589,33,False
2026-02-09 13:00:00+00:00,93.45,96.31,93.45,94.8,14090.0,94.74476,81,False
2026-02-09 14:00:00+00:00,94.2666,96.45,93.2,95.52,243168.0,94.79862,1181,False
2026-02-09 15:00:00+00:00,95.455,98.42,95.32,98.005,285779.0,97.03132,1714,True
2026-02-09 16:00:00+00:00,98.02,99.35,97.7819,98.93,245077.0,98.67644,1419,True
2026-02-09 17:00:00+00:00,98.925,99.78,98.84,98.905,134604.0,99.27158,965,True
2026-02-09 18:00:00+00:00,98.905,99.09,97.96,98.8625,163315.0,98.68475,1159,True
2026-02-09 19:00:00+00:00,98.82,99.384,98.68,98.817,123325.0,98.97297,738,True
2026-02-09 20:00:00+00:00,98.78,99.355,98.53,98.821,341343.0,98.93155,2592,True
2026-02-09 21:00:00+00:00,98.81,99.3524,98.81,98.96,338321.0,98.8221,35,False
2026-02-09 22:00:00+00:00,99.0,99.0,97.86,97.86,9751.0,97.90276,4,False
2026-02-09 23:00:00+00:00,98.81,98.81,98.81,98.81,200.0,98.81,2,False
2026-02-10 00:00:00+00:00,98.88,99.25,98.81,99.25,1078.0,98.97328,9,False
2026-02-10 12:00:00+00:00,99.0,99.5,99.0,99.0,6683.0,99.30052,23,False
2026-02-10 13:00:00+00:00,98.9,99.5395,98.0746,98.5,20750.0,99.00461,50,False
2026-02-10 14:00:00+00:00,99.0,99.5,94.2,95.045,265900.0,96.55249,1172,False
2026-02-10 15:00:00+00:00,95.2,96.3399,94.41,95.845,154616.0,95.3746,960,True
2026-02-10 16:00:00+00:00,95.9,96.25,95.0,95.4,120357.0,95.51121,758,True
2026-02-10 17:00:00+00:00,95.4,95.79,95.04,95.34,70772.0,95.48037,420,True
2026-02-10 18:00:00+00:00,95.31,95.3807,93.21,93.52,146611.0,94.08125,839,True
2026-02-10 19:00:00+00:00,93.52,94.655,93.37,94.13,90240.0,93.94425,585,True
2026-02-10 20:00:00+00:00,94.12,94.47,93.275,93.45,238751.0,93.63768,1495,True
2026-02-10 21:00:00+00:00,93.46,94.574,93.0,93.45,220603.0,93.49659,37,False
2026-02-10 22:00:00+00:00,93.48,93.48,92.62,93.47,319.0,93.20727,3,False
2026-02-10 23:00:00+00:00,93.35,93.55,93.0565,93.55,854.0,93.41656,4,False
2026-02-11 00:00:00+00:00,93.35,93.35,93.03,93.03,854.0,93.17855,5,False
2026-02-11 09:00:00+00:00,94.12,94.26,94.0,94.0,411.0,94.13217,4,False
2026-02-11 10:00:00+00:00,93.55,93.55,93.48,93.5,1416.0,93.50901,4,False
2026-02-11 11:00:00+00:00,93.97,94.68,93.6,93.6,715.0,94.1528,7,False
2026-02-11 12:00:00+00:00,93.6,93.8,93.6,93.63,8322.0,93.64865,17,False
2026-02-11 13:00:00+00:00,93.8,96.0,93.5,96.0,13074.0,94.84952,56,False
2026-02-11 14:00:00+00:00,95.6,96.55,90.76,91.375,222914.0,93.47735,1016,False
2026-02-11 15:00:00+00:00,91.36,91.46,85.8201,88.275,503719.0,87.67298,2778,True
2026-02-11 16:00:00+00:00,88.38,88.99,87.365,87.37,144230.0,88.15548,813,True
2026-02-11 17:00:00+00:00,87.34,87.34,85.3,85.43,162301.0,86.52543,1042,True
2026-02-11 18:00:00+00:00,85.43,86.54,85.02,86.31,158502.0,85.85643,960,True
2026-02-11 19:00:00+00:00,86.31,87.955,86.23,87.385,191473.0,87.07894,1257,True
2026-02-11 20:00:00+00:00,87.3,88.015,86.91,87.74,342039.0,87.50272,2218,True
2026-02-11 21:00:00+00:00,87.78,88.19,87.74,88.11,218469.0,87.7837,37,False
2026-02-11 22:00:00+00:00,88.0,88.19,87.78,88.19,2248.0,87.87592,7,False
2026-02-11 23:00:00+00:00,87.85,88.1259,87.5,87.5,1332.0,87.90113,6,False
2026-02-12 00:00:00+00:00,87.54,88.0,87.51,88.0,742.0,87.64612,4,False
2026-02-12 09:00:00+00:00,88.51,88.6,88.51,88.6,200.0,88.555,2,False
2026-02-12 10:00:00+00:00,88.75,88.75,88.29,88.3,1848.0,88.44522,12,False
2026-02-12 11:00:00+00:00,88.3,88.3,88.3,88.3,0.0,88.3,0,False
2026-02-12 12:00:00+00:00,88.5,88.5,87.96,88.08,1317.0,88.13192,7,False
2026-02-12 13:00:00+00:00,88.68,88.75,87.9,88.68,9416.0,88.41506,53,False
2026-02-12 14:00:00+00:00,88.656,89.59,86.63,87.373,203049.0,88.27975,831,False
2026-02-12 15:00:00+00:00,87.16,89.11,87.01,88.775,195315.0,88.39009,1277,True
2026-02-12 16:00:00+00:00,88.775,88.87,85.25,85.69,192566.0,86.79292,1160,True
2026-02-12 17:00:00+00:00,85.69,88.55,85.51,87.53,127412.0,87.07236,845,True
2026-02-12 18:00:00+00:00,87.44,88.01,87.05,87.51,124591.0,87.56221,769,True
2026-02-12 19:00:00+00:00,87.575,88.24,86.8894,87.805,71776.0,87.51681,522,True
2026-02-12 20:00:00+00:00,87.805,88.34,86.42,87.02,283765.0,87.22366,1849,True
2026-02-12 21:00:00+00:00,87.05,87.7054,86.13,86.51,298603.0,87.04683,28,False
2026-02-12 22:00:00+00:00,86.67,87.13,86.67,87.13,950.0,87.08158,3,False
2026-02-12 23:00:00+00:00,87.5,87.83,87.08,87.3,1302.0,87.38061,5,False
2026-02-13 00:00:00+00:00,87.82,87.82,87.0,87.1823,801.0,87.2503,5,False
2026-02-13 09:00:00+00:00,87.1,87.3,87.1,87.3,1260.0,87.25238,4,False
2026-02-13 10:00:00+00:00,87.24,87.26,87.13,87.13,807.0,87.24141,6,False
2026-02-13 11:00:00+00:00,86.26,86.26,85.83,86.0,620.0,86.03226,6,False
2026-02-13 12:00:00+00:00,86.01,86.44,86.01,86.44,600.0,86.275,3,False
2026-02-13 13:00:00+00:00,86.75,87.88,85.7532,87.5,14039.0,87.13522,56,False
2026-02-13 14:00:00+00:00,87.8355,90.65,86.74,88.92,156317.0,88.7253,684,False
2026-02-13 15:00:00+00:00,89.445,92.2379,89.17,91.08,205770.0,90.93772,1159,True
2026-02-13 16:00:00+00:00,91.08,91.55,89.5766,89.775,101729.0,90.38534,627,True
2026-02-13 17:00:00+00:00,89.75,90.31,89.69,89.95,67413.0,89.99528,450,True
2026-02-13 18:00:00+00:00,90.02,90.4423,89.145,89.505,94830.0,89.74006,626,True
2026-02-13 19:00:00+00:00,89.58,89.58,88.357,88.4638,73254.0,89.06524,458,True
2026-02-13 20:00:00+00:00,88.66,89.2299,88.11,89.06,196662.0,88.6922,1310,True
2026-02-13 21:00:00+00:00,89.06,90.03,88.3742,88.56,173484.0,89.05977,34,False
2026-02-13 22:00:00+00:00,89.3,89.54,89.03,89.54,2147.0,89.29919,9,False
2026-02-13 23:00:00+00:00,89.4,89.4,89.06,89.06,1390.0,89.08813,2,False
2026-02-14 00:00:00+00:00,89.3,90.2295,89.3,90.2295,535.0,89.61653,4,False
2026-02-17 09:00:00+00:00,88.48,88.48,88.28,88.28,200.0,88.38,2,False
2026-02-17 10:00:00+00:00,88.28,88.28,88.28,88.28,0.0,88.28,0,False
2026-02-17 11:00:00+00:00,88.06,88.06,88.06,88.06,100.0,88.06,1,False
2026-02-17 12:00:00+00:00,87.99,88.49,87.99,88.48,553.0,88.29685,5,False
2026-02-17 13:00:00+00:00,88.2,89.282,87.54,88.8089,5779.0,88.28453,35,False
2026-02-17 14:00:00+00:00,89.0,89.7144,87.07,87.16,207434.0,88.11078,837,False
2026-02-17 15:00:00+00:00,87.15,89.605,87.15,89.6,157152.0,88.50735,1054,True
2026-02-17 16:00:00+00:00,89.65,92.675,89.55,92.5304,251694.0,91.47206,1587,True
2026-02-17 17:00:00+00:00,92.3,92.3584,90.97,92.05,156408.0,91.62646,1003,True
2026-02-17 18:00:00+00:00,91.95,93.35,91.38,93.075,153477.0,92.30237,1005,True
2026-02-17 19:00:00+00:00,93.0,93.15,91.66,91.9707,121741.0,92.40693,792,True
2026-02-17 20:00:00+00:00,91.89,92.1799,91.11,91.99,250319.0,91.78407,1817,True
2026-02-17 21:00:00+00:00,91.97,92.95,91.68,92.4605,223154.0,91.97317,34,False
2026-02-17 22:00:00+00:00,92.5827,92.5827,92.03,92.03,700.0,92.20324,5,False
2026-02-17 23:00:00+00:00,91.56,92.1131,91.56,92.0,1293.0,91.89083,9,False
2026-02-18 00:00:00+00:00,91.8,92.73,91.8,92.66,850.0,92.55765,3,False
2026-02-18 09:00:00+00:00,93.5,93.63,93.4,93.4,700.0,93.47714,7,False
2026-02-18 10:00:00+00:00,93.16,93.28,93.16,93.18,950.0,93.1916,9,False
2026-02-18 11:00:00+00:00,93.2,93.2,92.5,92.5,200.0,92.85,2,False
2026-02-18 12:00:00+00:00,92.48,92.68,92.48,92.63,2402.0,92.62218,14,False
2026-02-18 13:00:00+00:00,92.5,93.8065,92.1,93.1,7078.0,93.07691,36,False
2026-02-18 14:00:00+00:00,93.15,98.19,92.94,97.84,374728.0,95.67379,1994,False
2026-02-18 15:00:00+00:00,97.84,99.41,97.84,99.23,322865.0,98.78117,1621,True
2026-02-18 16:00:00+00:00,99.245,99.72,98.8301,99.17,151354.0,99.19612,853,True
2026-02-18 17:00:00+00:00,99.1,99.98,98.95,99.9,123994.0,99.4789,728,True
2026-02-18 18:00:00+00:00,99.83,100.5,98.8,99.3622,263769.0,99.57554,1402,True
2026-02-18 19:00:00+00:00,99.3,99.56,95.8001,95.98,294180.0,98.03154,1561,True
2026-02-18 20:00:00+00:00,96.06,97.25,95.11,97.18,362552.0,96.49143,2251,True
2026-02-18 21:00:00+00:00,97.21,100.0,96.67,97.9826,379041.0,97.24583,73,False
2026-02-18 22:00:00+00:00,98.0,99.0,97.79,98.8598,2062.0,98.27827,13,False
2026-02-18 23:00:00+00:00,98.34,98.6693,98.25,98.34,1249.0,98.35436,6,False
2026-02-19 00:00:00+00:00,98.415,98.67,97.99,98.5333,1472.0,98.33526,14,False
2026-02-19 09:00:00+00:00,98.51,98.8,97.5,97.5,2116.0,97.93188,12,False
2026-02-19 10:00:00+00:00,97.99,97.99,97.99,97.99,100.0,97.99,1,False
2026-02-19 11:00:00+00:00,97.99,97.99,97.99,97.99,127.0,97.99,1,False
2026-02-19 12:00:00+00:00,98.0,98.9,97.96,98.72,8270.0,98.224,16,False
2026-02-19 13:00:00+00:00,97.98,99.7,97.91,98.847,31537.0,98.78074,110,False
2026-02-19 14:00:00+00:00,98.41,101.78,96.98,100.1141,543545.0,99.62049,2632,False
2026-02-19 15:00:00+00:00,100.19,105.2498,99.42,103.31,657904.0,102.8623,3196,True
2026-02-19 16:00:00+00:00,103.2378,103.6334,100.93,101.58,318985.0,102.44258,1642,True
2026-02-19 17:00:00+00:00,101.57,103.2,100.975,102.265,297688.0,102.53248,1703,True
2026-02-19 18:00:00+00:00,102.3058,102.73,100.91,102.63,237236.0,101.86162,1213,True
2026-02-19 19:00:00+00:00,102.575,104.36,102.5,103.995,250263.0,103.54699,1410,True
2026-02-19 20:00:00+00:00,104.13,105.91,103.86,105.67,744036.0,105.09402,4474,True
2026-02-19 21:00:00+00:00,105.69,106.1639,105.1676,106.1,515805.0,105.67862,48,False
2026-02-19 22:00:00+00:00,105.9,106.4599,105.6388,106.0882,6390.0,106.01078,21,False
2026-02-19 23:00:00+00:00,106.46,108.0,106.46,107.57,5740.0,107.15905,17,False
2026-02-20 00:00:00+00:00,108.0,108.0,106.9,107.3501,8139.0,107.61232,35,False
2026-02-20 09:00:00+00:00,107.0,107.41,106.7,106.7,3760.0,107.06799,26,False
2026-02-20 10:00:00+00:00,107.0,107.08,106.7,106.7,4807.0,106.94472,24,False
2026-02-20 11:00:00+00:00,106.7,106.72,106.3,106.5,1443.0,106.57993,9,False
2026-02-20 12:00:00+00:00,106.32,107.25,106.15,107.25,12741.0,106.72458,54,False
2026-02-20 13:00:00+00:00,106.7,109.5,106.2,107.6486,47362.0,107.37992,166,False
2026-02-20 14:00:00+00:00,107.74,107.9,101.44,102.56,508231.0,103.62521,2288,False
2026-02-20 15:00:00+00:00,102.72,105.52,101.15,102.18,364787.0,102.92041,2023,True
2026-02-20 16:00:00+00:00,102.23,103.14,101.01,101.275,219636.0,101.95982,1178,True
2026-02-20 17:00:00+00:00,101.325,101.36,96.78,97.815,483629.0,98.45517,2681,True
2026-02-20 18:00:00+00:00,97.82,99.5,96.83,99.45,222152.0,98.21468,1234,True
2026-02-20 19:00:00+00:00,99.47,99.57,95.82,95.9,242169.0,97.71976,1259,True
2026-02-20 20:00:00+00:00,95.98,96.78,95.43,96.1,458038.0,95.99363,2927,True
2026-02-20 21:00:00+00:00,96.11,96.7,96.08,96.15,344934.0,96.08554,47,False
2026-02-20 22:00:00+00:00,96.1934,97.2,96.1934,96.66,1633.0,96.8783,9,False
2026-02-20 23:00:00+00:00,96.84,96.84,96.65,96.69,947.0,96.71793,7,False
2026-02-21 00:00:00+00:00,96.79,96.84,96.6,96.75,3816.0,96.72627,15,False
2026-02-23 09:00:00+00:00,94.98,95.48,94.98,95.4,1717.0,95.19936,11,False
2026-02-23 10:00:00+00:00,95.02,95.02,94.8,94.8,1124.0,94.88665,6,False
2026-02-23 11:00:00+00:00,95.3,95.3,94.8,94.8,812.0,95.14298,5,False
2026-02-23 12:00:00+00:00,94.8,94.96,93.75,94.05,3891.0,94.30172,25,False
2026-02-23 13:00:00+00:00,94.8,95.5,93.6028,95.033,27656.0,94.65497,101,False
2026-02-23 14:00:00+00:00,94.6007,94.94,91.0,93.705,309213.0,93.18503,1379,False
2026-02-23 15:00:00+00:00,93.7,94.2,91.8,92.29,284197.0,92.54664,1579,True
2026-02-23 16:00:00+00:00,92.2931,93.23,91.7,91.985,197051.0,92.30048,968,True
2026-02-23 17:00:00+00:00,92.065,92.86,91.56,92.86,117745.0,92.27353,790,True
2026-02-23 18:00:00+00:00,92.73,93.8,92.73,92.99,156658.0,93.24894,901,True
2026-02-23 19:00:00+00:00,93.0,93.83,92.82,93.745,127128.0,93.28535,773,True
2026-02-23 20:00:00+00:00,93.774,95.0799,93.71,94.49,448434.0,94.45698,2731,True
2026-02-23 21:00:00+00:00,94.48,94.48,87.72,91.76,442344.0,93.23488,596,False
2026-02-23 22:00:00+00:00,91.84,92.72,90.5,90.6438,20863.0,91.69919,78,False
2026-02-23 23:00:00+00:00,90.51,92.71,90.51,91.8746,10610.0,92.00789,36,False
2026-02-24 00:00:00+00:00,91.69,92.0,91.428,91.428,3887.0,91.57642,18,False
2026-02-24 09:00:00+00:00,91.25,91.25,87.0,89.0,12658.0,89.38202,48,False
2026-02-24 10:00:00+00:00,89.0,89.0,88.1,88.1,400.0,88.605,3,False
2026-02-24 11:00:00+00:00,89.7,90.0,89.7,90.0,250.0,89.88,2,False
2026-02-24 12:00:00+00:00,89.72,92.02,89.72,91.38,8946.0,91.25081,50,False
2026-02-24 13:00:00+00:00,89.5,92.4,88.2031,92.23,20200.0,90.7654,75,False
2026-02-24 14:00:00+00:00,92.0,92.0,84.04,86.98,920090.0,87.60188,4413,False
2026-02-24 15:00:00+00:00,86.9,90.35,85.74,88.6,739980.0,88.30618,4063,True
2026-02-24 16:00:00+00:00,88.6,90.6,88.22,89.39,406156.0,89.57911,2507,True
2026-02-24 17:00:00+00:00,89.27,90.8,88.0,88.23,308300.0,89.21495,2089,True
2026-02-24 18:00:00+00:00,88.3,89.3462,88.1635,89.01,250159.0,88.75829,1851,True
2026-02-24 19:00:00+00:00,89.01,91.74,88.91,90.66,488935.0,90.28166,2921,True
2026-02-24 20:00:00+00:00,90.66,91.24,89.89,90.6,683573.0,90.52035,4223,True
2026-02-24 21:00:00+00:00,90.61,91.42,90.61,90.7385,360988.0,90.68378,25,False
2026-02-24 22:00:00+00:00,91.1249,91.13,90.68,90.9833,3773.0,90.74667,9,False
2026-02-24 23:00:00+00:00,90.9257,91.1394,90.7,90.7,6009.0,91.06166,11,False
2026-02-25 00:00:00+00:00,91.14,91.4,91.1,91.3244,1695.0,91.24284,12,False
2026-02-25 09:00:00+00:00,91.63,91.63,91.24,91.24,760.0,91.35184,7,False
2026-02-25 10:00:00+00:00,91.32,91.32,91.32,91.32,100.0,91.32,1,False
2026-02-25 11:00:00+00:00,91.32,91.5,91.32,91.5,446.0,91.41283,2,False
2026-02-25 12:00:00+00:00,91.7,91.71,91.34,91.4,3262.0,91.44752,12,False
2026-02-25 13:00:00+00:00,91.11,93.0,90.91,92.7261,22856.0,91.75637,78,False
2026-02-25 14:00:00+00:00,92.6001,93.28,90.68,92.44,264243.0,92.27398,1105,False
2026-02-25 15:00:00+00:00,92.355,92.4999,89.38,91.245,268828.0,90.60607,1411,True
2026-02-25 16:00:00+00:00,91.36,91.4399,89.79,91.21,160687.0,90.62119,877,True
2026-02-25 17:00:00+00:00,91.15,91.28,89.88,89.88,92826.0,90.70193,554,True
2026-02-25 18:00:00+00:00,89.945,90.67,89.11,90.26,122588.0,89.72763,728,True
2026-02-25 19:00:00+00:00,90.25,90.6,89.925,89.96,71971.0,90.31219,417,True
2026-02-25 20:00:00+00:00,89.9431,90.05,88.205,88.23,284035.0,88.95037,1670,True
2026-02-25 21:00:00+00:00,88.23,88.56,88.0868,88.48,133662.0,88.23511,38,False
2026-02-25 22:00:00+00:00,88.78,89.0,88.78,88.8005,2776.0,88.89011,17,False
2026-02-25 23:00:00+00:00,88.9867,88.9867,88.8,88.8,2403.0,88.82651,15,False
2026-02-26 00:00:00+00:00,88.8,88.81,88.49,88.7461,3075.0,88.72643,13,False
2026-02-26 09:00:00+00:00,88.88,88.88,88.88,88.88,478.0,88.88,1,False
2026-02-26 10:00:00+00:00,89.1,89.1,89.1,89.1,164.0,89.1,1,False
2026-02-26 11:00:00+00:00,89.25,89.25,89.0,89.0,200.0,89.125,2,False
2026-02-26 12:00:00+00:00,88.85,88.85,88.77,88.77,452.0,88.8083,3,False
2026-02-26 13:00:00+00:00,89.24,89.47,88.5,88.79,9067.0,88.99346,41,False
2026-02-26 14:00:00+00:00,88.8,89.46,86.64,88.5799,209776.0,88.24751,758,False
2026-02-26 15:00:00+00:00,88.79,91.16,88.15,90.88,314938.0,89.52537,1804,True
2026-02-26 16:00:00+00:00,90.76,91.83,89.51,89.51,296630.0,91.01704,1254,True
2026-02-26 17:00:00+00:00,89.65,90.22,88.5,89.09,124048.0,89.4571,759,True
2026-02-26 18:00:00+00:00,89.115,90.71,88.5001,90.27,112962.0,89.73176,730,True
2026-02-26 19:00:00+00:00,90.18,92.18,90.17,91.81,159317.0,91.30523,897,True
2026-02-26 20:00:00+00:00,91.81,92.44,91.71,92.15,331635.0,92.07005,2194,True
2026-02-26 21:00:00+00:00,92.14,92.14,86.0,87.51,257224.0,91.23005,266,False
2026-02-26 22:00:00+00:00,87.45,88.98,87.45,87.85,23584.0,87.7662,99,False
2026-02-26 23:00:00+00:00,88.0,88.3,87.86,88.0065,8857.0,87.99374,47,False
2026-02-27 00:00:00+00:00,88.0,88.13,87.92,88.0,8098.0,87.96782,38,False
2026-02-27 09:00:00+00:00,87.0,87.12,86.0,86.3,4669.0,86.51943,21,False
2026-02-27 10:00:00+00:00,86.61,86.61,86.28,86.6,1278.0,86.48612,8,False
2026-02-27 11:00:00+00:00,86.6,86.6,86.35,86.5,4879.0,86.50588,30,False
2026-02-27 12:00:00+00:00,86.44,86.5,85.1,85.3,138258.0,85.54324,320,False
2026-02-27 13:00:00+00:00,86.43,87.7,83.21,83.88,729204.0,84.56419,1541,False
2026-02-27 14:00:00+00:00,83.8,86.4,83.53,84.9,2480806.0,85.15302,10790,False
2026-02-27 15:00:00+00:00,84.9,86.02,84.6,85.655,1233911.0,85.4642,7175,True
2026-02-27 16:00:00+00:00,85.655,85.85,85.0401,85.2485,487629.0,85.43268,3337,True
2026-02-27 17:00:00+00:00,85.21,85.53,84.16,84.85,744390.0,84.88107,4322,True
2026-02-27 18:00:00+00:00,84.85,85.24,84.0,85.145,706402.0,84.5311,3994,True
2026-02-27 19:00:00+00:00,85.14,85.58,85.0,85.38,652039.0,85.26253,3283,True
2026-02-27 20:00:00+00:00,85.38,86.3,85.27,86.2,1183226.0,85.93426,7522,True
2026-02-27 21:00:00+00:00,86.21,87.0,85.88,86.52,1294852.0,86.17642,143,False
2026-02-27 22:00:00+00:00,86.6,87.5,86.5992,86.98,6525.0,86.82941,17,False
2026-02-27 23:00:00+00:00,86.75,87.15,86.75,86.98,5053.0,86.9743,26,False
2026-02-28 00:00:00+00:00,86.98,87.0,86.8,86.98,5260.0,86.95509,20,False
2026-03-02 09:00:00+00:00,94.88,95.5,92.91,93.8,35876.0,93.78428,172,False
2026-03-02 10:00:00+00:00,93.99,95.0,93.93,94.5,23971.0,94.68251,140,False
2026-03-02 11:00:00+00:00,94.9,95.0,92.07,92.3,37280.0,93.61031,134,False
2026-03-02 12:00:00+00:00,92.31,92.98,90.65,90.78,36908.0,91.55087,166,False
2026-03-02 13:00:00+00:00,94.9626,98.5,86.18,91.9988,355395.0,92.50189,1273,False
2026-03-02 14:00:00+00:00,92.0,94.84,86.18,94.525,2566564.0,92.67294,12245,False
2026-03-02 15:00:00+00:00,94.44,97.1,93.57,94.0,2160047.0,95.42067,10378,True
2026-03-02 16:00:00+00:00,94.0087,94.0087,85.33,89.885,2259617.0,89.52479,10843,True
2026-03-02 17:00:00+00:00,89.99,90.285,87.99,90.285,810284.0,89.30164,3975,True
2026-03-02 18:00:00+00:00,90.36,90.96,89.29,90.465,656867.0,90.37983,3566,True
2026-03-02 19:00:00+00:00,90.45,90.61,89.74,89.9,560474.0,90.08554,3536,True
2026-03-02 20:00:00+00:00,89.89,91.31,89.73,90.72,1426296.0,90.56785,8461,True
2026-03-02 21:00:00+00:00,90.72,91.32,90.53,91.32,3133615.0,90.72206,101,False
2026-03-02 22:00:00+00:00,91.4,92.21,91.0,91.0,11764.0,91.30608,44,False
2026-03-02 23:00:00+00:00,91.1,91.7,90.82,91.7,4361.0,91.08763,23,False
2026-03-03 00:00:00+00:00,91.55,91.8348,91.4,91.65,5441.0,91.58878,25,False
2026-03-03 09:00:00+00:00,90.73,91.0,89.5,89.5,7174.0,90.57134,41,False
2026-03-03 10:00:00+00:00,89.33,90.0,88.12,89.61,4595.0,89.22153,27,False
2026-03-03 11:00:00+00:00,89.47,90.3,88.51,90.3,4556.0,89.3,24,False
2026-03-03 12:00:00+00:00,90.34,90.7,89.35,89.94,9147.0,89.94708,46,False
2026-03-03 13:00:00+00:00,89.392,91.95,88.71,90.23,66830.0,90.12074,193,False
2026-03-03 14:00:00+00:00,90.3,91.34,88.31,89.345,612749.0,89.88342,2811,False
2026-03-03 15:00:00+00:00,89.35,90.7619,86.6,88.25,597870.0,88.5645,3290,True
2026-03-03 16:00:00+00:00,88.14,90.59,87.86,90.2,426405.0,89.30118,2466,True
2026-03-03 17:00:00+00:00,90.2,92.625,89.88,91.965,771401.0,91.74236,3881,True
2026-03-03 18:00:00+00:00,91.96,93.22,90.075,90.108,527912.0,91.95542,2872,True
2026-03-03 19:00:00+00:00,90.35,91.34,89.15,89.88,355133.0,90.16286,2176,True
2026-03-03 20:00:00+00:00,89.875,90.76,88.88,88.92,648911.0,89.70103,4345,True
2026-03-03 21:00:00+00:00,88.95,89.8,88.52,88.52,1989301.0,88.95012,46,False
2026-03-03 22:00:00+00:00,88.5737,88.92,88.5737,88.65,1094.0,88.73187,6,False
2026-03-03 23:00:00+00:00,88.62,88.86,88.45,88.86,1878.0,88.60388,11,False
2026-03-04 00:00:00+00:00,88.75,89.82,88.62,88.62,4157.0,88.81786,11,False
2026-03-04 09:00:00+00:00,87.87,88.95,87.87,88.95,2834.0,88.68715,14,False
2026-03-04 10:00:00+00:00,89.02,89.47,88.99,89.0,1267.0,89.04815,8,False
2026-03-04 11:00:00+00:00,89.04,89.4,88.8,88.8,563.0,89.07908,4,False
2026-03-04 12:00:00+00:00,89.7,89.7,88.5,89.4,5389.0,88.99525,22,False
2026-03-04 13:00:00+00:00,89.78,89.95,87.0,89.38,18873.0,88.9566,94,False
2026-03-04 14:00:00+00:00,89.43,90.1,85.75,86.92,462614.0,87.41136,2022,False
2026-03-04 15:00:00+00:00,87.205,89.6899,86.91,88.79,279656.0,88.48587,1621,True
2026-03-04 16:00:00+00:00,88.8278,89.05,87.72,89.0,188552.0,88.55572,1067,True
2026-03-04 17:00:00+00:00,88.805,89.09,88.195,88.755,120085.0,88.66737,758,True
2026-03-04 18:00:00+00:00,88.76,88.8,87.35,88.26,163228.0,87.89301,953,True
2026-03-04 19:00:00+00:00,88.275,89.12,88.12,89.1,149338.0,88.6291,1071,True
2026-03-04 20:00:00+00:00,89.09,89.97,88.5499,89.1,493850.0,89.25309,3141,True
2026-03-04 21:00:00+00:00,89.13,89.37,88.24,88.94,189878.0,89.12873,16,False
2026-03-04 22:00:00+00:00,88.75,89.0,88.558,88.93,1756.0,88.82767,7,False
2026-03-04 23:00:00+00:00,89.07,89.35,89.0,89.07,3774.0,89.14647,23,False
2026-03-05 00:00:00+00:00,89.12,89.35,89.1,89.1,1462.0,89.22555,7,False
2026-03-05 09:00:00+00:00,89.98,89.98,89.23,89.42,775.0,89.49514,7,False
2026-03-05 10:00:00+00:00,89.19,89.64,89.13,89.39,727.0,89.3237,6,False
2026-03-05 11:00:00+00:00,89.5,89.62,89.36,89.4,2116.0,89.48488,13,False
2026-03-05 12:00:00+00:00,89.5,89.7,89.25,89.25,2005.0,89.50394,17,False
2026-03-05 13:00:00+00:00,89.8,90.0,88.6,88.6,17309.0,89.27401,67,False
2026-03-05 14:00:00+00:00,88.55,89.49,86.5,87.2138,269878.0,88.17482,1249,False
2026-03-05 15:00:00+00:00,87.2309,87.95,85.16,86.49,412737.0,86.16119,2137,True
2026-03-05 16:00:00+00:00,86.48,86.5,84.23,85.325,316758.0,85.13162,1631,True
2026-03-05 17:00:00+00:00,85.325,85.707,82.53,82.675,369227.0,83.83228,2066,True
2026-03-05 18:00:00+00:00,82.61,84.03,82.4,83.3,193739.0,83.369,1137,True
2026-03-05 19:00:00+00:00,83.27,84.86,83.27,84.0623,200417.0,84.26182,1227,True
2026-03-05 20:00:00+00:00,84.055,86.055,84.055,85.539,600615.0,85.45322,3901,True
2026-03-05 21:00:00+00:00,85.54,85.73,84.9,84.9122,520122.0,85.53558,59,False
2026-03-05 22:00:00+00:00,85.34,85.53,84.88,84.88,400.0,85.29888,4,False
2026-03-05 23:00:00+00:00,85.31,85.75,85.31,85.65,1532.0,85.51938,9,False
2026-03-06 00:00:00+00:00,85.56,86.59,85.56,86.48,2786.0,85.95317,16,False
2026-03-06 09:00:00+00:00,86.45,86.75,85.82,85.82,1240.0,86.40645,9,False
2026-03-06 10:00:00+00:00,85.44,85.8,85.44,85.5,1204.0,85.65824,8,False
2026-03-06 11:00:00+00:00,85.5,85.5,84.95,84.97,612.0,85.24183,4,False
2026-03-06 12:00:00+00:00,85.0,85.16,84.42,84.42,2529.0,84.82206,20,False
2026-03-06 13:00:00+00:00,85.33,86.2,83.4033,83.923,22299.0,84.61829,101,False
2026-03-06 14:00:00+00:00,83.87,86.6399,81.5,85.16,462843.0,84.15685,2189,False
2026-03-06 15:00:00+00:00,85.35,89.23,85.22,88.2,698813.0,87.80027,3736,True
2026-03-06 16:00:00+00:00,87.9,90.055,87.63,89.57,571582.0,89.13996,3426,True
2026-03-06 17:00:00+00:00,89.5692,89.9283,88.25,89.45,290416.0,89.03519,1776,True
2026-03-06 18:00:00+00:00,89.45,90.88,89.185,89.66,470500.0,89.94559,2326,True
2026-03-06 19:00:00+00:00,89.74,90.0,88.99,89.15,384066.0,89.51451,2013,True
2026-03-06 20:00:00+00:00,89.19,89.5899,86.47,86.93,671619.0,87.39342,4542,True
2026-03-06 21:00:00+00:00,87.0,87.43,86.55,87.2,359589.0,87.00318,58,False
2026-03-06 22:00:00+00:00,87.1,87.26,86.79,87.26,3619.0,87.06511,21,False
2026-03-06 23:00:00+00:00,87.2,87.2,86.6982,87.0,3917.0,87.05434,16,False
2026-03-07 00:00:00+00:00,87.0,87.0,86.9,86.94,1149.0,86.92672,5,False
2026-03-09 08:00:00+00:00,89.45,89.45,88.08,88.1,3739.0,88.41978,21,False
2026-03-09 09:00:00+00:00,88.77,89.5,88.7,88.7,1755.0,88.92284,11,False
2026-03-09 10:00:00+00:00,88.5,88.74,88.1,88.34,1772.0,88.47057,7,False
2026-03-09 11:00:00+00:00,88.45,88.47,86.87,87.74,9673.0,87.45147,49,False
2026-03-09 12:00:00+00:00,87.504,89.6,86.82,88.0,25298.0,88.06952,90,False
2026-03-09 13:00:00+00:00,88.46,90.37,87.2001,90.01,461568.0,88.76585,2173,False
2026-03-09 14:00:00+00:00,90.01,90.82,87.44,89.26,537593.0,89.41254,2972,True
2026-03-09 15:00:00+00:00,89.26,89.94,88.36,89.61,220043.0,89.16092,1178,True
2026-03-09 16:00:00+00:00,89.56,92.22,89.28,91.9,314005.0,90.83399,1725,True
2026-03-09 17:00:00+00:00,91.89,92.39,91.06,92.01,353801.0,91.7259,1973,True
2026-03-09 18:00:00+00:00,92.02,93.2,91.64,91.725,356677.0,92.50832,2040,True
2026-03-09 19:00:00+00:00,91.725,93.67,91.725,92.47,842803.0,92.48879,5054,True
2026-03-09 20:00:00+00:00,92.47,92.99,91.9,92.1001,447710.0,92.46514,52,False
2026-03-09 21:00:00+00:00,92.15,92.29,92.0113,92.25,2591.0,92.11669,15,False
2026-03-09 22:00:00+00:00,92.12,92.12,91.19,91.75,4366.0,91.65003,17,False
2026-03-09 23:00:00+00:00,91.7,91.83,91.65,91.65,1171.0,91.71388,5,False
2026-03-10 08:00:00+00:00,91.5,92.02,91.5,91.5,1441.0,91.91705,9,False
2026-03-10 09:00:00+00:00,91.5,91.5,91.5,91.5,0.0,91.5,0,False
2026-03-10 10:00:00+00:00,91.21,91.55,91.0,91.35,2074.0,91.32648,13,False
2026-03-10 11:00:00+00:00,91.44,91.44,91.1,91.2,656.0,91.21829,3,False
2026-03-10 12:00:00+00:00,91.34,92.26,90.0,91.1,12439.0,91.10677,58,False
2026-03-10 13:00:00+00:00,91.5007,92.3,88.66,90.75,336496.0,90.22857,1471,False
2026-03-10 14:00:00+00:00,90.75,90.95,88.75,90.53,225163.0,89.83069,1198,True
2026-03-10 15:00:00+00:00,90.62,91.49,89.86,90.485,149137.0,90.72456,837,True
2026-03-10 16:00:00+00:00,90.56,91.03,90.21,90.82,131091.0,90.58551,824,True
2026-03-10 17:00:00+00:00,90.7,91.555,90.5956,90.895,113308.0,91.02612,609,True
2026-03-10 18:00:00+00:00,90.79,91.21,89.55,89.565,246445.0,90.5611,1683,True
2026-03-10 19:00:00+00:00,89.63,90.23,88.64,88.985,391048.0,89.22749,2652,True
2026-03-10 20:00:00+00:00,88.96,89.2939,88.6,89.27,246391.0,88.95963,55,False
2026-03-10 21:00:00+00:00,88.7131,89.1894,88.6,88.9,4137.0,88.78474,15,False
2026-03-10 22:00:00+00:00,88.8,88.98,88.66,88.74,3012.0,88.78061,13,False
2026-03-10 23:00:00+00:00,88.93,89.15,88.9,89.14,752.0,89.07218,7,False
2026-03-11 08:00:00+00:00,89.42,89.42,89.3,89.3,300.0,89.36,2,False
2026-03-11 09:00:00+00:00,89.0,89.0,88.6,88.6,898.0,88.90056,5,False
2026-03-11 10:00:00+00:00,88.6,88.6,88.6,88.6,0.0,88.6,0,False
2026-03-11 11:00:00+00:00,88.9,88.9,88.05,88.05,3302.0,88.26266,17,False
2026-03-11 12:00:00+00:00,89.39,89.84,87.88,87.99,10756.0,88.49949,43,False
2026-03-11 13:00:00+00:00,88.38,88.46,86.62,87.69,200093.0,87.26011,809,False
2026-03-11 14:00:00+00:00,87.615,90.9427,87.615,90.69,213050.0,89.58989,1132,True
2026-03-11 15:00:00+00:00,90.7175,90.98,88.1835,89.28,148351.0,89.37157,930,True
2026-03-11 16:00:00+00:00,89.26,89.9199,88.29,89.7645,94150.0,88.96867,618,True
2026-03-11 17:00:00+00:00,89.71,89.855,88.5,88.8,72414.0,89.18693,427,True
2026-03-11 18:00:00+00:00,88.855,89.205,88.57,88.615,63241.0,88.88736,363,True
2026-03-11 19:00:00+00:00,88.75,89.04,88.05,88.92,158649.0,88.69044,1135,True
2026-03-11 20:00:00+00:00,88.93,89.0,88.5,88.75,184610.0,88.91797,21,False
2026-03-11 21:00:00+00:00,88.565,88.565,88.5315,88.5315,2001.0,88.55986,2,False
2026-03-11 22:00:00+00:00,88.78,88.91,88.22,88.22,1399.0,88.63191,6,False
2026-03-11 23:00:00+00:00,88.22,88.22,87.9281,87.95,1640.0,88.10173,7,False
2026-03-12 08:00:00+00:00,88.85,88.86,88.32,88.47,520.0,88.65846,5,False
2026-03-12 09:00:00+00:00,88.54,88.54,88.54,88.54,476.0,88.54,1,False
2026-03-12 10:00:00+00:00,88.71,88.82,88.71,88.8,483.0,88.79288,3,False
2026-03-12 11:00:00+00:00,88.7,88.87,88.7,88.87,420.0,88.79762,3,False
2026-03-12 12:00:00+00:00,88.8,88.8,88.254,88.35,3751.0,88.40168,20,False
2026-03-12 13:00:00+00:00,88.2,89.0,85.76,86.58,218528.0,87.09561,1024,False
2026-03-12 14:00:00+00:00,86.445,89.525,86.25,86.89,237342.0,87.66163,1289,True
2026-03-12 15:00:00+00:00,87.005,87.55,85.39,87.55,190010.0,86.35879,909,True
2026-03-12 16:00:00+00:00,87.45,89.78,87.18,89.1522,373416.0,88.80047,2264,True
2026-03-12 17:00:00+00:00,89.255,90.65,89.14,90.65,277859.0,90.05197,1682,True
2026-03-12 18:00:00+00:00,90.65,91.365,90.34,90.5801,211468.0,90.7368,1262,True
2026-03-12 19:00:00+00:00,90.6,91.3376,89.3,89.45,724547.0,90.44555,4989,True
2026-03-12 20:00:00+00:00,89.46,89.89,89.0606,89.0606,398714.0,89.46007,29,False
2026-03-12 21:00:00+00:00,89.13,89.13,89.13,89.13,100.0,89.13,1,False
2026-03-12 22:00:00+00:00,89.4625,89.9155,89.4625,89.76,311.0,89.70382,3,False
2026-03-12 23:00:00+00:00,89.698,89.7,89.6,89.6,475.0,89.67789,3,False
2026-03-13 08:00:00+00:00,89.45,89.8,89.02,89.5,1970.0,89.48528,8,False
2026-03-13 09:00:00+00:00,89.78,89.78,89.78,89.78,200.0,89.78,1,False
2026-03-13 10:00:00+00:00,89.7,89.7,89.7,89.7,180.0,89.7,1,False
2026-03-13 11:00:00+00:00,89.9,89.9,89.72,89.79,351.0,89.79123,3,False
2026-03-13 12:00:00+00:00,90.2712,90.6,89.12,90.02,6807.0,89.99312,30,False
2026-03-13 13:00:00+00:00,90.18,91.9,89.44,89.71,194963.0,90.65465,964,False
2026-03-13 14:00:00+00:00,89.87,91.065,87.331,87.85,278444.0,88.98042,1583,True
2026-03-13 15:00:00+00:00,87.86,89.9465,87.69,88.7401,147495.0,89.21794,917,True
2026-03-13 16:00:00+00:00,88.81,88.92,87.48,87.48,151307.0,88.10107,840,True
2026-03-13 17:00:00+00:00,87.58,88.75,87.5,87.77,80927.0,88.02617,560,True
2026-03-13 18:00:00+00:00,87.85,88.61,87.625,88.34,88536.0,88.03296,551,True
2026-03-13 19:00:00+00:00,88.295,88.45,87.2,87.53,307840.0,87.64945,2358,True
2026-03-13 20:00:00+00:00,87.53,88.1075,87.23,87.4,569788.0,87.53029,33,False
2026-03-13 21:00:00+00:00,87.48,87.63,87.35,87.63,1468.0,87.4962,9,False
2026-03-13 22:00:00+00:00,87.6941,87.7,87.53,87.7,538.0,87.65365,3,False
2026-03-13 23:00:00+00:00,87.5,87.723,87.5,87.7205,1919.0,87.70351,3,False
2026-03-16 08:00:00+00:00,88.51,88.51,88.15,88.3,400.0,88.2825,4,False
2026-03-16 09:00:00+00:00,88.3,88.3,88.05,88.05,678.0,88.1385,5,False
2026-03-16 10:00:00+00:00,88.5,88.5,88.5,88.5,240.0,88.5,2,False
2026-03-16 11:00:00+00:00,88.35,88.45,88.35,88.36,500.0,88.392,4,False
2026-03-16 12:00:00+00:00,88.05,88.5,88.05,88.4,4952.0,88.33012,36,False
2026-03-16 13:00:00+00:00,87.88,91.8,87.88,90.34,388663.0,90.52,1788,False
2026-03-16 14:00:00+00:00,90.22,90.655,87.66,87.9976,238622.0,89.45611,1506,True
2026-03-16 15:00:00+00:00,88.0,88.585,87.25,87.77,174210.0,87.87927,918,True
2026-03-16 16:00:00+00:00,87.79,87.925,86.9,87.78,142268.0,87.43428,862,True
2026-03-16 17:00:00+00:00,87.85,88.88,87.5001,88.6699,92391.0,88.33148,586,True
2026-03-16 18:00:00+00:00,88.585,90.0,88.41,89.92,103593.0,89.40204,589,True
2026-03-16 19:00:00+00:00,89.99,91.07,89.15,89.59,316197.0,89.77265,2031,True
2026-03-16 20:00:00+00:00,89.54,89.8896,89.15,89.2098,203969.0,89.52833,26,False
2026-03-16 21:00:00+00:00,89.8974,89.8974,89.15,89.15,580.0,89.51081,2,False
2026-03-16 22:00:00+00:00,89.6752,89.95,89.6752,89.95,236.0,89.80445,2,False
2026-03-16 23:00:00+00:00,89.1688,89.2099,89.1688,89.2099,570.0,89.20269,2,False
2026-03-17 08:00:00+00:00,89.36,89.36,89.3,89.3,1071.0,89.30997,2,False
2026-03-17 09:00:00+00:00,89.3,89.3,89.3,89.3,0.0,89.3,0,False
2026-03-17 10:00:00+00:00,89.3,89.3,89.3,89.3,0.0,89.3,0,False
2026-03-17 11:00:00+00:00,89.01,89.49,89.01,89.49,413.0,89.2963,3,False
2026-03-17 12:00:00+00:00,89.238,90.25,88.93,90.0,3534.0,89.65804,22,False
2026-03-17 13:00:00+00:00,90.0,93.08,89.8,92.615,378249.0,92.03425,1664,False
2026-03-17 14:00:00+00:00,92.58,92.8,91.55,92.23,318183.0,92.14365,1673,True
2026-03-17 15:00:00+00:00,92.35,92.44,90.79,91.74,243798.0,91.40993,1288,True
2026-03-17 16:00:00+00:00,91.83,92.4,91.375,92.06,150612.0,91.83519,669,True
2026-03-17 17:00:00+00:00,92.05,92.5,91.8901,92.35,144418.0,92.19228,698,True
2026-03-17 18:00:00+00:00,92.34,93.79,92.32,93.78,235533.0,93.13261,1119,True
2026-03-17 19:00:00+00:00,93.8,95.35,93.445,95.34,543755.0,94.56928,3082,True
2026-03-17 20:00:00+00:00,95.31,95.9,95.0,95.49,295050.0,95.32084,90,False
2026-03-17 21:00:00+00:00,95.496,95.6,95.12,95.6,5151.0,95.4536,21,False
2026-03-17 22:00:00+00:00,95.65,95.65,95.33,95.6,1665.0,95.5034,11,False
2026-03-17 23:00:00+00:00,95.5,95.6611,95.2415,95.2415,1305.0,95.52326,4,False
2026-03-18 08:00:00+00:00,96.88,96.88,96.0,96.2,1183.0,96.38854,9,False
2026-03-18 09:00:00+00:00,96.2,96.22,96.09,96.1,1376.0,96.17327,8,False
2026-03-18 10:00:00+00:00,96.13,96.2,96.0,96.0,889.0,96.15838,5,False
2026-03-18 11:00:00+00:00,95.92,95.92,95.4,95.7,1447.0,95.67794,8,False
2026-03-18 12:00:00+00:00,96.0,96.7,93.0431,93.81,27137.0,94.29904,120,False
2026-03-18 13:00:00+00:00,93.2387,95.15,93.2387,94.365,199800.0,94.27091,989,False
2026-03-18 14:00:00+00:00,94.5,96.615,93.53,96.49,311638.0,95.06199,1541,True
2026-03-18 15:00:00+00:00,96.63,96.88,94.1529,94.463,257921.0,95.54043,1369,True
2026-03-18 16:00:00+00:00,94.3541,94.779,93.74,94.52,120117.0,94.21153,554,True
2026-03-18 17:00:00+00:00,94.68,95.6,94.1481,95.5,159293.0,94.87825,679,True
2026-03-18 18:00:00+00:00,95.47,95.72,93.78,93.9,183122.0,95.01724,900,True
2026-03-18 19:00:00+00:00,93.86,94.4725,92.66,93.04,302715.0,93.31723,2009,True
2026-03-18 20:00:00+00:00,93.04,93.04,92.55,92.8,374274.0,93.03305,41,False
2026-03-18 21:00:00+00:00,92.836,93.18,92.81,93.18,1050.0,92.96819,6,False
2026-03-18 22:00:00+00:00,92.93,93.03,92.55,92.55,600.0,92.85,5,False
2026-03-18 23:00:00+00:00,93.0,93.0,92.5,92.7,1769.0,92.62338,9,False
2026-03-19 08:00:00+00:00,93.01,93.01,91.7,91.7,1964.0,92.04796,11,False
2026-03-19 09:00:00+00:00,91.96,92.38,91.96,92.38,1860.0,92.00134,7,False
2026-03-19 10:00:00+00:00,92.27,92.29,92.0,92.0,461.0,92.18297,4,False
2026-03-19 11:00:00+00:00,91.5,91.5,91.0,91.0,1176.0,91.26267,4,False
2026-03-19 12:00:00+00:00,91.99,93.33,90.2899,90.7122,9609.0,91.26796,32,False
2026-03-19 13:00:00+00:00,90.25,91.0,87.89,89.0,264662.0,89.24326,1057,False
2026-03-19 14:00:00+00:00,88.975,89.7,87.64,89.14,177007.0,88.8202,1056,True
2026-03-19 15:00:00+00:00,89.185,90.0,87.8001,89.18,134285.0,88.96574,825,True
2026-03-19 16:00:00+00:00,89.18,91.84,89.175,91.37,123890.0,90.67645,743,True
2026-03-19 17:00:00+00:00,91.41,91.42,90.1601,90.76,82198.0,90.71983,488,True
2026-03-19 18:00:00+00:00,90.6634,92.46,90.66,92.2,173214.0,91.89368,1011,True
2026-03-19 19:00:00+00:00,92.21,94.5,92.21,92.8,296898.0,93.2165,2012,True
2026-03-19 20:00:00+00:00,92.78,92.9,92.09,92.9,242180.0,92.77788,48,False
2026-03-19 21:00:00+00:00,93.0,93.0,92.8,92.9941,950.0,92.97429,3,False
2026-03-19 22:00:00+00:00,93.0,93.27,93.0,93.27,653.0,93.14114,4,False
2026-03-19 23:00:00+00:00,93.929,94.3654,93.42,94.3654,1385.0,94.10784,5,False
2026-03-20 08:00:00+00:00,93.93,93.95,93.45,93.45,350.0,93.73,3,False
2026-03-20 09:00:00+00:00,93.49,93.49,92.8,92.8,233.0,93.09614,2,False
2026-03-20 10:00:00+00:00,92.16,92.33,91.97,91.97,624.0,92.17083,6,False
2026-03-20 11:00:00+00:00,92.89,92.89,91.5,91.6,3624.0,92.01127,27,False
2026-03-20 12:00:00+00:00,93.0,93.95,91.5939,91.7201,9057.0,92.61481,35,False
2026-03-20 13:00:00+00:00,92.0,92.0,89.45,89.56,245493.0,91.24208,515,False
2026-03-20 14:00:00+00:00,89.46,89.48,86.3,87.04,351869.0,87.69723,1980,True
2026-03-20 15:00:00+00:00,87.05,87.55,86.254,86.44,172749.0,86.71211,1107,True
2026-03-20 16:00:00+00:00,86.445,87.92,86.445,87.3689,161937.0,87.31866,1047,True
2026-03-20 17:00:00+00:00,87.37,87.53,85.63,86.07,233891.0,86.51173,1312,True
2026-03-20 18:00:00+00:00,86.18,86.22,84.13,84.3,224850.0,84.96922,1398,True
2026-03-20 19:00:00+00:00,84.33,85.1,83.1002,84.6,812859.0,83.78961,4833,True
2026-03-20 20:00:00+00:00,84.59,85.2,84.1937,84.94,3102786.0,84.62058,40,False
2026-03-20 21:00:00+00:00,84.9823,85.61,84.75,85.61,7963.0,85.14967,27,False
2026-03-20 22:00:00+00:00,85.87,86.2,85.1495,85.8,1149.0,85.71455,8,False
2026-03-20 23:00:00+00:00,86.0728,86.0728,85.0,85.0,3253.0,85.39779,17,False
2026-03-23 08:00:00+00:00,83.81,83.81,82.1,82.46,1322.0,82.48156,12,False
2026-03-23 09:00:00+00:00,82.63,82.91,82.4,82.4,550.0,82.71764,5,False
2026-03-23 10:00:00+00:00,82.3,82.3,81.8,81.8,2508.0,81.99103,15,False
2026-03-23 11:00:00+00:00,82.5,86.0,82.5,84.43,11759.0,84.62586,71,False
2026-03-23 12:00:00+00:00,83.81,85.75,81.8,85.5,21694.0,84.55956,98,False
2026-03-23 13:00:00+00:00,85.6,85.7,82.07,85.05,338791.0,83.54253,1695,False
2026-03-23 14:00:00+00:00,85.14,85.73,83.85,84.775,224133.0,84.66475,1223,True
2026-03-23 15:00:00+00:00,84.82,85.74,83.15,83.295,197113.0,84.85867,1105,True
2026-03-23 16:00:00+00:00,83.19,85.12,83.15,84.83,247153.0,84.39809,1418,True
2026-03-23 17:00:00+00:00,84.83,85.85,84.55,85.78,123187.0,85.25953,845,True
2026-03-23 18:00:00+00:00,85.8,86.31,85.41,85.64,182153.0,85.95353,1088,True
2026-03-23 19:00:00+00:00,85.59,85.73,83.63,83.675,354080.0,84.40632,2437,True
2026-03-23 20:00:00+00:00,83.69,85.42,83.69,83.98,276112.0,83.7085,44,False
2026-03-23 21:00:00+00:00,84.0,85.0688,83.6322,83.6322,3502.0,84.46123,8,False
2026-03-23 22:00:00+00:00,83.84,84.76,83.7508,84.76,790.0,84.22486,5,False
2026-03-23 23:00:00+00:00,84.3,84.3,83.8,84.02,781.0,84.10858,6,False
2026-03-24 08:00:00+00:00,83.8,83.9,83.8,83.9,1506.0,83.86375,5,False
2026-03-24 09:00:00+00:00,83.9,83.9,83.9,83.9,0.0,83.9,0,False
2026-03-24 10:00:00+00:00,84.13,84.13,84.11,84.11,1100.0,84.11182,4,False
2026-03-24 11:00:00+00:00,83.81,83.87,83.5,83.5,1223.0,83.63046,7,False
2026-03-24 12:00:00+00:00,83.89,84.47,82.5,82.5,8220.0,83.42326,44,False
2026-03-24 13:00:00+00:00,82.8,83.015,80.06,80.9484,369715.0,81.38338,1686,False
2026-03-24 14:00:00+00:00,80.81,81.46,76.77,78.88,700161.0,78.58893,3453,True
2026-03-24 15:00:00+00:00,78.88,79.45,76.605,76.73,327156.0,78.04153,1821,True
2026-03-24 16:00:00+00:00,76.63,77.36,75.52,76.82,398990.0,76.44058,2215,True
2026-03-24 17:00:00+00:00,76.82,77.06,75.86,76.89,180417.0,76.38981,1248,True
2026-03-24 18:00:00+00:00,76.93,78.0199,76.69,77.9,219854.0,77.55364,1346,True
2026-03-24 19:00:00+00:00,77.92,78.95,77.332,77.49,427304.0,77.97778,2923,True
2026-03-24 20:00:00+00:00,77.5,78.49,77.01,77.99,373245.0,77.50166,63,False
2026-03-24 21:00:00+00:00,77.99,78.43,77.58,78.165,3907.0,77.77843,23,False
2026-03-24 22:00:00+00:00,78.1,78.1,77.85,78.0,1144.0,77.95052,9,False
2026-03-24 23:00:00+00:00,78.0,78.0,77.974,77.974,2763.0,77.99642,7,False
2026-03-25 08:00:00+00:00,79.5,79.5,79.1,79.4,792.0,79.31351,5,False
2026-03-25 09:00:00+00:00,79.39,79.6,79.05,79.05,3516.0,79.53026,9,False
2026-03-25 10:00:00+00:00,78.9,78.9,78.74,78.74,462.0,78.8513,4,False
2026-03-25 11:00:00+00:00,78.72,79.01,78.6,79.01,1234.0,78.81917,9,False
2026-03-25 12:00:00+00:00,79.12,79.5543,78.13,78.18,16019.0,78.65237,63,False
2026-03-25 13:00:00+00:00,78.8905,80.94,77.71,78.8,490388.0,78.69186,1779,False
2026-03-25 14:00:00+00:00,78.8,79.32,77.6,77.855,310347.0,78.38334,1759,True
2026-03-25 15:00:00+00:00,77.87,78.37,77.3051,78.11,254014.0,77.91236,1407,True
2026-03-25 16:00:00+00:00,78.105,79.25,77.41,78.56,144341.0,78.54763,762,True
2026-03-25 17:00:00+00:00,78.635,79.68,78.2827,79.06,184305.0,79.04046,876,True
2026-03-25 18:00:00+00:00,79.075,79.85,78.7842,79.315,224298.0,79.39347,1070,True
2026-03-25 19:00:00+00:00,79.32,80.28,79.15,79.97,565601.0,79.93118,3431,True
2026-03-25 20:00:00+00:00,79.96,79.98,79.5,79.95,486759.0,79.97934,53,False
2026-03-25 21:00:00+00:00,79.8635,79.98,79.8635,79.98,600.0,79.88292,2,False
2026-03-25 22:00:00+00:00,79.96,79.96,79.9,79.96,700.0,79.93429,4,False
2026-03-25 23:00:00+00:00,79.95,79.95,79.86,79.89,1086.0,79.87946,6,False
2026-03-26 08:00:00+00:00,80.24,80.24,79.45,79.45,892.0,79.84846,7,False
2026-03-26 09:00:00+00:00,79.0,79.0,78.6,78.7,813.0,78.88315,4,False
2026-03-26 10:00:00+00:00,79.0,79.0,79.0,79.0,198.0,79.0,1,False
2026-03-26 11:00:00+00:00,79.0,79.0,78.0,78.0,1077.0,78.29239,8,False
2026-03-26 12:00:00+00:00,78.07,80.9,77.73,78.58,12564.0,79.53235,52,False
2026-03-26 13:00:00+00:00,78.73,79.53,77.8,78.64,209786.0,78.53638,954,False
2026-03-26 14:00:00+00:00,78.64,78.96,75.9,76.605,169641.0,77.8244,992,True
2026-03-26 15:00:00+00:00,76.79,78.2799,76.44,78.1967,144429.0,77.2883,784,True
2026-03-26 16:00:00+00:00,78.12,78.4,76.3513,76.805,359423.0,77.74516,1278,True
2026-03-26 17:00:00+00:00,76.87,76.95,75.6,75.61,231587.0,76.41331,1559,True
2026-03-26 18:00:00+00:00,75.65,75.97,75.19,75.48,127676.0,75.5175,959,True
2026-03-26 19:00:00+00:00,75.38,75.951,75.15,75.86,452391.0,75.64236,3018,True
2026-03-26 20:00:00+00:00,75.82,77.5,75.2705,76.49,231431.0,75.86954,31,False
2026-03-26 21:00:00+00:00,76.49,76.49,75.5,75.5,683.0,75.90286,5,False
2026-03-26 22:00:00+00:00,76.45,76.45,75.58,75.7443,500.0,75.95097,4,False
2026-03-26 23:00:00+00:00,75.75,76.0001,75.75,75.7911,1025.0,75.85206,6,False
2026-03-27 08:00:00+00:00,76.52,76.52,75.97,75.97,625.0,76.16674,4,False
2026-03-27 09:00:00+00:00,75.97,75.97,75.97,75.97,0.0,75.97,0,False
2026-03-27 10:00:00+00:00,75.2,75.2,75.0,75.0,1087.0,75.14866,3,False
2026-03-27 11:00:00+00:00,75.0,75.0,74.1,74.42,3171.0,74.44005,15,False
2026-03-27 12:00:00+00:00,75.0,76.66,73.88,74.4,9414.0,74.98919,48,False
2026-03-27 13:00:00+00:00,74.35,76.38,73.33,74.26,209606.0,74.89613,937,False
2026-03-27 14:00:00+00:00,74.26,74.76,73.18,73.725,215449.0,73.78932,1383,True
2026-03-27 15:00:00+00:00,73.725,74.44,73.56,73.56,175517.0,73.92346,1195,True
2026-03-27 16:00:00+00:00,73.585,73.65,72.775,72.9729,233383.0,73.09438,1257,True
2026-03-27 17:00:00+00:00,72.96,73.345,71.95,72.07,177485.0,72.44556,1117,True
2026-03-27 18:00:00+00:00,72.0865,72.59,71.76,72.02,276232.0,72.09477,1361,True
2026-03-27 19:00:00+00:00,72.05,72.75,71.7,71.93,481630.0,72.07847,3398,True
2026-03-27 20:00:00+00:00,71.9,73.38,71.74,72.04,284930.0,71.94156,22,False
2026-03-27 21:00:00+00:00,71.98,72.0,71.7,71.85,2328.0,71.83862,10,False
2026-03-27 22:00:00+00:00,71.73,71.73,71.73,71.73,100.0,71.73,1,False
2026-03-27 23:00:00+00:00,71.45,71.45,71.45,71.45,142.0,71.45,1,False
2026-03-30 08:00:00+00:00,72.59,73.0,71.9,72.74,3732.0,72.4432,19,False
2026-03-30 09:00:00+00:00,72.7432,73.0,72.63,72.64,1000.0,72.84032,7,False
2026-03-30 10:00:00+00:00,72.56,72.57,71.6912,71.6912,578.0,72.37358,5,False
2026-03-30 11:00:00+00:00,72.16,72.65,72.16,72.5198,1066.0,72.45834,6,False
2026-03-30 12:00:00+00:00,72.28,73.0,72.27,72.89,4965.0,72.64402,34,False
2026-03-30 13:00:00+00:00,72.7838,72.7838,67.64,68.3,381923.0,69.88511,1763,False
2026-03-30 14:00:00+00:00,68.38,69.05,67.3,68.725,357977.0,68.18039,2159,True
2026-03-30 15:00:00+00:00,68.82,69.157,67.2801,67.42,350781.0,67.89983,2190,True
2026-03-30 16:00:00+00:00,67.49,67.49,66.16,66.26,294619.0,66.84929,1983,True
2026-03-30 17:00:00+00:00,66.295,66.87,65.465,65.595,277669.0,66.03793,1781,True
2026-03-30 18:00:00+00:00,65.58,65.89,64.601,64.661,414402.0,65.24067,2894,True
2026-03-30 19:00:00+00:00,64.69,65.48,64.3716,65.26,1065223.0,64.89992,6879,True
2026-03-30 20:00:00+00:00,65.28,65.68,65.1,65.35,538341.0,65.28043,19,False
2026-03-30 21:00:00+00:00,65.2004,65.22,65.0111,65.17,2378.0,65.08885,11,False
2026-03-30 22:00:00+00:00,65.2,65.2,65.0,65.0,1907.0,65.09531,10,False
2026-03-30 23:00:00+00:00,65.0,65.0,64.7,64.7,3024.0,64.88105,5,False
2026-03-31 08:00:00+00:00,66.5,66.5,65.42,66.1,2889.0,66.02912,16,False
2026-03-31 09:00:00+00:00,65.98,66.15,65.98,66.15,200.0,66.065,2,False
2026-03-31 10:00:00+00:00,66.15,66.15,66.15,66.15,0.0,66.15,0,False
2026-03-31 11:00:00+00:00,65.86,66.4702,65.85,66.4,10630.0,66.07349,25,False
2026-03-31 12:00:00+00:00,66.42,66.98,66.42,66.71,4107.0,66.68406,25,False
2026-03-31 13:00:00+00:00,66.6,67.25,65.545,67.0,282402.0,66.40989,1469,False
2026-03-31 14:00:00+00:00,66.83,68.15,66.215,67.34,541136.0,67.21888,3680,True
2026-03-31 15:00:00+00:00,67.38,68.58,67.37,67.64,407414.0,68.04808,2956,True
2026-03-31 16:00:00+00:00,67.605,70.69,67.44,69.12,402879.0,68.80015,2814,True
2026-03-31 17:00:00+00:00,69.175,70.97,69.095,69.85,465241.0,70.13007,3365,True
2026-03-31 18:00:00+00:00,69.89,70.35,69.71,70.14,399809.0,70.09782,2856,True
2026-03-31 19:00:00+00:00,70.15,70.6,69.77,70.5,860392.0,70.25277,5082,True
2026-03-31 20:00:00+00:00,70.49,70.97,70.3572,70.46,702109.0,70.51033,23,False
2026-03-31 21:00:00+00:00,70.5,70.5,70.3443,70.36,423.0,70.39845,3,False
2026-03-31 22:00:00+00:00,70.38,70.97,70.38,70.9,1088.0,70.66951,4,False
2026-03-31 23:00:00+00:00,70.56,70.92,70.45,70.4762,3274.0,70.797,5,False
2026-04-01 08:00:00+00:00,71.5,72.4,71.28,71.81,4463.0,71.79293,29,False
2026-04-01 09:00:00+00:00,71.51,71.53,71.45,71.53,1431.0,71.48684,8,False
2026-04-01 10:00:00+00:00,71.55,72.05,71.5,71.78,778.0,71.77558,4,False
2026-04-01 11:00:00+00:00,72.15,73.0,72.15,72.31,7128.0,72.46387,39,False
2026-04-01 12:00:00+00:00,72.69,72.7,71.44,71.7455,11434.0,71.92936,53,False
2026-04-01 13:00:00+00:00,71.7654,72.8,70.88,71.25,507511.0,71.83229,1980,False
2026-04-01 14:00:00+00:00,71.35,72.39,69.8,70.08,444531.0,70.8317,2430,True
2026-04-01 15:00:00+00:00,70.025,70.73,69.52,70.43,195485.0,70.04309,1122,True
2026-04-01 16:00:00+00:00,70.4,70.62,69.9201,70.24,212149.0,70.25446,1447,True
2026-04-01 17:00:00+00:00,70.24,70.54,69.33,69.475,166227.0,69.94427,1052,True
2026-04-01 18:00:00+00:00,69.46,69.46,67.6,67.735,408302.0,68.43206,2693,True
2026-04-01 19:00:00+00:00,67.76,68.815,67.6,67.67,634119.0,67.99118,4186,True
2026-04-01 20:00:00+00:00,67.67,69.31,67.6,67.6607,456858.0,67.70441,69,False
2026-04-01 21:00:00+00:00,67.84,67.84,67.6247,67.71,3069.0,67.72193,7,False
2026-04-01 22:00:00+00:00,67.79,67.8,67.635,67.635,1301.0,67.6885,5,False
2026-04-01 23:00:00+00:00,67.9735,67.9735,67.8,67.8,1536.0,67.83637,5,False
2026-04-02 08:00:00+00:00,66.38,67.49,65.88,66.47,7581.0,66.4594,32,False
2026-04-02 09:00:00+00:00,66.03,66.03,65.578,65.578,6992.0,65.97173,11,False
2026-04-02 10:00:00+00:00,65.73,65.76,65.73,65.76,245.0,65.74224,2,False
2026-04-02 11:00:00+00:00,65.69,66.0,65.0,65.45,6001.0,65.39736,38,False
2026-04-02 12:00:00+00:00,65.13,65.7,65.0,65.51,3965.0,65.37287,23,False
2026-04-02 13:00:00+00:00,65.55,66.86,63.84,66.675,372259.0,65.21497,1717,False
2026-04-02 14:00:00+00:00,66.7276,69.51,66.61,68.1793,497114.0,67.98988,2730,True
2026-04-02 15:00:00+00:00,68.205,68.35,67.24,67.43,251155.0,67.72883,1617,True
2026-04-02 16:00:00+00:00,67.46,67.8,65.73,66.305,376473.0,66.42263,2562,True
2026-04-02 17:00:00+00:00,66.305,66.8399,66.0801,66.58,193959.0,66.42753,1355,True
2026-04-02 18:00:00+00:00,66.58,67.3496,66.58,66.9225,223062.0,66.89268,1345,True
2026-04-02 19:00:00+00:00,66.93,67.44,66.64,67.3,778226.0,67.07696,4797,True
2026-04-02 20:00:00+00:00,67.31,67.9,67.28,67.4,286927.0,67.31247,43,False
2026-04-02 21:00:00+00:00,67.5,67.7686,67.41,67.41,2216.0,67.55203,16,False
2026-04-02 22:00:00+00:00,67.55,68.5,67.54,67.61,41699.0,67.99239,33,False
2026-04-02 23:00:00+00:00,68.25,68.25,67.71,67.99,1250.0,67.98688,8,False
2026-04-06 08:00:00+00:00,67.08,68.98,66.52,68.5,9389.0,67.84275,56,False
2026-04-06 09:00:00+00:00,68.5,68.8,68.5,68.8,2463.0,68.60205,18,False
2026-04-06 10:00:00+00:00,68.75,70.4234,68.6,69.64,20273.0,69.63211,71,False
2026-04-06 11:00:00+00:00,69.64,70.41,69.17,69.98,14372.0,69.89386,58,False
2026-04-06 12:00:00+00:00,70.0,70.41,69.753,70.41,10112.0,69.93936,44,False
2026-04-06 13:00:00+00:00,70.3671,73.1,69.61,73.04,600240.0,71.7341,2516,False
2026-04-06 14:00:00+00:00,73.0,73.15,70.8215,72.26,352021.0,72.1952,1951,True
2026-04-06 15:00:00+00:00,72.17,72.61,71.66,72.4,176709.0,72.18644,1007,True
2026-04-06 16:00:00+00:00,72.385,73.0799,72.245,72.4274,140402.0,72.70346,845,True
2026-04-06 17:00:00+00:00,72.52,72.96,71.725,72.95,180353.0,72.4791,1110,True
2026-04-06 18:00:00+00:00,72.94,73.8,72.79,73.7772,289317.0,73.29587,1645,True
2026-04-06 19:00:00+00:00,73.77,74.405,73.49,74.09,676649.0,73.99625,3955,True
2026-04-06 20:00:00+00:00,74.09,74.49,73.7756,74.26,357663.0,74.09572,61,False
2026-04-06 21:00:00+00:00,74.12,74.35,74.05,74.34,4882.0,74.21773,15,False
2026-04-06 22:00:00+00:00,74.3657,74.4,74.25,74.25,4004.0,74.38196,15,False
2026-04-06 23:00:00+00:00,74.3,74.4,74.18,74.3,2059.0,74.28881,11,False
2026-04-07 08:00:00+00:00,73.77,73.94,73.35,73.94,4520.0,73.69844,33,False
2026-04-07 09:00:00+00:00,73.94,73.94,73.94,73.94,0.0,73.94,0,False
2026-04-07 10:00:00+00:00,73.8,74.28,72.96,73.08,3466.0,73.59367,15,False
2026-04-07 11:00:00+00:00,73.2,73.24,72.6,72.6,8386.0,72.86566,41,False
2026-04-07 12:00:00+00:00,73.2,73.34,72.32,73.21,8761.0,72.8424,48,False
2026-04-07 13:00:00+00:00,73.21,73.4142,70.51,70.61,338018.0,71.74866,1487,False
2026-04-07 14:00:00+00:00,70.72,71.77,69.9,70.62,327574.0,70.7756,2044,True
2026-04-07 15:00:00+00:00,70.63,71.69,69.8,71.495,213202.0,70.70399,1091,True
2026-04-07 16:00:00+00:00,71.5,72.69,71.5,71.83,167636.0,71.94103,859,True
2026-04-07 17:00:00+00:00,71.8,72.6066,71.7049,72.1734,87464.0,72.11577,567,True
2026-04-07 18:00:00+00:00,72.1999,72.1999,70.92,71.14,110638.0,71.54971,675,True
2026-04-07 19:00:00+00:00,71.16,72.29,70.8401,71.99,346827.0,71.77497,2226,True
2026-04-07 20:00:00+00:00,71.96,72.45,71.63,72.3,269233.0,71.96299,37,False
2026-04-07 21:00:00+00:00,71.9323,72.15,71.9323,72.15,1000.0,72.01795,4,False
2026-04-07 22:00:00+00:00,72.3,75.0,72.3,74.8,16195.0,73.36235,79,False
2026-04-07 23:00:00+00:00,75.65,75.65,73.47,74.98,20299.0,74.76148,74,False
2026-04-08 08:00:00+00:00,75.0,76.7467,75.0,76.2,8370.0,75.64485,51,False
2026-04-08 09:00:00+00:00,76.23,76.8,76.2,76.5,737.0,76.42581,6,False
2026-04-08 10:00:00+00:00,76.12,76.12,75.7,76.08,1126.0,75.93909,7,False
2026-04-08 11:00:00+00:00,76.1,76.66,76.0,76.0,8071.0,76.34822,35,False
2026-04-08 12:00:00+00:00,76.0,76.66,75.7,76.4261,13718.0,76.20049,60,False
2026-04-08 13:00:00+00:00,76.44,79.44,76.0,76.465,539388.0,77.73271,1474,False
2026-04-08 14:00:00+00:00,76.47,76.58,73.23,73.51,314171.0,74.74064,1638,True
2026-04-08 15:00:00+00:00,73.54,74.71,73.1801,73.66,292025.0,74.10789,1550,True
2026-04-08 16:00:00+00:00,73.66,73.8596,73.21,73.66,138241.0,73.49412,784,True
2026-04-08 17:00:00+00:00,73.72,73.875,73.07,73.505,119474.0,73.46875,668,True
2026-04-08 18:00:00+00:00,73.47,73.6994,72.605,72.625,145056.0,73.18054,744,True
2026-04-08 19:00:00+00:00,72.68,74.51,72.554,74.49,376414.0,73.83109,2487,True
2026-04-08 20:00:00+00:00,74.46,74.49,73.5,74.12,608730.0,74.45751,48,False
2026-04-08 21:00:00+00:00,73.8051,74.26,73.8051,74.12,2123.0,73.87286,3,False
2026-04-08 22:00:00+00:00,74.43,74.43,73.8,73.8,555.0,74.29659,3,False
2026-04-08 23:00:00+00:00,74.2524,74.37,74.0,74.24,1988.0,74.17049,9,False
2026-04-09 08:00:00+00:00,74.6,74.83,73.98,74.0,4332.0,74.42773,29,False
2026-04-09 09:00:00+00:00,74.0,74.0,74.0,74.0,334.0,74.0,2,False
2026-04-09 10:00:00+00:00,74.0,74.0,74.0,74.0,125.0,74.0,1,False
2026-04-09 11:00:00+00:00,74.0,74.4829,73.5,74.4829,6100.0,73.79269,13,False
2026-04-09 12:00:00+00:00,74.25,74.25,73.96,73.96,967.0,74.06854,7,False
2026-04-09 13:00:00+00:00,73.9,74.5,71.63,72.5999,154879.0,73.16384,610,False
2026-04-09 14:00:00+00:00,72.29,72.5,70.41,71.2,327747.0,71.18289,1811,True
2026-04-09 15:00:00+00:00,71.16,71.81,70.58,71.735,335198.0,71.16528,1733,True
2026-04-09 16:00:00+00:00,71.735,72.51,70.8,71.17,229451.0,71.61236,1248,True
2026-04-09 17:00:00+00:00,71.2,71.34,69.51,69.6,255743.0,70.48288,1464,True
2026-04-09 18:00:00+00:00,69.62,69.62,68.51,68.74,422705.0,68.82455,2366,True
2026-04-09 19:00:00+00:00,68.72,69.2,68.28,68.33,629477.0,68.62895,3643,True
2026-04-09 20:00:00+00:00,68.33,69.324,68.33,69.19,248720.0,68.33633,35,False
2026-04-09 21:00:00+00:00,69.1,69.1,68.71,68.9,3535.0,68.96692,17,False
2026-04-09 22:00:00+00:00,68.66,69.0962,68.66,68.87,4052.0,69.00599,9,False
2026-04-09 23:00:00+00:00,68.76,68.94,68.76,68.88,2126.0,68.80999,8,False
2026-04-10 08:00:00+00:00,69.08,69.1,68.67,68.86,4804.0,68.89823,27,False
2026-04-10 09:00:00+00:00,68.61,68.61,68.58,68.58,333.0,68.59081,3,False
2026-04-10 10:00:00+00:00,68.58,68.58,68.58,68.58,0.0,68.58,0,False
2026-04-10 11:00:00+00:00,69.0,69.32,68.7,68.7,6218.0,69.08886,19,False
2026-04-10 12:00:00+00:00,68.7,69.31,68.53,69.25,9668.0,68.81553,44,False
2026-04-10 13:00:00+00:00,69.1796,69.5,67.43,68.675,234872.0,68.27437,819,False
2026-04-10 14:00:00+00:00,68.6,69.99,68.09,69.45,317927.0,69.11358,1678,True
2026-04-10 15:00:00+00:00,69.46,70.2299,69.0,69.51,174873.0,69.66526,789,True
2026-04-10 16:00:00+00:00,69.53,70.2,69.28,70.185,118290.0,69.76198,695,True
2026-04-10 17:00:00+00:00,70.18,70.25,69.68,70.15,139509.0,69.98998,766,True
2026-04-10 18:00:00+00:00,70.25,70.31,69.6801,69.97,140172.0,70.03719,856,True
2026-04-10 19:00:00+00:00,69.98,70.53,69.92,70.35,517245.0,70.25309,3062,True
2026-04-10 20:00:00+00:00,70.36,70.5,70.34,70.44,308584.0,70.34162,41,False
2026-04-10 21:00:00+00:00,70.4332,70.44,69.6,69.6,2625.0,69.9028,5,False
2026-04-10 22:00:00+00:00,70.39,70.39,70.39,70.39,299.0,70.39,1,False
2026-04-10 23:00:00+00:00,70.4092,70.41,70.35,70.35,1111.0,70.38204,3,False
2026-04-13 08:00:00+00:00,70.16,70.49,69.65,69.65,3006.0,69.98294,18,False
2026-04-13 09:00:00+00:00,69.93,70.69,69.93,70.02,1004.0,70.34171,6,False
2026-04-13 10:00:00+00:00,69.7,69.94,69.7,69.71,723.0,69.73458,6,False
2026-04-13 11:00:00+00:00,69.81,70.0,69.0,69.34,12410.0,69.23268,42,False
2026-04-13 12:00:00+00:00,69.44,69.7,69.44,69.63,1085.0,69.55088,8,False
2026-04-13 13:00:00+00:00,69.57,72.93,69.0,72.85,248565.0,71.17126,938,False
2026-04-13 14:00:00+00:00,72.71,73.6899,72.0401,73.4728,284065.0,72.91516,1225,True
2026-04-13 15:00:00+00:00,73.39,73.57,72.61,72.81,181105.0,73.06212,967,True
2026-04-13 16:00:00+00:00,72.9,73.93,72.695,73.7101,138666.0,73.37884,797,True
2026-04-13 17:00:00+00:00,73.76,74.1,73.455,73.86,153641.0,73.74392,811,True
2026-04-13 18:00:00+00:00,73.7893,73.88,73.4023,73.775,101891.0,73.63985,557,True
2026-04-13 19:00:00+00:00,73.7,73.87,73.25,73.56,411626.0,73.58967,2175,True
2026-04-13 20:00:00+00:00,73.55,73.69,73.26,73.69,215825.0,73.54916,30,False
2026-04-13 21:00:00+00:00,73.66,73.7,73.55,73.55,1942.0,73.61596,13,False
2026-04-13 22:00:00+00:00,73.68,73.86,73.64,73.85,3924.0,73.81377,13,False
2026-04-13 23:00:00+00:00,73.86,73.95,73.86,73.9,1767.0,73.87726,5,False
2026-04-14 08:00:00+00:00,73.9,74.5,73.85,74.5,1740.0,74.02586,9,False
2026-04-14 09:00:00+00:00,74.48,74.51,74.48,74.5,1091.0,74.49441,8,False
2026-04-14 10:00:00+00:00,74.9052,74.95,74.28,74.5,4574.0,74.88169,22,False
2026-04-14 11:00:00+00:00,74.89,75.49,74.4,75.4252,4944.0,74.90339,26,False
2026-04-14 12:00:00+00:00,75.42,75.42,74.99,75.1903,4532.0,75.17532,24,False
2026-04-14 13:00:00+00:00,74.92,76.565,74.55,75.7621,270805.0,75.36624,1322,False
2026-04-14 14:00:00+00:00,75.76,75.76,74.6801,75.239,249719.0,75.22728,1216,True
2026-04-14 15:00:00+00:00,75.165,75.21,74.03,74.4,217207.0,74.55812,1344,True
2026-04-14 16:00:00+00:00,74.39,74.43,73.71,73.73,191217.0,74.15443,890,True
2026-04-14 17:00:00+00:00,73.79,74.06,73.24,73.45,166939.0,73.65429,931,True
2026-04-14 18:00:00+00:00,73.44,73.69,72.52,73.43,192930.0,73.01937,1037,True
2026-04-14 19:00:00+00:00,73.45,73.86,73.44,73.641,233776.0,73.62736,1453,True
2026-04-14 20:00:00+00:00,73.66,74.2943,72.6482,73.64,221705.0,73.65926,24,False
2026-04-14 21:00:00+00:00,73.6,73.78,73.4173,73.78,3032.0,73.64433,7,False
2026-04-14 22:00:00+00:00,73.78,73.78,73.78,73.78,0.0,73.78,0,False
2026-04-14 23:00:00+00:00,73.4047,73.4047,73.39,73.39,225.0,73.39653,2,False
2026-04-15 08:00:00+00:00,73.76,74.31,73.75,74.27,2211.0,73.99681,10,False
2026-04-15 09:00:00+00:00,74.2,74.43,74.02,74.02,4090.0,74.22756,13,False
2026-04-15 10:00:00+00:00,74.05,74.05,74.05,74.05,131.0,74.05,1,False
2026-04-15 11:00:00+00:00,74.1,74.1,73.8,74.07,4085.0,73.96478,11,False
2026-04-15 12:00:00+00:00,74.25,74.25,73.6,74.2299,1800.0,73.84719,4,False
2026-04-15 13:00:00+00:00,74.0,75.945,73.58,74.785,439686.0,74.93383,2243,False
2026-04-15 14:00:00+00:00,74.818,75.78,74.27,75.68,381401.0,75.20056,1366,True
2026-04-15 15:00:00+00:00,75.57,76.29,74.56,74.8,274191.0,75.40048,1504,True
2026-04-15 16:00:00+00:00,74.93,75.45,73.2501,73.47,395770.0,74.34813,2256,True
2026-04-15 17:00:00+00:00,73.49,74.48,73.46,74.37,146199.0,73.92555,990,True
2026-04-15 18:00:00+00:00,74.425,74.985,74.3,74.42,166915.0,74.67898,1158,True
2026-04-15 19:00:00+00:00,74.4,74.86,74.39,74.7,347910.0,74.66376,2370,True
2026-04-15 20:00:00+00:00,74.66,75.0,74.1,74.5498,290511.0,74.66031,30,False
2026-04-15 21:00:00+00:00,74.494,74.99,74.494,74.99,2344.0,74.73474,7,False
2026-04-15 22:00:00+00:00,74.4,75.0,74.4,75.0,2922.0,74.80582,12,False
2026-04-15 23:00:00+00:00,74.9799,75.0,74.94,75.0,2703.0,74.98484,15,False
2026-04-16 08:00:00+00:00,75.06,75.56,75.06,75.5,9058.0,75.39947,35,False
2026-04-16 09:00:00+00:00,75.53,75.53,75.48,75.48,728.0,75.50363,5,False
2026-04-16 10:00:00+00:00,75.65,75.66,75.41,75.41,3322.0,75.57962,12,False
2026-04-16 11:00:00+00:00,75.39,75.88,75.39,75.88,1975.0,75.65621,12,False
2026-04-16 12:00:00+00:00,75.92,76.1,75.65,76.1,13938.0,75.87695,37,False
2026-04-16 13:00:00+00:00,76.0,77.2211,74.1,74.735,293653.0,75.92975,1242,False
2026-04-16 14:00:00+00:00,74.76,74.77,73.23,74.115,175095.0,74.04102,1042,True
2026-04-16 15:00:00+00:00,74.12,74.99,73.92,74.835,163705.0,74.46046,1020,True
2026-04-16 16:00:00+00:00,74.7501,74.89,73.01,73.541,183763.0,73.83891,1281,True
2026-04-16 17:00:00+00:00,73.54,74.1866,73.02,73.93,105797.0,73.61839,700,True
2026-04-16 18:00:00+00:00,73.95,74.3,73.611,74.21,124248.0,74.04123,620,True
2026-04-16 19:00:00+00:00,74.18,74.89,74.18,74.42,283709.0,74.51551,1939,True
2026-04-16 20:00:00+00:00,74.41,74.41,74.0543,74.41,216091.0,74.40959,24,False
2026-04-16 21:00:00+00:00,74.1481,74.5,74.1481,74.5,1000.0,74.33591,4,False
2026-04-16 22:00:00+00:00,74.4806,74.4806,74.4806,74.4806,100.0,74.4806,1,False
2026-04-16 23:00:00+00:00,74.45,74.63,74.45,74.63,5630.0,74.61688,5,False
2026-04-17 08:00:00+00:00,75.09,75.15,74.48,74.7,1736.0,74.79546,13,False
2026-04-17 09:00:00+00:00,74.9,74.9,74.9,74.9,391.0,74.9,1,False
2026-04-17 10:00:00+00:00,74.95,74.97,74.95,74.97,600.0,74.96167,6,False
2026-04-17 11:00:00+00:00,74.97,75.2404,74.92,75.2404,3070.0,75.05887,14,False
2026-04-17 12:00:00+00:00,75.23,75.31,74.75,75.29,2380.0,75.10847,17,False
2026-04-17 13:00:00+00:00,75.11,76.89,73.88,74.295,263814.0,75.26357,1008,False
2026-04-17 14:00:00+00:00,74.34,75.0,73.65,73.785,392550.0,74.34321,2172,True
2026-04-17 15:00:00+00:00,73.75,73.78,70.6001,71.4,465497.0,72.0206,2659,True
2026-04-17 16:00:00+00:00,71.41,72.1,71.28,71.76,239417.0,71.70386,1437,True
2026-04-17 17:00:00+00:00,71.78,72.157,70.6,70.975,265954.0,71.30611,1568,True
2026-04-17 18:00:00+00:00,71.0,71.31,70.5,70.735,211354.0,70.83123,1286,True
2026-04-17 19:00:00+00:00,70.81,71.44,70.4098,70.92,621208.0,70.85091,3809,True
2026-04-17 20:00:00+00:00,70.93,72.4,70.93,71.199,3267911.0,70.9904,41,False
2026-04-17 21:00:00+00:00,71.25,71.38,70.8953,70.8953,981.0,71.12073,6,False
2026-04-17 22:00:00+00:00,71.25,71.2948,71.14,71.28,1588.0,71.18966,9,False
2026-04-17 23:00:00+00:00,71.2,71.3815,71.16,71.3815,2252.0,71.28197,10,False
2026-04-20 08:00:00+00:00,70.3,70.7,70.3,70.7,4955.0,70.37773,21,False
2026-04-20 09:00:00+00:00,70.68,70.69,70.68,70.69,338.0,70.68296,3,False
2026-04-20 10:00:00+00:00,70.75,70.75,70.5,70.6,1616.0,70.6909,10,False
2026-04-20 11:00:00+00:00,70.8175,70.8175,70.19,70.51,7581.0,70.56205,24,False
2026-04-20 12:00:00+00:00,70.5,70.65,70.4,70.4,5126.0,70.50918,26,False
2026-04-20 13:00:00+00:00,70.32,71.705,69.95,70.69,235963.0,70.59848,914,False
2026-04-20 14:00:00+00:00,70.775,71.01,69.2518,69.345,255525.0,70.08049,1248,True
2026-04-20 15:00:00+00:00,69.42,70.0,68.86,69.605,246583.0,69.47936,1120,True
2026-04-20 16:00:00+00:00,69.58,69.77,69.21,69.54,122595.0,69.53957,654,True
2026-04-20 17:00:00+00:00,69.54,69.76,69.4301,69.69,82711.0,69.57125,430,True
2026-04-20 18:00:00+00:00,69.69,70.49,69.67,70.4151,201289.0,70.20104,1123,True
2026-04-20 19:00:00+00:00,70.415,70.48,69.38,69.83,564259.0,69.77248,3516,True
2026-04-20 20:00:00+00:00,69.81,70.01,69.81,69.87,827619.0,69.83055,28,False
2026-04-20 21:00:00+00:00,69.99,69.99,69.69,69.69,1679.0,69.94054,7,False
2026-04-20 22:00:00+00:00,70.0,70.0,69.8,69.8161,810.0,69.89045,6,False
2026-04-20 23:00:00+00:00,69.8347,70.2,69.8347,70.1,1188.0,69.97503,7,False
2026-04-21 08:00:00+00:00,70.44,71.18,70.35,70.97,5461.0,70.71157,30,False
2026-04-21 09:00:00+00:00,70.85,70.95,70.8,70.8,700.0,70.9,7,False
2026-04-21 10:00:00+00:00,70.84,71.89,70.68,71.3,2888.0,70.9708,20,False
2026-04-21 11:00:00+00:00,70.8629,71.4,70.8,70.8,14060.0,71.02655,59,False
2026-04-21 12:00:00+00:00,70.99,71.2,70.62,70.94,12222.0,70.96606,47,False
2026-04-21 13:00:00+00:00,70.8,71.2,69.04,69.6203,264469.0,69.8662,1053,False
2026-04-21 14:00:00+00:00,69.51,70.8999,69.1,69.1375,407133.0,70.05327,1722,True
2026-04-21 15:00:00+00:00,69.15,69.47,68.3127,68.48,379439.0,68.85013,1702,True
2026-04-21 16:00:00+00:00,68.45,69.1,68.25,68.375,243997.0,68.63374,1313,True
2026-04-21 17:00:00+00:00,68.375,68.67,67.82,68.17,218689.0,68.13915,1391,True
2026-04-21 18:00:00+00:00,68.18,69.19,68.16,69.09,281291.0,68.55943,1439,True
2026-04-21 19:00:00+00:00,69.13,69.41,68.01,68.53,458950.0,68.67808,2593,True
2026-04-21 20:00:00+00:00,68.56,69.91,68.55,69.67,272114.0,68.58167,53,False
2026-04-21 21:00:00+00:00,69.4,69.63,69.2255,69.58,5308.0,69.4908,24,False
2026-04-21 22:00:00+00:00,69.61,69.674,69.5,69.674,1830.0,69.60474,10,False
2026-04-21 23:00:00+00:00,69.75,69.9,69.5,69.8,3809.0,69.75172,20,False
2026-04-22 08:00:00+00:00,70.5,70.61,70.0,70.07,7222.0,70.35945,42,False
2026-04-22 09:00:00+00:00,70.41,70.59,70.2,70.2,2331.0,70.44425,14,False
2026-04-22 10:00:00+00:00,70.35,70.39,69.99,70.39,1031.0,70.16597,8,False
2026-04-22 11:00:00+00:00,70.1,70.8,69.99,70.7,19017.0,70.30847,62,False
2026-04-22 12:00:00+00:00,70.84,70.897,70.15,70.2465,9868.0,70.4712,35,False
2026-04-22 13:00:00+00:00,70.29,70.9799,69.5201,69.85,300022.0,70.15263,1247,False
2026-04-22 14:00:00+00:00,69.835,70.29,68.18,69.15,416613.0,69.05896,1766,True
2026-04-22 15:00:00+00:00,69.12,69.27,68.15,68.58,205707.0,68.7008,1050,True
2026-04-22 16:00:00+00:00,68.54,68.72,68.02,68.155,202777.0,68.39982,1004,True
2026-04-22 17:00:00+00:00,68.16,68.81,68.07,68.47,119175.0,68.46984,623,True
2026-04-22 18:00:00+00:00,68.4218,68.465,67.64,68.065,255313.0,67.93551,1438,True
2026-04-22 19:00:00+00:00,67.98,68.685,67.97,68.62,303152.0,68.43263,1976,True
2026-04-22 20:00:00+00:00,68.61,68.9,68.5,68.5216,199189.0,68.61208,27,False
2026-04-22 21:00:00+00:00,68.9,68.9,68.41,68.73,1302.0,68.76853,9,False
2026-04-22 22:00:00+00:00,68.7596,68.78,68.5,68.5,2376.0,68.66014,12,False
2026-04-22 23:00:00+00:00,68.71,68.78,68.41,68.69,3299.0,68.69786,8,False
2026-04-23 08:00:00+00:00,68.84,68.84,68.19,68.19,3708.0,68.51295,25,False
2026-04-23 09:00:00+00:00,68.04,68.25,67.97,68.25,4292.0,68.04899,12,False
2026-04-23 10:00:00+00:00,68.25,68.36,68.01,68.01,1422.0,68.12866,6,False
2026-04-23 11:00:00+00:00,68.15,68.36,68.0,68.23,4940.0,68.16245,22,False
2026-04-23 12:00:00+00:00,68.38,68.69,68.15,68.33,3798.0,68.37831,17,False
2026-04-23 13:00:00+00:00,68.14,68.74,66.8,67.4,216957.0,67.64081,963,False
2026-04-23 14:00:00+00:00,67.24,67.7718,66.1845,67.35,461331.0,67.09049,2602,True
2026-04-23 15:00:00+00:00,67.39,67.5,66.16,66.45,199060.0,66.89302,1100,True
2026-04-23 16:00:00+00:00,66.42,66.73,65.55,65.96,208814.0,66.04378,1028,True
2026-04-23 17:00:00+00:00,65.955,66.0476,63.79,65.2,469835.0,64.76223,2523,True
2026-04-23 18:00:00+00:00,65.14,65.81,65.0,65.1075,253346.0,65.35023,1430,True
2026-04-23 19:00:00+00:00,65.13,66.0,64.81,65.51,693271.0,65.33057,3825,True
2026-04-23 20:00:00+00:00,65.52,66.02,65.28,65.8297,240901.0,65.52307,37,False
2026-04-23 21:00:00+00:00,65.84,66.79,65.7,66.79,6526.0,65.87756,19,False
2026-04-23 22:00:00+00:00,66.44,66.4536,66.0,66.0,833.0,66.23299,4,False
2026-04-23 23:00:00+00:00,66.4,66.4,66.01,66.2,1900.0,66.24209,12,False
2026-04-24 08:00:00+00:00,66.07,66.45,65.98,66.45,2768.0,66.11182,18,False
2026-04-24 09:00:00+00:00,66.45,66.45,66.03,66.03,2066.0,66.21274,9,False
2026-04-24 10:00:00+00:00,66.18,66.18,65.88,66.1,1610.0,66.08817,10,False
2026-04-24 11:00:00+00:00,66.0,66.67,65.89,66.19,11287.0,66.30008,49,False
2026-04-24 12:00:00+00:00,66.2084,66.39,65.78,66.08,6662.0,66.16516,23,False
2026-04-24 13:00:00+00:00,66.18,66.25,63.05,63.9,315148.0,64.41594,1388,False
2026-04-24 14:00:00+00:00,63.84,63.89,62.16,62.52,505955.0,62.92754,2213,True
2026-04-24 15:00:00+00:00,62.515,63.675,62.19,63.505,318574.0,62.7626,1481,True
2026-04-24 16:00:00+00:00,63.51,63.51,62.42,62.63,214109.0,62.83904,869,True
2026-04-24 17:00:00+00:00,62.63,62.71,62.0522,62.29,462449.0,62.3292,2125,True
2026-04-24 18:00:00+00:00,62.2166,62.62,61.83,61.97,273543.0,62.1711,1343,True
2026-04-24 19:00:00+00:00,61.98,62.015,61.01,61.23,982595.0,61.37768,4610,True
2026-04-24 20:00:00+00:00,61.22,61.98,61.22,61.6,406337.0,61.26626,63,False
2026-04-24 21:00:00+00:00,61.7798,61.78,61.6,61.6,6953.0,61.6719,24,False
2026-04-24 22:00:00+00:00,61.65,61.67,61.3481,61.45,3278.0,61.5351,16,False
2026-04-24 23:00:00+00:00,61.68,61.8,61.44,61.487,2352.0,61.63033,16,False
2026-04-27 08:00:00+00:00,61.38,61.68,61.18,61.5,7184.0,61.37799,37,False
2026-04-27 09:00:00+00:00,61.41,61.41,61.05,61.05,907.0,61.25528,7,False
2026-04-27 10:00:00+00:00,61.03,61.5,61.03,61.5,1268.0,61.21345,8,False
2026-04-27 11:00:00+00:00,61.38,61.5,61.2473,61.3878,12894.0,61.42096,40,False
2026-04-27 12:00:00+00:00,61.23,61.4,61.1,61.3,8445.0,61.2817,31,False
2026-04-27 13:00:00+00:00,61.12,64.429,61.05,63.77,375247.0,62.87752,1407,False
2026-04-27 14:00:00+00:00,63.76,63.98,63.05,63.59,287752.0,63.51694,1337,True
2026-04-27 15:00:00+00:00,63.59,63.635,62.54,63.0,292324.0,62.90331,1222,True
2026-04-27 16:00:00+00:00,63.055,63.3191,62.7601,62.93,162982.0,62.99454,692,True
2026-04-27 17:00:00+00:00,62.97,63.18,62.745,62.92,100881.0,62.97455,628,True
2026-04-27 18:00:00+00:00,62.9,63.15,62.79,63.055,185060.0,63.01149,929,True
2026-04-27 19:00:00+00:00,63.055,63.33,62.88,63.21,668921.0,63.09626,3751,True
2026-04-27 20:00:00+00:00,63.16,63.58,62.79,63.2,852153.0,63.1572,39,False
2026-04-27 21:00:00+00:00,63.32,63.4,63.25,63.25,813.0,63.28678,6,False
2026-04-27 22:00:00+00:00,63.3983,63.3983,63.3983,63.3983,100.0,63.3983,1,False
2026-04-27 23:00:00+00:00,63.25,63.25,63.25,63.25,100.0,63.25,1,False
2026-04-28 08:00:00+00:00,63.5,63.5,63.05,63.2,3816.0,63.38376,19,False
2026-04-28 09:00:00+00:00,63.16,63.2,63.0,63.16,1074.0,63.06238,9,False
2026-04-28 10:00:00+00:00,63.05,63.1665,63.05,63.1665,400.0,63.07913,3,False
2026-04-28 11:00:00+00:00,62.96,62.97,62.21,62.59,15849.0,62.46831,36,False
2026-04-28 12:00:00+00:00,62.2871,62.7,62.2871,62.69,7349.0,62.49239,27,False
2026-04-28 13:00:00+00:00,62.75,62.786,61.1,61.43,215926.0,61.81074,758,False
2026-04-28 14:00:00+00:00,61.51,61.65,60.22,60.575,258467.0,60.90307,1419,True
2026-04-28 15:00:00+00:00,60.62,61.244,60.54,60.93,135356.0,60.89207,789,True
2026-04-28 16:00:00+00:00,60.9275,61.0226,60.6,60.9101,129454.0,60.81045,569,True
2026-04-28 17:00:00+00:00,60.925,61.47,60.74,61.29,355842.0,61.189,1697,True
2026-04-28 18:00:00+00:00,61.3,61.32,60.65,61.02,210876.0,61.02703,744,True
2026-04-28 19:00:00+00:00,61.0,61.71,60.41,61.67,704831.0,60.99888,3710,True
2026-04-28 20:00:00+00:00,61.66,62.6273,61.01,61.98,322652.0,61.66554,51,False
2026-04-28 21:00:00+00:00,61.77,61.77,61.28,61.28,735.0,61.47431,3,False
2026-04-28 22:00:00+00:00,61.41,61.68,61.41,61.68,930.0,61.44871,3,False
2026-04-28 23:00:00+00:00,61.67,61.67,61.66,61.66,390.0,61.66641,2,False
2026-04-29 08:00:00+00:00,62.11,62.23,61.8,62.07,2822.0,61.95639,21,False
2026-04-29 09:00:00+00:00,62.1,62.1,62.1,62.1,865.0,62.1,1,False
2026-04-29 10:00:00+00:00,62.19,62.4,62.16,62.3,2160.0,62.25395,10,False
2026-04-29 11:00:00+00:00,62.14,62.5,62.01,62.01,10439.0,62.18469,46,False
2026-04-29 12:00:00+00:00,62.2,62.2,61.88,61.9,13189.0,61.99092,37,False
2026-04-29 13:00:00+00:00,61.92,62.1,60.5,60.52,193429.0,61.15553,780,False
2026-04-29 14:00:00+00:00,60.52,60.9299,60.08,60.695,248856.0,60.41068,1411,True
2026-04-29 15:00:00+00:00,60.75,60.76,60.23,60.51,229486.0,60.49617,1289,True
2026-04-29 16:00:00+00:00,60.51,60.53,60.14,60.189,170879.0,60.34607,1037,True
2026-04-29 17:00:00+00:00,60.26,60.73,60.1,60.49,196069.0,60.3696,1077,True
2026-04-29 18:00:00+00:00,60.49,60.49,59.79,60.18,301017.0,60.00281,1556,True
2026-04-29 19:00:00+00:00,60.195,60.4025,59.0607,59.55,504906.0,59.60303,2735,True
2026-04-29 20:00:00+00:00,59.56,59.8366,59.2324,59.53,266978.0,59.55937,32,False
2026-04-29 21:00:00+00:00,59.29,59.54,59.29,59.54,1251.0,59.42703,5,False
2026-04-29 22:00:00+00:00,59.46,59.54,59.46,59.54,2150.0,59.50386,11,False
2026-04-29 23:00:00+00:00,59.54,59.9109,59.54,59.7188,2128.0,59.61524,8,False
2026-04-30 08:00:00+00:00,59.83,59.83,59.0,59.36,3964.0,59.36422,34,False
2026-04-30 09:00:00+00:00,59.39,59.39,59.28,59.37,892.0,59.3245,5,False
2026-04-30 10:00:00+00:00,59.53,60.48,59.53,59.65,4888.0,60.07108,18,False
2026-04-30 11:00:00+00:00,59.89,60.15,59.53,60.0,7722.0,59.89875,33,False
2026-04-30 12:00:00+00:00,60.0073,60.2,59.9828,60.0,6154.0,60.06366,24,False
2026-04-30 13:00:00+00:00,60.1572,61.0,59.6373,60.56,327745.0,60.20855,1146,False
2026-04-30 14:00:00+00:00,60.53,62.2499,60.53,62.135,312254.0,61.54286,1515,True
2026-04-30 15:00:00+00:00,62.17,62.19,61.6,62.15,160165.0,61.92724,952,True
2026-04-30 16:00:00+00:00,62.135,62.5339,62.01,62.25,260271.0,62.19425,807,True
2026-04-30 17:00:00+00:00,62.24,62.6,62.13,62.3099,129434.0,62.36268,696,True
2026-04-30 18:00:00+00:00,62.3,62.75,62.28,62.53,197459.0,62.51248,907,True
2026-04-30 19:00:00+00:00,62.53,63.18,62.45,63.045,470542.0,62.91348,2845,True
2026-04-30 20:00:00+00:00,63.05,63.05,62.15,62.9,293720.0,63.04208,17,False
2026-04-30 21:00:00+00:00,62.89,63.0,62.65,62.9,1908.0,62.78252,11,False
2026-04-30 22:00:00+00:00,62.94,62.99,62.6937,62.95,1401.0,62.88517,8,False
2026-04-30 23:00:00+00:00,62.93,62.99,62.67,62.99,1300.0,62.86154,9,False
2026-05-01 08:00:00+00:00,63.32,63.32,63.19,63.31,1310.0,63.25464,9,False
2026-05-01 09:00:00+00:00,63.31,63.31,63.31,63.31,0.0,63.31,0,False
2026-05-01 10:00:00+00:00,63.4,63.4,63.4,63.4,455.0,63.4,1,False
2026-05-01 11:00:00+00:00,63.0223,63.53,63.0223,63.53,7378.0,63.26952,19,False
2026-05-01 12:00:00+00:00,63.78,63.85,63.5,63.7152,10604.0,63.70631,32,False
2026-05-01 13:00:00+00:00,63.5,63.85,61.004,61.29,254175.0,62.02138,1041,False
2026-05-01 14:00:00+00:00,61.19,61.82,60.9542,61.515,251874.0,61.36935,1199,True
2026-05-01 15:00:00+00:00,61.495,62.46,61.2501,62.085,208561.0,61.74461,1011,True
2026-05-01 16:00:00+00:00,62.09,62.2953,61.5,62.27,99286.0,61.90997,571,True
2026-05-01 17:00:00+00:00,62.3,62.69,62.19,62.65,119247.0,62.43972,614,True
2026-05-01 18:00:00+00:00,62.6201,62.75,62.22,62.39,182478.0,62.49143,963,True
2026-05-01 19:00:00+00:00,62.36,62.58,62.05,62.06,405789.0,62.33203,2183,True
2026-05-01 20:00:00+00:00,62.05,62.31,62.0,62.14,235389.0,62.05121,58,False
2026-05-01 21:00:00+00:00,62.1383,62.14,62.02,62.14,2219.0,62.13141,9,False
2026-05-01 22:00:00+00:00,62.1297,62.1355,61.8,62.03,1774.0,62.01918,11,False
2026-05-01 23:00:00+00:00,62.05,62.14,62.05,62.14,2876.0,62.1107,14,False
2026-05-04 08:00:00+00:00,62.35,62.54,62.1,62.13,7529.0,62.26191,37,False
2026-05-04 09:00:00+00:00,62.35,62.42,62.35,62.42,8131.0,62.38683,21,False
2026-05-04 10:00:00+00:00,62.66,63.05,62.41,62.57,32702.0,62.52876,148,False
2026-05-04 11:00:00+00:00,62.61,62.73,62.21,62.52,21274.0,62.49005,56,False
2026-05-04 12:00:00+00:00,62.57,62.6528,62.33,62.44,12627.0,62.51005,24,False
2026-05-04 13:00:00+00:00,62.24,63.46,61.8,63.22,229200.0,62.66003,899,False
2026-05-04 14:00:00+00:00,63.22,64.13,62.6801,63.26,280120.0,63.55902,1581,True
2026-05-04 15:00:00+00:00,63.23,63.84,62.42,62.71,241777.0,63.0559,1423,True
2026-05-04 16:00:00+00:00,62.78,62.87,62.0,62.71,224169.0,62.58452,1015,True
2026-05-04 17:00:00+00:00,62.76,63.19,62.64,62.64,180713.0,62.83882,1029,True
2026-05-04 18:00:00+00:00,62.62,62.89,62.4605,62.48,161571.0,62.6723,1033,True
2026-05-04 19:00:00+00:00,62.48,62.5,61.7569,61.94,455137.0,62.08945,2888,True
2026-05-04 20:00:00+00:00,61.94,62.3,61.88,61.88,254862.0,61.93111,25,False
2026-05-04 21:00:00+00:00,62.1,62.3,61.9433,62.3,820.0,62.17354,7,False
2026-05-04 22:00:00+00:00,62.22,62.22,62.1627,62.1627,1298.0,62.18928,5,False
2026-05-04 23:00:00+00:00,62.1,62.13,62.1,62.13,1368.0,62.11985,5,False
2026-05-05 08:00:00+00:00,62.17,62.43,62.15,62.43,3267.0,62.37448,15,False
2026-05-05 09:00:00+00:00,62.58,62.6,62.42,62.47,1884.0,62.48627,10,False
2026-05-05 10:00:00+00:00,62.3,62.4,62.1,62.4,1511.0,62.17346,8,False
2026-05-05 11:00:00+00:00,62.36,62.46,62.2,62.46,2630.0,62.34277,19,False
2026-05-05 12:00:00+00:00,62.05,62.8048,62.05,62.6993,7960.0,62.67119,21,False
2026-05-05 13:00:00+00:00,62.6,62.79,59.355,59.355,462073.0,60.58796,2413,False
2026-05-05 14:00:00+00:00,59.34,60.5499,59.1601,59.735,439930.0,59.8238,2286,True
2026-05-05 15:00:00+00:00,59.7528,60.39,59.19,59.47,268884.0,59.76731,1554,True
2026-05-05 16:00:00+00:00,59.47,59.49,58.467,58.6,332602.0,58.82733,1663,True
2026-05-05 17:00:00+00:00,58.585,58.65,58.01,58.3,230148.0,58.35124,1204,True
2026-05-05 18:00:00+00:00,58.3051,59.5,58.13,59.495,299976.0,58.48962,1567,True
2026-05-05 19:00:00+00:00,59.435,59.47,58.8,59.31,414722.0,59.15803,2772,True
2026-05-05 20:00:00+00:00,59.31,59.7551,59.04,59.74,361068.0,59.31063,31,False
2026-05-05 21:00:00+00:00,59.45,59.45,59.01,59.01,5042.0,59.26215,24,False
2026-05-05 22:00:00+00:00,59.0,59.39,59.0,59.34,3316.0,59.16973,23,False
2026-05-05 23:00:00+00:00,59.27,59.29,59.0,59.2,2677.0,59.18245,16,False
2026-05-06 08:00:00+00:00,59.31,59.69,59.15,59.6,8204.0,59.36576,27,False
2026-05-06 09:00:00+00:00,59.69,60.0,59.1575,60.0,2999.0,59.76937,12,False
2026-05-06 10:00:00+00:00,59.88,60.0,59.79,59.8,2045.0,59.87194,12,False
2026-05-06 11:00:00+00:00,60.03,60.18,59.8,60.18,13221.0,59.96759,49,False
2026-05-06 12:00:00+00:00,60.0369,60.15,59.5737,59.5737,5345.0,59.91222,30,False
2026-05-06 13:00:00+00:00,60.0,60.0,58.43,59.8,322767.0,59.32852,1276,False
2026-05-06 14:00:00+00:00,59.8,60.8,59.5501,60.535,326721.0,60.20869,1671,True
2026-05-06 15:00:00+00:00,60.595,60.595,59.55,59.97,248534.0,60.0481,1299,True
2026-05-06 16:00:00+00:00,59.965,60.2,59.5,60.0052,183127.0,59.82589,1006,True
2026-05-06 17:00:00+00:00,60.0,60.98,59.97,60.5,240139.0,60.67023,1230,True
2026-05-06 18:00:00+00:00,60.47,61.63,60.245,61.54,274731.0,61.12761,1685,True
2026-05-06 19:00:00+00:00,61.53,61.74,61.24,61.54,608878.0,61.52515,3700,True
2026-05-06 20:00:00+00:00,61.52,65.99,59.16,60.12,752313.0,61.9419,806,False
2026-05-06 21:00:00+00:00,59.5,61.0119,58.6899,60.96,65883.0,59.95665,221,False
2026-05-06 22:00:00+00:00,60.7,61.11,60.3,60.69,13888.0,60.74965,45,False
2026-05-06 23:00:00+00:00,60.69,61.04,60.5,60.6,20901.0,60.84008,62,False
2026-05-07 08:00:00+00:00,60.97,61.98,59.87,61.6,21667.0,61.0161,128,False
2026-05-07 09:00:00+00:00,61.6,62.0,61.42,61.76,2151.0,61.85586,11,False
2026-05-07 10:00:00+00:00,61.76,62.4,61.72,62.05,2144.0,62.01587,15,False
2026-05-07 11:00:00+00:00,61.75,62.26,61.3892,61.75,17635.0,61.84931,69,False
2026-05-07 12:00:00+00:00,61.99,62.5349,61.6897,62.3269,17990.0,62.12704,91,False
2026-05-07 13:00:00+00:00,62.35,63.29,58.61,58.67,630090.0,59.94334,2772,False
2026-05-07 14:00:00+00:00,58.73,59.37,57.75,58.775,805773.0,58.56741,4009,True
2026-05-07 15:00:00+00:00,58.72,59.75,58.03,58.12,526244.0,58.67442,2479,True
2026-05-07 16:00:00+00:00,58.15,58.35,57.76,57.8,339388.0,58.0002,1769,True
2026-05-07 17:00:00+00:00,57.81,58.22,57.27,57.63,260346.0,57.66012,1207,True
2026-05-07 18:00:00+00:00,57.635,57.885,56.6,56.7,352241.0,57.20561,1838,True
2026-05-07 19:00:00+00:00,56.6999,57.11,56.29,56.99,709416.0,56.79813,3822,True
2026-05-07 20:00:00+00:00,57.05,57.9144,56.7,57.38,432406.0,57.0032,35,False
2026-05-07 21:00:00+00:00,57.15,57.5,57.04,57.06,6714.0,57.30916,19,False
2026-05-07 22:00:00+00:00,57.05,57.41,57.05,57.26,3200.0,57.26592,18,False
2026-05-07 23:00:00+00:00,57.3765,57.45,56.91,56.92,10137.0,57.16761,31,False
2026-05-08 08:00:00+00:00,57.24,58.2,57.22,58.15,2749.0,57.54375,18,False
2026-05-08 09:00:00+00:00,57.93,58.17,57.51,57.54,2508.0,57.88131,20,False
2026-05-08 10:00:00+00:00,57.8,57.99,57.78,57.78,600.0,57.82833,4,False
2026-05-08 11:00:00+00:00,57.6,57.65,57.45,57.5598,8973.0,57.60097,22,False
2026-05-08 12:00:00+00:00,57.5,57.95,57.48,57.64,9747.0,57.72683,33,False
2026-05-08 13:00:00+00:00,57.5321,57.85,55.73,55.9101,436012.0,56.54905,1590,False
2026-05-08 14:00:00+00:00,56.08,57.6,56.08,57.275,411308.0,56.95451,2090,True
2026-05-08 15:00:00+00:00,57.28,57.58,56.78,57.02,367268.0,57.17902,2081,True
2026-05-08 16:00:00+00:00,57.1,57.37,56.7,56.73,237148.0,57.07851,1330,True
2026-05-08 17:00:00+00:00,56.74,57.5,56.58,57.39,251949.0,56.93724,1514,True
2026-05-08 18:00:00+00:00,57.44,57.75,57.201,57.35,233865.0,57.44142,1416,True
2026-05-08 19:00:00+00:00,57.3599,57.94,57.27,57.86,500737.0,57.70885,3199,True
2026-05-08 20:00:00+00:00,57.87,57.944,57.75,57.93,560048.0,57.88957,38,False
2026-05-08 21:00:00+00:00,57.91,57.9831,57.85,57.9831,2310.0,57.90434,14,False
2026-05-08 22:00:00+00:00,57.95,58.0,57.9,58.0,1905.0,57.94782,11,False
2026-05-08 23:00:00+00:00,58.0,58.0,57.7682,58.0,7969.0,57.87336,28,False
2026-05-11 08:00:00+00:00,58.46,58.83,57.4,57.46,6436.0,57.75763,39,False
2026-05-11 09:00:00+00:00,57.42,57.4416,57.42,57.42,1908.0,57.43727,5,False
2026-05-11 10:00:00+00:00,57.44,57.5,57.3527,57.45,2298.0,57.39676,8,False
2026-05-11 11:00:00+00:00,57.46,57.88,57.2,57.65,8702.0,57.52758,40,False
2026-05-11 12:00:00+00:00,57.65,57.8,57.22,57.52,7460.0,57.44641,34,False
2026-05-11 13:00:00+00:00,57.44,57.78,55.01,55.96,628601.0,55.75032,3150,False
2026-05-11 14:00:00+00:00,55.96,56.9,55.945,56.0898,398782.0,56.3958,2220,True
2026-05-11 15:00:00+00:00,56.03,56.57,56.01,56.22,399481.0,56.30997,1839,True
2026-05-11 16:00:00+00:00,56.21,56.49,55.67,56.0107,297909.0,55.99512,1567,True
2026-05-11 17:00:00+00:00,56.01,56.8,55.9,56.53,331132.0,56.33283,1740,True
2026-05-11 18:00:00+00:00,56.565,57.27,56.43,56.87,493587.0,56.74807,2623,True
2026-05-11 19:00:00+00:00,56.87,57.71,56.59,56.98,993148.0,57.05837,4686,True
2026-05-11 20:00:00+00:00,56.99,57.0,56.5,56.93,688745.0,56.98839,35,False
2026-05-11 21:00:00+00:00,56.94,56.94,56.6,56.9,1231.0,56.80817,7,False
2026-05-11 22:00:00+00:00,57.0,57.29,56.92,56.92,1567.0,56.96745,4,False
2026-05-11 23:00:00+00:00,57.02,57.27,56.95,57.03,1412.0,57.12316,8,False
2026-05-12 08:00:00+00:00,56.95,57.11,56.41,56.53,8710.0,56.83743,46,False
2026-05-12 09:00:00+00:00,56.73,57.29,56.7,57.01,4883.0,57.03457,26,False
2026-05-12 10:00:00+00:00,57.09,57.98,57.09,57.5156,9249.0,57.51079,53,False
2026-05-12 11:00:00+00:00,57.36,58.35,57.36,58.18,35749.0,58.03424,121,False
2026-05-12 12:00:00+00:00,57.96,58.28,57.0612,57.7,28734.0,57.68599,97,False
2026-05-12 13:00:00+00:00,57.8,58.1,56.92,57.1771,340670.0,57.38977,1470,False
2026-05-12 14:00:00+00:00,57.22,58.63,56.1,56.145,532188.0,57.45974,2339,True
2026-05-12 15:00:00+00:00,56.19,56.3171,55.52,55.52,253981.0,55.9012,1505,True
2026-05-12 16:00:00+00:00,55.52,56.13,55.11,55.4,220303.0,55.60323,1351,True
2026-05-12 17:00:00+00:00,55.38,56.23,55.38,55.925,180694.0,55.8543,1094,True
2026-05-12 18:00:00+00:00,55.92,56.69,55.84,56.31,300437.0,56.34431,1680,True
2026-05-12 19:00:00+00:00,56.3,57.44,56.29,57.32,805045.0,57.04886,4421,True
2026-05-12 20:00:00+00:00,57.33,57.33,57.0,57.01,1049263.0,57.3276,41,False
2026-05-12 21:00:00+00:00,57.08,57.24,57.0016,57.13,6187.0,57.09881,20,False
2026-05-12 22:00:00+00:00,57.1,57.16,57.0208,57.07,6253.0,57.10374,19,False
2026-05-12 23:00:00+00:00,57.1,57.19,57.1,57.11,4871.0,57.12874,16,False
2026-05-13 08:00:00+00:00,57.51,57.97,57.51,57.83,6508.0,57.73707,42,False
2026-05-13 09:00:00+00:00,57.75,57.75,57.61,57.64,1254.0,57.67358,9,False
2026-05-13 10:00:00+00:00,57.64,57.64,57.38,57.42,1046.0,57.47768,6,False
2026-05-13 11:00:00+00:00,57.4207,57.73,57.25,57.4,5909.0,57.38943,26,False
2026-05-13 12:00:00+00:00,57.3,57.47,56.5,56.79,10093.0,56.93314,46,False
2026-05-13 13:00:00+00:00,56.6,56.99,52.35,52.525,803265.0,53.92397,3569,False
2026-05-13 14:00:00+00:00,52.525,52.94,51.96,52.16,876022.0,52.39982,4163,True
2026-05-13 15:00:00+00:00,52.21,53.58,51.84,53.16,666079.0,52.79062,3092,True
2026-05-13 16:00:00+00:00,53.13,53.1883,52.21,52.27,551571.0,52.65814,2921,True
2026-05-13 17:00:00+00:00,52.34,52.56,52.165,52.46,423792.0,52.3523,2044,True
2026-05-13 18:00:00+00:00,52.46,52.75,52.17,52.53,594705.0,52.39593,2759,True
2026-05-13 19:00:00+00:00,52.5,53.49,52.27,52.5,2092333.0,52.79833,9823,True
2026-05-13 20:00:00+00:00,52.5,52.75,52.31,52.5,1001407.0,52.49071,36,False
2026-05-13 21:00:00+00:00,52.5857,52.6,52.49,52.5857,11024.0,52.5365,32,False
2026-05-13 22:00:00+00:00,52.49,52.6,52.49,52.6,5544.0,52.58197,23,False
2026-05-13 23:00:00+00:00,52.6566,52.9589,52.55,52.71,12347.0,52.68012,45,False
2026-05-14 08:00:00+00:00,52.72,53.49,52.66,53.01,7537.0,53.05107,40,False
2026-05-14 09:00:00+00:00,53.3551,53.3551,52.8,52.93,2298.0,52.98709,14,False
2026-05-14 10:00:00+00:00,52.98,53.0,52.89,52.89,440.0,52.97045,3,False
2026-05-14 11:00:00+00:00,52.8376,53.0,52.52,52.7412,11287.0,52.6926,55,False
2026-05-14 12:00:00+00:00,52.7475,53.0,52.6,52.8,15416.0,52.80451,43,False
2026-05-14 13:00:00+00:00,52.8,55.15,52.49,54.2,648487.0,54.02502,2381,False
2026-05-14 14:00:00+00:00,54.23,55.965,54.12,55.45,654461.0,54.7652,2859,True
2026-05-14 15:00:00+00:00,55.55,55.75,55.1,55.133,348333.0,55.49118,1812,True
2026-05-14 16:00:00+00:00,55.16,55.97,55.13,55.59,316501.0,55.54145,1497,True
2026-05-14 17:00:00+00:00,55.58,55.84,55.09,55.12,269209.0,55.42321,1457,True
2026-05-14 18:00:00+00:00,55.12,55.48,54.81,54.8801,232491.0,55.23218,1371,True
2026-05-14 19:00:00+00:00,54.92,55.49,54.72,54.85,672215.0,55.03592,3496,True
2026-05-14 20:00:00+00:00,54.85,55.2,54.69,54.9527,974478.0,54.84986,57,False
2026-05-14 21:00:00+00:00,55.0,55.0,54.73,54.9383,4964.0,54.96377,11,False
2026-05-14 22:00:00+00:00,54.79,54.95,54.6714,54.84,4460.0,54.81104,16,False
2026-05-14 23:00:00+00:00,54.9,54.9,54.8,54.8986,1742.0,54.85082,6,False
2026-05-15 08:00:00+00:00,54.04,55.0,53.51,53.88,3377.0,54.12237,24,False
2026-05-15 09:00:00+00:00,53.87,53.87,53.5,53.56,1237.0,53.64222,8,False
2026-05-15 10:00:00+00:00,53.55,54.5,53.55,54.0,1424.0,53.93282,13,False
2026-05-15 11:00:00+00:00,54.0382,54.84,53.66,53.8211,9377.0,53.90087,42,False
2026-05-15 12:00:00+00:00,53.71,53.822,53.3135,53.822,7198.0,53.55382,41,False
2026-05-15 13:00:00+00:00,53.5,53.9,52.27,52.365,382985.0,52.86907,1579,False
2026-05-15 14:00:00+00:00,52.37,52.82,52.05,52.205,318398.0,52.48297,2005,True
2026-05-15 15:00:00+00:00,52.15,52.27,51.9,52.25,261868.0,52.06067,1530,True
2026-05-15 16:00:00+00:00,52.28,52.32,51.6605,51.79,209308.0,51.88228,1179,True
2026-05-15 17:00:00+00:00,51.76,52.2398,51.76,51.945,234519.0,51.94287,1265,True
2026-05-15 18:00:00+00:00,51.965,52.13,51.66,51.8016,255110.0,51.92594,1403,True
2026-05-15 19:00:00+00:00,51.855,52.18,51.78,52.08,512939.0,51.99869,3129,True
2026-05-15 20:00:00+00:00,52.09,52.25,52.0,52.25,644608.0,52.08989,39,False
2026-05-15 21:00:00+00:00,52.11,52.2269,52.0,52.0,5147.0,52.08983,17,False
2026-05-15 22:00:00+00:00,51.9193,52.1638,51.9193,52.04,11449.0,52.02822,18,False
2026-05-15 23:00:00+00:00,51.9183,51.99,51.9,51.98,1405.0,51.9324,12,False
