date,open,high,low,close,volume,average,barCount,is_rth
2018-05-18 00:00:00+00:00,33.2,35.0,33.15,34.9,255165.0,34.372,1823,False
2018-05-21 00:00:00+00:00,35.0,35.5,34.62,34.9,198814.0,34.863,1003,False
2018-05-22 00:00:00+00:00,34.95,35.7,34.8,34.85,100760.0,34.981,816,False
2018-05-23 00:00:00+00:00,34.7,36.05,34.55,35.55,297372.0,35.576,2255,False
2018-05-24 00:00:00+00:00,35.85,36.05,35.15,35.6,230585.0,35.609,1854,False
2018-05-25 00:00:00+00:00,35.65,35.95,35.15,35.8,157633.0,35.744,1113,False
2018-05-29 00:00:00+00:00,36.05,36.13,34.55,34.9,339643.0,35.001,2198,False
2018-05-30 00:00:00+00:00,34.2,35.7,32.6,34.5,564595.0,34.366,3144,False
2018-05-31 00:00:00+00:00,34.8,35.6,34.8,35.0,199638.0,35.103,1365,False
2018-06-01 00:00:00+00:00,35.05,35.5,34.75,35.3,231492.0,35.18,1567,False
2018-06-04 00:00:00+00:00,35.25,36.0,35.25,35.9,176752.0,35.776,1320,False
2018-06-05 00:00:00+00:00,35.8,37.65,35.5,36.9,288592.0,36.849,1839,False
2018-06-06 00:00:00+00:00,37.05,38.27,36.6,37.75,197392.0,37.641,1339,False
2018-06-07 00:00:00+00:00,37.95,39.1,37.5,38.8,309789.0,38.465,1839,False
2018-06-08 00:00:00+00:00,38.5,40.35,38.46,40.25,414149.0,39.797,2333,False
2018-06-11 00:00:00+00:00,40.35,41.3,39.95,41.05,401656.0,40.706,2545,False
2018-06-12 00:00:00+00:00,39.05,41.7,38.8,40.15,441308.0,40.588,2693,False
2018-06-13 00:00:00+00:00,40.1,40.33,39.2,39.75,426842.0,39.822,2230,False
2018-06-14 00:00:00+00:00,39.8,40.1,39.25,39.3,314182.0,39.651,2310,False
2018-06-15 00:00:00+00:00,39.25,39.25,37.25,37.4,411092.0,37.871,2969,False
2018-06-18 00:00:00+00:00,37.65,39.2,37.52,38.95,311464.0,38.34,2082,False
2018-06-19 00:00:00+00:00,38.5,38.8,37.85,38.2,182737.0,38.303,1127,False
2018-06-20 00:00:00+00:00,38.45,38.8,37.9,38.4,137716.0,38.317,1039,False
2018-06-21 00:00:00+00:00,38.3,38.9,37.0,37.35,170373.0,37.46,1294,False
2018-06-22 00:00:00+00:00,37.45,37.45,35.95,36.88,196732.0,36.427,1429,False
2018-06-25 00:00:00+00:00,36.5,36.5,34.7,34.95,214236.0,35.211,1426,False
2018-06-26 00:00:00+00:00,35.15,36.4,34.55,36.15,340688.0,35.751,2405,False
2018-06-27 00:00:00+00:00,36.3,36.35,35.25,35.35,282702.0,35.77,1479,False
2018-06-28 00:00:00+00:00,34.95,35.4,33.9,34.95,356149.0,34.691,2709,False
2018-06-29 00:00:00+00:00,35.05,36.35,34.8,36.15,309724.0,35.881,1968,False
2018-07-02 00:00:00+00:00,35.9,36.5,34.9,35.1,259223.0,35.707,1998,False
2018-07-03 00:00:00+00:00,35.35,35.7,34.6,35.45,112299.0,35.206,904,False
2018-07-05 00:00:00+00:00,35.4,35.4,34.3,35.2,122925.0,34.9,944,False
2018-07-06 00:00:00+00:00,35.15,35.7,34.9,35.6,136316.0,35.392,748,False
2018-07-09 00:00:00+00:00,35.65,35.7,32.9,32.9,349828.0,33.916,1976,False
2018-07-10 00:00:00+00:00,33.1,33.85,32.97,33.5,468256.0,33.474,3003,False
2018-07-11 00:00:00+00:00,33.35,34.25,33.05,34.2,126624.0,33.755,997,False
2018-07-12 00:00:00+00:00,34.25,35.2,34.25,34.95,216347.0,34.767,1308,False
2018-07-13 00:00:00+00:00,34.9,35.2,34.5,34.95,233550.0,35.002,1515,False
2018-07-16 00:00:00+00:00,35.0,35.5,34.25,35.35,505890.0,35.106,2461,False
2018-07-17 00:00:00+00:00,35.25,36.3,35.09,36.15,251559.0,35.8,1380,False
2018-07-18 00:00:00+00:00,36.25,38.75,36.0,38.5,628691.0,37.828,3430,False
2018-07-19 00:00:00+00:00,38.3,38.33,36.82,37.05,417944.0,37.338,2669,False
2018-07-20 00:00:00+00:00,36.8,37.25,36.5,37.0,166402.0,37.003,1188,False
2018-07-23 00:00:00+00:00,36.9,37.1,36.15,36.15,115814.0,36.483,792,False
2018-07-24 00:00:00+00:00,36.6,36.8,34.7,35.0,169749.0,35.541,1125,False
2018-07-25 00:00:00+00:00,35.05,35.45,34.65,35.0,360243.0,35.164,1863,False
2018-07-26 00:00:00+00:00,35.0,35.3,33.9,33.95,605063.0,34.348,3866,False
2018-07-27 00:00:00+00:00,34.45,34.8,33.2,33.3,283024.0,33.472,1828,False
2018-07-30 00:00:00+00:00,33.55,34.1,32.65,33.1,303105.0,33.252,1993,False
2018-07-31 00:00:00+00:00,33.3,33.35,32.1,32.75,304970.0,32.804,1985,False
2018-08-01 00:00:00+00:00,32.95,33.45,32.5,33.05,388738.0,33.074,2560,False
2018-08-02 00:00:00+00:00,33.1,34.35,33.0,34.25,179505.0,33.607,1081,False
2018-08-03 00:00:00+00:00,34.4,34.65,33.15,33.75,212907.0,33.79,1517,False
2018-08-06 00:00:00+00:00,33.8,35.15,33.4,34.7,137955.0,34.583,1028,False
2018-08-07 00:00:00+00:00,34.85,34.85,34.15,34.6,187854.0,34.637,1219,False
2018-08-08 00:00:00+00:00,34.95,34.95,33.95,33.95,117707.0,34.38,862,False
2018-08-09 00:00:00+00:00,33.95,34.55,33.8,34.35,184886.0,34.288,1323,False
2018-08-10 00:00:00+00:00,34.35,34.6,32.25,33.5,303218.0,33.233,2030,False
2018-08-13 00:00:00+00:00,33.5,33.95,32.65,33.0,261737.0,33.122,1921,False
2018-08-14 00:00:00+00:00,33.4,34.0,27.55,29.1,1069322.0,29.685,6499,False
2018-08-15 00:00:00+00:00,28.95,31.63,28.5,31.5,1223795.0,29.925,7576,False
2018-08-16 00:00:00+00:00,31.55,32.45,30.25,31.5,496373.0,31.503,3525,False
2018-08-17 00:00:00+00:00,31.25,31.9,29.85,29.95,298304.0,30.508,2269,False
2018-08-20 00:00:00+00:00,29.9,30.75,29.7,29.9,261517.0,30.07,2021,False
2018-08-21 00:00:00+00:00,30.0,30.3,29.35,30.15,241175.0,29.811,1791,False
2018-08-22 00:00:00+00:00,30.35,31.5,30.15,31.0,491909.0,30.911,2892,False
2018-08-23 00:00:00+00:00,31.0,32.15,30.6,31.45,298242.0,31.4,2023,False
2018-08-24 00:00:00+00:00,31.5,31.95,30.7,30.9,130854.0,31.23,922,False
2018-08-27 00:00:00+00:00,30.9,31.85,30.9,31.55,209709.0,31.407,1321,False
2018-08-28 00:00:00+00:00,31.75,31.95,30.9,30.95,103337.0,31.157,714,False
2018-08-29 00:00:00+00:00,31.2,31.25,30.0,30.8,666409.0,30.736,2762,False
2018-08-30 00:00:00+00:00,31.0,31.5,30.7,31.05,163806.0,31.004,1036,False
2018-08-31 00:00:00+00:00,31.05,31.95,30.85,31.65,275895.0,31.482,1190,False
2018-09-04 00:00:00+00:00,31.65,31.95,30.75,31.5,432387.0,31.334,2631,False
2018-09-05 00:00:00+00:00,31.35,31.5,28.95,29.05,350688.0,29.998,1855,False
2018-09-06 00:00:00+00:00,29.25,30.0,29.07,29.7,457176.0,29.371,2951,False
2018-09-07 00:00:00+00:00,29.6,30.1,29.45,29.75,465662.0,29.732,3142,False
2018-09-10 00:00:00+00:00,29.95,29.95,28.95,29.05,323817.0,29.388,1913,False
2018-09-11 00:00:00+00:00,29.0,29.65,28.8,29.0,286795.0,29.154,1914,False
2018-09-12 00:00:00+00:00,29.05,29.35,28.25,28.65,299894.0,28.825,1737,False
2018-09-13 00:00:00+00:00,28.7,29.05,28.15,28.25,240572.0,28.354,1467,False
2018-09-14 00:00:00+00:00,28.25,28.6,28.15,28.5,377535.0,28.389,1776,False
2018-09-17 00:00:00+00:00,28.65,29.0,27.05,27.15,401976.0,27.468,1753,False
2018-09-18 00:00:00+00:00,27.05,27.85,26.6,27.35,401675.0,27.437,1979,False
2018-09-19 00:00:00+00:00,27.4,27.75,26.25,27.3,573813.0,26.992,3466,False
2018-09-20 00:00:00+00:00,27.35,28.5,27.2,27.7,337357.0,27.738,1628,False
2018-09-21 00:00:00+00:00,27.9,28.75,27.7,28.2,425700.0,28.255,2190,False
2018-09-24 00:00:00+00:00,28.25,28.36,27.4,27.45,175098.0,27.706,1190,False
2018-09-25 00:00:00+00:00,27.45,28.05,26.0,26.2,470513.0,26.803,1828,False
2018-09-26 00:00:00+00:00,26.4,30.48,26.4,28.6,1022356.0,28.703,4547,False
2018-09-27 00:00:00+00:00,28.6,29.15,27.15,27.95,268725.0,27.77,1611,False
2018-09-28 00:00:00+00:00,27.8,28.55,26.8,27.45,244699.0,27.329,1361,False
2018-10-01 00:00:00+00:00,27.74,28.13,27.11,27.14,234685.0,27.592,1327,False
2018-10-02 00:00:00+00:00,27.0,27.01,26.02,26.15,344430.0,26.38,2447,False
2018-10-03 00:00:00+00:00,26.2,26.64,25.37,25.96,389408.0,25.899,2457,False
2018-10-04 00:00:00+00:00,25.96,26.14,25.3,25.65,341417.0,25.654,1310,False
2018-10-05 00:00:00+00:00,25.7,26.15,24.65,24.76,243519.0,25.235,1531,False
2018-10-08 00:00:00+00:00,24.59,24.98,24.32,24.51,452970.0,24.551,2477,False
2018-10-09 00:00:00+00:00,24.6,24.82,23.4,24.0,494107.0,24.076,2911,False
2018-10-10 00:00:00+00:00,23.87,24.35,22.55,22.58,481473.0,22.937,2634,False
2018-10-11 00:00:00+00:00,22.57,22.81,21.82,22.09,660393.0,22.232,4230,False
2018-10-12 00:00:00+00:00,22.8,24.57,22.8,24.32,665732.0,24.022,3615,False
2018-10-15 00:00:00+00:00,23.95,24.81,23.88,24.48,250228.0,24.446,1596,False
2018-10-16 00:00:00+00:00,24.56,25.36,24.5,25.29,200091.0,24.991,1342,False
2018-10-17 00:00:00+00:00,25.35,25.56,24.83,25.47,312671.0,25.223,1360,False
2018-10-18 00:00:00+00:00,25.43,25.51,24.83,25.06,509460.0,25.223,3821,False
2018-10-19 00:00:00+00:00,25.3,25.59,24.1,24.22,402505.0,24.436,2806,False
2018-10-22 00:00:00+00:00,24.44,24.55,23.05,23.52,456001.0,23.689,2503,False
2018-10-23 00:00:00+00:00,23.19,23.54,22.87,23.33,462825.0,23.15,2937,False
2018-10-24 00:00:00+00:00,23.14,23.85,22.54,22.55,455964.0,22.919,2861,False
2018-10-25 00:00:00+00:00,22.55,23.69,20.82,23.42,506121.0,22.498,3232,False
2018-10-26 00:00:00+00:00,23.19,23.46,21.98,23.38,464386.0,22.996,2638,False
2018-10-29 00:00:00+00:00,23.46,24.16,21.77,22.07,615756.0,22.839,3880,False
2018-10-30 00:00:00+00:00,22.07,23.36,21.81,22.81,325597.0,22.702,2032,False
2018-10-31 00:00:00+00:00,23.03,24.97,23.03,24.79,480811.0,24.097,2284,False
2018-11-01 00:00:00+00:00,24.9,26.96,24.6,26.58,713799.0,26.345,4504,False
2018-11-02 00:00:00+00:00,26.67,27.0,25.42,25.53,423983.0,26.075,2950,False
2018-11-05 00:00:00+00:00,25.62,25.94,24.67,25.34,149347.0,25.089,1093,False
2018-11-06 00:00:00+00:00,25.6,26.14,24.55,24.79,270473.0,25.009,1864,False
2018-11-07 00:00:00+00:00,25.03,25.41,24.46,25.35,153409.0,24.992,1284,False
2018-11-08 00:00:00+00:00,25.13,25.39,24.62,24.75,150660.0,24.968,1035,False
2018-11-09 00:00:00+00:00,24.55,24.55,23.18,23.51,209529.0,23.657,1162,False
2018-11-12 00:00:00+00:00,23.4,24.17,23.22,24.0,312136.0,23.645,1439,False
2018-11-13 00:00:00+00:00,23.8,24.43,23.56,23.58,371072.0,24.044,1752,False
2018-11-14 00:00:00+00:00,23.74,24.29,23.74,23.9,126737.0,24.018,945,False
2018-11-15 00:00:00+00:00,23.75,24.17,23.49,23.95,155671.0,23.912,1170,False
2018-11-16 00:00:00+00:00,23.73,23.95,23.17,23.85,160380.0,23.604,1233,False
2018-11-19 00:00:00+00:00,23.51,23.73,22.7,22.78,272193.0,23.016,1565,False
2018-11-20 00:00:00+00:00,22.35,22.87,22.05,22.36,265125.0,22.548,1801,False
2018-11-21 00:00:00+00:00,22.66,22.87,22.15,22.16,472499.0,22.405,3260,False
2018-11-23 00:00:00+00:00,22.16,22.67,22.03,22.3,167119.0,22.315,849,False
2018-11-26 00:00:00+00:00,22.62,23.0,22.46,23.0,525899.0,22.718,3118,False
2018-11-27 00:00:00+00:00,23.0,24.33,22.71,23.65,434454.0,23.786,3036,False
2018-11-28 00:00:00+00:00,23.66,24.1,22.99,24.05,455518.0,23.672,2738,False
2018-11-29 00:00:00+00:00,24.02,24.72,23.72,24.63,199044.0,24.424,1347,False
2018-11-30 00:00:00+00:00,24.36,25.01,24.31,24.99,179720.0,24.896,1423,False
2018-12-03 00:00:00+00:00,25.34,26.6,25.34,25.94,365347.0,25.969,2485,False
2018-12-04 00:00:00+00:00,25.93,26.45,24.88,25.28,241128.0,25.385,1739,False
2018-12-06 00:00:00+00:00,24.8,25.12,24.0,24.52,296891.0,24.536,2090,False
2018-12-07 00:00:00+00:00,24.52,25.01,23.68,23.72,215696.0,24.014,1687,False
2018-12-10 00:00:00+00:00,23.72,24.32,23.64,23.97,106219.0,23.939,948,False
2018-12-11 00:00:00+00:00,24.26,24.49,23.87,24.12,106824.0,24.114,837,False
2018-12-12 00:00:00+00:00,24.61,24.92,24.29,24.76,206124.0,24.747,1357,False
2018-12-13 00:00:00+00:00,24.97,26.45,24.85,26.2,419540.0,26.037,2768,False
2018-12-14 00:00:00+00:00,25.76,25.97,24.64,25.01,595899.0,25.202,3631,False
2018-12-17 00:00:00+00:00,24.88,25.06,23.6,24.25,649066.0,24.027,3900,False
2018-12-18 00:00:00+00:00,24.35,24.63,23.58,24.25,258903.0,24.106,1684,False
2018-12-19 00:00:00+00:00,24.3,24.74,22.38,22.43,593140.0,23.686,3327,False
2018-12-20 00:00:00+00:00,22.27,22.82,20.87,21.15,285191.0,21.604,2064,False
2018-12-21 00:00:00+00:00,21.56,21.62,20.18,20.5,273316.0,20.682,1713,False
2018-12-24 00:00:00+00:00,20.0,21.03,19.66,20.67,118798.0,20.476,787,False
2018-12-26 00:00:00+00:00,21.0,22.45,20.74,22.37,170616.0,21.676,1171,False
2018-12-27 00:00:00+00:00,21.98,23.54,21.98,23.54,354009.0,23.032,2403,False
2018-12-28 00:00:00+00:00,23.56,23.76,22.82,23.6,306165.0,23.393,2328,False
2018-12-31 00:00:00+00:00,23.74,24.34,23.65,24.33,397772.0,23.987,2770,False
2019-01-02 00:00:00+00:00,23.94,24.12,23.52,23.94,229992.0,23.858,1533,False
2019-01-03 00:00:00+00:00,23.65,23.65,23.0,23.15,223280.0,23.217,1520,False
2019-01-04 00:00:00+00:00,23.25,24.77,23.25,24.54,102051.0,24.395,733,False
2019-01-07 00:00:00+00:00,24.71,25.55,24.54,25.33,183524.0,25.194,1265,False
2019-01-08 00:00:00+00:00,25.92,26.15,24.96,25.89,330114.0,25.635,1790,False
2019-01-09 00:00:00+00:00,25.91,25.91,25.2,25.23,115253.0,25.439,814,False
2019-01-10 00:00:00+00:00,25.05,25.51,24.49,24.76,125472.0,24.707,1015,False
2019-01-11 00:00:00+00:00,24.69,25.07,24.43,24.88,163804.0,24.913,1002,False
2019-01-14 00:00:00+00:00,24.72,25.24,24.32,25.02,114891.0,25.022,834,False
2019-01-15 00:00:00+00:00,25.01,25.51,24.79,25.45,112022.0,25.148,799,False
2019-01-16 00:00:00+00:00,25.46,25.79,24.96,25.35,137832.0,25.287,971,False
2019-01-17 00:00:00+00:00,25.23,25.68,24.92,25.66,240522.0,25.223,1764,False
2019-01-18 00:00:00+00:00,25.64,26.14,24.8,26.02,245565.0,25.682,1796,False
2019-01-22 00:00:00+00:00,26.14,26.14,24.32,24.4,418722.0,25.019,2598,False
2019-01-23 00:00:00+00:00,24.63,25.01,24.2,24.39,389917.0,24.574,2797,False
2019-01-24 00:00:00+00:00,25.5,27.75,24.8,27.35,1565445.0,26.731,8337,False
2019-01-25 00:00:00+00:00,27.8,27.91,25.23,27.8,842213.0,26.518,4684,False
2019-01-28 00:00:00+00:00,27.28,27.54,25.41,25.59,572907.0,26.433,3408,False
2019-01-29 00:00:00+00:00,25.53,25.61,24.54,25.14,327038.0,24.993,1860,False
2019-01-30 00:00:00+00:00,25.44,26.55,24.77,26.44,510728.0,25.839,3432,False
2019-01-31 00:00:00+00:00,26.56,26.88,25.98,26.62,610745.0,26.33,2286,False
2019-02-01 00:00:00+00:00,26.61,27.99,26.39,27.7,525791.0,27.521,3298,False
2019-02-04 00:00:00+00:00,27.42,27.87,26.17,26.3,207920.0,26.869,1382,False
2019-02-05 00:00:00+00:00,26.32,27.02,26.14,26.98,191829.0,26.808,1322,False
2019-02-06 00:00:00+00:00,27.05,27.38,26.35,27.36,135787.0,27.096,1075,False
2019-02-07 00:00:00+00:00,26.91,27.49,26.27,27.04,190758.0,26.93,1085,False
2019-02-08 00:00:00+00:00,26.98,27.69,26.8,27.42,123687.0,27.415,1003,False
2019-02-11 00:00:00+00:00,27.43,27.84,27.28,27.64,96099.0,27.656,725,False
2019-02-12 00:00:00+00:00,27.74,28.69,27.57,28.4,506409.0,28.353,3657,False
2019-02-13 00:00:00+00:00,28.25,28.5,27.87,28.06,474552.0,28.071,3079,False
2019-02-14 00:00:00+00:00,27.72,28.51,27.54,28.39,168123.0,28.159,1366,False
2019-02-15 00:00:00+00:00,28.44,28.7,27.35,27.43,138661.0,27.669,1116,False
2019-02-19 00:00:00+00:00,27.36,28.73,27.17,28.22,284825.0,28.333,2341,False
2019-02-20 00:00:00+00:00,28.46,28.7,28.1,28.6,168725.0,28.478,1047,False
2019-02-21 00:00:00+00:00,28.53,28.6,27.41,27.59,104832.0,27.884,695,False
2019-02-22 00:00:00+00:00,27.7,28.16,27.65,27.94,100869.0,27.914,600,False
2019-02-25 00:00:00+00:00,28.26,28.58,28.07,28.39,108305.0,28.359,925,False
2019-02-26 00:00:00+00:00,28.29,28.75,28.15,28.64,142961.0,28.557,1182,False
2019-02-27 00:00:00+00:00,28.39,28.99,28.34,28.54,135899.0,28.564,926,False
2019-02-28 00:00:00+00:00,28.55,28.64,28.1,28.23,106196.0,28.251,801,False
2019-03-01 00:00:00+00:00,28.25,29.05,28.25,28.96,144517.0,28.869,1101,False
2019-03-04 00:00:00+00:00,28.99,29.45,28.87,29.09,367218.0,29.16,2432,False
2019-03-05 00:00:00+00:00,29.23,31.23,29.22,30.8,324771.0,30.518,1841,False
2019-03-06 00:00:00+00:00,30.91,32.3,30.8,31.97,575433.0,31.964,3534,False
2019-03-07 00:00:00+00:00,31.94,31.94,30.75,31.1,274877.0,31.107,1834,False
2019-03-08 00:00:00+00:00,30.8,30.93,30.18,30.86,131890.0,30.613,911,False
2019-03-11 00:00:00+00:00,31.04,31.67,31.0,31.61,120340.0,31.414,892,False
2019-03-12 00:00:00+00:00,31.84,31.87,29.81,30.18,568173.0,30.468,3002,False
2019-03-13 00:00:00+00:00,30.1,30.74,29.34,29.84,297614.0,29.651,1418,False
2019-03-14 00:00:00+00:00,29.84,30.15,29.32,29.4,202018.0,29.585,1334,False
2019-03-15 00:00:00+00:00,29.53,29.8,28.81,28.95,224483.0,29.051,1403,False
2019-03-18 00:00:00+00:00,28.97,29.27,28.43,28.48,174104.0,28.668,1223,False
2019-03-19 00:00:00+00:00,28.49,28.62,27.92,28.08,133874.0,28.091,993,False
2019-03-20 00:00:00+00:00,28.0,28.07,26.82,27.28,217166.0,27.433,1306,False
2019-03-21 00:00:00+00:00,27.08,27.75,26.9,27.15,334658.0,27.244,1539,False
2019-03-22 00:00:00+00:00,27.05,27.26,25.27,25.36,257887.0,25.953,1565,False
2019-03-25 00:00:00+00:00,25.16,25.34,24.46,25.14,455819.0,25.011,2492,False
2019-03-26 00:00:00+00:00,25.47,26.08,25.33,25.95,188579.0,25.743,1260,False
2019-03-27 00:00:00+00:00,25.95,26.88,25.95,26.55,218104.0,26.589,1691,False
2019-03-28 00:00:00+00:00,26.56,27.07,26.46,26.75,89286.0,26.696,597,False
2019-03-29 00:00:00+00:00,26.92,27.73,26.89,27.6,160314.0,27.47,1226,False
2019-04-01 00:00:00+00:00,27.6,27.83,27.37,27.57,216901.0,27.564,1416,False
2019-04-02 00:00:00+00:00,27.61,28.12,27.61,27.9,329665.0,27.978,1293,False
2019-04-03 00:00:00+00:00,28.27,28.5,26.98,27.38,199642.0,27.621,724,False
2019-04-04 00:00:00+00:00,27.37,27.66,26.39,26.77,116771.0,26.752,931,False
2019-04-05 00:00:00+00:00,26.76,26.78,26.32,26.62,76750.0,26.537,604,False
2019-04-08 00:00:00+00:00,26.34,26.83,26.04,26.37,129982.0,26.391,1033,False
2019-04-09 00:00:00+00:00,25.94,26.39,25.45,26.02,169679.0,26.091,1407,False
2019-04-10 00:00:00+00:00,26.09,26.98,26.09,26.28,135369.0,26.571,711,False
2019-04-11 00:00:00+00:00,26.38,26.64,26.09,26.14,67340.0,26.365,462,False
2019-04-12 00:00:00+00:00,26.63,26.78,26.0,26.13,152716.0,26.329,860,False
2019-04-15 00:00:00+00:00,25.97,26.5,25.91,26.07,162852.0,26.124,809,False
2019-04-16 00:00:00+00:00,26.17,27.16,26.17,26.87,417607.0,26.614,1265,False
2019-04-17 00:00:00+00:00,27.25,27.25,26.11,26.65,300321.0,26.657,918,False
2019-04-18 00:00:00+00:00,26.59,26.59,25.79,26.0,232683.0,26.165,788,False
2019-04-22 00:00:00+00:00,25.95,26.21,25.16,25.95,205428.0,25.715,1210,False
2019-04-23 00:00:00+00:00,25.79,25.97,25.41,25.96,141695.0,25.75,868,False
2019-04-24 00:00:00+00:00,25.66,26.13,25.56,25.85,201694.0,25.888,1135,False
2019-04-25 00:00:00+00:00,25.74,26.48,25.68,26.36,110106.0,26.197,840,False
2019-04-26 00:00:00+00:00,28.99,28.99,25.9,28.47,581302.0,27.957,3529,False
2019-04-29 00:00:00+00:00,28.56,29.12,28.35,28.91,180290.0,28.862,1355,False
2019-04-30 00:00:00+00:00,27.0,27.0,24.74,25.21,1052402.0,26.153,4741,False
2019-05-01 00:00:00+00:00,25.19,27.25,25.11,25.94,278787.0,26.341,2181,False
2019-05-02 00:00:00+00:00,25.97,26.13,25.01,25.71,199448.0,25.591,1329,False
2019-05-03 00:00:00+00:00,26.01,26.23,25.85,26.05,59858.0,26.055,479,False
2019-05-06 00:00:00+00:00,25.31,25.7,24.79,25.43,115374.0,25.249,876,False
2019-05-07 00:00:00+00:00,25.01,25.27,24.5,24.81,123572.0,24.753,1011,False
2019-05-08 00:00:00+00:00,24.58,24.76,24.31,24.36,146260.0,24.512,784,False
2019-05-09 00:00:00+00:00,24.25,24.4,23.75,23.9,180333.0,24.01,1290,False
2019-05-10 00:00:00+00:00,23.83,24.05,23.45,23.5,194787.0,23.729,1486,False
2019-05-13 00:00:00+00:00,22.91,23.18,22.6,22.66,225056.0,22.785,1770,False
2019-05-14 00:00:00+00:00,22.85,23.3,22.63,23.18,141705.0,23.064,1153,False
2019-05-15 00:00:00+00:00,23.18,23.98,22.73,23.45,186778.0,23.622,1358,False
2019-05-16 00:00:00+00:00,25.16,25.24,23.92,24.0,314620.0,24.484,1748,False
2019-05-17 00:00:00+00:00,24.11,24.38,23.08,23.4,204320.0,23.492,1496,False
2019-05-20 00:00:00+00:00,23.31,23.86,23.15,23.5,541513.0,23.49,2214,False
2019-05-21 00:00:00+00:00,23.88,24.8,23.83,24.33,163412.0,24.426,958,False
2019-05-22 00:00:00+00:00,24.12,24.4,23.79,23.85,334010.0,24.133,1000,False
2019-05-23 00:00:00+00:00,23.45,24.26,23.42,24.13,180913.0,23.963,1247,False
2019-05-24 00:00:00+00:00,24.33,24.6,23.84,24.01,83277.0,24.135,632,False
2019-05-28 00:00:00+00:00,24.12,24.64,23.98,24.45,135681.0,24.393,1056,False
2019-05-29 00:00:00+00:00,24.07,24.17,23.34,24.1,161930.0,23.949,737,False
2019-05-30 00:00:00+00:00,24.11,24.36,23.39,23.89,116596.0,23.807,963,False
2019-05-31 00:00:00+00:00,23.62,23.73,23.24,23.5,168469.0,23.513,1088,False
2019-06-03 00:00:00+00:00,23.58,23.76,22.97,23.11,313586.0,23.26,1854,False
2019-06-04 00:00:00+00:00,23.27,23.32,22.49,22.97,281635.0,22.954,2042,False
2019-06-05 00:00:00+00:00,23.03,23.82,22.53,23.77,414145.0,23.058,1531,False
2019-06-06 00:00:00+00:00,23.73,24.02,23.38,23.79,309832.0,23.66,1160,False
2019-06-07 00:00:00+00:00,23.74,24.48,23.69,24.23,119218.0,24.246,931,False
2019-06-10 00:00:00+00:00,24.45,25.6,24.45,25.46,112313.0,25.27,779,False
2019-06-11 00:00:00+00:00,25.73,26.35,25.43,25.5,165077.0,25.966,1142,False
2019-06-12 00:00:00+00:00,25.3,25.62,25.12,25.51,121648.0,25.39,687,False
2019-06-13 00:00:00+00:00,25.57,25.95,25.41,25.95,143957.0,25.762,609,False
2019-06-14 00:00:00+00:00,25.71,25.88,25.32,25.46,126337.0,25.423,993,False
2019-06-17 00:00:00+00:00,25.44,25.92,25.35,25.69,257015.0,25.744,1117,False
2019-06-18 00:00:00+00:00,25.82,26.42,25.72,26.01,138623.0,26.118,1070,False
2019-06-19 00:00:00+00:00,26.22,26.34,25.57,25.91,112188.0,25.923,890,False
2019-06-20 00:00:00+00:00,26.2,26.45,26.09,26.25,117581.0,26.288,862,False
2019-06-21 00:00:00+00:00,26.05,26.54,25.84,26.01,208001.0,26.065,1348,False
2019-06-24 00:00:00+00:00,26.15,26.4,25.58,26.05,106991.0,26.053,802,False
2019-06-25 00:00:00+00:00,26.0,26.13,24.94,24.94,149546.0,25.608,1042,False
2019-06-26 00:00:00+00:00,25.18,25.76,24.58,24.89,282449.0,24.866,1638,False
2019-06-27 00:00:00+00:00,25.13,25.28,24.62,25.02,407000.0,25.061,1449,False
2019-06-28 00:00:00+00:00,25.1,25.13,24.75,24.8,208367.0,24.908,1535,False
2019-07-01 00:00:00+00:00,25.16,26.38,24.94,26.01,1020878.0,25.386,1353,False
2019-07-02 00:00:00+00:00,25.96,26.88,25.96,26.48,101947.0,26.489,753,False
2019-07-03 00:00:00+00:00,26.56,26.8,26.45,26.64,71537.0,26.682,531,False
2019-07-05 00:00:00+00:00,26.68,27.75,26.64,27.58,439019.0,27.189,2367,False
2019-07-08 00:00:00+00:00,27.28,27.45,25.52,26.04,195403.0,26.088,1319,False
2019-07-09 00:00:00+00:00,26.03,26.35,25.76,26.3,141152.0,26.201,794,False
2019-07-10 00:00:00+00:00,26.61,26.76,25.93,26.7,140295.0,26.344,944,False
2019-07-11 00:00:00+00:00,26.84,27.34,26.66,27.24,241724.0,27.032,1377,False
2019-07-12 00:00:00+00:00,27.35,27.62,27.01,27.61,146127.0,27.323,927,False
2019-07-15 00:00:00+00:00,27.52,27.87,27.52,27.65,49421.0,27.714,292,False
2019-07-16 00:00:00+00:00,27.7,27.84,27.11,27.63,61895.0,27.676,461,False
2019-07-17 00:00:00+00:00,27.75,28.0,27.45,27.95,102206.0,27.894,792,False
2019-07-18 00:00:00+00:00,27.95,27.97,27.35,27.95,125829.0,27.711,1034,False
2019-07-19 00:00:00+00:00,27.96,28.03,27.71,27.85,131711.0,27.952,1070,False
2019-07-22 00:00:00+00:00,27.95,28.18,27.42,27.93,51796.0,27.704,345,False
2019-07-23 00:00:00+00:00,28.0,28.0,27.0,27.74,370820.0,27.408,863,False
2019-07-24 00:00:00+00:00,27.85,28.1,27.45,27.94,245045.0,27.791,1582,False
2019-07-25 00:00:00+00:00,28.19,28.19,27.6,27.62,137844.0,27.847,958,False
2019-07-26 00:00:00+00:00,27.6,28.03,27.59,27.72,138374.0,27.83,1127,False
2019-07-29 00:00:00+00:00,27.93,28.15,27.31,28.0,193455.0,27.875,1382,False
2019-07-30 00:00:00+00:00,26.7,28.2,25.87,25.88,249654.0,26.938,1807,False
2019-07-31 00:00:00+00:00,25.6,25.97,25.18,25.59,246850.0,25.72,1512,False
2019-08-01 00:00:00+00:00,25.47,26.22,24.54,24.69,186697.0,25.348,1317,False
2019-08-02 00:00:00+00:00,24.54,24.65,24.36,24.45,181739.0,24.481,1172,False
2019-08-05 00:00:00+00:00,23.78,23.81,23.14,23.4,169722.0,23.419,1201,False
2019-08-06 00:00:00+00:00,23.67,24.0,23.3,23.34,195307.0,23.498,1280,False
2019-08-07 00:00:00+00:00,23.2,23.5,22.77,23.09,85032.0,23.071,666,False
2019-08-08 00:00:00+00:00,23.2,23.63,23.1,23.2,190702.0,23.323,1322,False
2019-08-09 00:00:00+00:00,23.17,23.25,22.83,22.9,191243.0,23.055,1304,False
2019-08-12 00:00:00+00:00,22.72,22.88,21.96,22.15,146291.0,22.307,995,False
2019-08-13 00:00:00+00:00,22.08,22.59,21.92,22.09,372370.0,22.169,1551,False
2019-08-14 00:00:00+00:00,21.81,22.05,21.44,21.52,281307.0,21.599,1598,False
2019-08-15 00:00:00+00:00,21.52,21.8,20.82,21.22,517631.0,21.028,2155,False
2019-08-16 00:00:00+00:00,21.48,21.5,21.05,21.43,539181.0,21.215,2531,False
2019-08-19 00:00:00+00:00,21.74,22.54,21.74,22.17,182962.0,22.13,952,False
2019-08-20 00:00:00+00:00,22.05,22.88,21.86,22.72,260503.0,22.382,1193,False
2019-08-21 00:00:00+00:00,23.08,23.32,22.82,22.87,79982.0,23.061,561,False
2019-08-22 00:00:00+00:00,23.15,23.25,22.47,22.8,58528.0,22.846,423,False
2019-08-23 00:00:00+00:00,22.57,22.86,22.16,22.21,135735.0,22.559,1068,False
2019-08-26 00:00:00+00:00,22.47,22.77,22.34,22.64,78550.0,22.611,594,False
2019-08-27 00:00:00+00:00,22.74,23.02,22.53,22.56,146759.0,22.747,689,False
2019-08-28 00:00:00+00:00,22.91,22.91,22.26,22.56,128453.0,22.582,995,False
2019-08-29 00:00:00+00:00,22.99,23.55,22.63,22.75,156341.0,23.102,764,False
2019-08-30 00:00:00+00:00,23.0,23.28,22.93,22.97,112752.0,23.052,893,False
2019-09-03 00:00:00+00:00,22.68,23.22,22.63,22.74,161931.0,22.896,1185,False
2019-09-04 00:00:00+00:00,22.97,23.19,22.62,23.07,231374.0,22.978,963,False
2019-09-05 00:00:00+00:00,23.26,23.85,22.95,23.54,167948.0,23.473,1323,False
2019-09-06 00:00:00+00:00,23.46,24.21,23.35,23.82,193832.0,23.927,946,False
2019-09-09 00:00:00+00:00,23.87,24.16,23.19,23.38,91264.0,23.48,692,False
2019-09-10 00:00:00+00:00,23.24,24.31,23.18,24.01,88690.0,23.987,522,False
2019-09-11 00:00:00+00:00,23.96,24.68,23.88,24.5,119074.0,24.419,999,False
2019-09-12 00:00:00+00:00,24.57,24.61,23.88,23.92,131318.0,24.212,1010,False
2019-09-13 00:00:00+00:00,24.05,24.05,23.52,23.67,105007.0,23.709,856,False
2019-09-16 00:00:00+00:00,23.62,24.14,23.56,24.05,92696.0,23.81,610,False
2019-09-17 00:00:00+00:00,24.0,24.45,23.9,24.42,43140.0,24.169,281,False
2019-09-18 00:00:00+00:00,24.5,24.61,23.93,24.2,74209.0,24.263,532,False
2019-09-19 00:00:00+00:00,24.1,24.16,23.59,23.62,51722.0,23.818,379,False
2019-09-20 00:00:00+00:00,23.8,24.46,23.61,24.29,270740.0,24.224,1470,False
2019-09-23 00:00:00+00:00,24.3,25.18,23.81,23.84,365686.0,24.501,2564,False
2019-09-24 00:00:00+00:00,24.0,24.28,23.14,23.23,231523.0,23.579,1691,False
2019-09-25 00:00:00+00:00,23.29,23.5,22.86,23.35,167405.0,23.34,1193,False
2019-09-26 00:00:00+00:00,23.37,23.71,23.22,23.65,154063.0,23.473,1309,False
2019-09-27 00:00:00+00:00,23.73,23.94,22.86,22.92,109117.0,23.167,780,False
2019-09-30 00:00:00+00:00,22.97,23.03,22.54,22.69,196365.0,22.752,1287,False
2019-10-01 00:00:00+00:00,22.99,23.17,22.3,22.48,178922.0,22.537,1094,False
2019-10-02 00:00:00+00:00,22.14,22.5,21.92,22.38,90172.0,22.286,668,False
2019-10-03 00:00:00+00:00,22.21,22.86,22.01,22.84,220544.0,22.599,607,False
2019-10-04 00:00:00+00:00,22.93,23.1,22.66,22.81,44984.0,22.806,353,False
2019-10-07 00:00:00+00:00,22.76,22.94,22.27,22.58,59895.0,22.495,493,False
2019-10-08 00:00:00+00:00,22.5,22.5,21.93,22.05,50125.0,22.171,397,False
2019-10-09 00:00:00+00:00,22.1,22.77,22.04,22.64,194136.0,22.449,1231,False
2019-10-10 00:00:00+00:00,22.65,22.96,22.51,22.82,91383.0,22.795,466,False
2019-10-11 00:00:00+00:00,23.08,23.45,23.03,23.17,144362.0,23.243,1088,False
2019-10-14 00:00:00+00:00,23.15,23.23,22.51,22.87,163962.0,22.829,1299,False
2019-10-15 00:00:00+00:00,23.11,23.11,22.36,22.43,417697.0,22.579,2948,False
2019-10-16 00:00:00+00:00,22.4,22.4,21.7,21.8,250003.0,21.993,1667,False
2019-10-17 00:00:00+00:00,21.85,22.63,21.67,21.99,289987.0,22.02,1514,False
2019-10-18 00:00:00+00:00,22.09,22.2,21.21,21.53,103290.0,21.66,741,False
2019-10-21 00:00:00+00:00,21.57,21.8,21.25,21.45,180766.0,21.531,693,False
2019-10-22 00:00:00+00:00,21.54,22.1,21.54,21.65,395603.0,21.745,1410,False
2019-10-23 00:00:00+00:00,21.65,22.06,21.5,21.76,88098.0,21.698,663,False
2019-10-24 00:00:00+00:00,21.78,21.95,21.4,21.75,138417.0,21.721,793,False
2019-10-25 00:00:00+00:00,21.49,22.3,21.49,22.21,178946.0,21.946,1126,False
2019-10-28 00:00:00+00:00,22.2,23.26,22.2,22.99,84289.0,23.069,671,False
2019-10-29 00:00:00+00:00,22.99,23.12,22.27,22.77,132260.0,22.636,949,False
2019-10-30 00:00:00+00:00,22.79,23.26,22.79,22.93,62578.0,23.038,521,False
2019-10-31 00:00:00+00:00,22.87,23.12,22.72,23.02,60589.0,23.004,516,False
2019-11-01 00:00:00+00:00,23.08,23.57,23.03,23.28,238313.0,23.25,1197,False
2019-11-04 00:00:00+00:00,23.36,27.37,23.36,26.78,687451.0,26.048,4111,False
2019-11-05 00:00:00+00:00,26.67,27.93,26.39,27.46,430504.0,27.398,2895,False
2019-11-06 00:00:00+00:00,27.45,28.06,27.09,27.99,140835.0,27.817,1078,False
2019-11-07 00:00:00+00:00,27.85,27.9,26.5,26.7,191608.0,26.822,1508,False
2019-11-08 00:00:00+00:00,26.3,26.83,26.26,26.49,543486.0,26.433,982,False
2019-11-11 00:00:00+00:00,26.21,26.89,26.16,26.44,63803.0,26.617,514,False
2019-11-12 00:00:00+00:00,26.35,26.78,26.26,26.53,94225.0,26.509,649,False
2019-11-13 00:00:00+00:00,26.26,26.36,25.75,25.88,135419.0,25.994,616,False
2019-11-14 00:00:00+00:00,25.94,26.6,25.9,26.05,350536.0,26.097,1008,False
2019-11-15 00:00:00+00:00,26.2,26.34,25.74,25.86,122524.0,26.002,764,False
2019-11-18 00:00:00+00:00,25.84,25.84,25.33,25.5,102051.0,25.491,730,False
2019-11-19 00:00:00+00:00,25.52,25.95,25.42,25.8,112397.0,25.679,976,False
2019-11-20 00:00:00+00:00,25.69,25.75,24.86,25.25,133414.0,25.192,945,False
2019-11-21 00:00:00+00:00,25.25,25.52,24.68,24.83,164297.0,24.935,1227,False
2019-11-22 00:00:00+00:00,24.85,25.45,24.76,25.4,169448.0,25.162,1092,False
2019-11-25 00:00:00+00:00,25.59,25.85,25.44,25.63,241223.0,25.666,1513,False
2019-11-26 00:00:00+00:00,25.63,25.84,25.27,25.55,307047.0,25.632,1611,False
2019-11-27 00:00:00+00:00,25.63,26.28,25.44,26.11,456932.0,25.845,2548,False
2019-11-29 00:00:00+00:00,25.9,26.21,25.68,26.03,150187.0,25.944,990,False
2019-12-02 00:00:00+00:00,25.98,25.98,24.85,25.05,105107.0,25.088,768,False
2019-12-03 00:00:00+00:00,24.67,24.92,24.49,24.86,263945.0,24.692,1342,False
2019-12-04 00:00:00+00:00,24.82,25.04,24.59,24.63,161758.0,24.79,1069,False
2019-12-05 00:00:00+00:00,24.69,25.58,24.58,25.03,203416.0,25.072,1125,False
2019-12-06 00:00:00+00:00,25.33,25.77,25.2,25.45,136702.0,25.528,619,False
2019-12-09 00:00:00+00:00,25.36,25.86,25.28,25.28,81344.0,25.589,675,False
2019-12-10 00:00:00+00:00,25.25,25.44,24.53,24.74,57974.0,24.749,448,False
2019-12-11 00:00:00+00:00,24.65,25.05,24.58,24.65,62839.0,24.803,398,False
2019-12-12 00:00:00+00:00,24.62,24.92,24.6,24.75,38410.0,24.74,293,False
2019-12-13 00:00:00+00:00,24.83,25.85,24.83,25.4,397253.0,25.229,1013,False
2019-12-16 00:00:00+00:00,25.53,26.01,25.15,25.19,181212.0,25.581,646,False
2019-12-17 00:00:00+00:00,25.19,25.35,24.68,24.68,101149.0,24.816,690,False
2019-12-18 00:00:00+00:00,24.67,24.68,23.59,23.9,316791.0,23.934,1620,False
2019-12-19 00:00:00+00:00,23.88,24.64,23.73,23.78,102989.0,24.032,817,False
2019-12-20 00:00:00+00:00,23.78,24.53,23.48,23.82,487295.0,23.949,1815,False
2019-12-23 00:00:00+00:00,23.88,24.42,23.48,24.35,505415.0,24.035,2043,False
2019-12-24 00:00:00+00:00,24.5,24.68,24.23,24.53,154957.0,24.415,794,False
2019-12-26 00:00:00+00:00,24.53,24.6,23.83,23.88,164138.0,24.174,863,False
2019-12-27 00:00:00+00:00,23.88,24.03,23.48,23.59,300762.0,23.678,1179,False
2019-12-30 00:00:00+00:00,23.68,23.88,22.82,23.08,246202.0,23.198,1318,False
2019-12-31 00:00:00+00:00,23.01,23.12,22.39,22.9,193454.0,22.886,1264,False
2020-01-02 00:00:00+00:00,23.11,24.27,23.11,23.54,244724.0,23.864,1470,False
2020-01-03 00:00:00+00:00,23.27,23.5,22.76,22.93,108831.0,23.033,871,False
2020-01-06 00:00:00+00:00,23.0,23.29,22.37,22.9,159055.0,22.786,1112,False
2020-01-07 00:00:00+00:00,22.89,23.44,22.83,23.22,114080.0,23.218,922,False
2020-01-08 00:00:00+00:00,23.24,23.58,23.11,23.12,99238.0,23.281,752,False
2020-01-09 00:00:00+00:00,23.25,23.43,22.8,23.06,136797.0,23.029,769,False
2020-01-10 00:00:00+00:00,23.21,23.92,22.93,23.77,235896.0,23.685,1719,False
2020-01-13 00:00:00+00:00,23.92,25.09,23.92,24.86,283116.0,24.712,1839,False
2020-01-14 00:00:00+00:00,24.86,25.61,24.59,25.25,384863.0,25.105,1455,False
2020-01-15 00:00:00+00:00,25.12,25.7,25.0,25.06,145673.0,25.21,1218,False
2020-01-16 00:00:00+00:00,25.17,25.37,24.51,24.84,138306.0,24.907,515,False
2020-01-17 00:00:00+00:00,24.85,25.43,24.67,25.4,220470.0,25.046,706,False
2020-01-21 00:00:00+00:00,25.31,25.47,23.9,23.91,602460.0,24.159,2494,False
2020-01-22 00:00:00+00:00,24.09,24.12,22.32,22.36,494025.0,23.163,1688,False
2020-01-23 00:00:00+00:00,22.13,23.22,22.13,22.82,196207.0,22.7,1355,False
2020-01-24 00:00:00+00:00,22.82,23.51,22.5,23.07,208545.0,23.014,1417,False
2020-01-27 00:00:00+00:00,22.5,23.29,22.5,22.96,262636.0,22.724,1839,False
2020-01-28 00:00:00+00:00,23.04,23.35,22.75,22.78,111469.0,22.811,857,False
2020-01-29 00:00:00+00:00,22.92,23.57,22.85,23.47,198138.0,23.371,1424,False
2020-01-30 00:00:00+00:00,23.21,23.92,23.21,23.68,399081.0,23.695,1951,False
2020-01-31 00:00:00+00:00,23.72,23.72,22.85,23.0,208387.0,23.036,1744,False
2020-02-03 00:00:00+00:00,23.0,23.49,22.99,23.01,213637.0,23.074,1478,False
2020-02-04 00:00:00+00:00,23.4,23.94,23.31,23.71,185602.0,23.788,1009,False
2020-02-05 00:00:00+00:00,23.93,23.96,23.64,23.78,126818.0,23.817,673,False
2020-02-06 00:00:00+00:00,23.87,24.69,23.76,24.33,210256.0,24.204,987,False
2020-02-07 00:00:00+00:00,24.1,24.9,23.96,24.46,134794.0,24.5,872,False
2020-02-10 00:00:00+00:00,24.22,24.4,23.85,24.2,192182.0,24.197,1387,False
2020-02-11 00:00:00+00:00,25.36,29.35,24.86,29.32,1012395.0,27.976,5389,False
2020-02-12 00:00:00+00:00,29.11,30.02,28.56,29.95,606748.0,29.51,3533,False
2020-02-13 00:00:00+00:00,29.71,30.13,29.19,29.46,450516.0,29.498,3014,False
2020-02-14 00:00:00+00:00,29.04,29.5,27.97,28.37,220128.0,28.671,1304,False
2020-02-18 00:00:00+00:00,28.03,28.49,27.9,28.02,184748.0,28.153,1237,False
2020-02-19 00:00:00+00:00,28.0,28.17,27.45,27.8,151228.0,27.728,1012,False
2020-02-20 00:00:00+00:00,27.84,28.73,27.45,28.56,207672.0,28.337,1474,False
2020-02-21 00:00:00+00:00,28.55,28.6,27.99,28.2,128469.0,28.278,911,False
2020-02-24 00:00:00+00:00,26.5,26.5,24.12,25.36,477769.0,25.503,3115,False
2020-02-25 00:00:00+00:00,25.61,25.85,24.62,24.82,505073.0,25.087,3607,False
2020-02-26 00:00:00+00:00,24.75,25.07,23.8,23.85,332514.0,24.392,2614,False
2020-02-27 00:00:00+00:00,23.8,23.8,23.0,23.29,414926.0,23.254,2821,False
2020-02-28 00:00:00+00:00,22.57,23.23,22.55,23.01,351135.0,22.952,2579,False
2020-03-02 00:00:00+00:00,23.07,24.27,23.0,24.25,297238.0,23.59,1891,False
2020-03-03 00:00:00+00:00,24.1,24.11,22.25,22.78,635557.0,23.002,1583,False
2020-03-04 00:00:00+00:00,22.99,23.06,21.28,21.71,604174.0,22.45,2438,False
2020-03-05 00:00:00+00:00,21.36,21.56,20.95,21.5,562843.0,21.237,3894,False
2020-03-06 00:00:00+00:00,20.57,21.86,20.15,20.89,263076.0,21.187,1736,False
2020-03-09 00:00:00+00:00,20.0,20.27,19.0,19.01,447064.0,19.478,2704,False
2020-03-10 00:00:00+00:00,19.36,19.71,18.5,18.84,897167.0,19.097,2323,False
2020-03-11 00:00:00+00:00,18.57,18.87,16.77,17.16,554519.0,17.823,2761,False
2020-03-12 00:00:00+00:00,15.91,16.12,14.56,15.15,621658.0,15.167,3662,False
2020-03-13 00:00:00+00:00,15.98,16.15,13.98,15.27,1026201.0,14.818,4948,False
2020-03-16 00:00:00+00:00,14.54,15.1,13.58,14.54,1142713.0,14.467,5843,False
2020-03-17 00:00:00+00:00,14.49,15.21,13.27,13.9,985476.0,14.362,5999,False
2020-03-18 00:00:00+00:00,13.17,13.17,10.75,10.9,507073.0,11.552,3151,False
2020-03-19 00:00:00+00:00,11.41,11.79,10.0,11.2,851445.0,11.16,4350,False
2020-03-20 00:00:00+00:00,11.38,12.99,11.04,12.26,593914.0,12.182,3242,False
2020-03-23 00:00:00+00:00,11.84,12.13,10.94,11.34,340029.0,11.328,2231,False
2020-03-24 00:00:00+00:00,11.77,12.56,11.64,12.35,437555.0,12.038,3182,False
2020-03-25 00:00:00+00:00,12.49,15.62,12.38,14.8,570165.0,14.313,3321,False
2020-03-26 00:00:00+00:00,14.96,16.1,14.4,15.09,387690.0,15.324,3272,False
2020-03-27 00:00:00+00:00,14.45,14.6,13.84,14.11,377376.0,14.295,2622,False
2020-03-30 00:00:00+00:00,14.03,14.25,12.69,12.83,417107.0,13.181,2664,False
2020-03-31 00:00:00+00:00,12.65,13.0,11.89,11.96,1089297.0,12.29,6618,False
2020-04-01 00:00:00+00:00,11.5,12.09,11.3,11.41,595411.0,11.618,3768,False
2020-04-02 00:00:00+00:00,11.29,11.66,11.07,11.27,668661.0,11.376,3996,False
2020-04-03 00:00:00+00:00,11.21,11.74,10.8,10.96,544378.0,11.133,2467,False
2020-04-06 00:00:00+00:00,11.28,13.13,11.28,12.8,797061.0,12.046,2397,False
2020-04-07 00:00:00+00:00,13.57,14.44,12.94,13.08,465436.0,13.667,2865,False
2020-04-08 00:00:00+00:00,13.27,14.33,13.15,13.41,419768.0,13.721,3190,False
2020-04-09 00:00:00+00:00,13.73,14.15,12.71,12.82,910302.0,13.374,4291,False
2020-04-13 00:00:00+00:00,12.85,13.06,12.44,12.81,370514.0,12.694,2183,False
2020-04-14 00:00:00+00:00,13.0,13.71,13.0,13.34,473887.0,13.402,2815,False
2020-04-15 00:00:00+00:00,13.0,13.0,12.38,12.64,307122.0,12.628,2181,False
2020-04-16 00:00:00+00:00,12.79,12.97,12.08,12.43,566020.0,12.254,2737,False
2020-04-17 00:00:00+00:00,13.01,13.36,12.65,12.77,575022.0,12.846,3085,False
2020-04-20 00:00:00+00:00,12.53,13.09,12.03,12.09,437925.0,12.515,2567,False
2020-04-21 00:00:00+00:00,12.0,12.0,11.41,11.69,348625.0,11.677,1383,False
2020-04-22 00:00:00+00:00,11.94,12.37,11.6,12.28,656486.0,11.989,2746,False
2020-04-23 00:00:00+00:00,12.43,13.38,12.33,13.25,358216.0,13.067,2543,False
2020-04-24 00:00:00+00:00,13.37,13.77,13.1,13.5,231294.0,13.372,1469,False
2020-04-27 00:00:00+00:00,13.8,14.42,13.64,14.26,182528.0,14.162,1235,False
2020-04-28 00:00:00+00:00,14.63,14.89,13.71,13.95,345384.0,13.987,2634,False
2020-04-29 00:00:00+00:00,14.49,15.85,14.49,15.58,313920.0,15.48,2093,False
2020-04-30 00:00:00+00:00,15.27,15.5,14.65,14.76,201142.0,14.917,1623,False
2020-05-01 00:00:00+00:00,14.29,14.41,13.7,13.91,209299.0,13.882,1419,False
2020-05-04 00:00:00+00:00,13.54,14.37,13.52,14.31,315289.0,14.028,2254,False
2020-05-05 00:00:00+00:00,14.49,14.83,14.21,14.41,235929.0,14.46,1819,False
2020-05-06 00:00:00+00:00,14.37,14.71,13.8,14.07,135072.0,14.038,1051,False
2020-05-07 00:00:00+00:00,14.25,14.81,13.91,14.57,270630.0,14.457,2006,False
2020-05-08 00:00:00+00:00,14.86,15.08,14.48,15.08,228349.0,14.78,1453,False
2020-05-11 00:00:00+00:00,14.63,14.76,13.36,13.61,538577.0,13.691,3088,False
2020-05-12 00:00:00+00:00,13.73,14.03,13.41,13.45,397822.0,13.752,2502,False
2020-05-13 00:00:00+00:00,13.3,13.37,12.82,13.14,597236.0,13.047,2716,False
2020-05-14 00:00:00+00:00,13.01,13.5,12.12,12.76,973327.0,12.617,6823,False
2020-05-15 00:00:00+00:00,12.77,13.59,12.67,13.31,186847.0,13.189,1310,False
2020-05-18 00:00:00+00:00,13.8,14.23,13.55,14.16,489591.0,13.918,2828,False
2020-05-19 00:00:00+00:00,14.22,14.7,14.0,14.4,290181.0,14.449,2177,False
2020-05-20 00:00:00+00:00,14.54,14.97,14.54,14.94,309168.0,14.831,1595,False
2020-05-21 00:00:00+00:00,14.89,15.48,14.59,15.4,352307.0,15.212,2512,False
2020-05-22 00:00:00+00:00,15.12,15.49,14.52,14.75,272796.0,14.804,1801,False
2020-05-26 00:00:00+00:00,15.28,16.23,15.22,16.01,521670.0,15.795,3268,False
2020-05-27 00:00:00+00:00,16.18,16.62,16.1,16.38,231856.0,16.344,1572,False
2020-05-28 00:00:00+00:00,16.5,16.52,15.59,15.79,396869.0,16.083,2097,False
2020-05-29 00:00:00+00:00,15.61,15.69,15.29,15.49,202106.0,15.467,1736,False
2020-06-01 00:00:00+00:00,15.51,16.01,15.45,15.89,266267.0,15.854,1902,False
2020-06-02 00:00:00+00:00,15.98,16.42,15.93,16.24,172613.0,16.248,977,False
2020-06-03 00:00:00+00:00,16.4,17.37,16.4,17.24,310067.0,16.866,2122,False
2020-06-04 00:00:00+00:00,17.3,17.77,16.95,17.63,243743.0,17.515,1848,False
2020-06-05 00:00:00+00:00,18.39,19.89,18.3,18.64,619669.0,19.142,3661,False
2020-06-08 00:00:00+00:00,18.76,19.14,18.62,18.71,358028.0,18.86,1896,False
2020-06-09 00:00:00+00:00,18.71,18.71,17.82,17.91,337453.0,17.979,2341,False
2020-06-10 00:00:00+00:00,17.82,18.04,17.24,17.54,352885.0,17.718,2238,False
2020-06-11 00:00:00+00:00,16.56,17.03,16.04,16.1,420756.0,16.416,2142,False
2020-06-12 00:00:00+00:00,17.33,17.68,16.92,17.57,521890.0,17.456,3399,False
2020-06-15 00:00:00+00:00,16.93,17.55,16.84,17.13,268009.0,17.046,1988,False
2020-06-16 00:00:00+00:00,17.56,18.23,16.96,17.05,456271.0,17.321,3073,False
2020-06-17 00:00:00+00:00,17.02,17.22,16.63,16.98,359356.0,16.836,954,False
2020-06-18 00:00:00+00:00,16.84,17.41,16.64,17.17,151924.0,17.159,1022,False
2020-06-19 00:00:00+00:00,17.36,17.95,17.33,17.85,388447.0,17.712,2924,False
2020-06-22 00:00:00+00:00,17.7,17.82,17.01,17.02,234245.0,17.293,1794,False
2020-06-23 00:00:00+00:00,17.43,17.44,17.15,17.42,325207.0,17.31,2453,False
2020-06-24 00:00:00+00:00,17.26,17.26,16.55,16.94,348998.0,16.852,2568,False
2020-06-25 00:00:00+00:00,16.47,17.29,16.26,17.27,343152.0,16.95,2536,False
2020-06-26 00:00:00+00:00,16.66,16.99,14.1,14.52,913403.0,14.823,4204,False
2020-06-29 00:00:00+00:00,14.19,15.42,14.19,15.3,401636.0,15.121,3019,False
2020-06-30 00:00:00+00:00,15.48,15.58,14.75,15.32,215814.0,15.235,1266,False
2020-07-01 00:00:00+00:00,15.34,15.73,15.0,15.27,190189.0,15.425,1263,False
2020-07-02 00:00:00+00:00,15.69,16.23,15.6,16.07,181345.0,15.967,1364,False
2020-07-06 00:00:00+00:00,16.61,16.87,16.32,16.65,145797.0,16.597,1094,False
2020-07-07 00:00:00+00:00,16.43,16.46,15.72,15.76,290861.0,16.02,1519,False
2020-07-08 00:00:00+00:00,15.83,15.99,15.48,15.7,297290.0,15.729,1854,False
2020-07-09 00:00:00+00:00,15.69,15.82,14.93,15.31,237833.0,15.289,1476,False
2020-07-10 00:00:00+00:00,15.31,15.38,14.96,15.34,244493.0,15.195,1716,False
2020-07-13 00:00:00+00:00,15.59,16.12,15.47,15.51,284773.0,15.807,1977,False
2020-07-14 00:00:00+00:00,15.34,15.34,14.63,14.95,159264.0,14.883,1109,False
2020-07-15 00:00:00+00:00,15.19,16.17,15.11,16.09,321242.0,15.714,2229,False
2020-07-16 00:00:00+00:00,16.72,16.99,15.86,16.57,228639.0,16.441,1538,False
2020-07-17 00:00:00+00:00,16.51,16.75,16.18,16.46,143604.0,16.53,967,False
2020-07-20 00:00:00+00:00,16.45,16.49,16.23,16.27,100425.0,16.344,708,False
2020-07-21 00:00:00+00:00,16.6,17.35,16.48,17.18,607444.0,16.93,3654,False
2020-07-22 00:00:00+00:00,17.1,17.1,16.34,16.62,96581.0,16.58,628,False
2020-07-23 00:00:00+00:00,16.71,17.21,16.5,16.86,194049.0,16.956,1128,False
2020-07-24 00:00:00+00:00,16.61,16.85,15.87,16.21,260952.0,16.215,1105,False
2020-07-27 00:00:00+00:00,16.28,16.28,15.61,16.09,103422.0,15.911,701,False
2020-07-28 00:00:00+00:00,15.92,16.3,15.89,15.97,188381.0,15.995,676,False
2020-07-29 00:00:00+00:00,16.03,16.31,15.8,16.0,333956.0,15.986,1863,False
2020-07-30 00:00:00+00:00,15.72,15.94,15.43,15.84,200560.0,15.785,1107,False
2020-07-31 00:00:00+00:00,15.94,15.94,15.31,15.57,115863.0,15.47,870,False
2020-08-03 00:00:00+00:00,15.53,15.56,14.66,14.82,178732.0,14.892,1127,False
2020-08-04 00:00:00+00:00,14.82,14.91,14.49,14.73,228010.0,14.697,988,False
2020-08-05 00:00:00+00:00,14.94,15.39,14.79,14.85,529519.0,14.983,2921,False
2020-08-06 00:00:00+00:00,14.85,14.9,14.29,14.49,400272.0,14.546,1840,False
2020-08-07 00:00:00+00:00,14.45,14.96,14.12,14.25,280662.0,14.279,1773,False
2020-08-10 00:00:00+00:00,14.39,15.09,14.26,14.95,404401.0,14.788,2175,False
2020-08-11 00:00:00+00:00,15.33,15.34,14.74,14.84,860960.0,15.094,3821,False
2020-08-12 00:00:00+00:00,14.99,15.17,14.4,14.6,597415.0,14.637,2710,False
2020-08-13 00:00:00+00:00,14.51,15.37,14.51,14.8,420376.0,14.971,2176,False
2020-08-14 00:00:00+00:00,14.71,14.86,14.29,14.49,230847.0,14.468,1207,False
2020-08-17 00:00:00+00:00,14.55,14.6,14.25,14.49,497613.0,14.476,2853,False
2020-08-18 00:00:00+00:00,14.53,14.65,14.27,14.31,493939.0,14.411,2721,False
2020-08-19 00:00:00+00:00,14.36,14.5,13.93,14.05,866632.0,14.123,4223,False
2020-08-20 00:00:00+00:00,13.91,14.72,13.89,14.19,1793840.0,14.143,8517,False
2020-08-21 00:00:00+00:00,14.54,15.07,13.51,13.75,462885.0,14.168,2576,False
2020-08-24 00:00:00+00:00,13.75,14.95,13.75,14.68,1259061.0,14.644,5548,False
2020-08-25 00:00:00+00:00,14.81,15.92,14.64,15.81,778807.0,15.162,3726,False
2020-08-26 00:00:00+00:00,15.78,16.38,15.78,15.99,286160.0,15.999,2178,False
2020-08-27 00:00:00+00:00,15.98,16.19,15.68,16.01,157460.0,16.017,1242,False
2020-08-28 00:00:00+00:00,16.14,16.82,16.14,16.71,160822.0,16.639,1130,False
2020-08-31 00:00:00+00:00,16.7,17.49,16.46,16.88,516119.0,16.966,3019,False
2020-09-01 00:00:00+00:00,16.8,16.94,16.53,16.58,205023.0,16.664,1429,False
2020-09-02 00:00:00+00:00,16.65,16.75,16.15,16.24,201253.0,16.298,1189,False
2020-09-03 00:00:00+00:00,16.23,16.66,16.05,16.62,427054.0,16.326,2614,False
2020-09-04 00:00:00+00:00,16.78,18.15,16.24,18.03,534413.0,17.44,3743,False
2020-09-08 00:00:00+00:00,17.57,17.89,16.71,16.97,356803.0,17.082,2324,False
2020-09-09 00:00:00+00:00,16.96,17.13,16.2,16.51,336291.0,16.504,2688,False
2020-09-10 00:00:00+00:00,16.63,17.06,16.28,16.35,175619.0,16.656,1357,False
2020-09-11 00:00:00+00:00,16.33,16.57,16.1,16.34,217117.0,16.336,1520,False
2020-09-14 00:00:00+00:00,16.39,17.01,16.35,16.88,145429.0,16.847,1149,False
2020-09-15 00:00:00+00:00,16.94,17.59,16.9,17.23,155858.0,17.29,1039,False
2020-09-16 00:00:00+00:00,17.22,18.16,17.09,17.8,331217.0,17.731,1923,False
2020-09-17 00:00:00+00:00,17.58,17.86,17.32,17.65,310746.0,17.672,2457,False
2020-09-18 00:00:00+00:00,17.58,17.76,17.02,17.43,431849.0,17.36,2525,False
2020-09-21 00:00:00+00:00,16.98,17.17,16.81,17.15,329398.0,17.004,2395,False
2020-09-22 00:00:00+00:00,17.27,17.92,16.78,17.89,256379.0,17.659,2038,False
2020-09-23 00:00:00+00:00,17.88,18.08,16.82,17.14,475314.0,17.175,3304,False
2020-09-24 00:00:00+00:00,17.05,17.05,16.04,16.3,329844.0,16.412,2619,False
2020-09-25 00:00:00+00:00,16.31,16.31,15.82,15.91,300939.0,15.97,2439,False
2020-09-28 00:00:00+00:00,15.9,16.05,15.57,15.84,221358.0,15.875,1514,False
2020-09-29 00:00:00+00:00,15.7,15.86,15.26,15.38,187405.0,15.429,1370,False
2020-09-30 00:00:00+00:00,15.52,15.71,15.26,15.36,115623.0,15.401,876,False
2020-10-01 00:00:00+00:00,15.4,16.05,15.4,15.99,214361.0,15.843,1171,False
2020-10-02 00:00:00+00:00,15.65,15.88,15.4,15.79,65376.0,15.687,475,False
2020-10-05 00:00:00+00:00,16.0,16.0,15.35,15.45,130935.0,15.531,827,False
2020-10-06 00:00:00+00:00,15.57,16.54,15.57,16.19,300087.0,16.242,1652,False
2020-10-07 00:00:00+00:00,16.2,16.73,16.16,16.43,165109.0,16.538,1183,False
2020-10-08 00:00:00+00:00,17.23,18.73,16.77,18.29,405009.0,18.127,2147,False
2020-10-09 00:00:00+00:00,18.36,18.36,17.5,17.78,142946.0,17.89,1002,False
2020-10-12 00:00:00+00:00,17.77,18.03,16.95,17.44,199261.0,17.258,1285,False
2020-10-13 00:00:00+00:00,17.32,17.73,16.97,17.6,242978.0,17.46,1564,False
2020-10-14 00:00:00+00:00,17.73,18.09,17.6,17.95,227244.0,17.889,1573,False
2020-10-15 00:00:00+00:00,17.79,17.94,17.02,17.8,485657.0,17.761,2676,False
2020-10-16 00:00:00+00:00,17.83,18.21,17.59,18.0,331447.0,17.97,1662,False
2020-10-19 00:00:00+00:00,18.1,18.74,18.1,18.7,272680.0,18.508,1413,False
2020-10-20 00:00:00+00:00,18.89,19.51,18.76,19.19,414119.0,19.226,1790,False
2020-10-21 00:00:00+00:00,19.31,19.61,19.0,19.26,299570.0,19.312,1895,False
2020-10-22 00:00:00+00:00,19.36,20.07,19.36,20.03,260105.0,19.901,1526,False
2020-10-23 00:00:00+00:00,21.05,21.76,20.44,21.69,1331958.0,21.227,4142,False
2020-10-26 00:00:00+00:00,21.58,21.58,19.43,20.07,397048.0,20.115,2561,False
2020-10-27 00:00:00+00:00,21.0,21.0,18.91,18.95,337416.0,19.475,1808,False
2020-10-28 00:00:00+00:00,18.44,19.19,17.8,18.12,214877.0,18.247,1526,False
2020-10-29 00:00:00+00:00,17.96,18.82,17.96,18.53,169954.0,18.495,1089,False
2020-10-30 00:00:00+00:00,18.6,18.97,18.27,18.77,183094.0,18.649,1292,False
2020-11-02 00:00:00+00:00,19.02,19.24,18.51,18.92,102141.0,18.83,718,False
2020-11-03 00:00:00+00:00,19.1,19.44,18.95,19.26,186746.0,19.216,1240,False
2020-11-04 00:00:00+00:00,19.38,20.17,19.18,19.95,130142.0,19.892,773,False
2020-11-05 00:00:00+00:00,20.29,20.75,20.11,20.55,163423.0,20.501,1153,False
2020-11-06 00:00:00+00:00,20.96,20.96,19.98,20.0,171266.0,20.29,909,False
2020-11-09 00:00:00+00:00,22.88,23.55,22.79,23.2,676281.0,23.204,3389,False
2020-11-10 00:00:00+00:00,23.07,23.9,22.32,23.54,613369.0,23.398,3249,False
2020-11-11 00:00:00+00:00,23.71,23.91,22.86,23.8,315431.0,23.585,2082,False
2020-11-12 00:00:00+00:00,23.36,23.84,22.86,23.43,297180.0,23.454,2069,False
2020-11-13 00:00:00+00:00,23.8,24.57,23.52,24.25,375344.0,24.082,1753,False
2020-11-16 00:00:00+00:00,24.99,25.84,24.75,25.77,548208.0,25.412,2278,False
2020-11-17 00:00:00+00:00,25.14,25.28,24.48,24.85,348092.0,24.81,2023,False
2020-11-18 00:00:00+00:00,25.01,25.25,24.65,24.93,271489.0,24.901,1742,False
2020-11-19 00:00:00+00:00,24.99,25.49,24.72,25.23,342972.0,25.061,1354,False
2020-11-20 00:00:00+00:00,25.4,25.79,25.06,25.65,264565.0,25.545,1204,False
2020-11-23 00:00:00+00:00,25.5,26.48,25.39,26.32,355451.0,25.943,2261,False
2020-11-24 00:00:00+00:00,26.49,27.6,26.42,27.5,235130.0,27.04,1514,False
2020-11-25 00:00:00+00:00,27.57,27.57,24.58,25.8,651098.0,26.081,4202,False
2020-11-27 00:00:00+00:00,25.8,26.0,25.23,25.59,143451.0,25.662,1028,False
2020-11-30 00:00:00+00:00,25.27,25.27,24.33,24.81,224894.0,24.785,1406,False
2020-12-01 00:00:00+00:00,25.23,25.92,24.78,24.83,734292.0,25.288,3122,False
2020-12-02 00:00:00+00:00,24.89,25.79,24.41,24.98,378997.0,24.972,1830,False
2020-12-03 00:00:00+00:00,25.2,25.9,24.62,25.66,711959.0,25.328,2734,False
2020-12-04 00:00:00+00:00,25.89,26.75,25.43,26.59,164763.0,26.232,1008,False
2020-12-07 00:00:00+00:00,26.31,26.35,24.55,24.68,256576.0,25.4,2093,False
2020-12-08 00:00:00+00:00,24.67,25.34,24.58,25.26,160517.0,25.018,731,False
2020-12-09 00:00:00+00:00,25.21,25.77,24.09,24.79,527314.0,25.117,1605,False
2020-12-10 00:00:00+00:00,24.51,25.4,24.46,25.33,749552.0,24.795,1846,False
2020-12-11 00:00:00+00:00,25.01,26.19,24.55,26.04,427140.0,25.612,2100,False
2020-12-14 00:00:00+00:00,26.4,26.51,25.57,25.95,288528.0,26.059,1975,False
2020-12-15 00:00:00+00:00,26.0,27.69,25.69,27.61,293662.0,26.926,1514,False
2020-12-16 00:00:00+00:00,27.91,27.97,26.54,27.07,575603.0,27.3,2477,False
2020-12-17 00:00:00+00:00,27.18,27.43,25.95,26.7,298872.0,26.536,1548,False
2020-12-18 00:00:00+00:00,26.89,27.5,26.64,27.4,556380.0,27.124,1897,False
2020-12-21 00:00:00+00:00,26.67,27.51,26.59,26.8,196707.0,26.939,1385,False
2020-12-22 00:00:00+00:00,27.12,27.21,26.5,27.04,142432.0,26.924,1024,False
2020-12-23 00:00:00+00:00,27.51,28.0,26.89,27.0,151993.0,27.085,1031,False
2020-12-24 00:00:00+00:00,27.0,27.67,26.76,27.19,89770.0,27.146,597,False
2020-12-28 00:00:00+00:00,27.49,27.83,26.73,26.93,173165.0,27.051,1095,False
2020-12-29 00:00:00+00:00,27.22,27.55,26.29,27.35,96268.0,26.95,672,False
2020-12-30 00:00:00+00:00,27.6,28.75,27.6,28.46,115585.0,28.399,814,False
2020-12-31 00:00:00+00:00,28.87,29.59,28.21,29.53,178688.0,29.131,1245,False
2021-01-04 00:00:00+00:00,29.99,30.37,27.81,28.11,420157.0,28.925,2637,False
2021-01-05 00:00:00+00:00,28.84,29.84,28.66,28.87,246344.0,29.2,1352,False
2021-01-06 00:00:00+00:00,29.02,29.51,28.13,28.78,259273.0,28.993,1606,False
2021-01-07 00:00:00+00:00,28.99,30.09,28.95,29.51,184087.0,29.616,1114,False
2021-01-08 00:00:00+00:00,29.99,30.0,27.89,28.72,206940.0,28.751,1308,False
2021-01-11 00:00:00+00:00,28.0,28.95,27.9,28.73,137732.0,28.52,1117,False
2021-01-12 00:00:00+00:00,29.39,31.79,29.39,30.4,380690.0,30.745,2081,False
2021-01-13 00:00:00+00:00,30.5,31.99,30.09,30.11,94481.0,30.564,600,False
2021-01-14 00:00:00+00:00,29.96,31.55,29.56,31.46,183971.0,30.819,1329,False
2021-01-15 00:00:00+00:00,31.0,31.43,30.0,30.92,179811.0,30.899,1139,False
2021-01-19 00:00:00+00:00,31.08,31.99,30.96,31.15,325268.0,31.354,2251,False
2021-01-20 00:00:00+00:00,31.27,31.6,29.92,31.53,280897.0,31.128,1630,False
2021-01-21 00:00:00+00:00,31.67,32.29,30.73,31.59,272044.0,31.532,1295,False
2021-01-22 00:00:00+00:00,30.6,31.63,30.1,31.27,418421.0,31.062,2257,False
2021-01-25 00:00:00+00:00,30.99,33.33,30.5,31.04,337405.0,31.744,2025,False
2021-01-26 00:00:00+00:00,31.08,31.19,29.28,29.94,168884.0,30.0,1288,False
2021-01-27 00:00:00+00:00,29.41,30.46,28.28,29.47,252288.0,29.505,1775,False
2021-01-28 00:00:00+00:00,26.75,31.48,26.75,30.43,211377.0,30.553,1176,False
2021-01-29 00:00:00+00:00,30.35,30.92,28.53,28.53,250349.0,29.364,1596,False
2021-02-01 00:00:00+00:00,28.81,30.38,28.6,30.29,193574.0,29.43,1284,False
2021-02-02 00:00:00+00:00,30.97,31.32,30.02,30.85,205993.0,30.729,1347,False
2021-02-03 00:00:00+00:00,30.69,32.14,30.31,31.58,288957.0,31.463,1920,False
2021-02-04 00:00:00+00:00,29.92,29.92,27.18,28.19,1650959.0,28.037,10957,False
2021-02-05 00:00:00+00:00,28.32,30.01,28.12,28.56,1098838.0,28.61,7056,False
2021-02-08 00:00:00+00:00,29.25,30.29,28.61,29.92,571086.0,29.701,3792,False
2021-02-09 00:00:00+00:00,29.36,31.5,29.0,30.82,586944.0,30.795,3697,False
2021-02-10 00:00:00+00:00,31.26,31.86,29.54,31.3,265993.0,30.891,1672,False
2021-02-11 00:00:00+00:00,31.48,31.48,29.8,30.27,128895.0,30.479,926,False
2021-02-12 00:00:00+00:00,30.06,30.45,29.27,29.68,127728.0,29.861,937,False
2021-02-16 00:00:00+00:00,30.34,30.7,29.43,29.95,539030.0,29.884,2283,False
2021-02-17 00:00:00+00:00,29.95,30.28,29.34,29.8,536571.0,29.715,2355,False
2021-02-18 00:00:00+00:00,29.06,30.12,28.78,29.94,787320.0,29.647,4112,False
2021-02-19 00:00:00+00:00,30.22,33.5,30.1,32.98,670731.0,32.242,4108,False
2021-02-22 00:00:00+00:00,32.38,32.92,31.67,32.28,595413.0,32.249,3355,False
2021-02-23 00:00:00+00:00,31.17,31.99,29.01,31.86,698561.0,30.295,4769,False
2021-02-24 00:00:00+00:00,31.82,32.96,31.25,31.7,254921.0,31.977,1851,False
2021-02-25 00:00:00+00:00,31.57,32.13,30.11,30.33,224454.0,30.962,1677,False
2021-02-26 00:00:00+00:00,30.88,34.14,30.64,33.55,775466.0,33.044,5031,False
2021-03-01 00:00:00+00:00,34.02,36.58,33.43,35.9,1097749.0,35.331,6692,False
2021-03-02 00:00:00+00:00,36.08,36.96,35.33,35.84,872547.0,35.937,5846,False
2021-03-03 00:00:00+00:00,35.78,37.46,34.5,34.7,781529.0,35.535,5621,False
2021-03-04 00:00:00+00:00,34.12,34.7,31.71,32.17,602397.0,32.673,4436,False
2021-03-05 00:00:00+00:00,32.42,34.03,29.93,32.17,1253661.0,31.365,6550,False
2021-03-08 00:00:00+00:00,32.18,32.82,30.89,31.03,537163.0,31.603,2528,False
2021-03-09 00:00:00+00:00,31.93,33.44,31.75,33.0,418626.0,32.86,3235,False
2021-03-10 00:00:00+00:00,33.33,34.63,32.78,33.69,262307.0,33.48,2230,False
2021-03-11 00:00:00+00:00,34.6,36.54,34.16,36.26,487471.0,35.81,3207,False
2021-03-12 00:00:00+00:00,35.52,37.35,35.52,37.01,423652.0,36.648,2795,False
2021-03-15 00:00:00+00:00,37.37,38.25,36.42,38.17,640126.0,37.515,3847,False
2021-03-16 00:00:00+00:00,38.07,39.02,37.5,37.97,660395.0,38.244,2849,False
2021-03-17 00:00:00+00:00,37.33,38.99,36.52,38.4,443060.0,38.189,2852,False
2021-03-18 00:00:00+00:00,38.25,38.4,36.55,36.65,439839.0,37.537,2711,False
2021-03-19 00:00:00+00:00,36.41,37.4,35.76,36.58,358322.0,36.608,1906,False
2021-03-22 00:00:00+00:00,36.55,36.55,34.5,35.04,624131.0,34.985,3877,False
2021-03-23 00:00:00+00:00,34.59,34.99,32.96,33.1,273912.0,33.679,1820,False
2021-03-24 00:00:00+00:00,33.24,33.33,30.02,30.32,660650.0,31.064,4542,False
2021-03-25 00:00:00+00:00,29.66,31.52,29.01,31.38,277226.0,30.854,2089,False
2021-03-26 00:00:00+00:00,31.61,32.27,31.05,32.17,141765.0,31.739,1072,False
2021-03-29 00:00:00+00:00,31.69,32.42,30.24,30.47,188482.0,30.78,1448,False
2021-03-30 00:00:00+00:00,30.56,31.52,30.12,31.28,82457.0,30.958,544,False
2021-03-31 00:00:00+00:00,31.57,32.43,31.41,31.58,237205.0,31.838,1959,False
2021-04-01 00:00:00+00:00,32.08,33.05,31.76,32.08,209239.0,32.24,1344,False
2021-04-05 00:00:00+00:00,32.77,32.77,31.22,31.37,260315.0,31.571,1732,False
2021-04-06 00:00:00+00:00,31.41,32.53,30.85,30.89,440220.0,31.284,3237,False
2021-04-07 00:00:00+00:00,31.0,31.17,29.84,29.93,273663.0,30.363,1950,False
2021-04-08 00:00:00+00:00,30.03,30.63,29.53,29.83,239401.0,30.051,1898,False
2021-04-09 00:00:00+00:00,29.59,30.47,29.21,30.28,118753.0,30.042,960,False
2021-04-12 00:00:00+00:00,30.1,30.58,27.99,28.25,519144.0,28.564,2931,False
2021-04-13 00:00:00+00:00,28.33,28.65,27.66,27.99,399782.0,28.04,2728,False
2021-04-14 00:00:00+00:00,28.02,28.83,28.0,28.27,82322.0,28.429,658,False
2021-04-15 00:00:00+00:00,28.34,28.55,25.86,26.05,476174.0,26.467,3031,False
2021-04-16 00:00:00+00:00,26.04,26.48,25.43,26.35,304384.0,26.023,2198,False
2021-04-19 00:00:00+00:00,26.14,26.57,25.52,25.7,338854.0,25.872,2417,False
2021-04-20 00:00:00+00:00,25.51,26.18,23.91,24.51,580828.0,24.589,4481,False
2021-04-21 00:00:00+00:00,24.14,25.11,23.96,25.06,371701.0,24.903,2634,False
2021-04-22 00:00:00+00:00,25.16,26.43,24.93,26.28,532582.0,26.1,3728,False
2021-04-23 00:00:00+00:00,26.09,26.59,25.44,26.25,358718.0,26.167,2405,False
2021-04-26 00:00:00+00:00,26.62,27.41,26.36,27.03,274636.0,27.021,1896,False
2021-04-27 00:00:00+00:00,26.96,27.98,26.96,27.54,302581.0,27.604,2303,False
2021-04-28 00:00:00+00:00,27.39,27.76,26.91,27.56,213107.0,27.441,1276,False
2021-04-29 00:00:00+00:00,27.8,28.08,27.29,28.02,245837.0,27.75,1823,False
2021-04-30 00:00:00+00:00,27.3,28.0,26.56,27.42,348272.0,27.677,1996,False
2021-05-03 00:00:00+00:00,27.47,27.59,26.88,26.96,195203.0,27.244,1406,False
2021-05-04 00:00:00+00:00,27.0,27.33,26.1,26.51,471921.0,26.379,3279,False
2021-05-05 00:00:00+00:00,26.68,27.19,25.18,25.26,309392.0,25.859,2075,False
2021-05-06 00:00:00+00:00,25.28,25.59,24.26,24.99,346063.0,24.784,2704,False
2021-05-07 00:00:00+00:00,25.18,25.99,25.0,25.64,108542.0,25.691,851,False
2021-05-10 00:00:00+00:00,25.51,25.59,24.51,24.99,226844.0,25.082,1384,False
2021-05-11 00:00:00+00:00,24.21,25.57,24.15,25.07,327662.0,25.066,2703,False
2021-05-12 00:00:00+00:00,24.86,25.61,24.23,24.36,397087.0,24.746,3120,False
2021-05-13 00:00:00+00:00,24.58,25.21,23.03,23.61,204812.0,23.793,1525,False
2021-05-14 00:00:00+00:00,24.04,24.73,23.64,24.63,177499.0,24.528,1482,False
2021-05-17 00:00:00+00:00,24.75,25.21,24.58,25.01,173588.0,24.927,1107,False
2021-05-18 00:00:00+00:00,24.93,25.83,24.4,25.29,410004.0,25.446,3261,False
2021-05-19 00:00:00+00:00,24.97,25.52,24.72,25.34,111494.0,25.199,957,False
2021-05-20 00:00:00+00:00,25.5,26.44,25.41,26.28,144362.0,26.129,1110,False
2021-05-21 00:00:00+00:00,26.43,26.76,25.82,25.88,165498.0,26.145,1108,False
2021-05-24 00:00:00+00:00,26.15,26.51,25.85,25.86,162962.0,26.099,1223,False
2021-05-25 00:00:00+00:00,27.2,28.24,26.46,26.46,333220.0,27.108,2476,False
2021-05-26 00:00:00+00:00,26.86,28.17,26.86,27.19,315724.0,27.596,2345,False
2021-05-27 00:00:00+00:00,27.4,28.13,27.11,27.38,692967.0,27.576,5147,False
2021-05-28 00:00:00+00:00,27.28,28.11,27.1,27.5,440196.0,27.589,3202,False
2021-06-01 00:00:00+00:00,27.99,27.99,26.61,27.75,493378.0,27.518,3797,False
2021-06-02 00:00:00+00:00,27.54,28.92,26.76,28.36,666426.0,28.31,4690,False
2021-06-03 00:00:00+00:00,28.3,28.96,27.66,28.29,467352.0,28.243,3284,False
2021-06-04 00:00:00+00:00,28.5,28.68,27.35,27.51,177662.0,27.67,1437,False
2021-06-07 00:00:00+00:00,27.46,27.67,26.42,26.61,476009.0,26.888,3299,False
2021-06-08 00:00:00+00:00,26.94,28.52,26.91,28.45,679934.0,27.859,4733,False
2021-06-09 00:00:00+00:00,28.79,29.38,28.36,28.64,534810.0,28.831,3641,False
2021-06-10 00:00:00+00:00,28.56,29.13,27.79,28.39,256587.0,28.295,2056,False
2021-06-11 00:00:00+00:00,28.47,29.23,28.2,29.0,369900.0,28.889,2994,False
2021-06-14 00:00:00+00:00,28.88,28.94,27.74,28.72,373133.0,28.495,2495,False
2021-06-15 00:00:00+00:00,28.73,29.03,28.12,28.62,216354.0,28.519,1927,False
2021-06-16 00:00:00+00:00,28.42,29.72,28.42,29.63,222108.0,29.307,1684,False
2021-06-17 00:00:00+00:00,29.47,31.28,29.36,30.59,332043.0,30.71,2268,False
2021-06-18 00:00:00+00:00,30.09,30.09,28.52,29.07,322521.0,29.035,2421,False
2021-06-21 00:00:00+00:00,29.13,30.11,28.61,29.99,215120.0,29.759,1760,False
2021-06-22 00:00:00+00:00,29.87,31.1,29.87,31.0,294919.0,30.763,2186,False
2021-06-23 00:00:00+00:00,31.0,32.65,31.0,31.99,451615.0,32.187,2125,False
2021-06-24 00:00:00+00:00,32.06,33.06,32.06,32.78,356645.0,32.726,1961,False
2021-06-25 00:00:00+00:00,32.87,33.0,31.6,31.63,216256.0,31.943,1367,False
2021-06-28 00:00:00+00:00,31.63,32.05,30.5,31.17,254039.0,30.976,1691,False
2021-06-29 00:00:00+00:00,30.98,31.8,30.69,31.14,229700.0,31.269,1816,False
2021-06-30 00:00:00+00:00,30.95,31.68,30.03,30.05,215296.0,30.356,1682,False
2021-07-01 00:00:00+00:00,30.44,30.78,29.69,29.81,129479.0,30.016,922,False
2021-07-02 00:00:00+00:00,29.93,30.19,29.46,29.86,168056.0,29.826,1137,False
2021-07-06 00:00:00+00:00,29.82,30.71,29.6,29.84,244302.0,29.969,1618,False
2021-07-07 00:00:00+00:00,29.89,29.89,28.0,28.76,293936.0,28.739,1863,False
2021-07-08 00:00:00+00:00,27.81,29.21,27.75,28.92,159185.0,28.776,942,False
2021-07-09 00:00:00+00:00,29.33,30.16,29.04,30.12,98037.0,29.892,721,False
2021-07-12 00:00:00+00:00,29.94,30.9,29.81,30.16,70481.0,30.192,421,False
2021-07-13 00:00:00+00:00,30.02,31.21,29.79,31.14,206881.0,30.912,1693,False
2021-07-14 00:00:00+00:00,31.21,31.89,30.21,30.3,630607.0,30.941,1311,False
2021-07-15 00:00:00+00:00,30.09,30.16,27.99,28.75,265049.0,29.04,1495,False
2021-07-16 00:00:00+00:00,28.99,29.33,27.28,27.51,373844.0,28.046,3190,False
2021-07-19 00:00:00+00:00,27.35,27.35,25.27,26.64,419536.0,26.205,2937,False
2021-07-20 00:00:00+00:00,26.86,27.33,26.1,27.09,156829.0,26.723,1112,False
2021-07-21 00:00:00+00:00,27.41,29.2,27.33,28.87,192979.0,28.665,1228,False
2021-07-22 00:00:00+00:00,29.0,29.18,27.81,28.85,165786.0,28.631,1310,False
2021-07-23 00:00:00+00:00,28.91,29.15,28.3,28.48,80996.0,28.588,592,False
2021-07-26 00:00:00+00:00,28.43,29.4,28.21,28.64,170196.0,28.594,973,False
2021-07-27 00:00:00+00:00,29.06,29.56,27.69,28.56,296014.0,28.505,1903,False
2021-07-28 00:00:00+00:00,29.03,29.96,27.91,28.72,218659.0,28.468,1685,False
2021-07-29 00:00:00+00:00,28.88,30.18,28.88,29.98,252433.0,29.699,1548,False
2021-07-30 00:00:00+00:00,29.6,30.33,28.13,28.46,334598.0,29.242,1663,False
2021-08-02 00:00:00+00:00,28.57,29.53,28.01,28.15,109773.0,28.637,693,False
2021-08-03 00:00:00+00:00,28.09,28.09,26.69,26.74,182280.0,27.075,1103,False
2021-08-04 00:00:00+00:00,26.58,27.6,26.58,27.01,146470.0,27.095,999,False
2021-08-05 00:00:00+00:00,27.28,28.2,27.08,27.85,188459.0,27.74,1102,False
2021-08-06 00:00:00+00:00,27.96,28.77,27.85,28.45,147940.0,28.331,895,False
2021-08-09 00:00:00+00:00,28.26,28.82,28.12,28.2,107152.0,28.448,759,False
2021-08-10 00:00:00+00:00,28.46,28.46,26.94,27.0,158952.0,27.266,1179,False
2021-08-11 00:00:00+00:00,26.89,28.0,26.57,27.94,241847.0,27.25,1123,False
2021-08-12 00:00:00+00:00,27.88,27.88,27.18,27.73,186923.0,27.61,776,False
2021-08-13 00:00:00+00:00,27.67,28.0,26.88,27.0,101556.0,27.133,734,False
2021-08-16 00:00:00+00:00,26.84,27.04,26.37,26.46,356701.0,26.877,928,False
2021-08-17 00:00:00+00:00,26.01,26.43,25.3,26.12,235065.0,26.079,1857,False
2021-08-18 00:00:00+00:00,25.98,26.91,25.58,25.65,201083.0,26.125,1497,False
2021-08-19 00:00:00+00:00,25.32,25.99,24.71,25.18,171713.0,25.192,1165,False
2021-08-20 00:00:00+00:00,25.14,25.82,24.78,24.84,497280.0,25.181,1874,False
2021-08-23 00:00:00+00:00,25.31,26.49,25.02,25.89,348409.0,25.695,2215,False
2021-08-24 00:00:00+00:00,26.24,26.87,25.82,25.92,396500.0,26.14,2695,False
2021-08-25 00:00:00+00:00,26.08,26.68,25.81,26.07,371169.0,26.178,2751,False
2021-08-26 00:00:00+00:00,25.86,26.26,25.41,25.58,133278.0,25.739,998,False
2021-08-27 00:00:00+00:00,25.57,26.39,25.36,25.84,220589.0,26.037,1517,False
2021-08-30 00:00:00+00:00,25.91,26.13,25.19,25.44,139344.0,25.497,990,False
2021-08-31 00:00:00+00:00,25.62,26.18,25.32,25.82,131028.0,25.8,899,False
2021-09-01 00:00:00+00:00,26.07,27.5,25.7,26.68,388434.0,26.863,2234,False
2021-09-02 00:00:00+00:00,26.69,27.07,26.36,26.52,106850.0,26.648,654,False
2021-09-03 00:00:00+00:00,26.45,26.94,25.78,26.27,77906.0,26.258,642,False
2021-09-07 00:00:00+00:00,26.27,26.87,26.03,26.66,144068.0,26.431,674,False
2021-09-08 00:00:00+00:00,26.63,26.93,25.31,26.0,216778.0,25.976,1303,False
2021-09-09 00:00:00+00:00,26.0,26.77,25.36,25.42,150360.0,25.993,862,False
2021-09-10 00:00:00+00:00,25.63,25.85,24.61,24.7,162792.0,25.174,1029,False
2021-09-13 00:00:00+00:00,24.97,25.63,24.44,24.94,307196.0,25.071,1359,False
2021-09-14 00:00:00+00:00,24.92,25.27,24.51,24.86,168625.0,24.911,831,False
2021-09-15 00:00:00+00:00,24.8,24.91,24.21,24.82,151646.0,24.541,791,False
2021-09-16 00:00:00+00:00,24.86,25.1,24.28,24.38,226848.0,24.538,1135,False
2021-09-17 00:00:00+00:00,24.49,24.9,24.0,24.16,313094.0,24.514,1250,False
2021-09-20 00:00:00+00:00,23.58,24.23,22.96,23.95,299600.0,23.699,1579,False
2021-09-21 00:00:00+00:00,23.97,24.27,23.65,23.73,130645.0,23.938,872,False
2021-09-22 00:00:00+00:00,23.98,25.05,23.81,25.01,197386.0,24.707,1188,False
2021-09-23 00:00:00+00:00,25.18,26.28,24.41,26.04,152441.0,25.715,999,False
2021-09-24 00:00:00+00:00,25.86,27.22,25.78,26.3,464390.0,26.779,1280,False
2021-09-27 00:00:00+00:00,26.22,26.68,25.73,26.19,189423.0,26.336,1221,False
2021-09-28 00:00:00+00:00,26.16,26.3,25.54,25.81,155729.0,25.882,565,False
2021-09-29 00:00:00+00:00,25.84,25.97,25.49,25.77,206799.0,25.657,945,False
2021-09-30 00:00:00+00:00,25.82,27.29,25.41,27.19,346312.0,26.398,1989,False
2021-10-01 00:00:00+00:00,27.33,27.85,26.98,27.55,149226.0,27.463,883,False
2021-10-04 00:00:00+00:00,27.46,27.98,27.14,27.81,198801.0,27.647,1132,False
2021-10-05 00:00:00+00:00,27.76,28.71,27.5,28.71,152772.0,28.363,1168,False
2021-10-06 00:00:00+00:00,28.17,28.64,27.63,28.19,362469.0,28.173,1331,False
2021-10-07 00:00:00+00:00,28.27,30.04,28.27,29.54,236594.0,29.378,1423,False
2021-10-08 00:00:00+00:00,29.63,31.28,29.45,31.2,169198.0,30.865,1190,False
2021-10-11 00:00:00+00:00,31.36,32.51,31.19,31.64,267642.0,31.846,1856,False
2021-10-12 00:00:00+00:00,31.36,31.41,30.11,30.64,268676.0,30.775,2219,False
2021-10-13 00:00:00+00:00,30.6,31.0,30.19,30.5,262946.0,30.692,1918,False
2021-10-14 00:00:00+00:00,30.94,31.93,30.45,31.35,612981.0,31.157,3200,False
2021-10-15 00:00:00+00:00,31.76,32.43,30.76,30.8,693134.0,31.517,1556,False
2021-10-18 00:00:00+00:00,30.65,31.0,30.16,30.65,264032.0,30.626,1158,False
2021-10-19 00:00:00+00:00,30.58,31.13,30.09,30.57,103375.0,30.676,709,False
2021-10-20 00:00:00+00:00,30.5,30.5,29.79,29.91,85758.0,30.035,555,False
2021-10-21 00:00:00+00:00,29.69,29.69,27.84,27.9,260810.0,28.453,2058,False
2021-10-22 00:00:00+00:00,27.86,27.97,26.56,26.79,248909.0,27.062,1978,False
2021-10-25 00:00:00+00:00,26.93,27.66,26.52,27.61,187036.0,27.14,1311,False
2021-10-26 00:00:00+00:00,26.82,29.33,26.82,28.52,263654.0,28.508,1867,False
2021-10-27 00:00:00+00:00,28.9,33.34,28.9,32.55,1057668.0,31.574,3611,False
2021-10-28 00:00:00+00:00,32.71,34.69,32.15,34.61,336566.0,33.385,2316,False
2021-10-29 00:00:00+00:00,34.19,34.56,31.23,31.67,712568.0,32.563,1990,False
2021-11-01 00:00:00+00:00,32.32,35.87,32.32,32.97,1168329.0,33.9,5299,False
2021-11-02 00:00:00+00:00,32.4,34.27,32.25,32.67,282163.0,33.431,1868,False
2021-11-03 00:00:00+00:00,32.38,33.18,32.16,32.75,215375.0,32.803,1393,False
2021-11-04 00:00:00+00:00,32.75,33.09,32.44,32.47,105014.0,32.764,740,False
2021-11-05 00:00:00+00:00,33.08,35.27,33.0,34.97,432378.0,34.633,2687,False
2021-11-08 00:00:00+00:00,35.27,36.28,35.18,35.47,263509.0,35.815,1680,False
2021-11-09 00:00:00+00:00,35.21,35.25,33.63,34.09,247726.0,34.102,1810,False
2021-11-10 00:00:00+00:00,33.84,34.18,32.38,32.87,228069.0,33.165,1791,False
2021-11-11 00:00:00+00:00,33.11,33.3,32.51,33.07,78515.0,32.97,665,False
2021-11-12 00:00:00+00:00,33.0,33.64,33.0,33.58,48312.0,33.371,380,False
2021-11-15 00:00:00+00:00,34.02,34.22,33.46,34.02,137633.0,33.896,1051,False
2021-11-16 00:00:00+00:00,34.02,34.4,33.55,34.14,466547.0,33.997,742,False
2021-11-17 00:00:00+00:00,34.1,34.91,33.55,34.0,1031120.0,34.559,1317,False
2021-11-18 00:00:00+00:00,34.0,34.26,33.02,33.94,148321.0,33.673,1078,False
2021-11-19 00:00:00+00:00,33.46,33.92,32.77,33.01,313548.0,33.252,2076,False
2021-11-22 00:00:00+00:00,33.07,33.31,31.76,31.81,289628.0,32.318,1802,False
2021-11-23 00:00:00+00:00,31.79,31.81,29.87,30.02,320552.0,30.958,1390,False
2021-11-24 00:00:00+00:00,29.54,29.95,28.53,29.0,368865.0,29.173,2894,False
2021-11-26 00:00:00+00:00,27.71,27.87,25.66,26.33,281081.0,26.212,1864,False
2021-11-29 00:00:00+00:00,27.01,27.17,24.9,25.53,568234.0,25.507,4049,False
2021-11-30 00:00:00+00:00,25.04,25.35,23.8,24.35,458628.0,24.422,3243,False
2021-12-01 00:00:00+00:00,25.07,26.08,24.85,24.91,630859.0,25.45,4655,False
2021-12-02 00:00:00+00:00,24.87,25.98,24.05,25.8,350857.0,25.281,2448,False
2021-12-03 00:00:00+00:00,25.74,25.91,24.08,24.61,755213.0,24.667,3304,False
2021-12-06 00:00:00+00:00,24.88,27.03,24.31,26.16,296516.0,26.04,2298,False
2021-12-07 00:00:00+00:00,27.31,28.12,27.11,27.18,456284.0,27.589,3369,False
2021-12-08 00:00:00+00:00,27.11,29.23,27.05,28.9,289966.0,28.589,1966,False
2021-12-09 00:00:00+00:00,28.41,29.23,28.02,29.01,228187.0,28.94,1857,False
2021-12-10 00:00:00+00:00,29.14,29.44,27.89,28.69,405541.0,28.331,2699,False
2021-12-13 00:00:00+00:00,28.39,28.91,26.95,27.1,363071.0,27.49,2760,False
2021-12-14 00:00:00+00:00,26.56,27.87,26.5,27.28,263799.0,27.264,1921,False
2021-12-15 00:00:00+00:00,27.19,27.58,26.37,27.46,216578.0,26.884,1785,False
2021-12-16 00:00:00+00:00,27.66,28.34,26.69,26.76,174912.0,27.143,1324,False
2021-12-17 00:00:00+00:00,26.42,27.26,26.17,26.93,417434.0,26.886,3175,False
2021-12-20 00:00:00+00:00,26.01,26.92,25.21,26.78,169819.0,26.258,1234,False
2021-12-21 00:00:00+00:00,27.31,28.94,27.31,28.5,179265.0,28.465,1431,False
2021-12-22 00:00:00+00:00,28.43,29.14,28.11,28.52,65430.0,28.659,530,False
2021-12-23 00:00:00+00:00,28.71,28.83,28.1,28.31,77446.0,28.457,589,False
2021-12-27 00:00:00+00:00,28.44,29.08,27.81,28.99,92122.0,28.737,684,False
2021-12-28 00:00:00+00:00,28.69,29.05,28.16,28.36,81372.0,28.487,629,False
2021-12-29 00:00:00+00:00,28.13,28.52,27.52,27.74,131350.0,28.088,695,False
2021-12-30 00:00:00+00:00,27.74,29.0,27.65,28.43,106575.0,28.532,806,False
2021-12-31 00:00:00+00:00,28.24,28.45,27.49,27.71,36237.0,27.837,300,False
2022-01-03 00:00:00+00:00,28.09,29.25,27.84,29.07,125551.0,28.846,715,False
2022-01-04 00:00:00+00:00,29.41,29.42,27.95,28.0,128861.0,28.263,1078,False
2022-01-05 00:00:00+00:00,27.94,28.5,26.18,26.26,159468.0,26.956,1273,False
2022-01-06 00:00:00+00:00,26.49,26.9,25.67,26.23,151983.0,26.408,815,False
2022-01-07 00:00:00+00:00,26.09,26.88,25.51,26.15,89497.0,26.293,679,False
2022-01-10 00:00:00+00:00,26.03,26.05,24.68,25.96,112844.0,25.452,838,False
2022-01-11 00:00:00+00:00,25.71,26.46,25.39,25.94,116729.0,26.035,987,False
2022-01-12 00:00:00+00:00,26.39,27.42,26.01,27.03,251032.0,27.025,1348,False
2022-01-13 00:00:00+00:00,26.99,28.39,26.99,27.33,191657.0,27.505,1478,False
2022-01-14 00:00:00+00:00,27.03,27.49,26.32,26.79,265801.0,27.005,1873,False
2022-01-18 00:00:00+00:00,26.18,27.66,26.06,27.06,320615.0,27.052,1820,False
2022-01-19 00:00:00+00:00,27.26,28.33,26.54,26.66,206798.0,27.307,1399,False
2022-01-20 00:00:00+00:00,26.62,27.93,26.48,26.5,126669.0,27.253,892,False
2022-01-21 00:00:00+00:00,26.23,26.87,25.34,26.15,168509.0,26.271,969,False
2022-01-24 00:00:00+00:00,25.59,25.59,23.64,25.17,376380.0,24.663,2609,False
2022-01-25 00:00:00+00:00,24.06,25.31,23.95,24.54,239493.0,24.504,1469,False
2022-01-26 00:00:00+00:00,24.72,25.86,22.56,22.71,430583.0,23.846,3256,False
2022-01-27 00:00:00+00:00,23.23,23.8,22.22,23.31,589344.0,23.188,2755,False
2022-01-28 00:00:00+00:00,23.16,24.67,22.58,24.62,194042.0,23.812,1389,False
2022-01-31 00:00:00+00:00,24.58,26.76,24.55,26.69,328398.0,26.314,2110,False
2022-02-01 00:00:00+00:00,26.69,26.9,25.89,26.6,87250.0,26.541,626,False
2022-02-02 00:00:00+00:00,26.38,26.9,25.51,25.9,154993.0,26.014,1107,False
2022-02-03 00:00:00+00:00,25.28,25.77,25.0,25.27,151613.0,25.271,1049,False
2022-02-04 00:00:00+00:00,25.06,26.92,25.06,26.62,142762.0,26.387,1047,False
2022-02-07 00:00:00+00:00,26.62,27.87,26.52,27.7,172388.0,27.493,1425,False
2022-02-08 00:00:00+00:00,27.84,28.19,27.09,27.8,133749.0,27.527,1143,False
2022-02-09 00:00:00+00:00,28.17,28.74,28.17,28.39,205231.0,28.468,1482,False
2022-02-10 00:00:00+00:00,27.7,29.2,27.57,28.07,178618.0,28.564,1403,False
2022-02-11 00:00:00+00:00,28.01,28.29,26.3,26.53,125162.0,27.132,1072,False
2022-02-14 00:00:00+00:00,26.44,27.19,26.32,26.32,104353.0,26.684,893,False
2022-02-15 00:00:00+00:00,26.98,28.27,26.68,27.88,114207.0,27.836,928,False
2022-02-16 00:00:00+00:00,27.43,28.21,27.38,27.81,103665.0,27.852,816,False
2022-02-17 00:00:00+00:00,27.28,27.87,26.81,26.95,87436.0,27.191,636,False
2022-02-18 00:00:00+00:00,27.06,27.21,25.91,26.17,188239.0,26.201,1600,False
2022-02-22 00:00:00+00:00,25.68,26.1,25.07,25.41,160275.0,25.576,1233,False
2022-02-23 00:00:00+00:00,25.65,26.06,25.3,25.32,108306.0,25.533,899,False
2022-02-24 00:00:00+00:00,23.95,25.27,23.1,25.23,312690.0,24.051,2178,False
2022-02-25 00:00:00+00:00,25.2,27.12,25.16,26.9,249550.0,26.4,1945,False
2022-02-28 00:00:00+00:00,26.5,28.48,26.5,28.08,307182.0,27.881,2284,False
2022-03-01 00:00:00+00:00,27.94,28.13,25.7,25.91,122220.0,26.52,922,False
2022-03-02 00:00:00+00:00,26.02,26.81,25.2,26.71,188439.0,26.232,1512,False
2022-03-03 00:00:00+00:00,26.89,27.3,24.69,25.03,212841.0,25.185,1832,False
2022-03-04 00:00:00+00:00,24.56,24.81,22.58,22.77,261336.0,23.201,2096,False
2022-03-07 00:00:00+00:00,22.65,22.77,20.25,20.45,299020.0,21.201,2346,False
2022-03-08 00:00:00+00:00,20.58,21.41,20.06,21.01,590743.0,20.763,4024,False
2022-03-09 00:00:00+00:00,22.27,23.65,21.96,23.36,227334.0,23.013,1745,False
2022-03-10 00:00:00+00:00,22.81,23.62,21.32,22.89,179763.0,22.93,1265,False
2022-03-11 00:00:00+00:00,23.17,23.17,21.75,21.98,368039.0,22.095,2650,False
2022-03-14 00:00:00+00:00,22.02,22.14,20.99,21.0,194608.0,21.554,1385,False
2022-03-15 00:00:00+00:00,21.26,22.92,21.26,22.69,164890.0,22.413,1183,False
2022-03-16 00:00:00+00:00,23.75,25.3,23.7,25.3,160396.0,24.61,1081,False
2022-03-17 00:00:00+00:00,24.83,25.16,23.42,23.63,303045.0,23.993,1978,False
2022-03-18 00:00:00+00:00,23.55,25.46,23.55,25.34,240985.0,24.742,1735,False
2022-03-21 00:00:00+00:00,24.63,25.53,24.27,25.35,307638.0,25.126,1851,False
2022-03-22 00:00:00+00:00,25.4,26.75,25.35,26.52,185149.0,26.268,1349,False
2022-03-23 00:00:00+00:00,26.19,26.72,25.77,26.52,219286.0,26.432,1319,False
2022-03-24 00:00:00+00:00,26.31,26.99,26.12,26.88,148397.0,26.648,1070,False
2022-03-25 00:00:00+00:00,26.65,26.7,25.51,25.75,84904.0,25.945,602,False
2022-03-28 00:00:00+00:00,25.64,26.25,25.41,26.17,81921.0,25.815,500,False
2022-03-29 00:00:00+00:00,26.85,28.15,26.78,27.75,193280.0,27.809,1237,False
2022-03-30 00:00:00+00:00,27.23,27.8,26.74,27.24,145862.0,27.356,1013,False
2022-03-31 00:00:00+00:00,27.12,27.53,26.64,26.83,182796.0,27.041,1196,False
2022-04-01 00:00:00+00:00,27.14,27.84,26.73,27.33,110093.0,27.272,808,False
2022-04-04 00:00:00+00:00,27.38,27.75,27.02,27.71,152500.0,27.522,1022,False
2022-04-05 00:00:00+00:00,27.58,28.2,27.0,27.46,282342.0,27.711,2121,False
2022-04-06 00:00:00+00:00,26.76,27.21,24.41,26.05,364287.0,25.807,2392,False
2022-04-07 00:00:00+00:00,26.03,26.34,24.79,25.27,172635.0,25.406,1239,False
2022-04-08 00:00:00+00:00,25.0,25.43,24.44,25.14,72922.0,25.172,554,False
2022-04-11 00:00:00+00:00,24.82,25.34,24.07,24.46,143833.0,24.659,993,False
2022-04-12 00:00:00+00:00,24.66,25.78,24.66,25.0,102672.0,25.262,725,False
2022-04-13 00:00:00+00:00,25.36,26.72,25.36,26.66,102702.0,26.434,772,False
2022-04-14 00:00:00+00:00,26.59,27.43,26.28,26.39,102691.0,26.753,729,False
2022-04-18 00:00:00+00:00,26.13,26.75,25.74,25.87,115665.0,26.13,752,False
2022-04-19 00:00:00+00:00,25.49,27.0,25.42,26.45,262744.0,26.552,1603,False
2022-04-20 00:00:00+00:00,26.19,26.74,26.01,26.25,284912.0,26.353,905,False
2022-04-21 00:00:00+00:00,26.88,27.89,25.54,25.54,168991.0,26.357,1163,False
2022-04-22 00:00:00+00:00,25.63,26.24,23.79,24.81,82862.0,25.327,618,False
2022-04-25 00:00:00+00:00,24.39,25.3,24.32,25.21,116971.0,24.991,886,False
2022-04-26 00:00:00+00:00,24.97,25.46,23.96,24.25,98910.0,24.334,737,False
2022-04-27 00:00:00+00:00,24.52,25.65,24.43,25.5,130706.0,25.224,994,False
2022-04-28 00:00:00+00:00,25.99,25.99,24.75,25.67,164157.0,25.32,1235,False
2022-04-29 00:00:00+00:00,25.67,26.37,25.36,25.47,101827.0,25.766,736,False
2022-05-02 00:00:00+00:00,25.5,26.09,24.59,26.0,190244.0,25.627,1389,False
2022-05-03 00:00:00+00:00,26.02,26.02,24.85,25.77,100023.0,25.586,811,False
2022-05-04 00:00:00+00:00,25.5,25.99,24.48,25.94,310845.0,25.17,2167,False
2022-05-05 00:00:00+00:00,25.36,25.74,23.76,23.84,374048.0,24.416,2643,False
2022-05-06 00:00:00+00:00,23.57,23.76,22.04,23.09,270483.0,23.182,2115,False
2022-05-09 00:00:00+00:00,22.41,23.59,22.2,22.48,384072.0,22.715,2581,False
2022-05-10 00:00:00+00:00,23.15,23.65,21.36,22.5,309195.0,22.519,2410,False
2022-05-11 00:00:00+00:00,22.44,23.56,21.78,22.53,234750.0,22.817,1600,False
2022-05-12 00:00:00+00:00,22.11,22.9,22.0,22.67,241477.0,22.296,1856,False
2022-05-13 00:00:00+00:00,23.21,23.81,23.01,23.46,130319.0,23.448,1024,False
2022-05-16 00:00:00+00:00,23.44,23.86,23.0,23.29,140911.0,23.388,1024,False
2022-05-17 00:00:00+00:00,24.13,25.28,24.0,25.28,100994.0,24.85,740,False
2022-05-18 00:00:00+00:00,24.8,24.99,23.85,24.22,238071.0,24.484,1873,False
2022-05-19 00:00:00+00:00,23.86,26.14,23.66,25.21,291760.0,25.412,2372,False
2022-05-20 00:00:00+00:00,25.55,25.94,24.5,25.23,287477.0,25.112,1928,False
2022-05-23 00:00:00+00:00,25.3,26.29,25.03,26.04,179510.0,25.835,1365,False
2022-05-24 00:00:00+00:00,25.37,25.74,24.7,25.18,297232.0,25.106,2210,False
2022-05-25 00:00:00+00:00,26.35,26.64,25.11,25.93,329646.0,25.853,2491,False
2022-05-26 00:00:00+00:00,26.63,29.39,26.19,28.59,432292.0,28.572,3163,False
2022-05-27 00:00:00+00:00,28.19,29.42,27.26,29.23,335006.0,28.839,2634,False
2022-05-31 00:00:00+00:00,28.66,29.56,27.31,27.66,496809.0,27.853,2892,False
2022-06-01 00:00:00+00:00,27.89,27.98,26.27,26.94,402266.0,27.033,2412,False
2022-06-02 00:00:00+00:00,26.9,27.85,26.48,27.03,351649.0,27.362,2669,False
2022-06-03 00:00:00+00:00,26.6,26.99,26.16,26.85,219332.0,26.693,1509,False
2022-06-06 00:00:00+00:00,27.52,28.34,26.78,27.96,113161.0,27.886,812,False
2022-06-07 00:00:00+00:00,27.83,28.38,27.1,28.33,161072.0,27.941,1188,False
2022-06-08 00:00:00+00:00,28.0,28.86,27.92,28.65,147997.0,28.476,1035,False
2022-06-09 00:00:00+00:00,28.06,28.39,27.51,27.54,140926.0,27.895,1034,False
2022-06-10 00:00:00+00:00,26.98,27.57,25.99,26.41,409758.0,26.477,2967,False
2022-06-13 00:00:00+00:00,25.8,26.43,25.48,26.1,597447.0,25.946,4465,False
2022-06-14 00:00:00+00:00,26.23,27.11,25.71,26.99,268325.0,26.715,2190,False
2022-06-15 00:00:00+00:00,27.04,27.38,25.88,26.28,437350.0,26.733,2671,False
2022-06-16 00:00:00+00:00,24.83,25.67,23.67,25.63,513981.0,25.19,3169,False
2022-06-17 00:00:00+00:00,25.95,26.4,24.95,26.0,299045.0,25.911,1783,False
2022-06-21 00:00:00+00:00,26.55,26.89,25.95,26.14,210610.0,26.214,1396,False
2022-06-22 00:00:00+00:00,25.28,26.6,24.78,26.22,108233.0,26.139,782,False
2022-06-23 00:00:00+00:00,26.56,26.76,26.0,26.69,159230.0,26.387,1044,False
2022-06-24 00:00:00+00:00,27.2,27.44,26.77,27.01,179029.0,27.065,1077,False
2022-06-27 00:00:00+00:00,27.01,27.1,26.0,26.01,158384.0,26.395,1233,False
2022-06-28 00:00:00+00:00,26.38,26.77,26.06,26.21,118677.0,26.36,985,False
2022-06-29 00:00:00+00:00,25.98,26.81,24.98,25.22,162756.0,25.333,1298,False
2022-06-30 00:00:00+00:00,24.83,25.99,24.56,25.68,140219.0,25.331,1050,False
2022-07-01 00:00:00+00:00,25.73,25.92,25.03,25.91,82583.0,25.466,695,False
2022-07-05 00:00:00+00:00,25.63,26.26,24.76,26.22,92711.0,25.821,490,False
2022-07-06 00:00:00+00:00,26.14,26.55,24.97,25.15,89811.0,25.289,693,False
2022-07-07 00:00:00+00:00,25.26,26.57,25.26,26.01,47703.0,25.996,380,False
2022-07-08 00:00:00+00:00,25.89,26.8,25.65,26.49,110371.0,26.362,881,False
2022-07-11 00:00:00+00:00,25.81,26.31,25.11,25.86,223100.0,25.842,1374,False
2022-07-12 00:00:00+00:00,25.83,27.01,25.71,26.54,115965.0,26.564,707,False
2022-07-13 00:00:00+00:00,25.82,27.55,25.27,27.2,316391.0,26.959,2090,False
2022-07-14 00:00:00+00:00,27.1,27.75,26.33,26.52,97019.0,26.576,841,False
2022-07-15 00:00:00+00:00,26.6,27.21,26.0,27.02,57801.0,26.936,456,False
2022-07-18 00:00:00+00:00,27.73,28.28,27.7,28.04,82382.0,28.036,654,False
2022-07-19 00:00:00+00:00,28.25,28.54,27.3,28.48,115710.0,28.247,894,False
2022-07-20 00:00:00+00:00,28.48,28.91,28.01,28.79,108475.0,28.559,723,False
2022-07-21 00:00:00+00:00,28.48,29.41,28.33,29.41,249782.0,28.95,962,False
2022-07-22 00:00:00+00:00,29.59,29.79,28.21,28.95,241180.0,28.754,1687,False
2022-07-25 00:00:00+00:00,28.99,29.12,28.53,29.04,73195.0,28.916,624,False
2022-07-26 00:00:00+00:00,28.83,29.08,27.91,27.92,88684.0,28.339,712,False
2022-07-27 00:00:00+00:00,28.97,30.71,28.56,30.22,427154.0,29.473,3064,False
2022-07-28 00:00:00+00:00,30.33,31.6,29.8,31.54,302026.0,30.997,2511,False
2022-07-29 00:00:00+00:00,31.26,32.02,31.07,32.0,218731.0,31.87,1350,False
2022-08-01 00:00:00+00:00,32.0,32.0,30.13,30.21,396282.0,31.16,2098,False
2022-08-02 00:00:00+00:00,29.88,30.38,29.12,30.19,354396.0,30.011,2977,False
2022-08-03 00:00:00+00:00,30.53,32.09,30.34,31.81,456279.0,31.375,2171,False
2022-08-04 00:00:00+00:00,31.94,32.2,31.31,32.02,543134.0,31.991,3373,False
2022-08-05 00:00:00+00:00,31.8,32.2,31.45,32.07,324782.0,31.955,2198,False
2022-08-08 00:00:00+00:00,32.2,32.78,31.86,31.97,210493.0,32.148,1371,False
2022-08-09 00:00:00+00:00,31.7,31.95,31.35,31.68,137753.0,31.627,1104,False
2022-08-10 00:00:00+00:00,32.2,32.44,31.64,32.26,526567.0,31.944,1844,False
2022-08-11 00:00:00+00:00,32.61,33.06,32.13,32.96,301892.0,32.725,1508,False
2022-08-12 00:00:00+00:00,33.2,34.43,33.03,34.1,452231.0,34.118,2954,False
2022-08-15 00:00:00+00:00,33.7,33.7,32.56,32.96,178552.0,32.949,1431,False
2022-08-16 00:00:00+00:00,32.71,33.5,32.27,33.03,279826.0,32.974,1834,False
2022-08-17 00:00:00+00:00,32.81,33.29,32.31,33.14,289309.0,32.77,1844,False
2022-08-18 00:00:00+00:00,33.17,33.36,32.41,33.25,145694.0,33.003,1170,False
2022-08-19 00:00:00+00:00,32.7,33.03,32.2,32.99,180079.0,32.857,1460,False
2022-08-22 00:00:00+00:00,32.24,32.76,32.14,32.19,73526.0,32.418,527,False
2022-08-23 00:00:00+00:00,32.4,32.78,31.84,32.17,143059.0,32.318,1273,False
2022-08-24 00:00:00+00:00,32.09,32.69,31.43,32.5,206574.0,32.395,1034,False
2022-08-25 00:00:00+00:00,33.0,33.49,32.62,33.43,177531.0,33.062,1235,False
2022-08-26 00:00:00+00:00,33.49,34.49,33.27,33.53,340414.0,33.809,2247,False
2022-08-29 00:00:00+00:00,32.94,33.39,32.16,32.68,145948.0,32.99,1072,False
2022-08-30 00:00:00+00:00,33.75,33.75,32.84,33.39,459301.0,33.192,2956,False
2022-08-31 00:00:00+00:00,33.69,34.32,33.25,33.35,243568.0,33.742,1723,False
2022-09-01 00:00:00+00:00,33.01,33.3,32.39,32.93,520016.0,32.868,2345,False
2022-09-02 00:00:00+00:00,33.13,34.11,32.43,33.59,336091.0,33.465,2239,False
2022-09-06 00:00:00+00:00,33.46,33.6,32.35,32.47,132088.0,32.726,1032,False
2022-09-07 00:00:00+00:00,32.42,33.44,32.16,33.35,254692.0,32.817,1818,False
2022-09-08 00:00:00+00:00,33.28,33.57,32.19,32.62,278061.0,32.977,1835,False
2022-09-09 00:00:00+00:00,32.9,33.25,32.41,32.5,198584.0,32.747,1488,False
2022-09-12 00:00:00+00:00,32.73,32.99,32.14,32.5,268136.0,32.398,1955,False
2022-09-13 00:00:00+00:00,31.58,32.03,31.22,31.65,328727.0,31.681,2194,False
2022-09-14 00:00:00+00:00,32.55,33.99,31.94,33.98,190471.0,33.176,1287,False
2022-09-15 00:00:00+00:00,33.85,34.68,33.12,33.25,140624.0,33.772,957,False
2022-09-16 00:00:00+00:00,32.83,32.83,31.73,32.27,188338.0,32.329,1366,False
2022-09-19 00:00:00+00:00,31.94,32.77,31.72,32.51,77082.0,32.521,658,False
2022-09-20 00:00:00+00:00,32.43,32.53,31.8,32.25,82068.0,32.247,673,False
2022-09-21 00:00:00+00:00,32.09,32.09,30.45,30.51,190138.0,30.857,1538,False
2022-09-22 00:00:00+00:00,30.47,33.12,30.33,30.83,246702.0,30.776,2153,False
2022-09-23 00:00:00+00:00,30.56,30.94,30.21,30.62,419635.0,30.548,2492,False
2022-09-26 00:00:00+00:00,30.62,31.23,29.85,29.89,339829.0,30.174,1972,False
2022-09-27 00:00:00+00:00,30.64,31.5,30.47,31.37,156067.0,31.151,1275,False
2022-09-28 00:00:00+00:00,31.4,31.79,31.0,31.63,188394.0,31.511,1467,False
2022-09-29 00:00:00+00:00,31.08,31.1,29.5,29.83,211563.0,29.752,1470,False
2022-09-30 00:00:00+00:00,29.84,30.9,29.6,30.7,254430.0,30.644,1694,False
2022-10-03 00:00:00+00:00,30.92,31.2,30.37,30.86,112973.0,30.865,766,False
2022-10-04 00:00:00+00:00,31.91,32.86,31.58,32.77,158507.0,32.463,1097,False
2022-10-05 00:00:00+00:00,32.26,32.66,31.83,32.55,94927.0,32.254,851,False
2022-10-06 00:00:00+00:00,32.39,33.04,32.15,32.5,126799.0,32.48,1092,False
2022-10-07 00:00:00+00:00,31.89,32.14,31.32,31.44,108437.0,31.648,966,False
2022-10-10 00:00:00+00:00,31.17,31.47,30.32,30.38,94798.0,30.631,708,False
2022-10-11 00:00:00+00:00,30.52,30.55,29.47,30.15,153204.0,30.07,1178,False
2022-10-12 00:00:00+00:00,29.93,30.31,29.54,30.07,81668.0,29.986,687,False
2022-10-13 00:00:00+00:00,29.27,30.22,29.1,29.94,122716.0,29.913,1032,False
2022-10-14 00:00:00+00:00,30.28,30.28,27.47,27.68,296145.0,28.064,2083,False
2022-10-17 00:00:00+00:00,28.5,29.11,28.33,28.86,147860.0,28.842,1097,False
2022-10-18 00:00:00+00:00,29.56,29.87,28.08,28.77,203992.0,28.9,1450,False
2022-10-19 00:00:00+00:00,28.5,28.85,27.83,28.56,147509.0,28.489,1031,False
2022-10-20 00:00:00+00:00,28.51,29.41,28.0,28.11,141237.0,28.455,911,False
2022-10-21 00:00:00+00:00,27.88,28.43,27.22,28.37,140469.0,28.019,1160,False
2022-10-24 00:00:00+00:00,27.78,28.08,26.06,27.4,234562.0,27.34,1601,False
2022-10-25 00:00:00+00:00,27.55,28.2,27.42,28.06,250864.0,27.793,1502,False
2022-10-26 00:00:00+00:00,28.29,28.7,27.81,28.19,207364.0,28.273,1516,False
2022-10-27 00:00:00+00:00,28.06,28.81,27.53,28.0,116308.0,27.914,893,False
2022-10-28 00:00:00+00:00,27.87,28.44,27.42,28.01,269660.0,27.878,1528,False
2022-10-31 00:00:00+00:00,28.02,28.26,27.44,27.83,76121.0,27.782,657,False
2022-11-01 00:00:00+00:00,30.06,32.07,28.36,28.55,296549.0,29.263,1998,False
2022-11-02 00:00:00+00:00,28.5,29.13,27.21,27.23,174690.0,27.816,1491,False
2022-11-03 00:00:00+00:00,26.87,27.77,26.15,27.29,176401.0,27.308,1454,False
2022-11-04 00:00:00+00:00,28.05,28.97,27.08,27.72,94363.0,27.678,767,False
2022-11-07 00:00:00+00:00,27.92,28.03,27.22,28.01,123088.0,27.688,1053,False
2022-11-08 00:00:00+00:00,28.18,28.65,27.71,28.49,121529.0,28.269,933,False
2022-11-09 00:00:00+00:00,28.24,28.29,27.33,27.4,94529.0,27.7,782,False
2022-11-10 00:00:00+00:00,28.79,30.0,28.52,29.52,221564.0,29.452,1356,False
2022-11-11 00:00:00+00:00,29.3,30.78,29.18,30.57,111606.0,30.145,708,False
2022-11-14 00:00:00+00:00,30.34,30.46,28.89,29.47,145513.0,29.438,948,False
2022-11-15 00:00:00+00:00,30.48,31.82,29.85,29.89,184570.0,30.655,1420,False
2022-11-16 00:00:00+00:00,29.62,30.29,29.3,29.67,156828.0,29.787,1265,False
2022-11-17 00:00:00+00:00,29.37,29.37,28.33,28.74,186511.0,28.778,1266,False
2022-11-18 00:00:00+00:00,28.89,29.03,28.19,28.53,102445.0,28.519,706,False
2022-11-21 00:00:00+00:00,28.59,28.69,28.02,28.36,94677.0,28.363,604,False
2022-11-22 00:00:00+00:00,28.23,28.77,28.1,28.68,61831.0,28.573,453,False
2022-11-23 00:00:00+00:00,28.71,29.16,28.59,28.93,58867.0,28.92,470,False
2022-11-25 00:00:00+00:00,28.79,28.98,28.46,28.5,34608.0,28.657,260,False
2022-11-28 00:00:00+00:00,28.38,28.81,28.34,28.73,147818.0,28.618,1112,False
2022-11-29 00:00:00+00:00,29.17,29.9,29.03,29.69,112193.0,29.643,857,False
2022-11-30 00:00:00+00:00,29.97,30.08,29.22,29.69,145008.0,29.605,1011,False
2022-12-01 00:00:00+00:00,29.75,30.8,29.51,29.78,151365.0,30.059,934,False
2022-12-02 00:00:00+00:00,29.51,29.77,29.21,29.29,129354.0,29.407,951,False
2022-12-05 00:00:00+00:00,29.0,29.35,27.98,28.03,227504.0,28.484,1774,False
2022-12-06 00:00:00+00:00,28.0,28.01,27.48,27.78,172459.0,27.769,1193,False
2022-12-07 00:00:00+00:00,27.75,28.12,27.04,28.08,123569.0,27.72,934,False
2022-12-08 00:00:00+00:00,29.75,33.7,28.7,29.37,564293.0,30.897,3614,False
2022-12-09 00:00:00+00:00,29.07,29.52,28.24,28.59,194761.0,28.834,1107,False
2022-12-12 00:00:00+00:00,28.51,29.05,28.23,28.93,74640.0,28.788,577,False
2022-12-13 00:00:00+00:00,30.0,30.0,28.52,28.9,182237.0,29.011,681,False
2022-12-14 00:00:00+00:00,28.9,29.45,28.54,28.81,249802.0,29.062,1078,False
2022-12-15 00:00:00+00:00,28.7,28.79,28.11,28.53,80269.0,28.467,684,False
2022-12-16 00:00:00+00:00,28.42,28.52,27.91,28.34,128386.0,28.188,848,False
2022-12-19 00:00:00+00:00,28.58,29.05,28.0,29.04,130241.0,28.604,1068,False
2022-12-20 00:00:00+00:00,28.84,29.46,27.87,28.08,209365.0,28.762,1522,False
2022-12-21 00:00:00+00:00,28.23,28.99,27.95,28.44,82676.0,28.648,726,False
2022-12-22 00:00:00+00:00,28.2,28.29,27.58,28.25,80214.0,27.914,631,False
2022-12-23 00:00:00+00:00,28.25,28.41,27.73,28.0,87666.0,27.98,749,False
2022-12-27 00:00:00+00:00,28.0,28.12,27.64,27.73,66442.0,27.845,536,False
2022-12-28 00:00:00+00:00,27.73,27.9,26.83,26.99,118791.0,27.047,939,False
2022-12-29 00:00:00+00:00,27.14,27.86,27.13,27.45,103524.0,27.534,717,False
2022-12-30 00:00:00+00:00,27.14,27.74,27.1,27.57,102941.0,27.461,854,False
2023-01-03 00:00:00+00:00,27.98,28.51,26.52,27.37,179332.0,27.453,1271,False
2023-01-04 00:00:00+00:00,27.61,28.15,26.73,26.96,360279.0,27.065,2230,False
2023-01-05 00:00:00+00:00,26.73,27.77,26.25,27.42,167566.0,27.228,1218,False
2023-01-06 00:00:00+00:00,27.46,27.94,27.11,27.2,135547.0,27.345,854,False
2023-01-09 00:00:00+00:00,27.43,27.54,26.68,26.89,273075.0,27.1,1881,False
2023-01-10 00:00:00+00:00,27.05,27.71,26.66,27.7,262391.0,27.148,1695,False
2023-01-11 00:00:00+00:00,27.81,28.5,27.14,27.16,446942.0,27.718,2438,False
2023-01-12 00:00:00+00:00,27.19,28.11,26.22,27.76,303098.0,27.312,2175,False
2023-01-13 00:00:00+00:00,27.66,28.23,27.21,27.76,313250.0,27.854,1992,False
2023-01-17 00:00:00+00:00,27.76,29.56,27.58,29.41,239850.0,28.989,1551,False
2023-01-18 00:00:00+00:00,29.74,29.74,28.97,29.5,266641.0,29.348,896,False
2023-01-19 00:00:00+00:00,29.5,29.7,29.1,29.46,211895.0,29.483,1492,False
2023-01-20 00:00:00+00:00,29.62,30.85,29.5,30.82,138725.0,30.263,1018,False
2023-01-23 00:00:00+00:00,30.94,31.06,30.4,30.57,136905.0,30.65,1003,False
2023-01-24 00:00:00+00:00,30.5,30.71,29.66,29.74,113126.0,30.036,834,False
2023-01-25 00:00:00+00:00,29.56,30.16,28.6,28.63,135320.0,28.933,1028,False
2023-01-26 00:00:00+00:00,28.77,29.06,27.94,28.95,331713.0,28.275,1847,False
2023-01-27 00:00:00+00:00,28.62,29.69,28.62,29.47,103360.0,29.207,868,False
2023-01-30 00:00:00+00:00,29.06,29.87,28.72,28.85,153939.0,29.058,1105,False
2023-01-31 00:00:00+00:00,28.88,29.55,28.21,28.98,258918.0,28.896,1876,False
2023-02-01 00:00:00+00:00,28.97,29.77,27.71,28.53,443851.0,28.893,1943,False
2023-02-02 00:00:00+00:00,28.53,28.59,27.34,28.04,748150.0,27.933,3706,False
2023-02-03 00:00:00+00:00,27.8,28.25,27.04,27.49,296093.0,27.698,1729,False
2023-02-06 00:00:00+00:00,27.28,27.38,26.31,27.05,181921.0,26.838,1133,False
2023-02-07 00:00:00+00:00,27.21,27.32,26.44,27.03,258426.0,26.887,1532,False
2023-02-08 00:00:00+00:00,26.99,27.24,26.55,26.55,108075.0,26.771,661,False
2023-02-09 00:00:00+00:00,26.85,27.03,25.81,26.51,503722.0,26.46,2564,False
2023-02-10 00:00:00+00:00,26.19,26.42,25.27,25.61,254286.0,25.672,1855,False
2023-02-13 00:00:00+00:00,25.68,26.2,25.68,25.91,136720.0,26.062,988,False
2023-02-14 00:00:00+00:00,25.77,26.37,25.62,26.29,86739.0,26.104,725,False
2023-02-15 00:00:00+00:00,26.21,26.65,25.92,26.49,181780.0,26.395,1369,False
2023-02-16 00:00:00+00:00,26.14,27.5,26.09,27.43,183459.0,27.179,1256,False
2023-02-17 00:00:00+00:00,27.14,27.28,26.49,26.59,121926.0,26.624,919,False
2023-02-21 00:00:00+00:00,26.37,27.23,25.95,26.15,297293.0,26.57,1976,False
2023-02-22 00:00:00+00:00,26.06,26.39,25.29,25.56,105830.0,25.684,709,False
2023-02-23 00:00:00+00:00,25.65,26.28,25.51,26.27,95914.0,26.055,720,False
2023-02-24 00:00:00+00:00,25.96,26.03,25.51,25.67,215059.0,25.86,1584,False
2023-02-27 00:00:00+00:00,25.5,25.9,25.14,25.27,404601.0,25.513,2588,False
2023-02-28 00:00:00+00:00,25.35,26.02,25.04,25.92,204246.0,25.679,1468,False
2023-03-01 00:00:00+00:00,26.21,26.63,25.98,26.29,174742.0,26.309,1399,False
2023-03-02 00:00:00+00:00,25.98,26.29,25.53,25.76,62569.0,25.899,509,False
2023-03-03 00:00:00+00:00,25.9,26.06,25.64,25.92,79913.0,25.891,693,False
2023-03-06 00:00:00+00:00,26.07,26.28,25.75,25.84,90830.0,25.989,669,False
2023-03-07 00:00:00+00:00,25.78,26.31,25.39,25.58,112001.0,25.647,750,False
2023-03-08 00:00:00+00:00,25.59,25.84,25.15,25.35,104642.0,25.512,614,False
2023-03-09 00:00:00+00:00,25.31,25.79,25.2,25.33,184137.0,25.443,1518,False
2023-03-10 00:00:00+00:00,25.41,25.88,25.15,25.32,399438.0,25.548,3024,False
2023-03-13 00:00:00+00:00,25.03,25.26,24.45,25.04,174032.0,24.941,1314,False
2023-03-14 00:00:00+00:00,25.14,25.47,24.92,24.99,209765.0,25.054,1476,False
2023-03-15 00:00:00+00:00,24.42,24.72,23.96,24.68,277414.0,24.446,2085,False
2023-03-16 00:00:00+00:00,24.64,25.34,24.51,25.27,138166.0,25.072,948,False
2023-03-17 00:00:00+00:00,25.18,25.51,24.42,25.38,149213.0,25.242,1180,False
2023-03-20 00:00:00+00:00,25.37,25.6,24.89,24.89,96404.0,25.267,639,False
2023-03-21 00:00:00+00:00,25.16,25.5,24.87,25.07,84695.0,25.179,665,False
2023-03-22 00:00:00+00:00,25.02,25.04,24.52,24.55,64464.0,24.687,500,False
2023-03-23 00:00:00+00:00,24.66,25.1,24.29,24.33,75524.0,24.642,591,False
2023-03-24 00:00:00+00:00,24.15,24.47,23.92,24.07,84720.0,24.144,651,False
2023-03-27 00:00:00+00:00,24.06,24.26,23.59,23.78,257666.0,23.785,1881,False
2023-03-28 00:00:00+00:00,23.78,24.01,23.61,23.89,127140.0,23.803,876,False
2023-03-29 00:00:00+00:00,23.95,24.76,23.75,23.78,390733.0,23.978,2409,False
2023-03-30 00:00:00+00:00,23.95,24.36,23.78,23.86,280897.0,24.034,1954,False
2023-03-31 00:00:00+00:00,23.9,24.52,23.74,24.47,169463.0,24.191,947,False
2023-04-03 00:00:00+00:00,24.39,24.86,24.39,24.74,98654.0,24.651,564,False
2023-04-04 00:00:00+00:00,24.71,24.84,23.95,23.96,190261.0,24.255,1075,False
2023-04-05 00:00:00+00:00,23.86,23.97,23.03,23.42,164115.0,23.335,973,False
2023-04-06 00:00:00+00:00,23.56,24.0,23.39,23.86,243507.0,23.748,1485,False
2023-04-10 00:00:00+00:00,23.75,24.2,23.65,24.03,99378.0,23.982,655,False
2023-04-11 00:00:00+00:00,24.21,24.33,23.97,24.17,71223.0,24.101,596,False
2023-04-12 00:00:00+00:00,24.29,24.64,23.85,24.02,202937.0,24.003,1496,False
2023-04-13 00:00:00+00:00,24.19,24.54,24.1,24.5,73578.0,24.4,547,False
2023-04-14 00:00:00+00:00,24.7,24.76,23.88,24.03,136487.0,24.241,738,False
2023-04-17 00:00:00+00:00,24.0,24.37,23.84,23.99,105078.0,24.098,671,False
2023-04-18 00:00:00+00:00,23.99,24.74,23.67,24.07,125376.0,24.085,796,False
2023-04-19 00:00:00+00:00,23.93,24.42,23.83,24.0,137141.0,24.139,866,False
2023-04-20 00:00:00+00:00,23.94,23.94,23.39,23.5,157192.0,23.526,793,False
2023-04-21 00:00:00+00:00,23.5,23.71,22.7,23.15,262040.0,23.002,1284,False
2023-04-24 00:00:00+00:00,23.18,24.41,23.08,23.12,70754.0,23.326,511,False
2023-04-25 00:00:00+00:00,22.99,23.01,22.5,22.51,113302.0,22.682,854,False
2023-04-26 00:00:00+00:00,22.51,23.02,22.5,22.71,148014.0,22.716,984,False
2023-04-27 00:00:00+00:00,22.78,23.0,22.62,22.78,66310.0,22.807,433,False
2023-04-28 00:00:00+00:00,22.75,23.64,22.75,23.44,60411.0,23.348,479,False
2023-05-01 00:00:00+00:00,23.37,24.13,23.28,24.12,185542.0,23.711,869,False
2023-05-02 00:00:00+00:00,24.06,24.52,23.83,24.51,151776.0,24.282,1121,False
2023-05-03 00:00:00+00:00,24.61,25.45,24.37,25.23,301206.0,25.119,2336,False
2023-05-04 00:00:00+00:00,25.2,25.45,24.18,24.96,226320.0,24.704,1571,False
2023-05-05 00:00:00+00:00,25.25,25.44,24.8,25.3,102797.0,25.168,730,False
2023-05-08 00:00:00+00:00,25.37,25.62,25.24,25.57,274167.0,25.411,487,False
2023-05-09 00:00:00+00:00,25.49,25.71,25.37,25.46,43367.0,25.492,382,False
2023-05-10 00:00:00+00:00,25.65,25.92,25.2,25.34,55966.0,25.437,438,False
2023-05-11 00:00:00+00:00,25.25,25.92,25.08,25.69,146680.0,25.637,1117,False
2023-05-12 00:00:00+00:00,25.69,25.91,25.38,25.75,214437.0,25.603,1098,False
2023-05-15 00:00:00+00:00,25.96,26.84,25.87,26.57,327162.0,26.518,1623,False
2023-05-16 00:00:00+00:00,25.6,26.49,25.31,25.81,335385.0,25.789,1717,False
2023-05-17 00:00:00+00:00,26.04,26.55,25.9,26.3,535287.0,26.117,1413,False
2023-05-18 00:00:00+00:00,26.18,26.25,25.74,25.92,171244.0,25.912,922,False
2023-05-19 00:00:00+00:00,26.13,26.18,25.76,26.04,121471.0,25.936,828,False
2023-05-22 00:00:00+00:00,26.07,26.7,26.07,26.55,119055.0,26.53,984,False
2023-05-23 00:00:00+00:00,26.43,26.68,25.98,26.13,96612.0,26.177,680,False
2023-05-24 00:00:00+00:00,26.05,26.39,26.0,26.11,103231.0,26.189,791,False
2023-05-25 00:00:00+00:00,26.05,26.26,25.75,26.2,142667.0,26.033,651,False
2023-05-26 00:00:00+00:00,26.21,26.6,26.21,26.37,218611.0,26.455,1576,False
2023-05-30 00:00:00+00:00,26.62,26.62,25.94,26.28,190143.0,26.279,1302,False
2023-05-31 00:00:00+00:00,26.19,26.19,25.78,26.07,276023.0,26.026,1402,False
2023-06-01 00:00:00+00:00,26.02,27.05,25.96,26.87,138175.0,26.718,883,False
2023-06-02 00:00:00+00:00,27.0,27.97,26.95,27.95,295984.0,27.686,1558,False
2023-06-05 00:00:00+00:00,27.93,27.93,27.26,27.61,671492.0,27.511,1926,False
2023-06-06 00:00:00+00:00,27.68,28.68,27.52,28.64,408842.0,28.222,1989,False
2023-06-07 00:00:00+00:00,28.92,28.92,27.63,27.86,492092.0,28.266,2168,False
2023-06-08 00:00:00+00:00,27.85,27.85,27.32,27.45,273195.0,27.544,1341,False
2023-06-09 00:00:00+00:00,27.5,27.5,26.86,26.89,266185.0,27.115,1591,False
2023-06-12 00:00:00+00:00,27.01,28.3,26.83,28.08,468247.0,27.802,2651,False
2023-06-13 00:00:00+00:00,28.36,28.39,28.02,28.16,326334.0,28.19,2010,False
2023-06-14 00:00:00+00:00,28.13,28.41,27.7,28.02,342319.0,28.059,1631,False
2023-06-15 00:00:00+00:00,27.94,28.14,27.36,27.44,220805.0,27.68,1159,False
2023-06-16 00:00:00+00:00,27.53,27.76,26.69,26.72,292384.0,27.05,1203,False
2023-06-20 00:00:00+00:00,26.49,27.0,26.15,26.86,161799.0,26.709,1301,False
2023-06-21 00:00:00+00:00,26.78,27.53,26.6,27.31,84163.0,27.272,612,False
2023-06-22 00:00:00+00:00,27.2,27.5,27.11,27.45,110338.0,27.35,733,False
2023-06-23 00:00:00+00:00,27.12,27.4,26.9,27.05,121372.0,27.154,911,False
2023-06-26 00:00:00+00:00,26.98,27.5,26.69,26.78,134798.0,26.827,682,False
2023-06-27 00:00:00+00:00,27.01,27.14,26.79,26.94,150724.0,26.931,873,False
2023-06-28 00:00:00+00:00,26.82,27.29,26.54,27.14,103051.0,27.113,815,False
2023-06-29 00:00:00+00:00,27.13,27.23,26.77,27.0,110652.0,27.001,858,False
2023-06-30 00:00:00+00:00,27.18,27.6,26.98,26.98,80194.0,27.221,648,False
2023-07-03 00:00:00+00:00,26.98,27.15,26.77,27.01,101656.0,26.946,631,False
2023-07-05 00:00:00+00:00,26.88,27.28,26.76,26.77,117576.0,26.998,849,False
2023-07-06 00:00:00+00:00,26.62,26.68,25.75,26.48,222299.0,26.361,1169,False
2023-07-07 00:00:00+00:00,26.54,27.07,26.43,27.02,465164.0,26.808,1216,False
2023-07-10 00:00:00+00:00,27.09,27.37,26.91,27.2,317684.0,27.177,1710,False
2023-07-11 00:00:00+00:00,27.22,28.07,26.99,28.05,423272.0,27.61,1612,False
2023-07-12 00:00:00+00:00,28.39,29.38,28.32,29.3,515073.0,28.925,1896,False
2023-07-13 00:00:00+00:00,29.5,29.63,28.82,29.3,802984.0,29.308,2308,False
2023-07-14 00:00:00+00:00,29.41,29.7,29.12,29.59,324703.0,29.478,1430,False
2023-07-17 00:00:00+00:00,29.65,29.93,29.24,29.44,612284.0,29.603,1903,False
2023-07-18 00:00:00+00:00,29.4,29.41,28.87,29.39,157642.0,29.167,997,False
2023-07-19 00:00:00+00:00,29.42,29.56,28.9,29.07,162173.0,29.143,948,False
2023-07-20 00:00:00+00:00,29.0,29.35,28.81,28.93,146945.0,29.054,1171,False
2023-07-21 00:00:00+00:00,29.09,29.09,28.68,28.87,77109.0,28.864,633,False
2023-07-24 00:00:00+00:00,28.86,29.0,28.56,28.58,109471.0,28.71,764,False
2023-07-25 00:00:00+00:00,28.67,28.84,28.39,28.54,84703.0,28.564,696,False
2023-07-26 00:00:00+00:00,28.55,28.82,28.38,28.56,105284.0,28.594,861,False
2023-07-27 00:00:00+00:00,28.64,28.91,28.13,28.16,314358.0,28.587,1805,False
2023-07-28 00:00:00+00:00,28.47,29.02,28.41,28.72,111375.0,28.784,917,False
2023-07-31 00:00:00+00:00,28.8,29.09,28.59,28.77,149767.0,28.765,1192,False
2023-08-01 00:00:00+00:00,31.11,32.0,30.14,31.6,1051623.0,31.09,7029,False
2023-08-02 00:00:00+00:00,31.9,33.27,31.81,32.91,441288.0,32.731,3177,False
2023-08-03 00:00:00+00:00,32.88,34.92,32.83,34.73,725033.0,34.213,5134,False
2023-08-04 00:00:00+00:00,34.54,34.69,33.51,33.71,1275037.0,34.046,5784,False
2023-08-07 00:00:00+00:00,33.96,34.08,32.85,33.97,385036.0,33.603,2587,False
2023-08-08 00:00:00+00:00,33.66,34.67,33.59,34.57,205285.0,34.337,1358,False
2023-08-09 00:00:00+00:00,34.73,35.24,34.37,34.78,550208.0,34.825,3035,False
2023-08-10 00:00:00+00:00,35.0,36.49,34.9,36.44,1004407.0,36.047,4155,False
2023-08-11 00:00:00+00:00,36.14,36.71,35.53,36.66,359328.0,36.233,2091,False
2023-08-14 00:00:00+00:00,36.3,37.38,35.95,37.33,456812.0,36.728,2318,False
2023-08-15 00:00:00+00:00,37.22,37.22,36.03,36.41,665017.0,36.475,3672,False
2023-08-16 00:00:00+00:00,36.41,36.9,36.3,36.41,255395.0,36.627,1755,False
2023-08-17 00:00:00+00:00,36.5,36.93,36.3,36.56,319633.0,36.569,1958,False
2023-08-18 00:00:00+00:00,36.01,36.6,35.54,36.35,394881.0,36.089,2066,False
2023-08-21 00:00:00+00:00,36.33,36.71,35.97,36.66,410744.0,36.464,2493,False
2023-08-22 00:00:00+00:00,36.7,37.37,36.24,37.24,372458.0,36.973,2112,False
2023-08-23 00:00:00+00:00,37.34,38.2,36.52,38.06,550934.0,37.88,2828,False
2023-08-24 00:00:00+00:00,38.33,38.64,37.82,38.01,432529.0,38.133,2799,False
2023-08-25 00:00:00+00:00,38.04,38.15,37.18,38.07,277578.0,37.78,1758,False
2023-08-28 00:00:00+00:00,38.1,38.79,38.07,38.72,241508.0,38.513,1738,False
2023-08-29 00:00:00+00:00,38.72,38.79,38.32,38.45,512282.0,38.483,2555,False
2023-08-30 00:00:00+00:00,38.23,38.61,37.82,37.93,359445.0,38.183,2249,False
2023-08-31 00:00:00+00:00,37.91,40.02,37.29,39.66,623456.0,39.415,3728,False
2023-09-01 00:00:00+00:00,39.74,39.86,39.03,39.5,335195.0,39.555,1940,False
2023-09-05 00:00:00+00:00,39.23,39.46,38.76,39.0,337579.0,39.107,2473,False
2023-09-06 00:00:00+00:00,38.84,39.42,38.71,39.21,284782.0,39.083,1789,False
2023-09-07 00:00:00+00:00,39.36,39.36,38.4,39.14,316014.0,38.761,2014,False
2023-09-08 00:00:00+00:00,39.34,39.38,38.62,39.09,426490.0,39.061,2003,False
2023-09-11 00:00:00+00:00,39.22,39.82,39.1,39.6,287326.0,39.572,1875,False
2023-09-12 00:00:00+00:00,39.36,41.47,39.34,40.51,825394.0,40.544,4592,False
2023-09-13 00:00:00+00:00,40.33,40.38,38.96,39.55,1029601.0,39.639,5682,False
2023-09-14 00:00:00+00:00,39.37,39.37,37.99,38.7,1048719.0,38.788,4227,False
2023-09-15 00:00:00+00:00,38.8,39.0,38.36,38.84,363861.0,38.815,1936,False
2023-09-18 00:00:00+00:00,38.77,38.79,37.72,37.75,270082.0,38.208,1556,False
2023-09-19 00:00:00+00:00,37.9,38.01,37.28,37.53,548248.0,37.586,3850,False
2023-09-20 00:00:00+00:00,38.0,38.29,37.31,37.34,330400.0,37.704,1159,False
2023-09-21 00:00:00+00:00,37.45,38.22,37.08,38.19,427628.0,37.613,2409,False
2023-09-22 00:00:00+00:00,38.25,38.9,37.95,38.07,223750.0,38.316,1362,False
2023-09-25 00:00:00+00:00,38.83,39.45,38.47,39.21,399491.0,38.97,2630,False
2023-09-26 00:00:00+00:00,39.01,39.41,38.38,38.56,210855.0,38.78,1199,False
2023-09-27 00:00:00+00:00,38.66,40.49,38.66,40.37,522957.0,39.926,3152,False
2023-09-28 00:00:00+00:00,40.07,41.31,39.66,41.02,649497.0,40.741,4370,False
2023-09-29 00:00:00+00:00,41.24,41.35,40.45,40.52,315554.0,40.855,1811,False
2023-10-02 00:00:00+00:00,40.42,40.44,39.88,40.04,273660.0,40.099,1738,False
2023-10-03 00:00:00+00:00,39.98,40.38,39.29,39.71,296078.0,39.691,1619,False
2023-10-04 00:00:00+00:00,39.69,39.87,39.37,39.61,334664.0,39.653,1404,False
2023-10-05 00:00:00+00:00,39.6,39.75,39.13,39.18,209092.0,39.366,1119,False
2023-10-06 00:00:00+00:00,39.34,40.84,39.04,40.22,555064.0,39.993,3015,False
2023-10-09 00:00:00+00:00,39.8,40.51,39.31,40.31,332634.0,40.05,1300,False
2023-10-10 00:00:00+00:00,40.5,42.5,40.5,41.83,821405.0,41.915,4531,False
2023-10-11 00:00:00+00:00,41.9,42.45,41.42,42.44,335577.0,41.871,1626,False
2023-10-12 00:00:00+00:00,42.59,42.97,40.44,40.89,518324.0,41.132,2217,False
2023-10-13 00:00:00+00:00,40.89,41.16,40.14,40.22,272612.0,40.443,1516,False
2023-10-16 00:00:00+00:00,40.17,40.78,40.0,40.58,160741.0,40.504,1095,False
2023-10-17 00:00:00+00:00,40.53,42.34,40.4,42.2,362919.0,41.963,2398,False
2023-10-18 00:00:00+00:00,41.44,41.78,41.01,41.72,506888.0,41.48,2436,False
2023-10-19 00:00:00+00:00,41.38,41.74,37.66,38.2,1017404.0,38.909,5006,False
2023-10-20 00:00:00+00:00,38.27,39.24,38.17,38.77,426083.0,38.852,3028,False
2023-10-23 00:00:00+00:00,38.73,38.73,38.01,38.06,168893.0,38.305,1345,False
2023-10-24 00:00:00+00:00,38.55,38.9,38.24,38.44,239144.0,38.574,1780,False
2023-10-25 00:00:00+00:00,38.23,38.64,37.81,37.96,250961.0,38.197,1791,False
2023-10-26 00:00:00+00:00,37.92,38.86,37.28,37.38,240958.0,37.54,1444,False
2023-10-27 00:00:00+00:00,37.74,38.36,36.81,36.81,196314.0,37.215,1510,False
2023-10-30 00:00:00+00:00,37.09,37.97,37.0,37.69,372668.0,37.627,1497,False
2023-10-31 00:00:00+00:00,38.21,39.22,37.01,38.73,670146.0,38.754,3818,False
2023-11-01 00:00:00+00:00,39.38,39.88,37.62,38.01,402065.0,38.198,2125,False
2023-11-02 00:00:00+00:00,38.77,38.96,38.05,38.8,406228.0,38.519,2060,False
2023-11-03 00:00:00+00:00,38.8,39.66,38.8,39.66,433939.0,39.226,1531,False
2023-11-06 00:00:00+00:00,39.72,41.02,39.34,40.98,251967.0,40.344,1609,False
2023-11-07 00:00:00+00:00,40.85,41.0,39.86,39.93,194220.0,40.29,1418,False
2023-11-08 00:00:00+00:00,40.06,40.07,39.2,39.58,175364.0,39.558,1152,False
2023-11-09 00:00:00+00:00,40.01,40.57,39.62,40.48,354305.0,40.327,2356,False
2023-11-10 00:00:00+00:00,40.51,41.76,39.26,41.58,536131.0,41.091,3276,False
2023-11-13 00:00:00+00:00,41.5,42.0,41.11,41.66,198590.0,41.556,1358,False
2023-11-14 00:00:00+00:00,42.0,42.44,41.5,42.42,325688.0,42.014,2130,False
2023-11-15 00:00:00+00:00,42.5,43.19,42.43,42.94,300592.0,42.905,1977,False
2023-11-16 00:00:00+00:00,42.9,43.31,42.43,42.64,186764.0,42.794,1240,False
2023-11-17 00:00:00+00:00,43.01,43.6,42.85,43.38,235901.0,43.278,1572,False
2023-11-20 00:00:00+00:00,43.4,43.45,42.6,43.01,244317.0,42.941,1816,False
2023-11-21 00:00:00+00:00,42.77,42.93,41.84,42.45,283757.0,42.221,1753,False
2023-11-22 00:00:00+00:00,42.51,43.06,42.39,42.46,111821.0,42.678,705,False
2023-11-24 00:00:00+00:00,42.89,42.97,41.91,42.47,120510.0,42.318,739,False
2023-11-27 00:00:00+00:00,42.51,43.05,42.0,42.2,405606.0,42.432,2165,False
2023-11-28 00:00:00+00:00,42.25,42.5,41.73,41.94,202718.0,41.941,1283,False
2023-11-29 00:00:00+00:00,42.0,43.28,42.0,42.55,229655.0,42.596,1524,False
2023-11-30 00:00:00+00:00,42.86,42.91,41.56,42.23,338631.0,42.149,2501,False
2023-12-01 00:00:00+00:00,42.43,43.21,41.95,42.62,266067.0,42.654,1530,False
2023-12-04 00:00:00+00:00,42.41,46.04,42.23,44.89,1258388.0,44.622,7091,False
2023-12-05 00:00:00+00:00,45.01,45.55,44.13,44.37,481974.0,44.776,2918,False
2023-12-06 00:00:00+00:00,44.37,44.72,43.14,43.25,341824.0,43.757,1941,False
2023-12-07 00:00:00+00:00,43.41,44.92,43.0,44.86,178344.0,44.356,948,False
2023-12-08 00:00:00+00:00,44.85,44.91,43.38,44.39,495757.0,44.151,1972,False
2023-12-11 00:00:00+00:00,44.77,45.95,44.28,45.73,356517.0,45.294,2082,False
2023-12-12 00:00:00+00:00,45.91,45.95,44.7,45.93,372261.0,45.467,2413,False
2023-12-13 00:00:00+00:00,46.42,46.54,45.47,46.06,223714.0,45.865,1243,False
2023-12-14 00:00:00+00:00,45.84,46.57,45.41,46.54,328629.0,46.188,2215,False
2023-12-15 00:00:00+00:00,46.24,47.07,46.09,46.77,305572.0,46.871,1744,False
2023-12-18 00:00:00+00:00,47.0,47.3,46.43,46.77,169780.0,46.861,1126,False
2023-12-19 00:00:00+00:00,47.06,47.06,46.5,46.86,95983.0,46.824,600,False
2023-12-20 00:00:00+00:00,46.66,46.84,44.63,44.69,322883.0,45.504,1589,False
2023-12-21 00:00:00+00:00,45.25,45.73,44.89,45.27,146668.0,45.197,886,False
2023-12-22 00:00:00+00:00,45.21,46.87,45.09,46.29,116317.0,46.268,695,False
2023-12-26 00:00:00+00:00,46.49,47.13,46.34,47.0,140082.0,46.888,861,False
2023-12-27 00:00:00+00:00,47.29,47.39,46.51,46.94,80553.0,46.89,527,False
2023-12-28 00:00:00+00:00,47.01,47.08,46.59,46.98,143561.0,46.88,681,False
2023-12-29 00:00:00+00:00,47.03,47.19,46.55,46.98,61375.0,46.926,414,False
2024-01-02 00:00:00+00:00,46.08,46.59,45.11,45.92,154941.0,45.664,1024,False
2024-01-03 00:00:00+00:00,45.77,47.06,45.55,46.19,159369.0,46.413,1054,False
2024-01-04 00:00:00+00:00,45.89,48.5,45.88,46.2,611246.0,47.364,3363,False
2024-01-05 00:00:00+00:00,45.92,46.52,44.8,44.88,333556.0,45.352,1901,False
2024-01-08 00:00:00+00:00,44.73,45.3,43.31,45.17,305755.0,44.484,1511,False
2024-01-09 00:00:00+00:00,45.38,45.56,44.73,44.86,270891.0,45.039,1801,False
2024-01-10 00:00:00+00:00,45.03,46.16,45.0,45.41,250748.0,45.705,1227,False
2024-01-11 00:00:00+00:00,45.48,47.91,45.21,47.68,463742.0,46.752,2758,False
2024-01-12 00:00:00+00:00,47.82,48.31,47.13,47.35,196058.0,47.638,1330,False
2024-01-16 00:00:00+00:00,46.92,48.21,46.31,47.66,304153.0,47.668,2041,False
2024-01-17 00:00:00+00:00,47.39,47.76,46.85,47.47,235407.0,47.351,1469,False
2024-01-18 00:00:00+00:00,47.99,49.02,47.66,48.98,343695.0,48.433,2472,False
2024-01-19 00:00:00+00:00,49.21,49.66,47.87,49.6,265778.0,49.048,1552,False
2024-01-22 00:00:00+00:00,50.08,50.08,48.78,50.03,486872.0,49.518,2864,False
2024-01-23 00:00:00+00:00,50.0,50.1,47.04,49.9,719712.0,49.067,5015,False
2024-01-24 00:00:00+00:00,50.85,50.94,47.37,47.89,491908.0,48.701,2980,False
2024-01-25 00:00:00+00:00,48.26,49.0,47.52,48.03,332782.0,48.068,1615,False
2024-01-26 00:00:00+00:00,48.0,49.56,47.65,49.53,187648.0,48.967,1144,False
2024-01-29 00:00:00+00:00,50.0,51.29,49.97,51.1,603778.0,50.706,3782,False
2024-01-30 00:00:00+00:00,50.83,54.39,50.83,54.05,940578.0,53.324,5786,False
2024-01-31 00:00:00+00:00,53.62,56.97,53.51,55.39,1288039.0,55.359,8204,False
2024-02-01 00:00:00+00:00,55.25,57.15,54.36,57.01,971621.0,56.2,6443,False
2024-02-02 00:00:00+00:00,56.69,58.45,56.14,58.23,850775.0,57.457,4896,False
2024-02-05 00:00:00+00:00,57.68,58.3,56.59,57.6,473952.0,57.568,2710,False
2024-02-06 00:00:00+00:00,57.87,58.04,54.94,56.9,416122.0,56.153,2963,False
2024-02-07 00:00:00+00:00,56.39,56.73,55.4,56.26,307368.0,56.431,1589,False
2024-02-08 00:00:00+00:00,57.67,57.9,56.25,57.55,405524.0,57.301,2258,False
2024-02-09 00:00:00+00:00,58.0,60.63,57.79,59.28,955577.0,59.395,5098,False
2024-02-12 00:00:00+00:00,59.5,59.59,57.37,58.17,412207.0,58.292,2515,False
2024-02-13 00:00:00+00:00,56.33,58.37,55.5,58.14,437973.0,57.73,2960,False
2024-02-14 00:00:00+00:00,59.4,59.96,56.94,57.46,863016.0,57.592,2848,False
2024-02-15 00:00:00+00:00,58.15,59.57,57.1,59.11,665163.0,58.177,3004,False
2024-02-16 00:00:00+00:00,59.18,61.68,59.11,60.28,526470.0,60.675,3213,False
2024-02-20 00:00:00+00:00,60.08,60.94,57.72,58.14,347811.0,58.776,2532,False
2024-02-21 00:00:00+00:00,56.6,57.44,55.6,57.4,634397.0,56.577,4090,False
2024-02-22 00:00:00+00:00,58.81,59.62,58.01,58.56,372150.0,58.882,2580,False
2024-02-23 00:00:00+00:00,58.51,59.16,56.72,56.78,347119.0,57.175,2223,False
2024-02-26 00:00:00+00:00,57.08,58.61,57.03,57.89,113994.0,58.005,757,False
2024-02-27 00:00:00+00:00,57.83,58.57,57.29,57.51,137005.0,57.957,898,False
2024-02-28 00:00:00+00:00,57.15,59.74,56.9,58.92,288079.0,58.931,2155,False
2024-02-29 00:00:00+00:00,59.32,62.24,59.32,61.69,944484.0,61.264,4865,False
2024-03-01 00:00:00+00:00,61.9,63.79,61.51,62.05,446713.0,62.413,2731,False
2024-03-04 00:00:00+00:00,62.1,62.39,59.55,59.63,417711.0,60.646,2533,False
2024-03-05 00:00:00+00:00,59.74,59.81,57.59,58.76,696171.0,58.916,4724,False
2024-03-06 00:00:00+00:00,59.94,61.31,59.26,60.45,779166.0,60.423,3974,False
2024-03-07 00:00:00+00:00,60.62,61.18,60.2,60.5,384929.0,60.628,2262,False
2024-03-08 00:00:00+00:00,60.45,61.26,59.7,60.82,286647.0,60.461,1800,False
2024-03-11 00:00:00+00:00,60.81,62.08,59.51,62.04,457155.0,60.771,2173,False
2024-03-12 00:00:00+00:00,62.18,64.45,60.8,64.43,459673.0,63.15,2960,False
2024-03-13 00:00:00+00:00,64.55,64.55,62.4,63.47,476148.0,62.961,2553,False
2024-03-14 00:00:00+00:00,63.96,64.78,61.8,63.79,498460.0,63.013,2168,False
2024-03-15 00:00:00+00:00,63.18,64.42,63.08,63.96,659847.0,63.918,3920,False
2024-03-18 00:00:00+00:00,64.34,65.17,63.47,65.14,490748.0,64.443,3223,False
2024-03-19 00:00:00+00:00,65.0,65.86,64.52,65.11,623432.0,65.152,3999,False
2024-03-20 00:00:00+00:00,65.2,67.4,64.57,67.26,339267.0,66.404,1798,False
2024-03-21 00:00:00+00:00,67.74,68.59,66.88,68.53,480255.0,67.726,2467,False
2024-03-22 00:00:00+00:00,68.5,69.21,68.03,68.73,532125.0,68.548,3052,False
2024-03-25 00:00:00+00:00,68.42,69.0,67.99,68.04,300382.0,68.341,2137,False
2024-03-26 00:00:00+00:00,68.54,69.78,68.37,69.72,350650.0,69.371,2522,False
2024-03-27 00:00:00+00:00,70.44,71.41,69.51,70.6,468843.0,70.363,3153,False
2024-03-28 00:00:00+00:00,70.72,71.2,70.09,71.05,414162.0,70.572,2236,False
2024-04-01 00:00:00+00:00,71.4,71.87,70.81,71.4,449894.0,71.36,2547,False
2024-04-02 00:00:00+00:00,70.49,70.74,68.46,70.28,675024.0,69.832,3233,False
2024-04-03 00:00:00+00:00,70.37,72.21,70.02,72.06,343419.0,71.478,2546,False
2024-04-04 00:00:00+00:00,72.43,72.99,71.31,71.55,405608.0,71.935,2590,False
2024-04-05 00:00:00+00:00,71.64,76.22,71.64,75.97,610546.0,74.645,3598,False
2024-04-08 00:00:00+00:00,76.93,77.3,67.08,67.24,1495063.0,69.701,9137,False
2024-04-09 00:00:00+00:00,67.64,70.69,67.12,69.61,761892.0,68.835,4699,False
2024-04-10 00:00:00+00:00,67.47,70.16,66.58,70.04,419809.0,69.279,2621,False
2024-04-11 00:00:00+00:00,70.04,70.83,68.94,70.61,180088.0,70.02,1298,False
2024-04-12 00:00:00+00:00,69.71,70.31,68.17,68.62,264497.0,68.955,1379,False
2024-04-15 00:00:00+00:00,69.14,69.87,65.87,66.04,314868.0,67.279,2154,False
2024-04-16 00:00:00+00:00,64.85,65.64,63.2,63.58,834135.0,64.798,4097,False
2024-04-17 00:00:00+00:00,64.0,65.38,62.58,62.81,382226.0,63.803,2508,False
2024-04-18 00:00:00+00:00,62.75,63.54,60.95,61.22,560790.0,61.909,3553,False
2024-04-19 00:00:00+00:00,60.97,62.26,60.55,60.9,481397.0,61.452,3145,False
2024-04-22 00:00:00+00:00,61.13,63.67,60.77,62.08,502372.0,62.221,3507,False
2024-04-23 00:00:00+00:00,62.55,65.4,62.11,65.2,515688.0,64.689,2604,False
2024-04-24 00:00:00+00:00,65.79,67.19,65.26,65.54,256419.0,65.905,1600,False
2024-04-25 00:00:00+00:00,64.3,67.65,64.3,67.52,405647.0,66.553,2136,False
2024-04-26 00:00:00+00:00,67.63,68.57,66.55,67.47,434919.0,67.507,1268,False
2024-04-29 00:00:00+00:00,67.18,67.84,66.47,67.77,156761.0,67.374,1120,False
2024-04-30 00:00:00+00:00,68.04,69.52,65.85,66.21,1112559.0,68.197,3047,False
2024-05-01 00:00:00+00:00,65.68,68.94,65.54,67.52,330723.0,67.424,2236,False
2024-05-02 00:00:00+00:00,68.32,70.51,66.42,70.47,387013.0,69.088,2340,False
2024-05-03 00:00:00+00:00,71.02,73.62,70.39,72.39,510487.0,72.389,2598,False
2024-05-06 00:00:00+00:00,73.36,75.14,73.36,73.75,266334.0,74.084,1771,False
2024-05-07 00:00:00+00:00,72.75,72.78,70.15,71.81,426409.0,72.105,2187,False
2024-05-08 00:00:00+00:00,70.99,72.98,69.81,72.68,502059.0,71.933,1772,False
2024-05-09 00:00:00+00:00,72.0,74.81,70.82,74.6,701643.0,72.703,2543,False
2024-05-10 00:00:00+00:00,75.03,75.08,73.67,75.0,371581.0,74.525,2265,False
2024-05-13 00:00:00+00:00,75.48,76.62,74.85,75.6,558630.0,75.641,3036,False
2024-05-14 00:00:00+00:00,75.16,77.68,74.87,77.03,612331.0,76.526,3073,False
2024-05-15 00:00:00+00:00,78.59,85.62,74.01,85.37,829825.0,80.897,4461,False
2024-05-16 00:00:00+00:00,85.73,86.36,81.58,84.73,750102.0,83.648,4673,False
2024-05-17 00:00:00+00:00,84.49,88.56,84.39,86.5,406537.0,86.67,2792,False
2024-05-20 00:00:00+00:00,86.23,89.83,85.6,89.71,596616.0,88.024,2696,False
2024-05-21 00:00:00+00:00,88.44,88.5,81.21,81.73,853268.0,83.687,4487,False
2024-05-22 00:00:00+00:00,81.87,82.0,77.0,78.12,815294.0,78.327,5317,False
2024-05-23 00:00:00+00:00,79.52,80.0,74.15,74.65,759762.0,76.316,4801,False
2024-05-24 00:00:00+00:00,75.1,79.29,75.0,79.24,408866.0,78.199,3203,False
2024-05-28 00:00:00+00:00,79.99,80.82,76.22,77.89,390334.0,77.917,2683,False
2024-05-29 00:00:00+00:00,76.48,78.14,76.09,76.61,219324.0,77.118,1308,False
2024-05-30 00:00:00+00:00,76.02,77.37,74.53,75.49,269955.0,76.003,1760,False
2024-05-31 00:00:00+00:00,75.86,77.06,73.84,75.59,477596.0,74.851,2486,False
2024-06-03 00:00:00+00:00,78.0,78.21,75.45,78.01,400605.0,77.019,2532,False
2024-06-04 00:00:00+00:00,76.0,77.31,72.55,73.63,416542.0,74.258,2813,False
2024-06-05 00:00:00+00:00,76.0,82.25,76.0,81.49,562958.0,80.408,3646,False
2024-06-06 00:00:00+00:00,81.42,83.65,80.12,81.2,345346.0,81.119,2111,False
2024-06-07 00:00:00+00:00,80.68,81.13,79.14,80.45,510571.0,80.128,3344,False
2024-06-10 00:00:00+00:00,80.85,81.62,78.52,79.87,406988.0,80.698,3029,False
2024-06-11 00:00:00+00:00,79.42,79.71,76.81,77.93,476139.0,78.152,2357,False
2024-06-12 00:00:00+00:00,79.04,80.42,77.55,78.71,415486.0,79.129,2869,False
2024-06-13 00:00:00+00:00,78.88,79.75,76.56,77.24,189317.0,77.645,1275,False
2024-06-14 00:00:00+00:00,76.3,76.83,74.5,76.44,319633.0,76.265,2299,False
2024-06-17 00:00:00+00:00,77.01,79.39,76.8,78.97,200327.0,78.635,1251,False
2024-06-18 00:00:00+00:00,79.45,83.03,79.11,82.33,590312.0,81.501,4061,False
2024-06-20 00:00:00+00:00,82.58,84.24,80.75,82.18,427048.0,82.158,3215,False
2024-06-21 00:00:00+00:00,81.16,81.82,78.65,80.55,332874.0,80.207,2265,False
2024-06-24 00:00:00+00:00,80.31,82.55,80.2,81.31,275589.0,81.767,1810,False
2024-06-25 00:00:00+00:00,81.59,85.21,81.59,84.11,427668.0,84.385,3056,False
2024-06-26 00:00:00+00:00,84.0,85.04,79.14,82.53,339021.0,81.403,2361,False
2024-06-27 00:00:00+00:00,82.18,83.4,81.32,83.08,120331.0,82.642,706,False
2024-06-28 00:00:00+00:00,83.59,84.78,82.64,84.1,159867.0,83.876,1145,False
2024-07-01 00:00:00+00:00,85.14,86.74,82.96,86.09,429285.0,85.725,2837,False
2024-07-02 00:00:00+00:00,85.63,87.76,85.63,86.28,414210.0,86.421,2954,False
2024-07-03 00:00:00+00:00,86.68,89.19,85.83,88.78,240086.0,88.17,1546,False
2024-07-05 00:00:00+00:00,88.71,89.02,85.3,85.95,496974.0,86.47,3292,False
2024-07-08 00:00:00+00:00,86.15,87.95,83.86,86.66,741393.0,86.272,2020,False
2024-07-09 00:00:00+00:00,87.24,92.13,87.24,90.72,717159.0,90.456,3941,False
2024-07-10 00:00:00+00:00,91.86,93.29,88.08,89.42,585639.0,91.388,3133,False
2024-07-11 00:00:00+00:00,89.88,90.1,85.87,86.57,388953.0,87.418,2448,False
2024-07-12 00:00:00+00:00,86.28,91.54,85.02,90.23,439697.0,89.114,2129,False
2024-07-15 00:00:00+00:00,91.57,92.25,88.28,91.24,228901.0,90.656,1266,False
2024-07-16 00:00:00+00:00,93.12,93.12,85.95,86.03,605129.0,88.417,3360,False
2024-07-17 00:00:00+00:00,85.0,85.17,81.33,83.2,1014054.0,83.226,5838,False
2024-07-18 00:00:00+00:00,84.87,88.24,84.02,87.98,674211.0,86.561,4867,False
2024-07-19 00:00:00+00:00,86.69,89.74,85.33,88.98,601343.0,88.316,3520,False
2024-07-22 00:00:00+00:00,89.46,91.37,87.41,89.62,454822.0,89.684,3293,False
2024-07-23 00:00:00+00:00,91.64,100.22,89.02,96.91,1219191.0,95.61,6714,False
2024-07-24 00:00:00+00:00,95.51,96.5,90.33,90.87,620261.0,92.173,3609,False
2024-07-25 00:00:00+00:00,90.95,92.47,86.0,89.55,640607.0,90.325,3364,False
2024-07-26 00:00:00+00:00,91.6,94.08,89.01,92.24,441536.0,91.887,2577,False
2024-07-29 00:00:00+00:00,92.84,95.05,90.57,92.25,456398.0,92.904,2869,False
2024-07-30 00:00:00+00:00,92.05,94.41,91.03,93.34,287947.0,92.735,1883,False
2024-07-31 00:00:00+00:00,95.15,95.46,91.26,93.59,363211.0,93.388,2394,False
2024-08-01 00:00:00+00:00,94.65,94.66,87.82,89.49,379963.0,90.852,2034,False
2024-08-02 00:00:00+00:00,85.49,86.32,82.4,84.89,652427.0,84.64,4091,False
2024-08-05 00:00:00+00:00,77.33,84.2,76.95,83.92,785049.0,81.674,5690,False
2024-08-06 00:00:00+00:00,84.13,90.32,83.45,88.91,332218.0,88.144,2171,False
2024-08-07 00:00:00+00:00,91.36,92.68,88.01,88.59,461535.0,90.043,3345,False
2024-08-08 00:00:00+00:00,90.52,93.72,88.44,93.56,296626.0,92.37,1954,False
2024-08-09 00:00:00+00:00,92.57,94.93,92.12,93.99,138458.0,93.846,979,False
2024-08-12 00:00:00+00:00,93.48,95.5,92.21,92.7,291723.0,93.415,2036,False
2024-08-13 00:00:00+00:00,93.55,96.05,90.8,95.03,258599.0,94.812,1634,False
2024-08-14 00:00:00+00:00,95.65,96.01,93.82,94.94,176107.0,94.876,1096,False
2024-08-15 00:00:00+00:00,96.0,97.51,94.51,96.56,367445.0,96.159,1937,False
2024-08-16 00:00:00+00:00,96.41,96.75,93.43,94.63,265036.0,95.147,1635,False
2024-08-19 00:00:00+00:00,94.83,98.11,94.25,97.44,285669.0,97.338,1651,False
2024-08-20 00:00:00+00:00,97.22,97.5,92.04,93.5,354907.0,93.564,2279,False
2024-08-21 00:00:00+00:00,93.85,99.9,92.54,99.83,592591.0,97.964,3147,False
2024-08-22 00:00:00+00:00,99.9,100.68,97.46,97.77,246328.0,99.28,1240,False
2024-08-23 00:00:00+00:00,98.64,100.48,98.32,100.0,202560.0,99.854,1265,False
2024-08-26 00:00:00+00:00,101.0,101.5,97.0,97.23,229411.0,98.43,1372,False
2024-08-27 00:00:00+00:00,97.07,98.66,95.08,97.96,259111.0,97.646,1503,False
2024-08-28 00:00:00+00:00,97.04,98.16,96.17,96.26,124556.0,97.014,797,False
2024-08-29 00:00:00+00:00,97.02,97.85,96.32,96.97,136662.0,97.206,891,False
2024-08-30 00:00:00+00:00,98.1,98.99,96.0,96.17,190566.0,96.563,1309,False
2024-09-03 00:00:00+00:00,95.18,95.25,88.29,88.62,458605.0,90.863,3091,False
2024-09-04 00:00:00+00:00,89.69,95.32,87.84,94.58,924059.0,92.425,4131,False
2024-09-05 00:00:00+00:00,95.85,97.84,92.68,93.76,256738.0,95.046,1436,False
2024-09-06 00:00:00+00:00,93.64,94.5,90.64,93.4,346726.0,92.243,1897,False
2024-09-09 00:00:00+00:00,94.7,95.16,93.16,93.82,263626.0,94.17,1196,False
2024-09-10 00:00:00+00:00,95.0,97.5,93.76,94.38,246876.0,95.522,1493,False
2024-09-11 00:00:00+00:00,94.34,100.0,92.51,99.85,487978.0,97.676,2679,False
2024-09-12 00:00:00+00:00,99.96,103.31,99.2,101.23,398716.0,101.745,2215,False
2024-09-13 00:00:00+00:00,102.33,104.35,101.5,102.79,254748.0,102.887,1562,False
2024-09-16 00:00:00+00:00,102.63,105.44,102.37,103.37,313338.0,104.025,2161,False
2024-09-17 00:00:00+00:00,104.5,105.79,103.47,104.29,267358.0,104.645,1955,False
2024-09-18 00:00:00+00:00,105.5,109.05,104.29,105.76,196500.0,106.428,1406,False
2024-09-19 00:00:00+00:00,108.61,108.9,106.04,106.91,242498.0,107.287,1431,False
2024-09-20 00:00:00+00:00,107.0,109.7,107.0,108.47,266512.0,108.506,1748,False
2024-09-23 00:00:00+00:00,108.96,110.49,107.53,110.24,199395.0,109.267,1421,False
2024-09-24 00:00:00+00:00,110.02,110.25,106.38,108.16,316848.0,108.252,2283,False
2024-09-25 00:00:00+00:00,108.35,108.62,105.7,106.84,350205.0,106.908,2487,False
2024-09-26 00:00:00+00:00,106.3,106.74,93.06,94.51,1255828.0,97.404,7654,False
2024-09-27 00:00:00+00:00,96.15,98.21,94.34,94.96,827135.0,95.814,5389,False
2024-09-30 00:00:00+00:00,94.37,97.09,92.1,92.95,542638.0,93.575,3483,False
2024-10-01 00:00:00+00:00,93.51,93.9,90.62,91.67,603721.0,91.801,3727,False
2024-10-02 00:00:00+00:00,91.23,91.23,85.86,86.91,1227962.0,87.477,7983,False
2024-10-03 00:00:00+00:00,87.08,90.85,86.78,90.36,570360.0,89.109,3746,False
2024-10-04 00:00:00+00:00,92.53,99.6,91.7,99.37,1372286.0,96.015,7958,False
2024-10-07 00:00:00+00:00,96.87,98.03,93.64,93.92,573574.0,95.607,3783,False
2024-10-08 00:00:00+00:00,95.42,99.5,94.72,98.47,458108.0,98.209,2942,False
2024-10-09 00:00:00+00:00,97.58,99.15,96.52,99.0,246302.0,97.95,1725,False
2024-10-10 00:00:00+00:00,98.17,102.83,97.64,102.5,438258.0,100.82,2456,False
2024-10-11 00:00:00+00:00,102.5,103.0,99.2,100.99,391883.0,101.12,1622,False
2024-10-14 00:00:00+00:00,102.66,105.71,102.09,104.5,394048.0,104.496,2686,False
2024-10-15 00:00:00+00:00,104.62,106.27,102.41,104.7,260112.0,104.561,1751,False
2024-10-16 00:00:00+00:00,104.33,106.34,103.93,104.13,216059.0,104.814,1664,False
2024-10-17 00:00:00+00:00,104.0,104.13,101.7,102.55,222028.0,103.022,1603,False
2024-10-18 00:00:00+00:00,103.99,104.0,99.17,101.43,355621.0,101.347,2020,False
2024-10-21 00:00:00+00:00,101.54,104.99,100.43,104.59,275090.0,103.078,1860,False
2024-10-22 00:00:00+00:00,104.5,105.36,102.75,102.99,276427.0,103.643,2116,False
2024-10-23 00:00:00+00:00,97.9,103.58,94.56,99.14,448345.0,99.232,2849,False
2024-10-24 00:00:00+00:00,100.13,104.64,99.85,103.99,315482.0,103.229,2031,False
2024-10-25 00:00:00+00:00,103.75,104.37,101.81,102.71,247440.0,102.926,1287,False
2024-10-28 00:00:00+00:00,103.06,106.84,101.59,102.25,333528.0,103.837,1901,False
2024-10-29 00:00:00+00:00,100.52,103.48,98.78,103.01,241049.0,101.811,1710,False
2024-10-30 00:00:00+00:00,103.41,103.92,100.96,101.06,197180.0,102.256,1627,False
2024-10-31 00:00:00+00:00,100.97,102.41,100.34,101.49,173403.0,101.624,1283,False
2024-11-01 00:00:00+00:00,101.93,104.97,100.75,103.19,357986.0,103.457,2501,False
2024-11-04 00:00:00+00:00,102.03,102.54,99.16,99.54,266635.0,100.299,1768,False
2024-11-05 00:00:00+00:00,100.32,103.95,99.79,102.26,163802.0,102.292,1068,False
2024-11-06 00:00:00+00:00,104.99,113.61,103.4,113.45,743373.0,109.406,4327,False
2024-11-07 00:00:00+00:00,112.08,112.77,103.5,104.0,537058.0,105.91,3350,False
2024-11-08 00:00:00+00:00,103.9,107.16,103.84,106.82,279493.0,105.828,1630,False
2024-11-11 00:00:00+00:00,107.64,108.27,105.52,106.92,294002.0,107.405,1844,False
2024-11-12 00:00:00+00:00,106.04,106.8,102.56,104.2,255723.0,104.547,1380,False
2024-11-13 00:00:00+00:00,103.17,107.18,103.17,104.35,327129.0,105.391,2075,False
2024-11-14 00:00:00+00:00,103.9,106.06,102.8,103.03,161012.0,104.182,997,False
2024-11-15 00:00:00+00:00,101.73,101.73,96.54,97.53,566774.0,98.031,3210,False
2024-11-18 00:00:00+00:00,97.56,101.0,97.05,100.32,236539.0,99.784,1416,False
2024-11-19 00:00:00+00:00,98.51,104.46,98.35,103.0,351330.0,102.363,2121,False
2024-11-20 00:00:00+00:00,104.45,108.12,104.25,107.27,347392.0,106.214,2116,False
2024-11-21 00:00:00+00:00,106.49,110.07,105.01,109.69,305378.0,109.099,1896,False
2024-11-22 00:00:00+00:00,109.0,110.11,107.69,108.73,92021.0,108.952,631,False
2024-11-25 00:00:00+00:00,109.73,111.16,108.24,109.9,177846.0,109.722,1299,False
2024-11-26 00:00:00+00:00,111.39,114.69,110.38,114.25,320617.0,113.085,1730,False
2024-11-27 00:00:00+00:00,114.65,114.92,112.08,114.11,322857.0,113.733,2393,False
2024-11-29 00:00:00+00:00,114.18,116.0,112.51,114.74,259534.0,114.991,1528,False
2024-12-02 00:00:00+00:00,114.93,116.88,113.18,114.73,301299.0,114.761,2202,False
2024-12-03 00:00:00+00:00,114.42,118.75,113.8,116.45,333478.0,116.151,2190,False
2024-12-04 00:00:00+00:00,118.82,119.45,115.32,116.63,217815.0,117.26,1621,False
2024-12-05 00:00:00+00:00,117.47,117.67,109.1,116.32,232814.0,114.878,1632,False
2024-12-06 00:00:00+00:00,116.99,120.97,116.79,120.46,343495.0,119.64,2153,False
2024-12-09 00:00:00+00:00,118.65,120.64,114.54,115.04,358406.0,117.462,2180,False
2024-12-10 00:00:00+00:00,117.51,123.0,116.1,117.36,306435.0,120.179,1595,False
2024-12-11 00:00:00+00:00,118.42,121.85,118.42,119.93,203107.0,120.059,1605,False
2024-12-12 00:00:00+00:00,119.9,121.37,117.33,117.5,136606.0,119.201,972,False
2024-12-13 00:00:00+00:00,118.26,121.0,116.76,117.17,178635.0,118.066,1320,False
2024-12-16 00:00:00+00:00,117.17,119.46,115.4,117.33,113420.0,117.208,780,False
2024-12-17 00:00:00+00:00,116.81,118.16,111.63,118.01,324886.0,115.001,1748,False
2024-12-18 00:00:00+00:00,120.0,120.97,111.77,111.82,256767.0,116.146,1439,False
2024-12-19 00:00:00+00:00,115.39,116.69,112.01,113.0,279472.0,113.468,1655,False
2024-12-20 00:00:00+00:00,111.09,113.2,109.62,111.0,359323.0,111.785,2499,False
2024-12-23 00:00:00+00:00,112.0,117.15,110.35,115.69,215504.0,114.198,1267,False
2024-12-24 00:00:00+00:00,115.81,117.06,113.42,114.17,80998.0,114.6,565,False
2024-12-26 00:00:00+00:00,114.37,117.19,113.95,116.21,91842.0,115.871,663,False
2024-12-27 00:00:00+00:00,115.96,115.96,112.26,114.53,85829.0,113.806,618,False
2024-12-30 00:00:00+00:00,110.71,114.27,109.0,114.0,129329.0,112.734,923,False
2024-12-31 00:00:00+00:00,114.5,114.96,112.16,112.28,74502.0,113.282,563,False
2025-01-02 00:00:00+00:00,112.61,116.76,109.76,116.23,260968.0,114.655,1591,False
2025-01-03 00:00:00+00:00,116.41,118.98,115.07,117.16,123984.0,116.46,911,False
2025-01-06 00:00:00+00:00,119.4,122.35,116.97,117.99,293640.0,118.559,2056,False
2025-01-07 00:00:00+00:00,118.6,118.6,111.8,112.9,197457.0,113.662,1441,False
2025-01-08 00:00:00+00:00,112.17,113.21,111.4,112.3,241686.0,112.268,1742,False
2025-01-10 00:00:00+00:00,111.41,113.12,105.91,106.41,308988.0,107.815,2081,False
2025-01-13 00:00:00+00:00,102.85,103.66,97.0,100.5,643499.0,100.365,4617,False
2025-01-14 00:00:00+00:00,102.0,104.77,102.0,102.86,383061.0,103.222,2596,False
2025-01-15 00:00:00+00:00,106.59,108.72,104.42,105.1,424312.0,106.447,3126,False
2025-01-16 00:00:00+00:00,105.45,109.19,104.88,105.29,178385.0,105.7,1375,False
2025-01-17 00:00:00+00:00,106.47,109.13,106.0,106.8,143420.0,107.518,1125,False
2025-01-21 00:00:00+00:00,107.55,108.29,98.41,99.59,823270.0,99.986,6155,False
2025-01-22 00:00:00+00:00,100.54,103.5,99.08,103.15,714018.0,101.821,5191,False
2025-01-23 00:00:00+00:00,105.0,111.25,101.0,109.44,707817.0,106.817,4839,False
2025-01-24 00:00:00+00:00,108.44,112.2,106.56,109.07,651413.0,108.775,4298,False
2025-01-27 00:00:00+00:00,103.16,105.4,101.35,104.06,881014.0,103.783,4577,False
2025-01-28 00:00:00+00:00,104.61,107.91,103.01,106.96,554071.0,106.339,3667,False
2025-01-29 00:00:00+00:00,107.32,109.37,106.1,108.73,242842.0,107.812,1620,False
2025-01-30 00:00:00+00:00,109.68,114.53,109.36,111.45,1084181.0,112.343,5736,False
2025-01-31 00:00:00+00:00,110.66,110.66,107.59,109.27,365898.0,109.164,2178,False
2025-02-03 00:00:00+00:00,108.0,119.31,108.0,118.23,652543.0,116.884,4533,False
2025-02-04 00:00:00+00:00,118.29,120.73,117.03,118.0,531391.0,118.539,3526,False
2025-02-05 00:00:00+00:00,117.35,120.68,115.58,119.85,398836.0,119.396,2575,False
2025-02-06 00:00:00+00:00,120.19,120.19,114.89,116.69,303423.0,116.697,2020,False
2025-02-07 00:00:00+00:00,116.48,118.0,110.15,113.59,761473.0,113.369,3151,False
2025-02-10 00:00:00+00:00,114.8,115.24,110.05,110.82,410386.0,111.83,2819,False
2025-02-11 00:00:00+00:00,108.77,108.77,104.32,105.34,736965.0,106.134,5531,False
2025-02-12 00:00:00+00:00,105.0,109.59,103.87,105.0,447703.0,105.869,2812,False
2025-02-13 00:00:00+00:00,105.33,106.1,103.11,104.26,289901.0,104.354,1973,False
2025-02-14 00:00:00+00:00,104.76,105.47,102.29,103.58,635797.0,104.045,3248,False
2025-02-18 00:00:00+00:00,103.74,104.57,99.32,101.6,629786.0,102.373,4883,False
2025-02-19 00:00:00+00:00,101.25,105.14,100.47,104.23,481450.0,103.367,3553,False
2025-02-20 00:00:00+00:00,104.26,106.5,100.73,101.64,401773.0,102.455,3070,False
2025-02-21 00:00:00+00:00,102.87,104.08,97.59,97.87,486962.0,99.644,3415,False
2025-02-24 00:00:00+00:00,99.15,103.6,99.15,100.11,470845.0,101.293,3547,False
2025-02-25 00:00:00+00:00,99.57,99.68,92.56,92.8,880215.0,94.632,5576,False
2025-02-26 00:00:00+00:00,93.3,97.0,92.39,93.33,799084.0,94.238,4696,False
2025-02-27 00:00:00+00:00,95.0,96.52,91.7,93.07,362201.0,94.048,2915,False
2025-02-28 00:00:00+00:00,91.72,96.64,91.0,96.26,424988.0,95.531,3028,False
2025-03-03 00:00:00+00:00,96.42,97.54,93.8,94.54,434208.0,95.566,2473,False
2025-03-04 00:00:00+00:00,92.75,94.5,89.7,93.47,531904.0,91.974,3449,False
2025-03-05 00:00:00+00:00,92.64,93.31,90.0,91.67,854151.0,91.865,6007,False
2025-03-06 00:00:00+00:00,90.0,90.01,86.38,87.05,696252.0,88.401,4844,False
2025-03-07 00:00:00+00:00,87.86,87.98,84.29,87.11,775166.0,86.282,5957,False
2025-03-10 00:00:00+00:00,84.48,85.64,81.84,84.95,968702.0,83.776,7439,False
2025-03-11 00:00:00+00:00,84.17,90.24,83.99,89.66,736386.0,88.144,6049,False
2025-03-12 00:00:00+00:00,93.0,93.37,91.0,93.01,599844.0,92.44,4243,False
2025-03-13 00:00:00+00:00,92.57,93.57,91.17,92.38,500234.0,92.689,4077,False
2025-03-14 00:00:00+00:00,95.1,96.0,93.03,94.02,509085.0,93.949,2897,False
2025-03-17 00:00:00+00:00,94.27,96.88,93.35,96.03,268337.0,95.521,1802,False
2025-03-18 00:00:00+00:00,96.23,96.97,93.92,95.76,243407.0,95.567,1900,False
2025-03-19 00:00:00+00:00,96.56,100.46,95.67,100.11,372176.0,98.684,2379,False
2025-03-20 00:00:00+00:00,100.17,101.57,99.37,99.87,239688.0,100.28,1812,False
2025-03-21 00:00:00+00:00,99.03,101.7,98.1,101.06,247809.0,100.766,1993,False
2025-03-24 00:00:00+00:00,102.84,107.39,102.84,107.02,374320.0,106.15,2838,False
2025-03-25 00:00:00+00:00,106.53,108.82,106.01,108.07,332039.0,107.77,1538,False
2025-03-26 00:00:00+00:00,108.83,109.0,106.21,106.62,706999.0,107.182,3564,False
2025-03-27 00:00:00+00:00,104.67,106.93,103.43,105.92,448354.0,105.898,2385,False
2025-03-28 00:00:00+00:00,106.57,107.05,103.12,103.51,337060.0,104.792,1706,False
2025-03-31 00:00:00+00:00,99.27,99.37,95.54,97.99,576543.0,98.22,3708,False
2025-04-01 00:00:00+00:00,98.18,99.37,96.92,99.13,488475.0,98.455,3574,False
2025-04-02 00:00:00+00:00,97.31,102.27,97.31,101.39,258523.0,101.165,1822,False
2025-04-03 00:00:00+00:00,99.15,99.69,95.06,96.07,447368.0,96.755,3107,False
2025-04-04 00:00:00+00:00,92.01,92.66,86.02,87.12,904958.0,87.925,5688,False
2025-04-07 00:00:00+00:00,86.45,95.74,84.82,91.04,1229254.0,91.219,7224,False
2025-04-08 00:00:00+00:00,95.0,96.3,86.25,88.1,632160.0,91.45,4396,False
2025-04-09 00:00:00+00:00,85.86,98.26,85.0,98.01,1340858.0,92.905,7554,False
2025-04-10 00:00:00+00:00,97.15,97.58,92.26,94.0,397951.0,95.523,2550,False
2025-04-11 00:00:00+00:00,95.32,98.46,93.18,97.88,370167.0,96.42,2141,False
2025-04-14 00:00:00+00:00,98.4,99.09,96.37,97.95,194490.0,97.846,1420,False
2025-04-15 00:00:00+00:00,98.78,103.53,98.38,102.69,578918.0,102.141,2844,False
2025-04-16 00:00:00+00:00,101.01,102.69,99.61,101.89,539629.0,101.384,3719,False
2025-04-17 00:00:00+00:00,102.84,104.05,101.19,103.3,352376.0,102.958,2729,False
2025-04-21 00:00:00+00:00,102.97,102.97,99.33,100.38,203825.0,100.182,1378,False
2025-04-22 00:00:00+00:00,102.03,104.39,102.03,104.15,255260.0,103.361,1717,False
2025-04-23 00:00:00+00:00,106.48,107.12,103.09,103.13,386730.0,104.567,3031,False
2025-04-24 00:00:00+00:00,102.67,107.79,101.69,106.0,550380.0,106.214,3566,False
2025-04-25 00:00:00+00:00,103.99,107.91,103.88,107.64,330464.0,106.609,2606,False
2025-04-28 00:00:00+00:00,107.81,108.32,102.79,104.6,202863.0,104.423,1619,False
2025-04-29 00:00:00+00:00,105.0,105.82,103.39,105.25,187174.0,105.048,1520,False
2025-04-30 00:00:00+00:00,102.79,105.09,100.63,104.82,409831.0,103.95,2921,False
2025-05-01 00:00:00+00:00,105.17,108.65,104.78,107.54,313890.0,107.327,2056,False
2025-05-02 00:00:00+00:00,108.67,112.99,108.67,112.5,539102.0,111.367,2965,False
2025-05-05 00:00:00+00:00,112.2,113.41,111.52,113.21,189442.0,112.647,1398,False
2025-05-06 00:00:00+00:00,111.6,112.75,110.94,112.5,327830.0,112.064,2222,False
2025-05-07 00:00:00+00:00,109.99,113.85,109.81,112.04,515640.0,112.088,3691,False
2025-05-08 00:00:00+00:00,108.84,109.16,94.2,97.13,1637927.0,99.362,9639,False
2025-05-09 00:00:00+00:00,98.2,101.48,96.33,97.92,786459.0,98.089,5580,False
2025-05-12 00:00:00+00:00,105.84,107.03,100.62,103.73,690549.0,103.513,5296,False
2025-05-13 00:00:00+00:00,105.0,108.25,103.87,106.59,552908.0,107.004,3676,False
2025-05-14 00:00:00+00:00,110.0,110.59,101.42,105.09,387274.0,104.855,2371,False
2025-05-15 00:00:00+00:00,105.09,108.5,105.0,105.17,332867.0,106.51,2161,False
2025-05-16 00:00:00+00:00,104.46,106.25,102.5,105.44,388830.0,104.779,2399,False
2025-05-19 00:00:00+00:00,103.59,105.74,103.21,104.81,215951.0,104.144,1296,False
2025-05-20 00:00:00+00:00,104.5,104.5,102.31,103.75,156448.0,103.354,1033,False
2025-05-21 00:00:00+00:00,103.08,103.52,100.63,100.64,196599.0,101.967,1206,False
2025-05-22 00:00:00+00:00,100.74,101.51,98.6,100.73,245397.0,100.423,1467,False
2025-05-23 00:00:00+00:00,99.55,104.31,99.16,103.37,165682.0,102.923,1206,False
2025-05-27 00:00:00+00:00,105.0,105.23,100.9,100.91,236349.0,102.313,1471,False
2025-05-28 00:00:00+00:00,100.77,101.93,99.97,101.08,122318.0,101.103,848,False
2025-05-29 00:00:00+00:00,101.5,102.13,99.67,102.01,120194.0,101.365,904,False
2025-05-30 00:00:00+00:00,101.66,102.43,100.41,101.63,143721.0,101.668,903,False
2025-06-02 00:00:00+00:00,101.25,103.53,101.0,103.23,235469.0,102.468,1712,False
2025-06-03 00:00:00+00:00,101.83,102.81,99.5,101.88,159232.0,101.387,1067,False
2025-06-04 00:00:00+00:00,102.38,103.07,101.53,102.23,153251.0,102.228,1147,False
2025-06-05 00:00:00+00:00,102.88,103.99,99.04,100.06,309674.0,100.716,2245,False
2025-06-06 00:00:00+00:00,101.15,103.19,100.07,100.49,477405.0,101.552,3578,False
2025-06-09 00:00:00+00:00,100.2,100.91,98.27,99.69,252954.0,99.767,1767,False
2025-06-10 00:00:00+00:00,99.58,99.58,96.85,98.77,353972.0,98.124,2425,False
2025-06-11 00:00:00+00:00,99.31,100.13,98.0,98.77,287956.0,98.833,2310,False
2025-06-12 00:00:00+00:00,98.14,101.12,97.26,100.42,267514.0,99.818,1996,False
2025-06-13 00:00:00+00:00,99.37,101.0,97.56,98.72,295682.0,99.549,2140,False
2025-06-16 00:00:00+00:00,99.22,102.0,99.01,100.88,322762.0,100.967,2456,False
2025-06-17 00:00:00+00:00,90.5,94.0,87.71,91.49,5743693.0,91.942,34684,False
2025-06-18 00:00:00+00:00,91.11,95.38,91.1,94.43,7840270.0,93.592,42163,False
2025-06-20 00:00:00+00:00,95.65,97.51,91.44,91.65,1825249.0,93.688,10831,False
2025-06-23 00:00:00+00:00,91.46,92.24,88.89,91.51,1088060.0,90.845,7502,False
2025-06-24 00:00:00+00:00,95.1,98.25,94.08,95.99,1520735.0,96.588,9930,False
2025-06-25 00:00:00+00:00,97.15,97.77,94.1,95.08,637805.0,95.151,3892,False
2025-06-26 00:00:00+00:00,97.94,98.13,96.3,98.0,626624.0,97.551,4212,False
2025-06-27 00:00:00+00:00,98.56,99.95,97.08,99.82,862425.0,98.625,5533,False
2025-06-30 00:00:00+00:00,99.73,99.73,97.11,98.02,1159986.0,97.762,7200,False
2025-07-01 00:00:00+00:00,97.35,98.43,94.49,94.73,734917.0,95.945,5444,False
2025-07-02 00:00:00+00:00,95.75,95.75,93.17,94.12,999270.0,94.08,6021,False
2025-07-03 00:00:00+00:00,96.15,97.35,94.33,95.69,332140.0,96.195,2003,False
2025-07-07 00:00:00+00:00,95.41,97.5,94.17,95.65,481507.0,96.009,3524,False
2025-07-08 00:00:00+00:00,95.58,96.77,94.01,94.56,325388.0,95.15,2426,False
2025-07-09 00:00:00+00:00,95.14,95.61,92.87,93.36,393760.0,94.302,2681,False
2025-07-10 00:00:00+00:00,93.5,94.29,91.98,92.12,819579.0,92.685,5489,False
2025-07-11 00:00:00+00:00,92.31,92.69,90.41,90.86,806337.0,91.463,5587,False
2025-07-14 00:00:00+00:00,90.81,91.11,89.67,90.96,483805.0,90.538,3299,False
2025-07-15 00:00:00+00:00,92.11,95.12,91.6,93.01,722914.0,93.704,4978,False
2025-07-16 00:00:00+00:00,93.41,95.39,92.36,94.36,747934.0,94.405,3737,False
2025-07-17 00:00:00+00:00,94.5,96.13,93.9,95.47,572094.0,95.382,3572,False
2025-07-18 00:00:00+00:00,96.15,97.0,95.13,96.09,538929.0,96.013,3771,False
2025-07-21 00:00:00+00:00,96.5,98.16,95.49,97.7,819803.0,97.566,5787,False
2025-07-22 00:00:00+00:00,96.43,102.34,96.35,100.4,1755165.0,100.387,11223,False
2025-07-23 00:00:00+00:00,101.57,104.99,101.57,101.9,1277803.0,103.489,8624,False
2025-07-24 00:00:00+00:00,102.54,103.37,100.61,101.62,574044.0,102.025,3983,False
2025-07-25 00:00:00+00:00,101.86,103.5,100.83,102.75,320439.0,102.591,2056,False
2025-07-28 00:00:00+00:00,103.08,104.33,100.63,101.56,437281.0,101.823,2611,False
2025-07-29 00:00:00+00:00,101.64,102.75,98.89,99.12,479948.0,100.776,3048,False
2025-07-30 00:00:00+00:00,99.15,99.62,92.16,92.57,1664606.0,94.276,9940,False
2025-07-31 00:00:00+00:00,93.94,95.1,93.07,93.59,924435.0,94.143,4668,False
2025-08-01 00:00:00+00:00,92.0,93.57,91.0,91.77,413552.0,92.085,2733,False
2025-08-04 00:00:00+00:00,92.79,94.38,92.79,93.56,397028.0,93.664,2380,False
2025-08-05 00:00:00+00:00,93.83,94.45,91.86,92.74,604065.0,92.864,3793,False
2025-08-06 00:00:00+00:00,92.61,93.15,91.0,92.98,641512.0,91.979,3366,False
2025-08-07 00:00:00+00:00,93.53,96.31,93.48,95.56,645818.0,95.337,3861,False
2025-08-08 00:00:00+00:00,95.24,95.42,93.71,94.54,247693.0,94.595,1661,False
2025-08-11 00:00:00+00:00,94.19,95.3,93.44,94.53,213625.0,94.73,1230,False
2025-08-12 00:00:00+00:00,94.55,96.81,94.13,95.68,190221.0,95.753,1381,False
2025-08-13 00:00:00+00:00,96.35,96.85,95.08,95.6,364472.0,95.839,2533,False
2025-08-14 00:00:00+00:00,95.59,96.0,94.08,94.33,242150.0,94.497,1839,False
2025-08-15 00:00:00+00:00,95.0,100.33,94.62,98.61,880322.0,97.936,4124,False
2025-08-18 00:00:00+00:00,99.7,100.05,98.22,99.47,324978.0,99.253,2148,False
2025-08-19 00:00:00+00:00,99.01,101.85,99.0,101.52,542575.0,100.414,2922,False
2025-08-20 00:00:00+00:00,100.94,102.42,99.94,102.28,355343.0,101.216,2415,False
2025-08-21 00:00:00+00:00,101.91,102.9,99.16,100.86,359006.0,101.266,2726,False
2025-08-22 00:00:00+00:00,101.29,104.43,100.78,103.21,320015.0,103.298,1775,False
2025-08-25 00:00:00+00:00,102.6,103.47,101.47,102.26,187459.0,102.527,1464,False
2025-08-26 00:00:00+00:00,102.31,102.62,100.81,102.53,291483.0,101.847,2033,False
2025-08-27 00:00:00+00:00,101.61,103.56,101.35,103.17,241843.0,103.066,1762,False
2025-08-28 00:00:00+00:00,103.06,103.16,100.29,100.45,276509.0,100.971,2102,False
2025-08-29 00:00:00+00:00,100.5,100.94,98.61,98.75,222926.0,99.17,1720,False
2025-09-02 00:00:00+00:00,97.58,98.27,95.21,95.64,330319.0,96.208,2545,False
2025-09-03 00:00:00+00:00,97.55,100.27,96.13,100.03,378977.0,99.059,2697,False
2025-09-04 00:00:00+00:00,99.64,100.45,97.85,100.09,285129.0,99.654,1462,False
2025-09-05 00:00:00+00:00,100.66,102.33,99.2,100.45,466550.0,100.294,3191,False
2025-09-08 00:00:00+00:00,100.45,101.4,99.51,100.2,256443.0,100.633,1545,False
2025-09-09 00:00:00+00:00,100.46,100.95,97.78,97.89,316182.0,98.683,1651,False
2025-09-10 00:00:00+00:00,98.25,98.6,95.44,95.65,403037.0,97.138,2273,False
2025-09-11 00:00:00+00:00,95.8,102.25,95.8,100.7,737336.0,99.736,3169,False
2025-09-12 00:00:00+00:00,100.97,101.09,97.63,97.81,208191.0,98.863,1365,False
2025-09-15 00:00:00+00:00,97.71,99.48,97.34,98.0,1901980.0,97.578,2238,False
2025-09-16 00:00:00+00:00,98.12,98.9,95.38,96.39,729668.0,97.016,2685,False
2025-09-17 00:00:00+00:00,96.71,97.69,95.81,97.0,570997.0,96.926,4099,False
2025-09-18 00:00:00+00:00,97.15,99.51,95.57,99.28,537216.0,97.671,2990,False
2025-09-19 00:00:00+00:00,100.0,102.51,99.29,101.84,523956.0,100.926,3325,False
2025-09-22 00:00:00+00:00,101.07,103.24,99.83,101.87,348752.0,101.601,2301,False
2025-09-23 00:00:00+00:00,101.27,101.27,96.61,96.7,359335.0,98.443,2905,False
2025-09-24 00:00:00+00:00,96.38,97.8,96.0,97.25,471536.0,97.035,3032,False
2025-09-25 00:00:00+00:00,97.49,98.07,94.71,95.73,392771.0,96.136,2450,False
2025-09-26 00:00:00+00:00,96.92,98.01,94.15,94.67,424183.0,94.919,2769,False
2025-09-29 00:00:00+00:00,95.4,96.79,93.95,94.07,598081.0,94.715,3741,False
2025-09-30 00:00:00+00:00,94.3,95.19,93.18,93.6,513273.0,94.132,3593,False
2025-10-01 00:00:00+00:00,93.22,94.26,92.17,92.34,500430.0,93.095,2949,False
2025-10-02 00:00:00+00:00,93.27,95.28,92.08,94.34,460667.0,93.727,2225,False
2025-10-03 00:00:00+00:00,95.48,96.42,94.2,94.45,511437.0,95.432,2663,False
2025-10-06 00:00:00+00:00,95.7,96.4,94.15,95.08,223772.0,95.165,1629,False
2025-10-07 00:00:00+00:00,95.5,96.54,93.65,94.05,543394.0,94.676,2965,False
2025-10-08 00:00:00+00:00,94.26,94.26,91.8,92.68,781605.0,92.711,2943,False
2025-10-09 00:00:00+00:00,92.07,95.28,91.64,94.43,855874.0,93.522,3603,False
2025-10-10 00:00:00+00:00,94.77,96.6,91.51,91.66,315017.0,92.939,2440,False
2025-10-13 00:00:00+00:00,93.15,93.72,91.51,92.25,331182.0,92.349,2060,False
2025-10-14 00:00:00+00:00,91.19,91.92,90.01,91.35,402120.0,91.141,3123,False
2025-10-15 00:00:00+00:00,92.37,92.55,90.11,90.4,275917.0,91.374,1892,False
2025-10-16 00:00:00+00:00,91.0,91.16,87.95,88.23,497947.0,89.21,2667,False
2025-10-17 00:00:00+00:00,88.25,89.89,88.0,89.02,313112.0,88.939,2296,False
2025-10-20 00:00:00+00:00,90.35,91.55,88.52,90.73,312236.0,90.002,1701,False
2025-10-21 00:00:00+00:00,90.23,90.78,88.54,90.06,453746.0,89.483,3068,False
2025-10-22 00:00:00+00:00,90.38,91.01,88.9,89.26,435920.0,89.631,3262,False
2025-10-23 00:00:00+00:00,89.9,91.36,88.74,88.94,528777.0,90.019,3655,False
2025-10-24 00:00:00+00:00,88.99,90.33,88.96,89.7,398008.0,89.608,2331,False
2025-10-27 00:00:00+00:00,90.55,92.09,89.87,89.97,366040.0,90.814,2646,False
2025-10-28 00:00:00+00:00,90.0,90.8,79.44,80.75,2515983.0,82.119,11743,False
2025-10-29 00:00:00+00:00,81.94,83.94,76.45,77.3,2571149.0,79.42,13154,False
2025-10-30 00:00:00+00:00,77.16,81.86,77.12,80.92,3485940.0,80.392,9479,False
2025-10-31 00:00:00+00:00,81.48,82.52,79.89,80.0,910986.0,80.883,4846,False
2025-11-03 00:00:00+00:00,80.0,81.83,79.35,79.43,757133.0,80.193,3491,False
2025-11-04 00:00:00+00:00,79.22,80.99,78.48,78.83,890443.0,79.652,5366,False
2025-11-05 00:00:00+00:00,78.43,80.26,78.34,79.96,576398.0,79.804,3523,False
2025-11-06 00:00:00+00:00,79.93,80.54,77.34,78.56,917926.0,78.607,4509,False
2025-11-07 00:00:00+00:00,77.92,79.0,77.2,78.04,506738.0,78.016,3144,False
2025-11-10 00:00:00+00:00,78.43,78.54,76.02,76.66,623423.0,76.917,3480,False
2025-11-11 00:00:00+00:00,77.37,78.76,76.34,78.35,405940.0,77.851,2866,False
2025-11-12 00:00:00+00:00,77.92,78.57,76.53,77.3,303211.0,77.368,1915,False
2025-11-13 00:00:00+00:00,77.98,78.42,76.02,76.08,518614.0,76.81,2030,False
2025-11-14 00:00:00+00:00,76.0,77.65,74.64,76.21,571741.0,75.956,3080,False
2025-11-17 00:00:00+00:00,77.04,78.15,73.96,74.0,671600.0,75.069,3325,False
2025-11-18 00:00:00+00:00,73.41,75.15,72.94,73.82,465404.0,74.229,2547,False
2025-11-19 00:00:00+00:00,73.84,74.17,72.4,73.6,456762.0,73.308,3178,False
2025-11-20 00:00:00+00:00,74.73,74.88,72.56,72.83,679662.0,73.239,3971,False
2025-11-21 00:00:00+00:00,74.2,74.91,71.03,74.26,338579.0,73.405,1767,False
2025-11-24 00:00:00+00:00,73.83,74.88,72.37,72.64,255769.0,73.045,1781,False
2025-11-25 00:00:00+00:00,72.41,74.25,72.41,72.81,411421.0,73.313,2552,False
2025-11-26 00:00:00+00:00,73.09,73.82,70.23,70.31,1033218.0,70.977,6034,False
2025-11-28 00:00:00+00:00,70.48,72.2,70.1,71.39,296902.0,71.262,2036,False
2025-12-01 00:00:00+00:00,71.0,72.92,70.9,72.51,342054.0,72.383,2737,False
2025-12-02 00:00:00+00:00,72.11,72.99,70.75,72.36,315886.0,72.142,1899,False
2025-12-03 00:00:00+00:00,72.0,73.21,71.06,73.1,675703.0,72.354,3773,False
2025-12-04 00:00:00+00:00,73.58,75.72,72.99,74.84,337472.0,74.044,2270,False
2025-12-05 00:00:00+00:00,74.77,75.43,72.86,73.69,280316.0,73.892,1835,False
2025-12-08 00:00:00+00:00,73.38,73.5,69.69,69.85,605700.0,70.464,3818,False
2025-12-09 00:00:00+00:00,70.11,72.22,70.0,71.71,456766.0,71.398,2773,False
2025-12-10 00:00:00+00:00,71.53,76.22,71.2,76.14,749655.0,74.831,3841,False
2025-12-11 00:00:00+00:00,75.95,79.53,75.95,78.51,796412.0,78.078,4362,False
2025-12-12 00:00:00+00:00,79.18,82.78,78.8,82.6,1821882.0,81.532,8459,False
2025-12-15 00:00:00+00:00,82.93,84.6,81.97,84.59,1157542.0,83.568,7248,False
2025-12-16 00:00:00+00:00,84.04,86.42,83.86,85.8,1277715.0,85.485,7113,False
2025-12-17 00:00:00+00:00,85.8,86.73,84.2,84.38,1314983.0,84.961,6724,False
2025-12-18 00:00:00+00:00,83.91,86.0,83.1,83.76,1076989.0,84.232,4820,False
2025-12-19 00:00:00+00:00,83.64,86.57,83.37,86.39,930181.0,85.707,4541,False
2025-12-22 00:00:00+00:00,85.94,86.94,84.2,86.28,689959.0,85.789,3893,False
2025-12-23 00:00:00+00:00,85.75,85.98,84.56,85.51,535278.0,85.214,2823,False
2025-12-24 00:00:00+00:00,84.56,85.43,84.47,84.71,345508.0,84.973,1403,False
2025-12-26 00:00:00+00:00,84.59,84.59,83.13,83.25,201161.0,83.508,1393,False
2025-12-29 00:00:00+00:00,83.09,83.22,81.94,82.44,463465.0,82.434,2983,False
2025-12-30 00:00:00+00:00,82.15,82.57,81.05,82.21,330733.0,82.088,1990,False
2025-12-31 00:00:00+00:00,81.9,82.53,81.01,82.12,300982.0,81.996,2265,False
2026-01-02 00:00:00+00:00,82.29,82.58,80.51,81.89,499735.0,81.573,2291,False
2026-01-05 00:00:00+00:00,81.47,85.37,81.45,82.14,450119.0,83.567,2532,False
2026-01-06 00:00:00+00:00,82.54,84.86,81.6,83.46,593625.0,83.496,2150,False
2026-01-07 00:00:00+00:00,83.9,83.91,82.57,83.19,299960.0,83.163,1746,False
2026-01-08 00:00:00+00:00,82.59,83.54,81.91,82.51,398484.0,82.602,1972,False
2026-01-09 00:00:00+00:00,82.55,83.26,77.64,78.65,620541.0,79.396,3701,False
2026-01-12 00:00:00+00:00,78.53,79.7,78.38,78.63,483152.0,78.96,3636,False
2026-01-13 00:00:00+00:00,78.06,79.62,77.99,79.24,244538.0,78.974,1929,False
2026-01-14 00:00:00+00:00,78.0,78.0,74.9,76.63,742526.0,75.723,4591,False
2026-01-15 00:00:00+00:00,76.29,77.0,74.22,74.32,655282.0,75.642,3344,False
2026-01-16 00:00:00+00:00,73.76,74.92,72.84,73.9,458897.0,73.972,3320,False
2026-01-20 00:00:00+00:00,72.95,75.13,71.67,74.59,1041514.0,74.469,6415,False
2026-01-21 00:00:00+00:00,74.87,74.87,65.53,65.54,2946071.0,68.285,14704,False
2026-01-22 00:00:00+00:00,67.22,68.0,66.02,66.35,2054037.0,66.813,10673,False
2026-01-23 00:00:00+00:00,65.91,67.36,62.01,62.6,2292060.0,63.723,12510,False
2026-01-26 00:00:00+00:00,62.86,64.07,62.3,63.75,660807.0,63.297,4163,False
2026-01-27 00:00:00+00:00,63.55,64.09,62.71,62.77,653805.0,63.414,2581,False
2026-01-28 00:00:00+00:00,63.0,63.24,60.22,60.27,930094.0,61.43,4855,False
2026-01-29 00:00:00+00:00,60.5,62.4,60.3,62.06,2111235.0,61.37,8297,False
2026-01-30 00:00:00+00:00,62.2,63.72,61.25,62.38,992041.0,62.13,4577,False
2026-02-02 00:00:00+00:00,62.4,65.0,61.87,63.63,616365.0,63.672,3600,False
2026-02-03 00:00:00+00:00,65.2,65.49,54.31,55.82,3308988.0,59.085,14220,False
2026-02-04 00:00:00+00:00,55.85,56.48,53.09,55.46,3722095.0,55.002,18900,False
2026-02-05 00:00:00+00:00,55.73,57.86,54.75,57.09,2725918.0,56.625,9730,False
2026-02-06 00:00:00+00:00,57.07,57.73,55.78,57.1,1779761.0,57.148,7164,False
2026-02-09 00:00:00+00:00,56.73,60.34,56.34,59.19,859875.0,58.647,5113,False
2026-02-10 00:00:00+00:00,59.86,63.51,59.49,62.34,3296255.0,62.328,12243,False
2026-02-11 00:00:00+00:00,61.82,62.55,58.6,59.42,2217229.0,59.983,5663,False
2026-02-12 00:00:00+00:00,59.93,60.36,57.3,58.71,2453302.0,58.165,7309,False
2026-02-13 00:00:00+00:00,58.78,58.78,54.59,56.25,3734944.0,56.551,9309,False
2026-02-17 00:00:00+00:00,56.63,57.98,55.89,56.74,880555.0,56.548,5420,False
2026-02-18 00:00:00+00:00,56.65,58.22,56.09,57.15,657811.0,57.218,3869,False
2026-02-19 00:00:00+00:00,56.74,56.74,54.25,55.84,2173861.0,55.07,6267,False
2026-02-20 00:00:00+00:00,56.01,56.97,54.8,56.0,881863.0,55.997,4187,False
2026-02-23 00:00:00+00:00,55.46,55.63,54.0,55.29,1361016.0,54.894,4565,False
2026-02-24 00:00:00+00:00,55.41,56.46,54.42,56.32,544221.0,55.682,3659,False
2026-02-25 00:00:00+00:00,57.25,57.33,55.64,56.97,413868.0,56.782,3018,False
2026-02-26 00:00:00+00:00,57.54,58.18,57.03,57.98,323841.0,57.687,1685,False
2026-02-27 00:00:00+00:00,57.0,57.49,55.6,56.47,445309.0,56.448,2565,False
2026-03-02 00:00:00+00:00,54.66,56.28,53.8,55.94,904726.0,55.645,4534,False
2026-03-03 00:00:00+00:00,54.32,55.08,50.47,50.91,1603051.0,51.673,10456,False
2026-03-04 00:00:00+00:00,50.97,51.18,48.2,49.05,1028642.0,49.126,6574,False
2026-03-05 00:00:00+00:00,49.16,53.52,48.99,52.94,1092609.0,52.156,5884,False
2026-03-06 00:00:00+00:00,52.0,53.18,50.87,52.12,1348962.0,52.067,6195,False
2026-03-09 00:00:00+00:00,50.2,51.0,48.55,50.31,911146.0,49.746,4990,False
2026-03-10 00:00:00+00:00,50.18,50.82,47.58,48.63,448088.0,48.819,2827,False
2026-03-11 00:00:00+00:00,48.33,48.82,46.99,47.39,658408.0,47.584,2671,False
2026-03-12 00:00:00+00:00,46.41,47.08,45.1,45.53,1312585.0,45.764,8161,False
2026-03-13 00:00:00+00:00,46.0,46.21,45.04,45.5,681520.0,45.518,2690,False
2026-03-16 00:00:00+00:00,45.96,47.23,45.58,45.76,805835.0,46.094,4687,False
2026-03-17 00:00:00+00:00,45.57,47.69,45.01,45.72,700480.0,46.458,3869,False
2026-03-18 00:00:00+00:00,45.06,46.07,42.72,42.88,1135779.0,43.765,7932,False
2026-03-19 00:00:00+00:00,42.3,43.63,42.01,42.75,754862.0,42.904,4331,False
2026-03-20 00:00:00+00:00,42.8,42.8,39.42,39.78,1660634.0,40.421,8877,False
2026-03-23 00:00:00+00:00,40.36,42.85,39.87,40.67,1462840.0,41.445,8164,False
2026-03-24 00:00:00+00:00,40.35,41.0,39.2,39.91,1376888.0,40.002,7829,False
2026-03-25 00:00:00+00:00,40.92,41.49,38.22,39.11,1019613.0,39.471,6225,False
2026-03-26 00:00:00+00:00,38.75,40.09,38.65,40.0,992163.0,39.482,4689,False
2026-03-27 00:00:00+00:00,39.82,40.11,36.03,36.3,1449843.0,37.053,8124,False
2026-03-30 00:00:00+00:00,35.82,36.7,32.67,36.37,2449459.0,35.411,12964,False
2026-03-31 00:00:00+00:00,36.99,37.98,34.63,37.29,1470627.0,36.871,8944,False
2026-04-01 00:00:00+00:00,38.01,39.75,37.51,37.88,1511260.0,38.684,9262,False
2026-04-02 00:00:00+00:00,36.5,40.28,36.5,39.84,1184132.0,39.219,6532,False
2026-04-06 00:00:00+00:00,39.37,42.05,39.37,40.74,1164682.0,41.189,6221,False
2026-04-07 00:00:00+00:00,40.69,40.95,37.41,38.27,1147709.0,38.201,5985,False
2026-04-08 00:00:00+00:00,41.0,44.81,41.0,42.49,1625748.0,43.32,9055,False
2026-04-09 00:00:00+00:00,41.81,42.75,40.6,41.59,706147.0,41.591,4622,False
2026-04-10 00:00:00+00:00,42.06,42.23,40.27,40.85,740513.0,40.886,3575,False
2026-04-13 00:00:00+00:00,40.16,43.26,39.96,43.09,538825.0,42.662,3572,False
2026-04-14 00:00:00+00:00,43.55,44.71,42.75,44.62,1102026.0,44.073,6394,False
2026-04-15 00:00:00+00:00,45.2,47.88,45.12,46.91,1371944.0,47.197,7229,False
2026-04-16 00:00:00+00:00,47.4,48.25,46.84,47.85,1366302.0,47.564,6978,False
2026-04-17 00:00:00+00:00,48.98,51.39,48.98,51.02,1846218.0,50.727,10042,False
2026-04-20 00:00:00+00:00,50.0,50.36,49.08,49.63,601330.0,49.586,3698,False
2026-04-21 00:00:00+00:00,49.21,50.08,47.77,47.98,631228.0,48.73,3764,False
2026-04-22 00:00:00+00:00,48.0,48.06,45.13,45.88,575059.0,46.047,3654,False
2026-04-23 00:00:00+00:00,45.18,45.69,44.66,45.64,356838.0,45.148,2160,False
2026-04-24 00:00:00+00:00,45.6,46.19,44.98,46.02,420315.0,45.715,2794,False
2026-04-27 00:00:00+00:00,46.1,47.65,46.1,47.21,660054.0,47.224,3720,False
2026-04-28 00:00:00+00:00,46.97,47.24,46.51,46.83,669537.0,46.848,4281,False
2026-04-29 00:00:00+00:00,46.47,47.65,46.47,47.54,800624.0,46.917,3993,False
2026-04-30 00:00:00+00:00,47.63,48.13,46.49,47.21,527211.0,47.364,2897,False
2026-05-01 00:00:00+00:00,48.07,49.0,47.56,48.2,556410.0,48.149,2642,False
2026-05-04 00:00:00+00:00,48.2,48.97,46.14,46.86,803182.0,46.889,5000,False
2026-05-05 00:00:00+00:00,46.89,47.6,46.3,47.06,366039.0,46.96,2177,False
2026-05-06 00:00:00+00:00,48.76,50.13,48.37,49.49,293294.0,49.273,1994,False
2026-05-07 00:00:00+00:00,49.49,51.09,49.49,50.51,439800.0,50.513,2453,False
2026-05-08 00:00:00+00:00,49.86,50.49,47.31,47.84,372462.0,47.984,2143,False
2026-05-11 00:00:00+00:00,46.16,47.16,45.2,46.29,534332.0,46.161,2546,False
2026-05-12 00:00:00+00:00,46.0,46.95,44.94,44.97,253717.0,45.47,1662,False
2026-05-13 00:00:00+00:00,44.39,44.76,42.7,43.13,360842.0,43.229,2468,False
2026-05-14 00:00:00+00:00,43.51,44.46,43.04,43.25,495615.0,43.536,1623,False
2026-05-15 00:00:00+00:00,43.03,43.84,42.5,43.3,826482.0,43.122,4987,False
