date,open,high,low,close,volume,average,barCount,is_rth
2018-05-18 00:00:00+00:00,5.48,5.48,5.44,5.45,121939.0,5.449,622,False
2018-05-21 00:00:00+00:00,5.45,5.48,5.42,5.47,124226.0,5.456,535,False
2018-05-22 00:00:00+00:00,5.47,5.47,5.41,5.42,310175.0,5.428,1044,False
2018-05-23 00:00:00+00:00,5.41,5.41,5.38,5.4,205152.0,5.397,830,False
2018-05-24 00:00:00+00:00,5.39,5.4,5.32,5.35,164891.0,5.348,559,False
2018-05-25 00:00:00+00:00,5.31,5.32,5.27,5.3,155294.0,5.293,687,False
2018-05-29 00:00:00+00:00,5.22,5.22,5.15,5.18,587802.0,5.184,1547,False
2018-05-30 00:00:00+00:00,5.21,5.21,5.14,5.2,371681.0,5.179,1557,False
2018-05-31 00:00:00+00:00,5.16,5.17,5.13,5.13,320814.0,5.145,1621,False
2018-06-01 00:00:00+00:00,5.22,5.25,5.21,5.22,196495.0,5.227,864,False
2018-06-04 00:00:00+00:00,5.27,5.29,5.24,5.24,168081.0,5.261,629,False
2018-06-05 00:00:00+00:00,5.23,5.23,5.17,5.2,306525.0,5.181,1230,False
2018-06-06 00:00:00+00:00,5.2,5.23,5.19,5.22,176364.0,5.213,725,False
2018-06-07 00:00:00+00:00,5.24,5.29,5.24,5.25,260657.0,5.272,1044,False
2018-06-08 00:00:00+00:00,5.23,5.23,5.18,5.21,260111.0,5.206,1003,False
2018-06-11 00:00:00+00:00,5.22,5.22,5.18,5.2,229982.0,5.199,637,False
2018-06-12 00:00:00+00:00,5.2,5.21,5.14,5.16,406416.0,5.17,1413,False
2018-06-13 00:00:00+00:00,5.15,5.18,5.14,5.14,205886.0,5.161,778,False
2018-06-14 00:00:00+00:00,5.16,5.17,5.13,5.13,209637.0,5.146,652,False
2018-06-15 00:00:00+00:00,5.09,5.13,5.04,5.06,234740.0,5.072,839,False
2018-06-18 00:00:00+00:00,5.01,5.01,4.97,5.0,182498.0,4.995,724,False
2018-06-19 00:00:00+00:00,4.94,4.95,4.9,4.94,283581.0,4.927,829,False
2018-06-20 00:00:00+00:00,4.96,4.96,4.91,4.92,122417.0,4.921,581,False
2018-06-21 00:00:00+00:00,4.86,4.86,4.82,4.84,188813.0,4.846,627,False
2018-06-22 00:00:00+00:00,4.89,4.89,4.86,4.87,209881.0,4.873,799,False
2018-06-25 00:00:00+00:00,4.9,4.9,4.84,4.86,318871.0,4.855,1052,False
2018-06-26 00:00:00+00:00,4.86,4.92,4.85,4.89,415179.0,4.892,1234,False
2018-06-27 00:00:00+00:00,4.88,4.9,4.81,4.84,335236.0,4.842,1107,False
2018-06-28 00:00:00+00:00,4.79,4.8,4.76,4.79,248017.0,4.784,837,False
2018-06-29 00:00:00+00:00,4.8,4.83,4.79,4.79,169826.0,4.815,543,False
2018-07-02 00:00:00+00:00,4.74,4.79,4.73,4.79,292613.0,4.759,1134,False
2018-07-03 00:00:00+00:00,4.8,4.81,4.76,4.79,114798.0,4.784,565,False
2018-07-05 00:00:00+00:00,4.74,4.78,4.74,4.76,286579.0,4.763,751,False
2018-07-06 00:00:00+00:00,4.76,4.78,4.74,4.78,235741.0,4.77,891,False
2018-07-09 00:00:00+00:00,4.83,4.88,4.82,4.87,410741.0,4.86,1541,False
2018-07-10 00:00:00+00:00,4.86,4.89,4.83,4.88,459480.0,4.87,1510,False
2018-07-11 00:00:00+00:00,4.82,4.84,4.79,4.8,242508.0,4.814,910,False
2018-07-12 00:00:00+00:00,4.76,4.8,4.75,4.78,642520.0,4.783,1698,False
2018-07-13 00:00:00+00:00,4.81,4.85,4.8,4.83,281467.0,4.831,1308,False
2018-07-16 00:00:00+00:00,4.83,4.88,4.83,4.85,303263.0,4.854,998,False
2018-07-17 00:00:00+00:00,4.86,4.91,4.85,4.9,353009.0,4.893,1298,False
2018-07-18 00:00:00+00:00,4.85,4.89,4.83,4.88,284344.0,4.876,1245,False
2018-07-19 00:00:00+00:00,4.89,4.92,4.89,4.91,179640.0,4.911,896,False
2018-07-20 00:00:00+00:00,4.86,4.94,4.85,4.91,176605.0,4.907,871,False
2018-07-23 00:00:00+00:00,4.97,5.03,4.95,5.02,138845.0,5.015,604,False
2018-07-24 00:00:00+00:00,5.02,5.07,5.02,5.03,429392.0,5.045,1509,False
2018-07-25 00:00:00+00:00,5.03,5.1,5.01,5.1,213705.0,5.066,828,False
2018-07-26 00:00:00+00:00,4.9,4.9,4.73,4.76,330160.0,4.775,1147,False
2018-07-27 00:00:00+00:00,4.8,4.8,4.74,4.74,205841.0,4.761,743,False
2018-07-30 00:00:00+00:00,4.76,4.79,4.76,4.78,314632.0,4.778,1144,False
2018-07-31 00:00:00+00:00,4.73,4.79,4.73,4.73,275008.0,4.741,890,False
2018-08-01 00:00:00+00:00,4.72,4.74,4.62,4.67,282344.0,4.679,1149,False
2018-08-02 00:00:00+00:00,4.7,4.72,4.65,4.71,441292.0,4.676,1379,False
2018-08-03 00:00:00+00:00,4.68,4.68,4.63,4.67,302929.0,4.654,1122,False
2018-08-06 00:00:00+00:00,4.64,4.66,4.64,4.65,151524.0,4.651,596,False
2018-08-07 00:00:00+00:00,4.69,4.69,4.65,4.66,174286.0,4.677,653,False
2018-08-08 00:00:00+00:00,4.66,4.67,4.64,4.65,99462.0,4.661,511,False
2018-08-09 00:00:00+00:00,4.67,4.67,4.63,4.65,214580.0,4.642,927,False
2018-08-10 00:00:00+00:00,4.62,4.62,4.55,4.57,290740.0,4.573,1143,False
2018-08-13 00:00:00+00:00,4.55,4.56,4.5,4.54,333419.0,4.531,1134,False
2018-08-14 00:00:00+00:00,4.53,4.53,4.47,4.49,325857.0,4.488,1217,False
2018-08-15 00:00:00+00:00,4.47,4.49,4.43,4.48,229966.0,4.461,827,False
2018-08-16 00:00:00+00:00,4.51,4.54,4.5,4.53,268477.0,4.527,935,False
2018-08-17 00:00:00+00:00,4.55,4.58,4.54,4.58,145838.0,4.569,495,False
2018-08-20 00:00:00+00:00,4.6,4.61,4.57,4.6,142346.0,4.587,579,False
2018-08-21 00:00:00+00:00,4.59,4.63,4.59,4.62,204533.0,4.618,567,False
2018-08-22 00:00:00+00:00,4.62,4.64,4.61,4.62,100521.0,4.628,394,False
2018-08-23 00:00:00+00:00,4.6,4.6,4.55,4.56,153811.0,4.565,614,False
2018-08-24 00:00:00+00:00,4.54,4.56,4.54,4.54,128445.0,4.549,509,False
2018-08-27 00:00:00+00:00,4.58,4.62,4.57,4.61,294318.0,4.605,997,False
2018-08-28 00:00:00+00:00,4.61,4.63,4.58,4.58,212966.0,4.599,658,False
2018-08-29 00:00:00+00:00,4.63,4.67,4.61,4.67,139175.0,4.66,738,False
2018-08-30 00:00:00+00:00,4.62,4.62,4.58,4.61,145103.0,4.603,734,False
2018-08-31 00:00:00+00:00,4.59,4.59,4.56,4.59,189200.0,4.578,609,False
2018-09-04 00:00:00+00:00,4.59,4.6,4.55,4.59,115121.0,4.589,505,False
2018-09-05 00:00:00+00:00,4.57,4.69,4.57,4.64,607068.0,4.641,2062,False
2018-09-06 00:00:00+00:00,4.64,4.64,4.59,4.6,155833.0,4.607,626,False
2018-09-07 00:00:00+00:00,4.61,4.61,4.57,4.58,192081.0,4.579,573,False
2018-09-10 00:00:00+00:00,4.64,4.65,4.59,4.64,190574.0,4.617,691,False
2018-09-11 00:00:00+00:00,4.64,4.67,4.6,4.66,411566.0,4.641,1179,False
2018-09-12 00:00:00+00:00,4.63,4.63,4.6,4.61,319466.0,4.61,775,False
2018-09-13 00:00:00+00:00,4.67,4.67,4.63,4.63,156342.0,4.647,686,False
2018-09-14 00:00:00+00:00,4.72,4.73,4.69,4.73,209009.0,4.708,742,False
2018-09-17 00:00:00+00:00,4.75,4.75,4.71,4.73,346234.0,4.736,1500,False
2018-09-18 00:00:00+00:00,4.86,4.88,4.8,4.86,243560.0,4.862,901,False
2018-09-19 00:00:00+00:00,4.9,4.9,4.87,4.88,278935.0,4.885,1149,False
2018-09-20 00:00:00+00:00,4.98,4.98,4.95,4.97,144251.0,4.963,849,False
2018-09-21 00:00:00+00:00,4.97,4.99,4.95,4.98,120949.0,4.975,477,False
2018-09-24 00:00:00+00:00,4.95,4.98,4.95,4.97,154810.0,4.967,487,False
2018-09-25 00:00:00+00:00,4.99,4.99,4.94,4.94,117044.0,4.957,437,False
2018-09-26 00:00:00+00:00,4.88,4.93,4.8,4.89,122416.0,4.868,410,False
2018-09-27 00:00:00+00:00,4.83,4.88,4.82,4.85,124144.0,4.854,541,False
2018-09-28 00:00:00+00:00,4.8,4.84,4.78,4.78,83983.0,4.798,449,False
2018-10-01 00:00:00+00:00,4.89,4.9,4.85,4.9,325210.0,4.878,1630,False
2018-10-02 00:00:00+00:00,4.84,4.92,4.83,4.9,179306.0,4.888,718,False
2018-10-03 00:00:00+00:00,4.83,4.85,4.82,4.85,140157.0,4.843,629,False
2018-10-04 00:00:00+00:00,4.89,4.9,4.84,4.86,107246.0,4.871,389,False
2018-10-05 00:00:00+00:00,4.94,4.96,4.9,4.93,140150.0,4.93,636,False
2018-10-08 00:00:00+00:00,4.94,4.98,4.91,4.97,148500.0,4.953,754,False
2018-10-09 00:00:00+00:00,4.9,5.05,4.9,4.97,257926.0,4.974,884,False
2018-10-10 00:00:00+00:00,4.97,4.98,4.88,4.89,163963.0,4.923,833,False
2018-10-11 00:00:00+00:00,4.86,4.86,4.74,4.79,195568.0,4.79,863,False
2018-10-12 00:00:00+00:00,4.82,4.82,4.7,4.79,182683.0,4.749,862,False
2018-10-15 00:00:00+00:00,4.76,4.84,4.75,4.81,436758.0,4.816,2058,False
2018-10-16 00:00:00+00:00,4.83,4.93,4.82,4.93,177475.0,4.872,805,False
2018-10-17 00:00:00+00:00,4.96,5.02,4.95,5.0,227178.0,4.991,1007,False
2018-10-18 00:00:00+00:00,4.98,5.0,4.91,4.92,187982.0,4.95,944,False
2018-10-19 00:00:00+00:00,4.93,4.96,4.91,4.93,128070.0,4.933,582,False
2018-10-22 00:00:00+00:00,4.96,4.96,4.9,4.93,189662.0,4.932,857,False
2018-10-23 00:00:00+00:00,4.82,4.94,4.81,4.91,371135.0,4.883,1586,False
2018-10-24 00:00:00+00:00,4.86,4.86,4.7,4.7,179572.0,4.769,814,False
2018-10-25 00:00:00+00:00,4.74,4.86,4.72,4.84,292910.0,4.816,1464,False
2018-10-26 00:00:00+00:00,4.76,4.82,4.73,4.77,321029.0,4.784,1531,False
2018-10-29 00:00:00+00:00,4.78,4.83,4.73,4.78,267759.0,4.784,1250,False
2018-10-30 00:00:00+00:00,4.75,4.82,4.73,4.82,463112.0,4.774,2242,False
2018-10-31 00:00:00+00:00,4.76,4.76,4.66,4.7,182278.0,4.712,992,False
2018-11-01 00:00:00+00:00,4.65,4.7,4.62,4.69,340895.0,4.673,1855,False
2018-11-02 00:00:00+00:00,4.7,4.75,4.61,4.63,226361.0,4.655,1135,False
2018-11-05 00:00:00+00:00,4.72,4.75,4.68,4.73,188247.0,4.72,976,False
2018-11-06 00:00:00+00:00,4.75,4.79,4.75,4.77,328324.0,4.763,1177,False
2018-11-07 00:00:00+00:00,4.71,4.73,4.67,4.72,251578.0,4.695,1343,False
2018-11-08 00:00:00+00:00,4.66,4.7,4.62,4.67,202531.0,4.655,804,False
2018-11-09 00:00:00+00:00,4.63,4.65,4.61,4.65,114475.0,4.632,591,False
2018-11-12 00:00:00+00:00,4.59,4.63,4.53,4.53,167486.0,4.556,893,False
2018-11-13 00:00:00+00:00,4.51,4.6,4.5,4.51,441703.0,4.543,1724,False
2018-11-14 00:00:00+00:00,4.56,4.58,4.49,4.52,217276.0,4.526,1046,False
2018-11-15 00:00:00+00:00,4.48,4.54,4.48,4.52,154103.0,4.525,758,False
2018-11-16 00:00:00+00:00,4.49,4.55,4.49,4.54,101900.0,4.537,630,False
2018-11-19 00:00:00+00:00,4.52,4.55,4.45,4.46,194069.0,4.48,1074,False
2018-11-20 00:00:00+00:00,4.48,4.51,4.46,4.46,323920.0,4.482,1258,False
2018-11-21 00:00:00+00:00,4.51,4.54,4.48,4.52,362930.0,4.512,1535,False
2018-11-23 00:00:00+00:00,4.52,4.52,4.49,4.5,66926.0,4.505,314,False
2018-11-26 00:00:00+00:00,4.56,4.57,4.48,4.53,246693.0,4.509,866,False
2018-11-27 00:00:00+00:00,4.54,4.54,4.47,4.51,427670.0,4.508,1382,False
2018-11-28 00:00:00+00:00,4.56,4.59,4.51,4.56,235095.0,4.557,901,False
2018-11-29 00:00:00+00:00,4.56,4.59,4.53,4.56,187546.0,4.556,875,False
2018-11-30 00:00:00+00:00,4.53,4.53,4.45,4.47,146912.0,4.472,582,False
2018-12-03 00:00:00+00:00,4.55,4.55,4.47,4.48,258152.0,4.49,717,False
2018-12-04 00:00:00+00:00,4.41,4.44,4.2,4.25,918585.0,4.275,3519,False
2018-12-06 00:00:00+00:00,4.13,4.17,4.08,4.16,729759.0,4.127,2235,False
2018-12-07 00:00:00+00:00,4.14,4.19,4.07,4.1,350893.0,4.103,1237,False
2018-12-10 00:00:00+00:00,4.02,4.03,3.96,3.96,716245.0,3.985,2195,False
2018-12-11 00:00:00+00:00,3.99,4.02,3.86,3.92,1019038.0,3.918,3299,False
2018-12-12 00:00:00+00:00,4.05,4.1,4.04,4.05,423171.0,4.067,1954,False
2018-12-13 00:00:00+00:00,4.1,4.11,4.05,4.05,451252.0,4.076,1901,False
2018-12-14 00:00:00+00:00,4.01,4.06,3.98,4.01,354736.0,4.012,1159,False
2018-12-17 00:00:00+00:00,3.99,4.02,3.93,3.94,534256.0,3.966,2104,False
2018-12-18 00:00:00+00:00,4.05,4.05,3.98,4.02,781299.0,4.011,2405,False
2018-12-19 00:00:00+00:00,3.95,3.95,3.8,3.84,688379.0,3.865,2147,False
2018-12-20 00:00:00+00:00,3.74,3.75,3.65,3.69,567398.0,3.684,1883,False
2018-12-21 00:00:00+00:00,3.65,3.7,3.59,3.6,741322.0,3.629,2326,False
2018-12-24 00:00:00+00:00,3.61,3.65,3.57,3.6,383736.0,3.599,1355,False
2018-12-26 00:00:00+00:00,3.67,3.73,3.62,3.72,412067.0,3.685,1673,False
2018-12-27 00:00:00+00:00,3.74,3.79,3.68,3.74,1125381.0,3.711,2934,False
2018-12-28 00:00:00+00:00,3.8,3.82,3.74,3.77,635926.0,3.765,2437,False
2018-12-31 00:00:00+00:00,3.74,3.8,3.71,3.72,1305575.0,3.741,4007,False
2019-01-02 00:00:00+00:00,3.68,3.81,3.66,3.81,302074.0,3.779,1278,False
2019-01-03 00:00:00+00:00,3.82,3.82,3.77,3.8,359463.0,3.791,1613,False
2019-01-04 00:00:00+00:00,3.89,4.01,3.89,4.01,404450.0,3.977,2062,False
2019-01-07 00:00:00+00:00,3.96,3.99,3.92,3.98,284167.0,3.974,1429,False
2019-01-08 00:00:00+00:00,4.03,4.03,3.94,3.99,586195.0,3.97,1856,False
2019-01-09 00:00:00+00:00,3.99,4.0,3.95,4.0,248802.0,3.983,1014,False
2019-01-10 00:00:00+00:00,3.98,4.07,3.98,4.04,238920.0,4.045,749,False
2019-01-11 00:00:00+00:00,3.99,4.07,3.95,4.06,290572.0,4.046,1234,False
2019-01-14 00:00:00+00:00,4.03,4.09,4.01,4.05,403904.0,4.062,1784,False
2019-01-15 00:00:00+00:00,4.11,4.15,4.1,4.12,325128.0,4.131,1259,False
2019-01-16 00:00:00+00:00,4.04,4.07,4.02,4.07,227074.0,4.048,854,False
2019-01-17 00:00:00+00:00,4.1,4.21,4.1,4.18,244600.0,4.17,968,False
2019-01-18 00:00:00+00:00,4.19,4.23,4.19,4.22,213100.0,4.21,956,False
2019-01-22 00:00:00+00:00,4.12,4.15,4.09,4.13,340030.0,4.116,1603,False
2019-01-23 00:00:00+00:00,4.13,4.14,4.1,4.13,219302.0,4.125,693,False
2019-01-24 00:00:00+00:00,4.14,4.19,4.14,4.17,143544.0,4.173,588,False
2019-01-25 00:00:00+00:00,4.17,4.19,4.14,4.16,160446.0,4.16,674,False
2019-01-28 00:00:00+00:00,4.12,4.15,4.1,4.11,322786.0,4.121,1059,False
2019-01-29 00:00:00+00:00,4.06,4.07,4.01,4.04,303843.0,4.04,1023,False
2019-01-30 00:00:00+00:00,4.04,4.04,4.0,4.02,158745.0,4.018,574,False
2019-01-31 00:00:00+00:00,3.91,3.95,3.71,3.76,500798.0,3.771,1918,False
2019-02-01 00:00:00+00:00,3.86,3.89,3.85,3.85,274570.0,3.864,1069,False
2019-02-04 00:00:00+00:00,3.97,4.01,3.97,3.99,275437.0,3.989,1168,False
2019-02-05 00:00:00+00:00,3.98,4.0,3.96,3.98,278613.0,3.98,1138,False
2019-02-06 00:00:00+00:00,3.99,4.01,3.99,4.0,128134.0,3.997,494,False
2019-02-07 00:00:00+00:00,3.93,3.93,3.86,3.89,288673.0,3.881,1174,False
2019-02-08 00:00:00+00:00,3.83,3.83,3.76,3.79,237213.0,3.785,800,False
2019-02-11 00:00:00+00:00,3.81,3.83,3.8,3.8,283801.0,3.814,1086,False
2019-02-12 00:00:00+00:00,3.93,4.0,3.93,3.98,746904.0,3.972,1894,False
2019-02-13 00:00:00+00:00,4.06,4.06,3.99,3.99,119654.0,4.007,586,False
2019-02-14 00:00:00+00:00,3.94,3.96,3.93,3.94,231294.0,3.939,1196,False
2019-02-15 00:00:00+00:00,3.95,3.97,3.92,3.97,329174.0,3.937,1533,False
2019-02-19 00:00:00+00:00,4.03,4.07,4.02,4.06,128777.0,4.051,420,False
2019-02-20 00:00:00+00:00,4.0,4.01,3.98,4.01,325071.0,4.0,1707,False
2019-02-21 00:00:00+00:00,4.01,4.02,3.99,4.0,158425.0,4.007,706,False
2019-02-22 00:00:00+00:00,4.0,4.0,3.96,3.96,141381.0,3.977,648,False
2019-02-25 00:00:00+00:00,4.01,4.03,3.99,3.99,192267.0,4.002,748,False
2019-02-26 00:00:00+00:00,3.96,4.01,3.96,3.98,302157.0,3.991,1064,False
2019-02-27 00:00:00+00:00,3.98,3.99,3.97,3.99,58670.0,3.976,267,False
2019-02-28 00:00:00+00:00,3.87,3.96,3.87,3.9,335736.0,3.91,867,False
2019-03-01 00:00:00+00:00,3.91,3.93,3.9,3.92,151677.0,3.915,563,False
2019-03-04 00:00:00+00:00,3.91,3.92,3.86,3.92,292896.0,3.9,966,False
2019-03-05 00:00:00+00:00,3.91,3.93,3.88,3.91,199187.0,3.902,647,False
2019-03-06 00:00:00+00:00,3.89,3.91,3.87,3.9,125796.0,3.896,422,False
2019-03-07 00:00:00+00:00,3.83,3.83,3.77,3.8,260698.0,3.795,909,False
2019-03-08 00:00:00+00:00,3.71,3.74,3.67,3.74,181127.0,3.713,683,False
2019-03-11 00:00:00+00:00,3.71,3.73,3.67,3.71,343247.0,3.714,1007,False
2019-03-12 00:00:00+00:00,3.77,3.81,3.76,3.8,589544.0,3.786,1872,False
2019-03-13 00:00:00+00:00,3.72,3.75,3.68,3.73,182314.0,3.725,578,False
2019-03-14 00:00:00+00:00,3.7,3.73,3.7,3.71,145346.0,3.72,518,False
2019-03-15 00:00:00+00:00,3.74,3.76,3.72,3.75,374276.0,3.737,1237,False
2019-03-18 00:00:00+00:00,3.75,3.8,3.75,3.79,247120.0,3.782,941,False
2019-03-19 00:00:00+00:00,3.8,3.82,3.77,3.78,393252.0,3.798,1228,False
2019-03-20 00:00:00+00:00,3.7,3.72,3.65,3.68,300606.0,3.681,963,False
2019-03-21 00:00:00+00:00,3.68,3.73,3.66,3.72,354408.0,3.7,1039,False
2019-03-22 00:00:00+00:00,3.71,3.71,3.65,3.66,304710.0,3.668,1007,False
2019-03-25 00:00:00+00:00,3.65,3.65,3.6,3.62,448405.0,3.624,1471,False
2019-03-26 00:00:00+00:00,3.68,3.69,3.61,3.64,680654.0,3.633,2224,False
2019-03-27 00:00:00+00:00,3.71,3.73,3.63,3.64,528450.0,3.671,1688,False
2019-03-28 00:00:00+00:00,3.66,3.66,3.57,3.59,444338.0,3.584,1099,False
2019-03-29 00:00:00+00:00,3.64,3.64,3.57,3.59,267140.0,3.587,1076,False
2019-04-01 00:00:00+00:00,3.64,3.7,3.63,3.68,456542.0,3.664,1286,False
2019-04-02 00:00:00+00:00,3.7,3.74,3.67,3.72,578347.0,3.697,1737,False
2019-04-03 00:00:00+00:00,3.78,3.8,3.78,3.8,203597.0,3.795,648,False
2019-04-04 00:00:00+00:00,3.77,3.78,3.72,3.76,175621.0,3.756,738,False
2019-04-05 00:00:00+00:00,3.73,3.74,3.72,3.72,115962.0,3.731,498,False
2019-04-08 00:00:00+00:00,3.69,3.7,3.65,3.69,266303.0,3.671,729,False
2019-04-09 00:00:00+00:00,3.65,3.65,3.62,3.64,369061.0,3.633,941,False
2019-04-10 00:00:00+00:00,3.65,3.67,3.62,3.66,469269.0,3.645,1336,False
2019-04-11 00:00:00+00:00,3.69,3.71,3.66,3.69,206678.0,3.679,698,False
2019-04-12 00:00:00+00:00,3.73,3.79,3.73,3.77,205051.0,3.763,845,False
2019-04-15 00:00:00+00:00,3.77,3.81,3.75,3.8,302935.0,3.786,770,False
2019-04-16 00:00:00+00:00,3.82,3.85,3.81,3.84,365881.0,3.834,1075,False
2019-04-17 00:00:00+00:00,3.92,3.99,3.9,3.94,729475.0,3.947,2228,False
2019-04-18 00:00:00+00:00,3.93,3.95,3.88,3.91,320379.0,3.904,1275,False
2019-04-22 00:00:00+00:00,3.84,3.85,3.81,3.83,81004.0,3.831,295,False
2019-04-23 00:00:00+00:00,3.86,3.88,3.84,3.88,204542.0,3.865,834,False
2019-04-24 00:00:00+00:00,3.73,3.73,3.68,3.7,288255.0,3.702,1276,False
2019-04-25 00:00:00+00:00,3.66,3.66,3.59,3.62,360700.0,3.62,1173,False
2019-04-26 00:00:00+00:00,3.71,3.75,3.69,3.75,412568.0,3.72,1178,False
2019-04-29 00:00:00+00:00,3.74,3.82,3.73,3.8,364711.0,3.789,1240,False
2019-04-30 00:00:00+00:00,3.77,3.82,3.74,3.8,260961.0,3.788,1032,False
2019-05-01 00:00:00+00:00,3.79,3.8,3.75,3.76,123829.0,3.774,432,False
2019-05-02 00:00:00+00:00,3.76,3.77,3.72,3.76,157388.0,3.742,591,False
2019-05-03 00:00:00+00:00,3.77,3.8,3.76,3.79,146393.0,3.792,688,False
2019-05-06 00:00:00+00:00,3.71,3.79,3.68,3.78,276595.0,3.763,1170,False
2019-05-07 00:00:00+00:00,3.69,3.72,3.65,3.67,290442.0,3.669,1269,False
2019-05-08 00:00:00+00:00,3.58,3.7,3.57,3.65,1120891.0,3.641,4158,False
2019-05-09 00:00:00+00:00,3.51,3.54,3.47,3.51,623270.0,3.507,2345,False
2019-05-10 00:00:00+00:00,3.49,3.52,3.47,3.51,459457.0,3.492,1090,False
2019-05-13 00:00:00+00:00,3.48,3.48,3.38,3.38,786422.0,3.419,1124,False
2019-05-14 00:00:00+00:00,3.43,3.45,3.41,3.44,591078.0,3.434,1876,False
2019-05-15 00:00:00+00:00,3.37,3.39,3.35,3.36,703679.0,3.365,1827,False
2019-05-16 00:00:00+00:00,3.28,3.28,3.15,3.23,7273476.0,3.166,1821,False
2019-05-17 00:00:00+00:00,3.22,3.24,3.19,3.19,558293.0,3.212,1727,False
2019-05-20 00:00:00+00:00,3.23,3.23,3.17,3.19,593348.0,3.188,2105,False
2019-05-21 00:00:00+00:00,3.22,3.26,3.18,3.2,866385.0,3.196,2138,False
2019-05-22 00:00:00+00:00,3.16,3.18,3.12,3.16,635994.0,3.151,1736,False
2019-05-23 00:00:00+00:00,3.12,3.13,3.08,3.12,494031.0,3.113,1539,False
2019-05-24 00:00:00+00:00,3.12,3.24,3.12,3.22,334703.0,3.217,1413,False
2019-05-28 00:00:00+00:00,3.22,3.24,3.19,3.21,543906.0,3.214,2280,False
2019-05-29 00:00:00+00:00,3.17,3.19,3.12,3.16,1087269.0,3.154,3037,False
2019-05-30 00:00:00+00:00,3.18,3.21,3.16,3.17,605369.0,3.17,1644,False
2019-05-31 00:00:00+00:00,3.11,3.12,3.08,3.11,314765.0,3.099,986,False
2019-06-03 00:00:00+00:00,3.06,3.09,3.05,3.05,468255.0,3.07,1626,False
2019-06-04 00:00:00+00:00,3.09,3.13,3.09,3.11,558951.0,3.116,1999,False
2019-06-05 00:00:00+00:00,3.18,3.2,3.16,3.17,471113.0,3.178,1806,False
2019-06-06 00:00:00+00:00,3.16,3.18,3.14,3.17,255209.0,3.16,982,False
2019-06-07 00:00:00+00:00,3.21,3.23,3.2,3.22,387353.0,3.213,915,False
2019-06-10 00:00:00+00:00,3.22,3.24,3.2,3.21,426256.0,3.222,1107,False
2019-06-11 00:00:00+00:00,3.34,3.34,3.24,3.32,1846436.0,3.286,5736,False
2019-06-12 00:00:00+00:00,3.31,3.31,3.24,3.27,569828.0,3.261,1393,False
2019-06-13 00:00:00+00:00,3.23,3.26,3.22,3.24,355885.0,3.243,1281,False
2019-06-14 00:00:00+00:00,3.24,3.24,3.2,3.2,236114.0,3.209,785,False
2019-06-17 00:00:00+00:00,3.2,3.21,3.18,3.19,496552.0,3.202,1376,False
2019-06-18 00:00:00+00:00,3.34,3.4,3.33,3.36,849212.0,3.361,2079,False
2019-06-19 00:00:00+00:00,3.44,3.48,3.44,3.47,399723.0,3.466,932,False
2019-06-20 00:00:00+00:00,3.52,3.52,3.47,3.51,499508.0,3.487,1156,False
2019-06-21 00:00:00+00:00,3.5,3.51,3.47,3.5,375590.0,3.49,1163,False
2019-06-24 00:00:00+00:00,3.5,3.52,3.49,3.51,222443.0,3.507,717,False
2019-06-25 00:00:00+00:00,3.45,3.5,3.44,3.48,328545.0,3.477,932,False
2019-06-26 00:00:00+00:00,3.48,3.5,3.46,3.49,170827.0,3.486,523,False
2019-06-27 00:00:00+00:00,3.52,3.59,3.52,3.58,139791.0,3.574,480,False
2019-06-28 00:00:00+00:00,3.54,3.55,3.53,3.55,158704.0,3.542,550,False
2019-07-01 00:00:00+00:00,3.57,3.6,3.54,3.59,361399.0,3.573,1255,False
2019-07-02 00:00:00+00:00,3.56,3.59,3.55,3.56,372571.0,3.573,1098,False
2019-07-03 00:00:00+00:00,3.53,3.57,3.53,3.56,152757.0,3.559,439,False
2019-07-05 00:00:00+00:00,3.51,3.57,3.51,3.55,216890.0,3.548,635,False
2019-07-08 00:00:00+00:00,3.5,3.56,3.5,3.55,303950.0,3.546,881,False
2019-07-09 00:00:00+00:00,3.53,3.56,3.53,3.55,369957.0,3.548,1045,False
2019-07-10 00:00:00+00:00,3.55,3.55,3.52,3.54,304806.0,3.533,997,False
2019-07-11 00:00:00+00:00,3.52,3.53,3.5,3.52,248417.0,3.513,709,False
2019-07-12 00:00:00+00:00,3.51,3.52,3.5,3.52,205371.0,3.513,837,False
2019-07-15 00:00:00+00:00,3.52,3.52,3.5,3.52,216033.0,3.515,959,False
2019-07-16 00:00:00+00:00,3.52,3.52,3.46,3.47,627883.0,3.484,1909,False
2019-07-17 00:00:00+00:00,3.44,3.47,3.43,3.44,590864.0,3.449,1735,False
2019-07-18 00:00:00+00:00,3.36,3.38,3.33,3.38,248620.0,3.366,1209,False
2019-07-19 00:00:00+00:00,3.42,3.45,3.41,3.43,160186.0,3.428,771,False
2019-07-22 00:00:00+00:00,3.43,3.44,3.41,3.41,387993.0,3.427,1517,False
2019-07-23 00:00:00+00:00,3.4,3.46,3.38,3.41,1292675.0,3.428,3213,False
2019-07-24 00:00:00+00:00,3.36,3.39,3.35,3.37,539516.0,3.373,1705,False
2019-07-25 00:00:00+00:00,3.34,3.36,3.3,3.31,305724.0,3.327,1130,False
2019-07-26 00:00:00+00:00,3.25,3.28,3.24,3.27,212603.0,3.259,877,False
2019-07-29 00:00:00+00:00,3.23,3.25,3.2,3.2,474134.0,3.218,1567,False
2019-07-30 00:00:00+00:00,3.2,3.21,3.18,3.2,397702.0,3.197,1418,False
2019-07-31 00:00:00+00:00,3.37,3.5,3.33,3.37,2069803.0,3.376,4481,False
2019-08-01 00:00:00+00:00,3.46,3.49,3.38,3.43,975198.0,3.431,2891,False
2019-08-02 00:00:00+00:00,3.49,3.5,3.45,3.49,291352.0,3.48,983,False
2019-08-05 00:00:00+00:00,3.46,3.5,3.46,3.48,395606.0,3.479,1446,False
2019-08-06 00:00:00+00:00,3.57,3.64,3.57,3.63,896623.0,3.609,2469,False
2019-08-07 00:00:00+00:00,3.59,3.66,3.58,3.65,717690.0,3.628,1727,False
2019-08-08 00:00:00+00:00,3.64,3.67,3.62,3.66,597877.0,3.655,1911,False
2019-08-09 00:00:00+00:00,3.59,3.6,3.56,3.58,542782.0,3.575,1820,False
2019-08-12 00:00:00+00:00,3.56,3.57,3.53,3.54,346767.0,3.557,1110,False
2019-08-13 00:00:00+00:00,3.49,3.57,3.47,3.52,605166.0,3.539,1876,False
2019-08-14 00:00:00+00:00,3.42,3.44,3.4,3.41,698630.0,3.422,1964,False
2019-08-15 00:00:00+00:00,3.44,3.48,3.44,3.46,1014857.0,3.458,2420,False
2019-08-16 00:00:00+00:00,3.6,3.7,3.6,3.68,885757.0,3.676,2094,False
2019-08-19 00:00:00+00:00,3.72,3.74,3.71,3.72,643579.0,3.726,1558,False
2019-08-20 00:00:00+00:00,3.77,3.82,3.77,3.78,1401549.0,3.791,3424,False
2019-08-21 00:00:00+00:00,3.78,3.78,3.73,3.75,465730.0,3.751,1291,False
2019-08-22 00:00:00+00:00,3.8,3.84,3.8,3.83,269113.0,3.826,937,False
2019-08-23 00:00:00+00:00,3.83,3.88,3.8,3.81,439249.0,3.837,1079,False
2019-08-26 00:00:00+00:00,3.87,3.9,3.85,3.86,290192.0,3.869,814,False
2019-08-27 00:00:00+00:00,3.9,3.93,3.88,3.89,715226.0,3.898,2381,False
2019-08-28 00:00:00+00:00,3.91,3.97,3.91,3.94,447662.0,3.948,1623,False
2019-08-29 00:00:00+00:00,3.97,3.97,3.92,3.95,532773.0,3.95,1556,False
2019-08-30 00:00:00+00:00,4.04,4.06,4.02,4.06,403775.0,4.048,1365,False
2019-09-03 00:00:00+00:00,4.09,4.13,4.07,4.13,627329.0,4.097,2215,False
2019-09-04 00:00:00+00:00,4.14,4.18,4.14,4.18,1037194.0,4.166,3300,False
2019-09-05 00:00:00+00:00,4.17,4.23,4.17,4.2,468963.0,4.196,1612,False
2019-09-06 00:00:00+00:00,4.18,4.19,4.14,4.15,378470.0,4.162,1407,False
2019-09-09 00:00:00+00:00,4.18,4.21,4.17,4.19,443018.0,4.193,1446,False
2019-09-10 00:00:00+00:00,4.25,4.29,4.25,4.28,397092.0,4.277,1247,False
2019-09-11 00:00:00+00:00,4.45,4.49,4.44,4.47,395894.0,4.463,1112,False
2019-09-12 00:00:00+00:00,4.42,4.46,4.41,4.45,255146.0,4.436,837,False
2019-09-13 00:00:00+00:00,4.43,4.43,4.4,4.41,257589.0,4.41,928,False
2019-09-16 00:00:00+00:00,4.41,4.42,4.37,4.37,219803.0,4.392,646,False
2019-09-17 00:00:00+00:00,4.37,4.41,4.37,4.4,173994.0,4.392,597,False
2019-09-18 00:00:00+00:00,4.3,4.32,4.28,4.31,197855.0,4.299,701,False
2019-09-19 00:00:00+00:00,4.4,4.43,4.39,4.39,128545.0,4.403,523,False
2019-09-20 00:00:00+00:00,4.43,4.44,4.4,4.42,194683.0,4.426,792,False
2019-09-23 00:00:00+00:00,4.38,4.44,4.38,4.42,130407.0,4.416,476,False
2019-09-24 00:00:00+00:00,4.33,4.36,4.29,4.31,168609.0,4.317,586,False
2019-09-25 00:00:00+00:00,4.29,4.32,4.27,4.31,129137.0,4.299,493,False
2019-09-26 00:00:00+00:00,4.34,4.38,4.33,4.35,113008.0,4.348,455,False
2019-09-27 00:00:00+00:00,4.29,4.3,4.24,4.26,125553.0,4.268,531,False
2019-09-30 00:00:00+00:00,4.24,4.29,4.23,4.25,110032.0,4.247,641,False
2019-10-01 00:00:00+00:00,4.34,4.36,4.29,4.3,210343.0,4.316,837,False
2019-10-02 00:00:00+00:00,4.32,4.34,4.27,4.3,186212.0,4.298,671,False
2019-10-03 00:00:00+00:00,4.27,4.31,4.25,4.29,178881.0,4.282,660,False
2019-10-04 00:00:00+00:00,4.34,4.37,4.32,4.37,208203.0,4.339,890,False
2019-10-07 00:00:00+00:00,4.34,4.35,4.31,4.32,145581.0,4.332,609,False
2019-10-08 00:00:00+00:00,4.32,4.35,4.3,4.31,151396.0,4.326,740,False
2019-10-09 00:00:00+00:00,4.31,4.33,4.3,4.32,97411.0,4.317,495,False
2019-10-10 00:00:00+00:00,4.35,4.38,4.33,4.37,173123.0,4.363,686,False
2019-10-11 00:00:00+00:00,4.48,4.53,4.47,4.51,160187.0,4.503,716,False
2019-10-14 00:00:00+00:00,4.47,4.51,4.47,4.48,62069.0,4.489,355,False
2019-10-15 00:00:00+00:00,4.54,4.57,4.5,4.56,95396.0,4.555,468,False
2019-10-16 00:00:00+00:00,4.5,4.52,4.49,4.5,144851.0,4.505,715,False
2019-10-17 00:00:00+00:00,4.49,4.5,4.45,4.46,87720.0,4.469,498,False
2019-10-18 00:00:00+00:00,4.45,4.48,4.44,4.47,104566.0,4.456,487,False
2019-10-21 00:00:00+00:00,4.53,4.57,4.53,4.56,96352.0,4.552,570,False
2019-10-22 00:00:00+00:00,4.59,4.59,4.56,4.57,110601.0,4.578,585,False
2019-10-23 00:00:00+00:00,4.6,4.66,4.6,4.65,169852.0,4.639,864,False
2019-10-24 00:00:00+00:00,4.68,4.68,4.62,4.64,253451.0,4.645,1487,False
2019-10-25 00:00:00+00:00,4.58,4.6,4.56,4.58,81695.0,4.579,438,False
2019-10-28 00:00:00+00:00,4.62,4.65,4.62,4.65,118337.0,4.637,623,False
2019-10-29 00:00:00+00:00,4.79,4.82,4.73,4.74,187840.0,4.777,667,False
2019-10-30 00:00:00+00:00,4.69,4.71,4.64,4.7,108703.0,4.683,576,False
2019-10-31 00:00:00+00:00,4.56,4.56,4.52,4.55,129184.0,4.54,769,False
2019-11-01 00:00:00+00:00,4.62,4.62,4.59,4.61,66161.0,4.61,433,False
2019-11-04 00:00:00+00:00,4.66,4.66,4.61,4.63,145590.0,4.638,653,False
2019-11-05 00:00:00+00:00,4.68,4.7,4.67,4.68,64321.0,4.687,333,False
2019-11-06 00:00:00+00:00,4.72,4.75,4.71,4.74,102602.0,4.734,465,False
2019-11-07 00:00:00+00:00,4.77,4.8,4.77,4.8,88740.0,4.789,444,False
2019-11-08 00:00:00+00:00,4.76,4.8,4.75,4.78,108478.0,4.774,550,False
2019-11-11 00:00:00+00:00,4.74,4.77,4.72,4.76,57768.0,4.75,368,False
2019-11-12 00:00:00+00:00,4.75,4.79,4.74,4.76,80040.0,4.763,479,False
2019-11-13 00:00:00+00:00,4.78,4.84,4.78,4.83,112801.0,4.804,554,False
2019-11-14 00:00:00+00:00,4.82,4.85,4.8,4.85,48436.0,4.831,285,False
2019-11-15 00:00:00+00:00,4.88,4.96,4.88,4.94,214311.0,4.941,872,False
2019-11-18 00:00:00+00:00,4.9,4.9,4.88,4.9,81247.0,4.891,450,False
2019-11-19 00:00:00+00:00,4.95,4.97,4.95,4.97,89610.0,4.962,566,False
2019-11-20 00:00:00+00:00,4.98,5.02,4.98,4.99,111684.0,5.005,658,False
2019-11-21 00:00:00+00:00,4.99,4.99,4.94,4.98,52324.0,4.96,292,False
2019-11-22 00:00:00+00:00,5.02,5.08,5.02,5.05,186729.0,5.06,765,False
2019-11-25 00:00:00+00:00,5.09,5.14,5.09,5.12,98420.0,5.121,536,False
2019-11-26 00:00:00+00:00,5.09,5.1,5.06,5.06,78474.0,5.074,383,False
2019-11-27 00:00:00+00:00,5.09,5.09,5.05,5.07,55133.0,5.069,345,False
2019-11-29 00:00:00+00:00,5.11,5.15,5.1,5.13,53947.0,5.129,216,False
2019-12-02 00:00:00+00:00,5.13,5.14,5.04,5.07,123610.0,5.07,432,False
2019-12-03 00:00:00+00:00,5.07,5.12,5.05,5.1,93846.0,5.086,501,False
2019-12-04 00:00:00+00:00,5.08,5.1,5.06,5.07,65280.0,5.083,412,False
2019-12-05 00:00:00+00:00,5.13,5.13,5.1,5.11,78912.0,5.11,439,False
2019-12-06 00:00:00+00:00,5.2,5.25,5.2,5.25,104737.0,5.238,566,False
2019-12-09 00:00:00+00:00,5.2,5.22,5.16,5.17,120564.0,5.184,505,False
2019-12-10 00:00:00+00:00,5.18,5.23,5.18,5.22,74846.0,5.211,339,False
2019-12-11 00:00:00+00:00,5.21,5.22,5.16,5.19,65605.0,5.188,271,False
2019-12-12 00:00:00+00:00,5.13,5.18,5.1,5.18,111521.0,5.158,436,False
2019-12-13 00:00:00+00:00,5.09,5.13,5.03,5.09,101605.0,5.094,539,False
2019-12-16 00:00:00+00:00,5.11,5.14,5.1,5.1,63509.0,5.116,519,False
2019-12-17 00:00:00+00:00,5.19,5.19,5.09,5.15,194632.0,5.133,988,False
2019-12-18 00:00:00+00:00,5.2,5.28,5.16,5.27,101152.0,5.258,489,False
2019-12-19 00:00:00+00:00,5.15,5.17,5.13,5.16,95840.0,5.152,611,False
2019-12-20 00:00:00+00:00,5.16,5.17,5.13,5.14,79918.0,5.151,396,False
2019-12-23 00:00:00+00:00,5.13,5.13,5.09,5.13,108725.0,5.116,598,False
2019-12-24 00:00:00+00:00,5.12,5.12,5.08,5.1,47430.0,5.112,247,False
2019-12-26 00:00:00+00:00,5.12,5.12,5.09,5.11,81649.0,5.112,204,False
2019-12-27 00:00:00+00:00,5.14,5.15,5.12,5.12,55121.0,5.135,169,False
2019-12-30 00:00:00+00:00,5.17,5.17,5.13,5.15,57846.0,5.154,236,False
2019-12-31 00:00:00+00:00,5.12,5.16,5.08,5.16,51901.0,5.142,267,False
2020-01-02 00:00:00+00:00,5.21,5.21,5.18,5.21,91560.0,5.203,473,False
2020-01-03 00:00:00+00:00,5.12,5.18,5.1,5.15,68548.0,5.146,350,False
2020-01-06 00:00:00+00:00,5.11,5.17,5.11,5.15,121606.0,5.155,506,False
2020-01-07 00:00:00+00:00,5.14,5.18,5.12,5.15,63845.0,5.151,314,False
2020-01-08 00:00:00+00:00,5.2,5.26,5.19,5.23,87175.0,5.241,444,False
2020-01-09 00:00:00+00:00,5.25,5.25,5.22,5.24,65718.0,5.24,325,False
2020-01-10 00:00:00+00:00,5.27,5.3,5.25,5.28,94778.0,5.27,456,False
2020-01-13 00:00:00+00:00,5.27,5.31,5.24,5.3,74028.0,5.292,467,False
2020-01-14 00:00:00+00:00,5.29,5.31,5.26,5.28,74842.0,5.288,366,False
2020-01-15 00:00:00+00:00,5.23,5.24,5.2,5.21,77333.0,5.223,332,False
2020-01-16 00:00:00+00:00,5.14,5.16,5.1,5.16,67593.0,5.146,276,False
2020-01-17 00:00:00+00:00,5.16,5.19,5.16,5.18,43720.0,5.179,268,False
2020-01-21 00:00:00+00:00,5.19,5.19,5.16,5.19,126167.0,5.176,670,False
2020-01-22 00:00:00+00:00,5.22,5.25,5.21,5.23,63126.0,5.23,330,False
2020-01-23 00:00:00+00:00,5.25,5.25,5.21,5.23,65466.0,5.234,294,False
2020-01-24 00:00:00+00:00,5.2,5.2,5.06,5.09,289456.0,5.104,1180,False
2020-01-27 00:00:00+00:00,5.09,5.09,5.05,5.08,107219.0,5.073,427,False
2020-01-28 00:00:00+00:00,5.09,5.14,5.08,5.14,50840.0,5.122,244,False
2020-01-29 00:00:00+00:00,5.15,5.22,5.15,5.19,121436.0,5.193,413,False
2020-01-30 00:00:00+00:00,5.21,5.41,5.18,5.39,99691.0,5.312,392,False
2020-01-31 00:00:00+00:00,5.18,5.19,5.1,5.14,112751.0,5.13,529,False
2020-02-03 00:00:00+00:00,5.12,5.15,5.06,5.06,76382.0,5.098,341,False
2020-02-04 00:00:00+00:00,5.03,5.03,4.96,4.97,149867.0,4.98,653,False
2020-02-05 00:00:00+00:00,5.02,5.03,5.0,5.01,74217.0,5.015,284,False
2020-02-06 00:00:00+00:00,5.07,5.1,5.06,5.08,73771.0,5.085,362,False
2020-02-07 00:00:00+00:00,5.1,5.12,5.09,5.09,71990.0,5.106,350,False
2020-02-10 00:00:00+00:00,5.11,5.14,5.1,5.13,74074.0,5.117,317,False
2020-02-11 00:00:00+00:00,5.15,5.17,5.15,5.15,166233.0,5.156,698,False
2020-02-12 00:00:00+00:00,5.18,5.21,5.17,5.19,170524.0,5.193,806,False
2020-02-13 00:00:00+00:00,5.12,5.13,5.08,5.13,127349.0,5.106,536,False
2020-02-14 00:00:00+00:00,5.11,5.11,5.06,5.06,78487.0,5.074,488,False
2020-02-18 00:00:00+00:00,5.06,5.08,5.0,5.08,99846.0,5.051,368,False
2020-02-19 00:00:00+00:00,5.08,5.1,5.06,5.08,115518.0,5.083,425,False
2020-02-20 00:00:00+00:00,5.06,5.09,5.03,5.07,69621.0,5.057,326,False
2020-02-21 00:00:00+00:00,5.03,5.03,4.99,5.0,51129.0,5.004,217,False
2020-02-24 00:00:00+00:00,4.8,4.86,4.76,4.8,173320.0,4.82,600,False
2020-02-25 00:00:00+00:00,4.8,4.8,4.68,4.69,132265.0,4.724,621,False
2020-02-26 00:00:00+00:00,4.75,4.79,4.72,4.76,122805.0,4.763,618,False
2020-02-27 00:00:00+00:00,4.57,4.58,4.47,4.49,241813.0,4.531,1025,False
2020-02-28 00:00:00+00:00,4.33,4.43,4.29,4.43,227161.0,4.358,986,False
2020-03-02 00:00:00+00:00,4.51,4.58,4.45,4.58,235090.0,4.524,754,False
2020-03-03 00:00:00+00:00,4.55,4.6,4.42,4.48,368323.0,4.502,1571,False
2020-03-04 00:00:00+00:00,4.52,4.57,4.47,4.57,339022.0,4.526,1566,False
2020-03-05 00:00:00+00:00,4.46,4.52,4.45,4.49,257642.0,4.484,1206,False
2020-03-06 00:00:00+00:00,4.24,4.32,4.21,4.24,293427.0,4.252,1257,False
2020-03-09 00:00:00+00:00,3.75,4.0,3.75,3.86,430082.0,3.909,1666,False
2020-03-10 00:00:00+00:00,4.15,4.26,4.05,4.25,492709.0,4.139,1921,False
2020-03-11 00:00:00+00:00,4.09,4.12,3.99,4.02,459557.0,4.05,2107,False
2020-03-12 00:00:00+00:00,3.77,3.77,3.57,3.6,653120.0,3.637,2703,False
2020-03-13 00:00:00+00:00,3.83,3.86,3.73,3.83,453406.0,3.784,1579,False
2020-03-16 00:00:00+00:00,3.55,3.88,3.55,3.67,648840.0,3.735,3237,False
2020-03-17 00:00:00+00:00,3.79,3.98,3.74,3.97,916397.0,3.893,3849,False
2020-03-18 00:00:00+00:00,3.69,3.88,3.64,3.76,425900.0,3.724,2052,False
2020-03-19 00:00:00+00:00,3.85,4.08,3.8,3.96,780001.0,3.985,3721,False
2020-03-20 00:00:00+00:00,4.09,4.11,3.89,3.92,691340.0,4.008,2846,False
2020-03-23 00:00:00+00:00,3.86,3.89,3.71,3.76,619517.0,3.795,2567,False
2020-03-24 00:00:00+00:00,4.13,4.3,4.1,4.29,630665.0,4.249,2695,False
2020-03-25 00:00:00+00:00,4.37,4.5,4.23,4.41,538482.0,4.411,2582,False
2020-03-26 00:00:00+00:00,4.49,4.52,4.4,4.52,424361.0,4.465,1997,False
2020-03-27 00:00:00+00:00,4.34,4.45,4.25,4.38,301961.0,4.376,1786,False
2020-03-30 00:00:00+00:00,4.44,4.56,4.39,4.52,442817.0,4.492,2181,False
2020-03-31 00:00:00+00:00,4.24,4.36,4.19,4.27,414237.0,4.302,2016,False
2020-04-01 00:00:00+00:00,3.99,4.08,3.95,3.98,322943.0,4.014,1556,False
2020-04-02 00:00:00+00:00,3.87,3.92,3.79,3.91,343968.0,3.882,1599,False
2020-04-03 00:00:00+00:00,3.84,3.85,3.77,3.79,349613.0,3.796,1644,False
2020-04-06 00:00:00+00:00,4.05,4.16,4.02,4.15,511671.0,4.117,2172,False
2020-04-07 00:00:00+00:00,4.35,4.35,4.14,4.16,643974.0,4.216,2596,False
2020-04-08 00:00:00+00:00,4.2,4.22,4.15,4.18,556155.0,4.183,2949,False
2020-04-09 00:00:00+00:00,4.13,4.2,4.06,4.08,544520.0,4.116,2343,False
2020-04-13 00:00:00+00:00,4.04,4.04,3.96,3.99,366698.0,3.987,1915,False
2020-04-14 00:00:00+00:00,4.07,4.11,4.01,4.06,493471.0,4.077,2257,False
2020-04-15 00:00:00+00:00,3.92,3.94,3.87,3.89,475398.0,3.889,2160,False
2020-04-16 00:00:00+00:00,3.83,3.83,3.77,3.8,256535.0,3.797,1165,False
2020-04-17 00:00:00+00:00,3.84,3.87,3.81,3.84,299826.0,3.833,1217,False
2020-04-20 00:00:00+00:00,3.86,3.94,3.83,3.84,346760.0,3.89,1413,False
2020-04-21 00:00:00+00:00,3.94,4.01,3.87,3.87,496618.0,3.911,2040,False
2020-04-22 00:00:00+00:00,4.04,4.05,3.99,4.0,241858.0,4.014,909,False
2020-04-23 00:00:00+00:00,4.04,4.08,4.0,4.01,190241.0,4.032,863,False
2020-04-24 00:00:00+00:00,4.0,4.0,3.91,3.93,247833.0,3.935,1087,False
2020-04-27 00:00:00+00:00,3.97,4.06,3.97,4.02,324979.0,4.028,1217,False
2020-04-28 00:00:00+00:00,4.11,4.11,4.04,4.07,399485.0,4.074,2011,False
2020-04-29 00:00:00+00:00,4.18,4.21,4.14,4.16,197800.0,4.182,773,False
2020-04-30 00:00:00+00:00,4.21,4.22,4.11,4.14,346340.0,4.155,1375,False
2020-05-01 00:00:00+00:00,4.11,4.14,4.06,4.11,205684.0,4.094,863,False
2020-05-04 00:00:00+00:00,4.07,4.09,4.01,4.01,309797.0,4.024,1428,False
2020-05-05 00:00:00+00:00,4.09,4.11,4.04,4.07,357748.0,4.066,1186,False
2020-05-06 00:00:00+00:00,4.11,4.11,4.03,4.03,205346.0,4.058,1012,False
2020-05-07 00:00:00+00:00,4.08,4.09,3.99,4.04,414467.0,4.016,1649,False
2020-05-08 00:00:00+00:00,4.16,4.16,4.08,4.1,161033.0,4.098,738,False
2020-05-11 00:00:00+00:00,4.0,4.0,3.9,3.97,324768.0,3.963,1286,False
2020-05-12 00:00:00+00:00,3.93,3.94,3.82,3.83,353620.0,3.866,1765,False
2020-05-13 00:00:00+00:00,3.89,3.89,3.79,3.82,240292.0,3.83,1092,False
2020-05-14 00:00:00+00:00,3.78,3.82,3.74,3.8,230378.0,3.791,930,False
2020-05-15 00:00:00+00:00,3.76,3.78,3.71,3.73,265097.0,3.738,1061,False
2020-05-18 00:00:00+00:00,3.85,3.89,3.79,3.87,399560.0,3.855,1681,False
2020-05-19 00:00:00+00:00,3.92,3.93,3.82,3.84,759037.0,3.86,3149,False
2020-05-20 00:00:00+00:00,3.92,3.94,3.87,3.89,244581.0,3.903,982,False
2020-05-21 00:00:00+00:00,3.92,3.92,3.86,3.88,193191.0,3.886,1009,False
2020-05-22 00:00:00+00:00,3.86,3.86,3.8,3.83,225618.0,3.827,1017,False
2020-05-26 00:00:00+00:00,4.02,4.07,3.97,4.04,348548.0,4.034,1428,False
2020-05-27 00:00:00+00:00,4.29,4.31,4.23,4.28,426280.0,4.263,1855,False
2020-05-28 00:00:00+00:00,4.34,4.4,4.32,4.35,199789.0,4.36,1008,False
2020-05-29 00:00:00+00:00,4.26,4.27,4.21,4.26,255558.0,4.244,1104,False
2020-06-01 00:00:00+00:00,4.37,4.42,4.36,4.41,144517.0,4.399,512,False
2020-06-02 00:00:00+00:00,4.55,4.59,4.51,4.56,465004.0,4.539,2033,False
2020-06-03 00:00:00+00:00,4.47,4.51,4.47,4.48,283695.0,4.487,995,False
2020-06-04 00:00:00+00:00,4.46,4.47,4.41,4.44,185123.0,4.436,797,False
2020-06-05 00:00:00+00:00,4.57,4.61,4.55,4.59,215685.0,4.583,843,False
2020-06-08 00:00:00+00:00,4.69,4.76,4.68,4.74,159300.0,4.73,751,False
2020-06-09 00:00:00+00:00,4.64,4.65,4.59,4.63,191665.0,4.624,825,False
2020-06-10 00:00:00+00:00,4.66,4.67,4.59,4.61,184538.0,4.62,909,False
2020-06-11 00:00:00+00:00,4.42,4.44,4.28,4.29,262084.0,4.343,1153,False
2020-06-12 00:00:00+00:00,4.4,4.43,4.32,4.4,249868.0,4.372,1297,False
2020-06-15 00:00:00+00:00,4.3,4.37,4.28,4.34,170686.0,4.332,833,False
2020-06-16 00:00:00+00:00,4.44,4.44,4.28,4.36,425316.0,4.357,1872,False
2020-06-17 00:00:00+00:00,4.39,4.42,4.36,4.39,358045.0,4.393,1371,False
2020-06-18 00:00:00+00:00,4.41,4.44,4.37,4.43,245197.0,4.418,1219,False
2020-06-19 00:00:00+00:00,4.49,4.49,4.42,4.44,198860.0,4.447,952,False
2020-06-22 00:00:00+00:00,4.5,4.52,4.47,4.51,166230.0,4.503,709,False
2020-06-23 00:00:00+00:00,4.61,4.61,4.54,4.56,246126.0,4.566,1270,False
2020-06-24 00:00:00+00:00,4.49,4.49,4.41,4.44,130435.0,4.449,718,False
2020-06-25 00:00:00+00:00,4.39,4.43,4.35,4.42,118572.0,4.404,637,False
2020-06-26 00:00:00+00:00,4.58,4.58,4.47,4.49,194335.0,4.504,764,False
2020-06-29 00:00:00+00:00,4.53,4.58,4.53,4.57,342679.0,4.559,1563,False
2020-06-30 00:00:00+00:00,4.45,4.46,4.42,4.44,249353.0,4.439,986,False
2020-07-01 00:00:00+00:00,4.43,4.43,4.39,4.41,193805.0,4.415,876,False
2020-07-02 00:00:00+00:00,4.45,4.5,4.43,4.44,131503.0,4.459,634,False
2020-07-06 00:00:00+00:00,4.54,4.55,4.51,4.55,102944.0,4.531,480,False
2020-07-07 00:00:00+00:00,4.53,4.54,4.5,4.51,100431.0,4.527,591,False
2020-07-08 00:00:00+00:00,4.54,4.6,4.54,4.59,113224.0,4.57,622,False
2020-07-09 00:00:00+00:00,4.62,4.64,4.55,4.59,105807.0,4.584,465,False
2020-07-10 00:00:00+00:00,4.56,4.56,4.48,4.55,96811.0,4.536,415,False
2020-07-13 00:00:00+00:00,4.57,4.58,4.51,4.52,109395.0,4.548,561,False
2020-07-14 00:00:00+00:00,4.59,4.63,4.57,4.63,112240.0,4.601,484,False
2020-07-15 00:00:00+00:00,4.58,4.63,4.57,4.58,139898.0,4.6,520,False
2020-07-16 00:00:00+00:00,4.54,4.55,4.53,4.55,74985.0,4.54,449,False
2020-07-17 00:00:00+00:00,4.56,4.58,4.56,4.56,89240.0,4.569,505,False
2020-07-20 00:00:00+00:00,4.6,4.63,4.59,4.63,70068.0,4.614,311,False
2020-07-21 00:00:00+00:00,4.6,4.6,4.57,4.58,181630.0,4.587,821,False
2020-07-22 00:00:00+00:00,4.57,4.6,4.55,4.6,72056.0,4.58,293,False
2020-07-23 00:00:00+00:00,4.59,4.6,4.54,4.57,107718.0,4.567,463,False
2020-07-24 00:00:00+00:00,4.54,4.57,4.5,4.55,128217.0,4.554,489,False
2020-07-27 00:00:00+00:00,4.57,4.58,4.53,4.56,99310.0,4.561,377,False
2020-07-28 00:00:00+00:00,4.52,4.56,4.51,4.54,228512.0,4.539,946,False
2020-07-29 00:00:00+00:00,4.79,5.08,4.75,4.99,310011.0,4.995,1160,False
2020-07-30 00:00:00+00:00,4.72,4.75,4.68,4.75,170088.0,4.72,923,False
2020-07-31 00:00:00+00:00,4.71,4.71,4.66,4.69,170076.0,4.682,983,False
2020-08-03 00:00:00+00:00,4.78,4.82,4.71,4.81,141122.0,4.787,604,False
2020-08-04 00:00:00+00:00,4.81,4.87,4.81,4.86,84447.0,4.846,382,False
2020-08-05 00:00:00+00:00,4.89,4.93,4.87,4.91,126378.0,4.914,726,False
2020-08-06 00:00:00+00:00,4.91,4.95,4.9,4.94,203481.0,4.921,1054,False
2020-08-07 00:00:00+00:00,4.91,4.93,4.87,4.92,94459.0,4.905,471,False
2020-08-10 00:00:00+00:00,4.91,4.95,4.88,4.95,83571.0,4.941,412,False
2020-08-11 00:00:00+00:00,5.07,5.19,5.06,5.11,646268.0,5.142,1951,False
2020-08-12 00:00:00+00:00,5.13,5.15,5.11,5.11,207355.0,5.123,654,False
2020-08-13 00:00:00+00:00,5.06,5.09,5.04,5.06,174195.0,5.07,744,False
2020-08-14 00:00:00+00:00,5.04,5.07,5.03,5.04,44197.0,5.052,217,False
2020-08-17 00:00:00+00:00,5.09,5.09,5.06,5.07,72948.0,5.079,365,False
2020-08-18 00:00:00+00:00,5.09,5.09,5.05,5.07,101378.0,5.062,477,False
2020-08-19 00:00:00+00:00,5.1,5.16,5.1,5.12,141641.0,5.13,632,False
2020-08-20 00:00:00+00:00,5.06,5.09,5.05,5.09,85644.0,5.078,354,False
2020-08-21 00:00:00+00:00,5.07,5.09,5.06,5.07,70124.0,5.071,346,False
2020-08-24 00:00:00+00:00,5.14,5.16,5.12,5.15,202840.0,5.147,633,False
2020-08-25 00:00:00+00:00,5.15,5.15,5.12,5.13,71940.0,5.129,424,False
2020-08-26 00:00:00+00:00,5.13,5.19,5.13,5.17,70679.0,5.17,382,False
2020-08-27 00:00:00+00:00,5.16,5.16,5.11,5.13,67574.0,5.131,337,False
2020-08-28 00:00:00+00:00,5.15,5.17,5.13,5.16,102881.0,5.155,432,False
2020-08-31 00:00:00+00:00,5.16,5.17,5.13,5.16,65182.0,5.156,243,False
2020-09-01 00:00:00+00:00,5.16,5.18,5.14,5.17,64798.0,5.168,339,False
2020-09-02 00:00:00+00:00,5.16,5.18,5.12,5.17,110311.0,5.154,589,False
2020-09-03 00:00:00+00:00,5.15,5.16,5.06,5.09,84236.0,5.101,396,False
2020-09-04 00:00:00+00:00,5.14,5.18,5.08,5.15,174337.0,5.129,762,False
2020-09-08 00:00:00+00:00,5.06,5.1,5.03,5.04,95940.0,5.054,404,False
2020-09-09 00:00:00+00:00,5.06,5.12,5.06,5.1,127014.0,5.093,825,False
2020-09-10 00:00:00+00:00,5.1,5.12,5.08,5.09,72738.0,5.094,291,False
2020-09-11 00:00:00+00:00,5.11,5.13,5.09,5.11,94575.0,5.118,458,False
2020-09-14 00:00:00+00:00,5.07,5.1,5.06,5.06,135299.0,5.077,655,False
2020-09-15 00:00:00+00:00,5.07,5.07,5.03,5.04,92908.0,5.045,422,False
2020-09-16 00:00:00+00:00,4.98,5.0,4.93,4.94,129487.0,4.964,469,False
2020-09-17 00:00:00+00:00,4.97,5.0,4.96,4.98,79721.0,4.984,358,False
2020-09-18 00:00:00+00:00,4.93,4.93,4.88,4.91,67369.0,4.898,343,False
2020-09-21 00:00:00+00:00,4.79,4.8,4.74,4.8,114118.0,4.775,516,False
2020-09-22 00:00:00+00:00,4.81,4.83,4.76,4.83,82513.0,4.794,383,False
2020-09-23 00:00:00+00:00,4.8,4.82,4.72,4.72,166371.0,4.765,723,False
2020-09-24 00:00:00+00:00,4.7,4.75,4.68,4.74,106280.0,4.724,486,False
2020-09-25 00:00:00+00:00,4.72,4.77,4.69,4.77,68363.0,4.726,315,False
2020-09-28 00:00:00+00:00,4.86,4.89,4.84,4.87,90412.0,4.869,367,False
2020-09-29 00:00:00+00:00,4.79,4.81,4.73,4.73,122853.0,4.755,520,False
2020-09-30 00:00:00+00:00,4.61,4.61,4.56,4.58,112414.0,4.591,365,False
2020-10-01 00:00:00+00:00,4.58,4.6,4.56,4.57,246596.0,4.578,830,False
2020-10-02 00:00:00+00:00,4.52,4.58,4.52,4.56,133459.0,4.567,697,False
2020-10-05 00:00:00+00:00,4.64,4.68,4.63,4.65,157975.0,4.655,611,False
2020-10-06 00:00:00+00:00,4.67,4.67,4.59,4.6,179232.0,4.625,871,False
2020-10-07 00:00:00+00:00,4.67,4.69,4.65,4.69,66966.0,4.674,309,False
2020-10-08 00:00:00+00:00,4.72,4.74,4.69,4.72,77229.0,4.716,327,False
2020-10-09 00:00:00+00:00,4.62,4.63,4.57,4.59,146574.0,4.604,692,False
2020-10-12 00:00:00+00:00,4.63,4.65,4.61,4.64,96057.0,4.631,309,False
2020-10-13 00:00:00+00:00,4.64,4.65,4.62,4.63,73648.0,4.63,361,False
2020-10-14 00:00:00+00:00,4.64,4.65,4.6,4.61,67314.0,4.622,266,False
2020-10-15 00:00:00+00:00,4.57,4.6,4.56,4.6,75018.0,4.587,399,False
2020-10-16 00:00:00+00:00,4.62,4.67,4.62,4.66,68997.0,4.653,306,False
2020-10-19 00:00:00+00:00,4.66,4.69,4.63,4.63,62556.0,4.656,188,False
2020-10-20 00:00:00+00:00,4.63,4.65,4.63,4.63,59203.0,4.64,277,False
2020-10-21 00:00:00+00:00,4.67,4.73,4.67,4.71,86216.0,4.71,303,False
2020-10-22 00:00:00+00:00,4.69,4.7,4.66,4.68,72287.0,4.686,273,False
2020-10-23 00:00:00+00:00,4.73,4.74,4.71,4.73,70710.0,4.728,229,False
2020-10-26 00:00:00+00:00,4.69,4.69,4.62,4.66,73491.0,4.639,347,False
2020-10-27 00:00:00+00:00,4.67,4.7,4.66,4.68,185781.0,4.678,773,False
2020-10-28 00:00:00+00:00,4.62,4.66,4.48,4.52,579114.0,4.516,1328,False
2020-10-29 00:00:00+00:00,4.53,4.53,4.48,4.48,128009.0,4.492,603,False
2020-10-30 00:00:00+00:00,4.44,4.52,4.43,4.46,644084.0,4.49,1431,False
2020-11-02 00:00:00+00:00,4.59,4.63,4.58,4.63,159718.0,4.608,639,False
2020-11-03 00:00:00+00:00,4.69,4.81,4.65,4.77,591596.0,4.779,1785,False
2020-11-04 00:00:00+00:00,4.71,4.76,4.69,4.7,116761.0,4.737,633,False
2020-11-05 00:00:00+00:00,4.75,4.8,4.75,4.76,90884.0,4.767,446,False
2020-11-06 00:00:00+00:00,4.82,4.85,4.8,4.82,76761.0,4.824,367,False
2020-11-09 00:00:00+00:00,5.03,5.07,4.94,4.94,298961.0,4.975,1337,False
2020-11-10 00:00:00+00:00,5.04,5.14,5.03,5.12,183798.0,5.099,784,False
2020-11-11 00:00:00+00:00,5.13,5.16,5.11,5.12,128124.0,5.139,579,False
2020-11-12 00:00:00+00:00,4.94,4.96,4.9,4.9,169546.0,4.931,715,False
2020-11-13 00:00:00+00:00,4.85,4.93,4.83,4.9,94918.0,4.881,360,False
2020-11-16 00:00:00+00:00,4.99,5.01,4.96,4.98,87561.0,4.988,402,False
2020-11-17 00:00:00+00:00,5.03,5.12,5.03,5.1,107599.0,5.099,406,False
2020-11-18 00:00:00+00:00,5.04,5.08,4.99,4.99,97221.0,5.039,384,False
2020-11-19 00:00:00+00:00,4.93,4.96,4.91,4.96,74292.0,4.944,428,False
2020-11-20 00:00:00+00:00,4.95,4.97,4.93,4.96,70200.0,4.948,328,False
2020-11-23 00:00:00+00:00,5.01,5.03,4.97,5.0,241603.0,5.002,1088,False
2020-11-24 00:00:00+00:00,5.1,5.16,5.1,5.14,130555.0,5.141,640,False
2020-11-25 00:00:00+00:00,5.14,5.16,5.13,5.15,61878.0,5.152,235,False
2020-11-27 00:00:00+00:00,5.19,5.19,5.14,5.16,71422.0,5.16,328,False
2020-11-30 00:00:00+00:00,5.11,5.13,5.01,5.01,127418.0,5.044,671,False
2020-12-01 00:00:00+00:00,5.25,5.32,5.24,5.31,141865.0,5.29,619,False
2020-12-02 00:00:00+00:00,5.36,5.41,5.35,5.41,77566.0,5.397,352,False
2020-12-03 00:00:00+00:00,5.38,5.42,5.33,5.39,135137.0,5.395,801,False
2020-12-04 00:00:00+00:00,5.42,5.46,5.41,5.45,96570.0,5.439,510,False
2020-12-07 00:00:00+00:00,5.32,5.34,5.28,5.31,112167.0,5.305,446,False
2020-12-08 00:00:00+00:00,5.31,5.31,5.26,5.29,122171.0,5.29,334,False
2020-12-09 00:00:00+00:00,5.25,5.25,5.19,5.22,103273.0,5.22,442,False
2020-12-10 00:00:00+00:00,5.26,5.3,5.25,5.3,77240.0,5.279,314,False
2020-12-11 00:00:00+00:00,5.3,5.31,5.25,5.29,80787.0,5.279,327,False
2020-12-14 00:00:00+00:00,5.25,5.28,5.22,5.23,135408.0,5.244,393,False
2020-12-15 00:00:00+00:00,5.21,5.23,5.18,5.22,126351.0,5.212,650,False
2020-12-16 00:00:00+00:00,5.22,5.24,5.21,5.22,84149.0,5.226,366,False
2020-12-17 00:00:00+00:00,5.22,5.23,5.21,5.22,47384.0,5.222,238,False
2020-12-18 00:00:00+00:00,5.2,5.2,5.16,5.17,97798.0,5.178,259,False
2020-12-21 00:00:00+00:00,5.09,5.13,5.04,5.13,128767.0,5.102,333,False
2020-12-22 00:00:00+00:00,5.13,5.13,5.08,5.11,88559.0,5.094,392,False
2020-12-23 00:00:00+00:00,5.14,5.19,5.11,5.19,57806.0,5.167,253,False
2020-12-24 00:00:00+00:00,5.22,5.23,5.21,5.22,35763.0,5.218,124,False
2020-12-28 00:00:00+00:00,5.23,5.24,5.2,5.21,58160.0,5.207,248,False
2020-12-29 00:00:00+00:00,5.24,5.25,5.22,5.24,152362.0,5.237,495,False
2020-12-30 00:00:00+00:00,5.29,5.34,5.29,5.3,78950.0,5.32,386,False
2020-12-31 00:00:00+00:00,5.33,5.34,5.3,5.33,67391.0,5.326,411,False
2021-01-04 00:00:00+00:00,5.3,5.31,5.22,5.22,175958.0,5.243,688,False
2021-01-05 00:00:00+00:00,5.42,5.52,5.4,5.51,151069.0,5.494,711,False
2021-01-06 00:00:00+00:00,5.62,5.68,5.57,5.66,115999.0,5.66,529,False
2021-01-07 00:00:00+00:00,5.68,5.73,5.65,5.72,229745.0,5.708,1045,False
2021-01-08 00:00:00+00:00,5.82,5.83,5.76,5.82,130517.0,5.795,454,False
2021-01-11 00:00:00+00:00,5.8,5.85,5.8,5.82,192606.0,5.823,863,False
2021-01-12 00:00:00+00:00,5.65,5.69,5.62,5.68,318866.0,5.656,1503,False
2021-01-13 00:00:00+00:00,5.64,5.66,5.62,5.65,163143.0,5.646,869,False
2021-01-14 00:00:00+00:00,5.73,5.82,5.73,5.8,188600.0,5.8,879,False
2021-01-15 00:00:00+00:00,5.73,5.75,5.68,5.71,189368.0,5.713,890,False
2021-01-19 00:00:00+00:00,5.63,5.63,5.56,5.6,172959.0,5.594,682,False
2021-01-20 00:00:00+00:00,5.54,5.57,5.51,5.57,136212.0,5.543,483,False
2021-01-21 00:00:00+00:00,5.6,5.61,5.5,5.55,171926.0,5.536,853,False
2021-01-22 00:00:00+00:00,5.5,5.51,5.44,5.47,166408.0,5.469,706,False
2021-01-25 00:00:00+00:00,5.46,5.47,5.4,5.45,170228.0,5.449,850,False
2021-01-26 00:00:00+00:00,5.46,5.46,5.42,5.46,145695.0,5.443,727,False
2021-01-27 00:00:00+00:00,5.38,5.38,5.28,5.3,211307.0,5.33,932,False
2021-01-28 00:00:00+00:00,5.28,5.37,5.28,5.34,237536.0,5.341,977,False
2021-01-29 00:00:00+00:00,5.38,5.41,5.31,5.36,253783.0,5.36,1181,False
2021-02-01 00:00:00+00:00,5.28,5.34,5.27,5.34,200522.0,5.317,1012,False
2021-02-02 00:00:00+00:00,5.27,5.33,5.25,5.33,179239.0,5.299,722,False
2021-02-03 00:00:00+00:00,5.53,5.75,5.52,5.75,283567.0,5.666,1024,False
2021-02-04 00:00:00+00:00,5.65,5.68,5.61,5.64,162627.0,5.646,769,False
2021-02-05 00:00:00+00:00,5.67,5.69,5.64,5.67,219183.0,5.662,861,False
2021-02-08 00:00:00+00:00,5.74,5.93,5.74,5.9,2037727.0,5.888,5206,False
2021-02-09 00:00:00+00:00,6.0,6.13,6.0,6.1,783022.0,6.089,3129,False
2021-02-10 00:00:00+00:00,6.15,6.17,6.06,6.13,435291.0,6.125,1243,False
2021-02-11 00:00:00+00:00,6.15,6.17,6.09,6.13,389949.0,6.13,1870,False
2021-02-12 00:00:00+00:00,6.17,6.31,6.17,6.25,940789.0,6.281,2524,False
2021-02-16 00:00:00+00:00,6.23,6.28,6.19,6.2,477951.0,6.228,2090,False
2021-02-17 00:00:00+00:00,6.2,6.22,6.16,6.2,165979.0,6.19,617,False
2021-02-18 00:00:00+00:00,5.97,6.0,5.93,6.0,345054.0,5.973,953,False
2021-02-19 00:00:00+00:00,5.96,5.98,5.94,5.95,167227.0,5.962,720,False
2021-02-22 00:00:00+00:00,6.0,6.13,6.0,6.08,278757.0,6.076,1083,False
2021-02-23 00:00:00+00:00,6.03,6.1,5.96,6.08,331616.0,6.046,1660,False
2021-02-24 00:00:00+00:00,6.02,6.09,6.01,6.07,167315.0,6.056,767,False
2021-02-25 00:00:00+00:00,6.03,6.03,5.89,5.93,298134.0,5.957,1456,False
2021-02-26 00:00:00+00:00,5.97,5.97,5.85,5.88,141130.0,5.902,643,False
2021-03-01 00:00:00+00:00,5.97,5.99,5.94,5.98,99972.0,5.977,521,False
2021-03-02 00:00:00+00:00,5.96,5.97,5.92,5.95,76705.0,5.95,426,False
2021-03-03 00:00:00+00:00,5.98,6.08,5.98,6.05,295963.0,6.043,1402,False
2021-03-04 00:00:00+00:00,6.07,6.08,5.92,6.01,424643.0,5.994,1664,False
2021-03-05 00:00:00+00:00,6.04,6.05,5.94,6.05,187808.0,6.006,1024,False
2021-03-08 00:00:00+00:00,6.18,6.26,6.18,6.2,273453.0,6.213,1413,False
2021-03-09 00:00:00+00:00,6.31,6.33,6.27,6.3,188676.0,6.299,735,False
2021-03-10 00:00:00+00:00,6.34,6.36,6.31,6.36,285282.0,6.34,1561,False
2021-03-11 00:00:00+00:00,6.21,6.24,6.16,6.22,225473.0,6.21,722,False
2021-03-12 00:00:00+00:00,6.21,6.23,6.18,6.23,217412.0,6.211,1161,False
2021-03-15 00:00:00+00:00,6.23,6.33,6.18,6.26,407252.0,6.228,1517,False
2021-03-16 00:00:00+00:00,6.24,6.24,6.17,6.21,194940.0,6.192,943,False
2021-03-17 00:00:00+00:00,6.11,6.18,6.1,6.17,290481.0,6.142,1160,False
2021-03-18 00:00:00+00:00,6.31,6.43,6.3,6.38,356577.0,6.386,1633,False
2021-03-19 00:00:00+00:00,6.43,6.47,6.39,6.46,340942.0,6.428,1635,False
2021-03-22 00:00:00+00:00,6.47,6.53,6.47,6.5,296413.0,6.503,1486,False
2021-03-23 00:00:00+00:00,6.51,6.54,6.45,6.47,222106.0,6.492,892,False
2021-03-24 00:00:00+00:00,6.43,6.44,6.39,6.4,225734.0,6.412,936,False
2021-03-25 00:00:00+00:00,6.49,6.63,6.46,6.61,308600.0,6.546,1388,False
2021-03-26 00:00:00+00:00,6.65,6.72,6.61,6.61,532650.0,6.655,2031,False
2021-03-29 00:00:00+00:00,5.72,5.79,5.64,5.68,3026940.0,5.717,7126,False
2021-03-30 00:00:00+00:00,5.58,5.62,5.53,5.55,1892265.0,5.568,5726,False
2021-03-31 00:00:00+00:00,5.37,5.4,5.32,5.36,1800830.0,5.373,6085,False
2021-04-01 00:00:00+00:00,5.37,5.39,5.32,5.36,1244721.0,5.36,4427,False
2021-04-05 00:00:00+00:00,5.47,5.49,5.43,5.46,1035594.0,5.458,3177,False
2021-04-06 00:00:00+00:00,5.44,5.48,5.41,5.41,746636.0,5.435,2722,False
2021-04-07 00:00:00+00:00,5.39,5.39,5.33,5.37,643064.0,5.359,2324,False
2021-04-08 00:00:00+00:00,5.33,5.34,5.3,5.3,757084.0,5.316,2872,False
2021-04-09 00:00:00+00:00,5.39,5.42,5.36,5.41,445233.0,5.393,1328,False
2021-04-12 00:00:00+00:00,5.39,5.39,5.33,5.34,379512.0,5.357,1324,False
2021-04-13 00:00:00+00:00,5.37,5.37,5.32,5.36,300821.0,5.345,1138,False
2021-04-14 00:00:00+00:00,5.3,5.33,5.28,5.3,550714.0,5.303,1859,False
2021-04-15 00:00:00+00:00,5.37,5.39,5.33,5.38,441395.0,5.366,1438,False
2021-04-16 00:00:00+00:00,5.38,5.41,5.36,5.39,445683.0,5.394,2050,False
2021-04-19 00:00:00+00:00,5.35,5.36,5.27,5.33,1055262.0,5.309,3903,False
2021-04-20 00:00:00+00:00,5.28,5.29,5.21,5.25,1307980.0,5.233,5404,False
2021-04-21 00:00:00+00:00,5.2,5.29,5.2,5.28,523032.0,5.251,2482,False
2021-04-22 00:00:00+00:00,5.3,5.34,5.27,5.29,554616.0,5.297,2001,False
2021-04-23 00:00:00+00:00,5.3,5.42,5.3,5.41,436452.0,5.39,1875,False
2021-04-26 00:00:00+00:00,5.34,5.37,5.33,5.35,291200.0,5.348,1146,False
2021-04-27 00:00:00+00:00,5.42,5.46,5.33,5.39,446425.0,5.377,1223,False
2021-04-28 00:00:00+00:00,5.39,5.47,5.37,5.47,350694.0,5.439,971,False
2021-04-29 00:00:00+00:00,5.54,5.57,5.49,5.54,498732.0,5.52,1492,False
2021-04-30 00:00:00+00:00,5.48,5.48,5.4,5.44,373349.0,5.434,1460,False
2021-05-03 00:00:00+00:00,5.46,5.48,5.42,5.44,287196.0,5.442,1042,False
2021-05-04 00:00:00+00:00,5.38,5.43,5.36,5.43,277067.0,5.395,1095,False
2021-05-05 00:00:00+00:00,5.41,5.52,5.41,5.47,724706.0,5.468,2227,False
2021-05-06 00:00:00+00:00,5.45,5.45,5.38,5.44,349996.0,5.407,1224,False
2021-05-07 00:00:00+00:00,5.32,5.32,5.26,5.3,484467.0,5.289,1647,False
2021-05-10 00:00:00+00:00,5.32,5.39,5.32,5.33,213422.0,5.354,700,False
2021-05-11 00:00:00+00:00,5.29,5.3,5.24,5.28,344239.0,5.275,1224,False
2021-05-12 00:00:00+00:00,5.26,5.26,5.13,5.14,486793.0,5.183,1971,False
2021-05-13 00:00:00+00:00,5.17,5.33,5.17,5.32,568836.0,5.279,2024,False
2021-05-14 00:00:00+00:00,5.36,5.37,5.3,5.37,240344.0,5.346,811,False
2021-05-17 00:00:00+00:00,5.35,5.38,5.33,5.35,257784.0,5.353,1044,False
2021-05-18 00:00:00+00:00,5.37,5.45,5.37,5.37,315140.0,5.418,1156,False
2021-05-19 00:00:00+00:00,5.38,5.43,5.35,5.42,316234.0,5.402,1474,False
2021-05-20 00:00:00+00:00,5.43,5.55,5.43,5.53,532530.0,5.498,1863,False
2021-05-21 00:00:00+00:00,5.52,5.53,5.48,5.52,167375.0,5.51,709,False
2021-05-24 00:00:00+00:00,5.56,5.57,5.53,5.56,182874.0,5.551,648,False
2021-05-25 00:00:00+00:00,5.6,5.65,5.59,5.62,284007.0,5.621,1136,False
2021-05-26 00:00:00+00:00,5.6,5.61,5.57,5.6,458295.0,5.591,1612,False
2021-05-27 00:00:00+00:00,5.6,5.63,5.56,5.6,332509.0,5.606,1329,False
2021-05-28 00:00:00+00:00,5.56,5.57,5.52,5.55,209643.0,5.538,757,False
2021-06-01 00:00:00+00:00,5.53,5.55,5.49,5.49,475645.0,5.521,1925,False
2021-06-02 00:00:00+00:00,5.51,5.59,5.51,5.58,613484.0,5.55,2240,False
2021-06-03 00:00:00+00:00,5.54,5.58,5.52,5.57,365178.0,5.547,1603,False
2021-06-04 00:00:00+00:00,5.6,5.6,5.52,5.54,391334.0,5.538,1871,False
2021-06-07 00:00:00+00:00,5.56,5.58,5.54,5.57,187768.0,5.567,677,False
2021-06-08 00:00:00+00:00,5.56,5.56,5.5,5.52,114959.0,5.52,508,False
2021-06-09 00:00:00+00:00,5.49,5.49,5.4,5.41,233778.0,5.435,761,False
2021-06-10 00:00:00+00:00,5.46,5.47,5.42,5.42,120445.0,5.446,429,False
2021-06-11 00:00:00+00:00,5.4,5.43,5.4,5.43,120336.0,5.417,556,False
2021-06-14 00:00:00+00:00,5.48,5.48,5.41,5.44,312896.0,5.434,1308,False
2021-06-15 00:00:00+00:00,5.41,5.41,5.37,5.37,207045.0,5.378,848,False
2021-06-16 00:00:00+00:00,5.36,5.36,5.29,5.33,466730.0,5.323,1440,False
2021-06-17 00:00:00+00:00,5.33,5.35,5.27,5.27,468799.0,5.302,1645,False
2021-06-18 00:00:00+00:00,5.2,5.2,5.11,5.12,327127.0,5.137,909,False
2021-06-21 00:00:00+00:00,5.16,5.2,5.12,5.17,318241.0,5.161,1082,False
2021-06-22 00:00:00+00:00,5.19,5.22,5.15,5.15,292576.0,5.171,1412,False
2021-06-23 00:00:00+00:00,5.15,5.17,5.11,5.11,386365.0,5.131,1301,False
2021-06-24 00:00:00+00:00,5.19,5.25,5.16,5.18,725538.0,5.185,2798,False
2021-06-25 00:00:00+00:00,5.22,5.23,5.18,5.21,293362.0,5.203,1369,False
2021-06-28 00:00:00+00:00,5.26,5.28,5.18,5.19,513263.0,5.208,2254,False
2021-06-29 00:00:00+00:00,5.18,5.22,5.15,5.19,356019.0,5.171,1672,False
2021-06-30 00:00:00+00:00,5.14,5.15,5.08,5.09,333163.0,5.098,1093,False
2021-07-01 00:00:00+00:00,5.14,5.14,5.07,5.13,426963.0,5.105,1440,False
2021-07-02 00:00:00+00:00,5.1,5.13,5.09,5.12,343820.0,5.11,1725,False
2021-07-06 00:00:00+00:00,5.07,5.08,4.93,4.99,812134.0,4.977,2960,False
2021-07-07 00:00:00+00:00,4.97,4.98,4.91,4.95,372642.0,4.945,1317,False
2021-07-08 00:00:00+00:00,4.87,4.89,4.85,4.88,431076.0,4.864,1272,False
2021-07-09 00:00:00+00:00,4.93,5.08,4.93,5.05,774293.0,5.037,2947,False
2021-07-12 00:00:00+00:00,5.02,5.02,4.99,5.0,232518.0,5.009,874,False
2021-07-13 00:00:00+00:00,5.07,5.08,5.01,5.02,359728.0,5.029,1186,False
2021-07-14 00:00:00+00:00,5.03,5.04,5.0,5.0,200294.0,5.013,730,False
2021-07-15 00:00:00+00:00,4.98,4.98,4.92,4.93,494354.0,4.937,1964,False
2021-07-16 00:00:00+00:00,4.97,5.0,4.94,4.95,397344.0,4.962,1403,False
2021-07-19 00:00:00+00:00,4.95,4.95,4.89,4.93,828963.0,4.914,2527,False
2021-07-20 00:00:00+00:00,4.94,5.01,4.92,5.0,344989.0,4.991,1202,False
2021-07-21 00:00:00+00:00,4.98,5.07,4.98,5.06,211027.0,5.039,679,False
2021-07-22 00:00:00+00:00,5.04,5.07,5.0,5.0,406361.0,5.025,2075,False
2021-07-23 00:00:00+00:00,5.02,5.08,5.02,5.02,223509.0,5.035,1130,False
2021-07-26 00:00:00+00:00,4.96,5.02,4.95,5.0,246870.0,4.996,987,False
2021-07-27 00:00:00+00:00,5.03,5.04,4.99,5.03,292798.0,5.016,1361,False
2021-07-28 00:00:00+00:00,5.02,5.11,5.02,5.09,264622.0,5.074,1055,False
2021-07-29 00:00:00+00:00,5.07,5.09,5.05,5.06,292533.0,5.063,1385,False
2021-07-30 00:00:00+00:00,5.06,5.1,4.95,4.98,239742.0,5.0,974,False
2021-08-02 00:00:00+00:00,4.95,4.98,4.9,4.9,259500.0,4.936,918,False
2021-08-03 00:00:00+00:00,4.9,4.9,4.82,4.9,476421.0,4.853,1454,False
2021-08-04 00:00:00+00:00,4.87,4.9,4.82,4.82,203051.0,4.852,931,False
2021-08-05 00:00:00+00:00,4.86,4.88,4.84,4.87,161864.0,4.862,519,False
2021-08-06 00:00:00+00:00,4.93,4.96,4.91,4.95,383387.0,4.937,1531,False
2021-08-09 00:00:00+00:00,4.96,4.97,4.89,4.93,793865.0,4.922,1671,False
2021-08-10 00:00:00+00:00,4.88,4.91,4.84,4.91,1075033.0,4.862,3020,False
2021-08-11 00:00:00+00:00,4.93,4.93,4.88,4.92,583325.0,4.909,2577,False
2021-08-12 00:00:00+00:00,4.98,5.03,4.98,5.01,349108.0,4.996,1214,False
2021-08-13 00:00:00+00:00,5.02,5.02,5.0,5.01,187954.0,5.011,785,False
2021-08-16 00:00:00+00:00,5.01,5.01,4.94,4.98,179759.0,4.967,545,False
2021-08-17 00:00:00+00:00,4.94,4.94,4.88,4.94,326786.0,4.915,1485,False
2021-08-18 00:00:00+00:00,4.89,4.95,4.86,4.86,422969.0,4.904,1892,False
2021-08-19 00:00:00+00:00,4.79,4.79,4.66,4.69,1060406.0,4.697,3327,False
2021-08-20 00:00:00+00:00,4.69,4.75,4.65,4.74,403012.0,4.711,1525,False
2021-08-23 00:00:00+00:00,4.75,4.76,4.73,4.76,259929.0,4.746,750,False
2021-08-24 00:00:00+00:00,4.77,4.82,4.77,4.8,283469.0,4.799,950,False
2021-08-25 00:00:00+00:00,4.8,4.84,4.8,4.83,181516.0,4.824,700,False
2021-08-26 00:00:00+00:00,4.82,4.82,4.76,4.78,260807.0,4.78,1111,False
2021-08-27 00:00:00+00:00,4.78,4.84,4.78,4.83,184603.0,4.819,701,False
2021-08-30 00:00:00+00:00,4.84,4.84,4.8,4.81,274492.0,4.813,833,False
2021-08-31 00:00:00+00:00,4.8,4.81,4.77,4.78,362441.0,4.786,1575,False
2021-09-01 00:00:00+00:00,4.86,4.9,4.85,4.89,241322.0,4.88,948,False
2021-09-02 00:00:00+00:00,4.88,4.89,4.83,4.83,278011.0,4.859,1231,False
2021-09-03 00:00:00+00:00,5.05,5.13,5.01,5.13,543985.0,5.097,2306,False
2021-09-07 00:00:00+00:00,5.17,5.21,5.15,5.19,238230.0,5.185,848,False
2021-09-08 00:00:00+00:00,5.19,5.2,5.15,5.15,153674.0,5.17,719,False
2021-09-09 00:00:00+00:00,5.16,5.19,5.15,5.18,101720.0,5.175,492,False
2021-09-10 00:00:00+00:00,5.21,5.23,5.19,5.21,212890.0,5.211,824,False
2021-09-13 00:00:00+00:00,5.21,5.25,5.21,5.24,189002.0,5.229,1097,False
2021-09-14 00:00:00+00:00,5.24,5.26,5.2,5.24,335335.0,5.231,1026,False
2021-09-15 00:00:00+00:00,5.21,5.21,5.16,5.21,267745.0,5.185,781,False
2021-09-16 00:00:00+00:00,5.18,5.18,5.14,5.18,162565.0,5.161,734,False
2021-09-17 00:00:00+00:00,5.15,5.18,5.1,5.13,213339.0,5.128,936,False
2021-09-20 00:00:00+00:00,5.07,5.07,4.97,5.03,277745.0,5.009,1200,False
2021-09-21 00:00:00+00:00,5.03,5.05,5.02,5.04,150037.0,5.039,664,False
2021-09-22 00:00:00+00:00,5.04,5.16,4.91,5.13,350229.0,5.115,1716,False
2021-09-23 00:00:00+00:00,5.12,5.15,5.11,5.13,157744.0,5.133,711,False
2021-09-24 00:00:00+00:00,5.12,5.15,5.12,5.14,150714.0,5.137,620,False
2021-09-27 00:00:00+00:00,5.18,5.26,5.17,5.24,258332.0,5.234,1058,False
2021-09-28 00:00:00+00:00,5.25,5.28,5.13,5.14,378959.0,5.161,1377,False
2021-09-29 00:00:00+00:00,5.09,5.09,5.01,5.08,214874.0,5.054,783,False
2021-09-30 00:00:00+00:00,5.03,5.03,4.92,4.94,396600.0,4.947,1332,False
2021-10-01 00:00:00+00:00,4.95,4.96,4.89,4.95,284965.0,4.909,1184,False
2021-10-04 00:00:00+00:00,4.91,4.94,4.8,4.83,566626.0,4.844,2415,False
2021-10-05 00:00:00+00:00,4.88,4.96,4.86,4.94,335679.0,4.926,1509,False
2021-10-06 00:00:00+00:00,4.9,4.96,4.87,4.95,308258.0,4.912,1214,False
2021-10-07 00:00:00+00:00,4.96,4.99,4.92,4.95,195239.0,4.95,645,False
2021-10-08 00:00:00+00:00,4.96,4.96,4.87,4.89,165444.0,4.894,778,False
2021-10-11 00:00:00+00:00,4.94,4.96,4.88,4.88,182357.0,4.916,757,False
2021-10-12 00:00:00+00:00,4.9,4.91,4.85,4.86,160337.0,4.863,773,False
2021-10-13 00:00:00+00:00,4.85,4.86,4.81,4.82,305900.0,4.824,1084,False
2021-10-14 00:00:00+00:00,4.86,4.86,4.75,4.82,330983.0,4.779,965,False
2021-10-15 00:00:00+00:00,4.86,4.91,4.86,4.9,285956.0,4.89,1003,False
2021-10-18 00:00:00+00:00,4.89,4.89,4.85,4.85,211318.0,4.866,725,False
2021-10-19 00:00:00+00:00,4.86,4.88,4.82,4.88,289795.0,4.858,948,False
2021-10-20 00:00:00+00:00,4.94,4.95,4.92,4.94,261226.0,4.935,754,False
2021-10-21 00:00:00+00:00,4.87,4.92,4.86,4.89,473652.0,4.879,1508,False
2021-10-22 00:00:00+00:00,4.89,4.89,4.82,4.84,275443.0,4.845,810,False
2021-10-25 00:00:00+00:00,4.84,4.9,4.81,4.81,200144.0,4.827,797,False
2021-10-26 00:00:00+00:00,4.84,4.85,4.81,4.81,289395.0,4.822,1167,False
2021-10-27 00:00:00+00:00,4.83,4.83,4.77,4.78,233081.0,4.791,962,False
2021-10-28 00:00:00+00:00,4.82,4.89,4.82,4.89,399787.0,4.854,1397,False
2021-10-29 00:00:00+00:00,4.69,4.69,4.46,4.61,1012331.0,4.563,3393,False
2021-11-01 00:00:00+00:00,4.59,4.62,4.45,4.48,894523.0,4.481,3620,False
2021-11-02 00:00:00+00:00,4.48,4.49,4.4,4.4,544027.0,4.433,1803,False
2021-11-03 00:00:00+00:00,4.42,4.45,4.38,4.45,613105.0,4.407,2461,False
2021-11-04 00:00:00+00:00,4.49,4.5,4.44,4.49,673835.0,4.465,3308,False
2021-11-05 00:00:00+00:00,4.49,4.53,4.48,4.49,674621.0,4.498,2458,False
2021-11-08 00:00:00+00:00,4.46,4.51,4.46,4.51,613512.0,4.495,1747,False
2021-11-09 00:00:00+00:00,4.5,4.5,4.4,4.41,1145788.0,4.427,2699,False
2021-11-10 00:00:00+00:00,4.41,4.43,4.38,4.4,1182277.0,4.404,2927,False
2021-11-11 00:00:00+00:00,4.38,4.4,4.36,4.39,1817271.0,4.378,4898,False
2021-11-12 00:00:00+00:00,4.38,4.41,4.36,4.38,1520536.0,4.384,3635,False
2021-11-15 00:00:00+00:00,4.41,4.44,4.38,4.42,1097525.0,4.422,2499,False
2021-11-16 00:00:00+00:00,4.4,4.43,4.36,4.38,1443150.0,4.387,3216,False
2021-11-17 00:00:00+00:00,4.31,4.32,4.23,4.25,1586517.0,4.259,3753,False
2021-11-18 00:00:00+00:00,4.27,4.3,4.24,4.3,1151167.0,4.266,2530,False
2021-11-19 00:00:00+00:00,4.24,4.26,4.21,4.25,1258045.0,4.239,3258,False
2021-11-22 00:00:00+00:00,4.27,4.32,4.26,4.29,925596.0,4.291,2759,False
2021-11-23 00:00:00+00:00,4.29,4.34,4.27,4.33,1133206.0,4.305,2915,False
2021-11-24 00:00:00+00:00,4.29,4.32,4.25,4.26,1154886.0,4.277,2084,False
2021-11-26 00:00:00+00:00,4.23,4.24,4.17,4.22,1157676.0,4.195,3127,False
2021-11-29 00:00:00+00:00,4.21,4.21,4.13,4.15,1380661.0,4.154,3668,False
2021-11-30 00:00:00+00:00,4.15,4.18,4.1,4.17,2216070.0,4.151,6114,False
2021-12-01 00:00:00+00:00,4.23,4.23,4.13,4.15,1403832.0,4.19,3544,False
2021-12-02 00:00:00+00:00,4.14,4.27,4.14,4.27,1034075.0,4.221,3939,False
2021-12-03 00:00:00+00:00,4.3,4.3,4.22,4.25,934394.0,4.253,2771,False
2021-12-06 00:00:00+00:00,4.29,4.34,4.28,4.34,842280.0,4.321,2466,False
2021-12-07 00:00:00+00:00,4.4,4.45,4.38,4.45,1373575.0,4.421,3903,False
2021-12-08 00:00:00+00:00,4.42,4.43,4.38,4.42,550546.0,4.408,2071,False
2021-12-09 00:00:00+00:00,4.44,4.46,4.41,4.43,732237.0,4.434,1792,False
2021-12-10 00:00:00+00:00,4.46,4.48,4.42,4.48,799881.0,4.462,2608,False
2021-12-13 00:00:00+00:00,4.44,4.45,4.38,4.41,800599.0,4.413,1952,False
2021-12-14 00:00:00+00:00,4.37,4.44,4.37,4.43,1134828.0,4.424,3839,False
2021-12-15 00:00:00+00:00,4.48,4.54,4.46,4.53,888850.0,4.5,3293,False
2021-12-16 00:00:00+00:00,4.54,4.55,4.51,4.55,903953.0,4.534,2645,False
2021-12-17 00:00:00+00:00,4.52,4.56,4.5,4.53,1296834.0,4.533,3323,False
2021-12-20 00:00:00+00:00,4.38,4.38,4.26,4.34,727780.0,4.305,2184,False
2021-12-21 00:00:00+00:00,4.35,4.46,4.35,4.4,1195584.0,4.412,3599,False
2021-12-22 00:00:00+00:00,4.35,4.43,4.35,4.43,571143.0,4.404,1423,False
2021-12-23 00:00:00+00:00,4.39,4.43,4.37,4.43,526367.0,4.41,2025,False
2021-12-27 00:00:00+00:00,4.38,4.41,4.37,4.38,988210.0,4.389,2991,False
2021-12-28 00:00:00+00:00,4.37,4.38,4.34,4.37,482251.0,4.356,1492,False
2021-12-29 00:00:00+00:00,4.41,4.41,4.34,4.37,238076.0,4.367,985,False
2021-12-30 00:00:00+00:00,4.33,4.37,4.33,4.33,452013.0,4.349,1379,False
2021-12-31 00:00:00+00:00,4.33,4.36,4.32,4.33,657821.0,4.337,2206,False
2022-01-03 00:00:00+00:00,4.33,4.43,4.32,4.43,1066531.0,4.405,3333,False
2022-01-04 00:00:00+00:00,4.45,4.51,4.43,4.5,1348454.0,4.489,4875,False
2022-01-05 00:00:00+00:00,4.49,4.57,4.47,4.52,583065.0,4.542,2070,False
2022-01-06 00:00:00+00:00,4.52,4.55,4.49,4.53,550886.0,4.521,2310,False
2022-01-07 00:00:00+00:00,4.52,4.56,4.5,4.55,648287.0,4.537,2007,False
2022-01-10 00:00:00+00:00,4.53,4.56,4.5,4.54,1272279.0,4.528,3815,False
2022-01-11 00:00:00+00:00,4.57,4.66,4.57,4.65,747088.0,4.632,2376,False
2022-01-12 00:00:00+00:00,4.65,4.69,4.63,4.68,451709.0,4.666,1254,False
2022-01-13 00:00:00+00:00,4.7,4.75,4.68,4.7,999974.0,4.707,3645,False
2022-01-14 00:00:00+00:00,4.72,4.73,4.68,4.69,525260.0,4.699,1863,False
2022-01-18 00:00:00+00:00,4.64,4.64,4.56,4.58,782506.0,4.597,2266,False
2022-01-19 00:00:00+00:00,4.51,4.53,4.43,4.44,578960.0,4.459,1758,False
2022-01-20 00:00:00+00:00,4.47,4.5,4.41,4.42,780939.0,4.457,2513,False
2022-01-21 00:00:00+00:00,4.46,4.54,4.46,4.5,1262236.0,4.491,4676,False
2022-01-24 00:00:00+00:00,4.42,4.47,4.37,4.45,920472.0,4.426,3671,False
2022-01-25 00:00:00+00:00,4.42,4.53,4.38,4.52,1854031.0,4.467,8033,False
2022-01-26 00:00:00+00:00,4.51,4.51,4.4,4.42,758313.0,4.437,2672,False
2022-01-27 00:00:00+00:00,4.45,4.48,4.39,4.41,907908.0,4.424,3116,False
2022-01-28 00:00:00+00:00,4.4,4.4,4.33,4.4,1021763.0,4.364,3711,False
2022-01-31 00:00:00+00:00,4.34,4.44,4.34,4.44,924190.0,4.396,2073,False
2022-02-01 00:00:00+00:00,4.38,4.55,4.38,4.55,1052779.0,4.493,2689,False
2022-02-02 00:00:00+00:00,4.65,4.76,4.64,4.76,1135755.0,4.719,2543,False
2022-02-03 00:00:00+00:00,4.71,4.74,4.66,4.67,1623717.0,4.705,3734,False
2022-02-04 00:00:00+00:00,4.68,4.74,4.68,4.72,1329929.0,4.706,3369,False
2022-02-07 00:00:00+00:00,4.74,4.78,4.7,4.75,1468947.0,4.736,4395,False
2022-02-08 00:00:00+00:00,4.8,4.87,4.8,4.87,825519.0,4.841,2794,False
2022-02-09 00:00:00+00:00,4.8,4.82,4.78,4.81,994039.0,4.798,2732,False
2022-02-10 00:00:00+00:00,4.76,4.8,4.72,4.78,976111.0,4.76,3449,False
2022-02-11 00:00:00+00:00,4.78,4.79,4.67,4.68,1218187.0,4.717,3662,False
2022-02-14 00:00:00+00:00,4.69,4.77,4.69,4.75,1034802.0,4.746,3353,False
2022-02-15 00:00:00+00:00,4.75,4.8,4.74,4.77,716357.0,4.777,1865,False
2022-02-16 00:00:00+00:00,4.76,4.8,4.75,4.8,823729.0,4.774,2440,False
2022-02-17 00:00:00+00:00,4.76,4.78,4.7,4.71,1613474.0,4.737,3947,False
2022-02-18 00:00:00+00:00,4.71,4.72,4.66,4.7,2088311.0,4.693,4755,False
2022-02-22 00:00:00+00:00,4.67,4.72,4.65,4.68,675334.0,4.692,2129,False
2022-02-23 00:00:00+00:00,4.71,4.73,4.63,4.64,596123.0,4.664,2141,False
2022-02-24 00:00:00+00:00,4.55,4.57,4.48,4.56,1426715.0,4.519,5546,False
2022-02-25 00:00:00+00:00,4.58,4.64,4.57,4.62,1028740.0,4.603,3507,False
2022-02-28 00:00:00+00:00,4.56,4.61,4.53,4.58,809742.0,4.572,1972,False
2022-03-01 00:00:00+00:00,4.54,4.57,4.38,4.4,1364778.0,4.441,5149,False
2022-03-02 00:00:00+00:00,4.45,4.5,4.43,4.48,613352.0,4.468,2641,False
2022-03-03 00:00:00+00:00,4.48,4.5,4.42,4.45,627462.0,4.451,2214,False
2022-03-04 00:00:00+00:00,4.37,4.4,4.34,4.38,851568.0,4.368,3148,False
2022-03-07 00:00:00+00:00,4.27,4.28,4.19,4.21,1015307.0,4.224,3557,False
2022-03-08 00:00:00+00:00,4.19,4.21,4.09,4.13,2199262.0,4.128,7107,False
2022-03-09 00:00:00+00:00,4.19,4.25,4.17,4.22,1936307.0,4.218,6747,False
2022-03-10 00:00:00+00:00,4.21,4.24,4.18,4.2,1409807.0,4.202,4669,False
2022-03-11 00:00:00+00:00,4.23,4.24,4.15,4.15,1114703.0,4.197,3323,False
2022-03-14 00:00:00+00:00,4.24,4.28,4.22,4.23,934459.0,4.244,3215,False
2022-03-15 00:00:00+00:00,4.26,4.33,4.26,4.32,828936.0,4.305,3263,False
2022-03-16 00:00:00+00:00,4.36,4.43,4.35,4.4,1158069.0,4.395,4625,False
2022-03-17 00:00:00+00:00,4.42,4.46,4.4,4.45,887465.0,4.428,2349,False
2022-03-18 00:00:00+00:00,4.4,4.45,4.38,4.44,1734283.0,4.422,4029,False
2022-03-21 00:00:00+00:00,4.43,4.45,4.4,4.42,1065297.0,4.426,3191,False
2022-03-22 00:00:00+00:00,4.48,4.53,4.46,4.46,820281.0,4.493,2453,False
2022-03-23 00:00:00+00:00,4.46,4.52,4.43,4.49,914175.0,4.483,3475,False
2022-03-24 00:00:00+00:00,4.48,4.51,4.43,4.5,824609.0,4.485,2147,False
2022-03-25 00:00:00+00:00,4.5,4.53,4.49,4.51,378749.0,4.517,1403,False
2022-03-28 00:00:00+00:00,4.44,4.45,4.39,4.45,374127.0,4.419,1443,False
2022-03-29 00:00:00+00:00,4.53,4.54,4.45,4.5,551049.0,4.481,1717,False
2022-03-30 00:00:00+00:00,4.47,4.48,4.37,4.38,301659.0,4.407,1181,False
2022-03-31 00:00:00+00:00,4.31,4.31,4.22,4.22,707349.0,4.262,1968,False
2022-04-01 00:00:00+00:00,4.25,4.27,4.21,4.26,993255.0,4.237,2847,False
2022-04-04 00:00:00+00:00,4.28,4.3,4.23,4.28,1108499.0,4.278,3611,False
2022-04-05 00:00:00+00:00,4.25,4.26,4.16,4.19,1439871.0,4.2,3936,False
2022-04-06 00:00:00+00:00,4.14,4.14,4.06,4.09,973925.0,4.088,3695,False
2022-04-07 00:00:00+00:00,4.08,4.11,4.05,4.09,1672848.0,4.074,5360,False
2022-04-08 00:00:00+00:00,4.07,4.14,4.07,4.07,1981870.0,4.104,5652,False
2022-04-11 00:00:00+00:00,4.08,4.12,4.03,4.03,2355396.0,4.068,5559,False
2022-04-12 00:00:00+00:00,4.05,4.11,4.0,4.02,1920343.0,4.046,7164,False
2022-04-13 00:00:00+00:00,4.0,4.0,3.87,3.93,1937186.0,3.922,7550,False
2022-04-14 00:00:00+00:00,3.94,3.98,3.91,3.91,956481.0,3.934,3076,False
2022-04-18 00:00:00+00:00,3.94,3.97,3.93,3.93,1296118.0,3.947,3203,False
2022-04-19 00:00:00+00:00,3.96,3.98,3.91,3.93,1820317.0,3.939,5771,False
2022-04-20 00:00:00+00:00,3.97,4.02,3.96,3.97,1176611.0,3.999,3538,False
2022-04-21 00:00:00+00:00,4.01,4.04,3.91,3.94,1069219.0,3.952,3090,False
2022-04-22 00:00:00+00:00,3.96,3.98,3.9,3.91,1815494.0,3.933,5802,False
2022-04-25 00:00:00+00:00,3.9,3.94,3.88,3.92,1331180.0,3.9,4091,False
2022-04-26 00:00:00+00:00,3.96,3.96,3.72,3.75,2022084.0,3.793,5394,False
2022-04-27 00:00:00+00:00,3.71,3.74,3.67,3.71,1427511.0,3.698,4929,False
2022-04-28 00:00:00+00:00,3.81,3.86,3.77,3.83,1731861.0,3.828,5663,False
2022-04-29 00:00:00+00:00,3.84,3.88,3.78,3.78,1013836.0,3.824,3404,False
2022-05-02 00:00:00+00:00,3.79,3.83,3.75,3.78,1144818.0,3.779,3305,False
2022-05-03 00:00:00+00:00,3.79,3.86,3.78,3.85,1139159.0,3.832,4056,False
2022-05-04 00:00:00+00:00,3.84,3.92,3.81,3.92,1200135.0,3.86,3418,False
2022-05-05 00:00:00+00:00,3.87,3.89,3.77,3.78,1581832.0,3.794,4226,False
2022-05-06 00:00:00+00:00,3.77,3.77,3.72,3.76,1204956.0,3.749,4186,False
2022-05-09 00:00:00+00:00,3.71,3.73,3.66,3.66,1035382.0,3.695,3625,False
2022-05-10 00:00:00+00:00,3.68,3.73,3.62,3.67,2223514.0,3.662,7752,False
2022-05-11 00:00:00+00:00,3.63,3.65,3.58,3.59,1095813.0,3.61,3815,False
2022-05-12 00:00:00+00:00,3.6,3.64,3.57,3.61,974894.0,3.601,3751,False
2022-05-13 00:00:00+00:00,3.65,3.74,3.64,3.72,1022660.0,3.704,3244,False
2022-05-16 00:00:00+00:00,3.69,3.71,3.65,3.68,827824.0,3.677,2196,False
2022-05-17 00:00:00+00:00,3.71,3.71,3.67,3.7,1229027.0,3.691,4123,False
2022-05-18 00:00:00+00:00,3.7,3.7,3.63,3.65,1154609.0,3.651,3810,False
2022-05-19 00:00:00+00:00,3.65,3.74,3.65,3.73,1018909.0,3.711,2769,False
2022-05-20 00:00:00+00:00,3.76,3.79,3.74,3.78,783624.0,3.766,2293,False
2022-05-23 00:00:00+00:00,3.83,3.87,3.81,3.85,977991.0,3.845,3407,False
2022-05-24 00:00:00+00:00,3.83,3.85,3.79,3.85,1069129.0,3.818,3346,False
2022-05-25 00:00:00+00:00,3.82,3.86,3.81,3.85,603112.0,3.834,2037,False
2022-05-26 00:00:00+00:00,3.87,3.95,3.85,3.92,990616.0,3.924,2774,False
2022-05-27 00:00:00+00:00,3.95,3.96,3.93,3.95,515203.0,3.943,2079,False
2022-05-31 00:00:00+00:00,3.95,3.96,3.89,3.91,701908.0,3.917,2720,False
2022-06-01 00:00:00+00:00,3.93,3.95,3.87,3.9,536770.0,3.908,2184,False
2022-06-02 00:00:00+00:00,3.92,3.98,3.91,3.98,457713.0,3.948,1705,False
2022-06-03 00:00:00+00:00,3.85,3.88,3.82,3.86,501023.0,3.844,1389,False
2022-06-06 00:00:00+00:00,3.86,3.87,3.8,3.82,431455.0,3.83,1497,False
2022-06-07 00:00:00+00:00,3.81,3.85,3.79,3.84,716079.0,3.827,2968,False
2022-06-08 00:00:00+00:00,3.79,3.79,3.71,3.73,800225.0,3.727,2988,False
2022-06-09 00:00:00+00:00,3.71,3.72,3.64,3.67,787750.0,3.678,2669,False
2022-06-10 00:00:00+00:00,3.62,3.63,3.55,3.61,1402631.0,3.59,5422,False
2022-06-13 00:00:00+00:00,3.57,3.6,3.56,3.58,1118781.0,3.581,4215,False
2022-06-14 00:00:00+00:00,3.56,3.62,3.56,3.6,1900955.0,3.594,6306,False
2022-06-15 00:00:00+00:00,3.61,3.68,3.59,3.65,1255980.0,3.641,4859,False
2022-06-16 00:00:00+00:00,3.62,3.67,3.59,3.65,783284.0,3.637,2955,False
2022-06-17 00:00:00+00:00,3.62,3.66,3.57,3.63,937324.0,3.622,2319,False
2022-06-21 00:00:00+00:00,3.67,3.73,3.65,3.73,2361578.0,3.701,6924,False
2022-06-22 00:00:00+00:00,3.69,3.71,3.65,3.69,2195731.0,3.679,6500,False
2022-06-23 00:00:00+00:00,3.72,3.73,3.64,3.68,1940886.0,3.681,6088,False
2022-06-24 00:00:00+00:00,3.7,3.75,3.68,3.75,787969.0,3.734,2828,False
2022-06-27 00:00:00+00:00,3.76,3.76,3.7,3.7,1357247.0,3.72,3557,False
2022-06-28 00:00:00+00:00,3.72,3.72,3.66,3.67,1496020.0,3.687,4263,False
2022-06-29 00:00:00+00:00,3.63,3.63,3.57,3.59,914708.0,3.585,3102,False
2022-06-30 00:00:00+00:00,3.56,3.59,3.52,3.58,1386601.0,3.565,4791,False
2022-07-01 00:00:00+00:00,3.57,3.65,3.57,3.65,962087.0,3.613,2847,False
2022-07-05 00:00:00+00:00,3.6,3.66,3.58,3.66,1268810.0,3.625,3037,False
2022-07-06 00:00:00+00:00,3.65,3.66,3.6,3.65,1514922.0,3.635,4394,False
2022-07-07 00:00:00+00:00,3.66,3.71,3.65,3.7,870957.0,3.678,2168,False
2022-07-08 00:00:00+00:00,3.7,3.75,3.69,3.73,1025782.0,3.714,1806,False
2022-07-11 00:00:00+00:00,3.71,3.71,3.66,3.69,1058986.0,3.68,3487,False
2022-07-12 00:00:00+00:00,3.65,3.72,3.64,3.71,839383.0,3.7,2911,False
2022-07-13 00:00:00+00:00,3.67,3.71,3.64,3.71,549033.0,3.681,1917,False
2022-07-14 00:00:00+00:00,3.64,3.66,3.6,3.66,875641.0,3.632,2664,False
2022-07-15 00:00:00+00:00,3.66,3.72,3.59,3.7,1231111.0,3.666,5492,False
2022-07-18 00:00:00+00:00,3.74,3.75,3.7,3.73,1971068.0,3.724,7150,False
2022-07-19 00:00:00+00:00,3.76,3.81,3.74,3.77,1418262.0,3.782,5547,False
2022-07-20 00:00:00+00:00,3.71,3.73,3.68,3.71,1351748.0,3.711,3891,False
2022-07-21 00:00:00+00:00,3.71,3.72,3.67,3.7,685429.0,3.698,2605,False
2022-07-22 00:00:00+00:00,3.72,3.74,3.71,3.74,512257.0,3.723,2059,False
2022-07-25 00:00:00+00:00,3.73,3.76,3.71,3.74,839877.0,3.736,2670,False
2022-07-26 00:00:00+00:00,3.74,3.74,3.7,3.73,455328.0,3.72,1439,False
2022-07-27 00:00:00+00:00,3.7,3.74,3.68,3.73,448110.0,3.708,1612,False
2022-07-28 00:00:00+00:00,3.76,3.8,3.74,3.78,589331.0,3.776,1642,False
2022-07-29 00:00:00+00:00,3.79,3.87,3.76,3.83,1018702.0,3.838,2791,False
2022-08-01 00:00:00+00:00,3.85,3.86,3.81,3.84,1709471.0,3.835,4294,False
2022-08-02 00:00:00+00:00,3.85,3.86,3.77,3.77,1426552.0,3.826,4505,False
2022-08-03 00:00:00+00:00,3.63,3.66,3.38,3.48,1539823.0,3.484,3689,False
2022-08-04 00:00:00+00:00,3.57,3.68,3.57,3.66,898543.0,3.653,3710,False
2022-08-05 00:00:00+00:00,3.67,3.67,3.59,3.64,1686244.0,3.628,6103,False
2022-08-08 00:00:00+00:00,3.67,3.72,3.65,3.65,2516851.0,3.69,9278,False
2022-08-09 00:00:00+00:00,3.67,3.73,3.66,3.72,1577394.0,3.701,5684,False
2022-08-10 00:00:00+00:00,3.76,3.8,3.75,3.8,876435.0,3.782,2880,False
2022-08-11 00:00:00+00:00,3.82,3.84,3.79,3.81,763667.0,3.811,2136,False
2022-08-12 00:00:00+00:00,3.8,3.84,3.78,3.8,997419.0,3.802,3127,False
2022-08-15 00:00:00+00:00,3.81,3.83,3.79,3.83,644005.0,3.808,2018,False
2022-08-16 00:00:00+00:00,3.79,3.81,3.76,3.81,369538.0,3.785,1442,False
2022-08-17 00:00:00+00:00,3.83,3.84,3.77,3.82,315593.0,3.809,1176,False
2022-08-18 00:00:00+00:00,3.8,3.82,3.78,3.82,387968.0,3.797,1378,False
2022-08-19 00:00:00+00:00,3.76,3.77,3.71,3.75,1716014.0,3.751,5098,False
2022-08-22 00:00:00+00:00,3.72,3.72,3.65,3.68,1046923.0,3.68,3782,False
2022-08-23 00:00:00+00:00,3.68,3.73,3.67,3.72,473407.0,3.706,2152,False
2022-08-24 00:00:00+00:00,3.69,3.73,3.68,3.68,410467.0,3.709,1551,False
2022-08-25 00:00:00+00:00,3.72,3.77,3.69,3.77,367499.0,3.731,1783,False
2022-08-26 00:00:00+00:00,3.71,3.73,3.65,3.66,426021.0,3.677,1915,False
2022-08-29 00:00:00+00:00,3.65,3.68,3.63,3.66,659935.0,3.655,2412,False
2022-08-30 00:00:00+00:00,3.68,3.68,3.61,3.65,864503.0,3.632,3119,False
2022-08-31 00:00:00+00:00,3.66,3.66,3.6,3.63,786272.0,3.626,2604,False
2022-09-01 00:00:00+00:00,3.61,3.61,3.56,3.6,628546.0,3.584,2415,False
2022-09-02 00:00:00+00:00,3.63,3.66,3.59,3.6,850856.0,3.626,3179,False
2022-09-06 00:00:00+00:00,3.51,3.54,3.48,3.51,1600107.0,3.508,4693,False
2022-09-07 00:00:00+00:00,3.46,3.48,3.43,3.46,2059046.0,3.454,5872,False
2022-09-08 00:00:00+00:00,3.49,3.53,3.46,3.52,1984687.0,3.511,6203,False
2022-09-09 00:00:00+00:00,3.58,3.62,3.56,3.58,2685685.0,3.592,6358,False
2022-09-12 00:00:00+00:00,3.6,3.63,3.57,3.57,1183657.0,3.603,2457,False
2022-09-13 00:00:00+00:00,3.52,3.56,3.49,3.49,1506526.0,3.528,3953,False
2022-09-14 00:00:00+00:00,3.55,3.56,3.49,3.51,1574567.0,3.526,2945,False
2022-09-15 00:00:00+00:00,3.5,3.57,3.5,3.5,2235549.0,3.536,4728,False
2022-09-16 00:00:00+00:00,3.5,3.5,3.36,3.45,4768613.0,3.426,10996,False
2022-09-19 00:00:00+00:00,3.41,3.49,3.41,3.47,2834007.0,3.469,5615,False
2022-09-20 00:00:00+00:00,3.43,3.48,3.41,3.45,2812662.0,3.447,6328,False
2022-09-21 00:00:00+00:00,3.41,3.51,3.41,3.44,3466644.0,3.465,5872,False
2022-09-22 00:00:00+00:00,3.46,3.5,3.45,3.46,1853547.0,3.475,4365,False
2022-09-23 00:00:00+00:00,3.41,3.43,3.32,3.37,4058969.0,3.363,10342,False
2022-09-26 00:00:00+00:00,3.35,3.39,3.32,3.34,2266349.0,3.354,4082,False
2022-09-27 00:00:00+00:00,3.36,3.39,3.27,3.3,2646289.0,3.314,7172,False
2022-09-28 00:00:00+00:00,3.27,3.36,3.27,3.36,939246.0,3.331,2757,False
2022-09-29 00:00:00+00:00,3.32,3.33,3.26,3.29,1504247.0,3.287,3668,False
2022-09-30 00:00:00+00:00,3.29,3.35,3.27,3.3,1250257.0,3.327,4061,False
2022-10-03 00:00:00+00:00,3.31,3.34,3.26,3.34,1258985.0,3.312,3323,False
2022-10-04 00:00:00+00:00,3.4,3.42,3.35,3.42,4015819.0,3.397,9046,False
2022-10-05 00:00:00+00:00,3.38,3.4,3.34,3.34,1724760.0,3.365,3075,False
2022-10-06 00:00:00+00:00,3.35,3.37,3.32,3.34,1727280.0,3.348,2824,False
2022-10-07 00:00:00+00:00,3.33,3.35,3.31,3.35,2235752.0,3.334,3830,False
2022-10-10 00:00:00+00:00,3.35,3.35,3.3,3.3,2294419.0,3.32,4784,False
2022-10-11 00:00:00+00:00,3.29,3.38,3.27,3.3,2793284.0,3.314,6326,False
2022-10-12 00:00:00+00:00,3.26,3.26,3.21,3.24,1388955.0,3.236,3075,False
2022-10-13 00:00:00+00:00,3.19,3.27,3.15,3.25,1622637.0,3.237,3531,False
2022-10-14 00:00:00+00:00,3.29,3.29,3.22,3.24,2109319.0,3.255,3954,False
2022-10-17 00:00:00+00:00,3.24,3.26,3.22,3.25,2240436.0,3.247,4142,False
2022-10-18 00:00:00+00:00,3.25,3.25,3.21,3.24,2961413.0,3.227,5773,False
2022-10-19 00:00:00+00:00,3.18,3.23,3.18,3.21,1592756.0,3.211,2970,False
2022-10-20 00:00:00+00:00,3.21,3.25,3.18,3.21,2368846.0,3.22,4251,False
2022-10-21 00:00:00+00:00,3.2,3.26,3.15,3.26,1832144.0,3.212,3378,False
2022-10-24 00:00:00+00:00,3.22,3.24,3.19,3.24,2711484.0,3.222,4914,False
2022-10-25 00:00:00+00:00,3.26,3.29,3.25,3.29,1845706.0,3.277,3302,False
2022-10-26 00:00:00+00:00,3.29,3.3,3.27,3.29,976448.0,3.285,2248,False
2022-10-27 00:00:00+00:00,3.27,3.28,3.24,3.26,2011359.0,3.258,3684,False
2022-10-28 00:00:00+00:00,3.24,3.28,3.23,3.27,1399462.0,3.265,2479,False
2022-10-31 00:00:00+00:00,3.3,3.3,3.25,3.26,2308493.0,3.27,3553,False
2022-11-01 00:00:00+00:00,3.31,3.33,3.27,3.29,2002555.0,3.293,3295,False
2022-11-02 00:00:00+00:00,3.33,3.33,3.0,3.0,4498283.0,3.077,9220,False
2022-11-03 00:00:00+00:00,3.0,3.03,2.99,3.01,2204816.0,3.015,5366,False
2022-11-04 00:00:00+00:00,3.17,3.28,3.17,3.27,2134054.0,3.247,4994,False
2022-11-07 00:00:00+00:00,3.29,3.33,3.29,3.31,1637753.0,3.302,4801,False
2022-11-08 00:00:00+00:00,3.34,3.36,3.3,3.35,2083382.0,3.34,4575,False
2022-11-09 00:00:00+00:00,3.35,3.35,3.29,3.31,1408370.0,3.316,3031,False
2022-11-10 00:00:00+00:00,3.39,3.46,3.37,3.46,1119451.0,3.433,2398,False
2022-11-11 00:00:00+00:00,3.53,3.56,3.5,3.56,1215290.0,3.54,2681,False
2022-11-14 00:00:00+00:00,3.54,3.59,3.53,3.56,1132207.0,3.56,2202,False
2022-11-15 00:00:00+00:00,3.62,3.62,3.59,3.61,1316318.0,3.604,2574,False
2022-11-16 00:00:00+00:00,3.58,3.58,3.53,3.53,1132759.0,3.54,2405,False
2022-11-17 00:00:00+00:00,3.51,3.58,3.51,3.58,1208738.0,3.546,2119,False
2022-11-18 00:00:00+00:00,3.56,3.57,3.51,3.55,1028868.0,3.541,1905,False
2022-11-21 00:00:00+00:00,3.51,3.52,3.48,3.51,830068.0,3.505,1985,False
2022-11-22 00:00:00+00:00,3.56,3.56,3.53,3.56,537272.0,3.548,1094,False
2022-11-23 00:00:00+00:00,3.55,3.6,3.54,3.57,646288.0,3.575,1690,False
2022-11-25 00:00:00+00:00,3.6,3.66,3.6,3.66,259122.0,3.643,713,False
2022-11-28 00:00:00+00:00,3.64,3.66,3.61,3.62,652456.0,3.628,1400,False
2022-11-29 00:00:00+00:00,3.65,3.66,3.62,3.65,833458.0,3.644,1968,False
2022-11-30 00:00:00+00:00,3.65,3.66,3.57,3.66,1709861.0,3.604,3418,False
2022-12-01 00:00:00+00:00,3.68,3.72,3.66,3.69,736439.0,3.681,1487,False
2022-12-02 00:00:00+00:00,3.63,3.68,3.63,3.68,813970.0,3.662,1633,False
2022-12-05 00:00:00+00:00,3.62,3.64,3.59,3.61,1250662.0,3.619,2318,False
2022-12-06 00:00:00+00:00,3.61,3.61,3.53,3.57,1344491.0,3.556,2829,False
2022-12-07 00:00:00+00:00,3.54,3.6,3.54,3.58,1170922.0,3.581,2152,False
2022-12-08 00:00:00+00:00,3.55,3.58,3.54,3.57,774077.0,3.565,1778,False
2022-12-09 00:00:00+00:00,3.56,3.6,3.56,3.57,1236071.0,3.585,2366,False
2022-12-12 00:00:00+00:00,3.59,3.59,3.55,3.59,582969.0,3.577,1269,False
2022-12-13 00:00:00+00:00,3.67,3.71,3.64,3.64,2219148.0,3.671,4291,False
2022-12-14 00:00:00+00:00,3.65,3.66,3.59,3.62,838134.0,3.631,1832,False
2022-12-15 00:00:00+00:00,3.57,3.59,3.52,3.54,514598.0,3.548,1196,False
2022-12-16 00:00:00+00:00,3.5,3.55,3.49,3.55,1155054.0,3.53,2371,False
2022-12-19 00:00:00+00:00,3.53,3.56,3.51,3.52,1104952.0,3.532,2147,False
2022-12-20 00:00:00+00:00,3.57,3.68,3.57,3.65,1397256.0,3.658,2974,False
2022-12-21 00:00:00+00:00,3.64,3.67,3.62,3.63,970272.0,3.649,2077,False
2022-12-22 00:00:00+00:00,3.64,3.65,3.62,3.65,516036.0,3.637,1152,False
2022-12-23 00:00:00+00:00,3.65,3.68,3.65,3.68,590403.0,3.67,1497,False
2022-12-27 00:00:00+00:00,3.68,3.71,3.67,3.7,659255.0,3.693,1557,False
2022-12-28 00:00:00+00:00,3.67,3.68,3.62,3.63,846102.0,3.644,1611,False
2022-12-29 00:00:00+00:00,3.71,3.73,3.7,3.71,593092.0,3.715,1225,False
2022-12-30 00:00:00+00:00,3.72,3.75,3.71,3.75,666615.0,3.728,1490,False
2023-01-03 00:00:00+00:00,3.8,3.8,3.74,3.77,872503.0,3.765,1967,False
2023-01-04 00:00:00+00:00,3.79,3.83,3.77,3.82,1347611.0,3.807,3124,False
2023-01-05 00:00:00+00:00,3.74,3.76,3.7,3.74,942233.0,3.718,2328,False
2023-01-06 00:00:00+00:00,3.73,3.81,3.69,3.8,1743441.0,3.78,3795,False
2023-01-09 00:00:00+00:00,3.83,3.84,3.78,3.79,484043.0,3.808,1128,False
2023-01-10 00:00:00+00:00,3.75,3.76,3.71,3.75,945666.0,3.738,2323,False
2023-01-11 00:00:00+00:00,3.79,3.8,3.76,3.79,695540.0,3.779,1436,False
2023-01-12 00:00:00+00:00,3.82,3.89,3.81,3.87,721933.0,3.866,1607,False
2023-01-13 00:00:00+00:00,3.89,3.97,3.89,3.97,697344.0,3.949,1534,False
2023-01-17 00:00:00+00:00,3.99,4.05,3.99,4.03,1353099.0,4.024,2832,False
2023-01-18 00:00:00+00:00,4.04,4.04,3.97,3.99,1196183.0,3.999,2802,False
2023-01-19 00:00:00+00:00,3.96,4.04,3.96,4.01,1938115.0,4.001,3082,False
2023-01-20 00:00:00+00:00,3.98,3.99,3.94,3.99,1333458.0,3.967,2873,False
2023-01-23 00:00:00+00:00,3.98,3.98,3.93,3.96,1303826.0,3.959,2920,False
2023-01-24 00:00:00+00:00,3.95,3.99,3.94,3.96,656479.0,3.97,1890,False
2023-01-25 00:00:00+00:00,3.97,4.01,3.92,4.0,1949644.0,3.971,3655,False
2023-01-26 00:00:00+00:00,3.99,4.03,3.97,4.03,706212.0,4.001,1527,False
2023-01-27 00:00:00+00:00,4.06,4.07,4.04,4.05,445250.0,4.059,1589,False
2023-01-30 00:00:00+00:00,4.0,4.04,4.0,4.02,418987.0,4.02,1127,False
2023-01-31 00:00:00+00:00,4.02,4.04,3.98,4.04,1163645.0,4.016,2192,False
2023-02-01 00:00:00+00:00,3.96,4.07,3.93,4.04,461560.0,4.033,1611,False
2023-02-02 00:00:00+00:00,4.06,4.08,4.02,4.03,600159.0,4.044,1524,False
2023-02-03 00:00:00+00:00,4.06,4.12,4.06,4.08,593247.0,4.09,1825,False
2023-02-06 00:00:00+00:00,4.09,4.1,4.04,4.05,476196.0,4.057,845,False
2023-02-07 00:00:00+00:00,4.06,4.13,4.06,4.11,517523.0,4.097,1516,False
2023-02-08 00:00:00+00:00,4.08,4.14,4.08,4.11,471590.0,4.105,1752,False
2023-02-09 00:00:00+00:00,4.14,4.15,4.05,4.07,300982.0,4.084,924,False
2023-02-10 00:00:00+00:00,4.08,4.13,4.08,4.12,450429.0,4.106,1150,False
2023-02-13 00:00:00+00:00,4.09,4.09,4.06,4.08,679407.0,4.08,2119,False
2023-02-14 00:00:00+00:00,4.07,4.12,4.06,4.08,2149994.0,4.068,1862,False
2023-02-15 00:00:00+00:00,4.05,4.08,4.04,4.08,474946.0,4.062,994,False
2023-02-16 00:00:00+00:00,4.1,4.13,4.09,4.1,1466030.0,4.114,3653,False
2023-02-17 00:00:00+00:00,4.07,4.1,4.03,4.04,2228674.0,4.062,4010,False
2023-02-21 00:00:00+00:00,4.19,4.23,4.15,4.17,2106224.0,4.178,5645,False
2023-02-22 00:00:00+00:00,4.13,4.16,4.12,4.13,453405.0,4.137,1261,False
2023-02-23 00:00:00+00:00,4.13,4.17,4.13,4.17,372383.0,4.144,1306,False
2023-02-24 00:00:00+00:00,4.08,4.09,4.06,4.09,414486.0,4.072,1418,False
2023-02-27 00:00:00+00:00,4.19,4.19,4.16,4.16,756367.0,4.173,2184,False
2023-02-28 00:00:00+00:00,4.08,4.13,4.06,4.12,423985.0,4.107,1003,False
2023-03-01 00:00:00+00:00,4.11,4.13,4.1,4.11,449949.0,4.109,1493,False
2023-03-02 00:00:00+00:00,4.06,4.06,4.01,4.03,378260.0,4.026,954,False
2023-03-03 00:00:00+00:00,4.08,4.1,4.06,4.09,351087.0,4.085,948,False
2023-03-06 00:00:00+00:00,4.1,4.13,4.1,4.11,562960.0,4.113,1602,False
2023-03-07 00:00:00+00:00,4.12,4.13,4.05,4.05,509841.0,4.086,1473,False
2023-03-08 00:00:00+00:00,4.06,4.09,4.05,4.07,816660.0,4.066,1990,False
2023-03-09 00:00:00+00:00,4.1,4.13,4.05,4.06,819679.0,4.09,2019,False
2023-03-10 00:00:00+00:00,4.01,4.01,3.93,3.93,1178807.0,3.965,2547,False
2023-03-13 00:00:00+00:00,3.86,3.88,3.82,3.82,1634517.0,3.848,3212,False
2023-03-14 00:00:00+00:00,3.77,3.85,3.75,3.77,1652441.0,3.798,3463,False
2023-03-15 00:00:00+00:00,3.68,3.72,3.67,3.68,1132642.0,3.693,2550,False
2023-03-16 00:00:00+00:00,3.62,3.68,3.61,3.68,994031.0,3.657,1858,False
2023-03-17 00:00:00+00:00,3.67,3.73,3.6,3.6,1350551.0,3.638,2457,False
2023-03-20 00:00:00+00:00,3.62,3.67,3.61,3.62,610981.0,3.64,1259,False
2023-03-21 00:00:00+00:00,3.66,3.71,3.65,3.68,546875.0,3.684,1586,False
2023-03-22 00:00:00+00:00,3.73,3.79,3.72,3.72,913097.0,3.75,2360,False
2023-03-23 00:00:00+00:00,3.77,3.78,3.72,3.72,1057355.0,3.755,2656,False
2023-03-24 00:00:00+00:00,3.7,3.75,3.68,3.75,930609.0,3.709,2170,False
2023-03-27 00:00:00+00:00,3.76,3.8,3.75,3.8,273338.0,3.787,715,False
2023-03-28 00:00:00+00:00,3.8,3.82,3.79,3.81,328852.0,3.807,931,False
2023-03-29 00:00:00+00:00,3.82,3.84,3.81,3.83,290401.0,3.82,774,False
2023-03-30 00:00:00+00:00,3.82,3.82,3.74,3.76,556150.0,3.769,1806,False
2023-03-31 00:00:00+00:00,3.78,3.81,3.78,3.8,551087.0,3.795,1599,False
2023-04-03 00:00:00+00:00,3.81,3.85,3.81,3.84,442748.0,3.83,1123,False
2023-04-04 00:00:00+00:00,3.82,3.86,3.82,3.86,638634.0,3.84,2082,False
2023-04-05 00:00:00+00:00,3.82,3.83,3.77,3.79,527119.0,3.793,1549,False
2023-04-06 00:00:00+00:00,3.77,3.79,3.75,3.79,360283.0,3.764,1358,False
2023-04-10 00:00:00+00:00,3.78,3.78,3.72,3.75,355079.0,3.737,1126,False
2023-04-11 00:00:00+00:00,3.75,3.78,3.75,3.78,357524.0,3.765,1427,False
2023-04-12 00:00:00+00:00,3.79,3.82,3.74,3.75,392432.0,3.761,1731,False
2023-04-13 00:00:00+00:00,3.75,3.75,3.73,3.74,380028.0,3.74,1234,False
2023-04-14 00:00:00+00:00,3.76,3.86,3.76,3.78,780398.0,3.797,2216,False
2023-04-17 00:00:00+00:00,3.81,3.82,3.77,3.81,1118497.0,3.789,4683,False
2023-04-18 00:00:00+00:00,3.82,3.84,3.82,3.83,139237.0,3.829,455,False
2023-04-19 00:00:00+00:00,3.85,3.86,3.83,3.85,233846.0,3.842,862,False
2023-04-20 00:00:00+00:00,3.86,3.88,3.85,3.86,194471.0,3.861,559,False
2023-04-21 00:00:00+00:00,3.86,3.86,3.82,3.84,304453.0,3.83,965,False
2023-04-24 00:00:00+00:00,3.81,3.83,3.8,3.82,298197.0,3.818,1021,False
2023-04-25 00:00:00+00:00,3.91,3.91,3.86,3.86,512438.0,3.876,1583,False
2023-04-26 00:00:00+00:00,3.91,3.94,3.67,3.72,1216430.0,3.729,3625,False
2023-04-27 00:00:00+00:00,3.64,3.64,3.58,3.62,642687.0,3.606,1810,False
2023-04-28 00:00:00+00:00,3.56,3.59,3.54,3.56,1854963.0,3.559,3908,False
2023-05-01 00:00:00+00:00,3.55,3.58,3.52,3.55,2387566.0,3.543,4645,False
2023-05-02 00:00:00+00:00,3.46,3.47,3.4,3.45,1402838.0,3.427,3567,False
2023-05-03 00:00:00+00:00,3.44,3.48,3.43,3.44,2504966.0,3.46,4237,False
2023-05-04 00:00:00+00:00,3.43,3.45,3.38,3.4,1036898.0,3.398,2430,False
2023-05-05 00:00:00+00:00,3.43,3.53,3.43,3.52,1755752.0,3.512,3627,False
2023-05-08 00:00:00+00:00,3.51,3.55,3.51,3.52,268727.0,3.532,792,False
2023-05-09 00:00:00+00:00,3.55,3.56,3.53,3.55,436494.0,3.546,1178,False
2023-05-10 00:00:00+00:00,3.57,3.57,3.52,3.53,530421.0,3.535,1412,False
2023-05-11 00:00:00+00:00,3.57,3.59,3.56,3.59,385269.0,3.579,1337,False
2023-05-12 00:00:00+00:00,3.57,3.62,3.54,3.55,1474296.0,3.556,4089,False
2023-05-15 00:00:00+00:00,3.59,3.66,3.59,3.66,629143.0,3.64,1811,False
2023-05-16 00:00:00+00:00,3.64,3.64,3.57,3.59,1456543.0,3.59,3862,False
2023-05-17 00:00:00+00:00,3.63,3.68,3.62,3.68,627059.0,3.654,1761,False
2023-05-18 00:00:00+00:00,3.66,3.66,3.58,3.63,2563746.0,3.605,4945,False
2023-05-19 00:00:00+00:00,3.55,3.58,3.53,3.54,2325554.0,3.546,4306,False
2023-05-22 00:00:00+00:00,3.58,3.62,3.56,3.61,953767.0,3.597,1970,False
2023-05-23 00:00:00+00:00,3.62,3.64,3.61,3.61,1102009.0,3.626,2125,False
2023-05-24 00:00:00+00:00,3.61,3.61,3.55,3.58,1694758.0,3.563,3499,False
2023-05-25 00:00:00+00:00,3.54,3.57,3.52,3.55,1426033.0,3.54,2902,False
2023-05-26 00:00:00+00:00,3.5,3.52,3.48,3.5,1282888.0,3.498,2727,False
2023-05-30 00:00:00+00:00,3.48,3.51,3.46,3.51,2186057.0,3.479,4158,False
2023-05-31 00:00:00+00:00,3.46,3.52,3.46,3.51,2637334.0,3.494,6230,False
2023-06-01 00:00:00+00:00,3.54,3.59,3.53,3.56,2595929.0,3.569,6460,False
2023-06-02 00:00:00+00:00,3.65,3.68,3.64,3.67,1027956.0,3.66,2503,False
2023-06-05 00:00:00+00:00,3.7,3.7,3.64,3.64,907642.0,3.663,2890,False
2023-06-06 00:00:00+00:00,3.66,3.76,3.66,3.75,989837.0,3.735,2981,False
2023-06-07 00:00:00+00:00,3.71,3.72,3.68,3.71,493276.0,3.702,1331,False
2023-06-08 00:00:00+00:00,3.71,3.72,3.68,3.72,752058.0,3.705,1966,False
2023-06-09 00:00:00+00:00,3.73,3.75,3.71,3.74,969241.0,3.735,2453,False
2023-06-12 00:00:00+00:00,3.71,3.72,3.68,3.71,1267281.0,3.706,2570,False
2023-06-13 00:00:00+00:00,3.73,3.78,3.73,3.77,694781.0,3.763,1916,False
2023-06-14 00:00:00+00:00,3.8,3.83,3.78,3.81,808190.0,3.808,2480,False
2023-06-15 00:00:00+00:00,3.9,3.96,3.89,3.96,1242113.0,3.94,2673,False
2023-06-16 00:00:00+00:00,3.99,4.01,3.95,3.96,1106940.0,3.967,3230,False
2023-06-20 00:00:00+00:00,3.9,3.9,3.83,3.86,575246.0,3.852,1130,False
2023-06-21 00:00:00+00:00,3.88,3.94,3.87,3.92,821870.0,3.921,2472,False
2023-06-22 00:00:00+00:00,3.9,3.93,3.89,3.92,331520.0,3.911,834,False
2023-06-23 00:00:00+00:00,3.83,3.83,3.78,3.8,494563.0,3.802,1324,False
2023-06-26 00:00:00+00:00,3.79,3.82,3.77,3.8,462354.0,3.797,1403,False
2023-06-27 00:00:00+00:00,3.78,3.79,3.75,3.78,942948.0,3.778,3035,False
2023-06-28 00:00:00+00:00,3.85,3.88,3.84,3.87,439577.0,3.865,1460,False
2023-06-29 00:00:00+00:00,3.8,3.82,3.77,3.81,739255.0,3.802,2057,False
2023-06-30 00:00:00+00:00,3.82,3.85,3.81,3.83,885147.0,3.836,2892,False
2023-07-03 00:00:00+00:00,3.88,3.9,3.87,3.88,275934.0,3.889,817,False
2023-07-05 00:00:00+00:00,3.88,3.9,3.87,3.9,533682.0,3.888,1499,False
2023-07-06 00:00:00+00:00,3.86,3.86,3.79,3.8,267312.0,3.808,875,False
2023-07-07 00:00:00+00:00,3.81,3.87,3.81,3.86,336267.0,3.854,958,False
2023-07-10 00:00:00+00:00,3.84,3.87,3.83,3.86,229529.0,3.86,774,False
2023-07-11 00:00:00+00:00,3.86,3.89,3.85,3.89,283084.0,3.876,942,False
2023-07-12 00:00:00+00:00,3.9,3.95,3.9,3.94,284907.0,3.934,1135,False
2023-07-13 00:00:00+00:00,3.96,4.01,3.96,4.0,488889.0,3.999,1824,False
2023-07-14 00:00:00+00:00,3.99,4.0,3.95,3.96,394631.0,3.964,1119,False
2023-07-17 00:00:00+00:00,3.93,3.97,3.93,3.96,178704.0,3.956,524,False
2023-07-18 00:00:00+00:00,3.99,4.02,3.98,4.01,458545.0,4.006,1381,False
2023-07-19 00:00:00+00:00,4.03,4.07,4.03,4.06,371773.0,4.057,997,False
2023-07-20 00:00:00+00:00,4.01,4.04,4.0,4.02,474493.0,4.013,1387,False
2023-07-21 00:00:00+00:00,4.02,4.02,3.97,3.99,247714.0,3.983,627,False
2023-07-24 00:00:00+00:00,3.99,4.06,3.99,4.04,357321.0,4.035,1054,False
2023-07-25 00:00:00+00:00,4.1,4.12,4.08,4.11,440661.0,4.104,1427,False
2023-07-26 00:00:00+00:00,4.11,4.13,4.09,4.13,313923.0,4.114,989,False
2023-07-27 00:00:00+00:00,4.14,4.17,4.11,4.13,336517.0,4.139,1111,False
2023-07-28 00:00:00+00:00,4.17,4.22,4.16,4.2,413167.0,4.201,1200,False
2023-07-31 00:00:00+00:00,4.19,4.19,4.16,4.18,260164.0,4.177,837,False
2023-08-01 00:00:00+00:00,4.07,4.08,3.76,3.86,3266895.0,3.853,7561,False
2023-08-02 00:00:00+00:00,3.79,3.8,3.76,3.8,1127099.0,3.781,2754,False
2023-08-03 00:00:00+00:00,3.77,3.81,3.76,3.78,1058033.0,3.782,2394,False
2023-08-04 00:00:00+00:00,3.84,3.87,3.82,3.84,603920.0,3.853,1537,False
2023-08-07 00:00:00+00:00,3.9,3.9,3.86,3.89,568303.0,3.884,1513,False
2023-08-08 00:00:00+00:00,3.85,3.85,3.79,3.83,739240.0,3.815,1649,False
2023-08-09 00:00:00+00:00,3.75,3.77,3.73,3.75,881522.0,3.749,1469,False
2023-08-10 00:00:00+00:00,3.76,3.81,3.75,3.76,1372116.0,3.767,2304,False
2023-08-11 00:00:00+00:00,3.76,3.85,3.74,3.74,756812.0,3.75,2017,False
2023-08-14 00:00:00+00:00,3.71,3.72,3.68,3.7,649668.0,3.705,2150,False
2023-08-15 00:00:00+00:00,3.68,3.69,3.65,3.65,828006.0,3.667,1893,False
2023-08-16 00:00:00+00:00,3.65,3.67,3.63,3.64,1509578.0,3.649,2827,False
2023-08-17 00:00:00+00:00,3.68,3.7,3.65,3.66,1906697.0,3.67,3457,False
2023-08-18 00:00:00+00:00,3.64,3.69,3.64,3.66,2691243.0,3.671,5158,False
2023-08-21 00:00:00+00:00,3.67,3.7,3.65,3.69,1532233.0,3.678,2308,False
2023-08-22 00:00:00+00:00,3.73,3.76,3.72,3.73,1190021.0,3.741,2492,False
2023-08-23 00:00:00+00:00,3.74,3.8,3.74,3.78,798248.0,3.776,1954,False
2023-08-24 00:00:00+00:00,3.77,3.79,3.75,3.76,1388792.0,3.761,3005,False
2023-08-25 00:00:00+00:00,3.79,3.8,3.75,3.79,1009535.0,3.784,2030,False
2023-08-28 00:00:00+00:00,3.83,3.84,3.81,3.82,2253201.0,3.828,4651,False
2023-08-29 00:00:00+00:00,3.82,3.87,3.81,3.87,1765351.0,3.849,2922,False
2023-08-30 00:00:00+00:00,3.88,3.89,3.86,3.87,1674831.0,3.874,3189,False
2023-08-31 00:00:00+00:00,3.87,3.89,3.86,3.88,2117808.0,3.879,3217,False
2023-09-01 00:00:00+00:00,3.95,3.99,3.94,3.98,958735.0,3.968,2073,False
2023-09-05 00:00:00+00:00,3.99,4.02,3.98,4.0,1085067.0,3.997,2531,False
2023-09-06 00:00:00+00:00,4.05,4.1,4.05,4.08,1716192.0,4.071,3635,False
2023-09-07 00:00:00+00:00,4.07,4.1,4.06,4.08,1938674.0,4.08,3369,False
2023-09-08 00:00:00+00:00,4.08,4.09,4.04,4.08,3425859.0,4.068,6057,False
2023-09-11 00:00:00+00:00,4.14,4.21,4.14,4.2,5832090.0,4.184,8360,False
2023-09-12 00:00:00+00:00,4.16,4.18,4.14,4.17,5250501.0,4.164,7320,False
2023-09-13 00:00:00+00:00,4.22,4.26,4.22,4.26,3158590.0,4.253,5125,False
2023-09-14 00:00:00+00:00,4.3,4.42,4.3,4.38,3187771.0,4.395,6032,False
2023-09-15 00:00:00+00:00,4.39,4.4,4.37,4.38,2828420.0,4.39,4289,False
2023-09-18 00:00:00+00:00,4.37,4.4,4.34,4.39,3155384.0,4.375,4921,False
2023-09-19 00:00:00+00:00,4.42,4.47,4.42,4.46,3274544.0,4.446,4789,False
2023-09-20 00:00:00+00:00,4.42,4.44,4.36,4.37,2308756.0,4.409,3630,False
2023-09-21 00:00:00+00:00,4.33,4.35,4.3,4.33,4976364.0,4.329,7737,False
2023-09-22 00:00:00+00:00,4.34,4.34,4.28,4.3,5352164.0,4.313,7663,False
2023-09-25 00:00:00+00:00,4.23,4.25,4.15,4.23,9170255.0,4.211,13430,False
2023-09-26 00:00:00+00:00,4.2,4.23,4.14,4.15,6675515.0,4.182,8987,False
2023-09-27 00:00:00+00:00,4.17,4.22,4.13,4.2,5394621.0,4.183,8111,False
2023-09-28 00:00:00+00:00,4.13,4.18,4.11,4.14,9004079.0,4.143,13139,False
2023-09-29 00:00:00+00:00,4.07,4.07,4.0,4.02,9652707.0,4.034,13038,False
2023-10-02 00:00:00+00:00,4.01,4.04,3.98,4.01,10660945.0,3.999,13885,False
2023-10-03 00:00:00+00:00,3.95,3.95,3.89,3.92,9547324.0,3.912,13812,False
2023-10-04 00:00:00+00:00,3.86,3.86,3.8,3.85,9600259.0,3.83,12577,False
2023-10-05 00:00:00+00:00,3.95,4.03,3.95,4.01,10290147.0,3.997,13998,False
2023-10-06 00:00:00+00:00,4.01,4.07,3.99,4.05,13487980.0,4.04,17854,False
2023-10-09 00:00:00+00:00,4.03,4.07,4.0,4.05,7553973.0,4.034,10230,False
2023-10-10 00:00:00+00:00,4.11,4.13,4.08,4.1,8482432.0,4.109,12162,False
2023-10-11 00:00:00+00:00,4.09,4.11,4.05,4.1,10592060.0,4.077,13483,False
2023-10-12 00:00:00+00:00,4.08,4.09,4.02,4.06,10625215.0,4.054,12402,False
2023-10-13 00:00:00+00:00,4.02,4.03,3.93,3.96,11754279.0,3.966,14065,False
2023-10-16 00:00:00+00:00,3.98,4.03,3.97,4.0,7421752.0,4.005,10179,False
2023-10-17 00:00:00+00:00,3.96,4.06,3.95,4.02,8099547.0,4.028,10329,False
2023-10-18 00:00:00+00:00,4.01,4.04,3.93,3.94,8828214.0,3.97,11407,False
2023-10-19 00:00:00+00:00,3.92,3.99,3.9,3.9,10210550.0,3.945,12148,False
2023-10-20 00:00:00+00:00,3.9,3.9,3.84,3.86,8711280.0,3.87,9918,False
2023-10-23 00:00:00+00:00,3.84,3.88,3.81,3.83,9447853.0,3.847,11237,False
2023-10-24 00:00:00+00:00,3.83,3.86,3.82,3.83,5616868.0,3.834,7269,False
2023-10-25 00:00:00+00:00,3.81,3.86,3.81,3.84,8137858.0,3.838,11017,False
2023-10-26 00:00:00+00:00,3.79,3.81,3.75,3.78,8953679.0,3.78,10292,False
2023-10-27 00:00:00+00:00,3.86,3.93,3.81,3.93,9523914.0,3.871,10496,False
2023-10-30 00:00:00+00:00,3.87,3.95,3.84,3.93,9809341.0,3.89,13160,False
2023-10-31 00:00:00+00:00,3.91,3.93,3.85,3.87,9626248.0,3.889,12310,False
2023-11-01 00:00:00+00:00,3.91,4.09,3.91,4.05,9461001.0,4.038,14004,False
2023-11-02 00:00:00+00:00,4.07,4.11,4.05,4.09,7704725.0,4.079,10968,False
2023-11-03 00:00:00+00:00,4.14,4.18,4.12,4.13,9758282.0,4.15,13514,False
2023-11-06 00:00:00+00:00,4.14,4.15,4.1,4.13,7454207.0,4.128,9035,False
2023-11-07 00:00:00+00:00,4.09,4.13,4.07,4.13,7058500.0,4.115,8811,False
2023-11-08 00:00:00+00:00,3.98,3.99,3.9,3.92,6772275.0,3.934,9776,False
2023-11-09 00:00:00+00:00,3.97,4.06,3.97,3.98,8450679.0,4.019,12532,False
2023-11-10 00:00:00+00:00,4.02,4.05,3.96,4.04,9777438.0,4.013,11327,False
2023-11-13 00:00:00+00:00,4.04,4.08,4.01,4.03,6999840.0,4.047,9716,False
2023-11-14 00:00:00+00:00,4.08,4.14,4.06,4.14,8011883.0,4.106,9978,False
2023-11-15 00:00:00+00:00,4.12,4.13,4.07,4.09,6061674.0,4.1,6621,False
2023-11-16 00:00:00+00:00,4.09,4.11,4.06,4.07,5727286.0,4.08,7986,False
2023-11-17 00:00:00+00:00,4.12,4.2,4.12,4.17,6114990.0,4.172,9220,False
2023-11-20 00:00:00+00:00,4.17,4.21,4.16,4.2,5882451.0,4.189,7574,False
2023-11-21 00:00:00+00:00,4.14,4.18,4.13,4.13,5140928.0,4.154,6380,False
2023-11-22 00:00:00+00:00,4.12,4.17,4.11,4.15,5900847.0,4.149,6489,False
2023-11-24 00:00:00+00:00,4.11,4.12,4.09,4.09,1198255.0,4.103,2076,False
2023-11-27 00:00:00+00:00,4.12,4.13,4.1,4.12,3654619.0,4.113,4998,False
2023-11-28 00:00:00+00:00,4.07,4.08,4.03,4.06,7561618.0,4.054,7936,False
2023-11-29 00:00:00+00:00,4.08,4.11,4.07,4.1,4665700.0,4.093,5235,False
2023-11-30 00:00:00+00:00,4.14,4.14,4.1,4.11,3291059.0,4.121,4049,False
2023-12-01 00:00:00+00:00,4.1,4.18,4.09,4.15,6229852.0,4.143,6657,False
2023-12-04 00:00:00+00:00,4.13,4.14,4.09,4.1,4057862.0,4.108,4175,False
2023-12-05 00:00:00+00:00,4.07,4.11,4.06,4.08,3999662.0,4.085,4499,False
2023-12-06 00:00:00+00:00,4.14,4.2,4.13,4.14,5372450.0,4.17,6140,False
2023-12-07 00:00:00+00:00,4.18,4.23,4.16,4.22,5191609.0,4.192,7087,False
2023-12-08 00:00:00+00:00,4.15,4.2,4.12,4.19,5707772.0,4.176,6690,False
2023-12-11 00:00:00+00:00,4.18,4.23,4.13,4.21,12102140.0,4.188,11834,False
2023-12-12 00:00:00+00:00,4.21,4.28,4.2,4.25,5407391.0,4.25,6341,False
2023-12-13 00:00:00+00:00,4.25,4.33,4.23,4.31,4312936.0,4.284,5024,False
2023-12-14 00:00:00+00:00,4.3,4.41,4.29,4.35,5774968.0,4.364,6445,False
2023-12-15 00:00:00+00:00,4.39,4.4,4.3,4.3,1456001.0,4.323,3422,False
2023-12-18 00:00:00+00:00,4.35,4.38,4.35,4.37,1134644.0,4.37,3298,False
2023-12-19 00:00:00+00:00,4.36,4.4,4.34,4.38,1031567.0,4.379,2656,False
2023-12-20 00:00:00+00:00,4.45,4.48,4.42,4.43,1785574.0,4.442,3867,False
2023-12-21 00:00:00+00:00,4.47,4.48,4.43,4.48,1388418.0,4.457,3126,False
2023-12-22 00:00:00+00:00,4.5,4.53,4.49,4.5,727211.0,4.51,1833,False
2023-12-26 00:00:00+00:00,4.47,4.49,4.44,4.46,896417.0,4.464,1853,False
2023-12-27 00:00:00+00:00,4.47,4.49,4.45,4.45,1513294.0,4.473,1894,False
2023-12-28 00:00:00+00:00,4.49,4.54,4.49,4.51,2111811.0,4.512,2941,False
2023-12-29 00:00:00+00:00,4.5,4.54,4.48,4.51,3136454.0,4.508,4064,False
2024-01-02 00:00:00+00:00,4.48,4.5,4.45,4.46,8637365.0,4.471,7779,False
2024-01-03 00:00:00+00:00,4.43,4.49,4.43,4.47,9521893.0,4.458,7998,False
2024-01-04 00:00:00+00:00,4.47,4.57,4.46,4.51,12454398.0,4.525,10347,False
2024-01-05 00:00:00+00:00,4.59,4.76,4.59,4.7,9804774.0,4.716,10486,False
2024-01-08 00:00:00+00:00,4.7,4.74,4.67,4.72,5130917.0,4.717,5089,False
2024-01-09 00:00:00+00:00,4.7,4.7,4.65,4.67,5064460.0,4.67,5189,False
2024-01-10 00:00:00+00:00,4.68,4.72,4.65,4.71,4679549.0,4.693,4769,False
2024-01-11 00:00:00+00:00,4.75,4.79,4.73,4.75,12308355.0,4.753,11453,False
2024-01-12 00:00:00+00:00,4.78,4.8,4.72,4.76,8153561.0,4.762,7435,False
2024-01-16 00:00:00+00:00,4.99,5.06,4.97,5.04,7734308.0,5.027,9120,False
2024-01-17 00:00:00+00:00,4.92,4.96,4.9,4.92,7957032.0,4.922,7712,False
2024-01-18 00:00:00+00:00,4.94,4.96,4.87,4.93,7213696.0,4.916,6451,False
2024-01-19 00:00:00+00:00,4.92,4.97,4.89,4.95,6665031.0,4.93,6114,False
2024-01-22 00:00:00+00:00,5.04,5.07,5.01,5.04,8902432.0,5.035,9876,False
2024-01-23 00:00:00+00:00,5.01,5.03,4.94,4.99,4184707.0,4.98,5050,False
2024-01-24 00:00:00+00:00,5.03,5.11,4.99,5.1,7039742.0,5.063,7557,False
2024-01-25 00:00:00+00:00,5.16,5.16,5.09,5.1,3970532.0,5.109,5177,False
2024-01-26 00:00:00+00:00,5.06,5.14,5.04,5.09,5890824.0,5.101,6770,False
2024-01-29 00:00:00+00:00,5.15,5.24,5.13,5.24,6806201.0,5.188,7842,False
2024-01-30 00:00:00+00:00,5.21,5.26,5.19,5.21,5190644.0,5.22,8064,False
2024-01-31 00:00:00+00:00,5.58,5.91,5.53,5.74,16879681.0,5.813,26198,False
2024-02-01 00:00:00+00:00,5.57,5.59,5.47,5.52,10594559.0,5.52,17101,False
2024-02-02 00:00:00+00:00,5.41,5.48,5.37,5.43,9654763.0,5.446,12978,False
2024-02-05 00:00:00+00:00,5.47,5.53,5.44,5.49,3511348.0,5.492,7702,False
2024-02-06 00:00:00+00:00,5.52,5.53,5.48,5.52,2476747.0,5.51,5027,False
2024-02-07 00:00:00+00:00,5.5,5.52,5.45,5.48,1908849.0,5.479,4148,False
2024-02-08 00:00:00+00:00,5.44,5.46,5.41,5.44,1884772.0,5.433,4458,False
2024-02-09 00:00:00+00:00,5.42,5.44,5.38,5.44,1803211.0,5.422,3389,False
2024-02-12 00:00:00+00:00,5.45,5.49,5.45,5.45,1622341.0,5.466,3042,False
2024-02-13 00:00:00+00:00,5.42,5.44,5.35,5.39,2694075.0,5.389,4043,False
2024-02-14 00:00:00+00:00,5.43,5.45,5.39,5.44,2770272.0,5.419,5050,False
2024-02-15 00:00:00+00:00,5.43,5.47,5.41,5.45,1953794.0,5.442,3890,False
2024-02-16 00:00:00+00:00,5.48,5.54,5.48,5.53,2104830.0,5.517,3625,False
2024-02-20 00:00:00+00:00,5.53,5.58,5.52,5.56,1563888.0,5.549,2648,False
2024-02-21 00:00:00+00:00,5.57,5.59,5.48,5.57,2135684.0,5.566,3745,False
2024-02-22 00:00:00+00:00,5.63,5.69,5.61,5.68,1685390.0,5.668,2910,False
2024-02-23 00:00:00+00:00,5.71,5.72,5.68,5.69,1410822.0,5.699,2790,False
2024-02-26 00:00:00+00:00,5.68,5.69,5.64,5.66,962910.0,5.659,2245,False
2024-02-27 00:00:00+00:00,5.71,5.78,5.69,5.77,3027749.0,5.748,5977,False
2024-02-28 00:00:00+00:00,5.7,5.78,5.7,5.76,2010594.0,5.755,3636,False
2024-02-29 00:00:00+00:00,5.73,5.75,5.67,5.72,2356324.0,5.705,4150,False
2024-03-01 00:00:00+00:00,5.78,5.85,5.78,5.84,1537454.0,5.82,3435,False
2024-03-04 00:00:00+00:00,5.86,5.91,5.82,5.87,2526803.0,5.881,3974,False
2024-03-05 00:00:00+00:00,6.02,6.1,6.0,6.05,2597518.0,6.068,5037,False
2024-03-06 00:00:00+00:00,6.15,6.22,6.13,6.17,3698878.0,6.187,5460,False
2024-03-07 00:00:00+00:00,6.21,6.28,6.21,6.24,2013889.0,6.245,3543,False
2024-03-08 00:00:00+00:00,6.27,6.33,6.22,6.25,2756810.0,6.257,5650,False
2024-03-11 00:00:00+00:00,6.01,6.02,5.94,6.0,2595897.0,5.985,4752,False
2024-03-12 00:00:00+00:00,6.02,6.1,6.02,6.09,1548429.0,6.068,2523,False
2024-03-13 00:00:00+00:00,6.06,6.11,6.05,6.1,2029099.0,6.082,2963,False
2024-03-14 00:00:00+00:00,6.13,6.16,6.07,6.09,2690902.0,6.106,4480,False
2024-03-15 00:00:00+00:00,6.11,6.16,6.1,6.14,2701577.0,6.129,4711,False
2024-03-18 00:00:00+00:00,6.26,6.34,6.24,6.33,2672024.0,6.322,4912,False
2024-03-19 00:00:00+00:00,6.32,6.33,6.25,6.3,2551532.0,6.29,4956,False
2024-03-20 00:00:00+00:00,6.31,6.4,6.27,6.39,1658574.0,6.338,3059,False
2024-03-21 00:00:00+00:00,6.55,6.62,6.54,6.57,2485355.0,6.587,5379,False
2024-03-22 00:00:00+00:00,6.56,6.56,6.47,6.5,2022186.0,6.504,4029,False
2024-03-25 00:00:00+00:00,6.5,6.55,6.46,6.52,1988355.0,6.525,3340,False
2024-03-26 00:00:00+00:00,6.53,6.56,6.44,6.45,3393328.0,6.478,4503,False
2024-03-27 00:00:00+00:00,6.4,6.41,6.34,6.38,1590843.0,6.374,2598,False
2024-03-28 00:00:00+00:00,6.37,6.43,6.37,6.42,1126896.0,6.399,2128,False
2024-04-01 00:00:00+00:00,6.19,6.19,6.11,6.13,1270252.0,6.14,2862,False
2024-04-02 00:00:00+00:00,6.12,6.15,6.09,6.14,1118957.0,6.131,2757,False
2024-04-03 00:00:00+00:00,6.15,6.24,6.15,6.22,1269802.0,6.22,2574,False
2024-04-04 00:00:00+00:00,6.28,6.31,6.16,6.18,2075380.0,6.227,4043,False
2024-04-05 00:00:00+00:00,6.1,6.17,6.07,6.15,1275890.0,6.138,3152,False
2024-04-08 00:00:00+00:00,6.19,6.27,6.18,6.23,1757918.0,6.232,3506,False
2024-04-09 00:00:00+00:00,6.28,6.28,6.18,6.2,1967542.0,6.207,3457,False
2024-04-10 00:00:00+00:00,6.07,6.2,6.07,6.15,1501590.0,6.146,3441,False
2024-04-11 00:00:00+00:00,6.21,6.26,6.16,6.24,1225144.0,6.215,3146,False
2024-04-12 00:00:00+00:00,6.18,6.2,6.09,6.11,2132956.0,6.125,5058,False
2024-04-15 00:00:00+00:00,6.19,6.24,6.12,6.13,1919604.0,6.161,3712,False
2024-04-16 00:00:00+00:00,5.95,5.97,5.88,5.92,1837329.0,5.923,4533,False
2024-04-17 00:00:00+00:00,5.86,5.9,5.84,5.86,2155707.0,5.869,5597,False
2024-04-18 00:00:00+00:00,5.89,5.92,5.85,5.87,1393931.0,5.878,2756,False
2024-04-19 00:00:00+00:00,5.75,5.8,5.7,5.77,2101881.0,5.773,6113,False
2024-04-22 00:00:00+00:00,5.85,5.92,5.83,5.88,1882013.0,5.879,4131,False
2024-04-23 00:00:00+00:00,5.91,5.92,5.88,5.89,1127670.0,5.899,3862,False
2024-04-24 00:00:00+00:00,5.92,5.95,5.89,5.91,810360.0,5.913,1896,False
2024-04-25 00:00:00+00:00,5.77,5.84,5.75,5.81,1427461.0,5.812,3423,False
2024-04-26 00:00:00+00:00,5.81,5.86,5.76,5.82,661470.0,5.808,1863,False
2024-04-29 00:00:00+00:00,5.85,5.94,5.82,5.91,1519403.0,5.901,3776,False
2024-04-30 00:00:00+00:00,5.77,5.78,5.71,5.71,2207316.0,5.73,4563,False
2024-05-01 00:00:00+00:00,5.53,5.64,5.5,5.57,2221628.0,5.574,6351,False
2024-05-02 00:00:00+00:00,5.69,5.76,5.69,5.74,1125055.0,5.74,4820,False
2024-05-03 00:00:00+00:00,5.8,5.84,5.77,5.82,1626035.0,5.817,4886,False
2024-05-06 00:00:00+00:00,5.83,5.89,5.8,5.87,1679553.0,5.87,3638,False
2024-05-07 00:00:00+00:00,6.0,6.02,5.96,5.98,1207394.0,5.984,2570,False
2024-05-08 00:00:00+00:00,5.79,5.82,5.77,5.8,1130257.0,5.802,3067,False
2024-05-09 00:00:00+00:00,5.71,5.73,5.68,5.71,1278632.0,5.708,3633,False
2024-05-10 00:00:00+00:00,5.74,5.75,5.7,5.72,297996.0,5.717,1089,False
2024-05-13 00:00:00+00:00,5.75,5.75,5.7,5.71,692509.0,5.722,2054,False
2024-05-14 00:00:00+00:00,5.66,5.72,5.66,5.72,937764.0,5.705,3342,False
2024-05-15 00:00:00+00:00,5.76,5.79,5.73,5.79,782918.0,5.773,2554,False
2024-05-16 00:00:00+00:00,5.92,5.97,5.89,5.9,821123.0,5.915,2890,False
2024-05-17 00:00:00+00:00,5.91,5.94,5.9,5.91,634620.0,5.919,1981,False
2024-05-20 00:00:00+00:00,5.85,5.87,5.81,5.82,657655.0,5.831,2393,False
2024-05-21 00:00:00+00:00,5.79,5.87,5.79,5.83,1166356.0,5.831,2955,False
2024-05-22 00:00:00+00:00,5.94,5.95,5.9,5.93,1945109.0,5.93,5508,False
2024-05-23 00:00:00+00:00,6.05,6.11,5.96,5.97,614769.0,6.007,1637,False
2024-05-24 00:00:00+00:00,5.97,6.01,5.96,5.98,361028.0,5.985,1160,False
2024-05-28 00:00:00+00:00,6.0,6.05,5.99,6.0,495857.0,6.005,1706,False
2024-05-29 00:00:00+00:00,5.92,5.92,5.85,5.86,669928.0,5.868,2884,False
2024-05-30 00:00:00+00:00,5.85,5.87,5.82,5.82,444375.0,5.839,1832,False
2024-05-31 00:00:00+00:00,6.05,6.08,6.01,6.08,629235.0,6.042,1997,False
2024-06-03 00:00:00+00:00,6.28,6.4,6.27,6.35,1322184.0,6.355,4526,False
2024-06-04 00:00:00+00:00,6.35,6.41,6.27,6.3,791780.0,6.299,2617,False
2024-06-05 00:00:00+00:00,6.18,6.21,6.13,6.19,652178.0,6.178,2711,False
2024-06-06 00:00:00+00:00,6.27,6.33,6.25,6.27,1051467.0,6.272,4163,False
2024-06-07 00:00:00+00:00,6.21,6.21,6.17,6.2,260528.0,6.191,884,False
2024-06-10 00:00:00+00:00,6.14,6.17,6.1,6.17,332806.0,6.152,1380,False
2024-06-11 00:00:00+00:00,6.0,6.0,5.88,5.89,732776.0,5.901,2822,False
2024-06-12 00:00:00+00:00,5.92,5.95,5.87,5.89,621317.0,5.901,2141,False
2024-06-13 00:00:00+00:00,5.81,5.82,5.76,5.81,610849.0,5.79,2540,False
2024-06-14 00:00:00+00:00,5.81,5.85,5.79,5.84,509059.0,5.825,1996,False
2024-06-17 00:00:00+00:00,5.72,5.77,5.7,5.75,604087.0,5.739,2297,False
2024-06-18 00:00:00+00:00,5.74,5.75,5.71,5.74,338233.0,5.737,1556,False
2024-06-20 00:00:00+00:00,5.68,5.68,5.57,5.64,829359.0,5.621,3310,False
2024-06-21 00:00:00+00:00,5.64,5.64,5.59,5.61,410505.0,5.619,1593,False
2024-06-24 00:00:00+00:00,5.67,5.71,5.66,5.69,375302.0,5.683,1417,False
2024-06-25 00:00:00+00:00,5.84,5.85,5.81,5.84,413218.0,5.832,1693,False
2024-06-26 00:00:00+00:00,5.83,5.85,5.81,5.84,570364.0,5.828,2320,False
2024-06-27 00:00:00+00:00,5.74,5.77,5.72,5.74,438783.0,5.737,1852,False
2024-06-28 00:00:00+00:00,5.78,5.81,5.76,5.78,315890.0,5.781,1224,False
2024-07-01 00:00:00+00:00,5.82,5.86,5.8,5.84,246198.0,5.827,928,False
2024-07-02 00:00:00+00:00,5.93,6.0,5.92,6.0,323751.0,5.966,1233,False
2024-07-03 00:00:00+00:00,6.0,6.05,5.98,6.05,153594.0,6.025,839,False
2024-07-05 00:00:00+00:00,6.01,6.02,5.96,5.99,479381.0,5.986,2121,False
2024-07-08 00:00:00+00:00,5.98,6.01,5.93,5.94,371372.0,5.969,1550,False
2024-07-09 00:00:00+00:00,5.92,6.01,5.9,5.97,738628.0,5.973,3168,False
2024-07-10 00:00:00+00:00,6.01,6.11,6.0,6.1,370623.0,6.081,1439,False
2024-07-11 00:00:00+00:00,6.07,6.08,6.0,6.03,377912.0,6.023,1727,False
2024-07-12 00:00:00+00:00,6.03,6.08,6.01,6.05,386399.0,6.054,1459,False
2024-07-15 00:00:00+00:00,6.03,6.06,6.01,6.05,362444.0,6.044,1603,False
2024-07-16 00:00:00+00:00,6.23,6.31,6.23,6.31,446199.0,6.278,1507,False
2024-07-17 00:00:00+00:00,6.27,6.33,6.26,6.31,377762.0,6.306,1553,False
2024-07-18 00:00:00+00:00,6.3,6.3,6.2,6.2,384262.0,6.24,1549,False
2024-07-19 00:00:00+00:00,6.19,6.19,6.13,6.14,302441.0,6.15,1354,False
2024-07-22 00:00:00+00:00,6.14,6.16,6.1,6.15,473817.0,6.145,1964,False
2024-07-23 00:00:00+00:00,6.16,6.18,6.14,6.16,275121.0,6.163,1183,False
2024-07-24 00:00:00+00:00,6.01,6.04,5.89,5.9,586213.0,5.945,2592,False
2024-07-25 00:00:00+00:00,5.77,5.81,5.7,5.75,565224.0,5.764,1986,False
2024-07-26 00:00:00+00:00,5.79,5.79,5.76,5.78,234943.0,5.777,930,False
2024-07-29 00:00:00+00:00,5.86,5.9,5.82,5.85,709296.0,5.845,2755,False
2024-07-30 00:00:00+00:00,6.15,6.18,5.94,5.99,715035.0,6.01,2811,False
2024-07-31 00:00:00+00:00,6.15,6.2,6.14,6.19,670434.0,6.17,2327,False
2024-08-01 00:00:00+00:00,6.02,6.02,5.82,5.89,1052680.0,5.88,3438,False
2024-08-02 00:00:00+00:00,5.3,5.41,5.19,5.23,2303257.0,5.244,8368,False
2024-08-05 00:00:00+00:00,4.74,5.04,4.66,4.98,1476638.0,4.94,5108,False
2024-08-06 00:00:00+00:00,4.94,5.06,4.85,5.04,1399323.0,4.976,4211,False
2024-08-07 00:00:00+00:00,5.17,5.19,4.92,4.92,1132309.0,4.997,3631,False
2024-08-08 00:00:00+00:00,4.99,4.99,4.9,4.93,766798.0,4.941,2791,False
2024-08-09 00:00:00+00:00,4.99,5.05,4.96,5.04,715686.0,5.01,3192,False
2024-08-12 00:00:00+00:00,5.04,5.07,4.99,5.01,767671.0,5.016,2372,False
2024-08-13 00:00:00+00:00,5.22,5.4,5.22,5.38,1667336.0,5.341,5356,False
2024-08-14 00:00:00+00:00,5.37,5.4,5.33,5.4,509588.0,5.375,1910,False
2024-08-15 00:00:00+00:00,5.58,5.67,5.56,5.65,611602.0,5.638,2542,False
2024-08-16 00:00:00+00:00,5.68,5.78,5.67,5.77,925676.0,5.731,2896,False
2024-08-19 00:00:00+00:00,5.78,5.81,5.73,5.8,982082.0,5.778,3444,False
2024-08-20 00:00:00+00:00,5.77,5.81,5.75,5.8,872146.0,5.785,2680,False
2024-08-21 00:00:00+00:00,5.83,5.83,5.77,5.8,452985.0,5.798,1956,False
2024-08-22 00:00:00+00:00,5.75,5.75,5.66,5.66,420630.0,5.701,1664,False
2024-08-23 00:00:00+00:00,5.77,5.87,5.77,5.86,370150.0,5.836,1307,False
2024-08-26 00:00:00+00:00,5.81,5.81,5.74,5.75,380524.0,5.766,1248,False
2024-08-27 00:00:00+00:00,5.73,5.81,5.69,5.78,407236.0,5.792,1783,False
2024-08-28 00:00:00+00:00,5.77,5.8,5.72,5.72,197169.0,5.75,798,False
2024-08-29 00:00:00+00:00,5.75,5.82,5.75,5.77,268077.0,5.783,845,False
2024-08-30 00:00:00+00:00,5.81,5.87,5.8,5.85,303495.0,5.833,961,False
2024-09-03 00:00:00+00:00,5.83,5.88,5.76,5.79,394794.0,5.792,1551,False
2024-09-04 00:00:00+00:00,5.64,5.64,5.52,5.54,715431.0,5.567,2652,False
2024-09-05 00:00:00+00:00,5.65,5.74,5.63,5.73,629842.0,5.695,2394,False
2024-09-06 00:00:00+00:00,5.64,5.66,5.43,5.43,662052.0,5.489,2379,False
2024-09-09 00:00:00+00:00,5.52,5.58,5.5,5.55,751727.0,5.549,2533,False
2024-09-10 00:00:00+00:00,5.47,5.48,5.36,5.42,731960.0,5.415,2449,False
2024-09-11 00:00:00+00:00,5.34,5.41,5.25,5.39,906086.0,5.344,3200,False
2024-09-12 00:00:00+00:00,5.38,5.43,5.33,5.39,656294.0,5.392,2775,False
2024-09-13 00:00:00+00:00,5.39,5.45,5.39,5.43,367947.0,5.427,1357,False
2024-09-16 00:00:00+00:00,5.45,5.49,5.43,5.47,610407.0,5.466,2078,False
2024-09-17 00:00:00+00:00,5.35,5.37,5.27,5.34,1116514.0,5.325,4165,False
2024-09-18 00:00:00+00:00,5.37,5.45,5.34,5.38,1106162.0,5.396,3190,False
2024-09-19 00:00:00+00:00,5.54,5.54,5.47,5.52,859157.0,5.518,2548,False
2024-09-20 00:00:00+00:00,5.54,5.57,5.5,5.52,531787.0,5.536,2115,False
2024-09-23 00:00:00+00:00,5.56,5.59,5.54,5.55,459740.0,5.559,1788,False
2024-09-24 00:00:00+00:00,5.5,5.53,5.45,5.5,474592.0,5.505,1312,False
2024-09-25 00:00:00+00:00,5.41,5.43,5.34,5.36,1480351.0,5.365,4878,False
2024-09-26 00:00:00+00:00,5.51,5.61,5.51,5.58,487556.0,5.585,1323,False
2024-09-27 00:00:00+00:00,5.57,5.58,5.46,5.48,439571.0,5.506,1364,False
2024-09-30 00:00:00+00:00,5.32,5.32,5.16,5.22,762327.0,5.215,2692,False
2024-10-01 00:00:00+00:00,5.3,5.33,5.27,5.32,753129.0,5.3,2614,False
2024-10-02 00:00:00+00:00,5.23,5.32,5.23,5.29,391812.0,5.293,1205,False
2024-10-03 00:00:00+00:00,5.23,5.32,5.23,5.32,461887.0,5.304,1906,False
2024-10-04 00:00:00+00:00,5.39,5.48,5.3,5.48,1215929.0,5.457,2811,False
2024-10-07 00:00:00+00:00,5.5,5.55,5.5,5.53,566604.0,5.526,1453,False
2024-10-08 00:00:00+00:00,5.43,5.44,5.37,5.39,402745.0,5.401,1252,False
2024-10-09 00:00:00+00:00,5.35,5.35,5.27,5.33,813371.0,5.32,2513,False
2024-10-10 00:00:00+00:00,5.27,5.34,5.26,5.34,357075.0,5.312,1328,False
2024-10-11 00:00:00+00:00,5.31,5.39,5.3,5.33,312252.0,5.348,1159,False
2024-10-14 00:00:00+00:00,5.35,5.41,5.35,5.41,461823.0,5.394,1341,False
2024-10-15 00:00:00+00:00,5.36,5.38,5.27,5.27,363950.0,5.316,1359,False
2024-10-16 00:00:00+00:00,5.34,5.36,5.3,5.36,282857.0,5.339,828,False
2024-10-17 00:00:00+00:00,5.43,5.47,5.38,5.38,471881.0,5.415,1420,False
2024-10-18 00:00:00+00:00,5.36,5.37,5.31,5.34,506956.0,5.338,1357,False
2024-10-21 00:00:00+00:00,5.3,5.3,5.2,5.22,447079.0,5.232,1421,False
2024-10-22 00:00:00+00:00,5.23,5.23,5.16,5.2,202577.0,5.186,613,False
2024-10-23 00:00:00+00:00,5.1,5.11,5.01,5.06,552820.0,5.04,1934,False
2024-10-24 00:00:00+00:00,5.08,5.15,5.07,5.11,506583.0,5.098,1773,False
2024-10-25 00:00:00+00:00,5.13,5.15,5.08,5.1,264328.0,5.112,696,False
2024-10-28 00:00:00+00:00,5.13,5.2,5.13,5.17,529466.0,5.174,1484,False
2024-10-29 00:00:00+00:00,5.23,5.29,5.21,5.26,416717.0,5.253,1341,False
2024-10-30 00:00:00+00:00,5.2,5.23,5.16,5.18,663546.0,5.183,2425,False
2024-10-31 00:00:00+00:00,5.15,5.19,5.12,5.18,554008.0,5.176,1994,False
2024-11-01 00:00:00+00:00,5.32,5.39,5.25,5.25,502466.0,5.312,1619,False
2024-11-04 00:00:00+00:00,5.28,5.29,5.23,5.26,319798.0,5.263,1048,False
2024-11-05 00:00:00+00:00,5.61,5.7,5.5,5.6,2841239.0,5.58,6913,False
2024-11-06 00:00:00+00:00,5.69,5.69,5.56,5.66,816613.0,5.629,2929,False
2024-11-07 00:00:00+00:00,5.72,5.79,5.72,5.75,471120.0,5.758,1797,False
2024-11-08 00:00:00+00:00,5.88,5.89,5.81,5.85,791476.0,5.847,2743,False
2024-11-11 00:00:00+00:00,5.89,5.92,5.86,5.89,306892.0,5.895,1077,False
2024-11-12 00:00:00+00:00,5.9,5.95,5.84,5.88,645590.0,5.882,1995,False
2024-11-13 00:00:00+00:00,5.8,5.86,5.74,5.75,436858.0,5.776,1414,False
2024-11-14 00:00:00+00:00,5.81,5.94,5.81,5.9,665717.0,5.897,2373,False
2024-11-15 00:00:00+00:00,5.87,5.88,5.82,5.86,507537.0,5.855,1935,False
2024-11-18 00:00:00+00:00,5.97,6.04,5.93,6.01,480675.0,6.015,1796,False
2024-11-19 00:00:00+00:00,5.98,6.06,5.97,6.02,389197.0,6.027,1424,False
2024-11-20 00:00:00+00:00,6.0,6.0,5.94,5.96,282001.0,5.963,1119,False
2024-11-21 00:00:00+00:00,5.99,6.09,5.98,6.05,328247.0,6.065,1110,False
2024-11-22 00:00:00+00:00,6.03,6.07,5.99,6.04,327454.0,6.048,1494,False
2024-11-25 00:00:00+00:00,6.09,6.09,6.01,6.08,366648.0,6.061,1389,False
2024-11-26 00:00:00+00:00,6.02,6.02,5.94,5.97,290559.0,5.969,1224,False
2024-11-27 00:00:00+00:00,5.96,5.96,5.91,5.93,406747.0,5.932,1236,False
2024-11-29 00:00:00+00:00,5.98,6.08,5.98,6.08,201953.0,6.052,765,False
2024-12-02 00:00:00+00:00,6.13,6.22,6.12,6.17,541188.0,6.185,1810,False
2024-12-03 00:00:00+00:00,6.24,6.26,6.2,6.25,303735.0,6.242,1141,False
2024-12-04 00:00:00+00:00,6.21,6.21,6.16,6.2,306269.0,6.191,1305,False
2024-12-05 00:00:00+00:00,6.26,6.27,6.23,6.24,204985.0,6.254,818,False
2024-12-06 00:00:00+00:00,6.21,6.22,6.13,6.16,291914.0,6.164,1016,False
2024-12-09 00:00:00+00:00,6.17,6.18,6.1,6.1,379807.0,6.138,1068,False
2024-12-10 00:00:00+00:00,6.11,6.11,6.04,6.04,269278.0,6.069,684,False
2024-12-11 00:00:00+00:00,6.11,6.14,6.07,6.12,209376.0,6.114,778,False
2024-12-12 00:00:00+00:00,5.97,6.06,5.97,6.01,205210.0,6.011,728,False
2024-12-13 00:00:00+00:00,5.98,5.99,5.94,5.94,268338.0,5.966,851,False
2024-12-16 00:00:00+00:00,5.94,5.95,5.9,5.93,285780.0,5.927,939,False
2024-12-17 00:00:00+00:00,5.79,5.83,5.74,5.75,245500.0,5.767,982,False
2024-12-18 00:00:00+00:00,5.83,5.94,5.68,5.69,401338.0,5.797,1501,False
2024-12-19 00:00:00+00:00,5.74,5.8,5.67,5.69,486646.0,5.706,2091,False
2024-12-20 00:00:00+00:00,5.64,5.78,5.64,5.73,302422.0,5.749,1037,False
2024-12-23 00:00:00+00:00,5.69,5.77,5.69,5.77,270664.0,5.73,1035,False
2024-12-24 00:00:00+00:00,5.8,5.8,5.76,5.8,159888.0,5.78,492,False
2024-12-26 00:00:00+00:00,5.81,5.88,5.81,5.86,255251.0,5.858,952,False
2024-12-27 00:00:00+00:00,5.89,5.9,5.82,5.86,394412.0,5.851,1329,False
2024-12-30 00:00:00+00:00,5.81,5.88,5.75,5.83,584802.0,5.799,1777,False
2024-12-31 00:00:00+00:00,5.84,5.89,5.78,5.79,171112.0,5.8,707,False
2025-01-02 00:00:00+00:00,5.77,5.86,5.75,5.81,612911.0,5.814,2084,False
2025-01-03 00:00:00+00:00,5.83,5.86,5.79,5.84,281979.0,5.833,1017,False
2025-01-06 00:00:00+00:00,5.89,5.9,5.81,5.81,229172.0,5.857,812,False
2025-01-07 00:00:00+00:00,5.88,5.9,5.78,5.79,214766.0,5.817,756,False
2025-01-08 00:00:00+00:00,5.73,5.76,5.67,5.76,578878.0,5.718,1570,False
2025-01-10 00:00:00+00:00,5.67,5.69,5.56,5.56,417178.0,5.588,1341,False
2025-01-13 00:00:00+00:00,5.53,5.59,5.52,5.58,408807.0,5.568,1453,False
2025-01-14 00:00:00+00:00,5.63,5.68,5.63,5.65,327233.0,5.654,1244,False
2025-01-15 00:00:00+00:00,5.79,5.79,5.71,5.75,395477.0,5.743,1486,False
2025-01-16 00:00:00+00:00,5.83,5.91,5.83,5.88,319036.0,5.863,895,False
2025-01-17 00:00:00+00:00,5.93,5.99,5.93,5.98,254255.0,5.971,875,False
2025-01-21 00:00:00+00:00,6.09,6.15,6.07,6.12,297774.0,6.117,1086,False
2025-01-22 00:00:00+00:00,6.16,6.19,6.1,6.11,530632.0,6.136,1832,False
2025-01-23 00:00:00+00:00,6.1,6.15,6.08,6.15,616104.0,6.129,2069,False
2025-01-24 00:00:00+00:00,6.2,6.28,6.2,6.26,351336.0,6.249,1144,False
2025-01-27 00:00:00+00:00,6.22,6.3,6.22,6.29,481974.0,6.274,1692,False
2025-01-28 00:00:00+00:00,6.27,6.46,6.26,6.37,909447.0,6.388,1982,False
2025-01-29 00:00:00+00:00,6.4,6.46,6.39,6.41,687003.0,6.43,2025,False
2025-01-30 00:00:00+00:00,6.47,6.5,6.42,6.45,374164.0,6.457,904,False
2025-01-31 00:00:00+00:00,6.55,6.57,6.47,6.48,304961.0,6.519,932,False
2025-02-03 00:00:00+00:00,6.3,6.46,6.3,6.45,557247.0,6.418,1634,False
2025-02-04 00:00:00+00:00,6.46,6.48,6.42,6.46,475024.0,6.454,1268,False
2025-02-05 00:00:00+00:00,6.65,6.99,6.65,6.98,1446214.0,6.934,3905,False
2025-02-06 00:00:00+00:00,6.92,6.95,6.84,6.91,842601.0,6.903,2746,False
2025-02-07 00:00:00+00:00,6.88,6.89,6.76,6.77,635888.0,6.81,1796,False
2025-02-10 00:00:00+00:00,6.88,6.89,6.84,6.84,333617.0,6.865,989,False
2025-02-11 00:00:00+00:00,6.84,6.87,6.81,6.86,162052.0,6.853,506,False
2025-02-12 00:00:00+00:00,6.56,6.59,6.42,6.54,417849.0,6.52,1283,False
2025-02-13 00:00:00+00:00,6.74,6.81,6.72,6.77,456029.0,6.758,1420,False
2025-02-14 00:00:00+00:00,6.77,6.8,6.74,6.76,261519.0,6.762,823,False
2025-02-18 00:00:00+00:00,6.74,6.74,6.66,6.71,450015.0,6.687,1388,False
2025-02-19 00:00:00+00:00,6.66,6.7,6.63,6.69,238118.0,6.666,839,False
2025-02-20 00:00:00+00:00,6.68,6.69,6.59,6.62,382463.0,6.619,1464,False
2025-02-21 00:00:00+00:00,6.62,6.63,6.47,6.48,255532.0,6.53,1012,False
2025-02-24 00:00:00+00:00,6.54,6.57,6.43,6.49,545772.0,6.503,1426,False
2025-02-25 00:00:00+00:00,6.6,6.65,6.5,6.55,457492.0,6.548,1376,False
2025-02-26 00:00:00+00:00,6.56,6.6,6.53,6.55,191954.0,6.562,711,False
2025-02-27 00:00:00+00:00,6.62,6.7,6.56,6.59,340220.0,6.604,1334,False
2025-02-28 00:00:00+00:00,6.47,6.47,6.37,6.44,449801.0,6.417,1312,False
2025-03-03 00:00:00+00:00,6.63,6.68,6.48,6.51,532289.0,6.565,1746,False
2025-03-04 00:00:00+00:00,6.44,6.49,6.3,6.39,629183.0,6.377,2039,False
2025-03-05 00:00:00+00:00,6.53,6.65,6.53,6.62,414961.0,6.585,1331,False
2025-03-06 00:00:00+00:00,6.56,6.61,6.44,6.47,619888.0,6.509,1677,False
2025-03-07 00:00:00+00:00,6.51,6.54,6.41,6.51,525517.0,6.479,1603,False
2025-03-10 00:00:00+00:00,6.38,6.43,6.27,6.31,442584.0,6.339,1553,False
2025-03-11 00:00:00+00:00,6.17,6.2,6.08,6.14,680143.0,6.131,1904,False
2025-03-12 00:00:00+00:00,6.21,6.32,6.21,6.27,504853.0,6.275,1711,False
2025-03-13 00:00:00+00:00,6.2,6.24,6.16,6.19,381001.0,6.2,1408,False
2025-03-14 00:00:00+00:00,6.27,6.42,6.27,6.38,1004786.0,6.383,4112,False
2025-03-17 00:00:00+00:00,6.4,6.5,6.4,6.49,435530.0,6.475,1297,False
2025-03-18 00:00:00+00:00,6.44,6.48,6.4,6.48,259456.0,6.448,951,False
2025-03-19 00:00:00+00:00,6.48,6.6,6.45,6.57,261220.0,6.53,915,False
2025-03-20 00:00:00+00:00,6.5,6.52,6.47,6.52,246254.0,6.501,848,False
2025-03-21 00:00:00+00:00,6.52,6.61,6.52,6.58,398739.0,6.576,1226,False
2025-03-24 00:00:00+00:00,6.64,6.66,6.61,6.65,223800.0,6.639,852,False
2025-03-25 00:00:00+00:00,6.66,6.67,6.61,6.66,309857.0,6.646,1002,False
2025-03-26 00:00:00+00:00,6.63,6.63,6.53,6.56,389978.0,6.583,912,False
2025-03-27 00:00:00+00:00,6.59,6.67,6.59,6.61,250657.0,6.627,836,False
2025-03-28 00:00:00+00:00,6.44,6.48,6.36,6.39,495657.0,6.399,1637,False
2025-03-31 00:00:00+00:00,6.17,6.17,6.04,6.15,712530.0,6.123,2317,False
2025-04-01 00:00:00+00:00,6.1,6.12,6.01,6.1,433202.0,6.073,1269,False
2025-04-02 00:00:00+00:00,6.06,6.18,6.05,6.17,316269.0,6.126,1039,False
2025-04-03 00:00:00+00:00,5.77,5.78,5.6,5.63,1042914.0,5.693,2894,False
2025-04-04 00:00:00+00:00,5.39,5.39,5.16,5.17,1392690.0,5.244,3877,False
2025-04-07 00:00:00+00:00,5.0,5.33,4.9,5.03,2314323.0,5.047,5853,False
2025-04-08 00:00:00+00:00,5.3,5.33,4.88,4.95,1622166.0,5.053,3491,False
2025-04-09 00:00:00+00:00,4.93,5.54,4.86,5.46,2539719.0,5.131,6299,False
2025-04-10 00:00:00+00:00,5.36,5.36,4.96,5.07,1216419.0,5.082,3315,False
2025-04-11 00:00:00+00:00,5.23,5.33,5.12,5.31,2050118.0,5.223,5948,False
2025-04-14 00:00:00+00:00,5.4,5.43,5.33,5.38,1049928.0,5.388,2697,False
2025-04-15 00:00:00+00:00,5.43,5.47,5.4,5.43,836804.0,5.435,2002,False
2025-04-16 00:00:00+00:00,5.41,5.45,5.3,5.38,972793.0,5.367,2442,False
2025-04-17 00:00:00+00:00,5.45,5.57,5.45,5.5,963492.0,5.528,2507,False
2025-04-21 00:00:00+00:00,5.42,5.5,5.42,5.45,1192327.0,5.45,2703,False
2025-04-22 00:00:00+00:00,5.57,5.63,5.54,5.6,1198187.0,5.583,2491,False
2025-04-23 00:00:00+00:00,5.67,5.69,5.59,5.61,930829.0,5.624,2415,False
2025-04-24 00:00:00+00:00,5.7,5.7,5.63,5.7,1517474.0,5.661,3131,False
2025-04-25 00:00:00+00:00,5.8,5.81,5.71,5.78,791067.0,5.764,2246,False
2025-04-28 00:00:00+00:00,5.54,5.58,5.51,5.57,780272.0,5.549,1790,False
2025-04-29 00:00:00+00:00,5.57,5.62,5.55,5.6,567906.0,5.594,1185,False
2025-04-30 00:00:00+00:00,5.52,5.58,5.45,5.55,885229.0,5.532,2523,False
2025-05-01 00:00:00+00:00,5.5,5.58,5.5,5.51,763488.0,5.546,1933,False
2025-05-02 00:00:00+00:00,5.5,5.57,5.48,5.56,788560.0,5.533,1859,False
2025-05-05 00:00:00+00:00,5.57,5.59,5.53,5.56,544277.0,5.576,1264,False
2025-05-06 00:00:00+00:00,5.52,5.58,5.51,5.52,359360.0,5.552,848,False
2025-05-07 00:00:00+00:00,5.52,5.56,5.48,5.5,1078919.0,5.513,2882,False
2025-05-08 00:00:00+00:00,5.55,5.6,5.54,5.56,461477.0,5.577,1187,False
2025-05-09 00:00:00+00:00,5.64,5.65,5.61,5.63,419263.0,5.63,916,False
2025-05-12 00:00:00+00:00,5.79,5.83,5.77,5.81,594872.0,5.806,1527,False
2025-05-13 00:00:00+00:00,5.85,5.93,5.85,5.92,697130.0,5.895,1600,False
2025-05-14 00:00:00+00:00,5.97,6.02,5.95,6.0,582220.0,5.984,1561,False
2025-05-15 00:00:00+00:00,5.95,5.96,5.89,5.93,363295.0,5.926,821,False
2025-05-16 00:00:00+00:00,5.98,6.02,5.97,6.0,332965.0,6.001,785,False
2025-05-19 00:00:00+00:00,5.9,5.97,5.87,5.96,457817.0,5.945,1819,False
2025-05-20 00:00:00+00:00,5.94,5.98,5.91,5.97,266354.0,5.956,839,False
2025-05-21 00:00:00+00:00,5.96,6.03,5.95,5.96,408404.0,5.99,1235,False
2025-05-22 00:00:00+00:00,5.98,6.01,5.94,5.99,245043.0,5.978,756,False
2025-05-23 00:00:00+00:00,5.88,5.96,5.87,5.94,334931.0,5.927,988,False
2025-05-27 00:00:00+00:00,6.08,6.18,6.07,6.18,336452.0,6.145,1035,False
2025-05-28 00:00:00+00:00,6.05,6.09,6.04,6.05,377556.0,6.056,1325,False
2025-05-29 00:00:00+00:00,6.05,6.11,5.96,6.03,419365.0,6.001,1346,False
2025-05-30 00:00:00+00:00,6.08,6.14,6.03,6.09,411719.0,6.082,1296,False
2025-06-02 00:00:00+00:00,6.09,6.17,6.09,6.17,353837.0,6.144,1220,False
2025-06-03 00:00:00+00:00,6.07,6.14,6.07,6.14,313039.0,6.125,951,False
2025-06-04 00:00:00+00:00,6.1,6.14,6.1,6.11,430033.0,6.118,1607,False
2025-06-05 00:00:00+00:00,6.15,6.16,6.1,6.15,508806.0,6.133,1714,False
2025-06-06 00:00:00+00:00,6.2,6.24,6.18,6.24,310115.0,6.221,917,False
2025-06-09 00:00:00+00:00,6.24,6.25,6.19,6.22,381072.0,6.223,1087,False
2025-06-10 00:00:00+00:00,6.21,6.23,6.16,6.2,312862.0,6.193,1061,False
2025-06-11 00:00:00+00:00,6.21,6.21,6.15,6.17,353756.0,6.181,949,False
2025-06-12 00:00:00+00:00,6.19,6.25,6.19,6.25,355466.0,6.235,1186,False
2025-06-13 00:00:00+00:00,6.13,6.21,6.12,6.17,480623.0,6.172,1360,False
2025-06-16 00:00:00+00:00,6.2,6.26,6.19,6.19,320314.0,6.224,1075,False
2025-06-17 00:00:00+00:00,6.19,6.19,6.1,6.1,280130.0,6.125,907,False
2025-06-18 00:00:00+00:00,6.27,6.31,6.25,6.26,434439.0,6.278,1375,False
2025-06-20 00:00:00+00:00,6.23,6.27,6.16,6.16,312549.0,6.181,1136,False
2025-06-23 00:00:00+00:00,6.06,6.15,6.02,6.14,331931.0,6.095,1089,False
2025-06-24 00:00:00+00:00,6.19,6.25,6.18,6.25,567250.0,6.228,2036,False
2025-06-25 00:00:00+00:00,6.18,6.22,6.17,6.21,290941.0,6.198,944,False
2025-06-26 00:00:00+00:00,6.29,6.34,6.25,6.32,367334.0,6.309,893,False
2025-06-27 00:00:00+00:00,6.55,6.64,6.54,6.6,767017.0,6.601,1959,False
2025-06-30 00:00:00+00:00,6.6,6.61,6.55,6.58,299863.0,6.577,990,False
2025-07-01 00:00:00+00:00,6.56,6.6,6.51,6.57,615960.0,6.564,1795,False
2025-07-02 00:00:00+00:00,6.51,6.56,6.49,6.55,844418.0,6.531,2702,False
2025-07-03 00:00:00+00:00,6.47,6.52,6.46,6.51,261809.0,6.497,849,False
2025-07-07 00:00:00+00:00,6.37,6.41,6.26,6.28,411630.0,6.326,1424,False
2025-07-08 00:00:00+00:00,6.3,6.35,6.3,6.33,277359.0,6.329,927,False
2025-07-09 00:00:00+00:00,6.36,6.38,6.34,6.38,267929.0,6.36,976,False
2025-07-10 00:00:00+00:00,6.35,6.42,6.35,6.41,372150.0,6.398,1194,False
2025-07-11 00:00:00+00:00,6.4,6.43,6.36,6.42,403221.0,6.407,771,False
2025-07-14 00:00:00+00:00,6.41,6.46,6.39,6.44,327440.0,6.439,1146,False
2025-07-15 00:00:00+00:00,6.4,6.4,6.31,6.35,292147.0,6.341,973,False
2025-07-16 00:00:00+00:00,6.35,6.35,6.22,6.3,666423.0,6.279,2093,False
2025-07-17 00:00:00+00:00,6.29,6.36,6.28,6.35,444646.0,6.338,1734,False
2025-07-18 00:00:00+00:00,6.33,6.33,6.3,6.32,336486.0,6.309,1389,False
2025-07-21 00:00:00+00:00,6.21,6.43,6.21,6.39,366069.0,6.383,1245,False
2025-07-22 00:00:00+00:00,6.42,6.5,6.42,6.48,363814.0,6.478,1231,False
2025-07-23 00:00:00+00:00,6.69,6.89,6.69,6.87,812949.0,6.851,2632,False
2025-07-24 00:00:00+00:00,6.8,6.8,6.73,6.75,605490.0,6.77,2175,False
2025-07-25 00:00:00+00:00,6.74,6.8,6.72,6.79,339522.0,6.77,1394,False
2025-07-28 00:00:00+00:00,6.72,6.72,6.64,6.68,350061.0,6.677,1093,False
2025-07-29 00:00:00+00:00,6.92,7.2,6.92,6.99,1310471.0,7.051,3342,False
2025-07-30 00:00:00+00:00,6.78,6.79,6.7,6.73,701766.0,6.748,1992,False
2025-07-31 00:00:00+00:00,6.72,6.73,6.63,6.65,345118.0,6.672,1032,False
2025-08-01 00:00:00+00:00,6.67,6.74,6.59,6.68,627738.0,6.659,1905,False
2025-08-04 00:00:00+00:00,6.7,6.77,6.7,6.76,260550.0,6.745,937,False
2025-08-05 00:00:00+00:00,6.79,6.81,6.74,6.78,233312.0,6.789,901,False
2025-08-06 00:00:00+00:00,6.81,6.89,6.8,6.88,284942.0,6.863,1085,False
2025-08-07 00:00:00+00:00,6.93,7.0,6.92,6.95,267495.0,6.946,827,False
2025-08-08 00:00:00+00:00,7.05,7.09,6.99,7.07,246232.0,7.058,973,False
2025-08-11 00:00:00+00:00,7.09,7.09,7.02,7.02,249279.0,7.051,867,False
2025-08-12 00:00:00+00:00,7.14,7.23,7.14,7.23,280463.0,7.214,948,False
2025-08-13 00:00:00+00:00,7.2,7.26,7.2,7.25,309752.0,7.233,1193,False
2025-08-14 00:00:00+00:00,7.19,7.28,7.19,7.26,357528.0,7.26,1329,False
2025-08-15 00:00:00+00:00,7.44,7.46,7.37,7.38,321081.0,7.393,1113,False
2025-08-18 00:00:00+00:00,7.4,7.44,7.39,7.42,438123.0,7.424,1532,False
2025-08-19 00:00:00+00:00,7.38,7.42,7.31,7.34,826075.0,7.373,2995,False
2025-08-20 00:00:00+00:00,7.26,7.28,7.23,7.26,627351.0,7.258,2495,False
2025-08-21 00:00:00+00:00,7.21,7.23,7.17,7.21,614197.0,7.198,2211,False
2025-08-22 00:00:00+00:00,7.22,7.4,7.22,7.37,394812.0,7.359,1320,False
2025-08-25 00:00:00+00:00,7.35,7.36,7.29,7.3,351070.0,7.317,1209,False
2025-08-26 00:00:00+00:00,7.27,7.32,7.27,7.32,194260.0,7.304,857,False
2025-08-27 00:00:00+00:00,7.23,7.23,7.13,7.22,234729.0,7.189,868,False
2025-08-28 00:00:00+00:00,7.28,7.32,7.26,7.31,261491.0,7.306,889,False
2025-08-29 00:00:00+00:00,7.18,7.2,7.07,7.19,434513.0,7.177,1825,False
2025-09-02 00:00:00+00:00,7.07,7.16,7.05,7.16,241714.0,7.108,977,False
2025-09-03 00:00:00+00:00,7.0,7.08,7.0,7.07,420921.0,7.053,1866,False
2025-09-04 00:00:00+00:00,7.14,7.17,7.09,7.16,234050.0,7.15,987,False
2025-09-05 00:00:00+00:00,7.25,7.27,7.16,7.2,249659.0,7.197,991,False
2025-09-08 00:00:00+00:00,7.36,7.45,7.35,7.43,256330.0,7.406,974,False
2025-09-09 00:00:00+00:00,7.38,7.4,7.32,7.4,435490.0,7.364,1374,False
2025-09-10 00:00:00+00:00,7.44,7.5,7.43,7.46,284027.0,7.462,1212,False
2025-09-11 00:00:00+00:00,7.46,7.55,7.46,7.55,436841.0,7.531,1825,False
2025-09-12 00:00:00+00:00,7.5,7.56,7.46,7.51,445713.0,7.499,1729,False
2025-09-15 00:00:00+00:00,7.58,7.58,7.53,7.55,350959.0,7.551,1098,False
2025-09-16 00:00:00+00:00,7.59,7.59,7.53,7.55,288388.0,7.549,1221,False
2025-09-17 00:00:00+00:00,7.56,7.57,7.45,7.49,393863.0,7.522,1680,False
2025-09-18 00:00:00+00:00,7.52,7.56,7.5,7.56,331856.0,7.539,1214,False
2025-09-19 00:00:00+00:00,7.48,7.49,7.44,7.47,224983.0,7.467,815,False
2025-09-22 00:00:00+00:00,7.48,7.5,7.44,7.49,186759.0,7.476,725,False
2025-09-23 00:00:00+00:00,7.52,7.54,7.44,7.47,395227.0,7.492,1230,False
2025-09-24 00:00:00+00:00,7.43,7.43,7.32,7.35,441801.0,7.354,1418,False
2025-09-25 00:00:00+00:00,7.41,7.44,7.36,7.44,559223.0,7.408,1830,False
2025-09-26 00:00:00+00:00,7.49,7.57,7.48,7.55,435793.0,7.546,1310,False
2025-09-29 00:00:00+00:00,7.46,7.48,7.41,7.45,386869.0,7.448,1127,False
2025-09-30 00:00:00+00:00,7.38,7.38,7.24,7.27,535957.0,7.273,1759,False
2025-10-01 00:00:00+00:00,7.22,7.22,7.11,7.14,547877.0,7.137,1952,False
2025-10-02 00:00:00+00:00,7.11,7.12,7.04,7.1,278411.0,7.073,1015,False
2025-10-03 00:00:00+00:00,7.17,7.21,7.16,7.19,297829.0,7.186,1061,False
2025-10-06 00:00:00+00:00,7.3,7.35,7.28,7.32,721986.0,7.318,2218,False
2025-10-07 00:00:00+00:00,7.22,7.23,7.11,7.11,449695.0,7.137,1633,False
2025-10-08 00:00:00+00:00,7.16,7.18,7.14,7.16,327432.0,7.158,1321,False
2025-10-09 00:00:00+00:00,7.23,7.24,7.12,7.15,381104.0,7.158,1496,False
2025-10-10 00:00:00+00:00,6.99,6.99,6.71,6.73,784936.0,6.805,2629,False
2025-10-13 00:00:00+00:00,6.84,6.84,6.74,6.84,836797.0,6.801,2450,False
2025-10-14 00:00:00+00:00,6.78,6.94,6.78,6.89,540785.0,6.895,1594,False
2025-10-15 00:00:00+00:00,7.05,7.13,7.01,7.06,544027.0,7.071,1963,False
2025-10-16 00:00:00+00:00,7.09,7.1,7.01,7.03,580596.0,7.053,1973,False
2025-10-17 00:00:00+00:00,6.93,7.03,6.93,7.03,417973.0,7.009,1546,False
2025-10-20 00:00:00+00:00,7.09,7.12,7.08,7.12,315303.0,7.11,1155,False
2025-10-21 00:00:00+00:00,7.05,7.07,7.03,7.07,359743.0,7.058,1175,False
2025-10-22 00:00:00+00:00,7.05,7.05,6.95,7.0,495027.0,6.992,1673,False
2025-10-23 00:00:00+00:00,6.94,6.98,6.93,6.96,277056.0,6.951,1006,False
2025-10-24 00:00:00+00:00,6.93,6.93,6.88,6.92,330147.0,6.911,1285,False
2025-10-27 00:00:00+00:00,7.12,7.13,7.07,7.08,735385.0,7.09,2460,False
2025-10-28 00:00:00+00:00,7.19,7.28,7.13,7.21,445173.0,7.192,1905,False
2025-10-29 00:00:00+00:00,7.11,7.13,7.04,7.07,518337.0,7.091,2144,False
2025-10-30 00:00:00+00:00,7.1,7.15,7.06,7.06,503116.0,7.095,1670,False
2025-10-31 00:00:00+00:00,7.09,7.13,7.07,7.12,587089.0,7.108,1730,False
2025-11-03 00:00:00+00:00,7.14,7.15,7.09,7.14,328122.0,7.134,1191,False
2025-11-04 00:00:00+00:00,6.99,7.05,6.96,6.98,526105.0,7.002,1670,False
2025-11-05 00:00:00+00:00,6.88,6.98,6.88,6.96,354259.0,6.956,1182,False
2025-11-06 00:00:00+00:00,7.05,7.1,7.0,7.07,512492.0,7.04,1612,False
2025-11-07 00:00:00+00:00,7.09,7.11,6.99,7.1,598433.0,7.052,2063,False
2025-11-10 00:00:00+00:00,7.15,7.22,7.12,7.2,424278.0,7.178,1336,False
2025-11-11 00:00:00+00:00,7.17,7.22,7.15,7.2,283384.0,7.196,1114,False
2025-11-12 00:00:00+00:00,7.3,7.38,7.29,7.36,309637.0,7.36,1022,False
2025-11-13 00:00:00+00:00,7.42,7.43,7.3,7.32,482222.0,7.338,1679,False
2025-11-14 00:00:00+00:00,7.3,7.44,7.3,7.39,432340.0,7.4,1435,False
2025-11-17 00:00:00+00:00,7.1,7.12,6.95,6.99,732907.0,7.04,2256,False
2025-11-18 00:00:00+00:00,6.91,6.96,6.88,6.94,709142.0,6.928,2050,False
2025-11-19 00:00:00+00:00,6.93,7.0,6.92,6.99,816620.0,6.968,2983,False
2025-11-20 00:00:00+00:00,7.22,7.22,6.98,6.98,1146417.0,7.06,3419,False
2025-11-21 00:00:00+00:00,7.16,7.19,7.05,7.16,979569.0,7.135,2712,False
2025-11-24 00:00:00+00:00,7.19,7.31,7.18,7.29,723512.0,7.258,2434,False
2025-11-25 00:00:00+00:00,7.21,7.33,7.17,7.32,626501.0,7.276,2127,False
2025-11-26 00:00:00+00:00,7.5,7.66,7.46,7.64,718073.0,7.613,2187,False
2025-11-28 00:00:00+00:00,7.63,7.63,7.55,7.58,291747.0,7.584,858,False
2025-12-01 00:00:00+00:00,7.56,7.68,7.56,7.64,820391.0,7.648,2214,False
2025-12-02 00:00:00+00:00,7.67,7.72,7.64,7.68,736102.0,7.675,2060,False
2025-12-03 00:00:00+00:00,7.68,7.75,7.64,7.75,411681.0,7.707,1375,False
2025-12-04 00:00:00+00:00,7.93,7.98,7.88,7.9,538305.0,7.924,1618,False
2025-12-05 00:00:00+00:00,7.85,7.85,7.77,7.82,731327.0,7.811,2096,False
2025-12-08 00:00:00+00:00,7.84,7.85,7.78,7.8,427569.0,7.805,1184,False
2025-12-09 00:00:00+00:00,7.78,7.83,7.76,7.78,804710.0,7.789,2635,False
2025-12-10 00:00:00+00:00,8.04,8.15,8.04,8.12,1069943.0,8.091,2613,False
2025-12-11 00:00:00+00:00,8.23,8.36,8.22,8.31,1332759.0,8.33,3280,False
2025-12-12 00:00:00+00:00,8.35,8.37,8.24,8.29,756328.0,8.288,2308,False
2025-12-15 00:00:00+00:00,8.42,8.5,8.34,8.37,1281957.0,8.377,3785,False
2025-12-16 00:00:00+00:00,8.14,8.23,8.1,8.18,1053309.0,8.189,2771,False
2025-12-17 00:00:00+00:00,8.1,8.18,8.03,8.05,1543031.0,8.07,3594,False
2025-12-18 00:00:00+00:00,8.3,8.3,8.21,8.21,1253220.0,8.262,2237,False
2025-12-19 00:00:00+00:00,8.17,8.25,8.15,8.24,1013340.0,8.22,2407,False
2025-12-22 00:00:00+00:00,8.18,8.3,8.17,8.3,864955.0,8.271,2871,False
2025-12-23 00:00:00+00:00,8.37,8.4,8.36,8.38,576407.0,8.374,1850,False
2025-12-24 00:00:00+00:00,8.33,8.36,8.3,8.32,330376.0,8.341,976,False
2025-12-26 00:00:00+00:00,8.43,8.43,8.38,8.41,407122.0,8.41,1322,False
2025-12-29 00:00:00+00:00,8.47,8.49,8.43,8.45,498020.0,8.452,1405,False
2025-12-30 00:00:00+00:00,8.46,8.46,8.4,8.44,392497.0,8.434,1320,False
2025-12-31 00:00:00+00:00,8.4,8.4,8.36,8.39,498214.0,8.379,1597,False
2026-01-02 00:00:00+00:00,8.45,8.5,8.41,8.45,703339.0,8.447,2252,False
2026-01-05 00:00:00+00:00,8.6,8.7,8.6,8.68,641363.0,8.677,2231,False
2026-01-06 00:00:00+00:00,8.88,8.91,8.8,8.81,1155670.0,8.836,3706,False
2026-01-07 00:00:00+00:00,8.95,9.0,8.85,8.85,1127611.0,8.908,3949,False
2026-01-08 00:00:00+00:00,8.83,8.89,8.81,8.89,706524.0,8.855,2428,False
2026-01-09 00:00:00+00:00,9.07,9.15,8.99,9.09,1020906.0,9.084,2555,False
2026-01-12 00:00:00+00:00,9.08,9.2,9.08,9.17,624512.0,9.143,1972,False
2026-01-13 00:00:00+00:00,9.34,9.35,9.22,9.23,1158942.0,9.244,3225,False
2026-01-14 00:00:00+00:00,9.27,9.28,9.2,9.26,1228652.0,9.238,3344,False
2026-01-15 00:00:00+00:00,9.42,9.47,9.37,9.39,976456.0,9.409,2754,False
2026-01-16 00:00:00+00:00,9.35,9.35,9.23,9.29,700416.0,9.284,2015,False
2026-01-20 00:00:00+00:00,9.02,9.08,8.95,8.98,1975131.0,9.013,3679,False
2026-01-21 00:00:00+00:00,8.92,9.06,8.85,8.98,1523212.0,8.955,3887,False
2026-01-22 00:00:00+00:00,8.99,9.02,8.95,8.98,857636.0,8.989,2615,False
2026-01-23 00:00:00+00:00,8.95,8.99,8.89,8.96,935880.0,8.95,2632,False
2026-01-26 00:00:00+00:00,9.06,9.06,8.98,9.04,1258892.0,9.036,3397,False
2026-01-27 00:00:00+00:00,9.05,9.13,9.03,9.12,830513.0,9.104,2225,False
2026-01-28 00:00:00+00:00,9.08,9.12,9.0,9.1,1225963.0,9.081,2623,False
2026-01-29 00:00:00+00:00,9.31,9.42,9.14,9.3,2534896.0,9.255,4271,False
2026-01-30 00:00:00+00:00,9.04,9.1,8.76,8.87,1355438.0,8.859,4229,False
2026-02-02 00:00:00+00:00,8.56,8.68,8.46,8.62,1191192.0,8.633,4217,False
2026-02-03 00:00:00+00:00,8.66,8.68,8.48,8.63,1063919.0,8.572,3730,False
2026-02-04 00:00:00+00:00,8.81,8.92,8.7,8.8,1498348.0,8.787,3995,False
2026-02-05 00:00:00+00:00,8.62,8.71,8.58,8.63,2078279.0,8.652,5337,False
2026-02-06 00:00:00+00:00,8.96,9.15,8.91,9.12,1536413.0,9.073,3883,False
2026-02-09 00:00:00+00:00,9.13,9.32,9.07,9.29,892066.0,9.241,2806,False
2026-02-10 00:00:00+00:00,9.4,9.52,9.31,9.36,1636296.0,9.404,5796,False
2026-02-11 00:00:00+00:00,9.46,9.5,9.34,9.42,1233961.0,9.425,4257,False
2026-02-12 00:00:00+00:00,9.46,9.49,9.17,9.29,1230386.0,9.282,5044,False
2026-02-13 00:00:00+00:00,9.5,9.58,9.4,9.54,1416252.0,9.524,4577,False
2026-02-17 00:00:00+00:00,9.4,9.47,9.35,9.41,1420673.0,9.418,4644,False
2026-02-18 00:00:00+00:00,9.43,9.55,9.43,9.5,971570.0,9.493,3476,False
2026-02-19 00:00:00+00:00,9.35,9.39,9.3,9.39,1722318.0,9.357,4771,False
2026-02-20 00:00:00+00:00,9.12,9.24,8.99,9.23,1123538.0,9.171,3329,False
2026-02-23 00:00:00+00:00,9.15,9.29,8.98,9.06,1937876.0,9.091,5148,False
2026-02-24 00:00:00+00:00,8.93,9.06,8.88,9.05,966315.0,9.013,2877,False
2026-02-25 00:00:00+00:00,9.06,9.18,9.04,9.17,645958.0,9.148,2081,False
2026-02-26 00:00:00+00:00,9.13,9.2,9.09,9.2,948975.0,9.166,3346,False
2026-02-27 00:00:00+00:00,9.24,9.29,8.96,9.0,2309373.0,9.045,4457,False
2026-03-02 00:00:00+00:00,8.53,8.67,8.33,8.65,3621090.0,8.602,7320,False
2026-03-03 00:00:00+00:00,7.99,8.21,7.78,8.15,4951229.0,8.004,10876,False
2026-03-04 00:00:00+00:00,8.14,8.22,8.05,8.2,1435857.0,8.159,4336,False
2026-03-05 00:00:00+00:00,7.97,8.02,7.73,7.85,3281426.0,7.85,10088,False
2026-03-06 00:00:00+00:00,7.68,7.73,7.57,7.69,2293252.0,7.663,6257,False
2026-03-09 00:00:00+00:00,7.59,7.79,7.46,7.76,2696648.0,7.594,8181,False
2026-03-10 00:00:00+00:00,7.84,8.01,7.78,7.88,2289884.0,7.899,5733,False
2026-03-11 00:00:00+00:00,7.75,7.84,7.72,7.78,2105819.0,7.781,6011,False
2026-03-12 00:00:00+00:00,7.59,7.62,7.45,7.49,1846540.0,7.514,6040,False
2026-03-13 00:00:00+00:00,7.53,7.54,7.36,7.4,1630725.0,7.428,5352,False
2026-03-16 00:00:00+00:00,7.5,7.59,7.5,7.54,1420417.0,7.544,3846,False
2026-03-17 00:00:00+00:00,7.6,7.68,7.58,7.63,1582453.0,7.619,3072,False
2026-03-18 00:00:00+00:00,7.64,7.7,7.58,7.59,1581204.0,7.641,4191,False
2026-03-19 00:00:00+00:00,7.56,7.72,7.5,7.66,1979460.0,7.626,3868,False
2026-03-20 00:00:00+00:00,7.69,7.69,7.48,7.54,2698654.0,7.568,5985,False
2026-03-23 00:00:00+00:00,7.84,7.98,7.76,7.82,3571557.0,7.872,7931,False
2026-03-24 00:00:00+00:00,7.72,7.89,7.72,7.86,2270615.0,7.849,4730,False
2026-03-25 00:00:00+00:00,8.07,8.09,7.92,8.0,2296578.0,7.997,5045,False
2026-03-26 00:00:00+00:00,7.82,7.9,7.73,7.74,1719007.0,7.805,3716,False
2026-03-27 00:00:00+00:00,7.78,7.78,7.56,7.58,2310503.0,7.644,5406,False
2026-03-30 00:00:00+00:00,7.61,7.74,7.59,7.62,2054240.0,7.643,4256,False
2026-03-31 00:00:00+00:00,7.68,7.92,7.66,7.89,1479555.0,7.798,4211,False
2026-04-01 00:00:00+00:00,8.24,8.24,8.11,8.15,1761169.0,8.169,3426,False
2026-04-02 00:00:00+00:00,7.82,8.08,7.78,8.06,1518829.0,8.009,4134,False
2026-04-06 00:00:00+00:00,7.99,8.09,7.99,8.08,1608989.0,8.06,4602,False
2026-04-07 00:00:00+00:00,7.99,8.08,7.91,8.07,2028064.0,7.991,5167,False
2026-04-08 00:00:00+00:00,8.57,8.64,8.49,8.55,1727502.0,8.554,4258,False
2026-04-09 00:00:00+00:00,8.28,8.41,8.21,8.38,1891426.0,8.345,4497,False
2026-04-10 00:00:00+00:00,8.35,8.37,8.27,8.35,1263303.0,8.334,4018,False
2026-04-13 00:00:00+00:00,8.19,8.41,8.17,8.41,1582261.0,8.329,4177,False
2026-04-14 00:00:00+00:00,8.43,8.53,8.42,8.51,1269601.0,8.498,3876,False
2026-04-15 00:00:00+00:00,8.65,8.68,8.62,8.67,946931.0,8.657,2670,False
2026-04-16 00:00:00+00:00,8.71,8.75,8.64,8.65,1607873.0,8.671,3659,False
2026-04-17 00:00:00+00:00,8.65,8.74,8.57,8.61,2470405.0,8.656,5051,False
2026-04-20 00:00:00+00:00,8.53,8.56,8.47,8.49,1416580.0,8.502,3467,False
2026-04-21 00:00:00+00:00,8.46,8.46,8.26,8.3,2706716.0,8.323,6600,False
2026-04-22 00:00:00+00:00,8.39,8.4,8.3,8.32,1141279.0,8.337,3446,False
2026-04-23 00:00:00+00:00,8.32,8.38,8.15,8.27,1956367.0,8.283,4634,False
2026-04-24 00:00:00+00:00,8.0,8.08,7.75,7.87,1690120.0,7.824,6136,False
2026-04-27 00:00:00+00:00,7.76,7.83,7.72,7.76,1345404.0,7.755,3774,False
2026-04-28 00:00:00+00:00,7.99,7.99,7.83,7.89,716436.0,7.896,2124,False
2026-04-29 00:00:00+00:00,7.86,7.89,7.81,7.83,1036526.0,7.845,3519,False
2026-04-30 00:00:00+00:00,7.93,8.09,7.93,8.06,939023.0,8.038,2908,False
2026-05-01 00:00:00+00:00,7.88,7.9,7.75,7.81,1123496.0,7.839,4389,False
2026-05-04 00:00:00+00:00,7.8,7.88,7.74,7.77,845615.0,7.787,2508,False
2026-05-05 00:00:00+00:00,7.83,7.93,7.77,7.89,941626.0,7.887,3062,False
2026-05-06 00:00:00+00:00,8.06,8.21,8.03,8.16,1121952.0,8.161,4470,False
2026-05-07 00:00:00+00:00,8.08,8.08,7.9,7.9,1250839.0,7.965,3670,False
2026-05-08 00:00:00+00:00,7.94,7.98,7.91,7.95,1072834.0,7.94,3134,False
2026-05-11 00:00:00+00:00,7.89,7.95,7.86,7.9,1086955.0,7.919,2591,False
2026-05-12 00:00:00+00:00,7.86,7.9,7.71,7.9,2043648.0,7.808,5104,False
2026-05-13 00:00:00+00:00,8.0,8.12,8.0,8.09,668545.0,8.086,2403,False
2026-05-14 00:00:00+00:00,8.08,8.14,8.05,8.08,565054.0,8.094,1681,False
2026-05-15 00:00:00+00:00,8.04,8.06,7.99,8.0,1105875.0,8.023,3157,False
