date,open,high,low,close,volume,average,barCount,is_rth
2018-05-18 00:00:00+00:00,150.12,150.48,148.69,148.76,732837.0,149.307,5608,False
2018-05-21 00:00:00+00:00,149.22,150.52,149.1,149.43,632024.0,149.639,5032,False
2018-05-22 00:00:00+00:00,149.63,152.25,149.24,150.88,922000.0,151.184,7224,False
2018-05-23 00:00:00+00:00,149.88,151.07,148.88,149.73,879825.0,149.554,7558,False
2018-05-24 00:00:00+00:00,149.46,149.62,146.22,148.5,982806.0,147.938,8008,False
2018-05-25 00:00:00+00:00,148.02,148.59,147.49,148.15,566503.0,148.026,4926,False
2018-05-29 00:00:00+00:00,146.26,146.74,139.96,141.25,2610970.0,142.457,20670,False
2018-05-30 00:00:00+00:00,143.06,144.95,142.45,144.31,1620687.0,143.892,12056,False
2018-05-31 00:00:00+00:00,143.89,144.68,142.63,143.41,1152479.0,143.608,9696,False
2018-06-01 00:00:00+00:00,145.75,146.56,144.63,145.12,1227939.0,145.483,9410,False
2018-06-04 00:00:00+00:00,145.73,146.81,145.27,146.54,1024977.0,146.178,7175,False
2018-06-05 00:00:00+00:00,146.0,146.39,144.8,145.39,695848.0,145.514,5414,False
2018-06-06 00:00:00+00:00,145.67,148.17,145.51,147.64,1363066.0,147.338,9873,False
2018-06-07 00:00:00+00:00,148.38,149.49,147.35,148.01,1122259.0,148.348,9359,False
2018-06-08 00:00:00+00:00,147.93,149.19,146.97,148.85,896784.0,148.532,6775,False
2018-06-11 00:00:00+00:00,149.02,149.3,146.87,147.03,905881.0,147.962,7313,False
2018-06-12 00:00:00+00:00,147.81,148.75,146.42,147.19,1048015.0,147.281,8440,False
2018-06-13 00:00:00+00:00,147.64,148.18,145.12,145.6,1773465.0,146.539,12055,False
2018-06-14 00:00:00+00:00,145.84,145.94,141.2,141.84,2458791.0,142.571,17669,False
2018-06-15 00:00:00+00:00,142.12,144.43,140.35,143.97,2742044.0,142.827,15711,False
2018-06-18 00:00:00+00:00,142.43,143.5,142.04,142.5,1573889.0,142.648,12043,False
2018-06-19 00:00:00+00:00,141.3,142.67,141.3,142.15,2177978.0,142.154,14540,False
2018-06-20 00:00:00+00:00,143.41,143.75,141.26,141.35,1484461.0,141.959,10304,False
2018-06-21 00:00:00+00:00,140.7,142.46,140.51,141.34,2519910.0,141.627,18705,False
2018-06-22 00:00:00+00:00,142.04,142.45,139.01,139.36,1203839.0,140.451,9578,False
2018-06-25 00:00:00+00:00,139.0,139.48,137.07,138.43,1856172.0,138.099,13423,False
2018-06-26 00:00:00+00:00,138.31,138.44,136.45,137.28,1654517.0,137.224,11338,False
2018-06-27 00:00:00+00:00,136.67,138.06,135.06,135.3,1464334.0,136.497,10505,False
2018-06-28 00:00:00+00:00,136.01,136.56,134.59,135.57,1659721.0,135.752,11516,False
2018-06-29 00:00:00+00:00,136.17,137.55,135.09,135.1,2567298.0,136.222,18287,False
2018-07-02 00:00:00+00:00,134.24,136.0,133.5,135.92,1504542.0,135.37,12167,False
2018-07-03 00:00:00+00:00,136.28,136.78,134.13,134.39,702816.0,135.427,5919,False
2018-07-05 00:00:00+00:00,135.5,136.1,134.65,135.58,1141266.0,135.523,9635,False
2018-07-06 00:00:00+00:00,135.21,136.55,134.42,136.0,951256.0,136.042,7587,False
2018-07-09 00:00:00+00:00,136.45,139.54,136.1,138.79,2033209.0,138.706,13563,False
2018-07-10 00:00:00+00:00,139.51,139.56,137.08,137.75,1564418.0,138.2,12175,False
2018-07-11 00:00:00+00:00,137.39,138.81,137.06,137.68,1327040.0,138.048,10333,False
2018-07-12 00:00:00+00:00,138.83,138.95,136.62,137.99,1614486.0,137.508,12565,False
2018-07-13 00:00:00+00:00,139.0,139.45,135.25,138.32,4304266.0,137.955,30818,False
2018-07-16 00:00:00+00:00,138.06,141.06,137.48,140.89,2500805.0,140.151,19232,False
2018-07-17 00:00:00+00:00,140.8,142.25,140.61,141.48,1763383.0,141.672,13319,False
2018-07-18 00:00:00+00:00,141.1,142.48,140.94,142.41,1436642.0,141.968,11513,False
2018-07-19 00:00:00+00:00,141.65,142.29,140.18,140.71,1573002.0,140.994,12260,False
2018-07-20 00:00:00+00:00,140.76,142.69,140.2,142.5,2016105.0,142.084,13916,False
2018-07-23 00:00:00+00:00,142.26,144.54,141.99,144.16,1225969.0,143.788,9882,False
2018-07-24 00:00:00+00:00,144.51,144.95,142.84,143.15,2096556.0,143.445,12464,False
2018-07-25 00:00:00+00:00,143.5,143.63,142.26,142.71,2472922.0,142.685,16544,False
2018-07-26 00:00:00+00:00,143.2,144.0,142.49,142.59,1783756.0,143.232,14509,False
2018-07-27 00:00:00+00:00,143.17,144.4,142.58,144.4,2593103.0,143.648,15373,False
2018-07-30 00:00:00+00:00,144.56,146.11,144.32,145.36,1359332.0,145.472,10662,False
2018-07-31 00:00:00+00:00,145.94,146.14,144.54,144.83,1095580.0,145.101,8426,False
2018-08-01 00:00:00+00:00,146.03,147.23,144.72,145.02,1038189.0,145.461,8069,False
2018-08-02 00:00:00+00:00,144.89,145.63,143.74,145.14,901838.0,144.94,7833,False
2018-08-03 00:00:00+00:00,144.81,145.77,144.65,145.03,1534151.0,145.093,10181,False
2018-08-06 00:00:00+00:00,145.0,145.65,144.23,145.4,1013442.0,145.155,7874,False
2018-08-07 00:00:00+00:00,145.65,146.55,145.51,145.92,808528.0,146.147,5704,False
2018-08-08 00:00:00+00:00,145.8,146.65,145.2,146.34,704811.0,146.297,5952,False
2018-08-09 00:00:00+00:00,146.11,146.5,145.03,145.22,530459.0,145.508,4533,False
2018-08-10 00:00:00+00:00,143.53,144.17,142.75,143.55,1052954.0,143.552,8096,False
2018-08-13 00:00:00+00:00,143.37,144.12,141.7,141.91,862515.0,142.591,6270,False
2018-08-14 00:00:00+00:00,142.01,143.3,141.77,142.72,1441652.0,142.524,11135,False
2018-08-15 00:00:00+00:00,141.86,142.9,141.55,142.01,1224954.0,142.117,9439,False
2018-08-16 00:00:00+00:00,142.91,145.17,142.41,144.46,992784.0,144.44,7525,False
2018-08-17 00:00:00+00:00,144.39,144.84,143.5,144.55,608118.0,144.474,4685,False
2018-08-20 00:00:00+00:00,144.42,145.0,143.46,144.88,1401912.0,144.504,8172,False
2018-08-21 00:00:00+00:00,144.43,146.73,144.23,145.12,949041.0,145.79,7976,False
2018-08-22 00:00:00+00:00,144.83,145.44,144.08,144.55,566864.0,144.798,4748,False
2018-08-23 00:00:00+00:00,144.5,144.5,142.85,143.2,716014.0,143.291,6030,False
2018-08-24 00:00:00+00:00,143.75,143.88,142.78,142.93,842593.0,143.153,6732,False
2018-08-27 00:00:00+00:00,143.71,146.33,143.42,145.73,928931.0,145.63,7806,False
2018-08-28 00:00:00+00:00,145.96,146.58,145.38,146.08,851346.0,146.001,7406,False
2018-08-29 00:00:00+00:00,146.05,147.0,145.33,145.94,1243472.0,146.226,8914,False
2018-08-30 00:00:00+00:00,145.41,145.86,143.59,143.77,1235905.0,144.271,9318,False
2018-08-31 00:00:00+00:00,143.0,143.74,142.5,143.54,1103303.0,143.243,9183,False
2018-09-04 00:00:00+00:00,143.49,144.37,142.72,143.93,1143425.0,143.721,9215,False
2018-09-05 00:00:00+00:00,143.76,145.08,143.56,144.18,1190550.0,144.39,8788,False
2018-09-06 00:00:00+00:00,143.94,144.04,142.7,143.2,1235660.0,143.23,8883,False
2018-09-07 00:00:00+00:00,143.8,144.09,142.2,142.96,1256376.0,142.853,9299,False
2018-09-10 00:00:00+00:00,143.49,143.64,142.45,142.65,814889.0,142.898,6340,False
2018-09-11 00:00:00+00:00,142.68,143.71,142.41,143.23,1171404.0,143.195,9789,False
2018-09-12 00:00:00+00:00,142.76,143.37,140.83,141.31,1427213.0,141.501,10006,False
2018-09-13 00:00:00+00:00,141.77,142.27,139.81,140.26,2216430.0,140.585,12994,False
2018-09-14 00:00:00+00:00,140.12,141.16,140.02,140.4,1424664.0,140.384,8235,False
2018-09-17 00:00:00+00:00,140.8,140.89,139.23,139.66,1365509.0,139.651,10943,False
2018-09-18 00:00:00+00:00,139.91,140.41,139.4,139.93,1213390.0,139.997,9725,False
2018-09-19 00:00:00+00:00,139.93,142.16,139.8,141.53,1512074.0,141.698,11079,False
2018-09-20 00:00:00+00:00,142.63,145.3,142.63,144.46,1294890.0,144.612,10113,False
2018-09-21 00:00:00+00:00,144.64,144.77,143.51,144.01,1386841.0,144.191,7099,False
2018-09-24 00:00:00+00:00,143.29,143.99,141.2,141.26,1012668.0,141.958,8533,False
2018-09-25 00:00:00+00:00,142.0,142.13,140.74,140.88,837270.0,141.204,6569,False
2018-09-26 00:00:00+00:00,141.35,141.55,138.32,138.61,1515133.0,139.867,11045,False
2018-09-27 00:00:00+00:00,137.92,138.64,137.13,137.34,1365585.0,137.925,11034,False
2018-09-28 00:00:00+00:00,136.65,137.61,135.85,136.19,1468039.0,136.599,12467,False
2018-10-01 00:00:00+00:00,137.34,137.65,135.71,135.99,1290750.0,136.459,10159,False
2018-10-02 00:00:00+00:00,135.94,137.52,135.31,136.26,1118313.0,136.118,7902,False
2018-10-03 00:00:00+00:00,137.27,139.02,136.63,138.09,2358823.0,138.051,16802,False
2018-10-04 00:00:00+00:00,138.3,140.76,137.76,139.17,1445275.0,139.321,10932,False
2018-10-05 00:00:00+00:00,139.81,140.27,138.23,138.52,1154386.0,138.951,8157,False
2018-10-08 00:00:00+00:00,138.22,140.7,137.83,139.75,1260930.0,139.267,9026,False
2018-10-09 00:00:00+00:00,139.22,140.05,138.0,138.7,1384300.0,139.213,10067,False
2018-10-10 00:00:00+00:00,139.1,140.14,136.05,136.2,1807248.0,138.321,13411,False
2018-10-11 00:00:00+00:00,135.59,135.97,131.3,131.61,2455070.0,133.613,19782,False
2018-10-12 00:00:00+00:00,128.3,128.73,121.61,124.26,6291084.0,124.518,42156,False
2018-10-15 00:00:00+00:00,125.35,126.78,123.46,125.6,3610663.0,124.927,25865,False
2018-10-16 00:00:00+00:00,124.92,125.18,122.17,124.85,2688677.0,123.821,19564,False
2018-10-17 00:00:00+00:00,124.59,127.91,123.6,127.33,3240197.0,125.898,17967,False
2018-10-18 00:00:00+00:00,126.74,127.64,123.95,124.22,2336342.0,125.747,11678,False
2018-10-19 00:00:00+00:00,124.34,126.39,123.2,125.16,2003135.0,125.292,14333,False
2018-10-22 00:00:00+00:00,125.04,125.37,121.34,121.46,1401194.0,122.223,10337,False
2018-10-23 00:00:00+00:00,119.56,120.86,118.4,120.3,2780606.0,120.003,20870,False
2018-10-24 00:00:00+00:00,119.87,119.93,116.55,116.9,1988950.0,118.127,13709,False
2018-10-25 00:00:00+00:00,117.89,120.84,117.41,119.63,1393349.0,119.492,10766,False
2018-10-26 00:00:00+00:00,118.33,120.7,117.7,119.45,1719416.0,119.515,12902,False
2018-10-29 00:00:00+00:00,120.96,123.99,120.59,122.16,1640944.0,122.707,13794,False
2018-10-30 00:00:00+00:00,122.82,125.01,121.89,124.76,2023014.0,123.596,16167,False
2018-10-31 00:00:00+00:00,125.45,129.78,125.36,128.49,2672939.0,128.506,20575,False
2018-11-01 00:00:00+00:00,129.28,130.08,128.1,129.74,2917770.0,129.307,20500,False
2018-11-02 00:00:00+00:00,130.83,131.48,127.82,129.88,1837521.0,129.485,14474,False
2018-11-05 00:00:00+00:00,129.39,131.68,129.39,130.58,1241347.0,130.731,9414,False
2018-11-06 00:00:00+00:00,130.21,132.11,129.78,131.76,1356534.0,131.247,10169,False
2018-11-07 00:00:00+00:00,131.91,133.46,129.59,133.28,1444966.0,131.921,10925,False
2018-11-08 00:00:00+00:00,132.57,134.76,132.49,134.24,1479000.0,134.103,12276,False
2018-11-09 00:00:00+00:00,134.09,135.59,133.79,134.23,1477265.0,134.496,11124,False
2018-11-12 00:00:00+00:00,134.2,134.77,132.65,132.77,2767717.0,133.276,16443,False
2018-11-13 00:00:00+00:00,132.82,135.84,132.56,135.59,3124701.0,135.297,22858,False
2018-11-14 00:00:00+00:00,136.0,137.13,132.19,134.13,2345050.0,134.696,18043,False
2018-11-15 00:00:00+00:00,133.49,136.73,132.19,136.69,1962807.0,135.548,15099,False
2018-11-16 00:00:00+00:00,135.88,137.47,135.62,136.39,1696886.0,136.473,13051,False
2018-11-19 00:00:00+00:00,135.7,136.89,133.94,135.3,1512239.0,135.351,10676,False
2018-11-20 00:00:00+00:00,134.32,135.1,132.2,133.08,1272253.0,133.28,9845,False
2018-11-21 00:00:00+00:00,133.56,134.63,131.71,132.71,853457.0,133.538,6904,False
2018-11-23 00:00:00+00:00,131.92,133.75,131.15,132.62,374883.0,132.687,3050,False
2018-11-26 00:00:00+00:00,134.33,136.5,134.07,135.55,1123675.0,135.62,8628,False
2018-11-27 00:00:00+00:00,134.5,135.83,133.34,133.9,1110929.0,134.197,9606,False
2018-11-28 00:00:00+00:00,133.88,135.13,131.78,134.21,1486671.0,133.899,12376,False
2018-11-29 00:00:00+00:00,133.41,134.8,133.01,133.65,2090796.0,133.891,14283,False
2018-11-30 00:00:00+00:00,133.37,136.73,133.25,135.78,2063248.0,135.447,15012,False
2018-12-03 00:00:00+00:00,137.33,138.24,134.63,135.9,2045346.0,136.162,16137,False
2018-12-04 00:00:00+00:00,135.09,135.39,127.93,129.51,2133401.0,130.228,16167,False
2018-12-06 00:00:00+00:00,127.02,129.51,125.39,129.31,2310286.0,127.143,19590,False
2018-12-07 00:00:00+00:00,128.81,130.82,125.65,126.56,1752591.0,127.565,14448,False
2018-12-10 00:00:00+00:00,126.45,126.45,122.12,124.26,2211062.0,123.922,15545,False
2018-12-11 00:00:00+00:00,125.33,126.79,122.36,122.46,2101631.0,124.204,15247,False
2018-12-12 00:00:00+00:00,123.94,124.94,121.81,122.74,1654311.0,123.403,13940,False
2018-12-13 00:00:00+00:00,123.19,123.56,119.24,119.9,1656614.0,120.477,13281,False
2018-12-14 00:00:00+00:00,118.83,120.94,118.29,118.5,2061086.0,119.579,15692,False
2018-12-17 00:00:00+00:00,118.3,120.44,117.64,118.32,1710532.0,118.98,13459,False
2018-12-18 00:00:00+00:00,118.54,119.62,115.9,116.59,1711637.0,117.572,13822,False
2018-12-19 00:00:00+00:00,116.73,118.22,113.35,114.03,2126601.0,115.744,17139,False
2018-12-20 00:00:00+00:00,113.35,115.45,112.66,113.58,2435804.0,113.881,19549,False
2018-12-21 00:00:00+00:00,113.13,115.7,111.32,111.49,4729409.0,113.732,29519,False
2018-12-24 00:00:00+00:00,111.0,112.67,109.6,109.71,1304181.0,111.308,10383,False
2018-12-26 00:00:00+00:00,110.27,114.85,108.45,114.84,2074391.0,111.527,15619,False
2018-12-27 00:00:00+00:00,113.34,115.75,111.62,115.75,1523348.0,113.555,11423,False
2018-12-28 00:00:00+00:00,116.21,117.12,114.85,115.37,1213214.0,115.93,9620,False
2018-12-31 00:00:00+00:00,115.88,117.23,115.15,116.91,1209822.0,116.116,9261,False
2019-01-02 00:00:00+00:00,115.15,119.12,114.85,118.81,1162927.0,118.044,9166,False
2019-01-03 00:00:00+00:00,118.06,120.0,117.29,118.27,1632252.0,118.498,12931,False
2019-01-04 00:00:00+00:00,120.48,121.74,119.73,121.23,1520042.0,120.781,12103,False
2019-01-07 00:00:00+00:00,120.25,121.95,119.8,120.96,1402041.0,121.063,11596,False
2019-01-08 00:00:00+00:00,121.26,121.81,119.31,121.15,2376314.0,120.269,18890,False
2019-01-09 00:00:00+00:00,121.11,121.67,119.45,120.81,2950198.0,120.755,23512,False
2019-01-10 00:00:00+00:00,120.37,120.8,118.37,119.58,2339226.0,119.638,18629,False
2019-01-11 00:00:00+00:00,118.82,120.52,117.94,120.05,1741774.0,119.494,13915,False
2019-01-14 00:00:00+00:00,119.46,121.47,118.81,120.55,2175329.0,120.776,15028,False
2019-01-15 00:00:00+00:00,120.01,121.24,118.3,121.12,3156101.0,119.909,24033,False
2019-01-16 00:00:00+00:00,120.42,121.92,117.17,121.21,5083588.0,119.912,36337,False
2019-01-17 00:00:00+00:00,121.11,122.43,119.79,121.89,3318514.0,121.247,23345,False
2019-01-18 00:00:00+00:00,122.51,125.31,121.92,125.25,2131519.0,124.199,14282,False
2019-01-22 00:00:00+00:00,124.31,125.84,123.67,124.58,1833127.0,124.723,14629,False
2019-01-23 00:00:00+00:00,124.93,125.5,123.41,124.39,1361533.0,124.456,11399,False
2019-01-24 00:00:00+00:00,123.56,124.9,122.8,123.81,1929009.0,123.922,15694,False
2019-01-25 00:00:00+00:00,124.41,125.6,123.64,124.92,1262989.0,124.851,10386,False
2019-01-28 00:00:00+00:00,124.26,125.22,123.4,124.87,1115849.0,124.501,8832,False
2019-01-29 00:00:00+00:00,124.53,125.69,124.21,124.33,819979.0,124.788,6452,False
2019-01-30 00:00:00+00:00,124.27,125.04,123.2,123.66,1255460.0,124.013,10062,False
2019-01-31 00:00:00+00:00,122.83,123.41,120.5,122.67,1310109.0,121.94,10198,False
2019-02-01 00:00:00+00:00,123.12,123.93,122.38,122.73,1237274.0,123.121,8830,False
2019-02-04 00:00:00+00:00,123.35,124.64,122.83,124.63,1423293.0,123.871,10948,False
2019-02-05 00:00:00+00:00,124.63,124.88,122.33,123.02,1572176.0,123.196,12178,False
2019-02-06 00:00:00+00:00,122.63,123.94,121.81,122.61,1442168.0,122.442,10711,False
2019-02-07 00:00:00+00:00,123.06,125.29,121.7,122.84,1621126.0,122.976,12581,False
2019-02-08 00:00:00+00:00,122.3,123.23,119.69,121.24,960207.0,120.975,7245,False
2019-02-11 00:00:00+00:00,121.74,122.5,120.99,121.57,868236.0,121.425,6785,False
2019-02-12 00:00:00+00:00,122.53,123.69,122.37,123.15,915642.0,123.178,7014,False
2019-02-13 00:00:00+00:00,123.46,123.77,121.4,121.48,1728687.0,122.3,11444,False
2019-02-14 00:00:00+00:00,120.49,121.26,119.37,120.61,1551364.0,120.377,11173,False
2019-02-15 00:00:00+00:00,122.03,124.35,121.55,124.15,1696064.0,123.565,11899,False
2019-02-19 00:00:00+00:00,122.81,125.39,122.81,124.95,1675482.0,124.391,11740,False
2019-02-20 00:00:00+00:00,124.95,126.59,124.56,126.52,1175744.0,125.635,9333,False
2019-02-21 00:00:00+00:00,126.19,126.59,124.53,124.91,1553133.0,125.158,11281,False
2019-02-22 00:00:00+00:00,125.05,125.45,123.74,124.15,1195084.0,124.375,9108,False
2019-02-25 00:00:00+00:00,124.96,125.94,123.62,123.69,1717741.0,124.531,12347,False
2019-02-26 00:00:00+00:00,123.21,124.57,122.44,123.21,2250114.0,123.604,14993,False
2019-02-27 00:00:00+00:00,123.46,125.77,122.88,125.72,1423855.0,125.135,10106,False
2019-02-28 00:00:00+00:00,126.06,126.72,125.47,126.02,1335144.0,126.161,10759,False
2019-03-01 00:00:00+00:00,126.6,127.82,125.57,126.62,1164329.0,126.397,8794,False
2019-03-04 00:00:00+00:00,126.71,128.65,125.33,126.33,1335508.0,126.653,10609,False
2019-03-05 00:00:00+00:00,126.19,128.13,124.66,127.82,2293912.0,126.897,17330,False
2019-03-06 00:00:00+00:00,128.13,129.27,127.35,127.44,2128578.0,128.24,16021,False
2019-03-07 00:00:00+00:00,126.64,126.87,124.45,125.99,2156467.0,125.55,15515,False
2019-03-08 00:00:00+00:00,124.67,126.78,124.52,126.7,2255399.0,126.104,14307,False
2019-03-11 00:00:00+00:00,127.15,128.94,126.96,128.56,1682422.0,128.336,12425,False
2019-03-12 00:00:00+00:00,128.8,129.2,127.37,127.71,2504234.0,127.995,15922,False
2019-03-13 00:00:00+00:00,128.42,129.23,127.36,128.93,1156749.0,128.726,8548,False
2019-03-14 00:00:00+00:00,129.01,130.03,128.48,129.6,1082790.0,129.559,7850,False
2019-03-15 00:00:00+00:00,129.01,130.25,128.76,129.86,1800971.0,129.562,9786,False
2019-03-18 00:00:00+00:00,130.44,132.4,130.13,131.88,806560.0,131.735,6606,False
2019-03-19 00:00:00+00:00,132.5,132.5,129.13,129.48,1544397.0,130.156,11491,False
2019-03-20 00:00:00+00:00,129.4,129.82,125.36,125.46,1999975.0,127.696,15275,False
2019-03-21 00:00:00+00:00,124.77,124.88,122.79,122.9,2051867.0,123.604,15667,False
2019-03-22 00:00:00+00:00,121.5,122.2,118.7,119.18,2604947.0,119.532,20508,False
2019-03-25 00:00:00+00:00,119.49,120.9,118.78,119.18,1430613.0,119.665,10522,False
2019-03-26 00:00:00+00:00,120.27,121.72,119.62,121.46,1408723.0,120.763,11148,False
2019-03-27 00:00:00+00:00,121.29,121.93,120.38,121.27,1042370.0,121.335,8594,False
2019-03-28 00:00:00+00:00,121.63,122.96,120.96,122.86,972362.0,121.98,7767,False
2019-03-29 00:00:00+00:00,123.91,124.0,122.17,122.66,1087568.0,122.722,8811,False
2019-04-01 00:00:00+00:00,123.98,127.17,123.84,126.91,1119901.0,126.079,8935,False
2019-04-02 00:00:00+00:00,126.55,128.03,126.16,126.76,1102164.0,127.122,9127,False
2019-04-03 00:00:00+00:00,127.99,129.24,126.09,126.81,1280675.0,126.984,10066,False
2019-04-04 00:00:00+00:00,126.8,129.23,126.8,128.42,964356.0,128.321,6809,False
2019-04-05 00:00:00+00:00,128.49,129.25,127.36,127.91,751385.0,127.937,6349,False
2019-04-08 00:00:00+00:00,127.91,128.55,127.34,128.24,917965.0,127.971,7273,False
2019-04-09 00:00:00+00:00,127.36,127.69,126.22,126.8,1068335.0,126.891,8654,False
2019-04-10 00:00:00+00:00,126.57,127.53,125.77,127.29,1149856.0,126.785,8901,False
2019-04-11 00:00:00+00:00,128.0,128.91,127.5,128.72,1524561.0,128.314,10648,False
2019-04-12 00:00:00+00:00,128.88,133.57,128.88,132.7,3131918.0,131.945,21319,False
2019-04-15 00:00:00+00:00,131.98,132.41,130.5,131.06,1288173.0,131.401,10421,False
2019-04-16 00:00:00+00:00,131.49,134.03,131.43,133.15,1658017.0,132.823,13368,False
2019-04-17 00:00:00+00:00,133.37,134.52,132.3,133.87,1049701.0,133.771,8894,False
2019-04-18 00:00:00+00:00,133.75,134.41,132.76,133.19,1080566.0,133.696,8068,False
2019-04-22 00:00:00+00:00,133.28,134.35,132.48,133.89,976390.0,133.703,7238,False
2019-04-23 00:00:00+00:00,133.41,134.74,131.72,134.2,1690721.0,133.555,12700,False
2019-04-24 00:00:00+00:00,133.85,134.74,132.85,134.17,813813.0,133.805,6204,False
2019-04-25 00:00:00+00:00,133.33,135.27,133.04,134.24,796456.0,134.48,6359,False
2019-04-26 00:00:00+00:00,134.01,136.1,134.01,136.09,881254.0,135.341,7067,False
2019-04-29 00:00:00+00:00,136.8,138.09,136.18,137.01,726843.0,137.455,5926,False
2019-04-30 00:00:00+00:00,136.93,137.42,135.67,136.93,738410.0,136.46,5980,False
2019-05-01 00:00:00+00:00,136.72,138.04,134.88,135.21,757215.0,135.873,5921,False
2019-05-02 00:00:00+00:00,135.54,136.72,135.4,135.94,671419.0,136.099,4855,False
2019-05-03 00:00:00+00:00,135.99,137.47,135.7,137.1,659153.0,136.837,5138,False
2019-05-06 00:00:00+00:00,135.35,136.95,134.14,136.27,764530.0,135.804,6223,False
2019-05-07 00:00:00+00:00,134.78,134.83,132.26,132.95,1122585.0,133.481,8487,False
2019-05-08 00:00:00+00:00,132.47,132.93,131.79,131.99,1064836.0,132.353,8590,False
2019-05-09 00:00:00+00:00,130.03,132.22,129.47,131.94,916482.0,131.276,7273,False
2019-05-10 00:00:00+00:00,131.41,133.02,129.55,132.44,789413.0,131.61,6665,False
2019-05-13 00:00:00+00:00,130.04,131.09,128.14,128.45,936461.0,129.251,7786,False
2019-05-14 00:00:00+00:00,128.21,131.08,128.01,129.76,628276.0,129.886,5152,False
2019-05-15 00:00:00+00:00,128.84,130.42,127.59,128.68,833003.0,128.967,6491,False
2019-05-16 00:00:00+00:00,129.61,131.71,129.28,131.1,861240.0,131.068,6905,False
2019-05-17 00:00:00+00:00,129.46,132.2,129.42,130.22,852206.0,130.828,6603,False
2019-05-20 00:00:00+00:00,130.22,132.08,130.09,131.34,686596.0,131.274,5903,False
2019-05-21 00:00:00+00:00,131.12,132.39,131.04,132.08,537509.0,131.952,4592,False
2019-05-22 00:00:00+00:00,131.61,132.37,130.89,132.02,656242.0,131.808,5586,False
2019-05-23 00:00:00+00:00,130.99,130.99,128.98,129.97,865902.0,129.815,6855,False
2019-05-24 00:00:00+00:00,130.34,132.38,130.24,131.97,689080.0,131.551,5852,False
2019-05-28 00:00:00+00:00,131.74,132.34,129.64,129.64,896408.0,130.954,7072,False
2019-05-29 00:00:00+00:00,128.7,130.12,127.99,130.03,1052661.0,129.029,8723,False
2019-05-30 00:00:00+00:00,130.29,131.06,127.49,128.61,817637.0,128.85,5077,False
2019-05-31 00:00:00+00:00,127.38,128.32,126.34,127.26,842439.0,127.383,6385,False
2019-06-03 00:00:00+00:00,126.98,129.78,126.52,128.97,844303.0,128.641,6768,False
2019-06-04 00:00:00+00:00,130.79,133.47,130.44,133.4,929549.0,132.374,6914,False
2019-06-05 00:00:00+00:00,133.41,134.44,131.78,134.25,1039679.0,133.56,8281,False
2019-06-06 00:00:00+00:00,133.89,134.58,132.99,133.75,803281.0,133.656,5874,False
2019-06-07 00:00:00+00:00,133.35,133.85,132.31,132.88,1074548.0,132.94,7375,False
2019-06-10 00:00:00+00:00,134.33,135.64,133.88,134.38,618512.0,134.923,4841,False
2019-06-11 00:00:00+00:00,134.78,136.35,134.24,135.18,619522.0,135.218,4678,False
2019-06-12 00:00:00+00:00,135.09,135.75,133.68,134.1,778327.0,134.467,5817,False
2019-06-13 00:00:00+00:00,134.36,135.17,132.89,133.73,1253872.0,133.993,9593,False
2019-06-14 00:00:00+00:00,134.07,135.75,133.43,135.21,1104190.0,134.626,8673,False
2019-06-17 00:00:00+00:00,135.21,136.18,132.31,132.54,1023477.0,134.079,8485,False
2019-06-18 00:00:00+00:00,132.46,135.45,131.56,134.43,1002896.0,134.346,7052,False
2019-06-19 00:00:00+00:00,135.25,136.27,132.99,133.25,975855.0,134.606,6389,False
2019-06-20 00:00:00+00:00,133.56,133.78,130.05,132.9,1352437.0,131.57,9980,False
2019-06-21 00:00:00+00:00,132.88,134.68,132.88,133.17,1129166.0,133.652,6567,False
2019-06-24 00:00:00+00:00,132.41,134.58,132.26,133.67,1003036.0,133.705,7357,False
2019-06-25 00:00:00+00:00,133.59,134.17,131.57,133.36,873395.0,133.033,6426,False
2019-06-26 00:00:00+00:00,133.86,134.84,132.9,133.64,841130.0,133.86,6258,False
2019-06-27 00:00:00+00:00,133.99,135.88,133.76,134.66,1005016.0,135.001,7472,False
2019-06-28 00:00:00+00:00,136.11,137.39,135.11,137.28,1638508.0,136.546,10096,False
2019-07-01 00:00:00+00:00,138.38,139.93,138.21,139.8,1436822.0,139.221,10402,False
2019-07-02 00:00:00+00:00,139.27,140.4,138.59,139.59,1254283.0,139.487,8973,False
2019-07-03 00:00:00+00:00,140.0,140.77,139.21,140.67,571162.0,140.125,4078,False
2019-07-05 00:00:00+00:00,141.4,143.09,141.17,141.57,804655.0,141.756,5861,False
2019-07-08 00:00:00+00:00,140.61,141.45,140.19,140.74,943971.0,140.74,6897,False
2019-07-09 00:00:00+00:00,139.91,141.6,139.46,140.79,1092961.0,140.788,7513,False
2019-07-10 00:00:00+00:00,140.89,141.79,139.88,140.05,898742.0,140.557,6543,False
2019-07-11 00:00:00+00:00,140.52,142.07,140.13,141.46,1033633.0,141.454,6610,False
2019-07-12 00:00:00+00:00,142.09,142.48,140.57,142.19,1006435.0,141.307,6679,False
2019-07-15 00:00:00+00:00,142.57,142.57,139.74,140.2,1567396.0,140.827,10730,False
2019-07-16 00:00:00+00:00,140.0,140.31,137.96,138.76,2295793.0,138.944,15366,False
2019-07-17 00:00:00+00:00,138.79,142.38,138.75,139.68,2061646.0,140.441,16421,False
2019-07-18 00:00:00+00:00,138.54,139.95,137.82,138.88,1192358.0,138.918,9239,False
2019-07-19 00:00:00+00:00,139.26,139.95,138.55,138.83,1094362.0,139.313,7742,False
2019-07-22 00:00:00+00:00,138.26,139.94,137.97,139.57,1102395.0,139.135,8302,False
2019-07-23 00:00:00+00:00,139.76,141.12,139.0,140.68,1127111.0,140.588,8167,False
2019-07-24 00:00:00+00:00,139.73,141.89,139.73,141.33,1293295.0,141.067,9693,False
2019-07-25 00:00:00+00:00,142.04,142.32,140.29,140.84,1005315.0,141.155,6707,False
2019-07-26 00:00:00+00:00,140.95,143.18,140.92,142.8,721036.0,142.61,5451,False
2019-07-29 00:00:00+00:00,142.26,144.32,141.88,141.96,753005.0,143.265,6137,False
2019-07-30 00:00:00+00:00,140.84,142.64,140.69,141.92,596924.0,141.965,4864,False
2019-07-31 00:00:00+00:00,141.99,143.84,141.08,142.9,1494383.0,142.466,11497,False
2019-08-01 00:00:00+00:00,142.41,143.54,138.01,138.26,2024300.0,140.794,16806,False
2019-08-02 00:00:00+00:00,138.33,138.7,135.43,137.96,1262442.0,137.271,9963,False
2019-08-05 00:00:00+00:00,135.62,135.64,131.84,132.92,1488235.0,133.469,11827,False
2019-08-06 00:00:00+00:00,134.46,134.64,132.08,134.38,837485.0,133.347,6265,False
2019-08-07 00:00:00+00:00,131.13,131.95,128.12,129.76,2958077.0,129.257,18506,False
2019-08-08 00:00:00+00:00,131.24,132.34,130.26,131.59,1348022.0,131.475,9253,False
2019-08-09 00:00:00+00:00,131.21,133.17,129.84,132.34,1411398.0,131.53,9271,False
2019-08-12 00:00:00+00:00,130.91,131.03,128.44,128.64,1344400.0,129.428,10061,False
2019-08-13 00:00:00+00:00,128.87,132.16,127.83,130.75,1466673.0,131.043,10239,False
2019-08-14 00:00:00+00:00,126.93,128.31,124.16,124.62,2051928.0,125.679,14676,False
2019-08-15 00:00:00+00:00,125.37,126.1,123.34,124.74,1613125.0,124.398,13039,False
2019-08-16 00:00:00+00:00,125.88,127.41,125.37,127.0,972879.0,126.682,7152,False
2019-08-19 00:00:00+00:00,129.12,129.67,127.65,128.36,1152376.0,128.361,8103,False
2019-08-20 00:00:00+00:00,127.08,127.77,126.1,126.2,1058085.0,126.842,7844,False
2019-08-21 00:00:00+00:00,127.44,127.48,125.73,126.0,1059545.0,126.161,7975,False
2019-08-22 00:00:00+00:00,127.17,127.61,125.74,126.42,781379.0,126.726,5767,False
2019-08-23 00:00:00+00:00,126.13,126.99,122.37,123.09,1015270.0,124.607,7851,False
2019-08-26 00:00:00+00:00,123.95,124.25,123.27,124.1,1260191.0,123.725,7891,False
2019-08-27 00:00:00+00:00,124.66,125.12,123.4,124.13,848277.0,124.186,6941,False
2019-08-28 00:00:00+00:00,123.18,127.23,123.18,126.56,855720.0,126.12,6828,False
2019-08-29 00:00:00+00:00,127.52,129.26,127.5,128.3,1070153.0,128.708,6489,False
2019-08-30 00:00:00+00:00,129.29,130.67,128.74,128.93,831617.0,129.336,6258,False
2019-09-03 00:00:00+00:00,127.61,127.77,125.23,126.76,1186288.0,126.455,8741,False
2019-09-04 00:00:00+00:00,128.1,129.0,127.5,128.57,769439.0,128.448,4996,False
2019-09-05 00:00:00+00:00,130.89,132.94,130.68,131.56,714370.0,131.834,5783,False
2019-09-06 00:00:00+00:00,131.46,132.19,130.67,131.72,805888.0,131.71,6238,False
2019-09-09 00:00:00+00:00,132.95,136.94,132.34,136.29,876868.0,135.338,6882,False
2019-09-10 00:00:00+00:00,137.25,138.96,136.71,137.89,1168065.0,137.752,9110,False
2019-09-11 00:00:00+00:00,138.0,138.05,135.48,136.0,2125802.0,136.3,13557,False
2019-09-12 00:00:00+00:00,134.85,137.38,133.54,137.17,2260998.0,136.423,13153,False
2019-09-13 00:00:00+00:00,139.0,140.29,138.02,139.28,1543087.0,139.236,9261,False
2019-09-16 00:00:00+00:00,137.95,140.52,137.36,140.5,1223378.0,139.826,8831,False
2019-09-17 00:00:00+00:00,139.6,140.04,138.0,139.24,1584123.0,139.137,7279,False
2019-09-18 00:00:00+00:00,138.75,141.31,138.08,141.2,1309548.0,139.951,6974,False
2019-09-19 00:00:00+00:00,139.76,142.09,139.76,141.0,1480812.0,141.341,10421,False
2019-09-20 00:00:00+00:00,141.28,142.26,140.25,140.88,2237436.0,141.157,11609,False
2019-09-23 00:00:00+00:00,139.71,141.75,139.68,141.2,1715091.0,141.202,7675,False
2019-09-24 00:00:00+00:00,140.75,141.83,139.65,140.27,1424878.0,140.488,7952,False
2019-09-25 00:00:00+00:00,140.91,141.69,139.71,140.31,856604.0,140.789,5814,False
2019-09-26 00:00:00+00:00,139.92,140.65,139.57,140.1,643551.0,140.167,4888,False
2019-09-27 00:00:00+00:00,141.51,142.23,139.78,140.39,813830.0,140.581,6325,False
2019-09-30 00:00:00+00:00,141.17,141.17,139.36,140.16,1084409.0,140.325,4685,False
2019-10-01 00:00:00+00:00,141.15,141.55,137.07,137.2,851766.0,138.249,6347,False
2019-10-02 00:00:00+00:00,136.47,136.65,134.78,135.7,1053736.0,135.573,7509,False
2019-10-03 00:00:00+00:00,134.82,136.75,133.37,136.73,1241254.0,135.607,9575,False
2019-10-04 00:00:00+00:00,136.88,140.69,136.88,140.47,1276207.0,138.917,9912,False
2019-10-07 00:00:00+00:00,140.69,141.72,139.1,139.95,1039447.0,140.577,7776,False
2019-10-08 00:00:00+00:00,138.18,138.46,136.04,136.18,1440919.0,137.115,11668,False
2019-10-09 00:00:00+00:00,137.33,137.68,136.33,136.56,950090.0,136.919,6590,False
2019-10-10 00:00:00+00:00,137.14,139.62,136.88,138.42,744306.0,138.658,5697,False
2019-10-11 00:00:00+00:00,140.86,142.48,140.27,140.4,1253027.0,141.401,8588,False
2019-10-14 00:00:00+00:00,139.7,140.77,139.36,140.52,838295.0,140.415,6567,False
2019-10-15 00:00:00+00:00,140.67,142.85,140.04,141.87,1484640.0,142.022,10772,False
2019-10-16 00:00:00+00:00,142.66,143.27,139.92,141.46,1837174.0,141.562,13552,False
2019-10-17 00:00:00+00:00,142.45,144.1,142.05,142.66,1094498.0,142.871,8834,False
2019-10-18 00:00:00+00:00,142.45,144.7,142.09,143.52,1149345.0,143.784,7454,False
2019-10-21 00:00:00+00:00,145.0,146.39,144.71,145.53,947128.0,145.62,6590,False
2019-10-22 00:00:00+00:00,145.55,146.88,144.54,145.46,1005662.0,145.816,8184,False
2019-10-23 00:00:00+00:00,144.98,146.43,144.7,146.37,693162.0,145.913,5511,False
2019-10-24 00:00:00+00:00,146.2,146.69,144.69,145.6,658569.0,145.47,5214,False
2019-10-25 00:00:00+00:00,145.29,147.86,145.29,146.67,652411.0,146.981,5266,False
2019-10-28 00:00:00+00:00,147.72,148.5,147.24,147.77,643560.0,147.745,4950,False
2019-10-29 00:00:00+00:00,147.12,149.39,147.12,148.29,936935.0,148.397,6586,False
2019-10-30 00:00:00+00:00,147.85,148.77,146.52,147.75,682553.0,147.605,5440,False
2019-10-31 00:00:00+00:00,146.67,147.17,145.04,146.7,621078.0,146.003,4863,False
2019-11-01 00:00:00+00:00,148.32,148.91,147.31,148.81,634807.0,148.422,4369,False
2019-11-04 00:00:00+00:00,150.39,150.73,149.69,150.01,715751.0,150.17,5526,False
2019-11-05 00:00:00+00:00,150.63,152.14,150.0,151.03,793994.0,151.111,6162,False
2019-11-06 00:00:00+00:00,150.55,151.76,149.95,151.71,959490.0,151.171,6303,False
2019-11-07 00:00:00+00:00,152.95,154.75,152.52,153.07,810353.0,153.762,6032,False
2019-11-08 00:00:00+00:00,152.57,152.92,151.63,152.2,706513.0,152.189,5357,False
2019-11-11 00:00:00+00:00,151.5,153.23,151.38,152.46,728259.0,152.646,5374,False
2019-11-12 00:00:00+00:00,152.14,153.17,151.11,152.3,564441.0,152.46,4709,False
2019-11-13 00:00:00+00:00,150.64,151.75,150.07,150.82,699904.0,150.917,5428,False
2019-11-14 00:00:00+00:00,150.16,150.86,148.48,149.02,1205051.0,149.229,7983,False
2019-11-15 00:00:00+00:00,150.11,150.92,149.41,150.86,1093123.0,150.442,7179,False
2019-11-18 00:00:00+00:00,150.52,152.43,150.49,151.71,891913.0,151.689,6771,False
2019-11-19 00:00:00+00:00,152.0,153.1,150.75,151.72,848362.0,151.814,6428,False
2019-11-20 00:00:00+00:00,151.27,152.66,150.44,151.78,773781.0,151.573,5741,False
2019-11-21 00:00:00+00:00,152.67,153.53,151.31,151.69,684566.0,151.805,5517,False
2019-11-22 00:00:00+00:00,151.36,153.72,150.94,152.85,595098.0,152.738,4599,False
2019-11-25 00:00:00+00:00,153.55,154.42,152.73,153.4,1517989.0,153.533,8740,False
2019-11-26 00:00:00+00:00,153.14,153.47,152.34,152.89,662747.0,152.74,5314,False
2019-11-27 00:00:00+00:00,153.67,154.15,152.53,153.29,621464.0,153.221,4711,False
2019-11-29 00:00:00+00:00,153.64,154.45,152.94,153.21,367619.0,153.768,2866,False
2019-12-02 00:00:00+00:00,153.93,154.44,151.94,151.98,622916.0,152.712,4574,False
2019-12-03 00:00:00+00:00,150.27,150.29,148.09,149.74,1556860.0,149.201,11379,False
2019-12-04 00:00:00+00:00,149.74,151.84,149.64,151.35,1062857.0,151.099,7401,False
2019-12-05 00:00:00+00:00,152.28,152.63,151.59,152.2,1103477.0,152.174,7801,False
2019-12-06 00:00:00+00:00,154.08,154.82,153.5,153.81,1820865.0,154.089,10319,False
2019-12-09 00:00:00+00:00,152.2,154.06,152.04,153.7,913103.0,153.716,6545,False
2019-12-10 00:00:00+00:00,153.7,156.83,152.74,155.6,1801809.0,154.988,11479,False
2019-12-11 00:00:00+00:00,155.83,156.12,154.9,155.0,892018.0,155.471,6532,False
2019-12-12 00:00:00+00:00,155.66,159.64,155.12,159.0,1710132.0,158.064,10508,False
2019-12-13 00:00:00+00:00,158.16,160.08,157.39,158.64,1046176.0,158.634,7111,False
2019-12-16 00:00:00+00:00,160.3,160.87,158.89,159.0,823619.0,159.469,6515,False
2019-12-17 00:00:00+00:00,158.97,160.91,158.48,160.36,807810.0,159.934,6032,False
2019-12-18 00:00:00+00:00,160.81,160.91,159.38,160.05,671025.0,160.031,5091,False
2019-12-19 00:00:00+00:00,160.27,160.95,158.72,159.53,813394.0,159.868,6219,False
2019-12-20 00:00:00+00:00,161.2,161.37,159.37,159.82,1205785.0,160.432,5929,False
2019-12-23 00:00:00+00:00,160.08,160.64,158.92,159.53,616052.0,159.584,4926,False
2019-12-24 00:00:00+00:00,159.84,160.56,159.58,160.42,296095.0,160.266,2167,False
2019-12-26 00:00:00+00:00,160.48,161.27,160.28,161.15,328291.0,160.859,2572,False
2019-12-27 00:00:00+00:00,161.55,161.72,160.56,160.81,574338.0,160.887,4345,False
2019-12-30 00:00:00+00:00,161.59,161.79,159.88,160.02,708738.0,160.681,5750,False
2019-12-31 00:00:00+00:00,159.85,160.37,158.99,159.63,843433.0,159.453,6733,False
2020-01-02 00:00:00+00:00,159.75,160.37,158.9,160.37,1304452.0,159.605,9355,False
2020-01-03 00:00:00+00:00,158.41,159.59,157.43,158.83,744295.0,158.768,5396,False
2020-01-06 00:00:00+00:00,158.1,158.69,157.45,158.51,743467.0,158.207,6186,False
2020-01-07 00:00:00+00:00,157.43,158.4,156.61,157.26,1258155.0,157.429,9370,False
2020-01-08 00:00:00+00:00,158.0,159.91,157.3,158.89,957119.0,159.035,7539,False
2020-01-09 00:00:00+00:00,160.38,161.25,159.84,160.81,1042377.0,160.462,8073,False
2020-01-10 00:00:00+00:00,160.98,160.98,158.47,158.57,1510908.0,159.468,10805,False
2020-01-13 00:00:00+00:00,158.88,159.54,157.82,159.44,1244708.0,158.779,8861,False
2020-01-14 00:00:00+00:00,159.17,160.95,158.81,159.88,2246733.0,159.953,13653,False
2020-01-15 00:00:00+00:00,158.0,158.31,153.33,154.08,2884304.0,155.263,21210,False
2020-01-16 00:00:00+00:00,153.58,153.7,149.95,152.62,2792070.0,151.631,19060,False
2020-01-17 00:00:00+00:00,153.05,154.05,152.85,153.36,1603396.0,153.363,10665,False
2020-01-21 00:00:00+00:00,152.14,153.33,151.46,151.65,1011714.0,152.436,7773,False
2020-01-22 00:00:00+00:00,151.96,153.02,151.65,152.26,1787925.0,152.311,11173,False
2020-01-23 00:00:00+00:00,151.39,153.25,149.93,152.71,1378142.0,151.551,10122,False
2020-01-24 00:00:00+00:00,152.48,152.48,149.52,150.38,1918094.0,150.624,13392,False
2020-01-27 00:00:00+00:00,147.94,150.0,147.32,148.53,1449856.0,149.065,10720,False
2020-01-28 00:00:00+00:00,149.32,150.97,148.88,149.69,898324.0,150.04,7190,False
2020-01-29 00:00:00+00:00,149.91,150.77,148.33,148.59,569550.0,149.727,4495,False
2020-01-30 00:00:00+00:00,147.13,151.1,147.13,150.96,1390113.0,149.712,11213,False
2020-01-31 00:00:00+00:00,149.44,150.69,148.24,148.55,1405657.0,149.499,11770,False
2020-02-03 00:00:00+00:00,150.04,151.15,149.26,149.54,1251672.0,149.983,9769,False
2020-02-04 00:00:00+00:00,151.95,152.23,150.43,150.66,883139.0,151.421,6871,False
2020-02-05 00:00:00+00:00,152.52,153.85,152.3,153.79,779652.0,153.241,5826,False
2020-02-06 00:00:00+00:00,154.82,154.95,152.68,152.85,837309.0,153.47,6467,False
2020-02-07 00:00:00+00:00,151.87,153.64,151.38,153.35,867923.0,153.063,6982,False
2020-02-10 00:00:00+00:00,152.49,153.86,152.31,153.86,743012.0,153.212,5842,False
2020-02-11 00:00:00+00:00,154.34,155.69,154.19,154.79,630109.0,155.154,4995,False
2020-02-12 00:00:00+00:00,156.0,156.92,154.84,155.21,473965.0,155.42,3525,False
2020-02-13 00:00:00+00:00,154.76,155.55,154.13,155.32,599051.0,155.162,5010,False
2020-02-14 00:00:00+00:00,155.16,155.44,153.17,154.13,986182.0,154.012,7343,False
2020-02-18 00:00:00+00:00,153.49,154.13,150.0,151.39,1154264.0,151.232,8518,False
2020-02-19 00:00:00+00:00,152.15,153.9,151.88,153.35,762572.0,153.344,5487,False
2020-02-20 00:00:00+00:00,152.75,154.94,152.27,154.48,790886.0,153.936,5890,False
2020-02-21 00:00:00+00:00,153.6,154.07,151.78,153.8,830946.0,153.145,6145,False
2020-02-24 00:00:00+00:00,149.31,150.22,148.08,148.81,1352400.0,149.228,10074,False
2020-02-25 00:00:00+00:00,148.9,149.34,141.01,141.34,1700466.0,144.862,14111,False
2020-02-26 00:00:00+00:00,142.46,143.09,138.68,138.71,1630866.0,140.694,13233,False
2020-02-27 00:00:00+00:00,136.01,136.81,130.53,130.62,2360544.0,134.073,18207,False
2020-02-28 00:00:00+00:00,126.31,127.95,122.55,126.4,2914703.0,125.004,20460,False
2020-03-02 00:00:00+00:00,126.82,132.76,124.65,132.64,1688434.0,128.28,12332,False
2020-03-03 00:00:00+00:00,132.01,133.64,124.05,125.49,1949709.0,127.263,14401,False
2020-03-04 00:00:00+00:00,127.3,129.61,124.61,129.4,1570291.0,127.224,11809,False
2020-03-05 00:00:00+00:00,124.66,124.81,118.45,120.69,2106539.0,121.097,15589,False
2020-03-06 00:00:00+00:00,115.38,118.49,112.12,114.23,2442436.0,115.291,17973,False
2020-03-09 00:00:00+00:00,102.6,107.21,97.55,98.75,3323144.0,101.024,22772,False
2020-03-10 00:00:00+00:00,104.05,108.98,100.3,108.04,3229531.0,104.666,24303,False
2020-03-11 00:00:00+00:00,104.29,106.08,100.12,101.94,3874694.0,102.773,27602,False
2020-03-12 00:00:00+00:00,93.48,104.0,90.89,94.72,3914721.0,95.007,27164,False
2020-03-13 00:00:00+00:00,103.31,107.18,99.46,106.98,4814912.0,102.323,33828,False
2020-03-16 00:00:00+00:00,91.18,103.29,89.26,89.97,3914677.0,95.683,28344,False
2020-03-17 00:00:00+00:00,91.3,96.19,87.53,96.0,3135230.0,91.888,22573,False
2020-03-18 00:00:00+00:00,88.78,91.19,81.03,87.53,3837450.0,86.283,26375,False
2020-03-19 00:00:00+00:00,85.43,96.5,84.57,92.42,2459086.0,92.674,18005,False
2020-03-20 00:00:00+00:00,94.08,95.37,86.6,89.49,2538479.0,91.063,17100,False
2020-03-23 00:00:00+00:00,86.99,88.44,79.41,80.64,2783694.0,82.072,19716,False
2020-03-24 00:00:00+00:00,86.55,90.99,84.66,90.18,3074377.0,88.448,21289,False
2020-03-25 00:00:00+00:00,91.52,97.17,86.9,92.05,2666719.0,92.766,18509,False
2020-03-26 00:00:00+00:00,92.37,103.73,92.05,102.92,2367899.0,98.08,16073,False
2020-03-27 00:00:00+00:00,97.48,103.29,96.98,100.13,1728517.0,99.732,11773,False
2020-03-30 00:00:00+00:00,99.27,101.68,97.82,100.97,1854302.0,99.506,12086,False
2020-03-31 00:00:00+00:00,99.05,100.54,94.24,95.72,2422588.0,97.66,17061,False
2020-04-01 00:00:00+00:00,90.0,90.76,86.52,87.35,2832856.0,88.07,20331,False
2020-04-02 00:00:00+00:00,87.33,91.97,85.86,90.73,2089646.0,89.491,14885,False
2020-04-03 00:00:00+00:00,89.39,91.12,84.02,85.19,2171701.0,86.699,14388,False
2020-04-06 00:00:00+00:00,90.17,96.15,89.56,95.31,2203459.0,93.608,14778,False
2020-04-07 00:00:00+00:00,101.0,103.33,94.43,94.92,2097296.0,98.23,14391,False
2020-04-08 00:00:00+00:00,95.87,100.35,94.62,99.5,1726837.0,97.875,12486,False
2020-04-09 00:00:00+00:00,101.57,106.77,101.0,105.42,3028995.0,104.345,19752,False
2020-04-13 00:00:00+00:00,105.14,105.27,100.42,100.96,1858759.0,101.7,15013,False
2020-04-14 00:00:00+00:00,103.49,104.15,97.7,99.47,2294537.0,99.905,15605,False
2020-04-15 00:00:00+00:00,94.55,96.6,91.1,92.43,2521607.0,92.829,18572,False
2020-04-16 00:00:00+00:00,92.83,93.33,89.13,90.54,2179474.0,90.466,16773,False
2020-04-17 00:00:00+00:00,94.28,101.86,94.12,101.5,2622036.0,98.816,17829,False
2020-04-20 00:00:00+00:00,98.37,103.99,97.29,102.55,3070157.0,102.042,20630,False
2020-04-21 00:00:00+00:00,98.17,99.93,96.96,99.0,2704313.0,98.324,18734,False
2020-04-22 00:00:00+00:00,101.41,101.85,98.35,98.9,1747775.0,99.398,12638,False
2020-04-23 00:00:00+00:00,99.19,102.2,99.19,99.43,1493820.0,100.238,9228,False
2020-04-24 00:00:00+00:00,99.97,101.78,98.46,100.73,1105062.0,100.203,8089,False
2020-04-27 00:00:00+00:00,102.17,106.08,101.13,105.49,1230918.0,104.505,8431,False
2020-04-28 00:00:00+00:00,109.97,110.68,105.33,105.99,1733120.0,107.892,11069,False
2020-04-29 00:00:00+00:00,110.65,112.9,108.63,110.99,1460459.0,111.029,10938,False
2020-04-30 00:00:00+00:00,107.67,108.47,105.16,106.67,1229241.0,106.874,8540,False
2020-05-01 00:00:00+00:00,103.41,105.96,101.73,102.97,1656468.0,103.893,12100,False
2020-05-04 00:00:00+00:00,100.0,101.93,98.68,101.61,1299558.0,100.047,9191,False
2020-05-05 00:00:00+00:00,103.57,104.17,99.59,99.77,814647.0,101.884,6075,False
2020-05-06 00:00:00+00:00,101.0,101.35,98.19,98.5,1826247.0,98.975,11923,False
2020-05-07 00:00:00+00:00,99.96,104.4,99.96,101.29,1066188.0,102.48,7586,False
2020-05-08 00:00:00+00:00,104.17,105.48,103.11,105.03,836899.0,104.498,6001,False
2020-05-11 00:00:00+00:00,103.0,103.0,100.7,102.12,1773393.0,102.058,12449,False
2020-05-12 00:00:00+00:00,102.29,103.15,98.45,100.0,8636166.0,99.942,40723,False
2020-05-13 00:00:00+00:00,99.5,99.66,94.83,96.79,5092734.0,96.635,34092,False
2020-05-14 00:00:00+00:00,94.48,99.0,93.27,97.84,4030723.0,96.745,27309,False
2020-05-15 00:00:00+00:00,96.98,98.91,95.89,97.25,1776817.0,97.523,11696,False
2020-05-18 00:00:00+00:00,101.0,104.84,100.11,104.06,2534303.0,102.556,17221,False
2020-05-19 00:00:00+00:00,103.45,104.5,101.0,101.13,2336409.0,102.649,17341,False
2020-05-20 00:00:00+00:00,102.99,105.44,102.71,104.4,2009228.0,104.566,13632,False
2020-05-21 00:00:00+00:00,103.06,105.47,102.67,103.19,1777109.0,103.499,12836,False
2020-05-22 00:00:00+00:00,103.54,104.86,102.59,104.61,2574458.0,103.857,14514,False
2020-05-26 00:00:00+00:00,109.4,111.65,108.93,109.56,2925546.0,110.466,18869,False
2020-05-27 00:00:00+00:00,118.0,118.0,112.3,116.6,2967088.0,114.955,20065,False
2020-05-28 00:00:00+00:00,117.6,117.65,114.31,115.8,2121035.0,115.748,14991,False
2020-05-29 00:00:00+00:00,113.54,116.14,113.27,114.04,2197801.0,114.22,16519,False
2020-06-01 00:00:00+00:00,114.79,116.0,113.61,114.67,1185090.0,114.957,8984,False
2020-06-02 00:00:00+00:00,116.21,116.5,113.43,114.86,2109659.0,115.057,13773,False
2020-06-03 00:00:00+00:00,119.16,121.48,118.38,119.71,3007345.0,120.239,17152,False
2020-06-04 00:00:00+00:00,119.58,123.26,118.07,122.72,2583584.0,121.885,17896,False
2020-06-05 00:00:00+00:00,130.99,132.58,126.02,128.03,3621079.0,128.056,28398,False
2020-06-08 00:00:00+00:00,130.65,132.37,129.76,131.13,2882206.0,130.979,20888,False
2020-06-09 00:00:00+00:00,126.19,127.76,124.63,126.19,2471509.0,126.256,18140,False
2020-06-10 00:00:00+00:00,125.07,125.69,118.6,118.93,2602920.0,121.653,19081,False
2020-06-11 00:00:00+00:00,112.17,114.23,107.29,107.51,2909142.0,110.332,22344,False
2020-06-12 00:00:00+00:00,113.01,113.21,107.76,110.76,2468574.0,110.163,19064,False
2020-06-15 00:00:00+00:00,106.48,113.32,105.94,112.97,1605438.0,110.451,11573,False
2020-06-16 00:00:00+00:00,117.61,117.71,112.36,114.94,1736055.0,115.041,12372,False
2020-06-17 00:00:00+00:00,114.93,115.38,111.45,111.8,1172669.0,112.913,8969,False
2020-06-18 00:00:00+00:00,110.84,113.52,109.97,110.73,1513261.0,111.012,10494,False
2020-06-19 00:00:00+00:00,112.34,113.12,107.12,108.23,3039387.0,108.877,19951,False
2020-06-22 00:00:00+00:00,107.43,109.98,106.14,108.56,1422301.0,108.683,10808,False
2020-06-23 00:00:00+00:00,110.66,111.83,107.69,107.73,1314604.0,108.732,9574,False
2020-06-24 00:00:00+00:00,106.49,106.49,102.27,103.38,2592947.0,104.135,14257,False
2020-06-25 00:00:00+00:00,102.87,106.91,102.57,106.45,1446008.0,105.207,8837,False
2020-06-26 00:00:00+00:00,104.15,104.62,100.11,100.93,1716230.0,101.308,12313,False
2020-06-29 00:00:00+00:00,102.39,103.62,101.55,102.83,1853865.0,102.583,12726,False
2020-06-30 00:00:00+00:00,101.99,106.04,101.85,105.21,2124998.0,104.795,14118,False
2020-07-01 00:00:00+00:00,105.77,105.79,102.48,102.83,1414244.0,103.697,10186,False
2020-07-02 00:00:00+00:00,105.35,106.29,101.81,102.15,2297391.0,103.103,15561,False
2020-07-06 00:00:00+00:00,104.25,105.7,102.67,103.35,1447148.0,103.559,10010,False
2020-07-07 00:00:00+00:00,102.23,102.62,99.21,99.71,1824664.0,101.059,11269,False
2020-07-08 00:00:00+00:00,99.57,100.85,98.26,100.14,1903372.0,99.271,10745,False
2020-07-09 00:00:00+00:00,99.47,99.99,97.09,98.85,2555376.0,98.394,18135,False
2020-07-10 00:00:00+00:00,98.62,102.01,98.62,101.6,1870948.0,100.693,12448,False
2020-07-13 00:00:00+00:00,102.61,104.26,101.52,102.68,2286821.0,102.874,16047,False
2020-07-14 00:00:00+00:00,102.66,103.36,100.4,101.26,2432712.0,101.588,16179,False
2020-07-15 00:00:00+00:00,103.7,105.33,101.7,104.07,2906675.0,103.09,18319,False
2020-07-16 00:00:00+00:00,101.85,106.67,101.34,104.99,3144827.0,104.737,20270,False
2020-07-17 00:00:00+00:00,104.29,105.13,102.99,103.02,2208184.0,103.692,15629,False
2020-07-20 00:00:00+00:00,102.0,103.63,101.55,102.94,1643203.0,102.854,11082,False
2020-07-21 00:00:00+00:00,103.69,108.28,103.69,107.7,2662711.0,107.03,16273,False
2020-07-22 00:00:00+00:00,106.64,107.79,106.05,106.63,1815368.0,106.652,11791,False
2020-07-23 00:00:00+00:00,106.01,108.28,105.85,107.34,1229761.0,106.904,7884,False
2020-07-24 00:00:00+00:00,108.07,108.87,106.73,106.84,1236738.0,107.591,8346,False
2020-07-27 00:00:00+00:00,105.86,105.86,103.84,104.92,1308648.0,104.957,9338,False
2020-07-28 00:00:00+00:00,104.41,105.63,104.41,104.83,787749.0,105.019,5480,False
2020-07-29 00:00:00+00:00,104.46,109.3,104.05,108.95,1829161.0,107.421,11429,False
2020-07-30 00:00:00+00:00,106.45,106.62,104.34,106.27,1116904.0,105.787,8098,False
2020-07-31 00:00:00+00:00,105.71,106.78,104.05,106.67,1074618.0,105.41,7728,False
2020-08-03 00:00:00+00:00,106.54,107.6,105.3,105.93,1325085.0,106.538,9394,False
2020-08-04 00:00:00+00:00,105.93,106.14,104.83,105.29,1114610.0,105.24,6854,False
2020-08-05 00:00:00+00:00,106.19,106.78,105.36,106.56,1701670.0,106.206,7841,False
2020-08-06 00:00:00+00:00,105.93,107.38,105.65,107.03,1134245.0,106.575,7028,False
2020-08-07 00:00:00+00:00,105.83,110.03,105.81,109.7,1914456.0,108.614,11432,False
2020-08-10 00:00:00+00:00,110.15,111.61,109.38,109.66,1293054.0,110.38,9464,False
2020-08-11 00:00:00+00:00,112.74,115.3,111.93,112.47,2040438.0,113.767,13739,False
2020-08-12 00:00:00+00:00,114.73,114.85,110.4,112.0,1015223.0,112.546,7637,False
2020-08-13 00:00:00+00:00,110.66,111.79,109.83,111.01,844694.0,110.737,5827,False
2020-08-14 00:00:00+00:00,109.8,112.49,109.5,111.75,1350140.0,111.67,8634,False
2020-08-17 00:00:00+00:00,110.4,111.05,109.54,110.33,1697149.0,110.328,9806,False
2020-08-18 00:00:00+00:00,109.94,110.33,106.81,107.08,1707235.0,108.14,9200,False
2020-08-19 00:00:00+00:00,106.87,108.75,106.17,106.39,1292362.0,107.115,8767,False
2020-08-20 00:00:00+00:00,105.08,106.43,104.41,106.08,1205538.0,105.728,8067,False
2020-08-21 00:00:00+00:00,105.8,106.99,105.5,106.45,1559144.0,106.125,9986,False
2020-08-24 00:00:00+00:00,106.95,109.88,106.5,109.8,1021934.0,108.697,6697,False
2020-08-25 00:00:00+00:00,111.45,112.0,109.57,110.77,1464539.0,110.52,9852,False
2020-08-26 00:00:00+00:00,110.51,111.32,109.52,110.31,1471056.0,110.49,10182,False
2020-08-27 00:00:00+00:00,110.04,113.48,109.55,112.5,1158043.0,112.395,8343,False
2020-08-28 00:00:00+00:00,113.2,113.2,111.41,112.35,726563.0,112.172,5061,False
2020-08-31 00:00:00+00:00,112.04,112.26,111.1,111.2,1301453.0,111.538,8774,False
2020-09-01 00:00:00+00:00,109.81,112.39,109.54,111.6,1178940.0,111.249,7406,False
2020-09-02 00:00:00+00:00,111.0,113.0,110.62,112.4,949539.0,111.989,6384,False
2020-09-03 00:00:00+00:00,113.62,116.67,110.93,111.67,1254883.0,112.653,9358,False
2020-09-04 00:00:00+00:00,113.87,115.56,111.34,113.1,974446.0,113.337,6958,False
2020-09-08 00:00:00+00:00,111.61,112.11,108.84,110.3,1323023.0,110.272,9188,False
2020-09-09 00:00:00+00:00,111.28,111.28,109.77,109.91,585400.0,110.435,4014,False
2020-09-10 00:00:00+00:00,110.61,111.59,108.19,108.22,1388947.0,109.447,9562,False
2020-09-11 00:00:00+00:00,109.08,111.26,108.35,110.75,1063223.0,110.015,7468,False
2020-09-14 00:00:00+00:00,111.5,115.08,111.23,114.18,978644.0,114.001,7144,False
2020-09-15 00:00:00+00:00,113.7,114.43,110.7,111.29,1445643.0,111.606,10022,False
2020-09-16 00:00:00+00:00,111.15,115.13,110.74,113.64,1407197.0,113.562,9276,False
2020-09-17 00:00:00+00:00,111.58,113.59,111.0,111.88,888252.0,112.074,7023,False
2020-09-18 00:00:00+00:00,110.99,112.4,110.67,111.76,1112673.0,111.567,6703,False
2020-09-21 00:00:00+00:00,108.92,110.57,107.48,108.84,1262818.0,108.606,9323,False
2020-09-22 00:00:00+00:00,108.08,108.84,104.16,105.36,1790325.0,105.48,12538,False
2020-09-23 00:00:00+00:00,105.73,107.34,102.42,102.48,1299194.0,104.291,9800,False
2020-09-24 00:00:00+00:00,103.36,105.39,101.58,103.45,1196745.0,103.357,8716,False
2020-09-25 00:00:00+00:00,102.25,105.05,102.01,104.9,890607.0,103.94,6344,False
2020-09-28 00:00:00+00:00,106.68,109.15,106.55,108.13,810464.0,108.342,6212,False
2020-09-29 00:00:00+00:00,107.5,107.76,105.16,106.93,1100561.0,106.705,8413,False
2020-09-30 00:00:00+00:00,107.55,110.28,107.35,109.91,1308749.0,109.352,10024,False
2020-10-01 00:00:00+00:00,110.05,110.9,108.37,109.43,966062.0,109.542,7269,False
2020-10-02 00:00:00+00:00,108.09,113.0,107.79,112.16,1201319.0,111.224,7873,False
2020-10-05 00:00:00+00:00,113.47,114.97,112.5,114.8,1085140.0,114.11,7551,False
2020-10-06 00:00:00+00:00,115.99,117.16,112.59,113.17,1195454.0,115.261,8970,False
2020-10-07 00:00:00+00:00,114.34,117.05,114.24,115.18,1392992.0,115.482,9667,False
2020-10-08 00:00:00+00:00,115.8,117.03,115.1,116.54,1492111.0,116.351,9512,False
2020-10-09 00:00:00+00:00,117.11,117.22,114.84,115.48,1313243.0,115.94,9617,False
2020-10-12 00:00:00+00:00,115.51,116.83,115.21,116.28,960776.0,116.126,6345,False
2020-10-13 00:00:00+00:00,115.86,116.23,111.9,112.51,1604917.0,113.27,11233,False
2020-10-14 00:00:00+00:00,112.18,114.39,109.54,109.83,1828919.0,111.072,12975,False
2020-10-15 00:00:00+00:00,108.44,109.56,107.55,109.56,1819248.0,108.779,13002,False
2020-10-16 00:00:00+00:00,109.58,111.51,108.89,111.48,1421330.0,110.667,8341,False
2020-10-19 00:00:00+00:00,111.91,112.23,109.76,109.99,910772.0,110.757,6311,False
2020-10-20 00:00:00+00:00,110.98,113.85,110.98,112.06,1065256.0,112.639,7189,False
2020-10-21 00:00:00+00:00,112.02,112.73,110.46,110.64,767096.0,111.547,5611,False
2020-10-22 00:00:00+00:00,110.87,115.39,110.62,115.32,1230641.0,114.317,8578,False
2020-10-23 00:00:00+00:00,116.22,116.52,113.6,114.81,939726.0,115.167,6812,False
2020-10-26 00:00:00+00:00,113.36,113.4,110.08,111.63,1065836.0,111.351,8131,False
2020-10-27 00:00:00+00:00,111.06,111.08,108.98,109.19,1232416.0,109.694,8079,False
2020-10-28 00:00:00+00:00,107.71,110.07,107.64,108.72,2032607.0,109.006,12646,False
2020-10-29 00:00:00+00:00,108.27,110.66,106.85,109.82,1209055.0,108.928,8410,False
2020-10-30 00:00:00+00:00,109.46,112.01,108.58,111.88,1370183.0,110.32,9342,False
2020-11-02 00:00:00+00:00,113.45,116.14,112.18,114.45,2498973.0,114.6,13610,False
2020-11-03 00:00:00+00:00,117.29,120.08,116.86,119.39,2225151.0,118.759,13883,False
2020-11-04 00:00:00+00:00,116.2,116.49,112.2,112.86,1398871.0,114.248,9826,False
2020-11-05 00:00:00+00:00,113.44,117.6,113.1,117.17,1355156.0,116.215,9126,False
2020-11-06 00:00:00+00:00,117.84,117.84,114.14,114.68,1113690.0,115.795,8087,False
2020-11-09 00:00:00+00:00,125.56,129.56,125.05,127.98,2808172.0,127.403,20969,False
2020-11-10 00:00:00+00:00,128.75,129.0,126.0,126.74,2727837.0,127.069,18876,False
2020-11-11 00:00:00+00:00,127.4,127.4,123.02,125.44,2148400.0,124.773,14585,False
2020-11-12 00:00:00+00:00,123.31,123.31,118.79,121.0,1560421.0,120.623,11468,False
2020-11-13 00:00:00+00:00,122.0,123.78,121.5,122.78,950246.0,122.852,6828,False
2020-11-16 00:00:00+00:00,125.77,127.02,124.5,126.29,4303360.0,125.699,23535,False
2020-11-17 00:00:00+00:00,124.92,127.07,123.27,126.89,2755516.0,125.882,14108,False
2020-11-18 00:00:00+00:00,127.52,131.31,126.57,129.3,2870874.0,129.855,17578,False
2020-11-19 00:00:00+00:00,128.06,130.36,126.25,130.3,1541727.0,128.843,11724,False
2020-11-20 00:00:00+00:00,128.81,130.32,127.75,128.9,1568071.0,129.1,9539,False
2020-11-23 00:00:00+00:00,132.22,134.16,130.65,133.65,1391417.0,133.149,9110,False
2020-11-24 00:00:00+00:00,136.64,140.24,136.15,140.11,1921910.0,138.915,11856,False
2020-11-25 00:00:00+00:00,139.1,141.82,137.48,140.65,2124007.0,140.275,12769,False
2020-11-27 00:00:00+00:00,140.6,140.69,138.75,139.79,694405.0,139.586,4802,False
2020-11-30 00:00:00+00:00,138.28,139.54,137.77,138.07,2674736.0,138.319,17014,False
2020-12-01 00:00:00+00:00,140.24,141.4,139.89,140.72,2211874.0,140.499,13072,False
2020-12-02 00:00:00+00:00,139.9,141.69,139.64,141.38,1116373.0,140.671,7593,False
2020-12-03 00:00:00+00:00,140.72,142.13,139.84,141.25,1205802.0,140.986,8802,False
2020-12-04 00:00:00+00:00,142.8,143.5,141.43,142.53,1024781.0,142.342,5743,False
2020-12-07 00:00:00+00:00,141.1,141.95,139.52,141.81,849943.0,141.198,5954,False
2020-12-08 00:00:00+00:00,140.06,142.43,139.8,141.43,926495.0,141.212,4391,False
2020-12-09 00:00:00+00:00,142.58,143.82,141.49,143.28,950364.0,142.809,6565,False
2020-12-10 00:00:00+00:00,142.5,144.15,141.66,143.99,750248.0,143.155,5819,False
2020-12-11 00:00:00+00:00,142.94,143.76,139.3,143.66,771843.0,142.864,5795,False
2020-12-14 00:00:00+00:00,145.37,145.42,141.03,141.79,1056471.0,142.133,7245,False
2020-12-15 00:00:00+00:00,142.64,143.65,141.07,143.15,928804.0,142.602,5964,False
2020-12-16 00:00:00+00:00,143.85,145.48,142.88,145.25,871112.0,144.123,6677,False
2020-12-17 00:00:00+00:00,144.97,145.69,143.58,145.02,932875.0,144.686,6543,False
2020-12-18 00:00:00+00:00,144.98,145.49,143.23,144.91,1698539.0,144.277,9944,False
2020-12-21 00:00:00+00:00,146.05,147.23,142.66,144.6,1728651.0,144.272,10279,False
2020-12-22 00:00:00+00:00,144.91,145.18,142.5,143.73,764488.0,143.641,5620,False
2020-12-23 00:00:00+00:00,144.79,147.67,144.16,146.7,723049.0,146.682,5287,False
2020-12-24 00:00:00+00:00,146.43,146.69,144.67,146.15,339267.0,145.549,2086,False
2020-12-28 00:00:00+00:00,146.98,148.38,145.85,146.54,941116.0,146.715,5101,False
2020-12-29 00:00:00+00:00,146.59,146.67,144.64,144.87,560658.0,145.345,4082,False
2020-12-30 00:00:00+00:00,145.47,147.34,145.08,146.89,553855.0,146.567,4123,False
2020-12-31 00:00:00+00:00,146.75,149.31,145.83,149.0,793673.0,148.008,5371,False
2021-01-04 00:00:00+00:00,149.68,149.76,146.05,149.15,1291483.0,147.883,9042,False
2021-01-05 00:00:00+00:00,149.2,150.57,147.29,148.36,1332245.0,148.799,8222,False
2021-01-06 00:00:00+00:00,152.31,158.25,152.15,156.51,1802783.0,156.599,11989,False
2021-01-07 00:00:00+00:00,158.96,162.74,158.95,159.0,1416620.0,160.5,9207,False
2021-01-08 00:00:00+00:00,158.06,159.22,156.1,158.19,1201593.0,157.971,6521,False
2021-01-11 00:00:00+00:00,157.09,159.96,155.46,159.38,1211586.0,159.005,7140,False
2021-01-12 00:00:00+00:00,161.0,162.65,159.58,161.73,1337033.0,161.71,9323,False
2021-01-13 00:00:00+00:00,159.76,161.5,158.28,159.1,1289584.0,159.383,8381,False
2021-01-14 00:00:00+00:00,160.11,162.07,159.54,161.5,1219264.0,161.284,7762,False
2021-01-15 00:00:00+00:00,157.18,158.74,154.37,154.78,2156721.0,156.418,12954,False
2021-01-19 00:00:00+00:00,155.76,156.52,154.21,156.0,1470260.0,155.653,8943,False
2021-01-20 00:00:00+00:00,156.0,156.43,154.66,156.26,898675.0,155.576,5873,False
2021-01-21 00:00:00+00:00,156.29,156.29,152.98,153.69,1485946.0,153.797,8510,False
2021-01-22 00:00:00+00:00,151.47,153.06,151.33,152.57,831706.0,152.288,5979,False
2021-01-25 00:00:00+00:00,150.36,151.1,146.87,150.47,1040016.0,149.379,7270,False
2021-01-26 00:00:00+00:00,151.37,151.7,147.82,148.06,1211377.0,148.684,8569,False
2021-01-27 00:00:00+00:00,145.83,145.83,141.6,144.44,1897991.0,144.093,14619,False
2021-01-28 00:00:00+00:00,146.76,148.78,145.48,147.79,759292.0,147.687,6067,False
2021-01-29 00:00:00+00:00,147.67,147.77,142.97,143.52,1247515.0,144.844,9247,False
2021-02-01 00:00:00+00:00,144.74,146.3,143.69,145.86,826683.0,144.941,5946,False
2021-02-02 00:00:00+00:00,147.83,152.9,147.56,150.4,1128227.0,150.924,8376,False
2021-02-03 00:00:00+00:00,149.95,152.5,149.9,152.2,812185.0,151.804,6004,False
2021-02-04 00:00:00+00:00,153.39,156.76,153.33,156.68,940315.0,155.578,7282,False
2021-02-05 00:00:00+00:00,158.02,158.5,155.87,156.94,728885.0,156.901,5578,False
2021-02-08 00:00:00+00:00,156.81,158.83,156.69,158.79,642152.0,157.958,4500,False
2021-02-09 00:00:00+00:00,157.98,158.66,156.62,158.14,751936.0,157.88,5673,False
2021-02-10 00:00:00+00:00,159.43,160.98,157.91,160.11,864648.0,159.858,6256,False
2021-02-11 00:00:00+00:00,159.82,161.3,157.71,159.31,755513.0,158.993,5904,False
2021-02-12 00:00:00+00:00,159.59,162.5,159.33,162.27,741055.0,161.5,5155,False
2021-02-16 00:00:00+00:00,163.52,171.0,162.75,169.91,1827989.0,168.353,13199,False
2021-02-17 00:00:00+00:00,169.36,170.12,166.68,167.55,1394687.0,168.044,8876,False
2021-02-18 00:00:00+00:00,166.21,167.46,164.46,166.91,609506.0,166.103,4529,False
2021-02-19 00:00:00+00:00,167.32,171.22,167.07,170.41,796482.0,169.661,5246,False
2021-02-22 00:00:00+00:00,169.98,172.01,169.6,170.52,1128021.0,171.03,8596,False
2021-02-23 00:00:00+00:00,173.52,174.01,170.16,173.22,1177514.0,172.039,8926,False
2021-02-24 00:00:00+00:00,173.67,179.36,173.67,178.48,1141361.0,177.863,8255,False
2021-02-25 00:00:00+00:00,180.3,180.85,173.2,173.26,1033116.0,176.645,8076,False
2021-02-26 00:00:00+00:00,172.13,172.62,168.28,168.36,1313914.0,170.032,10222,False
2021-03-01 00:00:00+00:00,171.37,174.48,169.71,173.07,1029670.0,172.187,7742,False
2021-03-02 00:00:00+00:00,173.22,177.81,171.84,173.09,930876.0,173.354,7314,False
2021-03-03 00:00:00+00:00,174.54,176.87,173.0,173.35,885228.0,174.968,6863,False
2021-03-04 00:00:00+00:00,173.14,174.87,169.08,172.58,1220885.0,172.482,9700,False
2021-03-05 00:00:00+00:00,175.4,176.9,169.64,176.46,1175947.0,173.831,8723,False
2021-03-08 00:00:00+00:00,177.74,181.35,177.08,178.82,1197074.0,179.616,8795,False
2021-03-09 00:00:00+00:00,175.26,176.98,172.04,173.63,1345301.0,174.842,10664,False
2021-03-10 00:00:00+00:00,173.54,178.38,173.15,177.78,822324.0,176.5,5495,False
2021-03-11 00:00:00+00:00,176.37,178.32,175.04,176.93,651874.0,176.955,4860,False
2021-03-12 00:00:00+00:00,179.95,181.53,178.93,181.41,1163838.0,180.146,6825,False
2021-03-15 00:00:00+00:00,180.79,181.06,176.6,178.53,806309.0,178.006,6543,False
2021-03-16 00:00:00+00:00,176.6,176.9,173.74,176.58,947726.0,175.464,6799,False
2021-03-17 00:00:00+00:00,179.25,180.96,176.62,178.43,743852.0,178.026,5786,False
2021-03-18 00:00:00+00:00,180.87,184.33,178.99,179.86,1260713.0,182.273,9499,False
2021-03-19 00:00:00+00:00,176.61,178.06,174.17,175.79,1991576.0,176.174,12612,False
2021-03-22 00:00:00+00:00,172.71,173.56,169.59,171.22,784077.0,171.413,6138,False
2021-03-23 00:00:00+00:00,169.69,172.3,168.44,169.4,674472.0,170.212,5359,False
2021-03-24 00:00:00+00:00,171.36,173.14,170.24,170.25,853357.0,171.278,6151,False
2021-03-25 00:00:00+00:00,170.64,177.23,169.61,177.0,1186018.0,174.598,9369,False
2021-03-26 00:00:00+00:00,179.23,180.31,177.09,179.68,1013985.0,178.932,8067,False
2021-03-29 00:00:00+00:00,176.82,177.66,173.2,174.49,1042293.0,175.384,8407,False
2021-03-30 00:00:00+00:00,176.0,179.07,175.78,177.62,823571.0,177.647,6381,False
2021-03-31 00:00:00+00:00,177.49,177.85,174.64,175.41,961100.0,175.914,6559,False
2021-04-01 00:00:00+00:00,174.45,177.49,174.38,177.41,783171.0,176.041,6252,False
2021-04-05 00:00:00+00:00,179.53,180.37,177.84,178.76,697855.0,178.649,4884,False
2021-04-06 00:00:00+00:00,177.66,178.83,175.95,177.4,882047.0,177.353,5561,False
2021-04-07 00:00:00+00:00,178.3,179.65,176.61,178.25,1050109.0,177.717,7354,False
2021-04-08 00:00:00+00:00,177.33,178.52,174.5,178.11,617834.0,177.377,4679,False
2021-04-09 00:00:00+00:00,179.76,180.36,178.3,180.21,583739.0,179.383,4273,False
2021-04-12 00:00:00+00:00,180.63,181.4,179.77,180.81,627224.0,180.636,4581,False
2021-04-13 00:00:00+00:00,179.71,179.8,177.11,177.62,821895.0,178.45,5950,False
2021-04-14 00:00:00+00:00,177.01,180.74,176.71,179.34,1113505.0,179.365,6853,False
2021-04-15 00:00:00+00:00,178.38,178.54,172.12,174.79,2054329.0,173.951,15204,False
2021-04-16 00:00:00+00:00,177.51,180.25,176.62,178.86,1295450.0,178.61,8615,False
2021-04-19 00:00:00+00:00,179.35,180.78,176.94,177.72,858837.0,178.494,5986,False
2021-04-20 00:00:00+00:00,175.69,176.2,170.95,171.73,1421593.0,172.514,10875,False
2021-04-21 00:00:00+00:00,171.03,175.24,170.13,175.13,953856.0,173.493,6452,False
2021-04-22 00:00:00+00:00,175.03,175.6,173.09,173.84,1444098.0,174.222,8951,False
2021-04-23 00:00:00+00:00,174.31,179.14,173.53,178.04,983839.0,178.061,6754,False
2021-04-26 00:00:00+00:00,179.27,181.74,179.0,180.24,820180.0,180.741,5545,False
2021-04-27 00:00:00+00:00,179.5,183.83,179.5,183.58,988534.0,182.404,7389,False
2021-04-28 00:00:00+00:00,184.02,186.13,183.95,185.26,936884.0,185.206,6570,False
2021-04-29 00:00:00+00:00,187.49,189.43,187.09,189.17,749491.0,188.511,5610,False
2021-04-30 00:00:00+00:00,187.94,189.12,186.75,186.95,614206.0,187.459,4851,False
2021-05-03 00:00:00+00:00,188.67,189.26,186.72,188.12,675344.0,187.995,4720,False
2021-05-04 00:00:00+00:00,186.96,193.66,186.08,193.32,1677218.0,191.157,12682,False
2021-05-05 00:00:00+00:00,193.66,196.5,191.44,194.61,1053651.0,194.882,7522,False
2021-05-06 00:00:00+00:00,196.37,198.28,193.13,198.18,849704.0,195.87,6706,False
2021-05-07 00:00:00+00:00,194.27,199.19,193.94,198.91,613730.0,197.347,4957,False
2021-05-10 00:00:00+00:00,203.01,203.88,198.43,198.56,1021082.0,200.733,7539,False
2021-05-11 00:00:00+00:00,197.78,200.47,193.22,194.04,1874505.0,195.418,13945,False
2021-05-12 00:00:00+00:00,196.81,197.31,189.64,190.41,1338168.0,192.545,10320,False
2021-05-13 00:00:00+00:00,189.8,197.51,189.7,196.01,668662.0,195.472,4955,False
2021-05-14 00:00:00+00:00,196.43,199.91,196.25,199.38,532614.0,198.408,4149,False
2021-05-17 00:00:00+00:00,198.24,199.94,197.4,199.03,776795.0,199.1,4815,False
2021-05-18 00:00:00+00:00,199.7,200.15,193.77,193.91,1268197.0,196.434,8925,False
2021-05-19 00:00:00+00:00,191.97,193.0,188.68,192.89,1796405.0,190.572,11523,False
2021-05-20 00:00:00+00:00,192.99,193.3,189.87,191.05,755864.0,191.26,5467,False
2021-05-21 00:00:00+00:00,192.58,194.3,191.31,193.48,689674.0,193.423,4807,False
2021-05-24 00:00:00+00:00,194.44,194.86,192.89,193.99,520569.0,194.105,3811,False
2021-05-25 00:00:00+00:00,194.74,196.1,191.45,191.7,710661.0,193.508,5244,False
2021-05-26 00:00:00+00:00,193.24,194.0,190.45,191.9,733296.0,192.106,5752,False
2021-05-27 00:00:00+00:00,194.69,195.5,192.54,194.12,871061.0,193.772,6202,False
2021-05-28 00:00:00+00:00,194.32,195.2,192.11,194.68,385705.0,194.149,2956,False
2021-06-01 00:00:00+00:00,197.77,197.82,194.61,195.82,701598.0,195.789,4986,False
2021-06-02 00:00:00+00:00,196.69,196.87,193.89,195.42,523259.0,195.663,3904,False
2021-06-03 00:00:00+00:00,195.2,198.38,194.04,195.88,746569.0,196.399,5439,False
2021-06-04 00:00:00+00:00,195.81,196.23,193.31,194.0,873756.0,194.434,5213,False
2021-06-07 00:00:00+00:00,194.77,194.77,192.7,193.11,444442.0,193.283,2986,False
2021-06-08 00:00:00+00:00,191.3,194.3,189.55,194.1,929531.0,192.441,5382,False
2021-06-09 00:00:00+00:00,192.59,193.06,190.61,190.79,769237.0,191.413,4233,False
2021-06-10 00:00:00+00:00,193.48,193.6,188.67,188.75,520453.0,190.223,3605,False
2021-06-11 00:00:00+00:00,189.28,190.5,187.79,189.2,773275.0,188.974,5137,False
2021-06-14 00:00:00+00:00,188.92,189.07,185.89,187.11,933942.0,187.099,6992,False
2021-06-15 00:00:00+00:00,187.2,190.07,186.76,189.27,813012.0,188.286,5946,False
2021-06-16 00:00:00+00:00,188.36,191.54,186.13,190.11,931122.0,188.711,7242,False
2021-06-17 00:00:00+00:00,192.04,192.04,181.73,182.45,1415934.0,183.637,10142,False
2021-06-18 00:00:00+00:00,180.36,180.64,177.68,178.33,1883109.0,179.117,11188,False
2021-06-21 00:00:00+00:00,180.44,184.35,179.74,184.15,557176.0,183.312,4225,False
2021-06-22 00:00:00+00:00,183.63,185.14,181.67,183.91,498616.0,183.802,3531,False
2021-06-23 00:00:00+00:00,184.5,186.39,184.1,185.13,536257.0,185.338,3723,False
2021-06-24 00:00:00+00:00,186.5,189.67,185.03,189.18,921919.0,188.102,6198,False
2021-06-25 00:00:00+00:00,190.03,193.66,188.9,193.36,902025.0,192.576,5505,False
2021-06-28 00:00:00+00:00,192.41,192.41,189.91,191.6,901333.0,190.927,6080,False
2021-06-29 00:00:00+00:00,192.98,194.49,189.47,190.47,958893.0,191.374,5792,False
2021-06-30 00:00:00+00:00,189.58,191.41,189.56,190.76,557817.0,190.578,4172,False
2021-07-01 00:00:00+00:00,191.47,192.44,190.39,191.74,529988.0,191.562,3853,False
2021-07-02 00:00:00+00:00,193.47,193.55,191.06,192.79,994249.0,192.328,6162,False
2021-07-06 00:00:00+00:00,190.82,192.44,185.67,187.96,1029212.0,187.277,6584,False
2021-07-07 00:00:00+00:00,186.0,188.42,185.54,186.58,530790.0,186.821,4064,False
2021-07-08 00:00:00+00:00,183.61,184.88,181.68,183.23,1517398.0,182.9,9410,False
2021-07-09 00:00:00+00:00,186.75,190.02,185.97,189.67,1022777.0,188.375,7757,False
2021-07-12 00:00:00+00:00,187.68,192.35,185.87,191.91,965641.0,190.735,5924,False
2021-07-13 00:00:00+00:00,190.67,191.27,187.98,189.28,833603.0,189.37,6462,False
2021-07-14 00:00:00+00:00,186.4,191.45,185.49,188.34,1535907.0,187.596,11202,False
2021-07-15 00:00:00+00:00,186.46,191.78,185.75,189.5,1206927.0,189.41,8220,False
2021-07-16 00:00:00+00:00,190.13,190.37,182.8,183.43,844523.0,185.214,6030,False
2021-07-19 00:00:00+00:00,179.2,180.94,176.43,177.8,826292.0,177.963,6120,False
2021-07-20 00:00:00+00:00,177.86,183.47,177.21,181.6,947854.0,181.805,6762,False
2021-07-21 00:00:00+00:00,183.67,186.25,183.54,184.87,697208.0,185.062,5166,False
2021-07-22 00:00:00+00:00,184.5,184.96,180.66,181.72,973541.0,181.772,7180,False
2021-07-23 00:00:00+00:00,183.1,185.19,181.98,183.02,600228.0,182.837,4117,False
2021-07-26 00:00:00+00:00,183.65,185.51,183.0,184.52,359542.0,184.13,2603,False
2021-07-27 00:00:00+00:00,182.09,185.0,180.87,184.27,452398.0,183.706,3368,False
2021-07-28 00:00:00+00:00,185.0,185.56,182.29,183.76,361681.0,184.121,2500,False
2021-07-29 00:00:00+00:00,185.67,186.14,183.48,185.16,402346.0,185.355,2994,False
2021-07-30 00:00:00+00:00,184.49,186.4,181.71,182.41,453102.0,183.103,3352,False
2021-08-02 00:00:00+00:00,183.53,186.7,181.31,181.78,531787.0,182.878,4238,False
2021-08-03 00:00:00+00:00,183.51,187.32,180.43,186.34,860874.0,184.871,6316,False
2021-08-04 00:00:00+00:00,184.04,187.21,183.5,185.02,481708.0,185.555,3489,False
2021-08-05 00:00:00+00:00,186.95,188.19,185.75,186.68,559907.0,186.533,4188,False
2021-08-06 00:00:00+00:00,189.35,192.03,188.97,190.27,646830.0,190.455,4985,False
2021-08-09 00:00:00+00:00,189.59,191.78,188.2,190.01,504717.0,190.273,3946,False
2021-08-10 00:00:00+00:00,188.85,193.75,188.85,191.7,782978.0,191.972,6076,False
2021-08-11 00:00:00+00:00,192.5,193.95,190.26,193.9,3017490.0,192.388,13331,False
2021-08-12 00:00:00+00:00,193.93,195.33,192.96,193.4,880494.0,193.891,6609,False
2021-08-13 00:00:00+00:00,193.82,194.36,189.84,190.38,895130.0,190.759,7464,False
2021-08-16 00:00:00+00:00,188.96,189.79,186.43,189.65,577942.0,188.843,4509,False
2021-08-17 00:00:00+00:00,188.21,189.62,184.94,187.75,476092.0,187.187,3846,False
2021-08-18 00:00:00+00:00,186.36,189.24,185.41,185.56,397956.0,187.307,2883,False
2021-08-19 00:00:00+00:00,183.65,186.08,183.04,184.34,819003.0,184.428,5882,False
2021-08-20 00:00:00+00:00,184.14,186.51,183.58,185.82,713350.0,185.452,5246,False
2021-08-23 00:00:00+00:00,187.0,188.65,186.82,187.27,519445.0,187.696,3952,False
2021-08-24 00:00:00+00:00,187.14,189.19,187.11,188.48,717923.0,188.318,5337,False
2021-08-25 00:00:00+00:00,189.43,193.43,188.45,192.13,572802.0,192.064,4403,False
2021-08-26 00:00:00+00:00,193.12,193.9,190.63,191.0,525246.0,191.649,4237,False
2021-08-27 00:00:00+00:00,191.5,194.74,191.12,194.51,701936.0,193.611,5261,False
2021-08-30 00:00:00+00:00,195.0,195.0,190.1,190.61,994410.0,191.025,7327,False
2021-08-31 00:00:00+00:00,191.0,192.34,189.66,191.1,1076007.0,191.257,8227,False
2021-09-01 00:00:00+00:00,191.75,191.75,188.18,189.48,987160.0,189.742,7114,False
2021-09-02 00:00:00+00:00,189.44,192.49,189.22,191.71,920662.0,191.347,7239,False
2021-09-03 00:00:00+00:00,191.77,192.85,190.63,191.52,814332.0,191.619,6305,False
2021-09-07 00:00:00+00:00,192.5,194.73,191.92,192.21,1171812.0,193.031,9125,False
2021-09-08 00:00:00+00:00,191.53,192.24,190.42,191.72,1022153.0,191.449,7245,False
2021-09-09 00:00:00+00:00,191.47,194.54,191.18,192.28,829688.0,192.899,7044,False
2021-09-10 00:00:00+00:00,193.85,193.85,191.33,191.66,825439.0,192.376,6115,False
2021-09-13 00:00:00+00:00,193.84,195.72,192.66,194.46,718993.0,194.009,5662,False
2021-09-14 00:00:00+00:00,195.02,196.06,186.02,188.35,2648771.0,189.026,12651,False
2021-09-15 00:00:00+00:00,187.43,191.33,187.43,190.18,861218.0,190.28,5873,False
2021-09-16 00:00:00+00:00,191.61,192.86,189.14,189.9,496874.0,190.335,3750,False
2021-09-17 00:00:00+00:00,189.9,191.37,188.31,188.92,1152800.0,189.542,5621,False
2021-09-20 00:00:00+00:00,183.73,185.04,181.68,184.67,1447043.0,183.238,9835,False
2021-09-21 00:00:00+00:00,185.6,186.83,183.95,183.97,715153.0,185.155,5276,False
2021-09-22 00:00:00+00:00,185.95,188.98,185.89,187.67,664736.0,187.713,4926,False
2021-09-23 00:00:00+00:00,189.44,195.0,189.44,193.61,665242.0,193.54,4489,False
2021-09-24 00:00:00+00:00,193.61,196.25,193.51,194.5,589695.0,194.967,4142,False
2021-09-27 00:00:00+00:00,197.63,200.46,197.25,200.2,905266.0,199.742,5673,False
2021-09-28 00:00:00+00:00,200.66,202.18,197.06,197.72,1086462.0,199.32,7826,False
2021-09-29 00:00:00+00:00,198.53,199.05,196.9,197.44,1126681.0,197.898,8238,False
2021-09-30 00:00:00+00:00,198.89,198.91,195.45,195.64,663316.0,197.081,4870,False
2021-10-01 00:00:00+00:00,194.53,199.96,193.94,198.31,794581.0,197.68,5584,False
2021-10-04 00:00:00+00:00,197.81,200.98,196.43,198.09,646649.0,198.205,5071,False
2021-10-05 00:00:00+00:00,199.47,202.16,198.16,200.49,868817.0,200.921,6508,False
2021-10-06 00:00:00+00:00,199.52,201.0,196.8,200.82,804890.0,199.116,4784,False
2021-10-07 00:00:00+00:00,202.78,203.63,201.18,201.8,872025.0,202.332,6243,False
2021-10-08 00:00:00+00:00,201.55,203.87,200.71,202.76,478095.0,202.866,3594,False
2021-10-11 00:00:00+00:00,203.69,204.93,200.93,201.05,855706.0,203.53,5689,False
2021-10-12 00:00:00+00:00,200.39,203.9,200.02,203.3,1013730.0,202.792,7024,False
2021-10-13 00:00:00+00:00,202.64,202.9,198.24,201.76,738227.0,201.312,5416,False
2021-10-14 00:00:00+00:00,202.98,203.22,200.26,202.5,1006574.0,202.134,6558,False
2021-10-15 00:00:00+00:00,195.62,202.2,195.38,199.13,2366335.0,199.094,14240,False
2021-10-18 00:00:00+00:00,197.68,200.89,197.62,200.84,1021841.0,199.79,6521,False
2021-10-19 00:00:00+00:00,201.9,206.87,201.26,206.83,1212286.0,205.277,8005,False
2021-10-20 00:00:00+00:00,206.82,213.01,205.55,212.8,1473610.0,210.861,9149,False
2021-10-21 00:00:00+00:00,212.72,213.5,210.59,212.73,842377.0,212.206,5784,False
2021-10-22 00:00:00+00:00,213.86,217.6,213.86,216.08,1172731.0,215.943,6948,False
2021-10-25 00:00:00+00:00,216.92,217.0,215.51,216.56,1185761.0,216.426,5737,False
2021-10-26 00:00:00+00:00,216.71,217.22,215.37,216.07,815199.0,216.451,4955,False
2021-10-27 00:00:00+00:00,215.04,216.49,212.77,212.91,911892.0,214.342,6454,False
2021-10-28 00:00:00+00:00,213.98,214.99,212.33,213.05,889454.0,213.449,6379,False
2021-10-29 00:00:00+00:00,213.96,214.5,210.41,211.03,947736.0,212.076,6980,False
2021-11-01 00:00:00+00:00,212.97,213.44,209.74,210.64,743013.0,211.294,5230,False
2021-11-02 00:00:00+00:00,209.89,210.55,208.9,210.1,699420.0,209.784,5253,False
2021-11-03 00:00:00+00:00,209.18,213.58,208.73,212.7,737444.0,212.125,5132,False
2021-11-04 00:00:00+00:00,211.86,211.86,206.0,207.71,781494.0,207.372,5450,False
2021-11-05 00:00:00+00:00,209.52,211.15,205.71,207.1,629987.0,207.778,4890,False
2021-11-08 00:00:00+00:00,208.23,209.15,206.63,208.17,451247.0,207.739,3401,False
2021-11-09 00:00:00+00:00,206.13,207.97,205.2,207.04,612191.0,206.424,4729,False
2021-11-10 00:00:00+00:00,207.56,208.26,205.15,205.41,877249.0,206.203,5657,False
2021-11-11 00:00:00+00:00,205.55,206.82,205.03,205.6,595828.0,206.101,4679,False
2021-11-12 00:00:00+00:00,205.43,205.63,202.2,203.61,885322.0,203.342,6657,False
2021-11-15 00:00:00+00:00,204.59,205.22,203.23,204.82,781145.0,204.319,6114,False
2021-11-16 00:00:00+00:00,204.99,206.52,203.78,205.53,606937.0,205.493,4609,False
2021-11-17 00:00:00+00:00,205.09,205.39,201.44,202.46,634958.0,202.795,4514,False
2021-11-18 00:00:00+00:00,202.3,204.08,200.58,200.91,737777.0,201.274,5583,False
2021-11-19 00:00:00+00:00,198.9,199.79,195.78,199.36,822814.0,198.497,5657,False
2021-11-22 00:00:00+00:00,202.76,206.5,200.79,204.15,900512.0,204.672,6627,False
2021-11-23 00:00:00+00:00,205.88,209.22,205.0,209.09,846726.0,207.937,6919,False
2021-11-24 00:00:00+00:00,208.3,210.24,207.25,208.63,678413.0,209.135,5352,False
2021-11-26 00:00:00+00:00,201.4,201.87,196.88,200.1,755821.0,198.983,5370,False
2021-11-29 00:00:00+00:00,203.84,204.16,199.57,200.88,787465.0,201.289,6214,False
2021-11-30 00:00:00+00:00,198.71,200.26,196.06,197.0,1467039.0,197.604,9839,False
2021-12-01 00:00:00+00:00,202.02,202.38,195.32,195.45,877352.0,198.836,6581,False
2021-12-02 00:00:00+00:00,197.75,203.31,197.01,201.85,774446.0,201.182,5957,False
2021-12-03 00:00:00+00:00,201.86,202.15,196.07,197.73,814529.0,198.154,6012,False
2021-12-06 00:00:00+00:00,199.7,202.75,198.03,199.96,707748.0,200.636,5659,False
2021-12-07 00:00:00+00:00,201.64,204.44,201.04,203.3,683850.0,203.353,5246,False
2021-12-08 00:00:00+00:00,203.5,204.37,200.49,202.09,429755.0,202.017,3311,False
2021-12-09 00:00:00+00:00,200.89,202.67,199.75,200.73,573588.0,201.399,4465,False
2021-12-10 00:00:00+00:00,203.97,204.84,199.59,201.56,652989.0,201.404,4868,False
2021-12-13 00:00:00+00:00,200.15,200.19,195.94,196.21,962731.0,196.88,7055,False
2021-12-14 00:00:00+00:00,196.85,201.27,196.66,198.81,755182.0,199.462,5637,False
2021-12-15 00:00:00+00:00,199.98,200.39,196.08,198.08,664985.0,198.257,5195,False
2021-12-16 00:00:00+00:00,201.06,204.89,199.91,201.79,649650.0,202.714,4881,False
2021-12-17 00:00:00+00:00,201.51,201.58,195.04,197.24,1290302.0,198.945,6994,False
2021-12-20 00:00:00+00:00,194.37,194.39,189.26,192.55,1064826.0,190.994,7599,False
2021-12-21 00:00:00+00:00,194.41,198.7,194.26,196.87,794379.0,197.042,5676,False
2021-12-22 00:00:00+00:00,196.6,197.85,195.79,197.12,473688.0,197.233,3292,False
2021-12-23 00:00:00+00:00,198.81,200.77,197.87,197.93,341526.0,198.721,2571,False
2021-12-27 00:00:00+00:00,198.81,201.32,197.9,201.07,495198.0,200.281,3532,False
2021-12-28 00:00:00+00:00,200.3,202.68,200.19,201.17,328255.0,201.294,2491,False
2021-12-29 00:00:00+00:00,201.74,202.42,200.41,201.24,319823.0,201.709,2355,False
2021-12-30 00:00:00+00:00,201.89,203.17,200.83,201.0,359821.0,201.696,2705,False
2021-12-31 00:00:00+00:00,200.43,201.9,200.34,200.52,424899.0,201.006,3330,False
2022-01-03 00:00:00+00:00,204.6,208.52,203.01,208.22,1099247.0,207.043,8157,False
2022-01-04 00:00:00+00:00,210.18,218.84,210.18,215.89,1427798.0,216.359,7805,False
2022-01-05 00:00:00+00:00,216.74,218.36,212.23,212.39,1600937.0,215.219,9126,False
2022-01-06 00:00:00+00:00,218.34,220.69,214.75,220.57,1529175.0,217.951,8680,False
2022-01-07 00:00:00+00:00,220.52,224.52,220.07,223.73,1051644.0,223.427,8309,False
2022-01-10 00:00:00+00:00,226.38,226.39,220.87,222.45,1102664.0,222.209,7913,False
2022-01-11 00:00:00+00:00,223.44,224.53,220.56,223.84,1630486.0,222.948,8035,False
2022-01-12 00:00:00+00:00,225.0,226.52,222.19,224.93,786960.0,225.062,5173,False
2022-01-13 00:00:00+00:00,225.7,228.15,225.7,226.45,1008820.0,227.129,6209,False
2022-01-14 00:00:00+00:00,221.37,224.57,220.07,222.2,1794157.0,222.471,13337,False
2022-01-18 00:00:00+00:00,223.02,224.08,215.53,216.88,1665274.0,217.501,12641,False
2022-01-19 00:00:00+00:00,219.0,219.0,208.4,208.52,1234170.0,211.227,8870,False
2022-01-20 00:00:00+00:00,208.0,211.72,206.39,206.9,1357133.0,209.478,9640,False
2022-01-21 00:00:00+00:00,206.19,206.41,199.4,200.96,1613891.0,202.546,11882,False
2022-01-24 00:00:00+00:00,196.55,204.86,194.46,204.11,1527796.0,198.804,11060,False
2022-01-25 00:00:00+00:00,202.35,206.28,199.08,204.2,848544.0,203.4,6761,False
2022-01-26 00:00:00+00:00,206.82,208.92,202.75,206.01,906260.0,206.237,6854,False
2022-01-27 00:00:00+00:00,208.67,210.42,202.68,204.96,883636.0,205.58,6543,False
2022-01-28 00:00:00+00:00,204.11,208.41,202.72,208.22,1017247.0,206.135,7467,False
2022-01-31 00:00:00+00:00,205.92,207.58,203.41,205.99,1162054.0,206.176,7761,False
2022-02-01 00:00:00+00:00,205.83,209.98,204.44,209.74,1424321.0,206.832,10541,False
2022-02-02 00:00:00+00:00,209.24,211.42,207.26,210.87,705288.0,209.722,4867,False
2022-02-03 00:00:00+00:00,211.76,212.57,207.75,208.01,846786.0,209.853,5947,False
2022-02-04 00:00:00+00:00,209.29,212.15,208.93,210.35,1216192.0,210.687,9004,False
2022-02-07 00:00:00+00:00,211.16,211.93,209.51,209.7,1544923.0,210.281,10746,False
2022-02-08 00:00:00+00:00,212.14,213.18,210.5,211.36,1344222.0,211.751,9572,False
2022-02-09 00:00:00+00:00,212.23,212.68,209.98,210.76,1224844.0,211.062,8331,False
2022-02-10 00:00:00+00:00,210.64,214.5,209.79,210.63,783118.0,212.183,5677,False
2022-02-11 00:00:00+00:00,209.02,212.75,206.16,207.36,1179264.0,209.69,7220,False
2022-02-14 00:00:00+00:00,208.36,208.94,201.99,204.57,1913041.0,204.502,13197,False
2022-02-15 00:00:00+00:00,207.02,208.22,205.61,207.19,2011737.0,206.781,11814,False
2022-02-16 00:00:00+00:00,205.84,209.91,205.84,208.59,640226.0,208.449,5042,False
2022-02-17 00:00:00+00:00,206.46,206.99,201.12,201.3,938231.0,203.093,7247,False
2022-02-18 00:00:00+00:00,200.49,203.92,200.47,201.17,747541.0,201.807,5705,False
2022-02-22 00:00:00+00:00,201.94,205.74,200.57,203.08,1381609.0,203.357,10509,False
2022-02-23 00:00:00+00:00,203.5,205.7,198.04,199.01,1063431.0,200.972,8044,False
2022-02-24 00:00:00+00:00,192.0,196.09,189.64,195.61,1338090.0,192.476,10416,False
2022-02-25 00:00:00+00:00,197.58,203.66,197.13,202.67,888431.0,201.57,6930,False
2022-02-28 00:00:00+00:00,196.53,199.58,196.29,199.25,1126491.0,198.379,8747,False
2022-03-01 00:00:00+00:00,197.59,198.4,186.56,187.19,1852480.0,189.326,14102,False
2022-03-02 00:00:00+00:00,190.0,195.11,189.46,193.7,1358527.0,193.524,10296,False
2022-03-03 00:00:00+00:00,193.5,195.32,190.61,191.59,1599802.0,191.959,11742,False
2022-03-04 00:00:00+00:00,186.57,187.99,182.11,184.87,1438701.0,184.122,11086,False
2022-03-07 00:00:00+00:00,183.68,184.61,178.67,178.7,1725746.0,181.241,14048,False
2022-03-08 00:00:00+00:00,182.33,187.0,180.0,181.6,1793199.0,183.287,12493,False
2022-03-09 00:00:00+00:00,188.6,190.15,185.85,186.75,867797.0,187.704,6248,False
2022-03-10 00:00:00+00:00,184.08,185.55,182.1,184.96,1302009.0,184.012,9214,False
2022-03-11 00:00:00+00:00,186.13,188.26,181.89,182.15,1259209.0,184.046,9908,False
2022-03-14 00:00:00+00:00,183.79,186.52,182.19,183.36,1210719.0,184.051,9218,False
2022-03-15 00:00:00+00:00,185.37,186.27,182.48,185.24,1064166.0,184.453,7947,False
2022-03-16 00:00:00+00:00,188.4,192.84,187.41,192.39,954257.0,191.168,7754,False
2022-03-17 00:00:00+00:00,189.25,193.09,187.32,193.07,963800.0,190.92,7587,False
2022-03-18 00:00:00+00:00,194.92,195.0,188.97,192.97,1400577.0,192.599,8220,False
2022-03-21 00:00:00+00:00,194.93,195.43,190.73,193.01,738028.0,192.501,6059,False
2022-03-22 00:00:00+00:00,196.27,199.43,195.38,197.37,999925.0,197.903,7974,False
2022-03-23 00:00:00+00:00,194.89,197.2,192.61,192.67,645592.0,194.365,4692,False
2022-03-24 00:00:00+00:00,193.93,194.66,192.06,193.25,587482.0,193.253,4717,False
2022-03-25 00:00:00+00:00,193.65,197.41,193.26,196.47,724507.0,195.859,5572,False
2022-03-28 00:00:00+00:00,194.74,195.1,191.56,194.71,823280.0,193.253,6129,False
2022-03-29 00:00:00+00:00,197.9,198.98,193.39,194.06,705518.0,194.777,5537,False
2022-03-30 00:00:00+00:00,194.04,194.39,189.21,190.73,1043833.0,190.731,7751,False
2022-03-31 00:00:00+00:00,190.16,191.78,184.34,184.45,1469494.0,187.104,11528,False
2022-04-01 00:00:00+00:00,184.24,185.89,180.21,181.14,1185975.0,182.036,8702,False
2022-04-04 00:00:00+00:00,180.23,184.66,177.53,182.81,1163285.0,182.238,9003,False
2022-04-05 00:00:00+00:00,181.61,185.23,181.21,182.39,829043.0,183.257,6580,False
2022-04-06 00:00:00+00:00,180.83,182.47,180.15,180.96,1048148.0,181.23,7673,False
2022-04-07 00:00:00+00:00,181.05,182.55,177.32,181.38,1389854.0,180.1,10340,False
2022-04-08 00:00:00+00:00,183.2,185.16,181.94,184.7,1319456.0,184.271,9998,False
2022-04-11 00:00:00+00:00,184.57,188.59,183.66,183.98,1546479.0,185.408,10658,False
2022-04-12 00:00:00+00:00,182.25,184.03,178.56,179.75,899182.0,181.091,6689,False
2022-04-13 00:00:00+00:00,177.75,180.15,176.97,178.44,1386789.0,178.206,10068,False
2022-04-14 00:00:00+00:00,178.87,180.72,174.26,175.0,2244062.0,176.166,16156,False
2022-04-18 00:00:00+00:00,173.95,177.31,173.95,175.75,1338030.0,175.507,9554,False
2022-04-19 00:00:00+00:00,176.81,178.62,175.98,178.05,1573329.0,177.903,12085,False
2022-04-20 00:00:00+00:00,180.39,183.19,179.51,179.64,972651.0,181.134,7590,False
2022-04-21 00:00:00+00:00,180.95,183.11,176.91,177.58,1049840.0,179.586,7983,False
2022-04-22 00:00:00+00:00,177.91,178.33,173.07,173.25,1331263.0,175.221,9378,False
2022-04-25 00:00:00+00:00,171.84,172.77,168.03,172.5,1541986.0,170.408,11375,False
2022-04-26 00:00:00+00:00,170.14,172.54,168.96,169.46,1247633.0,170.428,9075,False
2022-04-27 00:00:00+00:00,168.82,171.74,168.05,170.43,1330621.0,170.551,10232,False
2022-04-28 00:00:00+00:00,171.8,171.95,168.33,171.08,1578713.0,170.212,12437,False
2022-04-29 00:00:00+00:00,170.7,172.15,165.59,166.1,1829940.0,169.216,12115,False
2022-05-02 00:00:00+00:00,168.4,169.1,164.09,167.54,1395004.0,166.711,9609,False
2022-05-03 00:00:00+00:00,169.12,171.6,168.03,169.66,1280373.0,169.858,10309,False
2022-05-04 00:00:00+00:00,169.52,174.28,168.52,173.72,1219060.0,171.562,9870,False
2022-05-05 00:00:00+00:00,171.47,171.79,166.33,168.87,986667.0,168.556,7380,False
2022-05-06 00:00:00+00:00,168.46,168.83,164.59,166.62,1420007.0,166.481,10802,False
2022-05-09 00:00:00+00:00,164.57,165.62,162.7,163.67,1045879.0,164.106,7650,False
2022-05-10 00:00:00+00:00,164.71,166.23,159.62,161.84,1000384.0,162.013,8142,False
2022-05-11 00:00:00+00:00,162.54,166.55,159.65,159.83,769410.0,162.534,5877,False
2022-05-12 00:00:00+00:00,158.88,160.52,156.2,159.3,943808.0,158.137,6695,False
2022-05-13 00:00:00+00:00,161.05,161.45,156.75,157.44,1159395.0,158.417,8132,False
2022-05-16 00:00:00+00:00,157.08,157.75,153.12,155.27,1152650.0,155.003,9154,False
2022-05-17 00:00:00+00:00,158.18,161.23,157.67,160.43,925040.0,159.441,7396,False
2022-05-18 00:00:00+00:00,159.11,159.53,155.35,155.93,985519.0,156.652,7363,False
2022-05-19 00:00:00+00:00,154.14,156.1,152.69,154.75,978516.0,154.511,7515,False
2022-05-20 00:00:00+00:00,155.57,157.16,152.35,155.98,933796.0,154.697,7016,False
2022-05-23 00:00:00+00:00,158.82,163.62,158.51,162.17,997178.0,162.013,7608,False
2022-05-24 00:00:00+00:00,161.7,163.82,158.71,163.26,1208031.0,161.595,9011,False
2022-05-25 00:00:00+00:00,162.86,169.16,162.83,167.63,1482891.0,166.552,11093,False
2022-05-26 00:00:00+00:00,168.9,174.35,168.47,172.95,1333943.0,173.265,10584,False
2022-05-27 00:00:00+00:00,172.76,175.06,172.56,175.05,716355.0,173.884,5649,False
2022-05-31 00:00:00+00:00,172.53,176.47,172.18,175.41,891146.0,174.474,6484,False
2022-06-01 00:00:00+00:00,175.84,176.0,170.14,172.44,672890.0,172.542,5150,False
2022-06-02 00:00:00+00:00,172.41,175.56,170.96,175.51,732213.0,174.0,5706,False
2022-06-03 00:00:00+00:00,173.58,175.25,172.81,173.3,615812.0,173.962,5045,False
2022-06-06 00:00:00+00:00,174.99,176.33,172.82,173.08,412165.0,174.142,3101,False
2022-06-07 00:00:00+00:00,170.82,173.35,170.72,173.2,465552.0,172.389,3391,False
2022-06-08 00:00:00+00:00,171.71,171.71,168.89,169.9,547308.0,170.154,4197,False
2022-06-09 00:00:00+00:00,169.15,169.49,162.94,163.0,1055485.0,165.222,8251,False
2022-06-10 00:00:00+00:00,158.87,161.7,157.41,158.33,1182075.0,158.607,8538,False
2022-06-13 00:00:00+00:00,154.39,158.68,154.06,155.53,1719632.0,156.624,12714,False
2022-06-14 00:00:00+00:00,156.13,159.41,154.28,155.66,1091386.0,156.571,8636,False
2022-06-15 00:00:00+00:00,156.68,159.02,154.56,156.51,909534.0,156.914,7095,False
2022-06-16 00:00:00+00:00,153.74,153.93,150.67,151.48,2035555.0,151.882,13384,False
2022-06-17 00:00:00+00:00,150.0,155.46,149.51,154.09,2477880.0,153.494,15085,False
2022-06-21 00:00:00+00:00,157.62,158.7,155.47,156.49,955821.0,156.55,6975,False
2022-06-22 00:00:00+00:00,154.9,158.04,154.8,156.61,971312.0,156.804,6596,False
2022-06-23 00:00:00+00:00,155.63,156.48,153.16,155.8,1360271.0,154.637,8808,False
2022-06-24 00:00:00+00:00,156.91,162.95,156.52,162.84,1154787.0,161.841,8806,False
2022-06-27 00:00:00+00:00,164.0,164.45,160.46,161.45,746933.0,161.636,5936,False
2022-06-28 00:00:00+00:00,162.57,164.95,159.73,159.75,854249.0,161.557,6811,False
2022-06-29 00:00:00+00:00,160.25,160.25,157.07,157.37,525836.0,158.0,4294,False
2022-06-30 00:00:00+00:00,154.03,159.46,152.54,157.77,1146975.0,157.062,8189,False
2022-07-01 00:00:00+00:00,157.27,161.51,155.2,161.3,1223840.0,158.95,9614,False
2022-07-05 00:00:00+00:00,158.0,161.15,155.68,161.09,692809.0,158.766,5493,False
2022-07-06 00:00:00+00:00,160.09,161.49,158.53,160.03,897387.0,159.954,7163,False
2022-07-07 00:00:00+00:00,161.09,162.94,160.5,162.31,771428.0,162.227,6325,False
2022-07-08 00:00:00+00:00,162.98,163.68,160.54,161.38,827313.0,161.818,6456,False
2022-07-11 00:00:00+00:00,160.95,161.58,158.88,160.22,1071416.0,160.292,7231,False
2022-07-12 00:00:00+00:00,158.0,160.45,156.18,157.09,739527.0,158.513,5910,False
2022-07-13 00:00:00+00:00,155.14,155.89,151.42,154.31,1263591.0,153.507,9869,False
2022-07-14 00:00:00+00:00,150.57,151.93,149.51,150.96,1036734.0,150.809,8070,False
2022-07-15 00:00:00+00:00,148.0,154.15,146.39,153.42,3119641.0,151.442,19663,False
2022-07-18 00:00:00+00:00,156.03,159.21,153.38,154.67,1282228.0,155.105,10150,False
2022-07-19 00:00:00+00:00,156.85,160.82,156.33,160.19,1107355.0,159.189,8897,False
2022-07-20 00:00:00+00:00,158.99,160.61,157.88,160.15,918038.0,159.719,7370,False
2022-07-21 00:00:00+00:00,159.39,161.74,158.97,161.61,763703.0,160.719,5732,False
2022-07-22 00:00:00+00:00,161.86,163.78,160.9,161.76,808265.0,161.952,6256,False
2022-07-25 00:00:00+00:00,163.32,165.58,162.24,164.7,728463.0,164.353,5521,False
2022-07-26 00:00:00+00:00,163.44,166.18,161.65,161.72,920125.0,163.348,7176,False
2022-07-27 00:00:00+00:00,162.37,164.47,161.52,163.0,1353725.0,162.832,10535,False
2022-07-28 00:00:00+00:00,162.77,163.85,160.57,162.9,922331.0,162.516,7205,False
2022-07-29 00:00:00+00:00,163.5,166.57,163.24,165.94,680777.0,165.679,5184,False
2022-08-01 00:00:00+00:00,163.88,166.29,162.49,166.06,603334.0,165.252,4770,False
2022-08-02 00:00:00+00:00,165.53,165.72,163.24,163.31,651996.0,164.533,4886,False
2022-08-03 00:00:00+00:00,164.69,166.3,163.4,165.35,516464.0,164.953,4089,False
2022-08-04 00:00:00+00:00,164.87,165.82,163.41,164.08,812245.0,164.41,5462,False
2022-08-05 00:00:00+00:00,163.56,168.09,163.56,167.04,859388.0,166.913,6795,False
2022-08-08 00:00:00+00:00,168.29,168.84,165.87,166.04,476268.0,166.84,3575,False
2022-08-09 00:00:00+00:00,166.06,167.0,165.26,165.92,451309.0,166.017,3377,False
2022-08-10 00:00:00+00:00,168.24,170.92,167.51,169.46,1312938.0,169.657,9020,False
2022-08-11 00:00:00+00:00,171.29,172.6,170.58,171.94,910835.0,171.61,4979,False
2022-08-12 00:00:00+00:00,173.03,174.64,171.77,174.63,586798.0,173.664,4578,False
2022-08-15 00:00:00+00:00,172.97,174.44,172.35,173.93,459638.0,173.573,3330,False
2022-08-16 00:00:00+00:00,173.15,176.34,173.15,175.04,422486.0,175.08,2933,False
2022-08-17 00:00:00+00:00,172.79,174.32,172.43,173.34,429722.0,173.333,3440,False
2022-08-18 00:00:00+00:00,173.89,173.91,172.3,173.5,349975.0,173.163,2787,False
2022-08-19 00:00:00+00:00,172.02,172.73,169.95,170.79,667879.0,170.964,4605,False
2022-08-22 00:00:00+00:00,168.89,168.89,166.06,166.46,658680.0,167.1,4734,False
2022-08-23 00:00:00+00:00,166.73,167.94,166.33,166.49,404978.0,167.001,3139,False
2022-08-24 00:00:00+00:00,165.88,167.68,165.32,167.4,762517.0,166.783,5710,False
2022-08-25 00:00:00+00:00,167.68,170.0,167.16,168.9,947324.0,168.815,5917,False
2022-08-26 00:00:00+00:00,169.45,169.84,162.03,162.19,864326.0,164.663,6197,False
2022-08-29 00:00:00+00:00,161.26,161.74,159.16,160.12,933421.0,160.587,6475,False
2022-08-30 00:00:00+00:00,160.94,160.94,158.44,159.3,891867.0,159.496,7044,False
2022-08-31 00:00:00+00:00,160.1,160.42,157.96,158.0,1225542.0,158.805,8767,False
2022-09-01 00:00:00+00:00,157.57,158.56,155.75,158.45,976961.0,157.524,7120,False
2022-09-02 00:00:00+00:00,160.48,162.0,156.66,157.25,813071.0,159.494,6221,False
2022-09-06 00:00:00+00:00,158.42,158.42,154.15,156.37,1024236.0,155.88,6604,False
2022-09-07 00:00:00+00:00,155.13,160.18,154.95,159.61,1126875.0,158.608,7804,False
2022-09-08 00:00:00+00:00,158.87,163.02,157.97,162.85,898925.0,162.015,6535,False
2022-09-09 00:00:00+00:00,163.66,165.19,163.01,164.34,1224343.0,164.479,8397,False
2022-09-12 00:00:00+00:00,165.45,167.24,165.12,166.28,1399787.0,166.069,7365,False
2022-09-13 00:00:00+00:00,162.82,163.81,160.04,160.85,1086375.0,161.692,8314,False
2022-09-14 00:00:00+00:00,161.73,162.91,159.33,162.41,1089521.0,161.448,8580,False
2022-09-15 00:00:00+00:00,163.13,166.89,162.69,165.05,768829.0,165.197,6149,False
2022-09-16 00:00:00+00:00,163.27,164.17,161.32,163.83,1038762.0,163.084,5882,False
2022-09-19 00:00:00+00:00,161.73,165.67,161.07,165.31,617891.0,164.501,4728,False
2022-09-20 00:00:00+00:00,164.05,164.81,162.43,163.83,709306.0,163.745,5737,False
2022-09-21 00:00:00+00:00,163.8,164.5,158.42,158.45,924644.0,161.729,7221,False
2022-09-22 00:00:00+00:00,159.49,159.49,154.43,154.67,833628.0,155.592,6686,False
2022-09-23 00:00:00+00:00,152.71,153.61,149.9,151.92,811259.0,151.426,6150,False
2022-09-26 00:00:00+00:00,150.81,152.3,148.34,148.74,972492.0,149.712,7271,False
2022-09-27 00:00:00+00:00,150.39,151.0,147.1,148.03,1135504.0,148.454,8259,False
2022-09-28 00:00:00+00:00,148.16,152.46,148.15,151.59,870519.0,150.922,6711,False
2022-09-29 00:00:00+00:00,149.68,151.61,148.61,150.73,762059.0,150.226,5945,False
2022-09-30 00:00:00+00:00,150.75,153.69,149.22,149.42,942329.0,151.075,7515,False
2022-10-03 00:00:00+00:00,151.8,155.0,149.07,153.8,957325.0,153.602,7258,False
2022-10-04 00:00:00+00:00,156.16,160.74,156.11,160.64,1095974.0,159.609,8854,False
2022-10-05 00:00:00+00:00,158.0,159.98,157.52,159.23,556852.0,158.93,4147,False
2022-10-06 00:00:00+00:00,158.09,159.0,155.35,155.71,714744.0,156.576,5586,False
2022-10-07 00:00:00+00:00,154.52,154.76,150.74,151.34,779738.0,151.967,5950,False
2022-10-10 00:00:00+00:00,152.44,153.43,149.95,150.85,670848.0,151.428,5038,False
2022-10-11 00:00:00+00:00,149.89,150.78,147.19,147.68,889549.0,148.814,7318,False
2022-10-12 00:00:00+00:00,147.0,148.28,145.77,146.12,870379.0,146.941,6681,False
2022-10-13 00:00:00+00:00,143.86,154.07,143.52,152.97,1499944.0,151.271,11869,False
2022-10-14 00:00:00+00:00,150.0,154.89,148.81,149.7,2859749.0,150.174,21678,False
2022-10-17 00:00:00+00:00,153.34,156.47,152.17,155.85,1661258.0,154.814,13267,False
2022-10-18 00:00:00+00:00,159.71,159.85,154.65,156.16,1189622.0,156.529,9126,False
2022-10-19 00:00:00+00:00,154.79,156.81,150.95,151.7,874729.0,152.892,6944,False
2022-10-20 00:00:00+00:00,150.53,152.97,147.07,147.98,997162.0,149.155,7419,False
2022-10-21 00:00:00+00:00,147.49,156.67,146.89,156.37,1538905.0,153.653,11212,False
2022-10-24 00:00:00+00:00,157.25,161.21,156.53,160.44,1165594.0,160.119,8637,False
2022-10-25 00:00:00+00:00,159.17,164.16,159.03,163.22,1128943.0,163.025,8958,False
2022-10-26 00:00:00+00:00,163.88,164.85,161.62,161.72,1128740.0,162.846,9021,False
2022-10-27 00:00:00+00:00,163.53,164.94,160.79,161.0,963900.0,162.441,7548,False
2022-10-28 00:00:00+00:00,161.92,163.3,160.53,162.87,1204100.0,162.207,9226,False
2022-10-31 00:00:00+00:00,162.22,163.25,161.45,161.83,1145000.0,162.224,8428,False
2022-11-01 00:00:00+00:00,162.92,163.4,160.81,161.81,831664.0,161.875,6175,False
2022-11-02 00:00:00+00:00,161.14,163.38,158.62,158.73,1383481.0,160.942,10633,False
2022-11-03 00:00:00+00:00,157.0,157.59,152.94,153.31,1562540.0,154.728,10905,False
2022-11-04 00:00:00+00:00,155.37,157.28,153.23,156.5,2384759.0,155.582,15478,False
2022-11-07 00:00:00+00:00,158.26,159.18,155.71,156.7,1336924.0,157.13,9308,False
2022-11-08 00:00:00+00:00,156.64,160.16,156.14,158.66,2198799.0,158.747,13227,False
2022-11-09 00:00:00+00:00,157.11,157.68,154.11,155.55,1585844.0,155.526,10983,False
2022-11-10 00:00:00+00:00,160.35,164.47,159.68,163.85,1626391.0,163.027,12180,False
2022-11-11 00:00:00+00:00,164.94,167.5,164.16,165.76,1694985.0,166.2,13618,False
2022-11-14 00:00:00+00:00,165.55,165.9,163.22,163.29,1484242.0,164.868,11613,False
2022-11-15 00:00:00+00:00,164.65,167.63,161.48,164.14,1230003.0,164.033,9610,False
2022-11-16 00:00:00+00:00,164.17,164.59,161.52,161.65,996235.0,162.669,8082,False
2022-11-17 00:00:00+00:00,159.09,159.85,157.39,158.8,975147.0,158.581,8024,False
2022-11-18 00:00:00+00:00,161.34,161.72,159.85,161.16,996326.0,160.959,7742,False
2022-11-21 00:00:00+00:00,161.0,163.34,160.22,162.66,539341.0,162.447,4165,False
2022-11-22 00:00:00+00:00,164.13,165.5,163.8,164.98,750522.0,164.683,6091,False
2022-11-23 00:00:00+00:00,164.75,166.89,164.5,166.5,672931.0,166.168,5263,False
2022-11-25 00:00:00+00:00,167.96,168.82,167.04,167.65,311993.0,168.055,2369,False
2022-11-28 00:00:00+00:00,166.04,166.77,162.29,162.61,686717.0,163.602,5293,False
2022-11-29 00:00:00+00:00,162.93,164.87,162.26,164.37,510243.0,163.965,3903,False
2022-11-30 00:00:00+00:00,163.78,168.54,159.78,168.26,1199900.0,165.245,8141,False
2022-12-01 00:00:00+00:00,169.55,170.28,164.38,164.8,837927.0,165.609,6639,False
2022-12-02 00:00:00+00:00,162.72,164.6,162.23,164.23,751859.0,163.716,5827,False
2022-12-05 00:00:00+00:00,162.77,162.84,152.58,153.11,2107568.0,154.731,15432,False
2022-12-06 00:00:00+00:00,152.99,153.79,149.69,151.86,1482797.0,150.934,10936,False
2022-12-07 00:00:00+00:00,151.1,156.33,150.52,155.1,1311143.0,154.686,9450,False
2022-12-08 00:00:00+00:00,155.85,157.02,153.61,154.34,911657.0,155.078,6574,False
2022-12-09 00:00:00+00:00,153.62,155.86,153.07,154.08,870484.0,154.836,6612,False
2022-12-12 00:00:00+00:00,154.59,156.76,152.13,156.7,1044444.0,154.972,7710,False
2022-12-13 00:00:00+00:00,160.73,161.08,153.03,154.03,1026310.0,155.279,7781,False
2022-12-14 00:00:00+00:00,153.37,154.67,149.2,149.62,1483321.0,151.66,10907,False
2022-12-15 00:00:00+00:00,147.5,150.41,147.07,150.18,1562580.0,149.255,11336,False
2022-12-16 00:00:00+00:00,148.86,150.89,148.05,150.39,2092517.0,149.483,13260,False
2022-12-19 00:00:00+00:00,150.27,152.54,148.94,150.16,970306.0,150.643,6976,False
2022-12-20 00:00:00+00:00,150.48,153.69,150.35,151.68,1093333.0,152.424,8378,False
2022-12-21 00:00:00+00:00,153.65,155.49,153.25,153.9,771198.0,154.199,6049,False
2022-12-22 00:00:00+00:00,153.17,154.54,151.09,154.29,851136.0,152.918,5795,False
2022-12-23 00:00:00+00:00,154.23,156.15,154.18,155.02,541701.0,155.145,3970,False
2022-12-27 00:00:00+00:00,155.36,156.64,154.33,155.96,368641.0,155.81,2545,False
2022-12-28 00:00:00+00:00,156.32,157.03,155.34,155.86,495104.0,156.172,3831,False
2022-12-29 00:00:00+00:00,156.25,158.05,155.61,157.83,507510.0,157.293,3817,False
2022-12-30 00:00:00+00:00,157.24,158.57,156.22,157.94,428756.0,157.756,3124,False
2023-01-03 00:00:00+00:00,159.65,161.6,157.67,159.52,861045.0,159.744,6027,False
2023-01-04 00:00:00+00:00,161.6,166.1,160.65,163.73,846420.0,163.893,6559,False
2023-01-05 00:00:00+00:00,160.96,161.64,157.31,159.37,1059534.0,159.255,7724,False
2023-01-06 00:00:00+00:00,162.5,164.79,158.91,164.21,1199690.0,162.45,8133,False
2023-01-09 00:00:00+00:00,164.95,166.86,163.09,164.28,1380062.0,165.364,9481,False
2023-01-10 00:00:00+00:00,163.49,165.05,162.46,164.94,1302229.0,164.177,8738,False
2023-01-11 00:00:00+00:00,165.12,166.69,165.04,165.84,1561554.0,165.858,9754,False
2023-01-12 00:00:00+00:00,167.0,169.07,166.64,168.82,1244954.0,168.391,9090,False
2023-01-13 00:00:00+00:00,164.75,165.26,161.36,164.0,2778246.0,163.052,18132,False
2023-01-17 00:00:00+00:00,163.13,163.55,161.16,161.85,2139103.0,162.041,14995,False
2023-01-18 00:00:00+00:00,152.49,155.21,149.58,152.07,4629817.0,152.992,28691,False
2023-01-19 00:00:00+00:00,150.5,150.88,147.1,148.02,3508899.0,148.442,23760,False
2023-01-20 00:00:00+00:00,148.44,155.11,147.31,154.87,2344164.0,151.804,15697,False
2023-01-23 00:00:00+00:00,155.22,160.99,154.55,159.34,1411927.0,158.755,10529,False
2023-01-24 00:00:00+00:00,159.73,159.73,157.49,158.42,922812.0,158.669,7082,False
2023-01-25 00:00:00+00:00,157.22,160.72,156.63,160.18,1387709.0,158.781,8736,False
2023-01-26 00:00:00+00:00,161.02,161.99,159.31,161.93,748558.0,160.92,5540,False
2023-01-27 00:00:00+00:00,161.99,165.09,161.95,163.17,1188481.0,163.813,8999,False
2023-01-30 00:00:00+00:00,162.19,163.45,162.05,162.86,1143526.0,162.735,8185,False
2023-01-31 00:00:00+00:00,163.0,165.44,161.78,165.43,1078012.0,163.991,8117,False
2023-02-01 00:00:00+00:00,163.85,166.57,162.17,164.79,1093582.0,164.645,8398,False
2023-02-02 00:00:00+00:00,165.5,166.81,163.11,166.17,1126254.0,165.289,8369,False
2023-02-03 00:00:00+00:00,164.7,167.12,164.1,165.39,696413.0,165.659,5422,False
2023-02-06 00:00:00+00:00,164.07,164.7,162.58,163.0,916897.0,163.407,6968,False
2023-02-07 00:00:00+00:00,162.45,164.0,160.33,162.94,2781718.0,162.566,19483,False
2023-02-08 00:00:00+00:00,161.06,163.14,160.76,161.56,1106273.0,162.008,7440,False
2023-02-09 00:00:00+00:00,162.35,162.7,158.28,158.88,1000323.0,160.169,7295,False
2023-02-10 00:00:00+00:00,158.21,159.34,157.59,159.34,1146609.0,158.642,7479,False
2023-02-13 00:00:00+00:00,159.03,161.33,158.29,160.98,539250.0,160.621,4143,False
2023-02-14 00:00:00+00:00,160.36,161.7,159.11,161.13,527796.0,160.827,4172,False
2023-02-15 00:00:00+00:00,159.49,161.78,159.08,160.0,1023564.0,160.571,7117,False
2023-02-16 00:00:00+00:00,158.52,159.94,157.92,158.3,1066192.0,159.009,7157,False
2023-02-17 00:00:00+00:00,158.0,158.74,156.92,158.59,1026647.0,158.011,7734,False
2023-02-21 00:00:00+00:00,156.86,157.53,154.96,155.48,1011999.0,156.177,7269,False
2023-02-22 00:00:00+00:00,155.24,156.67,154.81,156.3,1491588.0,155.85,8413,False
2023-02-23 00:00:00+00:00,157.87,158.67,155.6,158.1,1255934.0,157.291,9842,False
2023-02-24 00:00:00+00:00,156.51,158.74,155.27,158.49,814532.0,157.48,6492,False
2023-02-27 00:00:00+00:00,160.07,161.15,157.29,157.7,842940.0,158.691,6334,False
2023-02-28 00:00:00+00:00,158.56,158.88,157.41,157.92,1225736.0,158.205,9321,False
2023-03-01 00:00:00+00:00,156.98,157.31,154.29,155.21,1459669.0,155.564,10631,False
2023-03-02 00:00:00+00:00,153.85,154.3,148.54,150.24,2215662.0,150.308,15852,False
2023-03-03 00:00:00+00:00,151.61,153.48,151.11,152.89,1558008.0,152.802,10297,False
2023-03-06 00:00:00+00:00,153.88,155.34,152.63,152.68,1559366.0,153.456,11761,False
2023-03-07 00:00:00+00:00,151.32,151.65,145.15,145.72,1909142.0,147.106,13737,False
2023-03-08 00:00:00+00:00,145.17,146.32,144.22,145.13,1597080.0,145.101,12332,False
2023-03-09 00:00:00+00:00,143.98,143.98,137.46,137.87,2468506.0,140.096,16809,False
2023-03-10 00:00:00+00:00,134.21,141.64,132.3,137.16,4306614.0,136.749,31210,False
2023-03-13 00:00:00+00:00,129.05,132.97,124.21,130.06,9889844.0,129.113,59691,False
2023-03-14 00:00:00+00:00,137.5,138.7,126.94,130.53,5099707.0,131.212,32506,False
2023-03-15 00:00:00+00:00,126.09,126.62,122.72,125.05,5008390.0,125.187,30552,False
2023-03-16 00:00:00+00:00,124.5,131.6,120.95,130.12,5308364.0,128.144,34773,False
2023-03-17 00:00:00+00:00,127.79,128.3,122.31,123.72,3917281.0,124.2,24319,False
2023-03-20 00:00:00+00:00,126.11,130.45,124.92,127.35,3143663.0,128.218,19261,False
2023-03-21 00:00:00+00:00,131.5,132.58,129.71,131.62,2661018.0,131.288,17144,False
2023-03-22 00:00:00+00:00,130.58,131.08,124.39,124.4,2837967.0,127.824,18549,False
2023-03-23 00:00:00+00:00,125.58,126.11,121.57,122.13,4127131.0,123.296,26268,False
2023-03-24 00:00:00+00:00,120.0,124.17,119.27,124.15,2587750.0,121.972,17605,False
2023-03-27 00:00:00+00:00,128.72,129.57,124.25,125.02,2269226.0,125.79,13704,False
2023-03-28 00:00:00+00:00,124.48,126.97,124.0,126.86,1810080.0,125.983,11157,False
2023-03-29 00:00:00+00:00,128.97,129.75,127.65,128.92,1594795.0,128.673,10498,False
2023-03-30 00:00:00+00:00,131.09,131.19,126.73,127.03,2110048.0,127.814,12370,False
2023-03-31 00:00:00+00:00,128.45,128.86,126.36,127.1,2119393.0,127.001,12770,False
2023-04-03 00:00:00+00:00,126.91,127.9,124.65,125.0,2430284.0,125.469,15971,False
2023-04-04 00:00:00+00:00,125.88,126.25,121.28,122.83,2336749.0,122.477,14619,False
2023-04-05 00:00:00+00:00,120.81,123.19,120.32,121.43,2393853.0,121.181,16141,False
2023-04-06 00:00:00+00:00,120.0,124.1,119.79,121.88,2053089.0,122.361,13605,False
2023-04-10 00:00:00+00:00,121.22,122.9,120.85,122.2,1558844.0,121.781,10855,False
2023-04-11 00:00:00+00:00,122.1,123.21,121.42,122.31,1640780.0,122.369,11225,False
2023-04-12 00:00:00+00:00,123.05,123.28,119.45,119.7,2810056.0,120.507,19757,False
2023-04-13 00:00:00+00:00,120.0,121.69,118.49,121.41,2985896.0,120.795,20830,False
2023-04-14 00:00:00+00:00,121.5,122.29,117.51,121.85,9019154.0,119.805,55253,False
2023-04-17 00:00:00+00:00,120.18,125.13,118.71,125.09,4088091.0,122.434,26260,False
2023-04-18 00:00:00+00:00,125.09,125.6,122.1,124.76,3054004.0,123.932,19824,False
2023-04-19 00:00:00+00:00,124.6,129.65,123.64,128.37,4105765.0,127.73,22416,False
2023-04-20 00:00:00+00:00,126.6,126.93,124.26,125.6,2354594.0,125.835,15565,False
2023-04-21 00:00:00+00:00,124.73,125.35,122.89,123.38,2192972.0,124.09,13852,False
2023-04-24 00:00:00+00:00,124.0,124.65,122.64,124.27,1524720.0,123.897,9222,False
2023-04-25 00:00:00+00:00,122.44,124.65,121.12,123.7,3420358.0,123.46,22815,False
2023-04-26 00:00:00+00:00,123.45,129.59,123.41,127.85,4566221.0,127.667,29389,False
2023-04-27 00:00:00+00:00,128.66,129.4,127.37,128.02,1999704.0,128.391,13365,False
2023-04-28 00:00:00+00:00,126.71,132.34,126.39,130.25,2499999.0,130.624,17007,False
2023-05-01 00:00:00+00:00,126.48,126.77,121.41,122.0,6221226.0,123.053,31778,False
2023-05-02 00:00:00+00:00,123.25,123.25,117.78,119.14,5948752.0,119.451,29833,False
2023-05-03 00:00:00+00:00,120.09,120.91,116.56,116.65,4121362.0,118.725,25499,False
2023-05-04 00:00:00+00:00,113.38,115.61,111.84,113.64,4633101.0,113.894,30078,False
2023-05-05 00:00:00+00:00,116.61,117.96,114.95,116.18,3073832.0,116.046,18817,False
2023-05-08 00:00:00+00:00,118.0,118.38,115.54,116.99,1873595.0,117.063,11033,False
2023-05-09 00:00:00+00:00,115.65,116.59,114.57,115.7,1976523.0,115.753,11760,False
2023-05-10 00:00:00+00:00,117.29,117.65,113.78,113.97,2003638.0,114.743,12594,False
2023-05-11 00:00:00+00:00,112.56,113.63,111.22,112.7,1585665.0,112.787,9566,False
2023-05-12 00:00:00+00:00,113.7,113.7,110.31,111.58,1344254.0,111.446,7506,False
2023-05-15 00:00:00+00:00,111.9,114.16,111.7,113.67,1580256.0,113.044,9435,False
2023-05-16 00:00:00+00:00,113.73,114.36,111.4,111.59,1339228.0,112.538,8621,False
2023-05-17 00:00:00+00:00,113.49,119.29,113.49,119.25,2957334.0,117.415,17834,False
2023-05-18 00:00:00+00:00,118.77,120.47,117.45,120.15,1980723.0,118.765,12414,False
2023-05-19 00:00:00+00:00,120.64,120.66,116.9,118.48,1513320.0,118.749,8982,False
2023-05-22 00:00:00+00:00,119.44,120.45,117.81,120.42,1011665.0,119.504,6505,False
2023-05-23 00:00:00+00:00,120.58,124.6,120.03,121.49,1695473.0,122.83,11602,False
2023-05-24 00:00:00+00:00,120.16,120.83,119.29,120.25,1252819.0,119.867,7984,False
2023-05-25 00:00:00+00:00,119.77,120.67,118.53,118.99,1046339.0,119.263,6084,False
2023-05-26 00:00:00+00:00,119.31,119.36,117.86,118.78,1040046.0,118.77,6614,False
2023-05-30 00:00:00+00:00,119.53,120.0,116.9,118.85,1117047.0,118.497,6228,False
2023-05-31 00:00:00+00:00,118.0,118.37,114.17,115.83,1415935.0,115.851,9776,False
2023-06-01 00:00:00+00:00,117.23,120.03,114.72,119.74,1702071.0,118.356,11231,False
2023-06-02 00:00:00+00:00,121.68,124.19,120.76,123.58,1460422.0,123.237,9691,False
2023-06-05 00:00:00+00:00,124.01,124.39,121.89,123.28,1454238.0,123.527,10205,False
2023-06-06 00:00:00+00:00,122.95,127.88,122.49,126.38,1491715.0,126.273,10299,False
2023-06-07 00:00:00+00:00,126.26,128.19,124.53,127.56,2042405.0,126.905,13558,False
2023-06-08 00:00:00+00:00,126.98,129.42,126.06,128.86,1725314.0,128.076,11080,False
2023-06-09 00:00:00+00:00,128.63,130.54,128.38,128.93,1407078.0,129.115,10112,False
2023-06-12 00:00:00+00:00,128.51,130.34,125.7,127.41,1707697.0,127.866,9803,False
2023-06-13 00:00:00+00:00,126.62,129.4,126.34,128.86,2182233.0,128.647,12097,False
2023-06-14 00:00:00+00:00,129.5,130.34,126.11,126.52,1111534.0,128.135,7809,False
2023-06-15 00:00:00+00:00,126.51,129.28,126.27,128.79,1219360.0,128.272,8052,False
2023-06-16 00:00:00+00:00,129.38,129.38,127.37,128.47,1588415.0,128.543,8873,False
2023-06-20 00:00:00+00:00,127.6,127.91,126.04,126.46,985174.0,126.744,6588,False
2023-06-21 00:00:00+00:00,126.35,126.8,125.27,126.66,1270390.0,126.335,7789,False
2023-06-22 00:00:00+00:00,126.55,126.94,122.98,123.44,937010.0,124.32,6025,False
2023-06-23 00:00:00+00:00,122.26,123.44,121.76,123.03,1100059.0,122.826,7201,False
2023-06-26 00:00:00+00:00,123.59,125.17,123.27,123.73,1382848.0,124.313,8422,False
2023-06-27 00:00:00+00:00,123.43,124.8,122.57,124.01,1044975.0,124.09,7256,False
2023-06-28 00:00:00+00:00,123.88,123.91,122.41,123.56,806514.0,123.277,5363,False
2023-06-29 00:00:00+00:00,124.74,126.5,124.5,125.68,1354554.0,125.408,10236,False
2023-06-30 00:00:00+00:00,126.79,127.3,124.84,125.95,1346812.0,126.071,8620,False
2023-07-03 00:00:00+00:00,126.45,128.33,126.11,127.53,762491.0,127.67,4277,False
2023-07-05 00:00:00+00:00,126.46,128.04,125.45,126.34,1174818.0,126.82,7421,False
2023-07-06 00:00:00+00:00,124.83,124.83,121.63,123.88,1305909.0,122.972,9203,False
2023-07-07 00:00:00+00:00,124.26,126.85,123.88,125.61,1278746.0,125.639,8862,False
2023-07-10 00:00:00+00:00,124.82,126.81,124.76,125.36,885407.0,125.365,6165,False
2023-07-11 00:00:00+00:00,126.15,127.67,125.75,126.49,1432845.0,126.835,9241,False
2023-07-12 00:00:00+00:00,128.45,130.45,126.96,127.23,1511894.0,128.206,10098,False
2023-07-13 00:00:00+00:00,127.88,129.98,127.5,129.79,1519058.0,128.898,9727,False
2023-07-14 00:00:00+00:00,130.0,130.32,125.63,125.79,1575872.0,127.148,10006,False
2023-07-17 00:00:00+00:00,126.26,128.52,125.8,127.16,1546739.0,127.439,10821,False
2023-07-18 00:00:00+00:00,125.01,132.32,124.4,130.35,3007586.0,129.399,19162,False
2023-07-19 00:00:00+00:00,130.22,132.58,130.16,132.37,3282760.0,131.698,15194,False
2023-07-20 00:00:00+00:00,132.26,134.13,131.14,133.99,2515207.0,133.046,13716,False
2023-07-21 00:00:00+00:00,134.58,134.98,131.96,134.26,2482150.0,134.058,12410,False
2023-07-24 00:00:00+00:00,133.87,136.94,133.43,135.6,1884485.0,135.328,10984,False
2023-07-25 00:00:00+00:00,135.96,136.07,133.32,133.54,1643010.0,134.714,10821,False
2023-07-26 00:00:00+00:00,135.11,137.03,133.32,136.01,1869006.0,135.038,13288,False
2023-07-27 00:00:00+00:00,136.87,137.04,132.8,133.12,1215164.0,134.172,7819,False
2023-07-28 00:00:00+00:00,134.56,136.08,133.02,135.5,1009042.0,135.406,6695,False
2023-07-31 00:00:00+00:00,136.12,137.21,135.14,136.89,1128892.0,136.17,7383,False
2023-08-01 00:00:00+00:00,136.21,136.7,134.22,135.43,1425949.0,135.208,9005,False
2023-08-02 00:00:00+00:00,134.12,134.62,132.73,134.12,1139572.0,133.876,8447,False
2023-08-03 00:00:00+00:00,133.82,134.13,132.43,133.02,1242507.0,133.235,9513,False
2023-08-04 00:00:00+00:00,132.85,133.72,130.71,131.46,1699242.0,132.296,12941,False
2023-08-07 00:00:00+00:00,132.24,132.87,131.46,132.4,1022862.0,132.233,6403,False
2023-08-08 00:00:00+00:00,129.08,130.15,125.27,130.05,1764125.0,128.433,11398,False
2023-08-09 00:00:00+00:00,128.83,130.0,127.29,127.35,926543.0,127.96,6014,False
2023-08-10 00:00:00+00:00,128.04,129.81,127.25,128.09,755331.0,128.484,5044,False
2023-08-11 00:00:00+00:00,127.35,129.95,127.19,129.94,623217.0,129.184,4512,False
2023-08-14 00:00:00+00:00,128.86,129.36,126.46,127.28,726037.0,127.239,5033,False
2023-08-15 00:00:00+00:00,125.44,125.74,123.2,123.6,963760.0,124.161,5991,False
2023-08-16 00:00:00+00:00,122.98,123.69,122.1,122.73,832269.0,122.957,5450,False
2023-08-17 00:00:00+00:00,123.15,124.6,122.7,123.5,801091.0,123.471,5730,False
2023-08-18 00:00:00+00:00,122.06,123.79,122.06,123.2,767016.0,123.091,5059,False
2023-08-21 00:00:00+00:00,123.67,123.97,121.52,122.93,647447.0,122.519,4273,False
2023-08-22 00:00:00+00:00,122.89,123.45,118.81,119.02,813378.0,120.279,5138,False
2023-08-23 00:00:00+00:00,118.97,119.71,118.12,119.41,861316.0,119.245,5265,False
2023-08-24 00:00:00+00:00,119.3,121.45,117.64,117.67,1850467.0,118.654,11690,False
2023-08-25 00:00:00+00:00,118.25,119.1,117.1,117.74,1025806.0,118.057,7616,False
2023-08-28 00:00:00+00:00,118.66,120.05,118.06,118.41,658331.0,118.833,4023,False
2023-08-29 00:00:00+00:00,118.72,121.2,118.43,120.59,747579.0,120.214,4524,False
2023-08-30 00:00:00+00:00,120.37,120.95,119.72,120.48,608637.0,120.457,4427,False
2023-08-31 00:00:00+00:00,121.03,122.42,119.99,120.73,946930.0,121.023,5677,False
2023-09-01 00:00:00+00:00,121.71,123.4,120.86,122.22,605740.0,122.399,4136,False
2023-09-05 00:00:00+00:00,121.73,123.22,120.41,120.49,723299.0,121.107,4538,False
2023-09-06 00:00:00+00:00,120.0,120.16,117.53,118.36,998931.0,118.55,6491,False
2023-09-07 00:00:00+00:00,117.0,118.59,115.72,115.77,1044630.0,116.62,6465,False
2023-09-08 00:00:00+00:00,116.32,117.13,115.02,116.93,1308644.0,116.608,7640,False
2023-09-11 00:00:00+00:00,118.09,119.42,117.64,118.02,630344.0,118.269,3946,False
2023-09-12 00:00:00+00:00,118.18,125.2,118.0,124.85,3247047.0,123.288,18740,False
2023-09-13 00:00:00+00:00,126.0,126.64,122.85,123.61,1642966.0,124.14,10781,False
2023-09-14 00:00:00+00:00,124.8,127.37,124.8,126.97,1343030.0,126.652,9108,False
2023-09-15 00:00:00+00:00,126.02,127.44,125.69,126.35,1707090.0,126.228,8437,False
2023-09-18 00:00:00+00:00,126.0,126.2,124.5,124.68,822557.0,125.037,5576,False
2023-09-19 00:00:00+00:00,125.11,125.49,123.2,124.19,554701.0,124.048,3741,False
2023-09-20 00:00:00+00:00,125.21,125.66,123.85,123.95,1046979.0,124.598,7232,False
2023-09-21 00:00:00+00:00,123.09,124.65,122.12,122.17,834367.0,122.953,5316,False
2023-09-22 00:00:00+00:00,122.43,122.5,120.65,120.85,732165.0,121.226,5252,False
2023-09-25 00:00:00+00:00,120.37,122.68,120.01,122.62,756388.0,121.614,4478,False
2023-09-26 00:00:00+00:00,121.31,122.4,120.66,121.59,1138583.0,121.52,6828,False
2023-09-27 00:00:00+00:00,121.88,122.11,120.11,121.81,1106278.0,121.323,7370,False
2023-09-28 00:00:00+00:00,121.98,123.47,121.64,122.83,925533.0,122.81,6032,False
2023-09-29 00:00:00+00:00,123.96,124.82,122.45,122.77,652689.0,123.398,4547,False
2023-10-02 00:00:00+00:00,122.02,122.4,119.81,120.02,1106921.0,120.496,6877,False
2023-10-03 00:00:00+00:00,120.63,122.0,119.37,119.78,1377831.0,119.961,9560,False
2023-10-04 00:00:00+00:00,119.67,120.75,119.14,120.1,1423948.0,119.875,8990,False
2023-10-05 00:00:00+00:00,119.33,120.99,119.11,120.38,1299014.0,120.088,8718,False
2023-10-06 00:00:00+00:00,119.6,122.26,118.26,120.32,1188498.0,120.271,7672,False
2023-10-09 00:00:00+00:00,119.41,121.32,118.68,120.86,1341773.0,120.223,9218,False
2023-10-10 00:00:00+00:00,122.09,124.02,121.43,122.23,1143418.0,122.659,7710,False
2023-10-11 00:00:00+00:00,123.07,124.25,122.04,122.74,808541.0,122.869,5486,False
2023-10-12 00:00:00+00:00,122.91,123.13,120.83,121.32,1376714.0,121.74,8764,False
2023-10-13 00:00:00+00:00,120.65,121.09,116.25,118.14,3334791.0,118.315,20947,False
2023-10-16 00:00:00+00:00,117.92,118.86,115.58,118.13,1236279.0,117.684,7723,False
2023-10-17 00:00:00+00:00,117.76,121.44,117.6,119.13,1593089.0,119.405,10189,False
2023-10-18 00:00:00+00:00,118.09,118.95,115.39,115.69,1454303.0,116.522,10445,False
2023-10-19 00:00:00+00:00,115.1,118.97,115.02,115.66,1751419.0,116.821,10648,False
2023-10-20 00:00:00+00:00,115.8,115.99,111.45,111.82,1403469.0,113.241,9301,False
2023-10-23 00:00:00+00:00,111.41,113.16,109.45,109.71,1943384.0,111.187,12563,False
2023-10-24 00:00:00+00:00,110.2,112.25,110.12,111.28,1634220.0,111.198,10689,False
2023-10-25 00:00:00+00:00,110.58,111.6,109.4,111.29,1345366.0,110.61,9175,False
2023-10-26 00:00:00+00:00,111.24,115.24,110.83,114.36,1891864.0,113.857,13895,False
2023-10-27 00:00:00+00:00,113.65,113.82,110.79,111.24,1055823.0,111.775,7157,False
2023-10-30 00:00:00+00:00,112.2,113.29,111.08,112.89,1435539.0,112.511,8499,False
2023-10-31 00:00:00+00:00,113.37,114.52,112.35,114.47,950924.0,113.803,6768,False
2023-11-01 00:00:00+00:00,114.75,115.06,112.35,113.46,806613.0,113.605,5196,False
2023-11-02 00:00:00+00:00,114.51,119.92,114.51,119.85,1836120.0,118.309,12073,False
2023-11-03 00:00:00+00:00,122.12,124.37,121.47,123.21,1792017.0,123.357,13113,False
2023-11-06 00:00:00+00:00,123.22,123.69,120.67,121.55,967993.0,121.646,5835,False
2023-11-07 00:00:00+00:00,120.93,121.64,120.25,120.78,1104746.0,120.974,5719,False
2023-11-08 00:00:00+00:00,120.77,120.77,118.92,120.26,902854.0,119.802,5573,False
2023-11-09 00:00:00+00:00,120.91,121.39,118.74,119.36,971198.0,119.486,6678,False
2023-11-10 00:00:00+00:00,120.51,121.04,118.56,120.43,801952.0,119.897,5446,False
2023-11-13 00:00:00+00:00,119.88,120.37,118.89,119.6,546903.0,119.7,3147,False
2023-11-14 00:00:00+00:00,122.75,127.07,122.74,126.66,1509018.0,126.08,9901,False
2023-11-15 00:00:00+00:00,126.59,129.82,126.41,128.96,1317347.0,129.116,9035,False
2023-11-16 00:00:00+00:00,128.9,129.66,128.19,129.34,972802.0,128.992,6757,False
2023-11-17 00:00:00+00:00,130.35,130.72,129.18,130.26,1184983.0,130.207,8017,False
2023-11-20 00:00:00+00:00,129.74,130.81,128.05,130.34,900333.0,129.86,6092,False
2023-11-21 00:00:00+00:00,129.52,130.0,127.85,127.97,623847.0,128.727,3908,False
2023-11-22 00:00:00+00:00,128.54,128.75,127.08,127.95,549289.0,127.955,3271,False
2023-11-24 00:00:00+00:00,127.7,129.21,127.15,128.7,348369.0,128.594,2188,False
2023-11-27 00:00:00+00:00,127.74,129.06,127.49,128.85,786081.0,128.556,4732,False
2023-11-28 00:00:00+00:00,128.6,129.73,127.83,129.59,855434.0,128.96,5705,False
2023-11-29 00:00:00+00:00,130.47,133.18,130.1,132.38,1563857.0,132.407,9200,False
2023-11-30 00:00:00+00:00,132.62,134.7,132.11,133.96,1608554.0,133.464,8402,False
2023-12-01 00:00:00+00:00,133.69,139.05,133.29,139.0,1610407.0,137.511,10814,False
2023-12-04 00:00:00+00:00,137.13,141.05,136.4,140.79,1908681.0,139.719,11507,False
2023-12-05 00:00:00+00:00,139.97,140.28,138.46,138.66,1213922.0,139.322,8459,False
2023-12-06 00:00:00+00:00,139.87,142.06,139.0,139.36,1134971.0,140.509,7713,False
2023-12-07 00:00:00+00:00,140.14,141.15,139.19,139.77,1053910.0,139.989,7121,False
2023-12-08 00:00:00+00:00,139.94,141.54,139.2,140.67,1484942.0,140.636,9337,False
2023-12-11 00:00:00+00:00,141.28,141.75,140.22,141.0,1299367.0,141.087,7725,False
2023-12-12 00:00:00+00:00,140.93,141.75,140.14,140.85,644879.0,140.918,4322,False
2023-12-13 00:00:00+00:00,140.67,146.45,140.34,146.32,1350350.0,143.813,8550,False
2023-12-14 00:00:00+00:00,149.65,154.13,148.05,153.31,2588676.0,152.536,16264,False
2023-12-15 00:00:00+00:00,152.9,154.47,151.76,152.33,2388413.0,152.795,13555,False
2023-12-18 00:00:00+00:00,152.81,152.81,149.97,151.41,1383689.0,150.976,8755,False
2023-12-19 00:00:00+00:00,151.45,154.88,150.48,154.6,1278806.0,153.52,8415,False
2023-12-20 00:00:00+00:00,153.8,155.38,149.58,149.67,1243135.0,153.292,9091,False
2023-12-21 00:00:00+00:00,150.99,153.07,150.43,151.77,968253.0,151.817,6261,False
2023-12-22 00:00:00+00:00,151.79,153.49,151.56,152.47,568166.0,152.488,3560,False
2023-12-26 00:00:00+00:00,152.34,154.58,151.95,154.1,562945.0,153.843,3835,False
2023-12-27 00:00:00+00:00,153.5,155.05,152.62,155.0,663256.0,154.402,4198,False
2023-12-28 00:00:00+00:00,155.44,156.21,154.95,155.63,569505.0,155.725,3941,False
2023-12-29 00:00:00+00:00,155.27,156.11,154.52,154.85,677371.0,155.299,4952,False
2024-01-02 00:00:00+00:00,153.98,157.41,153.13,156.5,1333090.0,155.936,8184,False
2024-01-03 00:00:00+00:00,154.8,155.46,151.39,151.66,976307.0,152.943,6850,False
2024-01-04 00:00:00+00:00,151.89,154.12,151.82,152.53,1282239.0,153.345,8558,False
2024-01-05 00:00:00+00:00,153.17,157.14,152.3,156.23,1078798.0,155.676,7477,False
2024-01-08 00:00:00+00:00,156.0,157.69,154.58,157.52,747948.0,156.277,4406,False
2024-01-09 00:00:00+00:00,156.22,156.22,154.01,154.51,884783.0,154.884,5384,False
2024-01-10 00:00:00+00:00,154.5,155.42,153.21,155.18,676777.0,154.379,4078,False
2024-01-11 00:00:00+00:00,154.53,154.54,149.88,152.54,1056937.0,152.009,7190,False
2024-01-12 00:00:00+00:00,151.79,152.86,147.96,148.92,1670570.0,149.174,11216,False
2024-01-16 00:00:00+00:00,147.72,149.88,143.83,149.02,2498624.0,148.005,16493,False
2024-01-17 00:00:00+00:00,147.26,152.32,146.44,148.82,1689464.0,149.59,11117,False
2024-01-18 00:00:00+00:00,148.95,149.39,145.06,146.29,1385100.0,146.497,10835,False
2024-01-19 00:00:00+00:00,147.0,150.94,146.29,150.79,1249202.0,149.181,8579,False
2024-01-22 00:00:00+00:00,151.09,152.63,149.31,149.43,1594636.0,150.06,9484,False
2024-01-23 00:00:00+00:00,149.82,150.77,148.16,149.91,996727.0,149.35,7497,False
2024-01-24 00:00:00+00:00,150.9,151.56,150.02,150.23,594827.0,150.709,4403,False
2024-01-25 00:00:00+00:00,152.0,152.0,149.25,151.25,713871.0,150.36,4797,False
2024-01-26 00:00:00+00:00,151.07,152.28,150.58,151.6,484163.0,151.593,3457,False
2024-01-29 00:00:00+00:00,151.0,153.51,150.83,153.48,526893.0,152.327,3754,False
2024-01-30 00:00:00+00:00,153.3,154.72,152.81,154.25,584448.0,153.969,4202,False
2024-01-31 00:00:00+00:00,151.77,155.4,150.89,151.21,894765.0,152.858,6628,False
2024-02-01 00:00:00+00:00,151.54,151.74,144.89,145.44,2934695.0,146.332,19498,False
2024-02-02 00:00:00+00:00,143.98,148.9,142.4,148.13,2498402.0,146.4,16532,False
2024-02-05 00:00:00+00:00,146.47,147.84,145.43,145.83,855508.0,146.095,5703,False
2024-02-06 00:00:00+00:00,145.8,150.05,145.64,149.29,2323436.0,148.138,15452,False
2024-02-07 00:00:00+00:00,149.3,149.88,146.3,148.17,1719841.0,148.142,12062,False
2024-02-08 00:00:00+00:00,147.17,148.18,145.83,147.93,796438.0,147.183,6258,False
2024-02-09 00:00:00+00:00,147.87,148.38,146.68,147.77,592685.0,147.633,4342,False
2024-02-12 00:00:00+00:00,147.77,150.16,147.34,149.14,776194.0,149.272,6068,False
2024-02-13 00:00:00+00:00,146.78,147.2,142.8,145.26,1029846.0,144.775,7676,False
2024-02-14 00:00:00+00:00,146.63,147.89,145.97,147.87,614369.0,147.096,4598,False
2024-02-15 00:00:00+00:00,148.75,150.26,147.37,149.63,1143286.0,148.94,9488,False
2024-02-16 00:00:00+00:00,148.42,149.91,147.69,148.85,674303.0,148.884,4671,False
2024-02-20 00:00:00+00:00,148.02,148.42,146.39,146.7,1101132.0,147.262,8136,False
2024-02-21 00:00:00+00:00,145.57,146.71,139.69,146.57,1751781.0,144.117,12485,False
2024-02-22 00:00:00+00:00,145.79,148.0,144.83,145.39,1448165.0,145.917,10095,False
2024-02-23 00:00:00+00:00,145.26,147.83,144.71,146.12,880844.0,146.738,6737,False
2024-02-26 00:00:00+00:00,145.4,147.0,144.73,144.85,748075.0,145.588,5821,False
2024-02-27 00:00:00+00:00,145.47,146.76,144.87,145.95,596559.0,145.859,4523,False
2024-02-28 00:00:00+00:00,145.2,147.74,145.2,145.69,623213.0,146.448,4485,False
2024-02-29 00:00:00+00:00,147.95,148.75,145.93,147.2,916926.0,147.008,6757,False
2024-03-01 00:00:00+00:00,147.46,148.16,145.28,147.81,887846.0,147.441,6411,False
2024-03-04 00:00:00+00:00,150.99,156.39,150.34,153.74,3295886.0,154.299,24779,False
2024-03-05 00:00:00+00:00,153.32,157.31,152.93,155.12,1422283.0,155.69,11635,False
2024-03-06 00:00:00+00:00,148.81,152.66,147.09,150.38,4432745.0,149.812,30947,False
2024-03-07 00:00:00+00:00,151.42,153.24,149.6,150.44,946769.0,150.889,6820,False
2024-03-08 00:00:00+00:00,151.6,151.75,150.18,150.33,540218.0,150.701,4202,False
2024-03-11 00:00:00+00:00,150.35,153.0,149.0,152.84,993370.0,151.801,6437,False
2024-03-12 00:00:00+00:00,153.0,153.69,150.32,150.98,926971.0,151.297,5866,False
2024-03-13 00:00:00+00:00,151.52,153.23,151.38,152.72,942154.0,152.466,6405,False
2024-03-14 00:00:00+00:00,151.79,154.48,147.27,148.49,1025554.0,149.467,7264,False
2024-03-15 00:00:00+00:00,147.22,150.19,147.22,148.78,828821.0,148.547,4750,False
2024-03-18 00:00:00+00:00,149.36,150.0,146.98,149.6,528663.0,149.273,4119,False
2024-03-19 00:00:00+00:00,149.31,150.94,149.11,150.11,1183879.0,150.151,6958,False
2024-03-20 00:00:00+00:00,149.69,154.54,149.06,153.81,775720.0,152.611,5617,False
2024-03-21 00:00:00+00:00,154.62,158.46,154.61,157.81,1456559.0,157.197,9756,False
2024-03-22 00:00:00+00:00,158.2,158.8,155.5,155.51,752045.0,156.308,5582,False
2024-03-25 00:00:00+00:00,156.16,157.18,154.49,155.04,548787.0,155.445,3537,False
2024-03-26 00:00:00+00:00,155.14,156.37,154.74,155.03,578545.0,155.265,4034,False
2024-03-27 00:00:00+00:00,155.97,160.1,155.51,159.97,841960.0,157.801,6143,False
2024-03-28 00:00:00+00:00,159.98,162.24,159.88,161.6,746788.0,161.257,5524,False
2024-04-01 00:00:00+00:00,161.4,161.54,159.67,159.94,673608.0,160.366,4712,False
2024-04-02 00:00:00+00:00,159.0,159.37,157.46,157.54,747113.0,158.108,5294,False
2024-04-03 00:00:00+00:00,157.63,159.53,156.29,157.14,638981.0,157.312,4195,False
2024-04-04 00:00:00+00:00,158.92,159.3,156.12,156.88,819146.0,157.52,6486,False
2024-04-05 00:00:00+00:00,156.75,157.71,155.82,157.37,1205265.0,156.951,7861,False
2024-04-08 00:00:00+00:00,158.19,161.48,157.57,160.96,880314.0,160.566,6021,False
2024-04-09 00:00:00+00:00,161.26,162.14,159.35,161.4,684192.0,160.619,4981,False
2024-04-10 00:00:00+00:00,158.9,158.9,154.13,155.03,966610.0,155.51,7576,False
2024-04-11 00:00:00+00:00,155.43,155.43,151.81,154.08,681020.0,153.992,4666,False
2024-04-12 00:00:00+00:00,150.17,152.0,149.69,150.63,668769.0,150.519,4884,False
2024-04-15 00:00:00+00:00,152.36,154.42,149.31,149.56,1140435.0,150.57,8226,False
2024-04-16 00:00:00+00:00,147.18,148.0,143.51,146.54,2005532.0,146.46,14632,False
2024-04-17 00:00:00+00:00,149.06,149.46,145.78,147.25,919085.0,147.189,6128,False
2024-04-18 00:00:00+00:00,147.36,149.12,146.89,147.89,694747.0,147.767,5033,False
2024-04-19 00:00:00+00:00,148.99,152.7,148.66,152.3,1408051.0,151.392,9821,False
2024-04-22 00:00:00+00:00,152.76,156.07,152.24,155.93,1285866.0,154.838,8807,False
2024-04-23 00:00:00+00:00,156.5,158.36,155.86,157.61,1078961.0,157.373,6572,False
2024-04-24 00:00:00+00:00,156.17,158.33,155.8,158.06,690411.0,157.583,4054,False
2024-04-25 00:00:00+00:00,157.37,158.0,154.44,156.3,678321.0,155.761,5160,False
2024-04-26 00:00:00+00:00,156.07,157.67,155.35,156.11,460492.0,156.825,3105,False
2024-04-29 00:00:00+00:00,156.13,157.15,155.48,155.78,737613.0,156.303,5031,False
2024-04-30 00:00:00+00:00,154.75,155.52,152.94,153.26,690839.0,153.814,4967,False
2024-05-01 00:00:00+00:00,153.24,156.72,152.89,153.98,710154.0,154.46,5408,False
2024-05-02 00:00:00+00:00,155.81,156.09,153.93,155.68,583267.0,154.997,4125,False
2024-05-03 00:00:00+00:00,157.36,158.25,156.12,156.22,422858.0,156.826,3221,False
2024-05-06 00:00:00+00:00,158.0,158.2,156.0,156.43,518718.0,156.687,3157,False
2024-05-07 00:00:00+00:00,157.04,157.37,155.59,156.15,433263.0,156.259,3065,False
2024-05-08 00:00:00+00:00,155.29,157.9,155.05,157.21,635880.0,156.94,4236,False
2024-05-09 00:00:00+00:00,155.9,157.76,155.36,157.12,845796.0,157.116,5449,False
2024-05-10 00:00:00+00:00,157.84,158.53,157.23,157.58,480033.0,157.866,3463,False
2024-05-13 00:00:00+00:00,158.51,158.8,157.63,158.05,669456.0,158.299,4342,False
2024-05-14 00:00:00+00:00,159.0,159.81,158.21,159.4,594286.0,159.224,3870,False
2024-05-15 00:00:00+00:00,160.91,161.88,160.22,161.34,727804.0,160.947,3777,False
2024-05-16 00:00:00+00:00,161.32,161.49,160.04,160.89,774894.0,160.765,5446,False
2024-05-17 00:00:00+00:00,162.07,162.07,160.28,160.35,431411.0,161.043,2676,False
2024-05-20 00:00:00+00:00,160.32,160.63,156.91,157.14,668256.0,158.666,4680,False
2024-05-21 00:00:00+00:00,157.29,158.66,157.0,158.55,524872.0,157.922,3602,False
2024-05-22 00:00:00+00:00,157.61,158.55,155.77,156.5,413458.0,156.997,3019,False
2024-05-23 00:00:00+00:00,156.41,156.49,152.66,152.77,761868.0,153.64,4790,False
2024-05-24 00:00:00+00:00,153.29,154.31,152.53,154.26,794453.0,153.427,5422,False
2024-05-28 00:00:00+00:00,154.33,154.73,152.27,152.34,589873.0,153.129,4286,False
2024-05-29 00:00:00+00:00,150.11,152.3,149.13,151.16,847636.0,150.879,5815,False
2024-05-30 00:00:00+00:00,152.51,154.79,151.64,153.92,1227847.0,153.7,8521,False
2024-05-31 00:00:00+00:00,154.3,157.62,153.66,157.39,1173072.0,155.814,7585,False
2024-06-03 00:00:00+00:00,158.0,158.35,153.29,155.01,448875.0,155.027,3411,False
2024-06-04 00:00:00+00:00,153.33,155.39,153.03,154.16,989444.0,153.986,5962,False
2024-06-05 00:00:00+00:00,154.9,155.22,153.5,154.6,543847.0,154.318,3856,False
2024-06-06 00:00:00+00:00,154.56,155.79,154.2,154.97,533428.0,154.887,3224,False
2024-06-07 00:00:00+00:00,153.75,156.7,153.75,155.88,242787.0,155.768,1759,False
2024-06-10 00:00:00+00:00,154.15,154.5,150.98,152.69,905789.0,152.678,6112,False
2024-06-11 00:00:00+00:00,151.4,151.4,148.08,150.25,1148634.0,149.912,8014,False
2024-06-12 00:00:00+00:00,153.14,154.29,152.02,152.64,832601.0,153.15,6233,False
2024-06-13 00:00:00+00:00,152.33,152.66,150.37,151.75,335060.0,151.452,2132,False
2024-06-14 00:00:00+00:00,150.07,151.46,149.05,151.09,388886.0,150.556,2675,False
2024-06-17 00:00:00+00:00,150.67,152.87,150.02,152.78,344869.0,151.666,2430,False
2024-06-18 00:00:00+00:00,152.59,154.88,152.0,154.48,822537.0,152.992,2712,False
2024-06-20 00:00:00+00:00,153.01,153.96,152.37,153.18,567152.0,153.185,3819,False
2024-06-21 00:00:00+00:00,153.19,153.36,151.13,153.2,908128.0,152.676,4096,False
2024-06-24 00:00:00+00:00,154.05,156.85,152.94,154.9,724610.0,155.408,4864,False
2024-06-25 00:00:00+00:00,154.22,155.44,151.84,151.9,545049.0,152.902,3546,False
2024-06-26 00:00:00+00:00,150.98,152.59,150.28,151.81,493603.0,151.725,3526,False
2024-06-27 00:00:00+00:00,151.13,152.39,150.6,151.93,423310.0,151.7,2929,False
2024-06-28 00:00:00+00:00,153.08,155.85,152.84,155.48,871766.0,154.967,6069,False
2024-07-01 00:00:00+00:00,155.94,157.72,155.46,156.14,774574.0,156.6,4692,False
2024-07-02 00:00:00+00:00,155.52,158.9,155.45,158.84,507918.0,157.642,3760,False
2024-07-03 00:00:00+00:00,159.12,159.12,157.57,157.79,395143.0,158.452,2797,False
2024-07-05 00:00:00+00:00,158.1,158.31,155.9,156.51,452998.0,156.624,3219,False
2024-07-08 00:00:00+00:00,158.87,159.94,157.56,158.77,607295.0,158.466,4124,False
2024-07-09 00:00:00+00:00,158.04,162.07,157.72,161.51,977452.0,160.604,7147,False
2024-07-10 00:00:00+00:00,161.25,164.46,161.18,164.3,1159706.0,163.018,8111,False
2024-07-11 00:00:00+00:00,165.81,169.11,165.36,168.3,1821343.0,167.982,10735,False
2024-07-12 00:00:00+00:00,167.5,169.68,167.17,168.56,1221774.0,168.77,8457,False
2024-07-15 00:00:00+00:00,168.75,170.91,167.75,169.02,1475181.0,169.204,10810,False
2024-07-16 00:00:00+00:00,168.75,177.83,168.75,176.98,2560245.0,175.598,17686,False
2024-07-17 00:00:00+00:00,177.4,180.86,176.55,179.71,1415142.0,179.608,9642,False
2024-07-18 00:00:00+00:00,178.46,180.97,174.98,176.07,1148133.0,177.768,7780,False
2024-07-19 00:00:00+00:00,176.67,177.93,174.2,175.51,843516.0,175.81,5087,False
2024-07-22 00:00:00+00:00,175.19,177.23,173.01,177.15,728071.0,175.653,4440,False
2024-07-23 00:00:00+00:00,176.51,179.6,175.71,178.62,630165.0,178.571,4513,False
2024-07-24 00:00:00+00:00,179.49,180.65,176.46,177.4,1590844.0,178.565,6811,False
2024-07-25 00:00:00+00:00,178.21,182.51,177.54,180.0,933261.0,180.553,5474,False
2024-07-26 00:00:00+00:00,180.48,182.42,180.05,181.21,1206423.0,181.223,4007,False
2024-07-29 00:00:00+00:00,181.36,181.84,180.2,181.0,905966.0,181.004,5685,False
2024-07-30 00:00:00+00:00,182.0,182.84,180.8,181.98,715460.0,181.835,4346,False
2024-07-31 00:00:00+00:00,181.5,182.8,180.37,181.1,762931.0,181.367,4970,False
2024-08-01 00:00:00+00:00,181.33,181.86,175.28,175.99,1309286.0,177.111,7979,False
2024-08-02 00:00:00+00:00,173.82,173.82,169.09,170.0,1262377.0,170.655,7072,False
2024-08-05 00:00:00+00:00,166.14,166.81,162.15,165.82,2007765.0,165.258,11935,False
2024-08-06 00:00:00+00:00,165.94,170.14,165.15,169.09,1095405.0,168.801,6405,False
2024-08-07 00:00:00+00:00,171.7,172.73,166.63,166.75,918937.0,168.812,6791,False
2024-08-08 00:00:00+00:00,168.39,170.59,168.32,170.28,882542.0,169.97,4915,False
2024-08-09 00:00:00+00:00,170.11,170.52,169.4,169.92,304557.0,169.945,1965,False
2024-08-12 00:00:00+00:00,170.63,171.94,166.8,167.02,620462.0,167.967,4537,False
2024-08-13 00:00:00+00:00,168.37,168.37,166.42,168.21,764397.0,167.449,5592,False
2024-08-14 00:00:00+00:00,168.31,169.2,167.0,168.37,996037.0,167.929,6681,False
2024-08-15 00:00:00+00:00,171.9,173.13,171.25,171.82,854256.0,172.141,5739,False
2024-08-16 00:00:00+00:00,171.8,174.0,171.8,173.0,723224.0,173.025,4474,False
2024-08-19 00:00:00+00:00,173.47,174.81,173.14,174.5,454951.0,174.238,2779,False
2024-08-20 00:00:00+00:00,173.69,174.45,173.14,173.59,668840.0,173.865,4329,False
2024-08-21 00:00:00+00:00,174.1,174.35,172.19,173.37,560468.0,172.993,3537,False
2024-08-22 00:00:00+00:00,173.56,175.73,173.21,174.92,940827.0,174.799,4076,False
2024-08-23 00:00:00+00:00,176.15,180.19,175.75,178.1,982991.0,178.428,5822,False
2024-08-26 00:00:00+00:00,179.29,179.96,177.7,178.11,564444.0,178.469,3653,False
2024-08-27 00:00:00+00:00,178.02,179.27,177.35,179.15,705315.0,178.488,4797,False
2024-08-28 00:00:00+00:00,178.58,183.26,178.58,181.78,843104.0,181.376,5643,False
2024-08-29 00:00:00+00:00,182.71,184.56,180.12,183.04,505602.0,183.22,3897,False
2024-08-30 00:00:00+00:00,183.17,185.57,183.17,185.09,683675.0,184.716,4952,False
2024-09-03 00:00:00+00:00,184.19,185.84,183.45,184.5,628083.0,184.7,4829,False
2024-09-04 00:00:00+00:00,184.5,185.23,181.08,182.36,809478.0,182.658,5556,False
2024-09-05 00:00:00+00:00,183.8,184.27,179.72,180.95,499375.0,181.177,3751,False
2024-09-06 00:00:00+00:00,180.71,182.11,175.56,176.7,697080.0,177.617,5144,False
2024-09-09 00:00:00+00:00,178.48,183.37,177.57,182.61,1494574.0,181.594,9647,False
2024-09-10 00:00:00+00:00,183.35,183.57,175.95,178.78,1726750.0,178.161,7856,False
2024-09-11 00:00:00+00:00,176.97,177.5,172.89,177.12,1054480.0,175.44,7229,False
2024-09-12 00:00:00+00:00,177.52,178.61,175.19,177.6,1116581.0,177.099,7165,False
2024-09-13 00:00:00+00:00,178.1,180.0,176.23,177.24,750406.0,177.58,4978,False
2024-09-16 00:00:00+00:00,178.23,181.02,178.23,180.92,573869.0,180.179,4028,False
2024-09-17 00:00:00+00:00,181.52,182.88,180.73,181.49,1291947.0,181.701,6250,False
2024-09-18 00:00:00+00:00,181.85,185.5,180.65,182.57,739247.0,182.616,5061,False
2024-09-19 00:00:00+00:00,185.09,187.78,183.82,187.2,834555.0,186.505,5274,False
2024-09-20 00:00:00+00:00,185.93,187.16,185.55,186.36,984314.0,186.349,4539,False
2024-09-23 00:00:00+00:00,186.6,187.77,184.85,185.09,601122.0,185.698,4513,False
2024-09-24 00:00:00+00:00,185.88,186.33,183.33,184.62,671789.0,184.907,5160,False
2024-09-25 00:00:00+00:00,184.47,184.47,181.39,181.77,463565.0,182.305,3527,False
2024-09-26 00:00:00+00:00,183.73,184.31,182.09,183.32,759887.0,183.037,5064,False
2024-09-27 00:00:00+00:00,183.74,184.72,182.34,183.07,382990.0,183.66,2680,False
2024-09-30 00:00:00+00:00,182.75,185.32,181.67,184.85,613714.0,183.828,4761,False
2024-10-01 00:00:00+00:00,183.49,183.71,178.38,179.89,703284.0,180.448,4499,False
2024-10-02 00:00:00+00:00,179.55,182.07,178.75,179.4,560417.0,179.8,4023,False
2024-10-03 00:00:00+00:00,178.37,179.45,176.92,178.39,837648.0,178.245,6293,False
2024-10-04 00:00:00+00:00,181.35,182.9,179.94,182.26,402188.0,181.951,3104,False
2024-10-07 00:00:00+00:00,181.98,183.25,180.42,182.23,402964.0,181.753,2844,False
2024-10-08 00:00:00+00:00,183.14,183.4,180.44,180.86,586201.0,181.439,3894,False
2024-10-09 00:00:00+00:00,180.77,184.04,180.5,183.27,451951.0,183.087,3419,False
2024-10-10 00:00:00+00:00,182.68,184.43,182.23,183.37,487914.0,183.042,3437,False
2024-10-11 00:00:00+00:00,185.0,189.17,184.7,187.77,570986.0,187.868,4101,False
2024-10-14 00:00:00+00:00,187.26,189.69,186.12,188.52,1005548.0,188.5,7283,False
2024-10-15 00:00:00+00:00,190.5,196.64,189.68,192.34,1481780.0,193.759,10521,False
2024-10-16 00:00:00+00:00,192.76,193.85,189.62,189.93,1701888.0,190.9,12815,False
2024-10-17 00:00:00+00:00,190.96,192.93,188.74,188.8,1399249.0,190.609,10524,False
2024-10-18 00:00:00+00:00,190.57,191.49,188.01,189.38,1021252.0,189.48,5531,False
2024-10-21 00:00:00+00:00,188.49,189.81,185.34,185.64,517347.0,186.335,3565,False
2024-10-22 00:00:00+00:00,185.8,186.81,183.86,186.28,885106.0,185.878,4157,False
2024-10-23 00:00:00+00:00,185.85,188.53,185.8,188.21,785178.0,187.718,5405,False
2024-10-24 00:00:00+00:00,188.93,189.69,186.96,188.94,631823.0,188.546,4076,False
2024-10-25 00:00:00+00:00,190.27,190.64,185.63,185.82,434045.0,186.71,3261,False
2024-10-28 00:00:00+00:00,187.5,190.12,186.27,189.83,463808.0,188.916,3319,False
2024-10-29 00:00:00+00:00,189.5,190.0,187.41,187.85,400505.0,188.087,2962,False
2024-10-30 00:00:00+00:00,187.26,191.87,186.77,190.22,848703.0,190.076,4749,False
2024-10-31 00:00:00+00:00,189.93,191.84,188.18,188.27,661964.0,189.503,4789,False
2024-11-01 00:00:00+00:00,189.5,191.37,187.0,187.15,506002.0,188.471,4134,False
2024-11-04 00:00:00+00:00,187.26,188.3,185.54,185.95,525575.0,186.447,4009,False
2024-11-05 00:00:00+00:00,186.21,188.86,185.7,188.8,741665.0,188.158,4802,False
2024-11-06 00:00:00+00:00,200.09,205.06,198.45,204.97,2073830.0,202.487,13417,False
2024-11-07 00:00:00+00:00,202.88,203.84,200.88,203.21,1978054.0,202.553,11032,False
2024-11-08 00:00:00+00:00,203.8,205.2,201.66,203.97,897464.0,203.727,6540,False
2024-11-11 00:00:00+00:00,206.28,210.43,206.28,209.71,1266035.0,209.61,8359,False
2024-11-12 00:00:00+00:00,209.12,211.4,208.81,211.04,984358.0,210.449,6878,False
2024-11-13 00:00:00+00:00,212.11,214.19,208.69,209.3,780725.0,210.722,5791,False
2024-11-14 00:00:00+00:00,209.3,210.4,207.17,207.96,632701.0,208.495,4168,False
2024-11-15 00:00:00+00:00,208.12,210.04,206.4,207.68,1336356.0,207.448,8825,False
2024-11-18 00:00:00+00:00,207.63,208.41,206.41,206.83,669468.0,207.346,4738,False
2024-11-19 00:00:00+00:00,204.5,206.9,204.36,204.86,660088.0,205.284,4592,False
2024-11-20 00:00:00+00:00,205.21,205.62,203.46,203.95,759704.0,204.191,5042,False
2024-11-21 00:00:00+00:00,203.95,207.91,203.95,205.75,1127586.0,206.387,7660,False
2024-11-22 00:00:00+00:00,205.98,210.71,205.72,210.07,656638.0,209.595,4511,False
2024-11-25 00:00:00+00:00,211.97,214.64,211.75,212.47,831066.0,212.829,5976,False
2024-11-26 00:00:00+00:00,211.84,214.81,210.45,214.2,997249.0,213.732,7175,False
2024-11-27 00:00:00+00:00,214.2,216.18,214.04,215.0,800181.0,215.19,5773,False
2024-11-29 00:00:00+00:00,216.01,216.26,213.63,214.72,464366.0,215.041,3624,False
2024-12-02 00:00:00+00:00,215.69,216.13,211.2,211.36,925565.0,212.56,6405,False
2024-12-03 00:00:00+00:00,212.3,212.63,208.29,209.01,648292.0,209.716,4368,False
2024-12-04 00:00:00+00:00,209.13,209.97,206.64,207.92,659204.0,207.672,4534,False
2024-12-05 00:00:00+00:00,208.29,210.83,207.72,208.83,895873.0,209.453,5515,False
2024-12-06 00:00:00+00:00,209.24,209.86,207.13,208.63,826026.0,208.528,5248,False
2024-12-09 00:00:00+00:00,208.0,209.16,204.4,204.5,825354.0,205.615,5378,False
2024-12-10 00:00:00+00:00,205.88,206.37,203.31,204.44,1230054.0,205.037,6499,False
2024-12-11 00:00:00+00:00,206.18,206.47,203.16,203.38,852160.0,204.66,5918,False
2024-12-12 00:00:00+00:00,204.29,205.15,202.14,202.31,759523.0,203.418,5500,False
2024-12-13 00:00:00+00:00,203.06,203.06,200.03,201.5,714486.0,201.049,4757,False
2024-12-16 00:00:00+00:00,201.9,201.9,199.35,200.53,1190278.0,200.143,7213,False
2024-12-17 00:00:00+00:00,199.2,199.47,197.11,198.3,1081300.0,198.025,5951,False
2024-12-18 00:00:00+00:00,198.94,200.36,191.29,191.96,1707287.0,196.713,10538,False
2024-12-19 00:00:00+00:00,194.29,195.58,189.68,190.03,720491.0,191.745,5177,False
2024-12-20 00:00:00+00:00,189.29,193.42,189.0,192.76,981356.0,191.465,5370,False
2024-12-23 00:00:00+00:00,191.25,193.3,190.36,193.12,457830.0,192.12,3223,False
2024-12-24 00:00:00+00:00,193.55,194.25,191.94,194.08,248256.0,192.982,1739,False
2024-12-26 00:00:00+00:00,193.48,194.9,192.17,194.77,305754.0,193.918,2079,False
2024-12-27 00:00:00+00:00,193.62,195.53,192.21,193.28,272262.0,193.229,1860,False
2024-12-30 00:00:00+00:00,191.8,193.32,190.11,192.53,369713.0,192.231,2579,False
2024-12-31 00:00:00+00:00,193.34,194.14,192.16,192.85,406911.0,192.939,3074,False
2025-01-02 00:00:00+00:00,192.81,194.4,189.58,191.39,985097.0,191.468,6536,False
2025-01-03 00:00:00+00:00,192.15,195.69,190.5,195.63,656305.0,193.891,4298,False
2025-01-06 00:00:00+00:00,197.7,199.23,194.46,195.59,1454722.0,196.658,7652,False
2025-01-07 00:00:00+00:00,195.92,197.37,193.56,194.77,1272552.0,195.889,7824,False
2025-01-08 00:00:00+00:00,194.66,195.41,191.25,194.68,700304.0,193.844,4891,False
2025-01-10 00:00:00+00:00,192.88,193.51,188.61,189.02,1193352.0,190.246,8616,False
2025-01-13 00:00:00+00:00,189.32,192.71,189.3,192.43,829231.0,191.46,5904,False
2025-01-14 00:00:00+00:00,194.18,196.48,192.83,195.71,859106.0,194.72,5595,False
2025-01-15 00:00:00+00:00,199.39,200.62,197.75,200.44,1779967.0,199.231,11071,False
2025-01-16 00:00:00+00:00,185.5,196.99,183.44,196.54,3256724.0,194.514,20865,False
2025-01-17 00:00:00+00:00,198.0,202.2,196.79,198.54,2417641.0,199.461,14362,False
2025-01-21 00:00:00+00:00,199.38,200.63,197.2,198.56,1266041.0,198.727,9243,False
2025-01-22 00:00:00+00:00,197.47,197.79,195.37,196.3,931294.0,196.502,6773,False
2025-01-23 00:00:00+00:00,195.71,198.68,194.07,197.65,1330588.0,196.946,9582,False
2025-01-24 00:00:00+00:00,196.17,201.39,196.17,199.53,1254663.0,200.222,9257,False
2025-01-27 00:00:00+00:00,200.22,202.93,199.93,202.89,945960.0,201.668,6591,False
2025-01-28 00:00:00+00:00,202.65,203.58,199.25,201.72,815270.0,201.284,6191,False
2025-01-29 00:00:00+00:00,201.72,205.46,201.63,202.18,1233500.0,203.543,8936,False
2025-01-30 00:00:00+00:00,204.22,204.74,200.38,202.07,883128.0,203.154,5939,False
2025-01-31 00:00:00+00:00,202.11,203.06,199.41,200.95,1001304.0,200.76,6884,False
2025-02-03 00:00:00+00:00,197.19,198.76,194.3,197.64,643622.0,197.334,4560,False
2025-02-04 00:00:00+00:00,198.06,200.28,197.79,198.98,726154.0,199.15,5352,False
2025-02-05 00:00:00+00:00,200.18,200.57,197.48,198.89,1188960.0,198.494,6449,False
2025-02-06 00:00:00+00:00,201.4,202.51,199.11,202.43,657704.0,201.196,4685,False
2025-02-07 00:00:00+00:00,202.61,202.75,199.94,200.72,538959.0,201.198,3870,False
2025-02-10 00:00:00+00:00,200.72,200.95,196.56,197.28,503870.0,197.684,3381,False
2025-02-11 00:00:00+00:00,196.91,199.51,195.82,199.22,568692.0,198.499,4124,False
2025-02-12 00:00:00+00:00,197.29,197.64,194.51,195.59,804162.0,195.756,5843,False
2025-02-13 00:00:00+00:00,195.72,196.43,194.12,195.43,913815.0,194.998,6336,False
2025-02-14 00:00:00+00:00,196.14,198.09,193.5,193.91,1074133.0,194.823,8135,False
2025-02-18 00:00:00+00:00,194.0,196.86,193.14,196.52,1074320.0,195.346,7719,False
2025-02-19 00:00:00+00:00,194.4,195.37,192.66,194.21,784250.0,193.841,5537,False
2025-02-20 00:00:00+00:00,194.38,195.03,190.53,191.89,743382.0,191.927,5295,False
2025-02-21 00:00:00+00:00,192.45,192.53,187.48,188.05,895657.0,189.413,6262,False
2025-02-24 00:00:00+00:00,188.82,189.2,186.2,186.96,1068754.0,187.781,7218,False
2025-02-25 00:00:00+00:00,188.32,189.32,185.1,186.47,616118.0,186.98,4458,False
2025-02-26 00:00:00+00:00,187.11,188.89,186.41,187.02,652953.0,187.285,4119,False
2025-02-27 00:00:00+00:00,187.78,190.84,187.49,188.56,702208.0,189.162,5393,False
2025-02-28 00:00:00+00:00,190.18,192.23,188.68,191.92,969030.0,190.863,7031,False
2025-03-03 00:00:00+00:00,192.35,194.27,187.89,189.49,554636.0,191.457,4094,False
2025-03-04 00:00:00+00:00,187.05,187.91,178.81,180.45,1397705.0,181.808,8416,False
2025-03-05 00:00:00+00:00,180.79,182.11,178.3,180.47,1298410.0,179.881,9069,False
2025-03-06 00:00:00+00:00,178.27,179.96,176.48,178.98,1002367.0,178.661,6692,False
2025-03-07 00:00:00+00:00,178.83,180.61,175.67,179.77,870048.0,178.174,6120,False
2025-03-10 00:00:00+00:00,176.0,177.99,172.26,174.61,1480297.0,174.923,9533,False
2025-03-11 00:00:00+00:00,173.94,176.23,169.83,170.06,1212075.0,171.468,8784,False
2025-03-12 00:00:00+00:00,172.08,173.08,169.1,171.01,1309961.0,171.379,7973,False
2025-03-13 00:00:00+00:00,172.16,172.89,168.44,168.84,981526.0,169.637,7022,False
2025-03-14 00:00:00+00:00,171.15,173.15,170.06,172.99,1364039.0,172.296,9270,False
2025-03-17 00:00:00+00:00,172.62,174.58,171.55,174.0,1577919.0,173.558,11590,False
2025-03-18 00:00:00+00:00,174.28,174.7,171.71,173.35,1963163.0,172.769,13922,False
2025-03-19 00:00:00+00:00,173.4,175.73,172.39,173.83,1637428.0,173.922,11256,False
2025-03-20 00:00:00+00:00,172.31,175.18,172.0,173.41,1617961.0,173.831,11775,False
2025-03-21 00:00:00+00:00,172.0,173.69,170.85,173.61,1957534.0,172.408,10622,False
2025-03-24 00:00:00+00:00,175.02,177.05,174.77,176.54,1332981.0,176.147,8123,False
2025-03-25 00:00:00+00:00,176.71,177.99,176.29,176.88,822983.0,177.138,5455,False
2025-03-26 00:00:00+00:00,177.77,179.68,176.19,176.92,996152.0,177.293,5416,False
2025-03-27 00:00:00+00:00,177.07,177.19,174.52,174.97,1196799.0,175.823,7554,False
2025-03-28 00:00:00+00:00,174.78,176.05,170.85,171.88,1004868.0,172.122,5716,False
2025-03-31 00:00:00+00:00,172.68,176.48,171.14,175.77,1716409.0,174.217,12153,False
2025-04-01 00:00:00+00:00,174.16,176.15,172.47,174.64,1000381.0,174.338,7217,False
2025-04-02 00:00:00+00:00,173.48,177.42,173.27,177.01,1023338.0,175.991,7155,False
2025-04-03 00:00:00+00:00,168.5,170.5,160.82,161.29,1815765.0,164.207,12842,False
2025-04-04 00:00:00+00:00,155.27,155.94,149.0,153.1,1998912.0,152.615,13262,False
2025-04-07 00:00:00+00:00,150.63,158.32,146.89,152.81,2304572.0,151.656,15928,False
2025-04-08 00:00:00+00:00,157.9,159.1,147.04,149.76,2017090.0,153.233,14101,False
2025-04-09 00:00:00+00:00,146.83,162.2,145.12,160.23,2381240.0,155.515,16899,False
2025-04-10 00:00:00+00:00,156.84,157.73,147.68,152.16,1933496.0,151.57,13999,False
2025-04-11 00:00:00+00:00,150.63,153.96,148.21,151.99,2160598.0,151.271,15154,False
2025-04-14 00:00:00+00:00,154.09,156.55,153.24,155.32,1789292.0,155.404,11597,False
2025-04-15 00:00:00+00:00,152.51,159.58,152.51,155.39,2116107.0,156.977,13982,False
2025-04-16 00:00:00+00:00,152.08,154.93,149.75,151.54,1111073.0,151.831,7823,False
2025-04-17 00:00:00+00:00,152.31,153.82,151.67,152.33,1764211.0,152.552,11840,False
2025-04-21 00:00:00+00:00,150.5,151.98,148.28,150.13,1078961.0,149.416,7020,False
2025-04-22 00:00:00+00:00,151.61,154.72,151.1,154.45,925491.0,153.721,5806,False
2025-04-23 00:00:00+00:00,157.7,162.06,156.97,157.41,1413944.0,158.77,10653,False
2025-04-24 00:00:00+00:00,157.14,160.1,156.15,159.75,571096.0,159.172,3936,False
2025-04-25 00:00:00+00:00,158.45,159.62,157.34,158.46,471281.0,158.425,3464,False
2025-04-28 00:00:00+00:00,158.88,160.75,158.12,159.65,968230.0,159.203,7179,False
2025-04-29 00:00:00+00:00,158.69,161.37,158.36,160.6,836709.0,160.366,6045,False
2025-04-30 00:00:00+00:00,157.89,161.08,156.7,160.69,815791.0,159.277,6327,False
2025-05-01 00:00:00+00:00,159.93,162.59,158.92,160.99,835169.0,161.602,6196,False
2025-05-02 00:00:00+00:00,163.16,165.9,163.11,165.54,828179.0,165.064,6207,False
2025-05-05 00:00:00+00:00,163.37,167.36,163.32,165.7,1144290.0,166.132,8592,False
2025-05-06 00:00:00+00:00,164.29,165.64,163.45,163.53,906248.0,164.453,6722,False
2025-05-07 00:00:00+00:00,164.98,165.79,163.31,163.98,810046.0,164.481,6389,False
2025-05-08 00:00:00+00:00,165.32,168.24,165.32,166.73,653517.0,166.916,4532,False
2025-05-09 00:00:00+00:00,166.79,167.49,166.02,166.44,647709.0,166.687,3798,False
2025-05-12 00:00:00+00:00,173.39,176.24,172.69,175.0,2090953.0,175.174,9855,False
2025-05-13 00:00:00+00:00,175.65,178.18,174.54,177.53,1252462.0,177.298,9362,False
2025-05-14 00:00:00+00:00,177.04,178.5,176.32,177.85,1036702.0,177.699,6807,False
2025-05-15 00:00:00+00:00,177.78,180.07,177.3,179.46,1537884.0,178.591,11051,False
2025-05-16 00:00:00+00:00,179.14,180.34,178.65,179.42,1086253.0,179.501,7502,False
2025-05-19 00:00:00+00:00,177.68,179.71,177.09,178.64,558681.0,178.611,4093,False
2025-05-20 00:00:00+00:00,177.92,178.62,176.87,177.48,453174.0,177.749,3415,False
2025-05-21 00:00:00+00:00,175.64,176.28,172.21,172.27,704964.0,173.937,5280,False
2025-05-22 00:00:00+00:00,171.92,174.04,171.49,172.99,975633.0,173.044,7115,False
2025-05-23 00:00:00+00:00,169.75,172.63,169.32,171.82,498894.0,171.588,3715,False
2025-05-27 00:00:00+00:00,174.13,176.26,172.71,176.24,617404.0,175.107,4507,False
2025-05-28 00:00:00+00:00,176.19,176.92,173.83,173.97,773439.0,174.831,5939,False
2025-05-29 00:00:00+00:00,175.09,175.2,173.56,175.1,612206.0,174.423,4764,False
2025-05-30 00:00:00+00:00,174.92,175.27,172.95,173.81,1341580.0,174.326,9472,False
2025-06-02 00:00:00+00:00,173.15,174.23,170.49,173.94,1019479.0,172.992,7582,False
2025-06-03 00:00:00+00:00,173.39,176.91,172.85,176.31,880873.0,175.932,6560,False
2025-06-04 00:00:00+00:00,176.27,177.65,174.84,174.86,523012.0,175.731,3764,False
2025-06-05 00:00:00+00:00,174.7,175.41,173.17,174.7,683035.0,174.593,5392,False
2025-06-06 00:00:00+00:00,177.63,178.8,176.0,178.63,474281.0,177.945,3409,False
2025-06-09 00:00:00+00:00,179.35,180.42,178.47,178.74,479572.0,179.397,3500,False
2025-06-10 00:00:00+00:00,178.49,180.68,178.32,179.41,501143.0,179.591,3485,False
2025-06-11 00:00:00+00:00,179.82,180.11,177.16,177.74,1466082.0,177.979,11337,False
2025-06-12 00:00:00+00:00,177.27,178.39,175.13,177.74,714434.0,177.4,5715,False
2025-06-13 00:00:00+00:00,175.58,176.23,172.73,173.37,769150.0,174.279,5764,False
2025-06-16 00:00:00+00:00,175.21,176.56,174.12,175.14,472706.0,175.537,2943,False
2025-06-17 00:00:00+00:00,173.54,174.99,172.88,173.2,525663.0,173.675,4044,False
2025-06-18 00:00:00+00:00,173.15,176.85,172.89,175.27,906671.0,175.698,6814,False
2025-06-20 00:00:00+00:00,176.86,178.58,176.25,177.39,1694266.0,177.645,9586,False
2025-06-23 00:00:00+00:00,176.61,180.9,176.16,180.75,698046.0,179.008,5139,False
2025-06-24 00:00:00+00:00,182.46,184.31,181.01,182.02,610500.0,182.999,4567,False
2025-06-25 00:00:00+00:00,181.53,182.64,180.45,182.51,1355982.0,181.536,8715,False
2025-06-26 00:00:00+00:00,183.44,185.87,182.98,185.51,1671772.0,185.021,9132,False
2025-06-27 00:00:00+00:00,185.51,187.42,184.85,185.75,1083298.0,186.22,7006,False
2025-06-30 00:00:00+00:00,186.84,187.73,185.79,186.42,1248471.0,186.811,6294,False
2025-07-01 00:00:00+00:00,186.04,193.22,186.01,192.52,2026093.0,191.043,12215,False
2025-07-02 00:00:00+00:00,193.75,196.15,192.55,195.71,1444776.0,194.773,9984,False
2025-07-03 00:00:00+00:00,195.53,197.34,194.96,196.57,923771.0,196.496,6444,False
2025-07-07 00:00:00+00:00,196.11,197.33,194.69,196.25,1317553.0,195.79,8830,False
2025-07-08 00:00:00+00:00,197.36,198.59,196.25,198.0,2294376.0,197.894,12773,False
2025-07-09 00:00:00+00:00,200.0,200.95,196.03,196.14,2196216.0,197.926,15495,False
2025-07-10 00:00:00+00:00,196.6,199.02,195.99,197.95,1597942.0,198.169,8850,False
2025-07-11 00:00:00+00:00,197.0,198.12,195.14,197.02,1382224.0,197.068,10587,False
2025-07-14 00:00:00+00:00,197.6,198.07,195.98,197.39,1066786.0,196.977,7915,False
2025-07-15 00:00:00+00:00,195.46,196.31,191.97,192.14,1982995.0,193.686,15698,False
2025-07-16 00:00:00+00:00,195.5,197.07,191.51,193.93,2110691.0,194.104,16243,False
2025-07-17 00:00:00+00:00,193.05,196.67,193.05,195.99,1513290.0,195.05,10115,False
2025-07-18 00:00:00+00:00,196.34,196.79,193.93,196.52,1354548.0,195.868,8134,False
2025-07-21 00:00:00+00:00,197.06,198.55,195.96,196.03,750613.0,197.115,5649,False
2025-07-22 00:00:00+00:00,195.89,199.0,195.58,196.78,1044044.0,197.269,8038,False
2025-07-23 00:00:00+00:00,197.55,198.09,195.36,197.76,942525.0,196.729,6625,False
2025-07-24 00:00:00+00:00,197.77,198.68,196.15,196.15,879532.0,197.268,5958,False
2025-07-25 00:00:00+00:00,196.33,196.7,193.69,196.05,937566.0,195.652,6395,False
2025-07-28 00:00:00+00:00,196.03,196.5,193.06,193.97,676993.0,194.34,4440,False
2025-07-29 00:00:00+00:00,195.23,195.51,192.87,193.37,440725.0,193.793,3224,False
2025-07-30 00:00:00+00:00,195.02,195.27,191.42,192.55,769686.0,193.595,4812,False
2025-07-31 00:00:00+00:00,192.09,192.87,189.82,190.27,592852.0,191.263,4157,False
2025-08-01 00:00:00+00:00,187.45,187.97,183.84,185.88,1288831.0,185.312,8964,False
2025-08-04 00:00:00+00:00,186.6,189.27,186.56,189.07,615377.0,188.397,5044,False
2025-08-05 00:00:00+00:00,189.73,190.5,186.66,188.99,522969.0,188.597,3959,False
2025-08-06 00:00:00+00:00,189.26,190.17,188.54,188.56,482611.0,189.18,3758,False
2025-08-07 00:00:00+00:00,190.11,190.12,186.48,187.12,644380.0,187.284,4849,False
2025-08-08 00:00:00+00:00,188.34,189.99,187.08,189.74,412695.0,189.088,3133,False
2025-08-11 00:00:00+00:00,190.1,190.48,187.86,188.53,372378.0,188.614,2809,False
2025-08-12 00:00:00+00:00,189.87,191.88,189.82,191.23,808264.0,191.251,5578,False
2025-08-13 00:00:00+00:00,192.0,193.68,190.75,193.4,701218.0,192.953,5594,False
2025-08-14 00:00:00+00:00,192.55,194.74,191.16,194.57,407589.0,193.411,3111,False
2025-08-15 00:00:00+00:00,195.85,195.85,191.12,191.27,603428.0,192.693,3804,False
2025-08-18 00:00:00+00:00,191.0,192.19,190.38,192.01,626150.0,191.544,4388,False
2025-08-19 00:00:00+00:00,191.88,194.08,191.55,192.99,915981.0,192.711,6112,False
2025-08-20 00:00:00+00:00,193.53,195.55,192.74,195.0,1018535.0,194.515,7375,False
2025-08-21 00:00:00+00:00,194.29,195.16,193.06,194.0,511383.0,194.397,3809,False
2025-08-22 00:00:00+00:00,195.02,202.07,194.72,201.69,887715.0,200.693,6156,False
2025-08-25 00:00:00+00:00,201.3,201.47,200.15,200.7,548661.0,200.937,4146,False
2025-08-26 00:00:00+00:00,200.24,203.74,200.01,203.46,535790.0,202.788,4046,False
2025-08-27 00:00:00+00:00,203.04,206.61,202.1,206.04,742676.0,205.756,5590,False
2025-08-28 00:00:00+00:00,207.16,207.16,204.75,205.62,954555.0,205.441,6235,False
2025-08-29 00:00:00+00:00,205.6,208.34,205.6,207.44,905136.0,207.374,5898,False
2025-09-02 00:00:00+00:00,205.71,205.71,202.69,205.42,783846.0,204.37,4509,False
2025-09-03 00:00:00+00:00,204.4,205.74,202.93,205.0,937950.0,204.168,5015,False
2025-09-04 00:00:00+00:00,206.24,207.46,205.19,207.36,401010.0,206.76,3166,False
2025-09-05 00:00:00+00:00,207.76,208.8,203.73,204.4,582687.0,205.897,4080,False
2025-09-08 00:00:00+00:00,204.21,205.64,201.12,203.77,771976.0,202.837,6189,False
2025-09-09 00:00:00+00:00,203.77,204.95,198.84,200.41,864511.0,201.574,6325,False
2025-09-10 00:00:00+00:00,200.97,202.56,200.42,201.89,551924.0,201.844,3959,False
2025-09-11 00:00:00+00:00,201.61,203.53,201.15,202.75,479328.0,202.561,3523,False
2025-09-12 00:00:00+00:00,202.75,203.04,201.59,201.98,444554.0,202.284,3070,False
2025-09-15 00:00:00+00:00,202.25,205.13,201.89,202.46,661995.0,203.293,5021,False
2025-09-16 00:00:00+00:00,202.59,203.14,198.68,200.94,461698.0,200.485,3366,False
2025-09-17 00:00:00+00:00,201.46,205.84,201.1,203.77,551501.0,203.767,4337,False
2025-09-18 00:00:00+00:00,203.92,206.53,203.4,206.27,475790.0,205.237,3389,False
2025-09-19 00:00:00+00:00,206.71,206.71,204.0,205.52,790971.0,205.812,4361,False
2025-09-22 00:00:00+00:00,204.12,205.45,202.55,203.12,489642.0,203.828,3590,False
2025-09-23 00:00:00+00:00,204.0,206.8,203.11,203.92,485142.0,204.779,3651,False
2025-09-24 00:00:00+00:00,203.99,205.97,202.59,204.08,591579.0,204.026,4341,False
2025-09-25 00:00:00+00:00,203.12,204.22,202.15,202.74,391637.0,202.875,3191,False
2025-09-26 00:00:00+00:00,204.1,205.65,202.62,203.32,291409.0,203.633,2130,False
2025-09-29 00:00:00+00:00,203.92,204.05,200.2,201.85,459599.0,201.542,3755,False
2025-09-30 00:00:00+00:00,202.19,202.79,197.4,200.93,526497.0,199.534,3877,False
2025-10-01 00:00:00+00:00,199.62,200.38,197.9,198.44,495384.0,198.903,3905,False
2025-10-02 00:00:00+00:00,197.44,199.61,196.62,198.16,291514.0,198.054,2107,False
2025-10-03 00:00:00+00:00,198.93,200.52,197.46,198.46,359685.0,198.801,2623,False
2025-10-06 00:00:00+00:00,199.92,202.0,194.68,195.62,818674.0,196.829,5219,False
2025-10-07 00:00:00+00:00,196.16,198.93,192.66,193.81,656722.0,194.312,4656,False
2025-10-08 00:00:00+00:00,193.87,193.87,190.11,190.16,634386.0,191.631,4076,False
2025-10-09 00:00:00+00:00,191.36,192.25,188.63,190.67,890508.0,190.381,5497,False
2025-10-10 00:00:00+00:00,191.27,192.04,183.62,183.95,1135023.0,187.383,7478,False
2025-10-13 00:00:00+00:00,186.45,187.72,184.71,186.92,646687.0,186.685,4252,False
2025-10-14 00:00:00+00:00,184.63,190.4,184.5,189.73,1634101.0,188.552,9484,False
2025-10-15 00:00:00+00:00,183.84,186.9,179.21,182.34,3582933.0,183.047,20145,False
2025-10-16 00:00:00+00:00,183.27,184.77,177.56,178.37,1637948.0,179.858,10468,False
2025-10-17 00:00:00+00:00,179.95,180.54,176.88,179.4,1728374.0,178.671,10012,False
2025-10-20 00:00:00+00:00,180.22,182.42,179.72,182.17,1234051.0,181.649,8332,False
2025-10-21 00:00:00+00:00,182.31,183.32,181.24,181.91,1292429.0,182.23,8609,False
2025-10-22 00:00:00+00:00,182.51,182.51,180.14,181.2,881629.0,181.267,6280,False
2025-10-23 00:00:00+00:00,182.08,182.99,180.69,181.95,1075032.0,182.02,7388,False
2025-10-24 00:00:00+00:00,183.53,187.33,182.13,186.44,1079445.0,186.333,7454,False
2025-10-27 00:00:00+00:00,186.78,186.85,183.22,184.86,1117490.0,184.214,6481,False
2025-10-28 00:00:00+00:00,185.03,185.03,181.93,182.84,939251.0,182.854,6899,False
2025-10-29 00:00:00+00:00,181.32,183.59,180.03,181.02,1204951.0,181.759,7894,False
2025-10-30 00:00:00+00:00,181.33,185.09,180.37,182.32,858427.0,182.892,5459,False
2025-10-31 00:00:00+00:00,181.01,183.21,180.4,182.55,635222.0,182.345,4514,False
2025-11-03 00:00:00+00:00,181.89,182.79,179.82,182.74,865582.0,181.786,6055,False
2025-11-04 00:00:00+00:00,181.63,184.78,180.66,182.95,630097.0,183.089,4579,False
2025-11-05 00:00:00+00:00,183.06,185.29,181.51,184.15,642110.0,184.166,4248,False
2025-11-06 00:00:00+00:00,183.22,185.0,182.17,182.92,499780.0,183.286,3654,False
2025-11-07 00:00:00+00:00,181.99,184.23,180.48,184.2,570043.0,182.436,3861,False
2025-11-10 00:00:00+00:00,184.27,186.03,183.0,185.09,470326.0,184.866,3230,False
2025-11-11 00:00:00+00:00,185.99,186.36,184.43,184.82,443633.0,185.339,3371,False
2025-11-12 00:00:00+00:00,185.24,188.08,184.95,186.91,907823.0,186.572,6305,False
2025-11-13 00:00:00+00:00,186.6,187.08,183.59,183.99,460957.0,185.393,2832,False
2025-11-14 00:00:00+00:00,183.84,184.85,181.71,183.99,612096.0,183.672,3650,False
2025-11-17 00:00:00+00:00,183.38,183.82,178.37,179.04,814999.0,181.177,5978,False
2025-11-18 00:00:00+00:00,178.48,181.73,177.08,180.08,891560.0,180.155,6767,False
2025-11-19 00:00:00+00:00,180.36,183.4,180.0,182.97,831075.0,181.983,6318,False
2025-11-20 00:00:00+00:00,184.6,187.22,182.91,183.54,1328058.0,185.233,9700,False
2025-11-21 00:00:00+00:00,184.05,189.34,183.9,186.99,1206353.0,186.746,8345,False
2025-11-24 00:00:00+00:00,186.64,189.45,185.47,188.52,1019727.0,188.137,7711,False
2025-11-25 00:00:00+00:00,190.0,193.83,188.5,192.59,774658.0,192.823,5724,False
2025-11-26 00:00:00+00:00,192.34,194.09,191.82,191.88,623592.0,193.035,4843,False
2025-11-28 00:00:00+00:00,191.73,192.6,190.66,190.72,385896.0,191.464,2849,False
2025-12-01 00:00:00+00:00,190.38,193.85,190.0,192.4,598522.0,192.788,4215,False
2025-12-02 00:00:00+00:00,192.49,193.45,191.36,192.05,511760.0,192.568,3793,False
2025-12-03 00:00:00+00:00,192.62,198.16,192.0,198.0,917700.0,196.24,6501,False
2025-12-04 00:00:00+00:00,198.0,199.56,197.77,198.27,1003162.0,198.553,6351,False
2025-12-05 00:00:00+00:00,197.34,199.06,196.44,197.86,527077.0,198.047,3337,False
2025-12-08 00:00:00+00:00,198.13,199.64,196.32,197.65,689305.0,197.589,5122,False
2025-12-09 00:00:00+00:00,197.96,203.45,197.18,202.15,1192899.0,201.457,8382,False
2025-12-10 00:00:00+00:00,202.69,207.96,202.22,206.97,988846.0,205.185,6808,False
2025-12-11 00:00:00+00:00,207.82,212.02,207.12,211.49,1048408.0,210.358,6919,False
2025-12-12 00:00:00+00:00,213.03,213.03,209.96,210.59,870210.0,211.374,5524,False
2025-12-15 00:00:00+00:00,211.99,213.0,210.89,210.89,811517.0,211.641,5853,False
2025-12-16 00:00:00+00:00,212.27,212.27,209.81,209.98,579161.0,210.529,3630,False
2025-12-17 00:00:00+00:00,210.56,212.63,209.48,210.3,596679.0,211.122,4391,False
2025-12-18 00:00:00+00:00,210.73,213.0,208.69,209.5,856590.0,210.64,5343,False
2025-12-19 00:00:00+00:00,210.01,211.94,209.35,210.2,1307452.0,210.78,6418,False
2025-12-22 00:00:00+00:00,210.2,213.28,209.36,212.9,598155.0,212.565,3759,False
2025-12-23 00:00:00+00:00,212.9,213.98,211.61,211.95,492507.0,212.545,3472,False
2025-12-24 00:00:00+00:00,211.96,214.59,211.32,213.48,320568.0,213.328,2261,False
2025-12-26 00:00:00+00:00,213.23,214.21,212.58,213.89,369864.0,213.507,2538,False
2025-12-29 00:00:00+00:00,213.97,214.02,211.87,211.97,433877.0,212.492,3178,False
2025-12-30 00:00:00+00:00,212.03,212.27,210.85,211.06,306917.0,211.253,2268,False
2025-12-31 00:00:00+00:00,211.0,211.39,208.38,208.73,490188.0,209.445,3594,False
2026-01-02 00:00:00+00:00,208.73,212.59,208.36,211.46,856929.0,211.021,5816,False
2026-01-05 00:00:00+00:00,211.75,219.64,211.75,215.8,1890484.0,217.482,10128,False
2026-01-06 00:00:00+00:00,216.01,219.74,214.36,218.04,863283.0,218.014,5212,False
2026-01-07 00:00:00+00:00,217.38,218.07,214.85,216.27,974967.0,216.156,6332,False
2026-01-08 00:00:00+00:00,215.51,220.54,215.25,218.64,1682627.0,219.357,8499,False
2026-01-09 00:00:00+00:00,218.74,220.08,217.43,217.55,1662137.0,218.719,8069,False
2026-01-12 00:00:00+00:00,215.25,217.0,214.22,215.74,1435292.0,215.424,8151,False
2026-01-13 00:00:00+00:00,216.43,216.73,212.26,212.45,885903.0,213.651,6307,False
2026-01-14 00:00:00+00:00,211.1,213.09,209.52,212.32,1085514.0,211.649,7892,False
2026-01-15 00:00:00+00:00,212.81,216.21,212.42,215.04,1103782.0,215.117,8502,False
2026-01-16 00:00:00+00:00,225.0,227.0,219.69,223.18,2735600.0,223.016,17848,False
2026-01-20 00:00:00+00:00,219.79,224.77,218.29,220.96,3335806.0,222.369,16474,False
2026-01-21 00:00:00+00:00,222.09,227.78,221.58,225.49,2434585.0,225.353,15367,False
2026-01-22 00:00:00+00:00,225.62,227.29,221.52,222.0,3199806.0,223.692,19070,False
2026-01-23 00:00:00+00:00,221.44,221.99,217.5,219.39,1847598.0,218.727,9948,False
2026-01-26 00:00:00+00:00,219.59,221.67,219.22,220.75,741078.0,220.525,5007,False
2026-01-27 00:00:00+00:00,220.53,224.07,220.53,223.7,1074716.0,223.081,6274,False
2026-01-28 00:00:00+00:00,223.3,224.21,219.4,221.39,1188809.0,221.009,6757,False
2026-01-29 00:00:00+00:00,222.97,224.63,220.85,224.46,892884.0,223.16,5542,False
2026-01-30 00:00:00+00:00,222.94,225.0,221.68,223.3,828394.0,223.263,5664,False
2026-02-02 00:00:00+00:00,223.7,227.88,222.41,227.63,983857.0,226.899,6190,False
2026-02-03 00:00:00+00:00,229.28,234.3,228.14,233.82,2120800.0,232.293,12101,False
2026-02-04 00:00:00+00:00,235.0,240.37,235.0,237.25,2094097.0,238.634,14453,False
2026-02-05 00:00:00+00:00,236.34,239.27,235.21,238.51,2112036.0,237.785,13188,False
2026-02-06 00:00:00+00:00,240.81,243.94,239.54,242.48,1291600.0,242.338,8380,False
2026-02-09 00:00:00+00:00,241.75,243.65,240.71,240.95,1024125.0,241.675,6769,False
2026-02-10 00:00:00+00:00,240.13,242.22,236.73,240.33,1064443.0,240.025,7634,False
2026-02-11 00:00:00+00:00,240.33,242.57,234.83,235.48,1313403.0,237.18,8502,False
2026-02-12 00:00:00+00:00,236.79,237.91,227.3,229.68,1032081.0,230.598,7213,False
2026-02-13 00:00:00+00:00,228.18,231.74,226.37,229.32,1429199.0,229.531,8307,False
2026-02-17 00:00:00+00:00,229.32,233.33,229.32,231.24,1074008.0,231.473,6761,False
2026-02-18 00:00:00+00:00,231.86,235.3,231.46,232.74,1210862.0,233.272,7647,False
2026-02-19 00:00:00+00:00,230.95,232.67,227.88,230.3,620486.0,229.566,4120,False
2026-02-20 00:00:00+00:00,230.54,233.08,228.05,232.97,782914.0,231.213,4765,False
2026-02-23 00:00:00+00:00,232.17,233.55,219.31,220.77,1175763.0,223.141,6948,False
2026-02-24 00:00:00+00:00,219.28,220.57,216.23,217.91,1089262.0,218.338,7608,False
2026-02-25 00:00:00+00:00,219.49,222.5,219.09,221.95,785582.0,221.486,5606,False
2026-02-26 00:00:00+00:00,223.19,227.0,221.13,222.82,951892.0,223.303,6411,False
2026-02-27 00:00:00+00:00,219.96,220.5,210.35,212.35,1623101.0,212.844,10651,False
2026-03-02 00:00:00+00:00,207.63,215.02,205.89,214.23,2997394.0,212.799,16111,False
2026-03-03 00:00:00+00:00,209.12,216.13,208.48,213.05,1274915.0,213.363,8283,False
2026-03-04 00:00:00+00:00,213.93,215.1,212.26,213.86,770126.0,214.167,5427,False
2026-03-05 00:00:00+00:00,211.43,213.79,210.53,212.37,873132.0,211.977,6612,False
2026-03-06 00:00:00+00:00,207.67,209.0,202.83,206.12,1650742.0,205.532,11564,False
2026-03-09 00:00:00+00:00,203.05,206.07,198.04,205.34,1609766.0,201.512,9888,False
2026-03-10 00:00:00+00:00,205.36,210.24,203.61,206.39,1222176.0,207.416,7902,False
2026-03-11 00:00:00+00:00,205.58,206.76,203.32,205.64,932024.0,204.989,7123,False
2026-03-12 00:00:00+00:00,201.27,203.85,201.18,202.69,1440850.0,202.386,9989,False
2026-03-13 00:00:00+00:00,204.37,205.91,200.52,201.13,1351769.0,202.809,8621,False
2026-03-16 00:00:00+00:00,203.25,205.4,200.45,200.75,1395419.0,202.26,9166,False
2026-03-17 00:00:00+00:00,203.85,205.91,202.79,203.92,1105179.0,204.45,6837,False
2026-03-18 00:00:00+00:00,203.18,206.88,200.54,201.17,1690475.0,203.829,9637,False
2026-03-19 00:00:00+00:00,199.92,203.21,197.56,202.05,1315541.0,200.519,9141,False
2026-03-20 00:00:00+00:00,202.29,203.52,199.6,201.71,1509156.0,201.766,9641,False
2026-03-23 00:00:00+00:00,207.41,208.0,203.22,203.93,1204629.0,205.115,8182,False
2026-03-24 00:00:00+00:00,201.38,208.6,201.38,206.35,1113750.0,206.395,7559,False
2026-03-25 00:00:00+00:00,208.08,209.27,203.64,205.95,681393.0,206.234,5044,False
2026-03-26 00:00:00+00:00,204.88,206.63,204.24,205.46,616662.0,205.397,4271,False
2026-03-27 00:00:00+00:00,204.41,206.78,201.81,202.39,874630.0,203.74,5753,False
2026-03-30 00:00:00+00:00,203.34,204.24,200.75,201.66,729816.0,202.262,4573,False
2026-03-31 00:00:00+00:00,204.91,208.4,203.07,208.09,680632.0,206.272,4602,False
2026-04-01 00:00:00+00:00,210.16,211.91,208.86,209.24,903951.0,210.16,5279,False
2026-04-02 00:00:00+00:00,207.15,211.85,205.23,211.7,1021223.0,209.698,6678,False
2026-04-06 00:00:00+00:00,211.92,213.16,210.64,213.14,530577.0,212.206,3703,False
2026-04-07 00:00:00+00:00,212.0,215.11,211.56,213.92,1028421.0,213.548,6629,False
2026-04-08 00:00:00+00:00,218.92,222.11,218.75,220.76,1189752.0,219.945,7116,False
2026-04-09 00:00:00+00:00,218.66,224.12,217.96,223.23,660146.0,222.557,4600,False
2026-04-10 00:00:00+00:00,222.91,223.8,220.39,221.13,736431.0,221.859,4596,False
2026-04-13 00:00:00+00:00,219.61,223.34,218.0,223.0,1215436.0,220.45,7335,False
2026-04-14 00:00:00+00:00,220.65,221.97,218.55,221.2,1198867.0,220.764,8174,False
2026-04-15 00:00:00+00:00,222.89,225.47,218.4,222.06,1364312.0,223.185,9478,False
2026-04-16 00:00:00+00:00,221.79,224.25,219.87,220.07,783405.0,221.575,4780,False
2026-04-17 00:00:00+00:00,221.52,226.36,221.37,224.81,1139318.0,224.183,6525,False
2026-04-20 00:00:00+00:00,223.76,227.93,223.62,227.03,860422.0,226.923,4879,False
2026-04-21 00:00:00+00:00,227.02,230.25,226.68,228.05,1463348.0,228.376,8235,False
2026-04-22 00:00:00+00:00,229.15,229.72,224.51,225.06,910259.0,227.129,5867,False
2026-04-23 00:00:00+00:00,225.66,227.29,222.92,225.09,498146.0,225.418,3502,False
2026-04-24 00:00:00+00:00,224.79,225.22,218.79,219.86,754619.0,221.168,4664,False
2026-04-27 00:00:00+00:00,219.57,222.77,219.56,221.33,739462.0,221.559,4832,False
2026-04-28 00:00:00+00:00,223.18,223.92,220.22,220.89,820536.0,221.671,5294,False
2026-04-29 00:00:00+00:00,220.48,222.33,217.79,218.71,747264.0,218.959,4885,False
2026-04-30 00:00:00+00:00,217.55,224.29,216.64,223.0,770872.0,222.349,5059,False
2026-05-01 00:00:00+00:00,223.23,223.67,220.7,220.71,444397.0,221.796,3202,False
2026-05-04 00:00:00+00:00,219.17,221.41,217.15,218.04,543987.0,218.631,3585,False
2026-05-05 00:00:00+00:00,218.52,223.0,217.96,221.63,521851.0,221.137,3387,False
2026-05-06 00:00:00+00:00,223.43,226.01,221.81,222.42,481650.0,223.008,3416,False
2026-05-07 00:00:00+00:00,220.94,223.05,218.48,219.29,441400.0,219.758,2731,False
2026-05-08 00:00:00+00:00,220.19,221.05,216.47,216.85,566524.0,218.074,3740,False
2026-05-11 00:00:00+00:00,217.31,219.06,213.77,214.59,1345221.0,215.635,6657,False
2026-05-12 00:00:00+00:00,215.04,216.29,210.91,215.21,669945.0,214.513,4707,False
2026-05-13 00:00:00+00:00,214.14,215.09,209.7,209.86,673791.0,211.741,4553,False
2026-05-14 00:00:00+00:00,211.95,214.1,211.61,213.45,701339.0,213.222,3991,False
2026-05-15 00:00:00+00:00,213.32,213.74,210.86,212.84,1170951.0,212.545,6902,False
