date,open,high,low,close,volume,average,barCount,is_rth
2025-11-17 12:00:00+00:00,34.61,34.61,34.61,34.61,100.0,34.61,1,False
2025-11-17 13:00:00+00:00,34.61,34.61,34.61,34.61,0.0,34.61,0,False
2025-11-17 14:00:00+00:00,34.54,34.54,33.93,33.94,17903.0,34.062,70,False
2025-11-17 15:00:00+00:00,33.94,34.06,33.55,33.6,43405.0,33.769,243,True
2025-11-17 16:00:00+00:00,33.61,33.66,33.3,33.62,79313.0,33.491,290,True
2025-11-17 17:00:00+00:00,33.6,33.65,33.38,33.43,19266.0,33.511,158,True
2025-11-17 18:00:00+00:00,33.41,33.43,32.49,32.55,164883.0,32.932,767,True
2025-11-17 19:00:00+00:00,32.56,32.7,32.16,32.42,113778.0,32.419,623,True
2025-11-17 20:00:00+00:00,32.41,32.44,32.11,32.29,147906.0,32.294,919,True
2025-11-17 21:00:00+00:00,32.29,32.29,32.01,32.01,138529.0,32.289,10,False
2025-11-17 22:00:00+00:00,32.01,32.01,32.01,32.01,0.0,32.01,0,False
2025-11-17 23:00:00+00:00,32.24,32.29,30.0,30.22,5705.0,30.605,14,False
2025-11-18 00:00:00+00:00,32.0,32.0,31.34,31.96,1499.0,31.852,8,False
2025-11-18 13:00:00+00:00,30.5,31.82,30.5,31.5,459.0,31.428,4,False
2025-11-18 14:00:00+00:00,31.7,32.48,31.69,32.04,36970.0,32.045,174,False
2025-11-18 15:00:00+00:00,32.06,32.23,31.83,32.17,63997.0,32.041,424,True
2025-11-18 16:00:00+00:00,32.17,32.63,31.95,32.22,133126.0,32.213,673,True
2025-11-18 17:00:00+00:00,32.2,32.29,31.75,32.19,77108.0,31.988,377,True
2025-11-18 18:00:00+00:00,32.19,32.29,31.94,32.0,50788.0,32.122,308,True
2025-11-18 19:00:00+00:00,32.0,32.1,31.92,32.01,65058.0,32.003,306,True
2025-11-18 20:00:00+00:00,31.99,32.02,31.65,31.82,377008.0,31.83,2025,True
2025-11-18 21:00:00+00:00,31.83,31.83,31.83,31.83,142933.0,31.83,6,False
2025-11-18 22:00:00+00:00,31.83,31.83,31.83,31.83,0.0,31.83,0,False
2025-11-18 23:00:00+00:00,31.83,31.83,31.83,31.83,0.0,31.83,0,False
2025-11-19 00:00:00+00:00,31.83,31.83,31.83,31.83,0.0,31.83,0,False
2025-11-19 14:00:00+00:00,31.83,32.23,31.44,32.09,30153.0,31.857,180,False
2025-11-19 15:00:00+00:00,32.1,32.42,31.47,31.65,36379.0,31.975,249,True
2025-11-19 16:00:00+00:00,31.68,31.93,31.61,31.77,39296.0,31.785,272,True
2025-11-19 17:00:00+00:00,31.76,31.77,31.4,31.64,19245.0,31.655,138,True
2025-11-19 18:00:00+00:00,31.66,31.93,31.48,31.78,53833.0,31.608,266,True
2025-11-19 19:00:00+00:00,31.75,31.75,31.42,31.55,32536.0,31.552,246,True
2025-11-19 20:00:00+00:00,31.6,31.75,31.49,31.59,110954.0,31.608,753,True
2025-11-19 21:00:00+00:00,31.59,31.59,31.59,31.59,156505.0,31.59,22,False
2025-11-19 22:00:00+00:00,31.59,31.59,31.59,31.59,0.0,31.59,0,False
2025-11-19 23:00:00+00:00,32.0,32.64,32.0,32.64,417.0,32.373,3,False
2025-11-20 00:00:00+00:00,32.64,32.64,32.64,32.64,0.0,32.64,0,False
2025-11-20 13:00:00+00:00,32.69,32.69,32.69,32.69,1392.0,32.69,2,False
2025-11-20 14:00:00+00:00,32.25,32.28,31.77,32.0,36753.0,32.084,176,False
2025-11-20 15:00:00+00:00,32.05,32.07,31.61,31.74,40831.0,31.855,329,True
2025-11-20 16:00:00+00:00,31.73,31.83,31.25,31.29,60823.0,31.612,466,True
2025-11-20 17:00:00+00:00,31.3,31.41,31.06,31.18,38103.0,31.235,282,True
2025-11-20 18:00:00+00:00,31.11,31.57,31.02,31.1,46768.0,31.293,298,True
2025-11-20 19:00:00+00:00,31.09,31.32,30.95,31.3,42879.0,31.116,318,True
2025-11-20 20:00:00+00:00,31.3,31.3,30.86,30.94,190425.0,30.98,1094,True
2025-11-20 21:00:00+00:00,30.92,30.92,30.92,30.92,113672.0,30.92,11,False
2025-11-20 22:00:00+00:00,30.92,30.92,30.92,30.92,0.0,30.92,0,False
2025-11-20 23:00:00+00:00,30.92,30.92,30.92,30.92,0.0,30.92,0,False
2025-11-21 00:00:00+00:00,30.92,30.92,30.92,30.92,0.0,30.92,0,False
2025-11-21 12:00:00+00:00,30.92,30.98,30.92,30.98,686.0,30.954,3,False
2025-11-21 13:00:00+00:00,30.87,30.93,30.29,30.29,1089.0,30.68,4,False
2025-11-21 14:00:00+00:00,31.0,31.41,30.97,31.22,46607.0,31.089,133,False
2025-11-21 15:00:00+00:00,31.3,31.49,31.1,31.35,44243.0,31.258,316,True
2025-11-21 16:00:00+00:00,31.36,32.41,31.23,32.41,33631.0,31.722,220,True
2025-11-21 17:00:00+00:00,32.41,32.74,32.38,32.43,53126.0,32.56,201,True
2025-11-21 18:00:00+00:00,32.46,32.72,32.02,32.6,51037.0,32.352,318,True
2025-11-21 19:00:00+00:00,32.54,32.86,32.54,32.78,33998.0,32.717,238,True
2025-11-21 20:00:00+00:00,32.78,33.13,32.65,33.07,379005.0,32.974,1897,True
2025-11-21 21:00:00+00:00,33.06,33.7,33.06,33.7,273588.0,33.061,14,False
2025-11-21 22:00:00+00:00,33.7,33.7,33.7,33.7,0.0,33.7,0,False
2025-11-21 23:00:00+00:00,33.7,33.7,33.7,33.7,0.0,33.7,0,False
2025-11-22 00:00:00+00:00,33.7,33.7,33.7,33.7,0.0,33.7,0,False
2025-11-24 09:00:00+00:00,33.06,33.06,33.06,33.06,200.0,33.06,2,False
2025-11-24 10:00:00+00:00,33.06,33.06,33.06,33.06,0.0,33.06,0,False
2025-11-24 11:00:00+00:00,33.06,33.06,33.06,33.06,0.0,33.06,0,False
2025-11-24 12:00:00+00:00,33.06,33.06,33.06,33.06,0.0,33.06,0,False
2025-11-24 13:00:00+00:00,33.06,33.06,33.06,33.06,0.0,33.06,0,False
2025-11-24 14:00:00+00:00,33.11,33.25,32.67,32.91,30514.0,32.918,155,False
2025-11-24 15:00:00+00:00,32.91,33.66,32.88,33.65,96436.0,33.31,572,True
2025-11-24 16:00:00+00:00,33.65,33.84,33.55,33.66,30628.0,33.683,189,True
2025-11-24 17:00:00+00:00,33.73,33.89,33.67,33.76,54304.0,33.796,332,True
2025-11-24 18:00:00+00:00,33.76,33.93,33.72,33.73,32323.0,33.824,214,True
2025-11-24 19:00:00+00:00,33.7,33.74,33.35,33.37,37007.0,33.542,285,True
2025-11-24 20:00:00+00:00,33.37,33.48,33.16,33.23,150457.0,33.302,1073,True
2025-11-24 21:00:00+00:00,33.22,33.22,32.42,32.43,158522.0,33.219,4,False
2025-11-24 22:00:00+00:00,33.89,33.9,33.1,33.1,49080.0,33.507,54,False
2025-11-24 23:00:00+00:00,33.02,33.55,33.02,33.55,1593.0,33.287,4,False
2025-11-25 00:00:00+00:00,33.55,33.55,33.55,33.55,0.0,33.55,0,False
2025-11-25 14:00:00+00:00,32.98,33.15,32.53,33.07,31255.0,32.884,150,False
2025-11-25 15:00:00+00:00,33.07,33.54,32.84,33.31,32086.0,33.226,192,True
2025-11-25 16:00:00+00:00,33.31,33.41,33.0,33.29,45644.0,33.224,235,True
2025-11-25 17:00:00+00:00,33.29,33.76,33.25,33.54,17392.0,33.542,140,True
2025-11-25 18:00:00+00:00,33.56,33.7,33.33,33.35,28773.0,33.501,213,True
2025-11-25 19:00:00+00:00,33.33,33.47,33.25,33.43,27167.0,33.365,126,True
2025-11-25 20:00:00+00:00,33.43,33.61,33.39,33.52,71438.0,33.501,467,True
2025-11-25 21:00:00+00:00,33.51,33.51,32.55,32.55,106772.0,33.502,20,False
2025-11-25 22:00:00+00:00,33.0,33.0,33.0,33.0,998.0,33.0,2,False
2025-11-25 23:00:00+00:00,33.0,33.0,33.0,33.0,0.0,33.0,0,False
2025-11-26 00:00:00+00:00,33.0,33.0,33.0,33.0,0.0,33.0,0,False
2025-11-26 13:00:00+00:00,33.7,33.7,33.41,33.41,27812.0,33.582,22,False
2025-11-26 14:00:00+00:00,33.42,33.75,33.24,33.59,32088.0,33.434,179,False
2025-11-26 15:00:00+00:00,33.5,33.72,33.43,33.65,26529.0,33.545,197,True
2025-11-26 16:00:00+00:00,33.65,33.93,33.47,33.55,17848.0,33.678,158,True
2025-11-26 17:00:00+00:00,33.52,33.63,33.48,33.52,22519.0,33.542,167,True
2025-11-26 18:00:00+00:00,33.59,33.7,33.36,33.55,75281.0,33.478,338,True
2025-11-26 19:00:00+00:00,33.54,33.69,33.39,33.61,108741.0,33.514,696,True
2025-11-26 20:00:00+00:00,33.63,33.89,33.5,33.74,209612.0,33.676,1331,True
2025-11-26 21:00:00+00:00,33.73,33.73,33.73,33.73,121735.0,33.73,7,False
2025-11-26 22:00:00+00:00,33.73,33.73,33.73,33.73,0.0,33.73,0,False
2025-11-26 23:00:00+00:00,33.73,33.73,33.73,33.73,0.0,33.73,0,False
2025-11-27 00:00:00+00:00,33.73,33.73,33.73,33.73,0.0,33.73,0,False
2025-11-28 14:00:00+00:00,33.42,33.73,33.41,33.45,21628.0,33.526,68,False
2025-11-28 15:00:00+00:00,33.58,33.68,33.46,33.5,14791.0,33.561,115,True
2025-11-28 16:00:00+00:00,33.52,33.74,33.47,33.53,19934.0,33.58,139,True
2025-11-28 17:00:00+00:00,33.53,33.64,33.29,33.58,60925.0,33.495,444,True
2025-11-28 18:00:00+00:00,33.59,33.6,33.59,33.6,128876.0,33.6,6,True
2025-11-28 19:00:00+00:00,33.3,33.3,33.3,33.3,400.0,33.3,1,True
2025-11-28 20:00:00+00:00,33.3,33.3,33.3,33.3,0.0,33.3,0,True
2025-11-28 21:00:00+00:00,33.3,33.3,33.3,33.3,0.0,33.3,0,False
2025-12-01 14:00:00+00:00,33.09,33.6,32.81,33.47,37535.0,33.299,192,False
2025-12-01 15:00:00+00:00,33.48,33.69,33.28,33.65,42146.0,33.509,271,True
2025-12-01 16:00:00+00:00,33.65,33.85,33.55,33.8,41511.0,33.697,268,True
2025-12-01 17:00:00+00:00,33.8,34.33,33.72,34.3,40076.0,34.054,323,True
2025-12-01 18:00:00+00:00,34.3,34.41,34.04,34.16,50743.0,34.226,342,True
2025-12-01 19:00:00+00:00,34.13,34.16,33.82,33.82,55160.0,33.976,413,True
2025-12-01 20:00:00+00:00,33.82,33.89,33.55,33.71,137083.0,33.713,1065,True
2025-12-01 21:00:00+00:00,33.69,33.69,33.69,33.69,201682.0,33.69,9,False
2025-12-01 22:00:00+00:00,33.69,33.69,33.69,33.69,0.0,33.69,0,False
2025-12-01 23:00:00+00:00,33.69,33.69,33.69,33.69,0.0,33.69,0,False
2025-12-02 00:00:00+00:00,33.69,33.69,33.69,33.69,0.0,33.69,0,False
2025-12-02 14:00:00+00:00,34.03,34.03,33.5,33.77,34083.0,33.824,146,False
2025-12-02 15:00:00+00:00,33.77,34.49,33.68,34.34,76681.0,33.952,491,True
2025-12-02 16:00:00+00:00,34.34,34.39,33.78,33.89,23680.0,34.07,179,True
2025-12-02 17:00:00+00:00,33.9,34.29,33.83,34.2,25259.0,34.096,175,True
2025-12-02 18:00:00+00:00,34.19,34.73,34.19,34.7,44889.0,34.397,314,True
2025-12-02 19:00:00+00:00,34.7,34.87,34.62,34.79,45141.0,34.743,316,True
2025-12-02 20:00:00+00:00,34.82,34.89,34.44,34.57,99074.0,34.661,734,True
2025-12-02 21:00:00+00:00,34.56,34.56,34.56,34.56,113810.0,34.56,12,False
2025-12-02 22:00:00+00:00,34.56,34.56,34.56,34.56,0.0,34.56,0,False
2025-12-02 23:00:00+00:00,34.56,34.56,34.56,34.56,0.0,34.56,0,False
2025-12-03 00:00:00+00:00,34.56,34.56,34.56,34.56,0.0,34.56,0,False
2025-12-03 13:00:00+00:00,34.54,34.59,34.54,34.59,278.0,34.571,2,False
2025-12-03 14:00:00+00:00,34.58,35.53,34.55,35.19,26193.0,35.149,126,False
2025-12-03 15:00:00+00:00,35.18,35.42,34.97,35.22,38426.0,35.232,276,True
2025-12-03 16:00:00+00:00,35.22,35.61,35.21,35.5,34015.0,35.411,257,True
2025-12-03 17:00:00+00:00,35.53,36.04,35.46,36.03,31951.0,35.712,226,True
2025-12-03 18:00:00+00:00,36.04,36.5,36.02,36.36,63307.0,36.334,458,True
2025-12-03 19:00:00+00:00,36.4,36.49,36.14,36.45,46859.0,36.337,290,True
2025-12-03 20:00:00+00:00,36.46,36.66,36.11,36.19,140110.0,36.35,882,True
2025-12-03 21:00:00+00:00,36.2,36.25,36.19,36.25,142625.0,36.19,14,False
2025-12-03 22:00:00+00:00,36.25,36.25,36.25,36.25,0.0,36.25,0,False
2025-12-03 23:00:00+00:00,36.25,36.25,36.25,36.25,0.0,36.25,0,False
2025-12-04 00:00:00+00:00,36.25,36.25,36.25,36.25,0.0,36.25,0,False
2025-12-04 14:00:00+00:00,36.13,36.58,35.56,36.04,33831.0,36.093,172,False
2025-12-04 15:00:00+00:00,36.08,36.36,36.0,36.3,32986.0,36.155,228,True
2025-12-04 16:00:00+00:00,36.32,36.58,36.27,36.58,20603.0,36.372,182,True
2025-12-04 17:00:00+00:00,36.52,36.76,36.42,36.67,30683.0,36.606,252,True
2025-12-04 18:00:00+00:00,36.67,36.75,36.54,36.7,34246.0,36.636,235,True
2025-12-04 19:00:00+00:00,36.7,36.72,36.5,36.66,45522.0,36.629,328,True
2025-12-04 20:00:00+00:00,36.63,36.72,36.35,36.59,82609.0,36.553,613,True
2025-12-04 21:00:00+00:00,36.58,36.58,36.58,36.58,92365.0,36.58,7,False
2025-12-04 22:00:00+00:00,36.58,36.58,36.58,36.58,0.0,36.58,0,False
2025-12-04 23:00:00+00:00,36.58,36.58,36.58,36.58,0.0,36.58,0,False
2025-12-05 00:00:00+00:00,36.58,36.58,36.58,36.58,0.0,36.58,0,False
2025-12-05 14:00:00+00:00,36.59,37.12,36.58,37.02,33540.0,36.875,133,False
2025-12-05 15:00:00+00:00,37.1,37.2,36.81,36.92,31711.0,36.985,255,True
2025-12-05 16:00:00+00:00,36.95,37.1,36.65,36.66,36112.0,36.869,271,True
2025-12-05 17:00:00+00:00,36.64,36.64,36.3,36.5,37202.0,36.423,254,True
2025-12-05 18:00:00+00:00,36.49,36.57,36.29,36.47,56571.0,36.41,322,True
2025-12-05 19:00:00+00:00,36.45,36.54,36.33,36.52,100517.0,36.42,330,True
2025-12-05 20:00:00+00:00,36.54,36.6,36.1,36.51,275405.0,36.401,1398,True
2025-12-05 21:00:00+00:00,36.51,36.51,36.51,36.51,139145.0,36.51,6,False
2025-12-05 22:00:00+00:00,36.77,36.84,36.77,36.84,1276.0,36.782,5,False
2025-12-05 23:00:00+00:00,36.84,36.84,36.84,36.84,0.0,36.84,0,False
2025-12-06 00:00:00+00:00,36.84,36.84,36.83,36.84,0.0,36.84,0,False
2025-12-08 14:00:00+00:00,36.77,37.14,36.32,36.87,44709.0,36.774,229,False
2025-12-08 15:00:00+00:00,36.88,37.59,36.83,37.19,70488.0,37.248,533,True
2025-12-08 16:00:00+00:00,37.19,37.29,36.99,37.18,46696.0,37.125,355,True
2025-12-08 17:00:00+00:00,37.18,37.24,36.91,37.13,42740.0,37.067,286,True
2025-12-08 18:00:00+00:00,37.09,37.2,36.8,36.83,35022.0,36.979,286,True
2025-12-08 19:00:00+00:00,36.84,36.96,36.75,36.91,39762.0,36.865,328,True
2025-12-08 20:00:00+00:00,36.92,37.27,36.83,37.25,175751.0,37.092,1195,True
2025-12-08 21:00:00+00:00,37.24,37.24,37.24,37.24,137308.0,37.24,7,False
2025-12-08 22:00:00+00:00,37.24,37.24,37.24,37.24,0.0,37.24,0,False
2025-12-08 23:00:00+00:00,37.24,37.24,37.24,37.24,0.0,37.24,0,False
2025-12-09 00:00:00+00:00,37.24,37.24,37.24,37.24,0.0,37.24,0,False
2025-12-09 10:00:00+00:00,37.24,37.24,37.24,37.24,188.0,37.24,1,False
2025-12-09 11:00:00+00:00,37.24,37.24,37.24,37.24,0.0,37.24,0,False
2025-12-09 12:00:00+00:00,37.0,37.0,37.0,37.0,150.0,37.0,1,False
2025-12-09 13:00:00+00:00,37.06,37.06,37.06,37.06,134.0,37.06,1,False
2025-12-09 14:00:00+00:00,37.0,37.26,36.71,36.93,30787.0,36.892,117,False
2025-12-09 15:00:00+00:00,36.8,36.81,36.36,36.73,117601.0,36.58,514,True
2025-12-09 16:00:00+00:00,36.8,36.99,36.75,36.9,42430.0,36.851,337,True
2025-12-09 17:00:00+00:00,36.9,36.94,36.41,36.41,44274.0,36.779,353,True
2025-12-09 18:00:00+00:00,36.4,36.45,36.24,36.38,44776.0,36.358,359,True
2025-12-09 19:00:00+00:00,36.33,36.4,36.09,36.39,126187.0,36.249,736,True
2025-12-09 20:00:00+00:00,36.4,36.52,36.02,36.37,178086.0,36.286,1385,True
2025-12-09 21:00:00+00:00,36.37,36.37,36.37,36.37,177470.0,36.37,9,False
2025-12-09 22:00:00+00:00,36.37,36.37,36.37,36.37,0.0,36.37,0,False
2025-12-09 23:00:00+00:00,36.37,36.37,36.37,36.37,0.0,36.37,0,False
2025-12-10 00:00:00+00:00,36.37,36.37,36.37,36.37,0.0,36.37,0,False
2025-12-10 13:00:00+00:00,36.42,36.42,36.42,36.42,100.0,36.42,1,False
2025-12-10 14:00:00+00:00,36.39,36.91,36.16,36.89,25803.0,36.46,113,False
2025-12-10 15:00:00+00:00,36.9,36.94,36.57,36.82,36713.0,36.749,221,True
2025-12-10 16:00:00+00:00,36.86,37.31,36.75,37.11,54635.0,37.062,327,True
2025-12-10 17:00:00+00:00,37.12,37.21,37.0,37.09,25861.0,37.096,210,True
2025-12-10 18:00:00+00:00,37.12,37.35,37.02,37.09,22962.0,37.204,124,True
2025-12-10 19:00:00+00:00,37.12,37.9,37.02,37.87,76317.0,37.428,563,True
2025-12-10 20:00:00+00:00,37.84,38.2,37.32,37.56,183349.0,37.657,1377,True
2025-12-10 21:00:00+00:00,37.55,37.55,37.55,37.55,254390.0,37.55,20,False
2025-12-10 22:00:00+00:00,37.55,37.55,37.55,37.55,0.0,37.55,0,False
2025-12-10 23:00:00+00:00,37.55,37.55,37.55,37.55,0.0,37.55,0,False
2025-12-11 00:00:00+00:00,37.55,37.55,37.55,37.55,0.0,37.55,0,False
2025-12-11 13:00:00+00:00,36.82,36.88,36.82,36.88,300.0,36.84,2,False
2025-12-11 14:00:00+00:00,37.6,37.91,37.01,37.18,34764.0,37.419,176,False
2025-12-11 15:00:00+00:00,37.03,37.2,36.81,37.05,33043.0,36.953,268,True
2025-12-11 16:00:00+00:00,37.12,37.31,37.01,37.05,23335.0,37.155,216,True
2025-12-11 17:00:00+00:00,37.07,37.3,37.06,37.09,31268.0,37.181,213,True
2025-12-11 18:00:00+00:00,37.13,37.23,36.99,37.13,22045.0,37.124,176,True
2025-12-11 19:00:00+00:00,37.16,37.31,37.07,37.18,51048.0,37.202,324,True
2025-12-11 20:00:00+00:00,37.14,37.44,37.13,37.37,88886.0,37.303,618,True
2025-12-11 21:00:00+00:00,37.35,37.35,37.35,37.35,158039.0,37.35,9,False
2025-12-11 22:00:00+00:00,37.35,37.35,37.35,37.35,100.0,37.35,1,False
2025-12-11 23:00:00+00:00,37.35,37.35,37.35,37.35,0.0,37.35,0,False
2025-12-12 00:00:00+00:00,37.35,37.35,37.35,37.35,0.0,37.35,0,False
2025-12-12 14:00:00+00:00,37.15,37.99,37.15,37.68,48291.0,37.708,215,False
2025-12-12 15:00:00+00:00,37.73,37.91,36.87,36.92,69579.0,37.464,385,True
2025-12-12 16:00:00+00:00,36.93,36.95,36.38,36.52,44318.0,36.655,351,True
2025-12-12 17:00:00+00:00,36.54,36.8,36.47,36.65,17469.0,36.646,119,True
2025-12-12 18:00:00+00:00,36.71,36.86,36.64,36.8,22885.0,36.731,193,True
2025-12-12 19:00:00+00:00,36.77,36.8,36.21,36.21,26384.0,36.503,207,True
2025-12-12 20:00:00+00:00,36.24,36.55,36.11,36.47,104178.0,36.39,746,True
2025-12-12 21:00:00+00:00,36.47,36.47,36.47,36.47,200580.0,36.47,13,False
2025-12-12 22:00:00+00:00,36.47,36.47,36.47,36.47,0.0,36.47,0,False
2025-12-12 23:00:00+00:00,36.47,36.47,36.47,36.47,0.0,36.47,0,False
2025-12-13 00:00:00+00:00,36.47,36.47,36.47,36.47,0.0,36.47,0,False
2025-12-15 14:00:00+00:00,36.92,37.21,36.39,36.48,23851.0,36.769,91,False
2025-12-15 15:00:00+00:00,36.44,36.58,35.74,36.01,28831.0,36.146,196,True
2025-12-15 16:00:00+00:00,36.05,36.1,35.9,35.91,18022.0,36.005,145,True
2025-12-15 17:00:00+00:00,35.95,36.09,35.86,35.9,26645.0,35.955,147,True
2025-12-15 18:00:00+00:00,35.93,36.23,35.93,36.22,19911.0,36.109,162,True
2025-12-15 19:00:00+00:00,36.2,36.56,36.12,36.5,45301.0,36.296,331,True
2025-12-15 20:00:00+00:00,36.5,36.52,36.23,36.35,128092.0,36.369,756,True
2025-12-15 21:00:00+00:00,36.36,36.36,36.34,36.34,125613.0,36.34,11,False
2025-12-15 22:00:00+00:00,36.34,36.34,36.34,36.34,0.0,36.34,0,False
2025-12-15 23:00:00+00:00,36.34,36.34,36.34,36.34,0.0,36.34,0,False
2025-12-16 00:00:00+00:00,36.34,36.34,36.34,36.34,0.0,36.34,0,False
2025-12-16 10:00:00+00:00,35.93,36.0,35.93,36.0,775.0,35.972,4,False
2025-12-16 11:00:00+00:00,36.0,36.0,36.0,36.0,0.0,36.0,0,False
2025-12-16 12:00:00+00:00,36.0,36.0,36.0,36.0,0.0,36.0,0,False
2025-12-16 13:00:00+00:00,36.5,36.81,35.89,36.77,775.0,36.497,5,False
2025-12-16 14:00:00+00:00,36.45,37.05,36.09,36.79,64462.0,36.68,243,False
2025-12-16 15:00:00+00:00,36.83,36.87,36.22,36.45,73937.0,36.561,354,True
2025-12-16 16:00:00+00:00,36.42,36.59,36.35,36.42,35146.0,36.454,294,True
2025-12-16 17:00:00+00:00,36.4,36.5,36.11,36.13,46887.0,36.354,325,True
2025-12-16 18:00:00+00:00,36.16,36.18,35.92,35.94,25215.0,36.044,198,True
2025-12-16 19:00:00+00:00,35.94,36.16,35.78,36.07,51851.0,35.946,337,True
2025-12-16 20:00:00+00:00,36.07,36.41,35.97,36.14,97281.0,36.176,745,True
2025-12-16 21:00:00+00:00,36.14,36.14,36.14,36.14,228966.0,36.14,15,False
2025-12-16 22:00:00+00:00,36.14,36.14,36.14,36.14,0.0,36.14,0,False
2025-12-16 23:00:00+00:00,36.14,36.14,36.14,36.14,0.0,36.14,0,False
2025-12-17 00:00:00+00:00,36.14,36.14,36.14,36.14,0.0,36.14,0,False
2025-12-17 12:00:00+00:00,36.19,36.19,36.19,36.19,168.0,36.19,1,False
2025-12-17 13:00:00+00:00,36.19,36.19,36.19,36.19,0.0,36.19,0,False
2025-12-17 14:00:00+00:00,36.17,36.61,35.86,36.59,23294.0,36.309,117,False
2025-12-17 15:00:00+00:00,36.53,36.72,35.73,35.73,47181.0,36.143,314,True
2025-12-17 16:00:00+00:00,35.8,35.98,35.55,35.63,65488.0,35.753,388,True
2025-12-17 17:00:00+00:00,35.66,36.08,35.57,35.83,104059.0,35.87,424,True
2025-12-17 18:00:00+00:00,35.84,36.04,35.78,35.96,40737.0,35.874,253,True
2025-12-17 19:00:00+00:00,35.97,36.15,35.85,36.07,40450.0,35.989,329,True
2025-12-17 20:00:00+00:00,36.09,36.28,35.95,36.11,200147.0,36.085,1403,True
2025-12-17 21:00:00+00:00,36.1,36.1,36.1,36.1,163035.0,36.1,7,False
2025-12-17 22:00:00+00:00,36.1,36.1,36.1,36.1,0.0,36.1,0,False
2025-12-17 23:00:00+00:00,36.57,36.58,36.11,36.2,3429.0,36.26,12,False
2025-12-18 00:00:00+00:00,36.2,36.2,36.2,36.2,0.0,36.2,0,False
2025-12-18 11:00:00+00:00,36.09,36.13,36.09,36.09,512.0,36.101,3,False
2025-12-18 12:00:00+00:00,36.37,36.37,36.37,36.37,1330.0,36.37,4,False
2025-12-18 13:00:00+00:00,36.47,36.71,36.47,36.71,581.0,36.561,5,False
2025-12-18 14:00:00+00:00,36.99,37.15,36.07,36.65,30672.0,36.608,147,False
2025-12-18 15:00:00+00:00,36.64,36.69,36.06,36.43,106048.0,36.394,568,True
2025-12-18 16:00:00+00:00,36.41,36.48,36.21,36.34,26637.0,36.344,224,True
2025-12-18 17:00:00+00:00,36.31,36.52,36.09,36.29,108939.0,36.218,469,True
2025-12-18 18:00:00+00:00,36.29,36.55,36.26,36.53,35350.0,36.43,257,True
2025-12-18 19:00:00+00:00,36.54,36.54,36.07,36.09,66619.0,36.331,403,True
2025-12-18 20:00:00+00:00,36.14,36.4,36.11,36.19,104788.0,36.246,767,True
2025-12-18 21:00:00+00:00,36.17,36.17,36.17,36.17,123482.0,36.17,22,False
2025-12-18 22:00:00+00:00,36.17,36.17,36.17,36.17,0.0,36.17,0,False
2025-12-18 23:00:00+00:00,36.17,36.17,36.17,36.17,0.0,36.17,0,False
2025-12-19 00:00:00+00:00,36.17,36.17,36.17,36.17,0.0,36.17,0,False
2025-12-19 12:00:00+00:00,36.24,36.24,36.24,36.24,233.0,36.24,1,False
2025-12-19 13:00:00+00:00,36.24,36.24,36.24,36.24,0.0,36.24,0,False
2025-12-19 14:00:00+00:00,36.08,36.44,36.05,36.28,119958.0,36.137,251,False
2025-12-19 15:00:00+00:00,36.27,36.42,36.06,36.13,65145.0,36.23,335,True
2025-12-19 16:00:00+00:00,36.12,36.51,36.12,36.47,27646.0,36.294,149,True
2025-12-19 17:00:00+00:00,36.54,36.68,36.38,36.42,27341.0,36.481,216,True
2025-12-19 18:00:00+00:00,36.4,36.6,36.34,36.41,27904.0,36.453,162,True
2025-12-19 19:00:00+00:00,36.42,36.48,36.22,36.28,44575.0,36.369,221,True
2025-12-19 20:00:00+00:00,36.32,36.86,36.13,36.53,554779.0,36.54,2805,True
2025-12-19 21:00:00+00:00,36.58,36.58,36.58,36.58,4357795.0,36.58,6,False
2025-12-19 22:00:00+00:00,36.58,36.58,36.58,36.58,0.0,36.58,0,False
2025-12-19 23:00:00+00:00,36.58,36.58,36.58,36.58,0.0,36.58,0,False
2025-12-20 00:00:00+00:00,36.58,36.58,36.58,36.58,0.0,36.58,0,False
2025-12-22 10:00:00+00:00,36.7,36.7,36.7,36.7,100.0,36.7,1,False
2025-12-22 11:00:00+00:00,36.76,36.76,36.71,36.71,511.0,36.75,2,False
2025-12-22 12:00:00+00:00,36.76,36.76,36.76,36.76,121.0,36.76,1,False
2025-12-22 13:00:00+00:00,36.76,36.76,36.76,36.76,0.0,36.76,0,False
2025-12-22 14:00:00+00:00,36.87,37.36,36.77,37.29,46209.0,37.135,245,False
2025-12-22 15:00:00+00:00,37.34,37.55,36.97,37.07,70639.0,37.29,455,True
2025-12-22 16:00:00+00:00,37.09,37.27,37.03,37.1,37728.0,37.156,297,True
2025-12-22 17:00:00+00:00,37.09,37.17,36.88,37.09,54055.0,36.987,344,True
2025-12-22 18:00:00+00:00,37.09,37.16,36.97,37.02,31207.0,37.085,240,True
2025-12-22 19:00:00+00:00,37.0,37.21,36.85,37.09,79046.0,37.035,408,True
2025-12-22 20:00:00+00:00,37.09,37.39,36.8,37.04,137483.0,37.108,845,True
2025-12-22 21:00:00+00:00,37.03,37.03,37.03,37.03,139206.0,37.03,7,False
2025-12-22 22:00:00+00:00,37.49,37.5,36.9,36.9,48068.0,37.218,37,False
2025-12-22 23:00:00+00:00,36.9,36.9,36.9,36.9,0.0,36.9,0,False
2025-12-23 00:00:00+00:00,37.1,37.1,37.1,37.1,1457.0,37.1,1,False
2025-12-23 12:00:00+00:00,37.05,37.05,37.05,37.05,282.0,37.05,1,False
2025-12-23 13:00:00+00:00,36.91,37.05,36.85,37.05,952.0,36.953,6,False
2025-12-23 14:00:00+00:00,36.8,37.2,36.76,37.01,27782.0,36.958,143,False
2025-12-23 15:00:00+00:00,37.02,37.1,36.87,37.09,26729.0,36.97,179,True
2025-12-23 16:00:00+00:00,37.08,37.14,36.91,36.96,51282.0,37.003,299,True
2025-12-23 17:00:00+00:00,36.93,37.13,36.88,36.98,41034.0,37.026,274,True
2025-12-23 18:00:00+00:00,36.98,36.99,36.77,36.89,34613.0,36.866,237,True
2025-12-23 19:00:00+00:00,36.89,37.08,36.88,36.95,40874.0,36.993,295,True
2025-12-23 20:00:00+00:00,36.94,37.22,36.93,37.07,103625.0,37.061,740,True
2025-12-23 21:00:00+00:00,37.06,37.16,37.06,37.06,164313.0,37.06,9,False
2025-12-23 22:00:00+00:00,37.06,37.06,37.06,37.06,0.0,37.06,0,False
2025-12-23 23:00:00+00:00,37.79,37.79,36.6,36.6,590.0,37.234,3,False
2025-12-24 00:00:00+00:00,36.6,36.6,36.6,36.6,0.0,36.6,0,False
2025-12-24 09:00:00+00:00,37.55,37.55,37.55,37.55,100.0,37.55,1,False
2025-12-24 10:00:00+00:00,37.55,37.55,37.55,37.55,0.0,37.55,0,False
2025-12-24 11:00:00+00:00,37.55,37.55,37.55,37.55,0.0,37.55,0,False
2025-12-24 12:00:00+00:00,37.55,37.55,37.55,37.55,0.0,37.55,0,False
2025-12-24 13:00:00+00:00,37.55,37.55,37.55,37.55,265.0,37.55,1,False
2025-12-24 14:00:00+00:00,37.09,37.45,36.9,36.92,22119.0,37.111,97,False
2025-12-24 15:00:00+00:00,36.91,37.16,36.81,37.05,38566.0,36.975,203,True
2025-12-24 16:00:00+00:00,37.03,37.18,36.97,37.18,24811.0,37.08,147,True
2025-12-24 17:00:00+00:00,37.2,37.29,37.05,37.18,47981.0,37.169,342,True
2025-12-24 18:00:00+00:00,37.16,37.16,37.16,37.16,49712.0,37.16,4,True
2025-12-24 19:00:00+00:00,37.16,37.16,37.16,37.16,0.0,37.16,0,True
2025-12-24 20:00:00+00:00,37.16,37.16,37.16,37.16,0.0,37.16,0,True
2025-12-24 21:00:00+00:00,37.16,37.16,37.16,37.16,0.0,37.16,0,False
2025-12-26 14:00:00+00:00,37.28,37.34,36.76,37.0,15100.0,37.121,52,False
2025-12-26 15:00:00+00:00,37.05,37.24,37.0,37.17,17559.0,37.12,122,True
2025-12-26 16:00:00+00:00,37.2,37.42,37.2,37.3,18412.0,37.313,135,True
2025-12-26 17:00:00+00:00,37.31,37.43,37.26,37.39,21806.0,37.366,158,True
2025-12-26 18:00:00+00:00,37.39,37.46,37.34,37.34,20608.0,37.4,150,True
2025-12-26 19:00:00+00:00,37.34,37.47,37.23,37.25,53347.0,37.353,293,True
2025-12-26 20:00:00+00:00,37.23,37.36,37.19,37.31,117003.0,37.274,710,True
2025-12-26 21:00:00+00:00,37.3,37.3,37.3,37.3,59401.0,37.3,6,False
2025-12-26 22:00:00+00:00,37.3,37.3,37.3,37.3,0.0,37.3,0,False
2025-12-26 23:00:00+00:00,37.3,37.3,37.3,37.3,0.0,37.3,0,False
2025-12-27 00:00:00+00:00,37.3,37.3,37.3,37.3,0.0,37.3,0,False
2025-12-29 14:00:00+00:00,37.07,37.07,36.18,36.31,95666.0,36.653,216,False
2025-12-29 15:00:00+00:00,36.44,36.53,36.2,36.42,39829.0,36.387,276,True
2025-12-29 16:00:00+00:00,36.37,36.41,35.96,35.98,56900.0,36.197,443,True
2025-12-29 17:00:00+00:00,36.02,36.14,35.22,35.44,155901.0,35.601,890,True
2025-12-29 18:00:00+00:00,35.45,35.85,35.35,35.65,105010.0,35.605,528,True
2025-12-29 19:00:00+00:00,35.67,35.89,35.58,35.75,87650.0,35.753,497,True
2025-12-29 20:00:00+00:00,35.76,36.06,35.74,35.9,199206.0,35.882,1220,True
2025-12-29 21:00:00+00:00,35.9,35.9,35.9,35.9,133631.0,35.9,26,False
2025-12-29 22:00:00+00:00,35.9,35.9,35.9,35.9,0.0,35.9,0,False
2025-12-29 23:00:00+00:00,35.9,35.9,35.9,35.9,0.0,35.9,0,False
2025-12-30 00:00:00+00:00,35.9,35.9,35.9,35.9,0.0,35.9,0,False
2025-12-30 09:00:00+00:00,35.7,35.7,35.7,35.7,1300.0,35.7,4,False
2025-12-30 10:00:00+00:00,35.7,35.7,35.7,35.7,0.0,35.7,0,False
2025-12-30 11:00:00+00:00,35.7,35.7,35.7,35.7,0.0,35.7,0,False
2025-12-30 12:00:00+00:00,35.7,35.7,35.7,35.7,0.0,35.7,0,False
2025-12-30 13:00:00+00:00,35.7,35.7,35.7,35.7,0.0,35.7,0,False
2025-12-30 14:00:00+00:00,36.4,36.4,35.77,36.09,32224.0,35.996,169,False
2025-12-30 15:00:00+00:00,36.11,36.37,35.99,36.21,64050.0,36.132,441,True
2025-12-30 16:00:00+00:00,36.18,36.42,36.16,36.2,86505.0,36.258,219,True
2025-12-30 17:00:00+00:00,36.21,36.26,36.02,36.22,83404.0,36.158,398,True
2025-12-30 18:00:00+00:00,36.19,36.19,35.98,35.98,33240.0,36.097,257,True
2025-12-30 19:00:00+00:00,35.99,36.08,35.83,35.97,41240.0,35.952,284,True
2025-12-30 20:00:00+00:00,35.98,36.19,35.96,35.99,149179.0,36.072,996,True
2025-12-30 21:00:00+00:00,35.99,35.99,35.99,35.99,123760.0,35.99,17,False
2025-12-30 22:00:00+00:00,35.99,35.99,35.99,35.99,0.0,35.99,0,False
2025-12-30 23:00:00+00:00,35.99,35.99,35.99,35.99,0.0,35.99,0,False
2025-12-31 00:00:00+00:00,35.99,35.99,35.99,35.99,0.0,35.99,0,False
2025-12-31 13:00:00+00:00,36.2,36.4,36.0,36.4,5433.0,36.137,35,False
2025-12-31 14:00:00+00:00,36.2,36.21,35.6,35.94,35564.0,35.911,170,False
2025-12-31 15:00:00+00:00,35.97,35.99,35.59,35.6,40516.0,35.702,179,True
2025-12-31 16:00:00+00:00,35.58,35.7,35.56,35.67,14601.0,35.64,104,True
2025-12-31 17:00:00+00:00,35.64,35.67,35.55,35.64,24900.0,35.614,169,True
2025-12-31 18:00:00+00:00,35.65,35.67,35.6,35.66,9849.0,35.634,80,True
2025-12-31 19:00:00+00:00,35.7,35.82,35.58,35.62,22478.0,35.695,165,True
2025-12-31 20:00:00+00:00,35.62,35.64,35.45,35.54,122595.0,35.542,751,True
2025-12-31 21:00:00+00:00,35.54,36.23,35.07,36.23,96027.0,35.539,16,False
2025-12-31 22:00:00+00:00,36.23,36.23,36.23,36.23,0.0,36.23,0,False
2025-12-31 23:00:00+00:00,36.23,36.23,36.23,36.23,0.0,36.23,0,False
2026-01-01 00:00:00+00:00,36.23,36.23,36.23,36.23,0.0,36.23,0,False
2026-01-02 12:00:00+00:00,36.01,36.01,35.94,35.94,1187.0,35.987,6,False
2026-01-02 13:00:00+00:00,36.1,36.2,36.1,36.2,454.0,36.144,3,False
2026-01-02 14:00:00+00:00,36.36,36.59,36.06,36.51,58897.0,36.228,108,False
2026-01-02 15:00:00+00:00,36.59,36.71,36.15,36.47,162540.0,36.462,470,True
2026-01-02 16:00:00+00:00,36.45,37.01,36.44,36.66,43618.0,36.793,310,True
2026-01-02 17:00:00+00:00,36.64,36.64,36.27,36.32,64422.0,36.382,438,True
2026-01-02 18:00:00+00:00,36.36,36.89,36.22,36.64,65606.0,36.468,379,True
2026-01-02 19:00:00+00:00,36.64,37.49,36.61,37.48,76536.0,37.101,544,True
2026-01-02 20:00:00+00:00,37.48,37.72,37.24,37.31,154078.0,37.471,1092,True
2026-01-02 21:00:00+00:00,37.3,37.3,37.3,37.3,77003.0,37.3,8,False
2026-01-02 22:00:00+00:00,37.3,37.3,37.3,37.3,0.0,37.3,0,False
2026-01-02 23:00:00+00:00,37.3,37.3,37.3,37.3,0.0,37.3,0,False
2026-01-03 00:00:00+00:00,37.3,37.3,37.3,37.3,0.0,37.3,0,False
2026-01-05 09:00:00+00:00,37.78,37.88,37.68,37.68,693.0,37.74,4,False
2026-01-05 10:00:00+00:00,37.69,37.69,37.69,37.69,200.0,37.69,1,False
2026-01-05 11:00:00+00:00,37.6,37.6,37.6,37.6,996.0,37.6,1,False
2026-01-05 12:00:00+00:00,37.6,37.6,37.6,37.6,0.0,37.6,0,False
2026-01-05 13:00:00+00:00,37.3,37.57,37.3,37.57,546.0,37.471,2,False
2026-01-05 14:00:00+00:00,37.71,39.02,37.71,39.01,87961.0,38.57,215,False
2026-01-05 15:00:00+00:00,39.03,39.83,38.87,38.93,61870.0,39.354,383,True
2026-01-05 16:00:00+00:00,38.99,39.56,38.92,39.44,123280.0,39.193,779,True
2026-01-05 17:00:00+00:00,39.45,39.48,38.48,38.48,70889.0,38.95,484,True
2026-01-05 18:00:00+00:00,38.56,38.6,38.11,38.47,43449.0,38.348,294,True
2026-01-05 19:00:00+00:00,38.5,38.57,38.05,38.09,57599.0,38.28,403,True
2026-01-05 20:00:00+00:00,38.09,38.09,37.58,37.73,182763.0,37.811,1194,True
2026-01-05 21:00:00+00:00,37.72,38.47,37.12,37.13,101552.0,37.72,6,False
2026-01-05 22:00:00+00:00,37.13,37.13,37.13,37.13,0.0,37.13,0,False
2026-01-05 23:00:00+00:00,37.13,37.13,37.13,37.13,0.0,37.13,0,False
2026-01-06 00:00:00+00:00,37.13,37.13,37.12,37.13,0.0,37.13,0,False
2026-01-06 13:00:00+00:00,38.15,38.15,37.78,37.92,764.0,37.992,4,False
2026-01-06 14:00:00+00:00,38.08,38.78,38.08,38.64,35298.0,38.463,181,False
2026-01-06 15:00:00+00:00,38.69,39.74,38.68,39.63,146846.0,39.297,819,True
2026-01-06 16:00:00+00:00,39.58,40.11,39.53,39.78,117501.0,39.758,819,True
2026-01-06 17:00:00+00:00,39.77,40.32,39.77,39.98,93693.0,40.088,619,True
2026-01-06 18:00:00+00:00,40.02,40.07,39.5,39.91,123756.0,39.744,707,True
2026-01-06 19:00:00+00:00,39.85,39.93,39.59,39.62,87231.0,39.759,523,True
2026-01-06 20:00:00+00:00,39.62,39.85,39.61,39.67,208684.0,39.742,1410,True
2026-01-06 21:00:00+00:00,39.68,39.68,39.68,39.68,85851.0,39.68,7,False
2026-01-06 22:00:00+00:00,39.68,39.68,39.68,39.68,0.0,39.68,0,False
2026-01-06 23:00:00+00:00,39.68,39.68,39.68,39.68,0.0,39.68,0,False
2026-01-07 00:00:00+00:00,39.68,39.68,39.68,39.68,0.0,39.68,0,False
2026-01-07 13:00:00+00:00,39.66,39.68,39.66,39.68,910.0,39.678,2,False
2026-01-07 14:00:00+00:00,39.0,39.57,38.58,38.69,39030.0,39.158,214,False
2026-01-07 15:00:00+00:00,38.68,39.81,38.67,39.55,161682.0,39.318,965,True
2026-01-07 16:00:00+00:00,39.54,39.88,39.48,39.67,56418.0,39.65,312,True
2026-01-07 17:00:00+00:00,39.71,40.1,39.64,39.99,93775.0,39.926,490,True
2026-01-07 18:00:00+00:00,39.97,40.53,39.96,40.36,66547.0,40.276,501,True
2026-01-07 19:00:00+00:00,40.36,40.6,40.05,40.42,64410.0,40.394,496,True
2026-01-07 20:00:00+00:00,40.42,40.64,40.3,40.45,153424.0,40.448,1105,True
2026-01-07 21:00:00+00:00,40.44,40.44,40.44,40.44,88268.0,40.44,4,False
2026-01-07 22:00:00+00:00,40.44,40.44,40.44,40.44,0.0,40.44,0,False
2026-01-07 23:00:00+00:00,40.44,40.44,40.44,40.44,0.0,40.44,0,False
2026-01-08 00:00:00+00:00,40.44,40.44,40.44,40.44,0.0,40.44,0,False
2026-01-08 13:00:00+00:00,40.83,40.83,40.83,40.83,100.0,40.83,1,False
2026-01-08 14:00:00+00:00,40.02,40.33,39.72,40.07,29800.0,39.991,138,False
2026-01-08 15:00:00+00:00,40.12,40.68,39.9,40.47,45938.0,40.275,350,True
2026-01-08 16:00:00+00:00,40.46,40.57,40.2,40.57,33752.0,40.396,258,True
2026-01-08 17:00:00+00:00,40.59,41.04,40.57,41.02,55282.0,40.793,390,True
2026-01-08 18:00:00+00:00,41.02,41.25,40.63,40.67,50776.0,40.932,331,True
2026-01-08 19:00:00+00:00,40.67,41.11,40.67,40.98,27920.0,40.933,226,True
2026-01-08 20:00:00+00:00,40.92,41.15,40.63,40.8,135750.0,40.856,944,True
2026-01-08 21:00:00+00:00,40.81,40.81,40.81,40.81,91817.0,40.81,3,False
2026-01-08 22:00:00+00:00,40.81,40.81,40.81,40.81,0.0,40.81,0,False
2026-01-08 23:00:00+00:00,40.81,40.81,40.81,40.81,0.0,40.81,0,False
2026-01-09 00:00:00+00:00,40.81,40.81,40.81,40.81,0.0,40.81,0,False
2026-01-09 14:00:00+00:00,40.93,41.43,40.76,40.84,24743.0,40.936,143,False
2026-01-09 15:00:00+00:00,40.91,41.42,40.46,41.34,39061.0,40.927,265,True
2026-01-09 16:00:00+00:00,41.34,41.59,41.25,41.55,29196.0,41.398,219,True
2026-01-09 17:00:00+00:00,41.55,41.73,41.38,41.48,44219.0,41.598,323,True
2026-01-09 18:00:00+00:00,41.47,41.51,41.15,41.37,27995.0,41.339,194,True
2026-01-09 19:00:00+00:00,41.39,41.39,41.22,41.25,16176.0,41.304,133,True
2026-01-09 20:00:00+00:00,41.23,41.58,41.12,41.5,157296.0,41.484,653,True
2026-01-09 21:00:00+00:00,41.51,41.51,41.51,41.51,147107.0,41.51,6,False
2026-01-09 22:00:00+00:00,41.51,41.51,41.51,41.51,0.0,41.51,0,False
2026-01-09 23:00:00+00:00,41.51,41.51,41.51,41.51,0.0,41.51,0,False
2026-01-10 00:00:00+00:00,41.51,41.51,41.48,41.48,399.0,41.491,2,False
2026-01-12 13:00:00+00:00,41.48,41.48,41.48,41.48,104.0,41.48,1,False
2026-01-12 14:00:00+00:00,41.2,41.2,40.52,40.81,32399.0,40.835,143,False
2026-01-12 15:00:00+00:00,40.86,41.09,40.36,40.9,63143.0,40.921,333,True
2026-01-12 16:00:00+00:00,40.81,41.47,40.81,41.45,43742.0,41.112,278,True
2026-01-12 17:00:00+00:00,41.42,41.64,41.38,41.58,36012.0,41.517,280,True
2026-01-12 18:00:00+00:00,41.58,41.73,41.53,41.71,20981.0,41.617,150,True
2026-01-12 19:00:00+00:00,41.72,41.73,41.48,41.55,21638.0,41.593,170,True
2026-01-12 20:00:00+00:00,41.52,41.71,41.49,41.54,85837.0,41.564,636,True
2026-01-12 21:00:00+00:00,41.54,41.54,41.02,41.02,87396.0,41.539,9,False
2026-01-12 22:00:00+00:00,41.02,41.02,41.02,41.02,0.0,41.02,0,False
2026-01-12 23:00:00+00:00,41.02,41.02,41.02,41.02,0.0,41.02,0,False
2026-01-13 00:00:00+00:00,41.02,41.02,41.02,41.02,0.0,41.02,0,False
2026-01-13 14:00:00+00:00,41.73,42.16,41.67,41.77,14609.0,41.892,74,False
2026-01-13 15:00:00+00:00,41.59,41.6,40.99,41.26,37961.0,41.256,287,True
2026-01-13 16:00:00+00:00,41.21,41.39,41.06,41.06,28607.0,41.278,199,True
2026-01-13 17:00:00+00:00,41.06,41.16,40.97,41.1,20319.0,41.049,150,True
2026-01-13 18:00:00+00:00,41.08,41.22,40.96,41.2,24654.0,41.11,161,True
2026-01-13 19:00:00+00:00,41.23,41.25,41.07,41.19,20200.0,41.157,170,True
2026-01-13 20:00:00+00:00,41.22,41.22,40.7,40.92,130122.0,40.837,893,True
2026-01-13 21:00:00+00:00,40.9,40.9,40.9,40.9,174120.0,40.9,19,False
2026-01-13 22:00:00+00:00,40.9,40.9,40.9,40.9,0.0,40.9,0,False
2026-01-13 23:00:00+00:00,40.9,40.9,40.9,40.9,0.0,40.9,0,False
2026-01-14 00:00:00+00:00,40.9,40.9,40.9,40.9,0.0,40.9,0,False
2026-01-14 11:00:00+00:00,40.63,40.63,40.57,40.57,300.0,40.59,2,False
2026-01-14 12:00:00+00:00,40.57,40.57,40.57,40.57,0.0,40.57,0,False
2026-01-14 13:00:00+00:00,40.57,40.57,40.57,40.57,0.0,40.57,0,False
2026-01-14 14:00:00+00:00,40.54,41.45,40.49,41.24,10468.0,40.889,44,False
2026-01-14 15:00:00+00:00,41.23,42.11,41.01,41.77,43796.0,41.673,327,True
2026-01-14 16:00:00+00:00,41.8,42.52,41.78,42.0,29322.0,42.043,212,True
2026-01-14 17:00:00+00:00,42.01,42.24,41.4,41.47,47557.0,41.724,381,True
2026-01-14 18:00:00+00:00,41.44,41.83,41.37,41.83,25028.0,41.56,192,True
2026-01-14 19:00:00+00:00,41.8,41.89,41.63,41.63,25907.0,41.795,189,True
2026-01-14 20:00:00+00:00,41.63,42.14,41.52,42.1,105260.0,41.915,740,True
2026-01-14 21:00:00+00:00,42.1,42.1,42.1,42.1,96688.0,42.1,7,False
2026-01-14 22:00:00+00:00,42.1,42.1,42.1,42.1,0.0,42.1,0,False
2026-01-14 23:00:00+00:00,42.1,42.1,42.1,42.1,0.0,42.1,0,False
2026-01-15 00:00:00+00:00,41.5,41.5,41.5,41.5,155.0,41.5,1,False
2026-01-15 09:00:00+00:00,42.49,42.71,42.49,42.6,1452.0,42.609,10,False
2026-01-15 10:00:00+00:00,42.6,42.6,42.6,42.6,0.0,42.6,0,False
2026-01-15 11:00:00+00:00,42.6,42.6,42.6,42.6,0.0,42.6,0,False
2026-01-15 12:00:00+00:00,42.6,42.6,42.6,42.6,0.0,42.6,0,False
2026-01-15 13:00:00+00:00,42.4,42.57,42.4,42.57,843.0,42.523,3,False
2026-01-15 14:00:00+00:00,42.71,43.04,42.11,42.83,31156.0,42.625,138,False
2026-01-15 15:00:00+00:00,42.7,42.94,42.32,42.93,61839.0,42.599,425,True
2026-01-15 16:00:00+00:00,42.88,43.05,42.79,42.95,23995.0,42.943,198,True
2026-01-15 17:00:00+00:00,42.96,42.97,42.6,42.61,30744.0,42.803,220,True
2026-01-15 18:00:00+00:00,42.59,42.93,42.59,42.93,42223.0,42.77,313,True
2026-01-15 19:00:00+00:00,42.91,43.5,42.83,43.48,73320.0,43.254,499,True
2026-01-15 20:00:00+00:00,43.45,43.76,43.35,43.49,248203.0,43.534,1603,True
2026-01-15 21:00:00+00:00,43.48,43.48,43.48,43.48,151287.0,43.48,17,False
2026-01-15 22:00:00+00:00,43.48,43.48,43.48,43.48,0.0,43.48,0,False
2026-01-15 23:00:00+00:00,43.48,43.48,43.48,43.48,0.0,43.48,0,False
2026-01-16 00:00:00+00:00,43.48,43.48,43.48,43.48,0.0,43.48,0,False
2026-01-16 12:00:00+00:00,43.82,43.87,43.82,43.87,794.0,43.839,3,False
2026-01-16 13:00:00+00:00,44.89,44.89,44.89,44.89,100.0,44.89,1,False
2026-01-16 14:00:00+00:00,44.16,44.33,43.73,44.14,51513.0,44.075,149,False
2026-01-16 15:00:00+00:00,44.13,44.98,44.02,44.27,98292.0,44.562,597,True
2026-01-16 16:00:00+00:00,44.26,44.31,43.66,44.01,61710.0,43.969,454,True
2026-01-16 17:00:00+00:00,43.91,44.03,43.57,43.63,57572.0,43.819,422,True
2026-01-16 18:00:00+00:00,43.64,43.7,42.91,43.5,70788.0,43.394,536,True
2026-01-16 19:00:00+00:00,43.5,43.7,43.35,43.62,49218.0,43.54,410,True
2026-01-16 20:00:00+00:00,43.6,43.64,43.13,43.35,167077.0,43.375,1188,True
2026-01-16 21:00:00+00:00,43.37,43.38,43.32,43.32,230819.0,43.32,22,False
2026-01-16 22:00:00+00:00,43.32,43.32,43.32,43.32,0.0,43.32,0,False
2026-01-16 23:00:00+00:00,43.32,43.32,43.32,43.32,0.0,43.32,0,False
2026-01-17 00:00:00+00:00,43.69,43.7,43.2,43.2,55758.0,43.462,44,False
2026-01-20 10:00:00+00:00,41.83,41.97,41.8,41.8,300.0,41.867,3,False
2026-01-20 11:00:00+00:00,42.0,42.0,42.0,42.0,100.0,42.0,1,False
2026-01-20 12:00:00+00:00,41.98,42.15,41.98,42.15,239.0,42.051,2,False
2026-01-20 13:00:00+00:00,42.4,42.4,41.0,41.0,299.0,41.515,2,False
2026-01-20 14:00:00+00:00,42.1,42.74,41.28,42.59,26761.0,42.284,105,False
2026-01-20 15:00:00+00:00,42.52,43.5,41.95,43.5,101945.0,42.521,442,True
2026-01-20 16:00:00+00:00,43.5,43.5,43.06,43.41,35630.0,43.263,261,True
2026-01-20 17:00:00+00:00,43.38,43.63,43.0,43.07,54209.0,43.43,278,True
2026-01-20 18:00:00+00:00,43.08,43.26,42.8,42.8,37171.0,43.054,290,True
2026-01-20 19:00:00+00:00,42.88,42.97,42.6,42.77,29869.0,42.8,230,True
2026-01-20 20:00:00+00:00,42.74,42.98,42.64,42.91,109026.0,42.844,713,True
2026-01-20 21:00:00+00:00,42.9,42.9,42.12,42.12,178876.0,42.899,8,False
2026-01-20 22:00:00+00:00,42.89,42.89,42.76,42.76,1748.0,42.831,7,False
2026-01-20 23:00:00+00:00,42.9,42.9,42.9,42.9,402.0,42.9,3,False
2026-01-21 00:00:00+00:00,42.9,42.9,42.9,42.9,0.0,42.9,0,False
2026-01-21 14:00:00+00:00,42.91,44.24,42.91,44.02,22856.0,43.815,123,False
2026-01-21 15:00:00+00:00,44.01,44.85,43.95,44.78,38294.0,44.521,251,True
2026-01-21 16:00:00+00:00,44.84,44.9,43.71,43.8,51226.0,44.569,330,True
2026-01-21 17:00:00+00:00,43.78,44.15,43.59,44.15,41247.0,43.758,305,True
2026-01-21 18:00:00+00:00,44.15,44.43,43.85,44.43,24358.0,44.188,209,True
2026-01-21 19:00:00+00:00,44.43,45.5,44.28,45.23,50536.0,44.935,446,True
2026-01-21 20:00:00+00:00,45.25,45.78,45.08,45.66,221427.0,45.631,1432,True
2026-01-21 21:00:00+00:00,45.65,45.65,44.76,45.25,224948.0,45.644,14,False
2026-01-21 22:00:00+00:00,45.45,45.56,45.45,45.56,437.0,45.5,2,False
2026-01-21 23:00:00+00:00,45.58,45.6,45.57,45.6,883.0,45.581,4,False
2026-01-22 00:00:00+00:00,45.6,45.6,45.6,45.6,0.0,45.6,0,False
2026-01-22 12:00:00+00:00,46.0,46.0,45.95,45.95,877.0,45.982,5,False
2026-01-22 13:00:00+00:00,45.91,45.97,45.91,45.97,200.0,45.94,2,False
2026-01-22 14:00:00+00:00,45.44,46.58,45.44,46.1,45580.0,46.149,230,False
2026-01-22 15:00:00+00:00,46.12,46.55,45.67,46.03,64030.0,46.19,422,True
2026-01-22 16:00:00+00:00,46.02,46.34,45.97,46.17,57298.0,46.186,450,True
2026-01-22 17:00:00+00:00,46.15,46.41,46.09,46.28,47618.0,46.254,335,True
2026-01-22 18:00:00+00:00,46.27,46.3,45.69,45.74,34333.0,45.909,254,True
2026-01-22 19:00:00+00:00,45.74,45.97,45.4,45.4,60899.0,45.761,448,True
2026-01-22 20:00:00+00:00,45.36,45.63,45.24,45.48,126432.0,45.463,932,True
2026-01-22 21:00:00+00:00,45.48,45.48,45.48,45.48,122098.0,45.48,2,False
2026-01-22 22:00:00+00:00,45.48,45.48,45.48,45.48,0.0,45.48,0,False
2026-01-22 23:00:00+00:00,45.48,45.48,45.48,45.48,0.0,45.48,0,False
2026-01-23 00:00:00+00:00,45.48,45.48,45.48,45.48,0.0,45.48,0,False
2026-01-23 14:00:00+00:00,45.31,45.35,44.8,45.29,33838.0,45.031,157,False
2026-01-23 15:00:00+00:00,45.29,45.63,45.1,45.29,33866.0,45.359,235,True
2026-01-23 16:00:00+00:00,45.26,45.26,44.18,44.18,42050.0,44.723,162,True
2026-01-23 17:00:00+00:00,44.16,44.3,43.8,44.02,49038.0,43.984,266,True
2026-01-23 18:00:00+00:00,44.04,44.37,44.04,44.19,20680.0,44.225,158,True
2026-01-23 19:00:00+00:00,44.24,44.29,43.88,44.21,88412.0,44.158,408,True
2026-01-23 20:00:00+00:00,44.22,44.51,44.13,44.5,185163.0,44.402,1153,True
2026-01-23 21:00:00+00:00,44.49,44.49,44.49,44.49,141734.0,44.49,12,False
2026-01-23 22:00:00+00:00,44.49,44.49,44.49,44.49,179.0,44.49,1,False
2026-01-23 23:00:00+00:00,44.49,44.49,44.49,44.49,0.0,44.49,0,False
2026-01-24 00:00:00+00:00,44.49,44.49,44.49,44.49,0.0,44.49,0,False
2026-01-26 13:00:00+00:00,43.0,43.0,43.0,43.0,100.0,43.0,1,False
2026-01-26 14:00:00+00:00,44.3,44.46,43.88,43.89,22485.0,44.127,147,False
2026-01-26 15:00:00+00:00,43.89,44.43,43.89,44.3,69379.0,44.119,387,True
2026-01-26 16:00:00+00:00,44.3,44.38,43.92,44.03,64179.0,44.135,264,True
2026-01-26 17:00:00+00:00,44.04,44.28,43.84,43.89,66298.0,44.096,205,True
2026-01-26 18:00:00+00:00,43.96,44.13,43.88,43.98,56059.0,43.969,298,True
2026-01-26 19:00:00+00:00,43.98,44.04,43.73,43.84,33198.0,43.907,242,True
2026-01-26 20:00:00+00:00,43.84,44.3,43.79,44.28,106607.0,44.161,745,True
2026-01-26 21:00:00+00:00,44.27,44.27,44.27,44.27,112036.0,44.27,12,False
2026-01-26 22:00:00+00:00,44.27,44.27,44.27,44.27,0.0,44.27,0,False
2026-01-26 23:00:00+00:00,44.27,44.27,44.27,44.27,0.0,44.27,0,False
2026-01-27 00:00:00+00:00,44.27,44.27,44.27,44.27,0.0,44.27,0,False
2026-01-27 14:00:00+00:00,43.99,45.12,43.99,45.01,35212.0,44.853,167,False
2026-01-27 15:00:00+00:00,44.93,45.23,44.9,45.1,23875.0,45.035,151,True
2026-01-27 16:00:00+00:00,45.16,45.65,45.16,45.64,19509.0,45.442,137,True
2026-01-27 17:00:00+00:00,45.63,45.64,45.43,45.61,36065.0,45.531,236,True
2026-01-27 18:00:00+00:00,45.61,45.65,45.36,45.65,25139.0,45.54,173,True
2026-01-27 19:00:00+00:00,45.62,46.04,45.62,45.94,48040.0,45.839,383,True
2026-01-27 20:00:00+00:00,45.94,46.09,45.71,45.97,187193.0,45.871,1062,True
2026-01-27 21:00:00+00:00,45.92,46.33,45.92,46.25,136129.0,45.924,16,False
2026-01-27 22:00:00+00:00,46.5,46.5,46.5,46.5,500.0,46.5,2,False
2026-01-27 23:00:00+00:00,46.66,46.88,46.65,46.88,452.0,46.769,3,False
2026-01-28 00:00:00+00:00,46.5,46.5,46.5,46.5,140.0,46.5,1,False
2026-01-28 10:00:00+00:00,46.92,46.92,46.92,46.92,685.0,46.92,3,False
2026-01-28 11:00:00+00:00,46.85,46.87,46.85,46.87,309.0,46.856,2,False
2026-01-28 12:00:00+00:00,46.87,46.87,46.87,46.87,0.0,46.87,0,False
2026-01-28 13:00:00+00:00,46.87,46.94,46.39,46.63,1106.0,46.716,5,False
2026-01-28 14:00:00+00:00,46.55,48.57,46.38,47.36,78665.0,47.736,416,False
2026-01-28 15:00:00+00:00,47.41,48.25,47.19,48.01,136981.0,47.72,668,True
2026-01-28 16:00:00+00:00,47.97,48.18,46.83,47.4,167873.0,47.369,748,True
2026-01-28 17:00:00+00:00,47.4,47.96,47.25,47.58,71207.0,47.558,544,True
2026-01-28 18:00:00+00:00,47.57,47.66,47.27,47.42,44804.0,47.479,318,True
2026-01-28 19:00:00+00:00,47.36,47.65,47.08,47.2,51195.0,47.385,358,True
2026-01-28 20:00:00+00:00,47.19,47.51,46.66,46.78,146182.0,46.929,1010,True
2026-01-28 21:00:00+00:00,46.77,46.77,46.77,46.77,152118.0,46.77,3,False
2026-01-28 22:00:00+00:00,46.77,46.77,46.77,46.77,0.0,46.77,0,False
2026-01-28 23:00:00+00:00,46.77,46.77,46.77,46.77,0.0,46.77,0,False
2026-01-29 00:00:00+00:00,46.77,46.77,46.77,46.77,0.0,46.77,0,False
2026-01-29 13:00:00+00:00,46.78,46.78,46.78,46.78,100.0,46.78,1,False
2026-01-29 14:00:00+00:00,46.45,47.54,46.36,46.61,49134.0,46.649,260,False
2026-01-29 15:00:00+00:00,46.49,46.65,45.96,46.26,127580.0,46.253,516,True
2026-01-29 16:00:00+00:00,46.33,47.01,45.98,46.95,33272.0,46.625,294,True
2026-01-29 17:00:00+00:00,46.89,47.05,46.63,46.64,33414.0,46.876,286,True
2026-01-29 18:00:00+00:00,46.67,46.99,46.44,46.81,34455.0,46.846,284,True
2026-01-29 19:00:00+00:00,46.81,46.9,46.56,46.56,48510.0,46.768,372,True
2026-01-29 20:00:00+00:00,46.5,47.13,46.47,47.11,120785.0,46.856,892,True
2026-01-29 21:00:00+00:00,47.12,47.12,47.12,47.12,115946.0,47.12,4,False
2026-01-29 22:00:00+00:00,47.12,47.12,47.12,47.12,0.0,47.12,0,False
2026-01-29 23:00:00+00:00,47.12,47.12,47.12,47.12,0.0,47.12,0,False
2026-01-30 00:00:00+00:00,47.2,47.2,43.0,46.43,1386.0,46.198,7,False
2026-01-30 12:00:00+00:00,46.0,46.42,46.0,46.0,715.0,46.076,5,False
2026-01-30 13:00:00+00:00,46.0,46.0,46.0,46.0,0.0,46.0,0,False
2026-01-30 14:00:00+00:00,46.12,46.78,45.49,45.61,40144.0,46.184,212,False
2026-01-30 15:00:00+00:00,45.72,47.22,45.27,47.22,84824.0,46.509,544,True
2026-01-30 16:00:00+00:00,47.1,47.22,46.44,46.71,103445.0,46.787,672,True
2026-01-30 17:00:00+00:00,46.73,46.81,46.24,46.34,38407.0,46.485,316,True
2026-01-30 18:00:00+00:00,46.33,46.51,45.9,46.5,30642.0,46.159,254,True
2026-01-30 19:00:00+00:00,46.41,46.7,46.2,46.26,35954.0,46.485,270,True
2026-01-30 20:00:00+00:00,46.26,46.36,45.86,45.98,126169.0,46.002,909,True
2026-01-30 21:00:00+00:00,45.94,45.94,45.94,45.94,239556.0,45.94,3,False
2026-01-30 22:00:00+00:00,45.5,45.5,45.4,45.4,713.0,45.473,2,False
2026-01-30 23:00:00+00:00,45.4,45.4,45.4,45.4,0.0,45.4,0,False
2026-01-31 00:00:00+00:00,45.4,45.4,45.4,45.4,0.0,45.4,0,False
2026-02-02 09:00:00+00:00,44.0,45.0,44.0,45.0,4234.0,44.374,8,False
2026-02-02 10:00:00+00:00,45.0,45.0,45.0,45.0,0.0,45.0,0,False
2026-02-02 11:00:00+00:00,45.0,45.0,45.0,45.0,0.0,45.0,0,False
2026-02-02 12:00:00+00:00,45.7,45.7,45.7,45.7,400.0,45.7,1,False
2026-02-02 13:00:00+00:00,43.65,44.8,43.65,44.8,4598.0,43.7,3,False
2026-02-02 14:00:00+00:00,44.8,46.05,44.8,45.55,33370.0,45.471,108,False
2026-02-02 15:00:00+00:00,45.66,46.89,45.54,46.83,46747.0,46.284,292,True
2026-02-02 16:00:00+00:00,46.81,46.93,46.67,46.73,27064.0,46.798,187,True
2026-02-02 17:00:00+00:00,46.73,46.81,46.38,46.76,34126.0,46.598,256,True
2026-02-02 18:00:00+00:00,46.74,47.0,46.7,46.91,77776.0,46.896,482,True
2026-02-02 19:00:00+00:00,46.88,47.1,46.69,46.7,53512.0,46.941,373,True
2026-02-02 20:00:00+00:00,46.69,46.75,46.3,46.48,121929.0,46.523,934,True
2026-02-02 21:00:00+00:00,46.52,46.58,46.52,46.58,103687.0,46.52,17,False
2026-02-02 22:00:00+00:00,46.58,46.58,46.58,46.58,0.0,46.58,0,False
2026-02-02 23:00:00+00:00,46.58,46.58,46.58,46.58,0.0,46.58,0,False
2026-02-03 00:00:00+00:00,46.58,46.58,46.58,46.58,0.0,46.58,0,False
2026-02-03 14:00:00+00:00,46.52,46.65,45.01,45.02,32722.0,46.156,129,False
2026-02-03 15:00:00+00:00,45.03,45.89,44.82,45.82,101950.0,45.297,449,True
2026-02-03 16:00:00+00:00,45.82,45.91,45.28,45.48,70185.0,45.565,342,True
2026-02-03 17:00:00+00:00,45.44,45.47,44.85,45.25,49929.0,45.143,299,True
2026-02-03 18:00:00+00:00,45.25,45.37,44.68,44.7,72436.0,44.995,494,True
2026-02-03 19:00:00+00:00,44.66,45.03,44.3,44.43,143321.0,44.631,707,True
2026-02-03 20:00:00+00:00,44.44,45.27,44.22,45.24,204418.0,44.848,1402,True
2026-02-03 21:00:00+00:00,45.24,45.93,45.24,45.93,125079.0,45.248,22,False
2026-02-03 22:00:00+00:00,45.93,45.93,45.93,45.93,0.0,45.93,0,False
2026-02-03 23:00:00+00:00,45.3,45.3,45.3,45.3,1500.0,45.3,6,False
2026-02-04 00:00:00+00:00,45.3,45.3,45.3,45.3,800.0,45.3,3,False
2026-02-04 12:00:00+00:00,45.42,45.42,45.4,45.4,492.0,45.404,3,False
2026-02-04 13:00:00+00:00,45.4,45.4,45.4,45.4,0.0,45.4,0,False
2026-02-04 14:00:00+00:00,45.93,48.83,45.85,48.43,103237.0,47.574,456,False
2026-02-04 15:00:00+00:00,48.08,48.43,46.8,47.73,114326.0,47.752,877,True
2026-02-04 16:00:00+00:00,47.72,48.02,47.1,47.65,100197.0,47.589,749,True
2026-02-04 17:00:00+00:00,47.65,47.75,46.55,46.79,48372.0,47.096,383,True
2026-02-04 18:00:00+00:00,46.88,46.94,46.26,46.45,48563.0,46.546,389,True
2026-02-04 19:00:00+00:00,46.34,47.91,46.27,47.91,71332.0,47.139,470,True
2026-02-04 20:00:00+00:00,47.89,48.04,47.23,47.23,111071.0,47.558,834,True
2026-02-04 21:00:00+00:00,47.25,47.26,47.23,47.25,112593.0,47.25,18,False
2026-02-04 22:00:00+00:00,47.25,47.25,47.25,47.25,0.0,47.25,0,False
2026-02-04 23:00:00+00:00,47.25,47.25,47.25,47.25,0.0,47.25,0,False
2026-02-05 00:00:00+00:00,47.25,47.25,47.25,47.25,0.0,47.25,0,False
2026-02-05 12:00:00+00:00,47.25,47.25,47.25,47.25,100.0,47.25,1,False
2026-02-05 13:00:00+00:00,47.25,47.25,47.25,47.25,0.0,47.25,0,False
2026-02-05 14:00:00+00:00,46.93,47.5,46.59,47.3,40789.0,47.102,238,False
2026-02-05 15:00:00+00:00,47.47,47.47,46.26,47.24,100039.0,46.896,774,True
2026-02-05 16:00:00+00:00,47.24,47.55,46.82,47.19,58967.0,47.195,419,True
2026-02-05 17:00:00+00:00,47.15,47.46,46.79,47.13,43604.0,47.13,350,True
2026-02-05 18:00:00+00:00,47.13,47.37,46.53,46.65,49402.0,46.927,427,True
2026-02-05 19:00:00+00:00,46.69,47.35,46.65,47.23,46337.0,47.11,361,True
2026-02-05 20:00:00+00:00,47.22,47.54,46.73,47.25,151582.0,47.048,1119,True
2026-02-05 21:00:00+00:00,47.2,48.51,43.5,43.88,204749.0,47.112,29,False
2026-02-05 22:00:00+00:00,43.88,43.88,41.5,41.75,3725.0,42.694,15,False
2026-02-05 23:00:00+00:00,43.38,43.38,43.38,43.38,500.0,43.38,1,False
2026-02-06 00:00:00+00:00,43.42,43.43,43.42,43.43,200.0,43.424,2,False
2026-02-06 13:00:00+00:00,43.6,43.6,42.73,42.73,369.0,43.081,2,False
2026-02-06 14:00:00+00:00,44.0,48.44,43.26,44.4,135824.0,46.255,681,False
2026-02-06 15:00:00+00:00,44.42,45.72,43.84,45.48,156557.0,44.798,986,True
2026-02-06 16:00:00+00:00,45.54,46.26,45.32,46.02,58028.0,45.785,463,True
2026-02-06 17:00:00+00:00,45.96,46.97,45.95,46.71,93906.0,46.491,599,True
2026-02-06 18:00:00+00:00,46.64,46.82,46.23,46.51,76677.0,46.571,492,True
2026-02-06 19:00:00+00:00,46.41,47.0,46.23,46.76,116070.0,46.605,749,True
2026-02-06 20:00:00+00:00,46.76,47.58,46.7,47.28,259418.0,47.227,1834,True
2026-02-06 21:00:00+00:00,47.34,47.34,47.34,47.34,239685.0,47.34,7,False
2026-02-06 22:00:00+00:00,47.15,47.34,46.7,47.01,2000.0,47.05,4,False
2026-02-06 23:00:00+00:00,47.01,47.01,47.01,47.01,0.0,47.01,0,False
2026-02-07 00:00:00+00:00,47.01,47.01,47.01,47.01,0.0,47.01,0,False
2026-02-09 09:00:00+00:00,47.0,47.0,47.0,47.0,200.0,47.0,1,False
2026-02-09 10:00:00+00:00,47.0,47.0,47.0,47.0,0.0,47.0,0,False
2026-02-09 11:00:00+00:00,47.0,47.0,47.0,47.0,0.0,47.0,0,False
2026-02-09 12:00:00+00:00,47.0,47.0,47.0,47.0,0.0,47.0,0,False
2026-02-09 13:00:00+00:00,47.0,47.0,47.0,47.0,0.0,47.0,0,False
2026-02-09 14:00:00+00:00,47.26,47.26,44.99,45.68,48444.0,46.44,225,False
2026-02-09 15:00:00+00:00,45.69,47.45,45.55,46.69,46452.0,46.579,342,True
2026-02-09 16:00:00+00:00,46.75,47.16,46.46,46.58,58551.0,46.793,490,True
2026-02-09 17:00:00+00:00,46.53,46.83,46.41,46.52,39819.0,46.619,346,True
2026-02-09 18:00:00+00:00,46.55,46.71,46.18,46.18,50221.0,46.529,311,True
2026-02-09 19:00:00+00:00,46.18,46.41,45.97,46.33,66095.0,46.184,540,True
2026-02-09 20:00:00+00:00,46.33,46.38,45.44,45.76,212225.0,45.837,1446,True
2026-02-09 21:00:00+00:00,45.71,45.79,45.71,45.79,198875.0,45.79,11,False
2026-02-09 22:00:00+00:00,46.3,46.3,45.7,45.7,2200.0,46.0,4,False
2026-02-09 23:00:00+00:00,45.7,45.7,45.7,45.7,0.0,45.7,0,False
2026-02-10 00:00:00+00:00,45.7,45.7,45.7,45.7,0.0,45.7,0,False
2026-02-10 14:00:00+00:00,45.97,46.76,45.72,45.94,37332.0,46.15,160,False
2026-02-10 15:00:00+00:00,46.02,46.6,45.89,46.6,29045.0,46.311,254,True
2026-02-10 16:00:00+00:00,46.51,47.57,46.38,47.25,88380.0,47.165,532,True
2026-02-10 17:00:00+00:00,47.25,47.38,46.84,47.25,93884.0,47.139,592,True
2026-02-10 18:00:00+00:00,47.17,47.3,46.99,47.27,96725.0,47.142,596,True
2026-02-10 19:00:00+00:00,47.2,47.29,46.52,46.57,164724.0,46.898,817,True
2026-02-10 20:00:00+00:00,46.53,46.68,45.54,45.66,247169.0,45.724,1506,True
2026-02-10 21:00:00+00:00,45.66,45.66,45.66,45.66,133634.0,45.66,7,False
2026-02-10 22:00:00+00:00,45.66,45.66,45.66,45.66,0.0,45.66,0,False
2026-02-10 23:00:00+00:00,45.66,45.66,45.66,45.66,0.0,45.66,0,False
2026-02-11 00:00:00+00:00,45.66,45.66,45.66,45.66,0.0,45.66,0,False
2026-02-11 14:00:00+00:00,46.73,48.46,46.56,47.26,37293.0,47.63,201,False
2026-02-11 15:00:00+00:00,47.24,47.73,46.53,47.62,47785.0,47.206,251,True
2026-02-11 16:00:00+00:00,47.62,48.3,47.59,48.3,71091.0,47.917,358,True
2026-02-11 17:00:00+00:00,48.41,48.5,48.08,48.08,28050.0,48.32,159,True
2026-02-11 18:00:00+00:00,47.98,48.06,47.82,48.02,27112.0,47.913,162,True
2026-02-11 19:00:00+00:00,47.98,48.19,47.67,48.02,58776.0,47.882,353,True
2026-02-11 20:00:00+00:00,48.01,48.33,47.98,48.26,90948.0,48.18,488,True
2026-02-11 21:00:00+00:00,48.27,48.27,48.27,48.27,136990.0,48.27,26,False
2026-02-11 22:00:00+00:00,48.27,48.27,48.27,48.27,0.0,48.27,0,False
2026-02-11 23:00:00+00:00,48.27,48.27,48.27,48.27,0.0,48.27,0,False
2026-02-12 00:00:00+00:00,48.27,48.27,48.27,48.27,0.0,48.27,0,False
2026-02-12 13:00:00+00:00,48.35,48.35,47.89,47.89,330.0,48.178,3,False
2026-02-12 14:00:00+00:00,48.43,49.4,47.75,47.95,33094.0,48.4,164,False
2026-02-12 15:00:00+00:00,48.24,48.5,47.7,47.78,64779.0,48.004,482,True
2026-02-12 16:00:00+00:00,47.81,47.96,46.76,47.22,96573.0,47.259,666,True
2026-02-12 17:00:00+00:00,47.17,47.27,46.33,46.47,107092.0,47.033,721,True
2026-02-12 18:00:00+00:00,46.33,46.62,46.13,46.3,24469.0,46.381,198,True
2026-02-12 19:00:00+00:00,46.33,46.58,46.2,46.3,21265.0,46.415,169,True
2026-02-12 20:00:00+00:00,46.32,46.78,46.04,46.65,139053.0,46.536,892,True
2026-02-12 21:00:00+00:00,46.69,46.69,46.69,46.69,182394.0,46.69,6,False
2026-02-12 22:00:00+00:00,46.69,46.69,46.69,46.69,0.0,46.69,0,False
2026-02-12 23:00:00+00:00,46.69,46.69,46.69,46.69,0.0,46.69,0,False
2026-02-13 00:00:00+00:00,46.69,46.69,46.69,46.69,0.0,46.69,0,False
2026-02-13 14:00:00+00:00,46.47,47.64,46.1,46.26,20631.0,46.552,126,False
2026-02-13 15:00:00+00:00,46.26,46.84,45.89,46.75,26315.0,46.54,211,True
2026-02-13 16:00:00+00:00,46.74,47.08,46.55,46.94,15735.0,46.849,126,True
2026-02-13 17:00:00+00:00,46.86,47.07,46.71,46.76,29176.0,46.868,174,True
2026-02-13 18:00:00+00:00,46.77,47.05,46.62,46.77,24161.0,46.822,167,True
2026-02-13 19:00:00+00:00,46.79,47.11,46.75,46.91,20740.0,46.898,141,True
2026-02-13 20:00:00+00:00,46.98,47.3,46.82,47.24,55240.0,47.085,322,True
2026-02-13 21:00:00+00:00,47.21,47.21,47.21,47.21,74970.0,47.21,7,False
2026-02-13 22:00:00+00:00,47.21,47.21,47.21,47.21,0.0,47.21,0,False
2026-02-13 23:00:00+00:00,47.21,47.21,47.21,47.21,0.0,47.21,0,False
2026-02-14 00:00:00+00:00,47.21,47.21,47.21,47.21,0.0,47.21,0,False
2026-02-17 14:00:00+00:00,46.95,47.2,45.61,45.64,29019.0,46.58,153,False
2026-02-17 15:00:00+00:00,45.72,46.17,45.02,45.54,63320.0,45.597,376,True
2026-02-17 16:00:00+00:00,45.54,46.02,45.53,45.83,32068.0,45.803,237,True
2026-02-17 17:00:00+00:00,45.8,45.89,45.38,45.59,20119.0,45.686,170,True
2026-02-17 18:00:00+00:00,45.57,46.25,45.42,46.03,38066.0,45.847,286,True
2026-02-17 19:00:00+00:00,46.01,46.42,45.86,45.9,22476.0,46.108,175,True
2026-02-17 20:00:00+00:00,45.91,46.07,45.68,45.74,173483.0,45.874,882,True
2026-02-17 21:00:00+00:00,45.73,45.73,45.73,45.73,109188.0,45.73,13,False
2026-02-17 22:00:00+00:00,45.73,45.73,45.73,45.73,0.0,45.73,0,False
2026-02-17 23:00:00+00:00,45.73,45.73,45.73,45.73,0.0,45.73,0,False
2026-02-18 00:00:00+00:00,45.73,45.73,45.73,45.73,0.0,45.73,0,False
2026-02-18 13:00:00+00:00,45.75,45.75,45.75,45.75,1000.0,45.75,1,False
2026-02-18 14:00:00+00:00,45.89,46.41,45.4,46.21,20089.0,46.013,92,False
2026-02-18 15:00:00+00:00,46.06,46.82,45.69,46.28,52119.0,46.224,319,True
2026-02-18 16:00:00+00:00,46.27,46.45,46.06,46.36,30832.0,46.279,194,True
2026-02-18 17:00:00+00:00,46.44,46.62,46.05,46.31,25485.0,46.269,165,True
2026-02-18 18:00:00+00:00,46.34,46.46,45.93,46.08,25333.0,46.147,137,True
2026-02-18 19:00:00+00:00,46.09,46.11,45.53,45.59,28624.0,45.84,178,True
2026-02-18 20:00:00+00:00,45.63,46.1,45.29,45.93,71615.0,45.84,495,True
2026-02-18 21:00:00+00:00,45.93,45.93,45.93,45.93,193565.0,45.93,4,False
2026-02-18 22:00:00+00:00,45.93,45.93,45.93,45.93,0.0,45.93,0,False
2026-02-18 23:00:00+00:00,45.93,45.93,45.93,45.93,0.0,45.93,0,False
2026-02-19 00:00:00+00:00,45.93,45.93,45.93,45.93,0.0,45.93,0,False
2026-02-19 14:00:00+00:00,45.11,45.49,44.9,45.13,22374.0,45.162,77,False
2026-02-19 15:00:00+00:00,45.26,45.98,45.11,45.28,97992.0,45.574,294,True
2026-02-19 16:00:00+00:00,45.29,45.82,45.11,45.5,16969.0,45.526,117,True
2026-02-19 17:00:00+00:00,45.45,45.45,45.08,45.19,29989.0,45.252,222,True
2026-02-19 18:00:00+00:00,45.16,45.46,45.09,45.45,28197.0,45.28,180,True
2026-02-19 19:00:00+00:00,45.44,45.6,45.27,45.42,25938.0,45.434,179,True
2026-02-19 20:00:00+00:00,45.44,45.77,45.42,45.69,77102.0,45.603,590,True
2026-02-19 21:00:00+00:00,45.67,45.67,45.67,45.67,100193.0,45.67,21,False
2026-02-19 22:00:00+00:00,45.67,45.67,45.67,45.67,0.0,45.67,0,False
2026-02-19 23:00:00+00:00,45.67,45.67,45.67,45.67,0.0,45.67,0,False
2026-02-20 00:00:00+00:00,45.67,45.67,45.67,45.67,0.0,45.67,0,False
2026-02-20 14:00:00+00:00,45.13,46.03,44.74,45.57,31725.0,45.322,104,False
2026-02-20 15:00:00+00:00,45.6,46.59,45.58,46.17,65306.0,46.023,460,True
2026-02-20 16:00:00+00:00,46.04,46.34,45.65,45.75,12658.0,45.906,104,True
2026-02-20 17:00:00+00:00,45.72,45.72,45.39,45.72,13013.0,45.565,93,True
2026-02-20 18:00:00+00:00,45.73,46.05,45.43,45.96,16474.0,45.709,133,True
2026-02-20 19:00:00+00:00,45.92,45.95,45.44,45.64,31707.0,45.55,170,True
2026-02-20 20:00:00+00:00,45.62,45.68,45.24,45.51,97499.0,45.475,541,True
2026-02-20 21:00:00+00:00,45.53,45.53,45.51,45.51,101238.0,45.51,5,False
2026-02-20 22:00:00+00:00,45.51,45.51,45.51,45.51,0.0,45.51,0,False
2026-02-20 23:00:00+00:00,45.51,45.51,45.51,45.51,0.0,45.51,0,False
2026-02-21 00:00:00+00:00,45.51,45.51,45.51,45.51,0.0,45.51,0,False
2026-02-23 13:00:00+00:00,45.08,45.08,45.08,45.08,200.0,45.08,2,False
2026-02-23 14:00:00+00:00,45.36,45.39,44.72,45.26,75440.0,45.103,379,False
2026-02-23 15:00:00+00:00,45.25,45.46,44.93,45.2,32403.0,45.217,208,True
2026-02-23 16:00:00+00:00,45.14,45.24,44.74,45.14,81683.0,45.065,436,True
2026-02-23 17:00:00+00:00,45.2,45.27,44.96,45.27,40117.0,45.112,229,True
2026-02-23 18:00:00+00:00,45.32,45.75,44.76,44.78,75226.0,45.246,335,True
2026-02-23 19:00:00+00:00,44.84,45.26,44.83,45.15,37630.0,45.01,284,True
2026-02-23 20:00:00+00:00,45.19,45.73,45.09,45.55,128551.0,45.433,840,True
2026-02-23 21:00:00+00:00,45.57,45.57,45.57,45.57,220654.0,45.57,15,False
2026-02-23 22:00:00+00:00,45.57,45.57,45.57,45.57,0.0,45.57,0,False
2026-02-23 23:00:00+00:00,45.57,45.57,45.57,45.57,0.0,45.57,0,False
2026-02-24 00:00:00+00:00,45.57,45.57,45.57,45.57,0.0,45.57,0,False
2026-02-24 14:00:00+00:00,46.07,47.23,46.03,47.1,12323.0,46.455,65,False
2026-02-24 15:00:00+00:00,47.04,47.77,46.97,47.4,42438.0,47.336,232,True
2026-02-24 16:00:00+00:00,47.43,47.49,46.77,46.83,78779.0,47.094,436,True
2026-02-24 17:00:00+00:00,46.84,47.18,46.72,46.85,52898.0,46.978,238,True
2026-02-24 18:00:00+00:00,46.75,47.1,46.54,47.08,45117.0,46.871,244,True
2026-02-24 19:00:00+00:00,47.04,47.17,46.92,47.13,22056.0,47.069,192,True
2026-02-24 20:00:00+00:00,47.08,47.15,46.84,47.1,132579.0,47.048,856,True
2026-02-24 21:00:00+00:00,47.08,47.08,47.0,47.0,105962.0,47.08,17,False
2026-02-24 22:00:00+00:00,47.2,47.2,47.2,47.2,428.0,47.2,2,False
2026-02-24 23:00:00+00:00,47.2,47.2,47.2,47.2,0.0,47.2,0,False
2026-02-25 00:00:00+00:00,47.2,47.2,47.2,47.2,0.0,47.2,0,False
2026-02-25 14:00:00+00:00,47.86,48.3,47.3,47.93,31713.0,47.95,157,False
2026-02-25 15:00:00+00:00,47.93,48.04,47.42,47.54,170523.0,47.753,785,True
2026-02-25 16:00:00+00:00,47.58,47.9,47.54,47.78,19191.0,47.701,157,True
2026-02-25 17:00:00+00:00,47.84,48.11,47.73,48.07,17540.0,47.956,155,True
2026-02-25 18:00:00+00:00,48.08,48.39,47.99,48.39,16180.0,48.149,139,True
2026-02-25 19:00:00+00:00,48.42,48.49,47.98,48.38,69424.0,48.303,411,True
2026-02-25 20:00:00+00:00,48.43,48.73,48.17,48.69,109830.0,48.478,628,True
2026-02-25 21:00:00+00:00,48.66,48.66,48.66,48.66,88453.0,48.66,4,False
2026-02-25 22:00:00+00:00,48.66,48.66,48.66,48.66,0.0,48.66,0,False
2026-02-25 23:00:00+00:00,48.92,48.92,48.91,48.92,103.0,48.916,1,False
2026-02-26 00:00:00+00:00,48.92,48.92,48.91,48.92,0.0,48.92,0,False
2026-02-26 09:00:00+00:00,48.25,48.25,48.19,48.19,300.0,48.21,3,False
2026-02-26 10:00:00+00:00,48.19,48.19,48.19,48.19,0.0,48.19,0,False
2026-02-26 11:00:00+00:00,48.19,48.19,48.19,48.19,0.0,48.19,0,False
2026-02-26 12:00:00+00:00,48.19,48.19,48.19,48.19,0.0,48.19,0,False
2026-02-26 13:00:00+00:00,48.19,48.19,48.19,48.19,0.0,48.19,0,False
2026-02-26 14:00:00+00:00,48.58,48.89,46.67,47.46,46824.0,48.014,242,False
2026-02-26 15:00:00+00:00,47.46,48.45,47.38,48.27,192841.0,47.704,1001,True
2026-02-26 16:00:00+00:00,48.27,48.39,47.93,48.02,25309.0,48.188,212,True
2026-02-26 17:00:00+00:00,48.05,48.13,47.72,47.82,26101.0,47.951,183,True
2026-02-26 18:00:00+00:00,47.77,48.18,47.68,48.05,41108.0,47.836,279,True
2026-02-26 19:00:00+00:00,48.01,48.44,48.01,48.12,31726.0,48.284,269,True
2026-02-26 20:00:00+00:00,48.16,48.67,48.11,48.46,95503.0,48.429,761,True
2026-02-26 21:00:00+00:00,48.46,48.46,48.46,48.46,97731.0,48.46,3,False
2026-02-26 22:00:00+00:00,48.46,48.46,48.46,48.46,0.0,48.46,0,False
2026-02-26 23:00:00+00:00,48.46,48.46,48.46,48.46,0.0,48.46,0,False
2026-02-27 00:00:00+00:00,48.46,48.46,48.46,48.46,0.0,48.46,0,False
2026-02-27 14:00:00+00:00,47.14,47.42,46.66,46.88,51821.0,46.996,198,False
2026-02-27 15:00:00+00:00,46.93,47.45,46.71,47.13,70786.0,47.135,370,True
2026-02-27 16:00:00+00:00,47.13,47.27,47.0,47.19,57084.0,47.167,318,True
2026-02-27 17:00:00+00:00,47.2,47.47,47.17,47.39,47513.0,47.294,236,True
2026-02-27 18:00:00+00:00,47.42,47.42,46.96,47.33,46386.0,47.234,297,True
2026-02-27 19:00:00+00:00,47.36,47.86,47.24,47.76,38454.0,47.58,267,True
2026-02-27 20:00:00+00:00,47.79,48.22,47.66,47.93,128799.0,47.923,957,True
2026-02-27 21:00:00+00:00,47.92,47.92,47.92,47.92,173252.0,47.92,3,False
2026-02-27 22:00:00+00:00,47.92,47.92,47.92,47.92,0.0,47.92,0,False
2026-02-27 23:00:00+00:00,47.92,47.92,47.92,47.92,0.0,47.92,0,False
2026-02-28 00:00:00+00:00,47.92,47.92,47.92,47.92,0.0,47.92,0,False
2026-03-02 11:00:00+00:00,46.73,46.73,46.73,46.73,949.0,46.73,1,False
2026-03-02 12:00:00+00:00,46.73,46.73,46.73,46.73,0.0,46.73,0,False
2026-03-02 13:00:00+00:00,47.92,47.92,46.74,46.74,3782.0,47.833,2,False
2026-03-02 14:00:00+00:00,47.92,50.65,45.75,48.74,235041.0,48.805,1153,False
2026-03-02 15:00:00+00:00,49.0,50.36,48.87,49.39,92938.0,49.626,616,True
2026-03-02 16:00:00+00:00,49.4,49.88,48.94,49.79,52167.0,49.326,387,True
2026-03-02 17:00:00+00:00,49.82,49.87,49.33,49.56,23352.0,49.648,189,True
2026-03-02 18:00:00+00:00,49.54,49.71,49.18,49.37,24468.0,49.448,197,True
2026-03-02 19:00:00+00:00,49.38,51.0,49.38,50.8,127557.0,50.246,608,True
2026-03-02 20:00:00+00:00,50.9,51.0,49.87,50.25,258090.0,50.432,1607,True
2026-03-02 21:00:00+00:00,50.24,50.41,50.24,50.24,195323.0,50.24,6,False
2026-03-02 22:00:00+00:00,50.24,50.24,50.24,50.24,0.0,50.24,0,False
2026-03-02 23:00:00+00:00,50.24,50.24,50.24,50.24,0.0,50.24,0,False
2026-03-03 00:00:00+00:00,50.24,50.24,50.24,50.24,100.0,50.24,1,False
2026-03-03 09:00:00+00:00,49.49,49.49,48.6,48.6,1435.0,48.695,8,False
2026-03-03 10:00:00+00:00,48.6,48.6,48.6,48.6,0.0,48.6,0,False
2026-03-03 11:00:00+00:00,48.6,48.6,48.6,48.6,0.0,48.6,0,False
2026-03-03 12:00:00+00:00,48.6,48.6,48.6,48.6,0.0,48.6,0,False
2026-03-03 13:00:00+00:00,49.04,49.04,49.04,49.04,500.0,49.04,1,False
2026-03-03 14:00:00+00:00,48.29,48.35,47.15,47.8,40585.0,47.932,240,False
2026-03-03 15:00:00+00:00,47.8,48.04,47.27,47.43,119321.0,47.492,749,True
2026-03-03 16:00:00+00:00,47.52,48.76,47.46,48.65,117021.0,48.146,692,True
2026-03-03 17:00:00+00:00,48.65,48.75,48.06,48.64,60690.0,48.49,429,True
2026-03-03 18:00:00+00:00,48.66,49.07,48.56,48.7,89317.0,48.82,631,True
2026-03-03 19:00:00+00:00,48.7,48.81,48.29,48.69,141734.0,48.606,929,True
2026-03-03 20:00:00+00:00,48.63,48.77,48.0,48.0,525516.0,48.349,2228,True
2026-03-03 21:00:00+00:00,48.0,48.0,48.0,48.0,155390.0,48.0,5,False
2026-03-03 22:00:00+00:00,48.0,48.0,48.0,48.0,0.0,48.0,0,False
2026-03-03 23:00:00+00:00,48.0,48.0,48.0,48.0,0.0,48.0,0,False
2026-03-04 00:00:00+00:00,48.0,48.0,48.0,48.0,0.0,48.0,0,False
2026-03-04 13:00:00+00:00,47.52,48.47,47.52,48.47,310.0,47.826,2,False
2026-03-04 14:00:00+00:00,48.76,49.12,47.66,48.02,28038.0,48.165,117,False
2026-03-04 15:00:00+00:00,48.19,48.47,47.27,47.51,327464.0,47.904,1072,True
2026-03-04 16:00:00+00:00,47.56,47.6,45.74,46.15,82987.0,46.499,477,True
2026-03-04 17:00:00+00:00,46.13,46.36,45.96,46.08,52517.0,46.111,335,True
2026-03-04 18:00:00+00:00,46.09,46.33,45.95,46.14,95767.0,46.019,479,True
2026-03-04 19:00:00+00:00,46.14,46.47,46.13,46.23,34101.0,46.284,285,True
2026-03-04 20:00:00+00:00,46.18,47.11,46.17,46.99,177538.0,46.849,990,True
2026-03-04 21:00:00+00:00,46.97,47.19,46.97,47.19,116682.0,46.971,10,False
2026-03-04 22:00:00+00:00,46.9,46.9,46.9,46.9,200.0,46.9,2,False
2026-03-04 23:00:00+00:00,46.9,46.9,46.9,46.9,0.0,46.9,0,False
2026-03-05 00:00:00+00:00,46.9,46.9,46.9,46.9,0.0,46.9,0,False
2026-03-05 14:00:00+00:00,46.23,47.61,45.84,47.43,30417.0,46.57,166,False
2026-03-05 15:00:00+00:00,47.41,47.55,47.03,47.27,16807.0,47.297,139,True
2026-03-05 16:00:00+00:00,47.33,47.42,46.97,47.19,14772.0,47.185,131,True
2026-03-05 17:00:00+00:00,47.12,47.3,46.7,46.9,148511.0,46.908,641,True
2026-03-05 18:00:00+00:00,46.9,47.24,46.75,46.97,105900.0,46.958,446,True
2026-03-05 19:00:00+00:00,46.89,47.42,46.85,47.32,39886.0,47.04,245,True
2026-03-05 20:00:00+00:00,47.3,47.84,47.21,47.83,104312.0,47.553,695,True
2026-03-05 21:00:00+00:00,47.81,47.81,47.81,47.81,105305.0,47.81,2,False
2026-03-05 22:00:00+00:00,47.81,47.81,47.81,47.81,0.0,47.81,0,False
2026-03-05 23:00:00+00:00,47.81,47.81,47.81,47.81,0.0,47.81,0,False
2026-03-06 00:00:00+00:00,47.81,47.81,47.81,47.81,0.0,47.81,0,False
2026-03-06 11:00:00+00:00,47.88,47.88,47.88,47.88,180.0,47.88,1,False
2026-03-06 12:00:00+00:00,47.88,47.88,47.88,47.88,0.0,47.88,0,False
2026-03-06 13:00:00+00:00,47.88,47.88,47.88,47.88,0.0,47.88,0,False
2026-03-06 14:00:00+00:00,46.46,47.58,46.46,47.2,205090.0,47.194,961,False
2026-03-06 15:00:00+00:00,47.24,47.55,46.44,46.58,242303.0,47.097,1328,True
2026-03-06 16:00:00+00:00,46.64,46.72,45.76,46.25,75544.0,46.132,469,True
2026-03-06 17:00:00+00:00,46.3,46.43,46.03,46.18,35241.0,46.235,233,True
2026-03-06 18:00:00+00:00,46.17,46.74,45.98,46.07,79003.0,46.478,555,True
2026-03-06 19:00:00+00:00,46.11,46.19,45.49,46.14,42746.0,45.936,307,True
2026-03-06 20:00:00+00:00,46.16,46.24,45.73,46.06,276874.0,46.009,1631,True
2026-03-06 21:00:00+00:00,46.06,46.06,46.06,46.06,115134.0,46.06,5,False
2026-03-06 22:00:00+00:00,46.06,46.06,46.06,46.06,0.0,46.06,0,False
2026-03-06 23:00:00+00:00,46.06,46.06,46.06,46.06,0.0,46.06,0,False
2026-03-07 00:00:00+00:00,45.4,45.4,45.4,45.4,500.0,45.4,1,False
2026-03-09 13:00:00+00:00,45.09,45.49,44.88,45.13,148563.0,45.138,625,False
2026-03-09 14:00:00+00:00,45.09,46.03,44.76,45.84,55104.0,45.222,338,True
2026-03-09 15:00:00+00:00,45.85,46.43,45.74,46.01,35865.0,46.018,263,True
2026-03-09 16:00:00+00:00,46.0,46.49,45.99,46.19,28646.0,46.247,219,True
2026-03-09 17:00:00+00:00,46.19,46.21,45.83,46.0,32172.0,46.01,226,True
2026-03-09 18:00:00+00:00,46.0,46.45,46.0,46.36,17521.0,46.329,131,True
2026-03-09 19:00:00+00:00,46.34,47.55,46.26,47.15,129988.0,47.128,936,True
2026-03-09 20:00:00+00:00,47.15,47.15,47.15,47.15,138644.0,47.15,7,False
2026-03-09 21:00:00+00:00,46.73,46.73,46.73,46.73,170.0,46.73,1,False
2026-03-09 22:00:00+00:00,46.73,46.73,46.73,46.73,111.0,46.73,1,False
2026-03-09 23:00:00+00:00,46.73,46.73,46.73,46.73,0.0,46.73,0,False
2026-03-10 11:00:00+00:00,47.05,47.05,47.05,47.05,100.0,47.05,1,False
2026-03-10 12:00:00+00:00,47.05,47.05,47.05,47.05,0.0,47.05,0,False
2026-03-10 13:00:00+00:00,46.95,47.1,46.48,47.1,19384.0,46.808,97,False
2026-03-10 14:00:00+00:00,47.05,47.06,46.51,46.93,26569.0,46.897,200,True
2026-03-10 15:00:00+00:00,46.98,47.12,46.68,46.75,64555.0,46.896,365,True
2026-03-10 16:00:00+00:00,46.75,46.76,45.94,46.13,66442.0,46.321,417,True
2026-03-10 17:00:00+00:00,46.13,46.28,45.71,46.25,42409.0,46.053,334,True
2026-03-10 18:00:00+00:00,46.19,46.32,44.9,45.14,54440.0,45.511,460,True
2026-03-10 19:00:00+00:00,45.11,45.27,44.45,45.1,246916.0,44.939,1256,True
2026-03-10 20:00:00+00:00,45.07,45.07,45.07,45.07,106431.0,45.07,5,False
2026-03-10 21:00:00+00:00,45.07,45.07,45.07,45.07,0.0,45.07,0,False
2026-03-10 22:00:00+00:00,45.07,45.07,45.07,45.07,0.0,45.07,0,False
2026-03-10 23:00:00+00:00,45.07,45.07,45.07,45.07,0.0,45.07,0,False
2026-03-11 13:00:00+00:00,45.13,46.5,45.13,46.15,40288.0,45.917,243,False
2026-03-11 14:00:00+00:00,45.96,46.78,45.95,46.43,25886.0,46.414,181,True
2026-03-11 15:00:00+00:00,46.53,46.66,45.94,46.17,38126.0,46.212,290,True
2026-03-11 16:00:00+00:00,46.22,46.39,45.91,46.37,23079.0,46.157,167,True
2026-03-11 17:00:00+00:00,46.39,46.42,45.97,46.13,23354.0,46.233,197,True
2026-03-11 18:00:00+00:00,46.1,46.55,46.08,46.4,30880.0,46.25,208,True
2026-03-11 19:00:00+00:00,46.44,46.92,46.44,46.88,45040.0,46.794,282,True
2026-03-11 20:00:00+00:00,46.85,46.85,46.85,46.85,115079.0,46.85,10,False
2026-03-11 21:00:00+00:00,46.85,46.85,46.85,46.85,0.0,46.85,0,False
2026-03-11 22:00:00+00:00,46.85,46.85,46.85,46.85,0.0,46.85,0,False
2026-03-11 23:00:00+00:00,46.85,46.85,46.85,46.85,0.0,46.85,0,False
2026-03-12 13:00:00+00:00,46.67,46.67,45.96,46.45,46886.0,46.32,293,False
2026-03-12 14:00:00+00:00,46.47,46.62,46.11,46.2,60045.0,46.386,428,True
2026-03-12 15:00:00+00:00,46.28,46.7,46.04,46.63,59386.0,46.268,368,True
2026-03-12 16:00:00+00:00,46.64,46.89,46.18,46.39,41310.0,46.51,287,True
2026-03-12 17:00:00+00:00,46.48,46.53,46.25,46.36,29392.0,46.347,217,True
2026-03-12 18:00:00+00:00,46.37,46.58,46.3,46.36,45625.0,46.429,249,True
2026-03-12 19:00:00+00:00,46.36,46.53,46.21,46.37,155269.0,46.343,918,True
2026-03-12 20:00:00+00:00,46.35,46.35,46.35,46.35,102008.0,46.35,2,False
2026-03-12 21:00:00+00:00,46.35,46.35,46.35,46.35,0.0,46.35,0,False
2026-03-12 22:00:00+00:00,46.35,46.35,46.35,46.35,0.0,46.35,0,False
2026-03-12 23:00:00+00:00,46.35,46.35,46.35,46.35,0.0,46.35,0,False
2026-03-13 13:00:00+00:00,47.15,47.69,46.91,47.25,26143.0,47.398,101,False
2026-03-13 14:00:00+00:00,47.27,47.27,46.17,46.29,63521.0,46.707,361,True
2026-03-13 15:00:00+00:00,46.34,47.28,46.3,47.11,61959.0,46.825,451,True
2026-03-13 16:00:00+00:00,47.08,47.29,46.96,47.07,61376.0,47.074,470,True
2026-03-13 17:00:00+00:00,47.05,47.24,46.92,46.98,64718.0,47.024,386,True
2026-03-13 18:00:00+00:00,47.02,47.4,46.93,47.28,54489.0,47.09,389,True
2026-03-13 19:00:00+00:00,47.28,47.5,47.07,47.47,113316.0,47.347,829,True
2026-03-13 20:00:00+00:00,47.45,47.45,47.45,47.45,113030.0,47.45,2,False
2026-03-13 21:00:00+00:00,47.45,47.45,47.45,47.45,0.0,47.45,0,False
2026-03-13 22:00:00+00:00,47.45,47.45,47.45,47.45,0.0,47.45,0,False
2026-03-13 23:00:00+00:00,47.45,47.45,47.45,47.45,0.0,47.45,0,False
2026-03-16 12:00:00+00:00,47.62,48.0,47.62,48.0,300.0,47.747,2,False
2026-03-16 13:00:00+00:00,48.15,48.46,47.85,48.3,27969.0,48.174,168,False
2026-03-16 14:00:00+00:00,48.38,48.57,47.51,47.65,51503.0,48.118,394,True
2026-03-16 15:00:00+00:00,47.7,48.07,47.38,47.43,46035.0,47.693,346,True
2026-03-16 16:00:00+00:00,47.48,47.73,47.19,47.25,50879.0,47.431,386,True
2026-03-16 17:00:00+00:00,47.22,47.67,47.21,47.44,42714.0,47.475,325,True
2026-03-16 18:00:00+00:00,47.53,47.77,47.07,47.53,37975.0,47.493,267,True
2026-03-16 19:00:00+00:00,47.56,47.88,46.73,46.75,176609.0,47.012,1153,True
2026-03-16 20:00:00+00:00,46.77,46.77,46.77,46.77,1265349.0,46.77,3,False
2026-03-16 21:00:00+00:00,46.77,46.77,46.77,46.77,0.0,46.77,0,False
2026-03-16 22:00:00+00:00,46.77,46.77,46.77,46.77,0.0,46.77,0,False
2026-03-16 23:00:00+00:00,46.77,46.77,46.77,46.77,0.0,46.77,0,False
2026-03-17 13:00:00+00:00,47.25,48.19,47.01,48.14,21744.0,47.613,133,False
2026-03-17 14:00:00+00:00,48.12,48.35,47.59,48.34,57235.0,48.028,430,True
2026-03-17 15:00:00+00:00,48.34,48.35,47.72,47.76,39513.0,48.007,292,True
2026-03-17 16:00:00+00:00,47.76,47.77,47.44,47.51,34189.0,47.608,288,True
2026-03-17 17:00:00+00:00,47.49,47.62,47.09,47.39,21165.0,47.327,185,True
2026-03-17 18:00:00+00:00,47.38,47.52,47.3,47.48,15583.0,47.415,133,True
2026-03-17 19:00:00+00:00,47.52,47.8,47.38,47.65,84616.0,47.627,631,True
2026-03-17 20:00:00+00:00,47.63,47.63,47.63,47.63,93549.0,47.63,2,False
2026-03-17 21:00:00+00:00,47.63,47.63,47.63,47.63,0.0,47.63,0,False
2026-03-17 22:00:00+00:00,47.63,47.63,47.63,47.63,0.0,47.63,0,False
2026-03-17 23:00:00+00:00,47.63,47.63,47.63,47.63,0.0,47.63,0,False
2026-03-18 13:00:00+00:00,47.2,47.2,46.65,46.74,14969.0,47.059,90,False
2026-03-18 14:00:00+00:00,46.97,47.15,46.52,46.81,82123.0,46.843,385,True
2026-03-18 15:00:00+00:00,46.88,47.23,46.77,47.02,18759.0,47.034,154,True
2026-03-18 16:00:00+00:00,47.02,47.12,46.57,46.64,15122.0,46.805,100,True
2026-03-18 17:00:00+00:00,46.55,46.89,46.49,46.66,26305.0,46.762,196,True
2026-03-18 18:00:00+00:00,46.71,46.82,46.26,46.26,43423.0,46.596,269,True
2026-03-18 19:00:00+00:00,46.32,46.49,45.98,46.09,78058.0,46.177,479,True
2026-03-18 20:00:00+00:00,46.08,46.08,46.08,46.08,138472.0,46.08,2,False
2026-03-18 21:00:00+00:00,46.08,46.08,46.08,46.08,0.0,46.08,0,False
2026-03-18 22:00:00+00:00,46.08,46.08,46.08,46.08,0.0,46.08,0,False
2026-03-18 23:00:00+00:00,46.08,46.08,46.08,46.08,0.0,46.08,0,False
2026-03-19 08:00:00+00:00,46.08,46.08,46.08,46.08,147.0,46.08,1,False
2026-03-19 09:00:00+00:00,46.08,46.08,46.08,46.08,0.0,46.08,0,False
2026-03-19 10:00:00+00:00,46.08,46.08,46.08,46.08,0.0,46.08,0,False
2026-03-19 11:00:00+00:00,46.08,46.08,46.08,46.08,0.0,46.08,0,False
2026-03-19 12:00:00+00:00,46.08,46.08,46.08,46.08,0.0,46.08,0,False
2026-03-19 13:00:00+00:00,45.01,45.44,44.49,45.4,28661.0,44.985,96,False
2026-03-19 14:00:00+00:00,45.63,46.52,45.51,46.46,137444.0,46.108,518,True
2026-03-19 15:00:00+00:00,46.43,46.7,46.16,46.35,23069.0,46.42,150,True
2026-03-19 16:00:00+00:00,46.37,46.57,45.93,46.46,29100.0,46.197,200,True
2026-03-19 17:00:00+00:00,46.52,46.62,46.12,46.56,30179.0,46.402,187,True
2026-03-19 18:00:00+00:00,46.51,46.81,46.44,46.78,46519.0,46.628,333,True
2026-03-19 19:00:00+00:00,46.8,47.3,46.59,46.65,164969.0,46.873,1082,True
2026-03-19 20:00:00+00:00,46.63,46.63,46.63,46.63,106567.0,46.63,4,False
2026-03-19 21:00:00+00:00,46.63,46.63,46.63,46.63,0.0,46.63,0,False
2026-03-19 22:00:00+00:00,46.63,46.63,46.63,46.63,0.0,46.63,0,False
2026-03-19 23:00:00+00:00,46.63,46.63,46.63,46.63,0.0,46.63,0,False
2026-03-20 13:00:00+00:00,46.72,47.27,46.19,46.78,68870.0,46.797,120,False
2026-03-20 14:00:00+00:00,46.89,47.8,46.89,47.55,26221.0,47.428,210,True
2026-03-20 15:00:00+00:00,47.66,47.86,47.14,47.24,22499.0,47.446,181,True
2026-03-20 16:00:00+00:00,47.24,47.43,46.95,47.24,23550.0,47.171,134,True
2026-03-20 17:00:00+00:00,47.21,47.22,46.88,47.0,26015.0,47.019,174,True
2026-03-20 18:00:00+00:00,47.09,47.1,46.31,46.31,36870.0,46.642,244,True
2026-03-20 19:00:00+00:00,46.41,46.61,45.85,46.43,122268.0,46.316,897,True
2026-03-20 20:00:00+00:00,46.45,46.45,46.45,46.45,861496.0,46.45,10,False
2026-03-20 21:00:00+00:00,46.45,46.45,46.45,46.45,0.0,46.45,0,False
2026-03-20 22:00:00+00:00,46.45,46.45,46.45,46.45,0.0,46.45,0,False
2026-03-20 23:00:00+00:00,46.45,46.45,46.45,46.45,0.0,46.45,0,False
2026-03-23 11:00:00+00:00,45.96,47.84,45.96,47.84,509.0,47.075,4,False
2026-03-23 12:00:00+00:00,46.62,46.62,45.85,46.45,2357.0,46.405,3,False
2026-03-23 13:00:00+00:00,47.37,48.49,46.9,48.49,28636.0,47.748,153,False
2026-03-23 14:00:00+00:00,48.36,48.5,47.67,48.42,24260.0,48.185,200,True
2026-03-23 15:00:00+00:00,48.48,48.55,47.44,47.54,38398.0,48.067,302,True
2026-03-23 16:00:00+00:00,47.44,47.63,47.31,47.43,31656.0,47.465,211,True
2026-03-23 17:00:00+00:00,47.51,47.84,47.0,47.84,62384.0,47.458,418,True
2026-03-23 18:00:00+00:00,47.84,48.07,47.67,48.03,30917.0,47.843,235,True
2026-03-23 19:00:00+00:00,47.96,48.04,47.56,47.56,78576.0,47.835,557,True
2026-03-23 20:00:00+00:00,47.58,47.58,47.58,47.58,138201.0,47.58,3,False
2026-03-23 21:00:00+00:00,47.58,47.58,47.58,47.58,0.0,47.58,0,False
2026-03-23 22:00:00+00:00,47.58,47.58,47.58,47.58,0.0,47.58,0,False
2026-03-23 23:00:00+00:00,47.58,47.58,47.58,47.58,0.0,47.58,0,False
2026-03-24 13:00:00+00:00,47.08,48.44,47.0,48.27,12596.0,47.609,60,False
2026-03-24 14:00:00+00:00,48.23,49.8,48.22,49.8,52383.0,49.068,264,True
2026-03-24 15:00:00+00:00,49.85,51.13,49.85,49.99,63335.0,50.568,341,True
2026-03-24 16:00:00+00:00,50.0,50.1,49.68,49.87,106235.0,49.927,453,True
2026-03-24 17:00:00+00:00,49.87,50.1,49.7,50.01,50563.0,49.854,355,True
2026-03-24 18:00:00+00:00,50.11,50.62,49.89,50.47,43889.0,50.215,301,True
2026-03-24 19:00:00+00:00,50.47,50.92,50.41,50.84,269857.0,50.79,1599,True
2026-03-24 20:00:00+00:00,50.81,50.81,50.81,50.81,154590.0,50.81,3,False
2026-03-24 21:00:00+00:00,50.81,50.81,50.81,50.81,0.0,50.81,0,False
2026-03-24 22:00:00+00:00,51.49,51.49,51.49,51.49,100.0,51.49,1,False
2026-03-24 23:00:00+00:00,51.33,51.33,51.33,51.33,132.0,51.33,1,False
2026-03-25 11:00:00+00:00,51.47,51.65,51.47,51.65,238.0,51.565,2,False
2026-03-25 12:00:00+00:00,52.0,52.0,51.39,51.39,219.0,51.669,2,False
2026-03-25 13:00:00+00:00,51.0,52.02,51.0,51.2,33387.0,51.655,141,False
2026-03-25 14:00:00+00:00,51.19,51.79,51.16,51.3,26957.0,51.423,213,True
2026-03-25 15:00:00+00:00,51.41,51.82,51.1,51.71,45236.0,51.381,339,True
2026-03-25 16:00:00+00:00,51.73,52.03,51.6,51.79,33444.0,51.836,259,True
2026-03-25 17:00:00+00:00,51.79,52.08,51.6,51.78,28750.0,51.856,242,True
2026-03-25 18:00:00+00:00,51.82,51.95,51.37,51.43,26674.0,51.791,195,True
2026-03-25 19:00:00+00:00,51.38,52.0,51.3,51.97,105442.0,51.739,791,True
2026-03-25 20:00:00+00:00,51.99,51.99,51.99,51.99,86878.0,51.99,2,False
2026-03-25 21:00:00+00:00,51.99,51.99,51.99,51.99,0.0,51.99,0,False
2026-03-25 22:00:00+00:00,51.99,51.99,51.99,51.99,0.0,51.99,0,False
2026-03-25 23:00:00+00:00,51.99,51.99,51.99,51.99,0.0,51.99,0,False
2026-03-26 13:00:00+00:00,51.06,51.69,51.02,51.55,14940.0,51.246,56,False
2026-03-26 14:00:00+00:00,51.55,51.98,51.24,51.48,92550.0,51.585,560,True
2026-03-26 15:00:00+00:00,51.55,51.89,51.28,51.64,220873.0,51.491,1031,True
2026-03-26 16:00:00+00:00,51.7,51.81,50.69,50.87,110021.0,51.296,763,True
2026-03-26 17:00:00+00:00,50.88,51.48,50.23,50.41,42562.0,50.802,327,True
2026-03-26 18:00:00+00:00,50.37,50.65,50.18,50.61,29919.0,50.419,170,True
2026-03-26 19:00:00+00:00,50.67,50.71,49.67,50.11,72608.0,50.027,562,True
2026-03-26 20:00:00+00:00,50.05,50.05,50.05,50.05,77322.0,50.05,3,False
2026-03-26 21:00:00+00:00,50.05,50.05,50.05,50.05,0.0,50.05,0,False
2026-03-26 22:00:00+00:00,50.05,50.05,50.05,50.05,0.0,50.05,0,False
2026-03-26 23:00:00+00:00,50.05,50.05,50.05,50.05,0.0,50.05,0,False
2026-03-27 13:00:00+00:00,49.47,49.75,48.75,48.8,23892.0,49.275,129,False
2026-03-27 14:00:00+00:00,48.89,49.29,48.47,49.06,30985.0,48.841,237,True
2026-03-27 15:00:00+00:00,49.01,49.44,48.39,49.39,58353.0,48.977,389,True
2026-03-27 16:00:00+00:00,49.28,49.69,49.28,49.29,21476.0,49.46,188,True
2026-03-27 17:00:00+00:00,49.51,49.69,48.8,48.89,19562.0,49.259,165,True
2026-03-27 18:00:00+00:00,48.92,49.19,48.73,49.19,18199.0,48.926,147,True
2026-03-27 19:00:00+00:00,49.16,49.57,48.49,49.5,192688.0,49.207,1237,True
2026-03-27 20:00:00+00:00,49.5,49.5,49.5,49.5,105072.0,49.5,7,False
2026-03-27 21:00:00+00:00,49.5,49.5,49.5,49.5,0.0,49.5,0,False
2026-03-27 22:00:00+00:00,49.5,49.5,49.5,49.5,0.0,49.5,0,False
2026-03-27 23:00:00+00:00,49.5,49.5,49.5,49.5,0.0,49.5,0,False
2026-03-30 12:00:00+00:00,50.19,50.19,50.19,50.19,100.0,50.19,1,False
2026-03-30 13:00:00+00:00,50.26,50.43,48.66,48.79,15106.0,49.703,101,False
2026-03-30 14:00:00+00:00,49.03,49.32,47.96,48.18,30741.0,48.636,271,True
2026-03-30 15:00:00+00:00,48.18,48.81,47.68,48.67,16008.0,48.364,153,True
2026-03-30 16:00:00+00:00,48.67,48.67,48.05,48.21,16055.0,48.226,148,True
2026-03-30 17:00:00+00:00,48.25,48.53,47.57,47.97,38156.0,47.933,319,True
2026-03-30 18:00:00+00:00,47.94,48.19,47.7,47.89,47635.0,47.992,269,True
2026-03-30 19:00:00+00:00,47.91,48.05,47.56,47.9,90177.0,47.849,671,True
2026-03-30 20:00:00+00:00,47.88,47.88,47.88,47.88,146229.0,47.88,3,False
2026-03-30 21:00:00+00:00,47.88,47.88,47.88,47.88,0.0,47.88,0,False
2026-03-30 22:00:00+00:00,47.88,47.88,47.88,47.88,0.0,47.88,0,False
2026-03-30 23:00:00+00:00,47.88,47.88,47.88,47.88,0.0,47.88,0,False
2026-03-31 13:00:00+00:00,48.73,49.79,48.6,49.59,9644.0,48.885,28,False
2026-03-31 14:00:00+00:00,49.73,50.45,49.33,49.7,87271.0,49.797,488,True
2026-03-31 15:00:00+00:00,49.72,49.98,49.5,49.69,21964.0,49.729,138,True
2026-03-31 16:00:00+00:00,49.77,51.41,49.65,50.73,52532.0,50.545,424,True
2026-03-31 17:00:00+00:00,50.53,50.89,50.45,50.53,24619.0,50.701,202,True
2026-03-31 18:00:00+00:00,50.6,51.21,50.5,51.04,26638.0,50.86,212,True
2026-03-31 19:00:00+00:00,50.97,51.35,50.74,51.21,223415.0,51.056,1401,True
2026-03-31 20:00:00+00:00,51.2,51.44,51.2,51.32,224404.0,51.2,8,False
2026-03-31 21:00:00+00:00,51.32,51.32,51.32,51.32,0.0,51.32,0,False
2026-03-31 22:00:00+00:00,51.32,51.32,51.32,51.32,0.0,51.32,0,False
2026-03-31 23:00:00+00:00,51.32,51.32,51.32,51.32,0.0,51.32,0,False
2026-04-01 08:00:00+00:00,51.97,51.97,51.97,51.97,100.0,51.97,1,False
2026-04-01 09:00:00+00:00,51.97,51.97,51.97,51.97,0.0,51.97,0,False
2026-04-01 10:00:00+00:00,51.97,51.97,51.97,51.97,0.0,51.97,0,False
2026-04-01 11:00:00+00:00,51.2,51.2,51.2,51.2,1388.0,51.2,1,False
2026-04-01 12:00:00+00:00,51.77,51.78,51.77,51.77,250.0,51.772,1,False
2026-04-01 13:00:00+00:00,51.75,53.12,51.73,52.91,22030.0,52.45,101,False
2026-04-01 14:00:00+00:00,52.66,52.84,52.23,52.55,21676.0,52.524,139,True
2026-04-01 15:00:00+00:00,52.53,53.11,52.48,52.71,39506.0,52.727,260,True
2026-04-01 16:00:00+00:00,52.66,53.37,52.65,53.35,39883.0,53.014,307,True
2026-04-01 17:00:00+00:00,53.34,53.5,52.98,53.0,44141.0,53.289,303,True
2026-04-01 18:00:00+00:00,52.99,53.05,52.61,52.61,90044.0,52.892,640,True
2026-04-01 19:00:00+00:00,52.56,52.67,52.19,52.41,110505.0,52.408,849,True
2026-04-01 20:00:00+00:00,52.41,52.41,52.37,52.37,144776.0,52.37,11,False
2026-04-01 21:00:00+00:00,53.22,53.22,53.22,53.22,200.0,53.22,1,False
2026-04-01 22:00:00+00:00,52.0,52.2,52.0,52.2,256.0,52.122,2,False
2026-04-01 23:00:00+00:00,52.2,52.2,52.2,52.2,0.0,52.2,0,False
2026-04-02 11:00:00+00:00,50.53,50.55,50.53,50.55,226.0,50.54,2,False
2026-04-02 12:00:00+00:00,50.55,50.55,50.55,50.55,0.0,50.55,0,False
2026-04-02 13:00:00+00:00,50.98,51.65,50.95,51.46,29539.0,51.258,114,False
2026-04-02 14:00:00+00:00,51.54,53.25,51.17,52.23,71504.0,51.867,479,True
2026-04-02 15:00:00+00:00,52.23,52.53,52.0,52.3,30622.0,52.232,217,True
2026-04-02 16:00:00+00:00,52.19,52.37,51.94,52.13,24797.0,52.137,195,True
2026-04-02 17:00:00+00:00,52.13,52.33,51.85,52.17,50895.0,52.138,360,True
2026-04-02 18:00:00+00:00,52.25,52.7,52.16,52.65,43150.0,52.429,304,True
2026-04-02 19:00:00+00:00,52.68,52.8,52.22,52.39,126004.0,52.435,880,True
2026-04-02 20:00:00+00:00,52.37,52.37,52.35,52.35,218624.0,52.37,5,False
2026-04-02 21:00:00+00:00,52.35,52.35,52.35,52.35,0.0,52.35,0,False
2026-04-02 22:00:00+00:00,52.35,52.35,52.35,52.35,0.0,52.35,0,False
2026-04-02 23:00:00+00:00,52.35,52.35,52.35,52.35,0.0,52.35,0,False
2026-04-06 10:00:00+00:00,51.85,51.85,51.55,51.55,924.0,51.617,5,False
2026-04-06 11:00:00+00:00,51.35,51.54,51.35,51.54,284.0,51.473,2,False
2026-04-06 12:00:00+00:00,51.54,51.54,51.54,51.54,0.0,51.54,0,False
2026-04-06 13:00:00+00:00,51.13,53.49,51.0,52.52,47049.0,52.345,231,False
2026-04-06 14:00:00+00:00,52.83,52.92,51.22,51.37,39739.0,51.913,291,True
2026-04-06 15:00:00+00:00,51.37,51.7,51.31,51.68,29476.0,51.516,216,True
2026-04-06 16:00:00+00:00,51.68,51.75,51.41,51.51,31992.0,51.539,211,True
2026-04-06 17:00:00+00:00,51.48,51.65,51.18,51.57,28984.0,51.458,233,True
2026-04-06 18:00:00+00:00,51.54,51.83,51.42,51.48,48766.0,51.625,307,True
2026-04-06 19:00:00+00:00,51.52,51.54,51.22,51.43,140803.0,51.408,851,True
2026-04-06 20:00:00+00:00,51.44,51.62,51.44,51.62,178632.0,51.44,3,False
2026-04-06 21:00:00+00:00,51.62,51.62,51.62,51.62,0.0,51.62,0,False
2026-04-06 22:00:00+00:00,51.62,51.62,51.62,51.62,0.0,51.62,0,False
2026-04-06 23:00:00+00:00,51.45,51.5,51.45,51.5,200.0,51.475,2,False
2026-04-07 13:00:00+00:00,51.07,51.46,50.12,50.24,21626.0,50.741,92,False
2026-04-07 14:00:00+00:00,50.41,50.78,50.12,50.31,37134.0,50.336,276,True
2026-04-07 15:00:00+00:00,50.26,50.64,50.08,50.56,22515.0,50.362,195,True
2026-04-07 16:00:00+00:00,50.6,51.15,50.58,50.61,25804.0,50.814,219,True
2026-04-07 17:00:00+00:00,50.6,51.14,50.53,51.05,40610.0,50.681,246,True
2026-04-07 18:00:00+00:00,51.06,51.15,50.42,50.51,30660.0,50.737,190,True
2026-04-07 19:00:00+00:00,50.61,51.72,50.6,51.62,90499.0,51.324,714,True
2026-04-07 20:00:00+00:00,51.61,51.61,51.61,51.61,84285.0,51.61,3,False
2026-04-07 21:00:00+00:00,51.61,51.61,51.61,51.61,0.0,51.61,0,False
2026-04-07 22:00:00+00:00,51.93,52.31,51.93,52.31,1940.0,52.287,2,False
2026-04-07 23:00:00+00:00,52.31,52.31,52.3,52.31,0.0,52.31,0,False
2026-04-08 08:00:00+00:00,53.69,54.5,53.69,54.5,317.0,54.201,2,False
2026-04-08 09:00:00+00:00,54.5,54.5,54.5,54.5,0.0,54.5,0,False
2026-04-08 10:00:00+00:00,54.5,54.5,54.5,54.5,0.0,54.5,0,False
2026-04-08 11:00:00+00:00,54.5,54.5,54.5,54.5,0.0,54.5,0,False
2026-04-08 12:00:00+00:00,54.5,54.5,54.5,54.5,0.0,54.5,0,False
2026-04-08 13:00:00+00:00,54.56,54.56,53.02,53.23,22819.0,53.525,84,False
2026-04-08 14:00:00+00:00,53.23,53.86,52.66,52.81,37847.0,53.276,251,True
2026-04-08 15:00:00+00:00,52.96,53.85,52.96,53.82,47757.0,53.492,234,True
2026-04-08 16:00:00+00:00,53.82,54.02,53.7,53.79,45141.0,53.866,226,True
2026-04-08 17:00:00+00:00,53.8,53.92,53.48,53.8,32597.0,53.685,239,True
2026-04-08 18:00:00+00:00,53.77,53.93,52.92,53.01,59952.0,53.341,412,True
2026-04-08 19:00:00+00:00,53.01,53.91,52.92,53.88,127936.0,53.616,878,True
2026-04-08 20:00:00+00:00,53.89,53.89,53.89,53.89,152398.0,53.89,6,False
2026-04-08 21:00:00+00:00,53.89,53.89,53.89,53.89,0.0,53.89,0,False
2026-04-08 22:00:00+00:00,53.89,53.89,53.89,53.89,0.0,53.89,0,False
2026-04-08 23:00:00+00:00,53.89,53.89,53.89,53.89,0.0,53.89,0,False
2026-04-09 13:00:00+00:00,53.55,54.44,53.55,54.11,24426.0,53.953,132,False
2026-04-09 14:00:00+00:00,54.12,54.42,54.04,54.25,14534.0,54.176,122,True
2026-04-09 15:00:00+00:00,54.33,54.7,54.1,54.41,16552.0,54.308,127,True
2026-04-09 16:00:00+00:00,54.47,54.62,54.23,54.36,25357.0,54.348,181,True
2026-04-09 17:00:00+00:00,54.37,54.59,54.2,54.54,49267.0,54.442,343,True
2026-04-09 18:00:00+00:00,54.53,54.64,54.29,54.35,50952.0,54.5,324,True
2026-04-09 19:00:00+00:00,54.3,55.08,54.29,54.57,103371.0,54.574,789,True
2026-04-09 20:00:00+00:00,54.54,54.54,54.54,54.54,182756.0,54.54,18,False
2026-04-09 21:00:00+00:00,54.54,54.54,54.54,54.54,0.0,54.54,0,False
2026-04-09 22:00:00+00:00,54.54,54.54,54.54,54.54,0.0,54.54,0,False
2026-04-09 23:00:00+00:00,54.55,54.55,54.55,54.55,155.0,54.55,1,False
2026-04-10 13:00:00+00:00,55.14,55.9,54.17,55.5,19173.0,55.455,119,False
2026-04-10 14:00:00+00:00,55.48,55.48,55.0,55.17,22597.0,55.242,163,True
2026-04-10 15:00:00+00:00,55.07,55.45,54.48,54.6,32510.0,54.983,258,True
2026-04-10 16:00:00+00:00,54.55,54.78,54.45,54.51,17011.0,54.62,131,True
2026-04-10 17:00:00+00:00,54.51,54.56,54.3,54.53,31113.0,54.411,222,True
2026-04-10 18:00:00+00:00,54.51,54.99,54.45,54.89,32806.0,54.644,293,True
2026-04-10 19:00:00+00:00,54.88,54.91,54.5,54.54,90165.0,54.634,680,True
2026-04-10 20:00:00+00:00,54.53,54.8,54.53,54.8,93217.0,54.53,4,False
2026-04-10 21:00:00+00:00,54.8,54.8,54.8,54.8,0.0,54.8,0,False
2026-04-10 22:00:00+00:00,54.8,54.8,54.8,54.8,0.0,54.8,0,False
2026-04-10 23:00:00+00:00,54.8,54.8,54.8,54.8,0.0,54.8,0,False
2026-04-13 13:00:00+00:00,54.53,54.72,54.0,54.28,15817.0,54.424,72,False
2026-04-13 14:00:00+00:00,54.44,54.74,53.83,54.15,21973.0,54.112,156,True
2026-04-13 15:00:00+00:00,54.19,54.27,53.71,53.72,12091.0,54.037,107,True
2026-04-13 16:00:00+00:00,53.75,54.56,53.66,54.5,14017.0,54.151,122,True
2026-04-13 17:00:00+00:00,54.48,54.54,54.21,54.22,10864.0,54.347,93,True
2026-04-13 18:00:00+00:00,54.25,54.45,54.02,54.02,28998.0,54.307,232,True
2026-04-13 19:00:00+00:00,54.08,54.09,52.99,53.4,195338.0,53.439,1424,True
2026-04-13 20:00:00+00:00,53.38,53.38,53.38,53.38,234797.0,53.38,1,False
2026-04-13 21:00:00+00:00,53.38,53.38,53.38,53.38,0.0,53.38,0,False
2026-04-13 22:00:00+00:00,53.38,53.38,53.38,53.38,0.0,53.38,0,False
2026-04-13 23:00:00+00:00,53.38,53.38,53.38,53.38,0.0,53.38,0,False
2026-04-14 13:00:00+00:00,53.76,54.1,53.2,53.65,24592.0,53.536,108,False
2026-04-14 14:00:00+00:00,53.4,54.54,53.4,54.43,29592.0,54.037,166,True
2026-04-14 15:00:00+00:00,54.51,54.61,53.8,53.84,25829.0,54.149,181,True
2026-04-14 16:00:00+00:00,53.84,53.89,53.05,53.05,20489.0,53.387,161,True
2026-04-14 17:00:00+00:00,53.05,53.53,53.03,53.53,15396.0,53.203,114,True
2026-04-14 18:00:00+00:00,53.36,53.53,53.22,53.53,16188.0,53.354,138,True
2026-04-14 19:00:00+00:00,53.56,54.14,53.5,54.07,65927.0,53.872,506,True
2026-04-14 20:00:00+00:00,54.03,54.03,53.75,53.75,103874.0,54.028,16,False
2026-04-14 21:00:00+00:00,53.75,53.75,53.75,53.75,0.0,53.75,0,False
2026-04-14 22:00:00+00:00,53.75,53.75,53.75,53.75,0.0,53.75,0,False
2026-04-14 23:00:00+00:00,53.75,53.76,53.75,53.75,0.0,53.75,0,False
2026-04-15 13:00:00+00:00,53.55,53.99,53.26,53.43,9039.0,53.557,41,False
2026-04-15 14:00:00+00:00,53.62,54.05,53.25,54.0,25775.0,53.683,183,True
2026-04-15 15:00:00+00:00,53.96,54.04,53.46,53.54,23350.0,53.683,190,True
2026-04-15 16:00:00+00:00,53.61,53.99,53.39,53.98,46974.0,53.734,281,True
2026-04-15 17:00:00+00:00,53.93,54.17,53.91,54.03,12856.0,54.052,113,True
2026-04-15 18:00:00+00:00,54.0,54.4,54.0,54.4,16051.0,54.226,135,True
2026-04-15 19:00:00+00:00,54.38,54.96,54.37,54.86,79343.0,54.721,599,True
2026-04-15 20:00:00+00:00,54.87,54.87,54.8,54.8,94183.0,54.87,3,False
2026-04-15 21:00:00+00:00,54.8,54.8,54.8,54.8,0.0,54.8,0,False
2026-04-15 22:00:00+00:00,54.8,54.8,54.8,54.8,0.0,54.8,0,False
2026-04-15 23:00:00+00:00,54.8,54.8,54.8,54.8,0.0,54.8,0,False
2026-04-16 13:00:00+00:00,54.85,55.91,54.84,55.63,25857.0,55.414,151,False
2026-04-16 14:00:00+00:00,55.63,56.04,55.27,55.98,29465.0,55.7,238,True
2026-04-16 15:00:00+00:00,56.02,56.83,56.02,56.62,36323.0,56.375,275,True
2026-04-16 16:00:00+00:00,56.53,56.61,56.19,56.3,42695.0,56.467,307,True
2026-04-16 17:00:00+00:00,56.34,56.39,56.02,56.23,16782.0,56.237,135,True
2026-04-16 18:00:00+00:00,56.29,56.43,55.84,56.19,45750.0,56.109,276,True
2026-04-16 19:00:00+00:00,56.19,56.29,55.74,56.06,87826.0,56.01,636,True
2026-04-16 20:00:00+00:00,56.05,56.05,56.05,56.05,88952.0,56.05,1,False
2026-04-16 21:00:00+00:00,56.16,56.16,56.15,56.16,1132.0,56.158,1,False
2026-04-16 22:00:00+00:00,56.16,56.16,56.16,56.16,0.0,56.16,0,False
2026-04-16 23:00:00+00:00,56.16,56.16,56.15,56.16,0.0,56.16,0,False
2026-04-17 13:00:00+00:00,56.83,57.14,56.16,56.89,28173.0,56.888,86,False
2026-04-17 14:00:00+00:00,57.14,58.9,57.1,58.77,107934.0,58.241,372,True
2026-04-17 15:00:00+00:00,58.64,59.0,58.39,58.82,39906.0,58.676,270,True
2026-04-17 16:00:00+00:00,58.89,59.61,58.88,59.43,54062.0,59.239,287,True
2026-04-17 17:00:00+00:00,59.38,60.11,59.32,59.44,34635.0,59.623,258,True
2026-04-17 18:00:00+00:00,59.51,59.51,58.77,59.01,33638.0,59.146,233,True
2026-04-17 19:00:00+00:00,59.01,59.21,58.56,58.67,108994.0,58.861,812,True
2026-04-17 20:00:00+00:00,58.65,58.65,58.65,58.65,115421.0,58.65,6,False
2026-04-17 21:00:00+00:00,58.65,58.65,58.65,58.65,0.0,58.65,0,False
2026-04-17 22:00:00+00:00,58.65,58.65,58.65,58.65,0.0,58.65,0,False
2026-04-17 23:00:00+00:00,58.65,58.65,58.65,58.65,0.0,58.65,0,False
2026-04-20 08:00:00+00:00,58.56,58.56,58.56,58.56,100.0,58.56,1,False
2026-04-20 09:00:00+00:00,58.56,58.56,58.56,58.56,0.0,58.56,0,False
2026-04-20 10:00:00+00:00,58.56,58.56,58.56,58.56,0.0,58.56,0,False
2026-04-20 11:00:00+00:00,58.56,58.56,58.56,58.56,0.0,58.56,0,False
2026-04-20 12:00:00+00:00,58.56,58.56,58.56,58.56,0.0,58.56,0,False
2026-04-20 13:00:00+00:00,58.98,59.62,58.7,59.62,26305.0,59.194,69,False
2026-04-20 14:00:00+00:00,59.57,60.16,59.37,59.9,29856.0,59.792,189,True
2026-04-20 15:00:00+00:00,59.91,61.26,59.76,61.23,83272.0,60.914,477,True
2026-04-20 16:00:00+00:00,61.16,61.16,60.33,60.55,42687.0,60.795,269,True
2026-04-20 17:00:00+00:00,60.55,60.64,60.03,60.07,32547.0,60.451,242,True
2026-04-20 18:00:00+00:00,60.07,61.46,60.07,61.14,117902.0,60.821,693,True
2026-04-20 19:00:00+00:00,61.12,62.28,61.1,61.83,174475.0,61.804,1114,True
2026-04-20 20:00:00+00:00,61.83,61.83,61.83,61.83,258915.0,61.83,1,False
2026-04-20 21:00:00+00:00,61.83,61.83,61.83,61.83,0.0,61.83,0,False
2026-04-20 22:00:00+00:00,62.1,62.1,62.1,62.1,100.0,62.1,1,False
2026-04-20 23:00:00+00:00,62.1,62.1,62.1,62.1,100.0,62.1,1,False
2026-04-21 11:00:00+00:00,63.0,63.26,63.0,63.19,1014.0,63.172,6,False
2026-04-21 12:00:00+00:00,62.2,62.2,62.2,62.2,100.0,62.2,1,False
2026-04-21 13:00:00+00:00,62.7,63.63,62.53,63.63,43862.0,63.083,199,False
2026-04-21 14:00:00+00:00,63.59,64.75,63.37,63.96,143144.0,64.261,696,True
2026-04-21 15:00:00+00:00,64.14,64.91,63.77,64.82,82906.0,64.258,525,True
2026-04-21 16:00:00+00:00,64.81,65.7,64.76,65.09,112555.0,65.208,658,True
2026-04-21 17:00:00+00:00,65.09,66.49,64.67,66.49,84894.0,65.596,510,True
2026-04-21 18:00:00+00:00,66.36,67.75,66.31,67.55,195223.0,66.974,909,True
2026-04-21 19:00:00+00:00,67.58,69.5,66.88,67.4,601778.0,68.239,3494,True
2026-04-21 20:00:00+00:00,67.37,68.2,66.72,66.72,212459.0,67.371,9,False
2026-04-21 21:00:00+00:00,66.72,66.72,66.72,66.72,0.0,66.72,0,False
2026-04-21 22:00:00+00:00,67.0,67.0,66.38,66.39,330.0,66.628,2,False
2026-04-21 23:00:00+00:00,68.0,68.0,68.0,68.0,450.0,68.0,1,False
2026-04-22 08:00:00+00:00,69.0,69.44,68.5,68.87,1294.0,68.945,9,False
2026-04-22 09:00:00+00:00,69.73,69.73,68.88,68.88,699.0,69.597,3,False
2026-04-22 10:00:00+00:00,69.5,71.0,69.38,70.1,4622.0,69.924,18,False
2026-04-22 11:00:00+00:00,69.77,70.29,69.25,69.86,7097.0,69.974,21,False
2026-04-22 12:00:00+00:00,69.69,71.0,69.5,69.5,11138.0,70.15,22,False
2026-04-22 13:00:00+00:00,70.0,76.22,69.11,73.69,561783.0,73.189,2116,False
2026-04-22 14:00:00+00:00,73.82,75.0,71.58,72.92,380987.0,73.249,1958,True
2026-04-22 15:00:00+00:00,72.75,73.15,69.5,71.0,288027.0,71.165,1626,True
2026-04-22 16:00:00+00:00,70.97,71.64,70.37,70.5,110335.0,71.014,830,True
2026-04-22 17:00:00+00:00,70.5,72.18,70.28,71.94,120120.0,71.167,898,True
2026-04-22 18:00:00+00:00,71.94,72.4,71.1,71.22,149200.0,71.545,1025,True
2026-04-22 19:00:00+00:00,71.1,71.84,70.17,71.73,242851.0,71.145,1666,True
2026-04-22 20:00:00+00:00,71.73,71.85,70.3,71.85,142436.0,71.706,5,False
2026-04-22 21:00:00+00:00,72.0,73.74,72.0,72.05,879.0,72.293,5,False
2026-04-22 22:00:00+00:00,73.0,73.75,72.95,72.95,637.0,73.338,3,False
2026-04-22 23:00:00+00:00,72.95,72.95,72.95,72.95,0.0,72.95,0,False
2026-04-23 09:00:00+00:00,71.07,71.07,71.01,71.07,944.0,71.055,6,False
2026-04-23 10:00:00+00:00,70.99,71.67,70.99,71.67,200.0,71.33,2,False
2026-04-23 11:00:00+00:00,71.39,71.39,70.05,71.0,505.0,70.895,4,False
2026-04-23 12:00:00+00:00,71.5,71.88,71.5,71.84,1663.0,71.679,8,False
2026-04-23 13:00:00+00:00,71.52,74.06,71.5,71.6,69662.0,72.827,314,False
2026-04-23 14:00:00+00:00,71.76,74.73,71.5,74.73,108911.0,73.644,579,True
2026-04-23 15:00:00+00:00,74.73,74.8,72.54,73.0,95444.0,73.778,642,True
2026-04-23 16:00:00+00:00,72.99,73.5,72.76,72.79,45461.0,73.117,345,True
2026-04-23 17:00:00+00:00,72.94,73.18,70.81,71.81,104832.0,71.81,721,True
2026-04-23 18:00:00+00:00,71.91,72.85,71.72,72.03,45907.0,72.287,343,True
2026-04-23 19:00:00+00:00,72.03,72.85,71.67,72.67,154939.0,72.413,1089,True
2026-04-23 20:00:00+00:00,72.67,72.8,71.25,72.8,310709.0,72.626,15,False
2026-04-23 21:00:00+00:00,72.8,72.8,72.8,72.8,0.0,72.8,0,False
2026-04-23 22:00:00+00:00,75.0,75.0,75.0,75.0,150.0,75.0,1,False
2026-04-23 23:00:00+00:00,75.0,75.0,75.0,75.0,0.0,75.0,0,False
2026-04-24 08:00:00+00:00,73.92,74.4,73.92,74.4,566.0,74.142,3,False
2026-04-24 09:00:00+00:00,74.46,74.46,74.46,74.46,100.0,74.46,1,False
2026-04-24 10:00:00+00:00,74.4,74.4,74.4,74.4,150.0,74.4,1,False
2026-04-24 11:00:00+00:00,74.29,75.3,74.29,75.2,1787.0,74.845,10,False
2026-04-24 12:00:00+00:00,74.49,74.49,74.49,74.49,150.0,74.49,1,False
2026-04-24 13:00:00+00:00,74.0,75.5,72.94,73.09,77359.0,74.483,366,False
2026-04-24 14:00:00+00:00,73.3,74.22,72.74,73.37,150310.0,73.322,838,True
2026-04-24 15:00:00+00:00,73.46,74.49,73.4,73.97,82359.0,73.774,613,True
2026-04-24 16:00:00+00:00,74.01,75.06,73.99,74.99,61328.0,74.627,390,True
2026-04-24 17:00:00+00:00,75.07,75.24,74.78,75.19,62968.0,75.05,325,True
2026-04-24 18:00:00+00:00,75.25,75.3,74.39,74.45,68926.0,74.89,431,True
2026-04-24 19:00:00+00:00,74.31,74.72,73.12,73.54,178869.0,73.763,1341,True
2026-04-24 20:00:00+00:00,73.54,75.79,73.54,75.79,136133.0,73.542,9,False
2026-04-24 21:00:00+00:00,75.79,75.79,75.79,75.79,0.0,75.79,0,False
2026-04-24 22:00:00+00:00,75.79,75.79,75.79,75.79,0.0,75.79,0,False
2026-04-24 23:00:00+00:00,75.79,75.79,75.79,75.79,0.0,75.79,0,False
2026-04-27 08:00:00+00:00,74.18,74.18,72.81,73.72,833.0,73.689,6,False
2026-04-27 09:00:00+00:00,73.49,73.49,73.49,73.49,100.0,73.49,1,False
2026-04-27 10:00:00+00:00,73.49,73.49,73.49,73.49,0.0,73.49,0,False
2026-04-27 11:00:00+00:00,73.49,73.49,73.49,73.49,0.0,73.49,0,False
2026-04-27 12:00:00+00:00,73.53,73.53,73.53,73.53,100.0,73.53,1,False
2026-04-27 13:00:00+00:00,73.01,73.35,69.6,70.64,64193.0,71.391,256,False
2026-04-27 14:00:00+00:00,70.64,70.72,69.15,69.66,37965.0,69.846,273,True
2026-04-27 15:00:00+00:00,69.78,69.79,68.87,69.21,48719.0,69.221,389,True
2026-04-27 16:00:00+00:00,69.21,70.23,69.18,70.06,49618.0,69.756,343,True
2026-04-27 17:00:00+00:00,69.95,70.04,69.37,70.01,37342.0,69.712,334,True
2026-04-27 18:00:00+00:00,69.98,70.47,69.59,70.15,66443.0,70.062,484,True
2026-04-27 19:00:00+00:00,70.15,70.94,70.11,70.61,168003.0,70.519,1134,True
2026-04-27 20:00:00+00:00,70.62,70.62,70.62,70.62,99757.0,70.62,3,False
2026-04-27 21:00:00+00:00,70.62,70.62,70.62,70.62,0.0,70.62,0,False
2026-04-27 22:00:00+00:00,70.62,70.62,70.62,70.62,0.0,70.62,0,False
2026-04-27 23:00:00+00:00,70.62,70.62,70.62,70.62,0.0,70.62,0,False
2026-04-28 09:00:00+00:00,69.67,69.67,69.44,69.44,666.0,69.604,3,False
2026-04-28 10:00:00+00:00,69.44,69.44,69.44,69.44,0.0,69.44,0,False
2026-04-28 11:00:00+00:00,69.44,69.44,69.44,69.44,0.0,69.44,0,False
2026-04-28 12:00:00+00:00,66.51,67.3,66.51,67.3,600.0,66.752,5,False
2026-04-28 13:00:00+00:00,67.31,69.22,66.72,67.53,131598.0,67.494,527,False
2026-04-28 14:00:00+00:00,67.64,68.07,65.25,66.12,291358.0,66.52,1211,True
2026-04-28 15:00:00+00:00,66.12,66.62,65.66,65.88,100946.0,66.129,694,True
2026-04-28 16:00:00+00:00,65.75,66.14,65.16,65.23,73575.0,65.706,508,True
2026-04-28 17:00:00+00:00,65.23,66.07,65.13,66.07,66463.0,65.584,523,True
2026-04-28 18:00:00+00:00,66.09,66.16,65.25,66.08,98397.0,65.64,769,True
2026-04-28 19:00:00+00:00,66.14,66.25,64.85,66.05,178707.0,65.643,1232,True
2026-04-28 20:00:00+00:00,66.02,66.5,65.99,66.5,101352.0,66.021,5,False
2026-04-28 21:00:00+00:00,66.06,66.64,66.06,66.64,700.0,66.171,3,False
2026-04-28 22:00:00+00:00,66.61,66.71,66.61,66.71,1923.0,66.696,11,False
2026-04-28 23:00:00+00:00,66.71,66.71,66.71,66.71,0.0,66.71,0,False
2026-04-29 08:00:00+00:00,66.86,66.86,66.86,66.86,100.0,66.86,1,False
2026-04-29 09:00:00+00:00,66.86,66.86,66.86,66.86,0.0,66.86,0,False
2026-04-29 10:00:00+00:00,66.86,66.86,66.86,66.86,0.0,66.86,0,False
2026-04-29 11:00:00+00:00,67.5,67.5,67.5,67.5,864.0,67.5,5,False
2026-04-29 12:00:00+00:00,67.5,67.54,67.5,67.54,2720.0,67.501,14,False
2026-04-29 13:00:00+00:00,67.58,70.76,67.58,69.78,132418.0,69.571,833,False
2026-04-29 14:00:00+00:00,69.66,71.68,69.15,70.67,123243.0,70.515,726,True
2026-04-29 15:00:00+00:00,70.66,70.66,69.66,69.87,57474.0,70.186,379,True
2026-04-29 16:00:00+00:00,70.01,70.19,69.49,69.55,36042.0,69.795,268,True
2026-04-29 17:00:00+00:00,69.61,70.1,69.38,70.09,50849.0,69.836,278,True
2026-04-29 18:00:00+00:00,70.09,70.16,69.55,69.88,101349.0,69.911,619,True
2026-04-29 19:00:00+00:00,69.88,70.28,69.25,69.73,274298.0,69.805,1619,True
2026-04-29 20:00:00+00:00,69.69,71.0,68.82,70.55,167315.0,69.69,8,False
2026-04-29 21:00:00+00:00,71.0,71.0,70.65,71.0,1049.0,70.851,8,False
2026-04-29 22:00:00+00:00,71.83,71.98,71.83,71.98,1250.0,71.865,3,False
2026-04-29 23:00:00+00:00,72.0,72.49,71.9,72.48,994.0,72.064,5,False
2026-04-30 08:00:00+00:00,72.5,72.5,70.0,71.88,965.0,71.337,7,False
2026-04-30 09:00:00+00:00,71.5,71.5,71.5,71.5,1000.0,71.5,2,False
2026-04-30 10:00:00+00:00,72.0,72.0,72.0,72.0,120.0,72.0,1,False
2026-04-30 11:00:00+00:00,71.26,71.26,70.85,70.85,246.0,71.068,2,False
2026-04-30 12:00:00+00:00,72.4,72.4,72.4,72.4,150.0,72.4,1,False
2026-04-30 13:00:00+00:00,72.0,72.01,70.54,70.54,95809.0,71.186,465,False
2026-04-30 14:00:00+00:00,70.65,72.26,70.35,71.07,61514.0,71.189,348,True
2026-04-30 15:00:00+00:00,71.11,72.2,70.99,71.39,91714.0,71.667,414,True
2026-04-30 16:00:00+00:00,71.37,71.81,70.97,71.47,66171.0,71.476,361,True
2026-04-30 17:00:00+00:00,71.59,71.91,71.4,71.67,37944.0,71.642,194,True
2026-04-30 18:00:00+00:00,71.63,71.93,70.3,70.3,97729.0,71.117,533,True
2026-04-30 19:00:00+00:00,70.34,72.79,70.16,72.79,261693.0,71.902,1626,True
2026-04-30 20:00:00+00:00,72.71,72.71,72.71,72.71,205232.0,72.71,4,False
2026-04-30 21:00:00+00:00,73.45,73.45,73.45,73.45,100.0,73.45,1,False
2026-04-30 22:00:00+00:00,73.45,73.45,73.45,73.45,0.0,73.45,0,False
2026-04-30 23:00:00+00:00,73.45,73.45,73.45,73.45,0.0,73.45,0,False
2026-05-01 08:00:00+00:00,71.62,71.62,71.62,71.62,150.0,71.62,1,False
2026-05-01 09:00:00+00:00,71.62,71.62,71.62,71.62,0.0,71.62,0,False
2026-05-01 10:00:00+00:00,71.62,71.62,71.62,71.62,0.0,71.62,0,False
2026-05-01 11:00:00+00:00,73.13,73.14,73.13,73.13,1000.0,73.133,1,False
2026-05-01 12:00:00+00:00,71.68,71.68,71.67,71.68,143.0,71.679,1,False
2026-05-01 13:00:00+00:00,72.14,72.42,70.72,71.98,47542.0,71.652,201,False
2026-05-01 14:00:00+00:00,71.89,72.15,71.23,71.94,54516.0,71.71,297,True
2026-05-01 15:00:00+00:00,71.99,72.56,71.87,72.56,34618.0,72.23,197,True
2026-05-01 16:00:00+00:00,72.56,72.82,72.18,72.52,43394.0,72.622,301,True
2026-05-01 17:00:00+00:00,72.59,73.67,72.59,73.2,69627.0,73.123,423,True
2026-05-01 18:00:00+00:00,73.16,73.74,72.5,72.97,64673.0,73.077,469,True
2026-05-01 19:00:00+00:00,72.98,73.59,72.88,73.33,108711.0,73.275,677,True
2026-05-01 20:00:00+00:00,73.32,73.32,73.32,73.32,82606.0,73.32,2,False
2026-05-01 21:00:00+00:00,73.0,73.0,73.0,73.0,112.0,73.0,1,False
2026-05-01 22:00:00+00:00,73.69,73.7,73.69,73.69,100.0,73.692,1,False
2026-05-01 23:00:00+00:00,73.69,73.7,73.69,73.69,0.0,73.69,0,False
2026-05-04 08:00:00+00:00,73.96,74.03,73.96,74.0,972.0,73.997,6,False
2026-05-04 09:00:00+00:00,74.0,74.0,74.0,74.0,0.0,74.0,0,False
2026-05-04 10:00:00+00:00,73.0,73.0,72.03,72.03,1100.0,72.912,2,False
2026-05-04 11:00:00+00:00,72.03,72.03,72.03,72.03,0.0,72.03,0,False
2026-05-04 12:00:00+00:00,73.5,73.5,72.25,72.25,1400.0,72.875,4,False
2026-05-04 13:00:00+00:00,72.25,74.23,72.0,72.28,25417.0,73.069,106,False
2026-05-04 14:00:00+00:00,72.06,72.68,71.32,71.45,31834.0,71.885,192,True
2026-05-04 15:00:00+00:00,71.37,71.73,70.49,71.68,66660.0,71.01,370,True
2026-05-04 16:00:00+00:00,71.71,72.1,70.89,72.1,56555.0,71.352,359,True
2026-05-04 17:00:00+00:00,72.04,73.3,72.04,72.93,52055.0,72.926,314,True
2026-05-04 18:00:00+00:00,73.0,73.07,72.43,72.64,59470.0,72.748,413,True
2026-05-04 19:00:00+00:00,72.61,72.92,72.23,72.89,218527.0,72.702,1306,True
2026-05-04 20:00:00+00:00,72.85,72.85,72.85,72.85,147248.0,72.85,1,False
2026-05-04 21:00:00+00:00,72.85,72.85,72.85,72.85,0.0,72.85,0,False
2026-05-04 22:00:00+00:00,72.85,72.85,72.85,72.85,0.0,72.85,0,False
2026-05-04 23:00:00+00:00,72.85,72.85,72.85,72.85,0.0,72.85,0,False
2026-05-05 08:00:00+00:00,72.99,72.99,72.99,72.99,100.0,72.99,1,False
2026-05-05 09:00:00+00:00,72.99,72.99,72.99,72.99,0.0,72.99,0,False
2026-05-05 10:00:00+00:00,72.99,72.99,72.99,72.99,0.0,72.99,0,False
2026-05-05 11:00:00+00:00,72.99,72.99,72.99,72.99,0.0,72.99,0,False
2026-05-05 12:00:00+00:00,73.97,73.97,73.97,73.97,100.0,73.97,1,False
2026-05-05 13:00:00+00:00,73.66,74.1,73.0,73.74,40807.0,73.607,169,False
2026-05-05 14:00:00+00:00,73.7,75.1,73.66,74.1,62722.0,74.465,374,True
2026-05-05 15:00:00+00:00,74.18,75.61,74.0,75.59,76828.0,74.777,305,True
2026-05-05 16:00:00+00:00,75.55,76.33,75.24,76.12,89076.0,75.946,471,True
2026-05-05 17:00:00+00:00,76.06,76.97,76.06,76.97,34391.0,76.603,263,True
2026-05-05 18:00:00+00:00,76.96,77.16,76.33,76.68,50232.0,76.733,344,True
2026-05-05 19:00:00+00:00,76.57,77.21,76.11,77.1,161604.0,76.799,1124,True
2026-05-05 20:00:00+00:00,77.08,78.62,77.08,77.6,170772.0,77.09,8,False
2026-05-05 21:00:00+00:00,77.78,77.78,77.61,77.61,554.0,77.688,3,False
2026-05-05 22:00:00+00:00,77.98,78.0,77.95,78.0,1062.0,77.981,3,False
2026-05-05 23:00:00+00:00,77.95,77.95,77.95,77.95,350.0,77.95,1,False
2026-05-06 10:00:00+00:00,79.0,79.0,79.0,79.0,100.0,79.0,1,False
2026-05-06 11:00:00+00:00,78.55,78.66,78.21,78.21,1200.0,78.276,3,False
2026-05-06 12:00:00+00:00,78.55,78.55,78.55,78.55,100.0,78.55,1,False
2026-05-06 13:00:00+00:00,77.84,77.84,76.03,76.33,50093.0,77.091,193,False
2026-05-06 14:00:00+00:00,76.33,76.61,74.52,75.35,160477.0,75.23,867,True
2026-05-06 15:00:00+00:00,75.35,78.01,75.34,77.69,93521.0,76.707,517,True
2026-05-06 16:00:00+00:00,77.69,78.44,77.4,78.04,87849.0,77.865,491,True
2026-05-06 17:00:00+00:00,78.07,78.95,78.04,78.05,172686.0,78.408,388,True
2026-05-06 18:00:00+00:00,78.01,78.2,77.0,77.16,89876.0,77.752,261,True
2026-05-06 19:00:00+00:00,77.21,78.41,77.18,78.26,140147.0,77.978,979,True
2026-05-06 20:00:00+00:00,78.23,78.88,78.23,78.88,123360.0,78.231,21,False
2026-05-06 21:00:00+00:00,77.86,77.86,76.34,76.34,1350.0,76.615,4,False
2026-05-06 22:00:00+00:00,76.53,76.54,76.53,76.53,147.0,76.533,1,False
2026-05-06 23:00:00+00:00,78.85,78.85,78.85,78.85,200.0,78.85,1,False
2026-05-07 11:00:00+00:00,78.69,80.0,77.55,77.55,537.0,78.583,3,False
2026-05-07 12:00:00+00:00,78.0,78.0,77.63,77.65,359.0,77.799,3,False
2026-05-07 13:00:00+00:00,77.63,77.77,74.67,74.78,87523.0,75.691,542,False
2026-05-07 14:00:00+00:00,74.78,75.35,73.5,73.81,145689.0,74.285,987,True
2026-05-07 15:00:00+00:00,73.75,74.11,72.43,72.61,191162.0,73.012,1255,True
2026-05-07 16:00:00+00:00,72.63,73.23,72.1,72.88,127606.0,72.623,935,True
2026-05-07 17:00:00+00:00,73.0,73.01,71.82,72.44,53101.0,72.296,424,True
2026-05-07 18:00:00+00:00,72.6,73.12,71.71,72.16,71235.0,72.374,535,True
2026-05-07 19:00:00+00:00,72.19,72.42,71.63,71.83,216741.0,72.007,1541,True
2026-05-07 20:00:00+00:00,71.83,77.91,71.83,77.91,189653.0,71.872,8,False
2026-05-07 21:00:00+00:00,75.36,75.36,72.3,72.3,1653.0,73.779,11,False
2026-05-07 22:00:00+00:00,71.06,71.5,71.06,71.4,588.0,71.4,4,False
2026-05-07 23:00:00+00:00,71.4,72.9,71.23,72.2,16685.0,71.95,40,False
2026-05-08 08:00:00+00:00,71.97,71.97,71.97,71.97,100.0,71.97,1,False
2026-05-08 09:00:00+00:00,71.97,71.97,71.97,71.97,0.0,71.97,0,False
2026-05-08 10:00:00+00:00,71.97,71.97,71.97,71.97,0.0,71.97,0,False
2026-05-08 11:00:00+00:00,72.11,72.11,72.11,72.11,250.0,72.11,1,False
2026-05-08 12:00:00+00:00,72.89,72.9,72.6,72.6,1910.0,72.848,6,False
2026-05-08 13:00:00+00:00,73.0,81.59,73.0,75.74,209714.0,77.357,1069,False
2026-05-08 14:00:00+00:00,76.0,77.11,74.6,75.42,129043.0,76.156,956,True
2026-05-08 15:00:00+00:00,75.42,76.2,74.8,75.28,73976.0,75.546,501,True
2026-05-08 16:00:00+00:00,75.33,75.79,74.6,75.58,45942.0,75.266,339,True
2026-05-08 17:00:00+00:00,75.5,75.5,73.68,74.17,69150.0,74.664,504,True
2026-05-08 18:00:00+00:00,73.95,74.07,71.85,72.12,93342.0,72.762,703,True
2026-05-08 19:00:00+00:00,72.14,73.6,72.03,73.2,221564.0,73.117,1494,True
2026-05-08 20:00:00+00:00,73.28,73.28,73.28,73.28,150566.0,73.28,3,False
2026-05-08 21:00:00+00:00,73.28,73.28,73.28,73.28,0.0,73.28,0,False
2026-05-08 22:00:00+00:00,71.82,71.82,71.82,71.82,150.0,71.82,1,False
2026-05-08 23:00:00+00:00,71.82,71.82,71.82,71.82,0.0,71.82,0,False
2026-05-11 08:00:00+00:00,73.6,74.02,73.6,74.0,1548.0,73.963,5,False
2026-05-11 09:00:00+00:00,74.0,74.0,74.0,74.0,0.0,74.0,0,False
2026-05-11 10:00:00+00:00,74.0,74.0,74.0,74.0,0.0,74.0,0,False
2026-05-11 11:00:00+00:00,73.6,73.6,72.12,72.12,250.0,72.836,2,False
2026-05-11 12:00:00+00:00,72.12,72.12,72.12,72.12,0.0,72.12,0,False
2026-05-11 13:00:00+00:00,73.8,74.03,70.44,71.84,63428.0,72.206,338,False
2026-05-11 14:00:00+00:00,71.93,73.66,71.93,73.26,64952.0,73.119,510,True
2026-05-11 15:00:00+00:00,73.24,74.1,72.8,73.78,56155.0,73.481,415,True
2026-05-11 16:00:00+00:00,73.72,75.21,73.67,74.56,133677.0,74.291,754,True
2026-05-11 17:00:00+00:00,74.55,74.81,73.83,74.06,75260.0,74.212,492,True
2026-05-11 18:00:00+00:00,74.08,74.26,73.13,73.21,53592.0,73.805,375,True
2026-05-11 19:00:00+00:00,73.12,74.44,72.83,74.4,217919.0,73.797,1604,True
2026-05-11 20:00:00+00:00,74.34,74.34,74.34,74.34,507793.0,74.34,2,False
2026-05-11 21:00:00+00:00,74.34,74.34,74.34,74.34,0.0,74.34,0,False
2026-05-11 22:00:00+00:00,74.34,74.34,74.34,74.34,0.0,74.34,0,False
2026-05-11 23:00:00+00:00,74.34,74.34,74.34,74.34,0.0,74.34,0,False
2026-05-12 10:00:00+00:00,71.11,73.5,71.11,73.5,359.0,72.415,3,False
2026-05-12 11:00:00+00:00,72.81,72.81,72.81,72.81,475.0,72.81,1,False
2026-05-12 12:00:00+00:00,72.0,72.0,72.0,72.0,500.0,72.0,1,False
2026-05-12 13:00:00+00:00,72.0,73.21,70.95,70.95,63430.0,72.104,279,False
2026-05-12 14:00:00+00:00,71.04,71.95,69.87,69.93,67397.0,70.917,478,True
2026-05-12 15:00:00+00:00,69.86,70.12,68.91,69.01,66035.0,69.387,449,True
2026-05-12 16:00:00+00:00,68.95,69.52,68.59,68.63,67391.0,69.13,514,True
2026-05-12 17:00:00+00:00,68.63,70.79,68.63,70.74,74469.0,69.601,380,True
2026-05-12 18:00:00+00:00,70.8,70.94,69.93,70.03,49613.0,70.569,372,True
2026-05-12 19:00:00+00:00,70.0,71.0,69.87,70.94,144731.0,70.601,943,True
2026-05-12 20:00:00+00:00,70.91,70.91,70.85,70.85,115531.0,70.91,3,False
2026-05-12 21:00:00+00:00,70.85,70.85,70.85,70.85,0.0,70.85,0,False
2026-05-12 22:00:00+00:00,70.85,70.85,70.85,70.85,0.0,70.85,0,False
2026-05-12 23:00:00+00:00,71.89,71.89,71.89,71.89,160.0,71.89,1,False
2026-05-13 08:00:00+00:00,72.05,74.0,72.0,73.6,1011.0,72.63,5,False
2026-05-13 09:00:00+00:00,73.6,73.6,73.6,73.6,0.0,73.6,0,False
2026-05-13 10:00:00+00:00,73.6,73.6,73.6,73.6,0.0,73.6,0,False
2026-05-13 11:00:00+00:00,73.53,73.54,73.5,73.53,733.0,73.529,3,False
2026-05-13 12:00:00+00:00,73.5,73.53,73.48,73.5,1291.0,73.509,6,False
2026-05-13 13:00:00+00:00,72.13,73.91,70.82,71.03,64810.0,72.673,207,False
2026-05-13 14:00:00+00:00,71.23,72.56,70.71,72.38,108723.0,71.487,603,True
2026-05-13 15:00:00+00:00,72.44,72.74,71.66,71.66,95331.0,72.274,583,True
2026-05-13 16:00:00+00:00,71.85,73.02,71.83,72.48,120597.0,72.416,603,True
2026-05-13 17:00:00+00:00,72.46,73.18,72.22,72.41,66704.0,72.603,376,True
2026-05-13 18:00:00+00:00,72.4,72.59,71.43,71.46,111332.0,72.079,631,True
2026-05-13 19:00:00+00:00,71.5,71.78,70.83,71.15,181700.0,71.264,1366,True
2026-05-13 20:00:00+00:00,71.17,71.17,71.15,71.15,158259.0,71.15,2,False
2026-05-13 21:00:00+00:00,71.15,71.15,71.15,71.15,0.0,71.15,0,False
2026-05-13 22:00:00+00:00,73.36,73.36,73.36,73.36,125.0,73.36,1,False
2026-05-13 23:00:00+00:00,73.36,73.36,73.36,73.36,0.0,73.36,0,False
2026-05-14 08:00:00+00:00,72.0,72.0,71.5,71.5,692.0,71.714,6,False
2026-05-14 09:00:00+00:00,71.01,71.01,71.0,71.0,1422.0,71.003,3,False
2026-05-14 10:00:00+00:00,71.0,71.0,71.0,71.0,0.0,71.0,0,False
2026-05-14 11:00:00+00:00,71.0,71.0,71.0,71.0,0.0,71.0,0,False
2026-05-14 12:00:00+00:00,71.0,71.0,71.0,71.0,0.0,71.0,0,False
2026-05-14 13:00:00+00:00,71.2,71.98,69.33,70.14,45162.0,70.707,188,False
2026-05-14 14:00:00+00:00,70.43,70.74,69.55,69.62,64874.0,69.908,326,True
2026-05-14 15:00:00+00:00,69.55,70.04,69.44,69.91,34578.0,69.681,293,True
2026-05-14 16:00:00+00:00,69.91,70.15,69.54,69.86,20437.0,69.851,176,True
2026-05-14 17:00:00+00:00,69.81,70.53,69.12,70.28,108591.0,69.931,580,True
2026-05-14 18:00:00+00:00,70.25,70.7,69.74,70.58,62732.0,70.205,356,True
2026-05-14 19:00:00+00:00,70.61,71.71,70.44,71.66,235191.0,71.191,1328,True
2026-05-14 20:00:00+00:00,71.67,71.74,71.67,71.72,127128.0,71.67,7,False
2026-05-14 21:00:00+00:00,71.72,71.72,71.72,71.72,0.0,71.72,0,False
2026-05-14 22:00:00+00:00,71.72,71.72,71.72,71.72,0.0,71.72,0,False
2026-05-14 23:00:00+00:00,71.72,71.72,71.72,71.72,0.0,71.72,0,False
2026-05-15 08:00:00+00:00,68.76,68.77,68.76,68.76,150.0,68.76,1,False
2026-05-15 09:00:00+00:00,69.3,69.46,69.3,69.46,472.0,69.368,2,False
2026-05-15 10:00:00+00:00,69.46,69.46,69.46,69.46,0.0,69.46,0,False
2026-05-15 11:00:00+00:00,70.02,70.02,70.02,70.02,120.0,70.02,1,False
2026-05-15 12:00:00+00:00,68.49,68.5,68.49,68.49,180.0,68.49,1,False
2026-05-15 13:00:00+00:00,69.5,72.39,68.8,71.05,117497.0,70.705,396,False
2026-05-15 14:00:00+00:00,70.95,71.55,70.63,70.92,99001.0,71.045,569,True
2026-05-15 15:00:00+00:00,70.93,71.2,70.6,70.61,78581.0,71.017,502,True
2026-05-15 16:00:00+00:00,70.6,70.99,70.35,70.76,35472.0,70.641,297,True
2026-05-15 17:00:00+00:00,70.77,72.39,70.77,72.34,97218.0,71.526,509,True
2026-05-15 18:00:00+00:00,72.31,72.72,71.52,72.19,162768.0,71.882,492,True
2026-05-15 19:00:00+00:00,72.19,73.54,71.59,73.28,342335.0,72.644,1863,True
2026-05-15 20:00:00+00:00,73.24,73.98,73.24,73.98,150192.0,73.241,5,False
2026-05-15 21:00:00+00:00,73.98,73.98,73.98,73.98,0.0,73.98,0,False
2026-05-15 22:00:00+00:00,73.98,73.98,73.98,73.98,0.0,73.98,0,False
2026-05-15 23:00:00+00:00,73.45,73.45,73.45,73.45,100.0,73.45,1,False
