date,open,high,low,close,volume,average,barCount,is_rth
2025-11-17 13:00:00+00:00,33.03,33.03,33.03,33.03,407.0,33.03,2,False
2025-11-17 14:00:00+00:00,32.99,33.03,32.3,32.47,89628.0,32.536,538,False
2025-11-17 15:00:00+00:00,32.47,32.49,31.21,31.24,181804.0,31.949,1168,True
2025-11-17 16:00:00+00:00,31.23,31.27,30.52,30.88,153179.0,30.834,969,True
2025-11-17 17:00:00+00:00,30.88,30.99,30.55,30.8,231509.0,30.826,1518,True
2025-11-17 18:00:00+00:00,30.8,30.83,30.42,30.48,137208.0,30.684,898,True
2025-11-17 19:00:00+00:00,30.48,30.5,29.82,29.96,135420.0,30.145,1020,True
2025-11-17 20:00:00+00:00,29.98,30.35,29.98,30.12,570711.0,30.165,4001,True
2025-11-17 21:00:00+00:00,30.12,30.12,30.11,30.11,404014.0,30.12,12,False
2025-11-17 22:00:00+00:00,30.0,30.0,29.95,29.95,1691.0,29.989,6,False
2025-11-17 23:00:00+00:00,29.95,29.95,29.95,29.95,0.0,29.95,0,False
2025-11-18 00:00:00+00:00,29.95,29.95,29.95,29.95,0.0,29.95,0,False
2025-11-18 13:00:00+00:00,30.0,30.0,30.0,30.0,300.0,30.0,1,False
2025-11-18 14:00:00+00:00,29.9,29.9,29.08,29.47,73247.0,29.497,374,False
2025-11-18 15:00:00+00:00,29.41,29.62,29.23,29.3,80406.0,29.399,590,True
2025-11-18 16:00:00+00:00,29.3,29.89,29.3,29.78,105182.0,29.656,735,True
2025-11-18 17:00:00+00:00,29.8,30.21,29.67,30.12,122564.0,29.86,960,True
2025-11-18 18:00:00+00:00,30.16,30.31,30.09,30.1,108381.0,30.214,695,True
2025-11-18 19:00:00+00:00,30.11,30.18,29.99,30.12,113716.0,30.084,748,True
2025-11-18 20:00:00+00:00,30.12,30.22,29.52,29.52,411968.0,29.815,2617,True
2025-11-18 21:00:00+00:00,29.51,29.51,29.51,29.51,310528.0,29.51,7,False
2025-11-18 22:00:00+00:00,29.51,29.51,29.51,29.51,0.0,29.51,0,False
2025-11-18 23:00:00+00:00,29.51,29.51,29.51,29.51,0.0,29.51,0,False
2025-11-19 00:00:00+00:00,29.51,29.51,29.51,29.51,0.0,29.51,0,False
2025-11-19 14:00:00+00:00,29.65,30.0,29.52,29.83,32864.0,29.791,180,False
2025-11-19 15:00:00+00:00,29.82,30.08,29.12,29.25,108893.0,29.558,621,True
2025-11-19 16:00:00+00:00,29.22,29.55,29.2,29.55,72721.0,29.319,379,True
2025-11-19 17:00:00+00:00,29.55,29.63,29.33,29.48,60438.0,29.46,425,True
2025-11-19 18:00:00+00:00,29.49,29.55,29.16,29.37,50482.0,29.377,398,True
2025-11-19 19:00:00+00:00,29.37,29.39,28.77,28.95,124644.0,29.007,858,True
2025-11-19 20:00:00+00:00,28.96,29.22,28.79,29.11,378043.0,29.04,2355,True
2025-11-19 21:00:00+00:00,29.11,29.11,29.11,29.11,290393.0,29.11,11,False
2025-11-19 22:00:00+00:00,29.11,29.11,29.11,29.11,0.0,29.11,0,False
2025-11-19 23:00:00+00:00,29.11,29.11,29.11,29.11,0.0,29.11,0,False
2025-11-20 00:00:00+00:00,29.11,29.11,29.11,29.11,0.0,29.11,0,False
2025-11-20 12:00:00+00:00,29.12,29.12,29.12,29.12,120.0,29.12,1,False
2025-11-20 13:00:00+00:00,29.12,29.12,29.12,29.12,0.0,29.12,0,False
2025-11-20 14:00:00+00:00,29.73,30.01,29.37,29.89,57671.0,29.688,318,False
2025-11-20 15:00:00+00:00,29.86,29.91,29.35,29.48,83447.0,29.622,596,True
2025-11-20 16:00:00+00:00,29.46,29.55,29.04,29.05,90419.0,29.362,771,True
2025-11-20 17:00:00+00:00,29.1,29.35,28.97,29.13,123297.0,29.118,955,True
2025-11-20 18:00:00+00:00,29.1,29.44,29.08,29.3,189717.0,29.287,1164,True
2025-11-20 19:00:00+00:00,29.28,29.36,29.08,29.33,152347.0,29.199,1142,True
2025-11-20 20:00:00+00:00,29.33,29.34,28.65,28.84,376551.0,28.826,2528,True
2025-11-20 21:00:00+00:00,28.83,28.83,28.83,28.83,333530.0,28.83,8,False
2025-11-20 22:00:00+00:00,28.83,28.83,28.83,28.83,0.0,28.83,0,False
2025-11-20 23:00:00+00:00,28.83,28.83,28.83,28.83,0.0,28.83,0,False
2025-11-21 00:00:00+00:00,28.83,28.83,28.83,28.83,0.0,28.83,0,False
2025-11-21 14:00:00+00:00,28.83,29.43,28.68,29.16,96167.0,28.958,271,False
2025-11-21 15:00:00+00:00,29.16,29.28,28.66,29.04,77439.0,28.981,652,True
2025-11-21 16:00:00+00:00,29.02,29.66,28.87,29.63,57571.0,29.254,473,True
2025-11-21 17:00:00+00:00,29.61,29.69,29.43,29.58,49161.0,29.552,344,True
2025-11-21 18:00:00+00:00,29.6,29.89,29.55,29.77,83690.0,29.668,467,True
2025-11-21 19:00:00+00:00,29.77,29.93,29.72,29.87,78625.0,29.852,539,True
2025-11-21 20:00:00+00:00,29.86,29.91,29.64,29.85,366837.0,29.804,1812,True
2025-11-21 21:00:00+00:00,29.84,29.84,29.84,29.84,434272.0,29.84,5,False
2025-11-21 22:00:00+00:00,29.84,29.84,29.84,29.84,0.0,29.84,0,False
2025-11-21 23:00:00+00:00,29.84,29.84,29.84,29.84,0.0,29.84,0,False
2025-11-22 00:00:00+00:00,29.84,29.84,29.84,29.84,0.0,29.84,0,False
2025-11-24 14:00:00+00:00,29.75,30.23,29.64,30.23,39873.0,29.89,239,False
2025-11-24 15:00:00+00:00,30.28,30.78,30.22,30.78,92660.0,30.535,568,True
2025-11-24 16:00:00+00:00,30.77,31.09,30.76,31.09,124769.0,30.954,577,True
2025-11-24 17:00:00+00:00,31.08,31.55,31.03,31.5,65195.0,31.309,439,True
2025-11-24 18:00:00+00:00,31.52,31.58,31.37,31.47,123040.0,31.46,620,True
2025-11-24 19:00:00+00:00,31.47,31.5,31.06,31.07,84497.0,31.308,566,True
2025-11-24 20:00:00+00:00,31.09,31.31,31.04,31.28,271540.0,31.206,1649,True
2025-11-24 21:00:00+00:00,31.27,31.27,31.27,31.27,598044.0,31.27,5,False
2025-11-24 22:00:00+00:00,31.27,31.27,31.27,31.27,0.0,31.27,0,False
2025-11-24 23:00:00+00:00,31.27,31.27,31.27,31.27,0.0,31.27,0,False
2025-11-25 00:00:00+00:00,31.27,31.27,31.27,31.27,0.0,31.27,0,False
2025-11-25 14:00:00+00:00,31.43,32.01,31.32,31.99,64832.0,31.699,394,False
2025-11-25 15:00:00+00:00,32.06,32.06,31.61,31.73,62822.0,31.832,458,True
2025-11-25 16:00:00+00:00,31.71,31.98,31.6,31.86,49136.0,31.844,396,True
2025-11-25 17:00:00+00:00,31.86,32.11,31.84,31.98,45162.0,31.977,324,True
2025-11-25 18:00:00+00:00,31.99,32.08,31.98,32.04,52419.0,32.024,418,True
2025-11-25 19:00:00+00:00,32.05,32.1,31.9,32.1,74103.0,31.969,509,True
2025-11-25 20:00:00+00:00,32.12,32.15,31.73,31.81,394692.0,31.901,2051,True
2025-11-25 21:00:00+00:00,31.81,31.81,31.81,31.81,326534.0,31.81,8,False
2025-11-25 22:00:00+00:00,31.81,31.81,31.81,31.81,0.0,31.81,0,False
2025-11-25 23:00:00+00:00,31.81,31.81,31.81,31.81,0.0,31.81,0,False
2025-11-26 00:00:00+00:00,31.81,31.81,31.81,31.81,0.0,31.81,0,False
2025-11-26 14:00:00+00:00,31.8,32.49,31.54,32.32,63110.0,32.142,413,False
2025-11-26 15:00:00+00:00,32.32,32.72,32.14,32.63,77675.0,32.522,576,True
2025-11-26 16:00:00+00:00,32.62,32.82,32.53,32.75,55408.0,32.622,423,True
2025-11-26 17:00:00+00:00,32.76,32.91,32.73,32.86,43267.0,32.797,348,True
2025-11-26 18:00:00+00:00,32.87,33.2,32.79,33.13,100538.0,32.943,757,True
2025-11-26 19:00:00+00:00,33.11,33.18,32.97,33.15,96142.0,33.083,669,True
2025-11-26 20:00:00+00:00,33.16,33.57,33.03,33.05,749295.0,33.323,3507,True
2025-11-26 21:00:00+00:00,33.02,33.02,33.02,33.02,605881.0,33.02,4,False
2025-11-26 22:00:00+00:00,33.02,33.02,33.02,33.02,0.0,33.02,0,False
2025-11-26 23:00:00+00:00,33.02,33.02,33.02,33.02,0.0,33.02,0,False
2025-11-27 00:00:00+00:00,33.02,33.02,33.02,33.02,0.0,33.02,0,False
2025-11-28 14:00:00+00:00,33.24,33.24,32.81,33.0,17928.0,32.954,101,False
2025-11-28 15:00:00+00:00,33.0,33.0,32.67,32.75,35532.0,32.806,259,True
2025-11-28 16:00:00+00:00,32.72,32.95,32.69,32.94,79450.0,32.825,504,True
2025-11-28 17:00:00+00:00,32.94,33.14,32.78,33.0,192033.0,32.97,1043,True
2025-11-28 18:00:00+00:00,32.99,32.99,32.99,32.99,169120.0,32.99,2,True
2025-11-28 19:00:00+00:00,32.99,32.99,32.99,32.99,0.0,32.99,0,True
2025-11-28 20:00:00+00:00,32.99,32.99,32.99,32.99,0.0,32.99,0,True
2025-11-28 21:00:00+00:00,33.25,33.25,33.25,33.25,400.0,33.25,1,False
2025-12-01 13:00:00+00:00,32.67,32.67,32.67,32.67,100.0,32.67,1,False
2025-12-01 14:00:00+00:00,32.6,33.58,32.3,33.48,93866.0,33.024,374,False
2025-12-01 15:00:00+00:00,33.4,33.72,33.22,33.7,139480.0,33.36,929,True
2025-12-01 16:00:00+00:00,33.7,33.79,33.55,33.74,75175.0,33.67,561,True
2025-12-01 17:00:00+00:00,33.74,34.08,33.74,34.01,56526.0,33.967,419,True
2025-12-01 18:00:00+00:00,34.01,34.09,33.97,34.03,55002.0,34.018,386,True
2025-12-01 19:00:00+00:00,34.03,34.03,33.62,33.83,131840.0,33.869,778,True
2025-12-01 20:00:00+00:00,33.83,34.0,33.79,33.9,604034.0,33.908,3592,True
2025-12-01 21:00:00+00:00,33.89,33.89,33.89,33.89,352853.0,33.89,3,False
2025-12-01 22:00:00+00:00,33.89,33.89,33.89,33.89,0.0,33.89,0,False
2025-12-01 23:00:00+00:00,34.0,34.0,34.0,34.0,100.0,34.0,1,False
2025-12-02 00:00:00+00:00,34.0,34.0,34.0,34.0,0.0,34.0,0,False
2025-12-02 14:00:00+00:00,34.19,34.49,33.58,33.99,50579.0,33.887,331,False
2025-12-02 15:00:00+00:00,33.99,33.99,33.41,33.66,198685.0,33.688,1329,True
2025-12-02 16:00:00+00:00,33.66,33.79,33.45,33.48,126100.0,33.654,879,True
2025-12-02 17:00:00+00:00,33.47,33.76,33.39,33.49,273667.0,33.607,887,True
2025-12-02 18:00:00+00:00,33.49,33.78,33.49,33.65,119662.0,33.652,667,True
2025-12-02 19:00:00+00:00,33.67,33.77,33.63,33.75,136359.0,33.691,624,True
2025-12-02 20:00:00+00:00,33.75,33.96,33.67,33.73,473541.0,33.825,2662,True
2025-12-02 21:00:00+00:00,33.72,33.72,33.72,33.72,213844.0,33.72,3,False
2025-12-02 22:00:00+00:00,33.72,33.72,33.72,33.72,0.0,33.72,0,False
2025-12-02 23:00:00+00:00,33.72,33.72,33.72,33.72,0.0,33.72,0,False
2025-12-03 00:00:00+00:00,33.72,33.72,33.72,33.72,0.0,33.72,0,False
2025-12-03 14:00:00+00:00,33.53,33.79,33.34,33.59,30191.0,33.545,180,False
2025-12-03 15:00:00+00:00,33.59,33.89,33.57,33.8,51921.0,33.733,359,True
2025-12-03 16:00:00+00:00,33.8,34.06,33.77,34.03,79023.0,33.898,653,True
2025-12-03 17:00:00+00:00,34.04,34.31,34.0,34.29,35421.0,34.152,289,True
2025-12-03 18:00:00+00:00,34.3,34.39,34.29,34.33,32676.0,34.345,289,True
2025-12-03 19:00:00+00:00,34.35,34.51,34.02,34.48,67600.0,34.2,492,True
2025-12-03 20:00:00+00:00,34.49,34.73,34.35,34.58,296526.0,34.549,1947,True
2025-12-03 21:00:00+00:00,34.57,34.58,34.57,34.58,423846.0,34.58,7,False
2025-12-03 22:00:00+00:00,34.58,34.58,34.58,34.58,0.0,34.58,0,False
2025-12-03 23:00:00+00:00,34.58,34.58,34.58,34.58,0.0,34.58,0,False
2025-12-04 00:00:00+00:00,34.58,34.58,34.58,34.58,0.0,34.58,0,False
2025-12-04 14:00:00+00:00,34.39,34.67,34.36,34.48,45791.0,34.48,192,False
2025-12-04 15:00:00+00:00,34.48,34.9,34.46,34.76,160239.0,34.732,491,True
2025-12-04 16:00:00+00:00,34.79,35.0,34.78,34.9,119050.0,34.861,508,True
2025-12-04 17:00:00+00:00,34.9,34.92,34.6,34.62,40823.0,34.738,330,True
2025-12-04 18:00:00+00:00,34.59,34.85,34.54,34.76,67869.0,34.662,353,True
2025-12-04 19:00:00+00:00,34.77,34.8,34.45,34.51,75651.0,34.639,426,True
2025-12-04 20:00:00+00:00,34.5,34.51,34.14,34.26,297574.0,34.258,1621,True
2025-12-04 21:00:00+00:00,34.25,34.25,34.25,34.25,167138.0,34.25,9,False
2025-12-04 22:00:00+00:00,34.25,34.25,34.25,34.25,0.0,34.25,0,False
2025-12-04 23:00:00+00:00,34.25,34.25,34.25,34.25,0.0,34.25,0,False
2025-12-05 00:00:00+00:00,34.25,34.25,34.25,34.25,0.0,34.25,0,False
2025-12-05 13:00:00+00:00,34.14,34.14,34.14,34.14,165.0,34.14,1,False
2025-12-05 14:00:00+00:00,34.31,34.59,33.95,34.1,27956.0,34.163,145,False
2025-12-05 15:00:00+00:00,34.1,34.31,33.99,34.25,49378.0,34.121,267,True
2025-12-05 16:00:00+00:00,34.22,34.27,34.07,34.09,89812.0,34.189,503,True
2025-12-05 17:00:00+00:00,34.09,34.18,33.82,34.18,53189.0,33.949,375,True
2025-12-05 18:00:00+00:00,34.18,34.3,34.08,34.11,29558.0,34.185,227,True
2025-12-05 19:00:00+00:00,34.09,34.09,33.9,33.98,43863.0,33.972,338,True
2025-12-05 20:00:00+00:00,33.97,33.97,33.66,33.82,272328.0,33.821,1683,True
2025-12-05 21:00:00+00:00,33.82,33.82,33.81,33.81,223780.0,33.81,13,False
2025-12-05 22:00:00+00:00,33.81,33.81,33.81,33.81,0.0,33.81,0,False
2025-12-05 23:00:00+00:00,33.81,33.81,33.81,33.81,0.0,33.81,0,False
2025-12-06 00:00:00+00:00,33.81,33.81,33.81,33.81,0.0,33.81,0,False
2025-12-08 12:00:00+00:00,33.95,33.95,33.95,33.95,100.0,33.95,1,False
2025-12-08 13:00:00+00:00,33.95,33.95,33.95,33.95,0.0,33.95,0,False
2025-12-08 14:00:00+00:00,34.3,34.51,33.88,34.24,49706.0,34.239,238,False
2025-12-08 15:00:00+00:00,34.25,34.32,34.0,34.1,54718.0,34.139,321,True
2025-12-08 16:00:00+00:00,34.09,34.1,33.73,33.77,48693.0,34.0,271,True
2025-12-08 17:00:00+00:00,33.76,33.94,33.62,33.91,41453.0,33.775,280,True
2025-12-08 18:00:00+00:00,33.91,33.92,33.64,33.71,58469.0,33.736,356,True
2025-12-08 19:00:00+00:00,33.7,33.85,33.63,33.75,51294.0,33.754,385,True
2025-12-08 20:00:00+00:00,33.74,33.88,33.64,33.72,158571.0,33.769,1117,True
2025-12-08 21:00:00+00:00,33.73,33.73,33.73,33.73,154288.0,33.73,10,False
2025-12-08 22:00:00+00:00,33.73,33.73,33.73,33.73,0.0,33.73,0,False
2025-12-08 23:00:00+00:00,33.73,33.73,33.73,33.73,0.0,33.73,0,False
2025-12-09 00:00:00+00:00,33.73,33.73,33.73,33.73,0.0,33.73,0,False
2025-12-09 13:00:00+00:00,33.76,33.76,33.76,33.76,100.0,33.76,1,False
2025-12-09 14:00:00+00:00,33.61,33.96,33.61,33.93,10924.0,33.728,51,False
2025-12-09 15:00:00+00:00,33.93,34.19,33.86,34.05,54078.0,34.004,379,True
2025-12-09 16:00:00+00:00,34.05,34.55,34.05,34.5,51232.0,34.367,327,True
2025-12-09 17:00:00+00:00,34.52,36.06,34.51,35.9,421281.0,35.399,2453,True
2025-12-09 18:00:00+00:00,35.9,36.19,34.83,34.91,440194.0,35.271,1594,True
2025-12-09 19:00:00+00:00,34.91,35.03,34.53,34.68,218861.0,34.803,1332,True
2025-12-09 20:00:00+00:00,34.68,34.68,33.48,33.57,488487.0,33.849,3437,True
2025-12-09 21:00:00+00:00,33.57,33.57,33.57,33.57,177596.0,33.57,10,False
2025-12-09 22:00:00+00:00,33.57,33.57,33.57,33.57,0.0,33.57,0,False
2025-12-09 23:00:00+00:00,33.57,33.57,33.57,33.57,0.0,33.57,0,False
2025-12-10 00:00:00+00:00,33.57,33.57,33.57,33.57,0.0,33.57,0,False
2025-12-10 13:00:00+00:00,33.61,33.61,33.46,33.56,330.0,33.545,3,False
2025-12-10 14:00:00+00:00,33.5,33.84,33.29,33.52,27043.0,33.548,125,False
2025-12-10 15:00:00+00:00,33.47,33.85,33.4,33.81,73334.0,33.632,469,True
2025-12-10 16:00:00+00:00,33.79,34.4,33.74,34.4,48841.0,34.196,374,True
2025-12-10 17:00:00+00:00,34.4,34.43,34.16,34.34,43836.0,34.277,347,True
2025-12-10 18:00:00+00:00,34.34,34.49,34.22,34.23,47971.0,34.398,395,True
2025-12-10 19:00:00+00:00,34.27,35.29,34.27,35.29,92262.0,34.781,683,True
2025-12-10 20:00:00+00:00,35.3,35.62,35.1,35.35,571077.0,35.389,3191,True
2025-12-10 21:00:00+00:00,35.35,35.35,35.35,35.35,485135.0,35.35,3,False
2025-12-10 22:00:00+00:00,35.35,35.35,35.35,35.35,0.0,35.35,0,False
2025-12-10 23:00:00+00:00,35.35,35.35,35.35,35.35,0.0,35.35,0,False
2025-12-11 00:00:00+00:00,35.35,35.35,35.35,35.35,0.0,35.35,0,False
2025-12-11 14:00:00+00:00,35.37,35.84,35.14,35.36,36648.0,35.487,202,False
2025-12-11 15:00:00+00:00,35.3,35.95,35.29,35.93,72295.0,35.631,376,True
2025-12-11 16:00:00+00:00,35.91,36.28,35.86,36.09,91836.0,36.07,546,True
2025-12-11 17:00:00+00:00,36.1,36.22,36.02,36.1,48948.0,36.141,397,True
2025-12-11 18:00:00+00:00,36.12,36.28,36.05,36.26,42639.0,36.134,356,True
2025-12-11 19:00:00+00:00,36.26,36.6,36.26,36.54,65925.0,36.455,514,True
2025-12-11 20:00:00+00:00,36.54,36.61,36.13,36.27,316776.0,36.306,2235,True
2025-12-11 21:00:00+00:00,36.25,36.25,36.25,36.25,313630.0,36.25,2,False
2025-12-11 22:00:00+00:00,36.25,36.25,36.25,36.25,0.0,36.25,0,False
2025-12-11 23:00:00+00:00,36.25,36.25,36.25,36.25,0.0,36.25,0,False
2025-12-12 00:00:00+00:00,36.25,36.25,36.25,36.25,0.0,36.25,0,False
2025-12-12 14:00:00+00:00,36.24,36.5,35.61,35.62,32357.0,35.918,206,False
2025-12-12 15:00:00+00:00,35.59,35.85,35.36,35.63,105891.0,35.641,608,True
2025-12-12 16:00:00+00:00,35.62,35.91,35.5,35.81,98943.0,35.7,669,True
2025-12-12 17:00:00+00:00,35.81,36.16,35.77,36.06,220140.0,35.975,1281,True
2025-12-12 18:00:00+00:00,36.03,36.37,36.0,36.3,144441.0,36.182,1156,True
2025-12-12 19:00:00+00:00,36.33,36.46,35.97,36.04,525388.0,36.307,2265,True
2025-12-12 20:00:00+00:00,36.04,36.25,35.77,36.2,485882.0,36.079,3097,True
2025-12-12 21:00:00+00:00,36.2,36.2,36.19,36.19,318954.0,36.19,9,False
2025-12-12 22:00:00+00:00,36.19,36.19,36.19,36.19,0.0,36.19,0,False
2025-12-12 23:00:00+00:00,36.19,36.19,36.19,36.19,0.0,36.19,0,False
2025-12-13 00:00:00+00:00,36.29,36.29,36.29,36.29,500.0,36.29,3,False
2025-12-15 14:00:00+00:00,36.4,36.96,36.4,36.58,66088.0,36.63,339,False
2025-12-15 15:00:00+00:00,36.58,36.63,36.11,36.2,135423.0,36.281,1030,True
2025-12-15 16:00:00+00:00,36.22,36.65,36.21,36.34,62676.0,36.479,474,True
2025-12-15 17:00:00+00:00,36.35,36.48,36.21,36.35,74229.0,36.32,388,True
2025-12-15 18:00:00+00:00,36.29,36.64,36.27,36.62,37916.0,36.449,250,True
2025-12-15 19:00:00+00:00,36.64,36.69,36.38,36.59,38943.0,36.542,318,True
2025-12-15 20:00:00+00:00,36.59,36.6,35.96,35.96,239147.0,36.184,1520,True
2025-12-15 21:00:00+00:00,35.98,35.98,35.97,35.97,218890.0,35.97,13,False
2025-12-15 22:00:00+00:00,35.97,35.97,35.97,35.97,0.0,35.97,0,False
2025-12-15 23:00:00+00:00,35.97,35.97,35.97,35.97,0.0,35.97,0,False
2025-12-16 00:00:00+00:00,35.97,35.97,35.97,35.97,0.0,35.97,0,False
2025-12-16 09:00:00+00:00,35.84,35.84,35.84,35.84,140.0,35.84,1,False
2025-12-16 10:00:00+00:00,35.84,35.84,35.84,35.84,0.0,35.84,0,False
2025-12-16 11:00:00+00:00,35.84,35.84,35.84,35.84,0.0,35.84,0,False
2025-12-16 12:00:00+00:00,35.84,35.84,35.84,35.84,0.0,35.84,0,False
2025-12-16 13:00:00+00:00,35.63,35.63,35.63,35.63,227.0,35.63,1,False
2025-12-16 14:00:00+00:00,36.16,36.62,35.99,36.4,43026.0,36.33,235,False
2025-12-16 15:00:00+00:00,36.44,36.54,36.15,36.33,37100.0,36.332,302,True
2025-12-16 16:00:00+00:00,36.31,36.34,35.9,36.12,47516.0,36.158,331,True
2025-12-16 17:00:00+00:00,36.14,36.18,35.89,36.06,30672.0,36.023,242,True
2025-12-16 18:00:00+00:00,36.04,36.16,35.85,35.97,33853.0,36.009,292,True
2025-12-16 19:00:00+00:00,35.97,36.16,35.86,35.98,36199.0,35.984,275,True
2025-12-16 20:00:00+00:00,35.98,36.26,35.97,36.09,201634.0,36.167,1180,True
2025-12-16 21:00:00+00:00,36.11,36.11,36.11,36.11,245973.0,36.11,9,False
2025-12-16 22:00:00+00:00,36.11,36.11,36.11,36.11,0.0,36.11,0,False
2025-12-16 23:00:00+00:00,36.11,36.11,36.11,36.11,0.0,36.11,0,False
2025-12-17 00:00:00+00:00,36.11,36.11,36.11,36.11,0.0,36.11,0,False
2025-12-17 14:00:00+00:00,36.13,36.48,36.1,36.3,33498.0,36.246,146,False
2025-12-17 15:00:00+00:00,36.3,36.5,35.25,35.25,38643.0,35.861,281,True
2025-12-17 16:00:00+00:00,35.22,35.22,34.47,34.75,49838.0,34.881,386,True
2025-12-17 17:00:00+00:00,34.77,34.91,34.62,34.79,28818.0,34.779,235,True
2025-12-17 18:00:00+00:00,34.79,34.88,34.58,34.64,23644.0,34.714,183,True
2025-12-17 19:00:00+00:00,34.68,34.74,34.56,34.59,36604.0,34.649,307,True
2025-12-17 20:00:00+00:00,34.58,34.68,34.35,34.57,160362.0,34.516,1090,True
2025-12-17 21:00:00+00:00,34.57,34.57,34.57,34.57,214196.0,34.57,9,False
2025-12-17 22:00:00+00:00,34.57,34.57,34.57,34.57,0.0,34.57,0,False
2025-12-17 23:00:00+00:00,34.57,34.57,34.57,34.57,0.0,34.57,0,False
2025-12-18 00:00:00+00:00,34.57,34.57,34.57,34.57,0.0,34.57,0,False
2025-12-18 14:00:00+00:00,35.3,35.3,34.73,34.91,36735.0,34.998,263,False
2025-12-18 15:00:00+00:00,34.89,35.59,34.75,35.22,96243.0,35.057,445,True
2025-12-18 16:00:00+00:00,35.21,35.26,34.96,35.14,33147.0,35.118,291,True
2025-12-18 17:00:00+00:00,35.12,35.12,34.59,34.6,57490.0,34.803,385,True
2025-12-18 18:00:00+00:00,34.59,34.98,34.56,34.72,40749.0,34.759,291,True
2025-12-18 19:00:00+00:00,34.71,34.78,34.53,34.55,41601.0,34.704,267,True
2025-12-18 20:00:00+00:00,34.58,34.88,34.57,34.61,156768.0,34.666,1195,True
2025-12-18 21:00:00+00:00,34.6,34.6,34.6,34.6,240673.0,34.6,11,False
2025-12-18 22:00:00+00:00,34.6,34.6,34.6,34.6,0.0,34.6,0,False
2025-12-18 23:00:00+00:00,34.6,34.6,34.6,34.6,0.0,34.6,0,False
2025-12-19 00:00:00+00:00,34.6,34.6,34.6,34.6,0.0,34.6,0,False
2025-12-19 14:00:00+00:00,34.47,35.08,34.47,34.8,101855.0,34.521,113,False
2025-12-19 15:00:00+00:00,34.8,34.99,34.68,34.9,31248.0,34.806,197,True
2025-12-19 16:00:00+00:00,34.89,35.33,34.85,35.28,37379.0,35.091,312,True
2025-12-19 17:00:00+00:00,35.28,35.45,35.25,35.45,34833.0,35.318,261,True
2025-12-19 18:00:00+00:00,35.42,35.57,35.41,35.5,46961.0,35.49,348,True
2025-12-19 19:00:00+00:00,35.51,35.82,35.5,35.71,60691.0,35.685,448,True
2025-12-19 20:00:00+00:00,35.74,35.83,35.45,35.73,240671.0,35.617,1674,True
2025-12-19 21:00:00+00:00,35.73,35.73,35.72,35.72,2320480.0,35.72,10,False
2025-12-19 22:00:00+00:00,35.72,35.72,35.72,35.72,0.0,35.72,0,False
2025-12-19 23:00:00+00:00,35.72,35.72,35.72,35.72,0.0,35.72,0,False
2025-12-20 00:00:00+00:00,35.72,35.72,35.72,35.72,0.0,35.72,0,False
2025-12-22 14:00:00+00:00,35.31,36.26,35.31,35.9,14868.0,36.045,53,False
2025-12-22 15:00:00+00:00,36.04,36.1,35.5,35.62,32026.0,35.78,269,True
2025-12-22 16:00:00+00:00,35.61,35.99,35.48,35.92,27845.0,35.776,230,True
2025-12-22 17:00:00+00:00,35.9,35.93,35.71,35.8,21969.0,35.816,155,True
2025-12-22 18:00:00+00:00,35.78,35.78,35.62,35.7,14683.0,35.714,139,True
2025-12-22 19:00:00+00:00,35.68,35.72,35.52,35.64,34056.0,35.634,236,True
2025-12-22 20:00:00+00:00,35.65,35.8,35.52,35.76,99438.0,35.717,773,True
2025-12-22 21:00:00+00:00,35.77,35.77,35.77,35.77,173165.0,35.77,9,False
2025-12-22 22:00:00+00:00,35.77,35.77,35.77,35.77,0.0,35.77,0,False
2025-12-22 23:00:00+00:00,35.77,35.77,35.77,35.77,0.0,35.77,0,False
2025-12-23 00:00:00+00:00,35.77,35.77,35.77,35.77,0.0,35.77,0,False
2025-12-23 14:00:00+00:00,35.69,35.69,35.31,35.5,17754.0,35.585,75,False
2025-12-23 15:00:00+00:00,35.58,35.58,35.13,35.44,50177.0,35.327,289,True
2025-12-23 16:00:00+00:00,35.44,35.71,35.26,35.48,54262.0,35.454,341,True
2025-12-23 17:00:00+00:00,35.46,35.68,35.42,35.59,24574.0,35.536,106,True
2025-12-23 18:00:00+00:00,35.62,35.64,35.43,35.44,46082.0,35.587,143,True
2025-12-23 19:00:00+00:00,35.45,35.62,35.23,35.62,61944.0,35.368,323,True
2025-12-23 20:00:00+00:00,35.59,35.8,35.53,35.63,95754.0,35.688,718,True
2025-12-23 21:00:00+00:00,35.64,35.64,35.64,35.64,140380.0,35.64,1,False
2025-12-23 22:00:00+00:00,35.64,35.64,35.64,35.64,0.0,35.64,0,False
2025-12-23 23:00:00+00:00,35.64,35.64,35.64,35.64,0.0,35.64,0,False
2025-12-24 00:00:00+00:00,35.64,35.64,35.64,35.64,0.0,35.64,0,False
2025-12-24 14:00:00+00:00,35.75,35.85,35.45,35.68,4449.0,35.687,27,False
2025-12-24 15:00:00+00:00,35.61,35.87,35.56,35.76,13125.0,35.688,98,True
2025-12-24 16:00:00+00:00,35.81,35.81,35.6,35.7,14754.0,35.709,131,True
2025-12-24 17:00:00+00:00,35.72,35.82,35.61,35.63,54611.0,35.689,453,True
2025-12-24 18:00:00+00:00,35.63,35.63,35.62,35.62,104138.0,35.62,2,True
2025-12-24 19:00:00+00:00,35.62,35.62,35.62,35.62,0.0,35.62,0,True
2025-12-24 20:00:00+00:00,35.62,35.62,35.62,35.62,0.0,35.62,0,True
2025-12-24 21:00:00+00:00,35.62,35.62,35.62,35.62,0.0,35.62,0,False
2025-12-26 14:00:00+00:00,35.47,36.15,35.29,35.29,9980.0,35.486,51,False
2025-12-26 15:00:00+00:00,35.33,35.51,35.02,35.45,73412.0,35.296,426,True
2025-12-26 16:00:00+00:00,35.46,35.64,35.43,35.55,22830.0,35.528,171,True
2025-12-26 17:00:00+00:00,35.57,35.69,35.51,35.69,16239.0,35.617,129,True
2025-12-26 18:00:00+00:00,35.71,35.84,35.62,35.82,16441.0,35.733,121,True
2025-12-26 19:00:00+00:00,35.83,35.85,35.68,35.83,40047.0,35.768,178,True
2025-12-26 20:00:00+00:00,35.79,36.06,35.78,35.99,121547.0,35.98,855,True
2025-12-26 21:00:00+00:00,36.0,36.0,35.99,35.99,80048.0,35.99,5,False
2025-12-26 22:00:00+00:00,35.99,35.99,35.99,35.99,0.0,35.99,0,False
2025-12-26 23:00:00+00:00,35.99,35.99,35.99,35.99,0.0,35.99,0,False
2025-12-27 00:00:00+00:00,35.99,35.99,35.99,35.99,0.0,35.99,0,False
2025-12-29 14:00:00+00:00,35.78,35.81,35.56,35.59,7826.0,35.717,39,False
2025-12-29 15:00:00+00:00,35.53,35.59,35.36,35.46,12450.0,35.478,103,True
2025-12-29 16:00:00+00:00,35.47,35.53,35.36,35.37,17414.0,35.434,112,True
2025-12-29 17:00:00+00:00,35.38,35.55,35.33,35.51,16592.0,35.435,123,True
2025-12-29 18:00:00+00:00,35.52,35.59,35.42,35.42,23412.0,35.514,156,True
2025-12-29 19:00:00+00:00,35.4,35.5,35.33,35.45,10890.0,35.433,93,True
2025-12-29 20:00:00+00:00,35.47,35.8,35.47,35.75,85550.0,35.707,638,True
2025-12-29 21:00:00+00:00,35.75,35.75,35.74,35.74,192100.0,35.74,4,False
2025-12-29 22:00:00+00:00,35.74,35.74,35.74,35.74,0.0,35.74,0,False
2025-12-29 23:00:00+00:00,35.74,35.74,35.74,35.74,0.0,35.74,0,False
2025-12-30 00:00:00+00:00,35.74,35.74,35.74,35.74,0.0,35.74,0,False
2025-12-30 14:00:00+00:00,35.69,35.77,35.39,35.72,11766.0,35.597,62,False
2025-12-30 15:00:00+00:00,35.75,35.77,35.53,35.7,25665.0,35.643,200,True
2025-12-30 16:00:00+00:00,35.7,35.88,35.57,35.66,21192.0,35.729,163,True
2025-12-30 17:00:00+00:00,35.69,35.69,35.55,35.56,14057.0,35.632,123,True
2025-12-30 18:00:00+00:00,35.56,35.64,35.49,35.52,13282.0,35.573,108,True
2025-12-30 19:00:00+00:00,35.52,35.56,35.44,35.52,20083.0,35.503,169,True
2025-12-30 20:00:00+00:00,35.51,35.59,35.32,35.37,82610.0,35.415,659,True
2025-12-30 21:00:00+00:00,35.39,35.39,35.39,35.39,133701.0,35.39,6,False
2025-12-30 22:00:00+00:00,35.39,35.39,35.39,35.39,0.0,35.39,0,False
2025-12-30 23:00:00+00:00,35.39,35.39,35.39,35.39,0.0,35.39,0,False
2025-12-31 00:00:00+00:00,35.39,35.39,35.39,35.39,0.0,35.39,0,False
2025-12-31 14:00:00+00:00,35.38,35.63,35.14,35.34,9464.0,35.333,52,False
2025-12-31 15:00:00+00:00,35.21,35.44,35.06,35.25,31209.0,35.283,202,True
2025-12-31 16:00:00+00:00,35.23,35.25,35.05,35.14,17609.0,35.147,139,True
2025-12-31 17:00:00+00:00,35.14,35.22,35.08,35.13,14555.0,35.146,98,True
2025-12-31 18:00:00+00:00,35.13,35.29,35.08,35.16,12570.0,35.172,108,True
2025-12-31 19:00:00+00:00,35.17,35.24,35.07,35.1,22449.0,35.154,176,True
2025-12-31 20:00:00+00:00,35.08,35.22,34.97,35.12,160311.0,35.101,1322,True
2025-12-31 21:00:00+00:00,35.12,35.12,35.12,35.12,369168.0,35.12,11,False
2025-12-31 22:00:00+00:00,34.75,34.75,34.75,34.75,166.0,34.75,1,False
2025-12-31 23:00:00+00:00,34.75,34.75,34.75,34.75,0.0,34.75,0,False
2026-01-01 00:00:00+00:00,34.75,34.75,34.75,34.75,0.0,34.75,0,False
2026-01-02 14:00:00+00:00,35.32,35.32,35.04,35.29,10317.0,35.241,46,False
2026-01-02 15:00:00+00:00,35.33,35.61,35.15,35.46,30323.0,35.345,200,True
2026-01-02 16:00:00+00:00,35.4,35.5,35.27,35.35,17666.0,35.405,131,True
2026-01-02 17:00:00+00:00,35.38,35.68,35.31,35.52,41310.0,35.523,290,True
2026-01-02 18:00:00+00:00,35.49,35.58,35.06,35.14,43716.0,35.399,296,True
2026-01-02 19:00:00+00:00,35.14,35.49,35.1,35.45,24981.0,35.304,204,True
2026-01-02 20:00:00+00:00,35.43,35.44,35.12,35.17,137442.0,35.247,987,True
2026-01-02 21:00:00+00:00,35.16,35.16,35.16,35.16,129247.0,35.16,5,False
2026-01-02 22:00:00+00:00,35.16,35.16,35.16,35.16,0.0,35.16,0,False
2026-01-02 23:00:00+00:00,35.16,35.16,35.16,35.16,0.0,35.16,0,False
2026-01-03 00:00:00+00:00,35.16,35.16,35.16,35.16,0.0,35.16,0,False
2026-01-05 12:00:00+00:00,35.01,35.01,35.01,35.01,100.0,35.01,1,False
2026-01-05 13:00:00+00:00,35.01,35.01,35.01,35.01,0.0,35.01,0,False
2026-01-05 14:00:00+00:00,35.31,36.38,35.17,36.34,28599.0,35.872,151,False
2026-01-05 15:00:00+00:00,36.48,36.79,36.27,36.36,85773.0,36.535,578,True
2026-01-05 16:00:00+00:00,36.34,36.64,36.01,36.36,138842.0,36.394,762,True
2026-01-05 17:00:00+00:00,36.37,36.52,36.27,36.42,57833.0,36.415,283,True
2026-01-05 18:00:00+00:00,36.43,36.78,36.33,36.55,61179.0,36.579,408,True
2026-01-05 19:00:00+00:00,36.57,36.67,36.44,36.52,57853.0,36.557,450,True
2026-01-05 20:00:00+00:00,36.51,36.64,36.19,36.23,213420.0,36.363,1440,True
2026-01-05 21:00:00+00:00,36.23,36.23,36.22,36.22,250122.0,36.22,7,False
2026-01-05 22:00:00+00:00,36.22,36.22,36.22,36.22,0.0,36.22,0,False
2026-01-05 23:00:00+00:00,36.22,36.22,36.22,36.22,0.0,36.22,0,False
2026-01-06 00:00:00+00:00,36.22,36.22,36.22,36.22,0.0,36.22,0,False
2026-01-06 14:00:00+00:00,36.16,36.5,35.52,35.72,25457.0,35.899,131,False
2026-01-06 15:00:00+00:00,35.68,35.75,34.26,34.29,152624.0,34.79,1114,True
2026-01-06 16:00:00+00:00,34.27,34.87,34.25,34.63,72867.0,34.633,614,True
2026-01-06 17:00:00+00:00,34.62,35.26,34.59,35.23,66388.0,34.941,557,True
2026-01-06 18:00:00+00:00,35.23,35.78,35.16,35.72,54828.0,35.476,456,True
2026-01-06 19:00:00+00:00,35.69,35.93,35.54,35.88,127080.0,35.745,896,True
2026-01-06 20:00:00+00:00,35.89,36.03,35.49,35.49,298041.0,35.653,2052,True
2026-01-06 21:00:00+00:00,35.51,35.51,35.51,35.51,224264.0,35.51,7,False
2026-01-06 22:00:00+00:00,35.51,35.51,35.51,35.51,0.0,35.51,0,False
2026-01-06 23:00:00+00:00,35.51,35.51,35.51,35.51,0.0,35.51,0,False
2026-01-07 00:00:00+00:00,35.51,35.51,35.51,35.51,0.0,35.51,0,False
2026-01-07 14:00:00+00:00,35.64,35.64,34.56,34.57,46001.0,35.201,245,False
2026-01-07 15:00:00+00:00,34.51,34.69,34.34,34.47,107617.0,34.508,816,True
2026-01-07 16:00:00+00:00,34.45,34.67,34.24,34.64,94555.0,34.431,749,True
2026-01-07 17:00:00+00:00,34.66,35.02,34.66,34.73,62858.0,34.823,501,True
2026-01-07 18:00:00+00:00,34.73,35.16,34.73,35.06,64400.0,34.981,448,True
2026-01-07 19:00:00+00:00,35.07,35.16,34.96,35.07,78951.0,35.046,588,True
2026-01-07 20:00:00+00:00,35.06,35.06,34.7,34.75,245827.0,34.848,1631,True
2026-01-07 21:00:00+00:00,34.75,34.75,34.75,34.75,162548.0,34.75,7,False
2026-01-07 22:00:00+00:00,34.86,34.86,34.86,34.86,100.0,34.86,1,False
2026-01-07 23:00:00+00:00,34.86,34.86,34.86,34.86,0.0,34.86,0,False
2026-01-08 00:00:00+00:00,34.82,34.82,34.76,34.76,6100.0,34.761,12,False
2026-01-08 14:00:00+00:00,34.97,35.92,34.81,35.91,25351.0,35.337,122,False
2026-01-08 15:00:00+00:00,35.85,36.21,35.79,35.97,98120.0,35.983,715,True
2026-01-08 16:00:00+00:00,35.97,36.59,35.91,36.59,81019.0,36.179,500,True
2026-01-08 17:00:00+00:00,36.6,36.86,36.43,36.65,52833.0,36.562,267,True
2026-01-08 18:00:00+00:00,36.6,36.78,36.47,36.5,70658.0,36.592,363,True
2026-01-08 19:00:00+00:00,36.51,36.84,36.5,36.63,39060.0,36.657,267,True
2026-01-08 20:00:00+00:00,36.66,37.05,36.54,36.87,195447.0,36.822,1333,True
2026-01-08 21:00:00+00:00,36.86,36.86,36.86,36.86,301212.0,36.86,6,False
2026-01-08 22:00:00+00:00,36.86,36.86,36.86,36.86,0.0,36.86,0,False
2026-01-08 23:00:00+00:00,36.86,36.86,36.86,36.86,0.0,36.86,0,False
2026-01-09 00:00:00+00:00,36.86,36.86,36.86,36.86,0.0,36.86,0,False
2026-01-09 14:00:00+00:00,37.0,37.49,36.71,36.97,37888.0,37.136,195,False
2026-01-09 15:00:00+00:00,37.0,37.06,36.27,37.03,55809.0,36.66,420,True
2026-01-09 16:00:00+00:00,37.03,37.52,36.99,37.28,34822.0,37.312,302,True
2026-01-09 17:00:00+00:00,37.3,37.49,37.24,37.49,31423.0,37.357,266,True
2026-01-09 18:00:00+00:00,37.47,37.57,37.34,37.45,34041.0,37.463,293,True
2026-01-09 19:00:00+00:00,37.45,37.55,37.29,37.36,144894.0,37.387,564,True
2026-01-09 20:00:00+00:00,37.34,37.45,36.91,37.12,306660.0,37.146,1872,True
2026-01-09 21:00:00+00:00,37.11,37.11,37.11,37.11,200311.0,37.11,3,False
2026-01-09 22:00:00+00:00,37.11,37.11,37.11,37.11,0.0,37.11,0,False
2026-01-09 23:00:00+00:00,37.11,37.11,37.11,37.11,0.0,37.11,0,False
2026-01-10 00:00:00+00:00,37.11,37.11,37.11,37.11,0.0,37.11,0,False
2026-01-12 14:00:00+00:00,36.63,37.6,36.63,37.26,45500.0,37.201,130,False
2026-01-12 15:00:00+00:00,37.36,37.81,37.13,37.69,231488.0,37.395,607,True
2026-01-12 16:00:00+00:00,37.68,37.79,37.58,37.58,100939.0,37.683,473,True
2026-01-12 17:00:00+00:00,37.6,37.85,37.51,37.69,114584.0,37.687,601,True
2026-01-12 18:00:00+00:00,37.7,37.89,37.64,37.77,116516.0,37.734,694,True
2026-01-12 19:00:00+00:00,37.79,37.9,37.63,37.75,258181.0,37.738,1181,True
2026-01-12 20:00:00+00:00,37.73,38.22,37.66,38.03,354287.0,37.86,1822,True
2026-01-12 21:00:00+00:00,38.03,38.03,38.01,38.01,189812.0,38.03,2,False
2026-01-12 22:00:00+00:00,38.01,38.01,38.01,38.01,0.0,38.01,0,False
2026-01-12 23:00:00+00:00,38.01,38.01,38.01,38.01,0.0,38.01,0,False
2026-01-13 00:00:00+00:00,38.01,38.01,38.01,38.01,0.0,38.01,0,False
2026-01-13 14:00:00+00:00,38.29,38.69,37.9,37.97,25746.0,38.195,126,False
2026-01-13 15:00:00+00:00,37.96,38.22,37.74,37.9,74551.0,38.005,407,True
2026-01-13 16:00:00+00:00,37.89,38.57,37.79,38.22,273675.0,38.005,537,True
2026-01-13 17:00:00+00:00,38.23,38.46,38.22,38.32,52115.0,38.338,329,True
2026-01-13 18:00:00+00:00,38.3,38.37,38.1,38.28,359073.0,38.136,488,True
2026-01-13 19:00:00+00:00,38.28,38.42,37.98,38.0,49939.0,38.198,370,True
2026-01-13 20:00:00+00:00,38.0,38.09,37.4,37.6,209322.0,37.626,1425,True
2026-01-13 21:00:00+00:00,37.61,37.61,37.61,37.61,179725.0,37.61,5,False
2026-01-13 22:00:00+00:00,37.61,37.61,37.61,37.61,0.0,37.61,0,False
2026-01-13 23:00:00+00:00,37.61,37.61,37.61,37.61,0.0,37.61,0,False
2026-01-14 00:00:00+00:00,37.61,37.61,37.61,37.61,0.0,37.61,0,False
2026-01-14 14:00:00+00:00,37.59,37.62,36.88,37.44,30936.0,37.289,139,False
2026-01-14 15:00:00+00:00,37.48,37.61,36.81,37.07,72258.0,37.197,495,True
2026-01-14 16:00:00+00:00,37.12,37.41,36.83,37.34,58145.0,37.166,350,True
2026-01-14 17:00:00+00:00,37.4,37.54,37.18,37.25,31519.0,37.327,227,True
2026-01-14 18:00:00+00:00,37.28,38.06,37.27,38.01,108113.0,37.736,631,True
2026-01-14 19:00:00+00:00,38.01,38.04,37.64,37.73,89088.0,37.859,588,True
2026-01-14 20:00:00+00:00,37.67,37.98,37.66,37.9,217491.0,37.853,1355,True
2026-01-14 21:00:00+00:00,37.87,37.87,37.87,37.87,151104.0,37.87,2,False
2026-01-14 22:00:00+00:00,37.87,37.87,37.87,37.87,0.0,37.87,0,False
2026-01-14 23:00:00+00:00,37.87,37.87,37.87,37.87,0.0,37.87,0,False
2026-01-15 00:00:00+00:00,37.87,37.87,37.87,37.87,0.0,37.87,0,False
2026-01-15 14:00:00+00:00,38.23,39.0,38.14,38.85,58495.0,38.63,307,False
2026-01-15 15:00:00+00:00,38.92,39.16,38.73,38.97,101300.0,38.974,685,True
2026-01-15 16:00:00+00:00,38.97,39.02,38.68,38.71,95041.0,38.816,645,True
2026-01-15 17:00:00+00:00,38.69,38.79,38.6,38.61,59620.0,38.694,449,True
2026-01-15 18:00:00+00:00,38.61,38.83,38.52,38.52,62092.0,38.647,481,True
2026-01-15 19:00:00+00:00,38.51,38.52,38.3,38.31,88653.0,38.4,662,True
2026-01-15 20:00:00+00:00,38.31,38.38,37.95,37.99,210282.0,38.126,1490,True
2026-01-15 21:00:00+00:00,38.0,38.0,38.0,38.0,468408.0,38.0,4,False
2026-01-15 22:00:00+00:00,38.0,38.0,38.0,38.0,0.0,38.0,0,False
2026-01-15 23:00:00+00:00,38.0,38.0,38.0,38.0,0.0,38.0,0,False
2026-01-16 00:00:00+00:00,38.0,38.0,38.0,38.0,0.0,38.0,0,False
2026-01-16 14:00:00+00:00,38.09,38.42,37.38,38.05,50533.0,38.106,111,False
2026-01-16 15:00:00+00:00,37.99,38.27,37.79,37.94,29783.0,38.0,205,True
2026-01-16 16:00:00+00:00,37.94,38.12,37.4,37.43,57656.0,37.764,423,True
2026-01-16 17:00:00+00:00,37.47,37.76,37.45,37.66,82732.0,37.638,598,True
2026-01-16 18:00:00+00:00,37.7,37.89,37.65,37.83,39933.0,37.769,316,True
2026-01-16 19:00:00+00:00,37.82,38.05,37.8,37.87,58415.0,37.86,343,True
2026-01-16 20:00:00+00:00,37.85,37.96,37.8,37.89,55170.0,37.895,437,True
2026-01-16 21:00:00+00:00,37.88,37.88,37.88,37.88,125601.0,37.88,2,False
2026-01-16 22:00:00+00:00,37.88,37.88,37.88,37.88,0.0,37.88,0,False
2026-01-16 23:00:00+00:00,37.88,37.88,37.88,37.88,0.0,37.88,0,False
2026-01-17 00:00:00+00:00,37.88,37.88,37.88,37.88,0.0,37.88,0,False
2026-01-20 14:00:00+00:00,36.83,37.54,36.22,37.35,34005.0,37.134,121,False
2026-01-20 15:00:00+00:00,37.24,37.76,37.24,37.43,114442.0,37.565,543,True
2026-01-20 16:00:00+00:00,37.47,37.53,36.73,36.98,198830.0,37.032,725,True
2026-01-20 17:00:00+00:00,36.91,36.96,36.28,36.4,85948.0,36.614,435,True
2026-01-20 18:00:00+00:00,36.42,36.57,36.12,36.26,74594.0,36.36,480,True
2026-01-20 19:00:00+00:00,36.3,36.43,36.15,36.35,112226.0,36.317,619,True
2026-01-20 20:00:00+00:00,36.33,36.38,35.8,35.84,263814.0,36.034,1619,True
2026-01-20 21:00:00+00:00,35.85,35.85,35.85,35.85,159460.0,35.85,8,False
2026-01-20 22:00:00+00:00,35.99,35.99,35.99,35.99,200.0,35.99,2,False
2026-01-20 23:00:00+00:00,35.99,35.99,35.99,35.99,0.0,35.99,0,False
2026-01-21 00:00:00+00:00,36.19,36.2,35.82,35.82,21201.0,36.008,14,False
2026-01-21 14:00:00+00:00,36.23,36.59,36.04,36.5,25900.0,36.325,151,False
2026-01-21 15:00:00+00:00,36.48,36.71,36.13,36.47,40539.0,36.396,275,True
2026-01-21 16:00:00+00:00,36.49,36.53,36.08,36.13,65860.0,36.29,442,True
2026-01-21 17:00:00+00:00,36.13,36.2,35.93,36.16,83157.0,36.018,566,True
2026-01-21 18:00:00+00:00,36.15,36.21,36.0,36.16,29739.0,36.109,220,True
2026-01-21 19:00:00+00:00,36.15,36.92,36.08,36.62,166276.0,36.613,963,True
2026-01-21 20:00:00+00:00,36.61,36.62,36.24,36.51,277453.0,36.406,1593,True
2026-01-21 21:00:00+00:00,36.5,36.5,36.5,36.5,202486.0,36.5,6,False
2026-01-21 22:00:00+00:00,36.5,36.5,36.5,36.5,0.0,36.5,0,False
2026-01-21 23:00:00+00:00,36.89,36.9,36.5,36.51,19686.0,36.698,10,False
2026-01-22 00:00:00+00:00,36.51,36.51,36.51,36.51,0.0,36.51,0,False
2026-01-22 13:00:00+00:00,36.72,36.72,36.71,36.71,295.0,36.713,2,False
2026-01-22 14:00:00+00:00,37.03,37.44,36.71,36.75,39643.0,37.045,162,False
2026-01-22 15:00:00+00:00,36.65,37.12,36.47,37.05,34607.0,36.947,195,True
2026-01-22 16:00:00+00:00,37.04,37.29,36.91,36.98,41881.0,37.105,293,True
2026-01-22 17:00:00+00:00,36.91,37.31,36.88,37.08,31936.0,37.046,221,True
2026-01-22 18:00:00+00:00,37.12,37.12,36.85,36.88,20729.0,36.956,170,True
2026-01-22 19:00:00+00:00,36.91,36.97,36.83,36.84,29417.0,36.889,209,True
2026-01-22 20:00:00+00:00,36.81,37.11,36.68,37.02,149385.0,36.951,1072,True
2026-01-22 21:00:00+00:00,37.02,37.02,37.02,37.02,158024.0,37.02,5,False
2026-01-22 22:00:00+00:00,37.02,37.02,37.02,37.02,0.0,37.02,0,False
2026-01-22 23:00:00+00:00,37.02,37.02,37.02,37.02,0.0,37.02,0,False
2026-01-23 00:00:00+00:00,37.02,37.02,37.02,37.02,0.0,37.02,0,False
2026-01-23 14:00:00+00:00,36.61,36.91,36.27,36.55,22847.0,36.508,76,False
2026-01-23 15:00:00+00:00,36.49,36.55,35.99,36.16,46933.0,36.229,316,True
2026-01-23 16:00:00+00:00,36.13,36.4,35.92,36.03,75318.0,36.185,385,True
2026-01-23 17:00:00+00:00,36.0,36.27,35.81,35.88,58836.0,36.038,412,True
2026-01-23 18:00:00+00:00,35.88,36.02,35.51,35.88,69162.0,35.866,331,True
2026-01-23 19:00:00+00:00,35.87,36.17,35.87,36.03,50144.0,36.037,351,True
2026-01-23 20:00:00+00:00,36.0,36.14,35.84,36.1,82146.0,36.041,601,True
2026-01-23 21:00:00+00:00,36.11,36.11,36.11,36.11,96971.0,36.11,2,False
2026-01-23 22:00:00+00:00,36.11,36.11,36.11,36.11,414.0,36.11,1,False
2026-01-23 23:00:00+00:00,36.11,36.11,36.11,36.11,0.0,36.11,0,False
2026-01-24 00:00:00+00:00,36.11,36.11,36.11,36.11,0.0,36.11,0,False
2026-01-26 14:00:00+00:00,35.91,36.41,35.44,36.16,27592.0,35.907,123,False
2026-01-26 15:00:00+00:00,36.16,36.19,35.44,35.51,42988.0,35.72,267,True
2026-01-26 16:00:00+00:00,35.51,35.59,35.3,35.52,31146.0,35.445,246,True
2026-01-26 17:00:00+00:00,35.5,35.73,35.49,35.62,21000.0,35.624,145,True
2026-01-26 18:00:00+00:00,35.61,35.83,35.54,35.78,73716.0,35.725,242,True
2026-01-26 19:00:00+00:00,35.75,35.92,35.7,35.81,52070.0,35.814,334,True
2026-01-26 20:00:00+00:00,35.8,35.88,35.25,35.27,247924.0,35.446,1505,True
2026-01-26 21:00:00+00:00,35.27,35.27,35.17,35.17,197637.0,35.27,4,False
2026-01-26 22:00:00+00:00,35.12,35.12,35.12,35.12,456.0,35.12,2,False
2026-01-26 23:00:00+00:00,35.13,35.13,35.13,35.13,256.0,35.13,1,False
2026-01-27 00:00:00+00:00,35.13,35.13,35.13,35.13,141.0,35.13,1,False
2026-01-27 09:00:00+00:00,35.17,35.18,35.1,35.1,952.0,35.171,3,False
2026-01-27 10:00:00+00:00,34.7,34.74,34.7,34.7,9816.0,34.706,19,False
2026-01-27 11:00:00+00:00,34.7,34.7,34.7,34.7,0.0,34.7,0,False
2026-01-27 12:00:00+00:00,35.01,35.01,34.4,34.59,12769.0,34.476,23,False
2026-01-27 13:00:00+00:00,34.5,35.2,34.0,34.01,59854.0,34.929,67,False
2026-01-27 14:00:00+00:00,34.04,35.44,33.5,34.75,189278.0,34.53,839,False
2026-01-27 15:00:00+00:00,34.75,35.14,34.05,34.42,241797.0,34.556,1221,True
2026-01-27 16:00:00+00:00,34.45,34.84,34.05,34.05,191209.0,34.566,1318,True
2026-01-27 17:00:00+00:00,34.02,34.24,33.62,33.92,241814.0,33.953,1942,True
2026-01-27 18:00:00+00:00,33.92,34.19,33.91,34.07,214052.0,34.094,1367,True
2026-01-27 19:00:00+00:00,34.06,34.07,33.83,33.93,312255.0,33.946,1933,True
2026-01-27 20:00:00+00:00,33.93,34.05,33.7,33.82,544356.0,33.834,3682,True
2026-01-27 21:00:00+00:00,33.81,33.81,33.81,33.81,312452.0,33.81,5,False
2026-01-27 22:00:00+00:00,33.81,33.81,33.81,33.81,0.0,33.81,0,False
2026-01-27 23:00:00+00:00,33.81,33.81,33.81,33.81,0.0,33.81,0,False
2026-01-28 00:00:00+00:00,33.81,33.81,33.81,33.81,0.0,33.81,0,False
2026-01-28 13:00:00+00:00,33.8,33.8,33.23,33.23,1403.0,33.582,5,False
2026-01-28 14:00:00+00:00,33.72,34.17,33.22,33.51,107061.0,33.698,645,False
2026-01-28 15:00:00+00:00,33.4,34.02,33.4,33.48,245982.0,33.703,1523,True
2026-01-28 16:00:00+00:00,33.48,33.73,33.4,33.69,86537.0,33.571,709,True
2026-01-28 17:00:00+00:00,33.69,33.76,33.5,33.7,64766.0,33.601,528,True
2026-01-28 18:00:00+00:00,33.73,33.74,33.61,33.68,67679.0,33.673,583,True
2026-01-28 19:00:00+00:00,33.68,33.98,33.5,33.6,365932.0,33.7,2507,True
2026-01-28 20:00:00+00:00,33.59,33.6,33.26,33.32,281472.0,33.409,2176,True
2026-01-28 21:00:00+00:00,33.34,33.34,33.34,33.34,299490.0,33.34,7,False
2026-01-28 22:00:00+00:00,33.34,33.34,33.34,33.34,0.0,33.34,0,False
2026-01-28 23:00:00+00:00,33.34,33.34,33.34,33.34,0.0,33.34,0,False
2026-01-29 00:00:00+00:00,33.34,33.34,33.34,33.34,0.0,33.34,0,False
2026-01-29 14:00:00+00:00,33.71,34.0,33.43,33.95,68284.0,33.695,513,False
2026-01-29 15:00:00+00:00,33.86,33.88,33.24,33.38,125446.0,33.618,1019,True
2026-01-29 16:00:00+00:00,33.38,33.84,33.24,33.61,72984.0,33.563,579,True
2026-01-29 17:00:00+00:00,33.59,33.72,33.56,33.61,79535.0,33.646,612,True
2026-01-29 18:00:00+00:00,33.64,33.85,33.55,33.67,57803.0,33.701,426,True
2026-01-29 19:00:00+00:00,33.64,33.76,33.49,33.58,81217.0,33.662,639,True
2026-01-29 20:00:00+00:00,33.59,33.75,33.56,33.66,290512.0,33.673,2002,True
2026-01-29 21:00:00+00:00,33.65,33.65,33.65,33.65,379891.0,33.65,8,False
2026-01-29 22:00:00+00:00,33.65,33.65,33.65,33.65,0.0,33.65,0,False
2026-01-29 23:00:00+00:00,33.65,33.65,33.65,33.65,0.0,33.65,0,False
2026-01-30 00:00:00+00:00,33.65,33.65,33.65,33.65,0.0,33.65,0,False
2026-01-30 13:00:00+00:00,33.1,33.1,33.1,33.1,100.0,33.1,1,False
2026-01-30 14:00:00+00:00,33.42,34.1,33.42,33.61,36053.0,33.695,220,False
2026-01-30 15:00:00+00:00,33.63,33.97,33.56,33.95,180887.0,33.748,1206,True
2026-01-30 16:00:00+00:00,33.95,34.22,33.8,34.1,197041.0,34.028,1231,True
2026-01-30 17:00:00+00:00,34.09,34.13,33.81,33.97,81450.0,33.963,692,True
2026-01-30 18:00:00+00:00,33.95,34.25,33.83,34.21,165338.0,34.011,1130,True
2026-01-30 19:00:00+00:00,34.22,34.48,34.06,34.11,223012.0,34.27,1488,True
2026-01-30 20:00:00+00:00,34.13,34.33,33.87,34.27,423350.0,34.146,3020,True
2026-01-30 21:00:00+00:00,34.26,34.26,34.26,34.26,496339.0,34.26,11,False
2026-01-30 22:00:00+00:00,34.26,34.26,34.26,34.26,0.0,34.26,0,False
2026-01-30 23:00:00+00:00,34.59,34.6,34.1,34.13,20093.0,34.349,5,False
2026-01-31 00:00:00+00:00,34.13,34.13,34.13,34.13,0.0,34.13,0,False
2026-02-02 13:00:00+00:00,34.19,34.26,33.83,34.09,24468.0,33.995,43,False
2026-02-02 14:00:00+00:00,34.01,34.84,33.93,34.7,38039.0,34.299,213,False
2026-02-02 15:00:00+00:00,34.7,35.6,34.69,35.47,46847.0,35.289,405,True
2026-02-02 16:00:00+00:00,35.44,35.65,35.14,35.37,55045.0,35.437,429,True
2026-02-02 17:00:00+00:00,35.38,35.55,35.37,35.53,45799.0,35.482,381,True
2026-02-02 18:00:00+00:00,35.53,35.7,35.43,35.65,40824.0,35.55,316,True
2026-02-02 19:00:00+00:00,35.62,35.97,35.55,35.74,83911.0,35.802,656,True
2026-02-02 20:00:00+00:00,35.75,35.8,35.3,35.39,134955.0,35.443,1104,True
2026-02-02 21:00:00+00:00,35.39,35.4,35.39,35.4,186316.0,35.4,6,False
2026-02-02 22:00:00+00:00,35.4,35.4,35.4,35.4,0.0,35.4,0,False
2026-02-02 23:00:00+00:00,35.4,35.4,35.4,35.4,0.0,35.4,0,False
2026-02-03 00:00:00+00:00,35.4,35.4,35.4,35.4,0.0,35.4,0,False
2026-02-03 14:00:00+00:00,35.52,36.09,35.11,35.47,46294.0,35.484,157,False
2026-02-03 15:00:00+00:00,35.47,36.03,34.91,35.92,36953.0,35.696,262,True
2026-02-03 16:00:00+00:00,35.92,35.92,35.23,35.34,33998.0,35.524,193,True
2026-02-03 17:00:00+00:00,35.29,35.4,35.0,35.11,25756.0,35.186,179,True
2026-02-03 18:00:00+00:00,35.08,35.16,34.87,34.87,30852.0,35.058,183,True
2026-02-03 19:00:00+00:00,34.84,35.22,34.76,35.21,37004.0,35.0,293,True
2026-02-03 20:00:00+00:00,35.21,35.99,35.2,35.96,124947.0,35.739,825,True
2026-02-03 21:00:00+00:00,35.95,37.44,35.4,35.9,646791.0,35.943,648,False
2026-02-03 22:00:00+00:00,35.92,36.14,35.0,35.6,85951.0,35.837,135,False
2026-02-03 23:00:00+00:00,35.6,35.6,35.6,35.6,0.0,35.6,0,False
2026-02-04 00:00:00+00:00,35.75,35.75,35.75,35.75,124.0,35.75,1,False
2026-02-04 13:00:00+00:00,35.7,35.7,35.68,35.69,1077.0,35.693,8,False
2026-02-04 14:00:00+00:00,35.74,36.73,35.74,36.54,27224.0,36.047,103,False
2026-02-04 15:00:00+00:00,36.47,36.93,36.15,36.64,56595.0,36.467,398,True
2026-02-04 16:00:00+00:00,36.56,36.72,36.33,36.7,32612.0,36.493,247,True
2026-02-04 17:00:00+00:00,36.66,36.67,35.91,35.91,41194.0,36.186,307,True
2026-02-04 18:00:00+00:00,35.88,36.02,35.16,35.34,76702.0,35.598,462,True
2026-02-04 19:00:00+00:00,35.28,36.05,35.28,36.05,41853.0,35.605,340,True
2026-02-04 20:00:00+00:00,36.07,36.15,35.73,36.1,112989.0,36.018,804,True
2026-02-04 21:00:00+00:00,36.1,36.1,36.1,36.1,102237.0,36.1,11,False
2026-02-04 22:00:00+00:00,36.1,36.1,36.1,36.1,0.0,36.1,0,False
2026-02-04 23:00:00+00:00,36.1,36.1,36.1,36.1,0.0,36.1,0,False
2026-02-05 00:00:00+00:00,36.1,36.1,36.1,36.1,0.0,36.1,0,False
2026-02-05 13:00:00+00:00,35.62,35.62,35.29,35.54,3132.0,35.469,19,False
2026-02-05 14:00:00+00:00,35.56,36.5,35.0,36.15,31827.0,35.968,196,False
2026-02-05 15:00:00+00:00,36.18,36.18,35.22,35.56,35435.0,35.553,292,True
2026-02-05 16:00:00+00:00,35.6,35.64,35.15,35.23,54871.0,35.376,378,True
2026-02-05 17:00:00+00:00,35.2,35.65,34.02,34.63,336003.0,34.543,1618,True
2026-02-05 18:00:00+00:00,34.7,34.9,34.55,34.77,88476.0,34.69,516,True
2026-02-05 19:00:00+00:00,34.78,35.27,34.74,35.0,116754.0,34.962,729,True
2026-02-05 20:00:00+00:00,34.97,35.26,34.62,34.78,222668.0,34.784,1605,True
2026-02-05 21:00:00+00:00,34.78,34.78,34.78,34.78,291986.0,34.78,12,False
2026-02-05 22:00:00+00:00,34.78,34.78,34.78,34.78,0.0,34.78,0,False
2026-02-05 23:00:00+00:00,34.78,34.78,34.78,34.78,0.0,34.78,0,False
2026-02-06 00:00:00+00:00,34.78,34.78,34.78,34.78,0.0,34.78,0,False
2026-02-06 14:00:00+00:00,35.52,35.66,35.14,35.34,109690.0,35.303,623,False
2026-02-06 15:00:00+00:00,35.4,35.89,35.1,35.53,218955.0,35.372,1478,True
2026-02-06 16:00:00+00:00,35.55,36.14,35.54,36.14,56302.0,35.869,480,True
2026-02-06 17:00:00+00:00,36.15,36.23,35.72,36.08,124095.0,35.958,874,True
2026-02-06 18:00:00+00:00,36.08,36.37,36.0,36.18,308193.0,36.137,1814,True
2026-02-06 19:00:00+00:00,36.2,36.43,36.09,36.24,131781.0,36.24,862,True
2026-02-06 20:00:00+00:00,36.23,36.54,36.07,36.37,223150.0,36.35,1579,True
2026-02-06 21:00:00+00:00,36.36,36.38,36.36,36.38,412939.0,36.38,14,False
2026-02-06 22:00:00+00:00,35.51,35.51,35.51,35.51,525.0,35.51,1,False
2026-02-06 23:00:00+00:00,35.51,35.51,35.51,35.51,0.0,35.51,0,False
2026-02-07 00:00:00+00:00,35.51,35.51,35.51,35.51,0.0,35.51,0,False
2026-02-09 14:00:00+00:00,36.58,36.72,36.21,36.25,38833.0,36.437,234,False
2026-02-09 15:00:00+00:00,36.23,36.75,36.15,36.58,47830.0,36.422,298,True
2026-02-09 16:00:00+00:00,36.55,36.56,36.18,36.37,100174.0,36.285,528,True
2026-02-09 17:00:00+00:00,36.37,36.46,36.26,36.28,50821.0,36.353,358,True
2026-02-09 18:00:00+00:00,36.3,36.42,36.17,36.41,137445.0,36.29,598,True
2026-02-09 19:00:00+00:00,36.41,36.45,36.27,36.28,137961.0,36.394,666,True
2026-02-09 20:00:00+00:00,36.27,36.27,35.85,35.95,210521.0,36.003,1453,True
2026-02-09 21:00:00+00:00,35.95,35.95,35.95,35.95,264712.0,35.95,4,False
2026-02-09 22:00:00+00:00,35.95,35.95,35.95,35.95,0.0,35.95,0,False
2026-02-09 23:00:00+00:00,35.95,35.95,35.95,35.95,0.0,35.95,0,False
2026-02-10 00:00:00+00:00,35.95,35.95,35.95,35.95,0.0,35.95,0,False
2026-02-10 14:00:00+00:00,36.29,36.64,36.0,36.19,19022.0,36.249,61,False
2026-02-10 15:00:00+00:00,36.1,36.57,36.02,36.38,119856.0,36.405,607,True
2026-02-10 16:00:00+00:00,36.38,36.66,36.33,36.52,92183.0,36.502,631,True
2026-02-10 17:00:00+00:00,36.55,36.56,36.33,36.36,63768.0,36.436,426,True
2026-02-10 18:00:00+00:00,36.34,36.34,35.89,35.99,33325.0,36.085,265,True
2026-02-10 19:00:00+00:00,36.0,36.16,35.97,36.15,87841.0,36.026,554,True
2026-02-10 20:00:00+00:00,36.15,36.2,35.95,35.95,414950.0,36.048,2353,True
2026-02-10 21:00:00+00:00,35.95,35.95,35.95,35.95,424676.0,35.95,8,False
2026-02-10 22:00:00+00:00,35.95,35.95,35.95,35.95,0.0,35.95,0,False
2026-02-10 23:00:00+00:00,35.95,35.95,35.95,35.95,0.0,35.95,0,False
2026-02-11 00:00:00+00:00,35.95,35.95,35.95,35.95,0.0,35.95,0,False
2026-02-11 13:00:00+00:00,35.97,35.97,35.97,35.97,138.0,35.97,1,False
2026-02-11 14:00:00+00:00,36.68,36.99,35.97,36.64,382811.0,36.514,975,False
2026-02-11 15:00:00+00:00,36.64,36.65,36.0,36.48,98797.0,36.315,770,True
2026-02-11 16:00:00+00:00,36.49,36.54,36.2,36.31,44256.0,36.342,365,True
2026-02-11 17:00:00+00:00,36.31,36.38,36.12,36.23,43562.0,36.274,299,True
2026-02-11 18:00:00+00:00,36.22,36.29,36.05,36.26,50956.0,36.179,389,True
2026-02-11 19:00:00+00:00,36.28,36.38,36.2,36.35,38707.0,36.289,308,True
2026-02-11 20:00:00+00:00,36.36,36.47,36.26,36.41,171194.0,36.367,1183,True
2026-02-11 21:00:00+00:00,36.4,36.4,36.4,36.4,175881.0,36.4,3,False
2026-02-11 22:00:00+00:00,36.4,36.4,36.4,36.4,0.0,36.4,0,False
2026-02-11 23:00:00+00:00,36.4,36.4,36.4,36.4,0.0,36.4,0,False
2026-02-12 00:00:00+00:00,36.4,36.4,36.4,36.4,0.0,36.4,0,False
2026-02-12 14:00:00+00:00,37.21,37.26,36.45,36.54,56206.0,36.872,288,False
2026-02-12 15:00:00+00:00,36.54,36.87,36.23,36.23,39781.0,36.647,298,True
2026-02-12 16:00:00+00:00,36.2,36.25,35.39,35.57,46095.0,35.693,391,True
2026-02-12 17:00:00+00:00,35.57,35.87,35.37,35.39,60994.0,35.669,497,True
2026-02-12 18:00:00+00:00,35.37,35.69,35.31,35.57,46948.0,35.545,349,True
2026-02-12 19:00:00+00:00,35.59,35.7,35.45,35.59,39879.0,35.587,314,True
2026-02-12 20:00:00+00:00,35.59,35.71,35.38,35.58,158748.0,35.529,1153,True
2026-02-12 21:00:00+00:00,35.57,35.57,35.57,35.57,178266.0,35.57,4,False
2026-02-12 22:00:00+00:00,35.57,35.57,35.57,35.57,0.0,35.57,0,False
2026-02-12 23:00:00+00:00,35.57,35.57,35.57,35.57,0.0,35.57,0,False
2026-02-13 00:00:00+00:00,35.57,35.57,35.57,35.57,0.0,35.57,0,False
2026-02-13 14:00:00+00:00,35.5,35.94,35.5,35.76,25765.0,35.616,150,False
2026-02-13 15:00:00+00:00,35.6,36.32,35.59,36.32,19747.0,36.055,134,True
2026-02-13 16:00:00+00:00,36.3,36.43,36.12,36.23,22719.0,36.29,184,True
2026-02-13 17:00:00+00:00,36.21,36.42,36.17,36.28,23345.0,36.277,191,True
2026-02-13 18:00:00+00:00,36.27,36.47,36.11,36.13,58099.0,36.283,290,True
2026-02-13 19:00:00+00:00,36.1,36.16,35.94,35.95,29529.0,36.073,231,True
2026-02-13 20:00:00+00:00,35.97,36.07,35.72,35.82,148138.0,35.834,1093,True
2026-02-13 21:00:00+00:00,35.83,35.96,35.83,35.95,155684.0,35.84,4,False
2026-02-13 22:00:00+00:00,35.95,35.95,35.95,35.95,0.0,35.95,0,False
2026-02-13 23:00:00+00:00,35.95,35.95,35.95,35.95,0.0,35.95,0,False
2026-02-14 00:00:00+00:00,35.95,35.96,35.95,35.95,0.0,35.95,0,False
2026-02-17 14:00:00+00:00,35.75,36.22,35.71,35.74,49270.0,35.864,139,False
2026-02-17 15:00:00+00:00,35.7,35.84,35.43,35.68,23280.0,35.683,183,True
2026-02-17 16:00:00+00:00,35.8,36.41,35.8,36.36,27157.0,36.239,229,True
2026-02-17 17:00:00+00:00,36.36,36.39,36.16,36.28,19869.0,36.262,157,True
2026-02-17 18:00:00+00:00,36.25,36.53,36.16,36.41,20088.0,36.349,165,True
2026-02-17 19:00:00+00:00,36.46,36.52,36.35,36.37,18022.0,36.42,159,True
2026-02-17 20:00:00+00:00,36.41,36.5,36.23,36.44,103336.0,36.362,739,True
2026-02-17 21:00:00+00:00,36.42,36.42,36.42,36.42,196898.0,36.42,11,False
2026-02-17 22:00:00+00:00,36.42,36.42,36.42,36.42,0.0,36.42,0,False
2026-02-17 23:00:00+00:00,36.42,36.42,36.42,36.42,0.0,36.42,0,False
2026-02-18 00:00:00+00:00,36.42,36.42,36.42,36.42,0.0,36.42,0,False
2026-02-18 14:00:00+00:00,36.24,37.11,36.23,37.11,41268.0,36.644,161,False
2026-02-18 15:00:00+00:00,37.16,37.33,36.96,37.12,43768.0,37.145,292,True
2026-02-18 16:00:00+00:00,37.12,37.37,36.98,37.19,115520.0,37.178,541,True
2026-02-18 17:00:00+00:00,37.19,37.25,36.93,37.11,28430.0,37.11,197,True
2026-02-18 18:00:00+00:00,37.14,37.35,36.96,37.1,96334.0,37.219,613,True
2026-02-18 19:00:00+00:00,37.13,37.15,36.43,36.57,36252.0,36.726,304,True
2026-02-18 20:00:00+00:00,36.62,36.87,36.54,36.81,110861.0,36.721,858,True
2026-02-18 21:00:00+00:00,36.81,36.81,36.8,36.8,134673.0,36.8,9,False
2026-02-18 22:00:00+00:00,36.8,36.8,36.8,36.8,0.0,36.8,0,False
2026-02-18 23:00:00+00:00,36.8,36.8,36.8,36.8,0.0,36.8,0,False
2026-02-19 00:00:00+00:00,36.8,36.8,36.8,36.8,0.0,36.8,0,False
2026-02-19 13:00:00+00:00,36.5,36.5,35.97,35.97,326.0,36.133,2,False
2026-02-19 14:00:00+00:00,37.34,37.34,36.11,36.37,26970.0,36.352,156,False
2026-02-19 15:00:00+00:00,36.3,36.41,35.9,36.14,67121.0,36.182,386,True
2026-02-19 16:00:00+00:00,36.12,36.46,36.01,36.33,54247.0,36.277,403,True
2026-02-19 17:00:00+00:00,36.3,36.41,36.17,36.27,88484.0,36.294,587,True
2026-02-19 18:00:00+00:00,36.3,36.32,36.0,36.13,67047.0,36.169,373,True
2026-02-19 19:00:00+00:00,36.15,36.28,35.89,35.95,37790.0,36.068,288,True
2026-02-19 20:00:00+00:00,35.93,36.18,35.92,36.11,135770.0,36.105,986,True
2026-02-19 21:00:00+00:00,36.13,36.13,36.13,36.13,128056.0,36.13,4,False
2026-02-19 22:00:00+00:00,36.13,36.13,36.13,36.13,0.0,36.13,0,False
2026-02-19 23:00:00+00:00,36.13,36.13,36.13,36.13,0.0,36.13,0,False
2026-02-20 00:00:00+00:00,36.13,36.13,36.13,36.13,0.0,36.13,0,False
2026-02-20 14:00:00+00:00,35.89,36.09,35.71,36.02,47016.0,35.91,125,False
2026-02-20 15:00:00+00:00,36.02,36.74,36.01,36.43,48043.0,36.411,395,True
2026-02-20 16:00:00+00:00,36.43,36.45,36.02,36.09,44560.0,36.215,353,True
2026-02-20 17:00:00+00:00,36.08,36.13,35.61,36.13,75757.0,35.841,488,True
2026-02-20 18:00:00+00:00,36.16,36.8,36.05,36.74,110649.0,36.356,583,True
2026-02-20 19:00:00+00:00,36.76,36.78,36.36,36.44,32426.0,36.577,258,True
2026-02-20 20:00:00+00:00,36.43,36.74,36.42,36.7,144963.0,36.615,964,True
2026-02-20 21:00:00+00:00,36.72,36.72,36.72,36.72,125940.0,36.72,4,False
2026-02-20 22:00:00+00:00,36.72,36.72,36.72,36.72,0.0,36.72,0,False
2026-02-20 23:00:00+00:00,36.72,36.72,36.72,36.72,0.0,36.72,0,False
2026-02-21 00:00:00+00:00,36.72,36.72,36.72,36.72,0.0,36.72,0,False
2026-02-23 14:00:00+00:00,36.5,36.56,35.6,35.66,35818.0,36.199,103,False
2026-02-23 15:00:00+00:00,35.66,35.67,35.03,35.26,123069.0,35.363,805,True
2026-02-23 16:00:00+00:00,35.29,35.34,34.89,34.97,131079.0,35.103,591,True
2026-02-23 17:00:00+00:00,34.98,35.0,34.52,34.69,101801.0,34.692,670,True
2026-02-23 18:00:00+00:00,34.64,34.87,34.62,34.64,37338.0,34.757,298,True
2026-02-23 19:00:00+00:00,34.64,34.81,34.5,34.58,154804.0,34.661,791,True
2026-02-23 20:00:00+00:00,34.57,34.74,34.5,34.6,319105.0,34.622,2100,True
2026-02-23 21:00:00+00:00,34.6,34.6,34.6,34.6,177429.0,34.6,7,False
2026-02-23 22:00:00+00:00,34.6,34.6,34.6,34.6,0.0,34.6,0,False
2026-02-23 23:00:00+00:00,34.6,34.6,34.6,34.6,0.0,34.6,0,False
2026-02-24 00:00:00+00:00,35.0,35.0,35.0,35.0,1020.0,35.0,2,False
2026-02-24 13:00:00+00:00,35.0,35.0,35.0,35.0,720.0,35.0,2,False
2026-02-24 14:00:00+00:00,34.93,34.93,34.3,34.74,100314.0,34.752,486,False
2026-02-24 15:00:00+00:00,34.65,35.75,34.65,35.52,106648.0,35.241,736,True
2026-02-24 16:00:00+00:00,35.52,35.57,35.02,35.21,111536.0,35.275,785,True
2026-02-24 17:00:00+00:00,35.23,35.3,35.14,35.26,47824.0,35.245,392,True
2026-02-24 18:00:00+00:00,35.25,35.51,35.17,35.34,53818.0,35.317,438,True
2026-02-24 19:00:00+00:00,35.34,35.38,35.16,35.27,85052.0,35.253,473,True
2026-02-24 20:00:00+00:00,35.25,35.85,35.17,35.75,292425.0,35.587,1850,True
2026-02-24 21:00:00+00:00,35.72,40.0,35.72,39.75,233371.0,35.752,16,False
2026-02-24 22:00:00+00:00,40.0,40.0,38.5,38.5,5957.0,39.423,39,False
2026-02-24 23:00:00+00:00,38.73,38.74,38.73,38.73,100.0,38.733,1,False
2026-02-25 00:00:00+00:00,39.2,39.2,39.2,39.2,900.0,39.2,1,False
2026-02-25 13:00:00+00:00,39.14,39.2,39.14,39.2,300.0,39.18,3,False
2026-02-25 14:00:00+00:00,40.97,42.95,39.25,41.0,486916.0,40.614,2232,False
2026-02-25 15:00:00+00:00,41.12,41.21,39.91,40.85,357591.0,40.35,2165,True
2026-02-25 16:00:00+00:00,40.84,41.09,40.25,40.97,241627.0,40.822,1400,True
2026-02-25 17:00:00+00:00,40.96,41.07,40.22,40.4,272769.0,40.75,1588,True
2026-02-25 18:00:00+00:00,40.4,40.4,40.0,40.2,113111.0,40.228,893,True
2026-02-25 19:00:00+00:00,40.2,40.58,40.07,40.3,133708.0,40.355,1014,True
2026-02-25 20:00:00+00:00,40.32,40.93,40.16,40.89,596333.0,40.627,3807,True
2026-02-25 21:00:00+00:00,40.84,40.86,40.84,40.86,345064.0,40.86,10,False
2026-02-25 22:00:00+00:00,40.86,40.86,40.86,40.86,0.0,40.86,0,False
2026-02-25 23:00:00+00:00,40.86,40.86,40.86,40.86,0.0,40.86,0,False
2026-02-26 00:00:00+00:00,40.86,40.86,40.86,40.86,0.0,40.86,0,False
2026-02-26 13:00:00+00:00,40.72,40.72,40.71,40.71,346.0,40.716,2,False
2026-02-26 14:00:00+00:00,40.5,40.72,39.75,39.98,228302.0,40.276,595,False
2026-02-26 15:00:00+00:00,39.95,40.38,39.67,40.19,168043.0,40.066,880,True
2026-02-26 16:00:00+00:00,40.19,40.23,39.6,39.7,119263.0,39.925,772,True
2026-02-26 17:00:00+00:00,39.71,39.79,39.42,39.49,93304.0,39.59,661,True
2026-02-26 18:00:00+00:00,39.53,40.79,39.34,40.52,168519.0,39.91,886,True
2026-02-26 19:00:00+00:00,40.52,40.63,40.29,40.46,99532.0,40.471,640,True
2026-02-26 20:00:00+00:00,40.44,40.58,40.37,40.48,265098.0,40.457,1739,True
2026-02-26 21:00:00+00:00,40.5,40.5,40.48,40.48,285830.0,40.48,7,False
2026-02-26 22:00:00+00:00,40.48,40.48,40.48,40.48,0.0,40.48,0,False
2026-02-26 23:00:00+00:00,40.48,40.48,40.48,40.48,0.0,40.48,0,False
2026-02-27 00:00:00+00:00,40.48,40.48,40.48,40.48,0.0,40.48,0,False
2026-02-27 13:00:00+00:00,40.47,40.47,40.47,40.47,150.0,40.47,1,False
2026-02-27 14:00:00+00:00,39.55,39.96,38.83,39.03,103375.0,39.16,598,False
2026-02-27 15:00:00+00:00,39.03,39.54,38.46,38.88,96408.0,38.871,725,True
2026-02-27 16:00:00+00:00,38.82,39.39,38.75,38.96,85919.0,39.133,636,True
2026-02-27 17:00:00+00:00,38.95,39.23,38.21,38.49,247629.0,38.795,680,True
2026-02-27 18:00:00+00:00,38.5,38.75,38.37,38.44,73182.0,38.573,555,True
2026-02-27 19:00:00+00:00,38.45,38.59,38.25,38.43,227710.0,38.412,1113,True
2026-02-27 20:00:00+00:00,38.43,38.82,38.42,38.69,231697.0,38.637,1545,True
2026-02-27 21:00:00+00:00,38.7,38.7,38.7,38.7,373539.0,38.7,3,False
2026-02-27 22:00:00+00:00,38.7,38.7,38.7,38.7,0.0,38.7,0,False
2026-02-27 23:00:00+00:00,38.7,38.7,38.7,38.7,0.0,38.7,0,False
2026-02-28 00:00:00+00:00,38.7,38.7,38.7,38.7,0.0,38.7,0,False
2026-03-02 14:00:00+00:00,38.7,38.7,37.66,37.75,66710.0,38.084,290,False
2026-03-02 15:00:00+00:00,37.79,38.54,37.79,38.5,80945.0,38.295,571,True
2026-03-02 16:00:00+00:00,38.5,38.78,38.21,38.49,54202.0,38.485,394,True
2026-03-02 17:00:00+00:00,38.49,38.75,38.4,38.59,55410.0,38.607,410,True
2026-03-02 18:00:00+00:00,38.61,38.71,38.23,38.26,48228.0,38.414,372,True
2026-03-02 19:00:00+00:00,38.26,38.69,38.23,38.66,68360.0,38.439,518,True
2026-03-02 20:00:00+00:00,38.66,38.7,38.28,38.3,224264.0,38.447,1693,True
2026-03-02 21:00:00+00:00,38.29,38.29,38.29,38.29,202829.0,38.29,5,False
2026-03-02 22:00:00+00:00,38.29,38.29,38.29,38.29,0.0,38.29,0,False
2026-03-02 23:00:00+00:00,38.36,38.36,38.26,38.26,200.0,38.31,2,False
2026-03-03 00:00:00+00:00,38.26,38.26,38.26,38.26,0.0,38.26,0,False
2026-03-03 14:00:00+00:00,36.87,37.1,35.01,36.42,39609.0,36.684,143,False
2026-03-03 15:00:00+00:00,36.43,36.63,36.29,36.62,97811.0,36.405,681,True
2026-03-03 16:00:00+00:00,36.63,37.72,36.58,37.48,196028.0,37.288,951,True
2026-03-03 17:00:00+00:00,37.51,37.61,37.3,37.49,57423.0,37.416,416,True
2026-03-03 18:00:00+00:00,37.49,37.77,37.47,37.71,26936.0,37.637,203,True
2026-03-03 19:00:00+00:00,37.68,37.8,37.35,37.63,67807.0,37.537,493,True
2026-03-03 20:00:00+00:00,37.63,37.89,37.25,37.27,255560.0,37.454,1532,True
2026-03-03 21:00:00+00:00,37.28,37.28,37.28,37.28,199434.0,37.28,5,False
2026-03-03 22:00:00+00:00,37.28,37.28,37.28,37.28,0.0,37.28,0,False
2026-03-03 23:00:00+00:00,37.28,37.28,37.28,37.28,0.0,37.28,0,False
2026-03-04 00:00:00+00:00,37.28,37.28,37.28,37.28,0.0,37.28,0,False
2026-03-04 14:00:00+00:00,37.78,37.78,36.99,37.15,33696.0,37.319,199,False
2026-03-04 15:00:00+00:00,37.15,37.45,36.94,37.24,112743.0,37.221,763,True
2026-03-04 16:00:00+00:00,37.29,37.29,36.76,37.26,71052.0,37.001,487,True
2026-03-04 17:00:00+00:00,37.24,37.24,36.95,37.07,95149.0,37.061,435,True
2026-03-04 18:00:00+00:00,37.0,37.3,36.93,37.22,56048.0,37.03,393,True
2026-03-04 19:00:00+00:00,37.23,37.42,37.19,37.3,54960.0,37.297,350,True
2026-03-04 20:00:00+00:00,37.27,37.5,37.15,37.25,212981.0,37.355,1278,True
2026-03-04 21:00:00+00:00,37.26,37.26,37.26,37.26,217206.0,37.26,6,False
2026-03-04 22:00:00+00:00,37.26,37.26,37.26,37.26,0.0,37.26,0,False
2026-03-04 23:00:00+00:00,37.26,37.26,37.26,37.26,0.0,37.26,0,False
2026-03-05 00:00:00+00:00,37.26,37.26,37.26,37.26,0.0,37.26,0,False
2026-03-05 14:00:00+00:00,36.5,37.16,36.5,37.09,24368.0,36.758,139,False
2026-03-05 15:00:00+00:00,37.09,37.3,36.96,37.04,59543.0,37.11,320,True
2026-03-05 16:00:00+00:00,36.99,36.99,36.24,36.47,62757.0,36.535,447,True
2026-03-05 17:00:00+00:00,36.5,36.75,35.64,35.66,85693.0,36.37,573,True
2026-03-05 18:00:00+00:00,35.66,35.88,35.25,35.52,122544.0,35.516,757,True
2026-03-05 19:00:00+00:00,35.53,35.72,35.32,35.55,108404.0,35.558,835,True
2026-03-05 20:00:00+00:00,35.5,36.15,35.44,35.96,308735.0,35.907,2051,True
2026-03-05 21:00:00+00:00,35.95,35.95,35.95,35.95,297146.0,35.95,9,False
2026-03-05 22:00:00+00:00,35.95,35.95,35.95,35.95,0.0,35.95,0,False
2026-03-05 23:00:00+00:00,35.95,35.95,35.95,35.95,0.0,35.95,0,False
2026-03-06 00:00:00+00:00,35.95,35.95,35.95,35.95,0.0,35.95,0,False
2026-03-06 14:00:00+00:00,35.48,35.48,34.23,34.31,54733.0,34.418,275,False
2026-03-06 15:00:00+00:00,34.35,34.58,34.14,34.43,71289.0,34.327,491,True
2026-03-06 16:00:00+00:00,34.41,34.51,34.03,34.11,76139.0,34.222,514,True
2026-03-06 17:00:00+00:00,34.09,34.17,33.49,33.66,128958.0,33.771,784,True
2026-03-06 18:00:00+00:00,33.66,34.06,33.65,33.91,91824.0,33.906,645,True
2026-03-06 19:00:00+00:00,33.92,33.98,33.74,33.93,67048.0,33.865,543,True
2026-03-06 20:00:00+00:00,33.97,34.08,33.86,33.91,347584.0,33.987,2369,True
2026-03-06 21:00:00+00:00,33.91,33.91,33.91,33.91,272009.0,33.91,6,False
2026-03-06 22:00:00+00:00,33.91,33.91,33.91,33.91,0.0,33.91,0,False
2026-03-06 23:00:00+00:00,33.91,33.91,33.91,33.91,0.0,33.91,0,False
2026-03-07 00:00:00+00:00,34.67,34.68,34.67,34.67,400.0,34.671,1,False
2026-03-09 13:00:00+00:00,32.89,33.14,32.18,32.48,128161.0,32.699,627,False
2026-03-09 14:00:00+00:00,32.51,33.31,32.26,33.3,191725.0,32.676,953,True
2026-03-09 15:00:00+00:00,33.35,33.74,33.35,33.59,100460.0,33.568,587,True
2026-03-09 16:00:00+00:00,33.59,34.05,33.48,33.84,82397.0,33.8,542,True
2026-03-09 17:00:00+00:00,33.87,33.94,33.61,33.67,124534.0,33.818,594,True
2026-03-09 18:00:00+00:00,33.69,34.14,33.65,34.05,113453.0,33.927,712,True
2026-03-09 19:00:00+00:00,34.06,35.48,34.04,35.41,474894.0,35.163,3440,True
2026-03-09 20:00:00+00:00,35.41,35.41,35.41,35.41,481524.0,35.41,8,False
2026-03-09 21:00:00+00:00,35.41,35.41,35.41,35.41,0.0,35.41,0,False
2026-03-09 22:00:00+00:00,35.41,35.41,35.41,35.41,0.0,35.41,0,False
2026-03-09 23:00:00+00:00,35.41,35.41,35.41,35.41,0.0,35.41,0,False
2026-03-10 08:00:00+00:00,35.3,35.3,35.3,35.3,114.0,35.3,1,False
2026-03-10 09:00:00+00:00,35.3,35.3,35.3,35.3,0.0,35.3,0,False
2026-03-10 10:00:00+00:00,35.3,35.3,35.3,35.3,0.0,35.3,0,False
2026-03-10 11:00:00+00:00,35.3,35.3,35.3,35.3,0.0,35.3,0,False
2026-03-10 12:00:00+00:00,35.3,35.3,35.3,35.3,0.0,35.3,0,False
2026-03-10 13:00:00+00:00,35.4,35.4,34.77,34.85,45962.0,35.061,276,False
2026-03-10 14:00:00+00:00,34.86,35.31,34.78,35.16,61897.0,35.062,432,True
2026-03-10 15:00:00+00:00,35.18,35.27,34.99,35.15,51234.0,35.137,347,True
2026-03-10 16:00:00+00:00,35.12,35.24,34.98,35.23,31753.0,35.124,247,True
2026-03-10 17:00:00+00:00,35.22,35.8,35.22,35.5,81464.0,35.442,528,True
2026-03-10 18:00:00+00:00,35.44,35.44,34.46,34.97,71216.0,34.954,557,True
2026-03-10 19:00:00+00:00,34.99,35.27,34.69,34.71,224196.0,34.885,1474,True
2026-03-10 20:00:00+00:00,34.75,34.77,34.75,34.75,204865.0,34.75,9,False
2026-03-10 21:00:00+00:00,34.75,34.75,34.75,34.75,0.0,34.75,0,False
2026-03-10 22:00:00+00:00,34.75,34.75,34.75,34.75,0.0,34.75,0,False
2026-03-10 23:00:00+00:00,34.75,34.75,34.75,34.75,0.0,34.75,0,False
2026-03-11 13:00:00+00:00,34.86,34.9,34.0,34.1,32882.0,34.504,132,False
2026-03-11 14:00:00+00:00,34.05,34.47,34.01,34.38,57477.0,34.238,468,True
2026-03-11 15:00:00+00:00,34.41,34.45,34.12,34.25,77397.0,34.239,560,True
2026-03-11 16:00:00+00:00,34.24,34.63,34.17,34.63,41825.0,34.299,344,True
2026-03-11 17:00:00+00:00,34.64,35.02,34.59,34.89,84283.0,34.746,488,True
2026-03-11 18:00:00+00:00,34.94,35.11,34.87,35.0,41177.0,34.978,339,True
2026-03-11 19:00:00+00:00,35.02,35.17,34.73,34.76,181235.0,34.925,1361,True
2026-03-11 20:00:00+00:00,34.76,34.76,34.76,34.76,248133.0,34.76,4,False
2026-03-11 21:00:00+00:00,34.76,34.76,34.76,34.76,0.0,34.76,0,False
2026-03-11 22:00:00+00:00,34.76,34.76,34.76,34.76,0.0,34.76,0,False
2026-03-11 23:00:00+00:00,34.76,34.76,34.76,34.76,0.0,34.76,0,False
2026-03-12 11:00:00+00:00,34.28,34.28,34.28,34.28,175.0,34.28,1,False
2026-03-12 12:00:00+00:00,34.28,34.28,34.28,34.28,0.0,34.28,0,False
2026-03-12 13:00:00+00:00,33.7,34.27,33.47,33.82,50509.0,33.913,267,False
2026-03-12 14:00:00+00:00,33.79,34.21,33.57,33.83,97233.0,33.815,414,True
2026-03-12 15:00:00+00:00,33.79,34.07,33.65,33.97,45700.0,33.86,349,True
2026-03-12 16:00:00+00:00,33.97,34.2,33.8,33.91,42600.0,33.942,302,True
2026-03-12 17:00:00+00:00,33.96,34.2,33.89,33.91,45876.0,34.011,342,True
2026-03-12 18:00:00+00:00,33.93,34.06,33.48,33.49,161922.0,33.708,736,True
2026-03-12 19:00:00+00:00,33.51,33.67,33.32,33.56,177999.0,33.492,1352,True
2026-03-12 20:00:00+00:00,33.55,33.55,33.55,33.55,161119.0,33.55,4,False
2026-03-12 21:00:00+00:00,33.55,33.55,33.55,33.55,0.0,33.55,0,False
2026-03-12 22:00:00+00:00,33.55,33.55,33.55,33.55,0.0,33.55,0,False
2026-03-12 23:00:00+00:00,33.55,33.55,33.55,33.55,0.0,33.55,0,False
2026-03-13 13:00:00+00:00,33.39,34.39,33.22,33.77,85654.0,33.949,355,False
2026-03-13 14:00:00+00:00,33.77,33.91,33.17,33.23,82839.0,33.598,569,True
2026-03-13 15:00:00+00:00,33.29,33.64,33.21,33.39,48230.0,33.469,378,True
2026-03-13 16:00:00+00:00,33.41,33.53,33.0,33.01,52129.0,33.262,336,True
2026-03-13 17:00:00+00:00,33.01,33.2,32.91,32.96,47429.0,33.043,353,True
2026-03-13 18:00:00+00:00,33.0,33.2,32.98,33.09,78816.0,33.113,535,True
2026-03-13 19:00:00+00:00,33.12,33.67,33.12,33.55,158418.0,33.503,1199,True
2026-03-13 20:00:00+00:00,33.57,33.57,33.56,33.56,149948.0,33.56,6,False
2026-03-13 21:00:00+00:00,33.56,33.56,33.56,33.56,0.0,33.56,0,False
2026-03-13 22:00:00+00:00,33.56,33.56,33.56,33.56,0.0,33.56,0,False
2026-03-13 23:00:00+00:00,33.56,33.56,33.56,33.56,0.0,33.56,0,False
2026-03-16 12:00:00+00:00,33.84,33.84,33.84,33.84,603.0,33.84,2,False
2026-03-16 13:00:00+00:00,34.06,34.59,33.86,34.55,40389.0,34.259,152,False
2026-03-16 14:00:00+00:00,34.52,34.7,34.06,34.34,50081.0,34.393,353,True
2026-03-16 15:00:00+00:00,34.36,34.46,34.24,34.3,32415.0,34.351,273,True
2026-03-16 16:00:00+00:00,34.2,34.23,33.94,33.98,59182.0,34.128,290,True
2026-03-16 17:00:00+00:00,34.0,34.24,33.97,34.24,33476.0,34.117,280,True
2026-03-16 18:00:00+00:00,34.26,34.51,34.21,34.35,37861.0,34.346,322,True
2026-03-16 19:00:00+00:00,34.38,34.42,34.01,34.02,139149.0,34.124,932,True
2026-03-16 20:00:00+00:00,34.05,34.05,34.04,34.04,202450.0,34.04,7,False
2026-03-16 21:00:00+00:00,34.04,34.04,34.04,34.04,0.0,34.04,0,False
2026-03-16 22:00:00+00:00,34.04,34.04,34.04,34.04,0.0,34.04,0,False
2026-03-16 23:00:00+00:00,34.04,34.04,34.04,34.04,0.0,34.04,0,False
2026-03-17 08:00:00+00:00,33.7,33.7,33.7,33.7,178.0,33.7,1,False
2026-03-17 09:00:00+00:00,33.7,33.7,33.7,33.7,0.0,33.7,0,False
2026-03-17 10:00:00+00:00,33.7,33.7,33.7,33.7,0.0,33.7,0,False
2026-03-17 11:00:00+00:00,33.7,33.7,33.7,33.7,0.0,33.7,0,False
2026-03-17 12:00:00+00:00,34.05,34.05,34.05,34.05,112.0,34.05,1,False
2026-03-17 13:00:00+00:00,34.52,34.89,34.29,34.79,21596.0,34.638,68,False
2026-03-17 14:00:00+00:00,34.77,34.77,34.16,34.27,44131.0,34.345,251,True
2026-03-17 15:00:00+00:00,34.28,34.29,34.03,34.15,23987.0,34.147,218,True
2026-03-17 16:00:00+00:00,34.16,34.32,34.05,34.3,23032.0,34.174,194,True
2026-03-17 17:00:00+00:00,34.3,34.45,34.26,34.39,51537.0,34.329,246,True
2026-03-17 18:00:00+00:00,34.39,34.5,34.3,34.32,35190.0,34.389,290,True
2026-03-17 19:00:00+00:00,34.32,34.46,34.17,34.22,146230.0,34.283,1014,True
2026-03-17 20:00:00+00:00,34.24,34.28,34.24,34.27,164160.0,34.24,4,False
2026-03-17 21:00:00+00:00,34.27,34.27,34.27,34.27,0.0,34.27,0,False
2026-03-17 22:00:00+00:00,34.27,34.27,34.27,34.27,0.0,34.27,0,False
2026-03-17 23:00:00+00:00,34.27,34.28,34.27,34.27,0.0,34.27,0,False
2026-03-18 13:00:00+00:00,34.06,34.26,33.77,34.06,26189.0,33.979,121,False
2026-03-18 14:00:00+00:00,34.04,34.13,33.68,34.02,34767.0,33.878,224,True
2026-03-18 15:00:00+00:00,34.04,34.21,33.82,33.87,77277.0,34.001,426,True
2026-03-18 16:00:00+00:00,33.87,34.0,33.78,33.98,48368.0,33.925,259,True
2026-03-18 17:00:00+00:00,33.98,34.39,33.94,34.39,24705.0,34.145,201,True
2026-03-18 18:00:00+00:00,34.4,34.44,33.73,33.77,85418.0,34.125,470,True
2026-03-18 19:00:00+00:00,33.81,33.93,33.55,33.59,84148.0,33.65,610,True
2026-03-18 20:00:00+00:00,33.6,33.6,33.6,33.6,285597.0,33.6,4,False
2026-03-18 21:00:00+00:00,33.6,33.6,33.6,33.6,0.0,33.6,0,False
2026-03-18 22:00:00+00:00,33.6,33.6,33.6,33.6,0.0,33.6,0,False
2026-03-18 23:00:00+00:00,33.6,33.6,33.6,33.6,0.0,33.6,0,False
2026-03-19 13:00:00+00:00,33.12,33.48,32.88,33.4,30647.0,33.231,142,False
2026-03-19 14:00:00+00:00,33.34,33.51,32.88,33.02,58648.0,33.22,382,True
2026-03-19 15:00:00+00:00,32.96,33.21,32.62,32.74,62415.0,32.948,255,True
2026-03-19 16:00:00+00:00,32.77,33.04,32.72,32.95,29174.0,32.917,224,True
2026-03-19 17:00:00+00:00,32.95,33.19,32.77,33.17,32039.0,32.995,216,True
2026-03-19 18:00:00+00:00,33.14,33.44,33.12,33.38,33763.0,33.269,252,True
2026-03-19 19:00:00+00:00,33.4,34.09,33.38,33.64,119745.0,33.723,835,True
2026-03-19 20:00:00+00:00,33.64,33.64,33.64,33.64,216727.0,33.64,6,False
2026-03-19 21:00:00+00:00,33.64,33.64,33.64,33.64,0.0,33.64,0,False
2026-03-19 22:00:00+00:00,33.64,33.64,33.64,33.64,0.0,33.64,0,False
2026-03-19 23:00:00+00:00,33.64,33.64,33.64,33.64,0.0,33.64,0,False
2026-03-20 13:00:00+00:00,33.73,33.92,32.82,32.96,105214.0,33.56,114,False
2026-03-20 14:00:00+00:00,32.89,33.08,32.64,32.79,54493.0,32.81,378,True
2026-03-20 15:00:00+00:00,32.82,33.2,32.75,32.93,31865.0,32.929,243,True
2026-03-20 16:00:00+00:00,32.91,33.07,32.78,33.01,34887.0,32.933,198,True
2026-03-20 17:00:00+00:00,32.95,32.98,32.69,32.72,51693.0,32.783,364,True
2026-03-20 18:00:00+00:00,32.73,32.75,32.24,32.33,90529.0,32.49,464,True
2026-03-20 19:00:00+00:00,32.34,32.85,32.26,32.77,270348.0,32.678,1506,True
2026-03-20 20:00:00+00:00,32.79,32.79,32.79,32.79,1699221.0,32.79,10,False
2026-03-20 21:00:00+00:00,32.79,32.79,32.79,32.79,0.0,32.79,0,False
2026-03-20 22:00:00+00:00,32.79,32.79,32.79,32.79,0.0,32.79,0,False
2026-03-20 23:00:00+00:00,32.79,32.79,32.79,32.79,0.0,32.79,0,False
2026-03-23 11:00:00+00:00,32.45,34.96,32.45,34.03,2462.0,34.623,12,False
2026-03-23 12:00:00+00:00,33.2,34.09,33.2,34.0,1714.0,33.948,10,False
2026-03-23 13:00:00+00:00,33.43,34.74,33.43,34.65,84160.0,34.413,371,False
2026-03-23 14:00:00+00:00,34.65,35.13,34.64,35.04,67595.0,34.841,455,True
2026-03-23 15:00:00+00:00,35.02,35.26,34.45,34.45,81539.0,35.075,480,True
2026-03-23 16:00:00+00:00,34.47,34.86,34.46,34.78,61177.0,34.72,438,True
2026-03-23 17:00:00+00:00,34.8,35.27,34.7,35.09,120127.0,34.927,471,True
2026-03-23 18:00:00+00:00,35.07,35.23,34.61,34.76,130137.0,34.935,657,True
2026-03-23 19:00:00+00:00,34.74,34.8,34.46,34.68,318187.0,34.666,1809,True
2026-03-23 20:00:00+00:00,34.7,34.7,34.7,34.7,359904.0,34.7,2,False
2026-03-23 21:00:00+00:00,34.7,34.7,34.7,34.7,0.0,34.7,0,False
2026-03-23 22:00:00+00:00,34.7,34.7,34.7,34.7,0.0,34.7,0,False
2026-03-23 23:00:00+00:00,34.7,34.7,34.7,34.7,0.0,34.7,0,False
2026-03-24 13:00:00+00:00,34.33,35.08,34.29,34.4,15247.0,34.439,40,False
2026-03-24 14:00:00+00:00,34.48,35.03,34.28,34.8,25364.0,34.527,167,True
2026-03-24 15:00:00+00:00,34.97,35.43,34.91,35.12,39969.0,35.238,208,True
2026-03-24 16:00:00+00:00,35.13,35.57,35.07,35.5,60071.0,35.263,191,True
2026-03-24 17:00:00+00:00,35.48,35.48,34.91,35.2,28832.0,35.076,196,True
2026-03-24 18:00:00+00:00,35.16,35.52,35.11,35.48,33896.0,35.284,280,True
2026-03-24 19:00:00+00:00,35.49,35.55,35.19,35.22,92397.0,35.286,654,True
2026-03-24 20:00:00+00:00,35.21,35.62,35.21,35.62,234973.0,35.211,7,False
2026-03-24 21:00:00+00:00,35.62,35.62,35.62,35.62,0.0,35.62,0,False
2026-03-24 22:00:00+00:00,35.62,35.62,35.62,35.62,0.0,35.62,0,False
2026-03-24 23:00:00+00:00,35.62,35.62,35.62,35.62,0.0,35.62,0,False
2026-03-25 13:00:00+00:00,35.67,36.06,35.43,35.43,16864.0,35.782,103,False
2026-03-25 14:00:00+00:00,35.4,35.95,35.32,35.77,21981.0,35.665,154,True
2026-03-25 15:00:00+00:00,35.77,35.8,35.02,35.12,35195.0,35.299,282,True
2026-03-25 16:00:00+00:00,35.13,35.36,35.08,35.29,13466.0,35.199,103,True
2026-03-25 17:00:00+00:00,35.3,35.56,35.18,35.44,27536.0,35.401,205,True
2026-03-25 18:00:00+00:00,35.48,35.62,35.37,35.44,40937.0,35.533,251,True
2026-03-25 19:00:00+00:00,35.45,35.72,35.41,35.63,85483.0,35.612,543,True
2026-03-25 20:00:00+00:00,35.64,35.64,35.63,35.63,109988.0,35.63,4,False
2026-03-25 21:00:00+00:00,35.63,35.63,35.63,35.63,0.0,35.63,0,False
2026-03-25 22:00:00+00:00,35.63,35.63,35.63,35.63,0.0,35.63,0,False
2026-03-25 23:00:00+00:00,35.63,35.63,35.63,35.63,0.0,35.63,0,False
2026-03-26 13:00:00+00:00,35.12,35.33,34.95,35.13,18255.0,35.103,86,False
2026-03-26 14:00:00+00:00,35.07,35.41,34.72,34.92,31374.0,35.116,233,True
2026-03-26 15:00:00+00:00,34.97,35.08,34.59,34.73,59123.0,34.788,433,True
2026-03-26 16:00:00+00:00,34.73,34.76,34.1,34.18,30825.0,34.513,233,True
2026-03-26 17:00:00+00:00,34.16,34.31,33.9,33.94,33444.0,34.102,224,True
2026-03-26 18:00:00+00:00,33.97,34.17,33.9,34.13,39102.0,34.03,278,True
2026-03-26 19:00:00+00:00,34.14,34.4,33.98,34.35,154621.0,34.246,1090,True
2026-03-26 20:00:00+00:00,34.37,34.37,34.37,34.37,150512.0,34.37,6,False
2026-03-26 21:00:00+00:00,34.37,34.37,34.37,34.37,0.0,34.37,0,False
2026-03-26 22:00:00+00:00,34.37,34.37,34.37,34.37,0.0,34.37,0,False
2026-03-26 23:00:00+00:00,34.37,34.37,34.37,34.37,0.0,34.37,0,False
2026-03-27 08:00:00+00:00,34.32,34.32,34.32,34.32,117.0,34.32,1,False
2026-03-27 09:00:00+00:00,33.7,33.7,33.7,33.7,137.0,33.7,1,False
2026-03-27 10:00:00+00:00,33.7,33.7,33.7,33.7,0.0,33.7,0,False
2026-03-27 11:00:00+00:00,33.7,33.7,33.7,33.7,0.0,33.7,0,False
2026-03-27 12:00:00+00:00,33.7,33.7,33.7,33.7,0.0,33.7,0,False
2026-03-27 13:00:00+00:00,34.01,34.2,33.38,33.52,15694.0,33.913,88,False
2026-03-27 14:00:00+00:00,33.62,34.06,33.5,33.9,62059.0,33.892,389,True
2026-03-27 15:00:00+00:00,33.89,34.18,33.82,33.95,59362.0,33.979,469,True
2026-03-27 16:00:00+00:00,33.95,33.95,33.7,33.85,42823.0,33.838,321,True
2026-03-27 17:00:00+00:00,33.85,34.02,33.32,33.41,44885.0,33.701,299,True
2026-03-27 18:00:00+00:00,33.42,33.49,33.27,33.37,74763.0,33.367,356,True
2026-03-27 19:00:00+00:00,33.39,33.4,33.11,33.29,116490.0,33.274,692,True
2026-03-27 20:00:00+00:00,33.31,33.31,33.31,33.31,162408.0,33.31,6,False
2026-03-27 21:00:00+00:00,33.31,33.31,33.31,33.31,0.0,33.31,0,False
2026-03-27 22:00:00+00:00,33.31,33.31,33.31,33.31,0.0,33.31,0,False
2026-03-27 23:00:00+00:00,33.31,33.31,33.31,33.31,0.0,33.31,0,False
2026-03-30 08:00:00+00:00,33.57,33.57,33.57,33.57,212.0,33.57,1,False
2026-03-30 09:00:00+00:00,33.57,33.57,33.57,33.57,0.0,33.57,0,False
2026-03-30 10:00:00+00:00,33.57,33.57,33.57,33.57,0.0,33.57,0,False
2026-03-30 11:00:00+00:00,33.57,33.57,33.57,33.57,0.0,33.57,0,False
2026-03-30 12:00:00+00:00,33.57,33.57,33.57,33.57,0.0,33.57,0,False
2026-03-30 13:00:00+00:00,33.59,33.88,32.68,33.08,42128.0,33.07,229,False
2026-03-30 14:00:00+00:00,33.15,33.44,33.01,33.44,38881.0,33.214,245,True
2026-03-30 15:00:00+00:00,33.48,33.62,33.21,33.23,53239.0,33.382,323,True
2026-03-30 16:00:00+00:00,33.18,33.23,32.89,32.94,27817.0,33.104,229,True
2026-03-30 17:00:00+00:00,32.96,33.01,32.59,32.73,62822.0,32.786,414,True
2026-03-30 18:00:00+00:00,32.75,32.8,32.63,32.7,38608.0,32.721,332,True
2026-03-30 19:00:00+00:00,32.72,32.77,32.45,32.64,231035.0,32.623,1459,True
2026-03-30 20:00:00+00:00,32.63,32.63,32.63,32.63,144048.0,32.63,5,False
2026-03-30 21:00:00+00:00,32.63,32.63,32.63,32.63,0.0,32.63,0,False
2026-03-30 22:00:00+00:00,32.63,32.63,32.63,32.63,0.0,32.63,0,False
2026-03-30 23:00:00+00:00,32.63,32.63,32.63,32.63,0.0,32.63,0,False
2026-03-31 13:00:00+00:00,33.47,33.78,33.21,33.6,44311.0,33.552,142,False
2026-03-31 14:00:00+00:00,33.47,33.47,32.92,33.02,48396.0,33.291,274,True
2026-03-31 15:00:00+00:00,33.09,33.41,32.95,32.96,22768.0,33.155,176,True
2026-03-31 16:00:00+00:00,32.9,34.32,32.9,33.46,93917.0,33.367,555,True
2026-03-31 17:00:00+00:00,33.45,33.94,33.45,33.7,53984.0,33.597,325,True
2026-03-31 18:00:00+00:00,33.75,33.85,33.59,33.82,40798.0,33.731,294,True
2026-03-31 19:00:00+00:00,33.82,33.9,33.58,33.7,198895.0,33.754,1223,True
2026-03-31 20:00:00+00:00,33.71,33.71,33.71,33.71,206376.0,33.71,6,False
2026-03-31 21:00:00+00:00,33.71,33.71,33.71,33.71,0.0,33.71,0,False
2026-03-31 22:00:00+00:00,33.71,33.71,33.71,33.71,0.0,33.71,0,False
2026-03-31 23:00:00+00:00,33.71,33.71,33.71,33.71,0.0,33.71,0,False
2026-04-01 08:00:00+00:00,33.73,33.73,33.73,33.73,120.0,33.73,1,False
2026-04-01 09:00:00+00:00,33.73,33.73,33.73,33.73,0.0,33.73,0,False
2026-04-01 10:00:00+00:00,33.73,33.73,33.73,33.73,0.0,33.73,0,False
2026-04-01 11:00:00+00:00,33.73,33.73,33.73,33.73,0.0,33.73,0,False
2026-04-01 12:00:00+00:00,33.73,33.73,33.73,33.73,0.0,33.73,0,False
2026-04-01 13:00:00+00:00,33.71,34.34,33.71,34.3,60554.0,34.157,294,False
2026-04-01 14:00:00+00:00,34.23,34.65,34.18,34.59,59464.0,34.379,336,True
2026-04-01 15:00:00+00:00,34.53,34.77,34.53,34.7,46471.0,34.642,318,True
2026-04-01 16:00:00+00:00,34.7,34.78,34.54,34.7,40616.0,34.656,207,True
2026-04-01 17:00:00+00:00,34.73,34.81,34.65,34.65,20991.0,34.744,165,True
2026-04-01 18:00:00+00:00,34.68,34.68,34.2,34.39,66734.0,34.318,290,True
2026-04-01 19:00:00+00:00,34.4,34.66,34.28,34.44,219006.0,34.427,1221,True
2026-04-01 20:00:00+00:00,34.45,34.45,34.45,34.45,142876.0,34.45,4,False
2026-04-01 21:00:00+00:00,34.45,34.45,34.45,34.45,0.0,34.45,0,False
2026-04-01 22:00:00+00:00,34.45,34.45,34.45,34.45,0.0,34.45,0,False
2026-04-01 23:00:00+00:00,34.45,34.45,34.45,34.45,0.0,34.45,0,False
2026-04-02 13:00:00+00:00,33.06,33.53,32.58,33.43,25965.0,33.127,98,False
2026-04-02 14:00:00+00:00,33.4,34.89,33.34,34.26,36603.0,34.161,266,True
2026-04-02 15:00:00+00:00,34.24,34.48,34.16,34.46,48745.0,34.343,359,True
2026-04-02 16:00:00+00:00,34.49,34.56,34.2,34.52,41580.0,34.432,370,True
2026-04-02 17:00:00+00:00,34.5,34.54,34.23,34.3,26845.0,34.447,235,True
2026-04-02 18:00:00+00:00,34.32,34.66,34.27,34.59,69695.0,34.494,561,True
2026-04-02 19:00:00+00:00,34.62,34.82,34.51,34.65,184919.0,34.671,1320,True
2026-04-02 20:00:00+00:00,34.64,34.64,34.64,34.64,246065.0,34.64,5,False
2026-04-02 21:00:00+00:00,34.64,34.64,34.64,34.64,0.0,34.64,0,False
2026-04-02 22:00:00+00:00,34.64,34.64,34.64,34.64,0.0,34.64,0,False
2026-04-02 23:00:00+00:00,34.64,34.64,34.64,34.64,0.0,34.64,0,False
2026-04-06 13:00:00+00:00,34.7,35.0,34.42,34.59,20301.0,34.7,54,False
2026-04-06 14:00:00+00:00,34.64,34.73,34.3,34.7,10191.0,34.589,70,True
2026-04-06 15:00:00+00:00,34.77,34.95,34.75,34.88,7898.0,34.878,67,True
2026-04-06 16:00:00+00:00,34.94,34.95,34.81,34.89,10218.0,34.876,70,True
2026-04-06 17:00:00+00:00,34.87,34.87,34.61,34.78,10692.0,34.783,99,True
2026-04-06 18:00:00+00:00,34.78,34.95,34.7,34.95,17925.0,34.823,117,True
2026-04-06 19:00:00+00:00,34.93,35.0,34.82,34.87,54105.0,34.894,375,True
2026-04-06 20:00:00+00:00,34.86,34.86,34.86,34.86,103577.0,34.86,5,False
2026-04-06 21:00:00+00:00,34.86,34.86,34.86,34.86,0.0,34.86,0,False
2026-04-06 22:00:00+00:00,34.86,34.86,34.86,34.86,0.0,34.86,0,False
2026-04-06 23:00:00+00:00,34.86,34.86,34.86,34.86,0.0,34.86,0,False
2026-04-07 13:00:00+00:00,35.36,35.36,34.31,34.46,23928.0,34.571,98,False
2026-04-07 14:00:00+00:00,34.42,34.7,34.29,34.49,29260.0,34.507,226,True
2026-04-07 15:00:00+00:00,34.45,34.55,34.25,34.49,30557.0,34.43,237,True
2026-04-07 16:00:00+00:00,34.56,35.01,34.53,34.64,26035.0,34.715,223,True
2026-04-07 17:00:00+00:00,34.63,34.94,34.6,34.74,17969.0,34.714,151,True
2026-04-07 18:00:00+00:00,34.74,34.74,34.43,34.51,24850.0,34.61,190,True
2026-04-07 19:00:00+00:00,34.51,35.13,34.5,35.05,121209.0,34.89,809,True
2026-04-07 20:00:00+00:00,35.03,35.03,35.03,35.03,140514.0,35.03,8,False
2026-04-07 21:00:00+00:00,34.33,34.33,34.33,34.33,100.0,34.33,1,False
2026-04-07 22:00:00+00:00,34.33,34.33,34.33,34.33,0.0,34.33,0,False
2026-04-07 23:00:00+00:00,34.33,34.33,34.33,34.33,0.0,34.33,0,False
2026-04-08 13:00:00+00:00,37.47,38.0,37.21,37.62,85613.0,37.597,301,False
2026-04-08 14:00:00+00:00,37.63,37.63,36.23,36.35,151302.0,36.886,745,True
2026-04-08 15:00:00+00:00,36.39,36.89,36.35,36.78,40089.0,36.615,269,True
2026-04-08 16:00:00+00:00,36.84,36.92,36.67,36.86,21744.0,36.794,177,True
2026-04-08 17:00:00+00:00,36.86,36.89,36.59,36.89,47910.0,36.758,226,True
2026-04-08 18:00:00+00:00,36.85,36.96,36.48,36.48,24060.0,36.744,199,True
2026-04-08 19:00:00+00:00,36.48,36.84,36.42,36.62,135875.0,36.646,957,True
2026-04-08 20:00:00+00:00,36.6,36.6,36.6,36.6,347276.0,36.6,7,False
2026-04-08 21:00:00+00:00,36.6,36.6,36.6,36.6,0.0,36.6,0,False
2026-04-08 22:00:00+00:00,36.6,36.6,36.6,36.6,0.0,36.6,0,False
2026-04-08 23:00:00+00:00,36.6,36.6,36.6,36.6,0.0,36.6,0,False
2026-04-09 13:00:00+00:00,36.36,37.0,35.98,36.77,45265.0,36.662,96,False
2026-04-09 14:00:00+00:00,36.72,36.87,36.3,36.8,110725.0,36.573,275,True
2026-04-09 15:00:00+00:00,36.8,37.19,36.68,37.16,41600.0,36.885,204,True
2026-04-09 16:00:00+00:00,37.16,37.69,37.13,37.69,38699.0,37.428,232,True
2026-04-09 17:00:00+00:00,37.74,37.95,37.65,37.81,69816.0,37.793,334,True
2026-04-09 18:00:00+00:00,37.8,37.81,37.5,37.7,43397.0,37.61,256,True
2026-04-09 19:00:00+00:00,37.68,37.9,37.61,37.8,144988.0,37.752,986,True
2026-04-09 20:00:00+00:00,37.82,37.82,37.82,37.82,270486.0,37.82,7,False
2026-04-09 21:00:00+00:00,37.82,37.82,37.82,37.82,0.0,37.82,0,False
2026-04-09 22:00:00+00:00,37.82,37.82,37.82,37.82,0.0,37.82,0,False
2026-04-09 23:00:00+00:00,37.82,37.82,37.82,37.82,0.0,37.82,0,False
2026-04-10 13:00:00+00:00,38.08,38.24,37.5,38.07,46866.0,37.975,200,False
2026-04-10 14:00:00+00:00,37.99,38.0,37.7,37.9,33932.0,37.856,289,True
2026-04-10 15:00:00+00:00,37.92,38.14,37.75,37.77,58808.0,37.976,221,True
2026-04-10 16:00:00+00:00,37.77,37.78,37.57,37.77,31756.0,37.703,239,True
2026-04-10 17:00:00+00:00,37.75,37.85,37.7,37.82,21699.0,37.759,195,True
2026-04-10 18:00:00+00:00,37.81,37.81,37.67,37.69,18794.0,37.759,167,True
2026-04-10 19:00:00+00:00,37.68,37.71,37.49,37.66,99715.0,37.624,744,True
2026-04-10 20:00:00+00:00,37.65,37.65,37.65,37.65,165371.0,37.65,7,False
2026-04-10 21:00:00+00:00,37.65,37.65,37.65,37.65,0.0,37.65,0,False
2026-04-10 22:00:00+00:00,37.65,37.65,37.65,37.65,0.0,37.65,0,False
2026-04-10 23:00:00+00:00,37.65,37.65,37.65,37.65,0.0,37.65,0,False
2026-04-13 11:00:00+00:00,36.71,36.71,36.71,36.71,400.0,36.71,2,False
2026-04-13 12:00:00+00:00,36.71,36.71,36.71,36.71,0.0,36.71,0,False
2026-04-13 13:00:00+00:00,37.22,37.62,37.08,37.29,24203.0,37.264,83,False
2026-04-13 14:00:00+00:00,37.34,37.46,37.01,37.32,45397.0,37.249,338,True
2026-04-13 15:00:00+00:00,37.34,37.45,37.23,37.42,38733.0,37.344,258,True
2026-04-13 16:00:00+00:00,37.39,38.01,37.34,37.94,45911.0,37.646,304,True
2026-04-13 17:00:00+00:00,37.94,37.95,37.79,37.8,24903.0,37.864,170,True
2026-04-13 18:00:00+00:00,37.8,38.29,37.8,38.17,63981.0,38.078,361,True
2026-04-13 19:00:00+00:00,38.17,38.25,37.9,38.24,235678.0,38.086,1416,True
2026-04-13 20:00:00+00:00,38.23,38.23,38.23,38.23,271265.0,38.23,4,False
2026-04-13 21:00:00+00:00,38.23,38.23,38.23,38.23,0.0,38.23,0,False
2026-04-13 22:00:00+00:00,38.23,38.23,38.23,38.23,0.0,38.23,0,False
2026-04-13 23:00:00+00:00,38.23,38.23,38.23,38.23,0.0,38.23,0,False
2026-04-14 13:00:00+00:00,38.53,38.53,37.99,38.5,46494.0,38.424,165,False
2026-04-14 14:00:00+00:00,38.45,39.54,38.37,39.41,953216.0,38.673,363,True
2026-04-14 15:00:00+00:00,39.37,39.37,38.99,39.02,72400.0,39.066,327,True
2026-04-14 16:00:00+00:00,39.02,39.3,38.94,39.27,81746.0,39.089,361,True
2026-04-14 17:00:00+00:00,39.25,39.57,39.23,39.51,59102.0,39.43,291,True
2026-04-14 18:00:00+00:00,39.53,39.71,39.48,39.6,65644.0,39.563,318,True
2026-04-14 19:00:00+00:00,39.59,39.69,39.19,39.29,205246.0,39.383,1101,True
2026-04-14 20:00:00+00:00,39.28,39.28,39.18,39.19,165844.0,39.279,6,False
2026-04-14 21:00:00+00:00,39.19,39.19,39.19,39.19,0.0,39.19,0,False
2026-04-14 22:00:00+00:00,39.19,39.19,39.19,39.19,0.0,39.19,0,False
2026-04-14 23:00:00+00:00,39.19,39.19,39.18,39.19,0.0,39.19,0,False
2026-04-15 13:00:00+00:00,39.2,39.82,38.91,39.36,29200.0,39.205,151,False
2026-04-15 14:00:00+00:00,39.27,39.28,38.94,39.06,55367.0,39.115,447,True
2026-04-15 15:00:00+00:00,39.07,39.56,39.0,39.39,53629.0,39.264,448,True
2026-04-15 16:00:00+00:00,39.36,39.57,39.3,39.43,150181.0,39.425,658,True
2026-04-15 17:00:00+00:00,39.45,39.81,39.44,39.81,59453.0,39.659,417,True
2026-04-15 18:00:00+00:00,39.79,40.08,39.79,40.03,704081.0,39.964,609,True
2026-04-15 19:00:00+00:00,40.05,40.25,39.39,39.81,236566.0,39.803,1578,True
2026-04-15 20:00:00+00:00,39.81,39.81,39.81,39.81,195408.0,39.81,6,False
2026-04-15 21:00:00+00:00,39.81,39.81,39.81,39.81,100.0,39.81,1,False
2026-04-15 22:00:00+00:00,39.81,39.81,39.81,39.81,0.0,39.81,0,False
2026-04-15 23:00:00+00:00,39.81,39.81,39.81,39.81,0.0,39.81,0,False
2026-04-16 13:00:00+00:00,39.59,40.0,39.01,39.57,29484.0,39.699,130,False
2026-04-16 14:00:00+00:00,39.41,39.5,38.98,39.34,89803.0,39.389,286,True
2026-04-16 15:00:00+00:00,39.34,39.39,39.11,39.39,55567.0,39.266,222,True
2026-04-16 16:00:00+00:00,39.37,39.42,39.22,39.36,27558.0,39.329,187,True
2026-04-16 17:00:00+00:00,39.35,39.37,38.98,39.01,151434.0,39.316,395,True
2026-04-16 18:00:00+00:00,39.01,39.23,38.83,39.12,121072.0,39.038,466,True
2026-04-16 19:00:00+00:00,39.15,39.54,38.97,39.22,1529035.0,39.201,1657,True
2026-04-16 20:00:00+00:00,39.23,39.23,39.23,39.23,237680.0,39.23,7,False
2026-04-16 21:00:00+00:00,39.23,39.23,39.23,39.23,0.0,39.23,0,False
2026-04-16 22:00:00+00:00,39.23,39.23,39.23,39.23,0.0,39.23,0,False
2026-04-16 23:00:00+00:00,39.23,39.23,39.23,39.23,0.0,39.23,0,False
2026-04-17 13:00:00+00:00,40.25,40.36,39.73,39.94,114536.0,40.207,301,False
2026-04-17 14:00:00+00:00,39.94,40.72,39.79,40.49,307601.0,40.338,1302,True
2026-04-17 15:00:00+00:00,40.46,40.79,40.22,40.67,92658.0,40.378,365,True
2026-04-17 16:00:00+00:00,40.66,40.83,40.47,40.47,35698.0,40.616,289,True
2026-04-17 17:00:00+00:00,40.46,40.55,39.93,40.18,40638.0,40.261,305,True
2026-04-17 18:00:00+00:00,40.17,40.24,39.73,39.91,30835.0,39.987,221,True
2026-04-17 19:00:00+00:00,39.89,40.41,39.84,40.29,240642.0,40.198,1576,True
2026-04-17 20:00:00+00:00,40.28,40.28,40.28,40.28,238950.0,40.28,5,False
2026-04-17 21:00:00+00:00,40.28,40.28,40.28,40.28,0.0,40.28,0,False
2026-04-17 22:00:00+00:00,40.28,40.28,40.28,40.28,0.0,40.28,0,False
2026-04-17 23:00:00+00:00,40.28,40.28,40.28,40.28,0.0,40.28,0,False
2026-04-20 13:00:00+00:00,39.9,40.38,39.9,40.13,10874.0,40.053,46,False
2026-04-20 14:00:00+00:00,40.11,40.31,39.89,40.01,616405.0,40.01,420,True
2026-04-20 15:00:00+00:00,40.05,40.43,40.02,40.42,67933.0,40.253,403,True
2026-04-20 16:00:00+00:00,40.4,40.45,40.08,40.3,26729.0,40.304,231,True
2026-04-20 17:00:00+00:00,40.31,40.31,40.14,40.16,29749.0,40.242,164,True
2026-04-20 18:00:00+00:00,40.16,40.43,40.06,40.34,63655.0,40.182,379,True
2026-04-20 19:00:00+00:00,40.34,40.34,39.82,39.96,85434.0,39.98,693,True
2026-04-20 20:00:00+00:00,39.97,39.97,39.96,39.97,146742.0,39.97,7,False
2026-04-20 21:00:00+00:00,39.97,39.97,39.97,39.97,0.0,39.97,0,False
2026-04-20 22:00:00+00:00,39.97,39.97,39.97,39.97,0.0,39.97,0,False
2026-04-20 23:00:00+00:00,39.97,39.97,39.97,39.97,0.0,39.97,0,False
2026-04-21 13:00:00+00:00,40.02,40.55,39.79,40.38,24243.0,40.19,114,False
2026-04-21 14:00:00+00:00,40.32,40.49,40.0,40.0,67887.0,40.276,295,True
2026-04-21 15:00:00+00:00,40.04,40.17,39.73,39.88,70844.0,39.912,223,True
2026-04-21 16:00:00+00:00,39.88,40.05,39.77,39.84,26986.0,39.881,202,True
2026-04-21 17:00:00+00:00,39.84,39.92,39.55,39.7,100360.0,39.717,488,True
2026-04-21 18:00:00+00:00,39.72,40.03,39.63,39.95,67363.0,39.784,309,True
2026-04-21 19:00:00+00:00,39.96,40.32,39.73,40.29,344780.0,40.07,1367,True
2026-04-21 20:00:00+00:00,40.27,40.28,40.06,40.07,248609.0,40.263,16,False
2026-04-21 21:00:00+00:00,40.07,40.07,40.07,40.07,0.0,40.07,0,False
2026-04-21 22:00:00+00:00,40.07,40.07,40.07,40.07,0.0,40.07,0,False
2026-04-21 23:00:00+00:00,40.07,40.07,40.06,40.07,0.0,40.07,0,False
2026-04-22 13:00:00+00:00,40.68,40.89,40.52,40.54,26737.0,40.695,110,False
2026-04-22 14:00:00+00:00,40.57,40.97,40.47,40.89,52581.0,40.745,257,True
2026-04-22 15:00:00+00:00,40.92,40.92,40.51,40.78,45700.0,40.753,253,True
2026-04-22 16:00:00+00:00,40.79,40.79,40.59,40.6,61241.0,40.684,246,True
2026-04-22 17:00:00+00:00,40.6,40.79,40.58,40.7,76270.0,40.664,258,True
2026-04-22 18:00:00+00:00,40.72,40.85,40.56,40.66,114434.0,40.762,421,True
2026-04-22 19:00:00+00:00,40.62,40.74,40.45,40.57,171023.0,40.586,1309,True
2026-04-22 20:00:00+00:00,40.57,40.57,40.57,40.57,155118.0,40.57,7,False
2026-04-22 21:00:00+00:00,40.57,40.57,40.57,40.57,0.0,40.57,0,False
2026-04-22 22:00:00+00:00,40.57,40.57,40.57,40.57,0.0,40.57,0,False
2026-04-22 23:00:00+00:00,40.57,40.57,40.57,40.57,0.0,40.57,0,False
2026-04-23 13:00:00+00:00,40.22,40.97,40.2,40.65,136763.0,40.65,48,False
2026-04-23 14:00:00+00:00,40.54,41.0,40.53,40.9,55919.0,40.766,203,True
2026-04-23 15:00:00+00:00,40.89,40.89,40.59,40.59,37196.0,40.749,273,True
2026-04-23 16:00:00+00:00,40.59,40.69,40.32,40.48,46426.0,40.456,336,True
2026-04-23 17:00:00+00:00,40.4,40.62,39.98,40.48,296103.0,40.301,1019,True
2026-04-23 18:00:00+00:00,40.5,40.9,40.44,40.71,328249.0,40.684,624,True
2026-04-23 19:00:00+00:00,40.68,40.81,40.44,40.64,105225.0,40.683,676,True
2026-04-23 20:00:00+00:00,40.63,40.63,40.63,40.63,116027.0,40.63,5,False
2026-04-23 21:00:00+00:00,40.63,40.63,40.63,40.63,0.0,40.63,0,False
2026-04-23 22:00:00+00:00,40.63,40.63,40.63,40.63,0.0,40.63,0,False
2026-04-23 23:00:00+00:00,40.63,40.63,40.63,40.63,0.0,40.63,0,False
2026-04-24 10:00:00+00:00,40.64,40.64,40.64,40.64,100.0,40.64,1,False
2026-04-24 11:00:00+00:00,40.64,40.64,40.64,40.64,376.0,40.64,2,False
2026-04-24 12:00:00+00:00,40.63,40.63,40.63,40.63,284.0,40.63,2,False
2026-04-24 13:00:00+00:00,40.73,41.01,40.11,40.37,51408.0,40.419,148,False
2026-04-24 14:00:00+00:00,40.37,40.5,40.15,40.42,124043.0,40.361,458,True
2026-04-24 15:00:00+00:00,40.44,40.88,40.4,40.82,25495.0,40.602,199,True
2026-04-24 16:00:00+00:00,40.8,40.96,40.67,40.72,82204.0,40.792,465,True
2026-04-24 17:00:00+00:00,40.72,40.74,40.43,40.62,60274.0,40.571,434,True
2026-04-24 18:00:00+00:00,40.63,40.73,40.54,40.71,84889.0,40.628,515,True
2026-04-24 19:00:00+00:00,40.71,41.15,40.65,41.02,512418.0,40.91,1077,True
2026-04-24 20:00:00+00:00,41.03,41.04,40.8,41.04,161591.0,41.002,8,False
2026-04-24 21:00:00+00:00,41.04,41.04,41.04,41.04,0.0,41.04,0,False
2026-04-24 22:00:00+00:00,41.04,41.04,41.04,41.04,0.0,41.04,0,False
2026-04-24 23:00:00+00:00,41.04,41.04,41.04,41.04,0.0,41.04,0,False
2026-04-27 13:00:00+00:00,41.13,41.67,40.63,40.9,23457.0,41.071,67,False
2026-04-27 14:00:00+00:00,40.76,40.94,40.29,40.3,33848.0,40.618,214,True
2026-04-27 15:00:00+00:00,40.33,40.45,40.2,40.45,20711.0,40.331,169,True
2026-04-27 16:00:00+00:00,40.45,40.45,40.33,40.39,19758.0,40.377,150,True
2026-04-27 17:00:00+00:00,40.37,40.45,40.25,40.39,28296.0,40.349,207,True
2026-04-27 18:00:00+00:00,40.4,40.52,40.32,40.38,26545.0,40.398,205,True
2026-04-27 19:00:00+00:00,40.38,40.6,40.33,40.46,218782.0,40.478,1166,True
2026-04-27 20:00:00+00:00,40.5,40.5,40.5,40.5,178618.0,40.5,7,False
2026-04-27 21:00:00+00:00,40.5,40.5,40.5,40.5,0.0,40.5,0,False
2026-04-27 22:00:00+00:00,40.5,40.5,40.5,40.5,0.0,40.5,0,False
2026-04-27 23:00:00+00:00,40.5,40.5,40.5,40.5,0.0,40.5,0,False
2026-04-28 13:00:00+00:00,40.53,40.8,40.13,40.27,27058.0,40.507,93,False
2026-04-28 14:00:00+00:00,40.11,40.3,39.75,40.08,128755.0,39.979,531,True
2026-04-28 15:00:00+00:00,40.12,40.24,40.05,40.18,40748.0,40.157,350,True
2026-04-28 16:00:00+00:00,40.2,40.27,40.11,40.24,27975.0,40.184,235,True
2026-04-28 17:00:00+00:00,40.25,40.5,40.2,40.5,43889.0,40.292,159,True
2026-04-28 18:00:00+00:00,40.5,40.67,40.37,40.55,69225.0,40.501,357,True
2026-04-28 19:00:00+00:00,40.53,40.78,40.45,40.75,187311.0,40.554,620,True
2026-04-28 20:00:00+00:00,40.74,40.74,40.42,40.42,201562.0,40.667,8,False
2026-04-28 21:00:00+00:00,40.42,40.42,40.42,40.42,0.0,40.42,0,False
2026-04-28 22:00:00+00:00,40.42,40.42,40.42,40.42,0.0,40.42,0,False
2026-04-28 23:00:00+00:00,40.42,40.43,40.42,40.42,0.0,40.42,0,False
2026-04-29 13:00:00+00:00,40.48,41.0,40.03,40.25,273565.0,40.262,97,False
2026-04-29 14:00:00+00:00,40.25,40.38,40.16,40.24,37911.0,40.254,235,True
2026-04-29 15:00:00+00:00,40.19,40.23,39.71,39.8,73685.0,39.959,483,True
2026-04-29 16:00:00+00:00,39.79,40.15,39.7,40.13,426751.0,40.01,1303,True
2026-04-29 17:00:00+00:00,40.1,40.28,40.03,40.14,53669.0,40.135,361,True
2026-04-29 18:00:00+00:00,40.12,40.12,39.44,39.49,223915.0,39.799,461,True
2026-04-29 19:00:00+00:00,39.53,39.99,39.47,39.95,238749.0,39.85,1648,True
2026-04-29 20:00:00+00:00,39.94,39.95,39.94,39.94,299084.0,39.94,6,False
2026-04-29 21:00:00+00:00,40.73,40.73,40.73,40.73,700.0,40.73,1,False
2026-04-29 22:00:00+00:00,40.73,40.73,40.73,40.73,0.0,40.73,0,False
2026-04-29 23:00:00+00:00,40.73,40.73,40.73,40.73,0.0,40.73,0,False
2026-04-30 13:00:00+00:00,40.17,40.44,40.1,40.18,25188.0,40.252,110,False
2026-04-30 14:00:00+00:00,40.23,40.76,40.23,40.74,35300.0,40.469,247,True
2026-04-30 15:00:00+00:00,40.76,40.94,40.56,40.76,71432.0,40.8,410,True
2026-04-30 16:00:00+00:00,40.77,40.96,40.7,40.8,40225.0,40.861,269,True
2026-04-30 17:00:00+00:00,40.84,41.21,40.78,41.05,40868.0,41.015,285,True
2026-04-30 18:00:00+00:00,41.04,41.27,41.0,41.25,39175.0,41.099,292,True
2026-04-30 19:00:00+00:00,41.25,41.72,41.23,41.35,164917.0,41.455,1153,True
2026-04-30 20:00:00+00:00,41.37,41.37,41.37,41.37,291163.0,41.37,6,False
2026-04-30 21:00:00+00:00,41.27,41.27,41.16,41.16,3128.0,41.17,4,False
2026-04-30 22:00:00+00:00,41.16,41.16,41.16,41.16,0.0,41.16,0,False
2026-04-30 23:00:00+00:00,41.16,41.16,41.16,41.16,0.0,41.16,0,False
2026-05-01 10:00:00+00:00,41.15,41.15,41.15,41.15,169.0,41.15,1,False
2026-05-01 11:00:00+00:00,41.15,41.15,41.15,41.15,0.0,41.15,0,False
2026-05-01 12:00:00+00:00,41.15,41.15,41.15,41.15,0.0,41.15,0,False
2026-05-01 13:00:00+00:00,41.29,41.48,40.82,41.29,40405.0,41.171,120,False
2026-05-01 14:00:00+00:00,41.3,41.41,40.86,40.86,29904.0,41.113,208,True
2026-05-01 15:00:00+00:00,40.81,41.38,40.74,41.24,48005.0,41.059,347,True
2026-05-01 16:00:00+00:00,41.2,41.24,40.96,41.06,18172.0,41.11,132,True
2026-05-01 17:00:00+00:00,41.05,41.23,40.92,40.98,36940.0,41.132,272,True
2026-05-01 18:00:00+00:00,40.96,41.09,40.7,40.7,157560.0,40.931,1169,True
2026-05-01 19:00:00+00:00,40.66,40.7,40.08,40.12,289031.0,40.286,1818,True
2026-05-01 20:00:00+00:00,40.14,40.14,40.14,40.14,181518.0,40.14,2,False
2026-05-01 21:00:00+00:00,40.14,40.14,40.14,40.14,0.0,40.14,0,False
2026-05-01 22:00:00+00:00,40.14,40.14,40.14,40.14,0.0,40.14,0,False
2026-05-01 23:00:00+00:00,40.14,40.14,40.14,40.14,0.0,40.14,0,False
2026-05-04 13:00:00+00:00,39.95,40.63,39.83,40.36,29727.0,40.051,107,False
2026-05-04 14:00:00+00:00,40.36,40.43,39.99,40.05,44361.0,40.187,182,True
2026-05-04 15:00:00+00:00,40.02,40.21,39.15,39.22,52863.0,39.523,337,True
2026-05-04 16:00:00+00:00,39.21,39.45,39.07,39.18,117240.0,39.29,506,True
2026-05-04 17:00:00+00:00,39.16,39.67,39.13,39.51,27000.0,39.44,213,True
2026-05-04 18:00:00+00:00,39.51,39.59,39.24,39.38,47428.0,39.329,345,True
2026-05-04 19:00:00+00:00,39.39,39.5,39.33,39.47,86351.0,39.412,565,True
2026-05-04 20:00:00+00:00,39.47,39.47,39.47,39.47,288081.0,39.47,8,False
2026-05-04 21:00:00+00:00,39.47,39.47,39.47,39.47,0.0,39.47,0,False
2026-05-04 22:00:00+00:00,39.47,39.47,39.47,39.47,0.0,39.47,0,False
2026-05-04 23:00:00+00:00,39.47,39.47,39.47,39.47,0.0,39.47,0,False
2026-05-05 13:00:00+00:00,39.86,40.14,39.73,39.84,17106.0,39.826,43,False
2026-05-05 14:00:00+00:00,39.94,40.28,39.86,40.27,22550.0,40.094,185,True
2026-05-05 15:00:00+00:00,40.32,40.33,40.02,40.06,21033.0,40.177,168,True
2026-05-05 16:00:00+00:00,40.05,40.1,39.97,39.98,13099.0,40.05,116,True
2026-05-05 17:00:00+00:00,39.96,40.12,39.91,40.02,25227.0,39.996,211,True
2026-05-05 18:00:00+00:00,40.06,40.18,40.0,40.14,33956.0,40.08,246,True
2026-05-05 19:00:00+00:00,40.16,40.34,40.15,40.33,67293.0,40.255,514,True
2026-05-05 20:00:00+00:00,40.34,40.34,40.34,40.34,136000.0,40.34,1,False
2026-05-05 21:00:00+00:00,40.34,40.34,40.34,40.34,0.0,40.34,0,False
2026-05-05 22:00:00+00:00,40.34,40.34,40.34,40.34,0.0,40.34,0,False
2026-05-05 23:00:00+00:00,40.34,40.34,40.34,40.34,0.0,40.34,0,False
2026-05-06 09:00:00+00:00,41.9,41.9,41.0,41.0,3100.0,41.871,2,False
2026-05-06 10:00:00+00:00,41.0,41.0,41.0,41.0,0.0,41.0,0,False
2026-05-06 11:00:00+00:00,41.0,41.0,41.0,41.0,0.0,41.0,0,False
2026-05-06 12:00:00+00:00,41.44,41.44,41.42,41.42,308.0,41.43,2,False
2026-05-06 13:00:00+00:00,40.6,41.54,40.6,40.84,39038.0,41.115,137,False
2026-05-06 14:00:00+00:00,40.95,41.27,40.81,41.24,23755.0,40.996,160,True
2026-05-06 15:00:00+00:00,41.34,41.59,41.2,41.22,31434.0,41.345,171,True
2026-05-06 16:00:00+00:00,41.21,41.26,41.03,41.08,23554.0,41.165,144,True
2026-05-06 17:00:00+00:00,41.06,41.15,41.01,41.05,14212.0,41.07,107,True
2026-05-06 18:00:00+00:00,41.03,41.21,41.01,41.17,26714.0,41.111,171,True
2026-05-06 19:00:00+00:00,41.17,41.3,40.95,41.09,66729.0,41.131,477,True
2026-05-06 20:00:00+00:00,41.1,41.1,41.1,41.1,114523.0,41.1,3,False
2026-05-06 21:00:00+00:00,41.1,41.1,41.1,41.1,0.0,41.1,0,False
2026-05-06 22:00:00+00:00,41.1,41.1,41.1,41.1,0.0,41.1,0,False
2026-05-06 23:00:00+00:00,41.1,41.1,41.1,41.1,0.0,41.1,0,False
2026-05-07 13:00:00+00:00,41.61,41.76,41.17,41.17,22845.0,41.429,77,False
2026-05-07 14:00:00+00:00,41.17,41.29,40.95,41.29,41184.0,41.135,214,True
2026-05-07 15:00:00+00:00,41.3,41.36,41.16,41.19,29450.0,41.269,171,True
2026-05-07 16:00:00+00:00,41.2,41.27,40.87,40.88,36174.0,41.135,214,True
2026-05-07 17:00:00+00:00,40.84,40.97,40.45,40.52,25400.0,40.708,180,True
2026-05-07 18:00:00+00:00,40.52,40.72,40.34,40.44,56707.0,40.538,295,True
2026-05-07 19:00:00+00:00,40.47,40.5,40.05,40.27,276805.0,40.257,1577,True
2026-05-07 20:00:00+00:00,40.3,40.3,40.3,40.3,139000.0,40.3,2,False
2026-05-07 21:00:00+00:00,40.3,40.3,40.3,40.3,0.0,40.3,0,False
2026-05-07 22:00:00+00:00,40.3,40.3,40.3,40.3,0.0,40.3,0,False
2026-05-07 23:00:00+00:00,40.3,40.3,40.3,40.3,0.0,40.3,0,False
2026-05-08 13:00:00+00:00,40.81,40.82,40.44,40.71,35627.0,40.666,140,False
2026-05-08 14:00:00+00:00,40.66,40.66,40.13,40.36,82225.0,40.336,504,True
2026-05-08 15:00:00+00:00,40.37,40.85,40.31,40.84,88561.0,40.679,582,True
2026-05-08 16:00:00+00:00,40.84,40.86,40.35,40.36,39921.0,40.553,305,True
2026-05-08 17:00:00+00:00,40.36,40.43,40.15,40.22,90678.0,40.293,646,True
2026-05-08 18:00:00+00:00,40.23,40.31,39.69,39.75,113682.0,40.02,694,True
2026-05-08 19:00:00+00:00,39.75,40.0,39.67,39.75,129158.0,39.824,941,True
2026-05-08 20:00:00+00:00,39.76,39.95,39.75,39.95,136429.0,39.75,8,False
2026-05-08 21:00:00+00:00,39.95,39.95,39.95,39.95,0.0,39.95,0,False
2026-05-08 22:00:00+00:00,39.95,39.95,39.95,39.95,0.0,39.95,0,False
2026-05-08 23:00:00+00:00,39.95,39.95,39.95,39.95,0.0,39.95,0,False
2026-05-11 10:00:00+00:00,40.75,40.75,40.75,40.75,2990.0,40.75,1,False
2026-05-11 11:00:00+00:00,39.75,40.75,39.54,40.25,4333.0,40.338,18,False
2026-05-11 12:00:00+00:00,40.25,40.25,40.0,40.0,484.0,40.052,4,False
2026-05-11 13:00:00+00:00,39.57,39.9,39.01,39.02,60730.0,39.464,316,False
2026-05-11 14:00:00+00:00,38.95,38.97,37.71,38.28,99314.0,38.255,755,True
2026-05-11 15:00:00+00:00,38.29,38.38,38.08,38.14,76201.0,38.202,563,True
2026-05-11 16:00:00+00:00,38.16,38.54,38.09,38.38,60689.0,38.341,447,True
2026-05-11 17:00:00+00:00,38.36,38.63,38.34,38.48,64348.0,38.47,454,True
2026-05-11 18:00:00+00:00,38.51,38.54,37.99,38.4,207047.0,38.248,1245,True
2026-05-11 19:00:00+00:00,38.38,38.38,37.36,37.48,292256.0,37.662,2114,True
2026-05-11 20:00:00+00:00,37.5,37.5,37.47,37.47,221961.0,37.47,2,False
2026-05-11 21:00:00+00:00,37.47,37.47,37.47,37.47,0.0,37.47,0,False
2026-05-11 22:00:00+00:00,37.47,37.47,37.47,37.47,0.0,37.47,0,False
2026-05-11 23:00:00+00:00,37.47,37.47,37.47,37.47,0.0,37.47,0,False
2026-05-12 08:00:00+00:00,37.48,37.48,37.48,37.48,100.0,37.48,1,False
2026-05-12 09:00:00+00:00,37.48,37.48,37.48,37.48,0.0,37.48,0,False
2026-05-12 10:00:00+00:00,37.48,37.48,37.48,37.48,0.0,37.48,0,False
2026-05-12 11:00:00+00:00,37.48,37.48,37.48,37.48,0.0,37.48,0,False
2026-05-12 12:00:00+00:00,37.48,37.48,37.48,37.48,0.0,37.48,0,False
2026-05-12 13:00:00+00:00,37.14,37.64,36.87,36.97,36897.0,37.307,177,False
2026-05-12 14:00:00+00:00,36.95,37.22,36.63,36.69,60247.0,36.939,420,True
2026-05-12 15:00:00+00:00,36.66,36.92,36.59,36.84,93129.0,36.696,655,True
2026-05-12 16:00:00+00:00,36.83,37.19,36.83,37.17,84544.0,37.022,563,True
2026-05-12 17:00:00+00:00,37.17,37.92,37.16,37.82,55081.0,37.637,468,True
2026-05-12 18:00:00+00:00,37.83,37.83,37.1,37.17,124678.0,37.298,1036,True
2026-05-12 19:00:00+00:00,37.17,37.37,36.65,36.69,473435.0,36.917,3160,True
2026-05-12 20:00:00+00:00,36.71,36.71,33.1,34.1,317745.0,36.412,205,False
2026-05-12 21:00:00+00:00,34.1,34.11,33.65,34.05,8026.0,34.009,46,False
2026-05-12 22:00:00+00:00,34.05,34.05,34.05,34.05,0.0,34.05,0,False
2026-05-12 23:00:00+00:00,33.44,33.48,33.44,33.45,2689.0,33.453,5,False
2026-05-13 08:00:00+00:00,34.05,34.05,34.05,34.05,100.0,34.05,1,False
2026-05-13 09:00:00+00:00,34.05,34.05,34.05,34.05,0.0,34.05,0,False
2026-05-13 10:00:00+00:00,34.05,34.05,34.05,34.05,0.0,34.05,0,False
2026-05-13 11:00:00+00:00,33.99,34.01,33.56,34.01,1291.0,33.816,8,False
2026-05-13 12:00:00+00:00,34.0,34.01,32.99,32.99,4907.0,33.922,21,False
2026-05-13 13:00:00+00:00,32.99,32.99,30.38,31.16,590204.0,31.195,2739,False
2026-05-13 14:00:00+00:00,31.25,32.31,30.97,31.38,993004.0,31.72,5783,True
2026-05-13 15:00:00+00:00,31.38,31.85,30.16,30.25,599101.0,31.053,3537,True
2026-05-13 16:00:00+00:00,30.25,30.59,30.0,30.29,342561.0,30.286,2013,True
2026-05-13 17:00:00+00:00,30.29,30.43,29.57,30.04,443778.0,30.022,2570,True
2026-05-13 18:00:00+00:00,30.03,31.04,30.0,30.97,517890.0,30.795,3071,True
2026-05-13 19:00:00+00:00,30.93,31.13,30.1,30.1,953762.0,30.499,5582,True
2026-05-13 20:00:00+00:00,30.11,30.11,30.11,30.11,370135.0,30.11,6,False
2026-05-13 21:00:00+00:00,30.71,30.72,30.71,30.71,1537.0,30.71,3,False
2026-05-13 22:00:00+00:00,30.75,30.75,30.71,30.72,1100.0,30.738,3,False
2026-05-13 23:00:00+00:00,30.72,30.72,30.22,30.22,1250.0,30.629,6,False
2026-05-14 11:00:00+00:00,30.3,30.3,30.3,30.3,100.0,30.3,1,False
2026-05-14 12:00:00+00:00,30.3,30.3,30.3,30.3,0.0,30.3,0,False
2026-05-14 13:00:00+00:00,30.46,31.32,30.1,30.79,213205.0,30.704,771,False
2026-05-14 14:00:00+00:00,30.76,31.04,30.14,30.56,556144.0,30.485,1160,True
2026-05-14 15:00:00+00:00,30.58,30.86,30.47,30.67,128320.0,30.665,912,True
2026-05-14 16:00:00+00:00,30.65,30.66,30.13,30.28,189797.0,30.378,1088,True
2026-05-14 17:00:00+00:00,30.28,30.42,30.2,30.2,67440.0,30.334,493,True
2026-05-14 18:00:00+00:00,30.25,30.34,30.01,30.05,97323.0,30.132,761,True
2026-05-14 19:00:00+00:00,30.06,30.21,29.97,30.07,503180.0,30.052,3418,True
2026-05-14 20:00:00+00:00,30.08,30.08,30.0,30.0,321087.0,30.08,11,False
2026-05-14 21:00:00+00:00,30.47,30.47,30.46,30.47,100.0,30.468,1,False
2026-05-14 22:00:00+00:00,30.47,30.47,30.47,30.47,0.0,30.47,0,False
2026-05-14 23:00:00+00:00,30.47,30.47,30.46,30.47,0.0,30.47,0,False
2026-05-15 12:00:00+00:00,29.6,29.62,29.6,29.62,613.0,29.604,3,False
2026-05-15 13:00:00+00:00,29.63,30.21,29.63,29.82,148695.0,29.946,553,False
2026-05-15 14:00:00+00:00,29.79,30.1,29.42,29.52,180213.0,29.873,806,True
2026-05-15 15:00:00+00:00,29.5,29.56,28.9,29.05,127543.0,29.188,655,True
2026-05-15 16:00:00+00:00,29.05,29.27,28.88,28.93,85269.0,29.015,446,True
2026-05-15 17:00:00+00:00,28.95,29.26,28.9,28.94,90015.0,29.058,510,True
2026-05-15 18:00:00+00:00,28.94,28.98,28.66,28.71,107910.0,28.807,604,True
2026-05-15 19:00:00+00:00,28.71,28.85,28.23,28.36,313698.0,28.432,2300,True
2026-05-15 20:00:00+00:00,28.35,28.35,28.35,28.35,405640.0,28.35,3,False
2026-05-15 21:00:00+00:00,28.25,28.25,28.25,28.25,900.0,28.25,1,False
2026-05-15 22:00:00+00:00,28.69,28.69,28.69,28.69,100.0,28.69,1,False
2026-05-15 23:00:00+00:00,28.69,28.69,28.69,28.69,0.0,28.69,0,False
