date,open,high,low,close,volume,average,barCount,is_rth
2025-11-17 10:00:00+00:00,285.0,285.0,285.0,285.0,100.0,285.0,1,False
2025-11-17 11:00:00+00:00,285.0,285.0,285.0,285.0,0.0,285.0,0,False
2025-11-17 12:00:00+00:00,285.0,285.0,285.0,285.0,0.0,285.0,0,False
2025-11-17 13:00:00+00:00,280.0,280.0,280.0,280.0,75.0,280.0,1,False
2025-11-17 14:00:00+00:00,278.82,285.42,274.42,281.7,17437.0,279.883,153,False
2025-11-17 15:00:00+00:00,281.7,283.12,274.81,275.41,26141.0,277.989,312,True
2025-11-17 16:00:00+00:00,275.96,279.42,270.93,279.42,25690.0,274.828,343,True
2025-11-17 17:00:00+00:00,278.91,279.09,275.56,276.31,8400.0,277.279,106,True
2025-11-17 18:00:00+00:00,276.38,276.77,269.25,270.37,13723.0,274.248,222,True
2025-11-17 19:00:00+00:00,270.36,270.63,266.25,267.11,29167.0,268.741,321,True
2025-11-17 20:00:00+00:00,266.86,269.62,265.19,268.66,52911.0,267.761,822,True
2025-11-17 21:00:00+00:00,268.85,268.85,268.85,268.85,37976.0,268.85,9,False
2025-11-17 22:00:00+00:00,270.0,270.0,270.0,270.0,50.0,270.0,1,False
2025-11-17 23:00:00+00:00,270.0,270.0,270.0,270.0,0.0,270.0,0,False
2025-11-18 00:00:00+00:00,271.0,271.0,271.0,271.0,40.0,271.0,1,False
2025-11-18 14:00:00+00:00,263.49,268.76,258.73,259.52,27534.0,262.065,292,False
2025-11-18 15:00:00+00:00,259.3,259.86,252.91,255.17,67934.0,256.34,881,True
2025-11-18 16:00:00+00:00,255.19,259.0,252.02,257.32,36063.0,256.491,506,True
2025-11-18 17:00:00+00:00,257.31,261.73,254.85,260.65,20104.0,257.656,309,True
2025-11-18 18:00:00+00:00,260.38,262.54,256.21,256.8,47020.0,259.987,689,True
2025-11-18 19:00:00+00:00,257.1,259.3,256.21,258.64,16446.0,257.918,239,True
2025-11-18 20:00:00+00:00,259.28,259.3,254.47,255.15,46393.0,256.232,743,True
2025-11-18 21:00:00+00:00,255.49,256.49,255.49,256.0,30008.0,255.494,11,False
2025-11-18 22:00:00+00:00,256.0,256.0,256.0,256.0,0.0,256.0,0,False
2025-11-18 23:00:00+00:00,256.0,256.0,256.0,256.0,0.0,256.0,0,False
2025-11-19 00:00:00+00:00,256.0,256.0,256.0,256.0,0.0,256.0,0,False
2025-11-19 09:00:00+00:00,256.04,256.05,256.04,256.05,80.0,256.045,2,False
2025-11-19 10:00:00+00:00,256.05,256.05,256.05,256.05,0.0,256.05,0,False
2025-11-19 11:00:00+00:00,256.05,256.05,256.05,256.05,0.0,256.05,0,False
2025-11-19 12:00:00+00:00,256.05,256.05,256.05,256.05,0.0,256.05,0,False
2025-11-19 13:00:00+00:00,260.0,260.0,256.51,256.51,386.0,259.632,3,False
2025-11-19 14:00:00+00:00,256.16,272.0,255.97,271.98,29449.0,266.028,402,False
2025-11-19 15:00:00+00:00,271.81,278.0,270.31,271.54,30758.0,274.928,454,True
2025-11-19 16:00:00+00:00,272.65,272.98,266.96,267.97,38157.0,269.419,474,True
2025-11-19 17:00:00+00:00,267.62,268.26,263.0,266.96,33707.0,265.6,405,True
2025-11-19 18:00:00+00:00,266.75,270.93,266.53,269.38,14040.0,268.894,214,True
2025-11-19 19:00:00+00:00,269.38,271.81,266.93,271.15,28239.0,269.936,356,True
2025-11-19 20:00:00+00:00,271.19,276.37,270.08,270.57,58813.0,273.33,881,True
2025-11-19 21:00:00+00:00,270.3,276.3,268.23,272.92,32932.0,270.302,13,False
2025-11-19 22:00:00+00:00,274.0,278.5,274.0,278.5,293.0,277.838,4,False
2025-11-19 23:00:00+00:00,278.5,278.5,278.5,278.5,50.0,278.5,1,False
2025-11-20 00:00:00+00:00,278.5,278.5,278.5,278.5,400.0,278.5,2,False
2025-11-20 12:00:00+00:00,281.49,281.49,281.49,281.49,183.0,281.49,3,False
2025-11-20 13:00:00+00:00,280.87,280.88,279.79,279.79,150.0,280.15,2,False
2025-11-20 14:00:00+00:00,284.31,287.67,278.53,284.58,38545.0,283.014,306,False
2025-11-20 15:00:00+00:00,285.67,285.89,275.08,275.08,36479.0,280.263,580,True
2025-11-20 16:00:00+00:00,275.99,277.22,260.62,261.86,52472.0,267.695,730,True
2025-11-20 17:00:00+00:00,263.82,265.13,256.62,258.14,27819.0,260.522,388,True
2025-11-20 18:00:00+00:00,256.5,266.05,256.5,258.13,16113.0,262.081,257,True
2025-11-20 19:00:00+00:00,258.13,260.01,255.48,259.85,10230.0,257.349,141,True
2025-11-20 20:00:00+00:00,260.51,260.51,251.16,252.1,40692.0,253.508,613,True
2025-11-20 21:00:00+00:00,252.76,253.81,252.76,253.81,33670.0,252.762,3,False
2025-11-20 22:00:00+00:00,256.69,256.69,256.68,256.69,40.0,256.685,1,False
2025-11-20 23:00:00+00:00,256.69,256.69,256.69,256.69,0.0,256.69,0,False
2025-11-21 00:00:00+00:00,256.69,256.69,256.68,256.69,0.0,256.68,0,False
2025-11-21 12:00:00+00:00,250.24,254.95,250.24,254.95,144.0,251.679,2,False
2025-11-21 13:00:00+00:00,254.0,260.0,254.0,260.0,92.0,257.261,2,False
2025-11-21 14:00:00+00:00,252.79,257.93,249.26,254.45,26485.0,253.315,192,False
2025-11-21 15:00:00+00:00,254.45,254.98,243.67,250.88,33611.0,249.281,447,True
2025-11-21 16:00:00+00:00,250.34,265.0,248.65,264.86,27867.0,258.876,337,True
2025-11-21 17:00:00+00:00,265.24,267.57,263.06,266.48,23089.0,264.955,294,True
2025-11-21 18:00:00+00:00,267.37,268.43,260.76,266.21,13646.0,264.604,231,True
2025-11-21 19:00:00+00:00,265.88,272.09,265.7,271.74,44570.0,270.746,505,True
2025-11-21 20:00:00+00:00,272.22,274.38,267.38,268.19,77929.0,270.477,903,True
2025-11-21 21:00:00+00:00,267.87,267.87,267.87,267.87,76356.0,267.87,3,False
2025-11-21 22:00:00+00:00,267.87,267.87,267.87,267.87,0.0,267.87,0,False
2025-11-21 23:00:00+00:00,267.87,267.87,267.87,267.87,0.0,267.87,0,False
2025-11-22 00:00:00+00:00,267.87,267.87,267.87,267.87,0.0,267.87,0,False
2025-11-24 09:00:00+00:00,268.52,268.99,268.52,268.99,297.0,268.754,2,False
2025-11-24 10:00:00+00:00,268.5,268.5,268.5,268.5,163.0,268.5,2,False
2025-11-24 11:00:00+00:00,268.5,268.5,268.5,268.5,0.0,268.5,0,False
2025-11-24 12:00:00+00:00,268.5,268.5,268.5,268.5,0.0,268.5,0,False
2025-11-24 13:00:00+00:00,268.5,268.5,268.5,268.5,0.0,268.5,0,False
2025-11-24 14:00:00+00:00,273.0,280.0,269.83,280.0,15949.0,273.261,125,False
2025-11-24 15:00:00+00:00,281.49,281.49,275.91,280.2,16272.0,279.609,192,True
2025-11-24 16:00:00+00:00,280.36,284.32,279.87,282.33,22266.0,281.608,286,True
2025-11-24 17:00:00+00:00,282.34,283.94,281.56,282.86,7685.0,282.86,88,True
2025-11-24 18:00:00+00:00,281.78,282.4,279.16,279.17,4428.0,280.778,82,True
2025-11-24 19:00:00+00:00,279.66,280.29,276.3,277.18,12927.0,278.359,209,True
2025-11-24 20:00:00+00:00,277.54,280.64,276.31,279.58,25615.0,278.961,362,True
2025-11-24 21:00:00+00:00,279.61,279.61,279.61,279.61,55100.0,279.61,6,False
2025-11-24 22:00:00+00:00,279.61,279.61,279.61,279.61,0.0,279.61,0,False
2025-11-24 23:00:00+00:00,279.61,279.61,279.61,279.61,0.0,279.61,0,False
2025-11-25 00:00:00+00:00,279.61,279.61,279.61,279.61,350.0,279.61,1,False
2025-11-25 09:00:00+00:00,278.98,278.98,278.98,278.98,119.0,278.98,1,False
2025-11-25 10:00:00+00:00,278.06,278.06,278.06,278.06,118.0,278.06,1,False
2025-11-25 11:00:00+00:00,278.06,278.06,278.06,278.06,0.0,278.06,0,False
2025-11-25 12:00:00+00:00,278.06,278.06,278.06,278.06,0.0,278.06,0,False
2025-11-25 13:00:00+00:00,278.06,278.06,278.06,278.06,0.0,278.06,0,False
2025-11-25 14:00:00+00:00,279.61,279.61,264.79,272.15,18142.0,273.62,194,False
2025-11-25 15:00:00+00:00,271.89,277.9,267.0,276.5,11080.0,272.537,186,True
2025-11-25 16:00:00+00:00,275.9,277.93,273.44,276.37,8220.0,276.059,155,True
2025-11-25 17:00:00+00:00,277.35,281.79,276.68,279.63,10161.0,279.385,158,True
2025-11-25 18:00:00+00:00,279.76,281.76,277.85,279.41,9247.0,279.338,162,True
2025-11-25 19:00:00+00:00,279.63,282.0,277.83,282.0,9047.0,279.443,158,True
2025-11-25 20:00:00+00:00,283.43,289.43,281.52,286.63,54810.0,286.726,891,True
2025-11-25 21:00:00+00:00,286.64,286.64,286.64,286.64,25929.0,286.64,1,False
2025-11-25 22:00:00+00:00,286.64,286.64,286.64,286.64,0.0,286.64,0,False
2025-11-25 23:00:00+00:00,286.64,286.64,286.64,286.64,0.0,286.64,0,False
2025-11-26 00:00:00+00:00,286.64,286.64,286.64,286.64,0.0,286.64,0,False
2025-11-26 14:00:00+00:00,286.77,288.66,284.28,287.46,21865.0,286.294,229,False
2025-11-26 15:00:00+00:00,287.46,292.9,284.46,292.87,14389.0,288.06,172,True
2025-11-26 16:00:00+00:00,292.23,295.65,291.18,291.67,8761.0,292.55,151,True
2025-11-26 17:00:00+00:00,292.44,293.43,289.07,289.93,6658.0,290.724,138,True
2025-11-26 18:00:00+00:00,289.93,293.01,288.41,292.17,5913.0,290.91,100,True
2025-11-26 19:00:00+00:00,292.16,295.13,291.88,295.0,15863.0,294.013,232,True
2025-11-26 20:00:00+00:00,294.36,295.83,288.46,289.71,43724.0,291.216,767,True
2025-11-26 21:00:00+00:00,289.29,289.29,289.01,289.01,69325.0,289.29,16,False
2025-11-26 22:00:00+00:00,289.01,289.01,289.01,289.01,0.0,289.01,0,False
2025-11-26 23:00:00+00:00,289.01,289.01,289.01,289.01,0.0,289.01,0,False
2025-11-27 00:00:00+00:00,289.01,289.01,289.01,289.01,0.0,289.01,0,False
2025-11-28 14:00:00+00:00,294.99,300.0,292.67,299.52,16949.0,297.628,201,False
2025-11-28 15:00:00+00:00,298.74,301.53,294.72,295.13,31701.0,298.29,400,True
2025-11-28 16:00:00+00:00,294.75,296.32,294.07,295.17,8384.0,295.134,164,True
2025-11-28 17:00:00+00:00,295.33,297.7,293.2,297.31,17365.0,295.356,306,True
2025-11-28 18:00:00+00:00,297.7,297.7,297.7,297.7,14954.0,297.7,1,True
2025-11-28 19:00:00+00:00,297.7,297.7,297.7,297.7,0.0,297.7,0,True
2025-11-28 20:00:00+00:00,297.7,297.7,297.7,297.7,0.0,297.7,0,True
2025-11-28 21:00:00+00:00,297.7,297.7,297.7,297.7,0.0,297.7,0,False
2025-12-01 12:00:00+00:00,290.0,290.0,290.0,290.0,41.0,290.0,1,False
2025-12-01 13:00:00+00:00,289.91,292.0,289.49,292.0,231.0,290.282,4,False
2025-12-01 14:00:00+00:00,289.61,294.43,284.32,289.25,29522.0,288.787,203,False
2025-12-01 15:00:00+00:00,288.62,293.08,287.87,291.07,20730.0,290.652,262,True
2025-12-01 16:00:00+00:00,290.28,294.99,285.61,293.9,57209.0,289.58,676,True
2025-12-01 17:00:00+00:00,294.0,296.8,291.2,294.86,53845.0,293.583,603,True
2025-12-01 18:00:00+00:00,294.52,294.91,290.79,291.5,14127.0,292.726,192,True
2025-12-01 19:00:00+00:00,291.35,291.83,288.24,290.61,14516.0,289.97,227,True
2025-12-01 20:00:00+00:00,290.43,290.91,286.64,287.4,32239.0,288.459,530,True
2025-12-01 21:00:00+00:00,287.11,287.11,287.11,287.11,43565.0,287.11,18,False
2025-12-01 22:00:00+00:00,287.11,287.11,287.11,287.11,0.0,287.11,0,False
2025-12-01 23:00:00+00:00,287.11,287.11,287.11,287.11,0.0,287.11,0,False
2025-12-02 00:00:00+00:00,287.11,287.11,287.11,287.11,0.0,287.11,0,False
2025-12-02 11:00:00+00:00,291.0,291.0,291.0,291.0,149.0,291.0,1,False
2025-12-02 12:00:00+00:00,290.99,290.99,290.99,290.99,145.0,290.99,1,False
2025-12-02 13:00:00+00:00,290.11,290.11,290.11,290.11,40.0,290.11,1,False
2025-12-02 14:00:00+00:00,293.68,300.62,290.17,298.68,12657.0,297.631,140,False
2025-12-02 15:00:00+00:00,300.0,310.0,288.89,304.58,71583.0,300.057,954,True
2025-12-02 16:00:00+00:00,303.66,306.97,301.92,303.76,19246.0,304.282,264,True
2025-12-02 17:00:00+00:00,302.22,303.4,297.61,298.72,15356.0,300.452,208,True
2025-12-02 18:00:00+00:00,297.93,303.81,297.87,302.4,26864.0,300.846,324,True
2025-12-02 19:00:00+00:00,303.1,304.42,302.53,303.78,8105.0,303.492,120,True
2025-12-02 20:00:00+00:00,304.05,308.24,302.44,308.01,60183.0,306.09,869,True
2025-12-02 21:00:00+00:00,307.9,307.9,307.9,307.9,67888.0,307.9,6,False
2025-12-02 22:00:00+00:00,307.9,307.9,307.9,307.9,0.0,307.9,0,False
2025-12-02 23:00:00+00:00,307.9,307.9,307.9,307.9,0.0,307.9,0,False
2025-12-03 00:00:00+00:00,307.9,307.9,307.9,307.9,0.0,307.9,0,False
2025-12-03 09:00:00+00:00,311.0,311.0,311.0,311.0,112.0,311.0,1,False
2025-12-03 10:00:00+00:00,311.0,311.0,311.0,311.0,0.0,311.0,0,False
2025-12-03 11:00:00+00:00,311.0,311.0,311.0,311.0,0.0,311.0,0,False
2025-12-03 12:00:00+00:00,311.0,311.0,311.0,311.0,0.0,311.0,0,False
2025-12-03 13:00:00+00:00,312.0,312.0,311.28,311.28,266.0,311.729,2,False
2025-12-03 14:00:00+00:00,313.0,322.57,307.1,319.66,105879.0,317.47,853,False
2025-12-03 15:00:00+00:00,319.66,332.0,319.66,328.49,117368.0,327.165,1216,True
2025-12-03 16:00:00+00:00,328.5,334.32,328.49,334.31,57188.0,331.834,807,True
2025-12-03 17:00:00+00:00,334.06,342.13,332.64,341.44,28361.0,337.246,446,True
2025-12-03 18:00:00+00:00,341.44,348.0,341.44,345.72,68725.0,344.752,608,True
2025-12-03 19:00:00+00:00,346.4,349.0,342.72,346.82,50505.0,344.988,493,True
2025-12-03 20:00:00+00:00,347.0,348.99,344.36,346.5,73082.0,346.244,1107,True
2025-12-03 21:00:00+00:00,346.5,346.5,346.5,346.5,43349.0,346.5,20,False
2025-12-03 22:00:00+00:00,346.5,346.5,346.5,346.5,0.0,346.5,0,False
2025-12-03 23:00:00+00:00,346.5,346.5,346.5,346.5,0.0,346.5,0,False
2025-12-04 00:00:00+00:00,346.5,346.5,346.5,346.5,0.0,346.5,0,False
2025-12-04 09:00:00+00:00,346.61,346.61,346.61,346.61,148.0,346.61,1,False
2025-12-04 10:00:00+00:00,346.61,346.61,346.61,346.61,0.0,346.61,0,False
2025-12-04 11:00:00+00:00,346.9,346.9,346.9,346.9,132.0,346.9,1,False
2025-12-04 12:00:00+00:00,346.9,346.9,346.9,346.9,0.0,346.9,0,False
2025-12-04 13:00:00+00:00,348.76,348.76,348.42,348.43,153.0,348.629,2,False
2025-12-04 14:00:00+00:00,342.8,350.0,340.1,345.79,27274.0,345.391,305,False
2025-12-04 15:00:00+00:00,345.22,356.49,344.83,356.0,71443.0,351.658,832,True
2025-12-04 16:00:00+00:00,357.09,363.85,355.44,360.58,92552.0,361.826,1000,True
2025-12-04 17:00:00+00:00,360.5,367.11,360.5,366.33,86010.0,363.557,889,True
2025-12-04 18:00:00+00:00,366.23,367.41,364.27,365.56,39453.0,365.797,533,True
2025-12-04 19:00:00+00:00,365.53,367.06,360.51,366.44,62825.0,364.621,749,True
2025-12-04 20:00:00+00:00,366.9,367.0,349.71,350.49,81981.0,357.291,1147,True
2025-12-04 21:00:00+00:00,350.49,350.49,350.49,350.49,31241.0,350.49,11,False
2025-12-04 22:00:00+00:00,349.55,349.55,349.54,349.55,75.0,349.545,1,False
2025-12-04 23:00:00+00:00,349.55,349.55,349.55,349.55,0.0,349.55,0,False
2025-12-05 00:00:00+00:00,349.55,349.55,349.54,349.55,0.0,349.55,0,False
2025-12-05 13:00:00+00:00,349.0,349.0,348.6,348.6,240.0,348.667,2,False
2025-12-05 14:00:00+00:00,351.85,354.76,344.47,349.91,34923.0,350.176,316,False
2025-12-05 15:00:00+00:00,350.02,354.61,348.83,349.94,24960.0,351.609,351,True
2025-12-05 16:00:00+00:00,350.54,350.99,345.31,347.4,49580.0,347.868,695,True
2025-12-05 17:00:00+00:00,346.67,355.42,346.43,354.65,40556.0,350.72,459,True
2025-12-05 18:00:00+00:00,354.35,356.21,353.66,354.43,10609.0,354.548,187,True
2025-12-05 19:00:00+00:00,354.39,356.49,351.55,355.96,18979.0,354.416,320,True
2025-12-05 20:00:00+00:00,355.9,357.31,350.39,352.3,45324.0,353.743,769,True
2025-12-05 21:00:00+00:00,352.05,352.05,352.05,352.05,72486.0,352.05,10,False
2025-12-05 22:00:00+00:00,352.05,352.05,352.05,352.05,0.0,352.05,0,False
2025-12-05 23:00:00+00:00,352.99,352.99,352.99,352.99,155.0,352.99,1,False
2025-12-06 00:00:00+00:00,352.99,352.99,352.99,352.99,0.0,352.99,0,False
2025-12-08 13:00:00+00:00,360.0,360.0,360.0,360.0,71.0,360.0,1,False
2025-12-08 14:00:00+00:00,360.46,363.5,355.68,361.2,13747.0,360.064,182,False
2025-12-08 15:00:00+00:00,360.15,362.65,356.88,358.36,14714.0,360.384,188,True
2025-12-08 16:00:00+00:00,357.04,360.82,355.86,357.39,9524.0,357.668,148,True
2025-12-08 17:00:00+00:00,356.72,362.91,356.26,361.56,23008.0,358.323,265,True
2025-12-08 18:00:00+00:00,361.91,366.0,361.62,363.47,28671.0,363.509,388,True
2025-12-08 19:00:00+00:00,362.74,364.55,361.86,363.72,16739.0,363.328,268,True
2025-12-08 20:00:00+00:00,363.85,366.3,359.97,361.95,44725.0,363.125,669,True
2025-12-08 21:00:00+00:00,361.95,361.95,361.95,361.95,38417.0,361.95,5,False
2025-12-08 22:00:00+00:00,368.0,368.0,368.0,368.0,100.0,368.0,1,False
2025-12-08 23:00:00+00:00,368.0,368.0,368.0,368.0,0.0,368.0,0,False
2025-12-09 00:00:00+00:00,368.0,368.0,368.0,368.0,0.0,368.0,0,False
2025-12-09 14:00:00+00:00,357.92,364.33,357.92,359.94,9654.0,360.13,81,False
2025-12-09 15:00:00+00:00,358.86,364.53,356.67,363.35,18090.0,360.727,202,True
2025-12-09 16:00:00+00:00,363.33,366.35,363.33,363.6,22481.0,365.006,293,True
2025-12-09 17:00:00+00:00,362.69,366.5,361.39,366.18,10694.0,364.801,136,True
2025-12-09 18:00:00+00:00,365.75,367.52,364.46,366.38,9280.0,365.825,122,True
2025-12-09 19:00:00+00:00,366.26,370.02,365.25,370.02,9398.0,368.164,159,True
2025-12-09 20:00:00+00:00,370.02,372.12,365.57,366.64,40148.0,369.239,551,True
2025-12-09 21:00:00+00:00,366.49,366.49,366.49,366.49,28276.0,366.49,6,False
2025-12-09 22:00:00+00:00,366.49,366.49,366.49,366.49,0.0,366.49,0,False
2025-12-09 23:00:00+00:00,366.49,366.49,366.49,366.49,0.0,366.49,0,False
2025-12-10 00:00:00+00:00,366.49,366.49,366.49,366.49,0.0,366.49,0,False
2025-12-10 14:00:00+00:00,364.64,373.76,364.64,372.06,17994.0,369.511,135,False
2025-12-10 15:00:00+00:00,372.06,375.09,368.04,373.36,65704.0,370.764,359,True
2025-12-10 16:00:00+00:00,373.36,375.2,369.5,371.23,18782.0,373.049,245,True
2025-12-10 17:00:00+00:00,371.8,372.42,369.39,371.0,16099.0,370.564,203,True
2025-12-10 18:00:00+00:00,371.41,372.69,368.98,369.49,21743.0,371.683,261,True
2025-12-10 19:00:00+00:00,370.03,380.7,370.03,379.54,24013.0,374.378,355,True
2025-12-10 20:00:00+00:00,380.1,381.41,374.68,376.56,40817.0,377.546,620,True
2025-12-10 21:00:00+00:00,376.36,376.36,376.36,376.36,49614.0,376.36,5,False
2025-12-10 22:00:00+00:00,376.36,376.36,376.36,376.36,0.0,376.36,0,False
2025-12-10 23:00:00+00:00,376.0,376.0,375.88,375.89,160.0,375.945,2,False
2025-12-11 00:00:00+00:00,375.89,375.89,375.88,375.89,0.0,375.89,0,False
2025-12-11 13:00:00+00:00,371.74,371.74,371.74,371.74,92.0,371.74,1,False
2025-12-11 14:00:00+00:00,373.23,377.53,368.28,376.64,105829.0,373.405,1015,False
2025-12-11 15:00:00+00:00,377.01,387.03,374.29,379.57,47783.0,380.332,462,True
2025-12-11 16:00:00+00:00,380.62,381.13,374.98,380.29,69021.0,378.792,339,True
2025-12-11 17:00:00+00:00,380.32,386.5,380.32,380.37,14391.0,383.171,178,True
2025-12-11 18:00:00+00:00,380.56,385.69,380.21,385.5,10949.0,382.688,171,True
2025-12-11 19:00:00+00:00,385.99,386.39,383.91,385.25,16104.0,385.446,253,True
2025-12-11 20:00:00+00:00,385.58,387.52,383.5,385.84,60905.0,385.29,649,True
2025-12-11 21:00:00+00:00,385.61,385.61,385.61,385.61,73736.0,385.61,3,False
2025-12-11 22:00:00+00:00,385.61,385.61,385.61,385.61,0.0,385.61,0,False
2025-12-11 23:00:00+00:00,385.61,385.61,385.61,385.61,0.0,385.61,0,False
2025-12-12 00:00:00+00:00,385.61,385.61,385.61,385.61,0.0,385.61,0,False
2025-12-12 14:00:00+00:00,384.65,386.0,378.57,383.31,21359.0,382.966,175,False
2025-12-12 15:00:00+00:00,382.49,382.49,364.4,366.97,65517.0,375.629,547,True
2025-12-12 16:00:00+00:00,367.87,368.7,357.31,365.17,32726.0,362.3,494,True
2025-12-12 17:00:00+00:00,366.13,371.41,366.13,369.14,51634.0,369.39,661,True
2025-12-12 18:00:00+00:00,368.82,372.88,368.62,369.96,32189.0,370.738,449,True
2025-12-12 19:00:00+00:00,369.44,369.63,363.9,366.15,30466.0,365.971,275,True
2025-12-12 20:00:00+00:00,366.15,368.14,360.02,362.35,72005.0,362.425,1114,True
2025-12-12 21:00:00+00:00,362.53,362.67,361.05,361.05,58936.0,362.058,7,False
2025-12-12 22:00:00+00:00,362.1,362.1,362.1,362.1,285.0,362.1,1,False
2025-12-12 23:00:00+00:00,362.1,362.1,362.1,362.1,0.0,362.1,0,False
2025-12-13 00:00:00+00:00,362.1,362.1,362.1,362.1,0.0,362.1,0,False
2025-12-15 13:00:00+00:00,365.5,367.83,365.5,367.83,544.0,366.556,6,False
2025-12-15 14:00:00+00:00,372.98,377.64,364.28,365.19,18457.0,371.127,184,False
2025-12-15 15:00:00+00:00,364.35,369.68,361.16,367.77,25989.0,365.677,336,True
2025-12-15 16:00:00+00:00,367.77,372.81,367.04,371.29,17473.0,370.474,229,True
2025-12-15 17:00:00+00:00,372.24,373.83,369.6,370.56,18270.0,372.095,229,True
2025-12-15 18:00:00+00:00,370.68,371.01,366.55,370.42,24091.0,369.09,237,True
2025-12-15 19:00:00+00:00,370.42,372.11,360.49,365.59,50574.0,368.951,509,True
2025-12-15 20:00:00+00:00,365.58,368.35,362.0,363.09,37615.0,365.335,624,True
2025-12-15 21:00:00+00:00,363.43,364.01,355.0,363.25,40967.0,363.224,15,False
2025-12-15 22:00:00+00:00,363.25,363.25,363.25,363.25,0.0,363.25,0,False
2025-12-15 23:00:00+00:00,363.25,363.25,363.25,363.25,0.0,363.25,0,False
2025-12-16 00:00:00+00:00,363.25,363.25,363.25,363.25,0.0,363.25,0,False
2025-12-16 13:00:00+00:00,350.0,364.25,350.0,360.5,613.0,357.168,6,False
2025-12-16 14:00:00+00:00,356.94,367.82,353.58,365.98,7921.0,362.248,74,False
2025-12-16 15:00:00+00:00,364.65,366.49,356.46,365.16,36017.0,362.34,406,True
2025-12-16 16:00:00+00:00,365.68,365.68,361.26,363.44,19791.0,363.562,255,True
2025-12-16 17:00:00+00:00,363.02,364.28,359.64,360.92,20266.0,362.759,278,True
2025-12-16 18:00:00+00:00,360.92,363.75,359.36,361.99,12897.0,362.064,199,True
2025-12-16 19:00:00+00:00,361.33,362.34,359.69,361.17,11748.0,360.796,189,True
2025-12-16 20:00:00+00:00,361.57,365.66,361.45,363.62,21988.0,363.93,322,True
2025-12-16 21:00:00+00:00,363.6,363.6,363.6,363.6,41883.0,363.6,14,False
2025-12-16 22:00:00+00:00,363.6,363.6,363.6,363.6,0.0,363.6,0,False
2025-12-16 23:00:00+00:00,363.6,363.6,363.6,363.6,0.0,363.6,0,False
2025-12-17 00:00:00+00:00,363.6,363.6,363.6,363.6,0.0,363.6,0,False
2025-12-17 14:00:00+00:00,365.42,370.92,364.12,369.29,8628.0,367.957,106,False
2025-12-17 15:00:00+00:00,370.56,374.71,363.54,366.43,61363.0,367.872,609,True
2025-12-17 16:00:00+00:00,366.4,369.29,351.22,353.07,35359.0,361.247,519,True
2025-12-17 17:00:00+00:00,355.1,358.0,353.16,355.79,24455.0,355.893,307,True
2025-12-17 18:00:00+00:00,356.54,358.54,349.0,352.48,16747.0,352.694,197,True
2025-12-17 19:00:00+00:00,353.53,353.59,349.0,349.17,25376.0,351.337,255,True
2025-12-17 20:00:00+00:00,349.85,360.6,346.3,356.12,119703.0,354.761,1605,True
2025-12-17 21:00:00+00:00,356.09,356.09,353.0,353.0,63347.0,356.076,13,False
2025-12-17 22:00:00+00:00,353.0,353.0,353.0,353.0,0.0,353.0,0,False
2025-12-17 23:00:00+00:00,353.0,353.0,353.0,353.0,0.0,353.0,0,False
2025-12-18 00:00:00+00:00,353.0,353.0,353.0,353.0,0.0,353.0,0,False
2025-12-18 13:00:00+00:00,359.4,370.0,359.4,370.0,1140.0,369.498,7,False
2025-12-18 14:00:00+00:00,374.31,379.19,370.0,376.76,16401.0,375.74,206,False
2025-12-18 15:00:00+00:00,376.88,379.28,366.12,371.91,29867.0,374.166,442,True
2025-12-18 16:00:00+00:00,373.43,373.43,366.18,368.28,12729.0,369.271,208,True
2025-12-18 17:00:00+00:00,366.87,369.0,360.52,366.37,9296.0,364.908,156,True
2025-12-18 18:00:00+00:00,366.25,369.2,363.79,365.86,11828.0,366.208,184,True
2025-12-18 19:00:00+00:00,365.7,366.37,360.15,360.91,13520.0,363.982,204,True
2025-12-18 20:00:00+00:00,361.05,365.33,356.26,357.8,65853.0,359.666,914,True
2025-12-18 21:00:00+00:00,358.73,358.79,352.91,358.79,39030.0,358.697,11,False
2025-12-18 22:00:00+00:00,356.3,356.3,356.29,356.3,100.0,356.295,1,False
2025-12-18 23:00:00+00:00,356.3,356.3,356.3,356.3,0.0,356.3,0,False
2025-12-19 00:00:00+00:00,356.3,356.3,356.29,356.3,0.0,356.3,0,False
2025-12-19 14:00:00+00:00,361.17,375.97,361.17,374.3,27151.0,366.255,159,False
2025-12-19 15:00:00+00:00,376.0,379.0,370.01,370.52,20758.0,374.77,355,True
2025-12-19 16:00:00+00:00,370.0,376.0,370.0,371.35,8359.0,373.291,155,True
2025-12-19 17:00:00+00:00,372.08,375.61,371.8,372.13,10337.0,373.213,173,True
2025-12-19 18:00:00+00:00,371.81,375.12,371.18,375.12,8546.0,373.432,180,True
2025-12-19 19:00:00+00:00,375.03,375.03,370.8,371.22,5343.0,372.557,107,True
2025-12-19 20:00:00+00:00,370.78,371.91,364.47,365.99,99124.0,367.903,1216,True
2025-12-19 21:00:00+00:00,366.61,366.61,366.61,366.61,162352.0,366.61,4,False
2025-12-19 22:00:00+00:00,365.0,365.0,365.0,365.0,53.0,365.0,1,False
2025-12-19 23:00:00+00:00,365.0,365.0,365.0,365.0,0.0,365.0,0,False
2025-12-20 00:00:00+00:00,365.0,365.0,365.0,365.0,0.0,365.0,0,False
2025-12-22 12:00:00+00:00,375.0,375.0,375.0,375.0,50.0,375.0,1,False
2025-12-22 13:00:00+00:00,375.0,375.0,375.0,375.0,0.0,375.0,0,False
2025-12-22 14:00:00+00:00,374.0,378.77,372.43,375.59,15734.0,375.896,217,False
2025-12-22 15:00:00+00:00,375.59,380.8,375.29,380.0,23605.0,378.426,389,True
2025-12-22 16:00:00+00:00,380.0,382.5,378.04,380.92,10315.0,380.229,167,True
2025-12-22 17:00:00+00:00,381.02,382.31,379.91,382.22,7291.0,380.945,134,True
2025-12-22 18:00:00+00:00,382.48,385.48,380.0,382.62,15990.0,382.564,231,True
2025-12-22 19:00:00+00:00,382.77,385.08,380.32,380.6,13334.0,383.592,233,True
2025-12-22 20:00:00+00:00,380.46,382.82,374.7,376.5,34613.0,377.933,644,True
2025-12-22 21:00:00+00:00,376.5,376.5,376.5,376.5,111176.0,376.5,5,False
2025-12-22 22:00:00+00:00,376.5,376.5,376.5,376.5,0.0,376.5,0,False
2025-12-22 23:00:00+00:00,376.5,376.5,376.5,376.5,0.0,376.5,0,False
2025-12-23 00:00:00+00:00,376.5,376.5,376.5,376.5,0.0,376.5,0,False
2025-12-23 12:00:00+00:00,376.19,376.19,376.19,376.19,40.0,376.19,1,False
2025-12-23 13:00:00+00:00,375.2,375.2,375.2,375.2,135.0,375.2,1,False
2025-12-23 14:00:00+00:00,375.74,377.78,372.52,376.43,10950.0,375.281,134,False
2025-12-23 15:00:00+00:00,374.16,378.99,371.94,375.03,23667.0,375.006,345,True
2025-12-23 16:00:00+00:00,374.19,374.69,369.68,373.17,9534.0,371.975,159,True
2025-12-23 17:00:00+00:00,372.96,378.99,372.25,378.31,16418.0,376.119,254,True
2025-12-23 18:00:00+00:00,378.31,378.51,375.71,378.51,14750.0,377.454,229,True
2025-12-23 19:00:00+00:00,378.51,380.92,378.51,379.96,9956.0,379.647,170,True
2025-12-23 20:00:00+00:00,380.4,383.65,379.96,382.62,17643.0,382.224,320,True
2025-12-23 21:00:00+00:00,381.83,383.43,381.83,383.43,28130.0,381.834,8,False
2025-12-23 22:00:00+00:00,382.6,382.6,382.6,382.6,99.0,382.6,1,False
2025-12-23 23:00:00+00:00,382.6,382.6,382.6,382.6,0.0,382.6,0,False
2025-12-24 00:00:00+00:00,382.6,382.6,382.6,382.6,0.0,382.6,0,False
2025-12-24 14:00:00+00:00,381.81,381.99,376.86,378.91,7829.0,378.995,78,False
2025-12-24 15:00:00+00:00,378.91,381.52,378.45,379.5,6242.0,379.327,88,True
2025-12-24 16:00:00+00:00,378.83,381.34,378.23,379.12,6200.0,379.366,77,True
2025-12-24 17:00:00+00:00,378.68,379.58,376.86,378.74,12669.0,378.196,202,True
2025-12-24 18:00:00+00:00,378.07,378.07,378.07,378.07,10969.0,378.07,1,True
2025-12-24 19:00:00+00:00,378.07,378.07,378.07,378.07,0.0,378.07,0,True
2025-12-24 20:00:00+00:00,378.07,378.07,378.07,378.07,0.0,378.07,0,True
2025-12-24 21:00:00+00:00,378.07,378.07,378.07,378.07,0.0,378.07,0,False
2025-12-26 14:00:00+00:00,382.29,382.72,370.54,377.99,5325.0,378.12,69,False
2025-12-26 15:00:00+00:00,378.58,378.58,373.41,377.03,6905.0,375.863,116,True
2025-12-26 16:00:00+00:00,377.14,378.82,376.21,378.82,5459.0,377.53,84,True
2025-12-26 17:00:00+00:00,377.68,379.52,376.84,378.69,8336.0,378.154,121,True
2025-12-26 18:00:00+00:00,378.69,379.74,376.18,377.56,2622.0,378.169,42,True
2025-12-26 19:00:00+00:00,378.32,378.85,377.24,378.59,4021.0,378.024,63,True
2025-12-26 20:00:00+00:00,379.0,380.19,376.13,377.01,20064.0,377.639,302,True
2025-12-26 21:00:00+00:00,377.11,377.87,377.11,377.87,53338.0,377.111,7,False
2025-12-26 22:00:00+00:00,377.87,377.87,377.87,377.87,0.0,377.87,0,False
2025-12-26 23:00:00+00:00,377.87,377.87,377.87,377.87,0.0,377.87,0,False
2025-12-27 00:00:00+00:00,377.87,377.87,377.87,377.87,0.0,377.87,0,False
2025-12-29 14:00:00+00:00,371.73,375.27,367.31,368.0,3876.0,370.388,36,False
2025-12-29 15:00:00+00:00,368.0,371.77,366.5,369.0,16644.0,368.623,222,True
2025-12-29 16:00:00+00:00,368.71,373.0,368.14,369.3,15689.0,371.29,195,True
2025-12-29 17:00:00+00:00,368.94,372.12,368.93,371.78,4338.0,370.748,71,True
2025-12-29 18:00:00+00:00,371.46,371.62,367.16,367.83,9879.0,369.857,143,True
2025-12-29 19:00:00+00:00,367.91,369.45,367.5,367.96,6819.0,368.737,117,True
2025-12-29 20:00:00+00:00,368.28,369.38,366.45,369.21,22242.0,368.251,300,True
2025-12-29 21:00:00+00:00,369.21,369.21,369.21,369.21,62274.0,369.21,15,False
2025-12-29 22:00:00+00:00,369.21,369.21,369.21,369.21,0.0,369.21,0,False
2025-12-29 23:00:00+00:00,369.21,369.21,369.21,369.21,0.0,369.21,0,False
2025-12-30 00:00:00+00:00,369.96,373.99,367.0,369.6,33427.0,370.628,113,False
2025-12-30 09:00:00+00:00,369.2,369.2,369.2,369.2,135.0,369.2,1,False
2025-12-30 10:00:00+00:00,369.2,369.2,369.2,369.2,0.0,369.2,0,False
2025-12-30 11:00:00+00:00,369.2,369.2,369.2,369.2,0.0,369.2,0,False
2025-12-30 12:00:00+00:00,369.2,369.2,369.2,369.2,0.0,369.2,0,False
2025-12-30 13:00:00+00:00,369.76,369.76,369.76,369.76,127.0,369.76,1,False
2025-12-30 14:00:00+00:00,369.77,370.69,363.27,365.5,14471.0,367.688,223,False
2025-12-30 15:00:00+00:00,364.88,369.53,361.06,369.53,13373.0,364.516,181,True
2025-12-30 16:00:00+00:00,369.62,370.13,366.36,368.78,3868.0,368.678,67,True
2025-12-30 17:00:00+00:00,368.44,368.44,365.9,366.29,2063.0,367.064,30,True
2025-12-30 18:00:00+00:00,366.59,367.45,365.17,367.25,3477.0,366.84,68,True
2025-12-30 19:00:00+00:00,366.98,366.98,363.64,363.72,4350.0,364.773,94,True
2025-12-30 20:00:00+00:00,363.57,365.04,362.82,363.66,22950.0,363.683,405,True
2025-12-30 21:00:00+00:00,363.77,363.77,363.77,363.77,21715.0,363.77,4,False
2025-12-30 22:00:00+00:00,363.77,363.77,363.77,363.77,0.0,363.77,0,False
2025-12-30 23:00:00+00:00,363.77,363.77,363.77,363.77,0.0,363.77,0,False
2025-12-31 00:00:00+00:00,363.77,363.77,363.77,363.77,0.0,363.77,0,False
2025-12-31 14:00:00+00:00,364.75,369.83,364.75,366.14,22343.0,367.984,269,False
2025-12-31 15:00:00+00:00,365.43,365.85,361.06,362.81,11609.0,363.384,174,True
2025-12-31 16:00:00+00:00,363.68,365.09,361.09,362.07,10696.0,362.669,181,True
2025-12-31 17:00:00+00:00,362.0,362.0,358.78,360.44,10125.0,360.234,122,True
2025-12-31 18:00:00+00:00,360.44,361.19,358.48,359.75,11689.0,359.587,191,True
2025-12-31 19:00:00+00:00,359.89,360.35,356.96,357.45,19569.0,358.484,276,True
2025-12-31 20:00:00+00:00,357.46,357.46,352.42,353.03,54564.0,354.554,858,True
2025-12-31 21:00:00+00:00,353.04,353.19,353.04,353.19,35554.0,353.187,6,False
2025-12-31 22:00:00+00:00,353.19,353.19,353.19,353.19,0.0,353.19,0,False
2025-12-31 23:00:00+00:00,353.19,353.19,353.19,353.19,0.0,353.19,0,False
2026-01-01 00:00:00+00:00,354.0,354.0,354.0,354.0,56.0,354.0,1,False
2026-01-02 09:00:00+00:00,354.0,354.0,354.0,354.0,100.0,354.0,1,False
2026-01-02 10:00:00+00:00,354.0,354.0,354.0,354.0,0.0,354.0,0,False
2026-01-02 11:00:00+00:00,354.0,354.0,354.0,354.0,0.0,354.0,0,False
2026-01-02 12:00:00+00:00,354.0,354.0,354.0,354.0,0.0,354.0,0,False
2026-01-02 13:00:00+00:00,360.0,364.0,355.01,363.99,357.0,361.009,5,False
2026-01-02 14:00:00+00:00,363.6,373.88,359.01,369.48,116094.0,362.665,786,False
2026-01-02 15:00:00+00:00,370.3,373.04,361.44,361.46,17860.0,368.339,286,True
2026-01-02 16:00:00+00:00,361.5,368.42,361.42,366.91,9624.0,366.233,165,True
2026-01-02 17:00:00+00:00,366.19,369.41,365.53,367.79,6077.0,367.41,121,True
2026-01-02 18:00:00+00:00,367.83,368.01,363.2,364.86,8767.0,365.392,152,True
2026-01-02 19:00:00+00:00,365.05,368.95,364.99,368.47,13343.0,367.553,128,True
2026-01-02 20:00:00+00:00,368.45,372.7,368.06,370.12,24269.0,370.307,343,True
2026-01-02 21:00:00+00:00,369.96,369.96,369.96,369.96,32204.0,369.96,13,False
2026-01-02 22:00:00+00:00,369.96,369.96,369.96,369.96,0.0,369.96,0,False
2026-01-02 23:00:00+00:00,369.96,369.96,369.96,369.96,0.0,369.96,0,False
2026-01-03 00:00:00+00:00,369.96,369.96,369.96,369.96,0.0,369.96,0,False
2026-01-05 10:00:00+00:00,375.39,375.39,375.39,375.39,50.0,375.39,1,False
2026-01-05 11:00:00+00:00,376.99,376.99,376.99,376.99,40.0,376.99,1,False
2026-01-05 12:00:00+00:00,377.0,377.0,377.0,377.0,50.0,377.0,1,False
2026-01-05 13:00:00+00:00,379.99,379.99,379.99,379.99,40.0,379.99,1,False
2026-01-05 14:00:00+00:00,377.36,382.85,364.78,365.22,14401.0,372.545,156,False
2026-01-05 15:00:00+00:00,365.6,373.51,362.61,366.89,13603.0,368.988,204,True
2026-01-05 16:00:00+00:00,366.54,367.06,347.0,348.42,32692.0,356.454,457,True
2026-01-05 17:00:00+00:00,347.28,350.98,334.32,335.41,61136.0,342.879,727,True
2026-01-05 18:00:00+00:00,336.23,342.63,333.0,341.21,70579.0,337.363,887,True
2026-01-05 19:00:00+00:00,341.0,341.2,332.44,335.15,22818.0,336.214,331,True
2026-01-05 20:00:00+00:00,335.19,336.81,329.17,332.67,74221.0,332.246,1168,True
2026-01-05 21:00:00+00:00,333.03,333.03,333.03,333.03,49649.0,333.03,7,False
2026-01-05 22:00:00+00:00,336.99,336.99,336.92,336.92,90.0,336.952,2,False
2026-01-05 23:00:00+00:00,336.56,336.56,336.56,336.56,40.0,336.56,1,False
2026-01-06 00:00:00+00:00,330.61,330.61,330.6,330.61,150.0,330.606,1,False
2026-01-06 13:00:00+00:00,336.0,336.0,336.0,336.0,50.0,336.0,1,False
2026-01-06 14:00:00+00:00,333.05,335.0,324.21,333.9,26083.0,330.191,312,False
2026-01-06 15:00:00+00:00,333.9,338.49,332.5,333.92,22412.0,335.654,385,True
2026-01-06 16:00:00+00:00,333.9,339.69,333.14,338.58,15064.0,337.449,280,True
2026-01-06 17:00:00+00:00,338.55,344.75,338.4,341.75,15467.0,341.421,239,True
2026-01-06 18:00:00+00:00,342.0,344.0,340.04,340.42,19010.0,341.872,298,True
2026-01-06 19:00:00+00:00,340.32,342.0,339.18,341.76,15780.0,340.443,299,True
2026-01-06 20:00:00+00:00,341.66,345.02,338.98,344.75,59965.0,341.939,927,True
2026-01-06 21:00:00+00:00,344.25,344.75,341.42,343.5,41331.0,344.728,14,False
2026-01-06 22:00:00+00:00,343.5,343.5,343.5,343.5,0.0,343.5,0,False
2026-01-06 23:00:00+00:00,343.5,343.5,343.5,343.5,0.0,343.5,0,False
2026-01-07 00:00:00+00:00,343.5,343.5,343.5,343.5,0.0,343.5,0,False
2026-01-07 09:00:00+00:00,345.17,345.17,345.02,345.02,92.0,345.087,2,False
2026-01-07 10:00:00+00:00,345.02,345.02,345.02,345.02,0.0,345.02,0,False
2026-01-07 11:00:00+00:00,345.02,345.02,345.02,345.02,0.0,345.02,0,False
2026-01-07 12:00:00+00:00,345.02,345.02,345.02,345.02,0.0,345.02,0,False
2026-01-07 13:00:00+00:00,345.02,345.02,345.02,345.02,0.0,345.02,0,False
2026-01-07 14:00:00+00:00,340.11,345.47,327.5,332.65,29801.0,333.039,234,False
2026-01-07 15:00:00+00:00,332.1,336.17,329.43,335.24,18567.0,333.0,258,True
2026-01-07 16:00:00+00:00,335.15,338.28,333.59,337.13,11699.0,335.962,168,True
2026-01-07 17:00:00+00:00,337.13,337.19,334.14,334.24,8918.0,335.946,137,True
2026-01-07 18:00:00+00:00,334.17,337.85,334.12,337.56,10778.0,336.494,163,True
2026-01-07 19:00:00+00:00,337.56,341.73,337.56,339.47,25398.0,338.99,294,True
2026-01-07 20:00:00+00:00,339.09,344.18,338.21,342.57,21244.0,341.561,379,True
2026-01-07 21:00:00+00:00,342.73,342.73,342.73,342.73,23741.0,342.73,3,False
2026-01-07 22:00:00+00:00,342.73,342.73,342.73,342.73,0.0,342.73,0,False
2026-01-07 23:00:00+00:00,342.73,342.73,342.73,342.73,0.0,342.73,0,False
2026-01-08 00:00:00+00:00,342.73,342.73,342.73,342.73,0.0,342.73,0,False
2026-01-08 14:00:00+00:00,340.09,340.39,334.0,334.0,6512.0,337.271,60,False
2026-01-08 15:00:00+00:00,333.74,340.74,333.69,336.5,8755.0,336.607,126,True
2026-01-08 16:00:00+00:00,336.68,337.47,332.66,333.49,13145.0,334.273,175,True
2026-01-08 17:00:00+00:00,334.36,336.29,332.03,333.54,6740.0,333.6,91,True
2026-01-08 18:00:00+00:00,334.08,334.82,330.77,331.19,6518.0,333.548,103,True
2026-01-08 19:00:00+00:00,331.19,333.18,329.86,329.86,17761.0,331.215,272,True
2026-01-08 20:00:00+00:00,330.18,333.39,329.5,332.63,46837.0,331.533,650,True
2026-01-08 21:00:00+00:00,333.1,333.1,333.1,333.1,42152.0,333.1,4,False
2026-01-08 22:00:00+00:00,333.1,333.1,333.1,333.1,0.0,333.1,0,False
2026-01-08 23:00:00+00:00,333.1,333.1,333.1,333.1,0.0,333.1,0,False
2026-01-09 00:00:00+00:00,333.1,333.1,333.1,333.1,0.0,333.1,0,False
2026-01-09 12:00:00+00:00,338.1,338.1,338.1,338.1,493.0,338.1,1,False
2026-01-09 13:00:00+00:00,338.1,339.0,336.59,339.0,260.0,337.927,4,False
2026-01-09 14:00:00+00:00,336.11,342.0,334.67,338.64,14173.0,337.865,128,False
2026-01-09 15:00:00+00:00,336.84,339.0,333.0,338.59,13789.0,336.76,168,True
2026-01-09 16:00:00+00:00,338.58,344.2,337.79,341.03,16955.0,340.43,215,True
2026-01-09 17:00:00+00:00,341.24,344.94,340.27,344.22,8324.0,342.581,112,True
2026-01-09 18:00:00+00:00,344.22,344.22,341.57,342.65,9403.0,342.331,126,True
2026-01-09 19:00:00+00:00,342.79,346.17,342.49,345.66,12429.0,344.393,166,True
2026-01-09 20:00:00+00:00,345.87,348.57,340.54,342.19,74009.0,343.598,866,True
2026-01-09 21:00:00+00:00,342.2,342.2,342.2,342.2,28854.0,342.2,5,False
2026-01-09 22:00:00+00:00,342.2,342.2,342.2,342.2,0.0,342.2,0,False
2026-01-09 23:00:00+00:00,342.2,342.2,342.2,342.2,0.0,342.2,0,False
2026-01-10 00:00:00+00:00,342.2,342.2,342.2,342.2,0.0,342.2,0,False
2026-01-12 13:00:00+00:00,335.12,335.12,335.12,335.12,60.0,335.12,1,False
2026-01-12 14:00:00+00:00,334.24,343.0,330.0,341.52,9823.0,338.621,105,False
2026-01-12 15:00:00+00:00,341.67,343.14,336.91,341.28,10144.0,340.846,143,True
2026-01-12 16:00:00+00:00,340.61,344.67,339.86,343.52,9894.0,341.735,144,True
2026-01-12 17:00:00+00:00,343.73,344.61,341.58,343.09,7141.0,343.197,110,True
2026-01-12 18:00:00+00:00,343.09,346.17,342.0,346.17,4540.0,344.281,83,True
2026-01-12 19:00:00+00:00,346.1,347.62,344.39,346.93,7649.0,346.047,125,True
2026-01-12 20:00:00+00:00,346.77,348.5,344.33,344.53,25588.0,346.247,369,True
2026-01-12 21:00:00+00:00,344.53,344.53,344.53,344.53,24400.0,344.53,3,False
2026-01-12 22:00:00+00:00,344.53,344.53,344.53,344.53,0.0,344.53,0,False
2026-01-12 23:00:00+00:00,344.53,344.53,344.53,344.53,0.0,344.53,0,False
2026-01-13 00:00:00+00:00,344.0,344.0,344.0,344.0,40.0,344.0,1,False
2026-01-13 14:00:00+00:00,348.21,355.86,345.82,352.45,11425.0,351.234,150,False
2026-01-13 15:00:00+00:00,353.62,357.31,349.99,355.07,9526.0,353.819,143,True
2026-01-13 16:00:00+00:00,356.63,361.29,355.07,360.17,9371.0,357.32,145,True
2026-01-13 17:00:00+00:00,359.24,363.97,358.14,363.68,12754.0,360.909,206,True
2026-01-13 18:00:00+00:00,362.41,364.74,361.73,362.65,13324.0,363.631,179,True
2026-01-13 19:00:00+00:00,363.06,363.06,357.51,359.55,12981.0,359.441,183,True
2026-01-13 20:00:00+00:00,360.0,360.84,349.44,350.85,37358.0,353.386,574,True
2026-01-13 21:00:00+00:00,350.63,350.63,350.63,350.63,30801.0,350.63,11,False
2026-01-13 22:00:00+00:00,350.63,350.63,350.63,350.63,0.0,350.63,0,False
2026-01-13 23:00:00+00:00,357.56,357.56,357.56,357.56,100.0,357.56,1,False
2026-01-14 00:00:00+00:00,357.56,357.56,357.56,357.56,0.0,357.56,0,False
2026-01-14 14:00:00+00:00,344.4,346.55,337.0,343.17,5983.0,342.666,66,False
2026-01-14 15:00:00+00:00,340.71,346.2,336.6,337.95,20995.0,341.745,375,True
2026-01-14 16:00:00+00:00,338.06,342.0,337.96,340.0,10165.0,340.159,183,True
2026-01-14 17:00:00+00:00,340.0,342.29,338.75,340.29,18803.0,340.671,307,True
2026-01-14 18:00:00+00:00,340.3,343.71,340.28,343.04,33785.0,341.425,447,True
2026-01-14 19:00:00+00:00,342.77,345.45,342.14,345.33,5947.0,343.62,78,True
2026-01-14 20:00:00+00:00,344.46,351.52,343.54,349.21,25870.0,348.253,448,True
2026-01-14 21:00:00+00:00,349.2,350.06,349.2,350.06,45523.0,349.203,14,False
2026-01-14 22:00:00+00:00,350.06,350.06,350.06,350.06,0.0,350.06,0,False
2026-01-14 23:00:00+00:00,350.06,350.06,350.06,350.06,0.0,350.06,0,False
2026-01-15 00:00:00+00:00,350.06,350.06,350.06,350.06,0.0,350.06,0,False
2026-01-15 09:00:00+00:00,358.99,359.8,358.99,359.8,100.0,359.395,2,False
2026-01-15 10:00:00+00:00,359.8,359.8,359.8,359.8,0.0,359.8,0,False
2026-01-15 11:00:00+00:00,359.8,359.8,359.8,359.8,0.0,359.8,0,False
2026-01-15 12:00:00+00:00,360.2,361.57,360.2,361.57,116.0,360.672,2,False
2026-01-15 13:00:00+00:00,368.54,368.55,368.54,368.54,100.0,368.543,1,False
2026-01-15 14:00:00+00:00,361.5,367.28,361.01,364.54,8987.0,364.991,102,False
2026-01-15 15:00:00+00:00,363.0,366.0,358.63,360.52,19734.0,362.144,264,True
2026-01-15 16:00:00+00:00,361.04,363.0,360.0,361.98,12455.0,361.403,225,True
2026-01-15 17:00:00+00:00,362.98,363.96,356.83,356.83,15433.0,361.316,268,True
2026-01-15 18:00:00+00:00,356.85,359.92,356.43,356.43,8264.0,358.392,144,True
2026-01-15 19:00:00+00:00,356.89,358.94,354.52,355.67,17763.0,356.532,257,True
2026-01-15 20:00:00+00:00,356.19,358.48,353.24,353.24,34003.0,355.599,578,True
2026-01-15 21:00:00+00:00,353.52,353.52,350.0,353.06,55188.0,353.508,18,False
2026-01-15 22:00:00+00:00,353.06,353.06,353.06,353.06,0.0,353.06,0,False
2026-01-15 23:00:00+00:00,353.06,353.06,353.06,353.06,0.0,353.06,0,False
2026-01-16 00:00:00+00:00,353.06,353.06,353.06,353.06,0.0,353.06,0,False
2026-01-16 12:00:00+00:00,359.5,359.5,359.5,359.5,50.0,359.5,1,False
2026-01-16 13:00:00+00:00,359.5,359.5,359.5,359.5,0.0,359.5,0,False
2026-01-16 14:00:00+00:00,359.17,375.93,357.5,371.64,18879.0,366.84,148,False
2026-01-16 15:00:00+00:00,371.61,380.46,371.36,377.51,27113.0,376.911,382,True
2026-01-16 16:00:00+00:00,377.48,382.7,377.48,381.11,12333.0,380.175,157,True
2026-01-16 17:00:00+00:00,381.11,383.33,374.94,374.94,8793.0,380.208,151,True
2026-01-16 18:00:00+00:00,376.5,377.54,372.12,372.12,4971.0,375.897,58,True
2026-01-16 19:00:00+00:00,373.33,374.55,372.06,373.09,3998.0,373.422,68,True
2026-01-16 20:00:00+00:00,373.23,374.01,369.46,372.17,31927.0,371.692,476,True
2026-01-16 21:00:00+00:00,371.44,372.46,371.44,372.46,30634.0,371.447,5,False
2026-01-16 22:00:00+00:00,372.46,372.46,372.46,372.46,0.0,372.46,0,False
2026-01-16 23:00:00+00:00,372.46,372.46,372.46,372.46,0.0,372.46,0,False
2026-01-17 00:00:00+00:00,372.46,372.46,372.46,372.46,0.0,372.46,0,False
2026-01-20 09:00:00+00:00,360.0,360.0,360.0,360.0,78.0,360.0,1,False
2026-01-20 10:00:00+00:00,359.79,359.79,359.79,359.79,40.0,359.79,1,False
2026-01-20 11:00:00+00:00,359.79,359.79,359.79,359.79,0.0,359.79,0,False
2026-01-20 12:00:00+00:00,359.94,359.94,358.89,358.89,101.0,359.41,2,False
2026-01-20 13:00:00+00:00,358.6,358.61,358.6,358.6,55.0,358.602,1,False
2026-01-20 14:00:00+00:00,364.0,373.99,357.5,373.52,9842.0,367.906,92,False
2026-01-20 15:00:00+00:00,370.7,374.0,363.22,371.52,27360.0,367.724,329,True
2026-01-20 16:00:00+00:00,371.52,374.93,370.21,373.53,4673.0,372.833,73,True
2026-01-20 17:00:00+00:00,373.8,373.8,363.0,366.97,8069.0,367.744,138,True
2026-01-20 18:00:00+00:00,367.9,368.68,358.99,360.11,6092.0,361.586,100,True
2026-01-20 19:00:00+00:00,362.05,366.07,360.63,364.8,11234.0,363.615,158,True
2026-01-20 20:00:00+00:00,364.48,368.48,362.61,364.03,25362.0,365.518,465,True
2026-01-20 21:00:00+00:00,363.13,363.13,363.13,363.13,28899.0,363.13,8,False
2026-01-20 22:00:00+00:00,363.13,363.13,363.13,363.13,0.0,363.13,0,False
2026-01-20 23:00:00+00:00,363.13,363.13,363.13,363.13,0.0,363.13,0,False
2026-01-21 00:00:00+00:00,363.13,363.13,363.13,363.13,0.0,363.13,0,False
2026-01-21 14:00:00+00:00,370.24,377.0,366.0,376.0,10898.0,372.396,123,False
2026-01-21 15:00:00+00:00,376.2,378.93,374.6,375.47,12662.0,376.296,154,True
2026-01-21 16:00:00+00:00,375.27,378.66,370.18,370.18,20147.0,375.602,298,True
2026-01-21 17:00:00+00:00,370.0,370.0,359.98,366.87,14570.0,363.664,209,True
2026-01-21 18:00:00+00:00,366.16,372.74,364.41,372.74,8939.0,367.956,124,True
2026-01-21 19:00:00+00:00,369.73,381.59,367.74,379.83,17094.0,375.884,273,True
2026-01-21 20:00:00+00:00,377.3,379.58,375.93,378.16,26468.0,377.491,412,True
2026-01-21 21:00:00+00:00,377.71,377.71,377.71,377.71,29974.0,377.71,4,False
2026-01-21 22:00:00+00:00,379.0,379.0,379.0,379.0,88.0,379.0,1,False
2026-01-21 23:00:00+00:00,379.0,379.0,379.0,379.0,0.0,379.0,0,False
2026-01-22 00:00:00+00:00,380.0,380.5,380.0,380.5,196.0,380.166,2,False
2026-01-22 14:00:00+00:00,385.0,393.8,379.0,379.0,14948.0,386.777,186,False
2026-01-22 15:00:00+00:00,378.0,380.0,371.74,375.87,10892.0,376.737,157,True
2026-01-22 16:00:00+00:00,377.04,379.51,373.3,374.45,4098.0,376.859,65,True
2026-01-22 17:00:00+00:00,374.46,375.16,371.47,372.16,5919.0,373.76,94,True
2026-01-22 18:00:00+00:00,371.31,374.77,368.28,368.28,3818.0,370.928,72,True
2026-01-22 19:00:00+00:00,368.81,371.41,368.27,370.94,3717.0,370.107,69,True
2026-01-22 20:00:00+00:00,370.68,371.73,362.05,362.26,37172.0,367.019,574,True
2026-01-22 21:00:00+00:00,362.73,362.73,362.73,362.73,44255.0,362.73,3,False
2026-01-22 22:00:00+00:00,362.0,362.0,362.0,362.0,72.0,362.0,1,False
2026-01-22 23:00:00+00:00,362.0,362.0,362.0,362.0,0.0,362.0,0,False
2026-01-23 00:00:00+00:00,362.0,362.0,362.0,362.0,0.0,362.0,0,False
2026-01-23 09:00:00+00:00,363.0,363.0,363.0,363.0,40.0,363.0,1,False
2026-01-23 10:00:00+00:00,363.0,363.0,363.0,363.0,0.0,363.0,0,False
2026-01-23 11:00:00+00:00,363.0,363.0,363.0,363.0,0.0,363.0,0,False
2026-01-23 12:00:00+00:00,363.0,363.0,363.0,363.0,0.0,363.0,0,False
2026-01-23 13:00:00+00:00,363.0,363.0,363.0,363.0,0.0,363.0,0,False
2026-01-23 14:00:00+00:00,363.45,367.49,351.85,356.62,10025.0,358.495,82,False
2026-01-23 15:00:00+00:00,356.74,357.23,350.11,353.22,22600.0,355.168,330,True
2026-01-23 16:00:00+00:00,351.0,354.22,345.43,345.44,12227.0,348.687,182,True
2026-01-23 17:00:00+00:00,345.21,346.68,344.18,345.69,8826.0,345.389,128,True
2026-01-23 18:00:00+00:00,345.63,349.74,344.06,344.85,12911.0,346.278,160,True
2026-01-23 19:00:00+00:00,344.85,346.8,344.66,345.31,12957.0,345.675,235,True
2026-01-23 20:00:00+00:00,345.31,346.58,341.05,342.78,36663.0,343.755,619,True
2026-01-23 21:00:00+00:00,342.9,342.9,342.9,342.9,44809.0,342.9,10,False
2026-01-23 22:00:00+00:00,342.9,342.9,342.9,342.9,69.0,342.9,1,False
2026-01-23 23:00:00+00:00,342.9,342.9,342.9,342.9,0.0,342.9,0,False
2026-01-24 00:00:00+00:00,342.9,342.9,342.9,342.9,0.0,342.9,0,False
2026-01-26 14:00:00+00:00,345.02,351.85,340.78,349.87,13057.0,347.112,121,False
2026-01-26 15:00:00+00:00,347.88,347.94,342.7,344.35,9809.0,345.564,170,True
2026-01-26 16:00:00+00:00,343.87,345.13,341.56,343.12,12258.0,343.186,212,True
2026-01-26 17:00:00+00:00,343.03,346.6,341.21,344.24,10168.0,343.064,148,True
2026-01-26 18:00:00+00:00,344.73,346.75,343.33,344.47,7761.0,345.116,160,True
2026-01-26 19:00:00+00:00,344.77,344.97,342.3,342.62,7732.0,343.548,141,True
2026-01-26 20:00:00+00:00,343.27,346.0,343.27,345.55,31798.0,344.676,539,True
2026-01-26 21:00:00+00:00,345.49,345.49,345.49,345.49,24134.0,345.49,7,False
2026-01-26 22:00:00+00:00,345.49,345.49,345.49,345.49,0.0,345.49,0,False
2026-01-26 23:00:00+00:00,345.49,345.49,345.49,345.49,0.0,345.49,0,False
2026-01-27 00:00:00+00:00,345.49,345.49,345.49,345.49,0.0,345.49,0,False
2026-01-27 13:00:00+00:00,348.95,348.95,348.95,348.95,100.0,348.95,1,False
2026-01-27 14:00:00+00:00,351.79,362.82,350.0,361.9,8569.0,355.366,118,False
2026-01-27 15:00:00+00:00,362.24,364.98,358.05,364.82,13832.0,361.779,236,True
2026-01-27 16:00:00+00:00,364.88,365.99,361.72,364.12,14932.0,363.751,276,True
2026-01-27 17:00:00+00:00,364.12,364.67,360.94,361.41,10674.0,362.687,172,True
2026-01-27 18:00:00+00:00,361.29,362.45,360.7,362.14,6769.0,361.412,103,True
2026-01-27 19:00:00+00:00,361.6,363.64,361.2,362.05,13944.0,362.537,230,True
2026-01-27 20:00:00+00:00,362.05,362.37,356.15,358.09,37288.0,359.377,696,True
2026-01-27 21:00:00+00:00,358.08,358.08,358.08,358.08,34688.0,358.08,4,False
2026-01-27 22:00:00+00:00,358.08,358.08,358.08,358.08,0.0,358.08,0,False
2026-01-27 23:00:00+00:00,358.08,358.08,358.08,358.08,0.0,358.08,0,False
2026-01-28 00:00:00+00:00,360.0,360.0,360.0,360.0,100.0,360.0,1,False
2026-01-28 14:00:00+00:00,365.45,378.38,358.99,358.99,12249.0,367.534,163,False
2026-01-28 15:00:00+00:00,358.61,360.81,353.58,353.58,18783.0,357.69,197,True
2026-01-28 16:00:00+00:00,354.01,354.01,349.02,352.02,17134.0,351.628,221,True
2026-01-28 17:00:00+00:00,352.17,354.99,351.12,354.69,3948.0,353.116,69,True
2026-01-28 18:00:00+00:00,354.94,357.61,354.94,355.63,5688.0,356.531,104,True
2026-01-28 19:00:00+00:00,355.63,363.5,355.12,357.07,9545.0,358.075,149,True
2026-01-28 20:00:00+00:00,357.53,362.56,354.91,361.12,28405.0,359.179,456,True
2026-01-28 21:00:00+00:00,361.12,361.12,361.12,361.12,22746.0,361.12,9,False
2026-01-28 22:00:00+00:00,361.12,361.12,361.12,361.12,0.0,361.12,0,False
2026-01-28 23:00:00+00:00,363.0,363.0,363.0,363.0,40.0,363.0,1,False
2026-01-29 00:00:00+00:00,363.0,363.0,363.0,363.0,0.0,363.0,0,False
2026-01-29 14:00:00+00:00,358.28,365.06,358.0,358.0,4810.0,361.111,50,False
2026-01-29 15:00:00+00:00,360.13,360.17,348.75,351.84,64218.0,354.889,833,True
2026-01-29 16:00:00+00:00,352.4,361.75,349.03,361.5,19279.0,354.644,313,True
2026-01-29 17:00:00+00:00,361.81,368.76,361.81,365.21,12484.0,365.592,154,True
2026-01-29 18:00:00+00:00,366.81,371.5,366.66,366.66,11747.0,368.925,190,True
2026-01-29 19:00:00+00:00,366.11,367.49,361.01,364.18,11369.0,365.361,188,True
2026-01-29 20:00:00+00:00,364.43,366.0,361.91,365.66,25572.0,364.618,375,True
2026-01-29 21:00:00+00:00,366.0,366.0,365.58,365.58,41513.0,365.582,6,False
2026-01-29 22:00:00+00:00,365.58,365.58,365.58,365.58,0.0,365.58,0,False
2026-01-29 23:00:00+00:00,365.58,365.58,365.58,365.58,0.0,365.58,0,False
2026-01-30 00:00:00+00:00,365.58,365.58,365.58,365.58,0.0,365.58,0,False
2026-01-30 14:00:00+00:00,364.99,384.93,359.92,373.71,22666.0,377.842,261,False
2026-01-30 15:00:00+00:00,373.0,382.96,368.12,381.84,40215.0,376.067,494,True
2026-01-30 16:00:00+00:00,381.74,383.5,365.04,365.95,39514.0,375.296,420,True
2026-01-30 17:00:00+00:00,366.0,371.0,364.04,368.22,24213.0,367.683,276,True
2026-01-30 18:00:00+00:00,366.85,369.49,362.61,367.84,26026.0,366.126,339,True
2026-01-30 19:00:00+00:00,367.21,370.21,362.23,368.66,56544.0,366.985,622,True
2026-01-30 20:00:00+00:00,368.21,370.31,361.73,363.11,125699.0,365.025,1676,True
2026-01-30 21:00:00+00:00,363.11,364.01,360.01,360.01,65867.0,363.109,6,False
2026-01-30 22:00:00+00:00,360.05,360.05,360.05,360.05,40.0,360.05,1,False
2026-01-30 23:00:00+00:00,360.05,360.05,360.05,360.05,0.0,360.05,0,False
2026-01-31 00:00:00+00:00,358.46,358.47,358.46,358.46,100.0,358.461,1,False
2026-02-02 12:00:00+00:00,357.99,357.99,352.01,354.1,748.0,352.789,8,False
2026-02-02 13:00:00+00:00,352.01,359.85,336.98,359.85,1036.0,350.119,7,False
2026-02-02 14:00:00+00:00,354.02,375.26,352.64,373.55,36363.0,365.993,381,False
2026-02-02 15:00:00+00:00,373.45,382.5,372.49,372.78,24951.0,377.724,371,True
2026-02-02 16:00:00+00:00,373.66,378.69,371.29,376.5,26663.0,375.905,382,True
2026-02-02 17:00:00+00:00,376.48,377.51,373.52,377.51,8675.0,375.741,166,True
2026-02-02 18:00:00+00:00,379.88,380.48,375.52,379.53,8547.0,377.715,135,True
2026-02-02 19:00:00+00:00,379.11,379.65,372.74,373.21,12835.0,375.539,202,True
2026-02-02 20:00:00+00:00,373.62,376.15,370.46,374.3,31276.0,372.707,482,True
2026-02-02 21:00:00+00:00,374.18,374.18,374.18,374.18,28722.0,374.18,9,False
2026-02-02 22:00:00+00:00,374.18,374.18,374.18,374.18,0.0,374.18,0,False
2026-02-02 23:00:00+00:00,377.0,377.0,377.0,377.0,700.0,377.0,1,False
2026-02-03 00:00:00+00:00,377.0,377.0,377.0,377.0,0.0,377.0,0,False
2026-02-03 13:00:00+00:00,381.99,381.99,373.35,378.54,339.0,377.645,3,False
2026-02-03 14:00:00+00:00,370.52,398.59,359.06,359.06,50561.0,380.558,601,False
2026-02-03 15:00:00+00:00,358.23,372.87,358.23,371.94,41861.0,364.265,504,True
2026-02-03 16:00:00+00:00,371.08,373.09,366.12,372.94,20273.0,369.398,290,True
2026-02-03 17:00:00+00:00,372.94,373.21,361.71,362.27,46175.0,366.924,484,True
2026-02-03 18:00:00+00:00,362.28,362.87,351.85,353.0,67146.0,359.136,537,True
2026-02-03 19:00:00+00:00,351.77,359.82,348.05,354.47,38245.0,352.516,479,True
2026-02-03 20:00:00+00:00,353.87,356.81,349.44,351.09,85045.0,352.31,1282,True
2026-02-03 21:00:00+00:00,351.47,351.47,351.47,351.47,39145.0,351.47,4,False
2026-02-03 22:00:00+00:00,355.0,358.0,355.0,356.0,2131.0,356.988,8,False
2026-02-03 23:00:00+00:00,356.0,356.0,356.0,356.0,0.0,356.0,0,False
2026-02-04 00:00:00+00:00,356.0,356.0,356.0,356.0,0.0,356.0,0,False
2026-02-04 09:00:00+00:00,352.4,352.4,352.4,352.4,200.0,352.4,1,False
2026-02-04 10:00:00+00:00,352.4,352.4,352.4,352.4,0.0,352.4,0,False
2026-02-04 11:00:00+00:00,352.4,352.4,352.4,352.4,0.0,352.4,0,False
2026-02-04 12:00:00+00:00,360.0,361.06,356.49,361.06,395.0,358.501,3,False
2026-02-04 13:00:00+00:00,361.06,361.06,361.06,361.06,0.0,361.06,0,False
2026-02-04 14:00:00+00:00,357.17,364.78,350.5,362.0,20339.0,358.596,273,False
2026-02-04 15:00:00+00:00,360.72,371.79,355.02,356.47,77851.0,361.798,1061,True
2026-02-04 16:00:00+00:00,355.14,363.75,353.46,361.88,63168.0,358.18,820,True
2026-02-04 17:00:00+00:00,361.44,362.63,347.0,348.68,61290.0,352.907,761,True
2026-02-04 18:00:00+00:00,349.05,349.31,338.59,346.16,66584.0,344.597,810,True
2026-02-04 19:00:00+00:00,345.64,359.45,345.25,358.88,32271.0,350.821,466,True
2026-02-04 20:00:00+00:00,358.91,361.67,346.45,347.51,76639.0,352.693,1182,True
2026-02-04 21:00:00+00:00,347.96,399.0,347.96,362.63,44225.0,354.246,70,False
2026-02-04 22:00:00+00:00,377.0,399.0,377.0,394.0,2951.0,390.845,23,False
2026-02-04 23:00:00+00:00,395.0,396.1,395.0,396.1,185.0,395.624,3,False
2026-02-05 00:00:00+00:00,397.02,398.9,397.0,398.9,329.0,397.363,3,False
2026-02-05 13:00:00+00:00,395.1,395.1,380.0,385.0,2297.0,384.112,24,False
2026-02-05 14:00:00+00:00,387.58,431.71,337.5,411.89,236507.0,395.043,2525,False
2026-02-05 15:00:00+00:00,410.94,424.0,397.51,419.76,193204.0,409.526,1928,True
2026-02-05 16:00:00+00:00,417.69,431.01,412.42,427.43,110353.0,423.496,1240,True
2026-02-05 17:00:00+00:00,429.25,438.19,425.68,430.0,77428.0,432.047,771,True
2026-02-05 18:00:00+00:00,430.96,430.96,398.71,403.51,82582.0,409.147,956,True
2026-02-05 19:00:00+00:00,403.51,425.5,403.51,411.46,113167.0,414.963,1429,True
2026-02-05 20:00:00+00:00,410.71,417.08,403.0,410.39,111803.0,409.445,1839,True
2026-02-05 21:00:00+00:00,410.29,410.29,410.29,410.29,51481.0,410.29,13,False
2026-02-05 22:00:00+00:00,410.29,410.29,410.29,410.29,0.0,410.29,0,False
2026-02-05 23:00:00+00:00,410.29,410.29,410.29,410.29,0.0,410.29,0,False
2026-02-06 00:00:00+00:00,410.29,410.29,410.29,410.29,0.0,410.29,0,False
2026-02-06 09:00:00+00:00,411.3,415.0,410.29,415.0,1786.0,410.76,18,False
2026-02-06 10:00:00+00:00,415.0,415.0,415.0,415.0,0.0,415.0,0,False
2026-02-06 11:00:00+00:00,415.0,415.0,415.0,415.0,0.0,415.0,0,False
2026-02-06 12:00:00+00:00,415.0,415.0,415.0,415.0,0.0,415.0,0,False
2026-02-06 13:00:00+00:00,410.29,422.99,410.29,420.1,1056.0,418.983,14,False
2026-02-06 14:00:00+00:00,421.0,440.0,420.89,425.71,62777.0,431.84,641,False
2026-02-06 15:00:00+00:00,425.88,428.75,400.67,404.72,62585.0,409.599,669,True
2026-02-06 16:00:00+00:00,404.72,422.25,401.7,420.94,50778.0,413.473,639,True
2026-02-06 17:00:00+00:00,421.29,424.61,418.93,419.51,11895.0,421.492,183,True
2026-02-06 18:00:00+00:00,420.66,426.94,418.58,422.8,22410.0,422.839,253,True
2026-02-06 19:00:00+00:00,422.96,425.54,419.0,419.57,29055.0,421.624,305,True
2026-02-06 20:00:00+00:00,419.64,422.41,417.6,418.69,42496.0,419.813,655,True
2026-02-06 21:00:00+00:00,418.69,418.69,417.9,417.9,97065.0,418.689,8,False
2026-02-06 22:00:00+00:00,417.9,417.9,417.9,417.9,0.0,417.9,0,False
2026-02-06 23:00:00+00:00,420.13,420.13,420.13,420.13,50.0,420.13,1,False
2026-02-07 00:00:00+00:00,420.13,420.13,420.13,420.13,0.0,420.13,0,False
2026-02-09 09:00:00+00:00,432.0,432.0,432.0,432.0,71.0,432.0,1,False
2026-02-09 10:00:00+00:00,425.7,425.7,420.55,420.55,532.0,422.789,9,False
2026-02-09 11:00:00+00:00,420.55,420.55,420.55,420.55,0.0,420.55,0,False
2026-02-09 12:00:00+00:00,420.55,420.55,420.55,420.55,0.0,420.55,0,False
2026-02-09 13:00:00+00:00,420.55,429.0,420.55,428.96,395.0,427.611,6,False
2026-02-09 14:00:00+00:00,424.74,430.87,415.0,422.75,25101.0,423.328,286,False
2026-02-09 15:00:00+00:00,422.43,432.61,420.37,428.39,40967.0,427.088,450,True
2026-02-09 16:00:00+00:00,429.25,433.83,424.48,425.01,36451.0,428.643,388,True
2026-02-09 17:00:00+00:00,424.5,426.66,418.71,419.79,17621.0,422.718,233,True
2026-02-09 18:00:00+00:00,419.71,423.6,418.5,420.66,15902.0,420.281,213,True
2026-02-09 19:00:00+00:00,420.9,424.72,419.19,423.42,10832.0,422.204,167,True
2026-02-09 20:00:00+00:00,423.4,423.53,416.04,416.83,52895.0,419.157,660,True
2026-02-09 21:00:00+00:00,417.36,440.0,417.36,430.3,39163.0,417.533,19,False
2026-02-09 22:00:00+00:00,430.3,430.3,430.3,430.3,0.0,430.3,0,False
2026-02-09 23:00:00+00:00,430.3,430.3,430.3,430.3,0.0,430.3,0,False
2026-02-10 00:00:00+00:00,430.3,430.3,430.3,430.3,0.0,430.3,0,False
2026-02-10 10:00:00+00:00,420.4,420.4,420.4,420.4,62.0,420.4,1,False
2026-02-10 11:00:00+00:00,420.4,420.4,420.4,420.4,0.0,420.4,0,False
2026-02-10 12:00:00+00:00,420.0,420.0,420.0,420.0,300.0,420.0,2,False
2026-02-10 13:00:00+00:00,420.0,420.0,420.0,420.0,290.0,420.0,3,False
2026-02-10 14:00:00+00:00,421.2,425.87,410.43,418.57,13652.0,419.031,191,False
2026-02-10 15:00:00+00:00,417.06,428.47,415.43,419.13,39294.0,421.481,521,True
2026-02-10 16:00:00+00:00,419.04,423.78,415.0,420.0,26736.0,420.026,292,True
2026-02-10 17:00:00+00:00,420.57,429.28,419.78,423.91,34753.0,426.103,523,True
2026-02-10 18:00:00+00:00,422.25,426.49,418.32,420.97,14652.0,422.449,192,True
2026-02-10 19:00:00+00:00,420.09,421.48,414.44,414.77,30554.0,418.386,330,True
2026-02-10 20:00:00+00:00,414.51,419.5,412.03,413.54,45819.0,414.389,504,True
2026-02-10 21:00:00+00:00,413.76,413.76,413.76,413.76,38517.0,413.76,2,False
2026-02-10 22:00:00+00:00,413.76,413.76,413.76,413.76,0.0,413.76,0,False
2026-02-10 23:00:00+00:00,413.76,413.76,413.76,413.76,0.0,413.76,0,False
2026-02-11 00:00:00+00:00,413.76,413.76,413.76,413.76,0.0,413.76,0,False
2026-02-11 14:00:00+00:00,422.01,433.51,415.76,428.75,19777.0,426.586,194,False
2026-02-11 15:00:00+00:00,428.75,432.8,414.66,429.67,19217.0,423.123,290,True
2026-02-11 16:00:00+00:00,428.3,433.0,421.95,426.24,16796.0,428.064,243,True
2026-02-11 17:00:00+00:00,426.21,430.0,425.0,426.96,20641.0,426.911,193,True
2026-02-11 18:00:00+00:00,425.74,429.0,422.54,426.65,18021.0,425.604,243,True
2026-02-11 19:00:00+00:00,426.65,434.0,423.76,432.44,15849.0,428.674,199,True
2026-02-11 20:00:00+00:00,432.62,437.4,430.88,436.26,36673.0,434.658,493,True
2026-02-11 21:00:00+00:00,436.28,436.28,436.28,436.28,18848.0,436.28,1,False
2026-02-11 22:00:00+00:00,436.28,436.28,436.28,436.28,0.0,436.28,0,False
2026-02-11 23:00:00+00:00,436.28,436.28,436.28,436.28,0.0,436.28,0,False
2026-02-12 00:00:00+00:00,436.28,436.28,436.28,436.28,0.0,436.28,0,False
2026-02-12 13:00:00+00:00,440.0,454.91,440.0,454.91,367.0,450.637,3,False
2026-02-12 14:00:00+00:00,446.5,446.96,430.0,434.46,34745.0,439.295,378,False
2026-02-12 15:00:00+00:00,435.18,445.01,427.27,427.27,39070.0,436.402,478,True
2026-02-12 16:00:00+00:00,427.45,430.6,420.69,427.29,21688.0,425.09,280,True
2026-02-12 17:00:00+00:00,423.77,427.0,419.0,420.0,22468.0,423.284,283,True
2026-02-12 18:00:00+00:00,417.88,428.85,416.01,426.59,42310.0,424.924,554,True
2026-02-12 19:00:00+00:00,426.51,429.4,422.6,425.78,21049.0,426.504,310,True
2026-02-12 20:00:00+00:00,426.87,430.49,420.0,422.56,66615.0,424.768,838,True
2026-02-12 21:00:00+00:00,423.2,423.2,423.2,423.2,31855.0,423.2,1,False
2026-02-12 22:00:00+00:00,422.99,422.99,422.99,422.99,40.0,422.99,1,False
2026-02-12 23:00:00+00:00,422.99,422.99,422.99,422.99,0.0,422.99,0,False
2026-02-13 00:00:00+00:00,422.99,422.99,422.99,422.99,0.0,422.99,0,False
2026-02-13 13:00:00+00:00,423.4,425.0,423.18,423.73,368.0,423.873,5,False
2026-02-13 14:00:00+00:00,416.62,426.97,410.4,418.66,17645.0,417.915,181,False
2026-02-13 15:00:00+00:00,418.39,428.69,415.5,424.03,24026.0,422.316,239,True
2026-02-13 16:00:00+00:00,426.8,429.93,421.83,423.36,22369.0,425.75,279,True
2026-02-13 17:00:00+00:00,422.17,425.69,420.01,422.0,18995.0,421.97,276,True
2026-02-13 18:00:00+00:00,422.6,423.92,416.82,421.28,27236.0,420.742,380,True
2026-02-13 19:00:00+00:00,420.05,420.84,414.67,416.52,33683.0,418.785,594,True
2026-02-13 20:00:00+00:00,416.99,431.0,412.5,419.94,125733.0,421.322,1610,True
2026-02-13 21:00:00+00:00,420.23,420.23,420.23,420.23,54535.0,420.23,8,False
2026-02-13 22:00:00+00:00,413.4,413.41,413.4,413.4,60.0,413.403,1,False
2026-02-13 23:00:00+00:00,413.4,413.4,413.4,413.4,0.0,413.4,0,False
2026-02-14 00:00:00+00:00,413.4,413.41,413.4,413.4,0.0,413.4,0,False
2026-02-17 14:00:00+00:00,413.08,417.09,392.95,395.93,34483.0,401.242,400,False
2026-02-17 15:00:00+00:00,397.34,412.73,395.4,405.98,23712.0,404.397,346,True
2026-02-17 16:00:00+00:00,405.98,410.68,400.36,404.21,13884.0,404.49,249,True
2026-02-17 17:00:00+00:00,402.16,410.03,399.67,409.05,16324.0,403.491,285,True
2026-02-17 18:00:00+00:00,409.44,417.95,406.0,416.56,10649.0,412.872,144,True
2026-02-17 19:00:00+00:00,417.32,420.77,414.37,419.93,17895.0,418.245,271,True
2026-02-17 20:00:00+00:00,418.93,419.92,412.3,413.84,29880.0,415.337,532,True
2026-02-17 21:00:00+00:00,414.05,414.05,413.0,413.0,22591.0,414.047,7,False
2026-02-17 22:00:00+00:00,413.0,413.0,413.0,413.0,0.0,413.0,0,False
2026-02-17 23:00:00+00:00,413.0,413.0,413.0,413.0,0.0,413.0,0,False
2026-02-18 00:00:00+00:00,413.0,413.0,413.0,413.0,0.0,413.0,0,False
2026-02-18 14:00:00+00:00,419.0,422.9,413.23,420.69,13267.0,416.555,92,False
2026-02-18 15:00:00+00:00,421.0,428.35,421.0,423.5,15794.0,425.314,221,True
2026-02-18 16:00:00+00:00,422.74,423.85,418.18,418.18,6439.0,421.37,72,True
2026-02-18 17:00:00+00:00,416.68,419.18,415.08,415.15,15666.0,416.788,204,True
2026-02-18 18:00:00+00:00,415.81,416.47,410.46,410.8,8538.0,413.197,132,True
2026-02-18 19:00:00+00:00,410.19,411.35,405.8,405.8,14734.0,408.93,253,True
2026-02-18 20:00:00+00:00,407.08,411.86,403.97,410.19,24933.0,409.544,411,True
2026-02-18 21:00:00+00:00,410.72,410.72,410.72,410.72,60907.0,410.72,4,False
2026-02-18 22:00:00+00:00,410.72,410.72,410.72,410.72,0.0,410.72,0,False
2026-02-18 23:00:00+00:00,410.72,410.72,410.72,410.72,0.0,410.72,0,False
2026-02-19 00:00:00+00:00,410.72,410.72,410.72,410.72,0.0,410.72,0,False
2026-02-19 13:00:00+00:00,406.5,406.5,405.0,405.0,206.0,405.917,2,False
2026-02-19 14:00:00+00:00,405.23,408.38,400.17,405.58,7861.0,404.456,70,False
2026-02-19 15:00:00+00:00,404.0,410.21,402.64,408.95,19520.0,407.121,245,True
2026-02-19 16:00:00+00:00,409.54,410.85,404.47,405.5,5846.0,407.341,93,True
2026-02-19 17:00:00+00:00,403.44,405.23,391.89,393.23,24157.0,400.586,229,True
2026-02-19 18:00:00+00:00,393.16,399.96,389.21,399.96,14098.0,393.101,205,True
2026-02-19 19:00:00+00:00,398.73,404.52,398.54,401.11,14051.0,402.068,259,True
2026-02-19 20:00:00+00:00,401.04,401.95,393.65,396.38,43859.0,397.004,743,True
2026-02-19 21:00:00+00:00,396.57,396.57,396.57,396.57,45289.0,396.57,8,False
2026-02-19 22:00:00+00:00,396.57,396.57,396.57,396.57,0.0,396.57,0,False
2026-02-19 23:00:00+00:00,396.57,396.57,396.57,396.57,0.0,396.57,0,False
2026-02-20 00:00:00+00:00,396.57,396.57,396.57,396.57,0.0,396.57,0,False
2026-02-20 14:00:00+00:00,395.31,412.15,393.51,410.22,15410.0,401.481,92,False
2026-02-20 15:00:00+00:00,412.0,416.19,406.24,415.0,19157.0,411.043,295,True
2026-02-20 16:00:00+00:00,415.63,418.0,412.57,417.84,15185.0,415.543,199,True
2026-02-20 17:00:00+00:00,416.72,417.92,406.8,409.21,22371.0,411.083,348,True
2026-02-20 18:00:00+00:00,409.31,409.31,398.36,406.44,10124.0,403.963,183,True
2026-02-20 19:00:00+00:00,406.69,407.78,402.09,402.7,17329.0,404.099,250,True
2026-02-20 20:00:00+00:00,402.09,407.1,401.92,405.84,34886.0,404.752,559,True
2026-02-20 21:00:00+00:00,406.97,406.97,406.97,406.97,44972.0,406.97,10,False
2026-02-20 22:00:00+00:00,406.0,406.0,406.0,406.0,499.0,406.0,2,False
2026-02-20 23:00:00+00:00,406.0,406.0,406.0,406.0,0.0,406.0,0,False
2026-02-21 00:00:00+00:00,406.0,406.0,406.0,406.0,0.0,406.0,0,False
2026-02-23 13:00:00+00:00,403.75,403.75,403.75,403.75,76.0,403.75,1,False
2026-02-23 14:00:00+00:00,411.35,411.35,397.76,402.51,9845.0,407.277,89,False
2026-02-23 15:00:00+00:00,401.58,401.58,389.0,391.31,35593.0,394.254,464,True
2026-02-23 16:00:00+00:00,392.76,399.66,390.38,394.77,18659.0,394.758,264,True
2026-02-23 17:00:00+00:00,395.89,395.89,388.23,390.2,17306.0,392.239,243,True
2026-02-23 18:00:00+00:00,390.19,395.33,390.19,392.12,9794.0,393.536,147,True
2026-02-23 19:00:00+00:00,391.38,394.61,388.0,391.58,24268.0,390.957,374,True
2026-02-23 20:00:00+00:00,390.49,396.29,389.99,396.29,22280.0,393.455,380,True
2026-02-23 21:00:00+00:00,396.01,396.01,396.01,396.01,23484.0,396.01,3,False
2026-02-23 22:00:00+00:00,396.01,396.01,396.01,396.01,0.0,396.01,0,False
2026-02-23 23:00:00+00:00,397.1,399.0,397.1,399.0,272.0,398.644,2,False
2026-02-24 00:00:00+00:00,399.0,399.0,399.0,399.0,0.0,399.0,0,False
2026-02-24 12:00:00+00:00,397.3,397.3,397.3,397.3,50.0,397.3,1,False
2026-02-24 13:00:00+00:00,400.0,400.0,400.0,400.0,98.0,400.0,1,False
2026-02-24 14:00:00+00:00,399.97,408.45,395.0,403.35,15683.0,403.666,209,False
2026-02-24 15:00:00+00:00,403.97,410.86,401.9,408.86,29639.0,406.279,435,True
2026-02-24 16:00:00+00:00,407.73,410.22,399.01,407.23,20964.0,405.047,335,True
2026-02-24 17:00:00+00:00,407.25,410.9,406.27,407.24,14636.0,408.573,224,True
2026-02-24 18:00:00+00:00,407.68,409.49,406.83,409.44,11299.0,407.977,194,True
2026-02-24 19:00:00+00:00,409.35,410.99,408.0,408.17,13747.0,409.397,269,True
2026-02-24 20:00:00+00:00,408.64,409.64,404.4,404.6,31992.0,407.215,597,True
2026-02-24 21:00:00+00:00,404.7,405.0,404.7,405.0,28583.0,404.79,4,False
2026-02-24 22:00:00+00:00,405.8,405.8,405.8,405.8,50.0,405.8,1,False
2026-02-24 23:00:00+00:00,405.8,405.8,405.8,405.8,0.0,405.8,0,False
2026-02-25 00:00:00+00:00,405.8,405.8,405.8,405.8,0.0,405.8,0,False
2026-02-25 12:00:00+00:00,406.57,407.0,406.57,407.0,140.0,406.877,3,False
2026-02-25 13:00:00+00:00,400.0,410.0,400.0,410.0,150.0,403.333,2,False
2026-02-25 14:00:00+00:00,411.98,424.71,406.25,416.89,31187.0,415.769,323,False
2026-02-25 15:00:00+00:00,415.79,423.66,414.0,416.56,18122.0,418.452,291,True
2026-02-25 16:00:00+00:00,417.52,420.0,413.95,418.0,15275.0,416.863,200,True
2026-02-25 17:00:00+00:00,418.0,423.82,418.0,423.82,9421.0,420.947,169,True
2026-02-25 18:00:00+00:00,423.97,424.5,421.0,423.62,9886.0,423.212,150,True
2026-02-25 19:00:00+00:00,424.2,426.75,421.88,423.42,14305.0,424.216,259,True
2026-02-25 20:00:00+00:00,422.85,426.29,418.0,418.13,50421.0,421.884,802,True
2026-02-25 21:00:00+00:00,418.17,425.39,418.17,425.0,138634.0,418.176,4,False
2026-02-25 22:00:00+00:00,425.0,425.0,425.0,425.0,0.0,425.0,0,False
2026-02-25 23:00:00+00:00,425.0,425.0,425.0,425.0,0.0,425.0,0,False
2026-02-26 00:00:00+00:00,425.0,425.0,425.0,425.0,0.0,425.0,0,False
2026-02-26 14:00:00+00:00,421.01,421.01,398.47,400.59,25101.0,407.741,271,False
2026-02-26 15:00:00+00:00,400.35,405.19,389.32,402.62,36315.0,397.038,442,True
2026-02-26 16:00:00+00:00,403.18,404.46,392.46,392.46,16366.0,398.138,205,True
2026-02-26 17:00:00+00:00,392.77,393.77,389.36,390.0,9949.0,391.292,139,True
2026-02-26 18:00:00+00:00,390.5,390.94,385.0,386.86,11289.0,388.202,153,True
2026-02-26 19:00:00+00:00,387.26,398.08,387.26,396.69,38780.0,395.455,479,True
2026-02-26 20:00:00+00:00,396.68,399.6,392.25,398.03,48494.0,396.511,738,True
2026-02-26 21:00:00+00:00,397.86,400.5,397.86,400.5,26530.0,397.876,4,False
2026-02-26 22:00:00+00:00,400.5,400.5,400.5,400.5,0.0,400.5,0,False
2026-02-26 23:00:00+00:00,400.5,400.5,400.5,400.5,0.0,400.5,0,False
2026-02-27 00:00:00+00:00,400.5,400.5,400.5,400.5,0.0,400.5,0,False
2026-02-27 14:00:00+00:00,392.99,399.0,383.04,386.45,11572.0,389.821,143,False
2026-02-27 15:00:00+00:00,386.22,397.9,386.21,391.5,22436.0,393.064,332,True
2026-02-27 16:00:00+00:00,390.87,394.15,389.66,390.67,19934.0,391.021,246,True
2026-02-27 17:00:00+00:00,392.17,395.35,391.99,392.99,6637.0,393.504,120,True
2026-02-27 18:00:00+00:00,393.12,393.48,386.48,388.42,11758.0,391.144,98,True
2026-02-27 19:00:00+00:00,389.29,394.14,389.29,391.7,8135.0,391.903,147,True
2026-02-27 20:00:00+00:00,391.99,399.17,390.59,397.81,40650.0,395.97,703,True
2026-02-27 21:00:00+00:00,397.88,397.88,397.88,397.88,213852.0,397.88,20,False
2026-02-27 22:00:00+00:00,397.88,397.88,397.88,397.88,0.0,397.88,0,False
2026-02-27 23:00:00+00:00,397.88,397.88,397.88,397.88,0.0,397.88,0,False
2026-02-28 00:00:00+00:00,397.88,397.88,397.88,397.88,0.0,397.88,0,False
2026-03-02 14:00:00+00:00,386.94,412.2,386.88,410.0,13528.0,400.56,158,False
2026-03-02 15:00:00+00:00,411.18,416.0,403.36,408.94,24268.0,409.599,299,True
2026-03-02 16:00:00+00:00,409.5,425.85,409.5,424.23,22640.0,419.055,281,True
2026-03-02 17:00:00+00:00,424.23,427.42,421.46,425.6,26093.0,424.861,256,True
2026-03-02 18:00:00+00:00,425.96,432.99,424.93,430.9,35184.0,429.178,370,True
2026-03-02 19:00:00+00:00,430.3,434.71,424.53,433.01,33522.0,430.113,384,True
2026-03-02 20:00:00+00:00,432.52,441.49,432.23,441.15,51142.0,436.766,664,True
2026-03-02 21:00:00+00:00,440.8,440.8,440.8,440.8,39071.0,440.8,3,False
2026-03-02 22:00:00+00:00,440.8,440.8,440.8,440.8,0.0,440.8,0,False
2026-03-02 23:00:00+00:00,440.8,440.8,440.8,440.8,0.0,440.8,0,False
2026-03-03 00:00:00+00:00,440.8,440.8,440.8,440.8,0.0,440.8,0,False
2026-03-03 14:00:00+00:00,420.2,421.29,401.0,404.0,26877.0,411.323,292,False
2026-03-03 15:00:00+00:00,406.81,409.63,395.48,399.97,61386.0,400.201,806,True
2026-03-03 16:00:00+00:00,401.0,413.16,398.72,411.18,26881.0,407.157,336,True
2026-03-03 17:00:00+00:00,411.29,415.31,406.0,411.94,39122.0,410.354,508,True
2026-03-03 18:00:00+00:00,411.92,416.0,409.18,412.86,34150.0,412.819,475,True
2026-03-03 19:00:00+00:00,412.87,414.42,407.39,411.11,31981.0,410.556,395,True
2026-03-03 20:00:00+00:00,411.33,413.55,405.57,406.33,57356.0,408.221,818,True
2026-03-03 21:00:00+00:00,406.41,407.24,406.41,406.41,50785.0,406.411,11,False
2026-03-03 22:00:00+00:00,401.0,401.0,401.0,401.0,60.0,401.0,1,False
2026-03-03 23:00:00+00:00,401.0,401.0,401.0,401.0,0.0,401.0,0,False
2026-03-04 00:00:00+00:00,402.23,402.24,402.23,402.23,50.0,402.235,1,False
2026-03-04 13:00:00+00:00,412.52,412.52,410.99,411.0,3594.0,411.061,17,False
2026-03-04 14:00:00+00:00,409.0,411.0,393.84,403.9,25784.0,404.777,351,False
2026-03-04 15:00:00+00:00,407.01,417.72,400.02,405.91,38725.0,409.953,491,True
2026-03-04 16:00:00+00:00,406.12,408.06,391.87,395.87,59086.0,400.208,569,True
2026-03-04 17:00:00+00:00,397.48,397.82,390.0,390.77,28218.0,394.525,336,True
2026-03-04 18:00:00+00:00,390.77,391.53,382.49,387.76,37336.0,386.583,511,True
2026-03-04 19:00:00+00:00,387.76,389.36,382.35,383.21,22939.0,385.308,332,True
2026-03-04 20:00:00+00:00,382.83,384.5,380.11,383.04,56535.0,382.658,890,True
2026-03-04 21:00:00+00:00,383.47,384.06,383.47,383.5,27450.0,383.471,4,False
2026-03-04 22:00:00+00:00,383.5,383.5,383.5,383.5,0.0,383.5,0,False
2026-03-04 23:00:00+00:00,387.0,387.5,387.0,387.5,157.0,387.277,2,False
2026-03-05 00:00:00+00:00,395.0,395.0,384.1,384.2,17296.0,387.513,58,False
2026-03-05 10:00:00+00:00,392.3,392.3,384.3,384.4,780.0,387.941,4,False
2026-03-05 11:00:00+00:00,384.4,384.4,384.4,384.4,0.0,384.4,0,False
2026-03-05 12:00:00+00:00,384.4,384.4,384.4,384.4,0.0,384.4,0,False
2026-03-05 13:00:00+00:00,381.0,381.0,381.0,381.0,97.0,381.0,2,False
2026-03-05 14:00:00+00:00,380.0,387.24,370.0,385.0,54664.0,380.518,667,False
2026-03-05 15:00:00+00:00,385.05,391.84,380.04,384.9,27912.0,386.258,405,True
2026-03-05 16:00:00+00:00,384.89,385.84,375.05,376.34,20443.0,380.837,314,True
2026-03-05 17:00:00+00:00,376.33,377.61,365.01,367.1,25796.0,370.605,340,True
2026-03-05 18:00:00+00:00,366.1,367.85,357.3,358.12,25086.0,361.373,366,True
2026-03-05 19:00:00+00:00,357.0,358.28,351.82,355.3,38363.0,354.485,603,True
2026-03-05 20:00:00+00:00,356.2,361.0,353.06,355.59,106425.0,356.609,1467,True
2026-03-05 21:00:00+00:00,356.09,356.09,355.09,356.09,45414.0,356.089,6,False
2026-03-05 22:00:00+00:00,355.96,355.96,354.0,354.0,200.0,354.98,2,False
2026-03-05 23:00:00+00:00,355.3,355.96,355.3,355.96,147.0,355.749,2,False
2026-03-06 00:00:00+00:00,357.0,357.0,357.0,357.0,60.0,357.0,1,False
2026-03-06 09:00:00+00:00,357.16,357.16,351.0,351.0,157.0,355.49,3,False
2026-03-06 10:00:00+00:00,351.0,351.0,351.0,351.0,0.0,351.0,0,False
2026-03-06 11:00:00+00:00,351.0,351.0,351.0,351.0,0.0,351.0,0,False
2026-03-06 12:00:00+00:00,351.0,351.0,351.0,351.0,0.0,351.0,0,False
2026-03-06 13:00:00+00:00,351.0,351.0,351.0,351.0,0.0,351.0,0,False
2026-03-06 14:00:00+00:00,340.62,353.94,340.0,343.0,39262.0,346.796,438,False
2026-03-06 15:00:00+00:00,344.25,348.96,339.06,343.19,83863.0,345.968,918,True
2026-03-06 16:00:00+00:00,343.16,351.3,339.28,346.39,38058.0,343.608,444,True
2026-03-06 17:00:00+00:00,346.21,347.41,337.56,337.93,15597.0,341.703,262,True
2026-03-06 18:00:00+00:00,337.96,345.0,337.62,340.32,21253.0,341.494,363,True
2026-03-06 19:00:00+00:00,339.65,342.95,338.89,339.77,21009.0,340.633,332,True
2026-03-06 20:00:00+00:00,339.03,341.1,325.1,327.46,109175.0,329.422,1447,True
2026-03-06 21:00:00+00:00,327.35,327.35,325.09,325.09,74761.0,327.349,7,False
2026-03-06 22:00:00+00:00,325.09,325.09,325.09,325.09,0.0,325.09,0,False
2026-03-06 23:00:00+00:00,328.0,328.0,328.0,328.0,50.0,328.0,1,False
2026-03-07 00:00:00+00:00,327.13,328.0,325.0,328.0,195.0,326.726,3,False
2026-03-09 11:00:00+00:00,319.99,319.99,319.99,319.99,80.0,319.99,2,False
2026-03-09 12:00:00+00:00,322.99,322.99,320.0,320.0,152.0,320.984,2,False
2026-03-09 13:00:00+00:00,316.24,319.89,305.21,310.71,71204.0,312.381,707,False
2026-03-09 14:00:00+00:00,309.51,322.0,307.82,320.01,94813.0,317.385,1165,True
2026-03-09 15:00:00+00:00,320.19,329.06,318.72,327.84,61838.0,323.614,748,True
2026-03-09 16:00:00+00:00,327.99,337.7,327.58,336.6,70836.0,334.436,936,True
2026-03-09 17:00:00+00:00,337.01,338.65,334.7,337.42,36179.0,336.454,551,True
2026-03-09 18:00:00+00:00,337.81,340.21,337.14,337.49,25568.0,338.479,421,True
2026-03-09 19:00:00+00:00,337.91,357.53,336.13,356.83,142869.0,352.766,1997,True
2026-03-09 20:00:00+00:00,356.34,366.38,356.34,361.89,56971.0,356.489,36,False
2026-03-09 21:00:00+00:00,362.7,362.7,361.88,361.88,148.0,362.346,3,False
2026-03-09 22:00:00+00:00,359.0,359.0,359.0,359.0,46.0,359.0,1,False
2026-03-09 23:00:00+00:00,359.0,359.0,359.0,359.0,0.0,359.0,0,False
2026-03-10 12:00:00+00:00,360.99,360.99,355.28,360.0,1539.0,357.954,20,False
2026-03-10 13:00:00+00:00,356.49,368.85,356.49,365.5,15264.0,362.191,114,False
2026-03-10 14:00:00+00:00,365.12,370.97,363.87,370.61,27984.0,366.926,296,True
2026-03-10 15:00:00+00:00,370.5,373.24,368.24,371.32,20314.0,371.738,274,True
2026-03-10 16:00:00+00:00,371.91,371.98,366.42,366.42,12887.0,369.33,180,True
2026-03-10 17:00:00+00:00,366.43,372.11,365.33,369.54,13301.0,368.934,213,True
2026-03-10 18:00:00+00:00,370.04,370.04,358.0,358.57,16249.0,362.8,265,True
2026-03-10 19:00:00+00:00,358.52,364.56,354.0,355.95,59028.0,358.68,796,True
2026-03-10 20:00:00+00:00,355.3,355.3,355.3,355.3,56303.0,355.3,6,False
2026-03-10 21:00:00+00:00,355.3,355.3,355.3,355.3,0.0,355.3,0,False
2026-03-10 22:00:00+00:00,356.5,356.5,356.5,356.5,90.0,356.5,2,False
2026-03-10 23:00:00+00:00,356.5,356.5,356.5,356.5,0.0,356.5,0,False
2026-03-11 13:00:00+00:00,353.06,362.77,353.06,359.87,12029.0,357.825,108,False
2026-03-11 14:00:00+00:00,361.99,364.49,353.15,354.66,20715.0,358.472,313,True
2026-03-11 15:00:00+00:00,355.47,359.6,353.74,353.91,21423.0,356.602,366,True
2026-03-11 16:00:00+00:00,353.71,357.42,351.81,357.42,18800.0,354.553,308,True
2026-03-11 17:00:00+00:00,357.43,358.14,350.93,354.69,19705.0,355.843,294,True
2026-03-11 18:00:00+00:00,354.94,356.82,352.18,352.18,12924.0,354.709,206,True
2026-03-11 19:00:00+00:00,352.19,352.68,348.6,350.92,40594.0,350.285,614,True
2026-03-11 20:00:00+00:00,350.93,350.93,350.93,350.93,28296.0,350.93,12,False
2026-03-11 21:00:00+00:00,350.93,350.93,350.93,350.93,0.0,350.93,0,False
2026-03-11 22:00:00+00:00,348.1,348.11,348.1,348.1,50.0,348.105,1,False
2026-03-11 23:00:00+00:00,345.58,345.58,345.58,345.58,120.0,345.58,1,False
2026-03-12 13:00:00+00:00,340.6,346.67,331.21,332.23,28351.0,339.447,233,False
2026-03-12 14:00:00+00:00,335.8,339.22,315.01,315.94,75398.0,323.437,971,True
2026-03-12 15:00:00+00:00,315.48,322.62,310.84,321.81,45591.0,315.624,643,True
2026-03-12 16:00:00+00:00,323.9,325.08,320.02,323.47,13283.0,322.452,170,True
2026-03-12 17:00:00+00:00,324.29,326.28,320.31,322.08,32260.0,323.29,525,True
2026-03-12 18:00:00+00:00,321.49,324.31,320.0,320.76,20193.0,322.608,290,True
2026-03-12 19:00:00+00:00,320.0,323.33,315.27,322.87,80538.0,319.62,1357,True
2026-03-12 20:00:00+00:00,322.88,322.88,322.88,322.88,39548.0,322.88,1,False
2026-03-12 21:00:00+00:00,322.95,322.95,322.95,322.95,50.0,322.95,1,False
2026-03-12 22:00:00+00:00,322.95,322.95,322.95,322.95,0.0,322.95,0,False
2026-03-12 23:00:00+00:00,329.0,329.0,329.0,329.0,50.0,329.0,1,False
2026-03-13 08:00:00+00:00,322.67,323.0,322.03,323.0,391.0,322.767,8,False
2026-03-13 09:00:00+00:00,323.0,323.0,323.0,323.0,0.0,323.0,0,False
2026-03-13 10:00:00+00:00,330.0,330.0,330.0,330.0,180.0,330.0,1,False
2026-03-13 11:00:00+00:00,330.0,330.0,330.0,330.0,0.0,330.0,0,False
2026-03-13 12:00:00+00:00,330.78,336.0,330.78,336.0,150.0,332.52,2,False
2026-03-13 13:00:00+00:00,336.0,342.94,330.0,336.53,35051.0,337.441,384,False
2026-03-13 14:00:00+00:00,337.56,338.41,327.32,330.93,29699.0,332.142,404,True
2026-03-13 15:00:00+00:00,331.27,332.18,327.0,330.13,13743.0,329.761,197,True
2026-03-13 16:00:00+00:00,329.38,329.86,323.84,326.32,15893.0,326.949,221,True
2026-03-13 17:00:00+00:00,325.11,326.84,322.75,323.45,7334.0,324.797,103,True
2026-03-13 18:00:00+00:00,323.57,325.25,321.87,324.4,6342.0,323.755,98,True
2026-03-13 19:00:00+00:00,324.03,326.13,321.95,326.13,38033.0,324.032,587,True
2026-03-13 20:00:00+00:00,326.13,326.13,326.13,326.13,34059.0,326.13,2,False
2026-03-13 21:00:00+00:00,326.13,326.13,326.13,326.13,0.0,326.13,0,False
2026-03-13 22:00:00+00:00,326.2,326.2,319.61,319.61,240.0,320.763,2,False
2026-03-13 23:00:00+00:00,319.61,319.61,319.61,319.61,0.0,319.61,0,False
2026-03-16 08:00:00+00:00,330.06,330.06,330.0,330.0,181.0,330.024,4,False
2026-03-16 09:00:00+00:00,330.0,330.0,330.0,330.0,0.0,330.0,0,False
2026-03-16 10:00:00+00:00,330.0,330.0,330.0,330.0,0.0,330.0,0,False
2026-03-16 11:00:00+00:00,333.6,338.0,333.6,335.0,193.0,335.971,3,False
2026-03-16 12:00:00+00:00,338.0,342.0,337.99,339.9,1554.0,339.672,13,False
2026-03-16 13:00:00+00:00,338.39,355.0,338.24,352.47,31199.0,350.437,318,False
2026-03-16 14:00:00+00:00,351.84,353.99,342.63,345.8,39538.0,350.695,511,True
2026-03-16 15:00:00+00:00,345.48,351.16,344.75,345.11,14312.0,347.218,228,True
2026-03-16 16:00:00+00:00,345.11,347.73,343.8,347.73,13526.0,345.807,202,True
2026-03-16 17:00:00+00:00,348.5,350.3,346.94,347.23,9138.0,348.382,158,True
2026-03-16 18:00:00+00:00,348.15,351.45,347.37,350.2,10923.0,349.522,193,True
2026-03-16 19:00:00+00:00,350.19,350.28,341.5,342.09,40786.0,343.402,749,True
2026-03-16 20:00:00+00:00,341.69,341.69,341.69,341.69,54626.0,341.69,6,False
2026-03-16 21:00:00+00:00,341.69,341.69,341.69,341.69,0.0,341.69,0,False
2026-03-16 22:00:00+00:00,341.69,341.69,341.69,341.69,0.0,341.69,0,False
2026-03-16 23:00:00+00:00,341.69,341.69,341.69,341.69,0.0,341.69,0,False
2026-03-17 12:00:00+00:00,343.0,343.0,337.35,340.1,854.0,340.866,4,False
2026-03-17 13:00:00+00:00,342.01,351.2,338.66,350.23,7554.0,343.531,72,False
2026-03-17 14:00:00+00:00,350.64,352.0,344.59,345.43,11110.0,347.245,158,True
2026-03-17 15:00:00+00:00,345.53,345.53,341.02,343.15,12823.0,343.026,210,True
2026-03-17 16:00:00+00:00,342.34,346.99,341.43,346.99,12716.0,344.097,188,True
2026-03-17 17:00:00+00:00,346.33,347.52,342.51,347.21,11040.0,345.677,116,True
2026-03-17 18:00:00+00:00,347.0,348.22,343.56,345.85,13203.0,345.911,167,True
2026-03-17 19:00:00+00:00,345.88,347.9,345.31,346.0,44980.0,346.206,663,True
2026-03-17 20:00:00+00:00,346.0,348.0,346.0,348.0,35634.0,346.014,19,False
2026-03-17 21:00:00+00:00,348.0,348.0,348.0,348.0,0.0,348.0,0,False
2026-03-17 22:00:00+00:00,348.0,348.0,348.0,348.0,0.0,348.0,0,False
2026-03-17 23:00:00+00:00,348.0,348.0,348.0,348.0,0.0,348.0,0,False
2026-03-18 09:00:00+00:00,355.98,355.98,353.96,353.96,244.0,355.525,4,False
2026-03-18 10:00:00+00:00,354.0,358.0,354.0,357.1,595.0,356.647,6,False
2026-03-18 11:00:00+00:00,354.99,354.99,353.99,353.99,293.0,354.604,2,False
2026-03-18 12:00:00+00:00,348.0,350.5,341.21,348.0,2934.0,347.822,29,False
2026-03-18 13:00:00+00:00,346.0,355.0,346.0,353.15,9431.0,351.652,75,False
2026-03-18 14:00:00+00:00,353.15,357.46,346.83,349.98,21616.0,351.171,248,True
2026-03-18 15:00:00+00:00,352.0,354.06,347.66,348.53,5752.0,350.903,108,True
2026-03-18 16:00:00+00:00,348.52,351.29,347.49,348.46,8037.0,349.44,145,True
2026-03-18 17:00:00+00:00,348.46,353.9,347.92,352.97,8411.0,351.468,164,True
2026-03-18 18:00:00+00:00,352.97,355.0,348.0,348.0,41195.0,352.777,533,True
2026-03-18 19:00:00+00:00,348.0,349.4,343.26,343.93,31363.0,346.864,468,True
2026-03-18 20:00:00+00:00,343.78,343.78,342.99,343.0,48943.0,343.778,4,False
2026-03-18 21:00:00+00:00,343.0,343.0,343.0,343.0,0.0,343.0,0,False
2026-03-18 22:00:00+00:00,349.84,349.84,349.84,349.84,171.0,349.84,2,False
2026-03-18 23:00:00+00:00,341.17,341.18,341.17,341.17,100.0,341.171,1,False
2026-03-19 11:00:00+00:00,341.0,341.0,341.0,341.0,56.0,341.0,1,False
2026-03-19 12:00:00+00:00,341.0,341.0,341.0,341.0,0.0,341.0,0,False
2026-03-19 13:00:00+00:00,335.0,340.23,328.0,339.73,10361.0,333.583,105,False
2026-03-19 14:00:00+00:00,339.86,345.1,338.6,342.86,15247.0,342.76,191,True
2026-03-19 15:00:00+00:00,341.0,347.4,341.0,347.37,33447.0,342.838,189,True
2026-03-19 16:00:00+00:00,349.56,353.29,348.35,351.43,12071.0,350.665,153,True
2026-03-19 17:00:00+00:00,350.09,352.09,347.27,349.91,7921.0,349.617,109,True
2026-03-19 18:00:00+00:00,349.49,353.3,349.49,352.29,7273.0,351.579,135,True
2026-03-19 19:00:00+00:00,353.05,362.8,353.05,356.78,23776.0,357.974,387,True
2026-03-19 20:00:00+00:00,356.43,356.43,356.43,356.43,23806.0,356.43,5,False
2026-03-19 21:00:00+00:00,356.43,356.43,356.43,356.43,0.0,356.43,0,False
2026-03-19 22:00:00+00:00,356.43,356.43,356.43,356.43,0.0,356.43,0,False
2026-03-19 23:00:00+00:00,364.0,364.15,364.0,364.15,234.0,364.102,3,False
2026-03-20 09:00:00+00:00,356.43,356.43,356.43,356.43,56.0,356.43,1,False
2026-03-20 10:00:00+00:00,355.0,355.0,348.36,348.72,519.0,352.385,9,False
2026-03-20 11:00:00+00:00,350.5,355.08,350.5,355.08,97.0,352.53,2,False
2026-03-20 12:00:00+00:00,353.1,353.1,353.1,353.1,50.0,353.1,1,False
2026-03-20 13:00:00+00:00,356.45,358.5,347.05,348.17,26861.0,355.36,118,False
2026-03-20 14:00:00+00:00,347.62,352.15,344.59,345.8,16386.0,348.085,184,True
2026-03-20 15:00:00+00:00,347.58,351.45,345.66,346.94,7294.0,348.161,104,True
2026-03-20 16:00:00+00:00,346.87,349.51,344.27,346.39,5713.0,346.125,90,True
2026-03-20 17:00:00+00:00,347.13,347.32,339.42,340.96,11142.0,342.471,139,True
2026-03-20 18:00:00+00:00,341.11,342.23,334.35,335.0,14665.0,336.785,180,True
2026-03-20 19:00:00+00:00,335.93,338.63,322.91,325.75,294764.0,328.489,3188,True
2026-03-20 20:00:00+00:00,325.77,331.6,325.32,325.32,2446256.0,325.321,18,False
2026-03-20 21:00:00+00:00,329.85,329.85,329.84,329.85,100.0,329.848,1,False
2026-03-20 22:00:00+00:00,328.1,329.68,328.1,329.68,111.0,328.812,2,False
2026-03-20 23:00:00+00:00,329.0,329.97,329.0,329.7,529.0,329.792,4,False
2026-03-23 11:00:00+00:00,329.99,335.02,329.99,335.0,839.0,333.433,12,False
2026-03-23 12:00:00+00:00,325.0,335.01,303.51,332.0,3147.0,328.196,11,False
2026-03-23 13:00:00+00:00,331.0,362.0,330.31,359.37,42648.0,350.298,456,False
2026-03-23 14:00:00+00:00,360.06,362.81,353.5,361.64,36908.0,358.696,628,True
2026-03-23 15:00:00+00:00,362.0,364.18,352.75,352.81,46135.0,359.871,735,True
2026-03-23 16:00:00+00:00,353.35,357.41,351.0,351.59,18968.0,354.275,348,True
2026-03-23 17:00:00+00:00,351.97,352.28,347.49,348.27,36194.0,350.048,553,True
2026-03-23 18:00:00+00:00,348.26,353.47,348.26,350.92,65421.0,350.677,893,True
2026-03-23 19:00:00+00:00,350.75,350.75,345.42,345.93,91990.0,347.85,1289,True
2026-03-23 20:00:00+00:00,346.17,346.17,345.93,346.17,43129.0,346.17,8,False
2026-03-23 21:00:00+00:00,346.17,346.17,346.17,346.17,0.0,346.17,0,False
2026-03-23 22:00:00+00:00,350.8,350.8,350.8,350.8,75.0,350.8,1,False
2026-03-23 23:00:00+00:00,351.24,351.25,351.24,351.24,45.0,351.242,1,False
2026-03-24 13:00:00+00:00,340.0,350.0,337.0,343.14,16695.0,344.257,192,False
2026-03-24 14:00:00+00:00,343.14,350.0,337.99,344.85,17674.0,343.138,212,True
2026-03-24 15:00:00+00:00,345.51,357.85,343.63,353.39,23262.0,352.895,316,True
2026-03-24 16:00:00+00:00,352.24,353.39,349.37,351.33,11632.0,350.947,173,True
2026-03-24 17:00:00+00:00,351.32,351.34,345.81,349.63,12835.0,348.359,187,True
2026-03-24 18:00:00+00:00,349.73,357.22,347.29,354.96,13427.0,352.115,189,True
2026-03-24 19:00:00+00:00,353.99,357.26,353.65,354.43,44197.0,354.836,655,True
2026-03-24 20:00:00+00:00,354.35,362.48,354.35,362.48,55837.0,354.363,4,False
2026-03-24 21:00:00+00:00,361.37,361.37,361.37,361.37,50.0,361.37,1,False
2026-03-24 22:00:00+00:00,361.37,361.37,361.37,361.37,0.0,361.37,0,False
2026-03-24 23:00:00+00:00,361.61,361.62,361.61,361.61,44.0,361.611,1,False
2026-03-25 08:00:00+00:00,360.52,360.52,360.52,360.52,40.0,360.52,1,False
2026-03-25 09:00:00+00:00,360.52,360.52,360.52,360.52,0.0,360.52,0,False
2026-03-25 10:00:00+00:00,360.52,360.52,360.52,360.52,0.0,360.52,0,False
2026-03-25 11:00:00+00:00,362.01,362.01,362.01,362.01,40.0,362.01,1,False
2026-03-25 12:00:00+00:00,362.0,362.0,362.0,362.0,44.0,362.0,1,False
2026-03-25 13:00:00+00:00,360.9,370.0,358.42,365.1,19951.0,364.513,233,False
2026-03-25 14:00:00+00:00,365.92,375.28,364.34,366.77,31585.0,371.504,443,True
2026-03-25 15:00:00+00:00,366.77,366.77,357.58,358.91,18352.0,361.05,276,True
2026-03-25 16:00:00+00:00,358.86,359.1,345.79,352.17,32921.0,351.191,515,True
2026-03-25 17:00:00+00:00,353.0,354.63,350.74,352.54,10109.0,352.604,182,True
2026-03-25 18:00:00+00:00,352.74,356.22,348.95,350.58,14239.0,353.122,208,True
2026-03-25 19:00:00+00:00,349.64,355.05,349.38,354.92,36433.0,352.59,575,True
2026-03-25 20:00:00+00:00,354.5,354.5,354.5,354.5,29357.0,354.5,13,False
2026-03-25 21:00:00+00:00,354.5,354.5,354.5,354.5,0.0,354.5,0,False
2026-03-25 22:00:00+00:00,354.5,354.5,354.5,354.5,0.0,354.5,0,False
2026-03-25 23:00:00+00:00,354.5,354.5,354.5,354.5,0.0,354.5,0,False
2026-03-26 12:00:00+00:00,340.0,344.51,340.0,344.5,198.0,343.367,3,False
2026-03-26 13:00:00+00:00,344.48,346.42,335.0,339.93,17620.0,340.403,178,False
2026-03-26 14:00:00+00:00,340.5,347.73,336.64,339.64,32538.0,341.58,502,True
2026-03-26 15:00:00+00:00,339.64,345.67,337.85,343.19,5754.0,341.094,109,True
2026-03-26 16:00:00+00:00,344.04,346.62,339.96,342.13,22406.0,344.039,312,True
2026-03-26 17:00:00+00:00,343.31,343.31,336.38,336.88,23188.0,340.704,335,True
2026-03-26 18:00:00+00:00,337.48,339.74,336.83,337.15,16779.0,338.359,253,True
2026-03-26 19:00:00+00:00,337.19,338.11,331.55,334.64,38281.0,334.099,620,True
2026-03-26 20:00:00+00:00,334.67,334.67,334.67,334.67,27675.0,334.67,5,False
2026-03-26 21:00:00+00:00,334.67,334.67,334.67,334.67,0.0,334.67,0,False
2026-03-26 22:00:00+00:00,334.67,334.67,334.67,334.67,0.0,334.67,0,False
2026-03-26 23:00:00+00:00,334.67,334.67,334.67,334.67,0.0,334.67,0,False
2026-03-27 10:00:00+00:00,325.52,325.52,325.52,325.52,40.0,325.52,1,False
2026-03-27 11:00:00+00:00,329.75,335.46,329.75,330.0,276.0,331.531,6,False
2026-03-27 12:00:00+00:00,330.0,335.57,330.0,335.57,110.0,333.038,2,False
2026-03-27 13:00:00+00:00,328.16,335.57,319.01,321.41,16420.0,326.569,235,False
2026-03-27 14:00:00+00:00,322.94,328.67,319.89,323.02,10312.0,323.265,157,True
2026-03-27 15:00:00+00:00,324.0,334.0,322.3,332.22,15926.0,328.095,263,True
2026-03-27 16:00:00+00:00,331.56,332.75,329.48,331.12,8518.0,331.183,173,True
2026-03-27 17:00:00+00:00,330.03,333.28,325.49,325.79,19560.0,329.448,334,True
2026-03-27 18:00:00+00:00,325.79,329.55,324.5,327.29,9284.0,327.033,177,True
2026-03-27 19:00:00+00:00,327.29,327.85,323.49,327.2,168486.0,325.943,1785,True
2026-03-27 20:00:00+00:00,327.2,327.2,327.2,327.2,36618.0,327.2,4,False
2026-03-27 21:00:00+00:00,327.2,327.2,327.2,327.2,0.0,327.2,0,False
2026-03-27 22:00:00+00:00,327.2,327.2,327.2,327.2,0.0,327.2,0,False
2026-03-27 23:00:00+00:00,327.2,327.2,327.2,327.2,0.0,327.2,0,False
2026-03-30 10:00:00+00:00,328.82,328.82,328.82,328.82,40.0,328.82,1,False
2026-03-30 11:00:00+00:00,333.9,333.9,333.0,333.0,126.0,333.614,2,False
2026-03-30 12:00:00+00:00,333.0,333.0,333.0,333.0,0.0,333.0,0,False
2026-03-30 13:00:00+00:00,330.0,333.15,316.18,322.03,66382.0,325.157,457,False
2026-03-30 14:00:00+00:00,323.97,325.61,312.29,317.09,32951.0,322.862,406,True
2026-03-30 15:00:00+00:00,317.89,321.59,316.26,319.38,48562.0,318.924,518,True
2026-03-30 16:00:00+00:00,319.37,319.87,314.01,317.3,9034.0,317.123,150,True
2026-03-30 17:00:00+00:00,318.09,318.95,312.06,314.52,56660.0,316.058,372,True
2026-03-30 18:00:00+00:00,314.91,316.0,308.74,308.75,25286.0,311.814,348,True
2026-03-30 19:00:00+00:00,308.91,314.83,306.62,311.94,66894.0,310.803,874,True
2026-03-30 20:00:00+00:00,311.23,311.23,311.23,311.23,34923.0,311.23,15,False
2026-03-30 21:00:00+00:00,311.39,311.39,310.0,310.0,328.0,310.798,3,False
2026-03-30 22:00:00+00:00,310.0,310.0,310.0,310.0,0.0,310.0,0,False
2026-03-30 23:00:00+00:00,310.0,310.0,310.0,310.0,0.0,310.0,0,False
2026-03-31 11:00:00+00:00,318.01,318.5,317.02,317.02,147.0,317.863,3,False
2026-03-31 12:00:00+00:00,318.49,318.49,318.49,318.49,49.0,318.49,1,False
2026-03-31 13:00:00+00:00,321.0,334.78,315.78,333.59,18734.0,325.166,155,False
2026-03-31 14:00:00+00:00,333.84,339.0,328.81,329.55,74027.0,334.459,801,True
2026-03-31 15:00:00+00:00,329.63,334.19,329.62,331.83,25939.0,331.972,364,True
2026-03-31 16:00:00+00:00,333.06,349.0,332.6,343.84,46849.0,340.976,646,True
2026-03-31 17:00:00+00:00,344.16,349.89,343.42,345.71,23658.0,346.795,401,True
2026-03-31 18:00:00+00:00,346.55,351.28,342.01,343.68,32077.0,346.646,470,True
2026-03-31 19:00:00+00:00,343.58,346.08,340.86,345.81,86643.0,344.308,1216,True
2026-03-31 20:00:00+00:00,345.35,345.35,345.35,345.35,101981.0,345.35,6,False
2026-03-31 21:00:00+00:00,345.35,345.35,345.35,345.35,0.0,345.35,0,False
2026-03-31 22:00:00+00:00,346.59,346.59,346.59,346.59,150.0,346.59,1,False
2026-03-31 23:00:00+00:00,346.59,346.59,346.59,346.59,0.0,346.59,0,False
2026-04-01 11:00:00+00:00,351.04,353.01,351.04,353.01,849.0,351.627,4,False
2026-04-01 12:00:00+00:00,353.01,353.01,353.01,353.01,0.0,353.01,0,False
2026-04-01 13:00:00+00:00,350.06,363.1,349.84,358.81,30594.0,354.157,213,False
2026-04-01 14:00:00+00:00,358.58,359.94,352.75,357.25,45837.0,356.9,479,True
2026-04-01 15:00:00+00:00,356.56,365.0,356.56,363.76,18210.0,361.119,270,True
2026-04-01 16:00:00+00:00,363.43,364.17,361.21,362.71,16166.0,362.774,240,True
2026-04-01 17:00:00+00:00,363.56,366.39,363.37,364.9,22310.0,364.931,295,True
2026-04-01 18:00:00+00:00,365.07,366.35,357.02,357.15,48410.0,363.694,487,True
2026-04-01 19:00:00+00:00,356.84,361.43,352.93,354.3,33344.0,355.343,513,True
2026-04-01 20:00:00+00:00,354.8,354.8,354.33,354.33,32010.0,354.331,9,False
2026-04-01 21:00:00+00:00,354.33,354.33,354.33,354.33,0.0,354.33,0,False
2026-04-01 22:00:00+00:00,354.33,354.33,354.33,354.33,0.0,354.33,0,False
2026-04-01 23:00:00+00:00,352.0,352.0,352.0,352.0,65.0,352.0,1,False
2026-04-02 11:00:00+00:00,346.17,346.17,336.0,336.0,756.0,340.932,10,False
2026-04-02 12:00:00+00:00,330.0,330.0,330.0,330.0,250.0,330.0,1,False
2026-04-02 13:00:00+00:00,341.01,343.01,330.0,341.2,18550.0,335.141,176,False
2026-04-02 14:00:00+00:00,341.81,351.64,335.03,346.93,29013.0,343.996,402,True
2026-04-02 15:00:00+00:00,347.89,349.26,342.27,344.36,42405.0,346.643,353,True
2026-04-02 16:00:00+00:00,344.91,347.44,341.66,346.26,9127.0,344.981,152,True
2026-04-02 17:00:00+00:00,346.16,347.4,343.51,344.21,13062.0,345.753,235,True
2026-04-02 18:00:00+00:00,344.25,348.44,343.8,348.31,14679.0,346.408,237,True
2026-04-02 19:00:00+00:00,347.82,349.55,346.61,347.04,34138.0,347.616,544,True
2026-04-02 20:00:00+00:00,347.05,347.05,347.05,347.05,28976.0,347.05,19,False
2026-04-02 21:00:00+00:00,346.36,346.37,346.36,346.36,61.0,346.36,1,False
2026-04-02 22:00:00+00:00,346.36,346.36,346.36,346.36,0.0,346.36,0,False
2026-04-02 23:00:00+00:00,346.36,346.37,346.36,346.36,0.0,346.36,0,False
2026-04-06 13:00:00+00:00,347.41,353.92,346.12,348.41,8198.0,348.343,108,False
2026-04-06 14:00:00+00:00,348.6,350.24,343.77,346.88,16454.0,346.302,251,True
2026-04-06 15:00:00+00:00,346.77,348.81,344.56,348.81,3203.0,346.225,59,True
2026-04-06 16:00:00+00:00,346.75,350.18,345.18,349.5,11582.0,348.386,228,True
2026-04-06 17:00:00+00:00,349.7,351.89,346.76,351.89,18592.0,349.434,350,True
2026-04-06 18:00:00+00:00,351.66,362.76,351.57,360.33,43264.0,358.667,753,True
2026-04-06 19:00:00+00:00,359.79,366.43,359.42,364.28,87314.0,363.57,1420,True
2026-04-06 20:00:00+00:00,363.94,363.94,363.94,363.94,82438.0,363.94,3,False
2026-04-06 21:00:00+00:00,363.94,363.94,363.94,363.94,0.0,363.94,0,False
2026-04-06 22:00:00+00:00,363.94,363.94,363.94,363.94,0.0,363.94,0,False
2026-04-06 23:00:00+00:00,363.94,363.94,363.94,363.94,0.0,363.94,0,False
2026-04-07 13:00:00+00:00,360.0,368.79,358.84,365.76,17244.0,364.095,203,False
2026-04-07 14:00:00+00:00,365.39,367.44,359.05,362.31,31795.0,363.332,373,True
2026-04-07 15:00:00+00:00,361.45,365.82,359.04,361.83,11186.0,362.879,156,True
2026-04-07 16:00:00+00:00,362.26,365.85,360.44,363.29,34111.0,363.383,453,True
2026-04-07 17:00:00+00:00,363.04,364.41,358.4,359.5,22309.0,362.021,326,True
2026-04-07 18:00:00+00:00,359.97,361.28,355.37,359.15,21278.0,358.138,340,True
2026-04-07 19:00:00+00:00,359.47,372.61,359.47,371.61,67380.0,369.616,967,True
2026-04-07 20:00:00+00:00,371.5,371.5,371.5,371.5,44882.0,371.5,11,False
2026-04-07 21:00:00+00:00,371.5,371.5,371.5,371.5,0.0,371.5,0,False
2026-04-07 22:00:00+00:00,377.14,377.14,377.14,377.14,80.0,377.14,2,False
2026-04-07 23:00:00+00:00,388.87,388.87,388.87,388.87,40.0,388.87,1,False
2026-04-08 12:00:00+00:00,396.0,396.0,396.0,396.0,50.0,396.0,1,False
2026-04-08 13:00:00+00:00,396.0,403.05,390.0,393.75,24271.0,396.041,279,False
2026-04-08 14:00:00+00:00,392.71,392.92,379.05,380.34,19425.0,387.645,303,True
2026-04-08 15:00:00+00:00,381.87,394.0,381.76,392.56,16895.0,387.715,216,True
2026-04-08 16:00:00+00:00,391.95,395.2,391.86,394.74,8978.0,393.394,167,True
2026-04-08 17:00:00+00:00,395.2,396.18,392.14,395.56,15007.0,394.144,236,True
2026-04-08 18:00:00+00:00,395.76,398.8,391.98,393.01,18847.0,395.04,339,True
2026-04-08 19:00:00+00:00,391.84,397.65,391.84,395.18,54083.0,394.854,918,True
2026-04-08 20:00:00+00:00,395.09,395.09,394.92,394.92,70333.0,394.921,23,False
2026-04-08 21:00:00+00:00,394.92,394.92,394.92,394.92,0.0,394.92,0,False
2026-04-08 22:00:00+00:00,394.92,394.92,394.92,394.92,0.0,394.92,0,False
2026-04-08 23:00:00+00:00,394.92,394.92,394.92,394.92,0.0,394.92,0,False
2026-04-09 13:00:00+00:00,394.9,406.0,393.22,404.99,18489.0,401.561,183,False
2026-04-09 14:00:00+00:00,403.57,404.0,392.76,398.72,23449.0,396.546,279,True
2026-04-09 15:00:00+00:00,397.81,402.45,397.06,401.35,14411.0,399.675,249,True
2026-04-09 16:00:00+00:00,401.35,403.38,398.97,401.99,21147.0,401.244,339,True
2026-04-09 17:00:00+00:00,401.99,406.12,401.2,405.04,28897.0,404.16,427,True
2026-04-09 18:00:00+00:00,405.04,405.88,401.37,403.27,22343.0,402.892,332,True
2026-04-09 19:00:00+00:00,403.17,408.0,403.17,406.97,81839.0,406.73,1202,True
2026-04-09 20:00:00+00:00,406.95,406.95,406.69,406.69,35238.0,406.691,4,False
2026-04-09 21:00:00+00:00,405.31,405.32,405.31,405.31,60.0,405.312,1,False
2026-04-09 22:00:00+00:00,405.31,405.31,405.31,405.31,0.0,405.31,0,False
2026-04-09 23:00:00+00:00,405.31,405.32,405.31,405.31,0.0,405.31,0,False
2026-04-10 09:00:00+00:00,407.99,407.99,407.99,407.99,40.0,407.99,1,False
2026-04-10 10:00:00+00:00,407.99,407.99,407.99,407.99,0.0,407.99,0,False
2026-04-10 11:00:00+00:00,407.99,407.99,407.99,407.99,0.0,407.99,0,False
2026-04-10 12:00:00+00:00,407.99,407.99,407.99,407.99,0.0,407.99,0,False
2026-04-10 13:00:00+00:00,413.23,422.58,411.1,419.83,12289.0,417.229,134,False
2026-04-10 14:00:00+00:00,419.49,421.45,408.0,419.17,20364.0,416.004,266,True
2026-04-10 15:00:00+00:00,420.31,423.52,415.41,416.15,14010.0,419.571,213,True
2026-04-10 16:00:00+00:00,415.02,422.01,412.88,421.57,7297.0,416.227,92,True
2026-04-10 17:00:00+00:00,422.18,425.0,420.87,424.5,14838.0,422.754,181,True
2026-04-10 18:00:00+00:00,424.31,427.7,424.31,426.99,16318.0,425.982,246,True
2026-04-10 19:00:00+00:00,426.98,430.02,419.31,420.97,51989.0,422.323,757,True
2026-04-10 20:00:00+00:00,420.32,420.32,420.32,420.32,35079.0,420.32,15,False
2026-04-10 21:00:00+00:00,420.32,420.32,420.32,420.32,0.0,420.32,0,False
2026-04-10 22:00:00+00:00,420.32,420.32,420.32,420.32,0.0,420.32,0,False
2026-04-10 23:00:00+00:00,412.01,412.01,412.01,412.01,53.0,412.01,1,False
2026-04-13 08:00:00+00:00,410.86,410.86,410.86,410.86,50.0,410.86,1,False
2026-04-13 09:00:00+00:00,410.86,410.86,410.86,410.86,0.0,410.86,0,False
2026-04-13 10:00:00+00:00,410.86,410.86,410.86,410.86,0.0,410.86,0,False
2026-04-13 11:00:00+00:00,410.86,410.86,410.86,410.86,0.0,410.86,0,False
2026-04-13 12:00:00+00:00,412.5,412.5,412.5,412.5,44.0,412.5,1,False
2026-04-13 13:00:00+00:00,418.42,426.63,415.96,425.8,14370.0,421.123,149,False
2026-04-13 14:00:00+00:00,426.25,431.95,421.01,430.11,16707.0,428.544,239,True
2026-04-13 15:00:00+00:00,430.12,435.25,428.26,433.27,14603.0,432.42,215,True
2026-04-13 16:00:00+00:00,433.62,443.91,432.36,443.4,28670.0,439.485,439,True
2026-04-13 17:00:00+00:00,443.89,444.03,436.26,439.22,26179.0,440.784,388,True
2026-04-13 18:00:00+00:00,439.36,441.87,437.13,441.54,22083.0,438.975,322,True
2026-04-13 19:00:00+00:00,441.44,448.2,441.44,447.82,72883.0,446.555,1049,True
2026-04-13 20:00:00+00:00,447.08,448.26,446.49,448.25,52556.0,447.081,5,False
2026-04-13 21:00:00+00:00,448.25,448.25,448.25,448.25,0.0,448.25,0,False
2026-04-13 22:00:00+00:00,449.89,449.89,449.89,449.89,43.0,449.89,1,False
2026-04-13 23:00:00+00:00,449.89,449.89,449.89,449.89,0.0,449.89,0,False
2026-04-14 11:00:00+00:00,454.99,454.99,454.99,454.99,40.0,454.99,1,False
2026-04-14 12:00:00+00:00,454.99,454.99,445.0,445.0,320.0,449.995,2,False
2026-04-14 13:00:00+00:00,453.0,456.0,446.16,449.41,29176.0,449.875,323,False
2026-04-14 14:00:00+00:00,449.33,454.0,447.02,452.3,28256.0,451.81,331,True
2026-04-14 15:00:00+00:00,453.81,460.28,451.2,458.09,22842.0,456.601,206,True
2026-04-14 16:00:00+00:00,457.78,458.56,452.16,452.17,19628.0,456.79,201,True
2026-04-14 17:00:00+00:00,452.96,454.29,450.13,451.18,15654.0,452.537,236,True
2026-04-14 18:00:00+00:00,451.04,451.72,444.5,445.37,21332.0,448.353,355,True
2026-04-14 19:00:00+00:00,445.24,451.05,444.52,445.77,52339.0,447.592,711,True
2026-04-14 20:00:00+00:00,446.04,451.29,446.04,451.28,55062.0,446.116,4,False
2026-04-14 21:00:00+00:00,451.28,451.28,451.28,451.28,0.0,451.28,0,False
2026-04-14 22:00:00+00:00,451.28,451.28,451.28,451.28,0.0,451.28,0,False
2026-04-14 23:00:00+00:00,451.28,451.29,451.28,451.28,0.0,451.28,0,False
2026-04-15 08:00:00+00:00,447.47,447.9,442.0,447.9,383.0,445.329,6,False
2026-04-15 09:00:00+00:00,441.9,441.9,436.67,436.67,188.0,439.647,3,False
2026-04-15 10:00:00+00:00,436.67,436.67,436.67,436.67,0.0,436.67,0,False
2026-04-15 11:00:00+00:00,436.67,436.67,436.67,436.67,0.0,436.67,0,False
2026-04-15 12:00:00+00:00,436.67,436.67,436.67,436.67,0.0,436.67,0,False
2026-04-15 13:00:00+00:00,441.25,454.51,441.18,453.15,15088.0,446.57,161,False
2026-04-15 14:00:00+00:00,452.0,458.27,447.28,455.0,14490.0,453.772,157,True
2026-04-15 15:00:00+00:00,452.13,452.91,449.74,451.11,17675.0,451.265,191,True
2026-04-15 16:00:00+00:00,451.24,451.77,443.0,447.95,20422.0,446.707,297,True
2026-04-15 17:00:00+00:00,448.09,452.28,447.33,449.5,14824.0,451.037,183,True
2026-04-15 18:00:00+00:00,448.67,451.0,447.22,450.57,4899.0,448.93,78,True
2026-04-15 19:00:00+00:00,450.05,455.33,448.99,454.42,29609.0,452.31,444,True
2026-04-15 20:00:00+00:00,454.15,454.15,454.15,454.15,35285.0,454.15,9,False
2026-04-15 21:00:00+00:00,455.0,455.0,455.0,455.0,51.0,455.0,1,False
2026-04-15 22:00:00+00:00,455.0,455.0,455.0,455.0,0.0,455.0,0,False
2026-04-15 23:00:00+00:00,455.0,455.0,455.0,455.0,0.0,455.0,0,False
2026-04-16 11:00:00+00:00,452.0,452.0,452.0,452.0,50.0,452.0,1,False
2026-04-16 12:00:00+00:00,453.01,458.01,453.01,458.0,466.0,457.364,5,False
2026-04-16 13:00:00+00:00,456.0,460.23,448.0,458.88,9800.0,456.117,98,False
2026-04-16 14:00:00+00:00,458.88,463.99,451.85,463.99,26011.0,458.297,336,True
2026-04-16 15:00:00+00:00,463.99,469.0,462.0,464.7,20528.0,465.284,278,True
2026-04-16 16:00:00+00:00,465.24,469.8,463.13,464.05,30140.0,467.101,361,True
2026-04-16 17:00:00+00:00,463.14,466.26,460.48,464.58,7004.0,463.215,111,True
2026-04-16 18:00:00+00:00,464.83,467.34,463.94,467.34,8749.0,465.927,126,True
2026-04-16 19:00:00+00:00,467.46,474.0,467.09,470.99,49249.0,470.902,714,True
2026-04-16 20:00:00+00:00,470.56,470.56,465.0,467.1,62462.0,470.532,16,False
2026-04-16 21:00:00+00:00,467.43,470.56,467.43,470.56,512.0,467.736,2,False
2026-04-16 22:00:00+00:00,469.06,469.31,469.06,469.31,129.0,469.232,3,False
2026-04-16 23:00:00+00:00,469.31,469.31,469.31,469.31,0.0,469.31,0,False
2026-04-17 12:00:00+00:00,474.46,474.46,474.46,474.46,48.0,474.46,1,False
2026-04-17 13:00:00+00:00,484.99,496.0,480.0,486.09,34762.0,489.288,275,False
2026-04-17 14:00:00+00:00,486.22,496.69,485.0,492.97,33796.0,493.189,439,True
2026-04-17 15:00:00+00:00,492.83,495.58,491.38,493.83,18626.0,493.932,257,True
2026-04-17 16:00:00+00:00,493.83,501.7,492.42,499.71,23696.0,498.172,374,True
2026-04-17 17:00:00+00:00,499.51,501.78,493.08,493.77,25340.0,495.382,306,True
2026-04-17 18:00:00+00:00,494.23,500.39,494.22,499.08,28018.0,498.136,393,True
2026-04-17 19:00:00+00:00,498.67,505.0,495.79,503.63,59013.0,501.102,803,True
2026-04-17 20:00:00+00:00,503.63,505.0,501.38,505.0,74238.0,503.626,16,False
2026-04-17 21:00:00+00:00,499.9,499.91,499.9,499.9,66.0,499.902,1,False
2026-04-17 22:00:00+00:00,499.9,499.9,499.9,499.9,0.0,499.9,0,False
2026-04-17 23:00:00+00:00,499.9,499.91,499.9,499.9,0.0,499.9,0,False
2026-04-20 10:00:00+00:00,498.0,498.0,498.0,498.0,40.0,498.0,1,False
2026-04-20 11:00:00+00:00,498.0,498.0,498.0,498.0,0.0,498.0,0,False
2026-04-20 12:00:00+00:00,498.0,498.0,498.0,498.0,0.0,498.0,0,False
2026-04-20 13:00:00+00:00,506.18,515.4,501.53,512.57,21211.0,509.733,231,False
2026-04-20 14:00:00+00:00,512.26,517.64,508.74,510.75,45057.0,513.45,564,True
2026-04-20 15:00:00+00:00,513.02,520.27,509.23,519.05,8552.0,515.309,124,True
2026-04-20 16:00:00+00:00,518.19,520.59,515.39,518.7,14381.0,517.811,209,True
2026-04-20 17:00:00+00:00,520.0,524.32,517.73,524.31,64664.0,520.399,761,True
2026-04-20 18:00:00+00:00,524.53,529.96,521.21,529.44,28734.0,524.754,392,True
2026-04-20 19:00:00+00:00,529.37,532.84,524.18,528.24,63209.0,528.919,924,True
2026-04-20 20:00:00+00:00,528.1,528.1,528.0,528.0,54017.0,528.1,14,False
2026-04-20 21:00:00+00:00,528.0,528.0,528.0,528.0,0.0,528.0,0,False
2026-04-20 22:00:00+00:00,528.0,528.0,528.0,528.0,0.0,528.0,0,False
2026-04-20 23:00:00+00:00,528.0,528.0,528.0,528.0,0.0,528.0,0,False
2026-04-21 12:00:00+00:00,540.0,540.0,540.0,540.0,292.0,540.0,2,False
2026-04-21 13:00:00+00:00,537.06,539.99,529.98,536.0,32836.0,533.782,387,False
2026-04-21 14:00:00+00:00,536.0,536.0,518.12,518.63,33278.0,529.999,476,True
2026-04-21 15:00:00+00:00,519.57,528.92,515.33,527.87,60419.0,523.804,825,True
2026-04-21 16:00:00+00:00,527.87,531.29,521.79,524.93,12486.0,526.052,206,True
2026-04-21 17:00:00+00:00,524.93,527.48,519.74,524.06,23813.0,523.846,383,True
2026-04-21 18:00:00+00:00,524.13,527.53,518.68,527.23,57847.0,523.22,639,True
2026-04-21 19:00:00+00:00,528.42,531.3,520.53,523.64,81262.0,525.518,1124,True
2026-04-21 20:00:00+00:00,523.57,523.57,522.92,523.57,27250.0,523.568,5,False
2026-04-21 21:00:00+00:00,534.04,534.04,534.04,534.04,40.0,534.04,1,False
2026-04-21 22:00:00+00:00,534.04,534.04,534.04,534.04,0.0,534.04,0,False
2026-04-21 23:00:00+00:00,534.04,534.04,534.04,534.04,0.0,534.04,0,False
2026-04-22 11:00:00+00:00,540.0,540.0,540.0,540.0,917.0,540.0,2,False
2026-04-22 12:00:00+00:00,534.49,534.49,534.49,534.49,42.0,534.49,1,False
2026-04-22 13:00:00+00:00,534.99,543.87,530.0,537.12,23581.0,537.191,285,False
2026-04-22 14:00:00+00:00,538.79,538.79,522.34,523.76,22573.0,529.145,303,True
2026-04-22 15:00:00+00:00,523.71,529.26,519.59,524.5,47505.0,524.777,447,True
2026-04-22 16:00:00+00:00,523.63,526.29,521.57,521.77,5075.0,523.764,89,True
2026-04-22 17:00:00+00:00,521.94,525.01,521.68,523.2,7981.0,523.746,137,True
2026-04-22 18:00:00+00:00,523.2,527.86,521.48,521.48,14646.0,524.166,217,True
2026-04-22 19:00:00+00:00,522.37,525.77,518.3,524.87,43237.0,522.618,807,True
2026-04-22 20:00:00+00:00,524.68,525.62,524.51,525.62,26177.0,524.513,7,False
2026-04-22 21:00:00+00:00,525.62,525.62,525.62,525.62,0.0,525.62,0,False
2026-04-22 22:00:00+00:00,525.62,525.62,525.62,525.62,0.0,525.62,0,False
2026-04-22 23:00:00+00:00,526.0,526.0,526.0,526.0,45.0,526.0,1,False
2026-04-23 12:00:00+00:00,521.06,521.06,521.06,521.06,50.0,521.06,1,False
2026-04-23 13:00:00+00:00,533.14,548.0,526.87,540.0,26522.0,540.226,260,False
2026-04-23 14:00:00+00:00,538.5,554.91,536.41,553.0,48437.0,548.022,603,True
2026-04-23 15:00:00+00:00,553.0,560.57,551.47,555.16,31793.0,555.378,386,True
2026-04-23 16:00:00+00:00,554.6,559.85,551.6,557.81,20550.0,555.556,282,True
2026-04-23 17:00:00+00:00,558.33,558.33,542.34,553.08,25853.0,549.572,339,True
2026-04-23 18:00:00+00:00,553.69,557.62,549.55,550.1,14781.0,554.733,210,True
2026-04-23 19:00:00+00:00,550.06,556.77,545.14,556.56,57791.0,553.265,783,True
2026-04-23 20:00:00+00:00,556.13,556.13,556.13,556.13,30677.0,556.13,9,False
2026-04-23 21:00:00+00:00,556.13,556.13,556.13,556.13,0.0,556.13,0,False
2026-04-23 22:00:00+00:00,556.13,556.13,556.13,556.13,0.0,556.13,0,False
2026-04-23 23:00:00+00:00,556.13,556.13,556.13,556.13,0.0,556.13,0,False
2026-04-24 11:00:00+00:00,562.73,569.99,555.0,566.1,1353.0,559.932,20,False
2026-04-24 12:00:00+00:00,569.31,569.31,569.3,569.31,50.0,569.307,1,False
2026-04-24 13:00:00+00:00,569.93,591.13,568.07,576.8,27820.0,578.81,291,False
2026-04-24 14:00:00+00:00,576.55,584.17,570.0,573.04,21557.0,578.032,320,True
2026-04-24 15:00:00+00:00,572.66,580.95,571.4,579.9,37714.0,575.177,338,True
2026-04-24 16:00:00+00:00,579.9,584.79,578.44,581.75,11115.0,581.013,170,True
2026-04-24 17:00:00+00:00,581.21,582.6,575.33,575.39,28835.0,580.169,308,True
2026-04-24 18:00:00+00:00,575.33,576.6,571.76,572.85,19838.0,574.979,229,True
2026-04-24 19:00:00+00:00,573.29,573.6,568.01,570.55,32201.0,570.677,453,True
2026-04-24 20:00:00+00:00,570.26,570.26,570.26,570.26,51483.0,570.26,16,False
2026-04-24 21:00:00+00:00,571.5,571.5,571.5,571.5,100.0,571.5,1,False
2026-04-24 22:00:00+00:00,572.0,572.0,572.0,572.0,44.0,572.0,1,False
2026-04-24 23:00:00+00:00,572.0,572.0,572.0,572.0,0.0,572.0,0,False
2026-04-27 12:00:00+00:00,573.0,573.0,573.0,573.0,70.0,573.0,1,False
2026-04-27 13:00:00+00:00,571.0,574.03,544.37,561.98,22910.0,554.741,249,False
2026-04-27 14:00:00+00:00,556.63,559.55,540.86,545.25,40855.0,548.143,361,True
2026-04-27 15:00:00+00:00,545.51,557.58,543.87,554.77,12975.0,550.636,179,True
2026-04-27 16:00:00+00:00,554.77,557.83,549.1,550.76,18690.0,554.475,199,True
2026-04-27 17:00:00+00:00,550.58,550.58,536.27,542.36,39633.0,542.67,536,True
2026-04-27 18:00:00+00:00,542.36,546.93,540.49,545.81,19788.0,543.528,329,True
2026-04-27 19:00:00+00:00,545.81,550.07,544.68,547.9,40494.0,546.949,671,True
2026-04-27 20:00:00+00:00,547.98,548.17,547.98,547.98,38288.0,547.981,4,False
2026-04-27 21:00:00+00:00,547.98,547.98,547.98,547.98,0.0,547.98,0,False
2026-04-27 22:00:00+00:00,547.98,547.98,547.98,547.98,0.0,547.98,0,False
2026-04-27 23:00:00+00:00,547.98,547.98,547.98,547.98,0.0,547.98,0,False
2026-04-28 11:00:00+00:00,520.0,520.0,520.0,520.0,50.0,520.0,1,False
2026-04-28 12:00:00+00:00,520.0,520.0,518.5,518.5,199.0,519.095,2,False
2026-04-28 13:00:00+00:00,518.01,536.64,502.78,524.15,42974.0,516.967,411,False
2026-04-28 14:00:00+00:00,524.96,524.99,503.31,513.47,29389.0,515.205,419,True
2026-04-28 15:00:00+00:00,513.77,514.62,504.37,507.5,15401.0,509.251,245,True
2026-04-28 16:00:00+00:00,506.73,509.98,504.77,507.26,25445.0,507.505,365,True
2026-04-28 17:00:00+00:00,508.09,513.52,507.61,510.81,16410.0,510.033,261,True
2026-04-28 18:00:00+00:00,510.92,516.79,508.65,515.26,20106.0,512.187,280,True
2026-04-28 19:00:00+00:00,515.37,516.44,509.58,516.17,29959.0,513.569,480,True
2026-04-28 20:00:00+00:00,515.67,515.67,515.67,515.67,26822.0,515.67,2,False
2026-04-28 21:00:00+00:00,515.67,515.67,515.67,515.67,0.0,515.67,0,False
2026-04-28 22:00:00+00:00,515.67,515.67,515.67,515.67,0.0,515.67,0,False
2026-04-28 23:00:00+00:00,523.44,523.44,523.44,523.44,109.0,523.44,2,False
2026-04-29 13:00:00+00:00,523.34,538.0,520.0,536.05,23008.0,529.361,239,False
2026-04-29 14:00:00+00:00,535.42,537.0,528.75,533.11,41408.0,533.513,463,True
2026-04-29 15:00:00+00:00,535.86,535.86,515.52,518.86,39060.0,526.262,491,True
2026-04-29 16:00:00+00:00,520.22,520.41,512.2,516.59,22359.0,516.369,270,True
2026-04-29 17:00:00+00:00,516.65,517.72,511.53,513.27,18288.0,514.347,294,True
2026-04-29 18:00:00+00:00,515.09,519.25,512.76,517.93,18057.0,515.209,305,True
2026-04-29 19:00:00+00:00,518.37,527.55,518.11,527.43,36291.0,523.701,614,True
2026-04-29 20:00:00+00:00,527.2,527.2,523.13,523.13,20523.0,527.191,7,False
2026-04-29 21:00:00+00:00,523.13,523.13,523.13,523.13,0.0,523.13,0,False
2026-04-29 22:00:00+00:00,523.13,523.13,523.13,523.13,0.0,523.13,0,False
2026-04-29 23:00:00+00:00,523.13,523.13,523.13,523.13,0.0,523.13,0,False
2026-04-30 09:00:00+00:00,544.2,553.89,544.2,553.89,123.0,549.321,2,False
2026-04-30 10:00:00+00:00,553.89,553.89,553.89,553.89,0.0,553.89,0,False
2026-04-30 11:00:00+00:00,553.89,553.89,553.89,553.89,0.0,553.89,0,False
2026-04-30 12:00:00+00:00,553.89,553.89,553.89,553.89,0.0,553.89,0,False
2026-04-30 13:00:00+00:00,537.47,542.02,527.25,529.69,41602.0,531.394,417,False
2026-04-30 14:00:00+00:00,530.76,537.92,525.26,537.92,34787.0,529.782,367,True
2026-04-30 15:00:00+00:00,538.15,544.39,536.91,542.46,7083.0,539.958,99,True
2026-04-30 16:00:00+00:00,542.49,548.99,540.63,545.03,13144.0,545.947,222,True
2026-04-30 17:00:00+00:00,546.07,553.96,543.99,553.8,38840.0,549.635,370,True
2026-04-30 18:00:00+00:00,553.22,555.99,551.19,554.33,58073.0,554.674,572,True
2026-04-30 19:00:00+00:00,554.21,562.16,551.83,562.16,47724.0,558.916,617,True
2026-04-30 20:00:00+00:00,562.15,562.99,562.15,562.99,117291.0,562.151,3,False
2026-04-30 21:00:00+00:00,562.99,562.99,562.99,562.99,0.0,562.99,0,False
2026-04-30 22:00:00+00:00,562.99,562.99,562.99,562.99,0.0,562.99,0,False
2026-04-30 23:00:00+00:00,562.99,562.99,562.99,562.99,0.0,562.99,0,False
2026-05-01 11:00:00+00:00,561.99,561.99,561.99,561.99,80.0,561.99,1,False
2026-05-01 12:00:00+00:00,561.99,561.99,561.99,561.99,0.0,561.99,0,False
2026-05-01 13:00:00+00:00,553.72,567.5,550.43,558.8,11093.0,557.784,110,False
2026-05-01 14:00:00+00:00,559.3,562.16,551.19,557.79,15742.0,555.934,194,True
2026-05-01 15:00:00+00:00,556.07,563.89,555.05,560.52,25681.0,560.579,299,True
2026-05-01 16:00:00+00:00,560.57,565.0,556.71,560.63,11983.0,560.516,187,True
2026-05-01 17:00:00+00:00,560.63,563.0,557.74,560.35,10060.0,559.349,186,True
2026-05-01 18:00:00+00:00,559.66,560.35,553.07,555.25,19870.0,556.729,300,True
2026-05-01 19:00:00+00:00,554.78,559.7,554.76,558.5,18788.0,557.622,351,True
2026-05-01 20:00:00+00:00,558.63,558.63,558.5,558.63,30798.0,558.63,9,False
2026-05-01 21:00:00+00:00,558.63,558.63,558.63,558.63,0.0,558.63,0,False
2026-05-01 22:00:00+00:00,558.63,558.63,558.63,558.63,0.0,558.63,0,False
2026-05-01 23:00:00+00:00,558.63,558.63,558.63,558.63,0.0,558.63,0,False
2026-05-04 08:00:00+00:00,577.93,577.93,577.93,577.93,98.0,577.93,1,False
2026-05-04 09:00:00+00:00,577.93,577.93,577.93,577.93,0.0,577.93,0,False
2026-05-04 10:00:00+00:00,577.93,577.93,577.93,577.93,0.0,577.93,0,False
2026-05-04 11:00:00+00:00,559.15,559.15,559.15,559.15,40.0,559.15,1,False
2026-05-04 12:00:00+00:00,559.15,559.15,559.15,559.15,0.0,559.15,0,False
2026-05-04 13:00:00+00:00,560.54,574.61,559.01,569.29,15592.0,564.213,146,False
2026-05-04 14:00:00+00:00,566.03,574.29,562.75,570.88,19389.0,569.251,269,True
2026-05-04 15:00:00+00:00,569.01,572.97,564.01,569.02,11516.0,568.31,152,True
2026-05-04 16:00:00+00:00,567.88,568.63,561.57,566.41,17295.0,564.944,185,True
2026-05-04 17:00:00+00:00,565.21,573.46,563.32,564.95,9069.0,568.851,141,True
2026-05-04 18:00:00+00:00,564.96,565.21,555.07,559.27,21308.0,559.485,320,True
2026-05-04 19:00:00+00:00,558.45,565.68,558.45,565.34,75036.0,562.502,1121,True
2026-05-04 20:00:00+00:00,565.21,565.21,564.68,564.68,30195.0,564.684,4,False
2026-05-04 21:00:00+00:00,564.68,564.68,564.68,564.68,0.0,564.68,0,False
2026-05-04 22:00:00+00:00,564.68,564.68,564.68,564.68,0.0,564.68,0,False
2026-05-04 23:00:00+00:00,564.68,564.68,564.68,564.68,0.0,564.68,0,False
2026-05-05 10:00:00+00:00,559.03,559.03,550.01,559.03,146.0,556.559,3,False
2026-05-05 11:00:00+00:00,559.03,559.03,559.03,559.03,0.0,559.03,0,False
2026-05-05 12:00:00+00:00,559.03,559.03,559.03,559.03,0.0,559.03,0,False
2026-05-05 13:00:00+00:00,574.99,584.34,569.28,576.16,13313.0,577.896,159,False
2026-05-05 14:00:00+00:00,576.16,592.48,573.1,587.65,37144.0,584.851,482,True
2026-05-05 15:00:00+00:00,589.87,594.68,586.14,591.0,16802.0,590.531,249,True
2026-05-05 16:00:00+00:00,592.13,597.65,589.99,593.0,19342.0,593.948,276,True
2026-05-05 17:00:00+00:00,592.52,598.48,592.13,596.31,9040.0,595.58,115,True
2026-05-05 18:00:00+00:00,596.29,597.65,593.4,596.0,10065.0,595.979,142,True
2026-05-05 19:00:00+00:00,595.16,599.02,592.76,596.85,37125.0,596.014,609,True
2026-05-05 20:00:00+00:00,596.64,597.2,596.64,597.2,33094.0,596.642,3,False
2026-05-05 21:00:00+00:00,596.68,596.68,596.64,596.64,200.0,596.66,2,False
2026-05-05 22:00:00+00:00,610.0,610.0,610.0,610.0,126.0,610.0,1,False
2026-05-05 23:00:00+00:00,620.0,620.0,605.07,605.07,172.0,613.75,2,False
2026-05-06 11:00:00+00:00,635.0,635.0,630.0,630.0,361.0,632.63,3,False
2026-05-06 12:00:00+00:00,635.5,635.5,620.0,620.0,585.0,622.672,7,False
2026-05-06 13:00:00+00:00,620.0,625.74,604.51,604.51,40434.0,612.54,499,False
2026-05-06 14:00:00+00:00,603.89,605.13,588.67,599.66,39062.0,595.495,598,True
2026-05-06 15:00:00+00:00,598.73,616.59,597.93,607.24,38023.0,610.112,553,True
2026-05-06 16:00:00+00:00,607.24,616.67,602.58,603.18,51210.0,610.628,537,True
2026-05-06 17:00:00+00:00,603.18,606.97,598.79,605.27,44645.0,603.551,656,True
2026-05-06 18:00:00+00:00,605.27,618.16,602.45,615.16,54973.0,610.88,744,True
2026-05-06 19:00:00+00:00,614.98,627.0,611.26,625.36,69330.0,620.11,1098,True
2026-05-06 20:00:00+00:00,623.33,628.84,525.0,575.0,82871.0,620.799,54,False
2026-05-06 21:00:00+00:00,575.0,770.0,567.0,770.0,11667.0,686.55,153,False
2026-05-06 22:00:00+00:00,759.0,772.46,750.0,758.0,2992.0,759.787,28,False
2026-05-06 23:00:00+00:00,750.02,773.36,741.01,773.36,2863.0,758.727,36,False
2026-05-07 08:00:00+00:00,785.5,798.5,769.99,798.5,1075.0,783.963,6,False
2026-05-07 09:00:00+00:00,790.0,819.0,790.0,819.0,497.0,803.057,8,False
2026-05-07 10:00:00+00:00,828.0,828.0,805.05,812.99,521.0,816.65,9,False
2026-05-07 11:00:00+00:00,802.03,835.0,800.0,834.99,8075.0,815.482,91,False
2026-05-07 12:00:00+00:00,820.01,848.04,813.35,818.88,5747.0,823.432,89,False
2026-05-07 13:00:00+00:00,815.0,846.48,791.0,815.79,217006.0,822.203,2258,False
2026-05-07 14:00:00+00:00,815.2,816.68,768.8,783.28,182980.0,791.608,2606,True
2026-05-07 15:00:00+00:00,781.79,801.23,776.0,794.54,82954.0,786.645,1018,True
2026-05-07 16:00:00+00:00,795.19,797.19,770.01,772.68,101071.0,788.943,1208,True
2026-05-07 17:00:00+00:00,773.7,786.0,759.05,783.7,66392.0,773.329,790,True
2026-05-07 18:00:00+00:00,783.05,788.0,777.8,785.78,56587.0,783.169,724,True
2026-05-07 19:00:00+00:00,784.58,809.97,782.82,796.37,133382.0,799.472,2010,True
2026-05-07 20:00:00+00:00,797.31,825.0,791.82,825.0,44016.0,797.31,6,False
2026-05-07 21:00:00+00:00,825.0,825.0,825.0,825.0,0.0,825.0,0,False
2026-05-07 22:00:00+00:00,796.96,796.96,793.0,793.0,305.0,794.172,4,False
2026-05-07 23:00:00+00:00,784.25,785.0,784.25,785.0,200.0,784.628,2,False
2026-05-08 08:00:00+00:00,800.0,810.0,800.0,810.0,139.0,805.827,2,False
2026-05-08 09:00:00+00:00,810.0,810.0,810.0,810.0,0.0,810.0,0,False
2026-05-08 10:00:00+00:00,810.0,810.0,810.0,810.0,0.0,810.0,0,False
2026-05-08 11:00:00+00:00,799.6,800.0,799.6,800.0,144.0,799.8,2,False
2026-05-08 12:00:00+00:00,797.31,807.0,797.31,807.0,2697.0,797.579,2,False
2026-05-08 13:00:00+00:00,807.0,807.0,783.0,788.73,50392.0,796.736,385,False
2026-05-08 14:00:00+00:00,792.86,798.8,789.12,794.42,46980.0,795.362,547,True
2026-05-08 15:00:00+00:00,794.76,805.0,788.5,801.14,47364.0,794.695,678,True
2026-05-08 16:00:00+00:00,800.17,826.42,800.0,817.65,49040.0,814.12,703,True
2026-05-08 17:00:00+00:00,819.1,839.03,816.44,828.0,66212.0,826.674,849,True
2026-05-08 18:00:00+00:00,831.27,837.0,826.89,826.89,25741.0,831.85,415,True
2026-05-08 19:00:00+00:00,827.47,835.67,821.57,833.98,87864.0,830.935,1505,True
2026-05-08 20:00:00+00:00,833.08,833.08,832.0,833.0,69202.0,833.079,16,False
2026-05-08 21:00:00+00:00,833.0,833.0,833.0,833.0,0.0,833.0,0,False
2026-05-08 22:00:00+00:00,833.0,833.0,833.0,833.0,0.0,833.0,0,False
2026-05-08 23:00:00+00:00,833.0,833.0,833.0,833.0,0.0,833.0,0,False
2026-05-11 08:00:00+00:00,839.5,839.5,839.49,839.49,296.0,839.497,2,False
2026-05-11 09:00:00+00:00,839.49,839.49,839.49,839.49,0.0,839.49,0,False
2026-05-11 10:00:00+00:00,823.33,823.33,823.33,823.33,49.0,823.33,1,False
2026-05-11 11:00:00+00:00,839.03,839.03,832.8,838.0,585.0,836.936,6,False
2026-05-11 12:00:00+00:00,830.0,833.07,830.0,832.0,158.0,831.847,3,False
2026-05-11 13:00:00+00:00,829.41,839.04,810.8,823.93,29943.0,826.665,282,False
2026-05-11 14:00:00+00:00,828.31,860.0,823.93,856.08,52267.0,845.757,684,True
2026-05-11 15:00:00+00:00,855.0,863.49,849.06,858.91,40536.0,856.552,593,True
2026-05-11 16:00:00+00:00,858.04,862.16,855.43,856.23,27918.0,859.118,440,True
2026-05-11 17:00:00+00:00,857.46,892.88,856.23,883.02,87994.0,878.048,1032,True
2026-05-11 18:00:00+00:00,881.39,891.83,873.61,875.93,70266.0,883.73,992,True
2026-05-11 19:00:00+00:00,875.67,901.81,875.67,901.6,113072.0,888.952,1524,True
2026-05-11 20:00:00+00:00,901.48,920.0,901.48,907.0,61219.0,901.523,6,False
2026-05-11 21:00:00+00:00,905.0,908.7,905.0,905.45,186.0,906.203,3,False
2026-05-11 22:00:00+00:00,905.45,905.45,905.45,905.45,0.0,905.45,0,False
2026-05-11 23:00:00+00:00,905.45,905.45,905.45,905.45,0.0,905.45,0,False
2026-05-12 08:00:00+00:00,888.0,888.0,888.0,888.0,50.0,888.0,1,False
2026-05-12 09:00:00+00:00,888.0,888.0,888.0,888.0,0.0,888.0,0,False
2026-05-12 10:00:00+00:00,888.0,888.0,888.0,888.0,0.0,888.0,0,False
2026-05-12 11:00:00+00:00,892.0,892.0,881.0,881.0,844.0,882.941,14,False
2026-05-12 12:00:00+00:00,880.04,880.04,866.38,874.99,434.0,871.963,8,False
2026-05-12 13:00:00+00:00,866.0,882.92,840.31,840.31,50103.0,867.285,483,False
2026-05-12 14:00:00+00:00,843.18,852.69,823.43,830.75,69884.0,838.204,977,True
2026-05-12 15:00:00+00:00,831.39,832.56,804.93,808.24,72572.0,817.352,972,True
2026-05-12 16:00:00+00:00,807.99,814.42,797.06,798.75,48509.0,804.404,603,True
2026-05-12 17:00:00+00:00,799.0,824.28,795.26,824.28,53563.0,811.612,744,True
2026-05-12 18:00:00+00:00,824.28,831.27,815.69,823.97,49474.0,823.874,626,True
2026-05-12 19:00:00+00:00,824.98,847.56,824.67,847.18,91532.0,839.007,1324,True
2026-05-12 20:00:00+00:00,847.19,851.0,833.42,851.0,34487.0,847.112,6,False
2026-05-12 21:00:00+00:00,860.0,860.0,850.4,850.4,99.0,855.248,2,False
2026-05-12 22:00:00+00:00,855.16,856.0,852.0,856.0,255.0,854.836,4,False
2026-05-12 23:00:00+00:00,856.0,856.0,856.0,856.0,0.0,856.0,0,False
2026-05-13 08:00:00+00:00,859.0,870.0,859.0,865.0,210.0,864.333,5,False
2026-05-13 09:00:00+00:00,880.0,880.0,880.0,880.0,50.0,880.0,1,False
2026-05-13 10:00:00+00:00,873.06,873.06,871.3,871.3,140.0,872.557,2,False
2026-05-13 11:00:00+00:00,869.06,869.95,860.55,866.0,519.0,863.929,8,False
2026-05-13 12:00:00+00:00,865.51,865.52,860.6,860.6,150.0,862.791,3,False
2026-05-13 13:00:00+00:00,856.34,861.19,804.34,808.88,42237.0,830.368,498,False
2026-05-13 14:00:00+00:00,812.5,827.73,808.05,827.12,44624.0,819.088,715,True
2026-05-13 15:00:00+00:00,825.02,830.6,820.0,824.0,74105.0,824.79,966,True
2026-05-13 16:00:00+00:00,824.73,844.87,824.73,840.52,17670.0,836.556,282,True
2026-05-13 17:00:00+00:00,840.83,848.96,840.82,845.49,13296.0,845.22,246,True
2026-05-13 18:00:00+00:00,846.5,853.0,841.86,842.33,22131.0,848.375,315,True
2026-05-13 19:00:00+00:00,842.33,844.07,831.14,835.22,81021.0,836.312,1250,True
2026-05-13 20:00:00+00:00,834.89,835.31,834.89,835.31,40227.0,835.31,3,False
2026-05-13 21:00:00+00:00,826.22,826.22,826.21,826.22,50.0,826.216,1,False
2026-05-13 22:00:00+00:00,826.22,826.22,826.22,826.22,0.0,826.22,0,False
2026-05-13 23:00:00+00:00,839.08,839.08,839.08,839.08,40.0,839.08,1,False
2026-05-14 08:00:00+00:00,843.12,843.12,843.12,843.12,43.0,843.12,1,False
2026-05-14 09:00:00+00:00,843.12,843.12,843.12,843.12,0.0,843.12,0,False
2026-05-14 10:00:00+00:00,843.12,843.12,843.12,843.12,0.0,843.12,0,False
2026-05-14 11:00:00+00:00,827.55,827.55,817.9,817.9,227.0,823.638,4,False
2026-05-14 12:00:00+00:00,817.9,817.9,817.9,817.9,0.0,817.9,0,False
2026-05-14 13:00:00+00:00,811.0,832.19,800.0,812.56,22540.0,818.454,245,False
2026-05-14 14:00:00+00:00,812.47,835.0,812.46,825.49,125763.0,828.64,1068,True
2026-05-14 15:00:00+00:00,828.63,839.99,828.13,829.74,33331.0,834.412,472,True
2026-05-14 16:00:00+00:00,830.0,836.52,827.0,830.1,15831.0,831.699,214,True
2026-05-14 17:00:00+00:00,830.0,833.26,817.59,823.36,14749.0,824.509,193,True
2026-05-14 18:00:00+00:00,823.61,827.37,818.16,824.72,21184.0,823.821,260,True
2026-05-14 19:00:00+00:00,824.79,831.73,819.31,819.45,94555.0,823.316,1202,True
2026-05-14 20:00:00+00:00,819.8,820.21,819.8,820.21,60199.0,820.21,4,False
2026-05-14 21:00:00+00:00,820.21,820.21,820.21,820.21,0.0,820.21,0,False
2026-05-14 22:00:00+00:00,820.21,820.21,820.21,820.21,0.0,820.21,0,False
2026-05-14 23:00:00+00:00,820.21,820.21,820.21,820.21,0.0,820.21,0,False
2026-05-15 08:00:00+00:00,800.66,807.23,799.34,799.34,178.0,801.89,4,False
2026-05-15 09:00:00+00:00,799.34,799.34,799.34,799.34,0.0,799.34,0,False
2026-05-15 10:00:00+00:00,799.34,799.34,799.34,799.34,0.0,799.34,0,False
2026-05-15 11:00:00+00:00,799.66,799.66,799.0,799.0,90.0,799.293,2,False
2026-05-15 12:00:00+00:00,796.08,820.21,782.0,782.0,2794.0,809.404,11,False
2026-05-15 13:00:00+00:00,784.37,784.38,759.8,771.23,40526.0,772.647,423,False
2026-05-15 14:00:00+00:00,770.49,794.36,766.3,768.37,42350.0,780.19,544,True
2026-05-15 15:00:00+00:00,768.85,787.5,765.98,782.0,22320.0,778.111,302,True
2026-05-15 16:00:00+00:00,778.66,787.5,778.66,779.33,16725.0,783.979,238,True
2026-05-15 17:00:00+00:00,784.34,784.76,777.73,779.24,15394.0,780.835,239,True
2026-05-15 18:00:00+00:00,779.24,782.02,770.04,774.48,37026.0,776.192,458,True
2026-05-15 19:00:00+00:00,774.48,779.0,768.71,774.02,74646.0,773.949,1180,True
2026-05-15 20:00:00+00:00,774.06,774.06,769.99,769.99,44847.0,774.055,6,False
2026-05-15 21:00:00+00:00,769.99,769.99,769.99,769.99,0.0,769.99,0,False
2026-05-15 22:00:00+00:00,773.0,773.0,767.58,767.58,235.0,769.329,3,False
2026-05-15 23:00:00+00:00,767.58,767.58,767.58,767.58,0.0,767.58,0,False
