date,open,high,low,close,volume,average,barCount,is_rth
2025-11-17 14:00:00+00:00,56.56,56.71,56.0,56.18,25241.0,56.339,86,False
2025-11-17 15:00:00+00:00,56.2,56.43,55.88,55.95,33078.0,56.1,185,True
2025-11-17 16:00:00+00:00,55.97,56.09,55.9,55.93,21657.0,55.995,174,True
2025-11-17 17:00:00+00:00,55.97,56.16,55.81,56.04,25550.0,55.979,196,True
2025-11-17 18:00:00+00:00,56.05,56.35,55.83,55.85,54889.0,56.094,395,True
2025-11-17 19:00:00+00:00,55.84,55.89,54.6,54.74,64331.0,55.407,448,True
2025-11-17 20:00:00+00:00,54.73,54.83,54.31,54.67,93056.0,54.663,734,True
2025-11-17 21:00:00+00:00,54.68,54.68,54.68,54.68,90582.0,54.68,6,False
2025-11-17 22:00:00+00:00,54.68,54.68,54.68,54.68,0.0,54.68,0,False
2025-11-17 23:00:00+00:00,54.68,54.68,54.68,54.68,0.0,54.68,0,False
2025-11-18 00:00:00+00:00,54.68,54.68,54.68,54.68,0.0,54.68,0,False
2025-11-18 09:00:00+00:00,54.69,54.69,54.69,54.69,200.0,54.69,1,False
2025-11-18 10:00:00+00:00,54.69,54.69,54.69,54.69,0.0,54.69,0,False
2025-11-18 11:00:00+00:00,54.69,54.69,54.69,54.69,0.0,54.69,0,False
2025-11-18 12:00:00+00:00,54.69,54.69,54.69,54.69,0.0,54.69,0,False
2025-11-18 13:00:00+00:00,54.69,54.69,54.69,54.69,0.0,54.69,0,False
2025-11-18 14:00:00+00:00,54.27,54.55,53.86,54.06,11125.0,54.273,44,False
2025-11-18 15:00:00+00:00,54.19,54.44,54.02,54.13,20991.0,54.236,165,True
2025-11-18 16:00:00+00:00,54.13,54.59,54.08,54.22,29555.0,54.308,191,True
2025-11-18 17:00:00+00:00,54.22,54.29,53.65,54.27,30437.0,53.974,207,True
2025-11-18 18:00:00+00:00,54.26,54.47,54.18,54.35,47381.0,54.291,214,True
2025-11-18 19:00:00+00:00,54.4,54.65,54.26,54.53,35023.0,54.452,228,True
2025-11-18 20:00:00+00:00,54.57,54.6,53.88,53.93,75227.0,54.139,627,True
2025-11-18 21:00:00+00:00,53.92,53.92,53.92,53.92,114766.0,53.92,5,False
2025-11-18 22:00:00+00:00,53.92,53.92,53.92,53.92,0.0,53.92,0,False
2025-11-18 23:00:00+00:00,53.92,53.92,53.92,53.92,0.0,53.92,0,False
2025-11-19 00:00:00+00:00,53.92,53.92,53.92,53.92,0.0,53.92,0,False
2025-11-19 14:00:00+00:00,53.8,54.02,53.37,53.65,19948.0,53.689,70,False
2025-11-19 15:00:00+00:00,53.56,53.96,53.35,53.52,21647.0,53.541,147,True
2025-11-19 16:00:00+00:00,53.46,53.73,53.44,53.55,16664.0,53.621,137,True
2025-11-19 17:00:00+00:00,53.6,53.72,53.47,53.49,20970.0,53.573,172,True
2025-11-19 18:00:00+00:00,53.49,53.54,53.17,53.5,78327.0,53.366,412,True
2025-11-19 19:00:00+00:00,53.53,53.58,52.75,53.0,53119.0,53.042,363,True
2025-11-19 20:00:00+00:00,53.0,53.34,52.92,53.27,144753.0,53.178,998,True
2025-11-19 21:00:00+00:00,53.27,53.27,53.27,53.27,94349.0,53.27,3,False
2025-11-19 22:00:00+00:00,53.27,53.27,53.27,53.27,39539.0,53.27,1,False
2025-11-19 23:00:00+00:00,53.27,53.27,53.27,53.27,0.0,53.27,0,False
2025-11-20 00:00:00+00:00,53.27,53.27,53.27,53.27,0.0,53.27,0,False
2025-11-20 12:00:00+00:00,54.0,54.0,54.0,54.0,200.0,54.0,1,False
2025-11-20 13:00:00+00:00,54.0,54.0,54.0,54.0,0.0,54.0,0,False
2025-11-20 14:00:00+00:00,53.39,53.96,53.11,53.52,18733.0,53.617,102,False
2025-11-20 15:00:00+00:00,53.52,54.12,53.45,53.53,31679.0,53.761,170,True
2025-11-20 16:00:00+00:00,53.57,53.72,53.17,53.18,36423.0,53.466,271,True
2025-11-20 17:00:00+00:00,53.26,53.64,53.24,53.33,32558.0,53.446,258,True
2025-11-20 18:00:00+00:00,53.28,53.74,53.28,53.46,34722.0,53.476,250,True
2025-11-20 19:00:00+00:00,53.45,53.5,52.97,53.14,41416.0,53.275,337,True
2025-11-20 20:00:00+00:00,53.17,53.22,52.39,52.78,280096.0,52.74,1898,True
2025-11-20 21:00:00+00:00,52.79,52.79,52.79,52.79,182026.0,52.79,3,False
2025-11-20 22:00:00+00:00,52.79,52.79,52.79,52.79,991.0,52.79,2,False
2025-11-20 23:00:00+00:00,52.79,52.79,52.79,52.79,0.0,52.79,0,False
2025-11-21 00:00:00+00:00,52.79,52.79,52.79,52.79,0.0,52.79,0,False
2025-11-21 13:00:00+00:00,52.63,52.63,52.63,52.63,100.0,52.63,1,False
2025-11-21 14:00:00+00:00,52.45,52.8,52.0,52.54,46421.0,52.388,134,False
2025-11-21 15:00:00+00:00,52.55,53.24,52.54,53.05,71369.0,52.939,331,True
2025-11-21 16:00:00+00:00,53.04,54.4,52.91,54.4,50858.0,53.388,344,True
2025-11-21 17:00:00+00:00,54.5,54.68,53.97,54.1,37528.0,54.399,258,True
2025-11-21 18:00:00+00:00,54.08,54.1,53.79,53.9,45559.0,53.948,297,True
2025-11-21 19:00:00+00:00,53.94,53.98,53.53,53.66,50937.0,53.737,353,True
2025-11-21 20:00:00+00:00,53.66,53.85,53.25,53.45,250891.0,53.408,1825,True
2025-11-21 21:00:00+00:00,53.45,54.31,53.45,54.31,172684.0,53.451,11,False
2025-11-21 22:00:00+00:00,54.31,54.31,54.31,54.31,0.0,54.31,0,False
2025-11-21 23:00:00+00:00,54.31,54.31,54.31,54.31,0.0,54.31,0,False
2025-11-22 00:00:00+00:00,54.31,54.31,54.31,54.31,0.0,54.31,0,False
2025-11-24 14:00:00+00:00,53.78,53.97,53.16,53.41,24810.0,53.503,85,False
2025-11-24 15:00:00+00:00,53.51,53.66,53.15,53.46,35888.0,53.433,255,True
2025-11-24 16:00:00+00:00,53.48,53.64,53.31,53.37,24381.0,53.465,182,True
2025-11-24 17:00:00+00:00,53.36,53.61,53.15,53.56,23554.0,53.365,174,True
2025-11-24 18:00:00+00:00,53.59,53.79,53.58,53.73,14411.0,53.718,121,True
2025-11-24 19:00:00+00:00,53.71,53.76,53.26,53.27,36308.0,53.471,244,True
2025-11-24 20:00:00+00:00,53.28,53.34,52.91,53.08,141503.0,53.091,1008,True
2025-11-24 21:00:00+00:00,53.11,53.11,52.7,52.7,158315.0,53.109,5,False
2025-11-24 22:00:00+00:00,52.7,52.7,52.7,52.7,0.0,52.7,0,False
2025-11-24 23:00:00+00:00,52.75,52.76,52.75,52.75,100.0,52.753,1,False
2025-11-25 00:00:00+00:00,52.75,52.76,52.75,52.75,0.0,52.75,0,False
2025-11-25 14:00:00+00:00,53.6,54.0,53.4,53.86,40796.0,53.711,96,False
2025-11-25 15:00:00+00:00,53.86,54.94,53.86,54.73,36616.0,54.549,280,True
2025-11-25 16:00:00+00:00,54.76,55.34,54.71,55.23,45374.0,55.048,261,True
2025-11-25 17:00:00+00:00,55.26,55.46,55.18,55.41,37615.0,55.296,202,True
2025-11-25 18:00:00+00:00,55.41,55.41,55.13,55.13,35028.0,55.271,239,True
2025-11-25 19:00:00+00:00,55.18,55.26,54.97,55.16,25218.0,55.09,162,True
2025-11-25 20:00:00+00:00,55.18,55.52,55.16,55.39,100133.0,55.397,768,True
2025-11-25 21:00:00+00:00,55.41,55.41,55.41,55.41,99025.0,55.41,13,False
2025-11-25 22:00:00+00:00,55.41,55.41,55.41,55.41,0.0,55.41,0,False
2025-11-25 23:00:00+00:00,55.41,55.41,55.41,55.41,0.0,55.41,0,False
2025-11-26 00:00:00+00:00,55.41,55.41,55.41,55.41,0.0,55.41,0,False
2025-11-26 14:00:00+00:00,55.14,56.19,55.14,56.02,33885.0,55.559,80,False
2025-11-26 15:00:00+00:00,56.03,56.68,56.02,56.58,22640.0,56.405,153,True
2025-11-26 16:00:00+00:00,56.59,56.89,56.52,56.89,27683.0,56.718,162,True
2025-11-26 17:00:00+00:00,56.89,56.92,56.62,56.77,24277.0,56.8,185,True
2025-11-26 18:00:00+00:00,56.79,56.8,56.48,56.59,26558.0,56.584,177,True
2025-11-26 19:00:00+00:00,56.63,56.81,56.61,56.69,22487.0,56.694,175,True
2025-11-26 20:00:00+00:00,56.72,57.03,56.55,56.59,102097.0,56.736,731,True
2025-11-26 21:00:00+00:00,56.59,56.59,56.59,56.59,96507.0,56.59,5,False
2025-11-26 22:00:00+00:00,56.59,56.59,56.59,56.59,0.0,56.59,0,False
2025-11-26 23:00:00+00:00,56.59,56.59,56.59,56.59,0.0,56.59,0,False
2025-11-27 00:00:00+00:00,56.59,56.59,56.59,56.59,0.0,56.59,0,False
2025-11-28 14:00:00+00:00,56.54,56.7,56.32,56.44,16860.0,56.545,43,False
2025-11-28 15:00:00+00:00,56.43,56.66,56.22,56.53,19358.0,56.459,111,True
2025-11-28 16:00:00+00:00,56.48,56.65,56.42,56.65,15661.0,56.494,112,True
2025-11-28 17:00:00+00:00,56.7,56.81,56.63,56.65,55279.0,56.693,346,True
2025-11-28 18:00:00+00:00,56.62,56.62,56.62,56.62,92305.0,56.62,3,True
2025-11-28 19:00:00+00:00,56.62,56.62,56.62,56.62,0.0,56.62,0,True
2025-11-28 20:00:00+00:00,56.62,56.62,56.62,56.62,0.0,56.62,0,True
2025-11-28 21:00:00+00:00,56.62,56.62,56.62,56.62,0.0,56.62,0,False
2025-12-01 14:00:00+00:00,56.48,57.49,56.48,57.47,19464.0,56.938,97,False
2025-12-01 15:00:00+00:00,57.49,58.07,57.41,58.07,57566.0,57.761,383,True
2025-12-01 16:00:00+00:00,58.04,58.29,57.95,58.05,35503.0,58.095,261,True
2025-12-01 17:00:00+00:00,58.02,58.11,57.82,57.98,15655.0,57.959,131,True
2025-12-01 18:00:00+00:00,58.0,58.12,57.7,57.8,42619.0,57.93,253,True
2025-12-01 19:00:00+00:00,57.78,57.83,57.29,57.34,26258.0,57.529,211,True
2025-12-01 20:00:00+00:00,57.35,57.37,56.87,57.0,85310.0,57.076,682,True
2025-12-01 21:00:00+00:00,56.99,56.99,56.99,56.99,131038.0,56.99,2,False
2025-12-01 22:00:00+00:00,56.99,56.99,56.99,56.99,0.0,56.99,0,False
2025-12-01 23:00:00+00:00,56.99,56.99,56.99,56.99,0.0,56.99,0,False
2025-12-02 00:00:00+00:00,56.99,56.99,56.99,56.99,0.0,56.99,0,False
2025-12-02 14:00:00+00:00,57.1,57.3,56.0,56.19,19591.0,56.581,71,False
2025-12-02 15:00:00+00:00,56.25,56.25,55.53,55.94,38770.0,55.927,199,True
2025-12-02 16:00:00+00:00,55.91,56.06,55.7,55.82,16951.0,55.843,126,True
2025-12-02 17:00:00+00:00,55.83,55.86,55.51,55.52,10540.0,55.71,78,True
2025-12-02 18:00:00+00:00,55.54,55.63,55.44,55.54,16312.0,55.539,117,True
2025-12-02 19:00:00+00:00,55.55,55.68,55.39,55.68,25153.0,55.541,175,True
2025-12-02 20:00:00+00:00,55.71,56.03,55.52,55.58,65655.0,55.725,502,True
2025-12-02 21:00:00+00:00,55.58,55.59,55.58,55.59,111479.0,55.59,5,False
2025-12-02 22:00:00+00:00,55.59,55.59,55.59,55.59,0.0,55.59,0,False
2025-12-02 23:00:00+00:00,55.59,55.59,55.59,55.59,0.0,55.59,0,False
2025-12-03 00:00:00+00:00,55.59,55.59,55.59,55.59,0.0,55.59,0,False
2025-12-03 14:00:00+00:00,55.59,56.46,55.5,56.2,29827.0,56.054,117,False
2025-12-03 15:00:00+00:00,56.05,56.48,56.0,56.0,40380.0,56.191,282,True
2025-12-03 16:00:00+00:00,56.0,56.07,55.73,55.96,22873.0,55.923,166,True
2025-12-03 17:00:00+00:00,55.98,56.05,55.72,55.84,29772.0,55.896,211,True
2025-12-03 18:00:00+00:00,55.86,56.34,55.78,56.11,75666.0,56.144,619,True
2025-12-03 19:00:00+00:00,56.16,56.58,56.07,56.56,52356.0,56.246,274,True
2025-12-03 20:00:00+00:00,56.58,56.67,56.43,56.54,159462.0,56.524,859,True
2025-12-03 21:00:00+00:00,56.54,56.54,56.54,56.54,105192.0,56.54,7,False
2025-12-03 22:00:00+00:00,56.54,56.54,56.54,56.54,0.0,56.54,0,False
2025-12-03 23:00:00+00:00,56.54,56.54,56.54,56.54,0.0,56.54,0,False
2025-12-04 00:00:00+00:00,56.54,56.54,56.54,56.54,0.0,56.54,0,False
2025-12-04 14:00:00+00:00,56.85,57.23,56.17,56.23,22447.0,56.684,85,False
2025-12-04 15:00:00+00:00,56.15,56.33,55.68,55.74,42326.0,55.94,313,True
2025-12-04 16:00:00+00:00,55.68,56.0,55.27,55.39,231863.0,55.829,542,True
2025-12-04 17:00:00+00:00,55.36,55.63,55.01,55.62,31892.0,55.297,234,True
2025-12-04 18:00:00+00:00,55.61,55.61,54.83,54.83,60883.0,55.18,408,True
2025-12-04 19:00:00+00:00,54.81,54.81,54.31,54.52,35189.0,54.518,276,True
2025-12-04 20:00:00+00:00,54.53,54.8,54.52,54.72,123544.0,54.623,836,True
2025-12-04 21:00:00+00:00,54.72,54.72,54.72,54.72,117451.0,54.72,9,False
2025-12-04 22:00:00+00:00,54.72,54.72,54.72,54.72,0.0,54.72,0,False
2025-12-04 23:00:00+00:00,54.72,54.72,54.72,54.72,0.0,54.72,0,False
2025-12-05 00:00:00+00:00,54.72,54.72,54.72,54.72,0.0,54.72,0,False
2025-12-05 13:00:00+00:00,54.87,54.87,54.87,54.87,180.0,54.87,1,False
2025-12-05 14:00:00+00:00,54.88,55.28,54.55,55.2,27110.0,54.916,101,False
2025-12-05 15:00:00+00:00,55.18,55.35,54.4,54.64,53071.0,54.959,210,True
2025-12-05 16:00:00+00:00,54.57,54.8,54.37,54.4,28239.0,54.627,211,True
2025-12-05 17:00:00+00:00,54.39,54.41,53.94,54.0,21644.0,54.14,160,True
2025-12-05 18:00:00+00:00,54.0,54.14,53.67,53.78,31503.0,53.871,199,True
2025-12-05 19:00:00+00:00,53.85,54.02,53.54,53.84,73354.0,53.806,432,True
2025-12-05 20:00:00+00:00,53.83,53.91,53.68,53.81,93615.0,53.782,649,True
2025-12-05 21:00:00+00:00,53.82,53.82,53.82,53.82,95807.0,53.82,8,False
2025-12-05 22:00:00+00:00,53.82,53.82,53.82,53.82,0.0,53.82,0,False
2025-12-05 23:00:00+00:00,53.82,53.82,53.82,53.82,0.0,53.82,0,False
2025-12-06 00:00:00+00:00,53.82,53.82,53.82,53.82,0.0,53.82,0,False
2025-12-08 13:00:00+00:00,53.88,53.88,53.88,53.88,360.0,53.88,1,False
2025-12-08 14:00:00+00:00,53.86,53.86,52.96,53.19,31111.0,53.167,73,False
2025-12-08 15:00:00+00:00,53.19,53.61,53.04,53.36,34631.0,53.369,162,True
2025-12-08 16:00:00+00:00,53.36,53.43,53.14,53.23,22081.0,53.275,150,True
2025-12-08 17:00:00+00:00,53.23,53.27,53.05,53.2,22422.0,53.179,129,True
2025-12-08 18:00:00+00:00,53.19,53.19,52.91,52.97,21584.0,53.013,159,True
2025-12-08 19:00:00+00:00,52.96,53.04,52.76,52.84,30674.0,52.893,190,True
2025-12-08 20:00:00+00:00,52.87,53.04,52.28,52.38,131282.0,52.55,880,True
2025-12-08 21:00:00+00:00,52.39,52.39,52.38,52.38,186189.0,52.38,8,False
2025-12-08 22:00:00+00:00,52.38,52.38,52.38,52.38,0.0,52.38,0,False
2025-12-08 23:00:00+00:00,52.38,52.38,52.38,52.38,0.0,52.38,0,False
2025-12-09 00:00:00+00:00,52.38,52.38,52.38,52.38,0.0,52.38,0,False
2025-12-09 14:00:00+00:00,52.24,52.9,52.06,52.9,40818.0,52.405,113,False
2025-12-09 15:00:00+00:00,52.88,52.97,52.51,52.74,29074.0,52.727,195,True
2025-12-09 16:00:00+00:00,52.78,53.29,52.77,53.29,24294.0,53.058,160,True
2025-12-09 17:00:00+00:00,53.32,53.32,52.98,53.11,46732.0,53.129,282,True
2025-12-09 18:00:00+00:00,53.09,53.21,52.91,52.99,35828.0,53.065,231,True
2025-12-09 19:00:00+00:00,53.02,53.02,52.8,52.85,66465.0,52.875,447,True
2025-12-09 20:00:00+00:00,52.83,52.96,52.49,52.61,125360.0,52.703,888,True
2025-12-09 21:00:00+00:00,52.6,52.6,52.6,52.6,120570.0,52.6,17,False
2025-12-09 22:00:00+00:00,52.6,52.6,52.6,52.6,0.0,52.6,0,False
2025-12-09 23:00:00+00:00,52.6,52.6,52.6,52.6,0.0,52.6,0,False
2025-12-10 00:00:00+00:00,52.6,52.6,52.6,52.6,0.0,52.6,0,False
2025-12-10 13:00:00+00:00,52.46,52.46,52.46,52.46,100.0,52.46,1,False
2025-12-10 14:00:00+00:00,52.78,54.06,52.78,53.81,24247.0,53.488,154,False
2025-12-10 15:00:00+00:00,53.81,54.49,53.61,54.48,44709.0,54.101,315,True
2025-12-10 16:00:00+00:00,54.42,54.66,54.01,54.24,75010.0,54.308,428,True
2025-12-10 17:00:00+00:00,54.25,54.39,54.15,54.27,34167.0,54.262,179,True
2025-12-10 18:00:00+00:00,54.22,54.33,54.04,54.07,32569.0,54.169,187,True
2025-12-10 19:00:00+00:00,54.1,54.77,54.06,54.77,37941.0,54.435,270,True
2025-12-10 20:00:00+00:00,54.76,55.15,54.52,54.9,173096.0,54.877,1333,True
2025-12-10 21:00:00+00:00,54.9,54.9,54.9,54.9,213935.0,54.9,26,False
2025-12-10 22:00:00+00:00,54.9,54.9,54.9,54.9,0.0,54.9,0,False
2025-12-10 23:00:00+00:00,54.9,54.9,54.9,54.9,0.0,54.9,0,False
2025-12-11 00:00:00+00:00,54.9,54.9,54.9,54.9,0.0,54.9,0,False
2025-12-11 13:00:00+00:00,54.63,54.79,54.63,54.79,274.0,54.732,2,False
2025-12-11 14:00:00+00:00,54.78,55.8,54.78,55.6,25664.0,55.381,97,False
2025-12-11 15:00:00+00:00,55.66,55.76,54.96,55.43,27146.0,55.232,188,True
2025-12-11 16:00:00+00:00,55.35,55.94,55.31,55.91,30883.0,55.628,195,True
2025-12-11 17:00:00+00:00,55.92,56.02,55.77,55.98,23366.0,55.897,171,True
2025-12-11 18:00:00+00:00,55.95,56.01,55.35,55.5,33011.0,55.748,260,True
2025-12-11 19:00:00+00:00,55.5,55.5,55.19,55.4,63271.0,55.383,347,True
2025-12-11 20:00:00+00:00,55.4,55.72,55.15,55.37,95733.0,55.384,629,True
2025-12-11 21:00:00+00:00,55.4,55.4,55.4,55.4,81635.0,55.4,11,False
2025-12-11 22:00:00+00:00,55.4,55.4,55.4,55.4,0.0,55.4,0,False
2025-12-11 23:00:00+00:00,56.5,56.5,55.93,55.93,200.0,56.215,2,False
2025-12-12 00:00:00+00:00,55.8,56.45,55.8,56.45,2541.0,56.336,11,False
2025-12-12 13:00:00+00:00,56.25,56.3,56.1,56.1,1081.0,56.224,7,False
2025-12-12 14:00:00+00:00,56.1,56.62,55.82,56.52,43182.0,56.218,166,False
2025-12-12 15:00:00+00:00,56.43,56.72,55.97,56.33,63833.0,56.337,374,True
2025-12-12 16:00:00+00:00,56.4,56.78,56.26,56.64,66908.0,56.564,379,True
2025-12-12 17:00:00+00:00,56.66,57.05,56.6,56.93,85872.0,56.814,520,True
2025-12-12 18:00:00+00:00,56.92,57.36,56.76,57.28,44625.0,57.001,315,True
2025-12-12 19:00:00+00:00,57.29,57.53,57.05,57.46,56793.0,57.23,380,True
2025-12-12 20:00:00+00:00,57.51,57.78,57.37,57.74,215830.0,57.565,1355,True
2025-12-12 21:00:00+00:00,57.75,57.75,57.75,57.75,119126.0,57.75,8,False
2025-12-12 22:00:00+00:00,57.99,57.99,57.98,57.99,138.0,57.985,1,False
2025-12-12 23:00:00+00:00,57.99,57.99,57.99,57.99,0.0,57.99,0,False
2025-12-13 00:00:00+00:00,57.99,57.99,57.98,57.99,0.0,57.99,0,False
2025-12-15 14:00:00+00:00,58.0,58.1,57.2,57.2,49978.0,57.653,166,False
2025-12-15 15:00:00+00:00,57.32,57.76,56.99,57.54,82710.0,57.341,464,True
2025-12-15 16:00:00+00:00,57.5,57.83,57.48,57.74,45744.0,57.659,264,True
2025-12-15 17:00:00+00:00,57.74,58.09,57.73,57.91,58311.0,57.912,330,True
2025-12-15 18:00:00+00:00,57.92,58.07,57.75,57.78,35813.0,57.927,252,True
2025-12-15 19:00:00+00:00,57.73,58.22,57.73,58.22,47280.0,57.999,300,True
2025-12-15 20:00:00+00:00,58.25,58.55,58.1,58.49,179660.0,58.366,1180,True
2025-12-15 21:00:00+00:00,58.49,58.49,58.49,58.49,175406.0,58.49,5,False
2025-12-15 22:00:00+00:00,58.49,58.49,58.49,58.49,0.0,58.49,0,False
2025-12-15 23:00:00+00:00,58.49,58.49,58.49,58.49,0.0,58.49,0,False
2025-12-16 00:00:00+00:00,58.49,58.49,58.49,58.49,0.0,58.49,0,False
2025-12-16 13:00:00+00:00,58.0,58.0,58.0,58.0,3919.0,58.0,1,False
2025-12-16 14:00:00+00:00,58.23,58.28,57.05,57.29,24654.0,57.799,92,False
2025-12-16 15:00:00+00:00,57.18,58.0,56.84,57.88,77384.0,57.55,454,True
2025-12-16 16:00:00+00:00,57.88,58.17,57.85,58.01,34696.0,57.991,288,True
2025-12-16 17:00:00+00:00,57.93,59.34,57.93,58.84,131162.0,58.671,762,True
2025-12-16 18:00:00+00:00,58.84,59.14,58.35,59.11,91411.0,58.827,593,True
2025-12-16 19:00:00+00:00,59.11,59.16,58.76,58.84,106085.0,58.962,834,True
2025-12-16 20:00:00+00:00,58.86,58.88,58.55,58.63,244977.0,58.692,1917,True
2025-12-16 21:00:00+00:00,58.62,58.62,58.62,58.62,148620.0,58.62,2,False
2025-12-16 22:00:00+00:00,58.62,58.62,58.62,58.62,0.0,58.62,0,False
2025-12-16 23:00:00+00:00,58.62,58.62,58.62,58.62,0.0,58.62,0,False
2025-12-17 00:00:00+00:00,58.62,58.62,58.62,58.62,0.0,58.62,0,False
2025-12-17 14:00:00+00:00,58.23,59.27,57.93,59.22,44993.0,58.715,146,False
2025-12-17 15:00:00+00:00,59.32,60.09,59.25,59.57,79647.0,59.731,424,True
2025-12-17 16:00:00+00:00,59.59,59.67,59.28,59.38,41581.0,59.497,211,True
2025-12-17 17:00:00+00:00,59.38,59.98,59.38,59.82,34255.0,59.768,230,True
2025-12-17 18:00:00+00:00,59.82,59.91,59.31,59.59,83971.0,59.649,428,True
2025-12-17 19:00:00+00:00,59.65,59.82,59.51,59.68,49005.0,59.671,301,True
2025-12-17 20:00:00+00:00,59.68,59.76,58.39,58.72,188540.0,58.941,1066,True
2025-12-17 21:00:00+00:00,58.74,58.74,58.74,58.74,136247.0,58.74,5,False
2025-12-17 22:00:00+00:00,58.74,58.74,58.74,58.74,0.0,58.74,0,False
2025-12-17 23:00:00+00:00,59.0,59.0,59.0,59.0,420.0,59.0,1,False
2025-12-18 00:00:00+00:00,59.0,59.0,59.0,59.0,0.0,59.0,0,False
2025-12-18 13:00:00+00:00,59.8,59.81,59.8,59.8,250.0,59.802,1,False
2025-12-18 14:00:00+00:00,60.0,60.0,58.47,59.01,34225.0,58.998,96,False
2025-12-18 15:00:00+00:00,59.02,60.24,59.01,59.85,74045.0,59.798,487,True
2025-12-18 16:00:00+00:00,59.75,59.99,59.19,59.22,41204.0,59.626,297,True
2025-12-18 17:00:00+00:00,59.22,59.54,58.91,59.23,46777.0,59.223,321,True
2025-12-18 18:00:00+00:00,59.22,59.27,58.39,58.59,103240.0,58.754,627,True
2025-12-18 19:00:00+00:00,58.7,58.85,58.09,58.12,89148.0,58.42,568,True
2025-12-18 20:00:00+00:00,58.11,58.33,57.58,58.02,193250.0,58.004,1305,True
2025-12-18 21:00:00+00:00,58.02,58.02,58.02,58.02,182355.0,58.02,6,False
2025-12-18 22:00:00+00:00,58.02,58.02,58.02,58.02,0.0,58.02,0,False
2025-12-18 23:00:00+00:00,58.02,58.02,58.02,58.02,0.0,58.02,0,False
2025-12-19 00:00:00+00:00,58.02,58.02,58.02,58.02,0.0,58.02,0,False
2025-12-19 14:00:00+00:00,58.1,58.26,57.67,57.98,64124.0,57.887,158,False
2025-12-19 15:00:00+00:00,58.03,58.39,57.85,58.1,32015.0,58.079,149,True
2025-12-19 16:00:00+00:00,58.16,58.22,57.83,58.05,39289.0,57.979,271,True
2025-12-19 17:00:00+00:00,58.05,58.35,57.92,58.21,24154.0,58.138,191,True
2025-12-19 18:00:00+00:00,58.18,58.28,58.07,58.1,18419.0,58.169,145,True
2025-12-19 19:00:00+00:00,58.11,58.4,58.1,58.25,62600.0,58.239,451,True
2025-12-19 20:00:00+00:00,58.26,58.68,58.18,58.67,165170.0,58.359,1167,True
2025-12-19 21:00:00+00:00,58.66,58.66,58.66,58.66,717014.0,58.66,6,False
2025-12-19 22:00:00+00:00,58.66,58.66,58.66,58.66,0.0,58.66,0,False
2025-12-19 23:00:00+00:00,58.66,58.66,58.66,58.66,0.0,58.66,0,False
2025-12-20 00:00:00+00:00,58.66,58.66,58.66,58.66,0.0,58.66,0,False
2025-12-22 13:00:00+00:00,59.1,59.1,59.1,59.1,750.0,59.1,1,False
2025-12-22 14:00:00+00:00,58.63,59.54,58.6,59.29,31419.0,59.169,129,False
2025-12-22 15:00:00+00:00,59.27,59.8,59.23,59.52,47440.0,59.542,245,True
2025-12-22 16:00:00+00:00,59.56,59.67,59.16,59.2,33006.0,59.439,255,True
2025-12-22 17:00:00+00:00,59.21,59.45,59.02,59.19,31426.0,59.185,173,True
2025-12-22 18:00:00+00:00,59.2,59.31,58.98,58.98,23609.0,59.173,179,True
2025-12-22 19:00:00+00:00,58.93,59.47,58.72,59.33,119632.0,59.181,429,True
2025-12-22 20:00:00+00:00,59.36,59.44,58.97,59.16,213271.0,59.189,1284,True
2025-12-22 21:00:00+00:00,59.22,59.22,59.22,59.22,173431.0,59.22,3,False
2025-12-22 22:00:00+00:00,59.22,59.22,59.22,59.22,0.0,59.22,0,False
2025-12-22 23:00:00+00:00,59.22,59.22,59.22,59.22,0.0,59.22,0,False
2025-12-23 00:00:00+00:00,59.22,59.22,59.22,59.22,0.0,59.22,0,False
2025-12-23 14:00:00+00:00,59.4,59.45,59.02,59.03,41371.0,59.342,215,False
2025-12-23 15:00:00+00:00,59.02,59.18,58.69,58.91,47481.0,59.072,327,True
2025-12-23 16:00:00+00:00,59.0,59.0,58.48,58.86,46313.0,58.712,225,True
2025-12-23 17:00:00+00:00,58.79,58.79,58.3,58.3,35642.0,58.633,231,True
2025-12-23 18:00:00+00:00,58.3,58.44,58.09,58.2,39912.0,58.235,230,True
2025-12-23 19:00:00+00:00,58.23,58.58,58.12,58.33,57338.0,58.297,324,True
2025-12-23 20:00:00+00:00,58.36,58.65,58.15,58.4,109380.0,58.414,822,True
2025-12-23 21:00:00+00:00,58.4,58.4,58.39,58.39,85641.0,58.39,5,False
2025-12-23 22:00:00+00:00,58.39,58.39,58.39,58.39,0.0,58.39,0,False
2025-12-23 23:00:00+00:00,58.39,58.39,58.39,58.39,0.0,58.39,0,False
2025-12-24 00:00:00+00:00,58.39,58.39,58.39,58.39,0.0,58.39,0,False
2025-12-24 13:00:00+00:00,58.64,58.64,58.64,58.64,500.0,58.64,1,False
2025-12-24 14:00:00+00:00,58.57,58.74,58.24,58.32,8886.0,58.515,56,False
2025-12-24 15:00:00+00:00,58.28,58.28,57.49,57.76,40148.0,57.85,258,True
2025-12-24 16:00:00+00:00,57.77,57.77,57.15,57.52,38162.0,57.398,239,True
2025-12-24 17:00:00+00:00,57.51,57.94,57.51,57.82,55107.0,57.713,387,True
2025-12-24 18:00:00+00:00,57.81,57.81,57.81,57.81,41337.0,57.81,3,True
2025-12-24 19:00:00+00:00,57.81,57.81,57.81,57.81,0.0,57.81,0,True
2025-12-24 20:00:00+00:00,57.81,57.81,57.81,57.81,0.0,57.81,0,True
2025-12-24 21:00:00+00:00,57.81,57.81,57.81,57.81,0.0,57.81,0,False
2025-12-26 14:00:00+00:00,57.78,57.9,57.46,57.52,9627.0,57.764,16,False
2025-12-26 15:00:00+00:00,57.44,57.96,57.44,57.78,15526.0,57.747,114,True
2025-12-26 16:00:00+00:00,57.78,57.78,57.4,57.59,16701.0,57.596,103,True
2025-12-26 17:00:00+00:00,57.61,57.71,57.48,57.7,13208.0,57.601,99,True
2025-12-26 18:00:00+00:00,57.68,57.75,57.47,57.47,28679.0,57.599,150,True
2025-12-26 19:00:00+00:00,57.46,57.68,57.39,57.54,30389.0,57.51,138,True
2025-12-26 20:00:00+00:00,57.52,57.95,57.51,57.93,62772.0,57.807,461,True
2025-12-26 21:00:00+00:00,57.93,57.93,57.93,57.93,74420.0,57.93,12,False
2025-12-26 22:00:00+00:00,57.93,57.93,57.93,57.93,0.0,57.93,0,False
2025-12-26 23:00:00+00:00,57.93,57.93,57.93,57.93,0.0,57.93,0,False
2025-12-27 00:00:00+00:00,57.93,57.93,57.93,57.93,0.0,57.93,0,False
2025-12-29 14:00:00+00:00,57.79,57.83,57.07,57.42,10552.0,57.509,47,False
2025-12-29 15:00:00+00:00,57.42,57.87,57.42,57.8,41072.0,57.663,265,True
2025-12-29 16:00:00+00:00,57.8,57.83,57.62,57.63,15127.0,57.73,119,True
2025-12-29 17:00:00+00:00,57.66,57.75,57.49,57.62,33841.0,57.623,184,True
2025-12-29 18:00:00+00:00,57.62,57.74,57.61,57.64,20146.0,57.677,142,True
2025-12-29 19:00:00+00:00,57.64,57.69,57.43,57.51,19417.0,57.585,151,True
2025-12-29 20:00:00+00:00,57.52,57.84,57.47,57.69,112137.0,57.718,739,True
2025-12-29 21:00:00+00:00,57.69,57.69,57.69,57.69,75269.0,57.69,6,False
2025-12-29 22:00:00+00:00,57.69,57.69,57.69,57.69,0.0,57.69,0,False
2025-12-29 23:00:00+00:00,57.69,57.69,57.69,57.69,0.0,57.69,0,False
2025-12-30 00:00:00+00:00,57.69,57.69,57.69,57.69,0.0,57.69,0,False
2025-12-30 14:00:00+00:00,57.44,57.72,57.07,57.72,13126.0,57.417,40,False
2025-12-30 15:00:00+00:00,57.61,57.73,57.24,57.42,30311.0,57.516,198,True
2025-12-30 16:00:00+00:00,57.42,57.84,57.42,57.76,13964.0,57.66,86,True
2025-12-30 17:00:00+00:00,57.77,58.09,57.74,58.09,27275.0,57.845,193,True
2025-12-30 18:00:00+00:00,58.1,58.41,58.04,58.22,26707.0,58.233,169,True
2025-12-30 19:00:00+00:00,58.23,58.25,58.03,58.1,22315.0,58.102,164,True
2025-12-30 20:00:00+00:00,58.13,58.15,57.64,57.72,65182.0,57.821,494,True
2025-12-30 21:00:00+00:00,57.71,57.71,57.71,57.71,68083.0,57.71,3,False
2025-12-30 22:00:00+00:00,57.71,57.71,57.71,57.71,0.0,57.71,0,False
2025-12-30 23:00:00+00:00,57.71,57.71,57.71,57.71,0.0,57.71,0,False
2025-12-31 00:00:00+00:00,57.71,57.71,57.71,57.71,0.0,57.71,0,False
2025-12-31 14:00:00+00:00,57.21,57.85,57.21,57.82,11081.0,57.287,26,False
2025-12-31 15:00:00+00:00,57.68,58.05,57.62,57.99,41410.0,57.924,241,True
2025-12-31 16:00:00+00:00,57.99,58.07,57.8,57.82,16050.0,57.944,106,True
2025-12-31 17:00:00+00:00,57.88,58.11,57.86,58.01,19795.0,57.973,145,True
2025-12-31 18:00:00+00:00,58.09,58.34,57.98,58.34,20531.0,58.15,149,True
2025-12-31 19:00:00+00:00,58.36,58.58,58.24,58.31,30928.0,58.374,245,True
2025-12-31 20:00:00+00:00,58.32,58.53,58.22,58.36,95888.0,58.401,784,True
2025-12-31 21:00:00+00:00,58.35,58.35,58.35,58.35,155024.0,58.35,7,False
2025-12-31 22:00:00+00:00,58.35,58.35,58.35,58.35,0.0,58.35,0,False
2025-12-31 23:00:00+00:00,58.35,58.35,58.35,58.35,0.0,58.35,0,False
2026-01-01 00:00:00+00:00,58.35,58.35,58.35,58.35,0.0,58.35,0,False
2026-01-02 09:00:00+00:00,58.49,58.49,58.49,58.49,100.0,58.49,1,False
2026-01-02 10:00:00+00:00,58.49,58.49,58.49,58.49,0.0,58.49,0,False
2026-01-02 11:00:00+00:00,58.49,58.49,58.49,58.49,0.0,58.49,0,False
2026-01-02 12:00:00+00:00,58.49,58.49,58.49,58.49,0.0,58.49,0,False
2026-01-02 13:00:00+00:00,58.49,58.49,58.49,58.49,0.0,58.49,0,False
2026-01-02 14:00:00+00:00,58.57,59.15,58.4,59.14,22912.0,58.678,88,False
2026-01-02 15:00:00+00:00,59.14,59.48,58.93,59.29,52275.0,59.162,338,True
2026-01-02 16:00:00+00:00,59.32,59.87,59.3,59.64,58771.0,59.616,447,True
2026-01-02 17:00:00+00:00,59.65,59.76,59.4,59.41,32809.0,59.544,238,True
2026-01-02 18:00:00+00:00,59.39,59.47,59.14,59.47,25676.0,59.274,209,True
2026-01-02 19:00:00+00:00,59.44,59.85,59.4,59.77,30276.0,59.619,251,True
2026-01-02 20:00:00+00:00,59.74,59.8,59.3,59.46,94203.0,59.446,770,True
2026-01-02 21:00:00+00:00,59.43,59.43,59.43,59.43,88612.0,59.43,5,False
2026-01-02 22:00:00+00:00,59.43,59.43,59.43,59.43,0.0,59.43,0,False
2026-01-02 23:00:00+00:00,59.43,59.43,59.43,59.43,0.0,59.43,0,False
2026-01-03 00:00:00+00:00,59.43,59.43,59.43,59.43,0.0,59.43,0,False
2026-01-05 12:00:00+00:00,59.42,59.42,59.42,59.42,100.0,59.42,1,False
2026-01-05 13:00:00+00:00,59.42,59.42,59.42,59.42,0.0,59.42,0,False
2026-01-05 14:00:00+00:00,59.19,60.3,59.19,60.11,17948.0,59.845,77,False
2026-01-05 15:00:00+00:00,60.21,60.68,59.65,59.65,48430.0,60.294,250,True
2026-01-05 16:00:00+00:00,59.66,60.77,59.61,60.77,42944.0,60.065,299,True
2026-01-05 17:00:00+00:00,60.81,61.0,60.5,60.61,69321.0,60.736,480,True
2026-01-05 18:00:00+00:00,60.61,60.63,60.17,60.53,50227.0,60.456,295,True
2026-01-05 19:00:00+00:00,60.53,60.59,60.16,60.21,23176.0,60.437,146,True
2026-01-05 20:00:00+00:00,60.23,60.38,60.05,60.32,135333.0,60.229,985,True
2026-01-05 21:00:00+00:00,60.3,60.3,60.3,60.3,100597.0,60.3,4,False
2026-01-05 22:00:00+00:00,60.3,60.3,60.3,60.3,0.0,60.3,0,False
2026-01-05 23:00:00+00:00,60.3,60.3,60.3,60.3,0.0,60.3,0,False
2026-01-06 00:00:00+00:00,60.3,60.3,60.3,60.3,0.0,60.3,0,False
2026-01-06 10:00:00+00:00,60.5,60.5,60.5,60.5,100.0,60.5,1,False
2026-01-06 11:00:00+00:00,60.5,60.5,60.5,60.5,0.0,60.5,0,False
2026-01-06 12:00:00+00:00,60.5,60.5,60.5,60.5,0.0,60.5,0,False
2026-01-06 13:00:00+00:00,60.54,60.63,60.32,60.57,664.0,60.513,4,False
2026-01-06 14:00:00+00:00,60.08,60.72,60.01,60.71,12907.0,60.255,45,False
2026-01-06 15:00:00+00:00,60.71,61.03,60.49,60.59,34972.0,60.795,196,True
2026-01-06 16:00:00+00:00,60.65,61.41,60.65,61.37,24617.0,61.052,195,True
2026-01-06 17:00:00+00:00,61.38,61.76,61.35,61.71,21675.0,61.569,117,True
2026-01-06 18:00:00+00:00,61.72,61.77,61.48,61.63,21592.0,61.628,90,True
2026-01-06 19:00:00+00:00,61.61,61.71,61.51,61.51,21658.0,61.615,111,True
2026-01-06 20:00:00+00:00,61.49,61.65,60.88,61.07,180919.0,61.152,1048,True
2026-01-06 21:00:00+00:00,61.08,61.08,61.08,61.08,119242.0,61.08,3,False
2026-01-06 22:00:00+00:00,61.08,61.08,61.08,61.08,0.0,61.08,0,False
2026-01-06 23:00:00+00:00,60.26,60.26,60.26,60.26,100.0,60.26,1,False
2026-01-07 00:00:00+00:00,60.26,60.26,60.26,60.26,0.0,60.26,0,False
2026-01-07 14:00:00+00:00,60.89,61.33,59.61,59.74,48652.0,60.564,270,False
2026-01-07 15:00:00+00:00,59.68,59.68,58.3,58.45,104176.0,58.992,739,True
2026-01-07 16:00:00+00:00,58.45,58.51,57.86,58.27,78448.0,58.241,549,True
2026-01-07 17:00:00+00:00,58.35,58.86,58.1,58.26,63750.0,58.607,406,True
2026-01-07 18:00:00+00:00,58.15,58.37,57.89,58.07,46145.0,58.157,343,True
2026-01-07 19:00:00+00:00,58.0,58.34,57.94,58.21,92809.0,58.16,676,True
2026-01-07 20:00:00+00:00,58.18,59.05,58.17,58.93,183627.0,58.814,1165,True
2026-01-07 21:00:00+00:00,58.92,58.92,58.92,58.92,114314.0,58.92,3,False
2026-01-07 22:00:00+00:00,58.92,58.92,58.92,58.92,0.0,58.92,0,False
2026-01-07 23:00:00+00:00,58.92,58.92,58.92,58.92,0.0,58.92,0,False
2026-01-08 00:00:00+00:00,58.92,58.92,58.92,58.92,0.0,58.92,0,False
2026-01-08 14:00:00+00:00,58.92,59.77,58.47,59.64,20720.0,58.956,89,False
2026-01-08 15:00:00+00:00,59.57,61.1,59.47,60.94,62308.0,60.341,423,True
2026-01-08 16:00:00+00:00,60.98,61.27,60.83,61.19,62833.0,61.069,406,True
2026-01-08 17:00:00+00:00,61.19,61.37,60.93,61.23,72897.0,61.16,507,True
2026-01-08 18:00:00+00:00,61.23,61.26,60.69,61.01,76246.0,61.026,522,True
2026-01-08 19:00:00+00:00,61.04,61.06,60.63,60.8,79436.0,60.864,624,True
2026-01-08 20:00:00+00:00,60.85,60.92,60.25,60.81,205299.0,60.635,1407,True
2026-01-08 21:00:00+00:00,60.8,60.8,60.8,60.8,190041.0,60.8,7,False
2026-01-08 22:00:00+00:00,60.8,60.8,60.8,60.8,0.0,60.8,0,False
2026-01-08 23:00:00+00:00,60.8,60.8,60.8,60.8,0.0,60.8,0,False
2026-01-09 00:00:00+00:00,60.8,60.8,60.8,60.8,0.0,60.8,0,False
2026-01-09 09:00:00+00:00,61.15,61.15,61.15,61.15,250.0,61.15,1,False
2026-01-09 10:00:00+00:00,61.15,61.15,61.15,61.15,0.0,61.15,0,False
2026-01-09 11:00:00+00:00,61.15,61.15,61.15,61.15,0.0,61.15,0,False
2026-01-09 12:00:00+00:00,61.15,61.15,61.15,61.15,0.0,61.15,0,False
2026-01-09 13:00:00+00:00,61.61,61.63,61.31,61.39,953.0,61.514,6,False
2026-01-09 14:00:00+00:00,61.04,61.75,60.81,61.04,39521.0,61.266,136,False
2026-01-09 15:00:00+00:00,61.09,61.1,60.41,61.1,42536.0,60.723,235,True
2026-01-09 16:00:00+00:00,61.01,61.66,61.01,61.5,38865.0,61.366,283,True
2026-01-09 17:00:00+00:00,61.53,61.96,61.5,61.87,42640.0,61.813,252,True
2026-01-09 18:00:00+00:00,61.87,62.12,61.72,62.11,55908.0,61.961,311,True
2026-01-09 19:00:00+00:00,62.05,62.23,61.99,62.12,60662.0,62.105,349,True
2026-01-09 20:00:00+00:00,62.11,62.22,61.68,61.77,162358.0,61.938,1094,True
2026-01-09 21:00:00+00:00,61.77,61.77,61.77,61.77,104369.0,61.77,4,False
2026-01-09 22:00:00+00:00,61.77,61.77,61.77,61.77,0.0,61.77,0,False
2026-01-09 23:00:00+00:00,61.77,61.77,61.77,61.77,0.0,61.77,0,False
2026-01-10 00:00:00+00:00,61.77,61.77,61.77,61.77,0.0,61.77,0,False
2026-01-12 12:00:00+00:00,61.77,61.86,61.77,61.86,528.0,61.843,2,False
2026-01-12 13:00:00+00:00,61.86,61.86,61.86,61.86,0.0,61.86,0,False
2026-01-12 14:00:00+00:00,61.21,61.73,61.0,61.27,53352.0,61.339,102,False
2026-01-12 15:00:00+00:00,61.34,62.11,61.18,62.1,62408.0,61.54,397,True
2026-01-12 16:00:00+00:00,62.01,62.69,61.95,62.09,72095.0,62.29,382,True
2026-01-12 17:00:00+00:00,62.03,62.03,61.66,61.82,77453.0,61.812,419,True
2026-01-12 18:00:00+00:00,61.82,62.13,61.7,62.04,63648.0,61.837,366,True
2026-01-12 19:00:00+00:00,62.01,62.12,61.4,61.46,93025.0,61.831,657,True
2026-01-12 20:00:00+00:00,61.47,61.77,61.3,61.42,130909.0,61.493,896,True
2026-01-12 21:00:00+00:00,61.39,61.39,61.39,61.39,171318.0,61.39,5,False
2026-01-12 22:00:00+00:00,61.39,61.39,61.39,61.39,0.0,61.39,0,False
2026-01-12 23:00:00+00:00,61.39,61.39,61.39,61.39,0.0,61.39,0,False
2026-01-13 00:00:00+00:00,61.39,61.39,61.39,61.39,0.0,61.39,0,False
2026-01-13 14:00:00+00:00,61.58,61.91,61.49,61.79,20208.0,61.668,51,False
2026-01-13 15:00:00+00:00,61.6,62.41,61.6,62.0,61735.0,62.031,322,True
2026-01-13 16:00:00+00:00,61.96,62.1,61.61,61.65,89787.0,61.748,405,True
2026-01-13 17:00:00+00:00,61.63,62.35,61.6,62.16,27240.0,62.028,187,True
2026-01-13 18:00:00+00:00,62.15,62.17,61.88,62.13,21522.0,61.992,189,True
2026-01-13 19:00:00+00:00,62.13,62.14,61.9,62.05,26428.0,62.005,196,True
2026-01-13 20:00:00+00:00,62.05,62.48,61.95,62.45,70458.0,62.268,578,True
2026-01-13 21:00:00+00:00,62.46,62.46,62.46,62.46,72932.0,62.46,4,False
2026-01-13 22:00:00+00:00,62.46,62.46,62.46,62.46,0.0,62.46,0,False
2026-01-13 23:00:00+00:00,62.46,62.46,62.46,62.46,0.0,62.46,0,False
2026-01-14 00:00:00+00:00,62.46,62.46,62.46,62.46,0.0,62.46,0,False
2026-01-14 14:00:00+00:00,62.78,64.09,62.72,63.59,11433.0,63.42,66,False
2026-01-14 15:00:00+00:00,63.74,63.74,62.81,63.25,17870.0,63.288,142,True
2026-01-14 16:00:00+00:00,63.15,63.58,63.1,63.4,32816.0,63.403,228,True
2026-01-14 17:00:00+00:00,63.42,63.59,63.29,63.34,31440.0,63.406,259,True
2026-01-14 18:00:00+00:00,63.34,63.49,63.27,63.45,35806.0,63.346,239,True
2026-01-14 19:00:00+00:00,63.46,63.5,62.95,63.29,47074.0,63.285,304,True
2026-01-14 20:00:00+00:00,63.23,63.66,63.08,63.57,119930.0,63.507,949,True
2026-01-14 21:00:00+00:00,63.56,63.56,63.56,63.56,87093.0,63.56,8,False
2026-01-14 22:00:00+00:00,63.56,63.56,63.56,63.56,0.0,63.56,0,False
2026-01-14 23:00:00+00:00,63.56,63.56,63.56,63.56,0.0,63.56,0,False
2026-01-15 00:00:00+00:00,63.56,63.56,63.56,63.56,0.0,63.56,0,False
2026-01-15 14:00:00+00:00,63.7,64.3,62.89,63.55,15891.0,63.575,88,False
2026-01-15 15:00:00+00:00,63.66,64.42,63.62,64.16,18908.0,64.171,141,True
2026-01-15 16:00:00+00:00,64.15,64.25,63.92,63.98,34931.0,64.068,227,True
2026-01-15 17:00:00+00:00,63.98,64.15,63.75,63.79,35736.0,63.994,242,True
2026-01-15 18:00:00+00:00,63.78,64.24,63.78,64.14,26552.0,64.023,114,True
2026-01-15 19:00:00+00:00,64.13,64.44,63.91,64.42,35586.0,64.16,249,True
2026-01-15 20:00:00+00:00,64.39,64.6,64.04,64.12,98131.0,64.286,782,True
2026-01-15 21:00:00+00:00,64.11,64.11,64.11,64.11,75144.0,64.11,4,False
2026-01-15 22:00:00+00:00,64.11,64.11,64.11,64.11,0.0,64.11,0,False
2026-01-15 23:00:00+00:00,64.11,64.11,64.11,64.11,0.0,64.11,0,False
2026-01-16 00:00:00+00:00,64.11,64.11,64.11,64.11,0.0,64.11,0,False
2026-01-16 14:00:00+00:00,63.78,63.85,63.32,63.68,13027.0,63.532,35,False
2026-01-16 15:00:00+00:00,63.6,63.76,63.22,63.58,40255.0,63.538,292,True
2026-01-16 16:00:00+00:00,63.62,63.87,63.62,63.67,54592.0,63.719,400,True
2026-01-16 17:00:00+00:00,63.69,63.79,63.54,63.79,21570.0,63.63,148,True
2026-01-16 18:00:00+00:00,63.87,63.95,63.52,63.68,18211.0,63.751,128,True
2026-01-16 19:00:00+00:00,63.7,63.79,63.39,63.54,33976.0,63.549,266,True
2026-01-16 20:00:00+00:00,63.52,63.71,63.44,63.61,83402.0,63.59,611,True
2026-01-16 21:00:00+00:00,63.61,63.61,63.61,63.61,64130.0,63.61,2,False
2026-01-16 22:00:00+00:00,63.61,63.61,63.61,63.61,0.0,63.61,0,False
2026-01-16 23:00:00+00:00,63.61,63.61,63.61,63.61,0.0,63.61,0,False
2026-01-17 00:00:00+00:00,63.61,63.61,63.61,63.61,0.0,63.61,0,False
2026-01-20 14:00:00+00:00,62.55,63.0,61.93,62.69,12636.0,62.578,61,False
2026-01-20 15:00:00+00:00,62.65,63.41,62.65,63.01,24906.0,63.013,165,True
2026-01-20 16:00:00+00:00,63.0,63.31,62.68,63.29,77556.0,63.054,511,True
2026-01-20 17:00:00+00:00,63.2,63.46,63.03,63.04,25355.0,63.259,196,True
2026-01-20 18:00:00+00:00,63.03,63.03,62.65,62.68,32205.0,62.847,222,True
2026-01-20 19:00:00+00:00,62.69,62.8,62.52,62.65,41602.0,62.658,304,True
2026-01-20 20:00:00+00:00,62.62,62.91,62.55,62.82,163789.0,62.781,1181,True
2026-01-20 21:00:00+00:00,62.83,62.83,62.8,62.8,111546.0,62.801,9,False
2026-01-20 22:00:00+00:00,62.8,62.8,62.8,62.8,0.0,62.8,0,False
2026-01-20 23:00:00+00:00,62.8,62.8,62.8,62.8,0.0,62.8,0,False
2026-01-21 00:00:00+00:00,62.8,62.8,62.8,62.8,0.0,62.8,0,False
2026-01-21 14:00:00+00:00,62.95,64.34,62.95,63.75,18134.0,63.848,105,False
2026-01-21 15:00:00+00:00,63.75,64.01,63.28,64.01,21726.0,63.755,146,True
2026-01-21 16:00:00+00:00,64.04,64.41,63.68,63.68,66359.0,64.024,449,True
2026-01-21 17:00:00+00:00,63.79,63.94,63.55,63.69,36470.0,63.683,161,True
2026-01-21 18:00:00+00:00,63.66,63.72,63.37,63.61,25667.0,63.539,164,True
2026-01-21 19:00:00+00:00,63.63,64.8,63.58,64.36,75507.0,64.306,358,True
2026-01-21 20:00:00+00:00,64.36,64.36,63.63,63.7,104895.0,63.794,851,True
2026-01-21 21:00:00+00:00,63.72,63.72,63.72,63.72,139120.0,63.72,10,False
2026-01-21 22:00:00+00:00,63.72,63.72,63.72,63.72,0.0,63.72,0,False
2026-01-21 23:00:00+00:00,63.72,63.72,63.72,63.72,0.0,63.72,0,False
2026-01-22 00:00:00+00:00,63.72,63.72,63.72,63.72,0.0,63.72,0,False
2026-01-22 14:00:00+00:00,63.57,64.15,63.16,63.16,26187.0,63.547,151,False
2026-01-22 15:00:00+00:00,63.26,63.35,62.79,62.85,49864.0,63.098,215,True
2026-01-22 16:00:00+00:00,62.86,62.93,62.45,62.62,38596.0,62.685,294,True
2026-01-22 17:00:00+00:00,62.6,63.0,62.38,62.8,37422.0,62.765,267,True
2026-01-22 18:00:00+00:00,62.74,62.99,62.38,62.9,39970.0,62.727,257,True
2026-01-22 19:00:00+00:00,62.95,62.99,62.62,62.63,33092.0,62.761,260,True
2026-01-22 20:00:00+00:00,62.6,62.85,62.27,62.3,131678.0,62.499,990,True
2026-01-22 21:00:00+00:00,62.32,62.32,62.32,62.32,116202.0,62.32,7,False
2026-01-22 22:00:00+00:00,62.32,62.32,62.32,62.32,0.0,62.32,0,False
2026-01-22 23:00:00+00:00,62.32,62.32,62.32,62.32,0.0,62.32,0,False
2026-01-23 00:00:00+00:00,62.32,62.32,62.32,62.32,0.0,62.32,0,False
2026-01-23 14:00:00+00:00,62.53,63.29,62.53,63.29,13309.0,62.755,60,False
2026-01-23 15:00:00+00:00,63.26,63.26,62.05,62.13,26623.0,62.585,214,True
2026-01-23 16:00:00+00:00,62.13,62.38,61.92,62.38,34860.0,62.116,213,True
2026-01-23 17:00:00+00:00,62.39,62.56,62.01,62.01,16531.0,62.364,137,True
2026-01-23 18:00:00+00:00,62.01,62.31,62.0,62.31,32219.0,62.201,114,True
2026-01-23 19:00:00+00:00,62.3,62.36,62.15,62.35,9083.0,62.248,76,True
2026-01-23 20:00:00+00:00,62.35,62.78,62.15,62.74,108515.0,62.527,695,True
2026-01-23 21:00:00+00:00,62.73,62.73,62.73,62.73,89096.0,62.73,6,False
2026-01-23 22:00:00+00:00,62.73,62.73,62.73,62.73,0.0,62.73,0,False
2026-01-23 23:00:00+00:00,62.73,62.73,62.73,62.73,0.0,62.73,0,False
2026-01-24 00:00:00+00:00,62.73,62.73,62.73,62.73,0.0,62.73,0,False
2026-01-26 14:00:00+00:00,62.38,63.32,62.38,62.5,36088.0,62.97,102,False
2026-01-26 15:00:00+00:00,62.5,63.21,62.43,62.6,25513.0,62.847,196,True
2026-01-26 16:00:00+00:00,62.6,62.87,62.41,62.63,16369.0,62.617,140,True
2026-01-26 17:00:00+00:00,62.59,62.89,62.51,62.75,27008.0,62.718,161,True
2026-01-26 18:00:00+00:00,62.74,62.79,62.46,62.59,30998.0,62.616,189,True
2026-01-26 19:00:00+00:00,62.61,62.96,62.53,62.85,57625.0,62.767,424,True
2026-01-26 20:00:00+00:00,62.87,63.0,62.76,62.87,139530.0,62.883,1044,True
2026-01-26 21:00:00+00:00,62.86,62.86,62.86,62.86,179779.0,62.86,2,False
2026-01-26 22:00:00+00:00,62.75,62.75,62.75,62.75,560.0,62.75,1,False
2026-01-26 23:00:00+00:00,62.5,62.5,62.5,62.5,100.0,62.5,1,False
2026-01-27 00:00:00+00:00,62.5,62.5,62.5,62.5,0.0,62.5,0,False
2026-01-27 14:00:00+00:00,62.56,62.66,61.61,61.61,98991.0,62.419,221,False
2026-01-27 15:00:00+00:00,61.84,62.44,61.74,62.02,27808.0,62.107,216,True
2026-01-27 16:00:00+00:00,62.01,62.26,61.87,62.15,23836.0,62.084,193,True
2026-01-27 17:00:00+00:00,62.16,62.46,62.01,62.21,30668.0,62.251,264,True
2026-01-27 18:00:00+00:00,62.21,62.72,62.12,62.51,57791.0,62.476,385,True
2026-01-27 19:00:00+00:00,62.49,63.2,62.48,62.85,118858.0,62.958,753,True
2026-01-27 20:00:00+00:00,62.85,63.25,62.81,63.23,214115.0,62.991,1514,True
2026-01-27 21:00:00+00:00,63.23,64.52,63.23,64.52,119593.0,63.251,5,False
2026-01-27 22:00:00+00:00,64.99,64.99,64.98,64.99,1000.0,64.99,1,False
2026-01-27 23:00:00+00:00,64.35,64.68,64.35,64.68,570.0,64.448,4,False
2026-01-28 00:00:00+00:00,64.5,64.51,64.5,64.5,1801.0,64.501,12,False
2026-01-28 12:00:00+00:00,63.12,63.12,63.12,63.12,100.0,63.12,1,False
2026-01-28 13:00:00+00:00,64.48,64.48,64.48,64.48,100.0,64.48,1,False
2026-01-28 14:00:00+00:00,63.0,63.94,59.17,60.84,196914.0,61.169,982,False
2026-01-28 15:00:00+00:00,60.85,61.12,59.74,60.22,357123.0,60.481,1955,True
2026-01-28 16:00:00+00:00,60.19,60.36,59.2,59.32,137442.0,59.689,778,True
2026-01-28 17:00:00+00:00,59.33,59.69,58.08,58.39,111769.0,58.82,771,True
2026-01-28 18:00:00+00:00,58.39,61.45,58.3,61.42,213051.0,59.843,1292,True
2026-01-28 19:00:00+00:00,61.53,62.0,60.25,60.68,137853.0,61.182,927,True
2026-01-28 20:00:00+00:00,60.76,62.93,60.75,62.84,448834.0,62.214,3165,True
2026-01-28 21:00:00+00:00,62.8,62.8,62.8,62.8,225346.0,62.8,8,False
2026-01-28 22:00:00+00:00,62.8,62.8,62.8,62.8,0.0,62.8,0,False
2026-01-28 23:00:00+00:00,62.8,62.8,62.8,62.8,0.0,62.8,0,False
2026-01-29 00:00:00+00:00,62.8,62.8,62.8,62.8,0.0,62.8,0,False
2026-01-29 14:00:00+00:00,62.63,66.12,62.6,64.07,108801.0,64.969,498,False
2026-01-29 15:00:00+00:00,64.42,64.72,63.85,64.03,158213.0,64.309,1033,True
2026-01-29 16:00:00+00:00,63.98,65.04,63.83,64.97,114500.0,64.425,843,True
2026-01-29 17:00:00+00:00,64.99,65.12,64.64,64.7,87568.0,64.906,649,True
2026-01-29 18:00:00+00:00,64.75,65.33,64.51,64.95,101435.0,64.935,745,True
2026-01-29 19:00:00+00:00,64.93,65.34,64.77,65.1,105208.0,65.077,862,True
2026-01-29 20:00:00+00:00,65.12,65.46,64.82,65.42,313986.0,65.18,2330,True
2026-01-29 21:00:00+00:00,65.42,65.42,65.42,65.42,217417.0,65.42,11,False
2026-01-29 22:00:00+00:00,65.42,65.42,65.42,65.42,0.0,65.42,0,False
2026-01-29 23:00:00+00:00,65.41,65.41,65.41,65.41,128.0,65.41,1,False
2026-01-30 00:00:00+00:00,65.41,65.41,65.41,65.41,0.0,65.41,0,False
2026-01-30 14:00:00+00:00,65.0,65.81,64.9,65.45,34363.0,65.36,122,False
2026-01-30 15:00:00+00:00,65.48,65.52,65.04,65.24,41613.0,65.263,304,True
2026-01-30 16:00:00+00:00,65.24,65.25,64.4,64.61,84807.0,64.745,509,True
2026-01-30 17:00:00+00:00,64.61,64.63,63.79,64.05,122358.0,64.134,581,True
2026-01-30 18:00:00+00:00,64.09,64.28,63.78,64.19,52843.0,63.99,415,True
2026-01-30 19:00:00+00:00,64.19,64.91,64.19,64.38,90630.0,64.583,645,True
2026-01-30 20:00:00+00:00,64.38,64.66,63.97,64.25,263121.0,64.263,1431,True
2026-01-30 21:00:00+00:00,64.22,64.22,64.22,64.22,250826.0,64.22,10,False
2026-01-30 22:00:00+00:00,64.22,64.22,64.22,64.22,0.0,64.22,0,False
2026-01-30 23:00:00+00:00,64.22,64.22,64.22,64.22,0.0,64.22,0,False
2026-01-31 00:00:00+00:00,64.22,64.22,64.22,64.22,0.0,64.22,0,False
2026-02-02 14:00:00+00:00,64.0,65.22,63.94,64.66,33985.0,64.534,151,False
2026-02-02 15:00:00+00:00,64.77,64.77,63.47,63.65,51777.0,64.432,360,True
2026-02-02 16:00:00+00:00,63.7,64.16,63.39,63.46,103547.0,63.826,688,True
2026-02-02 17:00:00+00:00,63.47,63.72,63.25,63.43,65245.0,63.54,482,True
2026-02-02 18:00:00+00:00,63.43,63.59,62.45,62.45,57089.0,63.213,423,True
2026-02-02 19:00:00+00:00,62.37,63.34,62.06,62.19,79978.0,62.666,581,True
2026-02-02 20:00:00+00:00,62.18,62.93,62.06,62.37,215087.0,62.538,1580,True
2026-02-02 21:00:00+00:00,62.34,62.34,62.34,62.34,159314.0,62.34,7,False
2026-02-02 22:00:00+00:00,62.34,62.34,62.34,62.34,0.0,62.34,0,False
2026-02-02 23:00:00+00:00,62.34,62.34,62.34,62.34,0.0,62.34,0,False
2026-02-03 00:00:00+00:00,62.34,62.34,62.34,62.34,0.0,62.34,0,False
2026-02-03 14:00:00+00:00,62.35,63.34,61.93,62.99,27374.0,62.874,153,False
2026-02-03 15:00:00+00:00,63.11,65.08,63.04,64.21,91031.0,64.008,443,True
2026-02-03 16:00:00+00:00,64.12,64.49,63.58,63.74,84139.0,63.876,464,True
2026-02-03 17:00:00+00:00,63.74,63.97,63.57,63.68,93136.0,63.73,501,True
2026-02-03 18:00:00+00:00,63.59,63.76,63.17,63.2,49676.0,63.459,365,True
2026-02-03 19:00:00+00:00,63.12,63.38,62.9,63.34,42285.0,63.156,327,True
2026-02-03 20:00:00+00:00,63.32,64.04,63.32,63.67,116739.0,63.759,899,True
2026-02-03 21:00:00+00:00,63.69,63.69,63.69,63.69,97040.0,63.69,8,False
2026-02-03 22:00:00+00:00,63.69,63.69,63.69,63.69,0.0,63.69,0,False
2026-02-03 23:00:00+00:00,63.69,63.69,63.69,63.69,0.0,63.69,0,False
2026-02-04 00:00:00+00:00,63.69,63.69,63.69,63.69,0.0,63.69,0,False
2026-02-04 14:00:00+00:00,64.85,66.0,64.78,65.5,66401.0,65.567,305,False
2026-02-04 15:00:00+00:00,65.5,65.97,65.01,65.25,29835.0,65.507,219,True
2026-02-04 16:00:00+00:00,65.25,65.29,64.46,64.61,38748.0,64.892,268,True
2026-02-04 17:00:00+00:00,64.44,64.61,64.21,64.31,24853.0,64.428,230,True
2026-02-04 18:00:00+00:00,64.34,64.48,63.94,63.95,29296.0,64.167,238,True
2026-02-04 19:00:00+00:00,63.87,64.77,63.79,64.77,41106.0,64.326,307,True
2026-02-04 20:00:00+00:00,64.69,65.0,64.53,64.7,80269.0,64.701,697,True
2026-02-04 21:00:00+00:00,64.7,64.7,64.7,64.7,80974.0,64.7,11,False
2026-02-04 22:00:00+00:00,64.7,64.7,64.7,64.7,0.0,64.7,0,False
2026-02-04 23:00:00+00:00,64.7,64.7,64.7,64.7,0.0,64.7,0,False
2026-02-05 00:00:00+00:00,64.7,64.7,64.7,64.7,0.0,64.7,0,False
2026-02-05 13:00:00+00:00,66.33,66.33,66.33,66.33,100.0,66.33,1,False
2026-02-05 14:00:00+00:00,65.62,65.92,64.39,64.98,55503.0,65.304,88,False
2026-02-05 15:00:00+00:00,64.98,65.86,64.5,64.88,73132.0,65.095,448,True
2026-02-05 16:00:00+00:00,64.88,65.27,64.49,65.25,56401.0,64.853,441,True
2026-02-05 17:00:00+00:00,65.2,65.3,64.72,64.86,42082.0,64.975,363,True
2026-02-05 18:00:00+00:00,64.79,64.86,64.41,64.6,35070.0,64.613,267,True
2026-02-05 19:00:00+00:00,64.66,65.09,64.57,65.07,41760.0,64.822,347,True
2026-02-05 20:00:00+00:00,65.09,65.26,64.75,65.03,218564.0,65.051,1558,True
2026-02-05 21:00:00+00:00,65.04,65.04,65.04,65.04,157368.0,65.04,7,False
2026-02-05 22:00:00+00:00,65.04,65.04,65.04,65.04,0.0,65.04,0,False
2026-02-05 23:00:00+00:00,65.04,65.04,65.04,65.04,0.0,65.04,0,False
2026-02-06 00:00:00+00:00,65.04,65.04,65.04,65.04,0.0,65.04,0,False
2026-02-06 14:00:00+00:00,65.27,66.5,64.51,66.01,50449.0,65.294,118,False
2026-02-06 15:00:00+00:00,66.11,66.39,65.69,66.24,40115.0,66.113,300,True
2026-02-06 16:00:00+00:00,66.29,66.61,66.0,66.59,37745.0,66.283,280,True
2026-02-06 17:00:00+00:00,66.58,66.88,66.42,66.8,36331.0,66.641,284,True
2026-02-06 18:00:00+00:00,66.77,66.86,66.44,66.6,51202.0,66.659,243,True
2026-02-06 19:00:00+00:00,66.61,66.65,66.04,66.34,56713.0,66.375,287,True
2026-02-06 20:00:00+00:00,66.36,66.64,66.25,66.31,159726.0,66.447,1109,True
2026-02-06 21:00:00+00:00,66.34,66.34,66.34,66.34,158784.0,66.34,7,False
2026-02-06 22:00:00+00:00,66.34,66.34,66.34,66.34,0.0,66.34,0,False
2026-02-06 23:00:00+00:00,66.34,66.34,66.34,66.34,0.0,66.34,0,False
2026-02-07 00:00:00+00:00,66.34,66.34,66.34,66.34,0.0,66.34,0,False
2026-02-09 14:00:00+00:00,66.29,66.88,65.54,66.21,22719.0,66.151,141,False
2026-02-09 15:00:00+00:00,66.27,66.7,65.82,66.25,71434.0,66.161,480,True
2026-02-09 16:00:00+00:00,66.29,67.1,66.06,66.83,53225.0,66.561,391,True
2026-02-09 17:00:00+00:00,66.83,66.89,66.54,66.62,36572.0,66.763,256,True
2026-02-09 18:00:00+00:00,66.65,66.65,66.1,66.44,26577.0,66.383,181,True
2026-02-09 19:00:00+00:00,66.42,67.21,66.3,67.2,106952.0,66.701,504,True
2026-02-09 20:00:00+00:00,67.18,67.18,66.49,66.6,143080.0,66.828,927,True
2026-02-09 21:00:00+00:00,66.62,66.62,66.62,66.62,104049.0,66.62,5,False
2026-02-09 22:00:00+00:00,66.62,66.62,66.62,66.62,0.0,66.62,0,False
2026-02-09 23:00:00+00:00,66.62,66.62,66.62,66.62,0.0,66.62,0,False
2026-02-10 00:00:00+00:00,66.62,66.62,66.62,66.62,0.0,66.62,0,False
2026-02-10 14:00:00+00:00,67.19,67.71,66.86,67.13,11950.0,67.383,44,False
2026-02-10 15:00:00+00:00,67.01,67.21,66.77,66.78,13323.0,66.995,81,True
2026-02-10 16:00:00+00:00,66.86,67.78,66.81,67.51,27313.0,67.384,215,True
2026-02-10 17:00:00+00:00,67.54,68.04,67.51,67.78,58743.0,67.818,380,True
2026-02-10 18:00:00+00:00,67.78,67.91,67.32,67.32,64985.0,67.688,277,True
2026-02-10 19:00:00+00:00,67.33,67.9,67.32,67.46,58396.0,67.641,292,True
2026-02-10 20:00:00+00:00,67.48,67.57,66.99,67.05,134386.0,67.249,911,True
2026-02-10 21:00:00+00:00,67.02,67.02,67.02,67.02,150814.0,67.02,5,False
2026-02-10 22:00:00+00:00,67.02,67.02,67.02,67.02,0.0,67.02,0,False
2026-02-10 23:00:00+00:00,67.02,67.02,67.02,67.02,0.0,67.02,0,False
2026-02-11 00:00:00+00:00,67.02,67.02,67.02,67.02,0.0,67.02,0,False
2026-02-11 14:00:00+00:00,67.23,68.2,67.23,67.66,21389.0,67.678,140,False
2026-02-11 15:00:00+00:00,67.42,67.63,66.77,67.16,78179.0,67.369,436,True
2026-02-11 16:00:00+00:00,67.2,67.62,66.96,67.54,24959.0,67.36,187,True
2026-02-11 17:00:00+00:00,67.5,67.68,67.26,67.26,21548.0,67.494,187,True
2026-02-11 18:00:00+00:00,67.36,67.36,66.87,66.89,30766.0,67.138,230,True
2026-02-11 19:00:00+00:00,66.89,67.14,66.77,67.11,30006.0,66.975,228,True
2026-02-11 20:00:00+00:00,67.11,67.32,66.94,67.22,90045.0,67.139,737,True
2026-02-11 21:00:00+00:00,67.2,67.2,67.2,67.2,132655.0,67.2,2,False
2026-02-11 22:00:00+00:00,67.2,67.2,67.2,67.2,0.0,67.2,0,False
2026-02-11 23:00:00+00:00,67.2,67.2,67.2,67.2,0.0,67.2,0,False
2026-02-12 00:00:00+00:00,67.2,67.2,67.2,67.2,0.0,67.2,0,False
2026-02-12 12:00:00+00:00,67.18,67.18,67.18,67.18,200.0,67.18,1,False
2026-02-12 13:00:00+00:00,67.18,67.18,67.18,67.18,0.0,67.18,0,False
2026-02-12 14:00:00+00:00,67.43,68.5,67.43,67.73,18742.0,67.804,53,False
2026-02-12 15:00:00+00:00,67.7,67.71,66.91,67.45,40322.0,67.13,121,True
2026-02-12 16:00:00+00:00,67.42,67.57,66.57,66.91,40801.0,67.063,251,True
2026-02-12 17:00:00+00:00,67.0,67.0,65.97,66.1,67482.0,66.303,478,True
2026-02-12 18:00:00+00:00,66.02,66.58,65.87,66.14,41029.0,66.174,331,True
2026-02-12 19:00:00+00:00,66.15,66.64,66.07,66.57,56223.0,66.452,343,True
2026-02-12 20:00:00+00:00,66.62,66.82,66.46,66.79,92599.0,66.675,661,True
2026-02-12 21:00:00+00:00,66.76,66.77,66.76,66.77,181006.0,66.77,9,False
2026-02-12 22:00:00+00:00,66.77,66.77,66.77,66.77,0.0,66.77,0,False
2026-02-12 23:00:00+00:00,66.77,66.77,66.77,66.77,0.0,66.77,0,False
2026-02-13 00:00:00+00:00,66.77,66.77,66.77,66.77,0.0,66.77,0,False
2026-02-13 14:00:00+00:00,66.58,66.72,65.89,66.03,12939.0,66.365,50,False
2026-02-13 15:00:00+00:00,65.8,67.96,65.8,67.72,115836.0,67.586,550,True
2026-02-13 16:00:00+00:00,67.74,68.22,67.74,68.11,75438.0,67.946,409,True
2026-02-13 17:00:00+00:00,68.1,68.19,67.73,68.12,28299.0,67.971,175,True
2026-02-13 18:00:00+00:00,68.11,68.56,68.05,68.34,63830.0,68.385,305,True
2026-02-13 19:00:00+00:00,68.33,68.63,68.1,68.13,56124.0,68.365,297,True
2026-02-13 20:00:00+00:00,68.2,68.47,68.11,68.34,140818.0,68.324,769,True
2026-02-13 21:00:00+00:00,68.35,68.35,68.35,68.35,90993.0,68.35,6,False
2026-02-13 22:00:00+00:00,68.35,68.35,68.35,68.35,0.0,68.35,0,False
2026-02-13 23:00:00+00:00,68.77,68.77,68.76,68.77,150.0,68.77,1,False
2026-02-14 00:00:00+00:00,68.77,68.77,68.76,68.77,0.0,68.77,0,False
2026-02-17 14:00:00+00:00,68.87,69.54,68.39,69.44,89085.0,69.214,171,False
2026-02-17 15:00:00+00:00,69.44,70.09,69.13,69.78,108622.0,69.547,517,True
2026-02-17 16:00:00+00:00,69.83,70.41,69.77,69.88,102722.0,70.07,633,True
2026-02-17 17:00:00+00:00,69.91,69.96,69.43,69.94,38785.0,69.743,278,True
2026-02-17 18:00:00+00:00,69.96,70.54,69.72,70.39,58318.0,70.157,347,True
2026-02-17 19:00:00+00:00,70.38,70.75,70.33,70.65,33451.0,70.525,240,True
2026-02-17 20:00:00+00:00,70.62,70.71,69.89,69.91,142966.0,70.265,1061,True
2026-02-17 21:00:00+00:00,69.89,69.89,69.89,69.89,152770.0,69.89,2,False
2026-02-17 22:00:00+00:00,69.89,69.89,69.89,69.89,0.0,69.89,0,False
2026-02-17 23:00:00+00:00,69.89,69.89,69.89,69.89,0.0,69.89,0,False
2026-02-18 00:00:00+00:00,69.89,69.89,69.89,69.89,0.0,69.89,0,False
2026-02-18 14:00:00+00:00,69.74,70.0,69.33,69.72,12112.0,69.706,58,False
2026-02-18 15:00:00+00:00,69.76,70.38,69.44,69.81,41488.0,69.879,158,True
2026-02-18 16:00:00+00:00,69.81,70.11,69.51,69.84,36023.0,69.88,302,True
2026-02-18 17:00:00+00:00,69.84,70.29,69.84,70.02,31961.0,70.087,230,True
2026-02-18 18:00:00+00:00,70.0,70.27,69.88,69.94,33976.0,70.119,258,True
2026-02-18 19:00:00+00:00,70.0,70.11,69.67,70.08,53098.0,69.884,320,True
2026-02-18 20:00:00+00:00,70.09,70.09,69.73,69.87,114525.0,69.942,832,True
2026-02-18 21:00:00+00:00,69.86,69.86,69.86,69.86,112090.0,69.86,4,False
2026-02-18 22:00:00+00:00,69.86,69.86,69.86,69.86,0.0,69.86,0,False
2026-02-18 23:00:00+00:00,69.86,69.86,69.86,69.86,0.0,69.86,0,False
2026-02-19 00:00:00+00:00,69.86,69.86,69.86,69.86,0.0,69.86,0,False
2026-02-19 13:00:00+00:00,69.79,69.79,69.79,69.79,100.0,69.79,1,False
2026-02-19 14:00:00+00:00,69.8,69.86,69.36,69.59,12232.0,69.636,61,False
2026-02-19 15:00:00+00:00,69.57,69.64,69.0,69.47,30918.0,69.313,201,True
2026-02-19 16:00:00+00:00,69.46,69.59,69.27,69.42,23960.0,69.435,171,True
2026-02-19 17:00:00+00:00,69.41,69.48,69.18,69.41,35418.0,69.342,223,True
2026-02-19 18:00:00+00:00,69.37,69.89,69.06,69.78,31708.0,69.424,218,True
2026-02-19 19:00:00+00:00,69.85,69.98,69.21,69.3,44125.0,69.511,317,True
2026-02-19 20:00:00+00:00,69.37,69.85,69.35,69.84,151622.0,69.647,1016,True
2026-02-19 21:00:00+00:00,69.79,69.81,69.79,69.81,134793.0,69.81,3,False
2026-02-19 22:00:00+00:00,69.81,69.81,69.81,69.81,0.0,69.81,0,False
2026-02-19 23:00:00+00:00,69.81,69.81,69.81,69.81,0.0,69.81,0,False
2026-02-20 00:00:00+00:00,69.81,69.81,69.81,69.81,0.0,69.81,0,False
2026-02-20 12:00:00+00:00,69.25,69.38,69.25,69.38,400.0,69.343,4,False
2026-02-20 13:00:00+00:00,69.38,69.38,69.38,69.38,0.0,69.38,0,False
2026-02-20 14:00:00+00:00,69.6,70.21,69.16,69.56,54867.0,69.521,158,False
2026-02-20 15:00:00+00:00,69.45,70.46,69.44,69.57,99623.0,70.007,540,True
2026-02-20 16:00:00+00:00,69.49,69.7,68.94,69.0,35209.0,69.307,273,True
2026-02-20 17:00:00+00:00,69.0,69.31,68.83,69.29,40500.0,69.028,318,True
2026-02-20 18:00:00+00:00,69.29,69.86,69.18,69.81,63367.0,69.523,515,True
2026-02-20 19:00:00+00:00,69.88,69.97,69.45,69.97,60584.0,69.681,449,True
2026-02-20 20:00:00+00:00,69.93,70.22,69.81,69.96,175635.0,70.02,1221,True
2026-02-20 21:00:00+00:00,69.96,69.96,69.96,69.96,178577.0,69.96,15,False
2026-02-20 22:00:00+00:00,69.96,69.96,69.96,69.96,0.0,69.96,0,False
2026-02-20 23:00:00+00:00,69.96,69.96,69.96,69.96,0.0,69.96,0,False
2026-02-21 00:00:00+00:00,69.96,69.96,69.96,69.96,0.0,69.96,0,False
2026-02-23 12:00:00+00:00,69.9,69.9,69.9,69.9,100.0,69.9,1,False
2026-02-23 13:00:00+00:00,69.9,69.9,69.9,69.9,0.0,69.9,0,False
2026-02-23 14:00:00+00:00,69.67,69.93,68.64,68.91,10700.0,69.482,48,False
2026-02-23 15:00:00+00:00,68.74,69.23,68.26,68.63,44426.0,68.74,286,True
2026-02-23 16:00:00+00:00,68.67,68.75,68.2,68.59,30430.0,68.506,258,True
2026-02-23 17:00:00+00:00,68.63,68.79,68.49,68.61,29473.0,68.596,233,True
2026-02-23 18:00:00+00:00,68.63,69.19,68.63,69.02,30405.0,68.977,249,True
2026-02-23 19:00:00+00:00,69.02,69.16,68.75,69.02,35828.0,68.972,273,True
2026-02-23 20:00:00+00:00,69.06,69.27,68.92,69.12,107663.0,69.098,811,True
2026-02-23 21:00:00+00:00,69.11,69.12,69.11,69.12,96490.0,69.12,14,False
2026-02-23 22:00:00+00:00,69.12,69.12,69.12,69.12,0.0,69.12,0,False
2026-02-23 23:00:00+00:00,69.12,69.12,69.12,69.12,0.0,69.12,0,False
2026-02-24 00:00:00+00:00,69.12,69.12,69.12,69.12,0.0,69.12,0,False
2026-02-24 14:00:00+00:00,68.8,72.35,68.73,71.53,101023.0,71.329,519,False
2026-02-24 15:00:00+00:00,71.69,72.05,70.67,70.71,53843.0,71.554,399,True
2026-02-24 16:00:00+00:00,70.67,70.82,69.62,69.8,60522.0,70.103,499,True
2026-02-24 17:00:00+00:00,69.85,70.17,69.62,70.05,59635.0,69.912,455,True
2026-02-24 18:00:00+00:00,70.03,70.44,69.98,70.23,49034.0,70.134,369,True
2026-02-24 19:00:00+00:00,70.28,70.42,69.94,70.38,43537.0,70.159,314,True
2026-02-24 20:00:00+00:00,70.4,70.71,70.24,70.51,141486.0,70.518,1049,True
2026-02-24 21:00:00+00:00,70.52,70.52,70.52,70.52,164690.0,70.52,4,False
2026-02-24 22:00:00+00:00,70.52,70.52,70.52,70.52,0.0,70.52,0,False
2026-02-24 23:00:00+00:00,70.52,70.52,70.52,70.52,0.0,70.52,0,False
2026-02-25 00:00:00+00:00,70.52,70.52,70.52,70.52,0.0,70.52,0,False
2026-02-25 13:00:00+00:00,70.03,70.03,70.03,70.03,202.0,70.03,1,False
2026-02-25 14:00:00+00:00,70.56,70.65,68.69,68.69,9374.0,69.89,39,False
2026-02-25 15:00:00+00:00,68.95,68.95,68.16,68.56,17064.0,68.436,137,True
2026-02-25 16:00:00+00:00,68.58,69.36,68.43,68.75,188552.0,68.974,959,True
2026-02-25 17:00:00+00:00,68.68,69.11,68.59,68.97,36532.0,68.813,244,True
2026-02-25 18:00:00+00:00,68.89,69.47,68.86,69.17,97826.0,69.14,739,True
2026-02-25 19:00:00+00:00,69.16,69.67,69.13,69.59,87039.0,69.433,660,True
2026-02-25 20:00:00+00:00,69.62,69.8,69.27,69.69,265358.0,69.581,1734,True
2026-02-25 21:00:00+00:00,69.72,69.72,69.72,69.72,138982.0,69.72,3,False
2026-02-25 22:00:00+00:00,69.72,69.72,69.72,69.72,0.0,69.72,0,False
2026-02-25 23:00:00+00:00,69.72,69.72,69.72,69.72,0.0,69.72,0,False
2026-02-26 00:00:00+00:00,69.72,69.72,69.72,69.72,0.0,69.72,0,False
2026-02-26 14:00:00+00:00,70.18,70.18,68.78,69.05,82409.0,69.287,414,False
2026-02-26 15:00:00+00:00,69.06,69.75,68.48,69.65,72774.0,69.092,425,True
2026-02-26 16:00:00+00:00,69.7,69.85,69.02,69.46,35374.0,69.403,266,True
2026-02-26 17:00:00+00:00,69.43,69.43,69.2,69.25,19830.0,69.286,164,True
2026-02-26 18:00:00+00:00,69.2,69.76,69.2,69.72,21080.0,69.513,179,True
2026-02-26 19:00:00+00:00,69.69,69.92,69.68,69.85,32336.0,69.782,253,True
2026-02-26 20:00:00+00:00,69.85,69.92,69.45,69.83,144770.0,69.664,1076,True
2026-02-26 21:00:00+00:00,69.83,69.85,69.83,69.85,95644.0,69.849,5,False
2026-02-26 22:00:00+00:00,69.85,69.85,69.85,69.85,0.0,69.85,0,False
2026-02-26 23:00:00+00:00,69.85,69.85,69.85,69.85,0.0,69.85,0,False
2026-02-27 00:00:00+00:00,69.85,69.85,69.85,69.85,0.0,69.85,0,False
2026-02-27 14:00:00+00:00,69.39,69.7,68.65,68.97,12904.0,69.235,85,False
2026-02-27 15:00:00+00:00,68.97,69.5,68.63,69.48,13125.0,69.126,109,True
2026-02-27 16:00:00+00:00,69.48,70.05,69.48,69.81,55951.0,69.732,240,True
2026-02-27 17:00:00+00:00,69.89,70.06,69.71,69.86,26388.0,69.923,201,True
2026-02-27 18:00:00+00:00,69.78,70.09,69.74,69.96,26310.0,69.896,191,True
2026-02-27 19:00:00+00:00,69.96,70.2,69.76,70.18,30408.0,70.029,180,True
2026-02-27 20:00:00+00:00,70.21,70.42,70.07,70.14,86288.0,70.203,670,True
2026-02-27 21:00:00+00:00,70.12,70.12,70.12,70.12,202303.0,70.12,4,False
2026-02-27 22:00:00+00:00,70.12,70.12,70.12,70.12,0.0,70.12,0,False
2026-02-27 23:00:00+00:00,70.12,70.12,70.12,70.12,0.0,70.12,0,False
2026-02-28 00:00:00+00:00,70.12,70.12,70.12,70.12,0.0,70.12,0,False
2026-03-02 14:00:00+00:00,69.43,69.5,68.51,69.09,14771.0,69.112,104,False
2026-03-02 15:00:00+00:00,69.09,69.65,68.6,68.89,39305.0,69.035,294,True
2026-03-02 16:00:00+00:00,68.95,69.65,68.95,69.32,34640.0,69.242,245,True
2026-03-02 17:00:00+00:00,69.37,70.04,69.25,69.96,32550.0,69.719,258,True
2026-03-02 18:00:00+00:00,70.02,70.19,69.65,69.73,40617.0,69.918,317,True
2026-03-02 19:00:00+00:00,69.7,70.12,69.62,70.12,40352.0,69.937,294,True
2026-03-02 20:00:00+00:00,70.14,70.41,69.94,70.41,98194.0,70.188,779,True
2026-03-02 21:00:00+00:00,70.38,70.38,70.38,70.38,89145.0,70.38,3,False
2026-03-02 22:00:00+00:00,70.38,70.38,70.38,70.38,0.0,70.38,0,False
2026-03-02 23:00:00+00:00,70.38,70.38,70.38,70.38,0.0,70.38,0,False
2026-03-03 00:00:00+00:00,70.38,70.38,70.38,70.38,0.0,70.38,0,False
2026-03-03 14:00:00+00:00,69.13,69.13,67.24,67.39,20152.0,68.527,61,False
2026-03-03 15:00:00+00:00,67.39,67.94,67.01,67.91,54998.0,67.443,355,True
2026-03-03 16:00:00+00:00,67.97,68.74,67.86,68.68,33438.0,68.323,235,True
2026-03-03 17:00:00+00:00,68.65,69.11,68.34,69.11,41318.0,68.645,277,True
2026-03-03 18:00:00+00:00,69.19,69.79,69.08,69.72,24003.0,69.455,192,True
2026-03-03 19:00:00+00:00,69.72,69.83,69.47,69.8,40565.0,69.691,299,True
2026-03-03 20:00:00+00:00,69.8,69.88,69.41,69.52,87331.0,69.568,671,True
2026-03-03 21:00:00+00:00,69.51,69.51,69.5,69.5,85333.0,69.5,9,False
2026-03-03 22:00:00+00:00,69.5,69.5,69.5,69.5,0.0,69.5,0,False
2026-03-03 23:00:00+00:00,69.5,69.5,69.5,69.5,0.0,69.5,0,False
2026-03-04 00:00:00+00:00,69.5,69.5,69.5,69.5,0.0,69.5,0,False
2026-03-04 14:00:00+00:00,69.66,69.83,68.61,68.7,9118.0,69.4,28,False
2026-03-04 15:00:00+00:00,68.95,69.04,68.35,68.95,40396.0,68.824,285,True
2026-03-04 16:00:00+00:00,68.93,69.05,68.68,68.98,25882.0,68.866,194,True
2026-03-04 17:00:00+00:00,68.98,68.99,68.67,68.87,12331.0,68.819,107,True
2026-03-04 18:00:00+00:00,68.95,69.05,68.63,68.93,32946.0,68.835,244,True
2026-03-04 19:00:00+00:00,68.9,69.25,68.82,69.13,42771.0,69.023,230,True
2026-03-04 20:00:00+00:00,69.16,69.19,68.85,68.91,165000.0,69.023,1015,True
2026-03-04 21:00:00+00:00,68.94,68.94,68.93,68.93,119363.0,68.93,6,False
2026-03-04 22:00:00+00:00,68.93,68.93,68.93,68.93,0.0,68.93,0,False
2026-03-04 23:00:00+00:00,68.93,68.93,68.93,68.93,0.0,68.93,0,False
2026-03-05 00:00:00+00:00,68.93,68.93,68.93,68.93,0.0,68.93,0,False
2026-03-05 14:00:00+00:00,68.41,69.0,68.23,68.84,21487.0,68.571,150,False
2026-03-05 15:00:00+00:00,68.95,68.95,68.03,68.26,33468.0,68.329,263,True
2026-03-05 16:00:00+00:00,68.27,68.39,67.62,68.11,30700.0,67.926,248,True
2026-03-05 17:00:00+00:00,68.11,68.34,67.82,67.91,29042.0,68.117,232,True
2026-03-05 18:00:00+00:00,67.87,68.03,67.66,67.66,26742.0,67.885,240,True
2026-03-05 19:00:00+00:00,67.64,67.74,66.86,66.95,47549.0,67.266,350,True
2026-03-05 20:00:00+00:00,66.95,66.96,66.01,66.16,164626.0,66.352,1218,True
2026-03-05 21:00:00+00:00,66.16,66.16,66.16,66.16,164150.0,66.16,9,False
2026-03-05 22:00:00+00:00,66.16,66.16,66.16,66.16,0.0,66.16,0,False
2026-03-05 23:00:00+00:00,68.93,68.93,68.93,68.93,1049.0,68.93,1,False
2026-03-06 00:00:00+00:00,68.93,68.93,68.93,68.93,0.0,68.93,0,False
2026-03-06 12:00:00+00:00,66.0,66.0,66.0,66.0,300.0,66.0,1,False
2026-03-06 13:00:00+00:00,66.0,66.0,66.0,66.0,0.0,66.0,0,False
2026-03-06 14:00:00+00:00,65.88,66.3,63.68,64.14,40282.0,64.836,166,False
2026-03-06 15:00:00+00:00,64.14,64.96,64.1,64.67,46708.0,64.555,289,True
2026-03-06 16:00:00+00:00,64.69,64.95,64.43,64.44,39842.0,64.68,338,True
2026-03-06 17:00:00+00:00,64.45,64.75,64.23,64.45,32418.0,64.475,254,True
2026-03-06 18:00:00+00:00,64.51,64.85,64.51,64.7,33911.0,64.678,269,True
2026-03-06 19:00:00+00:00,64.65,64.87,64.5,64.57,65606.0,64.669,476,True
2026-03-06 20:00:00+00:00,64.58,65.02,64.44,64.92,139140.0,64.764,1040,True
2026-03-06 21:00:00+00:00,64.93,64.93,64.93,64.93,156493.0,64.93,9,False
2026-03-06 22:00:00+00:00,64.93,64.93,64.93,64.93,0.0,64.93,0,False
2026-03-06 23:00:00+00:00,64.93,64.93,64.93,64.93,0.0,64.93,0,False
2026-03-07 00:00:00+00:00,64.93,64.93,64.93,64.93,0.0,64.93,0,False
2026-03-09 12:00:00+00:00,63.64,64.19,63.64,64.0,600.0,63.925,5,False
2026-03-09 13:00:00+00:00,64.89,65.46,63.1,63.57,22713.0,63.978,101,False
2026-03-09 14:00:00+00:00,63.37,64.37,63.02,64.36,33967.0,63.521,250,True
2026-03-09 15:00:00+00:00,64.36,64.92,63.77,63.78,34060.0,64.355,296,True
2026-03-09 16:00:00+00:00,63.78,64.04,63.66,63.85,66367.0,63.84,440,True
2026-03-09 17:00:00+00:00,63.86,64.07,63.46,63.55,77881.0,63.83,529,True
2026-03-09 18:00:00+00:00,63.57,64.13,63.56,63.97,43341.0,63.875,289,True
2026-03-09 19:00:00+00:00,63.97,64.83,63.96,64.33,133222.0,64.412,1054,True
2026-03-09 20:00:00+00:00,64.32,64.32,64.32,64.32,144700.0,64.32,2,False
2026-03-09 21:00:00+00:00,64.32,64.32,64.32,64.32,0.0,64.32,0,False
2026-03-09 22:00:00+00:00,64.32,64.32,64.32,64.32,0.0,64.32,0,False
2026-03-09 23:00:00+00:00,64.32,64.32,64.32,64.32,0.0,64.32,0,False
2026-03-10 11:00:00+00:00,64.32,64.32,64.32,64.32,100.0,64.32,1,False
2026-03-10 12:00:00+00:00,64.32,64.32,64.32,64.32,0.0,64.32,0,False
2026-03-10 13:00:00+00:00,64.02,64.5,63.22,64.09,10607.0,63.958,44,False
2026-03-10 14:00:00+00:00,64.29,64.89,64.0,64.72,53799.0,64.551,390,True
2026-03-10 15:00:00+00:00,64.79,65.09,64.58,64.67,36433.0,64.833,264,True
2026-03-10 16:00:00+00:00,64.67,65.0,64.53,64.83,42199.0,64.761,304,True
2026-03-10 17:00:00+00:00,64.8,65.19,64.75,65.03,98783.0,65.005,621,True
2026-03-10 18:00:00+00:00,65.03,65.06,63.96,64.06,76657.0,64.401,543,True
2026-03-10 19:00:00+00:00,64.03,64.15,63.45,63.54,183867.0,63.717,1368,True
2026-03-10 20:00:00+00:00,63.53,63.53,63.53,63.53,199964.0,63.53,7,False
2026-03-10 21:00:00+00:00,63.53,63.53,63.53,63.53,0.0,63.53,0,False
2026-03-10 22:00:00+00:00,63.53,63.53,63.53,63.53,0.0,63.53,0,False
2026-03-10 23:00:00+00:00,63.53,63.53,63.53,63.53,0.0,63.53,0,False
2026-03-11 08:00:00+00:00,63.53,63.53,63.53,63.53,200.0,63.53,2,False
2026-03-11 09:00:00+00:00,63.53,63.53,63.53,63.53,0.0,63.53,0,False
2026-03-11 10:00:00+00:00,63.53,63.53,63.53,63.53,0.0,63.53,0,False
2026-03-11 11:00:00+00:00,63.53,63.53,63.53,63.53,0.0,63.53,0,False
2026-03-11 12:00:00+00:00,63.53,63.53,63.53,63.53,0.0,63.53,0,False
2026-03-11 13:00:00+00:00,63.5,63.77,62.39,62.47,48070.0,62.813,172,False
2026-03-11 14:00:00+00:00,62.45,62.61,60.29,61.76,203810.0,61.151,1224,True
2026-03-11 15:00:00+00:00,61.82,62.56,61.26,62.17,60750.0,61.886,445,True
2026-03-11 16:00:00+00:00,62.24,63.35,62.02,63.3,121008.0,62.921,790,True
2026-03-11 17:00:00+00:00,63.3,63.42,62.52,62.52,54307.0,63.104,431,True
2026-03-11 18:00:00+00:00,62.54,63.13,62.54,62.85,57816.0,62.861,451,True
2026-03-11 19:00:00+00:00,62.87,62.87,62.36,62.76,175545.0,62.595,1272,True
2026-03-11 20:00:00+00:00,62.78,62.78,62.78,62.78,126621.0,62.78,5,False
2026-03-11 21:00:00+00:00,62.78,62.78,62.78,62.78,0.0,62.78,0,False
2026-03-11 22:00:00+00:00,62.71,62.71,62.71,62.71,100.0,62.71,1,False
2026-03-11 23:00:00+00:00,62.71,62.71,62.71,62.71,0.0,62.71,0,False
2026-03-12 12:00:00+00:00,62.76,62.76,62.76,62.76,1682.0,62.76,2,False
2026-03-12 13:00:00+00:00,62.24,62.24,61.36,61.36,27859.0,61.951,85,False
2026-03-12 14:00:00+00:00,61.31,61.53,59.98,61.09,102902.0,60.833,633,True
2026-03-12 15:00:00+00:00,61.14,61.43,60.61,61.14,89637.0,60.996,470,True
2026-03-12 16:00:00+00:00,61.14,61.14,60.28,60.61,64082.0,60.637,393,True
2026-03-12 17:00:00+00:00,60.66,61.08,60.22,60.24,38495.0,60.622,295,True
2026-03-12 18:00:00+00:00,60.23,61.11,60.13,60.85,62246.0,60.694,393,True
2026-03-12 19:00:00+00:00,60.84,60.87,59.26,59.63,269649.0,59.857,1768,True
2026-03-12 20:00:00+00:00,59.65,59.65,59.65,59.65,186398.0,59.65,3,False
2026-03-12 21:00:00+00:00,59.65,59.65,59.65,59.65,0.0,59.65,0,False
2026-03-12 22:00:00+00:00,59.65,59.65,59.65,59.65,0.0,59.65,0,False
2026-03-12 23:00:00+00:00,59.65,59.65,59.65,59.65,0.0,59.65,0,False
2026-03-13 13:00:00+00:00,60.38,60.58,59.83,60.43,28859.0,60.338,143,False
2026-03-13 14:00:00+00:00,60.5,60.89,60.18,60.53,53937.0,60.592,392,True
2026-03-13 15:00:00+00:00,60.54,60.74,60.29,60.39,45608.0,60.528,358,True
2026-03-13 16:00:00+00:00,60.45,60.64,60.15,60.33,41622.0,60.408,308,True
2026-03-13 17:00:00+00:00,60.34,60.9,60.3,60.61,52328.0,60.612,409,True
2026-03-13 18:00:00+00:00,60.63,61.09,60.08,60.84,143537.0,60.668,913,True
2026-03-13 19:00:00+00:00,60.89,61.12,60.51,60.96,219820.0,60.827,1480,True
2026-03-13 20:00:00+00:00,60.96,60.96,60.96,60.96,175855.0,60.96,7,False
2026-03-13 21:00:00+00:00,60.96,60.96,60.96,60.96,0.0,60.96,0,False
2026-03-13 22:00:00+00:00,61.27,61.27,61.06,61.07,550.0,61.159,2,False
2026-03-13 23:00:00+00:00,61.07,61.07,61.06,61.07,0.0,61.07,0,False
2026-03-16 12:00:00+00:00,61.27,61.27,61.27,61.27,869.0,61.27,1,False
2026-03-16 13:00:00+00:00,61.61,62.81,61.07,62.73,16937.0,61.948,90,False
2026-03-16 14:00:00+00:00,62.73,62.89,61.48,62.15,23445.0,62.272,182,True
2026-03-16 15:00:00+00:00,62.17,62.27,61.76,61.98,36432.0,62.138,137,True
2026-03-16 16:00:00+00:00,61.97,62.1,61.74,61.8,19855.0,61.904,173,True
2026-03-16 17:00:00+00:00,61.86,62.04,61.59,61.65,19268.0,61.815,149,True
2026-03-16 18:00:00+00:00,61.7,62.0,61.66,61.85,44528.0,61.816,233,True
2026-03-16 19:00:00+00:00,61.86,62.35,61.81,62.2,124391.0,62.108,993,True
2026-03-16 20:00:00+00:00,62.19,62.19,62.16,62.16,173067.0,62.16,13,False
2026-03-16 21:00:00+00:00,62.16,62.16,62.16,62.16,0.0,62.16,0,False
2026-03-16 22:00:00+00:00,62.16,62.16,62.16,62.16,0.0,62.16,0,False
2026-03-16 23:00:00+00:00,62.16,62.16,62.16,62.16,0.0,62.16,0,False
2026-03-17 13:00:00+00:00,62.94,63.53,62.94,63.51,13896.0,63.24,73,False
2026-03-17 14:00:00+00:00,63.38,63.38,62.86,63.0,21315.0,63.154,140,True
2026-03-17 15:00:00+00:00,63.01,63.14,62.8,62.9,17774.0,62.978,153,True
2026-03-17 16:00:00+00:00,62.83,62.93,62.71,62.84,16264.0,62.83,140,True
2026-03-17 17:00:00+00:00,62.84,63.05,62.79,63.01,21052.0,62.917,148,True
2026-03-17 18:00:00+00:00,63.02,63.1,62.69,62.75,24648.0,62.884,198,True
2026-03-17 19:00:00+00:00,62.78,62.93,62.12,62.28,158932.0,62.46,990,True
2026-03-17 20:00:00+00:00,62.29,62.29,62.25,62.25,99152.0,62.25,4,False
2026-03-17 21:00:00+00:00,62.25,62.25,62.25,62.25,0.0,62.25,0,False
2026-03-17 22:00:00+00:00,62.25,62.25,62.25,62.25,0.0,62.25,0,False
2026-03-17 23:00:00+00:00,62.25,62.25,62.25,62.25,0.0,62.25,0,False
2026-03-18 11:00:00+00:00,63.4,63.4,63.36,63.36,1333.0,63.374,2,False
2026-03-18 12:00:00+00:00,63.36,63.36,63.36,63.36,0.0,63.36,0,False
2026-03-18 13:00:00+00:00,63.17,65.4,62.43,65.2,89845.0,64.025,349,False
2026-03-18 14:00:00+00:00,65.06,65.06,64.31,65.04,63658.0,64.635,436,True
2026-03-18 15:00:00+00:00,65.04,66.09,65.02,65.72,78016.0,65.602,411,True
2026-03-18 16:00:00+00:00,65.81,66.19,65.32,66.11,62128.0,65.795,416,True
2026-03-18 17:00:00+00:00,66.0,66.23,65.58,66.14,88111.0,65.889,705,True
2026-03-18 18:00:00+00:00,66.15,66.35,65.51,65.62,136179.0,66.005,1041,True
2026-03-18 19:00:00+00:00,65.7,65.7,64.36,64.47,166367.0,64.751,1320,True
2026-03-18 20:00:00+00:00,64.52,64.52,64.47,64.47,166186.0,64.47,9,False
2026-03-18 21:00:00+00:00,64.47,64.47,64.47,64.47,0.0,64.47,0,False
2026-03-18 22:00:00+00:00,64.47,64.47,64.47,64.47,0.0,64.47,0,False
2026-03-18 23:00:00+00:00,64.47,64.47,64.47,64.47,0.0,64.47,0,False
2026-03-19 13:00:00+00:00,63.48,64.33,62.81,63.28,39028.0,63.419,132,False
2026-03-19 14:00:00+00:00,63.47,63.56,62.72,62.72,63171.0,63.193,405,True
2026-03-19 15:00:00+00:00,62.85,63.09,62.59,62.85,34426.0,62.866,250,True
2026-03-19 16:00:00+00:00,62.88,63.2,62.58,62.8,30028.0,62.936,178,True
2026-03-19 17:00:00+00:00,62.99,63.53,62.99,63.51,29276.0,63.259,193,True
2026-03-19 18:00:00+00:00,63.51,63.57,62.88,63.35,55341.0,63.242,436,True
2026-03-19 19:00:00+00:00,63.34,64.62,63.34,64.33,258192.0,64.305,1896,True
2026-03-19 20:00:00+00:00,64.34,64.34,64.32,64.32,156846.0,64.32,4,False
2026-03-19 21:00:00+00:00,64.32,64.32,64.32,64.32,0.0,64.32,0,False
2026-03-19 22:00:00+00:00,64.32,64.32,64.32,64.32,0.0,64.32,0,False
2026-03-19 23:00:00+00:00,64.32,64.32,64.32,64.32,0.0,64.32,0,False
2026-03-20 11:00:00+00:00,64.32,64.32,64.32,64.32,100.0,64.32,1,False
2026-03-20 12:00:00+00:00,64.32,64.32,64.32,64.32,0.0,64.32,0,False
2026-03-20 13:00:00+00:00,64.54,64.86,62.95,62.95,33228.0,64.283,64,False
2026-03-20 14:00:00+00:00,63.18,63.92,63.14,63.66,22354.0,63.54,137,True
2026-03-20 15:00:00+00:00,63.55,63.66,63.04,63.11,27527.0,63.335,184,True
2026-03-20 16:00:00+00:00,63.11,63.34,62.94,63.25,19772.0,63.158,159,True
2026-03-20 17:00:00+00:00,63.24,63.25,62.93,62.99,27118.0,63.078,204,True
2026-03-20 18:00:00+00:00,62.99,62.99,62.41,62.41,37577.0,62.616,277,True
2026-03-20 19:00:00+00:00,62.42,62.55,62.06,62.28,135984.0,62.339,932,True
2026-03-20 20:00:00+00:00,62.27,62.27,62.27,62.27,371387.0,62.27,5,False
2026-03-20 21:00:00+00:00,62.5,62.5,62.5,62.5,400.0,62.5,1,False
2026-03-20 22:00:00+00:00,62.5,62.5,62.5,62.5,0.0,62.5,0,False
2026-03-20 23:00:00+00:00,62.5,62.5,62.5,62.5,0.0,62.5,0,False
2026-03-23 11:00:00+00:00,62.6,62.6,62.6,62.6,100.0,62.6,1,False
2026-03-23 12:00:00+00:00,62.27,62.27,62.27,62.27,1467.0,62.27,1,False
2026-03-23 13:00:00+00:00,63.76,64.5,63.21,64.17,19065.0,63.883,107,False
2026-03-23 14:00:00+00:00,64.22,65.15,64.19,65.12,38777.0,64.654,248,True
2026-03-23 15:00:00+00:00,65.13,65.55,65.06,65.27,55453.0,65.352,363,True
2026-03-23 16:00:00+00:00,65.27,65.42,64.9,65.25,24525.0,65.17,181,True
2026-03-23 17:00:00+00:00,65.26,65.89,65.22,65.76,27710.0,65.534,234,True
2026-03-23 18:00:00+00:00,65.78,66.08,65.55,66.01,52948.0,65.828,362,True
2026-03-23 19:00:00+00:00,66.09,66.13,65.61,65.68,242665.0,65.84,1465,True
2026-03-23 20:00:00+00:00,65.66,65.66,65.66,65.66,154789.0,65.66,4,False
2026-03-23 21:00:00+00:00,65.66,65.66,65.66,65.66,0.0,65.66,0,False
2026-03-23 22:00:00+00:00,65.66,65.66,65.66,65.66,0.0,65.66,0,False
2026-03-23 23:00:00+00:00,66.94,66.94,66.94,66.94,185.0,66.94,1,False
2026-03-24 13:00:00+00:00,65.14,65.73,64.72,65.52,18897.0,65.274,73,False
2026-03-24 14:00:00+00:00,65.43,66.5,65.43,66.37,28851.0,66.11,211,True
2026-03-24 15:00:00+00:00,66.48,67.25,66.41,67.11,25047.0,66.893,204,True
2026-03-24 16:00:00+00:00,67.05,67.46,66.99,67.42,30367.0,67.246,257,True
2026-03-24 17:00:00+00:00,67.42,67.43,66.39,66.56,27156.0,66.738,230,True
2026-03-24 18:00:00+00:00,66.58,67.49,66.58,67.49,59940.0,66.871,355,True
2026-03-24 19:00:00+00:00,67.37,67.55,66.81,66.89,124858.0,67.083,847,True
2026-03-24 20:00:00+00:00,66.89,66.89,66.84,66.84,174663.0,66.84,5,False
2026-03-24 21:00:00+00:00,66.84,66.84,66.84,66.84,0.0,66.84,0,False
2026-03-24 22:00:00+00:00,66.84,66.84,66.84,66.84,0.0,66.84,0,False
2026-03-24 23:00:00+00:00,67.93,67.93,67.92,67.93,125.0,67.926,1,False
2026-03-25 12:00:00+00:00,67.41,67.41,65.56,65.56,595.0,65.871,3,False
2026-03-25 13:00:00+00:00,67.44,67.65,66.85,66.86,16884.0,67.322,68,False
2026-03-25 14:00:00+00:00,66.84,66.98,66.3,66.83,28897.0,66.682,161,True
2026-03-25 15:00:00+00:00,66.84,67.11,66.32,66.97,13186.0,66.789,110,True
2026-03-25 16:00:00+00:00,67.09,67.36,67.07,67.28,18670.0,67.189,107,True
2026-03-25 17:00:00+00:00,67.33,67.57,67.25,67.47,19053.0,67.401,153,True
2026-03-25 18:00:00+00:00,67.44,67.58,67.33,67.5,34045.0,67.483,204,True
2026-03-25 19:00:00+00:00,67.5,67.88,67.47,67.69,78641.0,67.684,633,True
2026-03-25 20:00:00+00:00,67.67,67.67,67.67,67.67,180538.0,67.67,4,False
2026-03-25 21:00:00+00:00,67.67,67.67,67.67,67.67,0.0,67.67,0,False
2026-03-25 22:00:00+00:00,67.67,67.67,67.67,67.67,0.0,67.67,0,False
2026-03-25 23:00:00+00:00,67.67,67.67,67.67,67.67,0.0,67.67,0,False
2026-03-26 08:00:00+00:00,66.9,66.9,66.51,66.51,388.0,66.621,3,False
2026-03-26 09:00:00+00:00,66.51,66.51,66.51,66.51,0.0,66.51,0,False
2026-03-26 10:00:00+00:00,66.51,66.51,66.51,66.51,0.0,66.51,0,False
2026-03-26 11:00:00+00:00,66.01,66.01,66.0,66.0,300.0,66.003,3,False
2026-03-26 12:00:00+00:00,66.9,67.32,66.8,66.95,4324.0,66.902,37,False
2026-03-26 13:00:00+00:00,65.55,65.55,63.81,64.92,91387.0,64.474,432,False
2026-03-26 14:00:00+00:00,65.0,65.37,64.59,65.14,47342.0,65.004,369,True
2026-03-26 15:00:00+00:00,65.14,65.24,64.5,64.57,78942.0,64.829,490,True
2026-03-26 16:00:00+00:00,64.57,64.8,63.34,63.58,124620.0,64.202,538,True
2026-03-26 17:00:00+00:00,63.59,63.75,61.52,61.64,134478.0,62.792,813,True
2026-03-26 18:00:00+00:00,61.63,62.75,61.54,61.86,122268.0,62.185,724,True
2026-03-26 19:00:00+00:00,61.77,62.53,61.77,62.18,274618.0,62.112,1882,True
2026-03-26 20:00:00+00:00,62.19,62.19,62.0,62.19,186451.0,62.189,6,False
2026-03-26 21:00:00+00:00,62.19,62.19,62.19,62.19,0.0,62.19,0,False
2026-03-26 22:00:00+00:00,62.19,62.19,62.19,62.19,0.0,62.19,0,False
2026-03-26 23:00:00+00:00,62.19,62.19,62.19,62.19,0.0,62.19,0,False
2026-03-27 13:00:00+00:00,62.01,62.11,61.18,61.4,45320.0,61.612,209,False
2026-03-27 14:00:00+00:00,61.36,62.34,61.24,62.1,69731.0,61.675,275,True
2026-03-27 15:00:00+00:00,62.03,62.53,61.88,62.23,79117.0,62.173,345,True
2026-03-27 16:00:00+00:00,62.25,62.25,61.48,61.56,23245.0,61.814,166,True
2026-03-27 17:00:00+00:00,61.58,61.73,61.07,61.09,56664.0,61.31,391,True
2026-03-27 18:00:00+00:00,61.04,61.04,60.57,60.81,76339.0,60.76,501,True
2026-03-27 19:00:00+00:00,60.79,61.09,60.4,60.65,265614.0,60.624,1689,True
2026-03-27 20:00:00+00:00,60.65,60.65,60.65,60.65,165902.0,60.65,10,False
2026-03-27 21:00:00+00:00,60.65,60.65,60.65,60.65,0.0,60.65,0,False
2026-03-27 22:00:00+00:00,60.65,60.65,60.65,60.65,0.0,60.65,0,False
2026-03-27 23:00:00+00:00,60.65,60.65,60.65,60.65,0.0,60.65,0,False
2026-03-30 13:00:00+00:00,61.0,61.79,60.32,60.76,16645.0,61.081,96,False
2026-03-30 14:00:00+00:00,60.8,60.93,60.1,60.83,41612.0,60.521,345,True
2026-03-30 15:00:00+00:00,60.86,61.18,60.63,60.76,50524.0,60.909,349,True
2026-03-30 16:00:00+00:00,60.81,60.81,60.25,60.27,30950.0,60.488,262,True
2026-03-30 17:00:00+00:00,60.3,60.87,60.15,60.64,66460.0,60.4,403,True
2026-03-30 18:00:00+00:00,60.61,60.63,60.27,60.28,43834.0,60.38,343,True
2026-03-30 19:00:00+00:00,60.36,60.36,59.89,60.15,184177.0,60.116,1376,True
2026-03-30 20:00:00+00:00,60.12,60.12,60.12,60.12,148476.0,60.12,14,False
2026-03-30 21:00:00+00:00,60.12,60.12,60.12,60.12,0.0,60.12,0,False
2026-03-30 22:00:00+00:00,60.12,60.12,60.12,60.12,0.0,60.12,0,False
2026-03-30 23:00:00+00:00,61.11,61.11,61.11,61.11,350.0,61.11,1,False
2026-03-31 13:00:00+00:00,61.02,61.4,60.79,61.21,15788.0,61.128,72,False
2026-03-31 14:00:00+00:00,61.21,61.32,60.73,60.84,84371.0,61.01,551,True
2026-03-31 15:00:00+00:00,60.92,61.76,60.3,60.31,66498.0,61.223,419,True
2026-03-31 16:00:00+00:00,60.26,62.17,60.11,60.64,88655.0,60.725,591,True
2026-03-31 17:00:00+00:00,60.62,60.99,60.54,60.87,57245.0,60.85,341,True
2026-03-31 18:00:00+00:00,60.93,61.27,60.87,60.93,71557.0,61.091,436,True
2026-03-31 19:00:00+00:00,60.93,61.01,60.61,60.84,290987.0,60.802,1886,True
2026-03-31 20:00:00+00:00,60.81,60.81,60.81,60.81,171574.0,60.81,7,False
2026-03-31 21:00:00+00:00,60.81,60.81,60.81,60.81,0.0,60.81,0,False
2026-03-31 22:00:00+00:00,60.81,60.81,60.81,60.81,0.0,60.81,0,False
2026-03-31 23:00:00+00:00,61.54,61.6,61.54,61.6,423.0,61.572,2,False
2026-04-01 13:00:00+00:00,60.79,61.59,60.55,61.38,33250.0,61.06,193,False
2026-04-01 14:00:00+00:00,61.43,61.43,60.46,60.7,55750.0,60.835,443,True
2026-04-01 15:00:00+00:00,60.7,60.82,60.34,60.63,66889.0,60.626,257,True
2026-04-01 16:00:00+00:00,60.72,60.94,60.37,60.6,31823.0,60.695,269,True
2026-04-01 17:00:00+00:00,60.58,61.16,60.58,60.97,24219.0,60.939,196,True
2026-04-01 18:00:00+00:00,61.01,61.29,60.86,61.26,38386.0,61.056,321,True
2026-04-01 19:00:00+00:00,61.22,61.43,60.9,61.02,216371.0,61.111,1620,True
2026-04-01 20:00:00+00:00,61.01,61.01,61.01,61.01,187670.0,61.01,3,False
2026-04-01 21:00:00+00:00,61.01,61.01,61.01,61.01,0.0,61.01,0,False
2026-04-01 22:00:00+00:00,61.01,61.01,61.01,61.01,0.0,61.01,0,False
2026-04-01 23:00:00+00:00,61.01,61.01,61.01,61.01,0.0,61.01,0,False
2026-04-02 13:00:00+00:00,60.13,60.33,59.27,59.27,65340.0,59.879,141,False
2026-04-02 14:00:00+00:00,59.28,62.5,58.99,61.81,87468.0,60.54,517,True
2026-04-02 15:00:00+00:00,61.82,63.33,61.62,62.7,131905.0,62.824,854,True
2026-04-02 16:00:00+00:00,62.76,62.97,62.6,62.65,72963.0,62.796,483,True
2026-04-02 17:00:00+00:00,62.65,63.3,62.53,62.94,47868.0,62.965,358,True
2026-04-02 18:00:00+00:00,62.9,63.05,62.66,62.69,44432.0,62.901,358,True
2026-04-02 19:00:00+00:00,62.66,63.91,62.57,63.87,229329.0,63.497,1602,True
2026-04-02 20:00:00+00:00,63.88,63.88,63.88,63.88,114847.0,63.88,3,False
2026-04-02 21:00:00+00:00,64.91,64.91,64.53,64.53,1300.0,64.852,2,False
2026-04-02 22:00:00+00:00,64.53,64.53,64.53,64.53,0.0,64.53,0,False
2026-04-02 23:00:00+00:00,64.53,64.53,64.53,64.53,0.0,64.53,0,False
2026-04-06 11:00:00+00:00,64.0,64.0,64.0,64.0,300.0,64.0,2,False
2026-04-06 12:00:00+00:00,64.0,64.0,64.0,64.0,0.0,64.0,0,False
2026-04-06 13:00:00+00:00,63.77,63.77,63.19,63.77,16985.0,63.519,58,False
2026-04-06 14:00:00+00:00,63.84,64.07,63.26,63.98,28027.0,63.793,207,True
2026-04-06 15:00:00+00:00,63.92,64.44,63.84,64.44,44649.0,64.155,288,True
2026-04-06 16:00:00+00:00,64.39,64.43,63.93,64.0,13484.0,64.199,101,True
2026-04-06 17:00:00+00:00,64.01,64.6,63.68,64.49,29236.0,64.132,198,True
2026-04-06 18:00:00+00:00,64.55,65.18,64.34,64.98,47377.0,64.787,318,True
2026-04-06 19:00:00+00:00,64.98,65.51,64.85,65.42,172452.0,65.319,984,True
2026-04-06 20:00:00+00:00,65.42,65.42,65.42,65.42,151201.0,65.42,21,False
2026-04-06 21:00:00+00:00,65.42,65.42,65.42,65.42,0.0,65.42,0,False
2026-04-06 22:00:00+00:00,65.42,65.42,65.42,65.42,0.0,65.42,0,False
2026-04-06 23:00:00+00:00,65.42,65.42,65.42,65.42,0.0,65.42,0,False
2026-04-07 13:00:00+00:00,64.35,65.05,63.63,64.34,31170.0,64.261,119,False
2026-04-07 14:00:00+00:00,64.34,64.35,63.18,63.69,42865.0,63.929,358,True
2026-04-07 15:00:00+00:00,63.8,63.86,63.27,63.56,44044.0,63.575,342,True
2026-04-07 16:00:00+00:00,63.61,64.5,63.57,63.78,36264.0,63.89,301,True
2026-04-07 17:00:00+00:00,63.81,64.08,63.58,63.8,97277.0,63.723,605,True
2026-04-07 18:00:00+00:00,63.84,63.84,63.04,63.12,109953.0,63.366,799,True
2026-04-07 19:00:00+00:00,63.11,63.31,61.39,61.46,393550.0,62.217,2725,True
2026-04-07 20:00:00+00:00,61.46,61.5,61.46,61.46,222402.0,61.46,14,False
2026-04-07 21:00:00+00:00,61.46,61.46,61.46,61.46,0.0,61.46,0,False
2026-04-07 22:00:00+00:00,62.32,62.32,62.32,62.32,124.0,62.32,1,False
2026-04-07 23:00:00+00:00,62.32,62.32,62.32,62.32,0.0,62.32,0,False
2026-04-08 08:00:00+00:00,63.13,63.13,63.13,63.13,100.0,63.13,1,False
2026-04-08 09:00:00+00:00,63.13,63.13,63.13,63.13,0.0,63.13,0,False
2026-04-08 10:00:00+00:00,63.13,63.13,63.13,63.13,0.0,63.13,0,False
2026-04-08 11:00:00+00:00,63.13,63.13,63.13,63.13,0.0,63.13,0,False
2026-04-08 12:00:00+00:00,63.13,63.13,63.13,63.13,0.0,63.13,0,False
2026-04-08 13:00:00+00:00,63.5,65.28,63.5,64.83,64141.0,64.175,317,False
2026-04-08 14:00:00+00:00,64.92,66.13,64.53,64.83,148505.0,65.124,863,True
2026-04-08 15:00:00+00:00,64.75,64.93,63.86,64.19,45637.0,64.362,355,True
2026-04-08 16:00:00+00:00,64.21,64.66,64.11,64.63,36501.0,64.323,313,True
2026-04-08 17:00:00+00:00,64.63,64.63,64.29,64.55,35479.0,64.451,290,True
2026-04-08 18:00:00+00:00,64.52,64.85,64.14,64.15,50789.0,64.475,389,True
2026-04-08 19:00:00+00:00,64.14,64.33,63.65,63.83,216951.0,63.996,1474,True
2026-04-08 20:00:00+00:00,63.82,63.82,63.82,63.82,269955.0,63.82,7,False
2026-04-08 21:00:00+00:00,63.82,63.82,63.82,63.82,0.0,63.82,0,False
2026-04-08 22:00:00+00:00,63.82,63.82,63.82,63.82,0.0,63.82,0,False
2026-04-08 23:00:00+00:00,63.82,63.82,63.82,63.82,0.0,63.82,0,False
2026-04-09 13:00:00+00:00,63.0,63.37,62.5,62.99,34160.0,63.053,199,False
2026-04-09 14:00:00+00:00,63.0,63.0,62.08,62.46,48040.0,62.515,349,True
2026-04-09 15:00:00+00:00,62.44,63.31,62.36,63.17,40364.0,62.899,298,True
2026-04-09 16:00:00+00:00,63.3,63.97,63.28,63.89,20248.0,63.781,168,True
2026-04-09 17:00:00+00:00,63.93,64.11,63.57,63.84,54695.0,63.916,332,True
2026-04-09 18:00:00+00:00,63.7,63.7,63.1,63.25,41951.0,63.293,294,True
2026-04-09 19:00:00+00:00,63.24,63.56,62.46,62.52,147109.0,62.837,979,True
2026-04-09 20:00:00+00:00,62.54,62.54,62.54,62.54,90104.0,62.54,4,False
2026-04-09 21:00:00+00:00,62.54,62.54,62.54,62.54,0.0,62.54,0,False
2026-04-09 22:00:00+00:00,62.54,62.54,62.54,62.54,0.0,62.54,0,False
2026-04-09 23:00:00+00:00,62.62,62.62,62.62,62.62,100.0,62.62,1,False
2026-04-10 11:00:00+00:00,62.75,62.75,62.75,62.75,100.0,62.75,1,False
2026-04-10 12:00:00+00:00,62.75,62.75,62.75,62.75,0.0,62.75,0,False
2026-04-10 13:00:00+00:00,62.85,63.08,62.43,62.76,14443.0,62.796,70,False
2026-04-10 14:00:00+00:00,62.75,62.88,62.0,62.25,27910.0,62.457,187,True
2026-04-10 15:00:00+00:00,62.25,62.25,61.82,61.87,21010.0,62.043,162,True
2026-04-10 16:00:00+00:00,61.84,61.86,61.2,61.3,20939.0,61.499,172,True
2026-04-10 17:00:00+00:00,61.28,61.52,61.16,61.52,25309.0,61.29,194,True
2026-04-10 18:00:00+00:00,61.48,61.58,61.23,61.35,61319.0,61.34,374,True
2026-04-10 19:00:00+00:00,61.3,61.3,60.28,60.71,190373.0,60.644,1466,True
2026-04-10 20:00:00+00:00,60.74,60.74,60.74,60.74,102415.0,60.74,3,False
2026-04-10 21:00:00+00:00,60.74,60.74,60.74,60.74,0.0,60.74,0,False
2026-04-10 22:00:00+00:00,60.74,60.74,60.74,60.74,0.0,60.74,0,False
2026-04-10 23:00:00+00:00,60.74,60.74,60.74,60.74,0.0,60.74,0,False
2026-04-13 10:00:00+00:00,60.7,60.7,60.7,60.7,444.0,60.7,1,False
2026-04-13 11:00:00+00:00,60.7,60.7,60.7,60.7,0.0,60.7,0,False
2026-04-13 12:00:00+00:00,60.7,60.7,60.7,60.7,0.0,60.7,0,False
2026-04-13 13:00:00+00:00,59.93,60.46,59.16,59.5,17320.0,59.651,90,False
2026-04-13 14:00:00+00:00,59.54,60.49,59.41,60.41,60701.0,60.129,324,True
2026-04-13 15:00:00+00:00,60.37,60.51,59.95,60.12,36657.0,60.169,278,True
2026-04-13 16:00:00+00:00,60.15,61.02,60.1,60.96,46106.0,60.55,363,True
2026-04-13 17:00:00+00:00,60.95,61.36,60.9,61.1,38288.0,61.137,278,True
2026-04-13 18:00:00+00:00,61.06,61.43,61.06,61.24,52928.0,61.304,413,True
2026-04-13 19:00:00+00:00,61.29,61.94,61.04,61.91,164667.0,61.623,1113,True
2026-04-13 20:00:00+00:00,61.91,61.91,61.91,61.91,229966.0,61.91,13,False
2026-04-13 21:00:00+00:00,61.91,61.91,61.91,61.91,0.0,61.91,0,False
2026-04-13 22:00:00+00:00,61.91,61.91,61.91,61.91,0.0,61.91,0,False
2026-04-13 23:00:00+00:00,61.91,61.91,61.91,61.91,0.0,61.91,0,False
2026-04-14 13:00:00+00:00,61.69,62.15,60.41,61.02,39768.0,61.168,142,False
2026-04-14 14:00:00+00:00,61.15,61.61,60.96,61.56,50118.0,61.26,283,True
2026-04-14 15:00:00+00:00,61.56,61.98,61.35,61.76,56506.0,61.671,264,True
2026-04-14 16:00:00+00:00,61.76,61.99,61.65,61.65,38039.0,61.785,285,True
2026-04-14 17:00:00+00:00,61.65,61.98,61.5,61.96,23523.0,61.803,150,True
2026-04-14 18:00:00+00:00,61.93,61.99,61.52,61.74,31331.0,61.735,255,True
2026-04-14 19:00:00+00:00,61.76,62.03,61.58,61.95,152989.0,61.831,1065,True
2026-04-14 20:00:00+00:00,61.95,61.95,61.72,61.73,102630.0,61.948,5,False
2026-04-14 21:00:00+00:00,61.73,61.73,61.73,61.73,0.0,61.73,0,False
2026-04-14 22:00:00+00:00,61.73,61.73,61.73,61.73,0.0,61.73,0,False
2026-04-14 23:00:00+00:00,61.73,61.73,61.72,61.73,0.0,61.73,0,False
2026-04-15 13:00:00+00:00,61.53,61.53,60.52,60.95,22857.0,61.125,111,False
2026-04-15 14:00:00+00:00,60.96,61.28,60.74,60.96,40873.0,61.0,292,True
2026-04-15 15:00:00+00:00,60.96,62.34,60.88,62.34,74166.0,61.872,339,True
2026-04-15 16:00:00+00:00,62.34,62.5,62.11,62.29,54187.0,62.24,360,True
2026-04-15 17:00:00+00:00,62.25,62.46,62.17,62.21,48181.0,62.304,353,True
2026-04-15 18:00:00+00:00,62.24,62.53,62.1,62.51,77362.0,62.294,504,True
2026-04-15 19:00:00+00:00,62.51,62.81,62.31,62.64,187306.0,62.576,1360,True
2026-04-15 20:00:00+00:00,62.64,62.64,62.62,62.62,139108.0,62.62,6,False
2026-04-15 21:00:00+00:00,62.62,62.62,62.62,62.62,0.0,62.62,0,False
2026-04-15 22:00:00+00:00,62.62,62.62,62.62,62.62,0.0,62.62,0,False
2026-04-15 23:00:00+00:00,62.62,62.62,62.62,62.62,0.0,62.62,0,False
2026-04-16 13:00:00+00:00,62.79,63.86,62.58,62.85,19464.0,63.078,146,False
2026-04-16 14:00:00+00:00,62.8,62.86,61.67,62.06,32962.0,62.277,292,True
2026-04-16 15:00:00+00:00,62.04,62.6,61.96,62.23,25866.0,62.246,225,True
2026-04-16 16:00:00+00:00,62.23,62.28,61.85,62.09,22945.0,62.021,196,True
2026-04-16 17:00:00+00:00,62.1,62.36,61.85,62.09,24410.0,62.077,226,True
2026-04-16 18:00:00+00:00,62.06,62.62,62.05,62.53,71361.0,62.338,401,True
2026-04-16 19:00:00+00:00,62.53,62.59,61.85,62.43,155254.0,62.268,1233,True
2026-04-16 20:00:00+00:00,62.44,62.44,62.44,62.44,208747.0,62.44,8,False
2026-04-16 21:00:00+00:00,63.25,63.25,63.25,63.25,100.0,63.25,1,False
2026-04-16 22:00:00+00:00,63.25,63.25,63.25,63.25,0.0,63.25,0,False
2026-04-16 23:00:00+00:00,63.25,63.25,63.25,63.25,0.0,63.25,0,False
2026-04-17 13:00:00+00:00,63.14,65.64,62.93,65.36,44783.0,64.321,218,False
2026-04-17 14:00:00+00:00,65.47,67.47,65.47,67.0,157248.0,66.584,647,True
2026-04-17 15:00:00+00:00,66.71,66.98,66.18,66.54,59864.0,66.556,488,True
2026-04-17 16:00:00+00:00,66.66,66.82,66.16,66.78,42335.0,66.554,348,True
2026-04-17 17:00:00+00:00,66.78,66.81,65.85,66.06,55864.0,66.137,446,True
2026-04-17 18:00:00+00:00,66.03,66.2,65.46,66.09,66184.0,65.825,469,True
2026-04-17 19:00:00+00:00,66.09,66.42,65.92,66.03,151111.0,66.175,1133,True
2026-04-17 20:00:00+00:00,66.04,66.04,66.04,66.04,137176.0,66.04,4,False
2026-04-17 21:00:00+00:00,66.04,66.04,66.03,66.04,400.0,66.036,1,False
2026-04-17 22:00:00+00:00,66.04,66.04,66.04,66.04,0.0,66.04,0,False
2026-04-17 23:00:00+00:00,66.04,66.04,66.03,66.04,0.0,66.04,0,False
2026-04-20 13:00:00+00:00,65.26,65.72,64.61,65.7,12937.0,65.265,47,False
2026-04-20 14:00:00+00:00,65.56,65.97,65.26,65.59,13389.0,65.516,110,True
2026-04-20 15:00:00+00:00,65.59,66.0,65.51,65.75,19257.0,65.828,159,True
2026-04-20 16:00:00+00:00,65.75,66.11,65.65,66.01,36973.0,65.86,269,True
2026-04-20 17:00:00+00:00,66.01,66.33,66.01,66.25,26104.0,66.131,205,True
2026-04-20 18:00:00+00:00,66.31,66.73,66.25,66.63,80426.0,66.508,463,True
2026-04-20 19:00:00+00:00,66.68,66.82,66.06,66.51,114857.0,66.463,929,True
2026-04-20 20:00:00+00:00,66.51,66.51,66.51,66.51,115728.0,66.51,3,False
2026-04-20 21:00:00+00:00,66.51,66.51,66.51,66.51,0.0,66.51,0,False
2026-04-20 22:00:00+00:00,66.51,66.51,66.51,66.51,0.0,66.51,0,False
2026-04-20 23:00:00+00:00,66.51,66.51,66.51,66.51,0.0,66.51,0,False
2026-04-21 13:00:00+00:00,66.59,67.23,65.82,66.34,22567.0,66.315,108,False
2026-04-21 14:00:00+00:00,66.39,66.68,65.53,65.53,30436.0,66.199,180,True
2026-04-21 15:00:00+00:00,65.53,65.53,64.74,65.03,51369.0,65.135,369,True
2026-04-21 16:00:00+00:00,65.19,65.24,64.71,64.72,13303.0,65.037,96,True
2026-04-21 17:00:00+00:00,64.7,65.16,64.62,64.86,21174.0,64.849,173,True
2026-04-21 18:00:00+00:00,64.92,65.09,64.79,65.05,23090.0,64.972,198,True
2026-04-21 19:00:00+00:00,65.06,65.2,64.02,64.37,146091.0,64.591,1002,True
2026-04-21 20:00:00+00:00,64.37,64.37,64.37,64.37,81031.0,64.37,9,False
2026-04-21 21:00:00+00:00,64.37,64.37,64.37,64.37,0.0,64.37,0,False
2026-04-21 22:00:00+00:00,64.37,64.37,64.37,64.37,0.0,64.37,0,False
2026-04-21 23:00:00+00:00,64.37,64.37,64.37,64.37,0.0,64.37,0,False
2026-04-22 13:00:00+00:00,64.98,64.98,63.6,64.03,23036.0,64.275,156,False
2026-04-22 14:00:00+00:00,64.02,64.59,63.83,64.27,39500.0,64.104,292,True
2026-04-22 15:00:00+00:00,64.28,65.2,63.72,64.6,172543.0,64.549,959,True
2026-04-22 16:00:00+00:00,64.6,65.0,64.09,64.34,119975.0,64.504,733,True
2026-04-22 17:00:00+00:00,64.29,64.54,63.69,63.97,40107.0,64.114,309,True
2026-04-22 18:00:00+00:00,64.01,64.07,63.53,63.94,48079.0,63.855,294,True
2026-04-22 19:00:00+00:00,63.97,64.0,63.41,63.73,145879.0,63.656,1184,True
2026-04-22 20:00:00+00:00,63.76,63.76,63.76,63.76,84098.0,63.76,2,False
2026-04-22 21:00:00+00:00,63.76,63.76,63.76,63.76,0.0,63.76,0,False
2026-04-22 22:00:00+00:00,63.76,63.76,63.76,63.76,0.0,63.76,0,False
2026-04-22 23:00:00+00:00,63.76,63.76,63.76,63.76,0.0,63.76,0,False
2026-04-23 11:00:00+00:00,63.43,63.43,63.43,63.43,135.0,63.43,1,False
2026-04-23 12:00:00+00:00,63.43,63.43,63.43,63.43,0.0,63.43,0,False
2026-04-23 13:00:00+00:00,64.05,64.05,63.27,63.57,6847.0,63.838,35,False
2026-04-23 14:00:00+00:00,63.55,64.15,63.55,63.64,9763.0,63.887,67,True
2026-04-23 15:00:00+00:00,63.6,64.09,63.51,63.85,49484.0,63.936,183,True
2026-04-23 16:00:00+00:00,63.8,63.92,63.49,63.88,26456.0,63.665,180,True
2026-04-23 17:00:00+00:00,63.87,63.87,63.15,63.68,28298.0,63.407,245,True
2026-04-23 18:00:00+00:00,63.67,64.51,63.67,64.23,38916.0,64.198,323,True
2026-04-23 19:00:00+00:00,64.28,64.45,64.0,64.3,178021.0,64.252,1274,True
2026-04-23 20:00:00+00:00,64.33,64.33,64.33,64.33,94102.0,64.33,5,False
2026-04-23 21:00:00+00:00,64.33,64.33,64.33,64.33,0.0,64.33,0,False
2026-04-23 22:00:00+00:00,64.33,64.33,64.33,64.33,0.0,64.33,0,False
2026-04-23 23:00:00+00:00,64.33,64.33,64.33,64.33,0.0,64.33,0,False
2026-04-24 11:00:00+00:00,64.35,64.35,64.35,64.35,250.0,64.35,2,False
2026-04-24 12:00:00+00:00,64.75,64.77,64.75,64.77,1594.0,64.767,10,False
2026-04-24 13:00:00+00:00,65.56,66.87,65.06,66.66,48756.0,65.798,163,False
2026-04-24 14:00:00+00:00,66.47,67.89,66.09,67.23,53407.0,67.281,409,True
2026-04-24 15:00:00+00:00,67.25,67.3,66.76,67.13,60959.0,67.091,390,True
2026-04-24 16:00:00+00:00,67.21,67.37,66.99,67.24,56240.0,67.195,455,True
2026-04-24 17:00:00+00:00,67.28,67.55,67.02,67.51,44160.0,67.281,381,True
2026-04-24 18:00:00+00:00,67.55,67.65,67.24,67.42,64616.0,67.455,481,True
2026-04-24 19:00:00+00:00,67.46,67.59,67.12,67.16,185835.0,67.324,1147,True
2026-04-24 20:00:00+00:00,67.13,70.15,67.13,67.2,139733.0,67.202,11,False
2026-04-24 21:00:00+00:00,67.2,67.2,67.2,67.2,0.0,67.2,0,False
2026-04-24 22:00:00+00:00,67.2,67.2,67.2,67.2,0.0,67.2,0,False
2026-04-24 23:00:00+00:00,67.2,67.2,67.2,67.2,0.0,67.2,0,False
2026-04-27 13:00:00+00:00,67.2,68.6,66.68,67.08,25428.0,67.468,120,False
2026-04-27 14:00:00+00:00,66.98,67.4,66.97,67.2,27258.0,67.176,239,True
2026-04-27 15:00:00+00:00,67.28,67.62,66.99,67.6,34050.0,67.296,272,True
2026-04-27 16:00:00+00:00,67.56,67.91,67.55,67.73,38661.0,67.721,317,True
2026-04-27 17:00:00+00:00,67.73,67.79,67.43,67.47,32476.0,67.668,261,True
2026-04-27 18:00:00+00:00,67.43,68.0,67.36,67.63,45769.0,67.658,365,True
2026-04-27 19:00:00+00:00,67.63,68.01,67.53,67.79,180477.0,67.859,1373,True
2026-04-27 20:00:00+00:00,67.78,67.78,67.78,67.78,136804.0,67.78,7,False
2026-04-27 21:00:00+00:00,67.78,67.78,67.78,67.78,0.0,67.78,0,False
2026-04-27 22:00:00+00:00,67.78,67.78,67.78,67.78,0.0,67.78,0,False
2026-04-27 23:00:00+00:00,67.78,67.78,67.78,67.78,0.0,67.78,0,False
2026-04-28 13:00:00+00:00,68.26,68.77,66.8,66.8,42044.0,67.782,207,False
2026-04-28 14:00:00+00:00,66.76,67.07,65.52,65.77,83463.0,66.134,610,True
2026-04-28 15:00:00+00:00,65.76,65.96,65.41,65.64,77208.0,65.67,554,True
2026-04-28 16:00:00+00:00,65.57,66.18,65.55,65.99,63153.0,65.947,504,True
2026-04-28 17:00:00+00:00,65.97,66.22,65.93,66.03,78089.0,66.077,641,True
2026-04-28 18:00:00+00:00,66.03,66.2,65.48,65.48,86648.0,65.98,725,True
2026-04-28 19:00:00+00:00,65.48,65.83,65.33,65.36,169921.0,65.555,1305,True
2026-04-28 20:00:00+00:00,65.38,65.38,65.38,65.38,125737.0,65.38,3,False
2026-04-28 21:00:00+00:00,66.0,66.0,66.0,66.0,200.0,66.0,2,False
2026-04-28 22:00:00+00:00,66.0,66.0,66.0,66.0,0.0,66.0,0,False
2026-04-28 23:00:00+00:00,66.0,66.0,66.0,66.0,0.0,66.0,0,False
2026-04-29 13:00:00+00:00,68.72,68.8,63.0,64.44,134265.0,65.108,505,False
2026-04-29 14:00:00+00:00,64.86,65.19,63.75,64.47,151552.0,64.429,794,True
2026-04-29 15:00:00+00:00,64.44,64.97,64.27,64.89,80713.0,64.636,556,True
2026-04-29 16:00:00+00:00,64.85,64.89,64.05,64.19,58545.0,64.35,484,True
2026-04-29 17:00:00+00:00,64.21,64.22,63.25,63.52,100372.0,63.71,728,True
2026-04-29 18:00:00+00:00,63.35,64.04,62.68,63.86,118332.0,63.222,929,True
2026-04-29 19:00:00+00:00,63.7,64.23,62.2,62.42,293066.0,62.756,1916,True
2026-04-29 20:00:00+00:00,62.53,63.64,62.42,63.64,167631.0,62.427,8,False
2026-04-29 21:00:00+00:00,63.64,63.64,63.64,63.64,0.0,63.64,0,False
2026-04-29 22:00:00+00:00,63.64,63.64,63.64,63.64,0.0,63.64,0,False
2026-04-29 23:00:00+00:00,62.61,62.61,62.61,62.61,100.0,62.61,1,False
2026-04-30 13:00:00+00:00,62.6,63.33,60.26,60.41,99223.0,61.298,635,False
2026-04-30 14:00:00+00:00,60.41,61.1,59.76,60.86,165488.0,60.413,1088,True
2026-04-30 15:00:00+00:00,60.82,61.29,60.1,61.19,155826.0,60.548,724,True
2026-04-30 16:00:00+00:00,61.19,61.26,60.66,61.01,49791.0,60.881,407,True
2026-04-30 17:00:00+00:00,60.98,61.61,60.9,61.6,62821.0,61.211,434,True
2026-04-30 18:00:00+00:00,61.63,62.33,61.56,62.02,84787.0,62.049,635,True
2026-04-30 19:00:00+00:00,61.92,62.74,61.63,62.7,273246.0,62.258,1919,True
2026-04-30 20:00:00+00:00,62.7,62.75,62.7,62.75,269310.0,62.7,3,False
2026-04-30 21:00:00+00:00,62.75,62.75,62.75,62.75,0.0,62.75,0,False
2026-04-30 22:00:00+00:00,62.75,62.75,62.75,62.75,0.0,62.75,0,False
2026-04-30 23:00:00+00:00,62.75,62.75,62.75,62.75,0.0,62.75,0,False
2026-05-01 13:00:00+00:00,62.85,63.07,62.03,63.0,33941.0,62.684,148,False
2026-05-01 14:00:00+00:00,62.85,63.41,62.42,62.45,80361.0,62.824,566,True
2026-05-01 15:00:00+00:00,62.48,62.54,62.0,62.04,78992.0,62.226,633,True
2026-05-01 16:00:00+00:00,62.05,62.11,61.74,61.89,37777.0,61.909,344,True
2026-05-01 17:00:00+00:00,61.83,61.88,61.29,61.38,66257.0,61.597,561,True
2026-05-01 18:00:00+00:00,61.37,62.02,61.37,61.73,114323.0,61.816,682,True
2026-05-01 19:00:00+00:00,61.73,61.97,61.11,61.72,369109.0,61.627,2669,True
2026-05-01 20:00:00+00:00,61.72,61.72,61.72,61.72,205416.0,61.72,11,False
2026-05-01 21:00:00+00:00,61.72,61.72,61.72,61.72,0.0,61.72,0,False
2026-05-01 22:00:00+00:00,61.72,61.72,61.72,61.72,0.0,61.72,0,False
2026-05-01 23:00:00+00:00,61.72,61.72,61.72,61.72,0.0,61.72,0,False
2026-05-04 11:00:00+00:00,61.72,61.72,61.72,61.72,100.0,61.72,1,False
2026-05-04 12:00:00+00:00,61.72,61.72,61.72,61.72,0.0,61.72,0,False
2026-05-04 13:00:00+00:00,61.29,61.49,60.54,60.69,29859.0,61.039,154,False
2026-05-04 14:00:00+00:00,60.66,60.78,60.11,60.19,64595.0,60.357,366,True
2026-05-04 15:00:00+00:00,60.13,60.25,59.0,59.43,76474.0,59.67,448,True
2026-05-04 16:00:00+00:00,59.43,59.51,58.16,58.22,160360.0,58.796,758,True
2026-05-04 17:00:00+00:00,58.22,58.8,58.1,58.54,84599.0,58.437,528,True
2026-05-04 18:00:00+00:00,58.53,58.74,58.48,58.58,109841.0,58.591,754,True
2026-05-04 19:00:00+00:00,58.57,59.87,58.39,59.41,357266.0,59.057,2287,True
2026-05-04 20:00:00+00:00,59.39,59.39,59.39,59.39,157731.0,59.39,5,False
2026-05-04 21:00:00+00:00,59.39,59.39,59.39,59.39,0.0,59.39,0,False
2026-05-04 22:00:00+00:00,59.39,59.39,59.39,59.39,0.0,59.39,0,False
2026-05-04 23:00:00+00:00,59.39,59.39,59.39,59.39,0.0,59.39,0,False
2026-05-05 13:00:00+00:00,60.29,60.29,59.03,59.55,137984.0,59.488,272,False
2026-05-05 14:00:00+00:00,59.55,59.74,59.01,59.6,241890.0,59.366,802,True
2026-05-05 15:00:00+00:00,59.63,59.83,59.11,59.35,154412.0,59.497,763,True
2026-05-05 16:00:00+00:00,59.41,59.48,57.62,57.62,48965.0,58.27,334,True
2026-05-05 17:00:00+00:00,57.59,57.91,57.55,57.62,62084.0,57.723,401,True
2026-05-05 18:00:00+00:00,57.59,58.54,57.5,58.53,81330.0,58.015,564,True
2026-05-05 19:00:00+00:00,58.51,60.33,58.5,60.07,342816.0,59.575,2325,True
2026-05-05 20:00:00+00:00,60.06,60.06,60.06,60.06,118908.0,60.06,2,False
2026-05-05 21:00:00+00:00,60.06,60.06,60.06,60.06,0.0,60.06,0,False
2026-05-05 22:00:00+00:00,60.06,60.06,60.06,60.06,0.0,60.06,0,False
2026-05-05 23:00:00+00:00,60.06,60.06,60.06,60.06,0.0,60.06,0,False
2026-05-06 10:00:00+00:00,60.55,60.55,60.55,60.55,114.0,60.55,1,False
2026-05-06 11:00:00+00:00,60.55,60.55,60.55,60.55,0.0,60.55,0,False
2026-05-06 12:00:00+00:00,60.55,60.55,60.55,60.55,0.0,60.55,0,False
2026-05-06 13:00:00+00:00,61.15,62.69,61.15,62.23,54226.0,61.972,200,False
2026-05-06 14:00:00+00:00,62.24,63.16,61.89,62.48,43966.0,62.696,296,True
2026-05-06 15:00:00+00:00,62.48,62.68,62.08,62.33,40661.0,62.375,315,True
2026-05-06 16:00:00+00:00,62.32,62.76,62.11,62.75,39249.0,62.458,308,True
2026-05-06 17:00:00+00:00,62.8,62.8,62.21,62.46,52503.0,62.495,441,True
2026-05-06 18:00:00+00:00,62.45,62.68,62.31,62.61,41814.0,62.469,327,True
2026-05-06 19:00:00+00:00,62.62,63.36,62.3,62.85,287689.0,62.85,2079,True
2026-05-06 20:00:00+00:00,62.84,62.85,62.84,62.85,159204.0,62.85,5,False
2026-05-06 21:00:00+00:00,62.85,62.85,62.85,62.85,0.0,62.85,0,False
2026-05-06 22:00:00+00:00,62.85,62.85,62.85,62.85,0.0,62.85,0,False
2026-05-06 23:00:00+00:00,62.85,62.85,62.85,62.85,0.0,62.85,0,False
2026-05-07 13:00:00+00:00,63.0,64.02,62.64,62.9,19566.0,63.045,79,False
2026-05-07 14:00:00+00:00,62.99,63.23,61.89,62.03,42775.0,62.336,302,True
2026-05-07 15:00:00+00:00,62.08,62.89,62.08,62.82,43915.0,62.554,338,True
2026-05-07 16:00:00+00:00,62.83,63.07,62.5,62.5,36856.0,62.848,300,True
2026-05-07 17:00:00+00:00,62.48,62.84,62.3,62.56,39725.0,62.596,321,True
2026-05-07 18:00:00+00:00,62.56,62.82,62.24,62.67,71221.0,62.522,500,True
2026-05-07 19:00:00+00:00,62.67,62.77,62.29,62.37,119977.0,62.531,922,True
2026-05-07 20:00:00+00:00,62.34,62.34,62.34,62.34,110203.0,62.34,2,False
2026-05-07 21:00:00+00:00,62.34,62.34,62.34,62.34,0.0,62.34,0,False
2026-05-07 22:00:00+00:00,62.34,62.34,62.34,62.34,0.0,62.34,0,False
2026-05-07 23:00:00+00:00,62.34,62.34,62.34,62.34,0.0,62.34,0,False
2026-05-08 13:00:00+00:00,62.74,62.74,61.18,61.38,18743.0,61.719,51,False
2026-05-08 14:00:00+00:00,61.38,61.89,61.22,61.63,22397.0,61.554,116,True
2026-05-08 15:00:00+00:00,61.63,61.91,61.56,61.82,11748.0,61.688,78,True
2026-05-08 16:00:00+00:00,61.81,61.96,61.42,61.51,29665.0,61.676,150,True
2026-05-08 17:00:00+00:00,61.51,61.89,61.39,61.77,29603.0,61.702,172,True
2026-05-08 18:00:00+00:00,61.77,61.85,61.14,61.2,86151.0,61.524,518,True
2026-05-08 19:00:00+00:00,61.22,61.58,60.91,61.08,115198.0,61.211,917,True
2026-05-08 20:00:00+00:00,61.08,61.08,61.08,61.08,242249.0,61.08,3,False
2026-05-08 21:00:00+00:00,61.08,61.08,61.08,61.08,0.0,61.08,0,False
2026-05-08 22:00:00+00:00,61.08,61.08,61.08,61.08,0.0,61.08,0,False
2026-05-08 23:00:00+00:00,60.46,60.46,60.46,60.46,200.0,60.46,1,False
2026-05-11 11:00:00+00:00,61.07,61.07,61.07,61.07,100.0,61.07,1,False
2026-05-11 12:00:00+00:00,61.07,61.07,61.07,61.07,0.0,61.07,0,False
2026-05-11 13:00:00+00:00,60.99,61.25,60.46,60.71,33606.0,60.841,170,False
2026-05-11 14:00:00+00:00,60.72,61.02,59.44,59.77,102816.0,60.225,626,True
2026-05-11 15:00:00+00:00,59.77,60.26,59.77,60.0,36183.0,60.053,231,True
2026-05-11 16:00:00+00:00,59.98,60.3,59.74,59.94,66468.0,59.993,451,True
2026-05-11 17:00:00+00:00,59.94,60.01,59.28,59.4,104422.0,59.639,825,True
2026-05-11 18:00:00+00:00,59.38,59.96,59.08,59.72,117994.0,59.506,859,True
2026-05-11 19:00:00+00:00,59.72,60.23,59.36,60.06,281883.0,59.807,2053,True
2026-05-11 20:00:00+00:00,60.03,60.03,60.03,60.03,273501.0,60.03,2,False
2026-05-11 21:00:00+00:00,60.03,60.03,60.03,60.03,0.0,60.03,0,False
2026-05-11 22:00:00+00:00,60.03,60.03,60.03,60.03,0.0,60.03,0,False
2026-05-11 23:00:00+00:00,60.03,60.03,60.03,60.03,0.0,60.03,0,False
2026-05-12 13:00:00+00:00,59.89,60.29,59.04,59.36,27174.0,59.792,142,False
2026-05-12 14:00:00+00:00,59.41,59.43,58.64,58.97,31205.0,58.975,235,True
2026-05-12 15:00:00+00:00,59.01,59.23,58.7,58.97,27876.0,58.946,218,True
2026-05-12 16:00:00+00:00,58.88,59.5,58.81,59.2,25105.0,59.181,200,True
2026-05-12 17:00:00+00:00,59.01,59.39,59.0,59.02,49156.0,59.197,352,True
2026-05-12 18:00:00+00:00,59.02,60.02,58.6,60.01,119055.0,59.187,671,True
2026-05-12 19:00:00+00:00,59.96,60.19,59.44,59.58,273288.0,59.748,2116,True
2026-05-12 20:00:00+00:00,59.57,59.57,59.57,59.57,228600.0,59.57,3,False
2026-05-12 21:00:00+00:00,59.57,59.57,59.57,59.57,0.0,59.57,0,False
2026-05-12 22:00:00+00:00,58.88,58.88,58.88,58.88,223.0,58.88,1,False
2026-05-12 23:00:00+00:00,58.88,58.88,58.88,58.88,0.0,58.88,0,False
2026-05-13 13:00:00+00:00,59.29,59.52,58.62,59.06,14942.0,59.102,72,False
2026-05-13 14:00:00+00:00,59.29,59.67,58.7,58.76,39336.0,59.092,307,True
2026-05-13 15:00:00+00:00,58.74,59.26,58.74,59.22,41714.0,59.028,314,True
2026-05-13 16:00:00+00:00,59.22,59.29,58.6,58.6,39242.0,58.955,278,True
2026-05-13 17:00:00+00:00,58.61,58.73,57.89,58.33,158097.0,58.216,397,True
2026-05-13 18:00:00+00:00,58.3,58.91,58.21,58.79,337060.0,58.517,503,True
2026-05-13 19:00:00+00:00,58.77,59.32,58.48,58.82,151095.0,58.911,1171,True
2026-05-13 20:00:00+00:00,58.81,58.81,58.81,58.81,126309.0,58.81,8,False
2026-05-13 21:00:00+00:00,58.81,58.81,58.81,58.81,0.0,58.81,0,False
2026-05-13 22:00:00+00:00,58.81,58.81,58.81,58.81,0.0,58.81,0,False
2026-05-13 23:00:00+00:00,58.81,58.81,58.81,58.81,0.0,58.81,0,False
2026-05-14 13:00:00+00:00,59.54,59.54,58.31,58.7,11491.0,59.079,46,False
2026-05-14 14:00:00+00:00,58.7,58.98,58.32,58.79,17127.0,58.667,117,True
2026-05-14 15:00:00+00:00,58.72,59.14,58.72,58.86,13188.0,58.927,102,True
2026-05-14 16:00:00+00:00,58.8,59.02,58.59,58.97,13383.0,58.732,83,True
2026-05-14 17:00:00+00:00,58.96,59.06,58.46,58.46,16388.0,58.78,100,True
2026-05-14 18:00:00+00:00,58.51,59.26,58.51,59.12,37223.0,58.924,260,True
2026-05-14 19:00:00+00:00,59.11,59.59,59.02,59.04,126981.0,59.275,688,True
2026-05-14 20:00:00+00:00,59.04,59.04,59.04,59.04,96907.0,59.04,8,False
2026-05-14 21:00:00+00:00,59.04,59.04,59.04,59.04,0.0,59.04,0,False
2026-05-14 22:00:00+00:00,59.04,59.04,59.04,59.04,0.0,59.04,0,False
2026-05-14 23:00:00+00:00,59.04,59.04,59.04,59.04,0.0,59.04,0,False
2026-05-15 11:00:00+00:00,58.71,58.71,58.71,58.71,674.0,58.71,1,False
2026-05-15 12:00:00+00:00,58.71,58.71,58.71,58.71,0.0,58.71,0,False
2026-05-15 13:00:00+00:00,58.29,58.45,57.07,57.07,42411.0,57.515,130,False
2026-05-15 14:00:00+00:00,57.31,57.42,56.7,56.7,45927.0,57.124,284,True
2026-05-15 15:00:00+00:00,56.7,56.91,56.44,56.47,32758.0,56.645,193,True
2026-05-15 16:00:00+00:00,56.44,57.07,56.44,57.05,28926.0,56.801,185,True
2026-05-15 17:00:00+00:00,57.1,57.46,57.0,57.2,43996.0,57.256,328,True
2026-05-15 18:00:00+00:00,57.24,57.24,56.91,56.93,65372.0,57.079,463,True
2026-05-15 19:00:00+00:00,56.96,57.0,56.3,56.64,170572.0,56.637,1217,True
2026-05-15 20:00:00+00:00,56.63,56.63,56.63,56.63,155271.0,56.63,8,False
2026-05-15 21:00:00+00:00,56.63,56.63,56.63,56.63,0.0,56.63,0,False
2026-05-15 22:00:00+00:00,57.12,57.12,57.12,57.12,100.0,57.12,1,False
2026-05-15 23:00:00+00:00,57.12,57.12,57.12,57.12,0.0,57.12,0,False
