date,open,high,low,close,volume,average,barCount,is_rth
2018-05-18 00:00:00+00:00,62.1,63.08,62.08,62.86,87804.0,62.653,559,False
2018-05-21 00:00:00+00:00,62.97,63.85,62.97,63.5,87356.0,63.486,731,False
2018-05-22 00:00:00+00:00,63.6,63.6,62.31,62.34,81519.0,62.791,669,False
2018-05-23 00:00:00+00:00,62.19,62.84,62.02,62.71,41229.0,62.544,362,False
2018-05-24 00:00:00+00:00,62.63,62.82,62.29,62.71,72111.0,62.635,617,False
2018-05-25 00:00:00+00:00,62.68,63.74,62.03,63.39,53080.0,63.283,478,False
2018-05-29 00:00:00+00:00,62.94,63.87,62.85,63.65,65277.0,63.556,566,False
2018-05-30 00:00:00+00:00,64.0,64.49,63.84,63.94,95215.0,64.083,814,False
2018-05-31 00:00:00+00:00,63.95,64.13,63.18,63.31,141639.0,63.411,1082,False
2018-06-01 00:00:00+00:00,63.71,63.93,63.33,63.71,159065.0,63.75,1055,False
2018-06-04 00:00:00+00:00,64.01,64.72,63.69,64.66,189024.0,64.501,1037,False
2018-06-05 00:00:00+00:00,64.45,66.0,64.4,65.28,232261.0,65.472,1559,False
2018-06-06 00:00:00+00:00,65.24,65.32,64.65,65.12,115056.0,64.996,562,False
2018-06-07 00:00:00+00:00,65.34,66.15,64.93,66.03,207649.0,65.726,1450,False
2018-06-08 00:00:00+00:00,65.85,67.1,65.85,66.89,263175.0,66.694,1222,False
2018-06-11 00:00:00+00:00,67.08,67.29,66.19,66.99,171639.0,66.97,1041,False
2018-06-12 00:00:00+00:00,67.1,67.32,66.49,67.2,212036.0,66.949,1623,False
2018-06-13 00:00:00+00:00,67.21,67.3,66.2,66.32,180192.0,66.636,1116,False
2018-06-14 00:00:00+00:00,66.58,66.7,65.93,66.37,157818.0,66.279,1030,False
2018-06-15 00:00:00+00:00,65.89,66.33,65.74,65.99,197911.0,65.99,1223,False
2018-06-18 00:00:00+00:00,65.67,65.67,64.55,64.71,127047.0,64.872,1075,False
2018-06-19 00:00:00+00:00,64.35,65.48,63.82,65.43,104659.0,64.766,862,False
2018-06-20 00:00:00+00:00,65.64,65.64,64.88,65.16,125966.0,65.189,951,False
2018-06-21 00:00:00+00:00,65.28,65.28,63.55,63.87,106237.0,64.073,876,False
2018-06-22 00:00:00+00:00,63.99,63.99,62.71,62.78,107295.0,63.015,834,False
2018-06-25 00:00:00+00:00,62.5,62.81,61.77,62.37,112828.0,62.344,920,False
2018-06-26 00:00:00+00:00,62.63,62.94,62.14,62.82,92473.0,62.586,766,False
2018-06-27 00:00:00+00:00,62.74,62.76,61.63,61.67,91613.0,62.174,803,False
2018-06-28 00:00:00+00:00,61.74,62.32,61.47,62.04,86227.0,62.051,766,False
2018-06-29 00:00:00+00:00,62.42,62.61,61.94,62.19,147803.0,62.392,1172,False
2018-07-02 00:00:00+00:00,61.86,63.62,61.86,63.55,252846.0,63.031,1981,False
2018-07-03 00:00:00+00:00,63.81,64.09,63.28,63.58,60165.0,63.53,394,False
2018-07-05 00:00:00+00:00,63.86,64.18,62.64,64.16,106939.0,63.782,940,False
2018-07-06 00:00:00+00:00,64.22,64.77,63.85,64.39,58805.0,64.346,506,False
2018-07-09 00:00:00+00:00,64.62,65.55,64.03,64.24,221648.0,64.42,1971,False
2018-07-10 00:00:00+00:00,64.37,64.73,63.21,63.76,72007.0,63.877,520,False
2018-07-11 00:00:00+00:00,63.36,63.96,63.11,63.6,71376.0,63.655,629,False
2018-07-12 00:00:00+00:00,64.15,64.85,63.45,64.2,113415.0,64.15,940,False
2018-07-13 00:00:00+00:00,64.12,64.83,64.12,64.74,59849.0,64.571,530,False
2018-07-16 00:00:00+00:00,64.81,65.0,62.5,62.71,197787.0,63.326,1555,False
2018-07-17 00:00:00+00:00,62.68,63.07,62.51,62.91,151658.0,62.847,1282,False
2018-07-18 00:00:00+00:00,62.93,63.32,62.57,62.99,120312.0,62.945,1026,False
2018-07-19 00:00:00+00:00,62.7,63.17,62.27,63.0,96295.0,62.969,860,False
2018-07-20 00:00:00+00:00,63.0,63.19,62.76,62.81,98225.0,62.923,729,False
2018-07-23 00:00:00+00:00,62.75,62.96,62.36,62.45,106366.0,62.617,845,False
2018-07-24 00:00:00+00:00,62.94,62.94,61.07,61.48,124610.0,61.593,921,False
2018-07-25 00:00:00+00:00,61.46,61.46,59.54,59.89,237007.0,59.997,1971,False
2018-07-26 00:00:00+00:00,59.84,61.22,59.32,61.0,199649.0,60.515,1653,False
2018-07-27 00:00:00+00:00,61.13,61.45,59.75,60.06,167094.0,60.379,1339,False
2018-07-30 00:00:00+00:00,60.07,61.17,59.88,60.0,225718.0,60.471,1876,False
2018-07-31 00:00:00+00:00,67.53,74.75,67.0,72.96,1616721.0,72.165,11148,False
2018-08-01 00:00:00+00:00,73.06,74.91,72.16,72.8,679862.0,73.44,4148,False
2018-08-02 00:00:00+00:00,72.9,74.01,72.3,73.5,303727.0,73.243,2490,False
2018-08-03 00:00:00+00:00,73.43,74.02,72.84,73.74,294011.0,73.616,2498,False
2018-08-06 00:00:00+00:00,73.82,74.31,73.13,73.93,261754.0,73.96,2139,False
2018-08-07 00:00:00+00:00,74.07,74.17,73.26,73.55,186454.0,73.541,1572,False
2018-08-08 00:00:00+00:00,73.4,73.93,72.42,72.79,123820.0,72.917,1057,False
2018-08-09 00:00:00+00:00,72.75,73.42,72.11,72.34,114860.0,72.689,1018,False
2018-08-10 00:00:00+00:00,72.25,72.94,71.34,72.71,115525.0,72.622,1034,False
2018-08-13 00:00:00+00:00,72.72,73.15,71.49,71.65,161331.0,72.027,1355,False
2018-08-14 00:00:00+00:00,71.99,72.99,71.64,72.83,93432.0,72.612,827,False
2018-08-15 00:00:00+00:00,72.67,72.67,71.58,72.13,138948.0,72.034,1207,False
2018-08-16 00:00:00+00:00,72.41,73.07,72.0,72.87,102433.0,72.702,923,False
2018-08-17 00:00:00+00:00,72.65,73.5,72.49,73.21,136910.0,73.177,953,False
2018-08-20 00:00:00+00:00,73.29,73.54,72.71,73.02,95886.0,73.171,695,False
2018-08-21 00:00:00+00:00,73.3,74.5,73.3,74.08,122509.0,74.095,938,False
2018-08-22 00:00:00+00:00,73.88,74.63,73.61,74.48,176885.0,74.243,919,False
2018-08-23 00:00:00+00:00,74.59,74.79,73.78,74.3,89482.0,74.231,734,False
2018-08-24 00:00:00+00:00,74.35,74.82,74.06,74.73,94655.0,74.613,787,False
2018-08-27 00:00:00+00:00,74.95,76.16,74.43,75.75,247146.0,75.679,1408,False
2018-08-28 00:00:00+00:00,75.75,75.96,75.05,75.75,107307.0,75.459,754,False
2018-08-29 00:00:00+00:00,75.93,77.02,75.21,76.63,141676.0,76.317,1091,False
2018-08-30 00:00:00+00:00,76.54,77.64,76.14,76.94,117162.0,76.95,911,False
2018-08-31 00:00:00+00:00,76.62,77.36,76.24,76.77,121178.0,76.835,738,False
2018-09-04 00:00:00+00:00,76.71,76.82,75.32,76.23,108192.0,75.981,777,False
2018-09-05 00:00:00+00:00,76.26,77.59,76.26,77.48,70670.0,76.969,579,False
2018-09-06 00:00:00+00:00,77.76,78.36,76.62,76.78,93028.0,77.146,691,False
2018-09-07 00:00:00+00:00,76.65,77.14,76.56,76.73,57435.0,76.795,416,False
2018-09-10 00:00:00+00:00,77.28,77.89,76.82,77.44,74927.0,77.272,619,False
2018-09-11 00:00:00+00:00,77.21,78.04,76.96,77.67,65518.0,77.653,476,False
2018-09-12 00:00:00+00:00,77.57,78.24,76.58,77.64,64822.0,77.461,533,False
2018-09-13 00:00:00+00:00,78.07,78.07,76.52,76.86,86189.0,76.969,691,False
2018-09-14 00:00:00+00:00,76.74,77.95,76.51,77.76,84162.0,77.445,653,False
2018-09-17 00:00:00+00:00,77.66,77.66,76.45,76.58,61120.0,76.832,525,False
2018-09-18 00:00:00+00:00,76.78,76.94,75.78,75.96,78512.0,76.081,672,False
2018-09-19 00:00:00+00:00,76.12,76.12,74.92,75.1,80346.0,75.284,654,False
2018-09-20 00:00:00+00:00,75.55,75.76,74.84,75.45,113569.0,75.211,861,False
2018-09-21 00:00:00+00:00,75.44,75.52,73.45,73.57,291824.0,74.506,1680,False
2018-09-24 00:00:00+00:00,73.64,74.47,72.95,73.48,154110.0,73.475,1265,False
2018-09-25 00:00:00+00:00,73.42,74.0,72.41,72.69,169934.0,72.857,1479,False
2018-09-26 00:00:00+00:00,72.53,73.6,72.13,72.97,135177.0,73.07,1135,False
2018-09-27 00:00:00+00:00,73.0,73.5,72.49,72.57,147664.0,72.685,1217,False
2018-09-28 00:00:00+00:00,72.35,72.92,72.11,72.46,167805.0,72.449,1318,False
2018-10-01 00:00:00+00:00,72.95,73.43,71.65,71.93,190031.0,72.006,1545,False
2018-10-02 00:00:00+00:00,71.82,72.45,71.0,71.27,243843.0,71.454,1575,False
2018-10-03 00:00:00+00:00,70.76,71.63,70.74,71.32,294200.0,71.221,2164,False
2018-10-04 00:00:00+00:00,71.14,71.63,70.7,71.12,286950.0,71.011,2019,False
2018-10-05 00:00:00+00:00,71.26,71.26,69.2,70.5,170429.0,70.199,1353,False
2018-10-08 00:00:00+00:00,70.3,70.6,69.77,70.13,131760.0,70.126,1055,False
2018-10-09 00:00:00+00:00,69.95,70.75,69.2,69.33,165921.0,69.614,1376,False
2018-10-10 00:00:00+00:00,69.14,69.14,68.33,68.4,197435.0,68.671,1607,False
2018-10-11 00:00:00+00:00,68.14,69.15,66.9,67.11,184945.0,67.96,1543,False
2018-10-12 00:00:00+00:00,68.05,68.1,65.86,66.78,264953.0,66.662,2108,False
2018-10-15 00:00:00+00:00,63.47,64.95,62.9,63.2,346347.0,63.671,2827,False
2018-10-16 00:00:00+00:00,63.43,64.53,62.15,64.46,189340.0,63.959,1586,False
2018-10-17 00:00:00+00:00,64.09,64.09,62.3,62.87,164255.0,62.979,1372,False
2018-10-18 00:00:00+00:00,62.41,62.64,60.66,60.96,216076.0,61.295,1696,False
2018-10-19 00:00:00+00:00,61.1,61.15,59.34,59.49,243350.0,59.99,1985,False
2018-10-22 00:00:00+00:00,59.42,60.28,58.91,59.48,494251.0,59.445,3461,False
2018-10-23 00:00:00+00:00,58.77,59.99,58.4,58.45,319505.0,59.081,2593,False
2018-10-24 00:00:00+00:00,57.91,58.73,56.93,56.94,278197.0,57.678,2011,False
2018-10-25 00:00:00+00:00,57.12,58.24,57.12,57.37,246502.0,57.722,1946,False
2018-10-26 00:00:00+00:00,56.3,56.71,55.22,55.86,281883.0,55.944,2012,False
2018-10-29 00:00:00+00:00,56.81,57.52,54.35,55.12,167602.0,55.879,1302,False
2018-10-30 00:00:00+00:00,54.58,56.72,53.15,55.75,284833.0,55.454,2394,False
2018-10-31 00:00:00+00:00,56.55,57.26,55.63,57.08,473413.0,56.41,3504,False
2018-11-01 00:00:00+00:00,57.08,59.07,56.73,58.63,301784.0,58.485,2611,False
2018-11-02 00:00:00+00:00,58.8,59.12,57.64,58.13,243010.0,58.174,1914,False
2018-11-05 00:00:00+00:00,58.28,59.03,57.7,58.58,147716.0,58.574,1280,False
2018-11-06 00:00:00+00:00,58.52,59.8,58.2,59.3,203439.0,59.281,1522,False
2018-11-07 00:00:00+00:00,59.59,60.13,58.48,59.65,81553.0,59.302,710,False
2018-11-08 00:00:00+00:00,59.74,59.87,58.6,58.85,92549.0,59.068,706,False
2018-11-09 00:00:00+00:00,58.78,59.17,57.9,58.23,91080.0,58.347,742,False
2018-11-12 00:00:00+00:00,58.33,58.77,57.67,57.78,117320.0,58.255,912,False
2018-11-13 00:00:00+00:00,58.14,59.32,57.7,57.84,86873.0,58.336,731,False
2018-11-14 00:00:00+00:00,58.35,59.06,57.6,58.25,147549.0,58.256,1220,False
2018-11-15 00:00:00+00:00,58.11,58.67,57.07,58.24,204739.0,58.018,1319,False
2018-11-16 00:00:00+00:00,57.89,58.18,56.99,57.82,152158.0,57.579,1184,False
2018-11-19 00:00:00+00:00,57.78,58.69,56.8,56.95,136249.0,57.214,1046,False
2018-11-20 00:00:00+00:00,56.25,56.44,54.52,55.14,200004.0,55.221,1740,False
2018-11-21 00:00:00+00:00,55.24,56.61,55.24,56.08,92100.0,56.124,821,False
2018-11-23 00:00:00+00:00,55.73,56.85,55.67,56.01,49693.0,56.366,415,False
2018-11-26 00:00:00+00:00,56.52,57.14,56.01,56.76,158123.0,56.637,1323,False
2018-11-27 00:00:00+00:00,56.47,56.87,56.23,56.44,114773.0,56.448,930,False
2018-11-28 00:00:00+00:00,56.47,57.95,55.63,57.78,192445.0,57.048,1448,False
2018-11-29 00:00:00+00:00,57.63,57.9,57.0,57.76,92868.0,57.509,760,False
2018-11-30 00:00:00+00:00,57.71,58.68,57.42,58.5,151364.0,58.274,1252,False
2018-12-03 00:00:00+00:00,59.21,59.5,57.99,59.08,114426.0,58.697,949,False
2018-12-04 00:00:00+00:00,58.68,58.89,56.2,56.36,222089.0,57.148,1780,False
2018-12-06 00:00:00+00:00,55.55,57.5,55.15,57.34,211355.0,56.712,1789,False
2018-12-07 00:00:00+00:00,57.32,58.19,55.04,55.23,254195.0,56.073,2157,False
2018-12-10 00:00:00+00:00,55.37,55.54,54.43,54.88,241652.0,54.973,1874,False
2018-12-11 00:00:00+00:00,55.63,55.75,53.89,54.01,85169.0,54.523,739,False
2018-12-12 00:00:00+00:00,54.88,55.1,54.21,54.66,120010.0,54.633,856,False
2018-12-13 00:00:00+00:00,54.92,55.08,53.85,53.9,169768.0,54.416,1365,False
2018-12-14 00:00:00+00:00,53.44,54.37,52.8,53.05,121445.0,53.425,1064,False
2018-12-17 00:00:00+00:00,52.87,53.77,52.22,52.6,249667.0,52.914,2144,False
2018-12-18 00:00:00+00:00,53.22,53.95,52.63,53.08,183836.0,53.095,1539,False
2018-12-19 00:00:00+00:00,53.03,54.23,51.58,51.9,137379.0,52.681,1221,False
2018-12-20 00:00:00+00:00,51.72,52.27,51.07,51.31,170145.0,51.509,1439,False
2018-12-21 00:00:00+00:00,51.29,52.13,50.42,50.43,238047.0,51.062,1114,False
2018-12-24 00:00:00+00:00,50.18,50.94,49.54,49.8,59355.0,50.166,514,False
2018-12-26 00:00:00+00:00,49.7,52.35,49.7,52.23,160325.0,51.165,1316,False
2018-12-27 00:00:00+00:00,51.39,53.2,51.39,53.15,201657.0,52.2,1644,False
2018-12-28 00:00:00+00:00,53.34,54.5,53.27,53.78,148639.0,53.799,1280,False
2018-12-31 00:00:00+00:00,53.98,54.38,53.7,54.13,177650.0,54.041,1495,False
2019-01-02 00:00:00+00:00,53.4,54.79,52.52,54.79,182129.0,54.172,1369,False
2019-01-03 00:00:00+00:00,54.52,55.31,53.86,54.17,133118.0,54.47,1159,False
2019-01-04 00:00:00+00:00,54.91,56.24,54.91,55.88,87858.0,55.745,727,False
2019-01-07 00:00:00+00:00,55.79,56.83,55.24,56.5,99426.0,56.303,806,False
2019-01-08 00:00:00+00:00,57.13,57.69,56.65,57.56,180476.0,57.345,1522,False
2019-01-09 00:00:00+00:00,57.44,58.03,56.55,57.75,100507.0,57.426,795,False
2019-01-10 00:00:00+00:00,57.29,58.17,57.29,57.89,142902.0,57.767,783,False
2019-01-11 00:00:00+00:00,57.57,58.35,57.5,58.3,80723.0,58.01,589,False
2019-01-14 00:00:00+00:00,57.95,58.76,57.95,58.46,124967.0,58.419,1082,False
2019-01-15 00:00:00+00:00,58.52,58.52,57.49,58.4,185617.0,58.221,1311,False
2019-01-16 00:00:00+00:00,58.36,59.08,58.35,58.61,238408.0,58.823,1642,False
2019-01-17 00:00:00+00:00,58.46,59.7,58.11,59.65,256899.0,59.125,1612,False
2019-01-18 00:00:00+00:00,60.17,61.1,59.96,60.63,222498.0,60.605,1123,False
2019-01-22 00:00:00+00:00,60.38,60.85,59.7,60.16,206358.0,60.149,1143,False
2019-01-23 00:00:00+00:00,60.33,60.42,59.4,60.04,249087.0,59.839,1167,False
2019-01-24 00:00:00+00:00,59.91,60.53,59.91,60.33,49937.0,60.277,428,False
2019-01-25 00:00:00+00:00,60.51,61.41,59.92,60.02,98705.0,60.481,693,False
2019-01-28 00:00:00+00:00,59.47,60.06,59.15,59.37,94006.0,59.5,805,False
2019-01-29 00:00:00+00:00,59.68,59.77,58.65,59.39,292285.0,59.177,1839,False
2019-01-30 00:00:00+00:00,59.94,60.52,59.17,60.51,200656.0,59.774,1465,False
2019-01-31 00:00:00+00:00,60.38,61.71,60.38,61.38,100143.0,61.21,867,False
2019-02-01 00:00:00+00:00,61.59,61.79,60.75,61.14,87278.0,61.241,697,False
2019-02-04 00:00:00+00:00,60.95,61.43,60.42,60.94,216276.0,60.855,1484,False
2019-02-05 00:00:00+00:00,58.32,58.32,54.99,57.13,566046.0,56.996,3776,False
2019-02-06 00:00:00+00:00,56.95,58.84,56.84,57.77,210336.0,58.185,1393,False
2019-02-07 00:00:00+00:00,57.67,58.77,57.67,58.05,163474.0,58.127,1303,False
2019-02-08 00:00:00+00:00,57.87,58.14,57.79,57.84,276900.0,57.928,1294,False
2019-02-11 00:00:00+00:00,57.92,58.65,57.79,58.29,214335.0,58.284,1700,False
2019-02-12 00:00:00+00:00,58.7,60.64,58.7,60.38,196596.0,59.955,1485,False
2019-02-13 00:00:00+00:00,60.67,60.96,59.72,59.82,232106.0,59.943,1629,False
2019-02-14 00:00:00+00:00,59.42,60.17,59.22,59.84,170567.0,59.888,1379,False
2019-02-15 00:00:00+00:00,60.16,60.47,59.9,60.22,104732.0,60.133,864,False
2019-02-19 00:00:00+00:00,59.86,60.84,59.85,60.21,128943.0,60.427,1063,False
2019-02-20 00:00:00+00:00,60.06,60.96,59.89,60.94,92070.0,60.578,825,False
2019-02-21 00:00:00+00:00,60.69,61.23,60.35,60.76,92240.0,60.848,773,False
2019-02-22 00:00:00+00:00,61.04,61.17,60.67,60.96,68809.0,60.91,574,False
2019-02-25 00:00:00+00:00,61.32,61.62,60.8,60.95,65344.0,61.046,578,False
2019-02-26 00:00:00+00:00,60.67,61.06,59.64,59.67,153880.0,60.03,1247,False
2019-02-27 00:00:00+00:00,59.17,59.75,59.07,59.65,60412.0,59.452,499,False
2019-02-28 00:00:00+00:00,59.74,60.18,59.08,59.93,107884.0,59.762,705,False
2019-03-01 00:00:00+00:00,60.5,60.74,59.3,59.79,127764.0,59.75,1076,False
2019-03-04 00:00:00+00:00,59.78,60.5,59.71,59.84,71014.0,60.031,621,False
2019-03-05 00:00:00+00:00,60.0,60.19,59.57,59.84,162897.0,59.921,1391,False
2019-03-06 00:00:00+00:00,59.93,60.06,59.44,59.68,185540.0,59.801,1492,False
2019-03-07 00:00:00+00:00,59.62,60.28,59.23,59.93,150848.0,59.905,1225,False
2019-03-08 00:00:00+00:00,59.6,60.32,59.6,59.98,130476.0,59.936,1036,False
2019-03-11 00:00:00+00:00,60.05,60.45,59.74,60.44,131820.0,60.101,1131,False
2019-03-12 00:00:00+00:00,60.49,60.49,59.94,60.02,74681.0,60.084,654,False
2019-03-13 00:00:00+00:00,60.21,60.31,59.74,59.89,88189.0,59.903,737,False
2019-03-14 00:00:00+00:00,59.74,59.94,59.72,59.8,83186.0,59.811,719,False
2019-03-15 00:00:00+00:00,59.97,60.53,59.17,59.41,188858.0,59.814,861,False
2019-03-18 00:00:00+00:00,59.42,60.32,59.21,60.2,81448.0,59.787,681,False
2019-03-19 00:00:00+00:00,60.47,60.67,59.31,59.41,125984.0,59.672,803,False
2019-03-20 00:00:00+00:00,59.32,59.47,58.01,58.43,111941.0,58.731,872,False
2019-03-21 00:00:00+00:00,58.31,60.03,58.31,59.84,118502.0,59.768,977,False
2019-03-22 00:00:00+00:00,59.47,59.47,56.35,56.46,174032.0,57.386,1460,False
2019-03-25 00:00:00+00:00,56.61,57.18,55.8,56.58,220196.0,56.496,1860,False
2019-03-26 00:00:00+00:00,57.04,57.92,56.6,57.5,105825.0,57.391,798,False
2019-03-27 00:00:00+00:00,57.42,58.01,56.97,57.42,96954.0,57.543,888,False
2019-03-28 00:00:00+00:00,57.77,58.13,56.93,57.54,128592.0,57.516,1196,False
2019-03-29 00:00:00+00:00,57.94,59.45,57.94,59.27,271318.0,59.087,2079,False
2019-04-01 00:00:00+00:00,59.67,60.76,59.09,59.26,189476.0,59.838,1419,False
2019-04-02 00:00:00+00:00,59.32,59.32,58.55,59.02,98888.0,58.9,838,False
2019-04-03 00:00:00+00:00,59.21,59.88,58.96,59.24,74344.0,59.514,476,False
2019-04-04 00:00:00+00:00,59.4,60.52,59.4,60.26,77205.0,60.11,655,False
2019-04-05 00:00:00+00:00,60.4,61.55,60.29,61.25,101770.0,61.217,823,False
2019-04-08 00:00:00+00:00,61.11,62.23,60.75,62.12,90709.0,61.855,811,False
2019-04-09 00:00:00+00:00,62.08,62.08,61.11,61.25,69259.0,61.373,602,False
2019-04-10 00:00:00+00:00,61.45,62.3,61.24,62.08,107752.0,61.654,887,False
2019-04-11 00:00:00+00:00,62.25,63.16,61.73,62.94,94082.0,62.694,730,False
2019-04-12 00:00:00+00:00,63.33,63.89,63.19,63.68,79259.0,63.534,593,False
2019-04-15 00:00:00+00:00,63.85,64.56,62.87,63.19,105574.0,63.291,571,False
2019-04-16 00:00:00+00:00,63.44,63.8,62.71,63.7,173458.0,63.225,983,False
2019-04-17 00:00:00+00:00,64.08,64.47,63.41,64.2,191418.0,64.022,1018,False
2019-04-18 00:00:00+00:00,63.86,64.06,63.26,63.61,97707.0,63.626,693,False
2019-04-22 00:00:00+00:00,63.17,63.47,62.18,62.55,100648.0,62.647,845,False
2019-04-23 00:00:00+00:00,62.42,63.35,62.23,62.85,196453.0,62.848,839,False
2019-04-24 00:00:00+00:00,62.77,63.3,62.71,62.97,251203.0,63.029,2075,False
2019-04-25 00:00:00+00:00,62.59,62.82,61.24,61.95,342219.0,62.019,1758,False
2019-04-26 00:00:00+00:00,62.14,62.68,61.89,61.99,358346.0,62.23,2533,False
2019-04-29 00:00:00+00:00,61.85,63.85,61.8,63.43,290461.0,62.659,1844,False
2019-04-30 00:00:00+00:00,64.26,64.89,62.54,63.68,246408.0,63.57,1982,False
2019-05-01 00:00:00+00:00,63.49,64.79,63.44,64.08,202314.0,64.166,1547,False
2019-05-02 00:00:00+00:00,64.01,65.23,63.9,64.83,180567.0,64.583,1447,False
2019-05-03 00:00:00+00:00,65.31,66.91,65.31,66.77,143174.0,66.384,1076,False
2019-05-06 00:00:00+00:00,65.78,67.3,65.34,67.18,179336.0,66.829,1552,False
2019-05-07 00:00:00+00:00,66.5,67.02,66.27,66.63,231390.0,66.633,1863,False
2019-05-08 00:00:00+00:00,66.86,67.07,66.19,66.37,134971.0,66.519,1078,False
2019-05-09 00:00:00+00:00,65.92,66.9,65.42,66.87,95858.0,66.389,789,False
2019-05-10 00:00:00+00:00,66.52,67.52,66.17,67.29,80544.0,66.86,715,False
2019-05-13 00:00:00+00:00,66.44,66.44,65.25,65.54,105145.0,65.715,849,False
2019-05-14 00:00:00+00:00,65.72,65.8,65.25,65.53,62071.0,65.521,542,False
2019-05-15 00:00:00+00:00,65.13,65.5,64.6,65.4,82164.0,65.207,758,False
2019-05-16 00:00:00+00:00,65.64,65.95,64.93,65.21,123466.0,65.568,808,False
2019-05-17 00:00:00+00:00,64.77,65.45,63.95,63.97,66422.0,64.392,543,False
2019-05-20 00:00:00+00:00,63.55,64.28,62.97,63.76,72009.0,63.836,603,False
2019-05-21 00:00:00+00:00,64.18,65.18,64.18,64.73,76814.0,64.757,531,False
2019-05-22 00:00:00+00:00,64.37,64.76,63.35,63.73,60496.0,63.761,512,False
2019-05-23 00:00:00+00:00,63.38,63.89,61.92,62.17,92055.0,62.391,785,False
2019-05-24 00:00:00+00:00,62.57,63.18,62.04,62.77,54260.0,62.586,468,False
2019-05-28 00:00:00+00:00,62.85,63.52,62.57,62.85,104695.0,62.985,951,False
2019-05-29 00:00:00+00:00,62.46,62.97,60.72,61.85,78198.0,61.543,633,False
2019-05-30 00:00:00+00:00,62.07,62.71,61.07,61.61,49556.0,61.537,410,False
2019-05-31 00:00:00+00:00,60.77,61.04,60.31,60.84,69446.0,60.726,468,False
2019-06-03 00:00:00+00:00,60.79,62.35,60.79,61.97,83419.0,61.701,623,False
2019-06-04 00:00:00+00:00,62.72,64.24,62.46,64.1,39823.0,63.423,321,False
2019-06-05 00:00:00+00:00,64.26,64.95,63.47,64.28,76156.0,64.271,657,False
2019-06-06 00:00:00+00:00,64.29,64.46,63.08,64.18,41885.0,63.73,353,False
2019-06-07 00:00:00+00:00,64.49,65.16,64.34,64.74,42391.0,64.805,385,False
2019-06-10 00:00:00+00:00,64.95,65.86,64.79,65.37,57249.0,65.345,484,False
2019-06-11 00:00:00+00:00,65.9,65.9,65.04,65.67,127054.0,65.476,1040,False
2019-06-12 00:00:00+00:00,65.62,66.28,65.18,65.32,127368.0,65.777,815,False
2019-06-13 00:00:00+00:00,65.62,66.21,65.51,66.18,64862.0,65.944,539,False
2019-06-14 00:00:00+00:00,66.0,66.34,65.66,65.89,68588.0,65.959,520,False
2019-06-17 00:00:00+00:00,65.89,66.06,65.23,65.43,92200.0,65.649,704,False
2019-06-18 00:00:00+00:00,65.97,67.02,64.99,65.6,192786.0,65.665,1150,False
2019-06-19 00:00:00+00:00,65.69,65.69,64.22,65.27,65699.0,65.012,567,False
2019-06-20 00:00:00+00:00,65.9,66.09,64.86,65.36,139188.0,65.256,1000,False
2019-06-21 00:00:00+00:00,65.05,66.04,64.66,64.77,90498.0,65.099,594,False
2019-06-24 00:00:00+00:00,64.99,65.13,64.26,64.83,120064.0,64.755,844,False
2019-06-25 00:00:00+00:00,65.07,65.42,64.59,64.6,45871.0,64.868,402,False
2019-06-26 00:00:00+00:00,64.97,65.74,64.91,65.34,74055.0,65.377,607,False
2019-06-27 00:00:00+00:00,65.85,66.6,65.69,65.86,97207.0,65.942,836,False
2019-06-28 00:00:00+00:00,66.13,66.96,65.99,66.46,226562.0,66.512,1524,False
2019-07-01 00:00:00+00:00,67.21,68.06,65.78,66.26,102939.0,66.429,924,False
2019-07-02 00:00:00+00:00,65.99,66.22,65.11,65.47,65663.0,65.511,586,False
2019-07-03 00:00:00+00:00,65.81,66.29,65.26,65.72,44911.0,65.836,393,False
2019-07-05 00:00:00+00:00,65.39,66.58,64.8,66.42,58935.0,65.955,482,False
2019-07-08 00:00:00+00:00,66.2,66.2,65.42,65.56,100051.0,65.65,808,False
2019-07-09 00:00:00+00:00,65.5,65.5,64.58,64.95,73263.0,64.894,607,False
2019-07-10 00:00:00+00:00,65.03,65.24,64.39,64.83,109913.0,64.819,865,False
2019-07-11 00:00:00+00:00,65.08,65.33,63.72,63.99,68749.0,64.13,579,False
2019-07-12 00:00:00+00:00,64.28,65.89,63.77,65.52,92452.0,65.259,635,False
2019-07-15 00:00:00+00:00,65.79,65.79,64.51,65.35,36930.0,65.245,318,False
2019-07-16 00:00:00+00:00,65.39,65.99,65.39,65.63,52856.0,65.713,439,False
2019-07-17 00:00:00+00:00,65.6,65.74,64.6,64.61,43010.0,64.962,391,False
2019-07-18 00:00:00+00:00,64.57,65.02,64.18,64.82,66075.0,64.647,531,False
2019-07-19 00:00:00+00:00,64.98,65.89,63.46,63.5,168069.0,64.968,689,False
2019-07-22 00:00:00+00:00,63.42,63.62,62.91,63.14,38430.0,63.193,317,False
2019-07-23 00:00:00+00:00,63.57,64.5,63.45,64.21,90834.0,64.132,643,False
2019-07-24 00:00:00+00:00,63.97,65.8,63.68,65.59,107267.0,65.281,877,False
2019-07-25 00:00:00+00:00,65.9,66.27,65.48,65.67,124154.0,65.883,1059,False
2019-07-26 00:00:00+00:00,65.89,66.57,65.07,66.37,154688.0,65.621,764,False
2019-07-29 00:00:00+00:00,66.32,66.32,64.99,65.37,159949.0,65.398,1186,False
2019-07-30 00:00:00+00:00,60.0,62.0,57.36,59.31,1059684.0,58.965,5867,False
2019-07-31 00:00:00+00:00,59.01,62.26,59.01,61.76,408261.0,61.64,2904,False
2019-08-01 00:00:00+00:00,61.89,62.82,61.33,61.72,404218.0,61.835,2795,False
2019-08-02 00:00:00+00:00,61.57,62.27,61.29,62.04,162781.0,61.906,1354,False
2019-08-05 00:00:00+00:00,60.97,61.83,60.58,61.5,323910.0,61.311,2111,False
2019-08-06 00:00:00+00:00,61.68,62.77,61.54,62.4,237271.0,62.204,1745,False
2019-08-07 00:00:00+00:00,61.58,62.88,61.52,62.55,166318.0,62.312,1274,False
2019-08-08 00:00:00+00:00,62.87,63.76,62.67,63.73,137953.0,63.213,948,False
2019-08-09 00:00:00+00:00,63.51,63.66,62.93,63.27,132061.0,63.342,1017,False
2019-08-12 00:00:00+00:00,63.12,63.13,62.3,62.47,143506.0,62.737,1216,False
2019-08-13 00:00:00+00:00,62.25,63.75,62.25,63.06,69460.0,63.045,582,False
2019-08-14 00:00:00+00:00,62.12,62.49,61.85,62.21,186537.0,62.079,1382,False
2019-08-15 00:00:00+00:00,62.28,62.9,62.16,62.5,84617.0,62.477,660,False
2019-08-16 00:00:00+00:00,62.73,63.81,62.73,63.39,101251.0,63.38,713,False
2019-08-19 00:00:00+00:00,64.14,64.64,63.67,63.89,89784.0,64.19,724,False
2019-08-20 00:00:00+00:00,63.65,64.1,62.72,63.84,94243.0,63.785,743,False
2019-08-21 00:00:00+00:00,64.39,64.68,64.06,64.23,100513.0,64.351,599,False
2019-08-22 00:00:00+00:00,64.15,64.98,63.56,63.72,61133.0,63.931,484,False
2019-08-23 00:00:00+00:00,63.92,64.3,61.52,61.78,88993.0,62.289,757,False
2019-08-26 00:00:00+00:00,62.29,62.46,61.8,62.1,140035.0,61.962,1067,False
2019-08-27 00:00:00+00:00,62.25,62.3,61.74,61.77,152239.0,61.937,1241,False
2019-08-28 00:00:00+00:00,61.57,62.91,61.21,62.63,51199.0,62.496,423,False
2019-08-29 00:00:00+00:00,63.28,64.12,63.1,63.96,128281.0,63.785,729,False
2019-08-30 00:00:00+00:00,64.32,64.66,63.93,64.2,141704.0,64.325,1013,False
2019-09-03 00:00:00+00:00,63.77,63.77,62.45,63.38,192871.0,62.982,1215,False
2019-09-04 00:00:00+00:00,63.96,64.58,63.81,64.16,62605.0,64.156,492,False
2019-09-05 00:00:00+00:00,64.88,66.63,64.82,65.41,159143.0,65.516,933,False
2019-09-06 00:00:00+00:00,65.58,66.35,65.36,65.43,120272.0,65.807,741,False
2019-09-09 00:00:00+00:00,65.52,66.53,65.19,66.49,184054.0,65.752,1217,False
2019-09-10 00:00:00+00:00,66.72,67.61,65.96,66.7,126880.0,66.777,760,False
2019-09-11 00:00:00+00:00,67.28,67.74,66.28,67.53,250709.0,66.918,1378,False
2019-09-12 00:00:00+00:00,67.63,68.82,66.7,68.48,134927.0,68.271,944,False
2019-09-13 00:00:00+00:00,69.0,69.16,68.27,68.58,131679.0,68.604,887,False
2019-09-16 00:00:00+00:00,68.06,69.25,67.87,69.1,83804.0,68.859,621,False
2019-09-17 00:00:00+00:00,69.04,69.04,68.3,68.68,162489.0,68.67,1061,False
2019-09-18 00:00:00+00:00,68.7,69.23,68.31,68.95,83877.0,68.806,520,False
2019-09-19 00:00:00+00:00,68.8,69.2,68.16,68.25,113101.0,68.649,804,False
2019-09-20 00:00:00+00:00,68.31,68.93,67.74,68.44,238197.0,68.352,1166,False
2019-09-23 00:00:00+00:00,68.17,68.62,68.06,68.06,72165.0,68.324,575,False
2019-09-24 00:00:00+00:00,68.07,68.69,67.68,68.12,185346.0,68.123,1215,False
2019-09-25 00:00:00+00:00,68.32,68.93,67.87,68.68,89316.0,68.499,612,False
2019-09-26 00:00:00+00:00,68.61,69.26,68.32,68.49,100366.0,68.568,546,False
2019-09-27 00:00:00+00:00,68.74,69.2,67.59,68.19,144367.0,68.061,558,False
2019-09-30 00:00:00+00:00,68.4,69.76,68.4,69.37,129950.0,69.426,868,False
2019-10-01 00:00:00+00:00,69.81,70.6,68.07,68.13,132459.0,68.724,883,False
2019-10-02 00:00:00+00:00,67.41,68.34,67.05,68.16,115578.0,67.802,750,False
2019-10-03 00:00:00+00:00,67.92,68.82,67.55,68.46,180274.0,68.098,1184,False
2019-10-04 00:00:00+00:00,68.54,69.48,68.54,69.43,60651.0,69.034,499,False
2019-10-07 00:00:00+00:00,68.97,69.68,68.65,69.37,131747.0,69.313,844,False
2019-10-08 00:00:00+00:00,68.62,69.09,68.21,68.54,69622.0,68.581,583,False
2019-10-09 00:00:00+00:00,69.14,69.79,68.45,68.6,72490.0,68.784,528,False
2019-10-10 00:00:00+00:00,68.9,69.35,68.54,68.69,43908.0,68.835,384,False
2019-10-11 00:00:00+00:00,69.6,70.8,69.22,69.28,126812.0,69.904,888,False
2019-10-14 00:00:00+00:00,69.11,69.94,68.43,69.75,49482.0,69.405,411,False
2019-10-15 00:00:00+00:00,70.04,71.0,70.04,70.84,96220.0,70.692,698,False
2019-10-16 00:00:00+00:00,70.63,71.62,70.57,71.24,140963.0,70.948,887,False
2019-10-17 00:00:00+00:00,71.81,72.81,71.81,72.55,137330.0,72.314,846,False
2019-10-18 00:00:00+00:00,72.44,73.18,72.09,72.38,163257.0,72.452,921,False
2019-10-21 00:00:00+00:00,73.03,73.62,72.95,73.28,121745.0,73.23,977,False
2019-10-22 00:00:00+00:00,73.28,73.83,73.08,73.56,98876.0,73.495,774,False
2019-10-23 00:00:00+00:00,73.33,74.19,73.18,73.9,216467.0,73.688,827,False
2019-10-24 00:00:00+00:00,73.33,74.62,73.33,74.44,219835.0,74.176,914,False
2019-10-25 00:00:00+00:00,74.58,75.7,74.4,74.65,141314.0,75.079,1065,False
2019-10-28 00:00:00+00:00,75.14,75.54,74.49,75.34,156357.0,75.072,1008,False
2019-10-29 00:00:00+00:00,76.05,84.99,76.05,81.77,1146230.0,81.99,8014,False
2019-10-30 00:00:00+00:00,82.0,83.21,80.98,82.53,717088.0,82.313,5381,False
2019-10-31 00:00:00+00:00,82.22,83.12,81.94,82.64,274126.0,82.591,2124,False
2019-11-01 00:00:00+00:00,83.0,84.08,82.58,83.43,291784.0,83.497,2301,False
2019-11-04 00:00:00+00:00,84.08,84.39,83.23,83.98,166599.0,83.964,1210,False
2019-11-05 00:00:00+00:00,84.0,84.57,83.56,83.76,302017.0,84.059,1807,False
2019-11-06 00:00:00+00:00,83.39,84.35,82.75,83.92,145343.0,83.791,965,False
2019-11-07 00:00:00+00:00,84.57,85.36,83.24,83.87,169094.0,83.963,1246,False
2019-11-08 00:00:00+00:00,84.01,84.78,83.56,83.91,237930.0,84.023,1672,False
2019-11-11 00:00:00+00:00,83.29,83.92,82.7,83.2,241954.0,83.244,1966,False
2019-11-12 00:00:00+00:00,83.57,83.67,82.64,83.04,306546.0,83.025,1966,False
2019-11-13 00:00:00+00:00,82.68,83.6,80.89,82.71,391654.0,82.273,2601,False
2019-11-14 00:00:00+00:00,82.72,83.11,81.72,81.81,484233.0,82.315,3277,False
2019-11-15 00:00:00+00:00,82.36,82.97,81.06,81.25,273524.0,81.58,1976,False
2019-11-18 00:00:00+00:00,81.37,82.11,80.73,81.25,249947.0,81.437,2051,False
2019-11-19 00:00:00+00:00,81.69,81.73,80.91,80.98,188662.0,81.177,1517,False
2019-11-20 00:00:00+00:00,80.9,82.34,80.59,80.69,189685.0,81.071,1591,False
2019-11-21 00:00:00+00:00,81.15,81.25,79.74,79.84,156471.0,80.244,1274,False
2019-11-22 00:00:00+00:00,80.16,80.48,79.74,80.14,86119.0,80.181,702,False
2019-11-25 00:00:00+00:00,80.31,81.78,80.08,81.39,149766.0,81.129,1129,False
2019-11-26 00:00:00+00:00,81.52,82.2,81.19,81.98,201649.0,81.731,1158,False
2019-11-27 00:00:00+00:00,82.4,82.53,81.29,81.31,92531.0,81.64,749,False
2019-11-29 00:00:00+00:00,81.03,81.63,80.97,81.2,47739.0,81.278,417,False
2019-12-02 00:00:00+00:00,81.34,81.42,79.43,79.71,144708.0,79.986,1152,False
2019-12-03 00:00:00+00:00,79.16,81.56,78.6,81.23,175831.0,80.854,1566,False
2019-12-04 00:00:00+00:00,81.25,82.24,80.95,81.34,142252.0,81.369,992,False
2019-12-05 00:00:00+00:00,81.17,81.99,81.15,81.84,129393.0,81.619,1081,False
2019-12-06 00:00:00+00:00,82.47,83.04,81.33,81.33,186104.0,82.002,1280,False
2019-12-09 00:00:00+00:00,81.05,81.3,80.39,80.5,175909.0,80.738,1480,False
2019-12-10 00:00:00+00:00,80.25,80.84,79.86,80.63,115092.0,80.436,961,False
2019-12-11 00:00:00+00:00,80.68,80.68,79.43,79.78,211573.0,79.865,1667,False
2019-12-12 00:00:00+00:00,79.78,80.11,78.73,78.86,216823.0,79.077,1707,False
2019-12-13 00:00:00+00:00,78.66,80.11,78.21,78.63,85320.0,78.819,779,False
2019-12-16 00:00:00+00:00,79.07,79.56,77.59,77.62,141182.0,78.237,1176,False
2019-12-17 00:00:00+00:00,77.64,78.09,77.49,77.78,116664.0,77.731,1010,False
2019-12-18 00:00:00+00:00,78.07,78.37,77.15,78.33,157124.0,77.871,1328,False
2019-12-19 00:00:00+00:00,78.22,78.22,77.44,77.99,282843.0,77.868,1769,False
2019-12-20 00:00:00+00:00,78.18,79.9,78.0,79.67,392141.0,79.202,2279,False
2019-12-23 00:00:00+00:00,79.73,80.22,79.33,79.59,160622.0,79.696,1226,False
2019-12-24 00:00:00+00:00,79.71,80.01,79.34,79.91,51738.0,79.722,382,False
2019-12-26 00:00:00+00:00,79.93,80.39,79.6,80.25,93251.0,80.164,635,False
2019-12-27 00:00:00+00:00,80.47,80.74,79.99,80.48,120738.0,80.491,831,False
2019-12-30 00:00:00+00:00,80.61,80.73,80.0,80.31,175313.0,80.335,968,False
2019-12-31 00:00:00+00:00,79.97,80.86,79.59,80.23,103114.0,80.333,847,False
2020-01-02 00:00:00+00:00,80.47,81.23,79.99,81.21,155066.0,80.47,1259,False
2020-01-03 00:00:00+00:00,80.46,81.54,80.13,81.42,131547.0,81.169,1099,False
2020-01-06 00:00:00+00:00,80.96,81.4,80.36,81.24,74688.0,81.041,643,False
2020-01-07 00:00:00+00:00,80.72,81.2,80.07,80.81,74783.0,80.841,563,False
2020-01-08 00:00:00+00:00,81.04,82.08,80.88,81.68,173844.0,81.657,1114,False
2020-01-09 00:00:00+00:00,81.66,82.24,80.91,81.67,75403.0,81.726,669,False
2020-01-10 00:00:00+00:00,81.81,82.1,81.14,81.91,59277.0,81.752,481,False
2020-01-13 00:00:00+00:00,81.91,83.14,81.91,83.05,77982.0,82.782,649,False
2020-01-14 00:00:00+00:00,83.01,83.01,81.64,82.52,113744.0,82.319,791,False
2020-01-15 00:00:00+00:00,82.27,83.51,82.27,82.71,153391.0,82.672,1371,False
2020-01-16 00:00:00+00:00,83.08,84.02,83.08,84.01,98195.0,83.629,831,False
2020-01-17 00:00:00+00:00,84.42,84.5,83.22,83.38,80577.0,83.757,604,False
2020-01-21 00:00:00+00:00,83.25,83.79,83.03,83.41,94255.0,83.355,796,False
2020-01-22 00:00:00+00:00,83.83,84.74,83.58,84.67,138471.0,84.342,1175,False
2020-01-23 00:00:00+00:00,84.39,85.88,83.93,85.57,130918.0,85.339,1080,False
2020-01-24 00:00:00+00:00,85.56,85.88,83.86,84.46,88977.0,84.589,781,False
2020-01-27 00:00:00+00:00,83.61,85.64,83.47,85.18,160105.0,85.176,1347,False
2020-01-28 00:00:00+00:00,84.99,87.52,84.99,86.99,235503.0,86.592,1680,False
2020-01-29 00:00:00+00:00,87.13,87.7,86.49,86.51,151403.0,86.881,1260,False
2020-01-30 00:00:00+00:00,86.02,86.66,84.88,85.41,129040.0,85.44,1012,False
2020-01-31 00:00:00+00:00,84.99,85.49,82.48,82.67,176508.0,83.332,1450,False
2020-02-03 00:00:00+00:00,82.94,83.85,82.71,83.57,261085.0,83.287,1748,False
2020-02-04 00:00:00+00:00,84.74,88.25,83.28,86.49,243140.0,86.822,1898,False
2020-02-05 00:00:00+00:00,86.9,86.98,85.44,86.03,217740.0,86.079,1398,False
2020-02-06 00:00:00+00:00,86.59,87.0,85.88,86.71,132039.0,86.645,1065,False
2020-02-07 00:00:00+00:00,86.37,86.79,85.93,86.57,93315.0,86.479,770,False
2020-02-10 00:00:00+00:00,86.3,87.93,86.3,86.98,73309.0,87.111,601,False
2020-02-11 00:00:00+00:00,87.35,87.96,85.69,85.75,152818.0,86.14,1179,False
2020-02-12 00:00:00+00:00,85.75,86.52,84.44,84.63,163822.0,84.896,1074,False
2020-02-13 00:00:00+00:00,84.14,85.1,83.94,84.2,107428.0,84.614,859,False
2020-02-14 00:00:00+00:00,84.01,85.5,83.68,85.25,117569.0,85.083,985,False
2020-02-18 00:00:00+00:00,85.03,85.65,84.47,85.36,61011.0,85.265,476,False
2020-02-19 00:00:00+00:00,85.62,86.03,84.86,84.96,195014.0,85.327,1505,False
2020-02-20 00:00:00+00:00,84.54,86.22,84.54,84.99,112732.0,85.172,955,False
2020-02-21 00:00:00+00:00,85.03,86.06,84.6,85.12,83428.0,85.3,587,False
2020-02-24 00:00:00+00:00,82.73,83.72,82.25,82.6,83985.0,82.725,691,False
2020-02-25 00:00:00+00:00,82.8,83.05,79.98,80.24,124279.0,80.573,1046,False
2020-02-26 00:00:00+00:00,80.38,81.41,79.94,80.35,174650.0,80.315,1147,False
2020-02-27 00:00:00+00:00,79.01,81.63,78.53,79.48,225808.0,80.218,1708,False
2020-02-28 00:00:00+00:00,77.76,80.1,77.02,79.43,259074.0,78.7,2168,False
2020-03-02 00:00:00+00:00,79.91,83.1,79.68,82.93,227975.0,81.346,1904,False
2020-03-03 00:00:00+00:00,82.72,85.51,80.98,81.4,283376.0,82.778,1700,False
2020-03-04 00:00:00+00:00,82.78,84.85,82.33,84.72,206446.0,83.565,1532,False
2020-03-05 00:00:00+00:00,83.06,84.23,82.99,83.98,302447.0,83.348,1537,False
2020-03-06 00:00:00+00:00,81.91,82.93,80.51,82.64,345341.0,81.7,2137,False
2020-03-09 00:00:00+00:00,75.0,82.09,73.19,79.01,336154.0,79.307,2426,False
2020-03-10 00:00:00+00:00,80.71,81.37,77.35,80.64,317090.0,79.507,2429,False
2020-03-11 00:00:00+00:00,79.01,79.01,74.94,75.09,340541.0,76.265,2534,False
2020-03-12 00:00:00+00:00,67.5,71.41,64.66,64.96,307598.0,68.12,2236,False
2020-03-13 00:00:00+00:00,67.82,69.85,64.94,69.61,340117.0,67.344,2567,False
2020-03-16 00:00:00+00:00,60.0,66.63,58.47,63.36,381968.0,64.653,3007,False
2020-03-17 00:00:00+00:00,64.44,66.44,61.74,63.11,450455.0,63.645,3459,False
2020-03-18 00:00:00+00:00,59.18,60.07,56.22,58.44,392589.0,58.196,3048,False
2020-03-19 00:00:00+00:00,58.58,66.5,57.75,65.94,237639.0,63.471,1957,False
2020-03-20 00:00:00+00:00,66.19,66.51,54.82,55.58,428994.0,60.628,2502,False
2020-03-23 00:00:00+00:00,55.33,55.37,47.02,49.13,548844.0,49.749,3060,False
2020-03-24 00:00:00+00:00,50.95,55.93,49.34,53.81,320252.0,53.029,2641,False
2020-03-25 00:00:00+00:00,53.65,57.34,52.03,55.22,364564.0,55.306,2625,False
2020-03-26 00:00:00+00:00,55.9,61.48,55.06,59.83,275739.0,59.635,2085,False
2020-03-27 00:00:00+00:00,57.02,62.14,56.65,59.56,163168.0,59.092,1302,False
2020-03-30 00:00:00+00:00,60.1,62.15,59.63,61.86,168107.0,60.903,1486,False
2020-03-31 00:00:00+00:00,61.0,62.89,60.55,61.98,272046.0,61.599,2262,False
2020-04-01 00:00:00+00:00,59.37,60.81,58.54,60.35,444755.0,59.85,3566,False
2020-04-02 00:00:00+00:00,60.21,63.26,59.87,62.94,364363.0,62.017,2961,False
2020-04-03 00:00:00+00:00,61.83,62.7,56.32,56.58,289730.0,58.612,2365,False
2020-04-06 00:00:00+00:00,58.85,62.71,58.85,62.53,137935.0,61.31,1165,False
2020-04-07 00:00:00+00:00,64.89,65.05,60.67,61.49,199206.0,62.399,1626,False
2020-04-08 00:00:00+00:00,62.78,63.23,61.36,62.76,127477.0,62.636,1147,False
2020-04-09 00:00:00+00:00,63.82,66.71,63.3,66.58,112655.0,65.74,997,False
2020-04-13 00:00:00+00:00,65.91,66.01,62.85,63.53,109070.0,63.616,801,False
2020-04-14 00:00:00+00:00,65.34,66.39,62.82,64.01,230642.0,63.729,1804,False
2020-04-15 00:00:00+00:00,62.06,63.48,61.14,62.66,196776.0,62.595,1417,False
2020-04-16 00:00:00+00:00,62.22,63.64,60.26,61.91,222310.0,61.801,1783,False
2020-04-17 00:00:00+00:00,63.61,65.27,63.05,63.4,161673.0,63.572,1225,False
2020-04-20 00:00:00+00:00,61.96,63.58,60.53,61.2,133932.0,61.614,1156,False
2020-04-21 00:00:00+00:00,59.75,60.11,58.0,58.0,180343.0,58.401,1317,False
2020-04-22 00:00:00+00:00,59.53,59.74,57.42,58.36,183917.0,58.319,1411,False
2020-04-23 00:00:00+00:00,58.1,59.94,58.1,58.72,168280.0,59.074,1391,False
2020-04-24 00:00:00+00:00,58.96,60.02,58.21,60.02,117282.0,59.378,873,False
2020-04-27 00:00:00+00:00,60.24,63.45,59.68,63.28,109803.0,62.643,863,False
2020-04-28 00:00:00+00:00,69.61,76.33,69.54,72.93,375342.0,72.956,3009,False
2020-04-29 00:00:00+00:00,73.05,75.86,72.4,74.95,314912.0,74.271,2559,False
2020-04-30 00:00:00+00:00,73.79,74.33,71.48,72.1,145201.0,72.809,1203,False
2020-05-01 00:00:00+00:00,70.95,71.08,69.5,70.43,154277.0,70.065,1249,False
2020-05-04 00:00:00+00:00,69.29,70.14,68.74,70.11,184807.0,69.536,1083,False
2020-05-05 00:00:00+00:00,71.52,73.65,71.26,72.46,172231.0,72.942,1397,False
2020-05-06 00:00:00+00:00,72.58,72.74,70.97,71.55,168792.0,71.686,1317,False
2020-05-07 00:00:00+00:00,72.74,73.28,71.18,71.55,108608.0,71.821,886,False
2020-05-08 00:00:00+00:00,73.07,74.91,72.63,74.81,117497.0,73.899,974,False
2020-05-11 00:00:00+00:00,74.09,75.23,73.14,74.13,154546.0,74.326,1308,False
2020-05-12 00:00:00+00:00,74.19,74.19,69.44,69.52,137725.0,71.193,1183,False
2020-05-13 00:00:00+00:00,68.88,70.36,67.83,68.2,206011.0,68.664,1479,False
2020-05-14 00:00:00+00:00,67.11,68.74,65.5,68.64,138160.0,67.441,1254,False
2020-05-15 00:00:00+00:00,68.55,69.94,67.67,68.95,124617.0,69.136,1074,False
2020-05-18 00:00:00+00:00,71.71,73.96,71.22,73.4,235049.0,72.973,1255,False
2020-05-19 00:00:00+00:00,72.75,74.42,72.2,72.27,218898.0,73.532,1484,False
2020-05-20 00:00:00+00:00,73.63,75.11,73.36,74.18,86942.0,74.554,535,False
2020-05-21 00:00:00+00:00,73.84,75.56,73.84,74.85,99385.0,74.928,831,False
2020-05-22 00:00:00+00:00,75.29,75.93,74.03,75.25,91090.0,75.131,514,False
2020-05-26 00:00:00+00:00,77.45,79.17,76.8,78.35,147596.0,78.549,990,False
2020-05-27 00:00:00+00:00,79.62,82.14,79.23,81.99,155356.0,80.889,1277,False
2020-05-28 00:00:00+00:00,82.0,82.46,80.11,80.61,208647.0,81.265,1419,False
2020-05-29 00:00:00+00:00,79.58,80.87,78.22,80.06,126497.0,79.826,1080,False
2020-06-01 00:00:00+00:00,80.91,81.93,80.29,80.6,92701.0,81.313,775,False
2020-06-02 00:00:00+00:00,81.16,82.53,80.61,81.67,147357.0,81.899,921,False
2020-06-03 00:00:00+00:00,83.28,87.68,82.73,87.17,188584.0,86.476,1551,False
2020-06-04 00:00:00+00:00,86.14,89.62,84.41,88.64,228512.0,88.275,1514,False
2020-06-05 00:00:00+00:00,91.57,94.61,90.43,93.54,193651.0,93.637,1534,False
2020-06-08 00:00:00+00:00,94.15,95.65,88.43,88.51,225833.0,91.466,1638,False
2020-06-09 00:00:00+00:00,86.72,88.8,86.12,87.72,220676.0,87.238,1621,False
2020-06-10 00:00:00+00:00,87.2,87.5,85.14,86.25,124878.0,86.396,1015,False
2020-06-11 00:00:00+00:00,83.15,83.4,78.61,78.67,117499.0,80.254,1019,False
2020-06-12 00:00:00+00:00,81.68,83.63,77.67,79.21,176003.0,79.354,1523,False
2020-06-15 00:00:00+00:00,76.8,83.88,76.68,83.2,140155.0,81.964,1198,False
2020-06-16 00:00:00+00:00,86.36,87.19,84.35,86.12,146064.0,86.359,1110,False
2020-06-17 00:00:00+00:00,86.25,86.25,84.01,84.28,98688.0,84.906,814,False
2020-06-18 00:00:00+00:00,83.41,85.01,83.22,83.99,97572.0,83.966,714,False
2020-06-19 00:00:00+00:00,84.78,84.78,81.19,81.91,237898.0,83.621,948,False
2020-06-22 00:00:00+00:00,81.15,82.97,79.95,82.87,137618.0,81.876,993,False
2020-06-23 00:00:00+00:00,84.19,84.2,82.44,83.9,143780.0,83.566,1195,False
2020-06-24 00:00:00+00:00,82.69,82.99,79.43,79.63,157808.0,80.575,1271,False
2020-06-25 00:00:00+00:00,78.95,81.38,77.29,81.25,118523.0,79.724,984,False
2020-06-26 00:00:00+00:00,80.75,81.8,78.91,80.18,128397.0,80.238,1023,False
2020-06-29 00:00:00+00:00,81.55,82.9,81.16,82.77,125470.0,82.44,935,False
2020-06-30 00:00:00+00:00,82.23,85.17,82.23,84.36,84872.0,84.232,729,False
2020-07-01 00:00:00+00:00,84.58,84.91,80.9,80.98,79761.0,81.632,714,False
2020-07-02 00:00:00+00:00,83.0,84.1,81.52,81.83,55882.0,82.457,506,False
2020-07-06 00:00:00+00:00,83.76,83.92,81.81,82.02,89620.0,82.364,741,False
2020-07-07 00:00:00+00:00,81.27,81.52,79.68,80.08,75067.0,80.322,632,False
2020-07-08 00:00:00+00:00,80.11,81.69,79.32,81.64,113986.0,80.926,988,False
2020-07-09 00:00:00+00:00,81.46,81.84,78.0,79.11,89702.0,79.481,815,False
2020-07-10 00:00:00+00:00,79.52,81.01,78.77,80.86,62678.0,80.491,540,False
2020-07-13 00:00:00+00:00,81.74,82.15,79.97,80.96,128187.0,81.0,956,False
2020-07-14 00:00:00+00:00,81.22,83.45,80.87,83.42,81746.0,82.334,677,False
2020-07-15 00:00:00+00:00,85.62,87.36,85.34,86.83,134325.0,86.585,1182,False
2020-07-16 00:00:00+00:00,86.97,87.55,86.17,87.39,69247.0,87.038,597,False
2020-07-17 00:00:00+00:00,87.52,88.12,85.92,86.99,87679.0,86.748,616,False
2020-07-20 00:00:00+00:00,86.98,88.82,86.98,87.86,104722.0,88.138,772,False
2020-07-21 00:00:00+00:00,88.7,90.24,87.78,88.21,257893.0,89.105,1723,False
2020-07-22 00:00:00+00:00,87.75,90.09,87.75,89.83,254814.0,89.307,1638,False
2020-07-23 00:00:00+00:00,89.94,91.38,89.05,90.62,134990.0,90.262,776,False
2020-07-24 00:00:00+00:00,90.64,91.06,89.9,90.64,192073.0,90.557,1006,False
2020-07-27 00:00:00+00:00,90.53,94.43,90.22,94.2,211538.0,92.93,1155,False
2020-07-28 00:00:00+00:00,91.97,93.66,87.79,91.35,257135.0,91.77,1974,False
2020-07-29 00:00:00+00:00,92.01,96.22,91.77,95.97,293133.0,94.865,1415,False
2020-07-30 00:00:00+00:00,94.53,98.59,94.23,97.29,270382.0,96.32,1702,False
2020-07-31 00:00:00+00:00,96.78,96.8,93.27,96.56,320557.0,95.052,2163,False
2020-08-03 00:00:00+00:00,97.37,99.52,95.87,99.14,147178.0,97.955,1156,False
2020-08-04 00:00:00+00:00,98.62,98.81,96.46,98.62,84261.0,97.95,692,False
2020-08-05 00:00:00+00:00,99.5,100.42,98.72,100.39,148322.0,99.664,1078,False
2020-08-06 00:00:00+00:00,100.59,100.87,98.84,100.36,109372.0,100.046,749,False
2020-08-07 00:00:00+00:00,99.91,101.9,99.13,99.93,143164.0,100.015,1093,False
2020-08-10 00:00:00+00:00,100.03,102.13,99.7,101.3,82142.0,101.131,731,False
2020-08-11 00:00:00+00:00,102.5,103.82,101.6,102.0,110911.0,102.605,995,False
2020-08-12 00:00:00+00:00,103.09,103.82,101.99,102.91,123805.0,102.664,1077,False
2020-08-13 00:00:00+00:00,102.04,103.58,101.98,102.99,76812.0,102.949,645,False
2020-08-14 00:00:00+00:00,102.23,103.38,102.18,102.98,72966.0,102.82,544,False
2020-08-17 00:00:00+00:00,103.12,104.34,102.33,103.35,102699.0,103.297,882,False
2020-08-18 00:00:00+00:00,103.17,103.87,100.4,101.0,145201.0,101.678,1315,False
2020-08-19 00:00:00+00:00,100.87,101.51,99.79,100.3,82925.0,100.462,732,False
2020-08-20 00:00:00+00:00,99.29,100.18,98.31,98.71,90311.0,99.046,686,False
2020-08-21 00:00:00+00:00,98.2,99.55,97.2,99.47,75751.0,98.616,540,False
2020-08-24 00:00:00+00:00,100.6,100.6,98.91,99.78,90243.0,99.615,776,False
2020-08-25 00:00:00+00:00,100.28,100.28,98.28,99.81,54003.0,99.572,428,False
2020-08-26 00:00:00+00:00,99.72,100.59,99.32,100.15,63371.0,100.154,594,False
2020-08-27 00:00:00+00:00,100.97,100.97,99.29,99.63,74508.0,99.875,524,False
2020-08-28 00:00:00+00:00,100.0,100.85,99.61,100.62,90872.0,100.416,636,False
2020-08-31 00:00:00+00:00,100.09,100.93,98.27,98.34,61924.0,99.03,513,False
2020-09-01 00:00:00+00:00,97.9,100.15,97.19,100.03,102131.0,98.88,841,False
2020-09-02 00:00:00+00:00,100.39,101.06,98.81,100.6,60763.0,100.49,517,False
2020-09-03 00:00:00+00:00,100.71,100.84,95.73,96.3,56315.0,96.839,471,False
2020-09-04 00:00:00+00:00,98.02,98.17,93.93,95.79,94066.0,95.42,802,False
2020-09-08 00:00:00+00:00,94.87,98.21,93.44,96.86,125053.0,96.85,1112,False
2020-09-09 00:00:00+00:00,97.55,99.49,97.55,98.64,79585.0,98.618,686,False
2020-09-10 00:00:00+00:00,99.09,99.52,98.28,98.85,96967.0,99.03,874,False
2020-09-11 00:00:00+00:00,99.62,100.33,98.43,99.32,99252.0,99.389,791,False
2020-09-14 00:00:00+00:00,100.27,101.42,99.45,100.41,80933.0,100.251,649,False
2020-09-15 00:00:00+00:00,101.07,101.86,100.18,100.48,55149.0,100.635,474,False
2020-09-16 00:00:00+00:00,101.41,102.89,100.52,101.89,70269.0,101.72,597,False
2020-09-17 00:00:00+00:00,100.6,100.83,98.75,99.72,67936.0,99.912,572,False
2020-09-18 00:00:00+00:00,100.72,100.94,96.6,97.33,159619.0,99.172,837,False
2020-09-21 00:00:00+00:00,95.19,95.26,90.33,91.73,107353.0,91.664,958,False
2020-09-22 00:00:00+00:00,92.16,95.13,91.69,94.95,127823.0,93.575,921,False
2020-09-23 00:00:00+00:00,94.74,95.47,92.9,92.99,121671.0,93.877,1006,False
2020-09-24 00:00:00+00:00,93.25,94.74,91.35,93.46,74519.0,93.321,694,False
2020-09-25 00:00:00+00:00,92.55,94.35,92.47,93.42,110900.0,93.267,916,False
2020-09-28 00:00:00+00:00,94.54,96.88,94.54,96.43,95472.0,96.249,843,False
2020-09-29 00:00:00+00:00,96.41,97.96,96.31,97.12,91269.0,97.003,649,False
2020-09-30 00:00:00+00:00,97.23,98.73,96.76,97.16,103312.0,97.866,907,False
2020-10-01 00:00:00+00:00,97.94,98.61,96.46,97.37,103141.0,97.018,865,False
2020-10-02 00:00:00+00:00,92.0,92.0,89.8,90.62,875415.0,90.584,6308,False
2020-10-05 00:00:00+00:00,91.58,92.89,91.24,92.2,359758.0,92.196,3016,False
2020-10-06 00:00:00+00:00,93.46,94.14,89.15,90.66,912520.0,90.761,6846,False
2020-10-07 00:00:00+00:00,91.63,94.66,91.63,93.28,367402.0,93.175,2613,False
2020-10-08 00:00:00+00:00,94.52,95.39,93.34,94.57,186944.0,94.345,1340,False
2020-10-09 00:00:00+00:00,95.51,95.9,93.7,95.23,97111.0,95.011,727,False
2020-10-12 00:00:00+00:00,95.94,96.52,94.53,96.0,89677.0,95.617,775,False
2020-10-13 00:00:00+00:00,95.14,95.3,93.84,93.9,116609.0,94.294,995,False
2020-10-14 00:00:00+00:00,93.84,94.74,92.57,93.21,76324.0,93.41,634,False
2020-10-15 00:00:00+00:00,94.53,97.92,93.15,97.3,238628.0,95.936,1830,False
2020-10-16 00:00:00+00:00,97.45,99.14,96.71,96.76,133609.0,97.496,1095,False
2020-10-19 00:00:00+00:00,96.83,97.63,93.68,94.0,86511.0,94.77,699,False
2020-10-20 00:00:00+00:00,94.61,96.45,94.41,95.14,127709.0,95.252,1004,False
2020-10-21 00:00:00+00:00,95.01,96.74,94.92,95.51,202363.0,95.713,1155,False
2020-10-22 00:00:00+00:00,96.29,96.43,94.34,95.77,129107.0,95.571,792,False
2020-10-23 00:00:00+00:00,96.62,97.19,95.56,96.96,114816.0,96.391,891,False
2020-10-26 00:00:00+00:00,95.53,96.65,93.2,94.03,137945.0,94.213,1256,False
2020-10-27 00:00:00+00:00,94.62,96.41,89.0,89.62,341640.0,91.196,2801,False
2020-10-28 00:00:00+00:00,87.42,89.51,86.9,87.38,190801.0,87.646,1686,False
2020-10-29 00:00:00+00:00,86.85,88.61,86.2,88.31,171931.0,87.454,1387,False
2020-10-30 00:00:00+00:00,88.31,90.6,87.85,88.72,248717.0,88.846,1904,False
2020-11-02 00:00:00+00:00,90.1,91.99,90.06,91.67,90350.0,91.153,756,False
2020-11-03 00:00:00+00:00,93.53,95.29,92.05,94.85,122601.0,94.09,1023,False
2020-11-04 00:00:00+00:00,94.19,94.48,91.44,92.95,79605.0,93.254,647,False
2020-11-05 00:00:00+00:00,93.9,96.01,93.49,93.87,106857.0,94.441,922,False
2020-11-06 00:00:00+00:00,94.39,94.74,92.48,93.29,59183.0,93.315,511,False
2020-11-09 00:00:00+00:00,97.27,101.69,91.32,91.56,161664.0,94.578,1358,False
2020-11-10 00:00:00+00:00,92.84,94.44,92.36,93.29,132480.0,93.604,1179,False
2020-11-11 00:00:00+00:00,94.11,94.11,90.15,92.18,89854.0,91.678,755,False
2020-11-12 00:00:00+00:00,91.48,91.78,89.2,90.52,123115.0,90.396,1029,False
2020-11-13 00:00:00+00:00,91.36,93.34,91.36,92.2,68419.0,92.305,539,False
2020-11-16 00:00:00+00:00,93.38,95.01,92.52,95.0,77468.0,94.29,612,False
2020-11-17 00:00:00+00:00,94.13,96.18,92.53,95.89,133711.0,94.99,1130,False
2020-11-18 00:00:00+00:00,95.95,96.24,93.83,93.94,54158.0,94.583,455,False
2020-11-19 00:00:00+00:00,93.22,94.99,92.72,94.81,62577.0,94.209,530,False
2020-11-20 00:00:00+00:00,94.29,94.29,92.54,93.76,73218.0,93.511,473,False
2020-11-23 00:00:00+00:00,94.36,96.02,94.14,95.21,50205.0,95.198,405,False
2020-11-24 00:00:00+00:00,96.32,96.61,94.2,94.46,70797.0,94.94,608,False
2020-11-25 00:00:00+00:00,93.97,93.97,91.0,92.84,65062.0,92.322,440,False
2020-11-27 00:00:00+00:00,93.01,93.71,92.33,93.64,29264.0,93.144,213,False
2020-11-30 00:00:00+00:00,93.35,93.41,91.44,91.9,64028.0,91.959,507,False
2020-12-01 00:00:00+00:00,93.1,93.69,91.93,92.8,61993.0,92.872,459,False
2020-12-02 00:00:00+00:00,92.16,92.92,89.87,90.11,98237.0,90.589,723,False
2020-12-03 00:00:00+00:00,90.04,91.86,89.6,90.32,111292.0,90.58,914,False
2020-12-04 00:00:00+00:00,90.4,91.48,89.99,90.76,86265.0,90.689,676,False
2020-12-07 00:00:00+00:00,90.67,91.08,89.95,90.61,73891.0,90.444,502,False
2020-12-08 00:00:00+00:00,89.77,90.92,89.72,90.56,137341.0,90.47,855,False
2020-12-09 00:00:00+00:00,91.41,91.96,89.99,90.76,135696.0,90.721,1027,False
2020-12-10 00:00:00+00:00,89.94,90.2,88.72,89.37,125604.0,89.327,903,False
2020-12-11 00:00:00+00:00,88.61,90.83,88.61,90.22,93726.0,90.119,702,False
2020-12-14 00:00:00+00:00,90.98,91.98,90.9,90.98,63847.0,91.366,533,False
2020-12-15 00:00:00+00:00,91.29,92.48,90.66,92.41,150850.0,91.548,1061,False
2020-12-16 00:00:00+00:00,93.3,93.69,91.26,91.62,75706.0,92.013,636,False
2020-12-17 00:00:00+00:00,91.98,93.53,91.98,93.35,52469.0,92.813,428,False
2020-12-18 00:00:00+00:00,93.1,94.47,93.1,93.43,238111.0,93.467,841,False
2020-12-21 00:00:00+00:00,91.34,92.72,90.37,92.71,77818.0,91.893,604,False
2020-12-22 00:00:00+00:00,92.69,93.43,92.14,93.1,46281.0,92.907,390,False
2020-12-23 00:00:00+00:00,93.48,93.88,91.85,92.56,49777.0,92.634,424,False
2020-12-24 00:00:00+00:00,93.04,93.12,92.33,92.89,16244.0,92.791,130,False
2020-12-28 00:00:00+00:00,93.9,94.36,93.03,93.05,53362.0,93.523,460,False
2020-12-29 00:00:00+00:00,93.45,93.45,91.25,92.0,58407.0,91.994,486,False
2020-12-30 00:00:00+00:00,92.6,93.79,92.43,92.8,59621.0,93.004,520,False
2020-12-31 00:00:00+00:00,92.75,93.69,91.74,93.45,91202.0,93.191,604,False
2021-01-04 00:00:00+00:00,94.19,95.67,91.25,92.61,128246.0,92.862,886,False
2021-01-05 00:00:00+00:00,92.62,94.84,92.6,94.12,283820.0,93.699,722,False
2021-01-06 00:00:00+00:00,95.61,99.04,94.76,98.27,261000.0,97.469,2003,False
2021-01-07 00:00:00+00:00,98.49,100.95,97.95,100.48,90860.0,99.849,731,False
2021-01-08 00:00:00+00:00,100.47,101.36,98.81,99.87,88991.0,99.88,673,False
2021-01-11 00:00:00+00:00,98.91,101.56,98.91,101.03,156573.0,100.484,799,False
2021-01-12 00:00:00+00:00,101.39,102.67,101.18,102.38,54488.0,102.195,448,False
2021-01-13 00:00:00+00:00,102.58,102.58,100.87,101.6,83214.0,101.758,692,False
2021-01-14 00:00:00+00:00,102.48,102.48,100.71,100.97,82213.0,101.707,623,False
2021-01-15 00:00:00+00:00,99.92,100.02,97.3,99.49,101127.0,98.843,711,False
2021-01-19 00:00:00+00:00,100.25,102.49,100.25,102.42,192291.0,101.891,1115,False
2021-01-20 00:00:00+00:00,102.75,105.43,102.48,104.31,127299.0,103.951,926,False
2021-01-21 00:00:00+00:00,104.5,105.89,102.52,102.76,90043.0,103.737,632,False
2021-01-22 00:00:00+00:00,101.44,103.12,100.14,102.97,87867.0,101.769,666,False
2021-01-25 00:00:00+00:00,102.36,102.82,99.04,100.28,83198.0,100.605,625,False
2021-01-26 00:00:00+00:00,100.83,100.83,96.82,97.08,108228.0,97.892,745,False
2021-01-27 00:00:00+00:00,94.73,96.6,92.46,93.77,152292.0,94.399,1093,False
2021-01-28 00:00:00+00:00,94.82,95.16,93.63,94.69,84130.0,94.538,726,False
2021-01-29 00:00:00+00:00,94.37,94.99,91.9,92.0,100632.0,92.714,905,False
2021-02-01 00:00:00+00:00,93.11,95.74,92.15,95.27,82058.0,94.352,695,False
2021-02-02 00:00:00+00:00,96.38,97.67,95.15,96.45,73919.0,96.754,550,False
2021-02-03 00:00:00+00:00,95.97,96.98,95.3,96.93,89309.0,96.251,694,False
2021-02-04 00:00:00+00:00,96.97,99.17,96.88,97.14,129248.0,97.47,1063,False
2021-02-05 00:00:00+00:00,97.0,100.2,97.0,100.17,107184.0,99.173,831,False
2021-02-08 00:00:00+00:00,100.81,103.66,100.2,103.55,108065.0,102.498,880,False
2021-02-09 00:00:00+00:00,102.92,102.99,94.57,95.9,228647.0,96.619,1700,False
2021-02-10 00:00:00+00:00,96.02,97.09,93.17,93.5,160869.0,94.367,1153,False
2021-02-11 00:00:00+00:00,93.71,94.69,92.86,94.25,158461.0,93.735,873,False
2021-02-12 00:00:00+00:00,93.99,95.72,93.94,95.53,73210.0,95.11,551,False
2021-02-16 00:00:00+00:00,95.86,97.37,95.2,96.31,345624.0,96.133,1366,False
2021-02-17 00:00:00+00:00,95.11,96.8,95.11,96.2,93798.0,95.897,704,False
2021-02-18 00:00:00+00:00,96.14,97.29,95.66,96.53,272747.0,96.336,809,False
2021-02-19 00:00:00+00:00,97.05,98.47,97.05,97.82,147572.0,97.813,747,False
2021-02-22 00:00:00+00:00,97.13,99.15,96.12,97.33,278291.0,97.82,1209,False
2021-02-23 00:00:00+00:00,97.19,99.21,96.32,98.59,157767.0,97.538,947,False
2021-02-24 00:00:00+00:00,99.07,99.68,97.95,99.4,92398.0,99.004,640,False
2021-02-25 00:00:00+00:00,98.97,99.71,98.07,98.18,178063.0,98.866,1126,False
2021-02-26 00:00:00+00:00,98.52,99.3,97.28,97.46,122241.0,97.996,926,False
2021-03-01 00:00:00+00:00,99.25,100.53,98.57,100.02,70287.0,99.91,577,False
2021-03-02 00:00:00+00:00,99.78,99.78,97.13,98.17,178196.0,98.143,952,False
2021-03-03 00:00:00+00:00,99.03,99.94,98.22,98.39,132297.0,98.829,773,False
2021-03-04 00:00:00+00:00,98.84,99.49,96.79,98.74,312001.0,98.392,2150,False
2021-03-05 00:00:00+00:00,100.0,100.54,97.94,100.38,394506.0,99.163,2586,False
2021-03-08 00:00:00+00:00,101.48,105.58,100.84,104.38,120433.0,104.54,966,False
2021-03-09 00:00:00+00:00,104.7,105.61,103.58,104.58,236197.0,104.948,1368,False
2021-03-10 00:00:00+00:00,105.49,108.86,104.66,107.92,221490.0,108.002,1124,False
2021-03-11 00:00:00+00:00,107.0,109.85,105.79,106.16,207349.0,106.966,1283,False
2021-03-12 00:00:00+00:00,106.48,107.03,105.47,106.48,384929.0,106.242,2275,False
2021-03-15 00:00:00+00:00,106.01,108.57,105.08,108.56,175809.0,106.905,941,False
2021-03-16 00:00:00+00:00,108.24,109.66,107.36,109.27,156006.0,108.581,1002,False
2021-03-17 00:00:00+00:00,109.64,109.64,106.88,107.88,169166.0,108.358,1110,False
2021-03-18 00:00:00+00:00,107.8,108.37,106.3,106.33,95312.0,107.223,719,False
2021-03-19 00:00:00+00:00,106.45,106.45,104.2,104.81,248985.0,105.966,754,False
2021-03-22 00:00:00+00:00,104.86,105.24,102.62,103.4,57196.0,103.485,464,False
2021-03-23 00:00:00+00:00,103.4,103.4,100.76,101.19,121581.0,101.736,974,False
2021-03-24 00:00:00+00:00,102.73,104.59,100.66,100.81,69685.0,101.872,594,False
2021-03-25 00:00:00+00:00,100.2,102.69,98.71,102.29,57993.0,100.972,477,False
2021-03-26 00:00:00+00:00,103.53,104.39,102.49,104.12,130333.0,103.669,1043,False
2021-03-29 00:00:00+00:00,103.81,105.73,101.41,101.5,104863.0,102.431,823,False
2021-03-30 00:00:00+00:00,101.18,103.49,100.54,103.4,117822.0,102.519,995,False
2021-03-31 00:00:00+00:00,103.68,104.52,102.22,103.73,72735.0,103.645,611,False
2021-04-01 00:00:00+00:00,103.5,105.41,102.97,105.35,86462.0,104.501,718,False
2021-04-05 00:00:00+00:00,106.09,106.45,104.73,105.54,65158.0,105.324,554,False
2021-04-06 00:00:00+00:00,105.98,107.25,105.0,106.18,63107.0,106.114,534,False
2021-04-07 00:00:00+00:00,105.94,106.56,104.44,104.52,41169.0,105.005,359,False
2021-04-08 00:00:00+00:00,104.64,105.1,102.91,104.63,57260.0,104.216,420,False
2021-04-09 00:00:00+00:00,105.2,106.53,104.82,106.22,36571.0,105.689,311,False
2021-04-12 00:00:00+00:00,106.22,107.61,105.58,107.27,49490.0,106.897,401,False
2021-04-13 00:00:00+00:00,108.33,108.42,105.83,106.81,45006.0,106.698,354,False
2021-04-14 00:00:00+00:00,106.9,108.1,106.9,107.17,36423.0,107.464,311,False
2021-04-15 00:00:00+00:00,108.26,108.26,106.39,106.84,49330.0,106.988,371,False
2021-04-16 00:00:00+00:00,107.7,108.24,106.73,107.85,155085.0,107.305,1094,False
2021-04-19 00:00:00+00:00,108.22,108.5,106.42,107.27,68648.0,107.198,474,False
2021-04-20 00:00:00+00:00,106.63,108.66,104.04,104.82,60936.0,105.733,495,False
2021-04-21 00:00:00+00:00,105.1,106.24,104.85,105.43,83975.0,105.546,582,False
2021-04-22 00:00:00+00:00,106.1,107.58,105.03,106.2,101056.0,106.384,751,False
2021-04-23 00:00:00+00:00,106.77,107.93,105.8,107.37,59912.0,107.124,426,False
2021-04-26 00:00:00+00:00,108.15,108.63,107.15,107.53,58058.0,107.67,436,False
2021-04-27 00:00:00+00:00,112.5,114.4,109.12,114.35,178497.0,112.655,1477,False
2021-04-28 00:00:00+00:00,114.27,114.69,110.87,113.0,142551.0,112.639,1206,False
2021-04-29 00:00:00+00:00,113.34,113.49,111.23,113.02,127688.0,112.335,937,False
2021-04-30 00:00:00+00:00,111.9,112.7,110.74,112.7,153660.0,112.078,988,False
2021-05-03 00:00:00+00:00,113.49,116.17,113.41,115.53,114131.0,115.089,843,False
2021-05-04 00:00:00+00:00,114.94,117.27,114.94,116.73,88213.0,116.433,646,False
2021-05-05 00:00:00+00:00,116.78,116.78,114.15,115.53,76440.0,115.439,573,False
2021-05-06 00:00:00+00:00,116.13,116.88,115.4,116.73,74301.0,116.053,423,False
2021-05-07 00:00:00+00:00,116.73,118.57,116.69,118.46,53720.0,117.873,425,False
2021-05-10 00:00:00+00:00,118.67,119.77,116.41,116.54,61164.0,118.104,507,False
2021-05-11 00:00:00+00:00,114.98,114.98,112.77,112.94,51104.0,113.465,410,False
2021-05-12 00:00:00+00:00,113.74,114.05,108.16,108.26,78513.0,110.282,591,False
2021-05-13 00:00:00+00:00,108.8,112.62,108.8,112.08,76922.0,111.299,639,False
2021-05-14 00:00:00+00:00,112.51,115.0,111.72,114.55,58692.0,113.927,511,False
2021-05-17 00:00:00+00:00,113.44,113.71,112.15,113.49,45207.0,113.066,352,False
2021-05-18 00:00:00+00:00,113.37,113.74,111.08,111.11,91924.0,112.013,710,False
2021-05-19 00:00:00+00:00,109.5,111.72,109.42,111.52,64653.0,110.573,500,False
2021-05-20 00:00:00+00:00,111.42,111.42,110.36,111.3,82076.0,110.898,402,False
2021-05-21 00:00:00+00:00,112.59,112.72,111.33,112.27,63306.0,112.151,470,False
2021-05-24 00:00:00+00:00,112.79,113.88,111.95,112.88,55783.0,113.124,462,False
2021-05-25 00:00:00+00:00,113.26,113.75,111.6,111.85,72305.0,112.275,595,False
2021-05-26 00:00:00+00:00,112.54,114.54,112.2,114.36,69901.0,113.889,575,False
2021-05-27 00:00:00+00:00,115.6,115.6,113.21,113.22,48163.0,114.286,374,False
2021-05-28 00:00:00+00:00,112.87,113.22,110.99,112.32,43164.0,112.305,335,False
2021-06-01 00:00:00+00:00,113.08,114.22,112.2,113.45,57018.0,113.478,467,False
2021-06-02 00:00:00+00:00,113.68,113.68,109.59,109.96,56950.0,110.392,434,False
2021-06-03 00:00:00+00:00,109.87,110.25,109.0,109.2,66426.0,109.423,606,False
2021-06-04 00:00:00+00:00,109.97,110.73,109.25,110.35,42297.0,110.204,321,False
2021-06-07 00:00:00+00:00,110.54,111.22,109.95,110.56,54991.0,110.469,449,False
2021-06-08 00:00:00+00:00,110.97,112.2,109.96,111.75,53152.0,111.407,448,False
2021-06-09 00:00:00+00:00,111.84,112.26,110.6,110.74,67583.0,111.398,539,False
2021-06-10 00:00:00+00:00,111.11,111.54,108.74,108.85,47664.0,109.328,353,False
2021-06-11 00:00:00+00:00,108.86,111.2,108.85,111.09,71217.0,110.454,547,False
2021-06-14 00:00:00+00:00,111.27,111.52,109.27,110.09,71555.0,110.323,598,False
2021-06-15 00:00:00+00:00,110.13,111.44,109.89,110.21,41867.0,110.334,377,False
2021-06-16 00:00:00+00:00,109.81,111.14,109.61,110.35,71106.0,110.57,637,False
2021-06-17 00:00:00+00:00,110.23,111.01,106.21,108.37,105259.0,108.596,900,False
2021-06-18 00:00:00+00:00,107.9,108.21,106.82,107.37,161699.0,107.546,637,False
2021-06-21 00:00:00+00:00,108.55,110.17,108.55,109.88,55874.0,109.671,484,False
2021-06-22 00:00:00+00:00,109.9,111.34,109.18,110.97,64935.0,110.557,567,False
2021-06-23 00:00:00+00:00,111.48,111.48,109.97,110.23,47177.0,110.664,405,False
2021-06-24 00:00:00+00:00,110.59,111.47,109.43,111.08,50560.0,110.758,390,False
2021-06-25 00:00:00+00:00,111.5,111.74,109.86,110.09,106487.0,110.408,898,False
2021-06-28 00:00:00+00:00,110.11,110.11,108.29,108.84,67105.0,108.996,579,False
2021-06-29 00:00:00+00:00,108.93,110.13,108.66,109.85,49205.0,109.538,384,False
2021-06-30 00:00:00+00:00,109.31,110.89,108.18,110.44,105676.0,109.918,749,False
2021-07-01 00:00:00+00:00,111.25,111.98,110.26,110.88,68812.0,111.042,585,False
2021-07-02 00:00:00+00:00,111.35,111.35,109.99,110.61,48648.0,110.699,394,False
2021-07-06 00:00:00+00:00,111.12,111.27,109.1,110.18,137814.0,110.385,1172,False
2021-07-07 00:00:00+00:00,109.33,111.82,109.33,110.71,45719.0,110.782,402,False
2021-07-08 00:00:00+00:00,109.36,110.64,108.14,108.75,94845.0,109.169,757,False
2021-07-09 00:00:00+00:00,110.34,110.97,109.6,110.5,29955.0,110.41,256,False
2021-07-12 00:00:00+00:00,109.8,111.22,109.43,111.11,53335.0,110.334,454,False
2021-07-13 00:00:00+00:00,110.55,111.23,109.89,110.25,76625.0,110.211,655,False
2021-07-14 00:00:00+00:00,110.87,110.87,109.6,109.79,43255.0,110.128,357,False
2021-07-15 00:00:00+00:00,109.35,110.54,107.76,110.42,73141.0,110.042,636,False
2021-07-16 00:00:00+00:00,111.29,111.59,109.82,109.98,88525.0,110.527,691,False
2021-07-19 00:00:00+00:00,108.55,109.94,107.12,108.58,89692.0,108.45,728,False
2021-07-20 00:00:00+00:00,109.36,112.24,108.22,111.27,74076.0,111.367,617,False
2021-07-21 00:00:00+00:00,111.59,113.43,111.3,111.57,42437.0,111.698,363,False
2021-07-22 00:00:00+00:00,111.2,112.22,109.49,109.67,70487.0,110.178,547,False
2021-07-23 00:00:00+00:00,111.02,111.99,110.16,111.6,44568.0,111.404,350,False
2021-07-26 00:00:00+00:00,112.13,112.65,110.92,111.17,51550.0,111.52,380,False
2021-07-27 00:00:00+00:00,110.06,111.61,108.23,108.51,135215.0,109.311,1138,False
2021-07-28 00:00:00+00:00,109.27,111.45,108.27,110.24,62194.0,110.132,513,False
2021-07-29 00:00:00+00:00,111.71,112.19,111.11,111.99,42259.0,111.75,345,False
2021-07-30 00:00:00+00:00,111.75,113.29,111.32,112.48,38523.0,112.558,332,False
2021-08-02 00:00:00+00:00,113.33,113.97,110.56,110.8,43361.0,111.425,363,False
2021-08-03 00:00:00+00:00,110.73,112.94,110.05,112.51,112369.0,112.12,844,False
2021-08-04 00:00:00+00:00,111.38,113.46,111.34,111.35,44072.0,112.008,312,False
2021-08-05 00:00:00+00:00,112.31,112.85,111.44,111.71,42459.0,111.975,367,False
2021-08-06 00:00:00+00:00,112.78,112.92,111.07,112.78,29670.0,112.553,244,False
2021-08-09 00:00:00+00:00,112.41,112.45,110.67,110.72,27463.0,111.231,250,False
2021-08-10 00:00:00+00:00,110.72,113.57,109.27,112.19,52056.0,112.46,434,False
2021-08-11 00:00:00+00:00,113.12,114.53,112.07,114.46,41292.0,113.521,345,False
2021-08-12 00:00:00+00:00,115.21,115.21,112.83,113.11,24076.0,113.309,202,False
2021-08-13 00:00:00+00:00,112.87,112.87,111.89,112.54,21440.0,112.334,176,False
2021-08-16 00:00:00+00:00,111.62,114.26,111.01,113.36,28485.0,113.468,241,False
2021-08-17 00:00:00+00:00,112.4,112.4,109.72,110.65,19268.0,110.666,151,False
2021-08-18 00:00:00+00:00,110.86,111.97,110.23,110.48,21438.0,110.984,177,False
2021-08-19 00:00:00+00:00,109.44,111.03,109.44,110.66,30226.0,110.288,243,False
2021-08-20 00:00:00+00:00,110.49,112.48,109.98,112.3,35238.0,111.547,255,False
2021-08-23 00:00:00+00:00,113.28,113.43,112.2,113.14,44499.0,112.945,370,False
2021-08-24 00:00:00+00:00,113.78,113.78,112.66,113.43,20625.0,113.195,177,False
2021-08-25 00:00:00+00:00,113.57,114.59,113.24,113.44,22425.0,113.778,191,False
2021-08-26 00:00:00+00:00,112.96,113.45,110.82,110.87,41825.0,111.716,338,False
2021-08-27 00:00:00+00:00,111.48,115.86,111.48,114.97,54678.0,114.589,427,False
2021-08-30 00:00:00+00:00,115.88,116.43,114.43,114.53,20531.0,114.851,177,False
2021-08-31 00:00:00+00:00,115.0,115.0,112.42,113.15,32198.0,113.199,232,False
2021-09-01 00:00:00+00:00,113.44,113.44,111.92,112.76,22634.0,112.818,170,False
2021-09-02 00:00:00+00:00,113.25,114.6,113.12,114.2,30727.0,114.014,234,False
2021-09-03 00:00:00+00:00,113.78,113.78,112.33,113.06,29238.0,113.137,223,False
2021-09-07 00:00:00+00:00,112.36,112.36,110.25,110.54,27533.0,110.86,223,False
2021-09-08 00:00:00+00:00,109.83,110.28,108.88,109.89,25566.0,109.636,207,False
2021-09-09 00:00:00+00:00,110.01,110.88,108.39,109.09,34136.0,109.431,233,False
2021-09-10 00:00:00+00:00,109.91,109.91,108.08,108.19,28253.0,109.026,249,False
2021-09-13 00:00:00+00:00,109.69,111.26,108.81,109.65,49906.0,110.06,359,False
2021-09-14 00:00:00+00:00,109.92,111.36,107.06,107.51,31523.0,108.07,251,False
2021-09-15 00:00:00+00:00,107.09,108.2,106.94,107.81,41493.0,107.722,326,False
2021-09-16 00:00:00+00:00,108.09,108.27,105.64,107.49,66238.0,107.214,506,False
2021-09-17 00:00:00+00:00,107.97,107.97,105.72,106.72,111678.0,107.34,453,False
2021-09-20 00:00:00+00:00,104.4,106.65,104.4,106.34,55046.0,105.264,474,False
2021-09-21 00:00:00+00:00,107.15,107.15,104.45,104.83,76974.0,105.176,691,False
2021-09-22 00:00:00+00:00,105.65,107.37,105.41,106.39,37003.0,106.623,297,False
2021-09-23 00:00:00+00:00,106.65,108.5,106.64,108.36,55015.0,107.945,384,False
2021-09-24 00:00:00+00:00,108.14,109.42,108.14,108.82,36164.0,108.836,266,False
2021-09-27 00:00:00+00:00,109.0,112.1,109.0,111.76,65883.0,111.51,499,False
2021-09-28 00:00:00+00:00,111.69,112.09,109.94,110.51,52613.0,110.777,443,False
2021-09-29 00:00:00+00:00,111.36,111.6,109.51,109.69,82090.0,110.54,599,False
2021-09-30 00:00:00+00:00,110.64,111.46,106.87,106.97,44138.0,108.259,326,False
2021-10-01 00:00:00+00:00,107.77,110.28,106.6,109.19,32326.0,108.779,245,False
2021-10-04 00:00:00+00:00,108.83,110.39,108.29,109.87,44006.0,109.533,368,False
2021-10-05 00:00:00+00:00,109.33,111.38,108.98,110.37,39447.0,110.462,312,False
2021-10-06 00:00:00+00:00,109.18,110.02,107.65,109.59,61441.0,108.898,532,False
2021-10-07 00:00:00+00:00,110.49,113.37,109.97,113.28,50385.0,112.872,327,False
2021-10-08 00:00:00+00:00,113.32,114.61,112.76,113.27,157202.0,113.57,321,False
2021-10-11 00:00:00+00:00,113.06,114.6,112.86,112.99,33366.0,113.408,201,False
2021-10-12 00:00:00+00:00,112.93,113.39,111.92,112.33,34515.0,112.62,213,False
2021-10-13 00:00:00+00:00,112.34,113.87,111.2,112.57,28438.0,112.541,214,False
2021-10-14 00:00:00+00:00,113.73,115.98,113.73,115.93,35261.0,115.178,287,False
2021-10-15 00:00:00+00:00,117.36,117.92,115.55,115.57,74698.0,116.583,476,False
2021-10-18 00:00:00+00:00,115.28,115.59,114.56,115.49,24068.0,115.208,199,False
2021-10-19 00:00:00+00:00,116.2,116.6,114.06,114.37,30242.0,114.822,259,False
2021-10-20 00:00:00+00:00,114.75,115.24,114.02,114.76,141181.0,114.955,1200,False
2021-10-21 00:00:00+00:00,114.38,116.26,114.27,115.5,49526.0,115.18,318,False
2021-10-22 00:00:00+00:00,115.47,117.3,114.7,114.77,36432.0,115.741,232,False
2021-10-25 00:00:00+00:00,114.67,116.97,113.92,116.65,72471.0,116.068,580,False
2021-10-26 00:00:00+00:00,106.75,109.19,105.04,107.19,168627.0,107.758,1134,False
2021-10-27 00:00:00+00:00,107.71,108.86,104.95,105.04,92389.0,107.092,487,False
2021-10-28 00:00:00+00:00,105.92,106.94,105.81,106.31,61593.0,106.308,528,False
2021-10-29 00:00:00+00:00,106.2,106.98,105.36,106.09,57458.0,106.11,502,False
2021-11-01 00:00:00+00:00,106.32,110.82,105.39,110.77,268627.0,108.746,1050,False
2021-11-02 00:00:00+00:00,110.59,113.96,109.86,113.6,122991.0,112.658,1094,False
2021-11-03 00:00:00+00:00,112.79,115.3,111.34,114.36,53563.0,114.006,449,False
2021-11-04 00:00:00+00:00,115.0,118.78,115.0,116.55,59854.0,117.299,477,False
2021-11-05 00:00:00+00:00,118.19,119.72,116.75,119.54,104365.0,118.791,759,False
2021-11-08 00:00:00+00:00,120.5,121.78,119.93,121.5,129750.0,120.881,1073,False
2021-11-09 00:00:00+00:00,122.04,123.5,121.97,123.24,112464.0,122.896,941,False
2021-11-10 00:00:00+00:00,122.76,123.54,119.86,120.0,52110.0,121.135,423,False
2021-11-11 00:00:00+00:00,120.36,120.74,119.56,119.75,31978.0,120.104,258,False
2021-11-12 00:00:00+00:00,120.49,121.09,119.24,119.77,38302.0,119.951,338,False
2021-11-15 00:00:00+00:00,120.0,120.18,117.68,117.84,34013.0,118.401,273,False
2021-11-16 00:00:00+00:00,118.08,119.52,117.02,119.34,31380.0,118.943,281,False
2021-11-17 00:00:00+00:00,118.89,120.02,118.05,119.99,45501.0,119.271,349,False
2021-11-18 00:00:00+00:00,120.0,120.0,118.5,119.41,69050.0,119.273,546,False
2021-11-19 00:00:00+00:00,119.11,120.14,118.68,119.21,64331.0,119.628,457,False
2021-11-22 00:00:00+00:00,120.17,122.27,118.75,120.69,50099.0,121.083,357,False
2021-11-23 00:00:00+00:00,120.71,121.29,119.61,120.47,43716.0,120.127,335,False
2021-11-24 00:00:00+00:00,119.64,122.4,118.74,119.65,40939.0,119.693,267,False
2021-11-26 00:00:00+00:00,116.13,117.73,115.38,117.17,100905.0,116.503,875,False
2021-11-29 00:00:00+00:00,118.15,119.36,117.36,118.76,99459.0,118.264,840,False
2021-11-30 00:00:00+00:00,117.98,118.0,115.26,115.36,110064.0,116.705,792,False
2021-12-01 00:00:00+00:00,117.21,119.59,116.07,117.01,100797.0,117.594,780,False
2021-12-02 00:00:00+00:00,117.67,122.34,116.13,122.14,133076.0,121.011,993,False
2021-12-03 00:00:00+00:00,122.61,124.0,121.0,123.25,229908.0,122.731,1172,False
2021-12-06 00:00:00+00:00,124.4,127.71,124.12,127.51,129578.0,126.831,843,False
2021-12-07 00:00:00+00:00,128.0,131.39,127.4,130.62,176984.0,130.387,1121,False
2021-12-08 00:00:00+00:00,131.06,131.06,127.91,130.04,122421.0,129.541,647,False
2021-12-09 00:00:00+00:00,129.36,130.93,128.63,129.04,63236.0,129.396,521,False
2021-12-10 00:00:00+00:00,129.79,130.97,127.67,130.38,81938.0,130.166,642,False
2021-12-13 00:00:00+00:00,129.68,130.12,128.0,128.99,100668.0,129.032,752,False
2021-12-14 00:00:00+00:00,129.12,131.12,127.21,128.23,109638.0,128.534,832,False
2021-12-15 00:00:00+00:00,128.0,130.31,126.25,130.14,90626.0,128.568,756,False
2021-12-16 00:00:00+00:00,130.9,132.15,130.42,131.62,155790.0,131.219,1343,False
2021-12-17 00:00:00+00:00,132.25,133.06,130.47,133.0,312377.0,131.985,1966,False
2021-12-20 00:00:00+00:00,131.3,133.02,130.37,131.75,449611.0,131.367,3551,False
2021-12-21 00:00:00+00:00,132.85,133.97,131.43,133.74,84933.0,132.825,757,False
2021-12-22 00:00:00+00:00,134.2,134.42,132.8,133.34,134806.0,133.665,746,False
2021-12-23 00:00:00+00:00,133.98,134.64,133.08,134.01,96138.0,134.107,845,False
2021-12-27 00:00:00+00:00,134.27,137.16,134.02,137.11,53639.0,136.104,391,False
2021-12-28 00:00:00+00:00,136.58,138.28,136.58,137.51,60741.0,137.446,482,False
2021-12-29 00:00:00+00:00,137.82,138.94,136.98,138.59,40214.0,138.408,337,False
2021-12-30 00:00:00+00:00,139.59,141.26,137.54,137.9,96386.0,138.628,661,False
2021-12-31 00:00:00+00:00,137.85,139.8,137.75,139.07,47865.0,138.947,391,False
2022-01-03 00:00:00+00:00,138.91,139.54,132.81,133.99,196100.0,134.98,1025,False
2022-01-04 00:00:00+00:00,134.44,136.57,134.04,135.76,136878.0,135.576,1154,False
2022-01-05 00:00:00+00:00,136.55,138.21,134.17,134.27,161648.0,136.389,1205,False
2022-01-06 00:00:00+00:00,133.69,136.1,132.98,134.64,66643.0,134.894,562,False
2022-01-07 00:00:00+00:00,134.38,134.68,130.75,131.46,68445.0,131.962,555,False
2022-01-10 00:00:00+00:00,130.7,130.76,129.01,130.44,58396.0,130.052,526,False
2022-01-11 00:00:00+00:00,130.96,130.96,128.11,130.32,61010.0,129.732,540,False
2022-01-12 00:00:00+00:00,130.87,132.39,129.73,130.3,104879.0,130.665,627,False
2022-01-13 00:00:00+00:00,130.84,132.73,130.48,130.84,85899.0,131.58,606,False
2022-01-14 00:00:00+00:00,129.67,130.5,128.27,128.89,53451.0,129.043,440,False
2022-01-18 00:00:00+00:00,127.71,128.33,125.08,125.24,71927.0,126.788,583,False
2022-01-19 00:00:00+00:00,125.73,126.98,122.95,123.22,80771.0,124.501,656,False
2022-01-20 00:00:00+00:00,123.48,123.95,118.18,118.4,109234.0,121.479,964,False
2022-01-21 00:00:00+00:00,117.44,119.4,113.65,113.79,218928.0,116.4,1740,False
2022-01-24 00:00:00+00:00,112.49,119.84,111.44,119.22,270541.0,115.486,1741,False
2022-01-25 00:00:00+00:00,116.87,116.99,113.23,115.27,142229.0,115.238,948,False
2022-01-26 00:00:00+00:00,116.19,117.77,111.47,112.24,90184.0,114.31,755,False
2022-01-27 00:00:00+00:00,113.7,114.59,109.25,109.87,69655.0,110.574,554,False
2022-01-28 00:00:00+00:00,109.04,111.77,107.27,111.67,116373.0,109.582,945,False
2022-01-31 00:00:00+00:00,110.34,112.93,110.08,112.79,94024.0,111.67,714,False
2022-02-01 00:00:00+00:00,113.0,114.61,110.36,113.37,111722.0,112.431,704,False
2022-02-02 00:00:00+00:00,112.89,114.16,111.23,111.85,69744.0,111.887,602,False
2022-02-03 00:00:00+00:00,110.12,112.31,109.81,110.0,86626.0,110.52,706,False
2022-02-04 00:00:00+00:00,109.16,110.37,107.17,108.97,114845.0,109.098,899,False
2022-02-07 00:00:00+00:00,108.87,110.09,107.81,109.5,176769.0,109.113,1340,False
2022-02-08 00:00:00+00:00,116.92,122.63,116.92,120.84,295536.0,120.603,2191,False
2022-02-09 00:00:00+00:00,122.26,124.48,120.76,121.8,139881.0,121.766,973,False
2022-02-10 00:00:00+00:00,119.35,120.09,115.76,116.8,111386.0,118.378,854,False
2022-02-11 00:00:00+00:00,117.56,118.23,114.0,116.1,119486.0,115.806,934,False
2022-02-14 00:00:00+00:00,116.72,118.26,116.27,117.37,70556.0,117.427,604,False
2022-02-15 00:00:00+00:00,118.43,119.08,116.98,118.48,102699.0,118.31,815,False
2022-02-16 00:00:00+00:00,118.4,119.57,116.66,119.1,100343.0,118.316,770,False
2022-02-17 00:00:00+00:00,118.08,119.08,116.64,116.7,86755.0,117.567,590,False
2022-02-18 00:00:00+00:00,116.72,118.12,115.9,116.94,83906.0,116.917,635,False
2022-02-22 00:00:00+00:00,116.5,117.13,114.45,114.94,101391.0,115.489,763,False
2022-02-23 00:00:00+00:00,116.57,116.57,112.76,112.8,95379.0,114.131,651,False
2022-02-24 00:00:00+00:00,110.49,115.83,109.9,115.46,76795.0,113.621,635,False
2022-02-25 00:00:00+00:00,115.7,118.9,115.45,118.69,45551.0,118.03,364,False
2022-02-28 00:00:00+00:00,117.15,119.3,117.15,118.51,68490.0,118.226,472,False
2022-03-01 00:00:00+00:00,118.48,119.47,115.72,116.79,80412.0,117.168,668,False
2022-03-02 00:00:00+00:00,118.21,120.67,118.21,119.77,238693.0,119.768,1084,False
2022-03-03 00:00:00+00:00,120.84,121.36,117.72,118.47,50019.0,118.646,439,False
2022-03-04 00:00:00+00:00,117.26,117.98,116.07,117.42,41648.0,117.053,352,False
2022-03-07 00:00:00+00:00,118.41,118.99,114.36,114.44,99630.0,116.037,745,False
2022-03-08 00:00:00+00:00,114.43,118.38,113.34,115.39,110239.0,115.818,873,False
2022-03-09 00:00:00+00:00,117.93,119.36,116.77,118.27,49211.0,118.352,427,False
2022-03-10 00:00:00+00:00,115.84,117.45,114.81,117.31,60151.0,116.194,483,False
2022-03-11 00:00:00+00:00,118.13,118.81,115.25,115.55,37608.0,116.192,293,False
2022-03-14 00:00:00+00:00,115.48,116.3,114.65,116.09,87380.0,115.323,519,False
2022-03-15 00:00:00+00:00,117.08,118.72,115.39,117.26,66798.0,116.868,537,False
2022-03-16 00:00:00+00:00,117.89,119.99,115.49,118.38,113111.0,117.228,671,False
2022-03-17 00:00:00+00:00,117.87,119.73,117.83,119.56,34303.0,119.075,262,False
2022-03-18 00:00:00+00:00,119.57,119.99,117.86,119.57,120710.0,119.393,425,False
2022-03-21 00:00:00+00:00,119.27,119.87,117.96,119.48,63799.0,119.016,406,False
2022-03-22 00:00:00+00:00,119.75,120.66,116.26,117.78,137709.0,117.509,777,False
2022-03-23 00:00:00+00:00,117.51,117.51,113.17,113.49,109593.0,114.775,787,False
2022-03-24 00:00:00+00:00,113.09,114.47,112.45,112.88,85773.0,113.476,634,False
2022-03-25 00:00:00+00:00,113.04,113.04,110.93,112.27,83600.0,112.059,617,False
2022-03-28 00:00:00+00:00,112.06,112.93,110.95,112.93,61990.0,112.084,457,False
2022-03-29 00:00:00+00:00,114.72,116.67,114.23,114.99,99358.0,115.472,662,False
2022-03-30 00:00:00+00:00,114.73,114.78,111.56,112.07,149315.0,112.253,896,False
2022-03-31 00:00:00+00:00,111.93,113.52,109.0,109.04,208491.0,110.371,1213,False
2022-04-01 00:00:00+00:00,109.78,111.39,109.73,110.8,138244.0,110.721,856,False
2022-04-04 00:00:00+00:00,111.21,111.21,109.29,109.74,74070.0,110.02,320,False
2022-04-05 00:00:00+00:00,109.23,110.8,106.6,107.07,83225.0,108.641,504,False
2022-04-06 00:00:00+00:00,105.36,106.24,104.54,104.92,95127.0,105.306,526,False
2022-04-07 00:00:00+00:00,104.41,104.84,102.89,104.16,220138.0,103.593,1261,False
2022-04-08 00:00:00+00:00,104.51,105.96,102.41,102.6,124996.0,104.176,608,False
2022-04-11 00:00:00+00:00,102.67,104.04,102.41,103.07,67918.0,103.126,425,False
2022-04-12 00:00:00+00:00,104.23,106.18,103.61,104.51,193146.0,105.11,630,False
2022-04-13 00:00:00+00:00,105.15,107.05,104.82,107.01,103182.0,106.283,797,False
2022-04-14 00:00:00+00:00,107.23,107.61,104.53,105.26,118714.0,105.802,738,False
2022-04-18 00:00:00+00:00,104.48,105.91,104.01,104.82,75820.0,105.018,565,False
2022-04-19 00:00:00+00:00,105.52,108.99,105.52,108.87,60669.0,108.165,461,False
2022-04-20 00:00:00+00:00,110.02,110.83,109.5,110.02,51713.0,110.014,384,False
2022-04-21 00:00:00+00:00,111.94,111.94,108.55,109.55,74112.0,109.697,613,False
2022-04-22 00:00:00+00:00,108.27,108.27,104.7,104.77,55861.0,106.044,468,False
2022-04-25 00:00:00+00:00,105.0,107.26,102.8,107.22,85370.0,105.472,649,False
2022-04-26 00:00:00+00:00,106.96,110.71,104.62,105.35,117892.0,106.651,963,False
2022-04-27 00:00:00+00:00,105.51,105.71,102.2,103.55,107308.0,103.603,843,False
2022-04-28 00:00:00+00:00,103.99,107.69,102.66,106.33,142477.0,105.899,1135,False
2022-04-29 00:00:00+00:00,105.81,106.3,103.0,103.67,87625.0,103.703,700,False
2022-05-02 00:00:00+00:00,103.49,106.17,102.43,105.5,84886.0,104.556,725,False
2022-05-03 00:00:00+00:00,105.26,106.75,104.36,105.5,54100.0,105.547,488,False
2022-05-04 00:00:00+00:00,105.96,109.89,104.37,109.72,82395.0,107.511,635,False
2022-05-05 00:00:00+00:00,108.05,108.54,104.7,105.89,83756.0,106.139,698,False
2022-05-06 00:00:00+00:00,105.44,105.5,103.55,105.34,63895.0,104.536,514,False
2022-05-09 00:00:00+00:00,104.15,106.81,104.15,105.02,64014.0,105.352,535,False
2022-05-10 00:00:00+00:00,107.09,107.09,102.1,103.35,71254.0,104.05,576,False
2022-05-11 00:00:00+00:00,103.55,104.24,99.6,99.73,52065.0,101.338,419,False
2022-05-12 00:00:00+00:00,99.79,103.0,99.79,102.92,129601.0,100.829,1057,False
2022-05-13 00:00:00+00:00,104.02,104.8,102.44,103.06,51029.0,103.371,434,False
2022-05-16 00:00:00+00:00,102.2,103.03,99.74,101.43,40787.0,101.288,330,False
2022-05-17 00:00:00+00:00,103.21,104.63,101.98,104.14,57289.0,103.695,492,False
2022-05-18 00:00:00+00:00,102.97,105.27,101.51,101.95,62223.0,102.599,531,False
2022-05-19 00:00:00+00:00,100.86,103.94,100.86,101.47,43659.0,102.184,370,False
2022-05-20 00:00:00+00:00,102.45,102.45,99.49,101.71,72709.0,100.787,558,False
2022-05-23 00:00:00+00:00,103.28,103.31,100.76,102.65,53525.0,102.542,413,False
2022-05-24 00:00:00+00:00,102.28,102.72,99.67,101.72,47107.0,101.082,361,False
2022-05-25 00:00:00+00:00,100.95,104.3,100.95,103.49,35401.0,103.171,293,False
2022-05-26 00:00:00+00:00,104.56,106.28,104.06,106.23,71256.0,105.625,545,False
2022-05-27 00:00:00+00:00,107.0,109.52,106.65,109.31,65193.0,108.481,550,False
2022-05-31 00:00:00+00:00,107.95,108.85,105.77,108.35,81854.0,107.775,693,False
2022-06-01 00:00:00+00:00,108.19,110.23,106.16,108.25,61253.0,108.036,515,False
2022-06-02 00:00:00+00:00,108.94,111.07,108.71,111.07,45242.0,109.991,397,False
2022-06-03 00:00:00+00:00,109.83,110.68,109.36,110.05,39076.0,109.958,350,False
2022-06-06 00:00:00+00:00,111.15,111.25,109.17,110.92,52716.0,110.547,432,False
2022-06-07 00:00:00+00:00,109.68,112.45,109.52,112.44,25838.0,111.545,211,False
2022-06-08 00:00:00+00:00,111.28,112.62,110.19,110.21,51327.0,111.203,416,False
2022-06-09 00:00:00+00:00,109.39,110.73,109.17,109.3,28087.0,109.793,213,False
2022-06-10 00:00:00+00:00,107.02,107.07,103.69,103.78,44214.0,104.883,336,False
2022-06-13 00:00:00+00:00,101.18,102.12,99.24,99.92,50362.0,100.232,397,False
2022-06-14 00:00:00+00:00,99.55,100.74,98.36,99.62,53902.0,99.281,401,False
2022-06-15 00:00:00+00:00,101.0,101.0,96.61,98.23,92509.0,98.715,741,False
2022-06-16 00:00:00+00:00,96.49,96.49,89.65,90.3,119471.0,91.644,978,False
2022-06-17 00:00:00+00:00,90.28,91.46,87.73,88.72,281135.0,89.263,1508,False
2022-06-21 00:00:00+00:00,90.33,91.45,88.02,90.93,154664.0,90.397,1198,False
2022-06-22 00:00:00+00:00,89.55,93.2,89.55,92.07,88920.0,91.924,714,False
2022-06-23 00:00:00+00:00,91.91,96.24,91.91,95.8,143333.0,94.426,854,False
2022-06-24 00:00:00+00:00,96.65,98.44,96.1,97.99,113133.0,97.759,910,False
2022-06-27 00:00:00+00:00,99.21,101.87,97.49,100.1,205015.0,100.551,1377,False
2022-06-28 00:00:00+00:00,100.4,100.6,97.59,97.77,116548.0,98.905,825,False
2022-06-29 00:00:00+00:00,98.05,99.17,95.77,99.1,82273.0,97.952,635,False
2022-06-30 00:00:00+00:00,97.57,101.62,97.19,100.61,107492.0,100.32,781,False
2022-07-01 00:00:00+00:00,100.82,103.01,100.63,102.55,66629.0,101.964,574,False
2022-07-05 00:00:00+00:00,100.55,103.67,100.55,103.61,83926.0,102.48,684,False
2022-07-06 00:00:00+00:00,103.92,104.67,100.07,101.92,54342.0,101.682,481,False
2022-07-07 00:00:00+00:00,102.92,104.64,102.86,104.56,46228.0,104.021,387,False
2022-07-08 00:00:00+00:00,104.22,105.42,102.76,103.88,33817.0,103.692,275,False
2022-07-11 00:00:00+00:00,102.39,103.63,101.8,103.46,42159.0,103.026,333,False
2022-07-12 00:00:00+00:00,103.59,106.32,103.41,104.63,38872.0,105.111,335,False
2022-07-13 00:00:00+00:00,103.13,104.98,101.79,104.23,45196.0,103.827,352,False
2022-07-14 00:00:00+00:00,101.72,103.56,100.16,103.45,99282.0,101.95,580,False
2022-07-15 00:00:00+00:00,105.0,105.11,103.28,103.88,54193.0,104.11,335,False
2022-07-18 00:00:00+00:00,105.06,105.06,102.43,102.82,70589.0,103.504,613,False
2022-07-19 00:00:00+00:00,104.49,107.09,104.41,106.91,64652.0,106.464,491,False
2022-07-20 00:00:00+00:00,106.91,107.89,106.42,107.77,58671.0,107.365,470,False
2022-07-21 00:00:00+00:00,106.4,109.09,105.68,109.02,82915.0,107.81,552,False
2022-07-22 00:00:00+00:00,108.76,110.22,107.07,108.52,41876.0,108.55,343,False
2022-07-25 00:00:00+00:00,108.82,108.82,105.59,106.98,82064.0,106.687,594,False
2022-07-26 00:00:00+00:00,105.25,106.31,103.91,104.36,285540.0,105.103,1905,False
2022-07-27 00:00:00+00:00,104.38,104.77,100.31,101.53,185852.0,101.676,1290,False
2022-07-28 00:00:00+00:00,102.06,102.96,101.66,101.82,113087.0,102.255,970,False
2022-07-29 00:00:00+00:00,101.82,104.03,101.51,103.28,127365.0,102.93,977,False
2022-08-01 00:00:00+00:00,102.31,107.84,102.04,106.63,125678.0,105.949,988,False
2022-08-02 00:00:00+00:00,105.85,106.42,102.39,102.4,81886.0,103.096,674,False
2022-08-03 00:00:00+00:00,102.93,102.93,100.04,102.4,82570.0,101.802,529,False
2022-08-04 00:00:00+00:00,101.85,103.78,101.29,102.08,58726.0,102.569,407,False
2022-08-05 00:00:00+00:00,100.35,101.2,99.09,100.64,169258.0,100.287,1168,False
2022-08-08 00:00:00+00:00,101.32,102.93,100.95,101.52,84557.0,101.684,695,False
2022-08-09 00:00:00+00:00,100.92,101.42,98.92,99.2,109532.0,99.48,770,False
2022-08-10 00:00:00+00:00,100.0,102.98,99.87,101.49,100859.0,101.869,754,False
2022-08-11 00:00:00+00:00,102.58,103.88,102.45,102.98,91485.0,103.247,566,False
2022-08-12 00:00:00+00:00,103.73,104.54,102.85,104.54,84535.0,103.789,702,False
2022-08-15 00:00:00+00:00,103.86,106.85,103.49,106.51,63623.0,105.634,490,False
2022-08-16 00:00:00+00:00,105.56,107.08,105.07,106.99,52251.0,106.355,441,False
2022-08-17 00:00:00+00:00,105.84,106.38,104.66,105.69,47934.0,105.627,379,False
2022-08-18 00:00:00+00:00,106.27,106.34,105.13,106.23,29120.0,105.881,230,False
2022-08-19 00:00:00+00:00,105.87,105.89,104.28,104.69,59208.0,105.079,358,False
2022-08-22 00:00:00+00:00,103.18,103.18,101.17,101.7,49445.0,102.091,388,False
2022-08-23 00:00:00+00:00,101.52,102.26,100.01,100.38,54175.0,100.974,401,False
2022-08-24 00:00:00+00:00,100.13,100.65,99.21,99.22,115485.0,99.775,930,False
2022-08-25 00:00:00+00:00,99.38,100.57,98.29,99.68,108123.0,99.507,838,False
2022-08-26 00:00:00+00:00,99.17,99.73,96.11,96.23,119038.0,96.875,771,False
2022-08-29 00:00:00+00:00,95.0,95.76,93.67,94.7,137003.0,95.238,841,False
2022-08-30 00:00:00+00:00,95.0,95.87,94.2,94.25,122012.0,94.892,942,False
2022-08-31 00:00:00+00:00,94.61,94.61,92.19,92.64,106470.0,93.096,791,False
2022-09-01 00:00:00+00:00,92.04,93.27,91.6,93.09,91453.0,92.723,688,False
2022-09-02 00:00:00+00:00,94.41,94.87,89.69,90.31,72948.0,91.736,537,False
2022-09-06 00:00:00+00:00,90.0,90.0,88.45,89.19,92561.0,89.179,695,False
2022-09-07 00:00:00+00:00,89.62,91.01,89.62,90.57,135603.0,90.476,940,False
2022-09-08 00:00:00+00:00,89.66,90.81,88.32,90.57,141834.0,90.144,952,False
2022-09-09 00:00:00+00:00,90.26,91.5,89.7,90.45,229167.0,90.461,1787,False
2022-09-12 00:00:00+00:00,91.17,92.19,90.67,91.15,235205.0,91.15,1708,False
2022-09-13 00:00:00+00:00,89.4,89.4,84.97,84.97,191332.0,85.993,1401,False
2022-09-14 00:00:00+00:00,85.39,85.39,82.92,84.04,184252.0,84.098,1471,False
2022-09-15 00:00:00+00:00,83.75,85.03,82.69,82.71,190289.0,83.607,1459,False
2022-09-16 00:00:00+00:00,81.26,82.3,80.69,81.81,257579.0,81.455,1346,False
2022-09-19 00:00:00+00:00,81.68,84.25,81.68,83.11,187697.0,83.249,1237,False
2022-09-20 00:00:00+00:00,81.89,82.86,81.17,82.64,197827.0,82.094,864,False
2022-09-21 00:00:00+00:00,83.48,84.28,81.94,82.17,240935.0,82.947,1516,False
2022-09-22 00:00:00+00:00,81.5,81.65,79.82,80.14,304845.0,80.349,1438,False
2022-09-23 00:00:00+00:00,79.26,79.75,78.38,78.96,132114.0,79.088,824,False
2022-09-26 00:00:00+00:00,78.96,79.38,76.96,77.01,89858.0,77.789,724,False
2022-09-27 00:00:00+00:00,78.09,79.01,76.98,77.73,118468.0,77.903,912,False
2022-09-28 00:00:00+00:00,78.65,80.52,78.53,79.97,97502.0,80.041,851,False
2022-09-29 00:00:00+00:00,78.96,79.0,77.94,78.61,84228.0,78.481,720,False
2022-09-30 00:00:00+00:00,78.32,80.41,78.18,78.4,90991.0,79.317,674,False
2022-10-03 00:00:00+00:00,79.54,81.76,78.97,81.42,102227.0,81.124,656,False
2022-10-04 00:00:00+00:00,83.05,84.14,83.05,83.54,76636.0,83.477,601,False
2022-10-05 00:00:00+00:00,81.98,82.6,81.18,81.75,91071.0,81.938,688,False
2022-10-06 00:00:00+00:00,81.14,82.52,80.77,81.11,68966.0,81.42,518,False
2022-10-07 00:00:00+00:00,80.15,80.22,77.44,77.98,64587.0,78.164,522,False
2022-10-10 00:00:00+00:00,78.47,79.17,77.95,78.64,81060.0,78.626,637,False
2022-10-11 00:00:00+00:00,78.45,79.87,78.26,78.94,83048.0,79.13,653,False
2022-10-12 00:00:00+00:00,79.38,79.38,77.9,78.36,47850.0,78.599,376,False
2022-10-13 00:00:00+00:00,76.9,80.61,75.25,79.98,78126.0,79.268,619,False
2022-10-14 00:00:00+00:00,80.08,80.16,77.13,77.41,58449.0,77.98,429,False
2022-10-17 00:00:00+00:00,78.91,80.37,78.91,79.73,95862.0,79.448,701,False
2022-10-18 00:00:00+00:00,81.45,82.38,80.85,81.62,80855.0,81.435,621,False
2022-10-19 00:00:00+00:00,80.69,81.66,77.21,78.35,74044.0,78.534,605,False
2022-10-20 00:00:00+00:00,78.72,79.2,76.4,76.43,97330.0,77.481,729,False
2022-10-21 00:00:00+00:00,76.91,78.41,76.2,78.15,90998.0,77.82,557,False
2022-10-24 00:00:00+00:00,78.0,78.95,77.4,78.22,194778.0,78.115,1060,False
2022-10-25 00:00:00+00:00,81.41,84.6,81.33,84.36,206498.0,83.772,1274,False
2022-10-26 00:00:00+00:00,84.37,85.07,83.14,83.27,181648.0,83.945,1220,False
2022-10-27 00:00:00+00:00,83.95,85.0,83.49,83.8,129470.0,84.147,993,False
2022-10-28 00:00:00+00:00,83.86,85.97,83.23,85.45,78258.0,85.043,591,False
2022-10-31 00:00:00+00:00,84.63,85.94,83.78,85.48,94054.0,85.285,741,False
2022-11-01 00:00:00+00:00,85.93,86.41,84.3,85.88,95946.0,85.527,790,False
2022-11-02 00:00:00+00:00,85.54,86.88,82.76,83.09,153417.0,84.622,1328,False
2022-11-03 00:00:00+00:00,81.77,83.28,81.23,82.49,94096.0,82.533,805,False
2022-11-04 00:00:00+00:00,83.5,85.53,82.52,84.23,72910.0,83.696,646,False
2022-11-07 00:00:00+00:00,84.74,86.12,83.31,85.34,95604.0,84.901,637,False
2022-11-08 00:00:00+00:00,85.9,86.68,85.27,86.01,109467.0,86.019,919,False
2022-11-09 00:00:00+00:00,85.0,85.94,84.66,85.02,130939.0,84.968,937,False
2022-11-10 00:00:00+00:00,89.76,93.33,89.36,92.78,79796.0,92.032,576,False
2022-11-11 00:00:00+00:00,92.93,94.34,91.7,93.57,104879.0,93.685,708,False
2022-11-14 00:00:00+00:00,92.61,93.23,90.24,90.44,80865.0,91.764,539,False
2022-11-15 00:00:00+00:00,92.54,93.62,91.62,92.49,134360.0,92.637,749,False
2022-11-16 00:00:00+00:00,92.5,92.58,91.59,92.09,63312.0,92.07,455,False
2022-11-17 00:00:00+00:00,90.36,91.24,88.73,90.57,84031.0,89.831,623,False
2022-11-18 00:00:00+00:00,92.15,92.36,90.82,91.91,114824.0,91.685,695,False
2022-11-21 00:00:00+00:00,91.45,91.89,90.85,91.62,62141.0,91.41,463,False
2022-11-22 00:00:00+00:00,92.25,92.7,91.44,92.49,41231.0,92.232,318,False
2022-11-23 00:00:00+00:00,92.95,93.64,92.12,92.75,45677.0,93.028,331,False
2022-11-25 00:00:00+00:00,93.18,93.49,92.82,93.04,23612.0,93.095,145,False
2022-11-28 00:00:00+00:00,91.78,92.49,91.07,91.74,123059.0,91.767,977,False
2022-11-29 00:00:00+00:00,90.99,92.1,90.87,91.53,75841.0,91.55,463,False
2022-11-30 00:00:00+00:00,91.15,93.07,89.0,93.05,66375.0,91.419,482,False
2022-12-01 00:00:00+00:00,94.05,94.43,93.36,94.18,58835.0,93.964,480,False
2022-12-02 00:00:00+00:00,92.37,95.62,92.28,94.52,60022.0,94.23,450,False
2022-12-05 00:00:00+00:00,93.42,93.51,92.31,93.2,70495.0,92.948,532,False
2022-12-06 00:00:00+00:00,93.15,93.72,90.78,91.74,79575.0,92.033,569,False
2022-12-07 00:00:00+00:00,92.12,92.89,91.38,92.5,85236.0,92.299,638,False
2022-12-08 00:00:00+00:00,92.88,94.12,92.03,93.57,47800.0,93.414,342,False
2022-12-09 00:00:00+00:00,92.85,93.94,91.98,92.11,49083.0,92.696,382,False
2022-12-12 00:00:00+00:00,92.87,95.12,92.27,94.56,69778.0,94.176,556,False
2022-12-13 00:00:00+00:00,98.46,99.18,95.24,95.75,60864.0,96.643,464,False
2022-12-14 00:00:00+00:00,95.79,96.99,94.55,94.85,79391.0,95.912,663,False
2022-12-15 00:00:00+00:00,93.29,93.4,90.35,92.71,105960.0,92.126,842,False
2022-12-16 00:00:00+00:00,91.48,92.74,90.76,91.21,173983.0,91.362,869,False
2022-12-19 00:00:00+00:00,91.13,91.73,90.13,90.71,137049.0,90.699,813,False
2022-12-20 00:00:00+00:00,90.27,91.51,89.56,90.36,35297.0,90.607,285,False
2022-12-21 00:00:00+00:00,91.0,91.61,90.4,90.79,43359.0,91.084,340,False
2022-12-22 00:00:00+00:00,89.8,89.8,87.07,88.74,91791.0,88.419,597,False
2022-12-23 00:00:00+00:00,88.45,89.68,87.97,89.15,35603.0,88.957,254,False
2022-12-27 00:00:00+00:00,89.06,89.79,88.82,89.33,50433.0,89.303,326,False
2022-12-28 00:00:00+00:00,89.9,90.02,88.32,88.32,87609.0,88.958,670,False
2022-12-29 00:00:00+00:00,89.35,91.22,89.35,90.81,49966.0,90.527,373,False
2022-12-30 00:00:00+00:00,90.0,90.28,88.15,88.66,37328.0,88.969,301,False
2023-01-03 00:00:00+00:00,89.81,91.72,89.52,91.42,101458.0,90.516,687,False
2023-01-04 00:00:00+00:00,92.21,94.42,92.05,92.91,122256.0,93.233,743,False
2023-01-05 00:00:00+00:00,92.71,93.65,90.99,92.48,49749.0,92.626,397,False
2023-01-06 00:00:00+00:00,93.81,97.28,93.5,96.23,69928.0,96.142,570,False
2023-01-09 00:00:00+00:00,96.67,98.96,96.06,96.94,63048.0,97.714,512,False
2023-01-10 00:00:00+00:00,96.26,97.55,96.06,97.42,87477.0,96.791,749,False
2023-01-11 00:00:00+00:00,97.85,99.07,97.85,98.15,67444.0,98.41,519,False
2023-01-12 00:00:00+00:00,98.15,98.86,96.68,98.5,91527.0,98.13,716,False
2023-01-13 00:00:00+00:00,97.61,100.49,97.61,99.55,49603.0,99.757,362,False
2023-01-17 00:00:00+00:00,99.25,100.34,98.68,98.8,38279.0,99.5,288,False
2023-01-18 00:00:00+00:00,98.75,100.18,96.55,96.66,42625.0,97.926,328,False
2023-01-19 00:00:00+00:00,96.55,96.62,95.0,95.83,42923.0,95.913,344,False
2023-01-20 00:00:00+00:00,96.58,99.43,95.55,99.42,101470.0,97.791,479,False
2023-01-23 00:00:00+00:00,99.14,101.32,99.14,101.25,86124.0,100.553,584,False
2023-01-24 00:00:00+00:00,101.34,102.61,100.36,102.47,36265.0,102.128,281,False
2023-01-25 00:00:00+00:00,101.6,102.42,101.1,102.42,41965.0,101.805,246,False
2023-01-26 00:00:00+00:00,102.7,104.1,100.82,102.13,26391.0,101.783,212,False
2023-01-27 00:00:00+00:00,102.57,104.09,101.35,103.2,82935.0,103.308,346,False
2023-01-30 00:00:00+00:00,102.25,103.83,102.09,103.21,62827.0,103.239,474,False
2023-01-31 00:00:00+00:00,103.86,107.16,103.86,107.11,73204.0,105.649,654,False
2023-02-01 00:00:00+00:00,106.25,111.01,105.56,109.06,82371.0,108.529,672,False
2023-02-02 00:00:00+00:00,109.8,113.18,109.8,112.67,72435.0,112.546,631,False
2023-02-03 00:00:00+00:00,111.2,113.17,110.41,111.28,94044.0,112.022,754,False
2023-02-06 00:00:00+00:00,109.94,110.25,105.71,106.09,131784.0,106.99,995,False
2023-02-07 00:00:00+00:00,110.91,115.29,109.14,114.34,310402.0,112.24,1916,False
2023-02-08 00:00:00+00:00,113.26,115.45,111.26,112.02,97857.0,112.584,749,False
2023-02-09 00:00:00+00:00,112.84,114.02,109.79,110.23,70622.0,111.315,457,False
2023-02-10 00:00:00+00:00,109.56,110.93,109.19,109.74,44000.0,109.791,354,False
2023-02-13 00:00:00+00:00,109.8,113.14,109.8,112.82,40984.0,112.189,272,False
2023-02-14 00:00:00+00:00,112.1,112.55,109.6,111.87,61580.0,111.609,488,False
2023-02-15 00:00:00+00:00,110.85,112.66,110.85,111.92,109573.0,111.94,711,False
2023-02-16 00:00:00+00:00,109.79,113.34,109.71,111.45,59627.0,112.139,461,False
2023-02-17 00:00:00+00:00,111.77,112.23,110.28,111.11,114983.0,111.583,799,False
2023-02-21 00:00:00+00:00,109.38,109.8,106.87,107.26,53278.0,107.816,451,False
2023-02-22 00:00:00+00:00,107.98,108.79,106.82,107.47,51866.0,107.633,468,False
2023-02-23 00:00:00+00:00,108.07,108.66,106.61,107.63,37496.0,107.238,322,False
2023-02-24 00:00:00+00:00,105.86,107.41,105.78,106.84,96095.0,106.402,592,False
2023-02-27 00:00:00+00:00,108.08,109.0,107.25,108.05,46200.0,108.051,311,False
2023-02-28 00:00:00+00:00,107.56,108.75,107.56,107.86,42413.0,108.12,338,False
2023-03-01 00:00:00+00:00,107.95,109.61,106.99,108.42,31385.0,108.616,262,False
2023-03-02 00:00:00+00:00,107.41,109.78,107.03,109.71,41478.0,109.005,309,False
2023-03-03 00:00:00+00:00,110.44,112.37,108.79,112.15,52877.0,111.318,414,False
2023-03-06 00:00:00+00:00,112.29,112.29,108.75,109.2,30196.0,109.643,251,False
2023-03-07 00:00:00+00:00,109.27,109.75,107.75,107.95,60554.0,108.404,491,False
2023-03-08 00:00:00+00:00,108.61,109.34,107.76,108.85,28367.0,108.577,252,False
2023-03-09 00:00:00+00:00,109.38,109.75,107.35,107.4,39149.0,108.644,335,False
2023-03-10 00:00:00+00:00,107.03,107.03,102.68,103.74,86956.0,104.219,540,False
2023-03-13 00:00:00+00:00,101.93,104.26,101.56,102.48,33959.0,102.718,258,False
2023-03-14 00:00:00+00:00,105.64,105.64,102.08,104.25,40450.0,103.946,309,False
2023-03-15 00:00:00+00:00,101.63,103.15,101.28,102.03,39170.0,101.979,312,False
2023-03-16 00:00:00+00:00,100.84,105.52,100.84,105.39,72184.0,104.504,589,False
2023-03-17 00:00:00+00:00,105.0,105.13,102.5,103.12,180181.0,104.143,835,False
2023-03-20 00:00:00+00:00,104.4,105.6,103.0,105.27,60152.0,104.714,471,False
2023-03-21 00:00:00+00:00,107.01,108.2,104.47,106.0,63087.0,105.815,539,False
2023-03-22 00:00:00+00:00,105.95,107.05,103.66,103.74,43336.0,105.291,343,False
2023-03-23 00:00:00+00:00,104.27,105.91,102.53,104.08,51432.0,104.244,386,False
2023-03-24 00:00:00+00:00,102.81,104.32,101.74,104.31,28569.0,103.427,262,False
2023-03-27 00:00:00+00:00,105.68,106.14,103.66,105.32,67778.0,105.188,418,False
2023-03-28 00:00:00+00:00,104.82,105.74,104.21,105.01,88454.0,104.87,462,False
2023-03-29 00:00:00+00:00,106.13,106.3,104.11,105.41,51196.0,104.995,307,False
2023-03-30 00:00:00+00:00,106.52,107.24,105.42,105.54,33223.0,106.188,274,False
2023-03-31 00:00:00+00:00,106.38,110.0,106.38,109.64,153329.0,109.212,1334,False
2023-04-03 00:00:00+00:00,109.42,110.05,107.63,109.96,51798.0,109.217,397,False
2023-04-04 00:00:00+00:00,109.76,109.76,104.23,104.98,46570.0,105.683,383,False
2023-04-05 00:00:00+00:00,103.92,104.49,102.78,103.59,59837.0,103.441,488,False
2023-04-06 00:00:00+00:00,103.87,104.96,102.13,103.91,69935.0,103.755,523,False
2023-04-10 00:00:00+00:00,103.28,106.8,103.28,106.36,45593.0,106.12,371,False
2023-04-11 00:00:00+00:00,106.81,108.58,106.52,108.01,51727.0,107.951,413,False
2023-04-12 00:00:00+00:00,109.57,109.78,108.41,108.95,57846.0,109.082,492,False
2023-04-13 00:00:00+00:00,109.98,110.28,108.34,110.24,64511.0,109.722,478,False
2023-04-14 00:00:00+00:00,110.04,111.49,108.42,109.19,55808.0,109.358,363,False
2023-04-17 00:00:00+00:00,109.1,109.97,108.7,109.32,41724.0,109.31,318,False
2023-04-18 00:00:00+00:00,109.69,111.04,109.14,110.78,66135.0,110.172,541,False
2023-04-19 00:00:00+00:00,110.63,113.1,110.4,113.0,80677.0,112.282,651,False
2023-04-20 00:00:00+00:00,112.6,117.08,112.6,115.11,300915.0,115.698,2212,False
2023-04-21 00:00:00+00:00,115.24,115.24,111.29,113.23,72126.0,113.189,510,False
2023-04-24 00:00:00+00:00,113.69,114.67,112.38,112.98,49572.0,113.16,383,False
2023-04-25 00:00:00+00:00,119.6,128.05,119.41,123.58,307565.0,124.543,2120,False
2023-04-26 00:00:00+00:00,121.92,123.32,119.77,120.02,89009.0,121.001,727,False
2023-04-27 00:00:00+00:00,121.2,125.06,120.96,124.99,94508.0,123.635,736,False
2023-04-28 00:00:00+00:00,125.18,126.6,124.62,125.78,85254.0,125.541,673,False
2023-05-01 00:00:00+00:00,125.78,126.96,124.76,125.88,75453.0,125.807,495,False
2023-05-02 00:00:00+00:00,125.87,126.5,123.56,124.37,48832.0,124.717,386,False
2023-05-03 00:00:00+00:00,125.11,128.08,124.65,125.45,61035.0,126.317,526,False
2023-05-04 00:00:00+00:00,124.86,124.86,122.05,123.25,48213.0,123.215,373,False
2023-05-05 00:00:00+00:00,125.65,125.65,123.62,125.46,47543.0,124.656,392,False
2023-05-08 00:00:00+00:00,125.61,125.61,123.76,125.35,37323.0,124.883,278,False
2023-05-09 00:00:00+00:00,125.3,126.5,124.71,124.75,44104.0,125.297,310,False
2023-05-10 00:00:00+00:00,126.29,126.29,123.07,125.34,30112.0,124.899,246,False
2023-05-11 00:00:00+00:00,124.34,124.79,123.1,123.68,45719.0,123.765,392,False
2023-05-12 00:00:00+00:00,123.9,124.37,122.6,123.22,38394.0,123.222,301,False
2023-05-15 00:00:00+00:00,123.42,125.22,122.61,124.9,46643.0,124.284,378,False
2023-05-16 00:00:00+00:00,124.37,125.44,122.92,124.95,30410.0,124.596,251,False
2023-05-17 00:00:00+00:00,125.28,127.24,124.58,126.77,47990.0,126.109,396,False
2023-05-18 00:00:00+00:00,126.41,127.7,124.78,127.43,35820.0,127.042,305,False
2023-05-19 00:00:00+00:00,128.82,128.82,125.03,125.35,35894.0,126.636,186,False
2023-05-22 00:00:00+00:00,125.56,125.91,123.86,124.0,88321.0,124.66,747,False
2023-05-23 00:00:00+00:00,123.05,123.65,121.99,122.95,86260.0,122.927,690,False
2023-05-24 00:00:00+00:00,123.17,123.59,121.76,121.79,52323.0,122.647,306,False
2023-05-25 00:00:00+00:00,122.75,122.75,120.33,121.08,50122.0,121.07,418,False
2023-05-26 00:00:00+00:00,120.81,121.7,119.49,121.34,46644.0,120.68,359,False
2023-05-30 00:00:00+00:00,121.58,121.58,119.82,120.84,39307.0,120.926,304,False
2023-05-31 00:00:00+00:00,120.76,121.4,117.08,118.19,103574.0,117.958,711,False
2023-06-01 00:00:00+00:00,117.94,121.01,117.63,120.25,37727.0,120.06,268,False
2023-06-02 00:00:00+00:00,122.07,126.8,120.93,126.6,47569.0,125.229,360,False
2023-06-05 00:00:00+00:00,125.18,125.57,122.84,124.94,30023.0,124.594,241,False
2023-06-06 00:00:00+00:00,124.75,129.65,124.75,129.23,53477.0,128.462,463,False
2023-06-07 00:00:00+00:00,129.83,133.45,129.83,132.24,68252.0,132.298,483,False
2023-06-08 00:00:00+00:00,131.58,132.68,129.55,130.39,40423.0,130.47,280,False
2023-06-09 00:00:00+00:00,130.02,130.35,128.5,129.28,25635.0,129.327,195,False
2023-06-12 00:00:00+00:00,129.3,130.12,128.19,129.52,29128.0,129.363,241,False
2023-06-13 00:00:00+00:00,129.52,131.19,129.52,130.41,24475.0,130.422,186,False
2023-06-14 00:00:00+00:00,130.56,130.7,127.13,128.43,43230.0,128.902,360,False
2023-06-15 00:00:00+00:00,128.1,131.97,127.55,131.9,78164.0,130.397,521,False
2023-06-16 00:00:00+00:00,132.69,132.69,128.59,130.11,155915.0,131.052,722,False
2023-06-20 00:00:00+00:00,129.99,133.67,129.99,133.44,113677.0,132.235,878,False
2023-06-21 00:00:00+00:00,133.14,136.22,132.4,133.98,64056.0,134.512,354,False
2023-06-22 00:00:00+00:00,133.66,134.42,132.02,133.84,75849.0,133.621,431,False
2023-06-23 00:00:00+00:00,132.15,135.08,131.6,132.23,97952.0,133.153,488,False
2023-06-26 00:00:00+00:00,131.32,134.38,131.32,132.79,25108.0,133.281,151,False
2023-06-27 00:00:00+00:00,133.81,137.33,133.38,135.66,70692.0,136.103,285,False
2023-06-28 00:00:00+00:00,135.74,136.81,134.91,136.7,31440.0,136.285,268,False
2023-06-29 00:00:00+00:00,136.47,140.15,136.47,139.63,94483.0,138.984,554,False
2023-06-30 00:00:00+00:00,140.49,140.83,138.47,138.5,70411.0,139.923,266,False
2023-07-03 00:00:00+00:00,136.96,137.28,133.28,136.35,56964.0,136.048,320,False
2023-07-05 00:00:00+00:00,135.12,136.68,133.96,136.18,90099.0,135.368,750,False
2023-07-06 00:00:00+00:00,134.72,135.18,132.28,133.38,36730.0,133.231,290,False
2023-07-07 00:00:00+00:00,133.62,134.81,132.9,133.27,45526.0,134.074,276,False
2023-07-10 00:00:00+00:00,132.82,136.21,132.82,135.97,49375.0,135.319,364,False
2023-07-11 00:00:00+00:00,136.21,138.86,136.21,138.0,38144.0,137.692,290,False
2023-07-12 00:00:00+00:00,140.46,143.15,139.3,140.97,71901.0,141.941,384,False
2023-07-13 00:00:00+00:00,141.6,144.03,140.72,143.74,91049.0,142.951,415,False
2023-07-14 00:00:00+00:00,142.96,145.17,141.65,145.11,181694.0,144.094,541,False
2023-07-17 00:00:00+00:00,144.91,148.77,144.62,147.73,113393.0,147.57,630,False
2023-07-18 00:00:00+00:00,148.5,151.65,147.8,151.38,107547.0,150.554,453,False
2023-07-19 00:00:00+00:00,152.38,152.38,149.39,151.82,50361.0,150.785,316,False
2023-07-20 00:00:00+00:00,152.55,152.55,149.84,150.64,187702.0,151.11,643,False
2023-07-21 00:00:00+00:00,151.3,151.3,148.54,149.4,143468.0,150.085,673,False
2023-07-24 00:00:00+00:00,149.17,151.44,149.17,149.8,140184.0,150.277,673,False
2023-07-25 00:00:00+00:00,153.0,160.53,152.0,159.43,207018.0,158.399,1411,False
2023-07-26 00:00:00+00:00,159.1,164.69,158.41,163.42,120003.0,162.954,998,False
2023-07-27 00:00:00+00:00,164.71,166.03,160.03,161.36,92431.0,162.41,705,False
2023-07-28 00:00:00+00:00,162.99,162.99,157.45,158.07,121531.0,159.058,936,False
2023-07-31 00:00:00+00:00,158.1,158.91,156.45,158.0,120368.0,157.971,962,False
2023-08-01 00:00:00+00:00,157.63,158.8,157.2,158.0,74945.0,158.0,559,False
2023-08-02 00:00:00+00:00,156.81,158.2,155.54,157.52,60988.0,157.124,397,False
2023-08-03 00:00:00+00:00,157.45,157.45,153.89,154.14,104103.0,154.998,632,False
2023-08-04 00:00:00+00:00,155.29,156.49,154.14,155.28,61143.0,155.08,436,False
2023-08-07 00:00:00+00:00,155.37,157.22,155.37,157.05,31283.0,156.554,233,False
2023-08-08 00:00:00+00:00,155.52,156.26,152.85,155.59,45665.0,154.939,367,False
2023-08-09 00:00:00+00:00,155.98,157.34,154.71,155.9,48016.0,155.974,333,False
2023-08-10 00:00:00+00:00,155.91,157.5,154.13,155.02,72004.0,155.303,480,False
2023-08-11 00:00:00+00:00,155.66,157.73,155.66,156.69,30705.0,157.043,220,False
2023-08-14 00:00:00+00:00,156.7,157.51,155.24,156.54,41561.0,156.545,297,False
2023-08-15 00:00:00+00:00,156.72,156.97,155.05,156.64,43628.0,156.052,325,False
2023-08-16 00:00:00+00:00,156.93,158.5,155.25,156.58,34306.0,157.463,269,False
2023-08-17 00:00:00+00:00,156.9,157.0,150.38,150.84,38701.0,153.142,299,False
2023-08-18 00:00:00+00:00,150.44,153.66,150.43,152.79,42039.0,152.306,304,False
2023-08-21 00:00:00+00:00,152.38,153.11,149.22,152.49,63083.0,151.268,450,False
2023-08-22 00:00:00+00:00,152.99,154.58,152.64,153.32,43587.0,153.762,319,False
2023-08-23 00:00:00+00:00,154.67,157.21,153.36,156.35,38437.0,156.205,266,False
2023-08-24 00:00:00+00:00,155.02,156.51,153.18,153.27,28359.0,154.583,218,False
2023-08-25 00:00:00+00:00,153.84,155.25,151.48,154.05,52965.0,153.513,326,False
2023-08-28 00:00:00+00:00,154.8,156.95,154.12,154.62,45200.0,155.291,331,False
2023-08-29 00:00:00+00:00,153.74,158.65,153.7,158.15,41669.0,156.921,262,False
2023-08-30 00:00:00+00:00,157.58,160.3,157.58,158.69,23765.0,158.891,182,False
2023-08-31 00:00:00+00:00,158.64,160.9,158.64,159.76,48244.0,159.889,370,False
2023-09-01 00:00:00+00:00,160.87,163.74,160.38,163.18,67372.0,162.851,500,False
2023-09-05 00:00:00+00:00,161.9,162.36,156.28,156.79,42040.0,157.683,350,False
2023-09-06 00:00:00+00:00,157.42,158.83,155.54,156.56,36734.0,156.808,315,False
2023-09-07 00:00:00+00:00,156.78,156.78,153.94,155.42,39253.0,155.575,334,False
2023-09-08 00:00:00+00:00,154.98,156.37,154.25,154.29,44022.0,155.195,294,False
2023-09-11 00:00:00+00:00,156.02,159.65,155.64,158.72,40449.0,158.46,347,False
2023-09-12 00:00:00+00:00,157.72,158.95,156.76,157.07,25739.0,157.543,208,False
2023-09-13 00:00:00+00:00,156.71,156.71,152.72,153.33,59540.0,153.839,490,False
2023-09-14 00:00:00+00:00,154.27,157.36,153.87,156.8,58545.0,155.622,317,False
2023-09-15 00:00:00+00:00,156.41,156.41,151.12,152.0,128010.0,153.997,630,False
2023-09-18 00:00:00+00:00,152.62,153.71,151.5,152.41,54686.0,152.541,480,False
2023-09-19 00:00:00+00:00,152.03,153.42,151.35,152.51,35890.0,152.5,295,False
2023-09-20 00:00:00+00:00,153.61,154.69,150.68,150.91,38233.0,152.826,302,False
2023-09-21 00:00:00+00:00,149.76,149.76,146.43,146.49,95314.0,148.078,725,False
2023-09-22 00:00:00+00:00,147.27,148.25,146.68,146.83,55088.0,147.192,468,False
2023-09-25 00:00:00+00:00,146.0,148.76,145.77,147.97,32467.0,147.871,263,False
2023-09-26 00:00:00+00:00,147.28,149.16,146.31,146.34,53038.0,147.818,432,False
2023-09-27 00:00:00+00:00,147.96,149.19,147.13,149.16,54940.0,148.441,407,False
2023-09-28 00:00:00+00:00,149.37,150.86,147.6,150.69,76659.0,149.925,527,False
2023-09-29 00:00:00+00:00,151.63,151.63,149.36,149.81,78258.0,150.211,473,False
2023-10-02 00:00:00+00:00,148.6,150.42,148.22,148.74,69193.0,148.801,555,False
2023-10-03 00:00:00+00:00,148.47,149.57,145.56,145.85,96715.0,146.674,728,False
2023-10-04 00:00:00+00:00,145.0,147.57,143.64,146.62,102428.0,145.718,696,False
2023-10-05 00:00:00+00:00,146.33,147.67,145.79,146.06,98957.0,146.314,754,False
2023-10-06 00:00:00+00:00,144.59,144.76,139.28,140.79,213290.0,141.186,1566,False
2023-10-09 00:00:00+00:00,139.1,140.47,138.69,139.12,184621.0,139.598,1182,False
2023-10-10 00:00:00+00:00,139.65,143.53,138.74,143.06,315666.0,141.565,1601,False
2023-10-11 00:00:00+00:00,143.54,144.93,140.47,141.34,85919.0,141.583,673,False
2023-10-12 00:00:00+00:00,141.39,144.6,135.82,137.41,89793.0,138.546,772,False
2023-10-13 00:00:00+00:00,136.79,137.87,134.58,135.1,72885.0,135.947,472,False
2023-10-16 00:00:00+00:00,137.38,139.5,136.86,138.8,66692.0,138.513,500,False
2023-10-17 00:00:00+00:00,137.75,140.23,137.75,138.28,78435.0,138.603,569,False
2023-10-18 00:00:00+00:00,136.37,136.93,133.71,134.37,41051.0,134.597,349,False
2023-10-19 00:00:00+00:00,134.37,136.67,132.59,133.08,76474.0,133.886,602,False
2023-10-20 00:00:00+00:00,133.7,134.09,130.42,131.9,93599.0,132.287,607,False
2023-10-23 00:00:00+00:00,131.84,134.39,131.77,132.54,95615.0,133.042,755,False
2023-10-24 00:00:00+00:00,130.82,131.63,123.93,125.92,233902.0,127.082,1509,False
2023-10-25 00:00:00+00:00,125.13,128.65,124.5,127.47,109867.0,127.279,903,False
2023-10-26 00:00:00+00:00,128.9,130.38,126.83,128.56,125829.0,128.196,884,False
2023-10-27 00:00:00+00:00,128.67,130.0,127.24,128.62,139165.0,128.63,995,False
2023-10-30 00:00:00+00:00,129.59,133.17,128.76,131.75,203285.0,131.571,1573,False
2023-10-31 00:00:00+00:00,132.83,135.04,132.83,133.18,115222.0,134.227,862,False
2023-11-01 00:00:00+00:00,133.11,137.0,132.19,136.78,136503.0,135.294,1103,False
2023-11-02 00:00:00+00:00,139.71,142.39,138.43,140.5,99329.0,140.616,836,False
2023-11-03 00:00:00+00:00,143.55,145.17,143.0,143.45,136228.0,144.366,1146,False
2023-11-06 00:00:00+00:00,143.22,146.54,143.22,145.27,130586.0,144.798,1087,False
2023-11-07 00:00:00+00:00,145.06,146.12,143.51,143.91,90912.0,144.58,700,False
2023-11-08 00:00:00+00:00,144.57,145.07,140.73,142.37,65275.0,141.859,506,False
2023-11-09 00:00:00+00:00,143.57,143.83,140.62,141.47,29454.0,141.834,246,False
2023-11-10 00:00:00+00:00,142.86,145.63,142.0,145.37,25380.0,144.655,210,False
2023-11-13 00:00:00+00:00,144.66,147.03,144.31,145.51,61117.0,145.815,472,False
2023-11-14 00:00:00+00:00,150.27,156.75,150.27,156.61,115222.0,154.982,756,False
2023-11-15 00:00:00+00:00,156.19,159.36,155.4,155.66,89298.0,156.78,728,False
2023-11-16 00:00:00+00:00,156.43,156.43,152.93,154.92,39268.0,154.875,319,False
2023-11-17 00:00:00+00:00,155.79,157.39,155.79,156.94,96500.0,156.631,542,False
2023-11-20 00:00:00+00:00,156.64,158.59,153.6,158.53,74041.0,157.614,514,False
2023-11-21 00:00:00+00:00,156.92,161.27,156.92,160.18,141994.0,160.016,1021,False
2023-11-22 00:00:00+00:00,161.97,163.27,160.73,162.48,91997.0,162.561,653,False
2023-11-24 00:00:00+00:00,161.83,164.3,161.83,163.34,24193.0,163.37,198,False
2023-11-27 00:00:00+00:00,162.33,164.78,161.32,164.29,75635.0,164.247,412,False
2023-11-28 00:00:00+00:00,164.0,164.29,161.2,161.45,68344.0,162.594,472,False
2023-11-29 00:00:00+00:00,163.87,166.78,163.09,166.02,70684.0,165.416,458,False
2023-11-30 00:00:00+00:00,165.96,167.46,165.25,166.97,77594.0,166.588,450,False
2023-12-01 00:00:00+00:00,167.38,172.88,167.38,172.49,191095.0,170.744,1114,False
2023-12-04 00:00:00+00:00,172.46,175.31,172.03,175.15,106598.0,173.978,692,False
2023-12-05 00:00:00+00:00,174.75,176.28,174.12,175.46,117249.0,175.388,460,False
2023-12-06 00:00:00+00:00,176.27,180.69,176.27,178.18,196302.0,179.068,1072,False
2023-12-07 00:00:00+00:00,178.35,180.51,176.58,179.18,99384.0,177.944,681,False
2023-12-08 00:00:00+00:00,178.95,182.3,178.95,182.18,91814.0,180.917,365,False
2023-12-11 00:00:00+00:00,182.08,183.67,180.53,181.75,68660.0,181.448,478,False
2023-12-12 00:00:00+00:00,181.97,184.81,180.51,183.5,58275.0,182.779,381,False
2023-12-13 00:00:00+00:00,183.32,186.81,178.9,186.44,197644.0,183.587,1282,False
2023-12-14 00:00:00+00:00,189.0,195.81,188.9,194.88,116253.0,193.137,884,False
2023-12-15 00:00:00+00:00,194.76,196.79,191.83,192.32,172648.0,194.175,613,False
2023-12-18 00:00:00+00:00,194.54,194.54,188.43,189.33,55947.0,190.231,463,False
2023-12-19 00:00:00+00:00,191.96,197.15,191.96,196.28,153186.0,194.864,976,False
2023-12-20 00:00:00+00:00,195.82,197.67,192.42,192.63,76559.0,195.33,585,False
2023-12-21 00:00:00+00:00,195.56,195.72,193.23,195.57,48530.0,194.409,315,False
2023-12-22 00:00:00+00:00,196.83,199.41,196.05,197.6,57205.0,198.166,434,False
2023-12-26 00:00:00+00:00,197.82,200.32,197.02,199.32,34022.0,198.968,230,False
2023-12-27 00:00:00+00:00,199.86,202.14,199.61,200.67,35310.0,200.629,239,False
2023-12-28 00:00:00+00:00,200.13,200.97,198.86,200.91,35312.0,200.11,283,False
2023-12-29 00:00:00+00:00,200.0,201.17,197.88,197.98,52295.0,198.889,421,False
2024-01-02 00:00:00+00:00,195.45,196.42,191.77,193.68,77556.0,193.59,514,False
2024-01-03 00:00:00+00:00,194.93,194.93,185.98,186.75,84150.0,188.399,580,False
2024-01-04 00:00:00+00:00,185.92,188.19,185.51,185.79,50420.0,186.515,340,False
2024-01-05 00:00:00+00:00,184.51,187.62,183.14,183.76,74318.0,184.673,555,False
2024-01-08 00:00:00+00:00,184.25,187.16,183.06,187.09,62855.0,185.585,463,False
2024-01-09 00:00:00+00:00,184.58,184.72,183.41,183.92,40916.0,184.121,311,False
2024-01-10 00:00:00+00:00,184.59,186.16,182.99,183.6,74687.0,183.988,519,False
2024-01-11 00:00:00+00:00,183.52,185.33,179.77,184.22,110120.0,183.342,826,False
2024-01-12 00:00:00+00:00,187.1,187.1,180.6,182.19,52737.0,182.498,408,False
2024-01-16 00:00:00+00:00,180.05,180.91,178.13,180.84,56827.0,179.66,478,False
2024-01-17 00:00:00+00:00,178.29,181.62,178.29,181.13,53131.0,180.556,424,False
2024-01-18 00:00:00+00:00,182.88,183.91,179.62,183.7,45284.0,181.965,385,False
2024-01-19 00:00:00+00:00,184.07,184.07,179.83,182.33,46943.0,182.26,349,False
2024-01-22 00:00:00+00:00,184.16,186.53,184.16,186.09,80735.0,185.356,603,False
2024-01-23 00:00:00+00:00,186.4,186.4,180.57,181.75,57733.0,182.197,444,False
2024-01-24 00:00:00+00:00,183.73,183.73,179.45,179.89,43524.0,180.977,358,False
2024-01-25 00:00:00+00:00,182.09,183.3,180.56,182.38,58067.0,181.92,467,False
2024-01-26 00:00:00+00:00,183.2,183.37,181.55,182.35,63354.0,182.46,399,False
2024-01-29 00:00:00+00:00,182.86,187.05,182.86,186.88,64363.0,185.559,380,False
2024-01-30 00:00:00+00:00,186.69,189.18,186.3,188.4,70771.0,188.071,464,False
2024-01-31 00:00:00+00:00,187.34,187.43,180.43,180.99,92380.0,183.545,691,False
2024-02-01 00:00:00+00:00,183.62,186.14,181.36,185.8,77116.0,184.627,620,False
2024-02-02 00:00:00+00:00,182.29,188.14,181.61,187.19,73088.0,185.691,595,False
2024-02-05 00:00:00+00:00,184.25,186.19,181.5,183.75,72938.0,184.34,592,False
2024-02-06 00:00:00+00:00,187.54,193.95,175.6,180.69,205615.0,180.865,1483,False
2024-02-07 00:00:00+00:00,182.53,185.43,179.58,182.69,88679.0,183.029,600,False
2024-02-08 00:00:00+00:00,183.66,190.89,182.49,190.42,210423.0,188.972,1012,False
2024-02-09 00:00:00+00:00,190.13,194.35,188.63,192.4,91117.0,192.637,672,False
2024-02-12 00:00:00+00:00,192.48,195.87,191.83,194.82,76373.0,194.288,598,False
2024-02-13 00:00:00+00:00,186.48,190.7,184.61,186.01,134446.0,186.408,1074,False
2024-02-14 00:00:00+00:00,188.73,190.96,186.76,190.77,60542.0,189.207,464,False
2024-02-15 00:00:00+00:00,192.65,196.07,190.8,196.0,76045.0,194.287,511,False
2024-02-16 00:00:00+00:00,193.92,195.35,191.6,193.79,76232.0,193.798,408,False
2024-02-20 00:00:00+00:00,190.83,193.05,190.31,192.91,54500.0,191.873,416,False
2024-02-21 00:00:00+00:00,192.93,193.51,191.36,193.02,76713.0,192.797,640,False
2024-02-22 00:00:00+00:00,194.21,198.09,192.33,195.22,81956.0,194.442,558,False
2024-02-23 00:00:00+00:00,196.08,200.72,195.82,199.96,76278.0,199.056,540,False
2024-02-26 00:00:00+00:00,199.17,201.24,198.52,199.57,93018.0,199.791,650,False
2024-02-27 00:00:00+00:00,202.0,207.32,201.56,207.25,135804.0,204.981,797,False
2024-02-28 00:00:00+00:00,206.0,209.45,205.52,208.84,72515.0,208.263,519,False
2024-02-29 00:00:00+00:00,210.0,210.72,206.76,208.68,49486.0,208.471,351,False
2024-03-01 00:00:00+00:00,207.95,210.86,206.55,209.3,98876.0,208.615,355,False
2024-03-04 00:00:00+00:00,210.85,215.01,210.85,212.19,111614.0,213.754,729,False
2024-03-05 00:00:00+00:00,210.67,213.1,208.97,209.1,106276.0,210.751,850,False
2024-03-06 00:00:00+00:00,211.23,212.77,210.2,212.26,83620.0,211.699,541,False
2024-03-07 00:00:00+00:00,213.3,216.46,213.3,214.83,37726.0,214.42,304,False
2024-03-08 00:00:00+00:00,215.18,218.38,211.54,211.58,57706.0,214.163,455,False
2024-03-11 00:00:00+00:00,210.08,210.08,203.9,205.41,82508.0,205.822,500,False
2024-03-12 00:00:00+00:00,205.08,205.95,201.64,201.82,77510.0,203.42,598,False
2024-03-13 00:00:00+00:00,200.88,204.22,200.39,201.27,83115.0,202.255,628,False
2024-03-14 00:00:00+00:00,200.11,200.36,195.31,196.65,81557.0,196.525,612,False
2024-03-15 00:00:00+00:00,195.52,199.76,195.17,197.24,113006.0,196.541,371,False
2024-03-18 00:00:00+00:00,198.54,198.98,195.26,195.27,57996.0,196.468,442,False
2024-03-19 00:00:00+00:00,195.21,198.94,194.81,197.82,55048.0,197.421,444,False
2024-03-20 00:00:00+00:00,198.08,201.67,196.37,201.29,42217.0,198.661,327,False
2024-03-21 00:00:00+00:00,203.54,208.12,203.0,205.2,34267.0,205.963,263,False
2024-03-22 00:00:00+00:00,205.02,205.02,201.41,201.86,61819.0,202.551,529,False
2024-03-25 00:00:00+00:00,200.74,202.46,198.1,198.1,50744.0,200.193,392,False
2024-03-26 00:00:00+00:00,198.26,201.54,198.18,199.86,43339.0,199.359,340,False
2024-03-27 00:00:00+00:00,201.56,203.16,199.5,202.91,44423.0,201.903,339,False
2024-03-28 00:00:00+00:00,203.71,206.49,202.6,205.18,55178.0,204.587,386,False
2024-04-01 00:00:00+00:00,205.47,205.88,201.34,201.35,60332.0,202.798,438,False
2024-04-02 00:00:00+00:00,198.82,199.13,194.57,196.37,81040.0,196.893,570,False
2024-04-03 00:00:00+00:00,194.49,199.17,194.0,196.97,63494.0,197.233,403,False
2024-04-04 00:00:00+00:00,198.88,198.88,190.7,192.04,66985.0,195.366,362,False
2024-04-05 00:00:00+00:00,192.18,195.87,191.68,194.81,38201.0,194.494,288,False
2024-04-08 00:00:00+00:00,196.16,196.81,192.31,192.45,79993.0,193.568,581,False
2024-04-09 00:00:00+00:00,192.43,194.58,186.94,190.98,47779.0,189.774,377,False
2024-04-10 00:00:00+00:00,183.82,186.44,181.16,182.91,142559.0,182.802,1110,False
2024-04-11 00:00:00+00:00,184.1,185.82,183.0,184.77,64985.0,184.767,503,False
2024-04-12 00:00:00+00:00,182.38,185.33,181.61,184.87,83741.0,183.78,479,False
2024-04-15 00:00:00+00:00,186.37,187.9,183.72,185.54,116345.0,185.366,872,False
2024-04-16 00:00:00+00:00,183.41,185.0,182.05,184.72,92771.0,183.978,543,False
2024-04-17 00:00:00+00:00,186.58,186.58,178.74,178.8,91420.0,180.326,733,False
2024-04-18 00:00:00+00:00,181.21,183.64,180.32,182.05,130105.0,182.035,985,False
2024-04-19 00:00:00+00:00,181.34,185.06,181.34,184.38,147637.0,183.483,1171,False
2024-04-22 00:00:00+00:00,184.58,185.91,182.01,185.12,212211.0,184.526,1468,False
2024-04-23 00:00:00+00:00,171.98,173.48,162.69,169.23,748292.0,166.496,5380,False
2024-04-24 00:00:00+00:00,169.33,172.06,166.59,169.62,287101.0,169.295,1830,False
2024-04-25 00:00:00+00:00,169.73,171.48,166.5,170.82,287351.0,169.895,2121,False
2024-04-26 00:00:00+00:00,171.87,175.99,170.23,173.61,274144.0,173.335,1441,False
2024-04-29 00:00:00+00:00,173.7,179.24,172.52,175.66,218395.0,176.904,1805,False
2024-04-30 00:00:00+00:00,175.29,176.3,173.74,173.89,182307.0,175.218,1371,False
2024-05-01 00:00:00+00:00,174.18,181.03,172.56,175.84,184762.0,176.612,1432,False
2024-05-02 00:00:00+00:00,177.71,178.97,176.15,178.21,117846.0,177.415,985,False
2024-05-03 00:00:00+00:00,181.92,184.84,180.32,181.05,75419.0,181.429,593,False
2024-05-06 00:00:00+00:00,182.81,185.27,181.52,183.23,73870.0,182.889,511,False
2024-05-07 00:00:00+00:00,181.95,182.7,179.98,180.05,123846.0,181.141,1013,False
2024-05-08 00:00:00+00:00,179.31,180.51,176.01,176.65,94525.0,177.14,738,False
2024-05-09 00:00:00+00:00,176.65,178.21,174.95,177.13,137387.0,177.228,1031,False
2024-05-10 00:00:00+00:00,177.04,178.03,175.64,176.0,198605.0,176.325,957,False
2024-05-13 00:00:00+00:00,177.5,178.68,174.15,174.28,46062.0,175.468,347,False
2024-05-14 00:00:00+00:00,176.23,176.78,174.56,175.56,50027.0,175.77,388,False
2024-05-15 00:00:00+00:00,177.81,179.59,175.37,175.67,53517.0,176.981,393,False
2024-05-16 00:00:00+00:00,175.09,175.28,169.44,169.56,65745.0,171.261,505,False
2024-05-17 00:00:00+00:00,170.11,170.65,166.54,168.35,197237.0,168.123,1375,False
2024-05-20 00:00:00+00:00,168.54,172.69,168.37,171.67,106825.0,171.488,830,False
2024-05-21 00:00:00+00:00,171.35,172.81,170.5,172.74,53889.0,171.806,412,False
2024-05-22 00:00:00+00:00,171.88,174.45,170.56,172.25,101624.0,172.509,678,False
2024-05-23 00:00:00+00:00,173.41,173.41,168.64,170.69,68630.0,170.201,523,False
2024-05-24 00:00:00+00:00,172.2,173.11,170.53,173.01,57311.0,172.102,424,False
2024-05-28 00:00:00+00:00,173.58,173.93,167.99,168.89,43957.0,170.296,352,False
2024-05-29 00:00:00+00:00,166.65,167.43,165.04,166.39,118044.0,166.232,804,False
2024-05-30 00:00:00+00:00,168.13,169.41,166.45,167.69,169391.0,167.58,1158,False
2024-05-31 00:00:00+00:00,168.42,169.99,164.39,165.92,95374.0,165.493,792,False
2024-06-03 00:00:00+00:00,167.94,167.94,161.75,163.68,112824.0,163.379,833,False
2024-06-04 00:00:00+00:00,162.43,164.75,161.27,162.28,111112.0,162.872,962,False
2024-06-05 00:00:00+00:00,162.73,165.38,161.43,163.48,87144.0,163.825,678,False
2024-06-06 00:00:00+00:00,163.38,164.74,160.58,161.37,88129.0,161.895,682,False
2024-06-07 00:00:00+00:00,160.05,161.54,158.88,161.0,81698.0,160.686,624,False
2024-06-10 00:00:00+00:00,158.74,161.52,158.74,160.17,122977.0,160.129,797,False
2024-06-11 00:00:00+00:00,159.33,160.35,157.42,160.22,272848.0,159.618,865,False
2024-06-12 00:00:00+00:00,164.89,169.34,164.89,165.26,110574.0,167.307,922,False
2024-06-13 00:00:00+00:00,164.44,164.53,162.67,164.31,117746.0,163.705,657,False
2024-06-14 00:00:00+00:00,162.05,163.4,160.22,162.5,69561.0,162.301,589,False
2024-06-17 00:00:00+00:00,162.14,169.09,162.0,168.68,77402.0,166.399,662,False
2024-06-18 00:00:00+00:00,169.24,172.16,167.96,171.15,75610.0,171.028,580,False
2024-06-20 00:00:00+00:00,170.1,173.38,169.26,170.92,103920.0,170.995,835,False
2024-06-21 00:00:00+00:00,170.27,172.38,167.16,171.63,193452.0,170.48,968,False
2024-06-24 00:00:00+00:00,172.31,176.19,171.3,173.93,127442.0,174.792,1051,False
2024-06-25 00:00:00+00:00,173.23,173.51,165.89,168.53,165670.0,168.616,1281,False
2024-06-26 00:00:00+00:00,167.51,170.68,166.67,169.07,95884.0,168.755,808,False
2024-06-27 00:00:00+00:00,170.54,172.17,168.52,171.71,141078.0,170.796,1129,False
2024-06-28 00:00:00+00:00,173.54,174.65,168.32,168.53,356420.0,169.52,2131,False
2024-07-01 00:00:00+00:00,168.43,169.23,163.57,163.92,81326.0,164.994,671,False
2024-07-02 00:00:00+00:00,163.9,165.7,163.89,165.0,111363.0,164.866,935,False
2024-07-03 00:00:00+00:00,165.11,166.09,163.62,164.25,36731.0,164.506,277,False
2024-07-05 00:00:00+00:00,163.41,163.7,161.39,162.45,45932.0,162.282,390,False
2024-07-08 00:00:00+00:00,163.91,165.84,163.88,165.46,82344.0,164.839,561,False
2024-07-09 00:00:00+00:00,164.98,168.08,164.1,165.39,69776.0,165.85,472,False
2024-07-10 00:00:00+00:00,166.19,168.3,165.0,167.75,46942.0,167.458,376,False
2024-07-11 00:00:00+00:00,171.2,177.78,169.63,176.73,85234.0,175.97,684,False
2024-07-12 00:00:00+00:00,178.9,182.89,178.26,181.49,165627.0,181.802,1135,False
2024-07-15 00:00:00+00:00,183.12,184.75,181.5,182.45,78865.0,183.187,576,False
2024-07-16 00:00:00+00:00,184.63,190.44,184.63,189.96,102796.0,188.342,734,False
2024-07-17 00:00:00+00:00,188.23,189.52,183.87,183.95,108874.0,186.231,892,False
2024-07-18 00:00:00+00:00,183.82,188.5,182.16,182.82,84728.0,183.838,721,False
2024-07-19 00:00:00+00:00,182.58,183.82,179.95,181.33,45917.0,181.115,372,False
2024-07-22 00:00:00+00:00,179.5,182.57,177.11,180.66,106491.0,179.936,855,False
2024-07-23 00:00:00+00:00,173.4,182.0,166.05,179.13,324364.0,178.326,2447,False
2024-07-24 00:00:00+00:00,178.35,184.69,177.62,177.63,131098.0,181.136,1043,False
2024-07-25 00:00:00+00:00,178.31,186.46,178.13,184.97,141038.0,184.764,1143,False
2024-07-26 00:00:00+00:00,188.61,194.07,188.39,192.45,189925.0,192.277,1263,False
2024-07-29 00:00:00+00:00,192.12,193.62,190.14,191.15,122182.0,191.279,866,False
2024-07-30 00:00:00+00:00,192.45,193.51,190.9,191.74,75888.0,192.137,573,False
2024-07-31 00:00:00+00:00,193.35,197.38,188.66,192.09,71717.0,192.559,609,False
2024-08-01 00:00:00+00:00,190.44,193.98,182.38,184.7,92618.0,185.5,678,False
2024-08-02 00:00:00+00:00,179.1,179.44,175.18,179.02,188509.0,176.966,1287,False
2024-08-05 00:00:00+00:00,167.03,175.64,167.03,174.2,147103.0,172.205,1083,False
2024-08-06 00:00:00+00:00,173.42,179.52,173.13,177.2,187860.0,176.764,856,False
2024-08-07 00:00:00+00:00,178.76,179.11,173.83,174.33,58456.0,176.019,482,False
2024-08-08 00:00:00+00:00,177.15,178.0,174.35,175.81,46525.0,175.907,356,False
2024-08-09 00:00:00+00:00,176.2,177.44,173.37,174.81,82296.0,175.821,545,False
2024-08-12 00:00:00+00:00,174.46,174.51,170.92,171.28,63487.0,171.928,439,False
2024-08-13 00:00:00+00:00,173.0,175.51,170.92,174.13,72694.0,173.853,579,False
2024-08-14 00:00:00+00:00,175.1,175.5,172.3,174.58,63854.0,173.805,499,False
2024-08-15 00:00:00+00:00,178.39,178.39,175.39,176.24,45773.0,176.471,317,False
2024-08-16 00:00:00+00:00,175.3,179.5,175.3,177.1,62495.0,176.714,352,False
2024-08-19 00:00:00+00:00,178.07,179.42,176.91,179.01,43064.0,178.615,261,False
2024-08-20 00:00:00+00:00,178.82,180.78,175.77,176.83,29823.0,177.412,247,False
2024-08-21 00:00:00+00:00,178.73,180.44,176.64,180.23,30663.0,179.54,255,False
2024-08-22 00:00:00+00:00,179.95,180.58,178.03,178.36,25380.0,178.76,173,False
2024-08-23 00:00:00+00:00,180.47,186.97,180.0,186.15,43190.0,185.6,220,False
2024-08-26 00:00:00+00:00,187.46,189.05,186.08,186.11,37920.0,187.323,224,False
2024-08-27 00:00:00+00:00,184.99,184.99,180.71,181.54,35433.0,181.455,275,False
2024-08-28 00:00:00+00:00,178.75,182.16,178.75,180.82,40479.0,180.346,192,False
2024-08-29 00:00:00+00:00,182.26,184.48,181.18,181.25,40492.0,182.736,268,False
2024-08-30 00:00:00+00:00,181.4,183.49,179.88,183.06,25064.0,181.759,179,False
2024-09-03 00:00:00+00:00,182.55,182.55,173.45,174.04,47761.0,176.142,371,False
2024-09-04 00:00:00+00:00,173.93,174.51,172.31,173.67,38153.0,173.496,302,False
2024-09-05 00:00:00+00:00,173.84,174.03,170.66,171.63,96632.0,172.994,806,False
2024-09-06 00:00:00+00:00,172.36,175.67,170.05,170.9,31222.0,171.743,235,False
2024-09-09 00:00:00+00:00,170.37,172.54,169.73,170.93,26303.0,171.348,180,False
2024-09-10 00:00:00+00:00,172.34,176.5,170.37,172.61,55390.0,172.519,402,False
2024-09-11 00:00:00+00:00,171.5,172.84,166.91,172.51,64380.0,171.264,279,False
2024-09-12 00:00:00+00:00,173.16,175.46,172.7,174.49,43367.0,174.365,354,False
2024-09-13 00:00:00+00:00,176.31,181.4,176.31,181.32,61325.0,180.27,483,False
2024-09-16 00:00:00+00:00,182.36,183.44,177.56,183.13,46655.0,181.565,400,False
2024-09-17 00:00:00+00:00,184.31,186.57,182.14,184.51,48548.0,185.052,434,False
2024-09-18 00:00:00+00:00,185.68,194.33,184.19,186.98,159560.0,187.586,1166,False
2024-09-19 00:00:00+00:00,191.14,195.17,188.45,195.15,105413.0,192.912,777,False
2024-09-20 00:00:00+00:00,194.53,194.53,188.62,189.26,109013.0,191.491,694,False
2024-09-23 00:00:00+00:00,191.19,192.81,189.37,192.09,110147.0,191.627,699,False
2024-09-24 00:00:00+00:00,192.52,194.04,190.43,191.33,219697.0,192.767,1364,False
2024-09-25 00:00:00+00:00,192.06,192.06,187.34,188.81,116462.0,189.224,776,False
2024-09-26 00:00:00+00:00,190.74,191.1,188.08,189.6,73514.0,189.48,632,False
2024-09-27 00:00:00+00:00,192.09,193.57,189.57,191.18,52624.0,191.522,365,False
2024-09-30 00:00:00+00:00,190.0,193.0,188.63,191.27,94716.0,191.441,607,False
2024-10-01 00:00:00+00:00,191.25,192.58,186.86,190.89,83194.0,190.612,466,False
2024-10-02 00:00:00+00:00,190.49,193.01,188.66,191.62,84724.0,191.809,476,False
2024-10-03 00:00:00+00:00,190.79,193.16,188.2,190.75,90887.0,191.227,679,False
2024-10-04 00:00:00+00:00,192.79,192.79,188.53,191.78,66997.0,190.739,494,False
2024-10-07 00:00:00+00:00,190.32,193.35,187.46,192.74,76817.0,190.412,447,False
2024-10-08 00:00:00+00:00,193.16,194.33,190.5,193.65,43493.0,193.479,304,False
2024-10-09 00:00:00+00:00,194.99,195.46,192.64,192.79,62178.0,193.894,405,False
2024-10-10 00:00:00+00:00,190.38,190.7,188.58,188.77,23944.0,189.335,181,False
2024-10-11 00:00:00+00:00,188.97,192.45,188.97,191.31,72319.0,191.489,464,False
2024-10-14 00:00:00+00:00,191.46,193.86,189.95,193.2,37878.0,193.16,274,False
2024-10-15 00:00:00+00:00,193.86,196.87,193.29,193.3,72767.0,194.958,377,False
2024-10-16 00:00:00+00:00,195.12,195.57,188.74,189.08,128289.0,190.929,852,False
2024-10-17 00:00:00+00:00,189.58,192.67,188.03,192.25,108637.0,191.095,670,False
2024-10-18 00:00:00+00:00,192.62,192.63,189.16,190.08,82291.0,190.356,429,False
2024-10-21 00:00:00+00:00,190.93,190.93,185.74,186.15,75072.0,187.016,487,False
2024-10-22 00:00:00+00:00,177.7,178.01,173.18,175.98,311441.0,176.326,2198,False
2024-10-23 00:00:00+00:00,175.0,178.63,175.0,176.48,86117.0,177.278,672,False
2024-10-24 00:00:00+00:00,176.58,182.52,176.47,181.96,111162.0,180.223,848,False
2024-10-25 00:00:00+00:00,183.25,184.39,179.59,181.43,84573.0,181.268,636,False
2024-10-28 00:00:00+00:00,182.91,186.33,181.24,185.43,87730.0,184.819,655,False
2024-10-29 00:00:00+00:00,182.87,184.63,180.54,180.72,163520.0,182.486,1292,False
2024-10-30 00:00:00+00:00,178.88,182.55,177.37,181.06,381688.0,181.225,1484,False
2024-10-31 00:00:00+00:00,180.32,182.57,178.31,179.79,127593.0,180.645,836,False
2024-11-01 00:00:00+00:00,180.25,181.6,177.92,178.79,167544.0,179.408,1270,False
2024-11-04 00:00:00+00:00,178.25,181.41,178.25,179.55,133579.0,180.524,925,False
2024-11-05 00:00:00+00:00,178.54,182.2,178.54,181.45,176722.0,181.285,858,False
2024-11-06 00:00:00+00:00,186.41,188.52,181.3,184.74,358511.0,184.548,2353,False
2024-11-07 00:00:00+00:00,185.88,188.24,185.24,187.11,90580.0,186.636,631,False
2024-11-08 00:00:00+00:00,187.78,190.24,186.98,189.25,85894.0,189.002,604,False
2024-11-11 00:00:00+00:00,191.23,192.22,189.2,190.27,41503.0,190.677,288,False
2024-11-12 00:00:00+00:00,189.33,189.51,184.02,184.12,60497.0,185.623,438,False
2024-11-13 00:00:00+00:00,185.97,187.7,183.97,184.0,60081.0,185.691,461,False
2024-11-14 00:00:00+00:00,184.31,184.7,182.0,182.57,50065.0,182.823,382,False
2024-11-15 00:00:00+00:00,182.22,182.22,179.07,180.37,44015.0,179.925,342,False
2024-11-18 00:00:00+00:00,180.48,180.89,178.17,178.94,31183.0,179.111,229,False
2024-11-19 00:00:00+00:00,177.76,179.03,176.5,178.89,44346.0,177.89,296,False
2024-11-20 00:00:00+00:00,178.8,179.83,177.12,179.0,51260.0,178.79,421,False
2024-11-21 00:00:00+00:00,178.94,181.65,177.8,181.26,33062.0,180.903,250,False
2024-11-22 00:00:00+00:00,182.75,185.24,181.0,184.77,54898.0,183.985,387,False
2024-11-25 00:00:00+00:00,186.53,197.82,186.53,196.93,103530.0,195.485,805,False
2024-11-26 00:00:00+00:00,195.05,195.05,186.36,187.87,67674.0,189.17,394,False
2024-11-27 00:00:00+00:00,188.92,190.75,186.31,186.77,68551.0,187.814,477,False
2024-11-29 00:00:00+00:00,188.64,188.96,186.89,188.4,20630.0,188.1,159,False
2024-12-02 00:00:00+00:00,187.84,188.34,185.25,185.83,45076.0,186.346,340,False
2024-12-03 00:00:00+00:00,186.86,186.86,184.41,185.07,23830.0,185.188,172,False
2024-12-04 00:00:00+00:00,184.09,184.09,182.08,183.36,23956.0,183.187,170,False
2024-12-05 00:00:00+00:00,183.24,184.12,180.02,180.49,76186.0,181.46,557,False
2024-12-06 00:00:00+00:00,183.22,186.45,180.16,185.04,106872.0,184.653,709,False
2024-12-09 00:00:00+00:00,185.79,188.75,185.37,186.64,69103.0,187.103,505,False
2024-12-10 00:00:00+00:00,185.37,187.22,180.52,185.81,77743.0,185.619,593,False
2024-12-11 00:00:00+00:00,187.41,191.25,185.79,190.01,75136.0,189.69,605,False
2024-12-12 00:00:00+00:00,189.99,190.5,185.62,185.69,120724.0,188.233,719,False
2024-12-13 00:00:00+00:00,184.31,186.35,183.1,184.37,55566.0,184.452,392,False
2024-12-16 00:00:00+00:00,184.27,186.23,183.34,184.18,83831.0,184.854,581,False
2024-12-17 00:00:00+00:00,182.47,182.55,177.45,177.67,98599.0,179.305,667,False
2024-12-18 00:00:00+00:00,178.92,181.53,171.51,171.8,189000.0,178.094,939,False
2024-12-19 00:00:00+00:00,172.55,173.35,168.52,168.66,138826.0,170.54,975,False
2024-12-20 00:00:00+00:00,167.92,170.92,167.13,168.22,311430.0,169.115,1724,False
2024-12-23 00:00:00+00:00,167.18,168.41,165.7,168.0,57412.0,167.191,419,False
2024-12-24 00:00:00+00:00,167.64,168.08,166.25,167.8,19789.0,167.195,145,False
2024-12-26 00:00:00+00:00,166.74,169.2,166.74,168.66,25269.0,168.095,180,False
2024-12-27 00:00:00+00:00,166.85,169.02,166.1,166.78,45493.0,166.808,340,False
2024-12-30 00:00:00+00:00,166.37,166.74,162.49,165.45,58173.0,165.637,440,False
2024-12-31 00:00:00+00:00,167.1,167.37,164.92,165.83,46398.0,165.956,284,False
2025-01-02 00:00:00+00:00,167.54,167.54,164.33,164.41,81360.0,165.171,575,False
2025-01-03 00:00:00+00:00,164.34,167.66,163.07,166.67,44678.0,166.328,344,False
2025-01-06 00:00:00+00:00,167.42,170.43,165.18,165.34,57081.0,166.736,421,False
2025-01-07 00:00:00+00:00,166.0,167.0,160.97,161.56,48182.0,162.082,308,False
2025-01-08 00:00:00+00:00,160.56,161.26,158.63,159.08,82155.0,159.363,622,False
2025-01-10 00:00:00+00:00,156.27,158.69,155.73,157.97,177271.0,157.028,785,False
2025-01-13 00:00:00+00:00,156.51,161.25,156.51,160.36,87299.0,159.762,634,False
2025-01-14 00:00:00+00:00,162.68,164.74,160.64,164.34,142841.0,162.424,1163,False
2025-01-15 00:00:00+00:00,169.64,169.64,165.51,166.3,130561.0,167.138,815,False
2025-01-16 00:00:00+00:00,165.92,168.1,164.69,167.0,86872.0,166.926,521,False
2025-01-17 00:00:00+00:00,168.69,169.77,168.03,168.79,71906.0,168.743,433,False
2025-01-21 00:00:00+00:00,170.63,173.17,170.63,171.26,98994.0,171.833,680,False
2025-01-22 00:00:00+00:00,169.72,170.8,164.57,166.93,175480.0,166.875,1119,False
2025-01-23 00:00:00+00:00,166.93,168.9,166.11,166.77,84755.0,167.278,630,False
2025-01-24 00:00:00+00:00,167.15,167.28,165.02,166.0,86629.0,165.925,553,False
2025-01-27 00:00:00+00:00,166.11,169.05,165.85,167.71,140680.0,167.561,1103,False
2025-01-28 00:00:00+00:00,167.21,167.78,165.52,167.12,53874.0,166.752,397,False
2025-01-29 00:00:00+00:00,166.52,169.92,166.03,166.55,120899.0,167.738,855,False
2025-01-30 00:00:00+00:00,167.83,170.49,167.65,169.63,48615.0,169.374,333,False
2025-01-31 00:00:00+00:00,168.98,169.76,166.1,168.0,109963.0,168.245,851,False
2025-02-03 00:00:00+00:00,163.93,168.25,163.0,165.84,100758.0,166.298,755,False
2025-02-04 00:00:00+00:00,165.09,166.39,164.77,165.26,98452.0,165.558,714,False
2025-02-05 00:00:00+00:00,166.91,168.57,165.51,167.59,81608.0,167.354,504,False
2025-02-06 00:00:00+00:00,168.69,170.38,167.16,167.71,143964.0,168.387,1129,False
2025-02-07 00:00:00+00:00,168.11,168.34,164.82,165.42,65240.0,165.419,336,False
2025-02-10 00:00:00+00:00,166.39,168.32,164.92,166.88,87808.0,166.885,717,False
2025-02-11 00:00:00+00:00,176.41,181.99,169.31,169.33,428145.0,171.157,2580,False
2025-02-12 00:00:00+00:00,165.81,166.65,164.19,164.68,90952.0,165.209,705,False
2025-02-13 00:00:00+00:00,166.19,168.14,165.47,167.61,102327.0,166.72,838,False
2025-02-14 00:00:00+00:00,168.87,174.7,168.87,174.28,170827.0,173.195,1346,False
2025-02-18 00:00:00+00:00,174.0,176.87,172.61,176.55,112152.0,175.099,791,False
2025-02-19 00:00:00+00:00,173.61,175.84,171.38,173.87,116186.0,173.911,751,False
2025-02-20 00:00:00+00:00,174.01,174.01,169.56,170.52,79772.0,170.918,587,False
2025-02-21 00:00:00+00:00,172.17,172.17,167.74,168.9,109033.0,169.249,859,False
2025-02-24 00:00:00+00:00,168.42,169.02,165.62,167.96,54099.0,167.732,409,False
2025-02-25 00:00:00+00:00,169.05,171.81,168.51,171.24,54958.0,170.677,441,False
2025-02-26 00:00:00+00:00,171.17,173.13,168.69,168.84,57857.0,170.694,459,False
2025-02-27 00:00:00+00:00,167.17,169.22,163.24,163.6,59649.0,165.075,482,False
2025-02-28 00:00:00+00:00,164.11,165.65,161.52,164.4,65992.0,163.758,473,False
2025-03-03 00:00:00+00:00,164.37,168.51,158.72,159.32,89903.0,161.087,701,False
2025-03-04 00:00:00+00:00,156.44,160.32,154.97,157.64,83960.0,157.763,702,False
2025-03-05 00:00:00+00:00,158.82,162.23,157.51,162.04,100108.0,160.492,724,False
2025-03-06 00:00:00+00:00,161.42,162.57,159.57,162.0,58852.0,161.101,476,False
2025-03-07 00:00:00+00:00,161.97,165.6,160.51,164.94,55837.0,163.707,438,False
2025-03-10 00:00:00+00:00,163.77,168.16,163.21,163.84,56595.0,165.144,377,False
2025-03-11 00:00:00+00:00,164.01,165.48,158.36,158.95,61340.0,160.06,470,False
2025-03-12 00:00:00+00:00,159.61,160.5,156.15,157.17,63774.0,157.398,499,False
2025-03-13 00:00:00+00:00,156.27,157.73,153.87,154.39,45753.0,154.948,354,False
2025-03-14 00:00:00+00:00,156.01,158.2,154.81,158.13,99511.0,156.363,786,False
2025-03-17 00:00:00+00:00,158.93,160.76,158.9,159.52,67088.0,159.838,538,False
2025-03-18 00:00:00+00:00,158.05,160.58,157.87,158.84,46600.0,158.953,391,False
2025-03-19 00:00:00+00:00,158.44,160.67,156.67,159.48,108064.0,159.133,736,False
2025-03-20 00:00:00+00:00,156.8,160.06,156.49,156.76,58333.0,157.813,376,False
2025-03-21 00:00:00+00:00,154.9,155.71,152.73,155.45,107900.0,154.741,671,False
2025-03-24 00:00:00+00:00,158.0,161.34,158.0,159.74,36964.0,159.274,268,False
2025-03-25 00:00:00+00:00,158.65,160.93,158.39,160.11,52603.0,159.995,398,False
2025-03-26 00:00:00+00:00,159.82,161.01,158.45,159.02,37003.0,159.574,291,False
2025-03-27 00:00:00+00:00,159.28,160.35,157.07,158.9,31222.0,158.939,243,False
2025-03-28 00:00:00+00:00,158.6,159.07,155.71,157.36,77092.0,157.123,563,False
2025-03-31 00:00:00+00:00,156.7,158.75,154.92,157.08,77870.0,156.615,495,False
2025-04-01 00:00:00+00:00,156.4,158.64,155.04,156.88,74935.0,156.529,526,False
2025-04-02 00:00:00+00:00,155.16,159.6,155.16,158.83,84431.0,158.187,465,False
2025-04-03 00:00:00+00:00,154.2,154.2,144.95,145.13,181405.0,147.326,1109,False
2025-04-04 00:00:00+00:00,141.07,149.81,137.35,147.74,173191.0,145.654,1359,False
2025-04-07 00:00:00+00:00,141.28,150.64,141.16,143.65,163519.0,144.162,1123,False
2025-04-08 00:00:00+00:00,145.88,147.51,138.02,139.81,116678.0,142.365,804,False
2025-04-09 00:00:00+00:00,138.39,152.28,138.39,151.08,161320.0,147.624,1190,False
2025-04-10 00:00:00+00:00,148.24,149.46,142.71,147.83,130435.0,146.87,766,False
2025-04-11 00:00:00+00:00,146.65,151.12,144.65,149.83,86222.0,148.729,540,False
2025-04-14 00:00:00+00:00,151.29,152.38,149.1,149.78,149798.0,150.399,955,False
2025-04-15 00:00:00+00:00,149.07,152.49,148.61,150.03,134182.0,149.961,786,False
2025-04-16 00:00:00+00:00,149.39,150.9,144.31,146.31,86802.0,147.224,641,False
2025-04-17 00:00:00+00:00,146.63,148.58,146.15,147.4,37125.0,147.435,250,False
2025-04-21 00:00:00+00:00,145.86,146.4,142.67,144.02,53681.0,143.749,336,False
2025-04-22 00:00:00+00:00,146.01,148.49,144.61,148.1,71314.0,146.5,472,False
2025-04-23 00:00:00+00:00,150.9,154.98,149.53,150.31,63476.0,150.873,481,False
2025-04-24 00:00:00+00:00,151.46,154.45,149.51,154.43,48627.0,153.39,376,False
2025-04-25 00:00:00+00:00,154.08,154.41,151.45,153.54,54538.0,152.821,424,False
2025-04-28 00:00:00+00:00,153.54,155.39,151.94,153.83,103782.0,153.602,695,False
2025-04-29 00:00:00+00:00,158.0,159.58,151.53,154.12,116946.0,154.246,875,False
2025-04-30 00:00:00+00:00,152.81,154.0,149.79,153.69,90523.0,152.744,608,False
2025-05-01 00:00:00+00:00,154.02,155.81,152.11,153.83,30690.0,154.359,243,False
2025-05-02 00:00:00+00:00,155.36,158.2,155.14,157.1,35011.0,156.926,274,False
2025-05-05 00:00:00+00:00,155.97,157.74,154.45,154.66,53673.0,156.137,364,False
2025-05-06 00:00:00+00:00,153.35,154.71,151.9,153.43,44368.0,153.905,313,False
2025-05-07 00:00:00+00:00,154.64,155.43,152.1,153.85,48061.0,153.864,354,False
2025-05-08 00:00:00+00:00,155.74,158.5,153.96,157.04,44973.0,157.002,302,False
2025-05-09 00:00:00+00:00,157.76,158.75,156.19,157.49,122104.0,157.811,1005,False
2025-05-12 00:00:00+00:00,160.8,167.21,160.8,164.37,124566.0,164.033,868,False
2025-05-13 00:00:00+00:00,165.24,167.07,164.37,165.8,141262.0,165.787,1046,False
2025-05-14 00:00:00+00:00,165.27,165.94,161.74,162.45,117197.0,164.242,883,False
2025-05-15 00:00:00+00:00,162.29,163.39,160.05,163.14,107478.0,162.268,740,False
2025-05-16 00:00:00+00:00,163.41,164.12,161.91,163.92,115821.0,163.1,816,False
2025-05-19 00:00:00+00:00,161.46,164.09,160.81,163.68,142624.0,162.804,814,False
2025-05-20 00:00:00+00:00,163.03,163.75,161.11,161.86,108900.0,162.662,547,False
2025-05-21 00:00:00+00:00,159.5,159.5,154.92,155.02,84896.0,156.944,596,False
2025-05-22 00:00:00+00:00,153.77,156.62,151.42,155.49,128802.0,153.712,868,False
2025-05-23 00:00:00+00:00,153.04,155.13,153.04,154.4,52311.0,154.444,336,False
2025-05-27 00:00:00+00:00,156.82,158.23,154.43,157.54,77036.0,157.323,600,False
2025-05-28 00:00:00+00:00,157.53,157.53,152.86,152.89,78477.0,154.372,541,False
2025-05-29 00:00:00+00:00,154.57,156.29,152.2,156.26,146376.0,155.038,1058,False
2025-05-30 00:00:00+00:00,155.28,156.48,154.11,155.7,110159.0,155.728,877,False
2025-06-02 00:00:00+00:00,155.1,155.63,153.01,155.29,148095.0,154.502,1083,False
2025-06-03 00:00:00+00:00,155.82,158.65,154.87,158.55,63168.0,157.214,479,False
2025-06-04 00:00:00+00:00,159.07,160.24,158.05,159.01,105223.0,159.207,767,False
2025-06-05 00:00:00+00:00,158.95,160.22,157.39,159.49,70213.0,158.881,411,False
2025-06-06 00:00:00+00:00,162.55,162.55,156.75,156.79,128836.0,159.339,732,False
2025-06-09 00:00:00+00:00,157.76,160.07,157.08,158.86,60160.0,159.001,402,False
2025-06-10 00:00:00+00:00,160.22,161.77,158.42,160.75,105076.0,160.635,825,False
2025-06-11 00:00:00+00:00,162.22,162.79,156.77,156.87,74589.0,159.448,553,False
2025-06-12 00:00:00+00:00,155.5,156.97,154.78,156.83,76947.0,156.369,543,False
2025-06-13 00:00:00+00:00,154.57,156.73,153.8,155.69,144226.0,155.026,914,False
2025-06-16 00:00:00+00:00,156.7,157.12,154.41,155.83,140321.0,156.095,1047,False
2025-06-17 00:00:00+00:00,153.73,155.84,151.51,151.93,103034.0,152.779,751,False
2025-06-18 00:00:00+00:00,151.63,155.45,151.37,152.64,256826.0,153.823,1882,False
2025-06-20 00:00:00+00:00,154.02,154.95,152.11,153.77,89448.0,153.576,508,False
2025-06-23 00:00:00+00:00,152.49,158.17,152.49,157.8,64328.0,156.053,434,False
2025-06-24 00:00:00+00:00,158.99,159.94,157.67,159.37,51370.0,158.949,323,False
2025-06-25 00:00:00+00:00,159.42,159.42,156.4,156.99,52054.0,157.295,423,False
2025-06-26 00:00:00+00:00,157.55,158.17,156.28,157.86,34193.0,157.674,266,False
2025-06-27 00:00:00+00:00,159.0,160.9,156.54,157.12,278072.0,158.243,1832,False
2025-06-30 00:00:00+00:00,157.33,157.65,154.99,155.31,109784.0,155.663,819,False
2025-07-01 00:00:00+00:00,154.22,163.64,154.22,160.16,259936.0,160.235,1573,False
2025-07-02 00:00:00+00:00,160.09,164.58,159.53,164.58,285530.0,161.827,1807,False
2025-07-03 00:00:00+00:00,164.31,165.99,162.15,163.13,101227.0,164.179,732,False
2025-07-07 00:00:00+00:00,162.17,162.4,158.71,159.46,73418.0,160.322,520,False
2025-07-08 00:00:00+00:00,159.52,164.02,159.52,162.64,152880.0,161.63,1218,False
2025-07-09 00:00:00+00:00,164.01,165.99,161.64,165.73,130165.0,164.338,932,False
2025-07-10 00:00:00+00:00,165.26,170.16,165.26,168.1,112766.0,169.059,885,False
2025-07-11 00:00:00+00:00,167.63,168.26,165.25,166.83,75140.0,167.18,636,False
2025-07-14 00:00:00+00:00,166.1,166.97,164.53,164.74,80773.0,165.342,594,False
2025-07-15 00:00:00+00:00,165.73,166.31,159.13,159.15,54557.0,161.696,405,False
2025-07-16 00:00:00+00:00,159.92,160.08,156.63,158.03,68307.0,158.374,601,False
2025-07-17 00:00:00+00:00,158.18,160.52,157.85,159.76,94552.0,159.287,626,False
2025-07-18 00:00:00+00:00,160.15,160.15,157.39,159.23,53258.0,158.819,398,False
2025-07-21 00:00:00+00:00,160.74,161.46,158.14,158.3,29220.0,159.545,224,False
2025-07-22 00:00:00+00:00,159.31,162.61,159.31,162.12,106755.0,161.391,704,False
2025-07-23 00:00:00+00:00,164.17,165.53,162.53,164.2,50644.0,164.249,344,False
2025-07-24 00:00:00+00:00,164.17,164.97,162.46,163.55,73721.0,163.525,549,False
2025-07-25 00:00:00+00:00,165.27,165.74,163.35,165.66,108680.0,164.847,780,False
2025-07-28 00:00:00+00:00,166.49,167.0,164.4,166.01,133065.0,165.399,948,False
2025-07-29 00:00:00+00:00,179.99,184.82,173.55,183.62,349117.0,181.309,2066,False
2025-07-30 00:00:00+00:00,180.47,185.8,180.0,183.52,193486.0,183.634,1398,False
2025-07-31 00:00:00+00:00,181.68,183.0,179.32,179.43,333670.0,181.332,1760,False
2025-08-01 00:00:00+00:00,177.81,180.01,176.17,179.17,179325.0,178.218,1143,False
2025-08-04 00:00:00+00:00,179.82,181.19,178.69,180.64,61913.0,180.313,495,False
2025-08-05 00:00:00+00:00,180.2,183.32,179.47,182.5,94264.0,182.149,649,False
2025-08-06 00:00:00+00:00,182.63,183.46,181.02,182.0,135687.0,181.947,1041,False
2025-08-07 00:00:00+00:00,183.56,184.27,180.78,182.03,101337.0,182.09,746,False
2025-08-08 00:00:00+00:00,182.43,184.01,180.46,181.31,103332.0,181.548,779,False
2025-08-11 00:00:00+00:00,181.25,182.26,178.85,181.48,109249.0,180.44,831,False
2025-08-12 00:00:00+00:00,182.67,189.07,181.51,188.38,72832.0,186.673,520,False
2025-08-13 00:00:00+00:00,189.04,194.9,189.04,194.24,104703.0,192.887,725,False
2025-08-14 00:00:00+00:00,190.79,192.88,190.33,191.19,130147.0,191.481,836,False
2025-08-15 00:00:00+00:00,191.79,192.5,186.71,187.04,134827.0,189.998,902,False
2025-08-18 00:00:00+00:00,187.12,188.99,186.39,188.04,90313.0,188.052,609,False
2025-08-19 00:00:00+00:00,189.21,192.85,189.02,191.91,78407.0,191.528,497,False
2025-08-20 00:00:00+00:00,191.29,192.09,188.1,188.38,244698.0,189.843,1268,False
2025-08-21 00:00:00+00:00,186.39,190.06,186.39,188.68,165167.0,188.414,1295,False
2025-08-22 00:00:00+00:00,190.64,197.82,189.71,197.08,96188.0,196.778,636,False
2025-08-25 00:00:00+00:00,196.73,196.82,194.5,195.13,79342.0,195.673,627,False
2025-08-26 00:00:00+00:00,194.66,196.83,194.08,194.48,62313.0,195.231,412,False
2025-08-27 00:00:00+00:00,193.09,196.2,193.09,194.07,53542.0,194.589,415,False
2025-08-28 00:00:00+00:00,195.5,195.5,191.71,192.94,63964.0,192.499,554,False
2025-08-29 00:00:00+00:00,192.86,194.92,190.0,191.12,69083.0,191.11,487,False
2025-09-02 00:00:00+00:00,187.92,189.96,187.72,188.16,87906.0,188.803,642,False
2025-09-03 00:00:00+00:00,187.33,189.45,186.54,187.66,79616.0,187.63,604,False
2025-09-04 00:00:00+00:00,189.35,193.23,186.32,192.89,82680.0,191.338,652,False
2025-09-05 00:00:00+00:00,195.42,197.68,194.64,195.9,98376.0,195.792,787,False
2025-09-08 00:00:00+00:00,195.09,196.04,192.81,195.65,44536.0,195.112,378,False
2025-09-09 00:00:00+00:00,194.91,194.91,188.7,190.3,87982.0,190.633,564,False
2025-09-10 00:00:00+00:00,190.9,191.77,189.6,191.41,42218.0,190.838,364,False
2025-09-11 00:00:00+00:00,191.99,195.08,191.69,193.88,144283.0,193.893,1019,False
2025-09-12 00:00:00+00:00,192.08,192.89,188.42,188.75,63262.0,189.762,563,False
2025-09-15 00:00:00+00:00,189.59,190.61,187.46,188.35,128551.0,188.488,991,False
2025-09-16 00:00:00+00:00,188.7,188.74,185.8,186.88,86576.0,186.919,591,False
2025-09-17 00:00:00+00:00,188.6,189.32,181.69,182.33,139071.0,186.787,841,False
2025-09-18 00:00:00+00:00,182.8,184.46,181.75,184.17,151276.0,183.277,1057,False
2025-09-19 00:00:00+00:00,183.97,183.97,179.9,181.87,123813.0,182.032,603,False
2025-09-22 00:00:00+00:00,181.79,181.85,178.66,180.27,91321.0,179.624,603,False
2025-09-23 00:00:00+00:00,181.68,182.13,178.65,179.38,70539.0,179.698,551,False
2025-09-24 00:00:00+00:00,178.47,179.49,176.38,176.54,53160.0,177.73,403,False
2025-09-25 00:00:00+00:00,174.5,176.48,171.95,172.86,86496.0,173.195,669,False
2025-09-26 00:00:00+00:00,173.92,175.06,170.66,171.2,168605.0,171.868,1274,False
2025-09-29 00:00:00+00:00,171.93,172.5,166.47,167.56,133917.0,167.851,1058,False
2025-09-30 00:00:00+00:00,167.15,168.1,165.85,167.46,141715.0,166.953,974,False
2025-10-01 00:00:00+00:00,167.51,168.26,164.72,167.34,89930.0,166.603,677,False
2025-10-02 00:00:00+00:00,166.51,169.48,165.68,169.23,66760.0,168.377,507,False
2025-10-03 00:00:00+00:00,169.7,171.52,168.94,171.22,208792.0,170.865,1459,False
2025-10-06 00:00:00+00:00,171.0,171.04,167.84,169.67,108735.0,169.723,781,False
2025-10-07 00:00:00+00:00,169.9,173.0,168.32,170.17,134364.0,170.995,1030,False
2025-10-08 00:00:00+00:00,171.06,173.67,169.54,173.11,99723.0,172.632,646,False
2025-10-09 00:00:00+00:00,172.92,172.92,167.89,169.48,112263.0,169.707,706,False
2025-10-10 00:00:00+00:00,170.44,171.93,166.02,166.23,63779.0,168.089,477,False
2025-10-13 00:00:00+00:00,167.16,167.56,165.48,165.69,92980.0,166.298,799,False
2025-10-14 00:00:00+00:00,164.82,170.01,164.82,169.51,171951.0,167.974,984,False
2025-10-15 00:00:00+00:00,170.01,171.24,168.92,170.05,47787.0,170.352,371,False
2025-10-16 00:00:00+00:00,170.87,171.82,167.64,171.71,76584.0,170.614,554,False
2025-10-17 00:00:00+00:00,171.8,174.39,170.53,174.31,75634.0,173.232,572,False
2025-10-20 00:00:00+00:00,175.06,176.62,174.3,175.94,88858.0,175.662,674,False
2025-10-21 00:00:00+00:00,174.44,178.8,174.44,177.1,89065.0,177.514,714,False
2025-10-22 00:00:00+00:00,177.0,177.85,174.12,174.27,94900.0,175.36,699,False
2025-10-23 00:00:00+00:00,175.03,177.76,173.76,176.9,76858.0,176.323,444,False
2025-10-24 00:00:00+00:00,179.11,179.11,174.72,175.32,131805.0,176.362,743,False
2025-10-27 00:00:00+00:00,176.19,176.81,174.59,175.85,52089.0,175.903,427,False
2025-10-28 00:00:00+00:00,181.32,187.02,181.32,186.43,316299.0,184.674,1954,False
2025-10-29 00:00:00+00:00,185.09,186.63,179.33,179.49,175367.0,182.83,1421,False
2025-10-30 00:00:00+00:00,179.7,181.44,174.3,174.76,79582.0,176.881,558,False
2025-10-31 00:00:00+00:00,175.18,177.0,172.82,176.5,109059.0,175.506,881,False
2025-11-03 00:00:00+00:00,174.93,174.93,171.16,173.74,145861.0,173.958,937,False
2025-11-04 00:00:00+00:00,173.44,175.46,171.57,173.39,156979.0,173.097,1057,False
2025-11-05 00:00:00+00:00,172.49,174.31,166.38,169.67,180191.0,168.853,1294,False
2025-11-06 00:00:00+00:00,170.0,170.0,167.25,168.52,64041.0,168.45,507,False
2025-11-07 00:00:00+00:00,168.24,170.88,168.13,170.76,69724.0,169.675,532,False
2025-11-10 00:00:00+00:00,170.76,170.76,167.15,168.94,124253.0,169.086,826,False
2025-11-11 00:00:00+00:00,169.18,170.05,167.09,167.96,90791.0,168.065,633,False
2025-11-12 00:00:00+00:00,168.0,170.13,165.35,167.94,87839.0,166.878,518,False
2025-11-13 00:00:00+00:00,167.05,169.32,165.43,166.32,106424.0,167.411,887,False
2025-11-14 00:00:00+00:00,164.94,165.89,163.36,164.17,103834.0,164.136,773,False
2025-11-17 00:00:00+00:00,164.0,164.6,158.17,158.51,105808.0,160.889,728,False
2025-11-18 00:00:00+00:00,157.75,159.5,156.32,158.0,215428.0,158.244,1463,False
2025-11-19 00:00:00+00:00,159.03,159.86,157.59,159.12,135870.0,159.117,947,False
2025-11-20 00:00:00+00:00,161.0,162.29,156.96,158.24,200533.0,160.355,754,False
2025-11-21 00:00:00+00:00,158.04,163.72,158.04,162.74,279337.0,162.305,2011,False
2025-11-24 00:00:00+00:00,162.06,166.43,161.99,162.74,73511.0,163.362,609,False
2025-11-25 00:00:00+00:00,163.69,167.32,163.48,166.25,145853.0,165.611,1149,False
2025-11-26 00:00:00+00:00,165.39,170.43,165.39,168.19,106650.0,168.447,786,False
2025-11-28 00:00:00+00:00,168.11,169.01,166.51,167.38,32257.0,167.768,242,False
2025-12-01 00:00:00+00:00,165.81,173.07,165.23,170.34,406680.0,170.001,2762,False
2025-12-02 00:00:00+00:00,170.0,170.64,165.61,167.4,204988.0,167.429,1094,False
2025-12-03 00:00:00+00:00,168.05,171.38,167.93,170.88,138079.0,170.155,971,False
2025-12-04 00:00:00+00:00,170.77,172.22,168.2,169.04,107438.0,169.352,825,False
2025-12-05 00:00:00+00:00,169.38,170.7,167.63,169.47,115512.0,169.604,682,False
2025-12-08 00:00:00+00:00,168.96,170.88,165.83,166.84,166445.0,166.945,1136,False
2025-12-09 00:00:00+00:00,165.88,168.96,164.24,164.97,97313.0,165.688,723,False
2025-12-10 00:00:00+00:00,165.22,169.15,164.61,168.31,222600.0,167.085,1382,False
2025-12-11 00:00:00+00:00,169.36,172.05,168.82,171.18,87628.0,170.401,677,False
2025-12-12 00:00:00+00:00,171.87,173.82,167.63,169.47,84240.0,170.075,547,False
2025-12-15 00:00:00+00:00,170.18,170.69,166.59,168.88,61808.0,168.388,456,False
2025-12-16 00:00:00+00:00,167.97,170.16,167.14,168.97,77679.0,168.456,602,False
2025-12-17 00:00:00+00:00,168.02,170.92,165.44,166.48,98946.0,167.841,753,False
2025-12-18 00:00:00+00:00,167.7,170.08,166.16,167.88,69231.0,168.273,506,False
2025-12-19 00:00:00+00:00,167.11,167.43,164.69,166.86,135479.0,166.451,778,False
2025-12-22 00:00:00+00:00,167.13,168.16,165.0,167.43,127420.0,166.407,682,False
2025-12-23 00:00:00+00:00,166.43,166.65,165.05,165.3,35312.0,165.635,245,False
2025-12-24 00:00:00+00:00,165.97,167.03,164.78,166.61,22447.0,166.259,183,False
2025-12-26 00:00:00+00:00,166.21,167.8,165.5,167.18,21507.0,166.465,152,False
2025-12-29 00:00:00+00:00,168.0,168.17,165.23,166.24,88711.0,166.346,554,False
2025-12-30 00:00:00+00:00,165.4,166.55,164.28,164.89,64776.0,165.477,402,False
2025-12-31 00:00:00+00:00,163.93,166.31,161.25,161.47,122277.0,163.636,760,False
2026-01-02 00:00:00+00:00,162.5,166.34,161.43,164.72,67324.0,164.189,440,False
2026-01-05 00:00:00+00:00,165.64,170.82,165.64,169.1,152506.0,169.282,1061,False
2026-01-06 00:00:00+00:00,167.84,170.22,165.55,170.21,67099.0,168.024,411,False
2026-01-07 00:00:00+00:00,170.81,172.36,164.2,165.32,106896.0,166.055,753,False
2026-01-08 00:00:00+00:00,164.2,173.78,163.93,173.01,61703.0,171.801,420,False
2026-01-09 00:00:00+00:00,174.19,179.71,173.67,179.04,139691.0,178.693,907,False
2026-01-12 00:00:00+00:00,178.63,182.02,175.18,179.85,201997.0,180.084,1250,False
2026-01-13 00:00:00+00:00,179.84,182.19,179.35,182.07,73259.0,180.842,490,False
2026-01-14 00:00:00+00:00,181.7,184.91,178.94,184.02,169333.0,183.183,1121,False
2026-01-15 00:00:00+00:00,183.92,187.86,183.92,187.78,139630.0,186.148,895,False
2026-01-16 00:00:00+00:00,187.27,189.43,187.04,188.13,102269.0,188.279,754,False
2026-01-20 00:00:00+00:00,184.9,185.88,182.61,183.75,122121.0,184.513,700,False
2026-01-21 00:00:00+00:00,184.69,188.14,180.71,187.11,147261.0,184.372,861,False
2026-01-22 00:00:00+00:00,188.55,189.99,184.58,186.29,68667.0,186.293,512,False
2026-01-23 00:00:00+00:00,185.2,186.53,182.24,182.25,77068.0,183.965,466,False
2026-01-26 00:00:00+00:00,183.89,184.0,181.27,182.65,82276.0,182.493,441,False
2026-01-27 00:00:00+00:00,181.31,183.22,178.35,179.41,56128.0,179.708,442,False
2026-01-28 00:00:00+00:00,179.5,180.22,176.77,177.46,63655.0,178.3,469,False
2026-01-29 00:00:00+00:00,178.75,182.56,175.39,177.99,69404.0,177.292,474,False
2026-01-30 00:00:00+00:00,175.9,179.33,174.82,176.78,100331.0,177.163,717,False
2026-02-02 00:00:00+00:00,177.02,179.93,175.6,179.68,102769.0,178.168,621,False
2026-02-03 00:00:00+00:00,178.95,185.92,177.06,183.17,88624.0,182.113,607,False
2026-02-04 00:00:00+00:00,185.48,194.06,184.68,193.35,134138.0,191.11,890,False
2026-02-05 00:00:00+00:00,192.12,194.63,189.7,191.4,116088.0,191.767,744,False
2026-02-06 00:00:00+00:00,192.71,196.83,192.26,194.28,160980.0,195.237,885,False
2026-02-09 00:00:00+00:00,194.45,197.0,193.77,196.07,67542.0,195.756,494,False
2026-02-10 00:00:00+00:00,199.29,206.01,195.68,205.82,184461.0,203.889,1271,False
2026-02-11 00:00:00+00:00,204.56,207.94,201.07,205.89,173888.0,204.145,1270,False
2026-02-12 00:00:00+00:00,207.9,211.98,207.89,209.21,237956.0,209.7,1064,False
2026-02-13 00:00:00+00:00,208.57,210.59,206.19,209.01,171339.0,208.9,933,False
2026-02-17 00:00:00+00:00,208.8,208.94,203.31,206.03,97908.0,205.882,729,False
2026-02-18 00:00:00+00:00,205.88,208.5,203.04,203.35,87526.0,205.815,587,False
2026-02-19 00:00:00+00:00,202.59,203.45,199.02,200.21,62276.0,200.32,458,False
2026-02-20 00:00:00+00:00,200.16,204.51,199.02,200.02,44133.0,200.794,334,False
2026-02-23 00:00:00+00:00,200.3,201.0,195.0,196.31,118117.0,196.395,696,False
2026-02-24 00:00:00+00:00,196.86,199.64,196.2,197.82,50661.0,197.961,381,False
2026-02-25 00:00:00+00:00,198.91,198.91,189.58,191.35,61779.0,191.136,466,False
2026-02-26 00:00:00+00:00,193.31,193.99,189.07,192.54,44247.0,191.576,336,False
2026-02-27 00:00:00+00:00,190.55,194.17,189.5,193.57,50450.0,192.694,387,False
2026-03-02 00:00:00+00:00,191.0,194.98,189.25,192.96,96705.0,192.621,756,False
2026-03-03 00:00:00+00:00,188.4,193.01,186.43,190.78,94333.0,190.088,688,False
2026-03-04 00:00:00+00:00,191.26,191.99,189.78,191.44,61008.0,190.687,485,False
2026-03-05 00:00:00+00:00,189.57,192.11,187.15,188.57,175535.0,190.023,1326,False
2026-03-06 00:00:00+00:00,185.79,187.15,183.48,186.02,129437.0,185.859,1035,False
2026-03-09 00:00:00+00:00,183.0,186.08,180.77,185.11,107296.0,182.824,836,False
2026-03-10 00:00:00+00:00,183.51,185.33,181.39,181.66,72258.0,183.071,616,False
2026-03-11 00:00:00+00:00,181.99,183.35,178.27,180.72,64768.0,180.585,496,False
2026-03-12 00:00:00+00:00,178.63,180.12,176.69,178.36,123970.0,178.571,942,False
2026-03-13 00:00:00+00:00,179.41,181.34,175.81,177.96,149846.0,177.642,1154,False
2026-03-16 00:00:00+00:00,179.16,179.52,176.82,178.25,100172.0,178.108,761,False
2026-03-17 00:00:00+00:00,179.19,180.27,176.27,177.8,70474.0,178.364,568,False
2026-03-18 00:00:00+00:00,175.83,178.2,174.9,175.0,80683.0,176.359,592,False
2026-03-19 00:00:00+00:00,173.7,173.85,169.71,171.1,155542.0,171.437,1005,False
2026-03-20 00:00:00+00:00,170.81,171.56,165.25,167.02,124220.0,168.171,879,False
2026-03-23 00:00:00+00:00,171.71,174.77,169.97,171.33,83763.0,172.244,559,False
2026-03-24 00:00:00+00:00,170.1,174.72,168.95,172.85,70714.0,173.1,558,False
2026-03-25 00:00:00+00:00,175.19,176.32,169.88,174.83,62537.0,172.93,447,False
2026-03-26 00:00:00+00:00,173.95,176.32,170.25,171.13,85001.0,171.816,567,False
2026-03-27 00:00:00+00:00,170.36,171.29,168.07,168.38,56145.0,169.35,416,False
2026-03-30 00:00:00+00:00,170.4,170.4,167.06,167.17,102998.0,168.382,639,False
2026-03-31 00:00:00+00:00,170.0,173.71,168.04,171.62,225278.0,170.126,1477,False
2026-04-01 00:00:00+00:00,171.78,174.62,170.74,171.05,85806.0,172.449,640,False
2026-04-02 00:00:00+00:00,167.76,173.29,163.96,166.3,159673.0,167.364,1142,False
2026-04-06 00:00:00+00:00,165.15,167.68,163.33,167.61,62531.0,165.858,420,False
2026-04-07 00:00:00+00:00,166.45,168.22,165.41,166.54,86660.0,166.685,630,False
2026-04-08 00:00:00+00:00,171.54,175.76,171.0,175.18,113233.0,174.797,855,False
2026-04-09 00:00:00+00:00,173.75,179.54,173.75,177.73,102544.0,176.435,692,False
2026-04-10 00:00:00+00:00,177.89,177.89,175.31,176.15,54783.0,176.991,458,False
2026-04-13 00:00:00+00:00,175.51,180.09,174.33,179.8,98352.0,177.406,720,False
2026-04-14 00:00:00+00:00,180.28,180.91,177.69,177.89,71531.0,178.919,561,False
2026-04-15 00:00:00+00:00,177.28,177.28,171.77,172.59,107746.0,173.299,825,False
2026-04-16 00:00:00+00:00,173.23,174.8,169.37,169.86,82137.0,171.902,614,False
2026-04-17 00:00:00+00:00,172.52,179.8,172.52,176.27,93401.0,177.001,704,False
2026-04-20 00:00:00+00:00,176.29,181.31,175.5,180.77,168821.0,178.256,1163,False
2026-04-21 00:00:00+00:00,181.66,184.24,180.06,182.08,155506.0,182.021,837,False
2026-04-22 00:00:00+00:00,184.5,185.87,181.08,185.47,351732.0,183.563,2183,False
2026-04-23 00:00:00+00:00,184.69,189.32,184.69,185.33,145698.0,186.773,995,False
2026-04-24 00:00:00+00:00,184.9,185.05,181.1,181.57,88314.0,182.357,653,False
2026-04-27 00:00:00+00:00,181.8,187.16,181.29,186.51,116341.0,185.313,828,False
2026-04-28 00:00:00+00:00,189.97,199.75,187.08,191.08,250328.0,191.829,1514,False
2026-04-29 00:00:00+00:00,191.68,193.76,186.86,188.7,263393.0,188.74,1645,False
2026-04-30 00:00:00+00:00,189.18,191.48,188.05,190.73,89632.0,190.096,671,False
2026-05-01 00:00:00+00:00,191.71,193.96,189.76,192.05,153868.0,192.324,903,False
2026-05-04 00:00:00+00:00,190.46,192.38,183.88,186.71,153865.0,187.118,1004,False
2026-05-05 00:00:00+00:00,188.39,190.77,185.11,190.15,87212.0,189.457,468,False
2026-05-06 00:00:00+00:00,193.84,195.5,192.56,194.28,101639.0,194.175,527,False
2026-05-07 00:00:00+00:00,196.92,198.86,191.65,192.61,77207.0,193.035,596,False
2026-05-08 00:00:00+00:00,193.18,193.18,188.15,188.61,199077.0,190.881,972,False
2026-05-11 00:00:00+00:00,188.39,189.85,185.61,185.62,143154.0,187.758,732,False
2026-05-12 00:00:00+00:00,186.15,186.15,181.05,184.2,102182.0,183.382,771,False
2026-05-13 00:00:00+00:00,183.37,186.2,182.03,184.41,143487.0,183.95,1119,False
2026-05-14 00:00:00+00:00,185.27,187.92,184.22,185.64,126192.0,186.166,899,False
2026-05-15 00:00:00+00:00,184.74,184.74,178.27,178.62,40740.0,179.805,298,False
