date,open,high,low,close,volume,average,barCount,is_rth
2025-11-17 12:00:00+00:00,152.94,152.94,152.0,152.0,595.0,152.175,5,False
2025-11-17 13:00:00+00:00,151.75,151.75,151.2,151.2,205.0,151.482,2,False
2025-11-17 14:00:00+00:00,152.34,152.34,148.0,148.24,156384.0,150.051,674,False
2025-11-17 15:00:00+00:00,148.43,149.01,147.18,147.84,228526.0,148.12,1509,True
2025-11-17 16:00:00+00:00,147.88,148.81,146.39,148.76,157916.0,147.457,1252,True
2025-11-17 17:00:00+00:00,148.77,148.92,147.93,148.01,71251.0,148.333,530,True
2025-11-17 18:00:00+00:00,147.98,147.98,146.85,147.01,96080.0,147.462,712,True
2025-11-17 19:00:00+00:00,146.93,147.2,145.22,145.3,155709.0,146.252,1181,True
2025-11-17 20:00:00+00:00,145.25,146.7,145.06,146.02,559409.0,145.89,4021,True
2025-11-17 21:00:00+00:00,146.02,146.38,146.02,146.38,386204.0,146.02,38,False
2025-11-17 22:00:00+00:00,146.77,146.77,146.76,146.76,329.0,146.766,2,False
2025-11-17 23:00:00+00:00,146.76,146.76,146.76,146.76,0.0,146.76,0,False
2025-11-18 00:00:00+00:00,146.76,146.76,146.76,146.76,0.0,146.76,0,False
2025-11-18 11:00:00+00:00,146.0,146.0,146.0,146.0,132.0,146.0,1,False
2025-11-18 12:00:00+00:00,145.14,145.14,145.14,145.14,206.0,145.14,1,False
2025-11-18 13:00:00+00:00,145.0,147.9,145.0,147.9,1700.0,145.341,3,False
2025-11-18 14:00:00+00:00,145.79,148.76,145.2,146.58,122752.0,146.839,600,False
2025-11-18 15:00:00+00:00,146.58,147.57,145.52,145.61,177053.0,146.452,1274,True
2025-11-18 16:00:00+00:00,145.52,147.79,145.34,147.75,109879.0,146.872,756,True
2025-11-18 17:00:00+00:00,147.74,148.36,145.85,148.02,169218.0,147.199,946,True
2025-11-18 18:00:00+00:00,148.1,148.8,148.0,148.3,100714.0,148.332,762,True
2025-11-18 19:00:00+00:00,148.35,148.7,147.68,148.06,77972.0,148.259,602,True
2025-11-18 20:00:00+00:00,148.13,149.47,147.76,148.74,344788.0,148.846,2585,True
2025-11-18 21:00:00+00:00,148.74,148.75,148.38,148.38,361675.0,148.75,14,False
2025-11-18 22:00:00+00:00,148.38,148.38,148.38,148.38,0.0,148.38,0,False
2025-11-18 23:00:00+00:00,148.31,150.0,148.31,150.0,200.0,149.155,2,False
2025-11-19 00:00:00+00:00,150.0,150.0,150.0,150.0,0.0,150.0,0,False
2025-11-19 12:00:00+00:00,148.9,148.9,148.9,148.9,100.0,148.9,1,False
2025-11-19 13:00:00+00:00,151.0,151.0,151.0,151.0,100.0,151.0,1,False
2025-11-19 14:00:00+00:00,148.23,149.57,146.87,149.55,166990.0,148.055,859,False
2025-11-19 15:00:00+00:00,149.7,150.1,147.95,148.03,166376.0,149.314,1300,True
2025-11-19 16:00:00+00:00,148.14,148.53,147.3,148.01,94162.0,147.84,730,True
2025-11-19 17:00:00+00:00,148.02,148.52,146.81,147.34,71570.0,147.669,609,True
2025-11-19 18:00:00+00:00,147.34,147.89,146.94,147.71,71314.0,147.408,576,True
2025-11-19 19:00:00+00:00,147.78,147.88,146.31,146.9,100683.0,146.994,775,True
2025-11-19 20:00:00+00:00,147.14,147.66,146.22,146.43,305772.0,146.751,2448,True
2025-11-19 21:00:00+00:00,146.51,148.0,146.44,147.97,219615.0,146.515,30,False
2025-11-19 22:00:00+00:00,148.0,148.0,147.99,148.0,350.0,147.999,3,False
2025-11-19 23:00:00+00:00,148.0,148.78,148.0,148.78,1026.0,148.076,5,False
2025-11-20 00:00:00+00:00,148.0,149.5,148.0,148.0,3469.0,148.127,8,False
2025-11-20 12:00:00+00:00,148.5,148.5,148.45,148.45,835.0,148.469,5,False
2025-11-20 13:00:00+00:00,148.45,148.56,147.53,147.53,623.0,148.107,5,False
2025-11-20 14:00:00+00:00,147.15,148.77,146.0,146.74,165334.0,147.62,971,False
2025-11-20 15:00:00+00:00,146.89,149.9,146.64,148.34,191749.0,148.394,1373,True
2025-11-20 16:00:00+00:00,148.41,148.78,144.99,145.2,128996.0,147.099,942,True
2025-11-20 17:00:00+00:00,145.19,145.77,143.39,144.61,84220.0,144.366,693,True
2025-11-20 18:00:00+00:00,144.53,145.93,143.75,144.0,93219.0,144.849,613,True
2025-11-20 19:00:00+00:00,144.0,145.14,143.51,145.14,74634.0,144.338,581,True
2025-11-20 20:00:00+00:00,145.05,145.05,143.46,144.03,284552.0,144.13,2028,True
2025-11-20 21:00:00+00:00,144.04,144.04,143.32,143.57,274027.0,144.039,26,False
2025-11-20 22:00:00+00:00,143.32,143.32,143.32,143.32,200.0,143.32,1,False
2025-11-20 23:00:00+00:00,143.32,143.71,143.32,143.32,1438.0,143.357,4,False
2025-11-21 00:00:00+00:00,145.0,145.0,145.0,145.0,288.0,145.0,1,False
2025-11-21 10:00:00+00:00,143.1,143.1,142.6,142.6,200.0,142.85,2,False
2025-11-21 11:00:00+00:00,142.6,142.6,142.6,142.6,0.0,142.6,0,False
2025-11-21 12:00:00+00:00,143.6,143.7,143.56,143.7,1326.0,143.658,5,False
2025-11-21 13:00:00+00:00,143.36,143.37,143.36,143.36,100.0,143.363,1,False
2025-11-21 14:00:00+00:00,144.23,144.95,141.89,142.85,123052.0,143.55,607,False
2025-11-21 15:00:00+00:00,143.17,143.51,140.58,140.78,309231.0,141.797,1720,True
2025-11-21 16:00:00+00:00,140.86,142.45,139.7,142.44,319420.0,140.897,2105,True
2025-11-21 17:00:00+00:00,142.51,144.84,142.0,143.93,349738.0,143.528,1973,True
2025-11-21 18:00:00+00:00,143.98,144.5,142.85,143.35,206920.0,143.521,1601,True
2025-11-21 19:00:00+00:00,143.55,145.76,143.46,145.25,346687.0,144.929,1920,True
2025-11-21 20:00:00+00:00,145.35,146.53,144.89,146.21,724895.0,145.951,4685,True
2025-11-21 21:00:00+00:00,146.21,146.28,146.21,146.28,387360.0,146.28,29,False
2025-11-21 22:00:00+00:00,146.28,146.28,146.28,146.28,0.0,146.28,0,False
2025-11-21 23:00:00+00:00,146.28,146.45,146.28,146.45,300.0,146.343,3,False
2025-11-22 00:00:00+00:00,146.45,146.45,146.45,146.45,0.0,146.45,0,False
2025-11-24 10:00:00+00:00,146.5,146.5,146.5,146.5,249.0,146.5,2,False
2025-11-24 11:00:00+00:00,146.5,146.5,146.5,146.5,0.0,146.5,0,False
2025-11-24 12:00:00+00:00,146.5,146.5,146.5,146.5,0.0,146.5,0,False
2025-11-24 13:00:00+00:00,147.25,148.0,147.21,147.21,1798.0,147.641,13,False
2025-11-24 14:00:00+00:00,146.75,148.29,145.0,146.75,174954.0,146.628,1019,False
2025-11-24 15:00:00+00:00,146.59,147.31,145.8,146.33,237282.0,146.732,1722,True
2025-11-24 16:00:00+00:00,146.3,147.11,145.98,146.99,165373.0,146.483,1135,True
2025-11-24 17:00:00+00:00,147.11,148.0,146.44,147.65,158753.0,147.119,1137,True
2025-11-24 18:00:00+00:00,147.66,148.11,146.73,146.86,126528.0,147.387,900,True
2025-11-24 19:00:00+00:00,146.86,146.99,146.47,146.7,161688.0,146.666,1179,True
2025-11-24 20:00:00+00:00,146.67,146.88,145.46,146.37,343952.0,146.188,2553,True
2025-11-24 21:00:00+00:00,146.45,146.45,146.45,146.45,956168.0,146.45,10,False
2025-11-24 22:00:00+00:00,146.45,146.45,146.45,146.45,0.0,146.45,0,False
2025-11-24 23:00:00+00:00,146.67,146.68,146.67,146.68,300.0,146.677,2,False
2025-11-25 00:00:00+00:00,146.68,146.68,146.68,146.68,0.0,146.68,0,False
2025-11-25 12:00:00+00:00,145.48,145.48,145.48,145.48,236.0,145.48,2,False
2025-11-25 13:00:00+00:00,145.39,145.39,145.39,145.39,326.0,145.39,1,False
2025-11-25 14:00:00+00:00,145.84,148.1,145.84,147.77,110473.0,147.303,600,False
2025-11-25 15:00:00+00:00,147.77,149.68,147.33,149.39,184681.0,148.266,1341,True
2025-11-25 16:00:00+00:00,149.41,150.65,149.37,149.69,132718.0,149.959,840,True
2025-11-25 17:00:00+00:00,149.69,150.89,149.68,150.63,144209.0,150.396,907,True
2025-11-25 18:00:00+00:00,150.67,150.76,148.87,149.11,100827.0,149.665,657,True
2025-11-25 19:00:00+00:00,149.18,149.46,148.87,149.03,110310.0,149.139,886,True
2025-11-25 20:00:00+00:00,149.06,150.0,148.71,149.03,410534.0,149.248,3030,True
2025-11-25 21:00:00+00:00,149.04,149.04,149.04,149.04,332288.0,149.04,19,False
2025-11-25 22:00:00+00:00,149.04,149.04,149.04,149.04,0.0,149.04,0,False
2025-11-25 23:00:00+00:00,149.04,149.04,149.04,149.04,0.0,149.04,0,False
2025-11-26 00:00:00+00:00,149.04,149.04,149.04,149.04,0.0,149.04,0,False
2025-11-26 13:00:00+00:00,150.0,150.0,149.06,149.06,491.0,149.802,4,False
2025-11-26 14:00:00+00:00,149.03,149.04,146.92,148.17,80159.0,147.825,442,False
2025-11-26 15:00:00+00:00,148.13,148.74,147.4,148.58,112985.0,147.956,858,True
2025-11-26 16:00:00+00:00,148.7,148.94,148.0,148.37,62118.0,148.558,480,True
2025-11-26 17:00:00+00:00,148.37,148.93,148.28,148.84,49446.0,148.605,397,True
2025-11-26 18:00:00+00:00,148.92,149.16,148.17,148.29,67997.0,148.668,495,True
2025-11-26 19:00:00+00:00,148.21,148.37,147.83,148.15,105815.0,148.101,768,True
2025-11-26 20:00:00+00:00,148.1,149.01,147.64,148.03,294582.0,148.223,2176,True
2025-11-26 21:00:00+00:00,148.03,148.52,147.91,148.52,285829.0,148.03,20,False
2025-11-26 22:00:00+00:00,148.52,148.52,148.52,148.52,0.0,148.52,0,False
2025-11-26 23:00:00+00:00,147.9,148.08,147.9,148.08,2000.0,147.916,12,False
2025-11-27 00:00:00+00:00,148.08,148.08,148.08,148.08,0.0,148.08,0,False
2025-11-28 09:00:00+00:00,148.0,148.0,148.0,148.0,101.0,148.0,1,False
2025-11-28 10:00:00+00:00,148.0,148.0,148.0,148.0,0.0,148.0,0,False
2025-11-28 11:00:00+00:00,148.13,148.13,148.05,148.05,401.0,148.11,3,False
2025-11-28 12:00:00+00:00,148.05,148.05,148.05,148.05,0.0,148.05,0,False
2025-11-28 13:00:00+00:00,148.41,148.5,148.41,148.5,403.0,148.445,3,False
2025-11-28 14:00:00+00:00,148.22,150.3,147.66,150.16,108982.0,148.956,525,False
2025-11-28 15:00:00+00:00,150.11,151.36,150.11,150.65,217828.0,150.865,1317,True
2025-11-28 16:00:00+00:00,150.65,151.3,149.9,149.99,163801.0,150.72,885,True
2025-11-28 17:00:00+00:00,149.92,150.29,149.11,149.55,141061.0,149.745,1151,True
2025-11-28 18:00:00+00:00,149.52,149.54,149.52,149.54,191022.0,149.52,9,True
2025-11-28 19:00:00+00:00,149.54,149.54,149.54,149.54,0.0,149.54,0,True
2025-11-28 20:00:00+00:00,149.54,149.54,149.54,149.54,0.0,149.54,0,True
2025-11-28 21:00:00+00:00,149.54,149.54,149.54,149.54,0.0,149.54,0,False
2025-12-01 09:00:00+00:00,148.95,148.95,147.91,147.91,308.0,148.612,2,False
2025-12-01 10:00:00+00:00,147.91,147.91,147.91,147.91,0.0,147.91,0,False
2025-12-01 11:00:00+00:00,147.91,147.91,147.91,147.91,0.0,147.91,0,False
2025-12-01 12:00:00+00:00,148.2,148.2,148.2,148.2,183.0,148.2,1,False
2025-12-01 13:00:00+00:00,146.72,149.18,146.72,149.17,689.0,147.836,5,False
2025-12-01 14:00:00+00:00,147.89,152.01,147.89,151.57,190731.0,150.771,1220,False
2025-12-01 15:00:00+00:00,151.64,152.57,149.46,151.19,280163.0,151.297,1811,True
2025-12-01 16:00:00+00:00,151.25,152.75,151.19,152.4,187619.0,152.299,1175,True
2025-12-01 17:00:00+00:00,152.47,153.69,152.34,153.62,250514.0,152.981,1467,True
2025-12-01 18:00:00+00:00,153.77,154.63,153.72,154.41,149953.0,154.087,1100,True
2025-12-01 19:00:00+00:00,154.4,154.41,151.68,152.11,210668.0,152.885,1409,True
2025-12-01 20:00:00+00:00,152.1,152.45,151.18,151.59,258071.0,151.702,1981,True
2025-12-01 21:00:00+00:00,151.58,153.0,151.58,153.0,317901.0,151.591,28,False
2025-12-01 22:00:00+00:00,150.0,150.0,150.0,150.0,100.0,150.0,1,False
2025-12-01 23:00:00+00:00,153.08,153.09,153.08,153.08,100.0,153.085,1,False
2025-12-02 00:00:00+00:00,151.67,151.67,151.67,151.67,100.0,151.67,1,False
2025-12-02 13:00:00+00:00,151.71,151.71,151.71,151.71,260.0,151.71,1,False
2025-12-02 14:00:00+00:00,152.5,154.27,152.0,153.97,118392.0,153.194,716,False
2025-12-02 15:00:00+00:00,154.1,156.47,153.47,156.05,241649.0,155.171,1685,True
2025-12-02 16:00:00+00:00,156.04,156.65,154.36,154.88,222304.0,155.629,1451,True
2025-12-02 17:00:00+00:00,154.8,155.65,153.58,153.93,135784.0,154.864,1008,True
2025-12-02 18:00:00+00:00,153.85,155.15,153.77,155.15,213218.0,154.304,1055,True
2025-12-02 19:00:00+00:00,155.12,155.35,154.26,154.83,106807.0,154.798,730,True
2025-12-02 20:00:00+00:00,154.85,155.2,153.59,153.89,326485.0,154.279,2497,True
2025-12-02 21:00:00+00:00,153.91,155.0,153.88,153.9,222443.0,153.919,63,False
2025-12-02 22:00:00+00:00,153.9,153.9,153.77,153.78,1389.0,153.84,7,False
2025-12-02 23:00:00+00:00,153.9,153.9,153.89,153.9,900.0,153.9,9,False
2025-12-03 00:00:00+00:00,153.8,153.8,153.8,153.8,156.0,153.8,1,False
2025-12-03 14:00:00+00:00,153.06,155.02,151.63,154.32,115855.0,153.703,642,False
2025-12-03 15:00:00+00:00,154.53,154.59,153.32,154.26,92503.0,153.891,748,True
2025-12-03 16:00:00+00:00,154.26,155.37,154.25,154.77,86570.0,154.805,676,True
2025-12-03 17:00:00+00:00,154.85,155.13,154.58,154.85,75164.0,154.881,603,True
2025-12-03 18:00:00+00:00,154.85,155.65,154.8,155.28,98186.0,155.311,852,True
2025-12-03 19:00:00+00:00,155.28,156.15,155.14,155.9,116378.0,155.657,861,True
2025-12-03 20:00:00+00:00,155.99,156.87,155.67,156.76,417015.0,156.078,2148,True
2025-12-03 21:00:00+00:00,156.75,156.76,156.44,156.75,621842.0,156.755,10,False
2025-12-03 22:00:00+00:00,156.75,156.75,156.75,156.75,0.0,156.75,0,False
2025-12-03 23:00:00+00:00,156.75,156.75,156.75,156.75,0.0,156.75,0,False
2025-12-04 00:00:00+00:00,156.75,156.75,156.75,156.75,0.0,156.75,0,False
2025-12-04 14:00:00+00:00,157.42,158.21,154.62,154.77,88170.0,156.236,550,False
2025-12-04 15:00:00+00:00,154.9,155.61,153.75,154.53,135196.0,154.702,1073,True
2025-12-04 16:00:00+00:00,154.53,155.41,153.91,155.04,112399.0,154.556,875,True
2025-12-04 17:00:00+00:00,155.01,155.15,154.24,154.97,92607.0,154.664,719,True
2025-12-04 18:00:00+00:00,154.96,155.99,154.94,155.93,66584.0,155.606,553,True
2025-12-04 19:00:00+00:00,155.87,156.85,155.42,156.28,178161.0,156.179,1150,True
2025-12-04 20:00:00+00:00,156.26,157.2,156.12,156.6,236587.0,156.6,1932,True
2025-12-04 21:00:00+00:00,156.58,156.6,156.54,156.54,214038.0,156.54,12,False
2025-12-04 22:00:00+00:00,156.54,156.54,156.54,156.54,0.0,156.54,0,False
2025-12-04 23:00:00+00:00,156.19,156.53,156.05,156.14,17695.0,156.311,14,False
2025-12-05 00:00:00+00:00,156.14,156.14,156.14,156.14,0.0,156.14,0,False
2025-12-05 14:00:00+00:00,156.7,158.15,155.79,158.09,110038.0,156.824,686,False
2025-12-05 15:00:00+00:00,158.19,163.62,157.85,163.34,516380.0,162.24,3436,True
2025-12-05 16:00:00+00:00,163.34,164.49,162.04,162.36,374242.0,163.289,2446,True
2025-12-05 17:00:00+00:00,162.34,163.09,161.5,161.53,197486.0,162.171,1689,True
2025-12-05 18:00:00+00:00,161.54,162.15,161.27,161.44,134960.0,161.707,1140,True
2025-12-05 19:00:00+00:00,161.41,161.44,159.53,159.71,257272.0,160.43,1696,True
2025-12-05 20:00:00+00:00,159.54,159.54,157.39,159.33,793106.0,158.447,4586,True
2025-12-05 21:00:00+00:00,159.33,159.5,155.0,159.5,251908.0,159.328,17,False
2025-12-05 22:00:00+00:00,159.5,159.5,159.5,159.5,0.0,159.5,0,False
2025-12-05 23:00:00+00:00,159.5,159.5,159.5,159.5,0.0,159.5,0,False
2025-12-06 00:00:00+00:00,159.5,159.5,159.5,159.5,0.0,159.5,0,False
2025-12-08 10:00:00+00:00,160.49,160.73,160.49,160.49,504.0,160.538,4,False
2025-12-08 11:00:00+00:00,160.4,160.4,160.4,160.4,100.0,160.4,1,False
2025-12-08 12:00:00+00:00,160.56,160.56,160.5,160.5,1200.0,160.508,5,False
2025-12-08 13:00:00+00:00,160.93,160.96,160.49,160.49,868.0,160.901,5,False
2025-12-08 14:00:00+00:00,160.49,161.82,159.69,160.76,87924.0,160.717,503,False
2025-12-08 15:00:00+00:00,160.65,161.09,159.31,159.97,113766.0,159.922,900,True
2025-12-08 16:00:00+00:00,160.09,160.41,159.55,160.4,62970.0,159.98,478,True
2025-12-08 17:00:00+00:00,160.44,161.53,160.08,161.43,102332.0,160.771,717,True
2025-12-08 18:00:00+00:00,161.5,162.4,160.13,160.71,188647.0,161.401,1230,True
2025-12-08 19:00:00+00:00,160.79,161.59,160.69,161.17,134055.0,161.115,715,True
2025-12-08 20:00:00+00:00,161.17,162.22,160.27,160.81,262064.0,161.262,1975,True
2025-12-08 21:00:00+00:00,160.74,160.74,160.74,160.74,215493.0,160.74,7,False
2025-12-08 22:00:00+00:00,160.74,160.74,160.74,160.74,0.0,160.74,0,False
2025-12-08 23:00:00+00:00,160.74,160.74,160.74,160.74,0.0,160.74,0,False
2025-12-09 00:00:00+00:00,160.74,160.74,160.74,160.74,0.0,160.74,0,False
2025-12-09 13:00:00+00:00,161.48,161.48,160.32,160.32,298.0,160.709,2,False
2025-12-09 14:00:00+00:00,160.31,161.3,158.26,160.08,93861.0,159.6,560,False
2025-12-09 15:00:00+00:00,159.99,161.31,159.61,160.86,332477.0,160.806,1708,True
2025-12-09 16:00:00+00:00,160.96,162.48,160.17,162.11,132618.0,161.178,948,True
2025-12-09 17:00:00+00:00,162.11,162.36,161.53,162.2,90513.0,162.028,622,True
2025-12-09 18:00:00+00:00,162.22,162.69,161.52,162.69,74574.0,162.19,605,True
2025-12-09 19:00:00+00:00,162.45,162.52,160.43,160.82,102143.0,161.473,714,True
2025-12-09 20:00:00+00:00,160.86,161.79,160.8,161.33,223945.0,161.29,1632,True
2025-12-09 21:00:00+00:00,161.41,161.41,161.41,161.41,149165.0,161.41,7,False
2025-12-09 22:00:00+00:00,161.41,161.41,161.41,161.41,0.0,161.41,0,False
2025-12-09 23:00:00+00:00,161.41,161.41,161.41,161.41,0.0,161.41,0,False
2025-12-10 00:00:00+00:00,161.41,161.41,161.41,161.41,0.0,161.41,0,False
2025-12-10 14:00:00+00:00,159.0,161.72,159.0,161.23,60126.0,160.72,411,False
2025-12-10 15:00:00+00:00,161.16,162.03,160.17,161.6,87693.0,161.2,671,True
2025-12-10 16:00:00+00:00,161.61,162.5,161.32,161.51,49567.0,161.753,416,True
2025-12-10 17:00:00+00:00,161.51,161.93,161.27,161.87,42501.0,161.601,349,True
2025-12-10 18:00:00+00:00,161.98,161.98,160.48,160.59,53141.0,161.09,436,True
2025-12-10 19:00:00+00:00,160.84,163.89,160.54,163.64,138276.0,162.008,1129,True
2025-12-10 20:00:00+00:00,163.5,164.03,161.39,161.74,218824.0,162.566,1642,True
2025-12-10 21:00:00+00:00,161.73,161.73,160.0,160.0,185500.0,161.723,18,False
2025-12-10 22:00:00+00:00,160.0,160.0,160.0,160.0,220.0,160.0,1,False
2025-12-10 23:00:00+00:00,163.0,163.0,163.0,163.0,220.0,163.0,1,False
2025-12-11 00:00:00+00:00,163.0,163.0,163.0,163.0,0.0,163.0,0,False
2025-12-11 13:00:00+00:00,160.66,160.66,160.66,160.66,284.0,160.66,1,False
2025-12-11 14:00:00+00:00,162.43,164.84,161.75,163.33,85663.0,163.427,588,False
2025-12-11 15:00:00+00:00,163.28,163.97,161.88,162.21,96017.0,162.75,754,True
2025-12-11 16:00:00+00:00,162.18,162.4,160.97,161.6,59637.0,161.838,468,True
2025-12-11 17:00:00+00:00,161.74,163.75,161.74,162.94,55488.0,163.126,416,True
2025-12-11 18:00:00+00:00,162.91,163.79,162.91,163.21,59317.0,163.421,421,True
2025-12-11 19:00:00+00:00,163.31,164.21,163.23,163.71,61774.0,163.85,455,True
2025-12-11 20:00:00+00:00,163.71,163.78,162.26,163.28,259518.0,163.196,1703,True
2025-12-11 21:00:00+00:00,163.27,163.28,163.26,163.28,194075.0,163.265,11,False
2025-12-11 22:00:00+00:00,163.28,163.28,163.28,163.28,0.0,163.28,0,False
2025-12-11 23:00:00+00:00,163.28,163.28,163.28,163.28,0.0,163.28,0,False
2025-12-12 00:00:00+00:00,163.32,163.32,163.32,163.32,125.0,163.32,1,False
2025-12-12 13:00:00+00:00,161.63,162.63,159.71,159.71,5239.0,160.81,24,False
2025-12-12 14:00:00+00:00,161.85,164.42,161.85,164.16,52754.0,163.282,277,False
2025-12-12 15:00:00+00:00,164.15,164.49,161.3,161.76,93781.0,162.792,705,True
2025-12-12 16:00:00+00:00,161.7,161.92,160.31,161.21,77188.0,160.994,570,True
2025-12-12 17:00:00+00:00,161.2,162.58,161.2,161.88,71392.0,162.06,594,True
2025-12-12 18:00:00+00:00,161.88,162.51,161.73,161.95,61521.0,162.12,520,True
2025-12-12 19:00:00+00:00,161.97,161.99,161.17,161.5,53141.0,161.551,450,True
2025-12-12 20:00:00+00:00,161.56,162.57,161.44,162.03,214612.0,162.066,1635,True
2025-12-12 21:00:00+00:00,162.04,162.04,161.5,162.04,183494.0,162.04,16,False
2025-12-12 22:00:00+00:00,161.81,161.81,161.8,161.8,200.0,161.805,2,False
2025-12-12 23:00:00+00:00,161.8,161.8,161.8,161.8,0.0,161.8,0,False
2025-12-13 00:00:00+00:00,161.8,161.8,161.8,161.8,0.0,161.8,0,False
2025-12-15 13:00:00+00:00,161.55,161.55,161.55,161.55,523.0,161.55,1,False
2025-12-15 14:00:00+00:00,162.65,162.65,158.81,159.0,146771.0,160.048,856,False
2025-12-15 15:00:00+00:00,158.93,159.27,157.45,157.83,219117.0,158.36,1336,True
2025-12-15 16:00:00+00:00,157.9,159.13,157.12,159.0,133208.0,158.164,726,True
2025-12-15 17:00:00+00:00,159.08,161.98,158.57,159.09,101430.0,159.147,760,True
2025-12-15 18:00:00+00:00,159.17,159.5,158.34,158.63,47617.0,158.852,381,True
2025-12-15 19:00:00+00:00,158.61,159.71,158.36,159.56,195925.0,159.003,1040,True
2025-12-15 20:00:00+00:00,159.57,159.87,158.48,159.18,239980.0,159.266,1764,True
2025-12-15 21:00:00+00:00,159.17,159.17,159.17,159.17,803516.0,159.17,9,False
2025-12-15 22:00:00+00:00,159.17,159.17,159.17,159.17,0.0,159.17,0,False
2025-12-15 23:00:00+00:00,159.17,159.17,159.17,159.17,160.0,159.17,1,False
2025-12-16 00:00:00+00:00,156.25,156.25,155.99,155.99,932.0,156.111,3,False
2025-12-16 12:00:00+00:00,158.3,158.3,158.3,158.3,100.0,158.3,1,False
2025-12-16 13:00:00+00:00,158.5,158.51,158.5,158.5,585.0,158.503,4,False
2025-12-16 14:00:00+00:00,158.91,162.76,158.11,162.33,107084.0,160.416,650,False
2025-12-16 15:00:00+00:00,162.52,163.5,160.52,162.2,135723.0,161.784,979,True
2025-12-16 16:00:00+00:00,162.2,162.2,161.06,161.69,67906.0,161.588,554,True
2025-12-16 17:00:00+00:00,161.66,161.88,159.4,159.5,62292.0,160.871,470,True
2025-12-16 18:00:00+00:00,159.49,160.28,158.81,159.3,50153.0,159.401,429,True
2025-12-16 19:00:00+00:00,159.18,159.8,158.27,159.49,70678.0,159.053,547,True
2025-12-16 20:00:00+00:00,159.41,160.45,159.12,159.56,191049.0,159.778,1560,True
2025-12-16 21:00:00+00:00,159.56,160.0,159.55,159.75,288230.0,159.56,28,False
2025-12-16 22:00:00+00:00,159.75,159.75,159.75,159.75,0.0,159.75,0,False
2025-12-16 23:00:00+00:00,159.75,159.75,159.75,159.75,0.0,159.75,0,False
2025-12-17 00:00:00+00:00,159.75,159.75,159.75,159.75,0.0,159.75,0,False
2025-12-17 13:00:00+00:00,160.11,160.32,160.11,160.32,256.0,160.233,2,False
2025-12-17 14:00:00+00:00,160.0,165.28,160.0,163.43,244575.0,163.442,1442,False
2025-12-17 15:00:00+00:00,163.55,166.48,162.98,164.35,393345.0,165.264,2161,True
2025-12-17 16:00:00+00:00,164.23,164.31,161.95,162.43,236665.0,162.801,1121,True
2025-12-17 17:00:00+00:00,162.43,164.27,161.98,163.97,164864.0,163.488,861,True
2025-12-17 18:00:00+00:00,164.13,164.28,162.45,162.83,106049.0,163.305,733,True
2025-12-17 19:00:00+00:00,162.83,163.08,162.1,163.0,185032.0,162.471,925,True
2025-12-17 20:00:00+00:00,163.0,163.49,161.77,161.98,587172.0,162.686,3451,True
2025-12-17 21:00:00+00:00,161.98,163.0,161.98,162.61,454336.0,161.981,34,False
2025-12-17 22:00:00+00:00,162.0,162.0,162.0,162.0,100.0,162.0,1,False
2025-12-17 23:00:00+00:00,162.1,162.1,162.0,162.0,585.0,162.022,3,False
2025-12-18 00:00:00+00:00,162.0,162.0,162.0,162.0,0.0,162.0,0,False
2025-12-18 13:00:00+00:00,162.34,162.7,162.34,162.7,600.0,162.446,4,False
2025-12-18 14:00:00+00:00,163.0,165.0,161.0,164.29,103954.0,162.952,569,False
2025-12-18 15:00:00+00:00,164.28,165.84,163.87,165.65,188347.0,165.18,1381,True
2025-12-18 16:00:00+00:00,165.72,166.33,165.08,165.15,127434.0,165.686,1010,True
2025-12-18 17:00:00+00:00,165.15,165.43,163.69,165.06,78716.0,164.614,635,True
2025-12-18 18:00:00+00:00,165.11,165.85,164.57,165.42,114854.0,165.364,907,True
2025-12-18 19:00:00+00:00,165.46,165.46,164.35,164.5,73465.0,164.862,589,True
2025-12-18 20:00:00+00:00,164.57,165.48,164.54,164.92,309396.0,164.917,2303,True
2025-12-18 21:00:00+00:00,165.0,165.0,163.0,163.0,376383.0,164.999,11,False
2025-12-18 22:00:00+00:00,163.0,163.0,163.0,163.0,0.0,163.0,0,False
2025-12-18 23:00:00+00:00,165.0,165.0,165.0,165.0,100.0,165.0,1,False
2025-12-19 00:00:00+00:00,164.0,164.5,164.0,164.5,200.0,164.25,2,False
2025-12-19 09:00:00+00:00,165.0,165.0,165.0,165.0,100.0,165.0,1,False
2025-12-19 10:00:00+00:00,165.0,165.0,165.0,165.0,0.0,165.0,0,False
2025-12-19 11:00:00+00:00,165.0,165.0,165.0,165.0,0.0,165.0,0,False
2025-12-19 12:00:00+00:00,165.0,165.0,165.0,165.0,0.0,165.0,0,False
2025-12-19 13:00:00+00:00,165.0,165.0,165.0,165.0,0.0,165.0,0,False
2025-12-19 14:00:00+00:00,163.98,165.73,162.67,162.68,205594.0,163.929,468,False
2025-12-19 15:00:00+00:00,162.8,163.48,161.42,162.38,145513.0,162.523,1121,True
2025-12-19 16:00:00+00:00,162.26,163.05,161.82,163.05,88199.0,162.54,633,True
2025-12-19 17:00:00+00:00,163.1,163.8,162.92,163.05,83157.0,163.362,477,True
2025-12-19 18:00:00+00:00,162.93,163.56,162.56,162.56,74171.0,163.106,551,True
2025-12-19 19:00:00+00:00,162.66,163.35,161.15,161.6,149521.0,162.128,946,True
2025-12-19 20:00:00+00:00,161.62,162.24,160.49,161.1,398504.0,161.304,2847,True
2025-12-19 21:00:00+00:00,161.07,161.07,161.07,161.07,1671886.0,161.07,18,False
2025-12-19 22:00:00+00:00,161.07,161.07,161.07,161.07,0.0,161.07,0,False
2025-12-19 23:00:00+00:00,161.07,161.07,161.07,161.07,0.0,161.07,0,False
2025-12-20 00:00:00+00:00,161.38,161.38,161.38,161.38,196.0,161.38,1,False
2025-12-22 13:00:00+00:00,161.76,161.76,161.36,161.36,220.0,161.576,2,False
2025-12-22 14:00:00+00:00,161.95,163.21,161.08,163.2,72119.0,162.141,342,False
2025-12-22 15:00:00+00:00,163.15,166.0,163.14,164.82,114504.0,164.725,780,True
2025-12-22 16:00:00+00:00,164.93,165.16,164.06,164.33,60891.0,164.616,437,True
2025-12-22 17:00:00+00:00,164.38,164.59,163.75,164.43,55784.0,164.131,325,True
2025-12-22 18:00:00+00:00,164.4,164.4,163.66,163.66,34022.0,164.096,269,True
2025-12-22 19:00:00+00:00,163.82,164.32,163.03,163.78,78753.0,163.681,501,True
2025-12-22 20:00:00+00:00,163.89,164.6,163.57,164.45,206101.0,164.222,1559,True
2025-12-22 21:00:00+00:00,164.48,164.7,164.45,164.7,224252.0,164.45,7,False
2025-12-22 22:00:00+00:00,164.7,164.7,164.7,164.7,0.0,164.7,0,False
2025-12-22 23:00:00+00:00,164.7,164.7,164.7,164.7,0.0,164.7,0,False
2025-12-23 00:00:00+00:00,164.7,164.7,164.7,164.7,0.0,164.7,0,False
2025-12-23 11:00:00+00:00,164.8,164.8,164.8,164.8,173.0,164.8,1,False
2025-12-23 12:00:00+00:00,164.45,164.45,164.45,164.45,380.0,164.45,2,False
2025-12-23 13:00:00+00:00,164.45,164.45,164.45,164.45,0.0,164.45,0,False
2025-12-23 14:00:00+00:00,163.01,163.85,159.85,160.1,94109.0,161.508,534,False
2025-12-23 15:00:00+00:00,160.0,160.48,158.04,160.32,149859.0,159.303,1031,True
2025-12-23 16:00:00+00:00,160.34,161.09,160.02,161.09,90888.0,160.641,630,True
2025-12-23 17:00:00+00:00,161.02,161.28,160.53,161.18,72779.0,160.94,504,True
2025-12-23 18:00:00+00:00,161.18,161.76,160.41,161.74,54024.0,161.168,427,True
2025-12-23 19:00:00+00:00,161.78,162.49,161.5,162.29,85262.0,161.906,638,True
2025-12-23 20:00:00+00:00,162.32,163.07,162.08,162.4,257975.0,162.529,2112,True
2025-12-23 21:00:00+00:00,162.39,162.39,162.39,162.39,302467.0,162.39,15,False
2025-12-23 22:00:00+00:00,162.39,162.39,162.39,162.39,0.0,162.39,0,False
2025-12-23 23:00:00+00:00,162.39,162.39,162.39,162.39,0.0,162.39,0,False
2025-12-24 00:00:00+00:00,162.38,162.38,162.38,162.38,150.0,162.38,1,False
2025-12-24 14:00:00+00:00,161.07,162.05,160.02,160.34,39274.0,160.983,161,False
2025-12-24 15:00:00+00:00,160.22,161.39,159.87,161.18,53630.0,160.691,324,True
2025-12-24 16:00:00+00:00,161.22,161.59,160.85,161.31,35910.0,161.285,225,True
2025-12-24 17:00:00+00:00,161.47,161.69,160.92,161.09,44106.0,161.195,369,True
2025-12-24 18:00:00+00:00,161.12,161.12,161.12,161.12,67443.0,161.12,3,True
2025-12-24 19:00:00+00:00,161.12,161.12,161.12,161.12,0.0,161.12,0,True
2025-12-24 20:00:00+00:00,160.12,160.12,160.12,160.12,115.0,160.12,1,True
2025-12-24 21:00:00+00:00,160.12,160.12,160.12,160.12,0.0,160.12,0,False
2025-12-26 13:00:00+00:00,161.01,161.01,161.0,161.0,570.0,161.007,2,False
2025-12-26 14:00:00+00:00,161.68,162.77,161.37,162.25,35296.0,162.028,230,False
2025-12-26 15:00:00+00:00,162.09,162.39,161.2,162.08,46285.0,161.939,318,True
2025-12-26 16:00:00+00:00,162.09,162.78,162.07,162.68,38212.0,162.56,262,True
2025-12-26 17:00:00+00:00,162.66,162.84,162.45,162.5,24573.0,162.608,183,True
2025-12-26 18:00:00+00:00,162.5,163.06,162.16,162.65,41965.0,162.647,292,True
2025-12-26 19:00:00+00:00,162.7,162.93,162.45,162.93,51161.0,162.674,333,True
2025-12-26 20:00:00+00:00,162.88,163.39,162.6,163.2,141777.0,163.064,1063,True
2025-12-26 21:00:00+00:00,163.22,163.26,163.15,163.15,130653.0,163.15,9,False
2025-12-26 22:00:00+00:00,163.15,163.15,163.15,163.15,0.0,163.15,0,False
2025-12-26 23:00:00+00:00,163.15,163.15,163.15,163.15,0.0,163.15,0,False
2025-12-27 00:00:00+00:00,163.15,163.15,163.15,163.15,0.0,163.15,0,False
2025-12-29 13:00:00+00:00,162.48,162.48,162.48,162.48,400.0,162.48,1,False
2025-12-29 14:00:00+00:00,162.02,164.55,162.02,163.79,54692.0,163.076,282,False
2025-12-29 15:00:00+00:00,163.78,164.62,163.09,163.41,54395.0,163.751,399,True
2025-12-29 16:00:00+00:00,163.4,163.77,163.06,163.58,55802.0,163.427,398,True
2025-12-29 17:00:00+00:00,163.58,163.74,163.12,163.48,44377.0,163.542,304,True
2025-12-29 18:00:00+00:00,163.51,163.51,163.13,163.28,37145.0,163.275,295,True
2025-12-29 19:00:00+00:00,163.29,164.28,163.0,163.99,68448.0,163.739,509,True
2025-12-29 20:00:00+00:00,163.99,164.69,163.55,163.93,191133.0,164.075,1490,True
2025-12-29 21:00:00+00:00,164.01,164.5,163.99,163.99,176588.0,163.993,21,False
2025-12-29 22:00:00+00:00,163.99,163.99,163.99,163.99,0.0,163.99,0,False
2025-12-29 23:00:00+00:00,163.99,163.99,163.99,163.99,0.0,163.99,0,False
2025-12-30 00:00:00+00:00,163.99,163.99,163.99,163.99,0.0,163.99,0,False
2025-12-30 14:00:00+00:00,162.56,164.33,162.09,164.05,39378.0,163.062,199,False
2025-12-30 15:00:00+00:00,164.05,164.47,163.11,163.94,56167.0,163.894,480,True
2025-12-30 16:00:00+00:00,163.99,164.5,163.73,163.76,59589.0,164.196,460,True
2025-12-30 17:00:00+00:00,163.75,163.97,163.49,163.76,48272.0,163.724,302,True
2025-12-30 18:00:00+00:00,163.69,163.89,163.2,163.31,42415.0,163.615,267,True
2025-12-30 19:00:00+00:00,163.33,163.5,162.81,162.99,47605.0,163.181,289,True
2025-12-30 20:00:00+00:00,162.99,163.61,162.8,162.94,240302.0,163.175,1490,True
2025-12-30 21:00:00+00:00,162.93,162.95,162.93,162.95,159663.0,162.93,26,False
2025-12-30 22:00:00+00:00,163.2,163.3,163.01,163.01,1295.0,163.103,3,False
2025-12-30 23:00:00+00:00,163.2,163.2,163.2,163.2,900.0,163.2,3,False
2025-12-31 00:00:00+00:00,163.05,163.1,163.05,163.1,300.0,163.083,3,False
2025-12-31 14:00:00+00:00,163.0,163.13,161.53,162.43,46455.0,162.32,280,False
2025-12-31 15:00:00+00:00,162.44,163.27,162.3,162.78,102085.0,162.823,710,True
2025-12-31 16:00:00+00:00,162.8,162.97,162.2,162.9,49494.0,162.637,366,True
2025-12-31 17:00:00+00:00,162.81,162.96,162.28,162.35,56333.0,162.668,431,True
2025-12-31 18:00:00+00:00,162.35,163.08,162.18,163.01,56035.0,162.655,381,True
2025-12-31 19:00:00+00:00,163.01,163.17,162.74,163.14,80769.0,162.965,573,True
2025-12-31 20:00:00+00:00,163.09,163.09,162.11,162.12,276712.0,162.592,1955,True
2025-12-31 21:00:00+00:00,162.14,162.14,162.0,162.0,224417.0,162.14,11,False
2025-12-31 22:00:00+00:00,162.0,162.0,162.0,162.0,0.0,162.0,0,False
2025-12-31 23:00:00+00:00,162.14,162.14,162.0,162.0,500.0,162.084,2,False
2026-01-01 00:00:00+00:00,162.0,162.0,162.0,162.0,200.0,162.0,2,False
2026-01-02 14:00:00+00:00,163.16,163.16,157.1,158.29,153931.0,159.677,860,False
2026-01-02 15:00:00+00:00,158.17,158.42,153.83,155.0,351599.0,155.697,2206,True
2026-01-02 16:00:00+00:00,154.94,157.12,154.69,155.97,129424.0,155.978,970,True
2026-01-02 17:00:00+00:00,155.76,157.28,155.69,155.88,101758.0,156.535,731,True
2026-01-02 18:00:00+00:00,155.91,156.02,154.05,154.9,98654.0,154.911,752,True
2026-01-02 19:00:00+00:00,155.01,157.12,155.0,157.01,85754.0,156.503,663,True
2026-01-02 20:00:00+00:00,157.02,157.36,154.72,154.76,365997.0,155.544,2771,True
2026-01-02 21:00:00+00:00,154.76,155.82,154.76,155.04,257879.0,154.762,21,False
2026-01-02 22:00:00+00:00,154.85,155.25,154.85,155.2,1100.0,155.173,5,False
2026-01-02 23:00:00+00:00,155.2,155.2,155.2,155.2,100.0,155.2,1,False
2026-01-03 00:00:00+00:00,155.28,155.28,155.27,155.28,200.0,155.276,1,False
2026-01-05 13:00:00+00:00,155.85,155.85,155.0,155.0,3482.0,155.422,12,False
2026-01-05 14:00:00+00:00,155.13,156.0,153.4,153.95,251775.0,154.791,1507,False
2026-01-05 15:00:00+00:00,154.03,156.0,153.85,154.35,277511.0,155.069,1808,True
2026-01-05 16:00:00+00:00,154.35,155.54,152.42,155.21,377368.0,153.662,2489,True
2026-01-05 17:00:00+00:00,155.13,156.38,153.85,153.9,143759.0,155.056,1069,True
2026-01-05 18:00:00+00:00,153.93,154.32,153.44,154.15,122305.0,153.905,885,True
2026-01-05 19:00:00+00:00,154.15,154.48,152.9,153.55,177455.0,153.763,1350,True
2026-01-05 20:00:00+00:00,153.44,154.12,153.28,153.91,532589.0,153.819,3558,True
2026-01-05 21:00:00+00:00,153.88,154.7,153.88,154.7,1105401.0,153.88,33,False
2026-01-05 22:00:00+00:00,154.7,154.7,154.7,154.7,0.0,154.7,0,False
2026-01-05 23:00:00+00:00,153.8,153.88,153.8,153.88,200.0,153.84,2,False
2026-01-06 00:00:00+00:00,153.8,153.8,153.7,153.7,206.0,153.751,2,False
2026-01-06 10:00:00+00:00,154.25,154.66,154.25,154.66,294.0,154.389,2,False
2026-01-06 11:00:00+00:00,154.66,154.66,154.66,154.66,0.0,154.66,0,False
2026-01-06 12:00:00+00:00,154.66,154.66,154.66,154.66,0.0,154.66,0,False
2026-01-06 13:00:00+00:00,153.9,153.9,153.9,153.9,600.0,153.9,6,False
2026-01-06 14:00:00+00:00,153.76,158.83,150.5,157.71,223169.0,154.825,1072,False
2026-01-06 15:00:00+00:00,157.67,159.32,156.59,158.72,233595.0,158.009,1849,True
2026-01-06 16:00:00+00:00,158.84,158.96,157.62,157.73,179934.0,158.492,1086,True
2026-01-06 17:00:00+00:00,157.82,159.56,157.5,159.23,221497.0,158.662,1417,True
2026-01-06 18:00:00+00:00,159.38,160.94,159.21,160.71,153503.0,160.25,1244,True
2026-01-06 19:00:00+00:00,160.84,161.18,160.35,160.49,169801.0,160.713,1403,True
2026-01-06 20:00:00+00:00,160.5,160.7,157.85,158.37,450999.0,158.906,3595,True
2026-01-06 21:00:00+00:00,158.36,158.51,158.36,158.51,317311.0,158.36,17,False
2026-01-06 22:00:00+00:00,158.0,158.0,158.0,158.0,121.0,158.0,1,False
2026-01-06 23:00:00+00:00,158.3,158.3,158.3,158.3,104.0,158.3,1,False
2026-01-07 00:00:00+00:00,158.3,158.3,158.3,158.3,0.0,158.3,0,False
2026-01-07 13:00:00+00:00,158.0,158.0,158.0,158.0,400.0,158.0,2,False
2026-01-07 14:00:00+00:00,158.36,160.58,157.21,158.95,119020.0,159.068,701,False
2026-01-07 15:00:00+00:00,159.0,160.27,157.96,160.16,190720.0,159.307,1337,True
2026-01-07 16:00:00+00:00,160.2,160.84,159.53,160.43,231327.0,160.216,1204,True
2026-01-07 17:00:00+00:00,160.46,163.24,160.41,162.63,147881.0,161.676,870,True
2026-01-07 18:00:00+00:00,162.52,163.3,162.21,162.27,145493.0,162.75,972,True
2026-01-07 19:00:00+00:00,162.25,163.12,161.87,162.87,139316.0,162.595,1077,True
2026-01-07 20:00:00+00:00,162.82,163.92,160.7,160.87,450554.0,162.052,2967,True
2026-01-07 21:00:00+00:00,160.87,160.9,160.87,160.87,258684.0,160.87,17,False
2026-01-07 22:00:00+00:00,160.87,160.87,160.87,160.87,300.0,160.87,1,False
2026-01-07 23:00:00+00:00,160.6,160.86,160.6,160.86,787.0,160.694,3,False
2026-01-08 00:00:00+00:00,160.87,160.87,160.55,160.55,450.0,160.763,2,False
2026-01-08 11:00:00+00:00,160.02,160.06,160.02,160.02,304.0,160.033,3,False
2026-01-08 12:00:00+00:00,160.02,160.02,160.02,160.02,0.0,160.02,0,False
2026-01-08 13:00:00+00:00,160.02,160.02,160.02,160.02,0.0,160.02,0,False
2026-01-08 14:00:00+00:00,159.9,159.9,152.79,153.44,326103.0,155.989,1457,False
2026-01-08 15:00:00+00:00,153.47,154.21,152.15,153.24,456977.0,153.306,2117,True
2026-01-08 16:00:00+00:00,153.27,153.65,149.34,151.6,481492.0,151.027,2106,True
2026-01-08 17:00:00+00:00,151.6,153.11,150.3,152.42,390718.0,151.21,1654,True
2026-01-08 18:00:00+00:00,152.41,152.59,150.5,151.01,369442.0,151.603,1591,True
2026-01-08 19:00:00+00:00,150.9,151.48,150.39,151.12,180326.0,150.947,1259,True
2026-01-08 20:00:00+00:00,151.12,151.64,149.02,149.45,466855.0,150.085,3370,True
2026-01-08 21:00:00+00:00,149.43,149.98,149.43,149.96,297843.0,149.434,21,False
2026-01-08 22:00:00+00:00,149.96,149.96,149.96,149.96,0.0,149.96,0,False
2026-01-08 23:00:00+00:00,149.84,150.0,149.82,150.0,1147.0,149.945,6,False
2026-01-09 00:00:00+00:00,150.04,150.05,149.98,150.05,1215.0,150.043,3,False
2026-01-09 09:00:00+00:00,150.0,150.0,150.0,150.0,200.0,150.0,1,False
2026-01-09 10:00:00+00:00,150.0,150.0,150.0,150.0,0.0,150.0,0,False
2026-01-09 11:00:00+00:00,150.0,150.0,150.0,150.0,0.0,150.0,0,False
2026-01-09 12:00:00+00:00,150.0,150.0,150.0,150.0,0.0,150.0,0,False
2026-01-09 13:00:00+00:00,152.8,152.8,150.02,151.65,3435.0,150.836,16,False
2026-01-09 14:00:00+00:00,150.51,150.84,144.83,145.01,196982.0,148.025,1058,False
2026-01-09 15:00:00+00:00,145.3,145.78,143.11,145.08,677933.0,144.26,4145,True
2026-01-09 16:00:00+00:00,145.09,147.11,144.73,146.74,407979.0,145.697,2149,True
2026-01-09 17:00:00+00:00,146.85,147.49,145.49,147.49,266524.0,146.331,1616,True
2026-01-09 18:00:00+00:00,147.49,147.73,145.84,145.88,255978.0,146.778,1500,True
2026-01-09 19:00:00+00:00,145.85,146.25,144.89,145.42,236342.0,145.545,1337,True
2026-01-09 20:00:00+00:00,145.39,146.59,145.15,146.42,331527.0,145.898,2429,True
2026-01-09 21:00:00+00:00,146.42,146.42,146.42,146.42,189784.0,146.42,25,False
2026-01-09 22:00:00+00:00,146.42,146.42,146.42,146.42,0.0,146.42,0,False
2026-01-09 23:00:00+00:00,146.42,146.42,146.42,146.42,0.0,146.42,0,False
2026-01-10 00:00:00+00:00,146.42,146.42,146.42,146.42,0.0,146.42,0,False
2026-01-12 09:00:00+00:00,145.0,145.0,145.0,145.0,500.0,145.0,1,False
2026-01-12 10:00:00+00:00,145.0,145.0,145.0,145.0,0.0,145.0,0,False
2026-01-12 11:00:00+00:00,145.0,145.0,145.0,145.0,0.0,145.0,0,False
2026-01-12 12:00:00+00:00,145.5,145.6,145.5,145.6,340.0,145.542,2,False
2026-01-12 13:00:00+00:00,145.74,145.75,145.6,145.6,1534.0,145.638,5,False
2026-01-12 14:00:00+00:00,145.75,147.86,143.66,147.86,195070.0,145.179,1189,False
2026-01-12 15:00:00+00:00,147.74,148.43,146.46,148.05,215192.0,147.558,1513,True
2026-01-12 16:00:00+00:00,148.09,148.73,147.76,148.37,156435.0,148.273,1235,True
2026-01-12 17:00:00+00:00,148.42,148.52,147.33,147.56,134171.0,147.98,984,True
2026-01-12 18:00:00+00:00,147.48,147.74,146.86,147.1,106579.0,147.248,820,True
2026-01-12 19:00:00+00:00,147.08,147.56,146.66,147.46,141614.0,147.02,1088,True
2026-01-12 20:00:00+00:00,147.46,147.65,146.32,146.34,396379.0,146.729,2934,True
2026-01-12 21:00:00+00:00,146.44,146.88,146.0,146.88,211261.0,146.436,11,False
2026-01-12 22:00:00+00:00,146.88,146.88,146.88,146.88,0.0,146.88,0,False
2026-01-12 23:00:00+00:00,146.88,146.88,146.88,146.88,0.0,146.88,0,False
2026-01-13 00:00:00+00:00,146.78,146.78,146.77,146.78,300.0,146.779,1,False
2026-01-13 10:00:00+00:00,145.87,145.87,145.87,145.87,305.0,145.87,2,False
2026-01-13 11:00:00+00:00,145.9,145.9,145.9,145.9,158.0,145.9,1,False
2026-01-13 12:00:00+00:00,145.95,145.96,145.95,145.96,312.0,145.954,3,False
2026-01-13 13:00:00+00:00,145.0,147.0,145.0,146.38,2027.0,146.105,9,False
2026-01-13 14:00:00+00:00,146.27,148.0,143.76,143.76,151512.0,145.763,1013,False
2026-01-13 15:00:00+00:00,143.76,143.91,138.23,138.61,587131.0,139.879,3686,True
2026-01-13 16:00:00+00:00,138.66,140.3,138.22,139.49,421089.0,139.23,2969,True
2026-01-13 17:00:00+00:00,139.51,140.13,138.63,139.13,332937.0,139.447,2259,True
2026-01-13 18:00:00+00:00,139.08,139.6,138.08,138.37,252843.0,139.002,1909,True
2026-01-13 19:00:00+00:00,138.35,139.58,138.28,138.43,396128.0,138.935,2675,True
2026-01-13 20:00:00+00:00,138.43,139.34,137.66,137.9,962293.0,138.267,6328,True
2026-01-13 21:00:00+00:00,137.89,139.23,137.57,138.2,326392.0,137.986,26,False
2026-01-13 22:00:00+00:00,138.5,138.5,138.07,138.08,400.0,138.294,3,False
2026-01-13 23:00:00+00:00,138.26,138.43,138.0,138.4,900.0,138.254,8,False
2026-01-14 00:00:00+00:00,138.5,138.5,138.2,138.4,600.0,138.433,4,False
2026-01-14 09:00:00+00:00,138.01,138.01,138.0,138.0,300.0,138.003,2,False
2026-01-14 10:00:00+00:00,137.52,137.52,137.5,137.5,200.0,137.51,2,False
2026-01-14 11:00:00+00:00,137.5,137.5,137.5,137.5,0.0,137.5,0,False
2026-01-14 12:00:00+00:00,137.66,137.66,137.0,137.0,1065.0,137.261,9,False
2026-01-14 13:00:00+00:00,138.0,138.0,136.76,136.95,1128.0,137.072,9,False
2026-01-14 14:00:00+00:00,136.65,138.92,136.12,136.15,228825.0,137.312,1276,False
2026-01-14 15:00:00+00:00,136.06,136.14,133.92,134.53,411428.0,134.996,2871,True
2026-01-14 16:00:00+00:00,134.63,135.05,133.43,133.53,274925.0,134.104,1753,True
2026-01-14 17:00:00+00:00,133.52,134.38,132.93,133.15,196711.0,133.6,1512,True
2026-01-14 18:00:00+00:00,133.15,133.4,132.15,132.27,270306.0,132.716,1737,True
2026-01-14 19:00:00+00:00,132.23,132.86,131.19,132.31,295528.0,132.137,1831,True
2026-01-14 20:00:00+00:00,132.31,132.89,131.54,131.95,471135.0,132.168,3615,True
2026-01-14 21:00:00+00:00,131.96,132.85,131.64,132.5,314188.0,131.963,32,False
2026-01-14 22:00:00+00:00,132.15,132.25,131.58,132.1,7692.0,132.216,16,False
2026-01-14 23:00:00+00:00,132.11,132.2,132.0,132.2,700.0,132.159,3,False
2026-01-15 00:00:00+00:00,132.1,132.75,132.0,132.3,2084.0,132.299,16,False
2026-01-15 09:00:00+00:00,131.5,131.99,131.5,131.99,384.0,131.807,3,False
2026-01-15 10:00:00+00:00,131.99,131.99,131.99,131.99,0.0,131.99,0,False
2026-01-15 11:00:00+00:00,132.1,132.1,132.1,132.1,183.0,132.1,1,False
2026-01-15 12:00:00+00:00,132.0,133.0,132.0,133.0,2095.0,132.89,7,False
2026-01-15 13:00:00+00:00,133.25,133.25,132.0,132.79,4638.0,132.5,13,False
2026-01-15 14:00:00+00:00,132.77,133.97,131.96,132.31,347550.0,132.96,1334,False
2026-01-15 15:00:00+00:00,132.31,133.12,131.2,131.9,446991.0,132.213,1973,True
2026-01-15 16:00:00+00:00,131.83,132.7,131.2,131.52,212855.0,131.928,1487,True
2026-01-15 17:00:00+00:00,131.5,131.78,130.88,130.92,187377.0,131.198,962,True
2026-01-15 18:00:00+00:00,130.92,131.56,130.91,131.49,128531.0,131.202,910,True
2026-01-15 19:00:00+00:00,131.47,131.47,128.86,129.07,333975.0,129.738,1958,True
2026-01-15 20:00:00+00:00,129.04,129.08,127.7,128.38,1008088.0,128.258,6097,True
2026-01-15 21:00:00+00:00,128.45,128.98,128.45,128.91,294669.0,128.451,12,False
2026-01-15 22:00:00+00:00,128.9,128.94,128.9,128.94,250.0,128.916,2,False
2026-01-15 23:00:00+00:00,128.77,128.9,128.77,128.9,400.0,128.864,3,False
2026-01-16 00:00:00+00:00,128.9,128.9,128.89,128.9,800.0,128.9,5,False
2026-01-16 09:00:00+00:00,128.9,129.51,128.9,129.5,1002.0,129.381,4,False
2026-01-16 10:00:00+00:00,129.5,129.5,129.5,129.5,0.0,129.5,0,False
2026-01-16 11:00:00+00:00,129.5,129.5,129.5,129.5,0.0,129.5,0,False
2026-01-16 12:00:00+00:00,128.7,128.7,128.7,128.7,109.0,128.7,1,False
2026-01-16 13:00:00+00:00,129.28,129.28,128.51,129.0,4919.0,128.809,22,False
2026-01-16 14:00:00+00:00,129.33,129.46,122.2,122.74,762640.0,123.598,2799,False
2026-01-16 15:00:00+00:00,122.68,123.48,121.29,122.28,865040.0,122.627,4675,True
2026-01-16 16:00:00+00:00,122.28,123.73,122.21,123.09,518127.0,122.866,3333,True
2026-01-16 17:00:00+00:00,123.07,123.17,120.91,120.95,365760.0,121.735,2189,True
2026-01-16 18:00:00+00:00,120.91,121.59,119.91,120.17,484477.0,120.809,2414,True
2026-01-16 19:00:00+00:00,120.17,120.33,119.0,119.11,493160.0,119.648,3178,True
2026-01-16 20:00:00+00:00,119.1,119.79,118.08,118.55,1284155.0,118.956,8156,True
2026-01-16 21:00:00+00:00,118.55,119.0,118.46,118.8,976352.0,118.551,45,False
2026-01-16 22:00:00+00:00,119.0,119.04,118.5,118.66,4918.0,118.704,20,False
2026-01-16 23:00:00+00:00,118.85,118.95,118.85,118.89,300.0,118.897,3,False
2026-01-17 00:00:00+00:00,118.65,118.88,118.5,118.8,8283.0,118.739,21,False
2026-01-20 09:00:00+00:00,117.76,118.0,116.0,116.49,8587.0,116.75,31,False
2026-01-20 10:00:00+00:00,116.49,116.49,116.49,116.49,0.0,116.49,0,False
2026-01-20 11:00:00+00:00,117.11,117.5,116.81,117.48,1799.0,117.151,11,False
2026-01-20 12:00:00+00:00,117.89,118.03,117.37,118.03,8602.0,117.66,50,False
2026-01-20 13:00:00+00:00,116.56,118.45,116.55,117.56,26052.0,117.591,74,False
2026-01-20 14:00:00+00:00,117.51,119.51,115.53,118.85,832342.0,117.756,4805,False
2026-01-20 15:00:00+00:00,118.72,121.21,117.19,120.9,934131.0,119.146,5395,True
2026-01-20 16:00:00+00:00,120.91,121.03,118.3,119.12,556612.0,119.707,3394,True
2026-01-20 17:00:00+00:00,119.08,119.2,117.55,117.68,332502.0,118.252,2240,True
2026-01-20 18:00:00+00:00,117.61,118.04,116.35,116.85,354260.0,117.093,2115,True
2026-01-20 19:00:00+00:00,116.83,117.68,116.47,116.95,312006.0,116.974,2209,True
2026-01-20 20:00:00+00:00,116.94,118.23,116.69,118.07,986489.0,117.631,6539,True
2026-01-20 21:00:00+00:00,118.06,118.1,116.99,117.7,644630.0,118.037,145,False
2026-01-20 22:00:00+00:00,117.8,117.8,117.8,117.8,200.0,117.8,1,False
2026-01-20 23:00:00+00:00,117.85,117.85,117.85,117.85,100.0,117.85,1,False
2026-01-21 00:00:00+00:00,117.85,117.85,117.85,117.85,0.0,117.85,0,False
2026-01-21 09:00:00+00:00,118.92,118.99,118.92,118.99,452.0,118.947,3,False
2026-01-21 10:00:00+00:00,118.02,118.02,118.02,118.02,100.0,118.02,1,False
2026-01-21 11:00:00+00:00,118.89,118.9,118.0,118.0,1335.0,118.233,5,False
2026-01-21 12:00:00+00:00,117.95,118.0,117.83,117.83,366.0,117.929,3,False
2026-01-21 13:00:00+00:00,119.37,119.37,117.52,118.0,7421.0,118.287,24,False
2026-01-21 14:00:00+00:00,118.18,121.75,116.56,121.15,590118.0,119.535,3225,False
2026-01-21 15:00:00+00:00,121.15,121.9,119.93,121.77,633924.0,121.28,3974,True
2026-01-21 16:00:00+00:00,121.8,122.26,120.36,120.66,356689.0,121.434,2675,True
2026-01-21 17:00:00+00:00,120.66,121.91,120.08,121.84,334521.0,121.011,2047,True
2026-01-21 18:00:00+00:00,121.62,122.81,121.45,122.53,343053.0,122.184,2554,True
2026-01-21 19:00:00+00:00,122.48,123.4,121.48,122.47,422527.0,122.371,3139,True
2026-01-21 20:00:00+00:00,122.41,122.65,120.98,122.48,921322.0,121.89,6400,True
2026-01-21 21:00:00+00:00,122.46,122.82,122.41,122.82,505332.0,122.41,15,False
2026-01-21 22:00:00+00:00,123.39,123.69,122.89,123.47,1749.0,123.163,11,False
2026-01-21 23:00:00+00:00,123.7,123.7,123.7,123.7,1000.0,123.7,1,False
2026-01-22 00:00:00+00:00,123.38,123.63,123.38,123.63,329.0,123.456,3,False
2026-01-22 09:00:00+00:00,124.0,124.0,123.81,123.81,400.0,123.905,3,False
2026-01-22 10:00:00+00:00,123.68,124.7,123.06,123.43,5506.0,123.855,37,False
2026-01-22 11:00:00+00:00,123.43,123.43,122.5,122.5,3780.0,122.742,28,False
2026-01-22 12:00:00+00:00,123.0,123.0,122.53,122.53,932.0,122.77,7,False
2026-01-22 13:00:00+00:00,123.9,125.77,122.4,124.0,13211.0,123.047,34,False
2026-01-22 14:00:00+00:00,123.25,124.92,122.61,124.05,229768.0,123.737,1438,False
2026-01-22 15:00:00+00:00,124.23,127.85,124.02,127.11,589903.0,126.345,4018,True
2026-01-22 16:00:00+00:00,127.12,127.5,125.04,125.86,349448.0,126.156,2744,True
2026-01-22 17:00:00+00:00,125.92,126.36,125.31,125.68,200889.0,125.88,1580,True
2026-01-22 18:00:00+00:00,125.69,126.2,125.22,125.72,214974.0,125.613,1614,True
2026-01-22 19:00:00+00:00,125.68,126.27,125.53,126.02,277061.0,125.91,1995,True
2026-01-22 20:00:00+00:00,125.99,128.77,125.92,128.45,929579.0,127.756,6324,True
2026-01-22 21:00:00+00:00,128.44,128.44,127.91,128.11,323993.0,128.438,20,False
2026-01-22 22:00:00+00:00,128.6,128.6,128.3,128.3,1430.0,128.553,8,False
2026-01-22 23:00:00+00:00,128.5,129.23,128.44,129.2,8537.0,128.881,33,False
2026-01-23 00:00:00+00:00,129.0,129.13,129.0,129.13,554.0,129.059,5,False
2026-01-23 09:00:00+00:00,129.18,129.21,129.09,129.09,1009.0,129.181,4,False
2026-01-23 10:00:00+00:00,129.1,129.1,129.05,129.05,543.0,129.076,5,False
2026-01-23 11:00:00+00:00,129.05,129.05,129.05,129.05,0.0,129.05,0,False
2026-01-23 12:00:00+00:00,128.94,129.08,128.51,128.55,2600.0,128.923,24,False
2026-01-23 13:00:00+00:00,128.5,129.99,128.45,128.47,4940.0,128.992,13,False
2026-01-23 14:00:00+00:00,128.6,131.65,128.53,130.72,337046.0,130.736,2090,False
2026-01-23 15:00:00+00:00,130.74,131.25,128.83,130.26,474347.0,130.086,3195,True
2026-01-23 16:00:00+00:00,130.31,131.25,129.94,130.5,287730.0,130.625,1944,True
2026-01-23 17:00:00+00:00,130.5,131.26,129.1,129.48,299522.0,130.255,2130,True
2026-01-23 18:00:00+00:00,129.49,132.28,129.43,131.79,970150.0,131.444,4352,True
2026-01-23 19:00:00+00:00,131.82,132.23,130.5,130.75,351909.0,131.238,2311,True
2026-01-23 20:00:00+00:00,130.69,132.02,130.5,131.74,1118283.0,131.442,6293,True
2026-01-23 21:00:00+00:00,131.75,131.75,131.5,131.5,375505.0,131.75,23,False
2026-01-23 22:00:00+00:00,131.5,131.5,131.5,131.5,0.0,131.5,0,False
2026-01-23 23:00:00+00:00,131.7,131.8,131.61,131.74,500.0,131.731,4,False
2026-01-24 00:00:00+00:00,131.76,131.8,131.76,131.8,633.0,131.792,2,False
2026-01-26 09:00:00+00:00,131.8,131.98,131.45,131.45,915.0,131.681,7,False
2026-01-26 10:00:00+00:00,131.35,131.35,131.35,131.35,108.0,131.35,1,False
2026-01-26 11:00:00+00:00,131.35,131.35,131.35,131.35,0.0,131.35,0,False
2026-01-26 12:00:00+00:00,131.42,132.07,131.02,132.0,2147.0,131.455,9,False
2026-01-26 13:00:00+00:00,132.15,132.5,130.35,132.5,7347.0,132.092,20,False
2026-01-26 14:00:00+00:00,132.59,137.44,132.32,134.9,1018541.0,135.981,4347,False
2026-01-26 15:00:00+00:00,134.89,138.14,134.88,137.4,666473.0,136.116,3364,True
2026-01-26 16:00:00+00:00,137.46,137.53,135.37,135.79,221546.0,136.091,1470,True
2026-01-26 17:00:00+00:00,135.83,137.58,135.75,136.66,253479.0,136.696,1370,True
2026-01-26 18:00:00+00:00,136.57,136.99,135.58,136.25,327509.0,136.51,2036,True
2026-01-26 19:00:00+00:00,136.24,138.1,136.04,138.07,405734.0,137.481,2154,True
2026-01-26 20:00:00+00:00,138.07,138.95,137.92,138.44,941818.0,138.469,6609,True
2026-01-26 21:00:00+00:00,138.44,138.44,137.8,138.38,588985.0,138.439,21,False
2026-01-26 22:00:00+00:00,138.35,138.9,138.35,138.5,1268.0,138.685,5,False
2026-01-26 23:00:00+00:00,138.52,138.52,138.34,138.34,700.0,138.413,3,False
2026-01-27 00:00:00+00:00,138.63,138.86,138.63,138.85,200.0,138.741,2,False
2026-01-27 12:00:00+00:00,138.58,138.94,138.0,138.0,996.0,138.325,9,False
2026-01-27 13:00:00+00:00,138.0,140.0,137.6,137.6,7309.0,138.888,17,False
2026-01-27 14:00:00+00:00,137.9,140.68,131.84,131.84,646418.0,136.094,3306,False
2026-01-27 15:00:00+00:00,131.8,133.98,131.35,132.03,469741.0,132.455,2610,True
2026-01-27 16:00:00+00:00,132.02,133.23,131.17,133.02,332010.0,132.415,2137,True
2026-01-27 17:00:00+00:00,132.91,133.16,132.01,132.7,173536.0,132.738,1204,True
2026-01-27 18:00:00+00:00,132.82,134.2,132.79,133.84,158800.0,133.588,1148,True
2026-01-27 19:00:00+00:00,133.84,133.9,132.16,133.61,313817.0,133.188,2133,True
2026-01-27 20:00:00+00:00,133.66,133.97,133.0,133.89,557315.0,133.507,4140,True
2026-01-27 21:00:00+00:00,133.92,134.0,133.86,133.9,291968.0,133.86,15,False
2026-01-27 22:00:00+00:00,133.8,133.93,133.8,133.93,1291.0,133.814,6,False
2026-01-27 23:00:00+00:00,133.93,133.93,133.93,133.93,0.0,133.93,0,False
2026-01-28 00:00:00+00:00,133.9,134.01,133.86,133.86,1715.0,133.906,7,False
2026-01-28 09:00:00+00:00,134.77,134.77,134.77,134.77,109.0,134.77,1,False
2026-01-28 10:00:00+00:00,134.77,134.77,134.77,134.77,0.0,134.77,0,False
2026-01-28 11:00:00+00:00,134.77,134.77,134.77,134.77,0.0,134.77,0,False
2026-01-28 12:00:00+00:00,134.01,134.11,134.01,134.11,300.0,134.077,3,False
2026-01-28 13:00:00+00:00,134.9,135.0,133.5,133.5,5039.0,133.64,11,False
2026-01-28 14:00:00+00:00,133.57,138.79,133.56,138.47,145311.0,136.143,742,False
2026-01-28 15:00:00+00:00,138.36,138.85,136.16,136.4,196061.0,137.55,1179,True
2026-01-28 16:00:00+00:00,136.49,136.55,134.86,135.52,184486.0,135.676,971,True
2026-01-28 17:00:00+00:00,135.44,135.7,134.71,135.31,62026.0,135.216,542,True
2026-01-28 18:00:00+00:00,135.1,135.27,134.4,134.97,62522.0,134.915,530,True
2026-01-28 19:00:00+00:00,134.93,135.88,133.61,135.19,191762.0,134.953,1275,True
2026-01-28 20:00:00+00:00,135.16,135.8,133.97,134.81,363743.0,134.912,2854,True
2026-01-28 21:00:00+00:00,134.76,134.82,130.0,133.5,202504.0,134.405,153,False
2026-01-28 22:00:00+00:00,131.75,132.01,131.01,132.01,954.0,131.748,7,False
2026-01-28 23:00:00+00:00,132.1,132.1,131.5,131.6,809.0,131.735,7,False
2026-01-29 00:00:00+00:00,131.54,131.56,131.4,131.4,800.0,131.438,3,False
2026-01-29 09:00:00+00:00,132.03,132.03,128.34,128.34,3923.0,130.475,23,False
2026-01-29 10:00:00+00:00,128.34,129.88,128.34,129.5,1405.0,129.089,12,False
2026-01-29 11:00:00+00:00,129.03,129.65,129.0,129.07,1991.0,129.196,11,False
2026-01-29 12:00:00+00:00,129.0,129.75,128.99,129.68,17901.0,129.441,53,False
2026-01-29 13:00:00+00:00,128.99,132.16,128.49,128.98,17060.0,129.189,74,False
2026-01-29 14:00:00+00:00,129.51,129.98,115.01,119.31,1744137.0,118.735,9888,False
2026-01-29 15:00:00+00:00,119.41,121.61,118.11,119.84,1634621.0,119.054,9672,True
2026-01-29 16:00:00+00:00,119.62,119.82,117.11,118.18,471996.0,118.127,3225,True
2026-01-29 17:00:00+00:00,118.03,119.26,117.16,119.02,493797.0,118.175,3249,True
2026-01-29 18:00:00+00:00,119.04,120.33,118.77,119.03,343676.0,119.54,2494,True
2026-01-29 19:00:00+00:00,119.02,119.81,118.25,118.69,318593.0,118.992,2226,True
2026-01-29 20:00:00+00:00,118.69,120.5,118.25,120.33,1227116.0,119.431,7589,True
2026-01-29 21:00:00+00:00,120.38,120.64,119.0,120.34,436469.0,120.378,27,False
2026-01-29 22:00:00+00:00,120.15,120.5,120.15,120.35,746.0,120.304,3,False
2026-01-29 23:00:00+00:00,119.16,120.0,119.16,120.0,450.0,119.349,2,False
2026-01-30 00:00:00+00:00,120.64,120.64,120.1,120.1,1005.0,120.321,7,False
2026-01-30 09:00:00+00:00,120.12,120.15,119.52,119.52,450.0,119.992,4,False
2026-01-30 10:00:00+00:00,119.54,119.54,119.52,119.52,214.0,119.529,2,False
2026-01-30 11:00:00+00:00,119.52,119.52,119.52,119.52,0.0,119.52,0,False
2026-01-30 12:00:00+00:00,119.82,119.82,119.7,119.7,400.0,119.743,4,False
2026-01-30 13:00:00+00:00,119.13,120.38,119.08,119.5,2291.0,119.732,15,False
2026-01-30 14:00:00+00:00,120.37,123.56,119.72,120.4,303439.0,121.571,1757,False
2026-01-30 15:00:00+00:00,120.64,120.64,119.2,119.93,350752.0,119.876,2440,True
2026-01-30 16:00:00+00:00,119.93,120.0,118.69,119.03,316639.0,119.158,2135,True
2026-01-30 17:00:00+00:00,119.08,120.28,118.67,119.9,340912.0,119.518,2253,True
2026-01-30 18:00:00+00:00,119.9,120.14,118.7,119.76,285378.0,119.478,1814,True
2026-01-30 19:00:00+00:00,119.61,120.29,119.3,119.33,296611.0,119.701,2148,True
2026-01-30 20:00:00+00:00,119.41,119.72,117.83,118.24,820776.0,118.512,6009,True
2026-01-30 21:00:00+00:00,118.18,118.26,117.91,118.25,450270.0,118.179,20,False
2026-01-30 22:00:00+00:00,118.25,118.25,118.25,118.25,0.0,118.25,0,False
2026-01-30 23:00:00+00:00,118.25,118.25,118.25,118.25,0.0,118.25,0,False
2026-01-31 00:00:00+00:00,118.2,118.2,118.2,118.2,100.0,118.2,1,False
2026-02-02 09:00:00+00:00,117.5,118.0,117.5,118.0,2394.0,117.908,7,False
2026-02-02 10:00:00+00:00,118.0,118.0,118.0,118.0,200.0,118.0,1,False
2026-02-02 11:00:00+00:00,117.56,117.63,117.56,117.56,307.0,117.583,3,False
2026-02-02 12:00:00+00:00,117.58,117.6,117.58,117.6,393.0,117.595,3,False
2026-02-02 13:00:00+00:00,116.17,118.5,116.04,117.55,3307.0,117.451,12,False
2026-02-02 14:00:00+00:00,118.0,119.61,115.67,117.82,385270.0,118.08,2438,False
2026-02-02 15:00:00+00:00,117.81,118.56,116.88,117.69,456958.0,117.828,3041,True
2026-02-02 16:00:00+00:00,117.73,118.21,117.14,117.19,376436.0,117.632,2494,True
2026-02-02 17:00:00+00:00,117.17,118.28,117.09,117.78,338367.0,117.699,1878,True
2026-02-02 18:00:00+00:00,117.85,117.96,115.48,115.57,231193.0,116.379,1499,True
2026-02-02 19:00:00+00:00,115.46,115.68,113.89,113.98,380253.0,114.877,2294,True
2026-02-02 20:00:00+00:00,113.99,115.13,113.47,113.75,903463.0,114.165,6177,True
2026-02-02 21:00:00+00:00,113.7,114.91,113.7,113.86,417948.0,113.701,16,False
2026-02-02 22:00:00+00:00,113.86,114.13,113.85,114.12,400.0,113.99,3,False
2026-02-02 23:00:00+00:00,113.96,114.89,113.85,114.89,4804.0,114.368,13,False
2026-02-03 00:00:00+00:00,114.3,114.34,114.29,114.34,2534.0,114.301,6,False
2026-02-03 09:00:00+00:00,114.39,114.39,113.7,113.85,3280.0,113.749,9,False
2026-02-03 10:00:00+00:00,113.85,113.85,113.85,113.85,0.0,113.85,0,False
2026-02-03 11:00:00+00:00,113.03,113.03,112.0,112.41,2431.0,112.513,18,False
2026-02-03 12:00:00+00:00,112.5,112.5,112.0,112.0,2650.0,112.062,15,False
2026-02-03 13:00:00+00:00,112.99,114.73,110.71,110.75,4383.0,111.826,28,False
2026-02-03 14:00:00+00:00,111.0,111.2,105.11,105.23,681575.0,107.248,3825,False
2026-02-03 15:00:00+00:00,105.24,107.09,103.48,103.48,953524.0,104.753,5720,True
2026-02-03 16:00:00+00:00,103.48,103.76,101.55,101.73,923774.0,102.581,5940,True
2026-02-03 17:00:00+00:00,101.73,102.51,100.92,101.99,552609.0,101.651,3679,True
2026-02-03 18:00:00+00:00,101.92,104.04,101.03,103.85,615817.0,102.398,3510,True
2026-02-03 19:00:00+00:00,103.82,104.76,103.08,104.62,459992.0,103.846,2915,True
2026-02-03 20:00:00+00:00,104.59,105.3,104.35,104.98,927021.0,104.903,5989,True
2026-02-03 21:00:00+00:00,105.0,105.74,105.0,105.5,465165.0,105.001,25,False
2026-02-03 22:00:00+00:00,105.3,105.39,105.0,105.38,1290.0,105.296,4,False
2026-02-03 23:00:00+00:00,105.1,105.1,104.76,105.0,1218.0,104.882,6,False
2026-02-04 00:00:00+00:00,104.92,105.5,104.2,105.5,4237.0,104.278,3,False
2026-02-04 09:00:00+00:00,106.27,106.27,104.5,105.5,4402.0,105.211,18,False
2026-02-04 10:00:00+00:00,104.97,105.51,104.97,105.51,1434.0,105.436,7,False
2026-02-04 11:00:00+00:00,105.9,105.9,104.46,104.59,15995.0,105.129,26,False
2026-02-04 12:00:00+00:00,104.51,104.62,104.47,104.5,2149.0,104.525,14,False
2026-02-04 13:00:00+00:00,105.9,105.9,103.39,103.69,25238.0,103.6,30,False
2026-02-04 14:00:00+00:00,103.4,105.39,99.06,99.24,987636.0,102.055,4987,False
2026-02-04 15:00:00+00:00,99.12,110.23,98.7,109.23,1343187.0,105.968,8527,True
2026-02-04 16:00:00+00:00,109.23,109.4,105.85,106.57,596980.0,107.494,4371,True
2026-02-04 17:00:00+00:00,106.48,106.63,104.52,104.79,418013.0,105.433,2803,True
2026-02-04 18:00:00+00:00,104.74,106.14,104.44,105.63,262768.0,105.13,1977,True
2026-02-04 19:00:00+00:00,105.7,105.97,104.79,105.95,372609.0,105.483,2854,True
2026-02-04 20:00:00+00:00,105.99,106.18,104.5,105.03,842050.0,105.072,5818,True
2026-02-04 21:00:00+00:00,105.04,106.0,104.71,105.0,496102.0,105.04,32,False
2026-02-04 22:00:00+00:00,106.0,106.0,105.75,105.75,1600.0,105.984,2,False
2026-02-04 23:00:00+00:00,106.0,106.4,105.9,105.9,1200.0,106.325,3,False
2026-02-05 00:00:00+00:00,105.04,105.04,104.35,104.36,500.0,104.493,2,False
2026-02-05 09:00:00+00:00,105.5,105.57,105.5,105.57,894.0,105.555,5,False
2026-02-05 10:00:00+00:00,106.36,106.36,105.66,105.66,200.0,106.01,2,False
2026-02-05 11:00:00+00:00,106.2,106.2,106.18,106.18,250.0,106.192,2,False
2026-02-05 12:00:00+00:00,106.04,106.04,103.17,103.17,10046.0,104.959,17,False
2026-02-05 13:00:00+00:00,105.95,106.5,104.5,104.54,2949.0,105.552,15,False
2026-02-05 14:00:00+00:00,104.45,106.96,102.25,103.19,393060.0,104.342,2517,False
2026-02-05 15:00:00+00:00,103.18,104.12,102.04,104.12,866461.0,103.083,6312,True
2026-02-05 16:00:00+00:00,104.15,105.78,102.94,105.7,485358.0,104.372,3659,True
2026-02-05 17:00:00+00:00,105.62,106.17,103.5,103.7,432059.0,104.843,2972,True
2026-02-05 18:00:00+00:00,103.69,104.15,101.73,101.95,417773.0,102.749,2929,True
2026-02-05 19:00:00+00:00,101.94,102.03,99.51,99.53,532911.0,100.612,4101,True
2026-02-05 20:00:00+00:00,99.5,100.8,97.93,98.53,1587644.0,98.67,10282,True
2026-02-05 21:00:00+00:00,98.52,106.65,88.22,89.7,994747.0,96.096,1798,False
2026-02-05 22:00:00+00:00,89.8,93.81,88.8,93.66,122090.0,90.268,584,False
2026-02-05 23:00:00+00:00,93.03,96.0,93.0,94.29,53874.0,94.402,135,False
2026-02-06 00:00:00+00:00,94.29,94.29,93.34,93.97,17065.0,93.894,45,False
2026-02-06 09:00:00+00:00,97.69,100.0,97.02,100.0,3064.0,98.397,23,False
2026-02-06 10:00:00+00:00,100.14,100.96,99.51,100.06,2650.0,100.33,19,False
2026-02-06 11:00:00+00:00,100.48,102.44,100.0,102.44,10445.0,100.823,57,False
2026-02-06 12:00:00+00:00,102.6,102.6,95.39,97.6,32473.0,98.991,137,False
2026-02-06 13:00:00+00:00,97.0,102.06,94.75,97.6,128771.0,97.672,314,False
2026-02-06 14:00:00+00:00,97.6,102.99,94.0,94.27,2071951.0,99.545,9866,False
2026-02-06 15:00:00+00:00,94.33,94.88,92.47,94.15,2372707.0,93.64,12924,True
2026-02-06 16:00:00+00:00,94.22,97.38,93.67,95.43,1212669.0,95.308,6396,True
2026-02-06 17:00:00+00:00,95.4,95.86,94.57,95.06,712444.0,95.169,4266,True
2026-02-06 18:00:00+00:00,95.13,95.39,93.51,93.8,745775.0,94.332,4002,True
2026-02-06 19:00:00+00:00,93.76,94.6,92.33,92.7,722603.0,93.565,4179,True
2026-02-06 20:00:00+00:00,92.65,95.07,92.32,94.7,1829530.0,93.848,9901,True
2026-02-06 21:00:00+00:00,94.72,95.5,94.44,94.76,747461.0,94.718,29,False
2026-02-06 22:00:00+00:00,94.55,95.0,94.0,94.5,9497.0,94.614,18,False
2026-02-06 23:00:00+00:00,94.58,95.29,94.5,94.83,4230.0,94.831,14,False
2026-02-07 00:00:00+00:00,94.84,95.0,94.74,94.85,1419.0,94.9,11,False
2026-02-09 09:00:00+00:00,96.48,96.48,96.48,96.48,103.0,96.48,1,False
2026-02-09 10:00:00+00:00,95.16,95.41,95.0,95.0,563.0,95.117,5,False
2026-02-09 11:00:00+00:00,95.0,95.0,95.0,95.0,0.0,95.0,0,False
2026-02-09 12:00:00+00:00,95.0,95.0,93.89,94.05,8518.0,94.086,38,False
2026-02-09 13:00:00+00:00,93.89,96.5,93.51,93.8,20800.0,94.235,80,False
2026-02-09 14:00:00+00:00,93.76,94.1,88.51,91.28,1055906.0,91.497,5680,False
2026-02-09 15:00:00+00:00,91.16,92.4,89.76,91.9,1167963.0,90.934,7734,True
2026-02-09 16:00:00+00:00,91.87,92.96,91.75,91.98,671088.0,92.165,4346,True
2026-02-09 17:00:00+00:00,91.98,92.25,91.42,91.49,493029.0,91.858,3042,True
2026-02-09 18:00:00+00:00,91.49,93.25,91.43,93.09,392507.0,92.377,2740,True
2026-02-09 19:00:00+00:00,93.06,93.5,92.09,92.11,586290.0,92.615,3754,True
2026-02-09 20:00:00+00:00,92.08,92.77,91.03,91.21,1410662.0,91.567,9632,True
2026-02-09 21:00:00+00:00,91.23,91.78,91.21,91.7,596635.0,91.233,30,False
2026-02-09 22:00:00+00:00,91.62,91.62,91.45,91.57,2373.0,91.53,11,False
2026-02-09 23:00:00+00:00,91.62,91.75,91.5,91.74,1700.0,91.593,7,False
2026-02-10 00:00:00+00:00,91.6,91.75,91.5,91.74,3078.0,91.654,13,False
2026-02-10 09:00:00+00:00,91.23,91.24,91.22,91.24,960.0,91.23,6,False
2026-02-10 10:00:00+00:00,91.05,91.17,90.3,90.3,4650.0,90.583,29,False
2026-02-10 11:00:00+00:00,90.21,90.5,89.76,90.49,1439.0,90.252,12,False
2026-02-10 12:00:00+00:00,90.0,90.6,90.0,90.5,1355.0,90.356,7,False
2026-02-10 13:00:00+00:00,90.55,91.69,90.0,90.2,18742.0,90.334,54,False
2026-02-10 14:00:00+00:00,90.2,95.3,90.16,94.87,815737.0,92.673,4764,False
2026-02-10 15:00:00+00:00,94.87,97.0,94.19,95.62,1006266.0,95.704,6669,True
2026-02-10 16:00:00+00:00,95.68,95.9,92.78,93.3,640714.0,94.406,4565,True
2026-02-10 17:00:00+00:00,93.37,94.13,92.6,92.65,505162.0,93.464,3063,True
2026-02-10 18:00:00+00:00,92.67,92.82,91.91,92.68,373120.0,92.361,2892,True
2026-02-10 19:00:00+00:00,92.7,92.77,92.07,92.43,376268.0,92.435,2613,True
2026-02-10 20:00:00+00:00,92.43,93.16,92.3,92.9,839997.0,92.794,6183,True
2026-02-10 21:00:00+00:00,92.92,93.86,92.0,93.1,465239.0,92.924,39,False
2026-02-10 22:00:00+00:00,93.0,93.14,93.0,93.13,1050.0,93.096,7,False
2026-02-10 23:00:00+00:00,93.0,93.15,92.99,93.01,1350.0,93.077,9,False
2026-02-11 00:00:00+00:00,93.16,94.0,93.16,94.0,500.0,93.593,3,False
2026-02-11 09:00:00+00:00,93.02,93.02,93.0,93.0,476.0,93.012,3,False
2026-02-11 10:00:00+00:00,93.0,93.0,93.0,93.0,0.0,93.0,0,False
2026-02-11 11:00:00+00:00,93.0,93.0,93.0,93.0,0.0,93.0,0,False
2026-02-11 12:00:00+00:00,92.82,93.5,92.73,93.5,1179.0,93.061,6,False
2026-02-11 13:00:00+00:00,92.47,93.89,92.0,93.45,7787.0,92.94,30,False
2026-02-11 14:00:00+00:00,93.21,93.55,86.13,86.92,1080786.0,87.927,6260,False
2026-02-11 15:00:00+00:00,86.92,87.78,85.85,86.86,1206499.0,86.651,7100,True
2026-02-11 16:00:00+00:00,86.87,87.0,85.28,85.43,821615.0,86.174,4661,True
2026-02-11 17:00:00+00:00,85.45,86.56,85.04,86.23,591683.0,85.835,3531,True
2026-02-11 18:00:00+00:00,86.23,87.05,85.48,87.05,479825.0,86.196,2982,True
2026-02-11 19:00:00+00:00,87.03,87.54,86.29,87.18,638289.0,86.869,3478,True
2026-02-11 20:00:00+00:00,87.13,87.87,86.39,86.98,1071864.0,87.011,6586,True
2026-02-11 21:00:00+00:00,86.97,87.5,86.5,86.9,346330.0,86.968,23,False
2026-02-11 22:00:00+00:00,86.85,87.37,86.85,87.37,6283.0,86.946,8,False
2026-02-11 23:00:00+00:00,87.15,87.43,87.15,87.36,1014.0,87.315,5,False
2026-02-12 00:00:00+00:00,87.3,87.3,87.0,87.1,3794.0,87.116,6,False
2026-02-12 12:00:00+00:00,87.74,87.77,87.6,87.77,1621.0,87.645,11,False
2026-02-12 13:00:00+00:00,87.77,87.99,87.18,87.87,3322.0,87.663,19,False
2026-02-12 14:00:00+00:00,87.8,88.5,86.0,87.2,919633.0,87.253,5188,False
2026-02-12 15:00:00+00:00,87.38,88.38,85.47,85.54,1379151.0,87.364,6312,True
2026-02-12 16:00:00+00:00,85.56,85.8,83.48,83.74,1933993.0,84.257,8313,True
2026-02-12 17:00:00+00:00,83.8,84.34,83.17,83.72,661107.0,83.686,4043,True
2026-02-12 18:00:00+00:00,83.75,84.38,83.24,84.06,616877.0,83.719,4501,True
2026-02-12 19:00:00+00:00,84.09,85.31,84.05,84.62,688568.0,84.821,4845,True
2026-02-12 20:00:00+00:00,84.73,87.02,84.62,86.49,1557243.0,86.303,10624,True
2026-02-12 21:00:00+00:00,86.48,87.0,86.48,86.85,727409.0,86.482,32,False
2026-02-12 22:00:00+00:00,86.91,87.37,86.9,87.36,850.0,87.093,6,False
2026-02-12 23:00:00+00:00,86.65,87.04,86.63,86.63,1024.0,86.729,5,False
2026-02-13 00:00:00+00:00,86.89,86.89,86.0,86.0,1914.0,86.409,10,False
2026-02-13 09:00:00+00:00,86.5,86.5,86.48,86.48,534.0,86.489,3,False
2026-02-13 10:00:00+00:00,86.48,86.48,86.48,86.48,0.0,86.48,0,False
2026-02-13 11:00:00+00:00,87.0,87.0,86.6,86.6,831.0,86.818,3,False
2026-02-13 12:00:00+00:00,86.35,86.56,86.35,86.55,360.0,86.497,3,False
2026-02-13 13:00:00+00:00,86.29,87.1,85.35,87.1,8145.0,86.134,28,False
2026-02-13 14:00:00+00:00,86.9,87.35,84.32,86.39,956626.0,85.908,5530,False
2026-02-13 15:00:00+00:00,86.4,88.25,85.86,86.58,609274.0,86.934,3675,True
2026-02-13 16:00:00+00:00,86.61,87.68,85.96,87.42,377682.0,86.741,2434,True
2026-02-13 17:00:00+00:00,87.45,88.02,86.81,86.93,281523.0,87.422,1893,True
2026-02-13 18:00:00+00:00,86.92,87.21,86.33,86.46,223181.0,86.847,1577,True
2026-02-13 19:00:00+00:00,86.47,86.63,85.13,85.26,442490.0,85.824,3112,True
2026-02-13 20:00:00+00:00,85.26,85.47,84.0,84.38,1115765.0,84.394,7196,True
2026-02-13 21:00:00+00:00,84.38,85.0,84.38,85.0,477360.0,84.38,37,False
2026-02-13 22:00:00+00:00,84.54,84.58,84.54,84.55,742.0,84.557,4,False
2026-02-13 23:00:00+00:00,84.52,84.55,84.4,84.55,1593.0,84.499,7,False
2026-02-14 00:00:00+00:00,84.41,84.5,84.41,84.5,2567.0,84.421,3,False
2026-02-17 09:00:00+00:00,84.1,84.1,83.62,83.62,2468.0,83.713,13,False
2026-02-17 10:00:00+00:00,83.65,83.65,83.65,83.65,100.0,83.65,1,False
2026-02-17 11:00:00+00:00,83.66,83.72,83.62,83.72,1380.0,83.662,6,False
2026-02-17 12:00:00+00:00,83.75,83.8,83.5,83.5,2819.0,83.59,13,False
2026-02-17 13:00:00+00:00,83.74,85.02,83.01,84.5,22481.0,84.134,105,False
2026-02-17 14:00:00+00:00,84.7,87.2,83.41,83.43,748184.0,84.93,3429,False
2026-02-17 15:00:00+00:00,83.41,83.92,80.77,81.23,1101660.0,81.908,6129,True
2026-02-17 16:00:00+00:00,81.25,81.43,80.55,80.93,735198.0,81.024,4242,True
2026-02-17 17:00:00+00:00,80.91,81.35,80.4,80.98,879126.0,80.794,4181,True
2026-02-17 18:00:00+00:00,81.0,82.43,80.56,81.74,753463.0,81.431,3824,True
2026-02-17 19:00:00+00:00,81.74,82.16,81.4,81.84,477902.0,81.712,2941,True
2026-02-17 20:00:00+00:00,81.87,82.24,81.4,82.12,1235461.0,81.947,7149,True
2026-02-17 21:00:00+00:00,82.18,82.18,81.73,82.0,705786.0,82.149,17,False
2026-02-17 22:00:00+00:00,81.74,82.0,81.74,82.0,290.0,81.858,2,False
2026-02-17 23:00:00+00:00,82.0,82.05,81.76,82.05,672.0,81.961,4,False
2026-02-18 00:00:00+00:00,81.9,81.99,81.65,81.82,7252.0,81.811,12,False
2026-02-18 11:00:00+00:00,82.86,82.86,82.61,82.61,1547.0,82.627,7,False
2026-02-18 12:00:00+00:00,82.56,82.57,82.23,82.3,1590.0,82.416,8,False
2026-02-18 13:00:00+00:00,83.0,83.33,82.0,82.08,3954.0,82.387,20,False
2026-02-18 14:00:00+00:00,82.07,83.36,80.4,82.87,354337.0,81.912,1804,False
2026-02-18 15:00:00+00:00,83.02,84.07,82.25,83.71,699356.0,83.32,4246,True
2026-02-18 16:00:00+00:00,83.72,84.48,83.03,83.3,414061.0,83.548,2635,True
2026-02-18 17:00:00+00:00,83.3,84.06,83.14,83.85,441394.0,83.643,2454,True
2026-02-18 18:00:00+00:00,83.84,84.07,83.39,83.73,215824.0,83.671,1555,True
2026-02-18 19:00:00+00:00,83.65,84.17,83.3,83.64,290846.0,83.827,1982,True
2026-02-18 20:00:00+00:00,83.67,84.12,83.54,83.61,594206.0,83.733,4233,True
2026-02-18 21:00:00+00:00,83.61,84.0,83.61,83.99,381378.0,83.611,17,False
2026-02-18 22:00:00+00:00,83.58,86.0,83.58,84.0,5052.0,84.74,29,False
2026-02-18 23:00:00+00:00,83.85,83.85,83.85,83.85,105.0,83.85,1,False
2026-02-19 00:00:00+00:00,84.0,84.34,84.0,84.34,300.0,84.207,3,False
2026-02-19 10:00:00+00:00,83.81,83.81,83.79,83.8,670.0,83.801,3,False
2026-02-19 11:00:00+00:00,84.03,84.2,84.0,84.2,1218.0,84.062,9,False
2026-02-19 12:00:00+00:00,84.31,84.42,84.21,84.21,1010.0,84.316,8,False
2026-02-19 13:00:00+00:00,84.21,84.31,83.2,83.8,3431.0,83.954,19,False
2026-02-19 14:00:00+00:00,83.77,84.35,81.05,83.09,774919.0,82.485,4138,False
2026-02-19 15:00:00+00:00,83.09,83.69,81.47,81.9,677378.0,82.534,4042,True
2026-02-19 16:00:00+00:00,81.93,82.45,81.62,81.76,361426.0,81.982,2246,True
2026-02-19 17:00:00+00:00,81.77,81.94,81.02,81.57,449636.0,81.498,2307,True
2026-02-19 18:00:00+00:00,81.57,81.64,81.04,81.51,402915.0,81.344,2601,True
2026-02-19 19:00:00+00:00,81.51,81.6,80.75,81.06,373164.0,81.131,2297,True
2026-02-19 20:00:00+00:00,81.08,81.14,80.21,80.22,1142427.0,80.489,7677,True
2026-02-19 21:00:00+00:00,80.26,80.5,80.2,80.5,483959.0,80.261,34,False
2026-02-19 22:00:00+00:00,80.48,80.5,80.26,80.28,3175.0,80.339,10,False
2026-02-19 23:00:00+00:00,80.26,80.4,80.25,80.25,2669.0,80.272,13,False
2026-02-20 00:00:00+00:00,80.27,80.6,80.25,80.6,3505.0,80.329,10,False
2026-02-20 09:00:00+00:00,81.04,81.04,80.78,80.78,1095.0,80.87,6,False
2026-02-20 10:00:00+00:00,80.81,80.81,80.78,80.78,1210.0,80.786,7,False
2026-02-20 11:00:00+00:00,80.9,80.93,80.63,80.63,6826.0,80.825,43,False
2026-02-20 12:00:00+00:00,80.78,80.79,80.4,80.4,1330.0,80.573,11,False
2026-02-20 13:00:00+00:00,81.43,81.43,79.3,79.77,18896.0,79.774,63,False
2026-02-20 14:00:00+00:00,79.6,80.26,78.2,79.63,679185.0,79.461,2981,False
2026-02-20 15:00:00+00:00,79.63,81.19,78.53,79.25,879389.0,79.654,4676,True
2026-02-20 16:00:00+00:00,79.24,79.28,77.88,78.12,555944.0,78.491,3143,True
2026-02-20 17:00:00+00:00,78.14,78.17,76.92,77.37,779794.0,77.387,3523,True
2026-02-20 18:00:00+00:00,77.39,77.39,75.7,77.16,1217762.0,76.357,6421,True
2026-02-20 19:00:00+00:00,77.19,77.25,75.03,75.06,973379.0,75.993,5131,True
2026-02-20 20:00:00+00:00,75.08,76.11,75.01,76.0,1706973.0,75.686,8285,True
2026-02-20 21:00:00+00:00,75.98,76.0,75.82,75.99,514317.0,75.98,25,False
2026-02-20 22:00:00+00:00,75.99,76.0,75.75,75.85,2882.0,75.867,14,False
2026-02-20 23:00:00+00:00,75.85,76.0,75.85,75.96,5432.0,75.897,17,False
2026-02-21 00:00:00+00:00,75.94,76.0,75.85,75.95,6150.0,75.875,10,False
2026-02-23 09:00:00+00:00,75.53,75.7,75.25,75.25,1468.0,75.494,8,False
2026-02-23 10:00:00+00:00,75.25,75.25,75.25,75.25,0.0,75.25,0,False
2026-02-23 11:00:00+00:00,75.25,75.36,75.1,75.1,1067.0,75.195,9,False
2026-02-23 12:00:00+00:00,75.35,75.49,74.99,74.99,7427.0,75.163,33,False
2026-02-23 13:00:00+00:00,75.38,75.6,74.6,74.9,18935.0,75.029,69,False
2026-02-23 14:00:00+00:00,75.0,75.0,70.67,71.14,1417312.0,71.957,6967,False
2026-02-23 15:00:00+00:00,71.09,71.58,69.62,70.4,1829186.0,70.359,8242,True
2026-02-23 16:00:00+00:00,70.34,71.24,70.07,70.22,896967.0,70.669,4743,True
2026-02-23 17:00:00+00:00,70.22,70.32,69.59,70.18,652769.0,70.008,3847,True
2026-02-23 18:00:00+00:00,70.22,70.31,69.36,69.48,484695.0,69.846,3009,True
2026-02-23 19:00:00+00:00,69.51,69.74,68.74,69.0,726127.0,69.178,3999,True
2026-02-23 20:00:00+00:00,68.9,69.15,68.27,68.8,1423350.0,68.697,8718,True
2026-02-23 21:00:00+00:00,68.81,68.89,68.5,68.75,501875.0,68.806,60,False
2026-02-23 22:00:00+00:00,68.75,68.8,68.64,68.77,4609.0,68.694,11,False
2026-02-23 23:00:00+00:00,68.75,68.8,68.51,68.72,4523.0,68.753,20,False
2026-02-24 00:00:00+00:00,68.7,68.8,68.6,68.6,3222.0,68.694,9,False
2026-02-24 09:00:00+00:00,68.81,68.85,68.81,68.85,1017.0,68.82,6,False
2026-02-24 10:00:00+00:00,68.9,69.17,68.87,68.87,2771.0,69.002,11,False
2026-02-24 11:00:00+00:00,68.85,69.02,68.85,69.0,1036.0,68.931,6,False
2026-02-24 12:00:00+00:00,68.85,69.0,68.32,68.6,3342.0,68.727,21,False
2026-02-24 13:00:00+00:00,68.95,69.2,68.31,69.17,18224.0,68.826,59,False
2026-02-24 14:00:00+00:00,69.2,73.2,67.85,69.92,2321931.0,70.862,11535,False
2026-02-24 15:00:00+00:00,69.92,71.89,69.34,71.09,1925358.0,70.839,10560,True
2026-02-24 16:00:00+00:00,71.09,71.65,70.2,71.61,725179.0,70.845,4602,True
2026-02-24 17:00:00+00:00,71.61,71.82,71.04,71.23,461503.0,71.454,2639,True
2026-02-24 18:00:00+00:00,71.2,71.81,70.72,71.33,374028.0,71.243,2333,True
2026-02-24 19:00:00+00:00,71.3,71.88,71.0,71.06,360307.0,71.432,2526,True
2026-02-24 20:00:00+00:00,71.07,71.47,70.98,71.18,826207.0,71.173,5714,True
2026-02-24 21:00:00+00:00,71.18,71.2,70.39,70.39,672289.0,71.164,73,False
2026-02-24 22:00:00+00:00,70.4,70.4,70.0,70.02,4800.0,70.135,11,False
2026-02-24 23:00:00+00:00,70.03,70.25,70.03,70.25,2131.0,70.1,8,False
2026-02-25 00:00:00+00:00,70.39,70.5,70.28,70.28,2567.0,70.483,9,False
2026-02-25 09:00:00+00:00,70.56,70.56,70.5,70.5,687.0,70.509,5,False
2026-02-25 10:00:00+00:00,70.5,70.5,70.5,70.5,0.0,70.5,0,False
2026-02-25 11:00:00+00:00,70.5,70.5,70.5,70.5,0.0,70.5,0,False
2026-02-25 12:00:00+00:00,71.08,71.21,70.96,71.21,2824.0,71.043,16,False
2026-02-25 13:00:00+00:00,71.93,71.94,70.7,71.0,13238.0,71.325,38,False
2026-02-25 14:00:00+00:00,71.19,72.03,67.87,71.25,1189205.0,69.584,5561,False
2026-02-25 15:00:00+00:00,71.25,72.61,71.23,72.33,793789.0,72.022,4262,True
2026-02-25 16:00:00+00:00,72.3,72.75,71.68,72.49,392680.0,72.284,2633,True
2026-02-25 17:00:00+00:00,72.47,72.89,71.42,72.87,511684.0,72.263,2834,True
2026-02-25 18:00:00+00:00,72.88,73.55,72.8,73.24,381084.0,73.171,2088,True
2026-02-25 19:00:00+00:00,73.24,73.32,72.57,72.89,427547.0,72.897,2533,True
2026-02-25 20:00:00+00:00,72.89,73.22,72.58,73.19,661775.0,72.924,4580,True
2026-02-25 21:00:00+00:00,73.19,73.19,72.1,72.39,372344.0,73.171,40,False
2026-02-25 22:00:00+00:00,72.62,72.69,71.7,72.4,2634.0,72.356,13,False
2026-02-25 23:00:00+00:00,72.49,72.5,72.49,72.5,10100.0,72.49,2,False
2026-02-26 00:00:00+00:00,72.01,72.5,72.01,72.5,4308.0,72.025,3,False
2026-02-26 09:00:00+00:00,72.5,73.5,72.5,73.5,972.0,73.0,6,False
2026-02-26 10:00:00+00:00,73.07,73.07,73.07,73.07,250.0,73.07,1,False
2026-02-26 11:00:00+00:00,73.03,73.27,73.03,73.27,321.0,73.18,2,False
2026-02-26 12:00:00+00:00,73.21,73.24,72.99,73.15,5032.0,73.111,20,False
2026-02-26 13:00:00+00:00,73.25,74.38,72.86,73.9,31356.0,73.456,64,False
2026-02-26 14:00:00+00:00,73.85,80.17,73.55,79.93,1310252.0,77.411,6939,False
2026-02-26 15:00:00+00:00,80.01,81.67,79.28,81.31,1925333.0,80.554,10922,True
2026-02-26 16:00:00+00:00,81.27,81.59,78.42,78.47,852710.0,79.837,5183,True
2026-02-26 17:00:00+00:00,78.47,78.94,77.72,77.93,503238.0,78.435,3030,True
2026-02-26 18:00:00+00:00,77.89,78.41,77.3,77.83,724446.0,77.854,2873,True
2026-02-26 19:00:00+00:00,77.77,79.17,77.76,78.87,625322.0,78.666,3542,True
2026-02-26 20:00:00+00:00,78.93,79.49,78.79,79.46,1241164.0,79.187,6110,True
2026-02-26 21:00:00+00:00,79.46,79.93,75.11,75.11,533520.0,79.075,336,False
2026-02-26 22:00:00+00:00,75.5,76.36,74.5,76.0,72626.0,75.403,379,False
2026-02-26 23:00:00+00:00,76.01,76.87,75.75,76.5,9712.0,76.076,31,False
2026-02-27 00:00:00+00:00,76.2,76.5,76.04,76.18,3386.0,76.313,21,False
2026-02-27 09:00:00+00:00,77.04,77.3,76.72,76.9,13479.0,77.063,59,False
2026-02-27 10:00:00+00:00,76.83,77.22,76.45,77.22,2042.0,76.884,11,False
2026-02-27 11:00:00+00:00,76.45,76.82,76.0,76.0,10223.0,76.501,40,False
2026-02-27 12:00:00+00:00,76.5,76.82,76.0,76.32,19050.0,76.486,79,False
2026-02-27 13:00:00+00:00,75.74,77.8,75.0,75.06,30963.0,76.18,147,False
2026-02-27 14:00:00+00:00,75.85,76.68,73.48,75.61,1355254.0,75.552,5068,False
2026-02-27 15:00:00+00:00,75.59,75.78,73.56,74.42,651592.0,74.554,3596,True
2026-02-27 16:00:00+00:00,74.34,75.3,74.07,75.06,547621.0,74.775,3031,True
2026-02-27 17:00:00+00:00,75.11,75.67,74.67,75.59,387612.0,75.253,2562,True
2026-02-27 18:00:00+00:00,75.62,76.77,75.45,76.02,564578.0,76.162,3143,True
2026-02-27 19:00:00+00:00,76.01,76.19,74.93,75.11,361277.0,75.552,2187,True
2026-02-27 20:00:00+00:00,75.08,75.47,74.86,75.2,645766.0,75.111,4301,True
2026-02-27 21:00:00+00:00,75.2,75.23,74.75,75.11,953192.0,75.129,47,False
2026-02-27 22:00:00+00:00,75.32,75.69,75.0,75.13,2265.0,75.276,14,False
2026-02-27 23:00:00+00:00,75.31,75.31,75.17,75.17,1779.0,75.279,6,False
2026-02-28 00:00:00+00:00,75.11,75.11,75.11,75.11,100.0,75.11,1,False
2026-03-02 09:00:00+00:00,74.07,74.07,73.38,73.54,990.0,73.589,4,False
2026-03-02 10:00:00+00:00,73.54,73.55,73.54,73.55,589.0,73.546,3,False
2026-03-02 11:00:00+00:00,73.41,73.77,71.97,73.77,11602.0,72.294,73,False
2026-03-02 12:00:00+00:00,73.64,73.65,72.84,73.0,4952.0,73.071,14,False
2026-03-02 13:00:00+00:00,73.0,75.13,72.7,72.76,27641.0,74.618,31,False
2026-03-02 14:00:00+00:00,72.7,75.65,72.34,74.34,531296.0,74.208,2965,False
2026-03-02 15:00:00+00:00,74.19,75.24,73.18,74.34,442502.0,74.245,3003,True
2026-03-02 16:00:00+00:00,74.27,74.31,72.39,73.66,630728.0,73.238,3339,True
2026-03-02 17:00:00+00:00,73.65,74.09,72.8,73.92,308328.0,73.44,2050,True
2026-03-02 18:00:00+00:00,73.92,74.76,73.82,74.16,385472.0,74.255,2273,True
2026-03-02 19:00:00+00:00,74.16,74.92,74.09,74.8,259619.0,74.511,2015,True
2026-03-02 20:00:00+00:00,74.8,74.98,73.73,73.79,772829.0,74.209,5302,True
2026-03-02 21:00:00+00:00,73.82,74.0,73.47,73.61,455526.0,73.797,28,False
2026-03-02 22:00:00+00:00,73.61,73.8,73.5,73.59,17009.0,73.667,19,False
2026-03-02 23:00:00+00:00,73.7,73.78,73.7,73.75,930.0,73.747,7,False
2026-03-03 00:00:00+00:00,73.71,73.74,73.7,73.74,1240.0,73.711,7,False
2026-03-03 09:00:00+00:00,72.57,72.57,72.5,72.5,640.0,72.518,5,False
2026-03-03 10:00:00+00:00,72.0,72.0,72.0,72.0,340.0,72.0,1,False
2026-03-03 11:00:00+00:00,72.0,72.0,72.0,72.0,138.0,72.0,1,False
2026-03-03 12:00:00+00:00,72.78,72.82,72.3,72.55,2093.0,72.629,12,False
2026-03-03 13:00:00+00:00,71.94,73.31,71.94,72.21,9719.0,72.579,19,False
2026-03-03 14:00:00+00:00,72.43,74.37,71.0,73.21,732107.0,72.835,4237,False
2026-03-03 15:00:00+00:00,73.22,74.59,71.25,74.35,809944.0,73.044,4445,True
2026-03-03 16:00:00+00:00,74.35,76.75,74.28,76.26,479469.0,75.658,2643,True
2026-03-03 17:00:00+00:00,76.28,76.46,75.48,76.17,238904.0,76.021,1471,True
2026-03-03 18:00:00+00:00,76.09,78.23,76.09,78.02,444965.0,77.496,2258,True
2026-03-03 19:00:00+00:00,78.07,78.75,77.39,78.13,390461.0,78.102,2435,True
2026-03-03 20:00:00+00:00,78.17,78.55,77.15,78.38,591677.0,78.0,4632,True
2026-03-03 21:00:00+00:00,78.38,78.38,77.5,78.38,518126.0,78.377,30,False
2026-03-03 22:00:00+00:00,78.29,78.29,77.65,77.8,4635.0,77.834,17,False
2026-03-03 23:00:00+00:00,77.65,78.22,77.58,78.22,1658.0,77.721,7,False
2026-03-04 00:00:00+00:00,78.2,78.38,78.05,78.38,3627.0,78.325,15,False
2026-03-04 10:00:00+00:00,79.17,79.6,79.17,79.6,1560.0,79.432,5,False
2026-03-04 11:00:00+00:00,79.4,79.4,79.4,79.4,277.0,79.4,1,False
2026-03-04 12:00:00+00:00,78.78,78.78,78.02,78.51,3165.0,78.188,8,False
2026-03-04 13:00:00+00:00,78.7,78.98,77.56,78.45,4849.0,78.589,16,False
2026-03-04 14:00:00+00:00,78.73,78.81,74.35,76.63,1190310.0,75.965,5476,False
2026-03-04 15:00:00+00:00,76.73,77.5,75.4,77.17,1138667.0,76.65,6184,True
2026-03-04 16:00:00+00:00,77.27,77.93,76.93,77.17,325296.0,77.378,2271,True
2026-03-04 17:00:00+00:00,77.17,77.73,77.0,77.54,255292.0,77.398,1749,True
2026-03-04 18:00:00+00:00,77.52,78.3,77.35,77.89,285502.0,77.777,1815,True
2026-03-04 19:00:00+00:00,77.89,78.15,77.44,77.71,293028.0,77.866,1929,True
2026-03-04 20:00:00+00:00,77.75,77.83,76.55,76.81,734661.0,76.889,5183,True
2026-03-04 21:00:00+00:00,76.76,77.8,76.76,77.8,591015.0,76.81,22,False
2026-03-04 22:00:00+00:00,77.28,77.29,76.63,76.96,901.0,77.011,6,False
2026-03-04 23:00:00+00:00,76.9,76.91,76.9,76.91,523.0,76.904,3,False
2026-03-05 00:00:00+00:00,77.2,77.2,76.94,77.12,2829.0,77.077,13,False
2026-03-05 09:00:00+00:00,77.48,77.48,77.48,77.48,522.0,77.48,1,False
2026-03-05 10:00:00+00:00,77.48,77.48,77.48,77.48,0.0,77.48,0,False
2026-03-05 11:00:00+00:00,77.2,77.38,77.2,77.38,200.0,77.29,2,False
2026-03-05 12:00:00+00:00,77.41,78.01,77.3,77.36,35743.0,77.873,91,False
2026-03-05 13:00:00+00:00,77.8,78.0,77.0,77.13,82579.0,77.821,48,False
2026-03-05 14:00:00+00:00,77.03,84.1,76.7,81.79,1584727.0,82.206,6569,False
2026-03-05 15:00:00+00:00,81.78,82.89,80.29,81.18,1840151.0,81.504,10919,True
2026-03-05 16:00:00+00:00,81.22,81.54,79.73,81.42,940868.0,80.625,5492,True
2026-03-05 17:00:00+00:00,81.45,82.59,81.36,81.99,664228.0,82.032,4702,True
2026-03-05 18:00:00+00:00,81.9,82.86,81.18,81.72,580358.0,82.132,3968,True
2026-03-05 19:00:00+00:00,81.69,84.26,81.54,83.79,1074191.0,83.197,5902,True
2026-03-05 20:00:00+00:00,83.79,83.98,82.02,82.47,1764322.0,83.067,9773,True
2026-03-05 21:00:00+00:00,82.51,84.0,82.34,82.56,1003562.0,82.51,38,False
2026-03-05 22:00:00+00:00,82.51,83.5,82.51,82.51,500.0,82.708,4,False
2026-03-05 23:00:00+00:00,82.52,83.4,76.81,82.51,6418.0,78.588,15,False
2026-03-06 00:00:00+00:00,82.51,82.52,82.51,82.52,926.0,82.513,2,False
2026-03-06 09:00:00+00:00,82.6,82.6,82.59,82.59,415.0,82.595,2,False
2026-03-06 10:00:00+00:00,82.8,82.83,82.63,82.83,468.0,82.776,3,False
2026-03-06 11:00:00+00:00,82.63,82.94,82.4,82.4,1906.0,82.665,9,False
2026-03-06 12:00:00+00:00,82.31,82.48,82.1,82.48,1228.0,82.184,8,False
2026-03-06 13:00:00+00:00,82.33,83.07,80.75,81.25,63394.0,81.566,54,False
2026-03-06 14:00:00+00:00,81.39,82.99,79.43,80.66,689884.0,80.733,2747,False
2026-03-06 15:00:00+00:00,80.73,83.3,80.63,83.25,1027252.0,82.159,5150,True
2026-03-06 16:00:00+00:00,83.25,84.8,82.86,84.76,523861.0,83.761,3211,True
2026-03-06 17:00:00+00:00,84.76,84.95,82.14,82.63,642962.0,83.413,3914,True
2026-03-06 18:00:00+00:00,82.58,82.93,82.09,82.38,641239.0,82.523,2719,True
2026-03-06 19:00:00+00:00,82.41,83.43,82.17,82.94,424238.0,82.946,2523,True
2026-03-06 20:00:00+00:00,82.94,83.86,82.55,83.62,879091.0,83.184,5978,True
2026-03-06 21:00:00+00:00,83.62,83.62,83.5,83.51,862492.0,83.62,32,False
2026-03-06 22:00:00+00:00,83.6,83.7,83.32,83.47,1994.0,83.505,5,False
2026-03-06 23:00:00+00:00,83.41,83.41,83.31,83.31,1184.0,83.324,5,False
2026-03-07 00:00:00+00:00,83.32,83.37,83.25,83.25,400.0,83.319,4,False
2026-03-09 08:00:00+00:00,81.99,82.17,81.99,82.17,200.0,82.08,2,False
2026-03-09 09:00:00+00:00,82.4,82.7,82.4,82.7,485.0,82.472,3,False
2026-03-09 10:00:00+00:00,82.52,82.52,82.5,82.5,654.0,82.511,4,False
2026-03-09 11:00:00+00:00,82.34,82.75,82.24,82.24,4300.0,82.386,17,False
2026-03-09 12:00:00+00:00,82.3,82.77,81.23,82.52,8072.0,82.312,25,False
2026-03-09 13:00:00+00:00,82.01,83.91,81.01,81.75,568699.0,82.025,3019,False
2026-03-09 14:00:00+00:00,81.81,82.84,80.88,81.86,568305.0,81.865,4005,True
2026-03-09 15:00:00+00:00,81.85,82.47,81.34,81.74,384339.0,81.781,2763,True
2026-03-09 16:00:00+00:00,81.73,81.75,80.74,81.45,325495.0,81.173,2436,True
2026-03-09 17:00:00+00:00,81.45,81.45,80.04,80.13,635333.0,80.558,3897,True
2026-03-09 18:00:00+00:00,80.15,81.35,80.15,81.09,397609.0,80.681,2713,True
2026-03-09 19:00:00+00:00,81.11,82.33,80.58,82.03,767849.0,81.809,5541,True
2026-03-09 20:00:00+00:00,82.04,82.07,81.91,82.04,401769.0,82.04,38,False
2026-03-09 21:00:00+00:00,81.63,82.04,81.63,82.04,4663.0,81.639,6,False
2026-03-09 22:00:00+00:00,81.74,82.0,81.74,82.0,4986.0,81.97,11,False
2026-03-09 23:00:00+00:00,81.7,81.71,81.7,81.7,250.0,81.703,1,False
2026-03-10 09:00:00+00:00,82.3,82.3,82.0,82.0,3376.0,82.217,13,False
2026-03-10 10:00:00+00:00,81.97,81.98,81.88,81.98,350.0,81.94,3,False
2026-03-10 11:00:00+00:00,81.98,82.0,81.65,81.65,1353.0,81.867,9,False
2026-03-10 12:00:00+00:00,83.0,83.0,81.45,81.53,2684.0,81.744,13,False
2026-03-10 13:00:00+00:00,81.76,82.0,76.86,77.89,1037617.0,78.307,4878,False
2026-03-10 14:00:00+00:00,77.9,79.22,77.62,78.44,1006807.0,78.297,4934,True
2026-03-10 15:00:00+00:00,78.48,79.53,78.43,79.28,385197.0,78.987,2587,True
2026-03-10 16:00:00+00:00,79.28,80.28,79.06,79.72,368523.0,79.626,2514,True
2026-03-10 17:00:00+00:00,79.75,79.75,78.32,78.59,471692.0,79.013,3328,True
2026-03-10 18:00:00+00:00,78.61,79.05,77.92,78.04,393705.0,78.365,2550,True
2026-03-10 19:00:00+00:00,78.02,78.41,77.4,78.02,885661.0,77.864,5845,True
2026-03-10 20:00:00+00:00,78.01,79.02,78.0,78.7,374016.0,78.059,74,False
2026-03-10 21:00:00+00:00,78.5,78.73,78.4,78.4,1759.0,78.457,9,False
2026-03-10 22:00:00+00:00,78.38,78.48,78.28,78.28,700.0,78.357,7,False
2026-03-10 23:00:00+00:00,78.28,78.52,78.28,78.52,4837.0,78.355,10,False
2026-03-11 09:00:00+00:00,77.7,77.9,77.7,77.89,643.0,77.834,4,False
2026-03-11 10:00:00+00:00,78.04,78.04,78.0,78.0,1501.0,78.012,7,False
2026-03-11 11:00:00+00:00,78.29,78.3,78.0,78.0,1399.0,78.09,7,False
2026-03-11 12:00:00+00:00,78.22,78.4,77.89,77.95,1589.0,78.071,7,False
2026-03-11 13:00:00+00:00,77.99,79.1,77.18,77.66,657391.0,78.188,2968,False
2026-03-11 14:00:00+00:00,77.55,77.73,74.97,76.19,1016587.0,75.825,4930,True
2026-03-11 15:00:00+00:00,76.15,76.4,74.2,74.92,908319.0,75.106,5247,True
2026-03-11 16:00:00+00:00,74.92,75.33,74.51,75.07,412814.0,74.935,2810,True
2026-03-11 17:00:00+00:00,75.09,75.52,74.68,74.81,264369.0,75.151,1958,True
2026-03-11 18:00:00+00:00,74.82,75.18,74.4,75.0,199684.0,74.853,1408,True
2026-03-11 19:00:00+00:00,74.99,75.55,74.88,75.46,588499.0,75.281,3851,True
2026-03-11 20:00:00+00:00,75.45,75.73,75.06,75.07,346284.0,75.45,43,False
2026-03-11 21:00:00+00:00,75.62,81.0,75.12,76.87,184800.0,77.83,216,False
2026-03-11 22:00:00+00:00,76.87,77.15,76.21,76.5,18910.0,76.651,68,False
2026-03-11 23:00:00+00:00,76.74,77.38,76.6,76.6,6812.0,76.91,31,False
2026-03-12 08:00:00+00:00,77.3,77.3,77.3,77.3,112.0,77.3,1,False
2026-03-12 09:00:00+00:00,77.43,77.43,77.05,77.25,1293.0,77.209,5,False
2026-03-12 10:00:00+00:00,77.25,77.25,77.25,77.25,500.0,77.25,2,False
2026-03-12 11:00:00+00:00,77.37,77.37,76.64,76.64,8006.0,76.967,25,False
2026-03-12 12:00:00+00:00,76.7,77.26,76.0,76.0,20588.0,76.586,58,False
2026-03-12 13:00:00+00:00,76.12,80.42,75.54,78.45,1161172.0,78.59,4980,False
2026-03-12 14:00:00+00:00,78.42,78.69,75.0,77.33,1140852.0,76.711,6302,True
2026-03-12 15:00:00+00:00,77.36,77.39,74.96,75.51,926331.0,75.884,4870,True
2026-03-12 16:00:00+00:00,75.51,75.76,74.33,75.62,925992.0,75.196,2126,True
2026-03-12 17:00:00+00:00,75.65,75.93,74.55,74.56,225859.0,75.209,1514,True
2026-03-12 18:00:00+00:00,74.59,74.86,74.33,74.51,277783.0,74.558,1929,True
2026-03-12 19:00:00+00:00,74.53,74.95,73.32,73.37,760822.0,73.897,5186,True
2026-03-12 20:00:00+00:00,73.34,74.0,73.1,73.44,445154.0,73.339,63,False
2026-03-12 21:00:00+00:00,73.4,73.4,72.77,73.06,16013.0,73.027,29,False
2026-03-12 22:00:00+00:00,72.8,73.38,72.8,73.37,1335.0,73.164,10,False
2026-03-12 23:00:00+00:00,73.36,73.42,73.21,73.21,3270.0,73.361,8,False
2026-03-13 08:00:00+00:00,73.33,73.33,73.18,73.18,1145.0,73.269,6,False
2026-03-13 09:00:00+00:00,73.06,73.06,73.01,73.01,530.0,73.031,4,False
2026-03-13 10:00:00+00:00,73.27,73.28,73.0,73.0,819.0,73.184,6,False
2026-03-13 11:00:00+00:00,73.45,73.94,73.3,73.94,2493.0,73.467,16,False
2026-03-13 12:00:00+00:00,73.4,74.03,73.28,73.35,2358.0,73.47,13,False
2026-03-13 13:00:00+00:00,73.05,76.09,72.91,75.55,504028.0,74.659,2174,False
2026-03-13 14:00:00+00:00,75.57,75.69,74.04,74.12,468297.0,74.825,2796,True
2026-03-13 15:00:00+00:00,74.16,74.18,72.64,73.16,487653.0,73.301,3045,True
2026-03-13 16:00:00+00:00,73.15,74.19,72.94,73.63,346017.0,73.586,2405,True
2026-03-13 17:00:00+00:00,73.69,74.27,73.24,73.6,333163.0,73.775,2278,True
2026-03-13 18:00:00+00:00,73.66,74.22,73.64,73.86,212974.0,73.951,1587,True
2026-03-13 19:00:00+00:00,73.84,75.3,73.57,75.17,1089557.0,74.787,6705,True
2026-03-13 20:00:00+00:00,75.21,75.48,74.0,75.43,807088.0,75.21,27,False
2026-03-13 21:00:00+00:00,75.2,75.2,74.94,75.2,410.0,75.133,4,False
2026-03-13 22:00:00+00:00,75.2,75.2,75.2,75.2,0.0,75.2,0,False
2026-03-13 23:00:00+00:00,75.1,75.21,75.1,75.21,466.0,75.171,3,False
2026-03-16 09:00:00+00:00,76.3,76.33,76.15,76.15,502.0,76.264,4,False
2026-03-16 10:00:00+00:00,76.1,76.12,76.1,76.1,475.0,76.104,4,False
2026-03-16 11:00:00+00:00,76.2,77.15,76.2,77.0,4423.0,76.772,27,False
2026-03-16 12:00:00+00:00,76.01,76.98,75.31,75.97,7449.0,76.215,40,False
2026-03-16 13:00:00+00:00,76.17,77.22,75.5,76.94,540629.0,76.525,3294,False
2026-03-16 14:00:00+00:00,76.95,77.44,75.51,75.72,529100.0,76.416,4016,True
2026-03-16 15:00:00+00:00,75.78,76.2,75.31,75.35,321412.0,75.801,2267,True
2026-03-16 16:00:00+00:00,75.3,75.79,74.89,75.57,303264.0,75.408,2124,True
2026-03-16 17:00:00+00:00,75.57,75.9,75.09,75.16,237888.0,75.535,1890,True
2026-03-16 18:00:00+00:00,75.18,76.49,75.16,75.95,395114.0,75.909,2439,True
2026-03-16 19:00:00+00:00,75.96,76.34,75.46,76.14,706364.0,75.995,5045,True
2026-03-16 20:00:00+00:00,76.17,76.5,75.47,76.04,451119.0,76.169,42,False
2026-03-16 21:00:00+00:00,76.04,76.04,76.04,76.04,0.0,76.04,0,False
2026-03-16 22:00:00+00:00,76.04,76.04,76.04,76.04,0.0,76.04,0,False
2026-03-16 23:00:00+00:00,76.04,76.17,76.04,76.06,1350.0,76.089,5,False
2026-03-17 11:00:00+00:00,76.0,76.0,76.0,76.0,100.0,76.0,1,False
2026-03-17 12:00:00+00:00,75.51,76.21,75.51,76.21,598.0,75.759,3,False
2026-03-17 13:00:00+00:00,76.4,78.8,75.05,77.73,683998.0,77.361,2612,False
2026-03-17 14:00:00+00:00,77.73,77.76,75.71,75.83,502930.0,76.549,3275,True
2026-03-17 15:00:00+00:00,75.87,76.0,75.25,75.34,546973.0,75.517,3602,True
2026-03-17 16:00:00+00:00,75.33,75.83,75.12,75.81,270248.0,75.459,1988,True
2026-03-17 17:00:00+00:00,75.83,76.28,75.46,75.72,251671.0,75.948,1919,True
2026-03-17 18:00:00+00:00,75.69,75.69,74.08,74.59,562668.0,74.575,3306,True
2026-03-17 19:00:00+00:00,74.59,74.97,74.3,74.91,786579.0,74.599,5080,True
2026-03-17 20:00:00+00:00,74.91,75.0,74.74,74.74,612104.0,74.91,17,False
2026-03-17 21:00:00+00:00,74.88,74.9,74.88,74.9,400.0,74.895,2,False
2026-03-17 22:00:00+00:00,74.88,74.89,74.22,74.89,742.0,74.507,4,False
2026-03-17 23:00:00+00:00,74.75,74.75,74.75,74.75,200.0,74.75,2,False
2026-03-18 08:00:00+00:00,75.72,75.72,75.72,75.72,100.0,75.72,1,False
2026-03-18 09:00:00+00:00,75.45,75.45,75.18,75.18,409.0,75.329,3,False
2026-03-18 10:00:00+00:00,75.18,75.18,75.18,75.18,0.0,75.18,0,False
2026-03-18 11:00:00+00:00,75.08,75.15,74.91,74.97,2048.0,75.045,11,False
2026-03-18 12:00:00+00:00,75.92,75.92,74.1,74.1,6234.0,74.745,23,False
2026-03-18 13:00:00+00:00,74.15,74.9,73.21,73.54,317129.0,73.915,1690,False
2026-03-18 14:00:00+00:00,73.43,73.53,71.91,72.51,688504.0,72.472,3640,True
2026-03-18 15:00:00+00:00,72.52,73.96,72.49,73.71,332632.0,73.478,1952,True
2026-03-18 16:00:00+00:00,73.7,73.87,73.21,73.34,184268.0,73.55,1222,True
2026-03-18 17:00:00+00:00,73.34,73.96,73.31,73.41,180812.0,73.621,1177,True
2026-03-18 18:00:00+00:00,73.44,73.73,72.56,73.13,382083.0,73.211,2631,True
2026-03-18 19:00:00+00:00,73.13,73.95,73.08,73.47,819896.0,73.591,5671,True
2026-03-18 20:00:00+00:00,73.46,73.85,72.44,73.39,471117.0,73.469,25,False
2026-03-18 21:00:00+00:00,73.0,73.01,73.0,73.0,2000.0,73.001,1,False
2026-03-18 22:00:00+00:00,73.19,73.19,73.19,73.19,100.0,73.19,1,False
2026-03-18 23:00:00+00:00,73.33,73.33,73.15,73.15,200.0,73.24,2,False
2026-03-19 09:00:00+00:00,73.04,73.06,72.65,73.06,1650.0,72.908,8,False
2026-03-19 10:00:00+00:00,73.19,73.19,73.19,73.19,200.0,73.19,1,False
2026-03-19 11:00:00+00:00,73.17,73.17,73.02,73.02,426.0,73.102,3,False
2026-03-19 12:00:00+00:00,73.0,73.26,72.76,72.76,2521.0,73.034,13,False
2026-03-19 13:00:00+00:00,72.76,76.72,72.6,75.42,663390.0,75.453,3453,False
2026-03-19 14:00:00+00:00,75.42,75.58,73.96,75.03,431497.0,74.821,3069,True
2026-03-19 15:00:00+00:00,75.03,75.46,74.13,74.17,255489.0,74.739,1849,True
2026-03-19 16:00:00+00:00,74.22,74.29,73.2,73.59,194487.0,73.641,1352,True
2026-03-19 17:00:00+00:00,73.59,73.79,72.93,73.36,205403.0,73.429,1407,True
2026-03-19 18:00:00+00:00,73.38,74.12,73.22,73.93,327924.0,73.747,1865,True
2026-03-19 19:00:00+00:00,73.93,74.77,73.91,74.55,765910.0,74.419,5342,True
2026-03-19 20:00:00+00:00,74.55,74.6,73.86,74.38,404757.0,74.599,24,False
2026-03-19 21:00:00+00:00,74.57,74.92,74.57,74.63,1375.0,74.827,3,False
2026-03-19 22:00:00+00:00,74.63,74.63,74.63,74.63,0.0,74.63,0,False
2026-03-19 23:00:00+00:00,74.63,74.63,74.62,74.63,0.0,74.63,0,False
2026-03-20 09:00:00+00:00,74.65,74.65,74.36,74.36,423.0,74.581,2,False
2026-03-20 10:00:00+00:00,73.8,74.0,73.78,74.0,1395.0,73.861,6,False
2026-03-20 11:00:00+00:00,74.01,74.01,73.7,73.7,2351.0,73.868,11,False
2026-03-20 12:00:00+00:00,73.95,73.95,73.33,73.7,5551.0,73.483,30,False
2026-03-20 13:00:00+00:00,73.8,73.8,70.54,72.56,697033.0,71.678,2579,False
2026-03-20 14:00:00+00:00,72.56,74.76,72.56,74.32,352648.0,73.921,2082,True
2026-03-20 15:00:00+00:00,74.32,74.53,73.74,74.13,175812.0,74.081,1197,True
2026-03-20 16:00:00+00:00,74.21,74.69,73.9,74.31,142071.0,74.31,994,True
2026-03-20 17:00:00+00:00,74.28,74.69,73.77,74.69,217985.0,74.25,1473,True
2026-03-20 18:00:00+00:00,74.55,75.16,73.8,74.04,228370.0,74.495,1469,True
2026-03-20 19:00:00+00:00,74.05,74.37,73.12,73.76,743184.0,73.786,4570,True
2026-03-20 20:00:00+00:00,73.73,75.0,73.55,73.55,2015234.0,73.73,24,False
2026-03-20 21:00:00+00:00,74.59,74.6,74.0,74.0,2080.0,74.032,6,False
2026-03-20 22:00:00+00:00,74.19,74.19,74.0,74.0,3357.0,74.056,6,False
2026-03-20 23:00:00+00:00,74.06,74.06,73.5,74.0,64908.0,73.707,50,False
2026-03-23 08:00:00+00:00,72.96,73.25,72.94,73.25,2136.0,73.044,13,False
2026-03-23 09:00:00+00:00,73.2,73.2,73.2,73.2,571.0,73.2,2,False
2026-03-23 10:00:00+00:00,73.06,73.06,73.06,73.06,100.0,73.06,1,False
2026-03-23 11:00:00+00:00,73.19,76.0,73.19,73.75,7576.0,74.473,37,False
2026-03-23 12:00:00+00:00,73.0,75.75,73.0,75.09,10933.0,74.878,39,False
2026-03-23 13:00:00+00:00,75.09,75.1,72.0,74.65,327894.0,73.954,1777,False
2026-03-23 14:00:00+00:00,74.61,75.45,74.19,74.73,284316.0,74.843,1822,True
2026-03-23 15:00:00+00:00,74.76,75.2,72.16,72.72,280573.0,73.742,1874,True
2026-03-23 16:00:00+00:00,72.72,73.51,72.63,72.9,286136.0,73.097,2016,True
2026-03-23 17:00:00+00:00,72.94,74.75,72.68,74.64,294442.0,73.75,2244,True
2026-03-23 18:00:00+00:00,74.65,75.32,74.39,75.16,279327.0,74.924,2134,True
2026-03-23 19:00:00+00:00,75.16,75.22,74.38,74.39,628530.0,74.839,4799,True
2026-03-23 20:00:00+00:00,74.35,74.41,74.35,74.41,590287.0,74.41,25,False
2026-03-23 21:00:00+00:00,74.41,74.41,74.41,74.41,0.0,74.41,0,False
2026-03-23 22:00:00+00:00,74.5,74.5,74.5,74.5,100.0,74.5,1,False
2026-03-23 23:00:00+00:00,74.5,74.5,74.5,74.5,0.0,74.5,0,False
2026-03-24 08:00:00+00:00,74.41,74.41,73.9,74.07,1876.0,74.211,9,False
2026-03-24 09:00:00+00:00,74.08,74.1,74.08,74.1,380.0,74.091,3,False
2026-03-24 10:00:00+00:00,74.1,74.1,74.1,74.1,0.0,74.1,0,False
2026-03-24 11:00:00+00:00,74.17,74.19,74.09,74.09,1100.0,74.16,5,False
2026-03-24 12:00:00+00:00,74.09,74.53,73.9,73.9,510.0,74.22,4,False
2026-03-24 13:00:00+00:00,73.12,73.13,67.76,68.16,1235200.0,69.054,6702,False
2026-03-24 14:00:00+00:00,68.19,69.99,67.33,69.38,1410737.0,68.534,6648,True
2026-03-24 15:00:00+00:00,69.41,69.75,67.9,67.91,607198.0,68.849,3808,True
2026-03-24 16:00:00+00:00,67.91,69.13,67.85,68.49,436278.0,68.583,2618,True
2026-03-24 17:00:00+00:00,68.49,68.58,67.89,68.11,416629.0,68.163,2154,True
2026-03-24 18:00:00+00:00,68.11,68.92,68.11,68.65,274684.0,68.571,1823,True
2026-03-24 19:00:00+00:00,68.65,68.88,68.1,68.17,808197.0,68.409,4744,True
2026-03-24 20:00:00+00:00,68.05,68.9,68.05,68.65,565660.0,68.177,67,False
2026-03-24 21:00:00+00:00,68.7,68.87,68.5,68.79,3850.0,68.704,14,False
2026-03-24 22:00:00+00:00,68.6,68.6,68.4,68.4,3549.0,68.522,8,False
2026-03-24 23:00:00+00:00,68.5,68.58,68.3,68.58,4952.0,68.461,19,False
2026-03-25 08:00:00+00:00,68.96,69.38,68.8,68.82,1935.0,69.103,14,False
2026-03-25 09:00:00+00:00,69.08,69.4,68.8,69.4,1450.0,68.862,5,False
2026-03-25 10:00:00+00:00,69.03,69.04,68.87,68.87,720.0,68.985,4,False
2026-03-25 11:00:00+00:00,68.93,69.1,68.75,68.99,8902.0,68.865,31,False
2026-03-25 12:00:00+00:00,68.9,69.22,68.47,68.47,9280.0,68.807,24,False
2026-03-25 13:00:00+00:00,68.99,71.3,68.9,69.47,493384.0,70.331,2357,False
2026-03-25 14:00:00+00:00,69.45,69.6,68.22,68.6,524252.0,69.072,3478,True
2026-03-25 15:00:00+00:00,68.68,68.78,66.1,66.29,631695.0,66.9,3765,True
2026-03-25 16:00:00+00:00,66.28,67.0,66.17,66.35,486875.0,66.58,2375,True
2026-03-25 17:00:00+00:00,66.36,67.26,66.22,67.02,306346.0,66.765,1916,True
2026-03-25 18:00:00+00:00,67.01,67.1,66.41,66.67,349882.0,66.837,2245,True
2026-03-25 19:00:00+00:00,66.67,66.93,66.4,66.43,711203.0,66.63,5066,True
2026-03-25 20:00:00+00:00,66.44,66.5,66.3,66.3,539230.0,66.459,34,False
2026-03-25 21:00:00+00:00,66.5,66.6,66.46,66.6,2271.0,66.548,16,False
2026-03-25 22:00:00+00:00,66.47,66.65,66.42,66.45,1775.0,66.463,6,False
2026-03-25 23:00:00+00:00,66.6,66.61,66.37,66.59,1856.0,66.53,8,False
2026-03-26 08:00:00+00:00,67.44,67.44,66.2,66.24,1060.0,66.414,5,False
2026-03-26 09:00:00+00:00,66.0,66.24,65.9,66.24,1732.0,66.122,10,False
2026-03-26 10:00:00+00:00,66.24,66.24,66.24,66.24,0.0,66.24,0,False
2026-03-26 11:00:00+00:00,66.2,66.3,65.79,65.79,5998.0,66.022,33,False
2026-03-26 12:00:00+00:00,66.13,66.59,65.6,65.9,17838.0,65.873,74,False
2026-03-26 13:00:00+00:00,65.9,68.96,65.82,68.89,615748.0,67.369,2963,False
2026-03-26 14:00:00+00:00,68.88,69.37,68.24,68.76,526366.0,68.881,2972,True
2026-03-26 15:00:00+00:00,68.76,68.99,68.07,68.11,251323.0,68.472,1792,True
2026-03-26 16:00:00+00:00,68.11,68.38,67.52,67.95,190648.0,67.893,1413,True
2026-03-26 17:00:00+00:00,67.96,68.11,67.53,67.58,325790.0,67.877,1924,True
2026-03-26 18:00:00+00:00,67.61,68.21,67.52,68.21,360163.0,67.855,2246,True
2026-03-26 19:00:00+00:00,68.21,68.45,67.86,68.1,499348.0,68.143,3626,True
2026-03-26 20:00:00+00:00,68.13,68.74,67.85,68.0,419838.0,68.131,23,False
2026-03-26 21:00:00+00:00,68.0,68.0,68.0,68.0,0.0,68.0,0,False
2026-03-26 22:00:00+00:00,68.17,68.49,68.16,68.48,1473.0,68.423,4,False
2026-03-26 23:00:00+00:00,68.48,68.48,68.12,68.12,1752.0,68.334,4,False
2026-03-27 09:00:00+00:00,68.0,68.0,68.0,68.0,1400.0,68.0,14,False
2026-03-27 10:00:00+00:00,68.0,68.0,68.0,68.0,0.0,68.0,0,False
2026-03-27 11:00:00+00:00,67.64,67.76,66.8,67.2,5552.0,67.159,33,False
2026-03-27 12:00:00+00:00,67.61,67.61,66.49,66.8,17659.0,66.679,50,False
2026-03-27 13:00:00+00:00,66.63,67.2,64.52,64.8,702970.0,65.319,3644,False
2026-03-27 14:00:00+00:00,64.81,65.79,64.3,65.47,788059.0,64.941,4454,True
2026-03-27 15:00:00+00:00,65.49,66.17,65.11,65.75,569607.0,65.661,2529,True
2026-03-27 16:00:00+00:00,65.75,65.95,64.62,64.96,236383.0,65.22,1658,True
2026-03-27 17:00:00+00:00,65.01,65.32,64.55,64.8,239001.0,64.837,1650,True
2026-03-27 18:00:00+00:00,64.81,65.41,64.62,65.09,304953.0,65.028,2120,True
2026-03-27 19:00:00+00:00,65.11,65.56,64.9,65.14,842848.0,65.173,5440,True
2026-03-27 20:00:00+00:00,65.15,65.15,65.12,65.12,458333.0,65.12,20,False
2026-03-27 21:00:00+00:00,65.1,65.37,65.0,65.0,5949.0,65.091,11,False
2026-03-27 22:00:00+00:00,65.15,65.26,65.0,65.1,770.0,65.147,6,False
2026-03-27 23:00:00+00:00,65.1,65.1,64.5,64.5,1519.0,64.89,10,False
2026-03-30 08:00:00+00:00,65.7,65.88,65.26,65.35,2786.0,65.374,7,False
2026-03-30 09:00:00+00:00,65.5,65.5,65.5,65.5,100.0,65.5,1,False
2026-03-30 10:00:00+00:00,65.5,65.5,65.5,65.5,0.0,65.5,0,False
2026-03-30 11:00:00+00:00,65.35,65.59,65.23,65.46,4627.0,65.418,11,False
2026-03-30 12:00:00+00:00,65.68,65.77,65.55,65.62,2330.0,65.667,8,False
2026-03-30 13:00:00+00:00,65.65,68.13,65.12,66.9,453203.0,66.957,2435,False
2026-03-30 14:00:00+00:00,66.83,67.94,65.94,67.82,509827.0,67.053,3215,True
2026-03-30 15:00:00+00:00,67.81,68.37,67.24,68.23,310622.0,67.737,2039,True
2026-03-30 16:00:00+00:00,68.27,68.68,67.07,67.4,390755.0,67.939,2337,True
2026-03-30 17:00:00+00:00,67.48,67.89,66.1,66.39,439534.0,66.716,2815,True
2026-03-30 18:00:00+00:00,66.41,66.78,66.21,66.42,353724.0,66.5,2367,True
2026-03-30 19:00:00+00:00,66.42,66.97,66.1,66.89,463625.0,66.609,3319,True
2026-03-30 20:00:00+00:00,66.88,66.88,66.88,66.88,370484.0,66.88,22,False
2026-03-30 21:00:00+00:00,66.7,66.7,66.7,66.7,100.0,66.7,1,False
2026-03-30 22:00:00+00:00,67.0,67.0,66.9,67.0,472.0,66.953,4,False
2026-03-30 23:00:00+00:00,66.7,66.7,66.7,66.7,124.0,66.7,1,False
2026-03-31 08:00:00+00:00,67.2,67.71,67.2,67.71,560.0,67.291,2,False
2026-03-31 09:00:00+00:00,67.95,68.0,67.95,68.0,343.0,67.979,3,False
2026-03-31 10:00:00+00:00,68.11,68.11,67.25,67.27,847.0,67.81,5,False
2026-03-31 11:00:00+00:00,67.9,68.42,67.33,68.42,910.0,68.109,5,False
2026-03-31 12:00:00+00:00,67.61,68.0,67.61,68.0,1353.0,67.739,10,False
2026-03-31 13:00:00+00:00,68.0,68.47,66.65,68.17,177694.0,67.487,950,False
2026-03-31 14:00:00+00:00,68.17,68.89,66.74,67.25,269164.0,67.878,1768,True
2026-03-31 15:00:00+00:00,67.18,68.17,67.16,67.83,189224.0,67.766,1442,True
2026-03-31 16:00:00+00:00,67.82,69.56,67.82,68.58,225478.0,68.432,1637,True
2026-03-31 17:00:00+00:00,68.59,68.99,67.93,68.23,289283.0,68.457,1935,True
2026-03-31 18:00:00+00:00,68.28,68.81,68.16,68.55,216418.0,68.502,1537,True
2026-03-31 19:00:00+00:00,68.55,68.57,67.83,68.26,997317.0,68.159,6597,True
2026-03-31 20:00:00+00:00,68.27,68.43,68.25,68.43,475792.0,68.251,38,False
2026-03-31 21:00:00+00:00,68.26,68.4,68.25,68.4,2535.0,68.322,9,False
2026-03-31 22:00:00+00:00,68.35,68.79,68.35,68.78,9512.0,68.594,14,False
2026-03-31 23:00:00+00:00,68.62,68.75,68.62,68.7,1897.0,68.648,6,False
2026-04-01 08:00:00+00:00,68.75,68.8,68.6,68.6,609.0,68.719,3,False
2026-04-01 09:00:00+00:00,68.6,68.6,68.6,68.6,0.0,68.6,0,False
2026-04-01 10:00:00+00:00,68.46,68.92,68.46,68.92,216.0,68.673,2,False
2026-04-01 11:00:00+00:00,68.62,69.06,68.62,69.05,3652.0,68.84,16,False
2026-04-01 12:00:00+00:00,69.28,69.28,68.52,68.52,764.0,69.044,4,False
2026-04-01 13:00:00+00:00,68.47,68.6,65.12,67.56,842296.0,66.845,4245,False
2026-04-01 14:00:00+00:00,67.69,69.22,67.5,69.17,344280.0,68.365,2174,True
2026-04-01 15:00:00+00:00,69.17,69.91,69.04,69.62,527688.0,69.428,2243,True
2026-04-01 16:00:00+00:00,69.63,70.43,69.35,70.04,342993.0,70.066,2353,True
2026-04-01 17:00:00+00:00,70.08,70.23,69.51,69.69,274923.0,69.884,1930,True
2026-04-01 18:00:00+00:00,69.67,69.94,69.15,69.36,313060.0,69.47,2199,True
2026-04-01 19:00:00+00:00,69.35,69.56,69.05,69.42,774799.0,69.381,5265,True
2026-04-01 20:00:00+00:00,69.37,69.85,69.13,69.85,425386.0,69.37,31,False
2026-04-01 21:00:00+00:00,69.11,69.11,69.1,69.11,500.0,69.105,1,False
2026-04-01 22:00:00+00:00,69.1,69.1,69.1,69.1,100.0,69.1,1,False
2026-04-01 23:00:00+00:00,69.1,69.1,69.1,69.1,0.0,69.1,0,False
2026-04-02 08:00:00+00:00,68.51,68.95,68.37,68.9,2129.0,68.611,16,False
2026-04-02 09:00:00+00:00,68.62,68.9,68.62,68.7,1465.0,68.745,11,False
2026-04-02 10:00:00+00:00,68.71,68.71,68.5,68.5,505.0,68.633,3,False
2026-04-02 11:00:00+00:00,68.5,68.6,68.31,68.6,1561.0,68.436,13,False
2026-04-02 12:00:00+00:00,68.4,68.8,68.0,68.5,7203.0,68.394,37,False
2026-04-02 13:00:00+00:00,68.46,69.96,67.07,67.73,234987.0,68.199,1354,False
2026-04-02 14:00:00+00:00,67.73,69.68,66.9,68.29,439529.0,67.699,2695,True
2026-04-02 15:00:00+00:00,68.4,68.96,67.94,68.34,227314.0,68.49,1554,True
2026-04-02 16:00:00+00:00,68.34,68.46,67.71,68.22,165794.0,68.189,1231,True
2026-04-02 17:00:00+00:00,68.19,68.5,67.77,67.84,155592.0,68.177,947,True
2026-04-02 18:00:00+00:00,67.83,68.02,67.52,67.75,288101.0,67.763,1947,True
2026-04-02 19:00:00+00:00,67.75,68.56,67.6,68.28,621471.0,68.159,4005,True
2026-04-02 20:00:00+00:00,68.29,68.3,68.05,68.05,578186.0,68.29,18,False
2026-04-02 21:00:00+00:00,68.47,68.47,68.46,68.47,100.0,68.465,1,False
2026-04-02 22:00:00+00:00,68.0,68.43,68.0,68.29,433.0,68.229,3,False
2026-04-02 23:00:00+00:00,68.2,68.2,68.01,68.01,1227.0,68.036,4,False
2026-04-06 08:00:00+00:00,68.31,68.74,68.31,68.74,1256.0,68.62,5,False
2026-04-06 09:00:00+00:00,68.74,68.74,68.74,68.74,500.0,68.74,1,False
2026-04-06 10:00:00+00:00,68.4,68.44,68.4,68.44,968.0,68.436,5,False
2026-04-06 11:00:00+00:00,68.97,68.98,68.4,68.48,1964.0,68.48,12,False
2026-04-06 12:00:00+00:00,68.4,68.71,68.36,68.68,480.0,68.54,4,False
2026-04-06 13:00:00+00:00,68.45,69.5,66.96,68.99,288202.0,68.224,1458,False
2026-04-06 14:00:00+00:00,68.91,69.36,67.62,68.01,376466.0,68.294,2187,True
2026-04-06 15:00:00+00:00,68.01,68.19,67.51,67.78,211821.0,67.855,1423,True
2026-04-06 16:00:00+00:00,67.73,68.33,67.65,68.16,174137.0,68.003,1105,True
2026-04-06 17:00:00+00:00,68.12,68.42,67.59,68.22,168840.0,68.112,1132,True
2026-04-06 18:00:00+00:00,68.22,68.44,68.08,68.23,174924.0,68.227,1112,True
2026-04-06 19:00:00+00:00,68.26,68.39,67.93,68.03,492702.0,68.144,2641,True
2026-04-06 20:00:00+00:00,68.06,68.18,68.05,68.18,415327.0,68.09,12,False
2026-04-06 21:00:00+00:00,68.09,68.09,68.06,68.06,1087.0,68.078,5,False
2026-04-06 22:00:00+00:00,68.09,68.09,68.01,68.09,1300.0,68.055,5,False
2026-04-06 23:00:00+00:00,68.0,68.07,67.93,68.07,2236.0,68.043,5,False
2026-04-07 08:00:00+00:00,68.09,68.09,68.09,68.09,500.0,68.09,1,False
2026-04-07 09:00:00+00:00,68.09,68.09,68.09,68.09,275.0,68.09,2,False
2026-04-07 10:00:00+00:00,68.16,68.16,68.0,68.0,475.0,68.059,4,False
2026-04-07 11:00:00+00:00,67.27,67.45,67.27,67.45,1882.0,67.437,4,False
2026-04-07 12:00:00+00:00,67.81,67.89,67.5,67.6,1779.0,67.704,10,False
2026-04-07 13:00:00+00:00,67.39,68.25,66.72,67.2,247650.0,67.394,822,False
2026-04-07 14:00:00+00:00,67.12,67.18,64.95,65.06,488118.0,65.695,2403,True
2026-04-07 15:00:00+00:00,65.03,65.62,64.52,65.51,448664.0,65.076,2476,True
2026-04-07 16:00:00+00:00,65.57,66.34,65.49,65.79,237884.0,65.878,1719,True
2026-04-07 17:00:00+00:00,65.78,66.35,65.5,65.98,201774.0,65.849,1414,True
2026-04-07 18:00:00+00:00,65.96,65.96,64.64,64.79,404459.0,65.377,2491,True
2026-04-07 19:00:00+00:00,64.78,65.72,64.32,64.85,1216864.0,64.856,6645,True
2026-04-07 20:00:00+00:00,64.83,65.41,64.83,65.15,715315.0,64.832,36,False
2026-04-07 21:00:00+00:00,65.25,65.38,65.01,65.16,11860.0,65.204,28,False
2026-04-07 22:00:00+00:00,65.4,66.88,65.25,66.35,27283.0,65.779,58,False
2026-04-07 23:00:00+00:00,66.5,67.5,66.3,66.92,24025.0,67.019,72,False
2026-04-08 08:00:00+00:00,66.74,67.19,66.21,66.49,11986.0,66.583,47,False
2026-04-08 09:00:00+00:00,66.68,66.88,66.45,66.68,2614.0,66.654,13,False
2026-04-08 10:00:00+00:00,66.67,66.67,66.11,66.11,2114.0,66.212,12,False
2026-04-08 11:00:00+00:00,66.48,66.68,66.44,66.65,15372.0,66.577,30,False
2026-04-08 12:00:00+00:00,66.75,67.1,66.6,66.8,14615.0,66.882,64,False
2026-04-08 13:00:00+00:00,66.89,68.57,65.1,65.56,785068.0,66.648,4590,False
2026-04-08 14:00:00+00:00,65.47,65.91,65.02,65.78,733065.0,65.452,4307,True
2026-04-08 15:00:00+00:00,65.78,66.63,65.72,66.01,376147.0,66.102,2559,True
2026-04-08 16:00:00+00:00,66.01,66.33,65.48,65.78,361684.0,65.825,2460,True
2026-04-08 17:00:00+00:00,65.8,65.92,64.02,64.58,509555.0,65.001,3064,True
2026-04-08 18:00:00+00:00,64.54,64.61,63.88,64.02,373654.0,64.18,2434,True
2026-04-08 19:00:00+00:00,64.0,64.68,63.2,63.6,1311487.0,63.79,7788,True
2026-04-08 20:00:00+00:00,63.62,63.87,63.62,63.73,646071.0,63.62,60,False
2026-04-08 21:00:00+00:00,63.69,63.75,63.63,63.75,651.0,63.696,6,False
2026-04-08 22:00:00+00:00,63.69,63.79,63.65,63.77,3837.0,63.708,11,False
2026-04-08 23:00:00+00:00,63.65,63.79,63.62,63.62,3687.0,63.685,19,False
2026-04-09 08:00:00+00:00,63.74,63.91,63.58,63.58,1592.0,63.711,9,False
2026-04-09 09:00:00+00:00,63.58,63.58,63.58,63.58,0.0,63.58,0,False
2026-04-09 10:00:00+00:00,63.83,63.83,63.64,63.64,1045.0,63.687,9,False
2026-04-09 11:00:00+00:00,63.8,63.88,63.42,63.43,1673.0,63.744,5,False
2026-04-09 12:00:00+00:00,63.58,63.59,63.17,63.17,9143.0,63.264,33,False
2026-04-09 13:00:00+00:00,63.01,63.24,58.33,59.32,930763.0,60.427,4548,False
2026-04-09 14:00:00+00:00,59.3,61.0,58.82,59.01,1588726.0,59.842,7947,True
2026-04-09 15:00:00+00:00,59.04,59.39,58.37,58.9,809616.0,58.965,4979,True
2026-04-09 16:00:00+00:00,58.88,59.22,57.3,57.51,1222579.0,58.038,7470,True
2026-04-09 17:00:00+00:00,57.51,58.67,57.48,58.57,900424.0,58.245,5083,True
2026-04-09 18:00:00+00:00,58.58,58.82,58.18,58.66,698466.0,58.537,4073,True
2026-04-09 19:00:00+00:00,58.66,59.13,58.3,58.95,1367543.0,58.755,8733,True
2026-04-09 20:00:00+00:00,58.96,59.0,58.72,58.99,747673.0,58.959,79,False
2026-04-09 21:00:00+00:00,58.83,58.99,58.8,58.88,4242.0,58.871,20,False
2026-04-09 22:00:00+00:00,58.87,58.98,58.87,58.9,948.0,58.898,5,False
2026-04-09 23:00:00+00:00,58.91,58.99,58.85,58.95,1594.0,58.919,11,False
2026-04-10 08:00:00+00:00,59.92,59.92,59.1,59.2,3539.0,59.524,13,False
2026-04-10 09:00:00+00:00,59.1,59.1,59.1,59.1,1000.0,59.1,1,False
2026-04-10 10:00:00+00:00,59.15,59.44,59.15,59.44,545.0,59.203,3,False
2026-04-10 11:00:00+00:00,59.07,59.43,58.8,58.8,6887.0,59.069,28,False
2026-04-10 12:00:00+00:00,58.75,59.18,58.61,59.15,9029.0,59.034,35,False
2026-04-10 13:00:00+00:00,59.2,59.4,56.01,56.52,1006356.0,57.35,4758,False
2026-04-10 14:00:00+00:00,56.5,58.21,56.1,57.72,972386.0,57.112,5353,True
2026-04-10 15:00:00+00:00,57.73,58.2,57.13,57.76,558379.0,57.664,3123,True
2026-04-10 16:00:00+00:00,57.77,57.86,56.79,57.05,331462.0,57.356,2100,True
2026-04-10 17:00:00+00:00,57.05,57.09,56.55,56.68,357633.0,56.855,2190,True
2026-04-10 18:00:00+00:00,56.67,56.84,56.34,56.84,392890.0,56.566,2387,True
2026-04-10 19:00:00+00:00,56.82,57.3,56.75,57.16,1186958.0,57.064,7047,True
2026-04-10 20:00:00+00:00,57.17,57.19,56.81,57.16,628977.0,57.149,43,False
2026-04-10 21:00:00+00:00,57.2,57.3,57.2,57.3,2240.0,57.274,9,False
2026-04-10 22:00:00+00:00,57.3,57.49,57.19,57.41,1144.0,57.315,6,False
2026-04-10 23:00:00+00:00,57.49,57.49,57.01,57.43,1230.0,57.351,6,False
2026-04-13 08:00:00+00:00,56.82,57.01,56.24,56.9,20943.0,56.545,58,False
2026-04-13 09:00:00+00:00,56.97,57.15,56.96,57.14,3506.0,57.069,14,False
2026-04-13 10:00:00+00:00,57.0,57.85,56.71,57.85,2813.0,57.267,9,False
2026-04-13 11:00:00+00:00,57.1,57.7,57.0,57.39,4666.0,57.14,21,False
2026-04-13 12:00:00+00:00,57.01,57.55,57.0,57.55,3055.0,57.211,19,False
2026-04-13 13:00:00+00:00,57.66,59.5,56.72,59.42,1031506.0,58.118,3835,False
2026-04-13 14:00:00+00:00,59.42,60.72,59.02,60.17,1674860.0,59.909,6215,True
2026-04-13 15:00:00+00:00,60.2,60.83,59.45,60.47,983607.0,60.243,2874,True
2026-04-13 16:00:00+00:00,60.49,61.11,60.24,60.74,1054812.0,60.76,4120,True
2026-04-13 17:00:00+00:00,60.78,61.24,60.65,60.75,494528.0,60.947,2746,True
2026-04-13 18:00:00+00:00,60.73,60.94,60.5,60.72,357622.0,60.734,2077,True
2026-04-13 19:00:00+00:00,60.73,61.4,60.42,61.28,1521930.0,61.111,7031,True
2026-04-13 20:00:00+00:00,60.94,61.46,60.78,61.2,886412.0,61.3,40,False
2026-04-13 21:00:00+00:00,61.45,61.5,61.06,61.5,2692.0,61.348,10,False
2026-04-13 22:00:00+00:00,61.5,61.8,61.49,61.5,3227.0,61.692,8,False
2026-04-13 23:00:00+00:00,61.74,62.01,61.56,62.0,8313.0,61.964,25,False
2026-04-14 08:00:00+00:00,61.77,61.77,61.41,61.5,3563.0,61.511,9,False
2026-04-14 09:00:00+00:00,61.6,61.6,61.48,61.52,1339.0,61.526,9,False
2026-04-14 10:00:00+00:00,61.36,61.38,61.11,61.11,1034.0,61.314,8,False
2026-04-14 11:00:00+00:00,61.42,61.5,61.0,61.43,7540.0,61.193,29,False
2026-04-14 12:00:00+00:00,61.44,61.99,61.2,61.6,7436.0,61.635,48,False
2026-04-14 13:00:00+00:00,61.63,63.45,61.29,61.63,550771.0,62.419,2542,False
2026-04-14 14:00:00+00:00,61.64,61.82,61.0,61.05,523427.0,61.474,2251,True
2026-04-14 15:00:00+00:00,61.05,61.67,61.01,61.63,399388.0,61.32,1653,True
2026-04-14 16:00:00+00:00,61.63,62.24,61.33,61.79,351086.0,61.795,1902,True
2026-04-14 17:00:00+00:00,61.79,61.89,61.12,61.23,310986.0,61.616,1650,True
2026-04-14 18:00:00+00:00,61.19,61.19,59.49,59.57,664090.0,60.037,3678,True
2026-04-14 19:00:00+00:00,59.59,60.07,59.36,59.69,1631420.0,59.672,8613,True
2026-04-14 20:00:00+00:00,59.71,61.05,59.33,59.71,606254.0,59.71,47,False
2026-04-14 21:00:00+00:00,59.71,59.99,59.52,59.95,3636.0,59.763,19,False
2026-04-14 22:00:00+00:00,59.73,59.94,59.69,59.69,1960.0,59.736,10,False
2026-04-14 23:00:00+00:00,59.9,60.0,59.89,59.89,1267.0,59.978,3,False
2026-04-15 08:00:00+00:00,59.9,61.0,59.75,60.85,5548.0,60.359,19,False
2026-04-15 09:00:00+00:00,60.85,60.85,60.05,60.06,2188.0,60.12,9,False
2026-04-15 10:00:00+00:00,60.2,60.29,59.89,60.29,618.0,60.054,6,False
2026-04-15 11:00:00+00:00,59.97,60.8,59.97,60.79,4799.0,60.178,14,False
2026-04-15 12:00:00+00:00,60.5,60.78,60.2,60.26,5117.0,60.499,15,False
2026-04-15 13:00:00+00:00,60.21,63.19,60.21,62.65,1398833.0,62.165,6158,False
2026-04-15 14:00:00+00:00,62.64,63.59,62.02,63.33,985104.0,62.841,4651,True
2026-04-15 15:00:00+00:00,63.36,64.45,62.87,64.44,1305305.0,63.846,6527,True
2026-04-15 16:00:00+00:00,64.47,65.05,64.2,64.84,738336.0,64.634,4511,True
2026-04-15 17:00:00+00:00,64.85,65.25,64.42,64.89,723187.0,64.954,4112,True
2026-04-15 18:00:00+00:00,64.89,66.11,64.89,65.6,746482.0,65.723,4430,True
2026-04-15 19:00:00+00:00,65.58,66.06,64.96,66.0,1757687.0,65.638,10161,True
2026-04-15 20:00:00+00:00,66.0,66.5,65.61,66.42,690618.0,66.001,68,False
2026-04-15 21:00:00+00:00,66.32,66.43,66.02,66.42,2035.0,66.339,9,False
2026-04-15 22:00:00+00:00,66.14,66.48,66.08,66.48,9350.0,66.376,34,False
2026-04-15 23:00:00+00:00,66.49,66.85,66.4,66.65,4724.0,66.594,24,False
2026-04-16 08:00:00+00:00,67.0,67.5,66.52,67.45,7152.0,67.082,43,False
2026-04-16 09:00:00+00:00,67.5,68.24,67.48,67.97,5162.0,67.846,18,False
2026-04-16 10:00:00+00:00,67.6,67.85,67.07,67.07,2812.0,67.393,9,False
2026-04-16 11:00:00+00:00,67.4,68.0,67.25,67.81,24473.0,67.639,106,False
2026-04-16 12:00:00+00:00,67.9,68.38,67.71,68.0,15163.0,67.96,78,False
2026-04-16 13:00:00+00:00,68.1,71.07,68.04,68.84,1984215.0,69.788,9472,False
2026-04-16 14:00:00+00:00,68.86,68.9,66.85,67.76,1021565.0,67.895,6404,True
2026-04-16 15:00:00+00:00,67.77,68.55,67.36,68.34,486754.0,68.055,3433,True
2026-04-16 16:00:00+00:00,68.34,69.89,68.33,69.31,629029.0,69.147,4059,True
2026-04-16 17:00:00+00:00,69.33,69.43,68.4,69.19,731619.0,68.936,3869,True
2026-04-16 18:00:00+00:00,69.12,69.22,68.54,68.92,326452.0,68.913,2194,True
2026-04-16 19:00:00+00:00,68.96,69.09,68.16,68.73,1227150.0,68.54,7205,True
2026-04-16 20:00:00+00:00,68.73,69.0,68.72,68.75,671693.0,68.73,39,False
2026-04-16 21:00:00+00:00,68.76,68.98,68.76,68.82,819.0,68.865,5,False
2026-04-16 22:00:00+00:00,68.76,68.95,68.56,68.8,2757.0,68.785,16,False
2026-04-16 23:00:00+00:00,68.7,68.9,68.69,68.85,2541.0,68.824,6,False
2026-04-17 08:00:00+00:00,69.36,69.71,68.55,69.71,3457.0,69.119,19,False
2026-04-17 09:00:00+00:00,69.79,70.9,69.75,70.4,4752.0,70.247,23,False
2026-04-17 10:00:00+00:00,70.23,70.4,69.6,70.4,4454.0,70.018,23,False
2026-04-17 11:00:00+00:00,70.02,70.98,70.0,70.63,18911.0,70.571,41,False
2026-04-17 12:00:00+00:00,70.88,70.98,69.29,70.36,31248.0,70.103,161,False
2026-04-17 13:00:00+00:00,70.36,70.5,68.5,68.89,850408.0,69.476,3245,False
2026-04-17 14:00:00+00:00,68.81,68.93,66.66,67.53,1319823.0,67.517,6125,True
2026-04-17 15:00:00+00:00,67.54,67.85,66.36,66.97,1028223.0,67.344,5088,True
2026-04-17 16:00:00+00:00,66.97,67.44,66.29,67.4,605526.0,66.893,2952,True
2026-04-17 17:00:00+00:00,67.3,67.49,66.91,67.17,485265.0,67.259,2842,True
2026-04-17 18:00:00+00:00,67.19,67.31,66.34,66.69,544900.0,66.762,3409,True
2026-04-17 19:00:00+00:00,66.7,67.18,65.91,66.99,2291300.0,66.725,12068,True
2026-04-17 20:00:00+00:00,66.94,67.29,66.7,66.99,13623594.0,66.94,90,False
2026-04-17 21:00:00+00:00,66.83,67.2,66.82,66.93,2559.0,66.982,11,False
2026-04-17 22:00:00+00:00,66.99,67.2,66.99,67.1,1845.0,67.089,10,False
2026-04-17 23:00:00+00:00,67.02,67.15,67.02,67.15,776.0,67.115,5,False
2026-04-20 08:00:00+00:00,66.2,66.32,65.94,65.99,2993.0,66.153,14,False
2026-04-20 09:00:00+00:00,66.35,66.35,66.35,66.35,394.0,66.35,1,False
2026-04-20 10:00:00+00:00,65.9,66.58,65.9,66.58,666.0,66.17,2,False
2026-04-20 11:00:00+00:00,66.33,66.59,66.21,66.22,1483.0,66.354,10,False
2026-04-20 12:00:00+00:00,66.36,67.35,66.36,67.35,17285.0,67.028,61,False
2026-04-20 13:00:00+00:00,67.05,71.03,66.01,70.53,984010.0,68.97,4947,False
2026-04-20 14:00:00+00:00,70.4,71.19,69.5,69.75,1129396.0,70.271,6065,True
2026-04-20 15:00:00+00:00,69.76,70.5,69.29,70.32,496061.0,69.897,3209,True
2026-04-20 16:00:00+00:00,70.32,70.74,69.82,70.39,761389.0,70.266,2903,True
2026-04-20 17:00:00+00:00,70.38,70.97,70.34,70.66,320892.0,70.734,2105,True
2026-04-20 18:00:00+00:00,70.68,71.12,70.52,70.66,487507.0,70.852,2929,True
2026-04-20 19:00:00+00:00,70.67,71.59,70.38,71.48,1407139.0,71.218,8013,True
2026-04-20 20:00:00+00:00,71.49,71.81,71.47,71.48,643015.0,71.483,71,False
2026-04-20 21:00:00+00:00,71.55,71.7,71.54,71.7,4008.0,71.653,13,False
2026-04-20 22:00:00+00:00,71.7,71.7,71.5,71.52,2458.0,71.575,14,False
2026-04-20 23:00:00+00:00,71.66,71.7,71.49,71.7,1940.0,71.65,8,False
2026-04-21 08:00:00+00:00,71.86,72.7,71.6,72.6,12218.0,71.964,53,False
2026-04-21 09:00:00+00:00,72.5,73.24,72.35,72.7,1673.0,72.691,12,False
2026-04-21 10:00:00+00:00,72.43,72.55,72.38,72.38,1325.0,72.424,8,False
2026-04-21 11:00:00+00:00,72.36,72.78,72.18,72.3,22143.0,72.428,69,False
2026-04-21 12:00:00+00:00,72.4,72.6,72.02,72.06,14486.0,72.376,36,False
2026-04-21 13:00:00+00:00,72.26,75.3,70.6,74.85,757543.0,73.188,3439,False
2026-04-21 14:00:00+00:00,74.85,75.95,73.89,73.9,960732.0,75.008,4792,True
2026-04-21 15:00:00+00:00,73.95,74.35,73.25,73.79,485230.0,73.735,2792,True
2026-04-21 16:00:00+00:00,73.84,73.95,72.51,72.57,230889.0,73.333,1553,True
2026-04-21 17:00:00+00:00,72.59,72.82,71.28,71.88,381845.0,71.797,2634,True
2026-04-21 18:00:00+00:00,71.87,72.11,71.27,71.95,344437.0,71.723,2538,True
2026-04-21 19:00:00+00:00,71.96,72.05,70.86,71.24,646266.0,71.303,4531,True
2026-04-21 20:00:00+00:00,71.22,71.92,71.22,71.56,469577.0,71.222,45,False
2026-04-21 21:00:00+00:00,71.91,71.91,71.51,71.85,594.0,71.733,4,False
2026-04-21 22:00:00+00:00,71.89,71.89,71.8,71.88,2577.0,71.853,6,False
2026-04-21 23:00:00+00:00,71.77,71.92,71.76,71.92,4510.0,71.883,11,False
2026-04-22 08:00:00+00:00,73.72,74.19,72.22,73.48,20346.0,73.054,105,False
2026-04-22 09:00:00+00:00,73.53,73.8,72.84,73.18,8446.0,73.313,29,False
2026-04-22 10:00:00+00:00,73.05,73.3,72.5,72.5,7049.0,72.791,29,False
2026-04-22 11:00:00+00:00,72.66,72.95,72.3,72.3,7125.0,72.443,24,False
2026-04-22 12:00:00+00:00,72.76,73.0,72.02,72.1,20807.0,72.545,95,False
2026-04-22 13:00:00+00:00,72.33,72.48,70.8,71.02,552645.0,71.419,2780,False
2026-04-22 14:00:00+00:00,71.0,71.62,70.35,71.24,582562.0,71.007,3580,True
2026-04-22 15:00:00+00:00,71.28,71.72,70.88,71.13,328581.0,71.3,1977,True
2026-04-22 16:00:00+00:00,71.11,71.77,71.03,71.49,243150.0,71.39,1496,True
2026-04-22 17:00:00+00:00,71.52,74.44,71.42,74.19,1008043.0,72.52,5013,True
2026-04-22 18:00:00+00:00,74.19,74.59,72.9,73.36,841607.0,73.735,4873,True
2026-04-22 19:00:00+00:00,73.36,74.13,73.09,74.01,1068423.0,73.731,6498,True
2026-04-22 20:00:00+00:00,74.01,74.01,67.75,70.18,583135.0,72.989,501,False
2026-04-22 21:00:00+00:00,70.16,70.37,69.0,69.75,29141.0,69.679,111,False
2026-04-22 22:00:00+00:00,69.78,70.38,69.1,70.0,6461.0,69.706,21,False
2026-04-22 23:00:00+00:00,70.05,70.38,70.0,70.1,4433.0,70.079,17,False
2026-04-23 08:00:00+00:00,70.8,70.8,69.7,69.7,19067.0,70.19,73,False
2026-04-23 09:00:00+00:00,69.25,69.59,69.0,69.47,5066.0,69.303,30,False
2026-04-23 10:00:00+00:00,69.44,69.5,69.22,69.5,400.0,69.416,4,False
2026-04-23 11:00:00+00:00,69.64,69.7,68.22,68.71,101705.0,68.899,250,False
2026-04-23 12:00:00+00:00,69.05,69.15,67.4,68.1,45091.0,67.949,182,False
2026-04-23 13:00:00+00:00,67.9,69.0,65.81,66.17,1280746.0,66.772,5633,False
2026-04-23 14:00:00+00:00,66.17,66.9,65.2,66.63,1214780.0,65.943,6281,True
2026-04-23 15:00:00+00:00,66.63,66.88,65.9,66.31,526284.0,66.39,3182,True
2026-04-23 16:00:00+00:00,66.29,66.87,66.2,66.56,318185.0,66.52,2137,True
2026-04-23 17:00:00+00:00,66.59,66.62,65.6,66.39,487192.0,66.096,3175,True
2026-04-23 18:00:00+00:00,66.4,67.81,66.4,67.23,488183.0,67.143,3088,True
2026-04-23 19:00:00+00:00,67.24,68.05,67.03,67.61,885768.0,67.579,5436,True
2026-04-23 20:00:00+00:00,67.62,69.0,67.56,68.87,497771.0,67.668,132,False
2026-04-23 21:00:00+00:00,68.67,68.87,68.5,68.5,1690.0,68.644,14,False
2026-04-23 22:00:00+00:00,68.69,68.75,68.51,68.51,400.0,68.635,4,False
2026-04-23 23:00:00+00:00,68.41,68.42,68.41,68.42,355.0,68.417,2,False
2026-04-24 08:00:00+00:00,69.42,69.9,68.42,68.79,3355.0,69.033,20,False
2026-04-24 09:00:00+00:00,68.7,68.7,68.3,68.34,1644.0,68.396,12,False
2026-04-24 10:00:00+00:00,68.3,68.48,68.28,68.48,737.0,68.331,4,False
2026-04-24 11:00:00+00:00,68.5,69.25,68.2,68.8,17208.0,68.866,107,False
2026-04-24 12:00:00+00:00,68.81,68.81,68.01,68.01,14987.0,68.579,79,False
2026-04-24 13:00:00+00:00,68.31,70.66,68.1,69.53,632919.0,69.566,3073,False
2026-04-24 14:00:00+00:00,69.5,70.29,69.16,69.98,536872.0,69.791,3163,True
2026-04-24 15:00:00+00:00,69.93,70.32,69.46,69.63,293303.0,69.786,1899,True
2026-04-24 16:00:00+00:00,69.63,69.97,69.43,69.86,244206.0,69.752,1804,True
2026-04-24 17:00:00+00:00,69.88,70.73,69.65,70.64,262864.0,70.057,1705,True
2026-04-24 18:00:00+00:00,70.65,71.64,70.62,71.44,368814.0,71.208,2351,True
2026-04-24 19:00:00+00:00,71.45,71.96,71.43,71.61,990799.0,71.651,6169,True
2026-04-24 20:00:00+00:00,71.54,72.0,71.04,71.1,344925.0,71.546,28,False
2026-04-24 21:00:00+00:00,71.44,71.49,71.44,71.49,1325.0,71.485,3,False
2026-04-24 22:00:00+00:00,71.4,71.49,71.39,71.39,1400.0,71.419,4,False
2026-04-24 23:00:00+00:00,71.39,71.69,71.39,71.69,2627.0,71.572,14,False
2026-04-27 08:00:00+00:00,71.3,71.51,71.3,71.5,4468.0,71.494,18,False
2026-04-27 09:00:00+00:00,71.3,71.5,71.24,71.44,5285.0,71.378,15,False
2026-04-27 10:00:00+00:00,71.26,71.26,69.76,69.77,18504.0,70.049,94,False
2026-04-27 11:00:00+00:00,70.0,71.0,69.11,70.55,27980.0,70.247,68,False
2026-04-27 12:00:00+00:00,70.77,70.77,70.0,70.19,21927.0,70.481,26,False
2026-04-27 13:00:00+00:00,70.15,71.97,68.81,70.45,619587.0,70.244,2907,False
2026-04-27 14:00:00+00:00,70.45,71.94,70.25,71.14,561085.0,71.226,3099,True
2026-04-27 15:00:00+00:00,71.15,71.33,70.12,70.45,548877.0,70.78,3486,True
2026-04-27 16:00:00+00:00,70.45,70.57,70.25,70.51,284149.0,70.413,1881,True
2026-04-27 17:00:00+00:00,70.5,70.68,70.27,70.31,349342.0,70.483,1610,True
2026-04-27 18:00:00+00:00,70.31,70.51,69.9,69.9,179064.0,70.286,1275,True
2026-04-27 19:00:00+00:00,69.93,69.95,68.86,69.24,988312.0,69.284,5998,True
2026-04-27 20:00:00+00:00,69.22,69.5,69.15,69.45,602818.0,69.22,18,False
2026-04-27 21:00:00+00:00,69.5,69.5,69.25,69.25,675.0,69.361,3,False
2026-04-27 22:00:00+00:00,69.4,69.48,69.3,69.38,1803.0,69.363,10,False
2026-04-27 23:00:00+00:00,69.38,69.95,69.38,69.69,750.0,69.772,4,False
2026-04-28 08:00:00+00:00,69.97,69.97,69.31,69.4,1063.0,69.531,7,False
2026-04-28 09:00:00+00:00,69.5,69.5,69.41,69.42,973.0,69.491,2,False
2026-04-28 10:00:00+00:00,69.69,69.69,69.49,69.49,1073.0,69.527,3,False
2026-04-28 11:00:00+00:00,69.5,69.73,68.97,69.1,4722.0,69.188,33,False
2026-04-28 12:00:00+00:00,69.0,70.36,69.0,70.36,23313.0,69.978,48,False
2026-04-28 13:00:00+00:00,70.67,72.8,69.48,70.14,538713.0,70.993,2698,False
2026-04-28 14:00:00+00:00,70.14,71.06,69.86,69.88,322625.0,70.554,2154,True
2026-04-28 15:00:00+00:00,69.95,70.38,69.62,69.98,251832.0,70.003,1699,True
2026-04-28 16:00:00+00:00,69.95,70.42,69.86,70.27,600416.0,70.074,2187,True
2026-04-28 17:00:00+00:00,70.3,70.71,70.03,70.5,331154.0,70.468,1770,True
2026-04-28 18:00:00+00:00,70.49,70.58,69.63,69.98,327650.0,70.006,1675,True
2026-04-28 19:00:00+00:00,69.94,69.97,69.37,69.7,620579.0,69.672,4121,True
2026-04-28 20:00:00+00:00,69.71,70.0,69.21,70.0,399417.0,69.71,14,False
2026-04-28 21:00:00+00:00,69.8,69.99,69.72,69.72,852.0,69.815,7,False
2026-04-28 22:00:00+00:00,69.9,69.9,69.9,69.9,100.0,69.9,1,False
2026-04-28 23:00:00+00:00,69.99,70.41,69.67,70.41,679.0,69.943,5,False
2026-04-29 08:00:00+00:00,70.67,70.67,70.0,70.0,7928.0,70.189,35,False
2026-04-29 09:00:00+00:00,70.0,70.36,70.0,70.35,3788.0,70.038,12,False
2026-04-29 10:00:00+00:00,70.02,71.11,70.02,71.0,6250.0,70.861,33,False
2026-04-29 11:00:00+00:00,70.5,70.84,69.69,69.7,17526.0,70.029,50,False
2026-04-29 12:00:00+00:00,69.5,70.01,69.22,69.59,10344.0,69.738,53,False
2026-04-29 13:00:00+00:00,69.6,70.7,68.48,69.6,353437.0,69.701,1865,False
2026-04-29 14:00:00+00:00,69.52,70.1,69.2,70.1,346369.0,69.756,1557,True
2026-04-29 15:00:00+00:00,70.04,70.17,69.65,69.96,168484.0,69.917,1071,True
2026-04-29 16:00:00+00:00,69.94,70.19,69.65,69.87,135477.0,69.955,904,True
2026-04-29 17:00:00+00:00,69.92,70.08,69.46,70.02,148523.0,69.801,1020,True
2026-04-29 18:00:00+00:00,70.05,70.69,69.93,70.46,366789.0,70.285,2253,True
2026-04-29 19:00:00+00:00,70.54,70.55,69.87,70.49,749341.0,70.292,5005,True
2026-04-29 20:00:00+00:00,70.49,70.49,69.7,69.8,331249.0,70.485,35,False
2026-04-29 21:00:00+00:00,69.82,70.36,69.82,70.36,1101.0,70.144,9,False
2026-04-29 22:00:00+00:00,70.42,70.9,70.42,70.85,4926.0,70.765,12,False
2026-04-29 23:00:00+00:00,70.88,70.88,69.9,70.47,300.0,70.417,3,False
2026-04-30 08:00:00+00:00,70.3,70.68,70.12,70.68,4805.0,70.308,30,False
2026-04-30 09:00:00+00:00,70.5,70.5,70.38,70.4,1296.0,70.407,6,False
2026-04-30 10:00:00+00:00,70.96,70.96,70.41,70.41,3966.0,70.437,8,False
2026-04-30 11:00:00+00:00,70.5,71.0,70.3,70.3,4217.0,70.624,15,False
2026-04-30 12:00:00+00:00,70.37,70.94,70.0,70.42,6259.0,70.488,21,False
2026-04-30 13:00:00+00:00,70.2,70.9,66.81,66.96,580997.0,67.878,3157,False
2026-04-30 14:00:00+00:00,66.95,68.2,66.55,68.01,478267.0,67.17,3285,True
2026-04-30 15:00:00+00:00,68.03,68.33,67.36,67.9,279986.0,67.87,1886,True
2026-04-30 16:00:00+00:00,67.88,68.02,66.98,66.99,362677.0,67.49,2527,True
2026-04-30 17:00:00+00:00,66.99,67.52,66.7,67.21,426641.0,67.078,2707,True
2026-04-30 18:00:00+00:00,67.2,67.98,67.18,67.97,376848.0,67.595,2486,True
2026-04-30 19:00:00+00:00,67.93,68.72,67.87,68.59,1275895.0,68.424,7515,True
2026-04-30 20:00:00+00:00,68.59,87.3,68.1,80.6,1938361.0,77.948,5212,False
2026-04-30 21:00:00+00:00,80.81,86.99,80.58,86.3,489690.0,84.911,1869,False
2026-04-30 22:00:00+00:00,86.3,86.4,84.14,84.77,182649.0,85.102,701,False
2026-04-30 23:00:00+00:00,84.5,86.33,84.48,85.61,158181.0,85.353,363,False
2026-05-01 08:00:00+00:00,85.68,85.68,84.06,84.63,20222.0,84.98,101,False
2026-05-01 09:00:00+00:00,85.0,86.45,84.4,85.98,7541.0,85.348,35,False
2026-05-01 10:00:00+00:00,85.88,86.6,84.69,84.69,49793.0,85.767,184,False
2026-05-01 11:00:00+00:00,84.83,85.23,81.25,81.25,106135.0,83.109,476,False
2026-05-01 12:00:00+00:00,81.92,82.64,81.11,81.33,136185.0,81.632,716,False
2026-05-01 13:00:00+00:00,81.45,89.64,81.21,85.89,4986020.0,86.656,20072,False
2026-05-01 14:00:00+00:00,85.9,86.35,82.05,83.93,3939108.0,83.947,17161,True
2026-05-01 15:00:00+00:00,83.93,85.6,82.88,85.09,2162895.0,84.591,7750,True
2026-05-01 16:00:00+00:00,85.09,85.46,83.66,84.73,1106730.0,84.726,5080,True
2026-05-01 17:00:00+00:00,84.73,87.45,84.6,87.35,1501967.0,86.136,6475,True
2026-05-01 18:00:00+00:00,87.35,89.0,87.1,87.86,2829451.0,88.161,10320,True
2026-05-01 19:00:00+00:00,87.9,90.23,87.73,88.85,3172275.0,89.075,16254,True
2026-05-01 20:00:00+00:00,88.88,89.26,88.2,89.0,1287352.0,88.882,137,False
2026-05-01 21:00:00+00:00,89.19,89.19,88.61,88.75,9862.0,88.832,31,False
2026-05-01 22:00:00+00:00,88.95,89.18,88.9,88.95,5109.0,89.069,16,False
2026-05-01 23:00:00+00:00,88.92,89.49,88.91,89.46,9962.0,89.238,43,False
2026-05-04 08:00:00+00:00,90.28,90.28,89.12,89.63,15497.0,89.528,68,False
2026-05-04 09:00:00+00:00,89.3,89.49,88.88,88.89,3149.0,89.075,26,False
2026-05-04 10:00:00+00:00,88.85,89.49,87.25,89.32,22369.0,88.542,95,False
2026-05-04 11:00:00+00:00,89.33,89.61,88.02,88.18,23239.0,89.126,93,False
2026-05-04 12:00:00+00:00,88.52,89.22,88.29,88.43,5097.0,88.745,33,False
2026-05-04 13:00:00+00:00,88.43,93.96,87.0,93.18,1873674.0,91.858,8266,False
2026-05-04 14:00:00+00:00,93.11,95.08,91.13,94.04,1734307.0,93.546,9370,True
2026-05-04 15:00:00+00:00,94.02,95.55,93.8,95.01,1730779.0,94.829,7690,True
2026-05-04 16:00:00+00:00,94.89,95.37,93.93,94.78,991171.0,94.721,4543,True
2026-05-04 17:00:00+00:00,94.83,96.32,94.68,95.99,716983.0,95.454,4096,True
2026-05-04 18:00:00+00:00,95.98,96.19,93.88,94.0,1278187.0,95.177,5517,True
2026-05-04 19:00:00+00:00,94.01,94.5,92.85,93.17,2393763.0,93.601,13773,True
2026-05-04 20:00:00+00:00,93.14,93.56,93.01,93.56,990674.0,93.161,91,False
2026-05-04 21:00:00+00:00,93.21,93.47,93.16,93.35,4667.0,93.27,24,False
2026-05-04 22:00:00+00:00,93.22,93.55,93.05,93.16,5442.0,93.247,15,False
2026-05-04 23:00:00+00:00,93.27,93.47,93.1,93.36,4651.0,93.256,25,False
2026-05-05 08:00:00+00:00,94.0,95.0,93.98,94.5,6252.0,94.46,39,False
2026-05-05 09:00:00+00:00,94.78,94.97,94.5,94.5,1926.0,94.907,7,False
2026-05-05 10:00:00+00:00,94.97,94.97,94.0,94.0,1584.0,94.232,10,False
2026-05-05 11:00:00+00:00,94.02,94.47,93.34,93.9,9422.0,93.882,49,False
2026-05-05 12:00:00+00:00,93.9,94.25,93.8,93.8,7215.0,93.98,28,False
2026-05-05 13:00:00+00:00,93.98,93.98,88.93,89.35,893642.0,90.882,3956,False
2026-05-05 14:00:00+00:00,89.35,91.91,89.07,91.54,602212.0,90.588,3249,True
2026-05-05 15:00:00+00:00,91.46,91.65,90.81,91.0,605259.0,91.219,2992,True
2026-05-05 16:00:00+00:00,91.0,91.17,90.3,90.42,341247.0,90.729,1805,True
2026-05-05 17:00:00+00:00,90.42,91.65,90.37,91.18,305128.0,91.152,1436,True
2026-05-05 18:00:00+00:00,91.15,91.32,90.6,91.3,290903.0,91.006,1590,True
2026-05-05 19:00:00+00:00,91.3,92.65,91.0,92.46,1590343.0,91.95,6787,True
2026-05-05 20:00:00+00:00,92.47,92.48,91.96,92.33,586600.0,92.348,35,False
2026-05-05 21:00:00+00:00,92.0,92.48,92.0,92.13,1655.0,92.249,8,False
2026-05-05 22:00:00+00:00,92.0,92.05,91.75,91.78,4094.0,91.852,8,False
2026-05-05 23:00:00+00:00,91.79,91.79,91.51,91.76,2395.0,91.705,7,False
2026-05-06 08:00:00+00:00,92.17,92.48,92.0,92.48,9125.0,92.203,26,False
2026-05-06 09:00:00+00:00,92.53,93.0,92.04,92.04,631.0,92.469,6,False
2026-05-06 10:00:00+00:00,92.19,93.1,92.19,93.01,1953.0,92.873,15,False
2026-05-06 11:00:00+00:00,93.0,93.83,92.65,93.0,26431.0,93.139,125,False
2026-05-06 12:00:00+00:00,93.0,93.0,92.04,92.2,6288.0,92.437,33,False
2026-05-06 13:00:00+00:00,92.18,92.44,84.48,84.77,1165624.0,86.771,5814,False
2026-05-06 14:00:00+00:00,84.74,88.33,84.69,87.26,1262417.0,86.896,6330,True
2026-05-06 15:00:00+00:00,87.3,88.38,86.95,87.71,679194.0,87.56,2859,True
2026-05-06 16:00:00+00:00,87.69,89.25,87.18,88.52,601859.0,88.418,3050,True
2026-05-06 17:00:00+00:00,88.53,89.47,88.53,88.68,866805.0,88.977,3433,True
2026-05-06 18:00:00+00:00,88.6,89.18,88.53,88.61,857716.0,88.944,3289,True
2026-05-06 19:00:00+00:00,88.56,89.5,88.18,88.78,1163060.0,88.733,6065,True
2026-05-06 20:00:00+00:00,88.79,89.38,88.69,89.0,1102749.0,88.802,49,False
2026-05-06 21:00:00+00:00,89.1,89.1,88.2,88.41,3299.0,88.746,11,False
2026-05-06 22:00:00+00:00,88.56,88.85,88.56,88.85,2940.0,88.71,10,False
2026-05-06 23:00:00+00:00,88.86,89.05,88.81,89.05,3900.0,88.929,10,False
2026-05-07 08:00:00+00:00,89.2,89.33,89.2,89.33,822.0,89.314,5,False
2026-05-07 09:00:00+00:00,89.5,89.51,89.01,89.3,1227.0,89.3,10,False
2026-05-07 10:00:00+00:00,89.35,89.35,89.35,89.35,163.0,89.35,1,False
2026-05-07 11:00:00+00:00,89.87,91.89,89.87,91.73,15569.0,90.93,64,False
2026-05-07 12:00:00+00:00,91.2,92.75,91.0,92.47,20060.0,91.995,82,False
2026-05-07 13:00:00+00:00,92.57,94.5,90.42,90.82,1083468.0,92.418,5101,False
2026-05-07 14:00:00+00:00,90.82,95.0,90.57,93.89,2052730.0,92.866,7268,True
2026-05-07 15:00:00+00:00,93.94,94.87,93.13,94.2,645091.0,94.024,4034,True
2026-05-07 16:00:00+00:00,94.26,94.42,93.0,93.2,991065.0,93.891,4173,True
2026-05-07 17:00:00+00:00,93.24,93.65,92.7,93.55,657660.0,93.209,2793,True
2026-05-07 18:00:00+00:00,93.56,94.06,93.08,94.02,503681.0,93.593,2363,True
2026-05-07 19:00:00+00:00,94.05,94.16,92.15,92.36,3073037.0,93.097,12317,True
2026-05-07 20:00:00+00:00,92.37,93.99,91.51,91.61,977064.0,92.368,77,False
2026-05-07 21:00:00+00:00,91.49,91.71,89.62,90.31,12269.0,90.582,45,False
2026-05-07 22:00:00+00:00,90.4,91.63,90.4,90.82,5348.0,90.816,24,False
2026-05-07 23:00:00+00:00,91.37,91.59,90.95,91.59,2081.0,91.311,10,False
2026-05-08 08:00:00+00:00,92.09,92.1,91.06,91.13,4642.0,91.521,18,False
2026-05-08 09:00:00+00:00,91.89,93.0,91.4,91.4,4208.0,92.368,25,False
2026-05-08 10:00:00+00:00,91.32,91.32,91.32,91.32,328.0,91.32,1,False
2026-05-08 11:00:00+00:00,91.24,91.71,90.5,91.0,6564.0,90.973,38,False
2026-05-08 12:00:00+00:00,90.81,90.81,89.36,89.42,69450.0,90.273,144,False
2026-05-08 13:00:00+00:00,89.5,89.94,84.42,85.24,916602.0,86.383,4056,False
2026-05-08 14:00:00+00:00,85.39,86.95,84.9,85.45,703639.0,85.861,4126,True
2026-05-08 15:00:00+00:00,85.4,87.3,85.4,86.81,881380.0,86.718,3435,True
2026-05-08 16:00:00+00:00,86.75,88.48,86.66,87.79,376803.0,87.742,1919,True
2026-05-08 17:00:00+00:00,87.79,88.87,87.32,88.11,979639.0,88.433,3572,True
2026-05-08 18:00:00+00:00,88.11,90.0,88.0,89.43,1344092.0,89.443,4333,True
2026-05-08 19:00:00+00:00,89.39,92.13,89.22,91.6,4126563.0,91.288,16075,True
2026-05-08 20:00:00+00:00,91.6,91.6,90.92,91.17,856606.0,91.598,38,False
2026-05-08 21:00:00+00:00,91.2,91.2,91.01,91.2,1639.0,91.149,4,False
2026-05-08 22:00:00+00:00,91.0,91.2,90.4,90.4,5524.0,90.86,16,False
2026-05-08 23:00:00+00:00,90.52,91.28,89.67,91.28,2945.0,90.175,7,False
2026-05-11 08:00:00+00:00,90.93,91.11,90.0,91.11,5116.0,90.393,31,False
2026-05-11 09:00:00+00:00,90.67,92.0,90.67,92.0,2316.0,91.408,12,False
2026-05-11 10:00:00+00:00,91.88,91.99,90.83,91.33,2300.0,91.73,11,False
2026-05-11 11:00:00+00:00,91.55,92.56,91.28,91.78,21253.0,91.979,71,False
2026-05-11 12:00:00+00:00,91.51,91.9,91.0,91.3,7308.0,91.325,34,False
2026-05-11 13:00:00+00:00,91.18,92.43,88.89,89.32,485555.0,90.488,2578,False
2026-05-11 14:00:00+00:00,89.33,90.0,85.96,87.0,743472.0,87.326,4312,True
2026-05-11 15:00:00+00:00,87.01,87.64,86.2,87.03,1058426.0,86.886,3903,True
2026-05-11 16:00:00+00:00,87.0,87.03,85.34,85.37,617659.0,86.199,3425,True
2026-05-11 17:00:00+00:00,85.37,85.77,84.9,85.29,729429.0,85.281,2932,True
2026-05-11 18:00:00+00:00,85.28,86.56,84.96,86.17,596639.0,85.982,3118,True
2026-05-11 19:00:00+00:00,86.21,87.57,86.1,87.28,1231385.0,87.151,7112,True
2026-05-11 20:00:00+00:00,87.31,87.41,86.63,87.0,387348.0,87.304,28,False
2026-05-11 21:00:00+00:00,87.1,87.1,85.5,86.2,15687.0,86.587,73,False
2026-05-11 22:00:00+00:00,85.95,86.0,85.6,85.98,4035.0,85.946,29,False
2026-05-11 23:00:00+00:00,85.9,86.76,85.7,86.76,4326.0,86.058,18,False
2026-05-12 08:00:00+00:00,86.62,86.8,86.0,86.8,3937.0,86.404,17,False
2026-05-12 09:00:00+00:00,86.8,86.8,86.8,86.8,0.0,86.8,0,False
2026-05-12 10:00:00+00:00,86.51,86.51,86.51,86.51,1000.0,86.51,1,False
2026-05-12 11:00:00+00:00,87.11,87.3,86.49,86.8,2879.0,86.894,21,False
2026-05-12 12:00:00+00:00,86.61,87.95,86.6,87.56,12269.0,87.154,39,False
2026-05-12 13:00:00+00:00,87.99,88.2,85.14,86.43,461779.0,86.575,2050,False
2026-05-12 14:00:00+00:00,86.4,86.78,85.44,86.46,416213.0,86.246,2844,True
2026-05-12 15:00:00+00:00,86.4,86.52,85.82,86.35,297654.0,86.243,1868,True
2026-05-12 16:00:00+00:00,86.33,86.55,85.5,85.66,271152.0,86.044,1810,True
2026-05-12 17:00:00+00:00,85.66,86.39,85.56,86.37,377475.0,85.9,2095,True
2026-05-12 18:00:00+00:00,86.42,86.57,85.54,85.64,431955.0,85.896,2730,True
2026-05-12 19:00:00+00:00,85.64,85.75,83.38,85.01,1418782.0,84.396,7146,True
2026-05-12 20:00:00+00:00,85.0,85.0,83.91,84.9,539530.0,84.999,13,False
2026-05-12 21:00:00+00:00,84.94,85.0,84.5,85.0,2641.0,84.879,12,False
2026-05-12 22:00:00+00:00,84.77,84.77,84.77,84.77,100.0,84.77,1,False
2026-05-12 23:00:00+00:00,84.77,85.0,84.77,84.77,311.0,84.853,3,False
2026-05-13 08:00:00+00:00,85.05,85.53,85.0,85.25,3329.0,85.224,25,False
2026-05-13 09:00:00+00:00,85.25,85.25,85.25,85.25,0.0,85.25,0,False
2026-05-13 10:00:00+00:00,85.07,85.2,85.07,85.18,320.0,85.152,3,False
2026-05-13 11:00:00+00:00,85.0,85.26,84.5,85.26,3542.0,84.905,21,False
2026-05-13 12:00:00+00:00,84.65,85.18,84.0,84.2,3819.0,84.326,27,False
2026-05-13 13:00:00+00:00,84.03,84.95,80.2,80.69,523341.0,81.949,2606,False
2026-05-13 14:00:00+00:00,80.67,82.62,80.44,81.45,633963.0,81.516,3491,True
2026-05-13 15:00:00+00:00,81.48,82.11,80.6,80.65,659702.0,81.384,3440,True
2026-05-13 16:00:00+00:00,80.57,81.51,80.52,81.3,397072.0,80.955,2377,True
2026-05-13 17:00:00+00:00,81.4,81.46,80.58,80.73,261836.0,80.954,1613,True
2026-05-13 18:00:00+00:00,80.74,81.43,80.54,81.22,352003.0,80.964,1769,True
2026-05-13 19:00:00+00:00,81.25,81.95,80.57,80.61,993266.0,81.074,5644,True
2026-05-13 20:00:00+00:00,80.61,81.88,80.61,80.73,555133.0,80.621,38,False
2026-05-13 21:00:00+00:00,81.01,81.01,80.62,80.65,1149.0,80.847,7,False
2026-05-13 22:00:00+00:00,80.71,80.75,80.7,80.75,601.0,80.719,5,False
2026-05-13 23:00:00+00:00,80.65,80.79,80.54,80.68,6234.0,80.664,8,False
2026-05-14 08:00:00+00:00,80.92,81.0,80.9,80.9,1499.0,80.925,4,False
2026-05-14 09:00:00+00:00,80.5,81.5,80.49,81.5,887.0,80.942,8,False
2026-05-14 10:00:00+00:00,81.3,81.3,81.3,81.3,183.0,81.3,1,False
2026-05-14 11:00:00+00:00,81.3,81.5,81.22,81.22,2973.0,81.4,11,False
2026-05-14 12:00:00+00:00,81.45,81.71,81.01,81.67,4137.0,81.412,22,False
2026-05-14 13:00:00+00:00,81.5,82.22,78.2,79.11,463569.0,79.451,2174,False
2026-05-14 14:00:00+00:00,79.09,82.5,79.09,81.86,498560.0,80.922,3017,True
2026-05-14 15:00:00+00:00,81.84,82.5,81.75,81.86,342880.0,82.082,1992,True
2026-05-14 16:00:00+00:00,81.85,82.24,80.79,81.03,218928.0,81.549,1404,True
2026-05-14 17:00:00+00:00,80.99,81.1,79.66,79.73,255534.0,80.481,1504,True
2026-05-14 18:00:00+00:00,79.78,80.7,79.62,80.38,218384.0,80.166,1535,True
2026-05-14 19:00:00+00:00,80.4,80.97,80.16,80.86,710313.0,80.662,4861,True
2026-05-14 20:00:00+00:00,80.86,81.02,80.53,80.8,422705.0,80.859,19,False
2026-05-14 21:00:00+00:00,80.83,81.25,80.65,80.8,2695.0,80.892,14,False
2026-05-14 22:00:00+00:00,81.0,81.0,80.99,81.0,220.0,80.998,2,False
2026-05-14 23:00:00+00:00,82.12,82.12,81.0,81.0,1208.0,81.344,9,False
2026-05-15 08:00:00+00:00,80.32,80.75,80.06,80.39,2862.0,80.449,19,False
2026-05-15 09:00:00+00:00,80.53,81.25,80.53,81.04,1760.0,80.794,17,False
2026-05-15 10:00:00+00:00,80.65,80.65,80.65,80.65,120.0,80.65,1,False
2026-05-15 11:00:00+00:00,80.69,81.8,80.68,81.64,4772.0,81.111,21,False
2026-05-15 12:00:00+00:00,81.2,81.46,80.31,80.39,8482.0,80.707,39,False
2026-05-15 13:00:00+00:00,80.8,84.91,80.58,83.35,447241.0,83.292,1936,False
2026-05-15 14:00:00+00:00,83.41,86.25,83.37,85.97,587198.0,84.981,3327,True
2026-05-15 15:00:00+00:00,85.97,86.49,85.09,85.53,369668.0,85.823,2430,True
2026-05-15 16:00:00+00:00,85.6,87.28,85.54,86.92,392330.0,86.475,2435,True
2026-05-15 17:00:00+00:00,87.0,88.99,86.75,88.8,603534.0,88.055,3782,True
2026-05-15 18:00:00+00:00,88.81,89.19,87.08,87.21,524126.0,88.231,3358,True
2026-05-15 19:00:00+00:00,87.25,87.58,86.37,87.49,1013568.0,87.122,6559,True
2026-05-15 20:00:00+00:00,87.46,87.74,86.7,87.1,784546.0,87.46,24,False
2026-05-15 21:00:00+00:00,87.1,87.51,87.01,87.11,1811.0,87.154,14,False
2026-05-15 22:00:00+00:00,87.25,87.55,87.25,87.5,723.0,87.471,4,False
2026-05-15 23:00:00+00:00,87.55,87.55,87.41,87.46,1389.0,87.461,6,False
