date,open,high,low,close,volume,average,barCount,is_rth
2018-05-18 00:00:00+00:00,61.84,63.56,61.66,63.4,619897.0,63.088,4324,False
2018-05-21 00:00:00+00:00,63.4,64.0,60.82,61.49,1154931.0,61.781,8233,False
2018-05-22 00:00:00+00:00,61.58,62.2,61.43,61.66,754578.0,61.853,5021,False
2018-05-23 00:00:00+00:00,60.88,63.04,60.88,62.94,867257.0,61.948,6047,False
2018-05-24 00:00:00+00:00,62.8,64.47,62.14,63.92,634292.0,63.717,5018,False
2018-05-25 00:00:00+00:00,63.45,63.84,62.85,62.94,554642.0,63.366,3918,False
2018-05-29 00:00:00+00:00,62.31,62.81,60.54,62.71,1677719.0,62.149,12253,False
2018-05-30 00:00:00+00:00,62.68,63.79,62.14,63.42,797845.0,63.216,6516,False
2018-05-31 00:00:00+00:00,63.45,64.8,63.04,63.79,1080995.0,64.009,8424,False
2018-06-01 00:00:00+00:00,64.05,65.43,63.26,64.01,1361402.0,64.341,9715,False
2018-06-04 00:00:00+00:00,64.0,64.48,62.55,64.42,1791847.0,63.626,12857,False
2018-06-05 00:00:00+00:00,64.51,66.9,64.51,66.67,1455075.0,66.261,10915,False
2018-06-06 00:00:00+00:00,67.1,68.75,66.56,67.82,1546201.0,67.885,12082,False
2018-06-07 00:00:00+00:00,68.0,68.0,62.45,63.78,1662765.0,64.137,12155,False
2018-06-08 00:00:00+00:00,64.0,64.73,63.01,64.28,525968.0,64.117,3999,False
2018-06-11 00:00:00+00:00,64.54,64.73,63.83,64.35,521155.0,64.246,4126,False
2018-06-12 00:00:00+00:00,64.4,66.29,64.35,66.21,965929.0,65.597,6447,False
2018-06-13 00:00:00+00:00,66.3,67.47,65.52,66.14,646466.0,66.45,4443,False
2018-06-14 00:00:00+00:00,66.64,67.6,66.08,66.49,808118.0,66.93,5449,False
2018-06-15 00:00:00+00:00,66.28,66.29,65.22,66.12,904606.0,65.975,6233,False
2018-06-18 00:00:00+00:00,65.8,67.63,65.42,66.61,591330.0,66.704,4261,False
2018-06-19 00:00:00+00:00,65.59,65.59,63.22,65.04,1071790.0,64.644,7321,False
2018-06-20 00:00:00+00:00,65.63,66.13,64.94,65.53,614063.0,65.617,4313,False
2018-06-21 00:00:00+00:00,65.8,65.97,64.39,65.59,748209.0,65.481,5103,False
2018-06-22 00:00:00+00:00,65.51,65.51,62.61,64.19,1328650.0,64.081,8644,False
2018-06-25 00:00:00+00:00,63.55,63.94,61.18,62.38,759006.0,62.19,5888,False
2018-06-26 00:00:00+00:00,62.87,63.59,62.4,63.25,845828.0,62.976,6558,False
2018-06-27 00:00:00+00:00,63.37,63.53,60.75,60.75,539692.0,61.708,4035,False
2018-06-28 00:00:00+00:00,60.69,62.46,60.39,62.12,537569.0,61.575,4403,False
2018-06-29 00:00:00+00:00,62.42,63.21,62.09,62.52,336690.0,62.677,2643,False
2018-07-02 00:00:00+00:00,62.03,63.52,61.66,63.35,372384.0,62.889,3111,False
2018-07-03 00:00:00+00:00,63.37,64.25,62.59,62.98,404081.0,63.348,2195,False
2018-07-05 00:00:00+00:00,63.02,63.87,62.5,63.4,576095.0,63.291,3852,False
2018-07-06 00:00:00+00:00,63.3,65.4,63.2,65.23,451905.0,64.913,3266,False
2018-07-09 00:00:00+00:00,65.74,66.37,63.61,64.78,548652.0,64.772,4186,False
2018-07-10 00:00:00+00:00,64.89,65.25,64.1,64.7,401859.0,64.808,3255,False
2018-07-11 00:00:00+00:00,64.01,65.6,64.0,65.33,347032.0,65.237,2626,False
2018-07-12 00:00:00+00:00,65.61,68.77,65.34,68.26,1187121.0,67.721,6134,False
2018-07-13 00:00:00+00:00,68.57,68.68,67.09,67.19,853600.0,67.573,4818,False
2018-07-16 00:00:00+00:00,67.52,68.4,66.74,66.86,465021.0,67.32,3577,False
2018-07-17 00:00:00+00:00,66.09,68.1,65.15,67.88,510840.0,67.407,3542,False
2018-07-18 00:00:00+00:00,67.96,68.5,67.29,68.22,440069.0,68.057,3075,False
2018-07-19 00:00:00+00:00,68.23,68.98,67.81,67.86,508690.0,68.264,3438,False
2018-07-20 00:00:00+00:00,67.85,68.66,67.5,67.87,985014.0,67.991,4945,False
2018-07-23 00:00:00+00:00,67.49,67.98,65.51,66.4,1081760.0,66.193,8045,False
2018-07-24 00:00:00+00:00,67.11,67.11,64.43,64.49,729575.0,65.232,5857,False
2018-07-25 00:00:00+00:00,64.78,67.12,64.78,67.05,601613.0,66.548,4489,False
2018-07-26 00:00:00+00:00,66.09,67.77,65.33,66.83,864598.0,67.126,5729,False
2018-07-27 00:00:00+00:00,77.93,79.82,72.5,73.84,6158437.0,75.117,38387,False
2018-07-30 00:00:00+00:00,73.0,75.0,69.13,71.08,2037005.0,71.248,13455,False
2018-07-31 00:00:00+00:00,70.78,73.81,70.5,72.41,1393523.0,72.516,9370,False
2018-08-01 00:00:00+00:00,72.5,74.56,72.41,73.29,1100634.0,73.732,7750,False
2018-08-02 00:00:00+00:00,73.0,75.56,72.86,74.92,865584.0,74.785,6645,False
2018-08-03 00:00:00+00:00,75.2,75.2,73.31,74.12,657528.0,74.179,4227,False
2018-08-06 00:00:00+00:00,74.35,76.13,74.31,75.55,1317975.0,75.54,8359,False
2018-08-07 00:00:00+00:00,75.91,76.61,75.51,75.98,904738.0,76.031,5446,False
2018-08-08 00:00:00+00:00,75.62,76.7,75.24,76.17,519770.0,76.258,3719,False
2018-08-09 00:00:00+00:00,76.2,78.74,75.66,78.31,964957.0,77.816,7005,False
2018-08-10 00:00:00+00:00,77.52,78.7,77.1,78.07,579187.0,78.012,4113,False
2018-08-13 00:00:00+00:00,78.07,79.52,77.98,78.23,599682.0,78.749,4198,False
2018-08-14 00:00:00+00:00,78.06,78.91,76.81,78.71,719519.0,78.306,4841,False
2018-08-15 00:00:00+00:00,77.31,78.64,77.15,77.64,860687.0,77.691,6880,False
2018-08-16 00:00:00+00:00,78.0,78.5,77.42,78.1,340429.0,78.141,2662,False
2018-08-17 00:00:00+00:00,78.0,78.34,77.02,78.02,458990.0,77.978,3320,False
2018-08-20 00:00:00+00:00,77.63,78.68,76.79,78.25,799330.0,78.133,5326,False
2018-08-21 00:00:00+00:00,78.05,80.68,78.05,79.26,803339.0,79.68,5050,False
2018-08-22 00:00:00+00:00,79.25,80.5,78.7,80.06,466018.0,79.807,3307,False
2018-08-23 00:00:00+00:00,79.52,82.98,79.25,82.63,1544855.0,82.233,9196,False
2018-08-24 00:00:00+00:00,82.52,86.13,82.52,86.11,1709122.0,85.113,9386,False
2018-08-27 00:00:00+00:00,87.07,87.48,85.06,86.54,2099547.0,86.63,7360,False
2018-08-28 00:00:00+00:00,86.76,88.05,86.54,87.66,1021417.0,87.426,5673,False
2018-08-29 00:00:00+00:00,87.85,89.76,87.85,89.47,1437356.0,89.305,5999,False
2018-08-30 00:00:00+00:00,89.02,90.31,88.67,89.29,1002168.0,89.267,6001,False
2018-08-31 00:00:00+00:00,89.0,91.42,88.36,90.01,1006514.0,90.047,6664,False
2018-09-04 00:00:00+00:00,90.2,92.24,89.6,91.9,1164643.0,90.912,8209,False
2018-09-05 00:00:00+00:00,92.26,92.26,86.74,87.61,1769175.0,88.269,10936,False
2018-09-06 00:00:00+00:00,87.98,88.49,86.55,86.68,1537290.0,87.312,11999,False
2018-09-07 00:00:00+00:00,86.46,88.65,84.46,87.01,1465044.0,87.308,10434,False
2018-09-10 00:00:00+00:00,87.96,88.55,85.43,87.96,960148.0,87.07,6925,False
2018-09-11 00:00:00+00:00,88.09,90.77,87.25,90.49,675938.0,90.197,5212,False
2018-09-12 00:00:00+00:00,90.13,90.92,86.95,89.58,790837.0,88.748,6087,False
2018-09-13 00:00:00+00:00,91.75,94.72,91.33,93.42,1574023.0,93.639,10805,False
2018-09-14 00:00:00+00:00,93.58,95.0,92.85,94.18,893711.0,94.196,6664,False
2018-09-17 00:00:00+00:00,94.49,94.5,90.64,91.11,1104355.0,91.614,7798,False
2018-09-18 00:00:00+00:00,91.07,93.22,90.49,92.4,1237254.0,92.49,6414,False
2018-09-19 00:00:00+00:00,92.41,92.95,89.57,89.93,1238471.0,90.304,5726,False
2018-09-20 00:00:00+00:00,90.0,91.5,89.47,91.32,850190.0,90.881,5592,False
2018-09-21 00:00:00+00:00,91.48,91.73,89.73,90.69,745251.0,90.945,5827,False
2018-09-24 00:00:00+00:00,89.78,93.16,88.57,92.47,1131815.0,92.313,7007,False
2018-09-25 00:00:00+00:00,92.9,94.61,92.64,94.28,771906.0,93.947,5097,False
2018-09-26 00:00:00+00:00,94.67,95.25,93.53,94.36,864067.0,94.52,5247,False
2018-09-27 00:00:00+00:00,95.12,96.45,94.8,95.89,911834.0,95.816,6823,False
2018-09-28 00:00:00+00:00,95.78,97.06,95.03,96.14,1445478.0,96.306,8144,False
2018-10-01 00:00:00+00:00,97.18,98.22,94.84,95.72,946422.0,95.942,6618,False
2018-10-02 00:00:00+00:00,94.68,95.87,93.56,93.6,1950001.0,94.277,10285,False
2018-10-03 00:00:00+00:00,94.0,94.59,91.76,92.9,1390888.0,92.821,7748,False
2018-10-04 00:00:00+00:00,90.22,90.83,85.42,85.67,2511080.0,86.869,16089,False
2018-10-05 00:00:00+00:00,86.1,87.26,84.05,85.36,1396560.0,85.434,7558,False
2018-10-08 00:00:00+00:00,84.35,84.72,79.77,81.09,2860435.0,81.634,15970,False
2018-10-09 00:00:00+00:00,80.68,83.85,80.51,81.29,1209437.0,82.016,9727,False
2018-10-10 00:00:00+00:00,80.24,80.69,77.51,78.65,1753887.0,78.506,11837,False
2018-10-11 00:00:00+00:00,76.62,81.22,76.12,78.34,1596792.0,78.985,12132,False
2018-10-12 00:00:00+00:00,81.22,82.36,79.87,81.71,1335221.0,81.276,6910,False
2018-10-15 00:00:00+00:00,81.71,82.14,78.61,79.78,976885.0,80.028,5904,False
2018-10-16 00:00:00+00:00,80.87,83.2,80.66,82.84,1255483.0,82.32,7170,False
2018-10-17 00:00:00+00:00,83.99,84.05,81.58,83.63,789180.0,83.082,5781,False
2018-10-18 00:00:00+00:00,83.03,83.9,80.13,81.89,1674272.0,81.985,9746,False
2018-10-19 00:00:00+00:00,78.0,80.86,69.56,70.18,7163999.0,73.689,35951,False
2018-10-22 00:00:00+00:00,71.03,73.21,70.42,72.64,3044691.0,72.126,20773,False
2018-10-23 00:00:00+00:00,71.2,72.63,69.68,72.46,1683752.0,71.253,12056,False
2018-10-24 00:00:00+00:00,72.06,73.28,67.01,67.12,1599433.0,68.878,11871,False
2018-10-25 00:00:00+00:00,68.23,70.66,68.0,70.43,1546483.0,69.809,11784,False
2018-10-26 00:00:00+00:00,67.99,70.69,66.8,68.92,1228697.0,68.779,8151,False
2018-10-29 00:00:00+00:00,71.82,72.42,67.37,68.93,1273847.0,69.714,10010,False
2018-10-30 00:00:00+00:00,68.71,72.57,68.27,71.34,1890325.0,71.059,12316,False
2018-10-31 00:00:00+00:00,72.5,76.66,72.06,75.91,1943221.0,75.458,14059,False
2018-11-01 00:00:00+00:00,76.67,77.43,74.43,76.75,1105497.0,75.891,9185,False
2018-11-02 00:00:00+00:00,77.07,78.57,75.2,76.48,721973.0,76.279,5667,False
2018-11-05 00:00:00+00:00,76.2,77.0,73.32,74.61,600561.0,74.273,4355,False
2018-11-06 00:00:00+00:00,74.15,75.64,71.55,72.09,923022.0,72.754,6625,False
2018-11-07 00:00:00+00:00,73.64,78.0,73.09,77.61,1555051.0,76.387,9980,False
2018-11-08 00:00:00+00:00,76.82,77.26,74.72,75.95,650047.0,75.978,4916,False
2018-11-09 00:00:00+00:00,75.02,75.46,71.91,73.29,530878.0,73.281,4277,False
2018-11-12 00:00:00+00:00,72.07,72.83,69.63,70.8,1040189.0,71.096,7531,False
2018-11-13 00:00:00+00:00,74.27,74.27,70.41,73.01,858371.0,72.538,6649,False
2018-11-14 00:00:00+00:00,74.02,74.75,71.71,72.4,688786.0,72.577,4580,False
2018-11-15 00:00:00+00:00,72.28,75.93,71.99,75.75,936083.0,74.423,6658,False
2018-11-16 00:00:00+00:00,75.27,76.68,74.53,75.95,644799.0,75.637,5434,False
2018-11-19 00:00:00+00:00,75.48,75.75,68.94,69.31,1804279.0,70.69,15236,False
2018-11-20 00:00:00+00:00,66.04,70.57,65.17,70.22,1526458.0,68.914,11629,False
2018-11-21 00:00:00+00:00,71.98,73.21,70.09,72.13,647565.0,71.94,5266,False
2018-11-23 00:00:00+00:00,70.22,73.42,70.0,73.2,247782.0,72.719,1965,False
2018-11-26 00:00:00+00:00,73.69,76.26,72.77,76.17,651289.0,75.109,5283,False
2018-11-27 00:00:00+00:00,75.29,76.63,74.31,74.66,581484.0,75.282,4912,False
2018-11-28 00:00:00+00:00,75.47,81.5,75.47,80.7,1280578.0,79.602,8748,False
2018-11-29 00:00:00+00:00,80.0,85.83,79.89,83.9,1784538.0,83.785,10428,False
2018-11-30 00:00:00+00:00,84.28,87.0,84.06,85.94,980565.0,85.826,6977,False
2018-12-03 00:00:00+00:00,89.0,89.81,87.07,89.6,1423784.0,88.777,9398,False
2018-12-04 00:00:00+00:00,88.7,89.82,85.01,85.72,1266107.0,86.806,9207,False
2018-12-06 00:00:00+00:00,82.3,85.76,81.0,85.14,1501481.0,84.231,9792,False
2018-12-07 00:00:00+00:00,83.82,84.83,78.92,80.46,1486836.0,80.854,10766,False
2018-12-10 00:00:00+00:00,80.2,84.28,79.0,83.06,934859.0,82.773,6845,False
2018-12-11 00:00:00+00:00,85.21,85.6,82.16,82.98,505792.0,83.688,3694,False
2018-12-12 00:00:00+00:00,84.83,86.75,83.8,84.05,892078.0,85.351,6589,False
2018-12-13 00:00:00+00:00,85.0,85.69,82.81,84.25,569809.0,84.162,3708,False
2018-12-14 00:00:00+00:00,82.87,84.92,82.01,83.19,656746.0,83.815,5090,False
2018-12-17 00:00:00+00:00,82.75,82.75,79.29,79.85,881771.0,80.771,6642,False
2018-12-18 00:00:00+00:00,81.2,81.35,78.73,79.12,1207490.0,79.782,8588,False
2018-12-19 00:00:00+00:00,79.68,83.74,79.35,81.06,1469282.0,81.787,6577,False
2018-12-20 00:00:00+00:00,80.24,83.85,75.55,82.25,2628372.0,80.349,16363,False
2018-12-21 00:00:00+00:00,82.97,83.0,79.46,81.13,2247761.0,81.277,16656,False
2018-12-24 00:00:00+00:00,79.79,81.85,77.34,78.66,521918.0,79.185,3752,False
2018-12-26 00:00:00+00:00,79.36,85.5,79.33,85.32,1279032.0,83.129,7993,False
2018-12-27 00:00:00+00:00,83.52,87.57,82.66,87.57,738064.0,84.818,5339,False
2018-12-28 00:00:00+00:00,88.21,88.98,85.22,87.6,1137633.0,87.46,8751,False
2018-12-31 00:00:00+00:00,89.23,90.88,88.2,88.98,1742725.0,89.549,11678,False
2019-01-02 00:00:00+00:00,85.82,90.14,84.18,89.03,1287592.0,88.287,8366,False
2019-01-03 00:00:00+00:00,87.03,88.36,84.29,84.48,976036.0,85.49,6621,False
2019-01-04 00:00:00+00:00,86.65,88.82,85.48,87.09,1345180.0,87.734,9421,False
2019-01-07 00:00:00+00:00,89.05,95.8,87.7,92.71,3263082.0,93.464,18645,False
2019-01-08 00:00:00+00:00,94.98,96.0,91.66,94.82,1845214.0,93.888,12273,False
2019-01-09 00:00:00+00:00,95.27,96.97,94.62,95.81,1114349.0,95.943,7689,False
2019-01-10 00:00:00+00:00,95.06,95.99,93.75,95.5,930981.0,95.242,6295,False
2019-01-11 00:00:00+00:00,95.31,96.47,93.67,95.65,745984.0,95.352,5229,False
2019-01-14 00:00:00+00:00,94.18,94.72,92.85,93.71,1400377.0,93.821,10232,False
2019-01-15 00:00:00+00:00,91.35,95.41,90.4,95.38,1334340.0,94.212,9613,False
2019-01-16 00:00:00+00:00,95.63,96.69,93.4,94.32,1249480.0,94.582,9522,False
2019-01-17 00:00:00+00:00,94.33,94.75,91.65,92.92,2446402.0,93.184,17859,False
2019-01-18 00:00:00+00:00,100.0,100.0,88.55,90.67,6364510.0,92.716,36113,False
2019-01-22 00:00:00+00:00,88.77,92.47,87.18,91.44,2186567.0,90.493,14640,False
2019-01-23 00:00:00+00:00,92.0,94.4,90.85,93.65,1614811.0,92.782,10266,False
2019-01-24 00:00:00+00:00,93.82,94.9,92.11,93.32,921943.0,93.168,6355,False
2019-01-25 00:00:00+00:00,94.5,95.99,93.71,95.86,904222.0,95.21,5535,False
2019-01-28 00:00:00+00:00,94.42,95.12,92.53,94.72,746847.0,94.483,4912,False
2019-01-29 00:00:00+00:00,94.39,94.8,92.42,93.22,698954.0,93.375,4589,False
2019-01-30 00:00:00+00:00,94.07,95.85,94.07,95.01,925371.0,94.85,6080,False
2019-01-31 00:00:00+00:00,95.0,100.0,94.71,98.4,1902120.0,98.738,10678,False
2019-02-01 00:00:00+00:00,98.21,101.76,97.86,98.98,1539227.0,100.07,10423,False
2019-02-04 00:00:00+00:00,99.08,102.85,99.07,102.18,1497055.0,101.875,8839,False
2019-02-05 00:00:00+00:00,102.47,103.78,101.62,102.77,1070721.0,102.943,7259,False
2019-02-06 00:00:00+00:00,102.81,104.31,101.26,103.54,1055889.0,103.296,7216,False
2019-02-07 00:00:00+00:00,102.22,103.72,101.16,102.35,890544.0,102.293,6653,False
2019-02-08 00:00:00+00:00,101.32,104.96,101.2,104.34,860375.0,103.905,6091,False
2019-02-11 00:00:00+00:00,104.9,106.4,104.11,104.57,954721.0,104.95,6760,False
2019-02-12 00:00:00+00:00,104.85,106.59,104.3,106.12,1092225.0,105.837,8172,False
2019-02-13 00:00:00+00:00,106.48,107.2,103.31,105.25,790002.0,105.325,4569,False
2019-02-14 00:00:00+00:00,104.74,105.78,104.11,104.81,760219.0,104.806,5768,False
2019-02-15 00:00:00+00:00,106.15,106.15,104.12,104.9,650431.0,104.862,4956,False
2019-02-19 00:00:00+00:00,104.38,104.63,103.32,103.91,1443178.0,103.877,10743,False
2019-02-20 00:00:00+00:00,104.0,105.67,102.58,104.12,877057.0,104.167,6356,False
2019-02-21 00:00:00+00:00,103.3,103.88,101.59,103.04,700175.0,102.986,5534,False
2019-02-22 00:00:00+00:00,103.06,105.44,102.74,105.25,685892.0,104.553,4852,False
2019-02-25 00:00:00+00:00,105.97,107.95,105.75,106.75,998410.0,107.002,6346,False
2019-02-26 00:00:00+00:00,106.02,107.01,105.45,105.88,792180.0,106.235,5317,False
2019-02-27 00:00:00+00:00,105.3,106.65,104.79,106.33,825321.0,105.973,4498,False
2019-02-28 00:00:00+00:00,105.63,107.96,105.38,107.48,653417.0,106.995,4716,False
2019-03-01 00:00:00+00:00,108.22,111.76,107.56,110.95,1542199.0,110.136,9370,False
2019-03-04 00:00:00+00:00,111.58,111.58,99.77,104.71,3265977.0,104.004,15703,False
2019-03-05 00:00:00+00:00,105.33,105.33,101.29,104.43,901955.0,103.777,6432,False
2019-03-06 00:00:00+00:00,104.25,105.0,102.3,103.5,629986.0,103.723,3966,False
2019-03-07 00:00:00+00:00,102.97,106.35,102.56,104.21,993730.0,104.499,6504,False
2019-03-08 00:00:00+00:00,102.06,105.06,100.51,104.25,719601.0,103.683,5428,False
2019-03-11 00:00:00+00:00,104.76,110.1,104.76,109.51,1114635.0,108.645,7622,False
2019-03-12 00:00:00+00:00,110.06,112.45,109.05,110.94,1421026.0,111.269,9848,False
2019-03-13 00:00:00+00:00,111.22,112.58,108.25,108.58,1751419.0,109.87,11693,False
2019-03-14 00:00:00+00:00,109.46,112.49,109.3,110.48,1317507.0,110.964,8047,False
2019-03-15 00:00:00+00:00,110.83,112.23,109.64,110.27,834793.0,110.886,5848,False
2019-03-18 00:00:00+00:00,110.12,111.73,109.66,111.22,497787.0,110.783,3722,False
2019-03-19 00:00:00+00:00,112.21,113.4,110.31,112.42,782942.0,112.289,5972,False
2019-03-20 00:00:00+00:00,112.64,113.9,111.27,112.83,597864.0,112.85,4239,False
2019-03-21 00:00:00+00:00,112.34,115.88,112.1,115.5,816321.0,114.802,5231,False
2019-03-22 00:00:00+00:00,114.69,115.06,109.73,109.83,1014487.0,111.594,6758,False
2019-03-25 00:00:00+00:00,109.33,110.39,107.9,109.86,643600.0,109.37,4762,False
2019-03-26 00:00:00+00:00,111.63,112.95,110.5,111.55,540620.0,111.83,3608,False
2019-03-27 00:00:00+00:00,111.5,112.0,105.2,106.99,1442768.0,107.118,10053,False
2019-03-28 00:00:00+00:00,107.08,109.87,106.6,108.46,736217.0,108.361,5743,False
2019-03-29 00:00:00+00:00,110.2,112.51,108.68,112.39,913073.0,111.44,5500,False
2019-04-01 00:00:00+00:00,114.03,115.38,111.37,113.87,944997.0,113.469,6701,False
2019-04-02 00:00:00+00:00,114.44,116.09,112.22,115.6,683123.0,114.651,4424,False
2019-04-03 00:00:00+00:00,116.3,116.7,114.67,115.36,672486.0,115.782,4266,False
2019-04-04 00:00:00+00:00,115.6,115.6,106.75,110.22,1734869.0,109.27,10568,False
2019-04-05 00:00:00+00:00,111.53,112.54,110.19,111.33,783683.0,111.184,6250,False
2019-04-08 00:00:00+00:00,111.25,112.14,108.29,112.08,595620.0,110.956,4081,False
2019-04-09 00:00:00+00:00,111.0,112.69,110.2,112.15,702127.0,111.796,5082,False
2019-04-10 00:00:00+00:00,112.15,113.7,111.83,112.74,1168855.0,112.771,7557,False
2019-04-11 00:00:00+00:00,113.64,114.69,111.57,114.44,855492.0,113.68,6698,False
2019-04-12 00:00:00+00:00,115.32,115.67,112.28,112.68,1044511.0,113.453,7896,False
2019-04-15 00:00:00+00:00,114.0,117.06,113.56,114.45,1533014.0,114.822,10337,False
2019-04-16 00:00:00+00:00,115.09,115.61,112.22,112.97,1274230.0,114.064,9096,False
2019-04-17 00:00:00+00:00,113.5,114.14,109.67,111.19,1789438.0,111.23,11745,False
2019-04-18 00:00:00+00:00,101.4,105.6,100.25,101.94,6103465.0,102.069,37086,False
2019-04-22 00:00:00+00:00,100.72,104.25,100.28,103.75,1892117.0,102.752,12810,False
2019-04-23 00:00:00+00:00,104.25,107.1,103.87,106.72,2478065.0,105.698,13530,False
2019-04-24 00:00:00+00:00,107.48,108.06,102.84,103.17,1448988.0,104.228,10362,False
2019-04-25 00:00:00+00:00,104.0,106.07,102.61,106.0,1087271.0,104.78,7817,False
2019-04-26 00:00:00+00:00,105.84,108.34,104.6,108.21,836727.0,107.251,5577,False
2019-04-29 00:00:00+00:00,107.93,110.7,107.8,110.05,1243535.0,109.59,8671,False
2019-04-30 00:00:00+00:00,109.25,111.67,109.1,110.15,1278192.0,110.277,7420,False
2019-05-01 00:00:00+00:00,110.23,110.99,108.57,108.59,821925.0,109.523,5254,False
2019-05-02 00:00:00+00:00,108.01,109.8,106.8,109.01,662968.0,108.322,4374,False
2019-05-03 00:00:00+00:00,110.33,111.7,109.45,110.41,603069.0,110.638,4175,False
2019-05-06 00:00:00+00:00,107.0,110.9,106.11,110.57,623428.0,109.414,4174,False
2019-05-07 00:00:00+00:00,109.65,112.0,109.63,110.67,1629364.0,110.428,11707,False
2019-05-08 00:00:00+00:00,110.99,117.45,110.86,117.17,2845131.0,115.332,14546,False
2019-05-09 00:00:00+00:00,116.16,125.31,115.22,125.13,3821356.0,122.046,22524,False
2019-05-10 00:00:00+00:00,123.11,129.97,121.5,128.87,2774890.0,126.971,16499,False
2019-05-13 00:00:00+00:00,124.71,126.78,120.63,120.78,1932166.0,123.426,13315,False
2019-05-14 00:00:00+00:00,121.6,124.62,121.11,123.77,777286.0,123.333,5773,False
2019-05-15 00:00:00+00:00,122.91,127.37,122.57,126.08,954502.0,126.034,4573,False
2019-05-16 00:00:00+00:00,126.09,131.03,126.09,129.74,1146258.0,129.436,7055,False
2019-05-17 00:00:00+00:00,129.0,131.99,128.0,129.15,719611.0,129.599,5207,False
2019-05-20 00:00:00+00:00,125.85,127.33,123.79,124.55,1474671.0,125.499,9075,False
2019-05-21 00:00:00+00:00,126.11,127.0,125.4,125.54,599033.0,126.161,4328,False
2019-05-22 00:00:00+00:00,124.11,128.23,123.99,126.25,855713.0,126.872,5647,False
2019-05-23 00:00:00+00:00,124.89,127.84,124.33,127.26,1330404.0,126.701,8390,False
2019-05-24 00:00:00+00:00,126.81,131.0,126.72,129.52,1266526.0,129.669,8336,False
2019-05-28 00:00:00+00:00,129.56,132.87,127.76,128.45,829376.0,130.104,5192,False
2019-05-29 00:00:00+00:00,124.18,125.29,122.57,123.8,1066798.0,123.84,6553,False
2019-05-30 00:00:00+00:00,124.01,126.29,124.01,126.22,613526.0,125.224,4209,False
2019-05-31 00:00:00+00:00,123.82,127.34,122.67,125.88,689463.0,125.55,4307,False
2019-06-03 00:00:00+00:00,126.24,127.21,115.87,117.3,1679195.0,119.582,11343,False
2019-06-04 00:00:00+00:00,119.51,122.73,117.32,122.65,806303.0,120.618,5369,False
2019-06-05 00:00:00+00:00,124.59,126.62,121.78,126.43,1010650.0,124.731,5848,False
2019-06-06 00:00:00+00:00,126.32,128.93,125.17,127.71,496870.0,127.588,3640,False
2019-06-07 00:00:00+00:00,127.91,132.28,127.9,131.43,877913.0,130.746,6251,False
2019-06-10 00:00:00+00:00,134.1,137.78,132.6,133.0,1039961.0,135.18,7202,False
2019-06-11 00:00:00+00:00,133.83,134.99,126.52,128.93,1266261.0,128.724,7254,False
2019-06-12 00:00:00+00:00,129.24,130.73,127.85,128.97,758831.0,129.255,5609,False
2019-06-13 00:00:00+00:00,131.25,131.52,128.84,130.28,539014.0,130.135,3823,False
2019-06-14 00:00:00+00:00,129.87,131.48,129.07,129.91,504289.0,130.575,3357,False
2019-06-17 00:00:00+00:00,130.11,131.95,129.61,130.65,482146.0,130.694,3405,False
2019-06-18 00:00:00+00:00,132.89,133.0,129.39,129.55,604419.0,131.006,4409,False
2019-06-19 00:00:00+00:00,130.48,132.8,128.15,132.77,661640.0,130.622,3948,False
2019-06-20 00:00:00+00:00,134.89,137.45,134.3,135.05,674741.0,135.985,4466,False
2019-06-21 00:00:00+00:00,134.05,134.53,131.8,132.87,643933.0,132.987,4024,False
2019-06-24 00:00:00+00:00,134.0,134.0,128.22,130.55,770897.0,130.5,4893,False
2019-06-25 00:00:00+00:00,130.54,130.91,123.43,125.74,1280306.0,126.03,7960,False
2019-06-26 00:00:00+00:00,126.38,128.98,126.38,128.35,1069142.0,128.018,6796,False
2019-06-27 00:00:00+00:00,129.01,131.24,127.99,131.04,1010601.0,129.727,5483,False
2019-06-28 00:00:00+00:00,131.15,131.85,129.76,130.84,623635.0,130.594,4188,False
2019-07-01 00:00:00+00:00,133.2,133.66,129.6,131.77,727563.0,131.5,4725,False
2019-07-02 00:00:00+00:00,131.88,133.85,131.03,133.75,653543.0,132.437,4578,False
2019-07-03 00:00:00+00:00,134.49,135.16,133.22,133.36,442601.0,134.362,2888,False
2019-07-05 00:00:00+00:00,132.71,135.25,130.53,135.11,348024.0,133.672,2721,False
2019-07-08 00:00:00+00:00,134.45,138.48,133.61,137.93,901462.0,137.339,6146,False
2019-07-09 00:00:00+00:00,137.08,140.99,137.08,140.6,715622.0,139.639,4846,False
2019-07-10 00:00:00+00:00,141.14,143.68,139.44,140.36,606641.0,140.653,4300,False
2019-07-11 00:00:00+00:00,141.56,142.3,139.7,140.9,462189.0,140.862,3288,False
2019-07-12 00:00:00+00:00,140.59,141.35,137.23,138.56,651564.0,138.927,4340,False
2019-07-15 00:00:00+00:00,139.46,140.48,138.1,139.51,402462.0,139.263,3091,False
2019-07-16 00:00:00+00:00,140.0,140.0,135.63,137.16,536312.0,137.294,4127,False
2019-07-17 00:00:00+00:00,137.87,140.3,136.3,136.43,578056.0,137.73,4286,False
2019-07-18 00:00:00+00:00,136.15,136.92,134.83,136.06,448889.0,135.868,3101,False
2019-07-19 00:00:00+00:00,137.0,137.99,134.1,134.16,588420.0,135.8,4275,False
2019-07-22 00:00:00+00:00,134.3,136.71,132.82,135.28,565281.0,135.311,4532,False
2019-07-23 00:00:00+00:00,136.72,136.74,130.78,134.06,880905.0,132.879,6391,False
2019-07-24 00:00:00+00:00,134.06,136.91,133.81,135.35,709748.0,135.47,5462,False
2019-07-25 00:00:00+00:00,134.82,136.36,130.9,134.51,1064542.0,134.734,7375,False
2019-07-26 00:00:00+00:00,136.75,149.8,136.06,146.04,3392792.0,145.6,22961,False
2019-07-29 00:00:00+00:00,144.0,144.64,134.11,139.05,2131718.0,138.326,13834,False
2019-07-30 00:00:00+00:00,137.91,139.53,136.25,137.0,772422.0,137.741,5298,False
2019-07-31 00:00:00+00:00,136.81,141.98,136.64,140.12,1510850.0,140.063,9634,False
2019-08-01 00:00:00+00:00,140.0,145.95,140.0,143.92,1167874.0,143.755,8143,False
2019-08-02 00:00:00+00:00,142.98,143.08,138.76,141.2,1089037.0,140.937,7966,False
2019-08-05 00:00:00+00:00,135.41,136.96,131.26,133.19,1376264.0,134.148,8320,False
2019-08-06 00:00:00+00:00,135.49,139.47,134.73,135.47,888623.0,136.185,6644,False
2019-08-07 00:00:00+00:00,133.0,142.82,132.32,141.9,1676340.0,140.298,11133,False
2019-08-08 00:00:00+00:00,142.7,146.05,142.5,145.12,806072.0,144.842,5919,False
2019-08-09 00:00:00+00:00,144.48,147.59,142.3,145.99,569724.0,145.715,3475,False
2019-08-12 00:00:00+00:00,144.56,145.28,141.69,143.68,479162.0,143.606,3334,False
2019-08-13 00:00:00+00:00,142.76,147.01,142.5,146.7,600482.0,145.408,4470,False
2019-08-14 00:00:00+00:00,143.29,144.91,138.26,139.49,754215.0,140.771,5136,False
2019-08-15 00:00:00+00:00,139.44,140.75,136.89,139.5,605387.0,138.444,4032,False
2019-08-16 00:00:00+00:00,140.99,143.71,140.43,142.57,591157.0,142.461,3931,False
2019-08-19 00:00:00+00:00,143.0,143.39,138.54,141.27,970556.0,141.34,5604,False
2019-08-20 00:00:00+00:00,140.7,143.0,140.08,142.14,377297.0,141.941,2367,False
2019-08-21 00:00:00+00:00,142.2,145.0,141.66,143.87,535462.0,144.097,3726,False
2019-08-22 00:00:00+00:00,143.51,145.81,141.17,143.44,513767.0,143.172,3527,False
2019-08-23 00:00:00+00:00,141.81,146.7,140.69,141.05,574787.0,143.159,3827,False
2019-08-26 00:00:00+00:00,141.79,143.0,140.5,142.86,350672.0,142.158,2336,False
2019-08-27 00:00:00+00:00,144.32,145.06,140.48,142.62,592076.0,143.337,3498,False
2019-08-28 00:00:00+00:00,141.75,141.75,136.65,138.27,1108483.0,138.273,6830,False
2019-08-29 00:00:00+00:00,139.85,141.46,137.33,138.05,852987.0,138.43,5396,False
2019-08-30 00:00:00+00:00,138.43,139.18,130.84,134.51,1233751.0,133.605,8346,False
2019-09-03 00:00:00+00:00,132.92,135.69,130.35,131.89,711970.0,132.045,4937,False
2019-09-04 00:00:00+00:00,133.36,133.42,129.64,129.83,1028244.0,130.975,6539,False
2019-09-05 00:00:00+00:00,130.77,133.46,126.15,133.34,1605661.0,129.822,11309,False
2019-09-06 00:00:00+00:00,134.65,137.59,131.58,132.21,1644702.0,135.627,10052,False
2019-09-09 00:00:00+00:00,132.43,134.05,119.65,126.27,2769687.0,124.214,15093,False
2019-09-10 00:00:00+00:00,124.0,125.64,120.21,122.25,1788788.0,122.631,10452,False
2019-09-11 00:00:00+00:00,121.93,124.79,120.51,122.84,713718.0,123.303,5440,False
2019-09-12 00:00:00+00:00,123.91,128.49,123.91,125.51,1346637.0,126.419,9878,False
2019-09-13 00:00:00+00:00,125.58,128.63,124.01,127.19,1362052.0,127.181,8968,False
2019-09-16 00:00:00+00:00,125.81,130.65,125.17,130.39,842395.0,129.106,5926,False
2019-09-17 00:00:00+00:00,130.5,134.0,128.73,133.56,881736.0,132.073,5714,False
2019-09-18 00:00:00+00:00,132.87,134.87,130.51,134.25,1033919.0,132.709,6328,False
2019-09-19 00:00:00+00:00,134.71,136.22,132.7,134.93,762452.0,134.693,4717,False
2019-09-20 00:00:00+00:00,136.08,138.47,134.84,136.87,1345661.0,136.564,7342,False
2019-09-23 00:00:00+00:00,136.7,138.2,135.76,136.46,784631.0,137.164,4777,False
2019-09-24 00:00:00+00:00,136.96,137.36,129.38,129.59,2272281.0,132.159,12124,False
2019-09-25 00:00:00+00:00,130.0,130.06,122.5,128.2,1173229.0,125.656,8195,False
2019-09-26 00:00:00+00:00,128.13,128.91,125.33,128.18,627680.0,127.956,4729,False
2019-09-27 00:00:00+00:00,128.26,128.45,121.59,123.03,1336626.0,124.384,8127,False
2019-09-30 00:00:00+00:00,123.05,126.26,121.46,125.44,613311.0,124.976,4625,False
2019-10-01 00:00:00+00:00,125.28,126.53,122.67,124.27,802518.0,124.057,5381,False
2019-10-02 00:00:00+00:00,123.16,124.4,120.84,122.78,882711.0,122.356,6624,False
2019-10-03 00:00:00+00:00,123.12,128.53,121.62,128.09,1057398.0,126.419,6937,False
2019-10-04 00:00:00+00:00,129.83,132.17,129.21,131.87,1304340.0,131.008,8229,False
2019-10-07 00:00:00+00:00,131.01,133.69,130.77,132.91,528684.0,132.464,3561,False
2019-10-08 00:00:00+00:00,132.69,133.5,123.86,124.0,1984189.0,126.221,11572,False
2019-10-09 00:00:00+00:00,126.12,128.49,124.18,126.74,959760.0,127.346,6166,False
2019-10-10 00:00:00+00:00,127.0,128.91,125.0,125.87,741570.0,127.137,4946,False
2019-10-11 00:00:00+00:00,127.63,129.86,127.21,127.48,466373.0,128.667,3729,False
2019-10-14 00:00:00+00:00,127.03,129.06,126.2,127.55,617454.0,127.674,4756,False
2019-10-15 00:00:00+00:00,128.0,130.26,128.0,128.78,1201339.0,129.123,7398,False
2019-10-16 00:00:00+00:00,126.43,127.38,120.41,124.28,2048909.0,123.035,14246,False
2019-10-17 00:00:00+00:00,125.52,126.08,121.31,122.64,1944352.0,123.067,11788,False
2019-10-18 00:00:00+00:00,121.12,121.56,109.42,116.86,8882946.0,114.256,44283,False
2019-10-21 00:00:00+00:00,117.05,118.58,115.04,116.3,2042437.0,116.304,12947,False
2019-10-22 00:00:00+00:00,117.05,117.51,109.09,110.1,2704537.0,111.248,13516,False
2019-10-23 00:00:00+00:00,109.0,114.18,107.0,107.75,2761232.0,109.672,17637,False
2019-10-24 00:00:00+00:00,109.49,113.86,109.0,113.26,1889575.0,112.465,12413,False
2019-10-25 00:00:00+00:00,113.17,116.0,112.95,113.82,1142622.0,114.584,8462,False
2019-10-28 00:00:00+00:00,116.85,118.73,114.26,118.33,1696317.0,116.98,9486,False
2019-10-29 00:00:00+00:00,117.85,120.19,116.59,119.74,1889069.0,119.417,10029,False
2019-10-30 00:00:00+00:00,120.0,126.09,119.17,124.82,2175202.0,124.043,13257,False
2019-10-31 00:00:00+00:00,124.83,125.82,120.3,120.79,1416023.0,122.568,8806,False
2019-11-01 00:00:00+00:00,121.19,122.68,119.82,122.36,533341.0,121.651,3968,False
2019-11-04 00:00:00+00:00,123.02,123.97,118.26,118.37,984926.0,119.965,6608,False
2019-11-05 00:00:00+00:00,118.37,118.37,112.83,114.19,1649536.0,114.34,11297,False
2019-11-06 00:00:00+00:00,114.67,116.14,112.83,115.25,668890.0,115.001,5086,False
2019-11-07 00:00:00+00:00,115.37,117.12,114.07,114.7,413153.0,115.719,2886,False
2019-11-08 00:00:00+00:00,114.82,119.2,114.22,118.95,1093473.0,118.123,5902,False
2019-11-11 00:00:00+00:00,119.17,120.2,117.52,119.47,713634.0,119.031,3744,False
2019-11-12 00:00:00+00:00,119.5,121.63,118.91,119.88,500397.0,120.261,3588,False
2019-11-13 00:00:00+00:00,120.54,123.0,120.11,121.49,679005.0,121.707,4505,False
2019-11-14 00:00:00+00:00,121.47,122.0,118.8,120.84,546184.0,120.614,4007,False
2019-11-15 00:00:00+00:00,121.39,122.8,119.89,122.73,515038.0,121.681,3888,False
2019-11-18 00:00:00+00:00,122.0,125.86,121.63,123.94,744932.0,124.319,5033,False
2019-11-19 00:00:00+00:00,124.03,126.36,122.89,125.95,1121570.0,124.47,6665,False
2019-11-20 00:00:00+00:00,125.88,129.71,125.1,127.49,1297798.0,127.933,7159,False
2019-11-21 00:00:00+00:00,127.11,129.14,125.7,125.97,986774.0,127.136,5976,False
2019-11-22 00:00:00+00:00,125.97,127.0,123.6,125.98,586883.0,125.409,3985,False
2019-11-25 00:00:00+00:00,125.59,128.48,125.55,126.51,583308.0,126.67,3853,False
2019-11-26 00:00:00+00:00,125.95,130.98,125.66,129.71,955676.0,129.491,6105,False
2019-11-27 00:00:00+00:00,129.57,129.8,127.06,127.5,712049.0,128.305,3190,False
2019-11-29 00:00:00+00:00,126.18,127.71,125.57,127.11,360390.0,126.499,1840,False
2019-12-02 00:00:00+00:00,126.75,126.87,118.18,120.84,1813278.0,120.332,8372,False
2019-12-03 00:00:00+00:00,117.81,123.91,116.09,123.55,1661226.0,120.9,6856,False
2019-12-04 00:00:00+00:00,123.52,124.07,121.12,123.47,864678.0,123.063,3480,False
2019-12-05 00:00:00+00:00,124.0,124.71,123.0,123.95,545878.0,123.955,3307,False
2019-12-06 00:00:00+00:00,123.24,124.55,122.25,123.36,442549.0,123.44,2846,False
2019-12-09 00:00:00+00:00,122.89,123.89,121.1,122.8,596409.0,123.035,3898,False
2019-12-10 00:00:00+00:00,122.7,124.75,120.34,120.8,539263.0,121.867,3916,False
2019-12-11 00:00:00+00:00,120.35,120.45,113.91,118.23,1767440.0,116.024,10229,False
2019-12-12 00:00:00+00:00,118.11,118.18,114.98,116.17,1355206.0,116.4,6485,False
2019-12-13 00:00:00+00:00,116.38,120.81,115.58,119.81,1633476.0,117.391,9382,False
2019-12-16 00:00:00+00:00,120.0,122.16,119.17,121.22,979733.0,121.061,4452,False
2019-12-17 00:00:00+00:00,122.28,122.28,119.06,119.68,556477.0,120.181,3487,False
2019-12-18 00:00:00+00:00,119.61,120.7,117.84,118.12,877446.0,119.368,5313,False
2019-12-19 00:00:00+00:00,118.66,120.9,117.79,120.03,996831.0,119.517,6769,False
2019-12-20 00:00:00+00:00,121.06,123.3,120.4,121.09,543386.0,121.383,4033,False
2019-12-23 00:00:00+00:00,121.32,122.79,120.68,120.75,298501.0,121.657,2234,False
2019-12-24 00:00:00+00:00,121.34,121.38,119.38,120.52,178570.0,120.473,1238,False
2019-12-26 00:00:00+00:00,120.2,123.34,120.02,121.7,389133.0,122.148,2567,False
2019-12-27 00:00:00+00:00,122.41,122.5,120.52,121.12,341167.0,121.283,2497,False
2019-12-30 00:00:00+00:00,121.12,121.44,117.2,119.33,473928.0,119.169,3499,False
2019-12-31 00:00:00+00:00,118.75,120.43,117.81,120.34,399216.0,119.448,3189,False
2020-01-02 00:00:00+00:00,121.15,123.84,119.84,122.88,1665922.0,123.077,4010,False
2020-01-03 00:00:00+00:00,121.02,123.63,120.89,123.04,708316.0,122.855,4165,False
2020-01-06 00:00:00+00:00,122.56,128.03,122.05,127.69,1964146.0,127.071,6783,False
2020-01-07 00:00:00+00:00,128.23,129.2,127.32,128.15,1098292.0,128.392,8372,False
2020-01-08 00:00:00+00:00,128.32,131.81,127.33,130.06,1104723.0,129.837,6380,False
2020-01-09 00:00:00+00:00,131.99,135.6,131.7,135.41,1568361.0,134.182,9499,False
2020-01-10 00:00:00+00:00,135.67,137.45,133.26,133.9,807928.0,134.938,5572,False
2020-01-13 00:00:00+00:00,138.59,140.49,135.15,136.07,1143854.0,136.914,7305,False
2020-01-14 00:00:00+00:00,135.46,136.5,134.01,134.22,688487.0,134.869,4473,False
2020-01-15 00:00:00+00:00,134.46,137.22,134.31,134.91,663895.0,135.829,4422,False
2020-01-16 00:00:00+00:00,135.72,135.98,134.31,134.72,437090.0,135.025,2915,False
2020-01-17 00:00:00+00:00,135.11,135.55,132.42,132.85,820742.0,133.369,5041,False
2020-01-21 00:00:00+00:00,132.2,133.49,130.33,131.32,670406.0,131.764,5321,False
2020-01-22 00:00:00+00:00,132.6,133.86,131.35,131.46,831919.0,132.543,5981,False
2020-01-23 00:00:00+00:00,131.56,133.39,130.53,132.64,1101236.0,132.13,7567,False
2020-01-24 00:00:00+00:00,145.0,150.71,140.65,146.79,6033916.0,146.051,32032,False
2020-01-27 00:00:00+00:00,143.5,146.49,141.99,143.83,1856814.0,143.958,11989,False
2020-01-28 00:00:00+00:00,145.02,150.0,143.71,149.27,1796307.0,148.379,12234,False
2020-01-29 00:00:00+00:00,149.45,151.52,147.59,149.15,1414320.0,150.135,8804,False
2020-01-30 00:00:00+00:00,146.94,151.87,146.21,149.58,777226.0,149.316,4439,False
2020-01-31 00:00:00+00:00,149.52,149.79,146.27,147.0,606252.0,147.594,4431,False
2020-02-03 00:00:00+00:00,146.89,149.48,144.72,149.4,600903.0,147.249,3995,False
2020-02-04 00:00:00+00:00,150.18,152.69,148.55,152.09,1094764.0,151.477,6078,False
2020-02-05 00:00:00+00:00,153.01,153.7,144.52,146.58,1120130.0,146.956,7935,False
2020-02-06 00:00:00+00:00,146.58,149.12,144.71,147.94,561346.0,147.275,3471,False
2020-02-07 00:00:00+00:00,148.09,150.67,146.68,148.0,760703.0,148.908,4516,False
2020-02-10 00:00:00+00:00,148.06,152.38,148.02,151.28,993697.0,151.071,6362,False
2020-02-11 00:00:00+00:00,152.48,153.0,147.19,149.0,631254.0,149.71,4407,False
2020-02-12 00:00:00+00:00,149.61,151.59,146.61,151.54,966817.0,149.498,4730,False
2020-02-13 00:00:00+00:00,150.53,155.0,149.94,153.25,1526826.0,153.775,8659,False
2020-02-14 00:00:00+00:00,153.24,154.49,151.65,154.42,464434.0,153.293,3423,False
2020-02-18 00:00:00+00:00,154.05,155.78,152.61,153.88,1181657.0,153.993,6462,False
2020-02-19 00:00:00+00:00,153.93,156.12,151.3,152.05,1445985.0,153.733,10691,False
2020-02-20 00:00:00+00:00,152.09,152.18,144.45,148.98,711516.0,148.639,5032,False
2020-02-21 00:00:00+00:00,147.62,148.38,143.28,145.93,604639.0,145.625,4416,False
2020-02-24 00:00:00+00:00,138.52,147.75,136.0,147.11,1277890.0,144.572,9128,False
2020-02-25 00:00:00+00:00,147.93,149.0,142.57,144.48,1327960.0,145.194,9858,False
2020-02-26 00:00:00+00:00,144.0,149.94,143.75,146.5,1068251.0,147.113,7076,False
2020-02-27 00:00:00+00:00,140.47,147.0,137.34,143.0,1453571.0,143.38,9462,False
2020-02-28 00:00:00+00:00,137.08,145.0,137.08,144.96,1435575.0,141.507,10088,False
2020-03-02 00:00:00+00:00,147.51,149.83,142.53,146.82,1191511.0,145.944,6398,False
2020-03-03 00:00:00+00:00,147.54,151.57,141.16,145.72,1816862.0,146.667,12136,False
2020-03-04 00:00:00+00:00,148.0,154.39,146.5,153.47,1117807.0,150.96,7529,False
2020-03-05 00:00:00+00:00,151.99,155.3,149.53,152.21,918967.0,152.15,6286,False
2020-03-06 00:00:00+00:00,150.57,151.09,139.46,144.36,1643425.0,142.96,9451,False
2020-03-09 00:00:00+00:00,134.57,136.0,128.53,133.0,2525137.0,133.297,14191,False
2020-03-10 00:00:00+00:00,136.93,137.33,130.87,135.59,1312028.0,134.81,8785,False
2020-03-11 00:00:00+00:00,132.77,133.96,122.82,130.54,2357060.0,128.008,14163,False
2020-03-12 00:00:00+00:00,117.67,130.48,117.22,125.01,1667098.0,126.06,10168,False
2020-03-13 00:00:00+00:00,129.26,130.39,120.03,127.94,2125206.0,124.639,13015,False
2020-03-16 00:00:00+00:00,118.49,127.79,110.01,120.57,1380823.0,122.142,10248,False
2020-03-17 00:00:00+00:00,123.32,128.48,119.63,124.38,1708022.0,124.279,12945,False
2020-03-18 00:00:00+00:00,116.8,124.98,111.91,122.03,1377417.0,118.989,10283,False
2020-03-19 00:00:00+00:00,121.59,130.56,116.51,121.56,2199654.0,122.269,10806,False
2020-03-20 00:00:00+00:00,123.65,134.38,121.85,125.9,1967326.0,129.28,11558,False
2020-03-23 00:00:00+00:00,125.9,134.43,120.91,128.09,1464373.0,128.235,8428,False
2020-03-24 00:00:00+00:00,133.21,139.87,132.2,138.2,1684910.0,136.293,12445,False
2020-03-25 00:00:00+00:00,136.06,149.7,135.51,139.16,1980411.0,143.804,11941,False
2020-03-26 00:00:00+00:00,138.56,148.52,138.56,148.2,1198412.0,143.928,7619,False
2020-03-27 00:00:00+00:00,145.99,147.71,141.54,142.25,994841.0,143.877,6492,False
2020-03-30 00:00:00+00:00,144.85,148.4,140.89,141.16,1705483.0,143.118,9530,False
2020-03-31 00:00:00+00:00,139.86,143.0,137.11,137.26,999368.0,139.978,7571,False
2020-04-01 00:00:00+00:00,132.96,134.67,129.61,134.05,1159230.0,132.866,8457,False
2020-04-02 00:00:00+00:00,132.74,134.77,126.54,129.01,1045774.0,130.345,6715,False
2020-04-03 00:00:00+00:00,128.93,132.48,128.5,129.96,995834.0,130.371,7751,False
2020-04-06 00:00:00+00:00,133.55,137.56,130.37,136.86,997970.0,134.271,8089,False
2020-04-07 00:00:00+00:00,139.2,139.74,131.96,132.52,1099337.0,134.854,7239,False
2020-04-08 00:00:00+00:00,133.62,141.93,129.75,140.68,2082732.0,136.019,12858,False
2020-04-09 00:00:00+00:00,142.0,143.92,135.81,137.95,1598032.0,138.633,11003,False
2020-04-13 00:00:00+00:00,140.01,140.18,134.76,135.3,1417662.0,136.372,7934,False
2020-04-14 00:00:00+00:00,138.42,146.53,137.55,144.57,1647573.0,143.605,10483,False
2020-04-15 00:00:00+00:00,142.96,146.93,139.25,143.63,1276431.0,144.284,7615,False
2020-04-16 00:00:00+00:00,146.85,152.15,145.26,146.51,1508576.0,148.522,9935,False
2020-04-17 00:00:00+00:00,149.5,153.04,147.37,152.25,1240676.0,150.698,7632,False
2020-04-20 00:00:00+00:00,151.43,155.98,151.43,152.63,1045464.0,153.715,7554,False
2020-04-21 00:00:00+00:00,151.99,154.14,143.86,148.2,925358.0,148.139,6773,False
2020-04-22 00:00:00+00:00,150.88,152.0,149.02,149.2,565248.0,150.209,4318,False
2020-04-23 00:00:00+00:00,149.01,153.12,148.63,149.39,872895.0,150.67,5061,False
2020-04-24 00:00:00+00:00,149.8,152.63,148.31,152.32,500634.0,150.95,3767,False
2020-04-27 00:00:00+00:00,154.79,158.98,150.8,151.87,1073182.0,154.292,7080,False
2020-04-28 00:00:00+00:00,153.71,154.93,146.37,148.61,1117569.0,149.643,6251,False
2020-04-29 00:00:00+00:00,151.51,153.18,148.33,152.73,869376.0,151.726,5501,False
2020-04-30 00:00:00+00:00,155.19,158.79,153.12,155.49,1752821.0,156.421,10986,False
2020-05-01 00:00:00+00:00,150.0,157.25,146.06,154.59,1680905.0,152.816,10440,False
2020-05-04 00:00:00+00:00,151.72,163.69,151.4,163.13,2526414.0,160.005,14561,False
2020-05-05 00:00:00+00:00,164.23,173.87,164.13,169.58,2529423.0,170.222,15868,False
2020-05-06 00:00:00+00:00,170.58,176.15,168.54,172.92,1451043.0,173.834,9528,False
2020-05-07 00:00:00+00:00,175.0,180.65,174.4,179.78,1447731.0,178.437,8957,False
2020-05-08 00:00:00+00:00,179.92,182.6,175.05,176.19,1155791.0,178.576,7631,False
2020-05-11 00:00:00+00:00,176.0,180.46,174.0,176.6,911553.0,178.566,5898,False
2020-05-12 00:00:00+00:00,178.1,181.18,172.09,176.0,1061621.0,176.843,5568,False
2020-05-13 00:00:00+00:00,176.15,178.38,170.73,175.76,996516.0,175.029,6432,False
2020-05-14 00:00:00+00:00,173.3,180.44,172.15,179.79,974244.0,177.652,6566,False
2020-05-15 00:00:00+00:00,180.0,190.21,179.12,186.5,1513877.0,186.299,10551,False
2020-05-18 00:00:00+00:00,188.01,189.5,180.21,182.16,1033755.0,183.396,7390,False
2020-05-19 00:00:00+00:00,183.16,186.27,180.6,181.28,864705.0,182.123,6788,False
2020-05-20 00:00:00+00:00,182.33,185.79,181.5,183.84,600317.0,183.447,4260,False
2020-05-21 00:00:00+00:00,182.05,185.28,179.55,180.25,793021.0,181.265,5275,False
2020-05-22 00:00:00+00:00,181.29,185.45,179.2,182.6,1133501.0,182.769,5517,False
2020-05-26 00:00:00+00:00,182.96,184.62,172.19,173.06,1517832.0,176.953,9473,False
2020-05-27 00:00:00+00:00,170.54,175.72,160.2,175.31,2819888.0,167.729,14000,False
2020-05-28 00:00:00+00:00,174.08,180.46,174.08,178.32,1073599.0,178.009,7458,False
2020-05-29 00:00:00+00:00,179.0,186.12,178.94,185.3,1282030.0,182.881,8942,False
2020-06-01 00:00:00+00:00,184.02,191.72,183.72,188.32,1200535.0,187.899,8631,False
2020-06-02 00:00:00+00:00,188.69,189.99,180.62,183.67,895566.0,183.902,5941,False
2020-06-03 00:00:00+00:00,182.91,184.19,178.44,183.46,1176103.0,181.001,6867,False
2020-06-04 00:00:00+00:00,181.48,182.69,170.18,172.1,1637294.0,173.695,11507,False
2020-06-05 00:00:00+00:00,168.07,174.54,163.72,174.26,1531505.0,171.717,9407,False
2020-06-08 00:00:00+00:00,173.57,176.05,170.7,175.2,950636.0,173.812,6180,False
2020-06-09 00:00:00+00:00,176.04,178.56,173.12,173.54,532338.0,175.181,4012,False
2020-06-10 00:00:00+00:00,175.45,180.53,174.74,180.03,1173096.0,177.471,5659,False
2020-06-11 00:00:00+00:00,178.45,178.69,170.21,173.5,899698.0,173.854,6227,False
2020-06-12 00:00:00+00:00,176.9,179.53,169.57,171.62,1100177.0,174.004,6815,False
2020-06-15 00:00:00+00:00,170.92,173.04,168.97,170.73,1654635.0,170.429,11163,False
2020-06-16 00:00:00+00:00,173.07,173.44,167.19,172.51,1874210.0,170.461,9565,False
2020-06-17 00:00:00+00:00,173.76,178.38,173.06,176.71,1096885.0,176.423,7529,False
2020-06-18 00:00:00+00:00,177.24,179.83,176.32,177.63,467396.0,177.717,3602,False
2020-06-19 00:00:00+00:00,180.23,180.82,172.55,172.64,829681.0,175.676,5324,False
2020-06-22 00:00:00+00:00,174.53,184.92,174.04,184.56,1272068.0,182.456,8793,False
2020-06-23 00:00:00+00:00,186.0,187.71,181.04,182.33,1081665.0,184.959,6411,False
2020-06-24 00:00:00+00:00,181.99,184.49,174.39,176.82,810272.0,177.937,6046,False
2020-06-25 00:00:00+00:00,177.1,181.33,173.8,180.36,949211.0,178.839,6455,False
2020-06-26 00:00:00+00:00,181.01,182.77,177.26,181.01,795695.0,180.655,6058,False
2020-06-29 00:00:00+00:00,180.02,180.8,172.27,175.13,672086.0,175.175,5276,False
2020-06-30 00:00:00+00:00,176.04,180.79,175.09,180.27,603883.0,179.244,3837,False
2020-07-01 00:00:00+00:00,180.99,186.62,178.61,185.61,776543.0,183.786,5312,False
2020-07-02 00:00:00+00:00,186.51,191.33,185.02,190.08,1717892.0,189.408,10806,False
2020-07-06 00:00:00+00:00,193.01,196.35,189.8,190.47,1043076.0,192.478,6932,False
2020-07-07 00:00:00+00:00,191.0,194.16,189.05,190.44,658000.0,191.1,3827,False
2020-07-08 00:00:00+00:00,192.49,197.06,191.19,195.88,985489.0,195.562,5255,False
2020-07-09 00:00:00+00:00,198.41,198.41,191.93,195.63,1318233.0,194.557,7292,False
2020-07-10 00:00:00+00:00,195.63,196.0,190.36,192.0,591883.0,191.918,4250,False
2020-07-13 00:00:00+00:00,193.74,194.5,179.23,179.55,1844060.0,186.493,9855,False
2020-07-14 00:00:00+00:00,179.9,180.95,169.11,174.15,3018997.0,172.347,17511,False
2020-07-15 00:00:00+00:00,175.33,176.65,171.22,175.32,1175462.0,174.061,8406,False
2020-07-16 00:00:00+00:00,173.82,175.0,170.05,171.24,1516594.0,171.608,6889,False
2020-07-17 00:00:00+00:00,172.0,173.49,169.54,172.86,590959.0,172.077,4074,False
2020-07-20 00:00:00+00:00,174.9,191.55,174.3,190.32,2162642.0,185.725,11833,False
2020-07-21 00:00:00+00:00,190.53,195.31,187.08,192.49,1727531.0,191.565,10306,False
2020-07-22 00:00:00+00:00,193.24,195.29,188.82,191.3,493193.0,191.707,3774,False
2020-07-23 00:00:00+00:00,190.76,196.33,187.11,188.64,1361218.0,192.705,8961,False
2020-07-24 00:00:00+00:00,184.42,187.63,181.22,184.34,1023851.0,184.77,6258,False
2020-07-27 00:00:00+00:00,185.57,187.34,180.63,184.51,1676498.0,183.835,8662,False
2020-07-28 00:00:00+00:00,184.72,187.8,182.71,183.36,704206.0,184.7,5627,False
2020-07-29 00:00:00+00:00,185.64,189.5,184.86,187.11,492520.0,187.603,3557,False
2020-07-30 00:00:00+00:00,185.5,190.69,183.64,187.66,967239.0,187.679,6596,False
2020-07-31 00:00:00+00:00,176.95,177.83,170.14,176.65,5441877.0,173.845,29953,False
2020-08-03 00:00:00+00:00,176.34,178.87,172.33,177.95,1908573.0,176.792,12009,False
2020-08-04 00:00:00+00:00,178.5,180.9,176.55,177.47,1514438.0,178.161,9328,False
2020-08-05 00:00:00+00:00,177.17,180.51,175.59,180.5,1460727.0,178.528,7735,False
2020-08-06 00:00:00+00:00,181.25,181.48,175.02,177.97,1410846.0,177.458,7401,False
2020-08-07 00:00:00+00:00,177.54,178.41,169.36,170.93,1651798.0,173.239,7774,False
2020-08-10 00:00:00+00:00,170.8,171.5,164.06,165.95,1237049.0,166.662,8713,False
2020-08-11 00:00:00+00:00,165.19,166.08,160.06,160.75,1818518.0,162.761,11863,False
2020-08-12 00:00:00+00:00,161.45,165.77,160.01,161.06,1138428.0,162.505,8318,False
2020-08-13 00:00:00+00:00,163.0,167.31,162.46,164.36,827237.0,165.32,5948,False
2020-08-14 00:00:00+00:00,166.11,166.42,161.3,162.69,517270.0,163.226,4160,False
2020-08-17 00:00:00+00:00,163.16,167.0,163.16,164.35,733443.0,164.573,5342,False
2020-08-18 00:00:00+00:00,165.34,167.81,164.57,166.98,717691.0,166.711,5531,False
2020-08-19 00:00:00+00:00,166.38,167.9,162.51,163.15,897130.0,164.137,6931,False
2020-08-20 00:00:00+00:00,163.02,169.03,162.2,167.85,881937.0,166.86,6729,False
2020-08-21 00:00:00+00:00,166.54,167.71,164.29,166.64,882689.0,165.896,6543,False
2020-08-24 00:00:00+00:00,167.32,170.45,166.81,168.93,1223537.0,169.166,9110,False
2020-08-25 00:00:00+00:00,168.08,172.62,167.14,172.59,832084.0,171.172,5604,False
2020-08-26 00:00:00+00:00,175.01,184.88,174.5,182.95,1703873.0,181.491,10907,False
2020-08-27 00:00:00+00:00,181.06,188.5,180.29,188.31,1464692.0,186.056,8675,False
2020-08-28 00:00:00+00:00,188.66,193.31,188.32,192.43,1179036.0,191.564,7912,False
2020-08-31 00:00:00+00:00,190.25,193.08,188.22,191.76,909619.0,191.196,6178,False
2020-09-01 00:00:00+00:00,192.61,199.5,192.61,196.41,852683.0,196.747,5253,False
2020-09-02 00:00:00+00:00,197.99,199.46,190.2,192.07,1003561.0,193.483,6974,False
2020-09-03 00:00:00+00:00,188.94,188.94,178.29,181.78,1455513.0,182.119,8815,False
2020-09-04 00:00:00+00:00,180.46,182.22,170.5,175.54,1065930.0,175.363,7235,False
2020-09-08 00:00:00+00:00,170.01,173.1,167.72,168.92,1729464.0,170.23,8104,False
2020-09-09 00:00:00+00:00,173.02,173.47,168.26,171.37,767307.0,171.341,5981,False
2020-09-10 00:00:00+00:00,172.11,175.25,168.13,169.72,720277.0,171.155,5870,False
2020-09-11 00:00:00+00:00,172.46,172.75,164.87,167.63,735027.0,168.06,5629,False
2020-09-14 00:00:00+00:00,169.14,171.75,168.38,168.84,594997.0,170.112,4142,False
2020-09-15 00:00:00+00:00,170.63,172.62,168.61,171.02,592078.0,169.911,3531,False
2020-09-16 00:00:00+00:00,172.61,173.57,170.0,171.17,1031985.0,171.676,7103,False
2020-09-17 00:00:00+00:00,167.94,169.93,164.16,168.25,707183.0,166.873,4915,False
2020-09-18 00:00:00+00:00,169.72,172.16,167.57,171.14,564646.0,169.995,4079,False
2020-09-21 00:00:00+00:00,168.91,178.1,168.59,177.4,496104.0,175.654,3745,False
2020-09-22 00:00:00+00:00,178.32,180.73,173.72,180.26,377633.0,177.887,3032,False
2020-09-23 00:00:00+00:00,180.65,183.33,175.91,176.88,464888.0,179.403,3705,False
2020-09-24 00:00:00+00:00,178.13,178.61,172.8,175.78,1015806.0,176.238,4578,False
2020-09-25 00:00:00+00:00,175.99,181.96,175.78,181.29,464049.0,179.997,3715,False
2020-09-28 00:00:00+00:00,182.02,184.04,178.7,181.0,869525.0,181.068,6260,False
2020-09-29 00:00:00+00:00,181.63,183.38,179.54,182.35,578677.0,181.787,4433,False
2020-09-30 00:00:00+00:00,180.54,185.15,179.21,181.79,563556.0,182.621,4427,False
2020-10-01 00:00:00+00:00,183.22,188.07,180.57,186.01,616172.0,185.183,4476,False
2020-10-02 00:00:00+00:00,182.88,189.0,182.31,184.79,653273.0,185.494,5274,False
2020-10-05 00:00:00+00:00,186.0,191.63,185.27,186.85,832208.0,188.511,5130,False
2020-10-06 00:00:00+00:00,186.79,194.61,186.59,189.88,958346.0,191.407,6294,False
2020-10-07 00:00:00+00:00,191.21,195.5,190.05,193.04,565913.0,193.169,4250,False
2020-10-08 00:00:00+00:00,194.52,194.76,188.25,188.78,807226.0,189.683,5369,False
2020-10-09 00:00:00+00:00,190.23,199.87,190.0,198.85,941791.0,197.295,6692,False
2020-10-12 00:00:00+00:00,199.61,199.98,192.21,194.27,1505106.0,194.713,10162,False
2020-10-13 00:00:00+00:00,195.11,196.64,192.6,192.99,889079.0,194.654,6673,False
2020-10-14 00:00:00+00:00,194.9,194.9,188.61,191.81,964092.0,191.56,6984,False
2020-10-15 00:00:00+00:00,188.4,191.17,185.16,190.93,1586171.0,188.789,9175,False
2020-10-16 00:00:00+00:00,191.9,212.97,191.0,207.45,3839487.0,202.045,23101,False
2020-10-19 00:00:00+00:00,208.45,215.84,205.8,212.94,2244597.0,212.066,14171,False
2020-10-20 00:00:00+00:00,213.41,216.3,210.2,210.97,1077611.0,213.611,8301,False
2020-10-21 00:00:00+00:00,210.35,213.21,205.14,206.99,725944.0,208.044,5737,False
2020-10-22 00:00:00+00:00,207.57,209.8,202.19,203.08,926849.0,204.412,5892,False
2020-10-23 00:00:00+00:00,204.06,208.57,201.44,208.49,662932.0,206.135,4363,False
2020-10-26 00:00:00+00:00,207.5,210.27,203.61,207.2,456137.0,206.621,3650,False
2020-10-27 00:00:00+00:00,209.43,213.3,208.0,213.01,665642.0,211.321,4362,False
2020-10-28 00:00:00+00:00,209.33,211.51,206.79,208.86,1385472.0,209.436,9172,False
2020-10-29 00:00:00+00:00,210.91,212.67,208.69,210.72,1283605.0,211.159,8351,False
2020-10-30 00:00:00+00:00,199.0,199.99,187.25,191.62,4300539.0,192.893,28713,False
2020-11-02 00:00:00+00:00,191.63,192.41,180.88,184.29,2059626.0,185.184,12738,False
2020-11-03 00:00:00+00:00,184.24,185.81,180.11,182.06,1596747.0,183.03,8061,False
2020-11-04 00:00:00+00:00,190.4,193.95,188.55,188.82,1419827.0,190.975,9271,False
2020-11-05 00:00:00+00:00,194.99,203.18,193.53,199.99,1504598.0,199.874,10209,False
2020-11-06 00:00:00+00:00,200.1,201.28,194.89,198.18,762454.0,198.015,5034,False
2020-11-09 00:00:00+00:00,194.64,199.16,187.4,187.52,1040502.0,192.689,8031,False
2020-11-10 00:00:00+00:00,186.06,186.99,176.42,185.66,1518187.0,182.542,10749,False
2020-11-11 00:00:00+00:00,188.47,196.19,187.62,191.76,1168882.0,192.645,8439,False
2020-11-12 00:00:00+00:00,192.59,195.91,191.68,193.0,831563.0,193.785,5130,False
2020-11-13 00:00:00+00:00,194.48,194.82,184.9,192.82,1281856.0,190.046,7053,False
2020-11-16 00:00:00+00:00,191.52,194.9,187.71,189.46,1485655.0,190.441,9154,False
2020-11-17 00:00:00+00:00,192.06,198.28,190.98,196.52,1238735.0,195.078,8329,False
2020-11-18 00:00:00+00:00,201.28,203.0,191.18,193.7,2242913.0,195.293,13167,False
2020-11-19 00:00:00+00:00,194.8,202.0,193.34,199.45,1873613.0,199.024,11715,False
2020-11-20 00:00:00+00:00,199.22,211.55,198.94,208.43,1946168.0,208.497,13527,False
2020-11-23 00:00:00+00:00,208.78,212.06,205.67,211.05,1502881.0,209.501,10299,False
2020-11-24 00:00:00+00:00,210.34,214.34,210.0,213.5,1059861.0,212.562,8002,False
2020-11-25 00:00:00+00:00,211.3,217.54,211.3,216.35,1151531.0,215.087,8559,False
2020-11-27 00:00:00+00:00,216.07,224.0,216.07,224.0,537454.0,220.881,3815,False
2020-11-30 00:00:00+00:00,224.0,228.97,219.66,225.05,946199.0,224.358,7545,False
2020-12-01 00:00:00+00:00,225.44,226.0,220.71,224.06,877247.0,223.311,7073,False
2020-12-02 00:00:00+00:00,220.92,228.28,218.9,227.99,932886.0,224.466,6459,False
2020-12-03 00:00:00+00:00,228.0,234.44,225.95,226.19,1435202.0,230.034,7425,False
2020-12-04 00:00:00+00:00,227.11,229.58,224.68,225.01,829445.0,226.153,6921,False
2020-12-07 00:00:00+00:00,224.11,228.86,223.76,227.76,758051.0,226.766,5896,False
2020-12-08 00:00:00+00:00,228.24,235.17,227.76,229.84,706184.0,231.154,5808,False
2020-12-09 00:00:00+00:00,228.94,229.97,220.36,223.54,934510.0,224.497,7626,False
2020-12-10 00:00:00+00:00,222.62,228.41,220.45,227.19,442709.0,226.553,3230,False
2020-12-11 00:00:00+00:00,227.92,232.24,224.72,232.01,778856.0,229.163,5655,False
2020-12-14 00:00:00+00:00,233.77,240.7,233.43,234.74,1420354.0,237.685,10805,False
2020-12-15 00:00:00+00:00,234.81,238.16,229.44,237.7,1060000.0,234.933,6786,False
2020-12-16 00:00:00+00:00,237.63,245.28,236.62,243.85,1584342.0,243.06,9739,False
2020-12-17 00:00:00+00:00,246.44,250.03,245.79,248.05,719892.0,248.141,5457,False
2020-12-18 00:00:00+00:00,248.67,249.99,244.62,247.78,1420795.0,247.461,9574,False
2020-12-21 00:00:00+00:00,246.44,249.3,241.15,248.19,904552.0,246.24,7567,False
2020-12-22 00:00:00+00:00,250.28,250.49,244.89,247.01,686176.0,247.459,5099,False
2020-12-23 00:00:00+00:00,247.32,247.85,239.02,240.88,974467.0,241.614,7301,False
2020-12-24 00:00:00+00:00,240.55,243.73,239.85,241.79,456918.0,241.682,2855,False
2020-12-28 00:00:00+00:00,244.99,246.62,230.54,231.8,807329.0,233.423,6446,False
2020-12-29 00:00:00+00:00,233.55,234.99,229.86,233.15,347619.0,232.288,3011,False
2020-12-30 00:00:00+00:00,236.47,236.87,232.43,234.04,314740.0,233.882,2547,False
2020-12-31 00:00:00+00:00,233.79,235.27,231.97,233.87,376857.0,233.624,2940,False
2021-01-04 00:00:00+00:00,234.5,234.5,224.9,231.56,577372.0,229.676,4309,False
2021-01-05 00:00:00+00:00,231.42,235.35,229.01,234.42,649122.0,233.151,4664,False
2021-01-06 00:00:00+00:00,228.92,230.2,223.93,224.48,995626.0,227.114,5561,False
2021-01-07 00:00:00+00:00,228.03,233.89,228.02,233.38,856251.0,230.979,5253,False
2021-01-08 00:00:00+00:00,235.6,238.0,231.83,235.48,478151.0,234.667,3582,False
2021-01-11 00:00:00+00:00,234.79,234.85,230.01,230.67,425331.0,232.77,3214,False
2021-01-12 00:00:00+00:00,233.38,235.8,231.58,234.19,540561.0,233.806,3972,False
2021-01-13 00:00:00+00:00,233.6,234.86,227.11,229.87,854106.0,230.293,6240,False
2021-01-14 00:00:00+00:00,228.88,230.82,221.76,222.97,1119603.0,224.139,7922,False
2021-01-15 00:00:00+00:00,224.64,229.38,220.63,222.93,1151764.0,222.841,7660,False
2021-01-19 00:00:00+00:00,225.01,229.41,225.0,226.74,1004483.0,227.356,5874,False
2021-01-20 00:00:00+00:00,227.88,232.37,227.54,231.61,977125.0,230.338,6875,False
2021-01-21 00:00:00+00:00,232.68,237.56,230.26,234.18,769060.0,234.6,6005,False
2021-01-22 00:00:00+00:00,234.04,236.73,230.77,235.45,406424.0,233.769,3144,False
2021-01-25 00:00:00+00:00,238.98,240.15,224.66,231.08,713252.0,231.646,5703,False
2021-01-26 00:00:00+00:00,232.69,232.69,222.19,223.88,999466.0,226.043,7895,False
2021-01-27 00:00:00+00:00,220.02,222.49,208.62,217.3,1302341.0,217.901,10157,False
2021-01-28 00:00:00+00:00,217.21,235.0,216.18,227.02,2151800.0,225.353,12203,False
2021-01-29 00:00:00+00:00,225.0,234.27,217.75,231.13,2238150.0,228.29,15286,False
2021-02-01 00:00:00+00:00,231.41,238.53,229.02,234.87,1340167.0,234.827,9511,False
2021-02-02 00:00:00+00:00,237.69,249.5,237.69,248.79,938863.0,244.75,7286,False
2021-02-03 00:00:00+00:00,247.95,248.25,240.03,243.99,667744.0,244.261,5235,False
2021-02-04 00:00:00+00:00,245.0,247.0,240.29,241.0,480616.0,242.048,3502,False
2021-02-05 00:00:00+00:00,240.02,244.35,240.02,243.8,658600.0,242.599,3743,False
2021-02-08 00:00:00+00:00,245.0,251.28,242.0,244.38,648816.0,245.543,3985,False
2021-02-09 00:00:00+00:00,244.54,248.23,243.69,248.05,790242.0,246.061,4662,False
2021-02-10 00:00:00+00:00,249.33,256.05,246.02,252.46,1038724.0,252.749,6611,False
2021-02-11 00:00:00+00:00,256.57,257.01,250.4,252.8,373239.0,253.112,2846,False
2021-02-12 00:00:00+00:00,252.6,255.35,247.31,252.97,424191.0,252.62,3087,False
2021-02-16 00:00:00+00:00,252.82,255.14,245.04,248.95,588541.0,249.849,4660,False
2021-02-17 00:00:00+00:00,248.88,251.27,243.45,250.53,700820.0,248.369,5258,False
2021-02-18 00:00:00+00:00,245.72,258.77,244.42,256.73,800654.0,253.202,6193,False
2021-02-19 00:00:00+00:00,256.77,262.4,254.01,258.41,1289124.0,257.884,9833,False
2021-02-22 00:00:00+00:00,251.49,254.49,241.01,241.01,903265.0,246.51,6762,False
2021-02-23 00:00:00+00:00,230.16,242.36,224.09,241.46,1140668.0,235.017,8282,False
2021-02-24 00:00:00+00:00,240.01,240.69,233.0,239.93,681076.0,238.185,5559,False
2021-02-25 00:00:00+00:00,235.05,241.99,230.16,232.4,725458.0,234.837,5714,False
2021-02-26 00:00:00+00:00,233.73,239.7,230.7,237.7,770055.0,236.606,5947,False
2021-03-01 00:00:00+00:00,242.74,252.18,242.4,251.5,893235.0,248.205,7361,False
2021-03-02 00:00:00+00:00,253.16,254.18,243.91,244.4,705160.0,248.025,5227,False
2021-03-03 00:00:00+00:00,244.27,245.43,224.95,227.68,1277968.0,230.911,9641,False
2021-03-04 00:00:00+00:00,226.68,234.98,221.01,225.44,1415687.0,227.1,11540,False
2021-03-05 00:00:00+00:00,226.97,231.43,218.63,228.21,1372836.0,225.637,10996,False
2021-03-08 00:00:00+00:00,226.0,235.5,222.48,223.42,929645.0,228.037,7318,False
2021-03-09 00:00:00+00:00,233.08,238.27,231.51,233.05,947979.0,234.473,7075,False
2021-03-10 00:00:00+00:00,238.0,238.25,225.29,225.69,934661.0,229.288,7226,False
2021-03-11 00:00:00+00:00,233.2,237.34,230.23,235.8,725496.0,234.57,5970,False
2021-03-12 00:00:00+00:00,231.74,231.74,222.5,229.26,831613.0,227.428,6217,False
2021-03-15 00:00:00+00:00,227.58,237.11,225.95,236.62,671795.0,232.192,5532,False
2021-03-16 00:00:00+00:00,238.0,241.04,233.18,235.89,490823.0,237.128,4132,False
2021-03-17 00:00:00+00:00,233.73,236.51,226.1,234.0,454188.0,231.68,3717,False
2021-03-18 00:00:00+00:00,229.0,229.0,219.14,219.28,973074.0,222.645,7695,False
2021-03-19 00:00:00+00:00,221.21,222.26,215.22,219.09,1439441.0,218.567,9621,False
2021-03-22 00:00:00+00:00,220.62,225.3,220.18,221.74,744625.0,222.793,5408,False
2021-03-23 00:00:00+00:00,224.13,225.69,221.18,222.92,517950.0,223.938,3809,False
2021-03-24 00:00:00+00:00,222.93,223.06,209.01,210.44,786987.0,212.659,6116,False
2021-03-25 00:00:00+00:00,207.69,207.69,200.42,206.84,2003984.0,203.879,13139,False
2021-03-26 00:00:00+00:00,207.44,212.96,204.03,212.94,824363.0,208.347,5970,False
2021-03-29 00:00:00+00:00,210.52,211.02,198.8,204.59,1313980.0,202.68,9694,False
2021-03-30 00:00:00+00:00,199.31,205.79,198.9,204.43,559607.0,202.978,4188,False
2021-03-31 00:00:00+00:00,207.99,216.52,207.66,210.76,1044345.0,213.037,6796,False
2021-04-01 00:00:00+00:00,216.01,228.0,212.25,223.06,2281772.0,222.013,14357,False
2021-04-05 00:00:00+00:00,224.9,225.0,218.5,221.23,671899.0,221.386,5027,False
2021-04-06 00:00:00+00:00,221.18,227.19,218.8,223.13,509216.0,224.087,3748,False
2021-04-07 00:00:00+00:00,222.33,223.15,217.27,217.63,519026.0,218.877,4070,False
2021-04-08 00:00:00+00:00,221.22,224.79,219.01,224.11,1761725.0,221.582,11481,False
2021-04-09 00:00:00+00:00,223.85,225.87,218.7,225.4,1068120.0,221.73,7481,False
2021-04-12 00:00:00+00:00,225.27,234.91,224.63,230.66,999502.0,230.489,6196,False
2021-04-13 00:00:00+00:00,234.58,243.4,234.05,242.19,1004202.0,240.362,7416,False
2021-04-14 00:00:00+00:00,243.79,244.93,231.09,231.48,1315253.0,237.593,9841,False
2021-04-15 00:00:00+00:00,233.2,240.85,233.1,239.13,664096.0,238.241,5533,False
2021-04-16 00:00:00+00:00,238.66,239.25,233.08,234.76,521914.0,234.867,4015,False
2021-04-19 00:00:00+00:00,233.59,236.0,227.82,228.21,495135.0,230.089,4119,False
2021-04-20 00:00:00+00:00,227.55,230.72,224.53,226.34,487343.0,226.459,4042,False
2021-04-21 00:00:00+00:00,225.16,227.61,222.0,226.58,542276.0,225.72,4523,False
2021-04-22 00:00:00+00:00,226.02,232.48,225.05,228.45,530749.0,229.828,4216,False
2021-04-23 00:00:00+00:00,229.41,232.31,228.45,230.82,281997.0,230.93,2499,False
2021-04-26 00:00:00+00:00,230.46,236.74,227.66,236.5,419233.0,233.993,3317,False
2021-04-27 00:00:00+00:00,237.03,237.9,232.11,236.12,449991.0,235.165,3617,False
2021-04-28 00:00:00+00:00,235.01,237.77,232.83,235.96,309427.0,236.292,2652,False
2021-04-29 00:00:00+00:00,235.17,236.0,224.48,228.12,870410.0,227.809,6137,False
2021-04-30 00:00:00+00:00,231.05,241.0,230.0,237.56,2211024.0,236.691,12780,False
2021-05-03 00:00:00+00:00,237.79,238.31,227.7,229.99,938712.0,230.648,7760,False
2021-05-04 00:00:00+00:00,226.05,226.8,218.58,225.02,1594780.0,223.035,10895,False
2021-05-05 00:00:00+00:00,226.73,231.24,222.3,223.5,458810.0,226.638,3863,False
2021-05-06 00:00:00+00:00,221.98,221.98,214.61,218.77,651447.0,217.385,5057,False
2021-05-07 00:00:00+00:00,223.99,227.0,219.01,219.63,495469.0,223.162,3864,False
2021-05-10 00:00:00+00:00,216.57,218.25,213.4,215.83,794451.0,215.738,6123,False
2021-05-11 00:00:00+00:00,208.67,226.69,207.83,224.44,1659170.0,222.701,10012,False
2021-05-12 00:00:00+00:00,216.36,225.17,215.79,223.87,1184318.0,222.145,8333,False
2021-05-13 00:00:00+00:00,226.05,229.5,212.0,212.45,1198882.0,216.132,9058,False
2021-05-14 00:00:00+00:00,217.59,218.84,212.57,214.99,2041714.0,214.77,13492,False
2021-05-17 00:00:00+00:00,213.9,214.85,208.21,212.3,1310891.0,211.383,8786,False
2021-05-18 00:00:00+00:00,214.18,220.41,213.5,217.02,1131111.0,217.559,7740,False
2021-05-19 00:00:00+00:00,211.91,216.58,209.27,216.18,1212024.0,214.883,7825,False
2021-05-20 00:00:00+00:00,218.99,227.15,218.14,224.66,1778287.0,224.713,10760,False
2021-05-21 00:00:00+00:00,224.8,226.9,221.49,223.65,1383739.0,224.597,7813,False
2021-05-24 00:00:00+00:00,224.21,227.5,221.7,222.6,1622239.0,223.927,10001,False
2021-05-25 00:00:00+00:00,220.83,228.74,220.83,225.72,1296081.0,225.693,8496,False
2021-05-26 00:00:00+00:00,225.97,231.93,225.93,230.49,696098.0,230.455,6008,False
2021-05-27 00:00:00+00:00,227.22,233.0,223.45,231.89,607709.0,229.743,5017,False
2021-05-28 00:00:00+00:00,233.5,239.27,233.2,233.28,620870.0,236.529,4878,False
2021-06-01 00:00:00+00:00,233.58,234.65,225.12,231.98,538563.0,230.354,4488,False
2021-06-02 00:00:00+00:00,230.67,234.59,230.36,231.45,375841.0,231.869,2457,False
2021-06-03 00:00:00+00:00,228.32,230.67,221.09,221.37,708063.0,222.909,5778,False
2021-06-04 00:00:00+00:00,225.29,227.76,224.07,225.88,347136.0,225.748,2687,False
2021-06-07 00:00:00+00:00,224.56,228.44,221.46,228.13,467693.0,226.793,2995,False
2021-06-08 00:00:00+00:00,230.0,234.74,226.49,228.93,614569.0,229.399,4480,False
2021-06-09 00:00:00+00:00,230.79,234.92,230.74,232.31,593688.0,233.086,4638,False
2021-06-10 00:00:00+00:00,229.15,239.04,229.08,238.56,724917.0,235.846,4540,False
2021-06-11 00:00:00+00:00,238.09,244.66,236.41,244.09,937687.0,240.716,5499,False
2021-06-14 00:00:00+00:00,244.81,250.99,243.11,250.89,1072149.0,248.842,5741,False
2021-06-15 00:00:00+00:00,250.0,251.5,244.29,245.8,312176.0,246.923,2443,False
2021-06-16 00:00:00+00:00,245.59,251.99,243.23,248.46,793894.0,248.596,5766,False
2021-06-17 00:00:00+00:00,247.34,263.0,246.32,262.51,1254048.0,259.716,7125,False
2021-06-18 00:00:00+00:00,261.24,267.56,261.24,266.56,1293983.0,264.798,6505,False
2021-06-21 00:00:00+00:00,264.51,268.52,258.39,267.16,708267.0,265.744,3943,False
2021-06-22 00:00:00+00:00,267.9,270.01,264.5,267.96,883100.0,267.137,4518,False
2021-06-23 00:00:00+00:00,267.03,269.99,265.08,267.49,727603.0,267.427,4474,False
2021-06-24 00:00:00+00:00,269.64,272.13,266.62,266.96,493441.0,268.214,3837,False
2021-06-25 00:00:00+00:00,268.13,268.77,262.08,264.69,497031.0,264.015,4096,False
2021-06-28 00:00:00+00:00,265.22,267.58,262.54,263.23,667446.0,264.445,5466,False
2021-06-29 00:00:00+00:00,264.54,266.31,260.58,264.15,728161.0,264.106,5145,False
2021-06-30 00:00:00+00:00,262.89,262.89,255.3,256.86,589846.0,257.87,4931,False
2021-07-01 00:00:00+00:00,256.23,259.85,255.35,258.43,343033.0,258.131,2754,False
2021-07-02 00:00:00+00:00,259.08,263.81,259.07,262.72,356633.0,262.689,2980,False
2021-07-06 00:00:00+00:00,262.99,271.98,262.99,268.43,488644.0,267.995,3298,False
2021-07-07 00:00:00+00:00,270.5,273.34,267.35,269.06,430606.0,270.455,3198,False
2021-07-08 00:00:00+00:00,264.39,268.58,262.71,266.66,253213.0,266.187,1901,False
2021-07-09 00:00:00+00:00,265.21,269.15,260.23,268.64,457931.0,266.52,3056,False
2021-07-12 00:00:00+00:00,271.07,275.67,260.71,261.36,1118161.0,264.214,7842,False
2021-07-13 00:00:00+00:00,260.81,265.66,258.67,261.14,1000311.0,262.55,6906,False
2021-07-14 00:00:00+00:00,263.89,267.64,257.33,259.22,749876.0,261.465,5260,False
2021-07-15 00:00:00+00:00,260.39,265.41,256.51,259.36,433106.0,260.097,3498,False
2021-07-16 00:00:00+00:00,260.35,263.84,259.66,260.64,223318.0,261.275,1783,False
2021-07-19 00:00:00+00:00,259.0,263.58,257.63,262.87,272714.0,261.602,2137,False
2021-07-20 00:00:00+00:00,264.5,269.98,260.0,267.62,376021.0,266.647,3198,False
2021-07-21 00:00:00+00:00,266.99,269.12,263.85,268.85,381272.0,267.083,3282,False
2021-07-22 00:00:00+00:00,262.0,269.34,261.68,269.13,532081.0,266.297,4290,False
2021-07-23 00:00:00+00:00,269.41,273.0,266.85,271.29,362199.0,270.805,2930,False
2021-07-26 00:00:00+00:00,270.2,270.87,265.24,267.54,349618.0,268.15,2616,False
2021-07-27 00:00:00+00:00,267.61,269.36,259.99,264.97,428981.0,263.941,3635,False
2021-07-28 00:00:00+00:00,265.12,269.98,264.02,269.08,259224.0,268.451,2101,False
2021-07-29 00:00:00+00:00,267.93,271.62,264.88,266.79,538188.0,267.36,4416,False
2021-07-30 00:00:00+00:00,310.0,349.5,310.0,325.12,4153274.0,331.492,25644,False
2021-08-02 00:00:00+00:00,324.2,326.97,313.4,322.58,984925.0,321.4,6422,False
2021-08-03 00:00:00+00:00,325.62,336.65,324.33,329.42,625291.0,329.621,4346,False
2021-08-04 00:00:00+00:00,328.86,341.42,328.56,340.44,518877.0,336.321,4030,False
2021-08-05 00:00:00+00:00,340.21,343.15,335.38,342.43,613806.0,340.764,4331,False
2021-08-06 00:00:00+00:00,337.73,339.8,331.3,334.51,535425.0,335.292,3818,False
2021-08-09 00:00:00+00:00,336.15,337.74,331.39,335.84,520175.0,335.16,3876,False
2021-08-10 00:00:00+00:00,337.54,340.5,325.75,327.52,612678.0,330.711,5055,False
2021-08-11 00:00:00+00:00,329.98,333.36,326.0,332.56,628671.0,331.384,4747,False
2021-08-12 00:00:00+00:00,329.95,340.77,329.71,338.04,329957.0,337.396,2247,False
2021-08-13 00:00:00+00:00,338.01,340.24,335.75,337.94,280779.0,338.313,2193,False
2021-08-16 00:00:00+00:00,336.83,339.05,324.72,334.02,288166.0,332.699,2420,False
2021-08-17 00:00:00+00:00,331.82,338.98,328.8,336.73,371531.0,335.415,2767,False
2021-08-18 00:00:00+00:00,335.92,343.57,335.16,337.73,376841.0,339.921,3013,False
2021-08-19 00:00:00+00:00,335.13,338.57,332.19,334.56,454314.0,335.266,3894,False
2021-08-20 00:00:00+00:00,335.59,346.64,334.47,346.0,522132.0,343.578,3613,False
2021-08-23 00:00:00+00:00,342.23,353.62,342.12,352.49,528428.0,350.513,3680,False
2021-08-24 00:00:00+00:00,351.77,356.61,351.77,353.89,609379.0,354.152,3524,False
2021-08-25 00:00:00+00:00,350.24,356.09,349.52,353.41,409015.0,353.259,2835,False
2021-08-26 00:00:00+00:00,352.18,357.5,349.82,349.99,547618.0,353.586,3532,False
2021-08-27 00:00:00+00:00,350.99,359.31,350.99,358.34,346653.0,356.1,2384,False
2021-08-30 00:00:00+00:00,360.0,368.33,360.0,366.03,452019.0,365.544,3410,False
2021-08-31 00:00:00+00:00,363.74,368.12,362.59,367.06,403766.0,366.41,2955,False
2021-09-01 00:00:00+00:00,369.05,373.44,368.0,371.7,392044.0,371.388,3056,False
2021-09-02 00:00:00+00:00,371.82,376.36,370.48,376.0,369876.0,374.016,2321,False
2021-09-03 00:00:00+00:00,376.04,387.48,375.13,384.59,813402.0,384.67,4488,False
2021-09-07 00:00:00+00:00,383.39,384.98,379.24,381.69,473490.0,382.232,3299,False
2021-09-08 00:00:00+00:00,380.41,385.94,378.99,381.75,513544.0,381.662,3576,False
2021-09-09 00:00:00+00:00,380.17,383.63,377.31,378.84,563009.0,380.053,3263,False
2021-09-10 00:00:00+00:00,379.37,385.82,378.98,379.97,564812.0,381.571,2704,False
2021-09-13 00:00:00+00:00,379.77,379.77,371.84,376.71,488516.0,375.167,3259,False
2021-09-14 00:00:00+00:00,380.24,393.19,379.26,389.39,669821.0,388.844,4205,False
2021-09-15 00:00:00+00:00,387.47,394.99,386.82,394.53,602508.0,390.172,3291,False
2021-09-16 00:00:00+00:00,394.4,404.54,392.45,403.91,452238.0,399.228,2945,False
2021-09-17 00:00:00+00:00,404.0,409.6,397.39,404.6,1230399.0,403.992,6589,False
2021-09-20 00:00:00+00:00,395.22,402.69,392.13,400.59,749491.0,397.08,4856,False
2021-09-21 00:00:00+00:00,408.46,420.23,404.69,405.98,1078526.0,410.445,7354,False
2021-09-22 00:00:00+00:00,405.41,409.68,401.79,406.4,718362.0,406.437,5989,False
2021-09-23 00:00:00+00:00,407.94,412.0,401.24,409.6,750387.0,407.139,5562,False
2021-09-24 00:00:00+00:00,411.33,414.72,401.45,413.94,422118.0,408.489,3259,False
2021-09-27 00:00:00+00:00,406.13,409.77,388.18,391.89,595863.0,393.964,4368,False
2021-09-28 00:00:00+00:00,383.71,391.11,375.5,381.58,983754.0,382.491,7606,False
2021-09-29 00:00:00+00:00,385.58,391.72,378.02,387.6,445709.0,386.345,3540,False
2021-09-30 00:00:00+00:00,391.94,398.25,390.13,391.42,437696.0,393.807,3654,False
2021-10-01 00:00:00+00:00,393.0,395.68,383.9,392.22,821761.0,391.858,5511,False
2021-10-04 00:00:00+00:00,390.76,390.76,376.0,382.71,684729.0,382.928,4370,False
2021-10-05 00:00:00+00:00,385.71,392.57,384.78,389.94,517622.0,389.59,4101,False
2021-10-06 00:00:00+00:00,385.79,398.5,385.36,395.19,651291.0,394.594,4647,False
2021-10-07 00:00:00+00:00,397.6,402.06,392.29,392.98,421313.0,396.977,3447,False
2021-10-08 00:00:00+00:00,400.17,402.0,387.16,390.74,388523.0,392.54,2997,False
2021-10-11 00:00:00+00:00,386.61,396.47,385.35,389.5,281140.0,392.607,1876,False
2021-10-12 00:00:00+00:00,393.27,402.44,391.45,397.47,279696.0,397.833,2166,False
2021-10-13 00:00:00+00:00,401.32,407.91,399.33,407.04,342543.0,403.963,2637,False
2021-10-14 00:00:00+00:00,412.61,415.88,406.16,406.73,306455.0,409.581,2208,False
2021-10-15 00:00:00+00:00,406.73,409.79,400.89,409.74,315537.0,406.634,2597,False
2021-10-18 00:00:00+00:00,407.73,414.81,404.14,414.77,326182.0,409.889,2423,False
2021-10-19 00:00:00+00:00,415.0,415.6,405.33,410.46,396583.0,411.215,2743,False
2021-10-20 00:00:00+00:00,414.86,415.7,405.43,409.69,265251.0,409.896,1900,False
2021-10-21 00:00:00+00:00,409.85,421.49,408.7,417.12,877932.0,416.8,2930,False
2021-10-22 00:00:00+00:00,418.67,425.3,414.55,423.2,522601.0,421.301,3828,False
2021-10-25 00:00:00+00:00,425.27,431.44,424.6,429.01,606931.0,428.962,4608,False
2021-10-26 00:00:00+00:00,425.56,433.58,421.75,424.52,474432.0,426.683,3173,False
2021-10-27 00:00:00+00:00,424.53,428.09,412.25,412.88,418338.0,417.666,3471,False
2021-10-28 00:00:00+00:00,410.77,418.41,410.02,417.33,826528.0,414.608,6432,False
2021-10-29 00:00:00+00:00,452.5,483.13,441.17,458.13,1782984.0,456.864,12071,False
2021-11-01 00:00:00+00:00,455.2,461.45,445.59,450.14,622952.0,451.713,4162,False
2021-11-02 00:00:00+00:00,450.21,453.9,444.13,450.29,456976.0,448.21,3609,False
2021-11-03 00:00:00+00:00,450.78,453.28,436.28,445.43,472958.0,443.668,3245,False
2021-11-04 00:00:00+00:00,444.11,454.95,441.91,449.12,480264.0,449.753,3130,False
2021-11-05 00:00:00+00:00,447.38,449.55,436.75,440.22,364721.0,441.009,2554,False
2021-11-08 00:00:00+00:00,442.0,444.27,437.39,442.76,301809.0,440.952,2092,False
2021-11-09 00:00:00+00:00,448.67,453.0,440.11,444.5,349340.0,445.753,2195,False
2021-11-10 00:00:00+00:00,443.33,444.31,429.63,433.57,393714.0,434.234,2831,False
2021-11-11 00:00:00+00:00,438.05,443.57,436.37,441.59,248318.0,440.924,1992,False
2021-11-12 00:00:00+00:00,444.66,451.5,441.02,445.12,338537.0,444.476,2625,False
2021-11-15 00:00:00+00:00,445.91,446.26,431.57,433.99,291933.0,435.217,2399,False
2021-11-16 00:00:00+00:00,431.75,445.61,430.04,443.96,426317.0,439.297,2865,False
2021-11-17 00:00:00+00:00,444.91,445.59,438.16,440.24,281011.0,441.054,1746,False
2021-11-18 00:00:00+00:00,441.0,448.0,436.18,440.69,417589.0,443.368,2668,False
2021-11-19 00:00:00+00:00,441.0,443.26,429.83,429.86,498162.0,435.298,3734,False
2021-11-22 00:00:00+00:00,426.85,428.24,401.91,403.0,799909.0,409.674,5383,False
2021-11-23 00:00:00+00:00,397.56,400.0,376.07,389.51,1064180.0,387.183,7478,False
2021-11-24 00:00:00+00:00,386.96,393.45,381.73,393.07,377965.0,390.8,2865,False
2021-11-26 00:00:00+00:00,388.56,398.97,388.56,391.54,210046.0,392.919,1515,False
2021-11-29 00:00:00+00:00,395.6,404.09,391.86,397.69,385303.0,399.284,2960,False
2021-11-30 00:00:00+00:00,398.29,404.68,373.2,376.32,850484.0,381.115,6556,False
2021-12-01 00:00:00+00:00,383.71,386.93,356.78,357.21,1350138.0,368.396,7916,False
2021-12-02 00:00:00+00:00,357.1,370.94,356.21,368.94,873500.0,365.498,6403,False
2021-12-03 00:00:00+00:00,368.95,368.95,339.97,349.5,1331297.0,347.667,9059,False
2021-12-06 00:00:00+00:00,343.5,357.54,332.01,353.44,941729.0,349.437,6977,False
2021-12-07 00:00:00+00:00,366.53,383.69,366.32,382.99,1229398.0,379.579,9010,False
2021-12-08 00:00:00+00:00,384.57,388.12,378.32,387.41,534807.0,384.558,4022,False
2021-12-09 00:00:00+00:00,388.0,390.92,369.42,375.44,763878.0,374.602,4029,False
2021-12-10 00:00:00+00:00,379.59,388.99,368.4,372.62,337842.0,373.788,2741,False
2021-12-13 00:00:00+00:00,372.63,381.65,368.04,369.93,448757.0,372.896,2666,False
2021-12-14 00:00:00+00:00,361.47,363.16,344.64,351.74,986316.0,352.038,7181,False
2021-12-15 00:00:00+00:00,352.28,368.27,347.55,364.43,668225.0,358.519,4605,False
2021-12-16 00:00:00+00:00,364.43,366.77,344.22,345.44,968213.0,351.615,5803,False
2021-12-17 00:00:00+00:00,342.63,352.62,333.34,350.96,1602350.0,347.164,9959,False
2021-12-20 00:00:00+00:00,340.97,348.97,333.03,343.33,865686.0,342.597,6373,False
2021-12-21 00:00:00+00:00,347.58,383.41,345.95,380.63,1985395.0,371.265,13148,False
2021-12-22 00:00:00+00:00,382.32,395.0,379.27,388.05,1352982.0,387.503,8830,False
2021-12-23 00:00:00+00:00,386.22,389.49,380.51,387.92,700511.0,385.85,4762,False
2021-12-27 00:00:00+00:00,391.29,397.78,389.45,394.43,450825.0,394.442,3447,False
2021-12-28 00:00:00+00:00,395.37,399.11,386.12,388.61,369195.0,389.986,2548,False
2021-12-29 00:00:00+00:00,388.61,389.27,376.44,382.78,339632.0,381.413,2697,False
2021-12-30 00:00:00+00:00,383.58,392.85,381.92,385.36,213593.0,387.944,1688,False
2021-12-31 00:00:00+00:00,383.81,388.87,380.75,381.29,197575.0,385.185,1560,False
2022-01-03 00:00:00+00:00,380.52,380.7,349.56,350.42,1054026.0,356.669,6840,False
2022-01-04 00:00:00+00:00,347.28,347.28,316.57,334.99,2800808.0,326.645,17287,False
2022-01-05 00:00:00+00:00,328.01,331.69,309.59,311.64,2249344.0,319.809,14874,False
2022-01-06 00:00:00+00:00,309.11,320.97,299.19,313.75,1473304.0,312.211,10685,False
2022-01-07 00:00:00+00:00,310.36,317.11,294.25,303.71,1524919.0,303.242,10804,False
2022-01-10 00:00:00+00:00,295.5,314.44,284.57,312.98,1875631.0,298.791,14136,False
2022-01-11 00:00:00+00:00,310.42,316.56,303.69,314.95,1185812.0,310.666,7547,False
2022-01-12 00:00:00+00:00,318.48,324.13,315.01,320.59,1928820.0,318.892,11160,False
2022-01-13 00:00:00+00:00,319.85,321.71,297.62,298.65,1752294.0,305.413,9937,False
2022-01-14 00:00:00+00:00,297.12,302.98,284.36,297.39,2959976.0,294.446,17019,False
2022-01-18 00:00:00+00:00,284.64,305.98,281.18,293.63,1028481.0,295.794,8017,False
2022-01-19 00:00:00+00:00,297.56,305.44,292.56,293.46,1255419.0,297.86,7899,False
2022-01-20 00:00:00+00:00,300.47,309.78,289.69,291.32,1060254.0,300.719,7556,False
2022-01-21 00:00:00+00:00,288.42,295.67,282.64,283.0,1291184.0,289.002,9640,False
2022-01-24 00:00:00+00:00,278.03,303.0,273.42,300.27,2050882.0,285.767,12916,False
2022-01-25 00:00:00+00:00,294.58,294.67,275.15,286.69,2241757.0,285.375,13647,False
2022-01-26 00:00:00+00:00,294.74,308.81,287.08,293.06,2475898.0,298.263,19110,False
2022-01-27 00:00:00+00:00,301.54,310.14,290.38,290.89,1810533.0,299.848,14131,False
2022-01-28 00:00:00+00:00,312.05,329.12,286.89,319.17,4036185.0,311.314,27469,False
2022-01-31 00:00:00+00:00,319.08,329.26,316.83,324.34,1998076.0,323.274,14495,False
2022-02-01 00:00:00+00:00,325.44,328.65,313.56,325.87,1207680.0,323.505,8436,False
2022-02-02 00:00:00+00:00,328.89,328.89,309.65,314.29,1289118.0,315.988,8213,False
2022-02-03 00:00:00+00:00,305.43,316.07,302.67,304.41,1002796.0,308.081,7453,False
2022-02-04 00:00:00+00:00,304.75,324.21,301.01,320.91,1137931.0,315.898,8795,False
2022-02-07 00:00:00+00:00,319.58,328.71,311.68,314.19,941391.0,317.915,6664,False
2022-02-08 00:00:00+00:00,311.2,318.95,307.76,318.05,424698.0,314.226,3262,False
2022-02-09 00:00:00+00:00,324.28,336.64,321.0,335.6,929751.0,330.465,7429,False
2022-02-10 00:00:00+00:00,327.09,352.71,324.51,346.16,1325033.0,344.622,10014,False
2022-02-11 00:00:00+00:00,346.9,352.92,319.53,321.76,1039820.0,332.811,7595,False
2022-02-14 00:00:00+00:00,320.38,325.39,313.96,320.25,1117839.0,320.717,6212,False
2022-02-15 00:00:00+00:00,328.06,335.84,323.63,330.33,672928.0,329.835,4987,False
2022-02-16 00:00:00+00:00,324.51,325.87,312.01,318.71,511274.0,316.937,3441,False
2022-02-17 00:00:00+00:00,315.25,316.1,303.1,304.0,1327648.0,308.782,5763,False
2022-02-18 00:00:00+00:00,302.37,310.97,297.04,298.07,854396.0,302.846,5511,False
2022-02-22 00:00:00+00:00,292.18,303.0,290.88,295.7,1018566.0,296.652,6215,False
2022-02-23 00:00:00+00:00,298.7,300.95,280.79,281.02,989800.0,288.46,6280,False
2022-02-24 00:00:00+00:00,270.19,302.02,268.2,301.6,1338614.0,287.161,7745,False
2022-02-25 00:00:00+00:00,298.52,305.36,293.61,305.03,639966.0,300.576,4214,False
2022-02-28 00:00:00+00:00,300.01,312.06,300.0,305.72,572984.0,305.544,3577,False
2022-03-01 00:00:00+00:00,308.47,321.76,304.88,307.27,969777.0,314.966,6845,False
2022-03-02 00:00:00+00:00,310.23,312.24,296.49,309.28,878492.0,304.273,4814,False
2022-03-03 00:00:00+00:00,309.9,310.53,282.39,286.88,1910919.0,290.91,10800,False
2022-03-04 00:00:00+00:00,287.33,292.64,266.59,267.61,980876.0,272.999,7664,False
2022-03-07 00:00:00+00:00,270.89,273.98,243.61,244.24,1931233.0,253.032,13662,False
2022-03-08 00:00:00+00:00,242.76,245.82,232.68,240.95,1703477.0,239.996,12447,False
2022-03-09 00:00:00+00:00,256.64,264.86,251.8,261.59,1533594.0,260.167,11110,False
2022-03-10 00:00:00+00:00,253.98,262.14,252.08,255.2,754968.0,256.31,5739,False
2022-03-11 00:00:00+00:00,258.3,258.65,244.69,246.39,802360.0,248.955,5508,False
2022-03-14 00:00:00+00:00,243.88,254.09,237.79,238.66,1258767.0,245.362,7445,False
2022-03-15 00:00:00+00:00,238.35,246.36,236.53,245.17,1017478.0,241.477,5893,False
2022-03-16 00:00:00+00:00,255.74,281.41,254.07,280.96,2356101.0,271.127,16540,False
2022-03-17 00:00:00+00:00,277.08,284.62,272.17,280.13,1415988.0,280.046,9983,False
2022-03-18 00:00:00+00:00,283.48,295.4,279.06,294.73,1054852.0,288.859,7366,False
2022-03-21 00:00:00+00:00,291.3,296.0,280.81,288.31,919157.0,286.669,5744,False
2022-03-22 00:00:00+00:00,286.17,306.57,285.78,298.51,840604.0,300.05,5997,False
2022-03-23 00:00:00+00:00,291.04,299.09,284.25,289.41,613746.0,291.725,4415,False
2022-03-24 00:00:00+00:00,291.57,294.53,278.2,294.13,999265.0,285.99,7242,False
2022-03-25 00:00:00+00:00,294.13,294.73,274.8,284.21,983178.0,280.873,6574,False
2022-03-28 00:00:00+00:00,286.74,303.41,286.74,302.31,1157586.0,297.569,7870,False
2022-03-29 00:00:00+00:00,305.61,315.0,298.31,311.64,851725.0,308.432,6794,False
2022-03-30 00:00:00+00:00,306.45,310.84,297.0,302.64,738049.0,303.303,6109,False
2022-03-31 00:00:00+00:00,303.2,304.25,292.05,293.83,908632.0,297.14,6569,False
2022-04-01 00:00:00+00:00,297.03,312.63,295.05,305.75,1018349.0,305.613,6739,False
2022-04-04 00:00:00+00:00,306.14,317.69,304.79,317.18,710921.0,314.625,5526,False
2022-04-05 00:00:00+00:00,317.0,318.64,296.5,299.86,1244743.0,303.979,8581,False
2022-04-06 00:00:00+00:00,294.02,294.02,278.5,286.96,1434839.0,284.569,10299,False
2022-04-07 00:00:00+00:00,286.9,298.48,283.87,292.97,1063764.0,291.561,7197,False
2022-04-08 00:00:00+00:00,271.15,282.56,265.11,272.02,2849239.0,276.699,17391,False
2022-04-11 00:00:00+00:00,267.0,275.82,263.06,271.63,954058.0,270.302,7040,False
2022-04-12 00:00:00+00:00,281.33,283.81,267.5,268.32,839640.0,274.341,6106,False
2022-04-13 00:00:00+00:00,270.04,282.37,266.33,280.33,615719.0,278.651,4515,False
2022-04-14 00:00:00+00:00,279.66,280.07,263.94,265.35,955229.0,267.41,6038,False
2022-04-18 00:00:00+00:00,265.35,265.35,254.15,259.12,479580.0,259.046,3794,False
2022-04-19 00:00:00+00:00,258.0,277.71,257.08,273.9,897983.0,270.717,6028,False
2022-04-20 00:00:00+00:00,277.82,277.99,264.74,265.81,450492.0,268.373,3398,False
2022-04-21 00:00:00+00:00,268.57,273.88,251.69,253.82,636794.0,257.938,4689,False
2022-04-22 00:00:00+00:00,255.36,256.7,243.85,245.29,733708.0,249.127,5372,False
2022-04-25 00:00:00+00:00,245.47,254.1,244.05,253.63,656178.0,249.912,5035,False
2022-04-26 00:00:00+00:00,250.28,250.93,242.55,242.98,841606.0,245.605,5921,False
2022-04-27 00:00:00+00:00,245.74,252.76,241.85,243.66,615678.0,245.996,4904,False
2022-04-28 00:00:00+00:00,251.45,263.44,246.67,259.98,1827347.0,256.608,13717,False
2022-04-29 00:00:00+00:00,242.33,250.93,224.03,224.83,2864357.0,234.133,18917,False
2022-05-02 00:00:00+00:00,224.39,235.47,219.55,235.28,1877279.0,229.384,12708,False
2022-05-03 00:00:00+00:00,232.42,235.15,221.37,223.54,1122034.0,225.807,6154,False
2022-05-04 00:00:00+00:00,226.7,234.91,211.45,234.7,1631097.0,224.327,12696,False
2022-05-05 00:00:00+00:00,229.25,229.25,210.2,212.71,1306101.0,213.972,10175,False
2022-05-06 00:00:00+00:00,210.14,210.93,193.61,202.26,2207351.0,201.723,13835,False
2022-05-09 00:00:00+00:00,198.08,200.6,180.1,183.35,3171413.0,184.818,21604,False
2022-05-10 00:00:00+00:00,191.79,194.48,174.64,180.98,1258965.0,183.096,8300,False
2022-05-11 00:00:00+00:00,178.12,186.04,166.48,169.28,1725018.0,175.407,12011,False
2022-05-12 00:00:00+00:00,164.57,175.27,161.04,168.24,2650538.0,167.448,17817,False
2022-05-13 00:00:00+00:00,175.56,189.32,173.89,188.9,2355405.0,184.465,17948,False
2022-05-16 00:00:00+00:00,184.39,186.34,170.81,177.0,1955280.0,176.229,13685,False
2022-05-17 00:00:00+00:00,184.93,186.0,166.84,174.43,1861018.0,173.583,12347,False
2022-05-18 00:00:00+00:00,171.8,172.11,159.54,162.49,1680423.0,164.305,13023,False
2022-05-19 00:00:00+00:00,164.07,178.42,162.86,174.75,1951337.0,173.984,14977,False
2022-05-20 00:00:00+00:00,178.6,182.02,169.17,177.4,1312679.0,175.061,9836,False
2022-05-23 00:00:00+00:00,174.04,180.0,171.24,177.7,1073332.0,175.815,7699,False
2022-05-24 00:00:00+00:00,174.08,174.49,161.99,164.17,1399243.0,165.926,10261,False
2022-05-25 00:00:00+00:00,162.12,173.09,161.21,170.75,1100322.0,169.411,7847,False
2022-05-26 00:00:00+00:00,168.19,176.59,166.04,175.18,846214.0,173.813,6294,False
2022-05-27 00:00:00+00:00,178.27,184.92,176.48,184.78,872791.0,181.746,6513,False
2022-05-31 00:00:00+00:00,184.39,186.26,176.12,177.32,803327.0,179.744,6310,False
2022-06-01 00:00:00+00:00,181.3,187.39,176.49,179.25,805871.0,181.166,6021,False
2022-06-02 00:00:00+00:00,178.17,197.49,177.5,196.62,1201776.0,193.486,9532,False
2022-06-03 00:00:00+00:00,191.81,196.12,187.52,190.57,705329.0,190.698,5319,False
2022-06-06 00:00:00+00:00,194.45,196.81,187.95,190.27,534504.0,190.652,4173,False
2022-06-07 00:00:00+00:00,186.34,202.99,185.77,200.85,1047724.0,198.59,8087,False
2022-06-08 00:00:00+00:00,198.77,203.27,198.48,200.8,902139.0,201.068,6883,False
2022-06-09 00:00:00+00:00,197.14,203.4,192.59,196.06,912304.0,198.508,6387,False
2022-06-10 00:00:00+00:00,190.64,191.61,181.32,183.81,872491.0,184.22,6094,False
2022-06-13 00:00:00+00:00,173.97,177.32,165.49,166.29,1340716.0,168.207,9349,False
2022-06-14 00:00:00+00:00,167.17,171.0,164.44,167.68,644627.0,167.728,4678,False
2022-06-15 00:00:00+00:00,170.0,182.97,168.3,179.66,1183726.0,175.828,9205,False
2022-06-16 00:00:00+00:00,171.93,174.9,162.86,165.74,1097601.0,165.712,8759,False
2022-06-17 00:00:00+00:00,167.78,179.46,167.64,178.55,1593732.0,175.575,10012,False
2022-06-21 00:00:00+00:00,181.55,187.49,181.04,183.0,882981.0,184.327,6758,False
2022-06-22 00:00:00+00:00,179.76,190.41,179.0,185.4,955692.0,186.24,6360,False
2022-06-23 00:00:00+00:00,188.57,194.2,183.08,193.26,1175442.0,191.096,9296,False
2022-06-24 00:00:00+00:00,197.31,205.56,196.76,205.32,1381961.0,201.475,8986,False
2022-06-27 00:00:00+00:00,209.79,211.83,200.0,202.21,1271496.0,204.278,9500,False
2022-06-28 00:00:00+00:00,200.41,205.25,190.67,192.6,786696.0,195.363,5816,False
2022-06-29 00:00:00+00:00,191.77,196.15,188.0,192.36,444471.0,191.936,3579,False
2022-06-30 00:00:00+00:00,189.29,190.65,179.84,187.4,909101.0,186.951,6219,False
2022-07-01 00:00:00+00:00,188.39,199.27,186.52,197.51,951043.0,195.802,7649,False
2022-07-05 00:00:00+00:00,194.4,208.56,191.94,208.39,898261.0,203.339,6861,False
2022-07-06 00:00:00+00:00,209.43,212.02,203.77,207.85,1240638.0,207.592,8492,False
2022-07-07 00:00:00+00:00,207.33,214.84,206.78,213.77,803364.0,212.476,5343,False
2022-07-08 00:00:00+00:00,207.04,215.36,205.59,214.08,607455.0,211.836,4259,False
2022-07-11 00:00:00+00:00,213.46,215.16,206.33,211.03,710816.0,211.988,5114,False
2022-07-12 00:00:00+00:00,207.0,207.28,189.32,192.67,1864395.0,194.226,13310,False
2022-07-13 00:00:00+00:00,187.82,200.33,184.87,194.47,693686.0,194.708,4843,False
2022-07-14 00:00:00+00:00,192.42,193.0,183.04,184.98,788190.0,185.653,6162,False
2022-07-15 00:00:00+00:00,185.95,191.52,183.67,188.89,1066158.0,187.145,6296,False
2022-07-18 00:00:00+00:00,194.42,196.89,186.53,187.97,1082196.0,190.25,8700,False
2022-07-19 00:00:00+00:00,191.15,192.13,178.68,191.59,873565.0,186.596,6478,False
2022-07-20 00:00:00+00:00,198.15,215.14,195.15,213.04,1851165.0,210.035,12999,False
2022-07-21 00:00:00+00:00,211.64,216.06,210.09,214.18,685738.0,213.536,5540,False
2022-07-22 00:00:00+00:00,215.67,220.13,200.63,202.27,1215233.0,205.639,8554,False
2022-07-25 00:00:00+00:00,202.2,202.2,193.89,196.05,714723.0,196.654,5723,False
2022-07-26 00:00:00+00:00,194.79,194.8,184.36,187.61,1040382.0,186.022,7122,False
2022-07-27 00:00:00+00:00,194.66,199.93,189.74,197.28,856272.0,194.858,6461,False
2022-07-28 00:00:00+00:00,195.06,205.96,190.92,204.85,994725.0,200.65,7336,False
2022-07-29 00:00:00+00:00,205.54,210.3,203.13,209.32,758791.0,207.513,5701,False
2022-08-01 00:00:00+00:00,207.83,217.6,205.0,210.59,792422.0,211.507,6289,False
2022-08-02 00:00:00+00:00,205.0,216.26,204.67,214.21,819570.0,213.291,5841,False
2022-08-03 00:00:00+00:00,216.93,226.88,216.6,225.14,876315.0,223.96,6609,False
2022-08-04 00:00:00+00:00,222.31,230.88,220.04,230.41,1198196.0,225.874,7797,False
2022-08-05 00:00:00+00:00,245.68,269.49,245.31,268.59,4693435.0,262.714,25711,False
2022-08-08 00:00:00+00:00,265.41,289.12,264.97,279.35,3889563.0,281.999,18962,False
2022-08-09 00:00:00+00:00,274.42,286.88,273.02,278.86,1747740.0,279.711,10509,False
2022-08-10 00:00:00+00:00,287.42,300.29,285.0,286.19,1388694.0,292.002,9774,False
2022-08-11 00:00:00+00:00,291.53,292.24,273.96,275.8,1638372.0,279.024,11372,False
2022-08-12 00:00:00+00:00,278.18,283.87,270.72,283.25,1151891.0,277.991,8720,False
2022-08-15 00:00:00+00:00,282.23,290.63,281.0,288.47,729831.0,286.636,5094,False
2022-08-16 00:00:00+00:00,285.81,290.5,282.88,289.36,643595.0,286.823,4429,False
2022-08-17 00:00:00+00:00,283.0,287.13,280.65,284.26,716254.0,283.863,4748,False
2022-08-18 00:00:00+00:00,283.0,286.28,279.35,283.37,634200.0,282.129,4835,False
2022-08-19 00:00:00+00:00,278.55,278.55,267.44,269.34,976052.0,270.35,7195,False
2022-08-22 00:00:00+00:00,260.91,264.61,254.78,258.47,1666139.0,258.178,11224,False
2022-08-23 00:00:00+00:00,258.41,261.4,254.57,258.28,538044.0,258.22,4246,False
2022-08-24 00:00:00+00:00,260.85,262.79,258.39,258.66,404894.0,260.218,3171,False
2022-08-25 00:00:00+00:00,260.0,266.5,258.6,266.33,630803.0,263.842,4604,False
2022-08-26 00:00:00+00:00,265.68,267.58,256.51,257.05,1138291.0,260.389,6225,False
2022-08-29 00:00:00+00:00,250.02,259.48,249.33,250.96,674703.0,253.647,4537,False
2022-08-30 00:00:00+00:00,251.73,256.0,246.14,251.4,574500.0,249.783,4184,False
2022-08-31 00:00:00+00:00,252.0,257.04,246.85,247.66,565538.0,251.209,3992,False
2022-09-01 00:00:00+00:00,243.02,244.93,230.84,235.43,1607202.0,234.148,9960,False
2022-09-02 00:00:00+00:00,239.16,240.94,229.49,232.42,1256399.0,235.428,7714,False
2022-09-06 00:00:00+00:00,232.56,233.91,227.88,229.67,519949.0,230.688,3721,False
2022-09-07 00:00:00+00:00,231.11,236.93,227.54,235.42,539541.0,233.094,3913,False
2022-09-08 00:00:00+00:00,231.86,241.79,229.87,240.32,410092.0,237.787,3086,False
2022-09-09 00:00:00+00:00,245.38,261.3,245.38,258.93,1384374.0,257.323,9620,False
2022-09-12 00:00:00+00:00,261.0,264.97,259.54,264.79,586740.0,262.463,4274,False
2022-09-13 00:00:00+00:00,247.1,253.67,245.25,248.9,933763.0,250.171,6974,False
2022-09-14 00:00:00+00:00,250.54,255.89,244.27,255.57,407649.0,252.076,3211,False
2022-09-15 00:00:00+00:00,249.68,259.68,248.9,252.89,581094.0,253.844,4777,False
2022-09-16 00:00:00+00:00,247.69,248.2,239.54,242.9,854282.0,243.356,5596,False
2022-09-19 00:00:00+00:00,241.43,243.66,236.91,241.62,704044.0,239.756,5460,False
2022-09-20 00:00:00+00:00,238.62,239.68,233.84,235.19,556057.0,236.374,4335,False
2022-09-21 00:00:00+00:00,237.41,245.64,232.29,232.3,855910.0,237.223,6347,False
2022-09-22 00:00:00+00:00,229.65,232.7,220.64,220.69,778397.0,224.099,5798,False
2022-09-23 00:00:00+00:00,216.5,221.82,214.82,217.56,774617.0,217.094,5316,False
2022-09-26 00:00:00+00:00,216.85,222.6,212.96,213.61,834357.0,216.062,6205,False
2022-09-27 00:00:00+00:00,218.7,222.06,211.32,214.59,750258.0,215.367,5960,False
2022-09-28 00:00:00+00:00,214.08,219.59,211.4,218.14,643894.0,216.472,5179,False
2022-09-29 00:00:00+00:00,212.61,214.21,204.73,212.33,735880.0,210.049,5503,False
2022-09-30 00:00:00+00:00,212.4,221.37,210.34,210.59,782630.0,214.801,6267,False
2022-10-03 00:00:00+00:00,214.52,219.81,210.01,217.33,822806.0,215.894,6954,False
2022-10-04 00:00:00+00:00,226.66,236.56,223.71,236.21,1378494.0,231.515,11456,False
2022-10-05 00:00:00+00:00,230.19,244.66,229.57,242.46,1111041.0,239.066,9161,False
2022-10-06 00:00:00+00:00,244.29,246.15,237.16,238.99,626677.0,240.74,5212,False
2022-10-07 00:00:00+00:00,231.94,233.61,225.3,228.24,694566.0,229.068,5608,False
2022-10-10 00:00:00+00:00,228.23,228.48,218.95,220.27,598283.0,222.553,4808,False
2022-10-11 00:00:00+00:00,216.85,218.56,205.56,207.64,1000089.0,209.411,7116,False
2022-10-12 00:00:00+00:00,207.82,208.45,197.43,203.37,1143871.0,202.807,8368,False
2022-10-13 00:00:00+00:00,191.79,203.44,184.47,202.2,1410676.0,194.926,10553,False
2022-10-14 00:00:00+00:00,207.02,207.5,188.59,189.0,1059347.0,194.027,8146,False
2022-10-17 00:00:00+00:00,196.93,207.18,193.84,204.67,1024439.0,204.288,7318,False
2022-10-18 00:00:00+00:00,211.78,214.0,199.75,201.44,1368594.0,204.538,10524,False
2022-10-19 00:00:00+00:00,197.01,198.24,186.56,187.73,1503190.0,190.63,11564,False
2022-10-20 00:00:00+00:00,189.47,200.7,187.68,192.62,1017990.0,194.643,7203,False
2022-10-21 00:00:00+00:00,190.13,194.8,186.28,194.1,1011322.0,192.59,7405,False
2022-10-24 00:00:00+00:00,193.47,195.03,188.04,194.85,1045637.0,192.995,8839,False
2022-10-25 00:00:00+00:00,197.49,206.14,197.37,206.04,1259399.0,202.919,9780,False
2022-10-26 00:00:00+00:00,196.26,209.19,194.62,195.22,931104.0,200.01,7244,False
2022-10-27 00:00:00+00:00,202.11,205.76,197.31,198.0,1127335.0,200.351,7245,False
2022-10-28 00:00:00+00:00,194.99,201.18,189.67,200.82,985191.0,196.738,7017,False
2022-10-31 00:00:00+00:00,197.84,206.24,197.2,202.73,968365.0,202.858,7055,False
2022-11-01 00:00:00+00:00,209.87,211.99,191.26,191.74,874506.0,196.61,5880,False
2022-11-02 00:00:00+00:00,191.87,192.0,171.14,172.4,2383498.0,178.068,15927,False
2022-11-03 00:00:00+00:00,170.26,178.77,168.48,174.17,1965591.0,173.991,12553,False
2022-11-04 00:00:00+00:00,131.0,133.0,115.06,123.73,10993540.0,122.893,58405,False
2022-11-07 00:00:00+00:00,122.89,123.23,114.11,119.23,5253388.0,117.443,30481,False
2022-11-08 00:00:00+00:00,120.18,128.9,117.21,122.72,2630986.0,123.854,16915,False
2022-11-09 00:00:00+00:00,121.61,126.48,119.38,122.29,1961139.0,121.744,13696,False
2022-11-10 00:00:00+00:00,131.29,144.92,131.2,140.85,3207377.0,140.934,20707,False
2022-11-11 00:00:00+00:00,138.73,148.15,137.81,142.37,1739118.0,143.893,12110,False
2022-11-14 00:00:00+00:00,139.76,139.76,129.22,134.96,1541290.0,135.682,9948,False
2022-11-15 00:00:00+00:00,140.48,146.71,139.88,141.18,1624487.0,142.919,11095,False
2022-11-16 00:00:00+00:00,138.44,139.72,128.96,129.27,1835813.0,131.741,10889,False
2022-11-17 00:00:00+00:00,124.7,128.5,121.46,121.69,2023015.0,124.536,13993,False
2022-11-18 00:00:00+00:00,124.85,125.0,117.8,118.76,2226234.0,119.527,15730,False
2022-11-21 00:00:00+00:00,116.66,117.78,113.85,117.56,1649310.0,115.659,11183,False
2022-11-22 00:00:00+00:00,117.55,118.76,114.6,116.34,1587475.0,116.353,10285,False
2022-11-23 00:00:00+00:00,117.02,125.0,115.24,124.5,1850725.0,121.707,11021,False
2022-11-25 00:00:00+00:00,122.49,124.76,121.42,124.13,621418.0,123.568,4770,False
2022-11-28 00:00:00+00:00,123.31,127.55,122.81,126.45,1656718.0,126.265,11473,False
2022-11-29 00:00:00+00:00,126.42,127.68,121.37,122.01,1582222.0,123.413,10101,False
2022-11-30 00:00:00+00:00,120.2,132.19,119.45,131.55,2026229.0,127.504,13426,False
2022-12-01 00:00:00+00:00,132.07,140.59,131.55,140.06,1949581.0,137.487,13104,False
2022-12-02 00:00:00+00:00,136.9,142.82,132.75,141.0,2487358.0,139.907,17438,False
2022-12-05 00:00:00+00:00,140.2,142.13,131.58,133.61,1757392.0,135.387,13160,False
2022-12-06 00:00:00+00:00,134.94,134.94,123.23,124.96,2337701.0,126.189,14680,False
2022-12-07 00:00:00+00:00,125.13,126.89,122.21,125.46,1678863.0,124.874,12848,False
2022-12-08 00:00:00+00:00,130.61,138.41,128.31,135.71,3243452.0,134.836,24313,False
2022-12-09 00:00:00+00:00,134.21,140.43,134.21,137.33,2517602.0,138.305,18113,False
2022-12-12 00:00:00+00:00,136.25,149.07,136.18,143.79,2953095.0,144.354,20254,False
2022-12-13 00:00:00+00:00,155.05,157.73,141.23,143.91,3484719.0,146.456,21723,False
2022-12-14 00:00:00+00:00,143.6,153.15,143.4,149.85,3155955.0,148.915,18709,False
2022-12-15 00:00:00+00:00,145.01,149.52,142.39,146.23,2967351.0,145.671,20484,False
2022-12-16 00:00:00+00:00,145.3,148.96,143.78,147.26,3930867.0,146.482,23388,False
2022-12-19 00:00:00+00:00,145.51,145.87,136.45,139.17,2940804.0,139.567,19948,False
2022-12-20 00:00:00+00:00,136.56,139.67,133.4,138.02,2535224.0,137.029,17387,False
2022-12-21 00:00:00+00:00,137.79,140.77,133.38,139.62,1704501.0,138.635,11907,False
2022-12-22 00:00:00+00:00,136.66,137.31,124.52,127.26,3124337.0,128.03,22207,False
2022-12-23 00:00:00+00:00,125.26,127.45,122.21,127.22,1303309.0,125.125,8882,False
2022-12-27 00:00:00+00:00,125.25,126.45,122.16,124.83,915240.0,124.577,6060,False
2022-12-28 00:00:00+00:00,124.83,126.49,121.2,123.3,704516.0,123.217,4781,False
2022-12-29 00:00:00+00:00,125.18,130.23,124.1,129.68,986758.0,129.015,6179,False
2022-12-30 00:00:00+00:00,127.15,129.67,126.23,128.68,787349.0,127.991,5602,False
2023-01-03 00:00:00+00:00,131.95,132.71,119.84,126.5,1932994.0,124.7,13554,False
2023-01-04 00:00:00+00:00,128.0,128.2,123.22,126.4,1362227.0,126.239,9401,False
2023-01-05 00:00:00+00:00,124.5,125.35,119.82,119.97,1660902.0,122.394,11640,False
2023-01-06 00:00:00+00:00,120.68,124.2,116.4,121.28,1840281.0,121.111,11210,False
2023-01-09 00:00:00+00:00,123.95,127.72,121.86,127.17,2678235.0,125.907,18095,False
2023-01-10 00:00:00+00:00,126.26,132.56,125.22,132.16,1637700.0,129.303,11901,False
2023-01-11 00:00:00+00:00,136.9,145.55,135.8,141.78,2776653.0,142.098,18201,False
2023-01-12 00:00:00+00:00,141.07,147.34,139.07,146.48,1655849.0,143.812,12082,False
2023-01-13 00:00:00+00:00,143.9,148.83,143.0,148.0,1052671.0,146.963,7303,False
2023-01-17 00:00:00+00:00,147.5,154.36,144.26,152.91,1207129.0,151.036,8339,False
2023-01-18 00:00:00+00:00,155.26,157.63,147.27,148.73,1079208.0,151.647,7532,False
2023-01-19 00:00:00+00:00,147.35,150.91,145.83,148.89,1017803.0,147.976,7019,False
2023-01-20 00:00:00+00:00,149.44,160.0,148.9,157.75,1841955.0,156.336,12671,False
2023-01-23 00:00:00+00:00,155.86,156.0,150.06,154.58,3236076.0,153.961,22017,False
2023-01-24 00:00:00+00:00,152.34,153.04,147.04,151.7,1420677.0,150.727,10614,False
2023-01-25 00:00:00+00:00,146.92,153.76,140.92,151.93,1838405.0,147.875,13376,False
2023-01-26 00:00:00+00:00,154.59,158.82,152.4,158.38,1270549.0,156.417,8487,False
2023-01-27 00:00:00+00:00,157.4,165.06,155.5,164.25,1940687.0,161.994,11491,False
2023-01-30 00:00:00+00:00,160.85,162.91,154.34,156.94,1694599.0,158.415,10800,False
2023-01-31 00:00:00+00:00,158.65,161.69,157.04,161.62,1028931.0,159.832,8071,False
2023-02-01 00:00:00+00:00,161.85,170.96,159.8,170.31,1265506.0,166.156,9329,False
2023-02-02 00:00:00+00:00,179.65,183.43,175.95,182.41,3326063.0,179.866,20744,False
2023-02-03 00:00:00+00:00,159.27,172.88,158.41,169.3,5302216.0,167.606,32171,False
2023-02-06 00:00:00+00:00,165.4,178.71,165.06,172.37,1896786.0,173.823,12023,False
2023-02-07 00:00:00+00:00,170.94,182.18,168.24,181.16,1883317.0,175.63,12479,False
2023-02-08 00:00:00+00:00,179.57,181.36,174.68,175.65,996458.0,176.961,6878,False
2023-02-09 00:00:00+00:00,179.0,180.7,170.41,171.15,1335515.0,174.537,9835,False
2023-02-10 00:00:00+00:00,169.63,176.6,169.6,172.23,1573337.0,172.113,11604,False
2023-02-13 00:00:00+00:00,172.79,177.85,170.13,175.56,945102.0,175.366,7253,False
2023-02-14 00:00:00+00:00,172.28,183.8,172.18,181.87,1087226.0,180.265,7881,False
2023-02-15 00:00:00+00:00,181.0,188.57,179.23,187.36,1175097.0,184.963,8515,False
2023-02-16 00:00:00+00:00,178.43,182.8,174.32,174.66,1694355.0,178.497,12780,False
2023-02-17 00:00:00+00:00,174.39,174.39,167.14,168.56,1425658.0,169.093,10846,False
2023-02-21 00:00:00+00:00,164.42,167.43,163.62,165.15,1228559.0,164.934,9538,False
2023-02-22 00:00:00+00:00,166.03,171.81,166.03,169.49,996893.0,169.33,7811,False
2023-02-23 00:00:00+00:00,171.12,172.83,167.74,170.63,1106048.0,169.876,7900,False
2023-02-24 00:00:00+00:00,164.29,166.31,160.11,162.55,1258257.0,162.692,9207,False
2023-02-27 00:00:00+00:00,164.59,168.21,162.16,164.62,921376.0,165.578,7005,False
2023-02-28 00:00:00+00:00,164.47,166.56,162.46,164.33,1791724.0,164.239,12915,False
2023-03-01 00:00:00+00:00,165.06,169.12,162.14,162.19,935703.0,164.394,6915,False
2023-03-02 00:00:00+00:00,162.43,167.0,159.66,166.11,950524.0,163.972,7002,False
2023-03-03 00:00:00+00:00,166.61,178.11,166.21,177.53,975392.0,174.614,7061,False
2023-03-06 00:00:00+00:00,178.4,181.89,175.7,176.15,932588.0,178.739,6300,False
2023-03-07 00:00:00+00:00,176.83,182.72,175.32,176.48,1301835.0,178.09,8944,False
2023-03-08 00:00:00+00:00,176.63,178.64,174.39,177.9,544121.0,177.038,4441,False
2023-03-09 00:00:00+00:00,177.16,180.15,169.32,169.99,883743.0,174.48,6345,False
2023-03-10 00:00:00+00:00,169.42,169.69,155.34,155.78,1466155.0,159.784,10465,False
2023-03-13 00:00:00+00:00,154.19,162.33,149.57,158.32,1248778.0,156.747,9548,False
2023-03-14 00:00:00+00:00,154.99,160.18,148.55,159.98,1655384.0,155.876,11717,False
2023-03-15 00:00:00+00:00,157.08,159.58,155.54,158.0,1472617.0,157.572,8300,False
2023-03-16 00:00:00+00:00,157.79,161.49,152.28,157.35,1593944.0,157.595,10583,False
2023-03-17 00:00:00+00:00,157.04,158.86,153.04,158.25,1477740.0,156.772,10357,False
2023-03-20 00:00:00+00:00,157.04,157.45,148.47,148.9,1395451.0,150.983,9614,False
2023-03-21 00:00:00+00:00,149.4,155.62,148.37,154.3,1378234.0,152.548,10279,False
2023-03-22 00:00:00+00:00,154.26,157.58,148.86,149.03,832496.0,152.841,6018,False
2023-03-23 00:00:00+00:00,152.5,155.84,149.91,153.29,891132.0,152.522,7367,False
2023-03-24 00:00:00+00:00,152.99,153.1,146.42,152.72,851772.0,150.883,6365,False
2023-03-27 00:00:00+00:00,153.75,156.26,152.09,154.99,862638.0,154.341,6385,False
2023-03-28 00:00:00+00:00,155.01,156.74,153.66,155.26,531910.0,154.886,4090,False
2023-03-29 00:00:00+00:00,158.0,158.98,155.65,158.89,643897.0,157.444,5011,False
2023-03-30 00:00:00+00:00,161.52,162.12,158.9,160.59,515684.0,160.622,4084,False
2023-03-31 00:00:00+00:00,161.76,171.84,160.46,171.17,829029.0,169.185,6330,False
2023-04-03 00:00:00+00:00,169.32,170.67,161.79,163.92,708351.0,164.642,5579,False
2023-04-04 00:00:00+00:00,164.89,169.5,164.22,166.49,608888.0,166.648,4784,False
2023-04-05 00:00:00+00:00,165.37,165.56,156.59,156.99,859228.0,158.299,6222,False
2023-04-06 00:00:00+00:00,155.46,158.72,148.68,158.54,886492.0,155.078,6598,False
2023-04-10 00:00:00+00:00,155.92,159.25,147.96,158.92,1133292.0,154.987,7303,False
2023-04-11 00:00:00+00:00,156.71,164.94,156.71,162.88,1254108.0,161.572,8637,False
2023-04-12 00:00:00+00:00,167.75,168.21,158.32,158.55,1267990.0,163.166,8906,False
2023-04-13 00:00:00+00:00,160.19,168.57,159.08,168.09,890940.0,165.9,7065,False
2023-04-14 00:00:00+00:00,165.76,167.86,159.65,165.53,733771.0,164.301,5130,False
2023-04-17 00:00:00+00:00,166.69,167.74,161.44,166.42,722832.0,165.26,5319,False
2023-04-18 00:00:00+00:00,169.0,170.2,161.45,162.32,757215.0,163.708,5822,False
2023-04-19 00:00:00+00:00,159.7,164.4,159.63,162.77,753106.0,162.766,5289,False
2023-04-20 00:00:00+00:00,159.7,162.24,156.81,157.25,726448.0,158.598,5224,False
2023-04-21 00:00:00+00:00,158.25,159.11,155.16,158.55,607522.0,157.592,4766,False
2023-04-24 00:00:00+00:00,157.85,158.46,154.19,154.81,526869.0,155.334,4046,False
2023-04-25 00:00:00+00:00,152.69,153.1,142.86,143.06,1323919.0,146.199,9570,False
2023-04-26 00:00:00+00:00,145.63,152.99,145.41,151.74,1040585.0,150.579,7822,False
2023-04-27 00:00:00+00:00,154.24,156.43,152.03,153.77,726327.0,154.21,5625,False
2023-04-28 00:00:00+00:00,150.75,150.75,146.0,147.66,1094953.0,148.001,8472,False
2023-05-01 00:00:00+00:00,146.41,150.62,142.29,149.55,888534.0,148.637,6383,False
2023-05-02 00:00:00+00:00,150.47,150.61,146.35,147.16,580584.0,147.998,4568,False
2023-05-03 00:00:00+00:00,147.16,148.44,144.72,145.14,1055554.0,146.106,7801,False
2023-05-04 00:00:00+00:00,146.99,151.51,145.88,150.05,1970656.0,149.836,13066,False
2023-05-05 00:00:00+00:00,134.5,138.45,130.07,135.73,4755177.0,134.187,27384,False
2023-05-08 00:00:00+00:00,135.94,139.34,129.54,130.01,3208672.0,131.247,20048,False
2023-05-09 00:00:00+00:00,128.95,134.4,128.02,133.15,1905680.0,132.443,12478,False
2023-05-10 00:00:00+00:00,134.93,138.63,133.74,137.42,1720327.0,136.868,10984,False
2023-05-11 00:00:00+00:00,137.0,137.22,135.05,135.68,1050751.0,136.286,7511,False
2023-05-12 00:00:00+00:00,135.4,135.94,132.32,135.02,958421.0,134.105,7310,False
2023-05-15 00:00:00+00:00,135.21,146.04,134.88,145.36,1691984.0,142.959,12691,False
2023-05-16 00:00:00+00:00,144.16,144.35,138.8,139.22,1032383.0,141.368,7967,False
2023-05-17 00:00:00+00:00,139.63,144.75,137.12,144.04,869817.0,141.421,6680,False
2023-05-18 00:00:00+00:00,143.95,148.93,143.87,148.08,1062002.0,147.102,7648,False
2023-05-19 00:00:00+00:00,147.33,147.67,144.59,146.99,949503.0,146.061,6770,False
2023-05-22 00:00:00+00:00,146.22,161.18,145.2,158.38,2056601.0,157.39,14350,False
2023-05-23 00:00:00+00:00,157.49,163.55,157.13,159.41,1396090.0,160.59,10093,False
2023-05-24 00:00:00+00:00,156.99,162.38,156.05,160.64,919291.0,160.724,6420,False
2023-05-25 00:00:00+00:00,162.6,165.71,158.58,158.88,1168611.0,160.685,7855,False
2023-05-26 00:00:00+00:00,160.0,170.0,159.55,166.15,1238890.0,166.679,8732,False
2023-05-30 00:00:00+00:00,166.6,169.63,164.74,168.85,743731.0,167.976,5676,False
2023-05-31 00:00:00+00:00,166.99,182.81,166.99,180.79,1855886.0,176.816,13185,False
2023-06-01 00:00:00+00:00,174.17,181.46,171.01,177.26,1486478.0,177.805,11085,False
2023-06-02 00:00:00+00:00,181.64,186.82,179.34,183.9,1342849.0,183.407,10019,False
2023-06-05 00:00:00+00:00,183.51,183.72,178.6,183.27,794552.0,181.777,5864,False
2023-06-06 00:00:00+00:00,184.43,192.45,182.61,184.0,1395837.0,187.648,9447,False
2023-06-07 00:00:00+00:00,185.03,186.04,170.98,171.34,1881205.0,176.559,12984,False
2023-06-08 00:00:00+00:00,170.16,171.62,163.46,170.39,1708499.0,168.212,11439,False
2023-06-09 00:00:00+00:00,170.99,174.07,168.85,171.99,1664450.0,171.771,8331,False
2023-06-12 00:00:00+00:00,172.91,176.39,171.63,175.84,1123686.0,174.274,7653,False
2023-06-13 00:00:00+00:00,181.19,182.84,176.66,181.69,1442199.0,179.858,8146,False
2023-06-14 00:00:00+00:00,181.31,183.59,178.29,181.23,792380.0,180.943,6107,False
2023-06-15 00:00:00+00:00,178.9,183.9,177.3,182.19,725902.0,181.386,5739,False
2023-06-16 00:00:00+00:00,183.41,183.41,175.7,177.8,738063.0,179.161,4701,False
2023-06-20 00:00:00+00:00,176.51,179.46,174.71,175.83,660723.0,176.453,5005,False
2023-06-21 00:00:00+00:00,175.12,176.39,168.0,168.38,903361.0,169.819,6883,False
2023-06-22 00:00:00+00:00,167.3,170.61,164.91,169.91,579071.0,168.867,4643,False
2023-06-23 00:00:00+00:00,165.96,166.75,161.9,162.41,1097320.0,163.93,7916,False
2023-06-26 00:00:00+00:00,161.76,165.67,158.43,158.54,637628.0,160.948,5170,False
2023-06-27 00:00:00+00:00,160.0,163.38,156.44,161.88,776100.0,160.556,6222,False
2023-06-28 00:00:00+00:00,161.55,169.44,160.2,166.89,1157379.0,165.901,8056,False
2023-06-29 00:00:00+00:00,165.37,165.95,160.51,161.64,731236.0,162.308,5529,False
2023-06-30 00:00:00+00:00,163.85,168.71,163.43,167.81,713874.0,166.74,5555,False
2023-07-03 00:00:00+00:00,168.17,170.78,165.43,167.59,293212.0,167.493,2215,False
2023-07-05 00:00:00+00:00,166.71,173.61,164.97,172.76,1010548.0,171.177,8109,False
2023-07-06 00:00:00+00:00,168.19,168.45,162.59,165.84,737420.0,165.453,5682,False
2023-07-07 00:00:00+00:00,165.57,173.43,165.57,169.45,614095.0,170.459,4928,False
2023-07-10 00:00:00+00:00,168.13,173.89,165.63,173.49,578046.0,171.686,4457,False
2023-07-11 00:00:00+00:00,174.82,176.32,170.47,174.52,463371.0,173.888,3833,False
2023-07-12 00:00:00+00:00,175.58,176.41,171.29,175.34,926083.0,174.234,7250,False
2023-07-13 00:00:00+00:00,176.99,180.14,173.91,177.96,735972.0,177.601,5623,False
2023-07-14 00:00:00+00:00,178.57,191.49,178.48,178.97,1765120.0,183.503,13873,False
2023-07-17 00:00:00+00:00,179.76,184.52,174.22,180.43,894319.0,180.654,6930,False
2023-07-18 00:00:00+00:00,180.85,188.81,180.28,187.45,699098.0,186.061,5616,False
2023-07-19 00:00:00+00:00,189.2,195.99,186.69,188.58,1238804.0,190.373,9613,False
2023-07-20 00:00:00+00:00,185.94,186.01,174.23,175.64,1431926.0,178.119,11853,False
2023-07-21 00:00:00+00:00,176.98,178.94,173.22,174.42,1301609.0,175.471,10403,False
2023-07-24 00:00:00+00:00,176.74,177.37,171.53,173.09,808890.0,173.749,6360,False
2023-07-25 00:00:00+00:00,173.44,180.49,173.44,177.93,658508.0,177.215,5383,False
2023-07-26 00:00:00+00:00,174.99,179.01,172.28,176.65,640586.0,176.612,4990,False
2023-07-27 00:00:00+00:00,181.22,181.65,169.83,170.56,786054.0,174.284,6300,False
2023-07-28 00:00:00+00:00,173.68,175.54,169.08,174.21,1024644.0,172.723,7581,False
2023-07-31 00:00:00+00:00,174.89,183.5,174.76,181.94,901847.0,181.18,7715,False
2023-08-01 00:00:00+00:00,178.88,183.86,175.69,181.65,573972.0,181.202,4582,False
2023-08-02 00:00:00+00:00,177.0,177.0,168.01,169.7,1082844.0,170.949,8301,False
2023-08-03 00:00:00+00:00,168.15,170.77,166.99,169.65,1248019.0,169.322,9067,False
2023-08-04 00:00:00+00:00,210.91,211.65,197.11,198.84,3514914.0,200.663,25147,False
2023-08-07 00:00:00+00:00,197.4,198.0,188.76,193.52,1410689.0,191.754,9841,False
2023-08-08 00:00:00+00:00,189.02,197.91,188.26,196.13,1035189.0,193.612,8397,False
2023-08-09 00:00:00+00:00,196.0,197.0,191.28,192.34,779633.0,193.493,6139,False
2023-08-10 00:00:00+00:00,194.2,202.64,193.38,197.47,908349.0,198.374,6236,False
2023-08-11 00:00:00+00:00,195.66,200.27,195.13,197.66,476612.0,198.026,3828,False
2023-08-14 00:00:00+00:00,195.2,202.78,194.74,199.87,661803.0,199.989,5282,False
2023-08-15 00:00:00+00:00,197.31,199.39,192.06,193.13,783063.0,194.644,6183,False
2023-08-16 00:00:00+00:00,191.34,194.76,186.84,186.97,679176.0,189.863,4862,False
2023-08-17 00:00:00+00:00,186.97,187.0,181.85,185.34,746083.0,184.757,5909,False
2023-08-18 00:00:00+00:00,182.05,187.68,179.59,186.3,453610.0,185.054,3389,False
2023-08-21 00:00:00+00:00,187.29,187.49,182.59,184.15,883606.0,184.634,6454,False
2023-08-22 00:00:00+00:00,184.72,191.08,184.03,190.04,566049.0,188.931,4476,False
2023-08-23 00:00:00+00:00,190.29,194.63,189.53,191.69,707505.0,192.2,5117,False
2023-08-24 00:00:00+00:00,193.34,193.34,183.69,184.02,586930.0,186.693,4730,False
2023-08-25 00:00:00+00:00,184.01,191.6,183.78,191.02,503399.0,188.415,4014,False
2023-08-28 00:00:00+00:00,191.61,193.96,189.83,191.4,336939.0,191.901,2562,False
2023-08-29 00:00:00+00:00,191.16,199.81,189.69,198.9,588943.0,197.247,4571,False
2023-08-30 00:00:00+00:00,198.78,202.84,197.3,202.26,462941.0,201.122,3468,False
2023-08-31 00:00:00+00:00,202.0,206.22,201.7,204.06,445318.0,204.478,3325,False
2023-09-01 00:00:00+00:00,203.41,207.42,202.39,204.45,376547.0,204.594,2792,False
2023-09-05 00:00:00+00:00,203.57,207.11,199.9,205.91,470844.0,204.846,3670,False
2023-09-06 00:00:00+00:00,205.0,208.5,203.79,206.4,410786.0,205.912,3204,False
2023-09-07 00:00:00+00:00,200.0,209.32,200.0,206.92,546694.0,206.361,3627,False
2023-09-08 00:00:00+00:00,207.3,208.15,204.06,206.6,443005.0,206.262,3589,False
2023-09-11 00:00:00+00:00,209.44,215.14,208.17,214.03,730828.0,212.395,5670,False
2023-09-12 00:00:00+00:00,211.31,215.77,210.32,211.22,440242.0,212.569,3284,False
2023-09-13 00:00:00+00:00,210.55,212.99,208.25,208.89,287356.0,209.715,2318,False
2023-09-14 00:00:00+00:00,209.87,210.35,206.06,209.4,297111.0,208.447,2313,False
2023-09-15 00:00:00+00:00,208.27,208.44,200.54,203.03,873647.0,203.47,5799,False
2023-09-18 00:00:00+00:00,202.01,208.6,202.01,204.88,597305.0,206.034,4147,False
2023-09-19 00:00:00+00:00,204.62,205.95,199.86,205.36,345802.0,203.906,2681,False
2023-09-20 00:00:00+00:00,207.11,208.92,200.54,200.82,364446.0,203.801,2888,False
2023-09-21 00:00:00+00:00,196.34,197.85,189.3,189.95,874116.0,191.581,6620,False
2023-09-22 00:00:00+00:00,190.48,197.59,190.48,195.46,557062.0,195.336,4282,False
2023-09-25 00:00:00+00:00,194.13,197.05,193.32,196.46,367790.0,195.669,2560,False
2023-09-26 00:00:00+00:00,194.65,196.78,189.74,191.4,454549.0,191.771,3777,False
2023-09-27 00:00:00+00:00,192.92,200.65,192.92,197.52,602741.0,197.077,4624,False
2023-09-28 00:00:00+00:00,194.97,200.52,192.6,196.94,502791.0,196.175,3977,False
2023-09-29 00:00:00+00:00,199.6,203.87,199.21,201.51,435670.0,201.931,3408,False
2023-10-02 00:00:00+00:00,201.8,201.82,195.81,197.46,645166.0,197.778,4643,False
2023-10-03 00:00:00+00:00,193.49,198.34,189.42,190.62,539105.0,192.463,4441,False
2023-10-04 00:00:00+00:00,192.32,194.21,189.46,189.84,606040.0,190.913,5091,False
2023-10-05 00:00:00+00:00,189.82,191.24,184.23,187.85,786419.0,186.589,6590,False
2023-10-06 00:00:00+00:00,184.38,201.8,184.38,199.21,838578.0,197.59,5345,False
2023-10-09 00:00:00+00:00,197.65,202.63,196.51,202.58,360463.0,200.726,3078,False
2023-10-10 00:00:00+00:00,202.58,208.86,202.42,206.0,537536.0,206.323,4500,False
2023-10-11 00:00:00+00:00,207.85,208.43,198.74,199.45,803139.0,201.17,6128,False
2023-10-12 00:00:00+00:00,192.71,193.29,184.97,186.4,1881665.0,189.071,13887,False
2023-10-13 00:00:00+00:00,186.56,190.5,186.22,188.31,1482560.0,188.417,7516,False
2023-10-16 00:00:00+00:00,188.7,199.5,188.68,196.27,982238.0,196.244,7691,False
2023-10-17 00:00:00+00:00,193.3,201.56,192.69,197.79,810677.0,198.592,5921,False
2023-10-18 00:00:00+00:00,197.55,198.93,191.8,194.01,628933.0,194.185,4569,False
2023-10-19 00:00:00+00:00,196.58,200.58,191.41,192.4,601963.0,195.757,4530,False
2023-10-20 00:00:00+00:00,191.18,191.19,181.82,187.07,1006991.0,185.397,7213,False
2023-10-23 00:00:00+00:00,184.42,188.66,181.36,185.96,546215.0,185.916,4397,False
2023-10-24 00:00:00+00:00,188.74,190.83,185.99,190.6,353876.0,189.18,2609,False
2023-10-25 00:00:00+00:00,186.86,187.53,177.1,178.59,634589.0,180.522,4777,False
2023-10-26 00:00:00+00:00,179.61,181.66,174.26,176.02,660098.0,176.874,5095,False
2023-10-27 00:00:00+00:00,178.78,179.97,174.01,176.46,406173.0,177.113,3353,False
2023-10-30 00:00:00+00:00,178.85,179.64,173.58,177.99,513496.0,177.214,3738,False
2023-10-31 00:00:00+00:00,177.72,182.29,175.68,180.64,574443.0,180.487,4521,False
2023-11-01 00:00:00+00:00,180.7,181.55,175.35,177.85,962524.0,177.975,7005,False
2023-11-02 00:00:00+00:00,183.08,183.59,179.1,181.4,1830465.0,181.562,13970,False
2023-11-03 00:00:00+00:00,168.24,180.74,165.51,176.9,2529670.0,173.536,17077,False
2023-11-06 00:00:00+00:00,177.74,178.3,170.26,173.55,751932.0,172.8,5608,False
2023-11-07 00:00:00+00:00,176.65,182.78,173.29,178.93,828006.0,179.508,6137,False
2023-11-08 00:00:00+00:00,179.18,179.18,172.33,174.48,657977.0,174.416,4967,False
2023-11-09 00:00:00+00:00,174.99,175.86,169.84,170.84,734577.0,172.255,5974,False
2023-11-10 00:00:00+00:00,171.55,176.94,169.09,176.29,591704.0,174.378,4373,False
2023-11-13 00:00:00+00:00,174.19,176.64,173.5,175.04,577182.0,174.877,4619,False
2023-11-14 00:00:00+00:00,180.66,186.67,180.0,186.2,906219.0,184.604,6881,False
2023-11-15 00:00:00+00:00,186.43,191.37,185.36,187.32,860821.0,189.072,6285,False
2023-11-16 00:00:00+00:00,186.29,187.75,183.06,186.5,597527.0,185.61,4438,False
2023-11-17 00:00:00+00:00,185.82,186.49,182.57,184.99,474912.0,185.155,3540,False
2023-11-20 00:00:00+00:00,185.5,190.42,184.51,186.1,760376.0,186.139,6047,False
2023-11-21 00:00:00+00:00,183.61,186.6,181.88,185.07,521181.0,184.005,3662,False
2023-11-22 00:00:00+00:00,185.63,186.0,180.36,180.55,527918.0,182.353,4041,False
2023-11-24 00:00:00+00:00,179.74,181.9,178.63,181.59,229823.0,180.861,1758,False
2023-11-27 00:00:00+00:00,180.53,183.93,180.06,180.32,518776.0,181.715,4114,False
2023-11-28 00:00:00+00:00,179.5,189.88,179.45,188.41,1104283.0,187.064,8545,False
2023-11-29 00:00:00+00:00,190.29,199.36,189.48,195.55,1152312.0,196.519,8652,False
2023-11-30 00:00:00+00:00,196.79,200.33,188.88,190.95,747693.0,191.829,5609,False
2023-12-01 00:00:00+00:00,190.54,195.57,189.18,195.11,534756.0,193.988,4025,False
2023-12-04 00:00:00+00:00,193.39,194.93,187.79,194.43,840226.0,192.155,6623,False
2023-12-05 00:00:00+00:00,194.54,194.61,188.84,190.7,748605.0,190.726,6100,False
2023-12-06 00:00:00+00:00,191.66,192.68,188.17,188.72,663179.0,189.693,5334,False
2023-12-07 00:00:00+00:00,188.82,190.03,186.21,187.85,438804.0,187.857,2170,False
2023-12-08 00:00:00+00:00,185.75,193.39,184.5,192.36,542059.0,191.148,4014,False
2023-12-11 00:00:00+00:00,193.43,199.15,193.02,198.59,872196.0,197.246,6017,False
2023-12-12 00:00:00+00:00,199.01,202.03,195.19,202.0,689780.0,199.348,4148,False
2023-12-13 00:00:00+00:00,203.53,217.7,202.79,215.14,1570141.0,210.713,11631,False
2023-12-14 00:00:00+00:00,219.59,225.31,217.52,221.92,1663555.0,221.885,11149,False
2023-12-15 00:00:00+00:00,224.29,231.16,223.35,229.56,1605760.0,228.055,10392,False
2023-12-18 00:00:00+00:00,228.64,231.6,227.25,228.56,730892.0,229.322,5282,False
2023-12-19 00:00:00+00:00,229.3,235.0,229.16,233.07,615102.0,233.301,4517,False
2023-12-20 00:00:00+00:00,233.07,238.9,230.09,237.6,1684925.0,237.11,11307,False
2023-12-21 00:00:00+00:00,240.0,245.33,238.2,245.03,1068784.0,242.305,7632,False
2023-12-22 00:00:00+00:00,247.07,248.0,238.65,240.8,1098646.0,241.434,7047,False
2023-12-26 00:00:00+00:00,243.12,247.84,241.63,245.05,513651.0,245.019,3845,False
2023-12-27 00:00:00+00:00,245.95,247.65,242.44,243.06,562896.0,243.715,4421,False
2023-12-28 00:00:00+00:00,242.62,242.97,240.23,241.22,349455.0,241.361,3009,False
2023-12-29 00:00:00+00:00,240.85,242.7,237.08,237.86,372598.0,238.745,3159,False
2024-01-02 00:00:00+00:00,235.01,235.19,225.3,226.67,970313.0,227.541,7365,False
2024-01-03 00:00:00+00:00,222.66,223.33,219.31,220.05,635225.0,220.747,4632,False
2024-01-04 00:00:00+00:00,220.29,224.37,218.85,222.82,685292.0,221.789,5083,False
2024-01-05 00:00:00+00:00,221.68,230.67,221.68,226.1,620097.0,227.44,5031,False
2024-01-08 00:00:00+00:00,227.93,236.57,227.87,235.59,534435.0,234.051,3870,False
2024-01-09 00:00:00+00:00,231.61,238.62,231.58,235.3,391799.0,235.968,3000,False
2024-01-10 00:00:00+00:00,236.36,244.82,235.5,244.21,728517.0,242.741,5450,False
2024-01-11 00:00:00+00:00,245.25,249.08,240.39,242.16,704664.0,243.443,5323,False
2024-01-12 00:00:00+00:00,243.43,243.43,235.88,237.0,682862.0,237.863,5362,False
2024-01-16 00:00:00+00:00,237.89,244.02,233.24,240.56,713133.0,240.143,4916,False
2024-01-17 00:00:00+00:00,237.7,238.53,231.92,236.97,824189.0,235.933,4751,False
2024-01-18 00:00:00+00:00,240.28,241.92,236.5,239.42,517462.0,238.941,3806,False
2024-01-19 00:00:00+00:00,240.55,243.48,238.0,242.96,499313.0,240.638,3000,False
2024-01-22 00:00:00+00:00,249.0,253.83,244.57,245.59,1364005.0,248.388,8642,False
2024-01-23 00:00:00+00:00,248.12,248.88,243.83,248.45,854652.0,246.502,6479,False
2024-01-24 00:00:00+00:00,254.09,254.09,242.66,243.08,759861.0,246.115,6143,False
2024-01-25 00:00:00+00:00,246.73,247.08,240.2,244.35,842575.0,243.846,5906,False
2024-01-26 00:00:00+00:00,242.32,249.5,241.14,247.79,744467.0,247.36,5118,False
2024-01-29 00:00:00+00:00,246.63,257.15,246.63,255.67,1093205.0,253.401,7263,False
2024-01-30 00:00:00+00:00,254.8,258.69,252.96,257.43,779119.0,257.067,6212,False
2024-01-31 00:00:00+00:00,252.98,257.0,248.34,249.77,1132765.0,251.855,7737,False
2024-02-01 00:00:00+00:00,253.5,256.88,250.93,254.9,1045632.0,254.127,7972,False
2024-02-02 00:00:00+00:00,230.13,231.56,211.05,217.39,6331353.0,219.066,42192,False
2024-02-05 00:00:00+00:00,216.52,220.44,213.09,215.05,1721095.0,215.899,11876,False
2024-02-06 00:00:00+00:00,216.14,216.47,205.83,211.26,1616048.0,209.013,10546,False
2024-02-07 00:00:00+00:00,214.11,215.7,208.5,209.46,700847.0,211.208,4958,False
2024-02-08 00:00:00+00:00,208.84,216.39,208.84,212.29,1312150.0,213.627,8065,False
2024-02-09 00:00:00+00:00,214.33,220.99,211.24,218.76,1058082.0,217.869,7532,False
2024-02-12 00:00:00+00:00,218.26,221.0,216.09,216.17,528984.0,218.533,3828,False
2024-02-13 00:00:00+00:00,205.32,213.87,203.27,210.07,731977.0,210.386,5422,False
2024-02-14 00:00:00+00:00,212.4,216.09,209.31,215.89,634132.0,213.118,4379,False
2024-02-15 00:00:00+00:00,216.18,216.65,212.24,213.12,1186803.0,213.991,5063,False
2024-02-16 00:00:00+00:00,212.33,214.0,207.19,207.84,730995.0,209.868,4753,False
2024-02-20 00:00:00+00:00,205.55,206.49,201.05,204.78,935039.0,204.321,6890,False
2024-02-21 00:00:00+00:00,201.01,205.51,199.95,204.11,788935.0,203.035,5380,False
2024-02-22 00:00:00+00:00,209.1,210.38,204.2,205.43,514818.0,206.259,3754,False
2024-02-23 00:00:00+00:00,205.5,207.49,204.33,204.44,412278.0,205.572,3153,False
2024-02-26 00:00:00+00:00,204.06,207.1,201.59,204.66,458058.0,204.723,3338,False
2024-02-27 00:00:00+00:00,205.82,208.65,204.15,205.82,307588.0,206.185,2098,False
2024-02-28 00:00:00+00:00,203.62,208.49,202.0,207.05,645185.0,206.628,4144,False
2024-02-29 00:00:00+00:00,205.66,209.44,205.0,207.42,497765.0,207.334,3382,False
2024-03-01 00:00:00+00:00,207.42,209.41,204.29,209.2,907348.0,207.971,5952,False
2024-03-04 00:00:00+00:00,209.48,209.48,203.37,207.6,531283.0,206.518,4323,False
2024-03-05 00:00:00+00:00,203.95,205.23,193.47,196.33,923820.0,196.649,7190,False
2024-03-06 00:00:00+00:00,199.94,200.87,194.08,198.14,582262.0,197.139,4222,False
2024-03-07 00:00:00+00:00,199.85,203.6,195.65,202.96,723540.0,201.257,5073,False
2024-03-08 00:00:00+00:00,204.4,211.08,204.4,208.8,990020.0,208.442,8021,False
2024-03-11 00:00:00+00:00,210.37,216.64,208.95,215.63,920439.0,214.201,7241,False
2024-03-12 00:00:00+00:00,215.96,217.82,213.29,217.36,569505.0,216.338,3942,False
2024-03-13 00:00:00+00:00,215.5,215.5,207.49,207.73,916026.0,211.051,6690,False
2024-03-14 00:00:00+00:00,207.34,207.34,200.69,202.7,882132.0,202.503,6646,False
2024-03-15 00:00:00+00:00,201.05,203.08,194.0,194.43,1419702.0,198.088,9404,False
2024-03-18 00:00:00+00:00,196.12,198.45,195.0,197.01,957178.0,197.239,8068,False
2024-03-19 00:00:00+00:00,193.07,197.4,189.86,196.43,1226511.0,195.462,8521,False
2024-03-20 00:00:00+00:00,195.09,196.69,193.22,196.22,1719309.0,195.135,12393,False
2024-03-21 00:00:00+00:00,199.55,201.07,196.86,197.26,1018615.0,198.877,7364,False
2024-03-22 00:00:00+00:00,196.45,196.55,191.27,192.53,1058589.0,192.805,8359,False
2024-03-25 00:00:00+00:00,192.21,194.13,189.5,193.27,1497707.0,192.365,9566,False
2024-03-26 00:00:00+00:00,195.1,195.1,191.65,192.0,961320.0,193.033,7171,False
2024-03-27 00:00:00+00:00,194.01,194.37,191.14,193.14,494101.0,192.116,3555,False
2024-03-28 00:00:00+00:00,192.79,195.6,191.35,195.11,584708.0,194.613,4460,False
2024-04-01 00:00:00+00:00,195.2,196.4,192.32,193.37,507814.0,193.665,3859,False
2024-04-02 00:00:00+00:00,191.11,196.35,190.28,196.02,815045.0,194.56,6053,False
2024-04-03 00:00:00+00:00,194.79,197.55,194.68,195.24,592696.0,196.08,4157,False
2024-04-04 00:00:00+00:00,197.52,199.22,192.29,192.32,655569.0,196.309,4881,False
2024-04-05 00:00:00+00:00,191.31,199.11,191.31,196.62,617761.0,196.28,5104,False
2024-04-08 00:00:00+00:00,196.44,198.94,194.22,198.55,426686.0,197.326,3231,False
2024-04-09 00:00:00+00:00,200.51,207.4,200.5,202.92,1017903.0,204.111,7707,False
2024-04-10 00:00:00+00:00,198.15,205.41,197.45,204.74,846814.0,201.997,6420,False
2024-04-11 00:00:00+00:00,213.75,217.46,209.2,214.65,1446024.0,213.062,9467,False
2024-04-12 00:00:00+00:00,210.0,213.25,205.72,206.53,651266.0,207.514,4994,False
2024-04-15 00:00:00+00:00,206.88,208.83,191.69,191.84,1296767.0,197.992,7637,False
2024-04-16 00:00:00+00:00,191.28,195.47,191.2,194.85,1612318.0,194.216,9116,False
2024-04-17 00:00:00+00:00,195.28,198.38,194.96,195.07,731633.0,196.407,5857,False
2024-04-18 00:00:00+00:00,196.45,198.86,193.52,193.61,560201.0,195.929,4265,False
2024-04-19 00:00:00+00:00,193.63,194.79,189.49,191.55,992009.0,191.49,7059,False
2024-04-22 00:00:00+00:00,192.65,196.58,189.08,194.27,853462.0,193.196,6434,False
2024-04-23 00:00:00+00:00,194.11,201.53,193.88,199.44,479461.0,199.221,3361,False
2024-04-24 00:00:00+00:00,198.54,202.05,198.01,199.01,356459.0,199.82,2868,False
2024-04-25 00:00:00+00:00,195.01,199.6,191.83,198.41,984431.0,197.605,7166,False
2024-04-26 00:00:00+00:00,182.73,183.9,172.34,179.45,4115464.0,178.674,26091,False
2024-04-29 00:00:00+00:00,180.51,182.37,175.09,177.07,1324920.0,177.356,10508,False
2024-04-30 00:00:00+00:00,174.66,176.29,171.0,172.3,1666317.0,173.056,12902,False
2024-05-01 00:00:00+00:00,173.36,178.4,168.2,172.77,891407.0,172.897,6629,False
2024-05-02 00:00:00+00:00,179.3,186.65,176.67,183.55,2086572.0,182.567,14973,False
2024-05-03 00:00:00+00:00,186.3,189.48,182.02,183.52,822051.0,183.868,6170,False
2024-05-06 00:00:00+00:00,184.41,186.32,180.78,181.77,804997.0,182.465,5967,False
2024-05-07 00:00:00+00:00,181.13,185.34,178.95,184.12,756022.0,182.954,5774,False
2024-05-08 00:00:00+00:00,181.21,182.0,178.08,178.52,674241.0,179.069,5424,False
2024-05-09 00:00:00+00:00,180.0,181.97,178.59,179.85,402824.0,180.23,3193,False
2024-05-10 00:00:00+00:00,180.0,183.0,178.89,179.75,391879.0,179.855,3158,False
2024-05-13 00:00:00+00:00,181.67,182.98,179.92,182.83,810652.0,182.118,5550,False
2024-05-14 00:00:00+00:00,182.83,186.09,182.25,184.08,684640.0,184.352,5276,False
2024-05-15 00:00:00+00:00,186.73,186.84,181.97,184.21,874114.0,184.142,6526,False
2024-05-16 00:00:00+00:00,183.38,184.03,179.94,182.21,939954.0,182.544,7088,False
2024-05-17 00:00:00+00:00,181.58,183.14,178.87,179.72,705169.0,181.048,4994,False
2024-05-20 00:00:00+00:00,179.71,180.25,177.91,179.84,734778.0,179.127,5647,False
2024-05-21 00:00:00+00:00,178.5,179.46,177.6,178.05,457614.0,178.475,3392,False
2024-05-22 00:00:00+00:00,179.0,179.0,172.71,174.8,846881.0,174.846,6394,False
2024-05-23 00:00:00+00:00,175.9,176.58,172.63,174.18,487997.0,174.453,3503,False
2024-05-24 00:00:00+00:00,172.95,173.6,168.71,168.86,1011858.0,170.276,6845,False
2024-05-28 00:00:00+00:00,168.81,168.81,163.83,164.82,2605791.0,165.508,14408,False
2024-05-29 00:00:00+00:00,160.68,166.93,159.49,165.76,3156481.0,163.029,17334,False
2024-05-30 00:00:00+00:00,162.99,163.98,159.31,160.39,2015231.0,161.09,13269,False
2024-05-31 00:00:00+00:00,160.24,161.47,154.02,156.86,1976574.0,155.982,13472,False
2024-06-03 00:00:00+00:00,158.46,159.54,156.28,159.42,835937.0,158.047,6294,False
2024-06-04 00:00:00+00:00,158.25,161.9,157.05,157.94,874413.0,159.229,6735,False
2024-06-05 00:00:00+00:00,158.56,159.33,156.71,157.88,853101.0,157.573,5431,False
2024-06-06 00:00:00+00:00,158.0,164.69,157.55,163.46,1018287.0,162.639,7548,False
2024-06-07 00:00:00+00:00,161.75,163.6,159.52,163.36,522896.0,162.646,4127,False
2024-06-10 00:00:00+00:00,162.87,164.84,161.41,162.17,611381.0,162.236,4601,False
2024-06-11 00:00:00+00:00,161.82,163.53,161.42,163.16,568770.0,162.424,3890,False
2024-06-12 00:00:00+00:00,166.01,166.35,162.38,162.83,665136.0,163.584,4935,False
2024-06-13 00:00:00+00:00,162.94,163.71,155.13,156.02,1003075.0,157.213,6932,False
2024-06-14 00:00:00+00:00,157.49,160.39,156.11,160.09,816380.0,159.113,5469,False
2024-06-17 00:00:00+00:00,157.5,158.53,154.48,156.62,833137.0,156.058,5961,False
2024-06-18 00:00:00+00:00,155.5,155.97,152.7,153.18,652658.0,153.972,4418,False
2024-06-20 00:00:00+00:00,153.42,157.88,152.34,157.52,742114.0,156.345,5587,False
2024-06-21 00:00:00+00:00,158.72,163.44,157.15,162.46,975158.0,160.782,5664,False
2024-06-24 00:00:00+00:00,162.05,165.71,160.67,164.75,769586.0,164.065,5921,False
2024-06-25 00:00:00+00:00,165.49,168.19,163.0,167.45,632993.0,166.652,4898,False
2024-06-26 00:00:00+00:00,167.45,171.9,166.06,171.66,1144350.0,170.514,7690,False
2024-06-27 00:00:00+00:00,171.66,176.64,171.2,172.99,1186227.0,174.633,8390,False
2024-06-28 00:00:00+00:00,173.52,178.39,172.91,176.88,814760.0,176.231,6445,False
2024-07-01 00:00:00+00:00,176.88,178.46,173.94,178.25,578925.0,177.16,4675,False
2024-07-02 00:00:00+00:00,183.59,186.32,179.17,182.28,921065.0,182.43,6471,False
2024-07-03 00:00:00+00:00,182.7,185.01,181.43,182.26,452946.0,182.515,3433,False
2024-07-05 00:00:00+00:00,181.97,188.06,181.1,187.32,435997.0,186.504,3295,False
2024-07-08 00:00:00+00:00,185.65,185.87,180.05,181.8,705972.0,182.67,5094,False
2024-07-09 00:00:00+00:00,182.54,182.62,177.09,177.98,934815.0,179.196,6321,False
2024-07-10 00:00:00+00:00,178.49,178.49,168.37,174.45,954550.0,172.719,7254,False
2024-07-11 00:00:00+00:00,177.56,181.58,176.57,177.63,613687.0,178.755,4452,False
2024-07-12 00:00:00+00:00,176.73,182.76,176.73,181.45,750940.0,181.029,5237,False
2024-07-15 00:00:00+00:00,181.6,182.17,178.94,179.95,561303.0,180.248,3832,False
2024-07-16 00:00:00+00:00,179.95,184.54,179.95,183.17,507128.0,182.393,3484,False
2024-07-17 00:00:00+00:00,184.19,184.43,178.87,178.92,754957.0,180.724,5634,False
2024-07-18 00:00:00+00:00,179.7,182.38,175.49,176.1,501012.0,178.316,4226,False
2024-07-19 00:00:00+00:00,175.0,177.07,174.41,176.5,581341.0,175.827,3996,False
2024-07-22 00:00:00+00:00,178.14,178.72,174.34,175.55,579400.0,176.131,4896,False
2024-07-23 00:00:00+00:00,169.96,177.07,168.39,175.12,889727.0,174.892,6935,False
2024-07-24 00:00:00+00:00,172.59,174.26,167.25,167.6,694855.0,169.631,5353,False
2024-07-25 00:00:00+00:00,171.0,182.27,169.85,178.22,1452921.0,177.26,10876,False
2024-07-26 00:00:00+00:00,179.69,179.69,174.58,177.32,778147.0,177.612,5935,False
2024-07-29 00:00:00+00:00,177.49,181.24,177.27,178.14,559232.0,179.286,4253,False
2024-07-30 00:00:00+00:00,178.24,179.49,172.58,174.38,557354.0,174.766,4345,False
2024-07-31 00:00:00+00:00,178.47,178.69,174.96,176.57,614913.0,177.023,4439,False
2024-08-01 00:00:00+00:00,176.73,179.19,170.11,173.24,1223293.0,173.107,8897,False
2024-08-02 00:00:00+00:00,152.67,154.68,141.21,143.68,5806049.0,145.615,34331,False
2024-08-05 00:00:00+00:00,136.69,149.56,135.29,142.85,2626487.0,143.812,18049,False
2024-08-06 00:00:00+00:00,143.79,143.79,139.43,139.85,1592299.0,141.584,9762,False
2024-08-07 00:00:00+00:00,142.31,145.3,137.34,137.41,1728667.0,141.05,11089,False
2024-08-08 00:00:00+00:00,139.0,140.17,136.84,138.79,838675.0,138.871,5582,False
2024-08-09 00:00:00+00:00,138.43,142.76,137.27,141.43,976019.0,140.927,6086,False
2024-08-12 00:00:00+00:00,140.79,142.39,139.52,140.55,2321459.0,141.015,11963,False
2024-08-13 00:00:00+00:00,141.34,146.17,139.23,143.2,2857214.0,143.197,13429,False
2024-08-14 00:00:00+00:00,142.32,145.34,142.32,143.5,1378375.0,143.645,10025,False
2024-08-15 00:00:00+00:00,145.1,147.29,144.85,146.83,1315309.0,146.163,9587,False
2024-08-16 00:00:00+00:00,146.3,154.74,145.88,154.21,1587836.0,151.688,10204,False
2024-08-19 00:00:00+00:00,154.36,159.07,152.79,159.0,1242198.0,156.555,9186,False
2024-08-20 00:00:00+00:00,158.4,158.62,154.41,156.29,1208047.0,155.988,7788,False
2024-08-21 00:00:00+00:00,156.29,158.4,155.6,158.34,873145.0,157.114,5120,False
2024-08-22 00:00:00+00:00,156.65,161.12,154.91,155.87,731797.0,157.596,4667,False
2024-08-23 00:00:00+00:00,158.28,160.27,155.85,160.0,788792.0,158.878,4701,False
2024-08-26 00:00:00+00:00,160.34,165.98,160.34,165.02,1184370.0,164.511,8526,False
2024-08-27 00:00:00+00:00,164.09,166.89,163.85,164.32,854888.0,164.778,5374,False
2024-08-28 00:00:00+00:00,163.11,163.87,159.93,161.94,978244.0,161.897,6364,False
2024-08-29 00:00:00+00:00,163.18,169.72,163.18,167.45,660765.0,167.995,4699,False
2024-08-30 00:00:00+00:00,167.7,168.31,165.39,165.6,434420.0,166.609,3286,False
2024-09-03 00:00:00+00:00,163.25,165.49,162.42,163.8,802351.0,163.852,5910,False
2024-09-04 00:00:00+00:00,161.67,165.39,160.65,162.3,895639.0,162.698,5551,False
2024-09-05 00:00:00+00:00,160.0,162.7,159.1,161.9,1120676.0,160.832,7271,False
2024-09-06 00:00:00+00:00,162.49,165.37,159.0,161.31,1139581.0,161.413,7086,False
2024-09-09 00:00:00+00:00,162.64,165.84,161.98,162.69,667469.0,163.55,4643,False
2024-09-10 00:00:00+00:00,163.71,163.71,157.94,162.25,829228.0,160.86,5631,False
2024-09-11 00:00:00+00:00,163.01,167.2,161.39,166.1,684555.0,165.087,4748,False
2024-09-12 00:00:00+00:00,166.35,168.67,165.31,165.69,460146.0,166.692,3463,False
2024-09-13 00:00:00+00:00,165.78,166.37,162.81,163.74,1052052.0,164.415,7253,False
2024-09-16 00:00:00+00:00,163.6,165.75,162.99,165.15,889101.0,164.913,4520,False
2024-09-17 00:00:00+00:00,160.19,162.0,154.07,155.82,2072024.0,157.764,11452,False
2024-09-18 00:00:00+00:00,156.68,163.31,156.01,159.84,1515596.0,160.795,10167,False
2024-09-19 00:00:00+00:00,163.07,166.88,161.1,163.1,1136005.0,164.223,8306,False
2024-09-20 00:00:00+00:00,163.11,163.92,161.52,163.08,1023177.0,162.745,6576,False
2024-09-23 00:00:00+00:00,163.69,164.13,160.82,161.98,663314.0,162.188,5357,False
2024-09-24 00:00:00+00:00,161.77,165.16,161.01,162.62,1207339.0,163.195,6846,False
2024-09-25 00:00:00+00:00,161.85,163.79,160.45,161.9,1159813.0,162.098,6293,False
2024-09-26 00:00:00+00:00,163.99,164.68,160.75,163.14,757160.0,163.033,4831,False
2024-09-27 00:00:00+00:00,163.99,163.99,160.41,161.22,834605.0,161.216,6194,False
2024-09-30 00:00:00+00:00,161.13,162.24,157.95,158.81,579028.0,159.553,4458,False
2024-10-01 00:00:00+00:00,163.47,163.47,155.37,161.42,1571246.0,159.687,9900,False
2024-10-02 00:00:00+00:00,161.92,162.63,159.02,160.24,450591.0,160.485,3332,False
2024-10-03 00:00:00+00:00,158.0,161.19,157.79,160.44,524923.0,160.033,2853,False
2024-10-04 00:00:00+00:00,162.0,171.84,161.08,171.0,1074064.0,168.28,7880,False
2024-10-07 00:00:00+00:00,170.24,171.3,167.25,167.53,827043.0,168.969,6228,False
2024-10-08 00:00:00+00:00,167.18,170.9,165.92,168.02,717150.0,167.924,5803,False
2024-10-09 00:00:00+00:00,168.02,177.63,168.02,177.1,1074212.0,176.112,8219,False
2024-10-10 00:00:00+00:00,176.73,184.53,175.59,184.0,1221033.0,182.666,8583,False
2024-10-11 00:00:00+00:00,185.5,192.32,185.37,187.06,1810323.0,187.796,11270,False
2024-10-14 00:00:00+00:00,189.81,196.25,189.35,194.0,2462013.0,193.502,12663,False
2024-10-15 00:00:00+00:00,193.0,195.61,190.27,190.89,948456.0,191.979,6916,False
2024-10-16 00:00:00+00:00,191.9,193.0,187.24,189.35,1038461.0,190.444,5861,False
2024-10-17 00:00:00+00:00,190.99,191.67,186.12,188.5,702647.0,188.046,4613,False
2024-10-18 00:00:00+00:00,188.79,193.88,186.53,191.7,894818.0,192.133,6004,False
2024-10-21 00:00:00+00:00,190.3,193.69,189.81,192.83,991585.0,192.179,7320,False
2024-10-22 00:00:00+00:00,190.84,195.95,190.35,193.87,864690.0,193.262,6558,False
2024-10-23 00:00:00+00:00,191.79,192.86,186.98,188.76,728354.0,188.498,4843,False
2024-10-24 00:00:00+00:00,187.77,191.75,187.37,189.35,817809.0,189.838,5866,False
2024-10-25 00:00:00+00:00,190.54,192.97,188.23,188.73,945912.0,189.941,7529,False
2024-10-28 00:00:00+00:00,190.29,190.31,187.75,188.66,775367.0,188.743,5545,False
2024-10-29 00:00:00+00:00,190.0,193.3,187.57,191.74,1108062.0,191.78,8068,False
2024-10-30 00:00:00+00:00,190.34,194.95,190.26,190.44,1196057.0,192.752,7746,False
2024-10-31 00:00:00+00:00,190.36,191.34,187.64,188.54,2031841.0,189.656,13912,False
2024-11-01 00:00:00+00:00,225.45,229.16,214.69,224.35,6478739.0,222.127,43132,False
2024-11-04 00:00:00+00:00,216.65,221.38,215.0,218.96,2173114.0,218.663,12928,False
2024-11-05 00:00:00+00:00,218.33,222.4,214.89,221.58,1878665.0,219.237,11951,False
2024-11-06 00:00:00+00:00,223.99,228.25,221.49,225.57,1431096.0,224.609,10414,False
2024-11-07 00:00:00+00:00,225.75,236.28,225.75,233.96,1519571.0,232.479,9188,False
2024-11-08 00:00:00+00:00,233.89,238.29,231.83,237.8,1413041.0,236.802,9161,False
2024-11-11 00:00:00+00:00,238.0,247.15,237.8,245.85,1837828.0,244.874,11204,False
2024-11-12 00:00:00+00:00,242.01,248.6,241.93,245.28,1498405.0,245.163,8215,False
2024-11-13 00:00:00+00:00,244.99,255.01,244.3,252.78,1489195.0,251.711,10340,False
2024-11-14 00:00:00+00:00,250.16,256.39,248.73,249.99,1777304.0,252.22,10838,False
2024-11-15 00:00:00+00:00,244.73,247.57,238.38,240.04,1208838.0,240.855,8151,False
2024-11-18 00:00:00+00:00,239.3,242.02,236.68,238.69,1311909.0,239.077,8643,False
2024-11-19 00:00:00+00:00,238.38,248.01,235.53,247.73,1748534.0,244.227,11128,False
2024-11-20 00:00:00+00:00,247.33,249.92,241.82,245.45,815562.0,245.141,5250,False
2024-11-21 00:00:00+00:00,246.45,255.87,246.45,253.97,1398151.0,252.976,8001,False
2024-11-22 00:00:00+00:00,254.99,262.0,253.26,260.58,1351640.0,258.501,7510,False
2024-11-25 00:00:00+00:00,262.4,269.4,260.0,261.0,1314150.0,264.754,8785,False
2024-11-26 00:00:00+00:00,261.49,264.63,260.21,262.23,679075.0,262.256,5144,False
2024-11-27 00:00:00+00:00,261.6,263.69,258.0,262.46,744669.0,261.573,6015,False
2024-11-29 00:00:00+00:00,262.41,265.89,261.84,263.58,384871.0,264.206,2819,False
2024-12-02 00:00:00+00:00,263.0,267.61,262.84,265.88,485450.0,265.872,3382,False
2024-12-03 00:00:00+00:00,264.74,269.39,264.0,268.36,633893.0,267.667,4343,False
2024-12-04 00:00:00+00:00,274.74,287.97,268.3,287.5,1886558.0,283.115,11962,False
2024-12-05 00:00:00+00:00,283.25,285.38,276.0,276.72,1015239.0,279.319,7254,False
2024-12-06 00:00:00+00:00,279.31,280.88,276.74,278.5,1528768.0,278.825,8953,False
2024-12-09 00:00:00+00:00,279.75,281.66,272.33,273.14,1341296.0,275.951,9142,False
2024-12-10 00:00:00+00:00,273.4,276.79,264.34,266.45,1370690.0,269.04,10138,False
2024-12-11 00:00:00+00:00,269.45,274.96,267.02,274.65,951934.0,272.835,6812,False
2024-12-12 00:00:00+00:00,271.75,279.81,271.75,279.18,795937.0,278.001,4336,False
2024-12-13 00:00:00+00:00,276.55,279.9,274.58,278.65,776572.0,277.114,5216,False
2024-12-16 00:00:00+00:00,276.29,280.44,274.85,278.09,448625.0,277.542,3157,False
2024-12-17 00:00:00+00:00,277.21,278.93,269.43,269.79,1640635.0,272.857,11304,False
2024-12-18 00:00:00+00:00,269.31,270.28,249.62,250.19,1752387.0,258.706,13317,False
2024-12-19 00:00:00+00:00,255.57,259.15,249.4,251.23,863770.0,252.499,6856,False
2024-12-20 00:00:00+00:00,247.08,257.81,246.01,257.26,920751.0,254.036,5369,False
2024-12-23 00:00:00+00:00,259.49,259.49,250.37,251.4,756639.0,252.33,5689,False
2024-12-24 00:00:00+00:00,252.69,257.72,251.02,257.49,507700.0,254.738,3308,False
2024-12-26 00:00:00+00:00,255.39,256.9,254.19,254.24,508726.0,255.517,3602,False
2024-12-27 00:00:00+00:00,253.66,253.66,247.56,250.11,328832.0,249.687,2628,False
2024-12-30 00:00:00+00:00,246.23,248.86,243.39,247.1,366774.0,246.823,2724,False
2024-12-31 00:00:00+00:00,248.25,248.77,241.51,243.38,399319.0,243.9,3184,False
2025-01-02 00:00:00+00:00,245.36,246.37,239.92,242.39,927115.0,242.424,6109,False
2025-01-03 00:00:00+00:00,244.51,251.0,242.89,250.27,1025264.0,247.405,6477,False
2025-01-06 00:00:00+00:00,255.25,259.5,251.43,254.63,817819.0,255.361,6561,False
2025-01-07 00:00:00+00:00,259.72,262.11,246.59,247.85,759760.0,249.646,5945,False
2025-01-08 00:00:00+00:00,245.37,248.55,239.96,244.49,456292.0,243.512,3610,False
2025-01-10 00:00:00+00:00,248.28,248.58,241.43,242.39,912461.0,244.018,6582,False
2025-01-13 00:00:00+00:00,238.81,239.79,235.44,236.24,533406.0,237.025,3824,False
2025-01-14 00:00:00+00:00,239.73,247.33,238.41,246.4,1164088.0,244.517,8338,False
2025-01-15 00:00:00+00:00,254.94,258.78,248.08,250.03,909601.0,251.792,6094,False
2025-01-16 00:00:00+00:00,255.16,256.32,252.54,254.25,921806.0,254.49,6366,False
2025-01-17 00:00:00+00:00,259.85,259.85,251.49,252.36,578272.0,253.511,3862,False
2025-01-21 00:00:00+00:00,254.04,257.85,252.05,256.19,538862.0,255.528,4038,False
2025-01-22 00:00:00+00:00,260.35,261.2,257.45,260.85,667766.0,259.884,4704,False
2025-01-23 00:00:00+00:00,261.66,269.38,258.63,265.7,935493.0,265.398,6815,False
2025-01-24 00:00:00+00:00,267.41,271.53,264.03,264.81,593921.0,266.661,4508,False
2025-01-27 00:00:00+00:00,262.59,277.15,260.45,268.0,985413.0,269.322,6765,False
2025-01-28 00:00:00+00:00,266.17,282.0,264.9,274.71,1565031.0,276.761,10485,False
2025-01-29 00:00:00+00:00,273.49,274.77,266.23,271.33,888555.0,270.34,6770,False
2025-01-30 00:00:00+00:00,264.65,270.87,262.38,266.95,1939245.0,266.151,13564,False
2025-01-31 00:00:00+00:00,320.34,324.37,300.79,306.78,5506928.0,311.773,30258,False
2025-02-03 00:00:00+00:00,299.11,315.67,296.0,311.4,1702224.0,309.461,10538,False
2025-02-04 00:00:00+00:00,310.81,322.0,310.47,316.73,1065410.0,317.047,7543,False
2025-02-05 00:00:00+00:00,317.21,321.53,314.43,320.8,848856.0,319.068,6000,False
2025-02-06 00:00:00+00:00,320.41,324.2,318.01,319.0,767394.0,320.488,5598,False
2025-02-07 00:00:00+00:00,320.45,322.51,312.93,314.28,600835.0,316.109,4662,False
2025-02-10 00:00:00+00:00,319.84,326.0,316.5,322.94,1026211.0,322.443,6813,False
2025-02-11 00:00:00+00:00,318.48,324.16,314.81,315.0,630476.0,317.714,4005,False
2025-02-12 00:00:00+00:00,313.63,318.5,310.63,318.45,601352.0,315.406,4317,False
2025-02-13 00:00:00+00:00,318.45,320.88,313.77,316.0,810422.0,316.549,5478,False
2025-02-14 00:00:00+00:00,312.58,314.35,307.31,313.1,1182718.0,311.735,7847,False
2025-02-18 00:00:00+00:00,314.0,316.99,308.8,315.44,1106573.0,313.659,7291,False
2025-02-19 00:00:00+00:00,311.27,315.03,302.52,303.72,1280305.0,307.101,9907,False
2025-02-20 00:00:00+00:00,299.81,303.33,293.05,298.49,929842.0,297.518,7056,False
2025-02-21 00:00:00+00:00,296.86,298.63,283.46,285.99,872334.0,288.977,6429,False
2025-02-24 00:00:00+00:00,286.19,286.77,274.7,284.06,772344.0,282.972,6298,False
2025-02-25 00:00:00+00:00,280.2,285.86,273.54,284.26,762971.0,281.508,5372,False
2025-02-26 00:00:00+00:00,286.0,293.53,286.0,288.76,1040824.0,290.123,7496,False
2025-02-27 00:00:00+00:00,291.61,295.91,278.15,278.48,765276.0,285.635,5120,False
2025-02-28 00:00:00+00:00,277.3,284.35,273.93,284.26,918187.0,279.457,6282,False
2025-03-03 00:00:00+00:00,284.7,287.26,272.5,274.22,891406.0,279.102,6679,False
2025-03-04 00:00:00+00:00,270.2,278.11,262.27,273.62,1010878.0,270.644,7269,False
2025-03-05 00:00:00+00:00,273.87,277.21,269.0,276.73,1073700.0,274.398,7933,False
2025-03-06 00:00:00+00:00,268.69,271.46,249.54,250.66,1360617.0,256.977,10122,False
2025-03-07 00:00:00+00:00,249.62,251.0,229.19,238.86,2362758.0,237.292,16855,False
2025-03-10 00:00:00+00:00,230.58,231.11,212.97,215.89,3062954.0,218.423,21714,False
2025-03-11 00:00:00+00:00,216.08,226.94,215.9,224.1,2343869.0,221.478,15640,False
2025-03-12 00:00:00+00:00,230.96,233.2,224.39,226.44,1515218.0,227.788,10284,False
2025-03-13 00:00:00+00:00,224.02,224.19,207.51,208.0,2595194.0,210.451,17248,False
2025-03-14 00:00:00+00:00,214.3,221.24,212.69,218.44,1876647.0,217.7,13396,False
2025-03-17 00:00:00+00:00,216.3,224.52,216.18,220.98,1138465.0,220.848,7425,False
2025-03-18 00:00:00+00:00,219.99,221.47,213.04,219.45,1393923.0,216.287,8705,False
2025-03-19 00:00:00+00:00,220.34,233.56,219.98,229.86,1730190.0,228.223,11660,False
2025-03-20 00:00:00+00:00,226.33,230.89,224.28,226.16,1256274.0,226.981,8926,False
2025-03-21 00:00:00+00:00,222.06,228.11,218.42,227.34,988420.0,225.229,6514,False
2025-03-24 00:00:00+00:00,233.64,236.5,231.49,234.62,903440.0,234.414,7101,False
2025-03-25 00:00:00+00:00,236.78,238.71,234.02,236.22,804196.0,236.797,5780,False
2025-03-26 00:00:00+00:00,235.0,237.32,227.44,229.65,515653.0,229.922,3683,False
2025-03-27 00:00:00+00:00,227.71,228.06,221.78,222.64,731962.0,224.861,5694,False
2025-03-28 00:00:00+00:00,221.5,223.11,214.01,217.99,1058173.0,217.364,6906,False
2025-03-31 00:00:00+00:00,212.17,213.5,205.42,212.21,1202331.0,209.599,8960,False
2025-04-01 00:00:00+00:00,211.17,216.45,207.48,216.41,1237490.0,212.629,8719,False
2025-04-02 00:00:00+00:00,215.47,227.31,214.0,223.96,1257927.0,222.728,8924,False
2025-04-03 00:00:00+00:00,209.82,211.05,195.68,198.35,2002715.0,200.204,14573,False
2025-04-04 00:00:00+00:00,194.22,194.22,181.78,187.67,1962057.0,188.42,12812,False
2025-04-07 00:00:00+00:00,176.91,197.22,173.45,186.61,1847953.0,185.849,13206,False
2025-04-08 00:00:00+00:00,193.63,198.69,179.87,183.84,1463432.0,189.128,11759,False
2025-04-09 00:00:00+00:00,183.72,213.08,178.66,209.62,2589216.0,200.036,19960,False
2025-04-10 00:00:00+00:00,202.31,204.14,193.46,198.03,2239631.0,199.812,15876,False
2025-04-11 00:00:00+00:00,199.36,201.41,190.95,198.37,1050201.0,195.326,8238,False
2025-04-14 00:00:00+00:00,206.98,210.5,198.43,200.99,1158102.0,203.999,8374,False
2025-04-15 00:00:00+00:00,199.84,208.37,199.84,207.25,1283923.0,205.826,9466,False
2025-04-16 00:00:00+00:00,204.31,210.41,201.33,205.31,1573102.0,206.42,11904,False
2025-04-17 00:00:00+00:00,205.18,206.66,201.2,202.75,659275.0,203.466,4783,False
2025-04-21 00:00:00+00:00,200.0,201.24,190.46,192.84,1332369.0,192.663,9183,False
2025-04-22 00:00:00+00:00,197.5,201.68,194.15,200.3,980097.0,198.79,6960,False
2025-04-23 00:00:00+00:00,211.3,218.09,206.45,208.27,900640.0,210.845,7116,False
2025-04-24 00:00:00+00:00,215.01,226.07,213.02,225.08,1657887.0,222.897,11934,False
2025-04-25 00:00:00+00:00,224.99,232.22,224.99,228.68,1435391.0,229.386,10623,False
2025-04-28 00:00:00+00:00,230.36,231.97,226.91,229.83,835165.0,229.694,6669,False
2025-04-29 00:00:00+00:00,229.14,233.13,227.68,228.49,557847.0,228.99,4403,False
2025-04-30 00:00:00+00:00,223.74,228.65,220.01,228.31,724132.0,224.921,5590,False
2025-05-01 00:00:00+00:00,240.33,242.0,228.62,229.07,2164194.0,232.716,13869,False
2025-05-02 00:00:00+00:00,204.73,216.36,203.0,208.48,5241151.0,210.804,34285,False
2025-05-05 00:00:00+00:00,207.29,213.82,206.59,207.78,1283158.0,209.96,9789,False
2025-05-06 00:00:00+00:00,205.11,208.75,203.59,207.89,919344.0,206.653,6644,False
2025-05-07 00:00:00+00:00,208.26,209.5,203.53,205.71,1146719.0,205.834,7919,False
2025-05-08 00:00:00+00:00,208.69,211.5,205.8,208.22,724992.0,208.68,5303,False
2025-05-09 00:00:00+00:00,208.5,211.08,204.72,207.52,665950.0,207.833,4724,False
2025-05-12 00:00:00+00:00,219.67,224.35,218.5,223.75,1198941.0,222.407,8191,False
2025-05-13 00:00:00+00:00,224.34,232.36,224.14,229.52,674445.0,229.314,5041,False
2025-05-14 00:00:00+00:00,228.0,230.63,223.9,224.88,934714.0,225.755,6773,False
2025-05-15 00:00:00+00:00,220.54,222.73,217.45,220.88,845450.0,220.166,6148,False
2025-05-16 00:00:00+00:00,220.02,223.42,218.74,220.79,807771.0,221.155,6200,False
2025-05-19 00:00:00+00:00,215.58,216.51,213.72,214.47,1384673.0,214.95,10198,False
2025-05-20 00:00:00+00:00,214.14,215.78,211.46,214.49,892080.0,214.346,6888,False
2025-05-21 00:00:00+00:00,214.17,215.28,208.63,209.17,818919.0,211.612,6208,False
2025-05-22 00:00:00+00:00,208.27,210.65,206.49,208.37,1406276.0,208.903,10540,False
2025-05-23 00:00:00+00:00,203.61,207.57,202.79,206.82,956480.0,206.233,7400,False
2025-05-27 00:00:00+00:00,209.51,211.95,207.53,211.08,800229.0,210.681,6088,False
2025-05-28 00:00:00+00:00,211.1,214.01,209.71,213.03,818447.0,212.421,6533,False
2025-05-29 00:00:00+00:00,215.17,215.5,203.64,203.93,1487992.0,206.167,11087,False
2025-05-30 00:00:00+00:00,204.33,207.98,201.73,207.63,1478529.0,205.068,10961,False
2025-06-02 00:00:00+00:00,207.0,208.21,198.5,205.63,1201614.0,204.687,8026,False
2025-06-03 00:00:00+00:00,204.98,211.24,203.91,210.89,1632847.0,208.242,11106,False
2025-06-04 00:00:00+00:00,209.68,214.25,209.68,210.92,508604.0,211.218,3929,False
2025-06-05 00:00:00+00:00,211.84,220.43,210.82,218.6,1205572.0,217.507,8498,False
2025-06-06 00:00:00+00:00,220.33,220.55,214.4,214.51,722523.0,216.643,4940,False
2025-06-09 00:00:00+00:00,214.75,217.33,212.87,214.99,693678.0,215.501,4756,False
2025-06-10 00:00:00+00:00,214.17,215.4,208.28,213.05,1055634.0,212.817,6651,False
2025-06-11 00:00:00+00:00,210.32,213.0,200.91,201.5,1724787.0,205.123,12245,False
2025-06-12 00:00:00+00:00,200.21,202.09,195.4,199.32,1488592.0,199.487,10275,False
2025-06-13 00:00:00+00:00,197.03,200.44,195.85,196.82,904284.0,197.816,6905,False
2025-06-16 00:00:00+00:00,197.62,202.68,197.62,200.32,851854.0,200.662,6133,False
2025-06-17 00:00:00+00:00,199.5,202.07,197.95,198.2,920152.0,199.881,6573,False
2025-06-18 00:00:00+00:00,198.01,199.37,193.5,196.14,1957308.0,196.591,11594,False
2025-06-20 00:00:00+00:00,196.15,199.0,189.0,189.53,2017495.0,191.981,13142,False
2025-06-23 00:00:00+00:00,189.27,194.32,187.84,192.74,1500035.0,192.626,11228,False
2025-06-24 00:00:00+00:00,196.72,200.75,194.9,200.67,1033718.0,198.451,7589,False
2025-06-25 00:00:00+00:00,200.67,204.39,197.14,198.36,1003035.0,199.545,6188,False
2025-06-26 00:00:00+00:00,199.78,201.23,195.89,198.5,1085902.0,198.471,7035,False
2025-06-27 00:00:00+00:00,199.44,206.58,199.04,202.32,947305.0,203.714,7016,False
2025-06-30 00:00:00+00:00,203.32,204.84,201.89,203.09,694356.0,203.219,4948,False
2025-07-01 00:00:00+00:00,203.66,209.87,202.0,207.71,1122300.0,207.458,7977,False
2025-07-02 00:00:00+00:00,205.81,206.9,200.81,206.78,823172.0,204.979,6012,False
2025-07-03 00:00:00+00:00,209.37,216.28,209.28,213.53,812458.0,214.058,5711,False
2025-07-07 00:00:00+00:00,212.34,216.6,210.96,216.05,1004667.0,214.606,7254,False
2025-07-08 00:00:00+00:00,217.67,220.0,216.52,219.36,1105693.0,218.587,8858,False
2025-07-09 00:00:00+00:00,219.93,222.59,217.46,220.89,769956.0,219.977,6016,False
2025-07-10 00:00:00+00:00,220.3,220.3,200.04,200.05,2079887.0,204.869,13646,False
2025-07-11 00:00:00+00:00,200.0,201.49,186.25,187.01,1980498.0,192.03,12199,False
2025-07-14 00:00:00+00:00,186.53,194.08,185.08,191.61,1367922.0,191.626,9290,False
2025-07-15 00:00:00+00:00,192.67,193.74,187.35,187.69,1235076.0,189.891,8783,False
2025-07-16 00:00:00+00:00,188.65,191.02,186.32,190.45,1233609.0,189.341,8619,False
2025-07-17 00:00:00+00:00,190.46,195.04,190.15,190.62,1044405.0,192.795,6915,False
2025-07-18 00:00:00+00:00,191.51,194.89,189.72,194.86,678876.0,193.078,4962,False
2025-07-21 00:00:00+00:00,194.83,197.71,193.68,194.36,641013.0,195.062,4931,False
2025-07-22 00:00:00+00:00,194.99,202.84,194.99,198.44,1131921.0,199.642,7993,False
2025-07-23 00:00:00+00:00,199.3,205.35,197.04,202.57,1228412.0,202.881,8876,False
2025-07-24 00:00:00+00:00,203.63,204.47,197.82,199.83,731803.0,200.026,5170,False
2025-07-25 00:00:00+00:00,201.66,203.7,200.02,203.0,472680.0,202.636,3594,False
2025-07-28 00:00:00+00:00,204.13,206.0,200.59,201.84,471972.0,202.315,3310,False
2025-07-29 00:00:00+00:00,202.4,204.61,197.91,200.06,512326.0,200.383,3713,False
2025-07-30 00:00:00+00:00,200.05,200.39,194.68,197.19,577353.0,197.72,4422,False
2025-07-31 00:00:00+00:00,198.33,199.09,191.26,191.78,922625.0,194.169,6265,False
2025-08-01 00:00:00+00:00,190.13,190.13,182.09,182.96,925060.0,184.363,6210,False
2025-08-04 00:00:00+00:00,184.99,187.46,184.1,185.69,743145.0,185.428,5902,False
2025-08-05 00:00:00+00:00,186.98,186.98,183.2,185.44,1160527.0,185.312,7389,False
2025-08-06 00:00:00+00:00,187.07,189.6,184.26,185.5,1794109.0,185.635,8956,False
2025-08-07 00:00:00+00:00,189.15,189.69,169.64,171.0,3940131.0,176.505,21837,False
2025-08-08 00:00:00+00:00,174.05,177.25,166.63,168.06,4782621.0,171.079,24026,False
2025-08-11 00:00:00+00:00,166.51,171.21,158.02,159.28,3331673.0,163.715,19499,False
2025-08-12 00:00:00+00:00,159.28,164.21,157.29,158.0,3453448.0,160.048,17579,False
2025-08-13 00:00:00+00:00,159.76,164.12,156.69,163.99,2145714.0,161.779,15497,False
2025-08-14 00:00:00+00:00,161.42,165.0,160.11,164.39,1759012.0,163.24,13679,False
2025-08-15 00:00:00+00:00,163.43,168.71,161.86,167.0,1432870.0,166.772,9183,False
2025-08-18 00:00:00+00:00,166.03,169.57,165.0,169.17,792819.0,168.431,6011,False
2025-08-19 00:00:00+00:00,169.16,170.16,165.33,166.21,1171455.0,166.804,8959,False
2025-08-20 00:00:00+00:00,165.64,168.54,164.3,166.55,941604.0,166.284,6848,False
2025-08-21 00:00:00+00:00,165.03,165.78,162.94,164.59,656472.0,164.33,4831,False
2025-08-22 00:00:00+00:00,164.92,172.05,163.81,170.79,823597.0,169.796,6088,False
2025-08-25 00:00:00+00:00,169.98,171.1,168.54,168.67,734755.0,169.65,5208,False
2025-08-26 00:00:00+00:00,168.77,170.0,164.01,164.25,675244.0,165.35,5071,False
2025-08-27 00:00:00+00:00,165.94,172.6,165.94,171.88,1391608.0,170.978,10158,False
2025-08-28 00:00:00+00:00,173.0,177.91,172.8,176.78,1566507.0,176.24,10325,False
2025-08-29 00:00:00+00:00,176.66,180.24,176.26,177.78,1588902.0,178.083,10124,False
2025-09-02 00:00:00+00:00,174.71,175.21,171.56,172.68,979161.0,172.959,6116,False
2025-09-03 00:00:00+00:00,171.43,173.68,169.82,170.68,1785158.0,171.113,10782,False
2025-09-04 00:00:00+00:00,170.36,171.0,165.43,168.08,1761397.0,167.795,12094,False
2025-09-05 00:00:00+00:00,170.0,174.52,169.63,172.43,1328264.0,172.037,9153,False
2025-09-08 00:00:00+00:00,172.99,172.99,169.04,172.7,812725.0,171.795,6121,False
2025-09-09 00:00:00+00:00,183.94,184.09,175.25,182.36,1951619.0,180.642,11343,False
2025-09-10 00:00:00+00:00,182.5,182.5,173.2,174.32,1115253.0,175.577,8331,False
2025-09-11 00:00:00+00:00,175.95,178.82,175.25,176.71,855813.0,177.304,6298,False
2025-09-12 00:00:00+00:00,176.98,177.05,173.94,174.87,666512.0,175.173,4658,False
2025-09-15 00:00:00+00:00,174.25,176.67,173.49,173.87,992069.0,174.499,6500,False
2025-09-16 00:00:00+00:00,174.73,175.96,171.3,172.04,776403.0,173.274,5480,False
2025-09-17 00:00:00+00:00,172.99,176.89,171.23,172.25,803309.0,173.643,5399,False
2025-09-18 00:00:00+00:00,174.78,175.7,168.11,169.63,993945.0,170.073,7174,False
2025-09-19 00:00:00+00:00,171.23,171.9,168.34,169.05,978754.0,169.669,5903,False
2025-09-22 00:00:00+00:00,167.75,172.34,166.28,170.63,645988.0,170.16,4607,False
2025-09-23 00:00:00+00:00,169.52,170.52,163.2,165.68,1386145.0,166.034,9273,False
2025-09-24 00:00:00+00:00,167.15,169.72,163.63,163.83,1302440.0,165.028,7871,False
2025-09-25 00:00:00+00:00,162.94,164.18,160.1,162.42,917029.0,162.467,6558,False
2025-09-26 00:00:00+00:00,162.11,167.19,161.3,166.65,1148460.0,165.325,7857,False
2025-09-29 00:00:00+00:00,168.1,168.66,164.92,165.31,1249824.0,166.499,8869,False
2025-09-30 00:00:00+00:00,165.15,165.29,157.58,159.7,1643098.0,159.58,11097,False
2025-10-01 00:00:00+00:00,160.25,162.25,149.06,149.57,2644536.0,151.979,16026,False
2025-10-02 00:00:00+00:00,150.4,151.76,147.4,151.05,2074152.0,150.567,12432,False
2025-10-03 00:00:00+00:00,151.46,152.38,149.21,150.49,2018957.0,150.794,11805,False
2025-10-06 00:00:00+00:00,151.77,156.78,148.25,150.19,2157271.0,151.895,13901,False
2025-10-07 00:00:00+00:00,151.14,152.0,146.16,150.12,1571251.0,148.231,10540,False
2025-10-08 00:00:00+00:00,151.02,153.25,149.17,149.52,1177921.0,150.852,7830,False
2025-10-09 00:00:00+00:00,149.75,150.73,147.61,147.74,1239208.0,148.712,8677,False
2025-10-10 00:00:00+00:00,149.21,149.55,144.32,144.56,1205826.0,145.845,8125,False
2025-10-13 00:00:00+00:00,145.45,149.41,144.8,149.39,1307887.0,147.875,9739,False
2025-10-14 00:00:00+00:00,147.59,157.44,147.33,156.37,2075737.0,154.006,14648,False
2025-10-15 00:00:00+00:00,159.34,159.88,149.73,149.84,1629419.0,152.232,11548,False
2025-10-16 00:00:00+00:00,152.77,155.94,148.31,150.13,1435932.0,151.281,9773,False
2025-10-17 00:00:00+00:00,150.0,152.14,149.21,151.95,1143572.0,151.035,7399,False
2025-10-20 00:00:00+00:00,153.67,159.32,152.89,158.79,1281098.0,157.443,8440,False
2025-10-21 00:00:00+00:00,158.51,169.32,158.4,168.71,2244672.0,165.975,14257,False
2025-10-22 00:00:00+00:00,170.56,171.3,167.18,167.89,1899274.0,169.207,12781,False
2025-10-23 00:00:00+00:00,167.34,168.34,163.23,165.01,1182523.0,164.792,8472,False
2025-10-24 00:00:00+00:00,167.3,168.66,162.15,162.64,932061.0,164.294,7060,False
2025-10-27 00:00:00+00:00,164.75,167.1,163.77,164.26,1228804.0,165.098,8259,False
2025-10-28 00:00:00+00:00,163.9,164.89,162.06,163.96,1616819.0,163.619,9674,False
2025-10-29 00:00:00+00:00,162.33,162.76,158.42,159.28,1352841.0,160.471,9319,False
2025-10-30 00:00:00+00:00,158.11,165.0,157.26,160.67,2677977.0,161.827,17901,False
2025-10-31 00:00:00+00:00,159.97,170.53,158.5,169.42,3553010.0,166.501,21877,False
2025-11-03 00:00:00+00:00,169.99,176.72,167.14,176.08,2156851.0,173.412,14111,False
2025-11-04 00:00:00+00:00,174.31,174.84,161.76,165.0,3058340.0,165.189,18363,False
2025-11-05 00:00:00+00:00,167.6,168.98,160.01,161.46,1378857.0,162.497,10074,False
2025-11-06 00:00:00+00:00,159.55,159.81,152.93,156.13,1393859.0,155.874,9862,False
2025-11-07 00:00:00+00:00,155.0,158.11,153.1,157.83,790112.0,155.843,5621,False
2025-11-10 00:00:00+00:00,157.55,160.4,154.48,159.13,1126213.0,157.768,7630,False
2025-11-11 00:00:00+00:00,160.2,164.31,157.38,157.54,1623412.0,160.216,8778,False
2025-11-12 00:00:00+00:00,158.68,159.06,153.15,155.5,1086798.0,155.165,7144,False
2025-11-13 00:00:00+00:00,154.07,157.3,151.66,152.05,1830723.0,153.404,6952,False
2025-11-14 00:00:00+00:00,150.33,154.91,149.1,151.79,1244072.0,152.402,8205,False
2025-11-17 00:00:00+00:00,150.25,151.7,145.06,146.02,1424937.0,147.144,9877,False
2025-11-18 00:00:00+00:00,146.27,149.47,145.2,148.75,1102276.0,147.7,7524,False
2025-11-19 00:00:00+00:00,148.23,150.1,146.22,146.51,976567.0,147.656,7295,False
2025-11-20 00:00:00+00:00,147.54,149.9,143.39,144.04,1022504.0,145.968,7199,False
2025-11-21 00:00:00+00:00,143.5,146.53,139.7,146.28,2379843.0,143.893,14610,False
2025-11-24 00:00:00+00:00,146.75,148.29,145.0,146.45,1368530.0,146.65,9645,False
2025-11-25 00:00:00+00:00,146.36,150.89,146.23,149.04,1193652.0,149.159,8260,False
2025-11-26 00:00:00+00:00,147.37,149.16,146.92,148.03,772214.0,148.216,5610,False
2025-11-28 00:00:00+00:00,148.22,151.36,147.66,149.52,631672.0,150.248,3878,False
2025-12-01 00:00:00+00:00,148.03,154.63,147.9,151.58,1527440.0,152.192,10161,False
2025-12-02 00:00:00+00:00,153.0,156.65,152.0,153.91,1363941.0,154.666,9139,False
2025-12-03 00:00:00+00:00,153.57,156.87,151.63,156.75,1001571.0,155.278,6529,False
2025-12-04 00:00:00+00:00,156.89,158.21,153.75,156.54,908931.0,155.677,6847,False
2025-12-05 00:00:00+00:00,156.27,164.49,155.79,159.33,2383344.0,160.661,15678,False
2025-12-08 00:00:00+00:00,160.6,162.4,159.31,160.74,950432.0,160.921,6506,False
2025-12-09 00:00:00+00:00,159.7,162.69,158.26,161.41,1049527.0,161.117,6784,False
2025-12-10 00:00:00+00:00,160.54,164.03,159.7,161.73,649828.0,161.848,5052,False
2025-12-11 00:00:00+00:00,162.43,164.84,160.97,163.27,677414.0,163.116,4805,False
2025-12-12 00:00:00+00:00,162.89,164.49,160.31,162.04,623975.0,162.106,4748,False
2025-12-15 00:00:00+00:00,162.65,162.65,157.12,159.17,1084048.0,158.976,6863,False
2025-12-16 00:00:00+00:00,158.91,163.5,158.11,159.56,684885.0,160.452,5189,False
2025-12-17 00:00:00+00:00,160.95,166.48,160.17,161.98,1917362.0,163.409,10692,False
2025-12-18 00:00:00+00:00,162.62,166.33,161.0,165.0,995844.0,164.884,7391,False
2025-12-19 00:00:00+00:00,163.89,165.73,160.49,161.07,1143427.0,162.398,7034,False
2025-12-22 00:00:00+00:00,161.95,166.0,161.08,164.45,622174.0,164.028,4213,False
2025-12-23 00:00:00+00:00,162.78,163.85,158.04,162.39,804796.0,161.295,5875,False
2025-12-24 00:00:00+00:00,160.99,162.05,159.87,161.12,172820.0,161.009,1078,False
2025-12-26 00:00:00+00:00,161.68,163.39,161.2,163.15,379269.0,162.651,2681,False
2025-12-29 00:00:00+00:00,162.02,164.69,162.02,163.99,505992.0,163.71,3677,False
2025-12-30 00:00:00+00:00,162.56,164.5,162.09,162.93,533728.0,163.441,3487,False
2025-12-31 00:00:00+00:00,163.0,163.27,161.53,162.14,667883.0,162.669,4696,False
2026-01-02 00:00:00+00:00,162.14,162.14,153.83,154.76,1286417.0,156.214,8946,False
2026-01-05 00:00:00+00:00,155.0,156.38,152.42,153.88,1882214.0,154.196,12662,False
2026-01-06 00:00:00+00:00,152.67,161.18,150.5,158.36,1631198.0,158.459,11657,False
2026-01-07 00:00:00+00:00,158.36,163.92,157.21,160.87,1424311.0,161.222,9128,False
2026-01-08 00:00:00+00:00,159.19,159.19,149.02,149.43,2671033.0,151.956,13552,False
2026-01-09 00:00:00+00:00,150.0,150.84,143.11,146.42,2371436.0,145.677,14222,False
2026-01-12 00:00:00+00:00,145.56,148.73,143.66,146.44,1343227.0,147.015,9755,False
2026-01-13 00:00:00+00:00,146.27,148.0,137.66,137.89,3103933.0,139.34,20839,False
2026-01-14 00:00:00+00:00,137.2,138.92,131.19,131.96,2146315.0,133.697,14573,False
2026-01-15 00:00:00+00:00,132.66,133.97,127.7,128.45,2665031.0,130.361,14718,False
2026-01-16 00:00:00+00:00,129.22,129.46,118.08,118.55,4772859.0,121.259,26741,False
2026-01-20 00:00:00+00:00,115.62,121.21,115.53,118.06,4298552.0,118.211,26643,False
2026-01-21 00:00:00+00:00,118.3,123.4,116.56,122.41,3598926.0,121.357,24002,False
2026-01-22 00:00:00+00:00,123.2,128.77,122.98,128.44,2788838.0,126.446,19692,False
2026-01-23 00:00:00+00:00,128.74,132.28,128.65,131.75,3837859.0,131.041,22309,False
2026-01-26 00:00:00+00:00,132.74,138.95,132.51,138.44,3826866.0,136.882,21323,False
2026-01-27 00:00:00+00:00,139.49,140.68,131.17,133.86,2650517.0,133.729,16667,False
2026-01-28 00:00:00+00:00,135.49,138.85,133.61,134.76,1204576.0,135.63,8083,False
2026-01-29 00:00:00+00:00,124.91,125.41,115.01,120.38,6215100.0,118.894,38218,False
2026-01-30 00:00:00+00:00,121.37,123.56,117.83,118.18,2714081.0,119.463,18552,False
2026-02-02 00:00:00+00:00,117.56,119.61,113.47,113.7,3070610.0,116.269,19811,False
2026-02-03 00:00:00+00:00,110.49,110.49,100.92,105.0,5110637.0,104.015,31560,False
2026-02-04 00:00:00+00:00,104.1,110.23,98.7,105.04,4808002.0,105.076,31297,False
2026-02-05 00:00:00+00:00,104.49,106.96,97.93,98.41,4714370.0,101.687,32764,False
2026-02-06 00:00:00+00:00,100.14,102.99,92.32,94.72,9656960.0,95.311,51484,False
2026-02-09 00:00:00+00:00,93.45,94.1,88.51,91.23,5684184.0,91.665,36782,False
2026-02-10 00:00:00+00:00,91.29,97.0,90.5,92.92,4550475.0,93.655,30708,False
2026-02-11 00:00:00+00:00,91.75,93.0,85.04,86.97,5882917.0,86.781,34569,False
2026-02-12 00:00:00+00:00,87.14,88.5,83.17,86.48,7750419.0,85.532,43799,False
2026-02-13 00:00:00+00:00,86.19,88.25,84.0,84.38,4005515.0,85.87,25410,False
2026-02-17 00:00:00+00:00,85.44,87.2,80.4,82.15,5911037.0,81.935,31816,False
2026-02-18 00:00:00+00:00,81.99,84.48,80.4,83.61,3009574.0,83.389,18905,False
2026-02-19 00:00:00+00:00,83.71,84.35,80.21,80.26,4181406.0,81.567,25305,False
2026-02-20 00:00:00+00:00,79.56,81.19,75.01,75.98,6786759.0,77.164,34142,False
2026-02-23 00:00:00+00:00,73.5,73.75,68.27,68.81,7414668.0,70.195,39456,False
2026-02-24 00:00:00+00:00,68.81,73.2,67.85,71.18,6987895.0,70.981,39884,False
2026-02-25 00:00:00+00:00,70.72,73.55,67.87,73.19,4334621.0,71.732,24342,False
2026-02-26 00:00:00+00:00,75.0,81.67,75.0,79.43,7138405.0,79.104,38490,False
2026-02-27 00:00:00+00:00,75.49,76.77,73.56,75.13,4489132.0,75.303,23788,False
2026-03-02 00:00:00+00:00,72.91,75.65,72.34,73.8,3325288.0,73.987,20934,False
2026-03-03 00:00:00+00:00,72.11,78.75,71.0,78.38,3686613.0,75.404,22115,False
2026-03-04 00:00:00+00:00,77.5,78.3,74.35,76.81,4221002.0,76.76,24594,False
2026-03-05 00:00:00+00:00,77.7,84.26,77.7,82.51,8446042.0,82.166,47310,False
2026-03-06 00:00:00+00:00,81.8,84.95,79.43,83.62,4786251.0,82.614,26212,False
2026-03-09 00:00:00+00:00,82.81,83.91,80.04,82.04,3643927.0,81.45,24364,False
2026-03-10 00:00:00+00:00,81.15,82.0,76.86,78.01,4547528.0,78.46,26625,False
2026-03-11 00:00:00+00:00,78.13,79.1,74.2,75.45,4045512.0,75.784,23159,False
2026-03-12 00:00:00+00:00,75.77,80.42,73.32,73.34,5408074.0,76.146,26859,False
2026-03-13 00:00:00+00:00,73.09,76.09,72.64,75.21,3433895.0,74.295,20963,False
2026-03-16 00:00:00+00:00,76.7,77.44,74.89,76.17,3029781.0,76.036,21057,False
2026-03-17 00:00:00+00:00,75.83,78.8,74.08,74.91,3603090.0,75.689,21773,False
2026-03-18 00:00:00+00:00,74.37,74.47,71.91,73.47,2904168.0,73.297,17978,False
2026-03-19 00:00:00+00:00,74.34,76.72,72.93,74.6,2840782.0,74.549,18318,False
2026-03-20 00:00:00+00:00,72.8,75.16,70.54,73.73,2555490.0,73.383,14352,False
2026-03-23 00:00:00+00:00,73.32,75.45,72.0,74.41,2374100.0,74.255,16623,False
2026-03-24 00:00:00+00:00,72.8,72.82,67.33,68.17,5182811.0,68.647,28460,False
2026-03-25 00:00:00+00:00,69.79,71.3,66.1,66.46,3486728.0,67.583,21157,False
2026-03-26 00:00:00+00:00,66.09,69.37,65.82,68.13,2765234.0,68.058,16922,False
2026-03-27 00:00:00+00:00,67.01,67.06,64.3,65.12,3678478.0,65.194,21474,False
2026-03-30 00:00:00+00:00,65.53,68.68,65.24,66.88,2917581.0,67.043,18500,False
2026-03-31 00:00:00+00:00,67.0,69.56,66.65,68.25,2362869.0,68.139,15855,False
2026-04-01 00:00:00+00:00,68.46,70.43,65.12,69.37,3415705.0,68.779,20394,False
2026-04-02 00:00:00+00:00,69.45,69.96,66.9,68.29,2129621.0,68.053,13717,False
2026-04-06 00:00:00+00:00,68.33,69.5,66.96,68.09,1886692.0,68.146,11055,False
2026-04-07 00:00:00+00:00,67.48,68.25,64.32,64.83,3241432.0,65.406,17950,False
2026-04-08 00:00:00+00:00,67.67,68.57,63.2,63.62,4436397.0,65.093,27154,False
2026-04-09 00:00:00+00:00,62.07,63.24,57.3,58.96,7507689.0,59.011,42792,False
2026-04-10 00:00:00+00:00,59.17,59.26,56.01,57.15,4798250.0,57.164,26927,False
2026-04-13 00:00:00+00:00,57.5,61.4,56.72,61.3,7110760.0,60.195,28860,False
2026-04-14 00:00:00+00:00,62.2,63.45,59.36,59.71,4423918.0,60.732,22257,False
2026-04-15 00:00:00+00:00,61.24,66.11,60.25,66.0,7648845.0,64.187,40508,False
2026-04-16 00:00:00+00:00,69.7,71.07,66.85,68.73,6375710.0,68.91,36519,False
2026-04-17 00:00:00+00:00,69.9,70.5,65.91,66.94,7091547.0,67.333,35628,False
2026-04-20 00:00:00+00:00,67.0,71.59,66.32,71.48,5577682.0,70.329,30109,False
2026-04-21 00:00:00+00:00,72.08,75.95,70.6,71.22,3797424.0,73.136,22235,False
2026-04-22 00:00:00+00:00,71.45,74.59,70.35,74.01,4617192.0,72.554,26177,False
2026-04-23 00:00:00+00:00,67.2,68.05,65.2,67.62,5152473.0,66.624,28773,False
2026-04-24 00:00:00+00:00,68.8,71.96,68.32,71.55,3320048.0,70.482,20132,False
2026-04-27 00:00:00+00:00,69.42,71.97,68.86,69.22,3491194.0,70.26,20122,False
2026-04-28 00:00:00+00:00,69.89,72.8,69.37,69.71,2957575.0,70.234,16174,False
2026-04-29 00:00:00+00:00,69.6,70.7,68.48,70.49,2265370.0,70.038,13664,False
2026-04-30 00:00:00+00:00,69.59,69.59,66.55,68.59,3774412.0,67.812,23541,False
2026-05-01 00:00:00+00:00,82.92,90.23,82.05,88.88,19503182.0,86.381,82222,False
2026-05-04 00:00:00+00:00,88.17,96.32,87.46,93.16,10691288.0,93.917,53141,False
2026-05-05 00:00:00+00:00,92.49,93.9,88.93,92.35,4604570.0,91.26,21763,False
2026-05-06 00:00:00+00:00,91.09,91.48,84.48,88.8,6589971.0,87.941,30821,False
2026-05-07 00:00:00+00:00,91.61,95.0,90.42,92.37,8989646.0,93.154,37940,False
2026-05-08 00:00:00+00:00,88.64,92.13,84.42,91.6,9313635.0,89.256,37424,False
2026-05-11 00:00:00+00:00,90.24,92.43,84.9,87.31,5457944.0,86.932,27355,False
2026-05-12 00:00:00+00:00,87.22,88.2,83.38,85.0,3661041.0,85.472,20479,False
2026-05-13 00:00:00+00:00,84.44,84.89,80.2,80.62,3819829.0,81.289,20932,False
2026-05-14 00:00:00+00:00,80.33,82.5,78.2,80.86,2698202.0,80.694,16425,False
2026-05-15 00:00:00+00:00,82.1,89.19,82.1,87.46,3928272.0,86.485,23803,False
