date,open,high,low,close,volume,average,barCount,is_rth
2025-11-17 14:00:00+00:00,13.16,13.16,12.92,12.94,5534.0,13.018,40,False
2025-11-17 15:00:00+00:00,13.08,13.17,12.93,13.0,22846.0,13.077,100,True
2025-11-17 16:00:00+00:00,12.93,13.25,12.93,13.25,13421.0,13.118,42,True
2025-11-17 17:00:00+00:00,13.25,13.25,13.16,13.25,6473.0,13.211,45,True
2025-11-17 18:00:00+00:00,13.2,13.25,13.04,13.11,16191.0,13.142,122,True
2025-11-17 19:00:00+00:00,13.11,13.24,13.02,13.02,42267.0,13.093,274,True
2025-11-17 20:00:00+00:00,13.01,13.1,12.97,13.09,33391.0,13.061,195,True
2025-11-17 21:00:00+00:00,13.07,13.07,13.07,13.07,6056.0,13.07,1,False
2025-11-17 22:00:00+00:00,13.07,13.07,13.07,13.07,0.0,13.07,0,False
2025-11-17 23:00:00+00:00,13.07,13.07,13.07,13.07,0.0,13.07,0,False
2025-11-18 00:00:00+00:00,13.07,13.07,13.07,13.07,0.0,13.07,0,False
2025-11-18 14:00:00+00:00,12.93,13.4,12.54,12.54,5332.0,12.835,29,False
2025-11-18 15:00:00+00:00,12.84,12.96,12.57,12.62,16523.0,12.679,38,True
2025-11-18 16:00:00+00:00,12.79,12.84,12.63,12.8,5291.0,12.771,42,True
2025-11-18 17:00:00+00:00,12.84,12.99,12.78,12.92,4838.0,12.895,39,True
2025-11-18 18:00:00+00:00,12.92,13.04,12.82,12.95,21165.0,12.905,65,True
2025-11-18 19:00:00+00:00,12.99,13.05,12.83,12.99,13318.0,12.967,66,True
2025-11-18 20:00:00+00:00,13.02,13.09,12.91,12.92,16068.0,12.981,115,True
2025-11-18 21:00:00+00:00,12.89,12.89,12.89,12.89,4506.0,12.89,1,False
2025-11-18 22:00:00+00:00,12.89,12.89,12.89,12.89,0.0,12.89,0,False
2025-11-18 23:00:00+00:00,13.19,13.2,12.8,12.8,15740.0,13.0,7,False
2025-11-19 00:00:00+00:00,12.98,12.99,12.8,12.8,1156.0,12.894,2,False
2025-11-19 14:00:00+00:00,12.74,13.16,12.73,13.16,3855.0,12.947,25,False
2025-11-19 15:00:00+00:00,13.03,13.54,13.03,13.12,25787.0,13.326,149,True
2025-11-19 16:00:00+00:00,13.12,13.16,12.9,12.94,30478.0,13.01,118,True
2025-11-19 17:00:00+00:00,12.94,13.03,12.82,12.88,1148.0,12.906,9,True
2025-11-19 18:00:00+00:00,12.92,12.92,12.57,12.89,6930.0,12.745,36,True
2025-11-19 19:00:00+00:00,12.82,12.83,12.81,12.81,1500.0,12.816,10,True
2025-11-19 20:00:00+00:00,12.81,12.93,12.8,12.86,19014.0,12.84,77,True
2025-11-19 21:00:00+00:00,12.87,12.87,12.87,12.87,4918.0,12.87,1,False
2025-11-19 22:00:00+00:00,12.87,12.87,12.87,12.87,0.0,12.87,0,False
2025-11-19 23:00:00+00:00,12.87,12.87,12.87,12.87,0.0,12.87,0,False
2025-11-20 00:00:00+00:00,12.87,12.87,12.87,12.87,0.0,12.87,0,False
2025-11-20 14:00:00+00:00,12.88,13.26,12.51,12.94,11172.0,12.935,75,False
2025-11-20 15:00:00+00:00,12.88,12.93,12.74,12.87,16256.0,12.839,75,True
2025-11-20 16:00:00+00:00,12.72,12.75,12.32,12.35,17644.0,12.464,84,True
2025-11-20 17:00:00+00:00,12.34,12.36,12.07,12.3,31637.0,12.175,97,True
2025-11-20 18:00:00+00:00,12.3,12.69,12.3,12.39,16695.0,12.336,55,True
2025-11-20 19:00:00+00:00,12.34,12.49,12.15,12.31,12280.0,12.302,43,True
2025-11-20 20:00:00+00:00,12.34,12.35,11.99,12.01,38041.0,12.106,160,True
2025-11-20 21:00:00+00:00,12.04,12.04,12.04,12.04,4429.0,12.04,1,False
2025-11-20 22:00:00+00:00,11.9,11.9,11.9,11.9,820.0,11.9,1,False
2025-11-20 23:00:00+00:00,11.9,11.9,11.9,11.9,0.0,11.9,0,False
2025-11-21 00:00:00+00:00,11.9,11.9,11.9,11.9,0.0,11.9,0,False
2025-11-21 12:00:00+00:00,11.63,11.63,11.63,11.63,100.0,11.63,1,False
2025-11-21 13:00:00+00:00,11.62,11.62,11.62,11.62,400.0,11.62,1,False
2025-11-21 14:00:00+00:00,11.87,12.1,11.85,11.94,2074.0,11.927,11,False
2025-11-21 15:00:00+00:00,12.22,12.22,11.77,11.81,28295.0,11.901,91,True
2025-11-21 16:00:00+00:00,11.81,12.01,11.71,12.01,2032.0,11.885,15,True
2025-11-21 17:00:00+00:00,11.98,11.98,11.83,11.91,4285.0,11.903,31,True
2025-11-21 18:00:00+00:00,11.86,11.86,11.62,11.76,3677.0,11.766,31,True
2025-11-21 19:00:00+00:00,11.82,12.03,11.8,11.88,4201.0,11.924,35,True
2025-11-21 20:00:00+00:00,11.93,11.97,11.84,11.89,18025.0,11.902,132,True
2025-11-21 21:00:00+00:00,11.85,11.85,11.85,11.85,3290.0,11.85,1,False
2025-11-21 22:00:00+00:00,11.85,11.85,11.85,11.85,0.0,11.85,0,False
2025-11-21 23:00:00+00:00,11.85,11.85,11.85,11.85,0.0,11.85,0,False
2025-11-22 00:00:00+00:00,11.85,11.85,11.85,11.85,0.0,11.85,0,False
2025-11-24 14:00:00+00:00,11.71,11.8,11.53,11.54,12227.0,11.613,52,False
2025-11-24 15:00:00+00:00,11.54,11.6,11.42,11.46,11955.0,11.461,60,True
2025-11-24 16:00:00+00:00,11.5,11.5,11.24,11.28,6090.0,11.311,57,True
2025-11-24 17:00:00+00:00,11.27,11.36,11.1,11.35,12582.0,11.215,78,True
2025-11-24 18:00:00+00:00,11.37,11.49,11.36,11.49,6799.0,11.4,41,True
2025-11-24 19:00:00+00:00,11.59,11.6,11.41,11.45,5651.0,11.504,39,True
2025-11-24 20:00:00+00:00,11.45,11.65,11.45,11.5,21017.0,11.524,112,True
2025-11-24 21:00:00+00:00,11.49,11.49,11.49,11.49,93667.0,11.49,1,False
2025-11-24 22:00:00+00:00,11.49,11.49,11.49,11.49,0.0,11.49,0,False
2025-11-24 23:00:00+00:00,11.49,11.49,11.49,11.49,0.0,11.49,0,False
2025-11-25 00:00:00+00:00,11.49,11.49,11.49,11.49,0.0,11.49,0,False
2025-11-25 13:00:00+00:00,11.44,11.44,11.44,11.44,889.0,11.44,6,False
2025-11-25 14:00:00+00:00,11.44,11.65,11.44,11.62,9663.0,11.591,35,False
2025-11-25 15:00:00+00:00,11.65,11.71,11.57,11.63,8212.0,11.621,56,True
2025-11-25 16:00:00+00:00,11.57,11.65,11.47,11.58,50925.0,11.583,135,True
2025-11-25 17:00:00+00:00,11.62,11.69,11.47,11.48,25969.0,11.543,139,True
2025-11-25 18:00:00+00:00,11.54,11.78,11.46,11.71,47850.0,11.601,150,True
2025-11-25 19:00:00+00:00,11.79,11.87,11.62,11.65,40566.0,11.715,100,True
2025-11-25 20:00:00+00:00,11.67,11.78,11.53,11.57,36540.0,11.629,217,True
2025-11-25 21:00:00+00:00,11.69,11.69,11.69,11.69,3916.0,11.69,1,False
2025-11-25 22:00:00+00:00,11.69,11.69,11.69,11.69,0.0,11.69,0,False
2025-11-25 23:00:00+00:00,11.69,11.69,11.69,11.69,0.0,11.69,0,False
2025-11-26 00:00:00+00:00,11.69,11.69,11.69,11.69,0.0,11.69,0,False
2025-11-26 13:00:00+00:00,11.68,11.8,11.55,11.8,3120.0,11.612,6,False
2025-11-26 14:00:00+00:00,11.72,11.96,11.67,11.8,16459.0,11.819,33,False
2025-11-26 15:00:00+00:00,11.84,12.01,11.74,11.8,43781.0,11.836,226,True
2025-11-26 16:00:00+00:00,11.79,11.98,11.69,11.97,60542.0,11.834,323,True
2025-11-26 17:00:00+00:00,11.98,12.04,11.8,11.83,49820.0,11.888,283,True
2025-11-26 18:00:00+00:00,11.84,11.96,11.78,11.95,36549.0,11.854,252,True
2025-11-26 19:00:00+00:00,11.89,12.02,11.7,12.02,50375.0,11.823,306,True
2025-11-26 20:00:00+00:00,12.05,12.11,11.89,11.9,34813.0,11.976,241,True
2025-11-26 21:00:00+00:00,12.02,12.02,11.96,11.97,7245.0,12.019,3,False
2025-11-26 22:00:00+00:00,11.97,11.97,11.97,11.97,0.0,11.97,0,False
2025-11-26 23:00:00+00:00,11.95,11.95,11.95,11.95,750.0,11.95,1,False
2025-11-27 00:00:00+00:00,11.95,11.95,11.95,11.95,0.0,11.95,0,False
2025-11-28 13:00:00+00:00,12.02,12.02,11.97,11.98,17660.0,12.0,6,False
2025-11-28 14:00:00+00:00,12.03,12.15,11.94,11.96,17362.0,12.035,54,False
2025-11-28 15:00:00+00:00,12.06,12.5,12.05,12.36,112194.0,12.302,408,True
2025-11-28 16:00:00+00:00,12.3,12.57,12.25,12.52,55533.0,12.384,142,True
2025-11-28 17:00:00+00:00,12.51,12.59,12.44,12.54,16608.0,12.512,104,True
2025-11-28 18:00:00+00:00,12.54,12.62,12.54,12.62,9504.0,12.617,2,True
2025-11-28 19:00:00+00:00,12.62,12.62,12.62,12.62,0.0,12.62,0,True
2025-11-28 20:00:00+00:00,12.62,12.62,12.62,12.62,0.0,12.62,0,True
2025-11-28 21:00:00+00:00,12.65,12.65,12.65,12.65,250.0,12.65,1,False
2025-12-01 14:00:00+00:00,12.37,12.64,12.19,12.56,10514.0,12.51,47,False
2025-12-01 15:00:00+00:00,12.6,12.66,12.53,12.66,21260.0,12.597,58,True
2025-12-01 16:00:00+00:00,12.63,12.63,12.49,12.53,2369.0,12.577,18,True
2025-12-01 17:00:00+00:00,12.56,12.65,12.33,12.5,21585.0,12.53,122,True
2025-12-01 18:00:00+00:00,12.5,12.65,12.4,12.62,44819.0,12.563,309,True
2025-12-01 19:00:00+00:00,12.63,12.64,12.52,12.57,8927.0,12.561,55,True
2025-12-01 20:00:00+00:00,12.57,12.61,12.45,12.61,15258.0,12.532,117,True
2025-12-01 21:00:00+00:00,12.61,12.86,12.6,12.86,5229.0,12.616,3,False
2025-12-01 22:00:00+00:00,12.86,12.86,12.86,12.86,0.0,12.86,0,False
2025-12-01 23:00:00+00:00,12.86,12.86,12.86,12.86,0.0,12.86,0,False
2025-12-02 00:00:00+00:00,12.86,12.86,12.86,12.86,0.0,12.86,0,False
2025-12-02 14:00:00+00:00,12.61,12.8,12.47,12.65,8494.0,12.614,42,False
2025-12-02 15:00:00+00:00,12.65,12.69,12.49,12.49,16004.0,12.615,96,True
2025-12-02 16:00:00+00:00,12.48,12.61,12.47,12.61,3930.0,12.564,25,True
2025-12-02 17:00:00+00:00,12.53,12.68,12.52,12.54,5974.0,12.582,45,True
2025-12-02 18:00:00+00:00,12.61,12.73,12.54,12.73,21786.0,12.627,86,True
2025-12-02 19:00:00+00:00,12.73,12.73,12.48,12.67,59980.0,12.55,164,True
2025-12-02 20:00:00+00:00,12.65,12.71,12.55,12.6,27005.0,12.601,115,True
2025-12-02 21:00:00+00:00,12.63,12.63,12.63,12.63,4184.0,12.63,1,False
2025-12-02 22:00:00+00:00,12.63,12.63,12.63,12.63,0.0,12.63,0,False
2025-12-02 23:00:00+00:00,12.63,12.63,12.63,12.63,0.0,12.63,0,False
2025-12-03 00:00:00+00:00,12.63,12.63,12.63,12.63,0.0,12.63,0,False
2025-12-03 14:00:00+00:00,12.64,12.97,12.61,12.85,13559.0,12.78,45,False
2025-12-03 15:00:00+00:00,12.85,12.97,12.71,12.71,7797.0,12.816,47,True
2025-12-03 16:00:00+00:00,12.74,12.87,12.65,12.79,16783.0,12.728,93,True
2025-12-03 17:00:00+00:00,12.77,12.84,12.6,12.71,83775.0,12.673,161,True
2025-12-03 18:00:00+00:00,12.76,12.81,12.72,12.78,2501.0,12.761,22,True
2025-12-03 19:00:00+00:00,12.84,12.97,12.82,12.88,10544.0,12.904,63,True
2025-12-03 20:00:00+00:00,12.95,12.97,12.75,12.96,16704.0,12.865,104,True
2025-12-03 21:00:00+00:00,12.96,12.96,12.96,12.96,4197.0,12.96,3,False
2025-12-03 22:00:00+00:00,12.96,12.96,12.96,12.96,0.0,12.96,0,False
2025-12-03 23:00:00+00:00,12.96,12.96,12.96,12.96,0.0,12.96,0,False
2025-12-04 00:00:00+00:00,12.96,12.96,12.96,12.96,0.0,12.96,0,False
2025-12-04 11:00:00+00:00,13.24,13.24,13.24,13.24,108.0,13.24,1,False
2025-12-04 12:00:00+00:00,13.24,13.24,13.24,13.24,0.0,13.24,0,False
2025-12-04 13:00:00+00:00,13.18,13.25,13.12,13.12,2663.0,13.196,17,False
2025-12-04 14:00:00+00:00,13.12,13.12,12.84,12.96,15506.0,12.912,42,False
2025-12-04 15:00:00+00:00,12.95,13.04,12.87,13.03,15132.0,12.95,78,True
2025-12-04 16:00:00+00:00,13.03,13.03,12.91,12.96,3738.0,12.967,30,True
2025-12-04 17:00:00+00:00,12.92,12.96,12.81,12.9,22696.0,12.903,72,True
2025-12-04 18:00:00+00:00,12.86,12.93,12.82,12.88,7532.0,12.885,55,True
2025-12-04 19:00:00+00:00,12.86,12.92,12.75,12.81,46729.0,12.834,243,True
2025-12-04 20:00:00+00:00,12.8,12.87,12.6,12.87,25861.0,12.769,209,True
2025-12-04 21:00:00+00:00,12.87,12.87,12.86,12.87,5955.0,12.87,2,False
2025-12-04 22:00:00+00:00,12.87,12.87,12.87,12.87,0.0,12.87,0,False
2025-12-04 23:00:00+00:00,12.87,12.87,12.87,12.87,0.0,12.87,0,False
2025-12-05 00:00:00+00:00,12.87,12.87,12.87,12.87,0.0,12.87,0,False
2025-12-05 14:00:00+00:00,12.92,13.16,12.92,13.05,18711.0,13.012,33,False
2025-12-05 15:00:00+00:00,13.05,13.1,12.88,12.88,6161.0,12.994,52,True
2025-12-05 16:00:00+00:00,12.88,12.95,12.62,12.78,6213.0,12.808,36,True
2025-12-05 17:00:00+00:00,12.84,13.04,12.73,12.73,6023.0,12.83,25,True
2025-12-05 18:00:00+00:00,12.73,12.83,12.59,12.82,41574.0,12.737,258,True
2025-12-05 19:00:00+00:00,12.79,12.81,12.53,12.58,8172.0,12.659,71,True
2025-12-05 20:00:00+00:00,12.6,12.66,12.44,12.5,39921.0,12.496,219,True
2025-12-05 21:00:00+00:00,12.52,12.52,12.52,12.52,4771.0,12.52,1,False
2025-12-05 22:00:00+00:00,12.52,12.52,12.52,12.52,0.0,12.52,0,False
2025-12-05 23:00:00+00:00,12.52,12.52,12.52,12.52,0.0,12.52,0,False
2025-12-06 00:00:00+00:00,12.52,12.52,12.52,12.52,0.0,12.52,0,False
2025-12-08 14:00:00+00:00,12.65,12.65,12.65,12.65,737.0,12.65,1,False
2025-12-08 15:00:00+00:00,12.5,12.58,12.46,12.46,2570.0,12.548,19,True
2025-12-08 16:00:00+00:00,12.46,12.52,12.4,12.41,1134.0,12.466,11,True
2025-12-08 17:00:00+00:00,12.47,12.52,12.37,12.52,3301.0,12.451,22,True
2025-12-08 18:00:00+00:00,12.45,12.49,12.29,12.35,6132.0,12.389,46,True
2025-12-08 19:00:00+00:00,12.3,12.37,12.26,12.29,4003.0,12.317,31,True
2025-12-08 20:00:00+00:00,12.3,12.38,12.27,12.31,26804.0,12.324,209,True
2025-12-08 21:00:00+00:00,12.3,12.3,12.3,12.3,14757.0,12.3,1,False
2025-12-08 22:00:00+00:00,12.3,12.3,12.3,12.3,0.0,12.3,0,False
2025-12-08 23:00:00+00:00,12.06,12.06,12.06,12.06,100.0,12.06,1,False
2025-12-09 00:00:00+00:00,12.06,12.06,12.06,12.06,0.0,12.06,0,False
2025-12-09 14:00:00+00:00,12.61,12.61,12.06,12.36,7023.0,12.256,35,False
2025-12-09 15:00:00+00:00,12.36,12.47,12.21,12.23,38104.0,12.38,145,True
2025-12-09 16:00:00+00:00,12.23,12.23,12.04,12.05,6332.0,12.132,52,True
2025-12-09 17:00:00+00:00,12.05,12.19,12.05,12.1,10112.0,12.125,72,True
2025-12-09 18:00:00+00:00,12.09,12.14,12.02,12.12,20457.0,12.102,101,True
2025-12-09 19:00:00+00:00,12.1,12.2,12.0,12.14,20265.0,12.069,116,True
2025-12-09 20:00:00+00:00,12.14,12.14,12.01,12.01,34371.0,12.078,195,True
2025-12-09 21:00:00+00:00,12.01,12.01,12.01,12.01,4556.0,12.01,1,False
2025-12-09 22:00:00+00:00,12.01,12.01,12.01,12.01,0.0,12.01,0,False
2025-12-09 23:00:00+00:00,12.01,12.01,12.01,12.01,0.0,12.01,0,False
2025-12-10 00:00:00+00:00,12.08,12.08,12.08,12.08,500.0,12.08,1,False
2025-12-10 14:00:00+00:00,12.01,12.17,12.01,12.15,10301.0,12.097,58,False
2025-12-10 15:00:00+00:00,12.15,12.2,12.1,12.18,9232.0,12.139,44,True
2025-12-10 16:00:00+00:00,12.19,12.27,12.1,12.1,19630.0,12.206,77,True
2025-12-10 17:00:00+00:00,12.07,12.15,12.06,12.14,6807.0,12.095,33,True
2025-12-10 18:00:00+00:00,12.1,12.13,12.07,12.07,6401.0,12.104,27,True
2025-12-10 19:00:00+00:00,12.09,12.24,12.04,12.15,15802.0,12.153,111,True
2025-12-10 20:00:00+00:00,12.14,12.17,12.04,12.06,34408.0,12.109,202,True
2025-12-10 21:00:00+00:00,12.04,12.04,12.04,12.04,4341.0,12.04,1,False
2025-12-10 22:00:00+00:00,12.04,12.04,12.04,12.04,0.0,12.04,0,False
2025-12-10 23:00:00+00:00,12.04,12.04,12.04,12.04,0.0,12.04,0,False
2025-12-11 00:00:00+00:00,12.04,12.04,12.04,12.04,0.0,12.04,0,False
2025-12-11 14:00:00+00:00,12.0,12.08,11.87,12.04,108965.0,11.999,76,False
2025-12-11 15:00:00+00:00,12.04,12.12,11.9,11.9,51302.0,12.057,296,True
2025-12-11 16:00:00+00:00,11.9,11.93,11.79,11.86,12063.0,11.856,105,True
2025-12-11 17:00:00+00:00,11.88,11.95,11.8,11.89,4833.0,11.86,39,True
2025-12-11 18:00:00+00:00,11.86,11.98,11.86,11.93,53584.0,11.943,163,True
2025-12-11 19:00:00+00:00,11.91,11.94,11.78,11.88,11651.0,11.867,88,True
2025-12-11 20:00:00+00:00,11.85,11.97,11.81,11.97,28567.0,11.896,206,True
2025-12-11 21:00:00+00:00,11.97,11.97,11.97,11.97,7704.0,11.97,1,False
2025-12-11 22:00:00+00:00,11.97,11.97,11.97,11.97,0.0,11.97,0,False
2025-12-11 23:00:00+00:00,11.97,11.97,11.97,11.97,0.0,11.97,0,False
2025-12-12 00:00:00+00:00,11.97,11.97,11.97,11.97,0.0,11.97,0,False
2025-12-12 14:00:00+00:00,11.66,12.12,11.57,11.95,6621.0,11.851,30,False
2025-12-12 15:00:00+00:00,11.88,12.08,11.85,11.89,57399.0,11.981,306,True
2025-12-12 16:00:00+00:00,11.91,11.99,11.83,11.94,7905.0,11.903,60,True
2025-12-12 17:00:00+00:00,11.97,11.99,11.9,11.9,20128.0,11.968,133,True
2025-12-12 18:00:00+00:00,11.9,11.9,11.83,11.84,4665.0,11.872,37,True
2025-12-12 19:00:00+00:00,11.84,11.86,11.76,11.8,12680.0,11.819,100,True
2025-12-12 20:00:00+00:00,11.83,11.92,11.75,11.86,33836.0,11.839,231,True
2025-12-12 21:00:00+00:00,11.83,11.83,11.83,11.83,4451.0,11.83,1,False
2025-12-12 22:00:00+00:00,11.83,11.83,11.83,11.83,0.0,11.83,0,False
2025-12-12 23:00:00+00:00,11.83,11.83,11.83,11.83,0.0,11.83,0,False
2025-12-13 00:00:00+00:00,11.83,11.83,11.83,11.83,0.0,11.83,0,False
2025-12-15 13:00:00+00:00,11.85,11.86,11.85,11.86,3892.0,11.854,10,False
2025-12-15 14:00:00+00:00,11.86,11.99,11.82,11.95,7569.0,11.864,19,False
2025-12-15 15:00:00+00:00,11.79,11.8,11.64,11.73,5358.0,11.702,40,True
2025-12-15 16:00:00+00:00,11.72,11.9,11.67,11.74,20735.0,11.778,76,True
2025-12-15 17:00:00+00:00,11.75,11.77,11.68,11.7,3201.0,11.72,20,True
2025-12-15 18:00:00+00:00,11.71,11.82,11.54,11.82,17971.0,11.647,103,True
2025-12-15 19:00:00+00:00,11.79,11.91,11.65,11.67,16701.0,11.743,99,True
2025-12-15 20:00:00+00:00,11.75,11.92,11.62,11.74,67845.0,11.705,276,True
2025-12-15 21:00:00+00:00,11.78,11.78,11.78,11.78,6984.0,11.78,1,False
2025-12-15 22:00:00+00:00,11.78,11.78,11.78,11.78,0.0,11.78,0,False
2025-12-15 23:00:00+00:00,11.78,11.78,11.78,11.78,0.0,11.78,0,False
2025-12-16 00:00:00+00:00,11.78,11.78,11.78,11.78,0.0,11.78,0,False
2025-12-16 13:00:00+00:00,11.99,12.0,11.65,11.65,20898.0,11.825,9,False
2025-12-16 14:00:00+00:00,11.72,11.72,11.59,11.64,7428.0,11.643,34,False
2025-12-16 15:00:00+00:00,11.63,11.63,11.24,11.38,28910.0,11.347,162,True
2025-12-16 16:00:00+00:00,11.39,11.73,11.14,11.32,61855.0,11.25,263,True
2025-12-16 17:00:00+00:00,11.34,11.61,11.28,11.38,29037.0,11.346,161,True
2025-12-16 18:00:00+00:00,11.4,11.54,11.34,11.37,32973.0,11.394,183,True
2025-12-16 19:00:00+00:00,11.4,11.45,11.28,11.42,38862.0,11.378,198,True
2025-12-16 20:00:00+00:00,11.37,11.37,11.25,11.34,50304.0,11.305,365,True
2025-12-16 21:00:00+00:00,11.41,11.41,11.36,11.36,12158.0,11.36,2,False
2025-12-16 22:00:00+00:00,11.36,11.36,11.36,11.36,0.0,11.36,0,False
2025-12-16 23:00:00+00:00,11.36,11.36,11.36,11.36,0.0,11.36,0,False
2025-12-17 00:00:00+00:00,11.36,11.36,11.36,11.36,0.0,11.36,0,False
2025-12-17 13:00:00+00:00,11.45,11.45,11.45,11.45,1000.0,11.45,2,False
2025-12-17 14:00:00+00:00,11.45,11.53,11.35,11.43,3548.0,11.39,7,False
2025-12-17 15:00:00+00:00,11.41,11.52,11.33,11.51,8021.0,11.417,58,True
2025-12-17 16:00:00+00:00,11.45,11.47,11.38,11.45,6419.0,11.414,44,True
2025-12-17 17:00:00+00:00,11.45,11.47,11.43,11.44,1020.0,11.443,10,True
2025-12-17 18:00:00+00:00,11.42,11.5,11.39,11.45,27678.0,11.45,101,True
2025-12-17 19:00:00+00:00,11.41,11.46,11.34,11.42,16286.0,11.403,103,True
2025-12-17 20:00:00+00:00,11.46,11.46,11.26,11.27,15465.0,11.324,120,True
2025-12-17 21:00:00+00:00,11.26,11.26,11.26,11.26,4487.0,11.26,1,False
2025-12-17 22:00:00+00:00,11.26,11.26,11.26,11.26,0.0,11.26,0,False
2025-12-17 23:00:00+00:00,11.26,11.26,11.26,11.26,0.0,11.26,0,False
2025-12-18 00:00:00+00:00,11.26,11.26,11.26,11.26,0.0,11.26,0,False
2025-12-18 14:00:00+00:00,11.48,11.55,11.33,11.35,11159.0,11.467,83,False
2025-12-18 15:00:00+00:00,11.37,11.61,11.37,11.58,17300.0,11.515,86,True
2025-12-18 16:00:00+00:00,11.58,11.7,11.44,11.6,107352.0,11.577,517,True
2025-12-18 17:00:00+00:00,11.57,11.7,11.52,11.6,49585.0,11.594,259,True
2025-12-18 18:00:00+00:00,11.61,11.69,11.55,11.57,11633.0,11.598,85,True
2025-12-18 19:00:00+00:00,11.55,11.66,11.54,11.6,65392.0,11.619,266,True
2025-12-18 20:00:00+00:00,11.61,11.72,11.56,11.61,61674.0,11.616,384,True
2025-12-18 21:00:00+00:00,11.6,11.6,11.6,11.6,7607.0,11.6,1,False
2025-12-18 22:00:00+00:00,11.6,11.6,11.6,11.6,0.0,11.6,0,False
2025-12-18 23:00:00+00:00,11.6,11.6,11.6,11.6,0.0,11.6,0,False
2025-12-19 00:00:00+00:00,11.6,11.6,11.6,11.6,0.0,11.6,0,False
2025-12-19 14:00:00+00:00,11.65,11.75,11.58,11.7,16166.0,11.679,76,False
2025-12-19 15:00:00+00:00,11.7,11.71,11.62,11.63,8986.0,11.68,75,True
2025-12-19 16:00:00+00:00,11.63,11.76,11.52,11.63,44001.0,11.683,205,True
2025-12-19 17:00:00+00:00,11.59,11.64,11.48,11.48,24332.0,11.54,85,True
2025-12-19 18:00:00+00:00,11.44,11.52,11.37,11.42,19615.0,11.464,81,True
2025-12-19 19:00:00+00:00,11.41,11.43,11.34,11.38,12131.0,11.392,76,True
2025-12-19 20:00:00+00:00,11.34,11.42,11.3,11.32,34727.0,11.342,192,True
2025-12-19 21:00:00+00:00,11.32,11.45,11.32,11.45,19550.0,11.353,2,False
2025-12-19 22:00:00+00:00,11.45,11.45,11.45,11.45,0.0,11.45,0,False
2025-12-19 23:00:00+00:00,11.45,11.45,11.45,11.45,0.0,11.45,0,False
2025-12-20 00:00:00+00:00,11.45,11.45,11.45,11.45,0.0,11.45,0,False
2025-12-22 13:00:00+00:00,11.35,11.46,11.35,11.46,978.0,11.402,3,False
2025-12-22 14:00:00+00:00,11.48,11.6,11.39,11.41,9446.0,11.483,43,False
2025-12-22 15:00:00+00:00,11.4,11.44,11.35,11.38,7746.0,11.401,64,True
2025-12-22 16:00:00+00:00,11.39,11.41,11.32,11.33,7250.0,11.38,53,True
2025-12-22 17:00:00+00:00,11.34,11.41,11.33,11.41,10003.0,11.379,72,True
2025-12-22 18:00:00+00:00,11.41,11.42,11.34,11.37,15075.0,11.384,60,True
2025-12-22 19:00:00+00:00,11.38,11.39,11.29,11.31,15924.0,11.344,84,True
2025-12-22 20:00:00+00:00,11.3,11.34,11.24,11.24,16275.0,11.291,93,True
2025-12-22 21:00:00+00:00,11.24,11.24,11.24,11.24,5908.0,11.24,1,False
2025-12-22 22:00:00+00:00,11.24,11.24,11.24,11.24,0.0,11.24,0,False
2025-12-22 23:00:00+00:00,11.24,11.24,11.24,11.24,0.0,11.24,0,False
2025-12-23 00:00:00+00:00,11.24,11.24,11.24,11.24,0.0,11.24,0,False
2025-12-23 14:00:00+00:00,11.26,11.44,11.26,11.44,4497.0,11.31,19,False
2025-12-23 15:00:00+00:00,11.42,11.61,11.35,11.46,45939.0,11.516,176,True
2025-12-23 16:00:00+00:00,11.43,11.45,11.26,11.4,17044.0,11.38,89,True
2025-12-23 17:00:00+00:00,11.35,11.43,11.35,11.4,3885.0,11.398,24,True
2025-12-23 18:00:00+00:00,11.36,11.5,11.36,11.44,22146.0,11.415,93,True
2025-12-23 19:00:00+00:00,11.44,11.44,11.38,11.42,20976.0,11.41,110,True
2025-12-23 20:00:00+00:00,11.42,11.51,11.41,11.41,62232.0,11.447,316,True
2025-12-23 21:00:00+00:00,11.4,11.4,11.4,11.4,48579.0,11.4,1,False
2025-12-23 22:00:00+00:00,11.4,11.4,11.4,11.4,0.0,11.4,0,False
2025-12-23 23:00:00+00:00,11.4,11.4,11.4,11.4,0.0,11.4,0,False
2025-12-24 00:00:00+00:00,11.4,11.4,11.4,11.4,0.0,11.4,0,False
2025-12-24 14:00:00+00:00,11.4,11.44,11.36,11.41,19334.0,11.399,135,False
2025-12-24 15:00:00+00:00,11.41,11.41,11.34,11.4,2870.0,11.386,21,True
2025-12-24 16:00:00+00:00,11.4,11.47,11.38,11.4,26209.0,11.405,208,True
2025-12-24 17:00:00+00:00,11.4,11.44,11.27,11.28,69753.0,11.392,476,True
2025-12-24 18:00:00+00:00,11.27,11.44,11.27,11.44,13758.0,11.344,5,True
2025-12-24 19:00:00+00:00,11.44,11.44,11.44,11.44,0.0,11.44,0,True
2025-12-24 20:00:00+00:00,11.44,11.44,11.44,11.44,0.0,11.44,0,True
2025-12-24 21:00:00+00:00,11.44,11.44,11.43,11.44,0.0,11.44,0,False
2025-12-26 14:00:00+00:00,11.3,11.39,11.3,11.34,1210.0,11.344,10,False
2025-12-26 15:00:00+00:00,11.4,11.56,11.38,11.42,48363.0,11.462,143,True
2025-12-26 16:00:00+00:00,11.43,11.47,11.39,11.4,5760.0,11.434,45,True
2025-12-26 17:00:00+00:00,11.4,11.44,11.38,11.4,3826.0,11.41,23,True
2025-12-26 18:00:00+00:00,11.4,11.5,11.27,11.36,9144.0,11.396,62,True
2025-12-26 19:00:00+00:00,11.33,11.4,11.26,11.36,6840.0,11.321,46,True
2025-12-26 20:00:00+00:00,11.36,11.53,11.34,11.38,15916.0,11.403,133,True
2025-12-26 21:00:00+00:00,11.4,11.4,11.4,11.4,6324.0,11.4,1,False
2025-12-26 22:00:00+00:00,11.4,11.4,11.4,11.4,0.0,11.4,0,False
2025-12-26 23:00:00+00:00,11.4,11.4,11.4,11.4,0.0,11.4,0,False
2025-12-27 00:00:00+00:00,11.4,11.4,11.4,11.4,0.0,11.4,0,False
2025-12-29 14:00:00+00:00,11.28,11.46,11.27,11.37,6957.0,11.345,27,False
2025-12-29 15:00:00+00:00,11.37,11.52,11.34,11.44,76235.0,11.419,224,True
2025-12-29 16:00:00+00:00,11.44,11.5,11.2,11.43,27533.0,11.434,191,True
2025-12-29 17:00:00+00:00,11.42,11.43,11.3,11.35,11503.0,11.356,79,True
2025-12-29 18:00:00+00:00,11.29,11.31,11.23,11.27,10363.0,11.275,69,True
2025-12-29 19:00:00+00:00,11.27,11.45,11.26,11.42,50623.0,11.375,239,True
2025-12-29 20:00:00+00:00,11.41,11.44,11.39,11.44,27238.0,11.418,198,True
2025-12-29 21:00:00+00:00,11.44,11.44,11.44,11.44,6749.0,11.44,1,False
2025-12-29 22:00:00+00:00,11.44,11.44,11.44,11.44,0.0,11.44,0,False
2025-12-29 23:00:00+00:00,11.44,11.44,11.44,11.44,0.0,11.44,0,False
2025-12-30 00:00:00+00:00,11.44,11.44,11.44,11.44,0.0,11.44,0,False
2025-12-30 14:00:00+00:00,11.49,11.56,11.46,11.54,8773.0,11.517,74,False
2025-12-30 15:00:00+00:00,11.5,11.53,11.43,11.48,14312.0,11.472,69,True
2025-12-30 16:00:00+00:00,11.48,11.51,11.44,11.49,6641.0,11.481,46,True
2025-12-30 17:00:00+00:00,11.49,11.61,11.49,11.6,31699.0,11.546,164,True
2025-12-30 18:00:00+00:00,11.58,11.79,11.58,11.7,51828.0,11.695,217,True
2025-12-30 19:00:00+00:00,11.74,11.74,11.5,11.51,35650.0,11.595,148,True
2025-12-30 20:00:00+00:00,11.53,11.62,11.5,11.5,32727.0,11.547,176,True
2025-12-30 21:00:00+00:00,11.5,11.5,11.5,11.5,5851.0,11.5,1,False
2025-12-30 22:00:00+00:00,11.5,11.5,11.5,11.5,0.0,11.5,0,False
2025-12-30 23:00:00+00:00,11.5,11.5,11.5,11.5,0.0,11.5,0,False
2025-12-31 00:00:00+00:00,11.5,11.5,11.5,11.5,0.0,11.5,0,False
2025-12-31 14:00:00+00:00,11.57,11.57,11.54,11.54,441.0,11.563,2,False
2025-12-31 15:00:00+00:00,11.56,11.62,11.55,11.62,1529.0,11.573,15,True
2025-12-31 16:00:00+00:00,11.59,11.69,11.57,11.66,22117.0,11.653,80,True
2025-12-31 17:00:00+00:00,11.66,11.66,11.59,11.6,5506.0,11.613,19,True
2025-12-31 18:00:00+00:00,11.6,11.64,11.57,11.61,6359.0,11.607,34,True
2025-12-31 19:00:00+00:00,11.61,11.61,11.55,11.58,8048.0,11.58,51,True
2025-12-31 20:00:00+00:00,11.56,11.64,11.48,11.64,40313.0,11.553,160,True
2025-12-31 21:00:00+00:00,11.61,11.61,11.61,11.61,3623.0,11.61,1,False
2025-12-31 22:00:00+00:00,11.61,11.61,11.61,11.61,0.0,11.61,0,False
2025-12-31 23:00:00+00:00,11.61,11.61,11.61,11.61,0.0,11.61,0,False
2026-01-01 00:00:00+00:00,11.61,11.61,11.61,11.61,0.0,11.61,0,False
2026-01-02 13:00:00+00:00,11.61,11.61,11.61,11.61,100.0,11.61,1,False
2026-01-02 14:00:00+00:00,11.6,11.74,11.59,11.61,27993.0,11.703,95,False
2026-01-02 15:00:00+00:00,11.63,11.91,11.6,11.75,64764.0,11.736,280,True
2026-01-02 16:00:00+00:00,11.68,11.73,11.59,11.72,4603.0,11.659,37,True
2026-01-02 17:00:00+00:00,11.77,11.77,11.62,11.62,3473.0,11.686,27,True
2026-01-02 18:00:00+00:00,11.63,11.64,11.55,11.56,11593.0,11.569,42,True
2026-01-02 19:00:00+00:00,11.61,11.77,11.61,11.66,26913.0,11.687,141,True
2026-01-02 20:00:00+00:00,11.66,11.66,11.47,11.54,16370.0,11.588,108,True
2026-01-02 21:00:00+00:00,11.54,11.54,11.54,11.54,5657.0,11.54,1,False
2026-01-02 22:00:00+00:00,11.54,11.54,11.54,11.54,0.0,11.54,0,False
2026-01-02 23:00:00+00:00,11.54,11.54,11.54,11.54,0.0,11.54,0,False
2026-01-03 00:00:00+00:00,11.54,11.54,11.54,11.54,0.0,11.54,0,False
2026-01-05 14:00:00+00:00,11.64,11.72,11.48,11.49,7338.0,11.557,40,False
2026-01-05 15:00:00+00:00,11.53,11.56,11.46,11.51,12444.0,11.522,59,True
2026-01-05 16:00:00+00:00,11.56,11.6,11.49,11.57,31162.0,11.556,81,True
2026-01-05 17:00:00+00:00,11.55,11.65,11.51,11.6,16864.0,11.581,91,True
2026-01-05 18:00:00+00:00,11.6,11.6,11.51,11.51,27270.0,11.56,103,True
2026-01-05 19:00:00+00:00,11.52,11.63,11.51,11.58,22002.0,11.593,123,True
2026-01-05 20:00:00+00:00,11.56,11.65,11.56,11.65,50088.0,11.625,379,True
2026-01-05 21:00:00+00:00,11.65,11.65,11.65,11.65,12363.0,11.65,1,False
2026-01-05 22:00:00+00:00,11.65,11.65,11.65,11.65,0.0,11.65,0,False
2026-01-05 23:00:00+00:00,11.65,11.65,11.65,11.65,0.0,11.65,0,False
2026-01-06 00:00:00+00:00,11.65,11.65,11.65,11.65,0.0,11.65,0,False
2026-01-06 13:00:00+00:00,11.65,11.65,11.65,11.65,2000.0,11.65,1,False
2026-01-06 14:00:00+00:00,11.69,11.76,11.59,11.71,3881.0,11.706,23,False
2026-01-06 15:00:00+00:00,11.69,11.72,11.64,11.64,7359.0,11.693,57,True
2026-01-06 16:00:00+00:00,11.66,11.71,11.52,11.66,20851.0,11.634,73,True
2026-01-06 17:00:00+00:00,11.68,11.69,11.62,11.65,11074.0,11.649,60,True
2026-01-06 18:00:00+00:00,11.65,11.79,11.64,11.74,77132.0,11.747,365,True
2026-01-06 19:00:00+00:00,11.75,11.77,11.64,11.65,84932.0,11.723,325,True
2026-01-06 20:00:00+00:00,11.65,11.65,11.38,11.42,19606.0,11.477,136,True
2026-01-06 21:00:00+00:00,11.41,11.41,11.41,11.41,4935.0,11.41,2,False
2026-01-06 22:00:00+00:00,11.41,11.41,11.41,11.41,0.0,11.41,0,False
2026-01-06 23:00:00+00:00,11.41,11.41,11.41,11.41,0.0,11.41,0,False
2026-01-07 00:00:00+00:00,11.41,11.41,11.41,11.41,0.0,11.41,0,False
2026-01-07 14:00:00+00:00,11.44,11.47,11.32,11.33,9989.0,11.399,23,False
2026-01-07 15:00:00+00:00,11.33,11.33,11.07,11.07,4786.0,11.216,28,True
2026-01-07 16:00:00+00:00,11.09,11.14,11.01,11.04,5201.0,11.083,38,True
2026-01-07 17:00:00+00:00,11.07,11.1,10.96,11.09,12678.0,11.061,47,True
2026-01-07 18:00:00+00:00,11.09,11.23,11.07,11.2,40833.0,11.154,108,True
2026-01-07 19:00:00+00:00,11.2,11.34,11.12,11.33,15495.0,11.233,113,True
2026-01-07 20:00:00+00:00,11.22,11.27,11.12,11.15,27069.0,11.167,105,True
2026-01-07 21:00:00+00:00,11.13,11.13,11.13,11.13,7621.0,11.13,1,False
2026-01-07 22:00:00+00:00,11.13,11.13,11.13,11.13,0.0,11.13,0,False
2026-01-07 23:00:00+00:00,11.13,11.13,11.13,11.13,0.0,11.13,0,False
2026-01-08 00:00:00+00:00,11.13,11.13,11.13,11.13,0.0,11.13,0,False
2026-01-08 14:00:00+00:00,11.09,11.31,11.09,11.19,1494.0,11.147,5,False
2026-01-08 15:00:00+00:00,11.21,11.46,11.21,11.35,5302.0,11.346,42,True
2026-01-08 16:00:00+00:00,11.39,11.46,11.3,11.42,22959.0,11.41,97,True
2026-01-08 17:00:00+00:00,11.44,11.44,11.37,11.4,6145.0,11.411,29,True
2026-01-08 18:00:00+00:00,11.4,11.42,11.34,11.36,9604.0,11.391,57,True
2026-01-08 19:00:00+00:00,11.37,11.45,11.37,11.43,4281.0,11.419,34,True
2026-01-08 20:00:00+00:00,11.43,11.46,11.32,11.33,18460.0,11.393,97,True
2026-01-08 21:00:00+00:00,11.35,11.35,11.35,11.35,5018.0,11.35,1,False
2026-01-08 22:00:00+00:00,11.35,11.35,11.35,11.35,0.0,11.35,0,False
2026-01-08 23:00:00+00:00,11.35,11.35,11.35,11.35,0.0,11.35,0,False
2026-01-09 00:00:00+00:00,11.35,11.35,11.35,11.35,0.0,11.35,0,False
2026-01-09 14:00:00+00:00,11.33,11.41,11.25,11.35,4421.0,11.322,11,False
2026-01-09 15:00:00+00:00,11.37,11.38,11.21,11.25,6072.0,11.316,53,True
2026-01-09 16:00:00+00:00,11.26,11.35,11.26,11.29,14253.0,11.3,67,True
2026-01-09 17:00:00+00:00,11.31,11.36,11.25,11.25,12293.0,11.31,64,True
2026-01-09 18:00:00+00:00,11.25,11.26,11.18,11.24,3606.0,11.225,27,True
2026-01-09 19:00:00+00:00,11.24,11.32,11.2,11.27,30042.0,11.274,137,True
2026-01-09 20:00:00+00:00,11.27,11.32,11.26,11.26,20766.0,11.288,132,True
2026-01-09 21:00:00+00:00,11.26,11.26,11.26,11.26,6418.0,11.26,1,False
2026-01-09 22:00:00+00:00,11.26,11.26,11.26,11.26,0.0,11.26,0,False
2026-01-09 23:00:00+00:00,11.26,11.26,11.26,11.26,0.0,11.26,0,False
2026-01-10 00:00:00+00:00,11.26,11.26,11.26,11.26,0.0,11.26,0,False
2026-01-12 14:00:00+00:00,11.26,11.29,11.12,11.27,8534.0,11.262,22,False
2026-01-12 15:00:00+00:00,11.26,11.55,11.26,11.55,29858.0,11.455,100,True
2026-01-12 16:00:00+00:00,11.57,11.73,11.47,11.48,62381.0,11.642,301,True
2026-01-12 17:00:00+00:00,11.53,11.61,11.41,11.6,23400.0,11.514,126,True
2026-01-12 18:00:00+00:00,11.55,11.62,11.52,11.59,20784.0,11.564,115,True
2026-01-12 19:00:00+00:00,11.57,11.71,11.55,11.64,65959.0,11.598,218,True
2026-01-12 20:00:00+00:00,11.66,11.68,11.53,11.55,43643.0,11.61,205,True
2026-01-12 21:00:00+00:00,11.52,11.52,11.52,11.52,6943.0,11.52,1,False
2026-01-12 22:00:00+00:00,11.52,11.52,11.52,11.52,0.0,11.52,0,False
2026-01-12 23:00:00+00:00,11.52,11.52,11.52,11.52,0.0,11.52,0,False
2026-01-13 00:00:00+00:00,11.52,11.52,11.52,11.52,0.0,11.52,0,False
2026-01-13 13:00:00+00:00,11.72,11.72,11.72,11.72,980.0,11.72,4,False
2026-01-13 14:00:00+00:00,11.57,11.64,11.48,11.54,7602.0,11.555,40,False
2026-01-13 15:00:00+00:00,11.47,11.47,11.3,11.36,9206.0,11.398,43,True
2026-01-13 16:00:00+00:00,11.38,11.51,11.35,11.36,12096.0,11.385,47,True
2026-01-13 17:00:00+00:00,11.35,11.46,11.33,11.37,16656.0,11.371,78,True
2026-01-13 18:00:00+00:00,11.37,11.39,11.22,11.24,9952.0,11.301,78,True
2026-01-13 19:00:00+00:00,11.24,11.3,11.23,11.24,7958.0,11.256,65,True
2026-01-13 20:00:00+00:00,11.22,11.26,11.14,11.2,20363.0,11.207,145,True
2026-01-13 21:00:00+00:00,11.18,11.18,11.18,11.18,4148.0,11.18,1,False
2026-01-13 22:00:00+00:00,11.18,11.18,11.18,11.18,0.0,11.18,0,False
2026-01-13 23:00:00+00:00,11.18,11.18,11.18,11.18,0.0,11.18,0,False
2026-01-14 00:00:00+00:00,11.18,11.18,11.18,11.18,0.0,11.18,0,False
2026-01-14 14:00:00+00:00,11.08,11.27,11.08,11.19,1545.0,11.142,8,False
2026-01-14 15:00:00+00:00,11.15,11.21,11.1,11.14,12175.0,11.153,80,True
2026-01-14 16:00:00+00:00,11.15,11.35,11.11,11.17,40887.0,11.216,155,True
2026-01-14 17:00:00+00:00,11.17,11.17,11.05,11.05,8392.0,11.091,61,True
2026-01-14 18:00:00+00:00,11.05,11.06,10.93,10.95,45820.0,10.987,204,True
2026-01-14 19:00:00+00:00,10.93,10.94,10.85,10.88,50933.0,10.894,225,True
2026-01-14 20:00:00+00:00,10.88,10.9,10.8,10.8,20137.0,10.836,146,True
2026-01-14 21:00:00+00:00,10.8,10.8,10.8,10.8,4862.0,10.8,1,False
2026-01-14 22:00:00+00:00,10.8,10.8,10.8,10.8,0.0,10.8,0,False
2026-01-14 23:00:00+00:00,10.8,10.8,10.8,10.8,0.0,10.8,0,False
2026-01-15 00:00:00+00:00,10.8,10.8,10.8,10.8,0.0,10.8,0,False
2026-01-15 14:00:00+00:00,10.82,10.84,10.74,10.8,14985.0,10.791,32,False
2026-01-15 15:00:00+00:00,10.84,10.89,10.73,10.76,36937.0,10.796,162,True
2026-01-15 16:00:00+00:00,10.76,10.97,10.71,10.94,37619.0,10.793,200,True
2026-01-15 17:00:00+00:00,10.95,11.01,10.9,10.97,26270.0,10.943,97,True
2026-01-15 18:00:00+00:00,10.97,10.98,10.82,10.91,24494.0,10.894,133,True
2026-01-15 19:00:00+00:00,10.9,11.02,10.89,11.02,33738.0,10.936,134,True
2026-01-15 20:00:00+00:00,10.99,11.06,10.99,11.04,56500.0,11.017,330,True
2026-01-15 21:00:00+00:00,11.03,11.03,11.03,11.03,5859.0,11.03,1,False
2026-01-15 22:00:00+00:00,11.03,11.03,11.03,11.03,0.0,11.03,0,False
2026-01-15 23:00:00+00:00,11.03,11.03,11.03,11.03,0.0,11.03,0,False
2026-01-16 00:00:00+00:00,11.03,11.03,11.03,11.03,0.0,11.03,0,False
2026-01-16 14:00:00+00:00,11.15,11.15,10.89,11.05,6993.0,10.994,20,False
2026-01-16 15:00:00+00:00,11.09,11.19,10.93,10.93,7041.0,11.123,54,True
2026-01-16 16:00:00+00:00,10.94,11.09,10.93,11.07,8099.0,11.029,68,True
2026-01-16 17:00:00+00:00,11.04,11.12,10.91,10.96,4186.0,11.019,34,True
2026-01-16 18:00:00+00:00,10.99,11.07,10.9,10.91,8598.0,10.965,54,True
2026-01-16 19:00:00+00:00,10.94,10.94,10.8,10.85,14916.0,10.875,95,True
2026-01-16 20:00:00+00:00,10.83,10.93,10.75,10.93,38300.0,10.827,230,True
2026-01-16 21:00:00+00:00,10.93,10.93,10.93,10.93,5171.0,10.93,1,False
2026-01-16 22:00:00+00:00,10.93,10.93,10.93,10.93,0.0,10.93,0,False
2026-01-16 23:00:00+00:00,11.07,11.08,10.93,10.93,11999.0,11.007,19,False
2026-01-17 00:00:00+00:00,10.93,10.93,10.93,10.93,0.0,10.93,0,False
2026-01-20 13:00:00+00:00,10.6,10.6,10.6,10.6,545.0,10.6,3,False
2026-01-20 14:00:00+00:00,10.72,10.98,10.72,10.91,6912.0,10.841,24,False
2026-01-20 15:00:00+00:00,10.91,11.2,10.9,11.09,15211.0,11.076,97,True
2026-01-20 16:00:00+00:00,11.1,11.16,11.03,11.1,7689.0,11.108,64,True
2026-01-20 17:00:00+00:00,11.12,11.13,10.96,10.96,15042.0,11.024,67,True
2026-01-20 18:00:00+00:00,10.94,11.04,10.91,10.96,39577.0,10.984,278,True
2026-01-20 19:00:00+00:00,10.97,11.04,10.91,10.99,16595.0,10.962,113,True
2026-01-20 20:00:00+00:00,10.97,11.1,10.9,11.1,39030.0,11.038,251,True
2026-01-20 21:00:00+00:00,11.1,11.1,11.1,11.1,7366.0,11.1,1,False
2026-01-20 22:00:00+00:00,11.1,11.1,11.1,11.1,0.0,11.1,0,False
2026-01-20 23:00:00+00:00,11.1,11.1,11.1,11.1,0.0,11.1,0,False
2026-01-21 00:00:00+00:00,11.1,11.1,11.1,11.1,0.0,11.1,0,False
2026-01-21 14:00:00+00:00,11.09,11.27,11.09,11.25,7416.0,11.219,26,False
2026-01-21 15:00:00+00:00,11.26,11.32,11.06,11.17,19213.0,11.221,88,True
2026-01-21 16:00:00+00:00,11.15,11.2,11.02,11.03,27218.0,11.121,166,True
2026-01-21 17:00:00+00:00,11.03,11.08,10.99,11.08,17789.0,11.028,147,True
2026-01-21 18:00:00+00:00,11.09,11.21,11.08,11.21,20709.0,11.157,128,True
2026-01-21 19:00:00+00:00,11.22,11.34,11.2,11.29,12966.0,11.274,102,True
2026-01-21 20:00:00+00:00,11.29,11.36,11.23,11.25,168923.0,11.263,429,True
2026-01-21 21:00:00+00:00,11.25,11.25,11.25,11.25,3863.0,11.25,1,False
2026-01-21 22:00:00+00:00,11.47,11.71,11.47,11.71,510.0,11.628,2,False
2026-01-21 23:00:00+00:00,11.71,11.71,11.71,11.71,0.0,11.71,0,False
2026-01-22 00:00:00+00:00,11.71,11.71,11.71,11.71,0.0,11.71,0,False
2026-01-22 13:00:00+00:00,11.44,11.44,11.44,11.44,100.0,11.44,1,False
2026-01-22 14:00:00+00:00,11.47,11.7,11.46,11.64,11295.0,11.542,55,False
2026-01-22 15:00:00+00:00,11.67,11.98,11.64,11.95,98357.0,11.836,440,True
2026-01-22 16:00:00+00:00,11.94,12.45,11.94,12.3,162962.0,12.216,780,True
2026-01-22 17:00:00+00:00,12.26,12.91,12.25,12.72,234128.0,12.699,668,True
2026-01-22 18:00:00+00:00,12.7,12.88,12.46,12.56,89220.0,12.684,279,True
2026-01-22 19:00:00+00:00,12.61,12.76,12.59,12.6,27892.0,12.653,210,True
2026-01-22 20:00:00+00:00,12.59,12.72,12.45,12.69,62373.0,12.571,384,True
2026-01-22 21:00:00+00:00,12.72,12.72,12.72,12.72,9500.0,12.72,2,False
2026-01-22 22:00:00+00:00,12.72,12.72,12.72,12.72,0.0,12.72,0,False
2026-01-22 23:00:00+00:00,12.72,12.72,12.72,12.72,0.0,12.72,0,False
2026-01-23 00:00:00+00:00,12.72,12.72,12.72,12.72,0.0,12.72,0,False
2026-01-23 13:00:00+00:00,12.82,12.82,12.82,12.82,200.0,12.82,1,False
2026-01-23 14:00:00+00:00,12.67,12.67,12.46,12.51,6847.0,12.556,32,False
2026-01-23 15:00:00+00:00,12.47,12.56,12.3,12.52,56607.0,12.381,207,True
2026-01-23 16:00:00+00:00,12.55,12.62,12.42,12.48,10974.0,12.553,71,True
2026-01-23 17:00:00+00:00,12.46,12.54,12.43,12.46,6336.0,12.484,43,True
2026-01-23 18:00:00+00:00,12.53,13.0,12.5,12.9,86849.0,12.81,236,True
2026-01-23 19:00:00+00:00,12.9,12.9,12.5,12.61,39133.0,12.707,170,True
2026-01-23 20:00:00+00:00,12.63,12.82,12.4,12.76,35678.0,12.69,272,True
2026-01-23 21:00:00+00:00,12.76,12.76,12.76,12.76,3495.0,12.76,1,False
2026-01-23 22:00:00+00:00,12.76,12.76,12.76,12.76,0.0,12.76,0,False
2026-01-23 23:00:00+00:00,12.76,12.76,12.76,12.76,0.0,12.76,0,False
2026-01-24 00:00:00+00:00,12.76,12.76,12.76,12.76,0.0,12.76,0,False
2026-01-26 13:00:00+00:00,12.59,12.59,12.55,12.55,200.0,12.57,2,False
2026-01-26 14:00:00+00:00,12.65,12.74,12.63,12.73,12798.0,12.678,59,False
2026-01-26 15:00:00+00:00,12.65,12.79,12.59,12.7,26088.0,12.683,138,True
2026-01-26 16:00:00+00:00,12.75,12.82,12.59,12.82,16824.0,12.73,118,True
2026-01-26 17:00:00+00:00,12.84,13.17,12.8,13.11,37676.0,13.0,271,True
2026-01-26 18:00:00+00:00,13.09,13.1,12.77,12.81,27757.0,12.954,180,True
2026-01-26 19:00:00+00:00,12.8,12.8,12.59,12.59,39860.0,12.695,173,True
2026-01-26 20:00:00+00:00,12.68,12.77,12.66,12.72,18104.0,12.729,137,True
2026-01-26 21:00:00+00:00,12.7,12.7,12.7,12.7,5912.0,12.7,1,False
2026-01-26 22:00:00+00:00,12.7,12.7,12.7,12.7,0.0,12.7,0,False
2026-01-26 23:00:00+00:00,12.7,12.7,12.7,12.7,0.0,12.7,0,False
2026-01-27 00:00:00+00:00,12.7,12.7,12.7,12.7,0.0,12.7,0,False
2026-01-27 13:00:00+00:00,13.0,13.0,12.89,12.89,200.0,12.945,2,False
2026-01-27 14:00:00+00:00,12.76,13.0,12.76,12.9,10947.0,12.895,50,False
2026-01-27 15:00:00+00:00,12.91,13.39,12.9,13.31,27000.0,13.219,157,True
2026-01-27 16:00:00+00:00,13.39,13.39,12.93,13.2,22408.0,13.253,146,True
2026-01-27 17:00:00+00:00,13.22,13.22,13.01,13.05,14735.0,13.086,102,True
2026-01-27 18:00:00+00:00,13.08,13.17,13.04,13.13,24835.0,13.114,144,True
2026-01-27 19:00:00+00:00,13.17,13.24,13.09,13.21,15409.0,13.191,119,True
2026-01-27 20:00:00+00:00,13.21,13.39,13.15,13.37,64269.0,13.296,382,True
2026-01-27 21:00:00+00:00,13.38,13.38,13.38,13.38,6618.0,13.38,1,False
2026-01-27 22:00:00+00:00,13.38,13.38,13.38,13.38,0.0,13.38,0,False
2026-01-27 23:00:00+00:00,13.38,13.38,13.38,13.38,0.0,13.38,0,False
2026-01-28 00:00:00+00:00,13.38,13.38,13.38,13.38,0.0,13.38,0,False
2026-01-28 13:00:00+00:00,13.25,13.25,12.89,13.19,4811.0,13.184,22,False
2026-01-28 14:00:00+00:00,13.5,13.58,13.2,13.2,27881.0,13.383,99,False
2026-01-28 15:00:00+00:00,13.11,13.36,12.96,13.0,32326.0,13.157,187,True
2026-01-28 16:00:00+00:00,12.98,13.17,12.96,13.13,21050.0,13.075,57,True
2026-01-28 17:00:00+00:00,13.16,13.18,13.03,13.05,11533.0,13.091,51,True
2026-01-28 18:00:00+00:00,13.03,13.08,12.89,12.99,50483.0,12.994,166,True
2026-01-28 19:00:00+00:00,12.99,13.14,12.91,13.08,8650.0,13.025,56,True
2026-01-28 20:00:00+00:00,13.08,13.22,13.07,13.2,37369.0,13.181,230,True
2026-01-28 21:00:00+00:00,13.19,13.19,13.19,13.19,4497.0,13.19,1,False
2026-01-28 22:00:00+00:00,13.19,13.19,13.19,13.19,0.0,13.19,0,False
2026-01-28 23:00:00+00:00,13.19,13.19,13.19,13.19,0.0,13.19,0,False
2026-01-29 00:00:00+00:00,13.19,13.19,13.19,13.19,0.0,13.19,0,False
2026-01-29 13:00:00+00:00,13.22,13.29,13.2,13.2,2000.0,13.234,8,False
2026-01-29 14:00:00+00:00,13.2,13.53,13.2,13.35,24504.0,13.402,102,False
2026-01-29 15:00:00+00:00,13.36,13.45,13.0,13.16,89619.0,13.191,415,True
2026-01-29 16:00:00+00:00,13.13,13.42,13.1,13.41,26730.0,13.307,103,True
2026-01-29 17:00:00+00:00,13.38,13.57,13.35,13.41,30882.0,13.47,164,True
2026-01-29 18:00:00+00:00,13.38,13.42,13.24,13.33,44358.0,13.367,175,True
2026-01-29 19:00:00+00:00,13.31,13.58,13.26,13.43,42657.0,13.46,191,True
2026-01-29 20:00:00+00:00,13.43,13.67,13.38,13.65,62446.0,13.587,265,True
2026-01-29 21:00:00+00:00,13.68,13.68,13.63,13.67,5754.0,13.633,3,False
2026-01-29 22:00:00+00:00,13.67,13.67,13.67,13.67,0.0,13.67,0,False
2026-01-29 23:00:00+00:00,13.67,13.67,13.67,13.67,0.0,13.67,0,False
2026-01-30 00:00:00+00:00,13.67,13.67,13.67,13.67,0.0,13.67,0,False
2026-01-30 12:00:00+00:00,13.67,13.68,13.55,13.55,2780.0,13.635,14,False
2026-01-30 13:00:00+00:00,13.69,13.7,13.55,13.55,2076.0,13.651,6,False
2026-01-30 14:00:00+00:00,13.66,13.76,13.33,13.69,14368.0,13.592,60,False
2026-01-30 15:00:00+00:00,13.66,13.81,13.58,13.58,40364.0,13.655,195,True
2026-01-30 16:00:00+00:00,13.55,13.72,13.44,13.55,41030.0,13.592,128,True
2026-01-30 17:00:00+00:00,13.5,13.58,13.36,13.53,12390.0,13.489,76,True
2026-01-30 18:00:00+00:00,13.54,13.71,13.35,13.71,31092.0,13.478,84,True
2026-01-30 19:00:00+00:00,13.6,13.71,13.46,13.63,17082.0,13.538,88,True
2026-01-30 20:00:00+00:00,13.5,13.56,13.45,13.5,9160.0,13.499,70,True
2026-01-30 21:00:00+00:00,13.5,13.5,13.5,13.5,2769.0,13.5,1,False
2026-01-30 22:00:00+00:00,13.5,13.5,13.5,13.5,0.0,13.5,0,False
2026-01-30 23:00:00+00:00,13.5,13.5,13.5,13.5,0.0,13.5,0,False
2026-01-31 00:00:00+00:00,13.5,13.5,13.5,13.5,0.0,13.5,0,False
2026-02-02 13:00:00+00:00,13.39,13.68,13.39,13.68,1850.0,13.628,2,False
2026-02-02 14:00:00+00:00,13.39,13.57,13.34,13.43,5003.0,13.438,31,False
2026-02-02 15:00:00+00:00,13.41,13.5,13.12,13.22,14123.0,13.276,88,True
2026-02-02 16:00:00+00:00,13.23,13.23,13.09,13.09,3937.0,13.182,34,True
2026-02-02 17:00:00+00:00,13.12,13.26,13.05,13.14,7294.0,13.104,28,True
2026-02-02 18:00:00+00:00,13.09,13.1,12.87,12.9,40521.0,12.927,132,True
2026-02-02 19:00:00+00:00,12.9,13.04,12.88,12.95,13461.0,12.967,93,True
2026-02-02 20:00:00+00:00,12.99,13.12,12.95,13.1,22303.0,13.037,99,True
2026-02-02 21:00:00+00:00,13.09,13.09,13.09,13.09,2925.0,13.09,1,False
2026-02-02 22:00:00+00:00,13.09,13.09,13.09,13.09,0.0,13.09,0,False
2026-02-02 23:00:00+00:00,13.09,13.09,13.09,13.09,0.0,13.09,0,False
2026-02-03 00:00:00+00:00,13.09,13.09,13.09,13.09,0.0,13.09,0,False
2026-02-03 14:00:00+00:00,13.21,13.21,13.02,13.03,2281.0,13.123,15,False
2026-02-03 15:00:00+00:00,12.99,13.03,12.68,12.73,25961.0,12.86,136,True
2026-02-03 16:00:00+00:00,12.69,12.92,12.55,12.78,18020.0,12.748,137,True
2026-02-03 17:00:00+00:00,12.78,12.86,12.56,12.58,19008.0,12.773,135,True
2026-02-03 18:00:00+00:00,12.5,12.67,12.5,12.51,34431.0,12.597,233,True
2026-02-03 19:00:00+00:00,12.49,12.63,12.3,12.63,17134.0,12.529,123,True
2026-02-03 20:00:00+00:00,12.64,12.82,12.58,12.79,19250.0,12.754,143,True
2026-02-03 21:00:00+00:00,12.77,12.77,12.77,12.77,4455.0,12.77,1,False
2026-02-03 22:00:00+00:00,12.77,12.77,12.77,12.77,0.0,12.77,0,False
2026-02-03 23:00:00+00:00,12.77,12.77,12.77,12.77,0.0,12.77,0,False
2026-02-04 00:00:00+00:00,12.77,12.77,12.77,12.77,0.0,12.77,0,False
2026-02-04 14:00:00+00:00,12.8,12.9,12.47,12.47,4805.0,12.774,25,False
2026-02-04 15:00:00+00:00,12.48,12.48,12.19,12.28,12362.0,12.317,73,True
2026-02-04 16:00:00+00:00,12.24,12.27,11.95,12.07,27922.0,12.176,169,True
2026-02-04 17:00:00+00:00,12.07,12.09,11.89,11.89,4670.0,12.015,32,True
2026-02-04 18:00:00+00:00,11.94,12.03,11.89,12.03,24722.0,11.986,76,True
2026-02-04 19:00:00+00:00,12.04,12.21,11.97,12.2,25750.0,12.077,151,True
2026-02-04 20:00:00+00:00,12.19,12.19,11.95,12.18,19481.0,12.124,160,True
2026-02-04 21:00:00+00:00,12.14,12.14,12.14,12.14,13575.0,12.14,1,False
2026-02-04 22:00:00+00:00,12.14,12.14,12.14,12.14,0.0,12.14,0,False
2026-02-04 23:00:00+00:00,12.14,12.14,12.14,12.14,0.0,12.14,0,False
2026-02-05 00:00:00+00:00,12.14,12.14,12.14,12.14,0.0,12.14,0,False
2026-02-05 14:00:00+00:00,12.15,12.15,11.87,11.97,13281.0,11.952,49,False
2026-02-05 15:00:00+00:00,11.91,11.95,11.58,11.69,42644.0,11.85,214,True
2026-02-05 16:00:00+00:00,11.74,11.85,11.65,11.75,29603.0,11.743,90,True
2026-02-05 17:00:00+00:00,11.75,11.85,11.6,11.66,35580.0,11.744,194,True
2026-02-05 18:00:00+00:00,11.66,11.74,11.56,11.64,13461.0,11.684,111,True
2026-02-05 19:00:00+00:00,11.64,11.75,11.51,11.52,59274.0,11.599,221,True
2026-02-05 20:00:00+00:00,11.57,11.67,11.34,11.48,100692.0,11.496,557,True
2026-02-05 21:00:00+00:00,11.48,11.48,11.48,11.48,3907.0,11.48,1,False
2026-02-05 22:00:00+00:00,11.48,11.48,11.48,11.48,0.0,11.48,0,False
2026-02-05 23:00:00+00:00,11.48,11.48,11.48,11.48,0.0,11.48,0,False
2026-02-06 00:00:00+00:00,11.48,11.48,11.48,11.48,0.0,11.48,0,False
2026-02-06 13:00:00+00:00,11.74,11.9,11.62,11.62,501.0,11.795,3,False
2026-02-06 14:00:00+00:00,11.61,12.08,11.55,11.67,13950.0,11.751,77,False
2026-02-06 15:00:00+00:00,11.63,11.75,11.55,11.71,5556.0,11.692,42,True
2026-02-06 16:00:00+00:00,11.76,11.86,11.71,11.84,24361.0,11.805,101,True
2026-02-06 17:00:00+00:00,11.96,12.28,11.87,12.27,71046.0,12.105,580,True
2026-02-06 18:00:00+00:00,12.19,12.22,12.02,12.2,18880.0,12.188,152,True
2026-02-06 19:00:00+00:00,12.18,12.24,12.01,12.02,79106.0,12.101,414,True
2026-02-06 20:00:00+00:00,12.02,12.09,11.9,12.01,16547.0,11.989,109,True
2026-02-06 21:00:00+00:00,12.01,12.01,12.01,12.01,2878.0,12.01,1,False
2026-02-06 22:00:00+00:00,12.01,12.01,12.01,12.01,0.0,12.01,0,False
2026-02-06 23:00:00+00:00,12.01,12.01,12.01,12.01,0.0,12.01,0,False
2026-02-07 00:00:00+00:00,12.01,12.01,12.01,12.01,0.0,12.01,0,False
2026-02-09 13:00:00+00:00,12.25,12.37,12.25,12.37,400.0,12.31,3,False
2026-02-09 14:00:00+00:00,12.26,12.26,12.0,12.09,3072.0,12.098,22,False
2026-02-09 15:00:00+00:00,12.12,12.24,12.0,12.14,8856.0,12.107,60,True
2026-02-09 16:00:00+00:00,12.19,12.33,12.1,12.33,9859.0,12.199,63,True
2026-02-09 17:00:00+00:00,12.32,12.61,12.32,12.5,25740.0,12.527,118,True
2026-02-09 18:00:00+00:00,12.54,12.64,12.5,12.61,16681.0,12.583,114,True
2026-02-09 19:00:00+00:00,12.6,12.65,12.55,12.62,12077.0,12.607,80,True
2026-02-09 20:00:00+00:00,12.65,12.69,12.57,12.58,27773.0,12.639,155,True
2026-02-09 21:00:00+00:00,12.59,12.59,12.59,12.59,3039.0,12.59,2,False
2026-02-09 22:00:00+00:00,12.59,12.59,12.59,12.59,0.0,12.59,0,False
2026-02-09 23:00:00+00:00,12.59,12.59,12.59,12.59,0.0,12.59,0,False
2026-02-10 00:00:00+00:00,12.59,12.59,12.59,12.59,0.0,12.59,0,False
2026-02-10 13:00:00+00:00,12.82,12.82,12.82,12.82,100.0,12.82,1,False
2026-02-10 14:00:00+00:00,12.64,12.7,12.51,12.51,2438.0,12.618,18,False
2026-02-10 15:00:00+00:00,12.56,12.59,12.48,12.51,8339.0,12.515,41,True
2026-02-10 16:00:00+00:00,12.57,12.57,12.12,12.42,109852.0,12.314,549,True
2026-02-10 17:00:00+00:00,12.42,12.47,12.31,12.31,17502.0,12.393,84,True
2026-02-10 18:00:00+00:00,12.31,12.49,12.3,12.49,18527.0,12.39,107,True
2026-02-10 19:00:00+00:00,12.53,12.79,12.45,12.78,17610.0,12.628,106,True
2026-02-10 20:00:00+00:00,12.77,12.77,12.35,12.51,11726.0,12.553,84,True
2026-02-10 21:00:00+00:00,12.55,12.55,12.31,12.31,2012.0,12.538,2,False
2026-02-10 22:00:00+00:00,12.14,12.31,11.75,11.85,6700.0,11.859,21,False
2026-02-10 23:00:00+00:00,11.81,11.82,11.81,11.81,200.0,11.811,1,False
2026-02-11 00:00:00+00:00,11.75,12.0,11.75,12.0,200.0,11.875,2,False
2026-02-11 09:00:00+00:00,12.03,12.03,11.89,11.89,2700.0,11.996,11,False
2026-02-11 10:00:00+00:00,11.89,11.89,11.89,11.89,800.0,11.89,4,False
2026-02-11 11:00:00+00:00,11.87,11.87,11.84,11.84,1179.0,11.867,7,False
2026-02-11 12:00:00+00:00,11.25,11.45,11.25,11.45,1011.0,11.346,9,False
2026-02-11 13:00:00+00:00,11.4,11.83,11.35,11.72,75801.0,11.72,119,False
2026-02-11 14:00:00+00:00,11.72,11.83,11.32,11.32,406793.0,11.564,1478,False
2026-02-11 15:00:00+00:00,11.32,11.35,11.27,11.32,215304.0,11.3,1050,True
2026-02-11 16:00:00+00:00,11.32,11.45,11.31,11.4,104814.0,11.376,705,True
2026-02-11 17:00:00+00:00,11.4,11.5,11.34,11.43,117790.0,11.405,581,True
2026-02-11 18:00:00+00:00,11.44,11.45,11.37,11.43,75508.0,11.418,497,True
2026-02-11 19:00:00+00:00,11.43,11.57,11.35,11.49,113144.0,11.448,673,True
2026-02-11 20:00:00+00:00,11.49,11.49,11.27,11.44,196508.0,11.375,1207,True
2026-02-11 21:00:00+00:00,11.44,11.44,11.44,11.44,11878.0,11.44,1,False
2026-02-11 22:00:00+00:00,11.44,11.44,11.44,11.44,0.0,11.44,0,False
2026-02-11 23:00:00+00:00,11.44,11.44,11.44,11.44,0.0,11.44,0,False
2026-02-12 00:00:00+00:00,11.44,11.44,11.44,11.44,0.0,11.44,0,False
2026-02-12 14:00:00+00:00,11.25,11.69,11.25,11.53,19042.0,11.557,53,False
2026-02-12 15:00:00+00:00,11.51,11.56,11.4,11.4,78741.0,11.464,216,True
2026-02-12 16:00:00+00:00,11.4,11.4,11.11,11.3,153710.0,11.261,530,True
2026-02-12 17:00:00+00:00,11.25,11.4,11.22,11.38,41257.0,11.278,232,True
2026-02-12 18:00:00+00:00,11.38,11.53,11.17,11.52,73059.0,11.36,322,True
2026-02-12 19:00:00+00:00,11.52,11.63,11.49,11.59,37529.0,11.582,254,True
2026-02-12 20:00:00+00:00,11.59,11.65,11.39,11.57,95112.0,11.532,503,True
2026-02-12 21:00:00+00:00,11.57,11.57,11.57,11.57,4458.0,11.57,1,False
2026-02-12 22:00:00+00:00,11.57,11.57,11.57,11.57,0.0,11.57,0,False
2026-02-12 23:00:00+00:00,11.57,11.57,11.57,11.57,0.0,11.57,0,False
2026-02-13 00:00:00+00:00,11.57,11.57,11.57,11.57,0.0,11.57,0,False
2026-02-13 14:00:00+00:00,11.43,11.66,11.43,11.54,15197.0,11.538,75,False
2026-02-13 15:00:00+00:00,11.5,11.59,11.41,11.59,42535.0,11.52,153,True
2026-02-13 16:00:00+00:00,11.52,11.65,11.48,11.49,24821.0,11.574,144,True
2026-02-13 17:00:00+00:00,11.53,11.53,11.38,11.38,28906.0,11.488,109,True
2026-02-13 18:00:00+00:00,11.41,11.55,11.31,11.32,23312.0,11.375,145,True
2026-02-13 19:00:00+00:00,11.29,11.47,11.29,11.29,63145.0,11.401,368,True
2026-02-13 20:00:00+00:00,11.29,11.62,11.29,11.45,44612.0,11.476,301,True
2026-02-13 21:00:00+00:00,11.42,11.42,11.42,11.42,5869.0,11.42,1,False
2026-02-13 22:00:00+00:00,11.42,11.42,11.42,11.42,0.0,11.42,0,False
2026-02-13 23:00:00+00:00,11.42,11.42,11.42,11.42,0.0,11.42,0,False
2026-02-14 00:00:00+00:00,11.42,11.42,11.42,11.42,0.0,11.42,0,False
2026-02-17 14:00:00+00:00,11.42,11.69,11.12,11.6,7166.0,11.302,57,False
2026-02-17 15:00:00+00:00,11.36,11.42,11.11,11.27,20482.0,11.227,104,True
2026-02-17 16:00:00+00:00,11.29,11.44,11.23,11.41,15635.0,11.371,115,True
2026-02-17 17:00:00+00:00,11.41,11.41,11.3,11.32,8294.0,11.344,65,True
2026-02-17 18:00:00+00:00,11.35,11.44,11.31,11.43,9088.0,11.356,72,True
2026-02-17 19:00:00+00:00,11.38,11.46,11.37,11.45,7399.0,11.404,64,True
2026-02-17 20:00:00+00:00,11.42,11.46,11.37,11.39,27585.0,11.417,192,True
2026-02-17 21:00:00+00:00,11.36,11.36,11.36,11.36,2932.0,11.36,1,False
2026-02-17 22:00:00+00:00,11.36,11.36,11.36,11.36,0.0,11.36,0,False
2026-02-17 23:00:00+00:00,11.36,11.36,11.36,11.36,0.0,11.36,0,False
2026-02-18 00:00:00+00:00,11.36,11.36,11.36,11.36,0.0,11.36,0,False
2026-02-18 13:00:00+00:00,11.58,11.58,11.58,11.58,200.0,11.58,2,False
2026-02-18 14:00:00+00:00,11.43,11.43,11.26,11.27,6054.0,11.314,28,False
2026-02-18 15:00:00+00:00,11.4,11.4,11.25,11.3,19707.0,11.348,78,True
2026-02-18 16:00:00+00:00,11.3,11.34,11.25,11.25,6055.0,11.29,39,True
2026-02-18 17:00:00+00:00,11.23,11.23,11.04,11.11,27431.0,11.118,177,True
2026-02-18 18:00:00+00:00,11.13,11.15,11.03,11.15,12241.0,11.077,53,True
2026-02-18 19:00:00+00:00,11.1,11.16,11.06,11.11,22820.0,11.133,91,True
2026-02-18 20:00:00+00:00,11.07,11.14,11.04,11.05,38588.0,11.073,183,True
2026-02-18 21:00:00+00:00,11.06,11.06,11.06,11.06,3836.0,11.06,1,False
2026-02-18 22:00:00+00:00,11.06,11.06,11.06,11.06,0.0,11.06,0,False
2026-02-18 23:00:00+00:00,11.06,11.06,11.06,11.06,0.0,11.06,0,False
2026-02-19 00:00:00+00:00,11.06,11.06,11.06,11.06,0.0,11.06,0,False
2026-02-19 13:00:00+00:00,11.03,11.04,11.03,11.04,510.0,11.038,3,False
2026-02-19 14:00:00+00:00,11.0,11.23,10.93,11.14,34383.0,11.014,48,False
2026-02-19 15:00:00+00:00,11.15,11.25,11.11,11.25,15273.0,11.223,80,True
2026-02-19 16:00:00+00:00,11.25,11.44,11.2,11.44,30071.0,11.299,139,True
2026-02-19 17:00:00+00:00,11.44,11.5,11.33,11.33,64086.0,11.419,213,True
2026-02-19 18:00:00+00:00,11.35,11.42,11.3,11.37,35181.0,11.372,159,True
2026-02-19 19:00:00+00:00,11.35,11.39,11.33,11.35,6707.0,11.356,55,True
2026-02-19 20:00:00+00:00,11.35,11.38,11.26,11.35,63396.0,11.329,272,True
2026-02-19 21:00:00+00:00,11.35,11.35,11.35,11.35,6727.0,11.35,1,False
2026-02-19 22:00:00+00:00,11.35,11.35,11.35,11.35,0.0,11.35,0,False
2026-02-19 23:00:00+00:00,11.35,11.35,11.35,11.35,0.0,11.35,0,False
2026-02-20 00:00:00+00:00,11.35,11.35,11.35,11.35,0.0,11.35,0,False
2026-02-20 13:00:00+00:00,11.55,11.55,11.55,11.55,300.0,11.55,2,False
2026-02-20 14:00:00+00:00,11.36,11.46,11.26,11.26,2560.0,11.334,20,False
2026-02-20 15:00:00+00:00,11.35,11.35,11.15,11.29,10734.0,11.237,52,True
2026-02-20 16:00:00+00:00,11.31,11.36,11.3,11.35,21625.0,11.325,67,True
2026-02-20 17:00:00+00:00,11.35,11.36,11.24,11.34,11562.0,11.308,87,True
2026-02-20 18:00:00+00:00,11.35,11.44,11.35,11.42,14482.0,11.381,103,True
2026-02-20 19:00:00+00:00,11.43,11.43,11.35,11.4,15993.0,11.402,92,True
2026-02-20 20:00:00+00:00,11.38,11.46,11.36,11.46,38043.0,11.414,257,True
2026-02-20 21:00:00+00:00,11.46,11.46,11.46,11.46,6147.0,11.46,1,False
2026-02-20 22:00:00+00:00,11.46,11.46,11.46,11.46,0.0,11.46,0,False
2026-02-20 23:00:00+00:00,11.46,11.46,11.46,11.46,0.0,11.46,0,False
2026-02-21 00:00:00+00:00,11.46,11.46,11.46,11.46,0.0,11.46,0,False
2026-02-23 14:00:00+00:00,11.59,11.59,11.22,11.41,3987.0,11.342,27,False
2026-02-23 15:00:00+00:00,11.41,11.42,11.17,11.17,20983.0,11.315,113,True
2026-02-23 16:00:00+00:00,11.17,11.17,11.04,11.08,10792.0,11.095,75,True
2026-02-23 17:00:00+00:00,11.08,11.1,10.97,11.07,12126.0,11.037,68,True
2026-02-23 18:00:00+00:00,11.04,11.18,11.04,11.11,13723.0,11.132,87,True
2026-02-23 19:00:00+00:00,11.11,11.2,11.06,11.19,14451.0,11.104,92,True
2026-02-23 20:00:00+00:00,11.09,11.25,10.98,10.99,16862.0,11.056,109,True
2026-02-23 21:00:00+00:00,10.99,10.99,10.99,10.99,3300.0,10.99,1,False
2026-02-23 22:00:00+00:00,10.99,10.99,10.99,10.99,0.0,10.99,0,False
2026-02-23 23:00:00+00:00,10.99,10.99,10.99,10.99,0.0,10.99,0,False
2026-02-24 00:00:00+00:00,10.99,10.99,10.99,10.99,0.0,10.99,0,False
2026-02-24 13:00:00+00:00,11.27,11.27,11.27,11.27,100.0,11.27,1,False
2026-02-24 14:00:00+00:00,11.09,11.14,10.87,11.05,4065.0,11.07,13,False
2026-02-24 15:00:00+00:00,11.02,11.28,10.96,11.19,11562.0,11.136,77,True
2026-02-24 16:00:00+00:00,11.19,11.27,11.13,11.21,22739.0,11.217,94,True
2026-02-24 17:00:00+00:00,11.21,11.24,11.11,11.13,4073.0,11.148,31,True
2026-02-24 18:00:00+00:00,11.16,11.28,11.13,11.28,10184.0,11.21,82,True
2026-02-24 19:00:00+00:00,11.27,11.34,11.17,11.25,17799.0,11.268,126,True
2026-02-24 20:00:00+00:00,11.25,11.36,11.12,11.18,23134.0,11.16,179,True
2026-02-24 21:00:00+00:00,11.18,11.18,11.18,11.18,5869.0,11.18,1,False
2026-02-24 22:00:00+00:00,11.18,11.18,11.18,11.18,0.0,11.18,0,False
2026-02-24 23:00:00+00:00,11.18,11.18,11.18,11.18,0.0,11.18,0,False
2026-02-25 00:00:00+00:00,11.18,11.18,11.18,11.18,0.0,11.18,0,False
2026-02-25 13:00:00+00:00,11.12,11.12,11.12,11.12,100.0,11.12,1,False
2026-02-25 14:00:00+00:00,11.28,11.35,11.22,11.34,5482.0,11.305,33,False
2026-02-25 15:00:00+00:00,11.43,11.43,11.23,11.25,39280.0,11.298,195,True
2026-02-25 16:00:00+00:00,11.25,11.34,11.18,11.34,21597.0,11.228,161,True
2026-02-25 17:00:00+00:00,11.34,11.35,11.31,11.31,12008.0,11.328,102,True
2026-02-25 18:00:00+00:00,11.3,11.32,11.21,11.25,20610.0,11.287,126,True
2026-02-25 19:00:00+00:00,11.25,11.3,11.18,11.18,11959.0,11.248,59,True
2026-02-25 20:00:00+00:00,11.19,11.28,11.15,11.21,35534.0,11.203,224,True
2026-02-25 21:00:00+00:00,11.16,11.16,11.16,11.16,5824.0,11.16,1,False
2026-02-25 22:00:00+00:00,11.16,11.16,11.16,11.16,0.0,11.16,0,False
2026-02-25 23:00:00+00:00,11.16,11.16,11.16,11.16,0.0,11.16,0,False
2026-02-26 00:00:00+00:00,11.34,11.34,11.0,11.0,20400.0,11.17,4,False
2026-02-26 14:00:00+00:00,11.09,11.29,10.98,11.0,82603.0,11.106,224,False
2026-02-26 15:00:00+00:00,10.98,11.12,10.89,11.01,114925.0,10.953,260,True
2026-02-26 16:00:00+00:00,11.08,11.4,10.95,11.16,50206.0,11.176,203,True
2026-02-26 17:00:00+00:00,11.18,11.19,11.03,11.11,16537.0,11.103,101,True
2026-02-26 18:00:00+00:00,11.11,11.27,11.03,11.17,5813.0,11.117,50,True
2026-02-26 19:00:00+00:00,11.2,11.2,11.11,11.2,7860.0,11.164,68,True
2026-02-26 20:00:00+00:00,11.28,11.28,11.15,11.26,24595.0,11.219,191,True
2026-02-26 21:00:00+00:00,11.26,11.26,11.26,11.26,6143.0,11.26,1,False
2026-02-26 22:00:00+00:00,11.26,11.26,11.26,11.26,0.0,11.26,0,False
2026-02-26 23:00:00+00:00,11.26,11.26,11.26,11.26,0.0,11.26,0,False
2026-02-27 00:00:00+00:00,11.26,11.26,11.26,11.26,0.0,11.26,0,False
2026-02-27 14:00:00+00:00,11.13,11.27,11.13,11.13,4689.0,11.178,22,False
2026-02-27 15:00:00+00:00,11.14,11.4,11.08,11.33,39894.0,11.17,168,True
2026-02-27 16:00:00+00:00,11.31,11.38,11.13,11.24,12381.0,11.215,73,True
2026-02-27 17:00:00+00:00,11.23,11.3,11.15,11.23,7409.0,11.208,61,True
2026-02-27 18:00:00+00:00,11.21,11.71,11.2,11.47,89321.0,11.43,338,True
2026-02-27 19:00:00+00:00,11.47,11.68,11.43,11.66,52612.0,11.564,258,True
2026-02-27 20:00:00+00:00,11.61,11.74,11.5,11.68,49255.0,11.647,286,True
2026-02-27 21:00:00+00:00,11.68,11.68,11.68,11.68,54757.0,11.68,1,False
2026-02-27 22:00:00+00:00,11.68,11.68,11.68,11.68,0.0,11.68,0,False
2026-02-27 23:00:00+00:00,11.68,11.68,11.68,11.68,0.0,11.68,0,False
2026-02-28 00:00:00+00:00,11.68,11.68,11.68,11.68,0.0,11.68,0,False
2026-03-02 12:00:00+00:00,11.7,11.7,11.7,11.7,105.0,11.7,1,False
2026-03-02 13:00:00+00:00,11.21,11.21,11.21,11.21,124.0,11.21,1,False
2026-03-02 14:00:00+00:00,11.43,11.61,11.3,11.45,2574.0,11.447,21,False
2026-03-02 15:00:00+00:00,11.46,11.85,11.45,11.51,23878.0,11.632,151,True
2026-03-02 16:00:00+00:00,11.56,11.67,11.38,11.59,11151.0,11.51,73,True
2026-03-02 17:00:00+00:00,11.6,11.61,11.31,11.43,16552.0,11.404,117,True
2026-03-02 18:00:00+00:00,11.43,11.57,11.31,11.5,41488.0,11.414,195,True
2026-03-02 19:00:00+00:00,11.48,11.54,11.35,11.43,13815.0,11.452,67,True
2026-03-02 20:00:00+00:00,11.39,11.5,11.33,11.41,27612.0,11.429,178,True
2026-03-02 21:00:00+00:00,11.42,11.42,11.42,11.42,5306.0,11.42,1,False
2026-03-02 22:00:00+00:00,11.42,11.42,11.42,11.42,0.0,11.42,0,False
2026-03-02 23:00:00+00:00,11.42,11.42,11.42,11.42,0.0,11.42,0,False
2026-03-03 00:00:00+00:00,11.42,11.42,11.42,11.42,0.0,11.42,0,False
2026-03-03 14:00:00+00:00,10.88,11.06,10.59,10.65,12545.0,10.809,49,False
2026-03-03 15:00:00+00:00,10.68,10.68,10.45,10.5,18336.0,10.589,112,True
2026-03-03 16:00:00+00:00,10.5,10.94,10.45,10.94,43483.0,10.711,296,True
2026-03-03 17:00:00+00:00,10.92,10.94,10.78,10.78,13611.0,10.851,84,True
2026-03-03 18:00:00+00:00,10.83,11.16,10.83,11.12,10954.0,11.008,75,True
2026-03-03 19:00:00+00:00,11.1,11.1,10.84,10.84,39809.0,10.923,222,True
2026-03-03 20:00:00+00:00,10.94,10.95,10.85,10.88,26264.0,10.906,199,True
2026-03-03 21:00:00+00:00,10.9,10.9,10.9,10.9,3809.0,10.9,1,False
2026-03-03 22:00:00+00:00,10.9,10.9,10.9,10.9,0.0,10.9,0,False
2026-03-03 23:00:00+00:00,10.9,10.9,10.9,10.9,0.0,10.9,0,False
2026-03-04 00:00:00+00:00,10.9,10.9,10.9,10.9,0.0,10.9,0,False
2026-03-04 12:00:00+00:00,11.1,11.1,10.8,10.8,19900.0,10.95,3,False
2026-03-04 13:00:00+00:00,10.8,10.8,10.8,10.8,0.0,10.8,0,False
2026-03-04 14:00:00+00:00,11.15,11.36,11.02,11.24,5715.0,11.171,25,False
2026-03-04 15:00:00+00:00,11.22,11.58,11.18,11.37,38342.0,11.342,260,True
2026-03-04 16:00:00+00:00,11.38,11.39,11.22,11.3,8401.0,11.311,66,True
2026-03-04 17:00:00+00:00,11.28,11.37,11.18,11.34,12065.0,11.283,76,True
2026-03-04 18:00:00+00:00,11.26,11.58,11.24,11.46,27078.0,11.422,202,True
2026-03-04 19:00:00+00:00,11.46,11.56,11.41,11.46,11810.0,11.482,80,True
2026-03-04 20:00:00+00:00,11.46,11.68,11.38,11.39,41495.0,11.521,288,True
2026-03-04 21:00:00+00:00,11.4,11.45,11.39,11.45,8166.0,11.449,2,False
2026-03-04 22:00:00+00:00,11.45,11.45,11.45,11.45,0.0,11.45,0,False
2026-03-04 23:00:00+00:00,11.65,11.66,11.3,11.44,10500.0,11.48,5,False
2026-03-05 00:00:00+00:00,11.44,11.44,11.44,11.44,0.0,11.44,0,False
2026-03-05 13:00:00+00:00,11.51,11.51,11.32,11.32,40897.0,11.442,43,False
2026-03-05 14:00:00+00:00,11.28,11.59,11.16,11.56,5719.0,11.427,37,False
2026-03-05 15:00:00+00:00,11.5,11.5,11.07,11.08,14991.0,11.248,58,True
2026-03-05 16:00:00+00:00,11.05,11.08,10.76,11.08,21036.0,10.933,158,True
2026-03-05 17:00:00+00:00,11.07,11.1,10.86,10.91,14830.0,10.946,116,True
2026-03-05 18:00:00+00:00,10.9,10.99,10.85,10.9,9931.0,10.912,87,True
2026-03-05 19:00:00+00:00,10.86,10.92,10.78,10.88,31249.0,10.863,190,True
2026-03-05 20:00:00+00:00,10.88,11.12,10.87,11.06,69178.0,11.043,468,True
2026-03-05 21:00:00+00:00,11.1,11.1,11.1,11.1,9934.0,11.1,1,False
2026-03-05 22:00:00+00:00,11.1,11.1,11.1,11.1,0.0,11.1,0,False
2026-03-05 23:00:00+00:00,11.1,11.1,11.1,11.1,0.0,11.1,0,False
2026-03-06 00:00:00+00:00,11.1,11.1,11.1,11.1,0.0,11.1,0,False
2026-03-06 13:00:00+00:00,11.02,11.02,10.9,11.01,391.0,10.985,3,False
2026-03-06 14:00:00+00:00,10.69,10.87,10.54,10.6,14537.0,10.651,67,False
2026-03-06 15:00:00+00:00,10.63,10.89,10.62,10.86,78682.0,10.723,179,True
2026-03-06 16:00:00+00:00,10.9,11.19,10.82,11.17,13574.0,11.047,112,True
2026-03-06 17:00:00+00:00,11.16,11.16,10.96,10.96,2166.0,11.039,17,True
2026-03-06 18:00:00+00:00,10.93,10.98,10.88,10.92,7248.0,10.922,62,True
2026-03-06 19:00:00+00:00,10.91,11.09,10.9,11.09,7287.0,10.984,64,True
2026-03-06 20:00:00+00:00,11.06,11.14,10.9,11.05,33655.0,10.979,263,True
2026-03-06 21:00:00+00:00,10.99,10.99,10.99,10.99,3452.0,10.99,1,False
2026-03-06 22:00:00+00:00,10.99,10.99,10.99,10.99,0.0,10.99,0,False
2026-03-06 23:00:00+00:00,10.99,10.99,10.99,10.99,0.0,10.99,0,False
2026-03-07 00:00:00+00:00,10.99,10.99,10.99,10.99,0.0,10.99,0,False
2026-03-09 13:00:00+00:00,10.78,10.98,10.66,10.81,9423.0,10.807,25,False
2026-03-09 14:00:00+00:00,10.8,11.23,10.79,11.04,16238.0,10.844,61,True
2026-03-09 15:00:00+00:00,10.99,11.21,10.95,11.03,25395.0,11.033,85,True
2026-03-09 16:00:00+00:00,11.03,11.09,10.98,11.04,16841.0,11.026,106,True
2026-03-09 17:00:00+00:00,10.96,11.02,10.91,10.91,17013.0,10.969,103,True
2026-03-09 18:00:00+00:00,10.94,11.07,10.9,11.0,19447.0,10.984,114,True
2026-03-09 19:00:00+00:00,11.0,11.17,10.93,11.11,41658.0,11.06,266,True
2026-03-09 20:00:00+00:00,11.12,11.12,11.12,11.12,5982.0,11.12,1,False
2026-03-09 21:00:00+00:00,11.12,11.12,11.12,11.12,0.0,11.12,0,False
2026-03-09 22:00:00+00:00,11.12,11.12,11.12,11.12,0.0,11.12,0,False
2026-03-09 23:00:00+00:00,11.12,11.12,11.12,11.12,0.0,11.12,0,False
2026-03-10 13:00:00+00:00,11.26,11.3,10.97,11.15,979.0,11.18,6,False
2026-03-10 14:00:00+00:00,11.13,11.55,11.12,11.55,12766.0,11.422,48,True
2026-03-10 15:00:00+00:00,11.54,11.69,11.44,11.54,15399.0,11.573,100,True
2026-03-10 16:00:00+00:00,11.59,11.72,11.51,11.69,73498.0,11.68,203,True
2026-03-10 17:00:00+00:00,11.71,11.9,11.63,11.76,28349.0,11.754,116,True
2026-03-10 18:00:00+00:00,11.79,12.03,11.73,11.73,76030.0,11.886,375,True
2026-03-10 19:00:00+00:00,11.8,11.85,11.56,11.58,56993.0,11.665,319,True
2026-03-10 20:00:00+00:00,11.65,11.65,11.65,11.65,9232.0,11.65,4,False
2026-03-10 21:00:00+00:00,11.65,11.65,11.65,11.65,0.0,11.65,0,False
2026-03-10 22:00:00+00:00,11.65,11.65,11.65,11.65,0.0,11.65,0,False
2026-03-10 23:00:00+00:00,11.42,11.42,11.42,11.42,276.0,11.42,2,False
2026-03-11 13:00:00+00:00,11.31,12.24,11.31,12.16,14187.0,11.822,69,False
2026-03-11 14:00:00+00:00,12.23,12.33,11.85,12.24,21512.0,12.142,101,True
2026-03-11 15:00:00+00:00,12.2,12.34,12.11,12.13,15671.0,12.166,104,True
2026-03-11 16:00:00+00:00,12.12,12.12,11.86,12.05,29388.0,12.032,169,True
2026-03-11 17:00:00+00:00,12.08,12.14,11.94,12.13,20823.0,12.034,109,True
2026-03-11 18:00:00+00:00,12.13,12.29,11.97,12.2,49034.0,12.089,252,True
2026-03-11 19:00:00+00:00,12.2,12.32,12.14,12.26,137454.0,12.211,679,True
2026-03-11 20:00:00+00:00,12.28,12.28,12.28,12.28,11462.0,12.28,2,False
2026-03-11 21:00:00+00:00,12.28,12.28,12.28,12.28,0.0,12.28,0,False
2026-03-11 22:00:00+00:00,12.28,12.28,12.28,12.28,0.0,12.28,0,False
2026-03-11 23:00:00+00:00,12.28,12.28,12.28,12.28,0.0,12.28,0,False
2026-03-12 13:00:00+00:00,12.07,12.23,11.86,11.93,4822.0,12.015,28,False
2026-03-12 14:00:00+00:00,11.91,12.03,11.89,11.9,9252.0,11.968,45,True
2026-03-12 15:00:00+00:00,11.84,11.92,11.67,11.7,17903.0,11.802,103,True
2026-03-12 16:00:00+00:00,11.74,11.87,11.72,11.85,2927.0,11.811,21,True
2026-03-12 17:00:00+00:00,11.85,11.89,11.74,11.78,5759.0,11.802,52,True
2026-03-12 18:00:00+00:00,11.78,11.86,11.74,11.79,32700.0,11.791,216,True
2026-03-12 19:00:00+00:00,11.75,11.8,11.62,11.72,49765.0,11.693,329,True
2026-03-12 20:00:00+00:00,11.71,11.72,11.69,11.69,10261.0,11.69,3,False
2026-03-12 21:00:00+00:00,11.69,11.69,11.69,11.69,0.0,11.69,0,False
2026-03-12 22:00:00+00:00,11.69,11.69,11.69,11.69,0.0,11.69,0,False
2026-03-12 23:00:00+00:00,11.69,11.69,11.69,11.69,0.0,11.69,0,False
2026-03-13 13:00:00+00:00,11.74,11.9,11.56,11.68,7272.0,11.736,6,False
2026-03-13 14:00:00+00:00,11.69,11.85,11.59,11.66,19719.0,11.639,73,True
2026-03-13 15:00:00+00:00,11.68,11.75,11.6,11.68,7497.0,11.647,45,True
2026-03-13 16:00:00+00:00,11.68,11.71,11.53,11.57,18320.0,11.605,65,True
2026-03-13 17:00:00+00:00,11.63,11.63,11.25,11.31,20307.0,11.406,111,True
2026-03-13 18:00:00+00:00,11.31,11.4,11.2,11.39,47917.0,11.3,289,True
2026-03-13 19:00:00+00:00,11.42,11.52,11.28,11.38,35534.0,11.36,230,True
2026-03-13 20:00:00+00:00,11.42,11.42,11.42,11.42,4128.0,11.42,1,False
2026-03-13 21:00:00+00:00,11.42,11.42,11.42,11.42,0.0,11.42,0,False
2026-03-13 22:00:00+00:00,11.42,11.42,11.42,11.42,0.0,11.42,0,False
2026-03-13 23:00:00+00:00,11.42,11.42,11.42,11.42,0.0,11.42,0,False
2026-03-16 11:00:00+00:00,11.41,11.41,11.41,11.41,100.0,11.41,1,False
2026-03-16 12:00:00+00:00,11.41,11.41,11.41,11.41,0.0,11.41,0,False
2026-03-16 13:00:00+00:00,11.52,11.52,11.17,11.42,10465.0,11.383,63,False
2026-03-16 14:00:00+00:00,11.42,11.49,11.19,11.24,22089.0,11.313,144,True
2026-03-16 15:00:00+00:00,11.25,11.42,11.19,11.29,28090.0,11.273,152,True
2026-03-16 16:00:00+00:00,11.29,11.44,11.29,11.4,34842.0,11.359,150,True
2026-03-16 17:00:00+00:00,11.4,11.45,11.35,11.36,13628.0,11.392,92,True
2026-03-16 18:00:00+00:00,11.39,11.41,11.25,11.28,50601.0,11.338,233,True
2026-03-16 19:00:00+00:00,11.28,11.35,11.23,11.29,52040.0,11.284,316,True
2026-03-16 20:00:00+00:00,11.3,11.3,11.3,11.3,6558.0,11.3,2,False
2026-03-16 21:00:00+00:00,11.3,11.3,11.3,11.3,0.0,11.3,0,False
2026-03-16 22:00:00+00:00,11.3,11.3,11.3,11.3,0.0,11.3,0,False
2026-03-16 23:00:00+00:00,11.3,11.3,11.3,11.3,0.0,11.3,0,False
2026-03-17 13:00:00+00:00,11.4,11.55,11.29,11.43,5460.0,11.462,29,False
2026-03-17 14:00:00+00:00,11.5,11.51,11.32,11.45,33160.0,11.402,137,True
2026-03-17 15:00:00+00:00,11.43,11.8,11.3,11.74,87691.0,11.62,264,True
2026-03-17 16:00:00+00:00,11.73,11.73,11.49,11.59,47148.0,11.598,261,True
2026-03-17 17:00:00+00:00,11.63,11.66,11.55,11.61,36606.0,11.59,240,True
2026-03-17 18:00:00+00:00,11.65,11.96,11.46,11.5,42103.0,11.651,164,True
2026-03-17 19:00:00+00:00,11.58,11.58,11.44,11.49,24805.0,11.494,157,True
2026-03-17 20:00:00+00:00,11.48,11.48,11.48,11.48,5240.0,11.48,1,False
2026-03-17 21:00:00+00:00,11.48,11.48,11.48,11.48,0.0,11.48,0,False
2026-03-17 22:00:00+00:00,11.48,11.48,11.48,11.48,0.0,11.48,0,False
2026-03-17 23:00:00+00:00,11.48,11.48,11.48,11.48,0.0,11.48,0,False
2026-03-18 13:00:00+00:00,11.3,11.66,11.3,11.51,4721.0,11.525,14,False
2026-03-18 14:00:00+00:00,11.51,11.6,11.35,11.42,6432.0,11.487,28,True
2026-03-18 15:00:00+00:00,11.27,11.44,11.25,11.42,15999.0,11.326,49,True
2026-03-18 16:00:00+00:00,11.42,11.47,11.26,11.4,9079.0,11.364,32,True
2026-03-18 17:00:00+00:00,11.33,11.36,11.19,11.26,18953.0,11.254,93,True
2026-03-18 18:00:00+00:00,11.3,11.35,11.24,11.29,23449.0,11.274,121,True
2026-03-18 19:00:00+00:00,11.28,11.5,11.28,11.31,38893.0,11.382,140,True
2026-03-18 20:00:00+00:00,11.31,11.31,11.31,11.31,7807.0,11.31,1,False
2026-03-18 21:00:00+00:00,11.31,11.31,11.31,11.31,0.0,11.31,0,False
2026-03-18 22:00:00+00:00,11.31,11.31,11.31,11.31,0.0,11.31,0,False
2026-03-18 23:00:00+00:00,11.31,11.31,11.31,11.31,0.0,11.31,0,False
2026-03-19 12:00:00+00:00,10.4,11.32,10.4,11.32,200.0,10.86,2,False
2026-03-19 13:00:00+00:00,11.15,11.27,10.95,11.26,3778.0,11.122,27,False
2026-03-19 14:00:00+00:00,11.27,11.35,11.18,11.18,8930.0,11.259,66,True
2026-03-19 15:00:00+00:00,11.23,11.49,11.22,11.37,14290.0,11.343,76,True
2026-03-19 16:00:00+00:00,11.42,11.53,11.27,11.28,17828.0,11.407,92,True
2026-03-19 17:00:00+00:00,11.28,11.34,11.26,11.34,6718.0,11.307,51,True
2026-03-19 18:00:00+00:00,11.34,11.38,11.29,11.34,18386.0,11.331,98,True
2026-03-19 19:00:00+00:00,11.33,11.57,11.32,11.53,61850.0,11.445,313,True
2026-03-19 20:00:00+00:00,11.48,11.48,11.48,11.48,6418.0,11.48,1,False
2026-03-19 21:00:00+00:00,11.48,11.48,11.48,11.48,0.0,11.48,0,False
2026-03-19 22:00:00+00:00,11.48,11.48,11.48,11.48,0.0,11.48,0,False
2026-03-19 23:00:00+00:00,11.48,11.48,11.48,11.48,0.0,11.48,0,False
2026-03-20 13:00:00+00:00,11.44,11.59,11.23,11.33,8051.0,11.382,31,False
2026-03-20 14:00:00+00:00,11.34,11.49,11.33,11.41,13029.0,11.417,81,True
2026-03-20 15:00:00+00:00,11.49,11.52,11.33,11.48,6878.0,11.43,64,True
2026-03-20 16:00:00+00:00,11.49,11.53,11.45,11.49,8597.0,11.485,71,True
2026-03-20 17:00:00+00:00,11.49,11.5,11.35,11.4,19695.0,11.415,144,True
2026-03-20 18:00:00+00:00,11.41,11.44,11.17,11.21,24915.0,11.293,171,True
2026-03-20 19:00:00+00:00,11.18,11.31,11.15,11.21,41160.0,11.23,313,True
2026-03-20 20:00:00+00:00,11.2,11.2,11.2,11.2,16199.0,11.2,1,False
2026-03-20 21:00:00+00:00,11.2,11.2,11.2,11.2,0.0,11.2,0,False
2026-03-20 22:00:00+00:00,11.2,11.2,11.2,11.2,0.0,11.2,0,False
2026-03-20 23:00:00+00:00,11.2,11.2,11.2,11.2,0.0,11.2,0,False
2026-03-23 13:00:00+00:00,11.38,11.56,11.38,11.56,2378.0,11.434,8,False
2026-03-23 14:00:00+00:00,11.59,11.69,11.46,11.68,23711.0,11.587,137,True
2026-03-23 15:00:00+00:00,11.72,11.72,11.47,11.52,16332.0,11.547,93,True
2026-03-23 16:00:00+00:00,11.52,11.66,11.47,11.65,7620.0,11.578,61,True
2026-03-23 17:00:00+00:00,11.68,11.84,11.64,11.7,22069.0,11.732,121,True
2026-03-23 18:00:00+00:00,11.72,11.79,11.67,11.69,10646.0,11.719,78,True
2026-03-23 19:00:00+00:00,11.68,11.68,11.56,11.65,12957.0,11.608,112,True
2026-03-23 20:00:00+00:00,11.6,11.6,11.6,11.6,6743.0,11.6,1,False
2026-03-23 21:00:00+00:00,11.6,11.6,11.6,11.6,0.0,11.6,0,False
2026-03-23 22:00:00+00:00,11.6,11.6,11.6,11.6,0.0,11.6,0,False
2026-03-23 23:00:00+00:00,11.6,11.6,11.6,11.6,0.0,11.6,0,False
2026-03-24 09:00:00+00:00,11.44,11.44,11.44,11.44,160.0,11.44,1,False
2026-03-24 10:00:00+00:00,11.44,11.44,11.44,11.44,0.0,11.44,0,False
2026-03-24 11:00:00+00:00,11.44,11.44,11.44,11.44,0.0,11.44,0,False
2026-03-24 12:00:00+00:00,11.44,11.44,11.44,11.44,0.0,11.44,0,False
2026-03-24 13:00:00+00:00,11.45,11.76,11.43,11.46,4020.0,11.587,35,False
2026-03-24 14:00:00+00:00,11.72,11.72,11.29,11.6,4770.0,11.555,39,True
2026-03-24 15:00:00+00:00,11.67,11.7,11.47,11.58,10376.0,11.583,91,True
2026-03-24 16:00:00+00:00,11.58,11.61,11.48,11.55,7026.0,11.53,62,True
2026-03-24 17:00:00+00:00,11.55,11.56,11.36,11.48,10297.0,11.454,92,True
2026-03-24 18:00:00+00:00,11.49,11.62,11.39,11.58,13539.0,11.497,119,True
2026-03-24 19:00:00+00:00,11.65,11.72,11.57,11.71,23946.0,11.647,182,True
2026-03-24 20:00:00+00:00,11.63,11.63,11.63,11.63,5251.0,11.63,1,False
2026-03-24 21:00:00+00:00,11.63,11.63,11.63,11.63,0.0,11.63,0,False
2026-03-24 22:00:00+00:00,11.63,11.63,11.63,11.63,0.0,11.63,0,False
2026-03-24 23:00:00+00:00,11.63,11.63,11.63,11.63,0.0,11.63,0,False
2026-03-25 13:00:00+00:00,11.84,12.04,11.05,11.86,15959.0,11.876,100,False
2026-03-25 14:00:00+00:00,11.8,11.92,11.72,11.8,14380.0,11.841,122,True
2026-03-25 15:00:00+00:00,11.87,11.91,11.63,11.86,29751.0,11.797,193,True
2026-03-25 16:00:00+00:00,11.77,12.03,11.77,11.9,20180.0,11.926,128,True
2026-03-25 17:00:00+00:00,11.97,12.04,11.86,11.93,32451.0,11.947,214,True
2026-03-25 18:00:00+00:00,11.91,12.01,11.82,11.87,81532.0,11.923,383,True
2026-03-25 19:00:00+00:00,11.89,12.05,11.71,12.05,89436.0,11.875,537,True
2026-03-25 20:00:00+00:00,12.05,12.05,12.05,12.05,12176.0,12.05,1,False
2026-03-25 21:00:00+00:00,12.05,12.05,12.05,12.05,0.0,12.05,0,False
2026-03-25 22:00:00+00:00,12.05,12.05,12.05,12.05,0.0,12.05,0,False
2026-03-25 23:00:00+00:00,12.05,12.05,12.05,12.05,0.0,12.05,0,False
2026-03-26 13:00:00+00:00,11.91,12.36,11.91,12.16,3611.0,12.108,24,False
2026-03-26 14:00:00+00:00,12.21,12.21,11.95,11.98,4331.0,12.051,41,True
2026-03-26 15:00:00+00:00,12.01,12.16,11.88,12.06,9636.0,11.985,63,True
2026-03-26 16:00:00+00:00,12.06,12.06,11.77,11.8,40562.0,11.866,255,True
2026-03-26 17:00:00+00:00,11.79,11.82,11.66,11.7,19563.0,11.722,127,True
2026-03-26 18:00:00+00:00,11.65,11.72,11.44,11.68,43909.0,11.61,167,True
2026-03-26 19:00:00+00:00,11.68,11.73,11.57,11.6,29190.0,11.669,182,True
2026-03-26 20:00:00+00:00,11.62,11.62,11.62,11.62,5202.0,11.62,1,False
2026-03-26 21:00:00+00:00,11.62,11.62,11.62,11.62,0.0,11.62,0,False
2026-03-26 22:00:00+00:00,11.62,11.62,11.62,11.62,0.0,11.62,0,False
2026-03-26 23:00:00+00:00,11.62,11.62,11.62,11.62,0.0,11.62,0,False
2026-03-27 13:00:00+00:00,11.45,11.55,10.56,11.21,42790.0,11.192,131,False
2026-03-27 14:00:00+00:00,11.16,11.44,11.06,11.44,50382.0,11.278,178,True
2026-03-27 15:00:00+00:00,11.31,11.6,11.31,11.41,15169.0,11.454,72,True
2026-03-27 16:00:00+00:00,11.41,11.51,11.3,11.43,22698.0,11.361,68,True
2026-03-27 17:00:00+00:00,11.42,11.42,11.25,11.27,11673.0,11.308,65,True
2026-03-27 18:00:00+00:00,11.29,11.33,11.2,11.22,13204.0,11.252,45,True
2026-03-27 19:00:00+00:00,11.22,11.22,11.03,11.15,72373.0,11.143,466,True
2026-03-27 20:00:00+00:00,11.16,11.16,11.16,11.16,19880.0,11.16,1,False
2026-03-27 21:00:00+00:00,11.16,11.16,11.16,11.16,0.0,11.16,0,False
2026-03-27 22:00:00+00:00,11.16,11.16,11.16,11.16,0.0,11.16,0,False
2026-03-27 23:00:00+00:00,11.16,11.16,11.16,11.16,0.0,11.16,0,False
2026-03-30 13:00:00+00:00,11.27,11.37,10.73,11.17,18550.0,11.018,26,False
2026-03-30 14:00:00+00:00,11.13,11.16,10.97,11.08,8135.0,11.064,43,True
2026-03-30 15:00:00+00:00,11.08,11.49,11.08,11.4,42558.0,11.286,249,True
2026-03-30 16:00:00+00:00,11.37,11.48,11.2,11.48,25929.0,11.377,178,True
2026-03-30 17:00:00+00:00,11.49,11.49,11.31,11.39,40205.0,11.413,324,True
2026-03-30 18:00:00+00:00,11.39,11.39,11.04,11.07,103811.0,11.13,653,True
2026-03-30 19:00:00+00:00,11.05,11.14,10.93,11.11,123970.0,11.028,728,True
2026-03-30 20:00:00+00:00,11.12,11.12,11.12,11.12,40086.0,11.12,1,False
2026-03-30 21:00:00+00:00,11.12,11.12,11.12,11.12,0.0,11.12,0,False
2026-03-30 22:00:00+00:00,11.12,11.12,11.12,11.12,0.0,11.12,0,False
2026-03-30 23:00:00+00:00,11.12,11.12,11.12,11.12,0.0,11.12,0,False
2026-03-31 13:00:00+00:00,11.32,11.36,11.13,11.24,41699.0,11.232,238,False
2026-03-31 14:00:00+00:00,11.26,11.39,10.85,11.05,85494.0,11.183,508,True
2026-03-31 15:00:00+00:00,11.18,11.33,11.17,11.21,67069.0,11.259,349,True
2026-03-31 16:00:00+00:00,11.21,11.74,11.21,11.52,83225.0,11.447,425,True
2026-03-31 17:00:00+00:00,11.53,11.66,11.47,11.56,23466.0,11.557,133,True
2026-03-31 18:00:00+00:00,11.56,11.87,11.49,11.59,47317.0,11.634,232,True
2026-03-31 19:00:00+00:00,11.55,11.72,11.43,11.72,186905.0,11.565,881,True
2026-03-31 20:00:00+00:00,11.69,11.69,11.69,11.69,30113.0,11.69,1,False
2026-03-31 21:00:00+00:00,11.69,11.69,11.69,11.69,4487.0,11.69,1,False
2026-03-31 22:00:00+00:00,11.69,11.69,11.69,11.69,0.0,11.69,0,False
2026-03-31 23:00:00+00:00,11.69,11.69,11.69,11.69,0.0,11.69,0,False
2026-04-01 13:00:00+00:00,11.85,11.98,11.62,11.63,20308.0,11.869,49,False
2026-04-01 14:00:00+00:00,11.61,11.84,11.61,11.8,29644.0,11.698,115,True
2026-04-01 15:00:00+00:00,11.86,11.89,11.76,11.88,14229.0,11.845,40,True
2026-04-01 16:00:00+00:00,11.86,11.92,11.73,11.86,33912.0,11.838,209,True
2026-04-01 17:00:00+00:00,11.9,11.9,11.69,11.73,43143.0,11.769,194,True
2026-04-01 18:00:00+00:00,11.72,12.0,11.65,11.85,37123.0,11.811,219,True
2026-04-01 19:00:00+00:00,11.85,11.93,11.75,11.85,39734.0,11.862,270,True
2026-04-01 20:00:00+00:00,11.85,11.85,11.85,11.85,30524.0,11.85,2,False
2026-04-01 21:00:00+00:00,11.85,11.85,11.85,11.85,0.0,11.85,0,False
2026-04-01 22:00:00+00:00,11.85,11.85,11.85,11.85,0.0,11.85,0,False
2026-04-01 23:00:00+00:00,11.85,11.85,11.85,11.85,0.0,11.85,0,False
2026-04-02 13:00:00+00:00,11.6,11.79,11.57,11.6,4020.0,11.659,13,False
2026-04-02 14:00:00+00:00,11.62,11.79,11.46,11.6,41724.0,11.587,133,True
2026-04-02 15:00:00+00:00,11.55,11.78,11.51,11.61,85776.0,11.591,315,True
2026-04-02 16:00:00+00:00,11.61,11.8,11.39,11.68,53748.0,11.602,336,True
2026-04-02 17:00:00+00:00,11.67,11.7,11.49,11.56,71033.0,11.647,534,True
2026-04-02 18:00:00+00:00,11.55,11.84,11.41,11.7,30718.0,11.633,208,True
2026-04-02 19:00:00+00:00,11.71,11.77,11.58,11.75,61924.0,11.708,310,True
2026-04-02 20:00:00+00:00,11.75,11.75,11.75,11.75,8940.0,11.75,1,False
2026-04-02 21:00:00+00:00,11.75,11.75,11.75,11.75,0.0,11.75,0,False
2026-04-02 22:00:00+00:00,11.75,11.75,11.75,11.75,0.0,11.75,0,False
2026-04-02 23:00:00+00:00,11.75,11.75,11.75,11.75,0.0,11.75,0,False
2026-04-06 13:00:00+00:00,11.75,11.87,11.7,11.72,12026.0,11.758,80,False
2026-04-06 14:00:00+00:00,11.76,11.8,11.67,11.67,10307.0,11.741,59,True
2026-04-06 15:00:00+00:00,11.73,11.73,11.56,11.64,11530.0,11.629,60,True
2026-04-06 16:00:00+00:00,11.59,11.69,11.55,11.61,11930.0,11.628,98,True
2026-04-06 17:00:00+00:00,11.59,11.65,11.58,11.62,4084.0,11.615,32,True
2026-04-06 18:00:00+00:00,11.57,11.66,11.57,11.64,11160.0,11.607,36,True
2026-04-06 19:00:00+00:00,11.63,11.65,11.55,11.59,52650.0,11.6,334,True
2026-04-06 20:00:00+00:00,11.6,11.6,11.6,11.6,15975.0,11.6,1,False
2026-04-06 21:00:00+00:00,11.6,11.6,11.6,11.6,0.0,11.6,0,False
2026-04-06 22:00:00+00:00,11.6,11.6,11.6,11.6,0.0,11.6,0,False
2026-04-06 23:00:00+00:00,11.6,11.6,11.6,11.6,0.0,11.6,0,False
2026-04-07 13:00:00+00:00,11.57,11.64,11.43,11.43,1892.0,11.541,14,False
2026-04-07 14:00:00+00:00,11.33,11.56,11.26,11.47,8994.0,11.418,53,True
2026-04-07 15:00:00+00:00,11.49,11.58,11.28,11.33,16823.0,11.44,84,True
2026-04-07 16:00:00+00:00,11.29,11.42,11.21,11.33,6107.0,11.326,48,True
2026-04-07 17:00:00+00:00,11.36,11.39,11.25,11.32,15743.0,11.296,61,True
2026-04-07 18:00:00+00:00,11.32,11.39,11.27,11.34,14442.0,11.346,74,True
2026-04-07 19:00:00+00:00,11.31,11.48,11.31,11.48,36723.0,11.383,174,True
2026-04-07 20:00:00+00:00,11.48,11.48,11.46,11.46,5163.0,11.46,2,False
2026-04-07 21:00:00+00:00,11.46,11.46,11.46,11.46,0.0,11.46,0,False
2026-04-07 22:00:00+00:00,11.46,11.46,11.46,11.46,0.0,11.46,0,False
2026-04-07 23:00:00+00:00,11.46,11.46,11.46,11.46,0.0,11.46,0,False
2026-04-08 13:00:00+00:00,11.97,11.97,11.57,11.76,2595.0,11.843,13,False
2026-04-08 14:00:00+00:00,11.82,11.96,11.71,11.76,10936.0,11.84,79,True
2026-04-08 15:00:00+00:00,11.76,11.84,11.7,11.8,12021.0,11.773,96,True
2026-04-08 16:00:00+00:00,11.81,11.92,11.8,11.89,26333.0,11.87,203,True
2026-04-08 17:00:00+00:00,11.9,11.9,11.71,11.73,24534.0,11.811,122,True
2026-04-08 18:00:00+00:00,11.71,11.78,11.6,11.72,16779.0,11.699,86,True
2026-04-08 19:00:00+00:00,11.67,11.79,11.6,11.79,51158.0,11.695,283,True
2026-04-08 20:00:00+00:00,11.79,11.79,11.79,11.79,11537.0,11.79,1,False
2026-04-08 21:00:00+00:00,11.79,11.79,11.79,11.79,0.0,11.79,0,False
2026-04-08 22:00:00+00:00,11.79,11.79,11.79,11.79,0.0,11.79,0,False
2026-04-08 23:00:00+00:00,11.79,11.79,11.79,11.79,0.0,11.79,0,False
2026-04-09 13:00:00+00:00,11.67,11.74,11.34,11.45,117132.0,11.486,362,False
2026-04-09 14:00:00+00:00,11.47,11.69,11.36,11.5,164723.0,11.468,701,True
2026-04-09 15:00:00+00:00,11.52,11.74,11.49,11.64,257256.0,11.552,1132,True
2026-04-09 16:00:00+00:00,11.64,11.8,11.63,11.72,57380.0,11.707,387,True
2026-04-09 17:00:00+00:00,11.67,11.82,11.59,11.59,50690.0,11.724,280,True
2026-04-09 18:00:00+00:00,11.58,11.69,11.56,11.64,33022.0,11.625,181,True
2026-04-09 19:00:00+00:00,11.63,11.68,11.5,11.6,75703.0,11.574,433,True
2026-04-09 20:00:00+00:00,11.58,11.58,11.58,11.58,7885.0,11.58,1,False
2026-04-09 21:00:00+00:00,11.58,11.58,11.58,11.58,0.0,11.58,0,False
2026-04-09 22:00:00+00:00,11.58,11.58,11.58,11.58,0.0,11.58,0,False
2026-04-09 23:00:00+00:00,11.58,11.58,11.58,11.58,0.0,11.58,0,False
2026-04-10 13:00:00+00:00,11.65,11.83,11.65,11.71,5731.0,11.732,28,False
2026-04-10 14:00:00+00:00,11.83,11.83,11.63,11.68,11053.0,11.697,95,True
2026-04-10 15:00:00+00:00,11.73,11.73,11.38,11.55,11230.0,11.596,64,True
2026-04-10 16:00:00+00:00,11.54,11.64,11.52,11.59,7838.0,11.574,54,True
2026-04-10 17:00:00+00:00,11.52,11.58,11.49,11.5,12951.0,11.515,53,True
2026-04-10 18:00:00+00:00,11.47,11.55,11.46,11.52,57213.0,11.505,210,True
2026-04-10 19:00:00+00:00,11.51,11.59,11.46,11.48,137293.0,11.507,854,True
2026-04-10 20:00:00+00:00,11.49,11.49,11.49,11.49,7264.0,11.49,1,False
2026-04-10 21:00:00+00:00,11.49,11.49,11.49,11.49,0.0,11.49,0,False
2026-04-10 22:00:00+00:00,11.49,11.49,11.49,11.49,0.0,11.49,0,False
2026-04-10 23:00:00+00:00,11.49,11.49,11.49,11.49,0.0,11.49,0,False
2026-04-13 13:00:00+00:00,11.45,11.72,11.37,11.72,10929.0,11.489,23,False
2026-04-13 14:00:00+00:00,11.65,11.72,11.39,11.51,8981.0,11.479,56,True
2026-04-13 15:00:00+00:00,11.51,11.63,11.39,11.52,23971.0,11.493,111,True
2026-04-13 16:00:00+00:00,11.51,11.54,11.36,11.42,13861.0,11.426,95,True
2026-04-13 17:00:00+00:00,11.45,11.64,11.39,11.59,13481.0,11.507,91,True
2026-04-13 18:00:00+00:00,11.59,11.64,11.55,11.56,10275.0,11.595,77,True
2026-04-13 19:00:00+00:00,11.56,11.65,11.46,11.63,48303.0,11.55,242,True
2026-04-13 20:00:00+00:00,11.61,11.61,11.61,11.61,5992.0,11.61,1,False
2026-04-13 21:00:00+00:00,11.61,11.61,11.61,11.61,0.0,11.61,0,False
2026-04-13 22:00:00+00:00,11.61,11.61,11.61,11.61,0.0,11.61,0,False
2026-04-13 23:00:00+00:00,11.61,11.61,11.61,11.61,0.0,11.61,0,False
2026-04-14 13:00:00+00:00,11.62,11.8,11.62,11.79,3200.0,11.776,3,False
2026-04-14 14:00:00+00:00,11.86,11.87,11.79,11.84,6163.0,11.837,30,True
2026-04-14 15:00:00+00:00,11.79,11.79,11.68,11.76,15301.0,11.701,53,True
2026-04-14 16:00:00+00:00,11.77,11.83,11.68,11.69,10420.0,11.741,42,True
2026-04-14 17:00:00+00:00,11.73,11.73,11.7,11.7,2692.0,11.709,17,True
2026-04-14 18:00:00+00:00,11.65,11.78,11.61,11.72,29407.0,11.677,154,True
2026-04-14 19:00:00+00:00,11.75,11.81,11.64,11.78,20908.0,11.746,138,True
2026-04-14 20:00:00+00:00,11.79,11.79,11.7,11.7,4557.0,11.788,2,False
2026-04-14 21:00:00+00:00,11.7,11.7,11.7,11.7,0.0,11.7,0,False
2026-04-14 22:00:00+00:00,11.7,11.7,11.7,11.7,0.0,11.7,0,False
2026-04-14 23:00:00+00:00,11.7,11.7,11.7,11.7,0.0,11.7,0,False
2026-04-15 13:00:00+00:00,11.76,11.96,11.52,11.7,4594.0,11.752,19,False
2026-04-15 14:00:00+00:00,11.7,11.71,11.54,11.7,19679.0,11.637,97,True
2026-04-15 15:00:00+00:00,11.67,11.85,11.66,11.7,6480.0,11.724,44,True
2026-04-15 16:00:00+00:00,11.7,11.79,11.68,11.71,6300.0,11.729,45,True
2026-04-15 17:00:00+00:00,11.71,11.8,11.71,11.75,6112.0,11.758,38,True
2026-04-15 18:00:00+00:00,11.75,11.81,11.7,11.75,5965.0,11.738,37,True
2026-04-15 19:00:00+00:00,11.74,11.89,11.71,11.88,23566.0,11.806,137,True
2026-04-15 20:00:00+00:00,11.87,11.87,11.87,11.87,4396.0,11.87,1,False
2026-04-15 21:00:00+00:00,11.87,11.87,11.87,11.87,0.0,11.87,0,False
2026-04-15 22:00:00+00:00,11.87,11.87,11.87,11.87,0.0,11.87,0,False
2026-04-15 23:00:00+00:00,11.87,11.87,11.87,11.87,0.0,11.87,0,False
2026-04-16 13:00:00+00:00,11.95,11.99,11.77,11.86,2322.0,11.867,20,False
2026-04-16 14:00:00+00:00,11.78,11.88,11.77,11.79,2700.0,11.813,13,True
2026-04-16 15:00:00+00:00,11.81,11.87,11.8,11.87,1286.0,11.833,12,True
2026-04-16 16:00:00+00:00,11.83,11.83,11.76,11.79,2874.0,11.79,24,True
2026-04-16 17:00:00+00:00,11.74,11.75,11.58,11.73,10707.0,11.687,99,True
2026-04-16 18:00:00+00:00,11.71,11.86,11.7,11.82,5489.0,11.756,36,True
2026-04-16 19:00:00+00:00,11.82,11.99,11.82,11.95,9529.0,11.927,91,True
2026-04-16 20:00:00+00:00,11.95,11.95,11.95,11.95,4551.0,11.95,1,False
2026-04-16 21:00:00+00:00,11.95,11.95,11.95,11.95,0.0,11.95,0,False
2026-04-16 22:00:00+00:00,11.95,11.95,11.95,11.95,0.0,11.95,0,False
2026-04-16 23:00:00+00:00,11.95,11.95,11.95,11.95,0.0,11.95,0,False
2026-04-17 13:00:00+00:00,12.0,12.0,11.52,11.63,9477.0,11.797,68,False
2026-04-17 14:00:00+00:00,11.6,11.69,11.43,11.67,30047.0,11.597,175,True
2026-04-17 15:00:00+00:00,11.68,11.75,11.58,11.71,66374.0,11.647,348,True
2026-04-17 16:00:00+00:00,11.71,11.82,11.7,11.8,16350.0,11.778,100,True
2026-04-17 17:00:00+00:00,11.81,11.84,11.78,11.79,11912.0,11.812,98,True
2026-04-17 18:00:00+00:00,11.8,11.91,11.8,11.9,11664.0,11.853,72,True
2026-04-17 19:00:00+00:00,11.91,11.98,11.9,11.91,19158.0,11.929,131,True
2026-04-17 20:00:00+00:00,11.94,11.94,11.94,11.94,3887.0,11.94,1,False
2026-04-17 21:00:00+00:00,11.94,11.94,11.94,11.94,0.0,11.94,0,False
2026-04-17 22:00:00+00:00,11.94,11.94,11.94,11.94,0.0,11.94,0,False
2026-04-17 23:00:00+00:00,11.94,11.94,11.94,11.94,0.0,11.94,0,False
2026-04-20 13:00:00+00:00,11.81,11.93,11.75,11.86,2001.0,11.83,15,False
2026-04-20 14:00:00+00:00,11.88,11.98,11.77,11.92,13696.0,11.868,85,True
2026-04-20 15:00:00+00:00,11.92,12.0,11.81,11.96,21914.0,11.903,108,True
2026-04-20 16:00:00+00:00,11.94,12.04,11.88,12.03,11633.0,11.953,60,True
2026-04-20 17:00:00+00:00,12.02,12.15,12.02,12.05,23838.0,12.069,158,True
2026-04-20 18:00:00+00:00,12.08,12.29,12.07,12.26,26765.0,12.168,120,True
2026-04-20 19:00:00+00:00,12.29,12.33,12.19,12.25,123351.0,12.253,592,True
2026-04-20 20:00:00+00:00,12.25,12.25,12.25,12.25,8713.0,12.25,1,False
2026-04-20 21:00:00+00:00,12.25,12.25,12.25,12.25,0.0,12.25,0,False
2026-04-20 22:00:00+00:00,12.25,12.25,12.25,12.25,0.0,12.25,0,False
2026-04-20 23:00:00+00:00,12.25,12.25,12.25,12.25,0.0,12.25,0,False
2026-04-21 13:00:00+00:00,12.25,12.36,12.08,12.14,5956.0,12.201,36,False
2026-04-21 14:00:00+00:00,12.14,12.14,11.82,11.9,6548.0,12.01,57,True
2026-04-21 15:00:00+00:00,11.94,12.08,11.83,12.0,22367.0,11.915,148,True
2026-04-21 16:00:00+00:00,12.01,12.05,11.92,11.94,19690.0,11.96,109,True
2026-04-21 17:00:00+00:00,11.91,12.06,11.87,11.99,35156.0,11.958,184,True
2026-04-21 18:00:00+00:00,11.98,12.09,11.9,11.95,19741.0,11.949,138,True
2026-04-21 19:00:00+00:00,11.92,12.21,11.92,11.96,58695.0,12.08,344,True
2026-04-21 20:00:00+00:00,12.01,12.01,12.01,12.01,4475.0,12.01,1,False
2026-04-21 21:00:00+00:00,12.01,12.01,12.01,12.01,0.0,12.01,0,False
2026-04-21 22:00:00+00:00,12.01,12.01,12.01,12.01,0.0,12.01,0,False
2026-04-21 23:00:00+00:00,12.01,12.01,12.01,12.01,0.0,12.01,0,False
2026-04-22 13:00:00+00:00,12.09,12.18,12.06,12.15,1291.0,12.142,8,False
2026-04-22 14:00:00+00:00,12.19,12.22,12.04,12.04,14119.0,12.161,55,True
2026-04-22 15:00:00+00:00,12.04,12.25,11.97,12.22,11529.0,12.079,90,True
2026-04-22 16:00:00+00:00,12.21,12.26,12.07,12.15,65016.0,12.155,281,True
2026-04-22 17:00:00+00:00,12.15,12.17,12.09,12.13,41366.0,12.113,299,True
2026-04-22 18:00:00+00:00,12.11,12.22,12.11,12.15,17474.0,12.157,146,True
2026-04-22 19:00:00+00:00,12.17,12.17,11.99,12.01,43024.0,12.089,323,True
2026-04-22 20:00:00+00:00,12.01,12.01,12.01,12.01,6101.0,12.01,1,False
2026-04-22 21:00:00+00:00,12.01,12.01,12.01,12.01,0.0,12.01,0,False
2026-04-22 22:00:00+00:00,12.01,12.01,12.01,12.01,0.0,12.01,0,False
2026-04-22 23:00:00+00:00,12.01,12.01,12.01,12.01,0.0,12.01,0,False
2026-04-23 13:00:00+00:00,11.9,12.09,11.9,12.02,796.0,12.009,6,False
2026-04-23 14:00:00+00:00,12.03,12.03,11.91,11.92,7297.0,11.95,39,True
2026-04-23 15:00:00+00:00,11.92,12.01,11.87,11.95,24703.0,11.95,122,True
2026-04-23 16:00:00+00:00,11.91,11.99,11.9,11.94,6718.0,11.935,48,True
2026-04-23 17:00:00+00:00,11.94,12.02,11.8,11.86,69821.0,11.9,348,True
2026-04-23 18:00:00+00:00,11.89,11.99,11.64,11.64,42348.0,11.752,219,True
2026-04-23 19:00:00+00:00,11.65,11.65,11.44,11.55,27025.0,11.546,152,True
2026-04-23 20:00:00+00:00,11.57,11.57,11.57,11.57,4095.0,11.57,1,False
2026-04-23 21:00:00+00:00,11.57,11.57,11.57,11.57,0.0,11.57,0,False
2026-04-23 22:00:00+00:00,11.57,11.57,11.57,11.57,0.0,11.57,0,False
2026-04-23 23:00:00+00:00,11.57,11.57,11.57,11.57,0.0,11.57,0,False
2026-04-24 11:00:00+00:00,11.55,11.55,11.53,11.53,670.0,11.542,2,False
2026-04-24 12:00:00+00:00,11.53,11.53,11.53,11.53,0.0,11.53,0,False
2026-04-24 13:00:00+00:00,11.56,11.93,11.28,11.6,12802.0,11.423,38,False
2026-04-24 14:00:00+00:00,11.6,11.6,11.32,11.46,8123.0,11.405,56,True
2026-04-24 15:00:00+00:00,11.45,11.57,11.4,11.57,31454.0,11.508,181,True
2026-04-24 16:00:00+00:00,11.55,11.58,11.49,11.54,12870.0,11.533,96,True
2026-04-24 17:00:00+00:00,11.54,11.56,11.47,11.5,4942.0,11.515,40,True
2026-04-24 18:00:00+00:00,11.51,11.53,11.48,11.5,9242.0,11.503,63,True
2026-04-24 19:00:00+00:00,11.5,11.5,11.25,11.26,47115.0,11.412,255,True
2026-04-24 20:00:00+00:00,11.33,11.33,11.33,11.33,3867.0,11.33,1,False
2026-04-24 21:00:00+00:00,11.33,11.33,11.33,11.33,0.0,11.33,0,False
2026-04-24 22:00:00+00:00,11.33,11.33,11.33,11.33,0.0,11.33,0,False
2026-04-24 23:00:00+00:00,11.33,11.33,11.33,11.33,0.0,11.33,0,False
2026-04-27 13:00:00+00:00,11.37,11.8,11.32,11.35,4102.0,11.41,16,False
2026-04-27 14:00:00+00:00,11.31,11.62,11.29,11.32,35479.0,11.47,170,True
2026-04-27 15:00:00+00:00,11.31,11.38,11.24,11.3,28773.0,11.322,101,True
2026-04-27 16:00:00+00:00,11.29,11.33,11.08,11.16,40660.0,11.254,193,True
2026-04-27 17:00:00+00:00,11.16,11.36,11.15,11.25,36095.0,11.277,169,True
2026-04-27 18:00:00+00:00,11.25,11.31,11.25,11.28,13248.0,11.287,90,True
2026-04-27 19:00:00+00:00,11.27,11.32,11.19,11.21,45635.0,11.241,261,True
2026-04-27 20:00:00+00:00,11.22,11.22,11.22,11.22,6997.0,11.22,1,False
2026-04-27 21:00:00+00:00,11.22,11.22,11.22,11.22,0.0,11.22,0,False
2026-04-27 22:00:00+00:00,11.22,11.22,11.22,11.22,0.0,11.22,0,False
2026-04-27 23:00:00+00:00,11.22,11.22,11.22,11.22,0.0,11.22,0,False
2026-04-28 13:00:00+00:00,11.16,11.26,11.12,11.26,2609.0,11.143,6,False
2026-04-28 14:00:00+00:00,11.21,11.35,11.1,11.12,10225.0,11.177,47,True
2026-04-28 15:00:00+00:00,11.17,11.19,11.1,11.11,4485.0,11.141,25,True
2026-04-28 16:00:00+00:00,11.1,11.16,11.07,11.11,12579.0,11.126,59,True
2026-04-28 17:00:00+00:00,11.1,11.2,11.1,11.2,10212.0,11.131,57,True
2026-04-28 18:00:00+00:00,11.17,11.2,11.12,11.16,6354.0,11.154,45,True
2026-04-28 19:00:00+00:00,11.18,11.24,11.12,11.2,38084.0,11.176,232,True
2026-04-28 20:00:00+00:00,11.19,11.19,11.18,11.18,3531.0,11.187,2,False
2026-04-28 21:00:00+00:00,11.18,11.18,11.18,11.18,0.0,11.18,0,False
2026-04-28 22:00:00+00:00,11.18,11.18,11.18,11.18,0.0,11.18,0,False
2026-04-28 23:00:00+00:00,11.18,11.18,11.18,11.18,0.0,11.18,0,False
2026-04-29 10:00:00+00:00,11.44,11.44,11.42,11.42,300.0,11.427,2,False
2026-04-29 11:00:00+00:00,11.5,11.5,11.41,11.41,5030.0,11.421,15,False
2026-04-29 12:00:00+00:00,11.51,11.51,11.5,11.51,807.0,11.504,4,False
2026-04-29 13:00:00+00:00,11.5,12.3,11.4,11.92,120708.0,12.016,343,False
2026-04-29 14:00:00+00:00,11.92,12.09,11.72,12.07,65319.0,11.954,334,True
2026-04-29 15:00:00+00:00,12.06,12.09,11.88,11.93,33355.0,11.987,222,True
2026-04-29 16:00:00+00:00,11.95,12.17,11.84,12.16,64202.0,11.95,329,True
2026-04-29 17:00:00+00:00,12.16,12.36,12.12,12.24,69078.0,12.217,367,True
2026-04-29 18:00:00+00:00,12.26,12.42,12.2,12.37,49173.0,12.329,251,True
2026-04-29 19:00:00+00:00,12.37,12.37,12.12,12.17,80386.0,12.226,433,True
2026-04-29 20:00:00+00:00,12.2,12.2,12.2,12.2,15129.0,12.2,1,False
2026-04-29 21:00:00+00:00,12.2,12.2,12.2,12.2,0.0,12.2,0,False
2026-04-29 22:00:00+00:00,12.2,12.2,12.2,12.2,0.0,12.2,0,False
2026-04-29 23:00:00+00:00,12.2,12.2,12.2,12.2,0.0,12.2,0,False
2026-04-30 13:00:00+00:00,12.32,12.43,11.91,12.12,22047.0,12.255,92,False
2026-04-30 14:00:00+00:00,12.05,12.07,11.69,12.06,18867.0,11.991,134,True
2026-04-30 15:00:00+00:00,12.1,12.19,12.09,12.19,10843.0,12.133,48,True
2026-04-30 16:00:00+00:00,12.18,12.21,12.06,12.12,36310.0,12.11,167,True
2026-04-30 17:00:00+00:00,12.12,12.14,12.03,12.1,8718.0,12.077,52,True
2026-04-30 18:00:00+00:00,12.11,12.18,12.03,12.11,41974.0,12.088,165,True
2026-04-30 19:00:00+00:00,12.12,12.17,11.93,11.93,35265.0,12.044,245,True
2026-04-30 20:00:00+00:00,11.94,11.94,11.94,11.94,15890.0,11.94,2,False
2026-04-30 21:00:00+00:00,11.94,11.94,11.94,11.94,0.0,11.94,0,False
2026-04-30 22:00:00+00:00,11.94,11.94,11.94,11.94,0.0,11.94,0,False
2026-04-30 23:00:00+00:00,11.94,11.94,11.94,11.94,0.0,11.94,0,False
2026-05-01 13:00:00+00:00,11.98,12.24,11.86,11.88,1891.0,11.98,12,False
2026-05-01 14:00:00+00:00,11.93,11.93,11.73,11.76,13027.0,11.817,83,True
2026-05-01 15:00:00+00:00,11.8,11.93,11.69,11.78,36367.0,11.79,201,True
2026-05-01 16:00:00+00:00,11.76,11.85,11.7,11.76,12933.0,11.772,112,True
2026-05-01 17:00:00+00:00,11.76,11.81,11.69,11.8,21214.0,11.723,144,True
2026-05-01 18:00:00+00:00,11.79,11.86,11.71,11.73,18153.0,11.784,145,True
2026-05-01 19:00:00+00:00,11.74,11.89,11.72,11.89,52408.0,11.804,360,True
2026-05-01 20:00:00+00:00,11.85,11.85,11.85,11.85,8037.0,11.85,1,False
2026-05-01 21:00:00+00:00,11.85,11.85,11.85,11.85,0.0,11.85,0,False
2026-05-01 22:00:00+00:00,11.85,11.85,11.85,11.85,0.0,11.85,0,False
2026-05-01 23:00:00+00:00,11.85,11.85,11.85,11.85,0.0,11.85,0,False
2026-05-04 10:00:00+00:00,11.85,11.85,11.85,11.85,943.0,11.85,2,False
2026-05-04 11:00:00+00:00,11.85,11.85,11.85,11.85,0.0,11.85,0,False
2026-05-04 12:00:00+00:00,11.85,11.85,11.85,11.85,0.0,11.85,0,False
2026-05-04 13:00:00+00:00,11.89,12.16,11.88,12.08,3371.0,11.945,14,False
2026-05-04 14:00:00+00:00,12.21,12.22,11.99,11.99,3242.0,12.116,27,True
2026-05-04 15:00:00+00:00,12.02,12.06,11.83,11.9,22292.0,11.991,87,True
2026-05-04 16:00:00+00:00,11.79,11.99,11.77,11.96,9718.0,11.837,40,True
2026-05-04 17:00:00+00:00,11.96,11.97,11.87,11.89,9360.0,11.899,32,True
2026-05-04 18:00:00+00:00,11.86,11.93,11.79,11.79,10125.0,11.882,72,True
2026-05-04 19:00:00+00:00,11.78,11.82,11.76,11.78,9295.0,11.788,69,True
2026-05-04 20:00:00+00:00,11.78,11.78,11.78,11.78,3919.0,11.78,1,False
2026-05-04 21:00:00+00:00,11.78,11.78,11.78,11.78,0.0,11.78,0,False
2026-05-04 22:00:00+00:00,11.78,11.78,11.78,11.78,0.0,11.78,0,False
2026-05-04 23:00:00+00:00,11.78,11.78,11.78,11.78,0.0,11.78,0,False
2026-05-05 13:00:00+00:00,11.97,12.13,11.97,12.04,20581.0,12.04,44,False
2026-05-05 14:00:00+00:00,12.04,12.09,11.88,11.88,13095.0,11.962,77,True
2026-05-05 15:00:00+00:00,11.87,12.0,11.87,11.96,14335.0,11.954,41,True
2026-05-05 16:00:00+00:00,11.94,12.0,11.92,11.95,7187.0,11.953,53,True
2026-05-05 17:00:00+00:00,11.96,11.96,11.87,11.94,8592.0,11.898,38,True
2026-05-05 18:00:00+00:00,11.94,11.94,11.72,11.74,16166.0,11.844,91,True
2026-05-05 19:00:00+00:00,11.72,11.73,11.56,11.56,36199.0,11.655,264,True
2026-05-05 20:00:00+00:00,11.63,11.63,11.63,11.63,3723.0,11.63,1,False
2026-05-05 21:00:00+00:00,11.63,11.63,11.63,11.63,0.0,11.63,0,False
2026-05-05 22:00:00+00:00,12.0,12.0,12.0,12.0,100.0,12.0,1,False
2026-05-05 23:00:00+00:00,12.0,12.0,12.0,12.0,0.0,12.0,0,False
2026-05-06 13:00:00+00:00,11.7,11.84,11.58,11.8,10237.0,11.733,22,False
2026-05-06 14:00:00+00:00,11.76,11.98,11.68,11.93,27850.0,11.84,160,True
2026-05-06 15:00:00+00:00,11.97,12.14,11.96,12.12,16690.0,12.087,87,True
2026-05-06 16:00:00+00:00,12.13,12.41,12.1,12.41,21447.0,12.281,153,True
2026-05-06 17:00:00+00:00,12.39,12.45,12.27,12.34,8461.0,12.377,61,True
2026-05-06 18:00:00+00:00,12.33,12.5,12.29,12.49,39876.0,12.411,298,True
2026-05-06 19:00:00+00:00,12.5,12.5,12.29,12.29,57831.0,12.378,264,True
2026-05-06 20:00:00+00:00,12.29,12.29,12.29,12.29,2639.0,12.29,1,False
2026-05-06 21:00:00+00:00,12.29,12.29,12.29,12.29,0.0,12.29,0,False
2026-05-06 22:00:00+00:00,12.29,12.29,12.29,12.29,0.0,12.29,0,False
2026-05-06 23:00:00+00:00,12.29,12.29,12.29,12.29,0.0,12.29,0,False
2026-05-07 13:00:00+00:00,12.32,12.32,12.04,12.07,1375.0,12.131,6,False
2026-05-07 14:00:00+00:00,12.04,12.16,12.03,12.12,5094.0,12.099,35,True
2026-05-07 15:00:00+00:00,12.12,12.16,12.05,12.07,6115.0,12.098,31,True
2026-05-07 16:00:00+00:00,12.09,12.1,11.98,12.01,18627.0,12.025,148,True
2026-05-07 17:00:00+00:00,12.01,12.11,11.99,11.99,61734.0,12.031,294,True
2026-05-07 18:00:00+00:00,11.99,12.0,11.89,11.9,12787.0,11.945,90,True
2026-05-07 19:00:00+00:00,11.9,11.99,11.9,11.98,19888.0,11.954,136,True
2026-05-07 20:00:00+00:00,11.99,11.99,11.99,11.99,10099.0,11.99,1,False
2026-05-07 21:00:00+00:00,11.99,11.99,11.99,11.99,0.0,11.99,0,False
2026-05-07 22:00:00+00:00,11.99,11.99,11.99,11.99,0.0,11.99,0,False
2026-05-07 23:00:00+00:00,11.99,11.99,11.99,11.99,0.0,11.99,0,False
2026-05-08 13:00:00+00:00,12.01,12.11,11.9,11.98,11916.0,11.967,56,False
2026-05-08 14:00:00+00:00,11.98,12.02,11.91,11.97,15178.0,11.976,102,True
2026-05-08 15:00:00+00:00,11.96,11.99,11.9,11.9,13727.0,11.943,77,True
2026-05-08 16:00:00+00:00,11.91,12.24,11.73,12.13,339596.0,12.023,830,True
2026-05-08 17:00:00+00:00,12.12,12.14,11.82,11.99,150357.0,12.021,643,True
2026-05-08 18:00:00+00:00,12.0,12.12,11.82,11.82,76015.0,11.969,275,True
2026-05-08 19:00:00+00:00,11.83,11.92,11.77,11.79,83770.0,11.839,385,True
2026-05-08 20:00:00+00:00,11.82,11.9,11.82,11.9,43010.0,11.821,2,False
2026-05-08 21:00:00+00:00,11.9,11.9,11.9,11.9,0.0,11.9,0,False
2026-05-08 22:00:00+00:00,12.02,12.18,12.02,12.05,3095.0,12.09,6,False
2026-05-08 23:00:00+00:00,12.05,12.05,12.05,12.05,100.0,12.05,1,False
2026-05-11 08:00:00+00:00,12.08,12.08,12.08,12.08,1220.0,12.08,3,False
2026-05-11 09:00:00+00:00,12.08,12.08,12.08,12.08,0.0,12.08,0,False
2026-05-11 10:00:00+00:00,11.82,11.82,11.5,11.5,1430.0,11.641,3,False
2026-05-11 11:00:00+00:00,11.94,11.95,11.87,11.87,2907.0,11.933,8,False
2026-05-11 12:00:00+00:00,11.87,11.87,11.87,11.87,0.0,11.87,0,False
2026-05-11 13:00:00+00:00,12.0,12.12,11.74,11.79,20577.0,11.942,65,False
2026-05-11 14:00:00+00:00,11.83,11.83,11.52,11.68,80022.0,11.657,260,True
2026-05-11 15:00:00+00:00,11.69,11.79,11.69,11.75,11746.0,11.75,82,True
2026-05-11 16:00:00+00:00,11.75,11.83,11.63,11.63,46788.0,11.764,81,True
2026-05-11 17:00:00+00:00,11.65,11.71,11.52,11.52,17921.0,11.658,112,True
2026-05-11 18:00:00+00:00,11.55,11.65,11.53,11.58,22559.0,11.592,175,True
2026-05-11 19:00:00+00:00,11.54,11.61,11.52,11.59,41585.0,11.578,307,True
2026-05-11 20:00:00+00:00,11.56,11.56,11.56,11.56,5982.0,11.56,2,False
2026-05-11 21:00:00+00:00,11.51,11.51,11.51,11.51,150.0,11.51,1,False
2026-05-11 22:00:00+00:00,11.51,11.51,11.51,11.51,0.0,11.51,0,False
2026-05-11 23:00:00+00:00,11.51,11.51,11.51,11.51,0.0,11.51,0,False
2026-05-12 11:00:00+00:00,11.98,11.98,11.97,11.98,150.0,11.979,1,False
2026-05-12 12:00:00+00:00,11.98,11.98,11.98,11.98,0.0,11.98,0,False
2026-05-12 13:00:00+00:00,11.49,11.8,11.49,11.54,58595.0,11.539,124,False
2026-05-12 14:00:00+00:00,11.55,11.64,11.48,11.54,10680.0,11.554,71,True
2026-05-12 15:00:00+00:00,11.51,11.68,11.48,11.62,31405.0,11.54,135,True
2026-05-12 16:00:00+00:00,11.62,11.67,11.47,11.47,50074.0,11.56,252,True
2026-05-12 17:00:00+00:00,11.47,11.64,11.47,11.63,15546.0,11.583,89,True
2026-05-12 18:00:00+00:00,11.62,11.65,11.54,11.57,126028.0,11.618,543,True
2026-05-12 19:00:00+00:00,11.55,11.79,11.55,11.7,75721.0,11.658,515,True
2026-05-12 20:00:00+00:00,11.63,12.0,11.63,12.0,9758.0,11.712,4,False
2026-05-12 21:00:00+00:00,12.0,12.0,12.0,12.0,0.0,12.0,0,False
2026-05-12 22:00:00+00:00,12.0,12.0,12.0,12.0,0.0,12.0,0,False
2026-05-12 23:00:00+00:00,12.0,12.0,11.99,12.0,0.0,12.0,0,False
2026-05-13 13:00:00+00:00,11.69,11.7,11.4,11.4,2751.0,11.546,15,False
2026-05-13 14:00:00+00:00,11.39,11.81,11.33,11.8,171707.0,11.659,282,True
2026-05-13 15:00:00+00:00,11.8,12.24,11.8,12.1,106924.0,12.048,542,True
2026-05-13 16:00:00+00:00,12.02,12.19,11.87,11.88,49181.0,12.031,240,True
2026-05-13 17:00:00+00:00,11.87,11.88,11.75,11.75,21415.0,11.817,99,True
2026-05-13 18:00:00+00:00,11.76,11.8,11.55,11.76,46607.0,11.704,210,True
2026-05-13 19:00:00+00:00,11.76,11.94,11.74,11.84,64152.0,11.851,269,True
2026-05-13 20:00:00+00:00,11.82,11.82,11.82,11.82,7915.0,11.82,1,False
2026-05-13 21:00:00+00:00,11.82,11.82,11.82,11.82,0.0,11.82,0,False
2026-05-13 22:00:00+00:00,11.82,11.82,11.82,11.82,0.0,11.82,0,False
2026-05-13 23:00:00+00:00,11.82,11.82,11.82,11.82,0.0,11.82,0,False
2026-05-14 12:00:00+00:00,11.14,11.15,11.14,11.14,450.0,11.142,2,False
2026-05-14 13:00:00+00:00,11.92,12.22,11.9,12.01,310922.0,12.01,417,False
2026-05-14 14:00:00+00:00,12.01,12.36,12.0,12.26,61820.0,12.237,281,True
2026-05-14 15:00:00+00:00,12.23,12.31,12.19,12.25,15192.0,12.245,102,True
2026-05-14 16:00:00+00:00,12.25,12.31,12.2,12.3,44922.0,12.289,215,True
2026-05-14 17:00:00+00:00,12.3,12.36,12.19,12.19,58916.0,12.288,415,True
2026-05-14 18:00:00+00:00,12.2,12.77,12.17,12.63,132964.0,12.599,397,True
2026-05-14 19:00:00+00:00,12.64,12.73,12.35,12.38,177633.0,12.556,1005,True
2026-05-14 20:00:00+00:00,12.41,12.41,12.25,12.25,8155.0,12.399,4,False
2026-05-14 21:00:00+00:00,12.25,12.25,12.25,12.25,0.0,12.25,0,False
2026-05-14 22:00:00+00:00,12.25,12.25,12.25,12.25,0.0,12.25,0,False
2026-05-14 23:00:00+00:00,12.25,12.25,12.25,12.25,0.0,12.25,0,False
2026-05-15 11:00:00+00:00,12.4,12.4,12.4,12.4,100.0,12.4,1,False
2026-05-15 12:00:00+00:00,12.4,12.4,12.4,12.4,0.0,12.4,0,False
2026-05-15 13:00:00+00:00,12.22,12.5,12.14,12.33,22988.0,12.276,97,False
2026-05-15 14:00:00+00:00,12.29,12.49,12.15,12.15,42715.0,12.342,177,True
2026-05-15 15:00:00+00:00,12.11,12.22,11.91,11.91,40338.0,12.12,236,True
2026-05-15 16:00:00+00:00,11.87,11.95,11.79,11.9,28629.0,11.882,192,True
2026-05-15 17:00:00+00:00,11.93,12.0,11.81,11.95,77094.0,11.9,421,True
2026-05-15 18:00:00+00:00,11.93,11.97,11.74,11.74,52461.0,11.851,393,True
2026-05-15 19:00:00+00:00,11.74,11.95,11.73,11.82,129618.0,11.836,823,True
2026-05-15 20:00:00+00:00,11.82,11.82,11.82,11.82,19738.0,11.82,1,False
2026-05-15 21:00:00+00:00,11.82,11.82,11.82,11.82,0.0,11.82,0,False
2026-05-15 22:00:00+00:00,11.82,11.82,11.82,11.82,0.0,11.82,0,False
2026-05-15 23:00:00+00:00,11.82,11.82,11.82,11.82,0.0,11.82,0,False
