date,open,high,low,close,volume,average,barCount,is_rth
2018-05-18 00:00:00+00:00,35.08,35.4,34.84,35.22,191899.0,35.189,1436,False
2018-05-21 00:00:00+00:00,35.28,35.64,35.16,35.58,163688.0,35.433,1343,False
2018-05-22 00:00:00+00:00,35.59,35.86,35.24,35.37,362861.0,35.62,2642,False
2018-05-23 00:00:00+00:00,35.32,35.77,35.02,35.72,180800.0,35.452,1491,False
2018-05-24 00:00:00+00:00,35.64,36.37,35.41,36.27,258436.0,36.102,2099,False
2018-05-25 00:00:00+00:00,36.25,36.49,36.0,36.24,131610.0,36.216,1094,False
2018-05-29 00:00:00+00:00,36.04,37.1,35.94,36.92,185877.0,36.785,1608,False
2018-05-30 00:00:00+00:00,37.0,37.52,36.75,37.18,186837.0,37.227,1554,False
2018-05-31 00:00:00+00:00,37.11,37.16,35.89,36.78,151858.0,36.799,1220,False
2018-06-01 00:00:00+00:00,36.88,37.88,36.57,37.37,289824.0,37.464,2266,False
2018-06-04 00:00:00+00:00,37.21,37.97,37.21,37.96,168727.0,37.716,1341,False
2018-06-05 00:00:00+00:00,38.08,38.57,37.9,38.4,188160.0,38.234,1471,False
2018-06-06 00:00:00+00:00,38.48,38.7,37.81,38.67,112430.0,38.43,942,False
2018-06-07 00:00:00+00:00,38.66,38.83,38.39,38.58,127092.0,38.605,1105,False
2018-06-08 00:00:00+00:00,38.7,39.14,38.64,39.08,155019.0,38.832,1298,False
2018-06-11 00:00:00+00:00,39.08,39.41,38.74,39.18,123774.0,39.116,1078,False
2018-06-12 00:00:00+00:00,39.18,39.27,38.78,39.21,109521.0,39.053,935,False
2018-06-13 00:00:00+00:00,39.36,39.39,38.03,38.07,114482.0,38.39,1027,False
2018-06-14 00:00:00+00:00,38.06,38.2,37.1,37.65,201071.0,37.564,1686,False
2018-06-15 00:00:00+00:00,37.5,38.01,37.3,37.59,230704.0,37.581,1587,False
2018-06-18 00:00:00+00:00,37.41,38.06,37.07,38.03,120705.0,37.798,1037,False
2018-06-19 00:00:00+00:00,37.72,38.04,37.12,37.93,118492.0,37.67,1050,False
2018-06-20 00:00:00+00:00,38.1,38.18,37.56,38.03,139636.0,37.97,1130,False
2018-06-21 00:00:00+00:00,38.04,38.19,37.27,37.44,117896.0,37.526,1030,False
2018-06-22 00:00:00+00:00,37.43,37.64,36.4,36.71,217997.0,36.787,1517,False
2018-06-25 00:00:00+00:00,36.56,36.65,35.97,36.32,231007.0,36.227,1770,False
2018-06-26 00:00:00+00:00,36.28,36.98,36.13,36.95,135536.0,36.687,1139,False
2018-06-27 00:00:00+00:00,36.94,37.12,36.26,36.28,86856.0,36.532,765,False
2018-06-28 00:00:00+00:00,36.29,36.61,35.88,36.44,88828.0,36.368,825,False
2018-06-29 00:00:00+00:00,36.54,36.9,36.44,36.62,120286.0,36.716,1000,False
2018-07-02 00:00:00+00:00,36.36,37.12,36.17,37.08,128558.0,36.83,1132,False
2018-07-03 00:00:00+00:00,37.21,37.66,36.88,37.35,77555.0,37.321,686,False
2018-07-05 00:00:00+00:00,37.47,37.82,37.0,37.8,125702.0,37.502,1090,False
2018-07-06 00:00:00+00:00,37.71,38.32,37.44,38.06,94064.0,38.082,827,False
2018-07-09 00:00:00+00:00,38.14,38.35,37.77,38.22,124268.0,38.152,820,False
2018-07-10 00:00:00+00:00,38.32,38.32,37.63,37.83,154636.0,37.93,1104,False
2018-07-11 00:00:00+00:00,37.59,37.98,37.32,37.52,115503.0,37.727,993,False
2018-07-12 00:00:00+00:00,37.71,37.93,37.08,37.63,126872.0,37.609,961,False
2018-07-13 00:00:00+00:00,37.43,38.21,37.23,37.91,97928.0,37.943,854,False
2018-07-16 00:00:00+00:00,38.1,38.1,37.42,37.62,99372.0,37.672,870,False
2018-07-17 00:00:00+00:00,37.68,38.63,37.68,38.55,279088.0,38.442,1848,False
2018-07-18 00:00:00+00:00,38.54,38.63,37.94,38.4,321027.0,38.322,2127,False
2018-07-19 00:00:00+00:00,34.41,36.62,34.4,36.17,1389804.0,35.418,9640,False
2018-07-20 00:00:00+00:00,36.16,36.73,35.78,36.68,378495.0,36.35,2898,False
2018-07-23 00:00:00+00:00,36.53,36.53,35.83,35.85,328915.0,36.107,2490,False
2018-07-24 00:00:00+00:00,35.84,35.96,35.11,35.64,287991.0,35.568,2412,False
2018-07-25 00:00:00+00:00,35.65,35.65,34.9,35.45,253977.0,35.276,2007,False
2018-07-26 00:00:00+00:00,35.44,36.55,35.44,36.51,186407.0,36.235,1625,False
2018-07-27 00:00:00+00:00,36.6,36.71,35.58,35.6,183659.0,35.863,1678,False
2018-07-30 00:00:00+00:00,35.55,36.11,35.55,35.58,157372.0,35.776,1210,False
2018-07-31 00:00:00+00:00,35.8,36.96,35.38,36.84,237417.0,36.708,1940,False
2018-08-01 00:00:00+00:00,36.84,36.84,35.75,35.96,283377.0,36.142,1781,False
2018-08-02 00:00:00+00:00,35.73,36.45,35.65,36.4,87518.0,36.217,781,False
2018-08-03 00:00:00+00:00,36.7,36.82,36.34,36.58,163783.0,36.571,1325,False
2018-08-06 00:00:00+00:00,36.79,36.95,36.43,36.7,159207.0,36.688,1120,False
2018-08-07 00:00:00+00:00,36.85,37.16,36.71,36.79,125983.0,36.869,937,False
2018-08-08 00:00:00+00:00,36.66,36.79,36.33,36.62,112111.0,36.564,834,False
2018-08-09 00:00:00+00:00,36.67,37.06,36.6,36.8,92967.0,36.836,768,False
2018-08-10 00:00:00+00:00,36.59,36.86,36.21,36.82,102351.0,36.662,901,False
2018-08-13 00:00:00+00:00,36.92,37.12,36.26,36.4,79608.0,36.581,686,False
2018-08-14 00:00:00+00:00,36.45,36.96,36.44,36.8,79123.0,36.773,698,False
2018-08-15 00:00:00+00:00,36.51,36.89,36.15,36.57,59070.0,36.456,522,False
2018-08-16 00:00:00+00:00,36.76,37.08,36.58,36.91,100402.0,36.845,839,False
2018-08-17 00:00:00+00:00,36.8,37.11,36.21,37.07,83570.0,36.907,728,False
2018-08-20 00:00:00+00:00,37.16,37.57,36.9,37.48,83870.0,37.377,654,False
2018-08-21 00:00:00+00:00,37.5,38.15,37.5,37.97,121716.0,37.904,911,False
2018-08-22 00:00:00+00:00,37.91,38.08,37.27,37.47,55800.0,37.463,492,False
2018-08-23 00:00:00+00:00,37.46,37.46,36.77,36.95,78927.0,36.976,666,False
2018-08-24 00:00:00+00:00,37.05,37.09,36.63,37.06,98801.0,36.864,821,False
2018-08-27 00:00:00+00:00,37.1,37.66,37.1,37.39,78314.0,37.431,623,False
2018-08-28 00:00:00+00:00,37.39,37.52,36.85,36.96,89344.0,37.024,601,False
2018-08-29 00:00:00+00:00,37.12,37.41,36.78,37.28,146588.0,37.136,900,False
2018-08-30 00:00:00+00:00,37.13,37.51,36.93,37.2,59105.0,37.24,493,False
2018-08-31 00:00:00+00:00,37.19,37.59,37.19,37.46,95388.0,37.417,771,False
2018-09-04 00:00:00+00:00,37.42,37.47,36.96,37.24,112018.0,37.252,921,False
2018-09-05 00:00:00+00:00,37.14,37.7,37.14,37.65,96831.0,37.454,677,False
2018-09-06 00:00:00+00:00,37.76,37.85,37.34,37.36,62939.0,37.522,517,False
2018-09-07 00:00:00+00:00,37.31,37.63,36.94,37.59,123937.0,37.304,947,False
2018-09-10 00:00:00+00:00,37.73,38.0,37.31,37.87,149030.0,37.875,878,False
2018-09-11 00:00:00+00:00,37.77,38.2,37.36,38.1,228066.0,38.001,1379,False
2018-09-12 00:00:00+00:00,37.95,38.42,37.79,38.25,186349.0,38.116,960,False
2018-09-13 00:00:00+00:00,38.24,38.42,37.12,37.13,185653.0,37.45,1378,False
2018-09-14 00:00:00+00:00,37.11,37.99,36.84,37.84,84478.0,37.652,765,False
2018-09-17 00:00:00+00:00,37.95,37.95,37.12,37.14,59636.0,37.393,542,False
2018-09-18 00:00:00+00:00,37.1,37.33,36.85,36.85,100158.0,37.098,712,False
2018-09-19 00:00:00+00:00,36.95,37.03,36.02,36.12,163706.0,36.384,1169,False
2018-09-20 00:00:00+00:00,36.29,36.38,35.52,35.8,235181.0,35.848,1995,False
2018-09-21 00:00:00+00:00,35.89,35.89,35.21,35.52,313749.0,35.575,1272,False
2018-09-24 00:00:00+00:00,35.45,35.49,35.03,35.14,99782.0,35.166,758,False
2018-09-25 00:00:00+00:00,35.04,35.04,34.63,34.8,150223.0,34.819,1300,False
2018-09-26 00:00:00+00:00,34.81,35.18,34.51,34.64,268970.0,34.768,1843,False
2018-09-27 00:00:00+00:00,34.66,35.28,34.6,35.23,261102.0,35.131,1934,False
2018-09-28 00:00:00+00:00,35.16,35.5,35.16,35.33,259488.0,35.353,2018,False
2018-10-01 00:00:00+00:00,35.52,35.56,33.79,33.91,248491.0,34.279,1850,False
2018-10-02 00:00:00+00:00,33.93,34.09,33.67,33.8,133887.0,33.851,1183,False
2018-10-03 00:00:00+00:00,33.87,34.34,33.7,34.14,223925.0,34.017,1718,False
2018-10-04 00:00:00+00:00,34.1,34.63,33.85,34.43,208443.0,34.332,1374,False
2018-10-05 00:00:00+00:00,34.5,34.63,33.95,34.49,220418.0,34.309,1653,False
2018-10-08 00:00:00+00:00,34.48,35.07,34.25,34.99,202941.0,34.779,1677,False
2018-10-09 00:00:00+00:00,35.14,35.14,34.3,34.31,285614.0,34.603,2245,False
2018-10-10 00:00:00+00:00,34.4,34.52,33.93,34.11,433908.0,34.295,3247,False
2018-10-11 00:00:00+00:00,33.88,34.34,32.85,32.9,182664.0,33.298,1608,False
2018-10-12 00:00:00+00:00,33.33,33.33,32.42,32.81,298132.0,32.725,2324,False
2018-10-15 00:00:00+00:00,32.81,33.09,32.58,32.81,292449.0,32.876,2369,False
2018-10-16 00:00:00+00:00,33.02,34.3,32.57,34.09,330528.0,33.861,2622,False
2018-10-17 00:00:00+00:00,32.6,32.8,29.84,31.36,1297872.0,30.887,9339,False
2018-10-18 00:00:00+00:00,30.75,31.63,29.94,30.14,515609.0,30.565,4363,False
2018-10-19 00:00:00+00:00,30.21,30.52,28.67,28.92,584353.0,29.198,5068,False
2018-10-22 00:00:00+00:00,29.03,30.05,28.85,28.87,494499.0,29.258,3783,False
2018-10-23 00:00:00+00:00,28.47,29.72,28.0,29.01,717075.0,29.039,4722,False
2018-10-24 00:00:00+00:00,29.04,29.38,27.64,27.69,489379.0,28.369,4024,False
2018-10-25 00:00:00+00:00,27.91,29.08,27.52,28.54,464240.0,28.655,3403,False
2018-10-26 00:00:00+00:00,28.15,28.48,26.99,27.85,326093.0,27.785,2657,False
2018-10-29 00:00:00+00:00,28.26,28.52,26.8,27.24,212969.0,27.459,1733,False
2018-10-30 00:00:00+00:00,27.12,28.36,27.12,28.03,401657.0,27.907,3129,False
2018-10-31 00:00:00+00:00,28.43,28.66,27.72,28.27,346216.0,28.256,3001,False
2018-11-01 00:00:00+00:00,28.35,29.31,28.32,28.89,262558.0,28.966,2381,False
2018-11-02 00:00:00+00:00,28.95,29.12,28.43,29.05,194403.0,28.901,1708,False
2018-11-05 00:00:00+00:00,29.17,29.32,28.51,29.12,239839.0,28.954,2111,False
2018-11-06 00:00:00+00:00,28.99,29.27,28.67,28.83,151805.0,28.857,1435,False
2018-11-07 00:00:00+00:00,28.88,29.09,28.18,29.04,159302.0,28.697,1482,False
2018-11-08 00:00:00+00:00,28.99,29.24,28.51,28.71,179344.0,28.841,1558,False
2018-11-09 00:00:00+00:00,28.56,28.81,27.76,28.1,193175.0,28.089,1713,False
2018-11-12 00:00:00+00:00,28.16,28.37,27.67,27.7,216071.0,27.96,1791,False
2018-11-13 00:00:00+00:00,27.88,28.35,27.8,27.97,190253.0,28.049,1681,False
2018-11-14 00:00:00+00:00,28.17,28.68,27.84,28.18,328078.0,28.297,2495,False
2018-11-15 00:00:00+00:00,28.01,28.52,27.91,28.35,168396.0,28.268,1461,False
2018-11-16 00:00:00+00:00,27.95,28.5,27.82,28.45,184061.0,28.175,1534,False
2018-11-19 00:00:00+00:00,28.28,28.69,27.67,27.82,152369.0,28.023,1435,False
2018-11-20 00:00:00+00:00,27.72,27.83,26.76,27.02,261704.0,27.15,2240,False
2018-11-21 00:00:00+00:00,27.14,27.95,27.14,27.61,121711.0,27.67,1043,False
2018-11-23 00:00:00+00:00,27.26,28.01,27.26,27.53,43732.0,27.748,373,False
2018-11-26 00:00:00+00:00,27.7,27.8,27.22,27.49,174942.0,27.453,1268,False
2018-11-27 00:00:00+00:00,27.43,27.72,26.53,26.57,199205.0,26.781,1723,False
2018-11-28 00:00:00+00:00,26.63,27.48,26.16,27.34,406329.0,26.868,3451,False
2018-11-29 00:00:00+00:00,27.16,27.88,27.02,27.62,233410.0,27.502,1832,False
2018-11-30 00:00:00+00:00,27.53,27.91,27.4,27.66,138118.0,27.643,1176,False
2018-12-03 00:00:00+00:00,28.05,28.29,27.56,28.04,159509.0,27.876,1293,False
2018-12-04 00:00:00+00:00,27.83,27.86,26.18,26.32,208060.0,26.633,1592,False
2018-12-06 00:00:00+00:00,26.0,26.88,25.99,26.87,267088.0,26.495,2191,False
2018-12-07 00:00:00+00:00,26.93,27.22,26.78,27.07,341697.0,27.022,2738,False
2018-12-10 00:00:00+00:00,27.02,27.4,26.39,26.58,224358.0,26.756,1893,False
2018-12-11 00:00:00+00:00,27.09,27.12,26.14,26.17,214010.0,26.548,1803,False
2018-12-12 00:00:00+00:00,26.48,26.97,26.37,26.73,254464.0,26.774,2241,False
2018-12-13 00:00:00+00:00,26.92,27.24,26.54,26.61,254434.0,26.838,2114,False
2018-12-14 00:00:00+00:00,26.36,27.17,26.17,26.22,262504.0,26.61,2028,False
2018-12-17 00:00:00+00:00,26.22,26.84,26.15,26.3,249058.0,26.429,2022,False
2018-12-18 00:00:00+00:00,26.52,27.16,26.5,26.72,211102.0,26.895,1672,False
2018-12-19 00:00:00+00:00,26.85,27.32,26.35,26.38,360544.0,26.794,2872,False
2018-12-20 00:00:00+00:00,26.36,26.74,25.61,25.83,240190.0,25.952,2180,False
2018-12-21 00:00:00+00:00,25.86,26.46,25.82,25.99,481773.0,26.002,3176,False
2018-12-24 00:00:00+00:00,25.97,25.97,24.43,24.46,300489.0,25.212,2015,False
2018-12-26 00:00:00+00:00,24.52,25.22,24.14,25.19,166961.0,24.708,1451,False
2018-12-27 00:00:00+00:00,24.71,25.46,24.52,25.45,234594.0,25.039,1949,False
2018-12-28 00:00:00+00:00,25.5,25.98,25.09,25.69,195701.0,25.533,1633,False
2018-12-31 00:00:00+00:00,25.86,26.04,25.26,25.96,189904.0,25.709,1450,False
2019-01-02 00:00:00+00:00,25.49,26.64,25.17,26.46,156875.0,26.277,1383,False
2019-01-03 00:00:00+00:00,26.31,26.64,25.75,25.94,186845.0,26.095,1679,False
2019-01-04 00:00:00+00:00,26.33,27.31,25.6,27.12,165057.0,27.043,1351,False
2019-01-07 00:00:00+00:00,27.2,27.88,26.48,27.51,208319.0,27.619,1715,False
2019-01-08 00:00:00+00:00,27.88,28.01,27.48,27.97,137733.0,27.802,1135,False
2019-01-09 00:00:00+00:00,28.06,28.62,27.42,28.52,192779.0,28.212,1717,False
2019-01-10 00:00:00+00:00,28.48,28.97,28.32,28.76,214800.0,28.667,1692,False
2019-01-11 00:00:00+00:00,28.6,28.84,28.12,28.83,167554.0,28.591,1364,False
2019-01-14 00:00:00+00:00,28.63,29.02,28.45,28.64,158811.0,28.724,1444,False
2019-01-15 00:00:00+00:00,28.66,28.86,27.9,28.31,126028.0,28.196,1106,False
2019-01-16 00:00:00+00:00,28.32,28.75,28.26,28.54,143019.0,28.49,1257,False
2019-01-17 00:00:00+00:00,28.48,29.27,28.48,29.19,142245.0,28.999,1242,False
2019-01-18 00:00:00+00:00,29.35,29.85,29.18,29.29,144045.0,29.422,1162,False
2019-01-22 00:00:00+00:00,29.14,29.34,29.0,29.29,140177.0,29.143,1281,False
2019-01-23 00:00:00+00:00,29.42,29.6,28.44,28.78,231108.0,28.951,1943,False
2019-01-24 00:00:00+00:00,28.78,28.89,27.52,28.81,117859.0,28.687,975,False
2019-01-25 00:00:00+00:00,29.08,29.8,28.74,28.75,143273.0,29.153,1284,False
2019-01-28 00:00:00+00:00,28.55,29.07,28.53,28.84,143073.0,28.854,1033,False
2019-01-29 00:00:00+00:00,28.96,29.39,28.65,29.14,128672.0,29.046,1004,False
2019-01-30 00:00:00+00:00,29.31,29.79,28.9,29.77,167450.0,29.4,1476,False
2019-01-31 00:00:00+00:00,29.76,30.85,29.75,30.82,185557.0,30.551,1632,False
2019-02-01 00:00:00+00:00,30.94,31.3,30.51,31.0,262548.0,30.974,1705,False
2019-02-04 00:00:00+00:00,31.18,31.18,30.53,30.83,172348.0,30.797,1449,False
2019-02-05 00:00:00+00:00,30.89,31.05,30.37,30.75,71143.0,30.663,658,False
2019-02-06 00:00:00+00:00,30.75,31.0,30.61,30.78,65767.0,30.799,589,False
2019-02-07 00:00:00+00:00,30.72,30.9,30.31,30.45,134428.0,30.537,1131,False
2019-02-08 00:00:00+00:00,30.44,30.7,29.95,30.08,235498.0,30.109,1509,False
2019-02-11 00:00:00+00:00,30.09,30.58,29.91,30.57,438908.0,30.243,2933,False
2019-02-12 00:00:00+00:00,30.81,31.51,30.76,31.5,125819.0,31.359,1129,False
2019-02-13 00:00:00+00:00,31.61,31.9,31.36,31.7,115145.0,31.63,976,False
2019-02-14 00:00:00+00:00,31.65,32.28,31.44,31.91,213431.0,31.971,1776,False
2019-02-15 00:00:00+00:00,32.08,32.37,31.78,32.23,145031.0,32.159,1268,False
2019-02-19 00:00:00+00:00,32.29,33.12,32.29,32.77,193521.0,32.82,1717,False
2019-02-20 00:00:00+00:00,32.77,33.16,32.61,32.68,554922.0,32.779,3944,False
2019-02-21 00:00:00+00:00,32.35,33.49,31.29,32.51,343130.0,32.708,2427,False
2019-02-22 00:00:00+00:00,32.81,32.81,32.31,32.48,190284.0,32.477,1563,False
2019-02-25 00:00:00+00:00,32.61,32.77,32.28,32.31,163776.0,32.435,1387,False
2019-02-26 00:00:00+00:00,32.32,32.42,31.55,31.55,148007.0,31.784,1243,False
2019-02-27 00:00:00+00:00,31.45,31.63,31.16,31.57,153546.0,31.42,1415,False
2019-02-28 00:00:00+00:00,31.58,31.78,30.94,30.97,114787.0,31.146,965,False
2019-03-01 00:00:00+00:00,31.23,31.38,30.8,31.1,168784.0,31.08,1473,False
2019-03-04 00:00:00+00:00,31.21,31.41,30.75,30.77,114956.0,30.937,1081,False
2019-03-05 00:00:00+00:00,30.77,30.87,30.39,30.39,96507.0,30.618,853,False
2019-03-06 00:00:00+00:00,30.43,30.72,30.02,30.02,110933.0,30.208,952,False
2019-03-07 00:00:00+00:00,29.99,30.0,29.5,29.6,100232.0,29.732,843,False
2019-03-08 00:00:00+00:00,29.37,29.89,29.08,29.83,87487.0,29.75,684,False
2019-03-11 00:00:00+00:00,29.78,30.24,29.71,30.22,118160.0,30.024,1060,False
2019-03-12 00:00:00+00:00,30.26,30.4,29.94,29.99,134692.0,30.097,1133,False
2019-03-13 00:00:00+00:00,30.15,30.31,29.82,30.1,132566.0,30.129,1106,False
2019-03-14 00:00:00+00:00,30.07,30.17,30.0,30.05,100413.0,30.066,856,False
2019-03-15 00:00:00+00:00,30.13,30.88,30.09,30.67,458298.0,30.508,2646,False
2019-03-18 00:00:00+00:00,30.78,31.28,30.73,31.26,141477.0,31.008,1224,False
2019-03-19 00:00:00+00:00,31.32,31.6,30.97,31.04,156125.0,31.155,1304,False
2019-03-20 00:00:00+00:00,31.05,31.19,30.33,30.62,257514.0,30.711,2138,False
2019-03-21 00:00:00+00:00,30.55,31.47,30.55,30.85,190782.0,31.02,1624,False
2019-03-22 00:00:00+00:00,30.66,30.75,29.21,29.22,175470.0,29.645,1529,False
2019-03-25 00:00:00+00:00,29.21,29.58,29.0,29.29,141809.0,29.32,1214,False
2019-03-26 00:00:00+00:00,29.47,29.68,29.19,29.35,117100.0,29.35,1000,False
2019-03-27 00:00:00+00:00,29.33,29.61,29.09,29.43,106139.0,29.409,957,False
2019-03-28 00:00:00+00:00,29.5,29.97,29.33,29.92,81539.0,29.667,672,False
2019-03-29 00:00:00+00:00,30.09,30.37,29.75,29.89,81770.0,29.958,719,False
2019-04-01 00:00:00+00:00,30.16,30.6,29.89,30.02,105450.0,30.035,868,False
2019-04-02 00:00:00+00:00,30.03,30.05,29.65,29.77,60353.0,29.796,548,False
2019-04-03 00:00:00+00:00,30.07,30.15,29.75,29.93,93609.0,29.891,668,False
2019-04-04 00:00:00+00:00,29.93,30.87,29.93,30.85,79837.0,30.641,699,False
2019-04-05 00:00:00+00:00,30.96,31.73,30.96,31.62,113088.0,31.531,1032,False
2019-04-08 00:00:00+00:00,31.55,31.91,31.43,31.85,91712.0,31.784,800,False
2019-04-09 00:00:00+00:00,31.81,31.85,31.25,31.34,119653.0,31.529,1026,False
2019-04-10 00:00:00+00:00,31.52,31.83,31.22,31.66,133760.0,31.638,1124,False
2019-04-11 00:00:00+00:00,31.76,32.25,31.53,32.15,91241.0,32.022,777,False
2019-04-12 00:00:00+00:00,32.38,32.66,32.1,32.4,217059.0,32.349,1624,False
2019-04-15 00:00:00+00:00,32.53,32.53,31.56,31.59,122671.0,31.791,1124,False
2019-04-16 00:00:00+00:00,31.57,31.63,31.33,31.45,117515.0,31.451,1039,False
2019-04-17 00:00:00+00:00,31.54,31.6,31.0,31.33,138887.0,31.184,1242,False
2019-04-18 00:00:00+00:00,31.26,31.59,31.16,31.44,124076.0,31.345,1079,False
2019-04-22 00:00:00+00:00,31.44,31.44,30.66,30.76,78882.0,30.813,717,False
2019-04-23 00:00:00+00:00,30.7,31.19,30.47,31.0,142461.0,30.895,1203,False
2019-04-24 00:00:00+00:00,31.06,31.3,30.73,31.16,111701.0,31.054,897,False
2019-04-25 00:00:00+00:00,34.42,35.39,32.15,35.24,688373.0,34.92,4690,False
2019-04-26 00:00:00+00:00,35.14,36.71,34.94,36.65,308466.0,36.207,2522,False
2019-04-29 00:00:00+00:00,36.89,37.13,36.53,37.07,145755.0,36.915,1230,False
2019-04-30 00:00:00+00:00,37.06,37.44,36.88,36.95,165206.0,37.136,1456,False
2019-05-01 00:00:00+00:00,37.24,37.25,36.72,37.02,138327.0,37.003,1136,False
2019-05-02 00:00:00+00:00,37.06,37.49,36.92,37.1,140287.0,37.13,1148,False
2019-05-03 00:00:00+00:00,37.26,38.02,37.07,37.97,135584.0,37.702,1123,False
2019-05-06 00:00:00+00:00,37.22,38.36,36.99,38.05,178163.0,37.943,1357,False
2019-05-07 00:00:00+00:00,37.65,37.89,36.38,36.72,141111.0,37.093,1193,False
2019-05-08 00:00:00+00:00,36.75,37.25,36.5,36.79,119801.0,36.924,957,False
2019-05-09 00:00:00+00:00,36.4,36.93,36.06,36.89,131992.0,36.52,1132,False
2019-05-10 00:00:00+00:00,36.71,37.35,36.29,37.31,105790.0,36.954,957,False
2019-05-13 00:00:00+00:00,36.4,36.74,36.18,36.25,116033.0,36.354,1020,False
2019-05-14 00:00:00+00:00,36.24,36.4,35.65,36.27,102876.0,36.061,951,False
2019-05-15 00:00:00+00:00,35.89,36.42,35.67,36.34,124960.0,36.098,1034,False
2019-05-16 00:00:00+00:00,36.43,36.47,35.84,36.06,115074.0,36.075,1017,False
2019-05-17 00:00:00+00:00,35.71,36.06,35.08,35.14,147292.0,35.4,1188,False
2019-05-20 00:00:00+00:00,34.85,34.9,34.41,34.63,90033.0,34.737,774,False
2019-05-21 00:00:00+00:00,34.8,35.46,34.65,35.45,132520.0,35.11,1174,False
2019-05-22 00:00:00+00:00,35.12,35.14,34.51,34.71,72369.0,34.75,638,False
2019-05-23 00:00:00+00:00,34.31,34.44,33.57,33.82,92710.0,33.949,779,False
2019-05-24 00:00:00+00:00,34.0,34.24,33.7,34.16,51790.0,34.054,453,False
2019-05-28 00:00:00+00:00,34.13,34.13,33.41,33.45,127142.0,33.68,1196,False
2019-05-29 00:00:00+00:00,33.27,33.37,32.89,33.29,95623.0,33.188,854,False
2019-05-30 00:00:00+00:00,33.19,33.56,32.74,33.03,70071.0,33.042,644,False
2019-05-31 00:00:00+00:00,32.58,32.58,31.95,32.25,125667.0,32.215,1086,False
2019-06-03 00:00:00+00:00,32.28,33.43,31.88,33.37,209228.0,32.937,1803,False
2019-06-04 00:00:00+00:00,33.72,35.0,33.64,34.95,132142.0,34.487,1232,False
2019-06-05 00:00:00+00:00,35.12,35.26,34.63,35.11,133114.0,34.888,1129,False
2019-06-06 00:00:00+00:00,35.16,35.62,34.69,35.62,253586.0,35.072,1828,False
2019-06-07 00:00:00+00:00,35.85,36.32,35.58,35.7,179198.0,35.966,1453,False
2019-06-10 00:00:00+00:00,35.73,36.29,35.61,35.77,129081.0,35.844,1026,False
2019-06-11 00:00:00+00:00,36.09,36.3,35.72,36.1,113331.0,35.995,945,False
2019-06-12 00:00:00+00:00,36.22,36.71,36.1,36.42,91592.0,36.448,761,False
2019-06-13 00:00:00+00:00,36.67,37.13,36.51,36.95,81743.0,36.894,717,False
2019-06-14 00:00:00+00:00,37.07,37.4,36.64,37.06,131138.0,37.056,1033,False
2019-06-17 00:00:00+00:00,37.18,37.59,36.19,36.88,171699.0,36.721,1542,False
2019-06-18 00:00:00+00:00,37.11,37.71,36.59,36.8,94362.0,36.964,756,False
2019-06-19 00:00:00+00:00,36.76,36.85,35.91,36.47,121830.0,36.309,943,False
2019-06-20 00:00:00+00:00,36.89,37.43,36.51,37.37,103848.0,36.991,902,False
2019-06-21 00:00:00+00:00,37.19,37.25,36.22,36.28,116237.0,36.783,697,False
2019-06-24 00:00:00+00:00,36.28,36.43,35.85,35.89,253867.0,36.089,1911,False
2019-06-25 00:00:00+00:00,36.13,36.72,35.83,36.3,118550.0,36.229,916,False
2019-06-26 00:00:00+00:00,36.42,36.69,35.91,36.45,97377.0,36.302,835,False
2019-06-27 00:00:00+00:00,36.62,37.61,36.61,37.57,123629.0,37.193,895,False
2019-06-28 00:00:00+00:00,37.7,38.42,37.7,38.06,162718.0,38.096,1170,False
2019-07-01 00:00:00+00:00,38.45,38.53,37.56,37.71,134873.0,38.003,960,False
2019-07-02 00:00:00+00:00,37.71,37.77,37.04,37.35,78246.0,37.258,710,False
2019-07-03 00:00:00+00:00,37.51,37.7,37.16,37.58,43233.0,37.469,371,False
2019-07-05 00:00:00+00:00,37.34,37.64,36.96,37.61,65030.0,37.396,561,False
2019-07-08 00:00:00+00:00,37.48,37.57,37.11,37.36,83510.0,37.284,743,False
2019-07-09 00:00:00+00:00,37.15,37.27,36.3,36.77,109985.0,36.593,877,False
2019-07-10 00:00:00+00:00,37.04,37.08,36.57,37.04,86339.0,36.866,705,False
2019-07-11 00:00:00+00:00,37.12,37.12,36.25,36.47,108457.0,36.534,847,False
2019-07-12 00:00:00+00:00,36.58,37.31,36.58,37.0,134656.0,36.988,1084,False
2019-07-15 00:00:00+00:00,37.03,37.07,36.42,36.73,117980.0,36.69,907,False
2019-07-16 00:00:00+00:00,36.85,37.3,36.61,37.16,100116.0,37.154,831,False
2019-07-17 00:00:00+00:00,37.16,37.29,36.58,36.62,70262.0,36.836,522,False
2019-07-18 00:00:00+00:00,36.66,36.72,36.2,36.47,87061.0,36.514,743,False
2019-07-19 00:00:00+00:00,36.41,36.69,35.89,35.92,119496.0,36.28,920,False
2019-07-22 00:00:00+00:00,35.91,36.04,35.02,35.13,139122.0,35.3,1182,False
2019-07-23 00:00:00+00:00,35.19,35.53,34.88,35.08,234238.0,35.078,1871,False
2019-07-24 00:00:00+00:00,34.97,36.03,34.97,35.95,301507.0,35.533,2479,False
2019-07-25 00:00:00+00:00,38.1,40.31,36.11,39.47,614345.0,39.477,4595,False
2019-07-26 00:00:00+00:00,39.25,41.82,39.21,41.71,396596.0,41.045,2566,False
2019-07-29 00:00:00+00:00,41.62,42.0,40.5,40.91,280339.0,41.001,2254,False
2019-07-30 00:00:00+00:00,40.65,41.38,40.18,41.3,203610.0,41.019,1804,False
2019-07-31 00:00:00+00:00,41.42,41.58,40.25,40.43,245185.0,40.946,1979,False
2019-08-01 00:00:00+00:00,40.21,40.76,39.02,39.4,249799.0,39.749,2289,False
2019-08-02 00:00:00+00:00,39.44,39.81,39.0,39.77,161043.0,39.537,1420,False
2019-08-05 00:00:00+00:00,38.7,39.26,38.35,38.96,191247.0,38.816,1603,False
2019-08-06 00:00:00+00:00,39.27,39.54,38.71,39.5,112288.0,39.252,1042,False
2019-08-07 00:00:00+00:00,39.05,39.6,38.58,39.49,126592.0,39.277,988,False
2019-08-08 00:00:00+00:00,39.84,40.72,39.64,40.59,133939.0,40.357,1080,False
2019-08-09 00:00:00+00:00,40.41,40.41,39.76,40.01,107099.0,39.984,889,False
2019-08-12 00:00:00+00:00,39.84,40.2,39.63,39.76,164501.0,39.964,969,False
2019-08-13 00:00:00+00:00,39.77,40.86,39.77,40.07,105137.0,40.168,902,False
2019-08-14 00:00:00+00:00,39.62,40.58,39.16,39.48,145274.0,39.483,1262,False
2019-08-15 00:00:00+00:00,39.46,39.62,38.85,38.93,121489.0,39.158,1003,False
2019-08-16 00:00:00+00:00,39.24,40.32,39.24,40.29,131694.0,39.965,1015,False
2019-08-19 00:00:00+00:00,40.89,41.18,39.75,39.8,163706.0,40.335,1072,False
2019-08-20 00:00:00+00:00,39.88,39.88,39.12,39.22,104156.0,39.303,916,False
2019-08-21 00:00:00+00:00,39.82,40.42,39.38,40.22,195652.0,40.151,880,False
2019-08-22 00:00:00+00:00,40.4,40.5,39.66,39.69,105805.0,39.89,907,False
2019-08-23 00:00:00+00:00,39.62,39.73,37.9,38.02,136149.0,38.44,1195,False
2019-08-26 00:00:00+00:00,38.42,38.88,38.22,38.74,157629.0,38.679,876,False
2019-08-27 00:00:00+00:00,39.05,39.28,37.96,38.26,117810.0,38.309,994,False
2019-08-28 00:00:00+00:00,38.17,39.13,37.75,38.73,128107.0,38.83,1075,False
2019-08-29 00:00:00+00:00,39.13,39.89,38.8,39.17,125902.0,39.187,1062,False
2019-08-30 00:00:00+00:00,39.53,39.8,38.74,39.1,159903.0,39.001,1161,False
2019-09-03 00:00:00+00:00,38.62,38.82,37.69,37.97,177397.0,38.142,1310,False
2019-09-04 00:00:00+00:00,38.38,38.41,37.86,37.98,127219.0,38.097,1004,False
2019-09-05 00:00:00+00:00,38.45,39.14,37.93,38.06,94845.0,38.347,863,False
2019-09-06 00:00:00+00:00,38.25,38.25,37.67,37.78,141666.0,37.998,1171,False
2019-09-09 00:00:00+00:00,37.88,38.89,37.78,38.61,174799.0,38.56,1416,False
2019-09-10 00:00:00+00:00,38.66,39.58,38.33,39.41,208749.0,39.326,1522,False
2019-09-11 00:00:00+00:00,39.62,41.02,39.29,40.91,241669.0,40.473,2025,False
2019-09-12 00:00:00+00:00,41.18,41.99,40.59,41.78,228044.0,41.557,1704,False
2019-09-13 00:00:00+00:00,42.0,42.8,41.05,41.11,201845.0,41.696,1466,False
2019-09-16 00:00:00+00:00,40.87,40.94,40.35,40.54,135726.0,40.633,1147,False
2019-09-17 00:00:00+00:00,40.47,40.59,39.79,40.14,141664.0,40.154,1098,False
2019-09-18 00:00:00+00:00,40.16,40.69,39.77,40.57,96873.0,40.423,802,False
2019-09-19 00:00:00+00:00,40.57,40.84,39.9,39.97,116966.0,40.329,1014,False
2019-09-20 00:00:00+00:00,39.95,40.13,39.36,39.59,222411.0,39.845,988,False
2019-09-23 00:00:00+00:00,39.42,39.87,39.05,39.46,164611.0,39.667,1362,False
2019-09-24 00:00:00+00:00,39.76,40.16,39.46,39.96,231131.0,39.91,1884,False
2019-09-25 00:00:00+00:00,40.08,40.48,39.53,40.33,165437.0,40.012,1055,False
2019-09-26 00:00:00+00:00,40.42,40.42,39.74,40.27,150446.0,40.078,1090,False
2019-09-27 00:00:00+00:00,40.57,40.89,39.98,40.06,142819.0,40.244,1169,False
2019-09-30 00:00:00+00:00,40.1,40.21,39.5,39.88,124511.0,39.911,1089,False
2019-10-01 00:00:00+00:00,40.16,40.59,39.1,39.16,111270.0,39.63,880,False
2019-10-02 00:00:00+00:00,38.84,38.84,37.67,38.78,167632.0,38.522,1330,False
2019-10-03 00:00:00+00:00,38.81,39.09,38.34,38.95,133607.0,38.792,1171,False
2019-10-04 00:00:00+00:00,38.87,39.53,38.64,39.5,136327.0,39.118,1090,False
2019-10-07 00:00:00+00:00,39.24,40.04,39.0,39.77,112431.0,39.731,910,False
2019-10-08 00:00:00+00:00,39.6,39.94,39.01,39.45,149823.0,39.618,1183,False
2019-10-09 00:00:00+00:00,39.79,39.97,39.15,39.18,105488.0,39.332,808,False
2019-10-10 00:00:00+00:00,39.35,39.97,39.18,39.35,102946.0,39.439,824,False
2019-10-11 00:00:00+00:00,39.81,40.88,39.81,40.13,143411.0,40.395,1233,False
2019-10-14 00:00:00+00:00,39.9,40.3,39.61,40.09,69560.0,40.037,581,False
2019-10-15 00:00:00+00:00,40.11,40.82,39.94,40.69,115862.0,40.599,862,False
2019-10-16 00:00:00+00:00,40.43,40.8,40.05,40.4,126124.0,40.326,1036,False
2019-10-17 00:00:00+00:00,40.74,41.76,40.68,41.7,170603.0,41.409,1254,False
2019-10-18 00:00:00+00:00,41.54,41.89,40.95,41.35,268114.0,41.418,1690,False
2019-10-21 00:00:00+00:00,41.78,42.21,41.35,41.62,279858.0,41.646,1622,False
2019-10-22 00:00:00+00:00,41.58,42.77,41.4,42.56,207303.0,42.268,1593,False
2019-10-23 00:00:00+00:00,42.4,42.67,42.07,42.17,277049.0,42.366,2136,False
2019-10-24 00:00:00+00:00,43.0,50.7,42.5,50.43,920729.0,48.211,5171,False
2019-10-25 00:00:00+00:00,50.52,51.0,50.06,50.26,472970.0,50.34,3415,False
2019-10-28 00:00:00+00:00,51.45,51.91,50.5,50.9,439593.0,51.127,3393,False
2019-10-29 00:00:00+00:00,51.04,52.83,50.78,51.78,376429.0,51.965,2981,False
2019-10-30 00:00:00+00:00,51.6,51.8,49.27,50.19,288540.0,50.116,2371,False
2019-10-31 00:00:00+00:00,50.2,50.41,49.6,50.36,199671.0,50.125,1598,False
2019-11-01 00:00:00+00:00,50.57,51.66,50.26,51.58,245850.0,51.085,1535,False
2019-11-04 00:00:00+00:00,52.18,52.75,51.19,51.42,208327.0,51.594,1536,False
2019-11-05 00:00:00+00:00,51.71,52.74,51.71,52.26,196922.0,52.248,1511,False
2019-11-06 00:00:00+00:00,52.2,52.28,51.37,51.38,208561.0,51.627,1749,False
2019-11-07 00:00:00+00:00,51.83,51.93,50.02,50.28,188958.0,50.532,1615,False
2019-11-08 00:00:00+00:00,50.28,50.56,49.83,50.05,208734.0,50.106,1782,False
2019-11-11 00:00:00+00:00,49.99,50.33,49.71,50.0,240217.0,50.015,1743,False
2019-11-12 00:00:00+00:00,50.13,50.47,49.78,50.31,216491.0,50.14,1768,False
2019-11-13 00:00:00+00:00,50.07,50.6,49.3,50.32,121297.0,50.178,1029,False
2019-11-14 00:00:00+00:00,50.22,50.59,49.48,49.74,280486.0,49.766,2101,False
2019-11-15 00:00:00+00:00,50.15,50.44,49.43,49.63,179887.0,49.75,1075,False
2019-11-18 00:00:00+00:00,49.63,50.2,49.43,49.88,149561.0,49.907,1195,False
2019-11-19 00:00:00+00:00,50.24,50.58,49.55,50.17,247531.0,50.101,2052,False
2019-11-20 00:00:00+00:00,49.87,50.72,49.67,49.98,284365.0,50.262,2076,False
2019-11-21 00:00:00+00:00,50.13,50.13,48.37,48.63,163642.0,48.786,1215,False
2019-11-22 00:00:00+00:00,48.9,49.05,48.47,49.01,103570.0,48.837,804,False
2019-11-25 00:00:00+00:00,49.23,50.42,49.01,50.04,165354.0,50.094,1314,False
2019-11-26 00:00:00+00:00,50.06,50.83,49.75,49.83,132625.0,50.045,1020,False
2019-11-27 00:00:00+00:00,49.81,50.44,49.72,50.05,91526.0,50.101,733,False
2019-11-29 00:00:00+00:00,49.68,50.36,49.54,49.6,65697.0,50.024,485,False
2019-12-02 00:00:00+00:00,49.89,50.41,48.22,48.37,165354.0,48.65,1236,False
2019-12-03 00:00:00+00:00,47.86,48.45,47.51,48.38,137375.0,48.228,1161,False
2019-12-04 00:00:00+00:00,48.54,49.21,48.39,48.68,153998.0,48.886,1065,False
2019-12-05 00:00:00+00:00,48.77,49.43,48.65,48.82,193738.0,48.909,1554,False
2019-12-06 00:00:00+00:00,49.36,49.76,48.97,49.17,108925.0,49.311,960,False
2019-12-09 00:00:00+00:00,48.97,49.46,48.73,49.03,124587.0,49.051,1051,False
2019-12-10 00:00:00+00:00,48.93,49.53,48.54,49.13,134783.0,49.215,1114,False
2019-12-11 00:00:00+00:00,49.13,49.75,48.48,49.68,148339.0,49.419,982,False
2019-12-12 00:00:00+00:00,49.6,50.3,48.94,50.12,172551.0,49.795,1134,False
2019-12-13 00:00:00+00:00,50.03,50.12,48.79,49.11,128041.0,49.171,1001,False
2019-12-16 00:00:00+00:00,49.24,49.45,48.14,48.19,190126.0,48.461,1537,False
2019-12-17 00:00:00+00:00,48.37,48.65,47.93,48.36,138610.0,48.219,1173,False
2019-12-18 00:00:00+00:00,48.55,48.9,47.73,47.91,295858.0,48.193,1987,False
2019-12-19 00:00:00+00:00,47.75,48.62,47.49,48.58,240584.0,48.148,2007,False
2019-12-20 00:00:00+00:00,48.87,48.99,47.98,48.54,259772.0,48.518,1574,False
2019-12-23 00:00:00+00:00,48.68,49.03,48.18,48.78,116907.0,48.74,870,False
2019-12-24 00:00:00+00:00,49.0,49.09,48.38,48.63,35810.0,48.652,290,False
2019-12-26 00:00:00+00:00,48.56,49.16,48.41,48.86,120123.0,48.952,761,False
2019-12-27 00:00:00+00:00,48.85,49.09,48.46,48.72,96666.0,48.839,774,False
2019-12-30 00:00:00+00:00,48.55,49.07,48.13,48.34,78215.0,48.379,660,False
2019-12-31 00:00:00+00:00,48.2,48.6,47.65,47.7,130838.0,48.023,1083,False
2020-01-02 00:00:00+00:00,48.0,48.07,46.77,47.44,122610.0,47.276,1070,False
2020-01-03 00:00:00+00:00,47.18,47.53,46.88,47.44,184936.0,47.215,1555,False
2020-01-06 00:00:00+00:00,47.05,47.38,46.83,47.29,106886.0,47.176,860,False
2020-01-07 00:00:00+00:00,46.94,47.32,46.61,46.97,106276.0,47.034,907,False
2020-01-08 00:00:00+00:00,46.99,47.91,46.92,47.45,93160.0,47.53,649,False
2020-01-09 00:00:00+00:00,47.72,48.3,47.57,48.07,135706.0,48.052,1066,False
2020-01-10 00:00:00+00:00,47.98,48.06,47.16,47.25,128590.0,47.465,1018,False
2020-01-13 00:00:00+00:00,47.47,49.33,47.35,49.32,410450.0,48.379,1728,False
2020-01-14 00:00:00+00:00,49.19,49.43,47.59,47.81,135676.0,48.327,1131,False
2020-01-15 00:00:00+00:00,47.87,48.51,47.87,48.51,90232.0,48.281,771,False
2020-01-16 00:00:00+00:00,48.72,49.35,48.46,48.65,98805.0,48.79,803,False
2020-01-17 00:00:00+00:00,48.87,49.3,48.01,48.31,114509.0,48.596,813,False
2020-01-21 00:00:00+00:00,48.29,48.32,47.72,48.02,112575.0,47.974,827,False
2020-01-22 00:00:00+00:00,48.4,48.88,48.05,48.45,109590.0,48.483,765,False
2020-01-23 00:00:00+00:00,48.44,49.43,48.0,49.23,178915.0,48.963,1448,False
2020-01-24 00:00:00+00:00,49.27,49.41,48.47,49.01,210294.0,49.02,1665,False
2020-01-27 00:00:00+00:00,48.2,49.41,47.8,49.12,196082.0,49.062,1448,False
2020-01-28 00:00:00+00:00,49.16,49.9,48.99,49.61,109102.0,49.453,908,False
2020-01-29 00:00:00+00:00,49.89,50.21,48.72,48.8,137205.0,49.61,968,False
2020-01-30 00:00:00+00:00,48.61,48.92,47.96,48.58,60526.0,48.323,523,False
2020-01-31 00:00:00+00:00,48.46,48.6,47.11,47.9,144311.0,47.665,1253,False
2020-02-03 00:00:00+00:00,48.18,48.79,48.02,48.59,136292.0,48.523,1164,False
2020-02-04 00:00:00+00:00,49.05,49.49,48.89,49.17,158033.0,49.207,1294,False
2020-02-05 00:00:00+00:00,49.82,50.34,49.33,50.34,160297.0,50.009,1295,False
2020-02-06 00:00:00+00:00,50.46,50.55,49.88,50.09,95510.0,50.133,819,False
2020-02-07 00:00:00+00:00,49.94,50.36,48.97,49.23,121565.0,49.256,1085,False
2020-02-10 00:00:00+00:00,49.27,49.44,48.91,49.4,130948.0,49.18,920,False
2020-02-11 00:00:00+00:00,49.68,50.32,49.39,49.62,148214.0,49.737,1259,False
2020-02-12 00:00:00+00:00,49.94,50.28,49.22,50.02,108308.0,49.852,954,False
2020-02-13 00:00:00+00:00,49.69,52.09,49.57,51.39,227406.0,51.316,1576,False
2020-02-14 00:00:00+00:00,50.82,51.61,49.54,49.77,162287.0,49.948,1315,False
2020-02-18 00:00:00+00:00,49.58,49.93,48.92,49.3,168818.0,49.24,1382,False
2020-02-19 00:00:00+00:00,49.49,50.63,49.33,50.11,232810.0,50.146,1555,False
2020-02-20 00:00:00+00:00,49.8,57.61,47.5,56.99,897756.0,56.017,6276,False
2020-02-21 00:00:00+00:00,57.0,58.1,55.89,56.69,324346.0,56.84,2405,False
2020-02-24 00:00:00+00:00,55.15,56.26,54.16,55.0,230584.0,55.046,1934,False
2020-02-25 00:00:00+00:00,55.1,55.13,52.46,52.48,342853.0,53.425,2643,False
2020-02-26 00:00:00+00:00,52.48,52.59,49.98,50.07,182090.0,50.92,1575,False
2020-02-27 00:00:00+00:00,48.81,49.92,47.59,47.6,249884.0,48.572,2093,False
2020-02-28 00:00:00+00:00,45.86,47.15,45.11,46.86,404972.0,46.106,3325,False
2020-03-02 00:00:00+00:00,47.4,49.08,46.88,48.61,166392.0,48.148,1340,False
2020-03-03 00:00:00+00:00,48.55,50.87,47.38,47.92,198901.0,48.681,1525,False
2020-03-04 00:00:00+00:00,48.89,50.25,48.03,50.07,135824.0,49.452,1139,False
2020-03-05 00:00:00+00:00,49.12,51.2,48.54,48.93,176889.0,49.695,1516,False
2020-03-06 00:00:00+00:00,47.26,48.36,45.74,47.24,159506.0,46.778,1327,False
2020-03-09 00:00:00+00:00,44.27,45.28,42.99,44.42,329206.0,44.543,2382,False
2020-03-10 00:00:00+00:00,45.78,45.9,43.0,45.32,267873.0,44.625,2184,False
2020-03-11 00:00:00+00:00,44.66,44.91,42.32,42.85,166929.0,43.194,1400,False
2020-03-12 00:00:00+00:00,40.02,40.83,35.82,35.86,404684.0,38.456,2537,False
2020-03-13 00:00:00+00:00,38.09,39.78,35.18,39.78,401863.0,37.633,3185,False
2020-03-16 00:00:00+00:00,39.78,40.18,32.48,33.88,468622.0,36.47,3701,False
2020-03-17 00:00:00+00:00,34.37,36.14,31.62,35.57,561625.0,34.612,4814,False
2020-03-18 00:00:00+00:00,32.99,35.47,31.97,33.32,492493.0,33.545,3749,False
2020-03-19 00:00:00+00:00,32.79,35.2,31.11,33.85,461889.0,33.174,3308,False
2020-03-20 00:00:00+00:00,33.86,34.99,30.37,30.84,575029.0,32.583,3900,False
2020-03-23 00:00:00+00:00,31.04,32.82,29.17,32.52,239294.0,31.437,1834,False
2020-03-24 00:00:00+00:00,34.29,36.57,32.98,35.42,312259.0,35.073,2260,False
2020-03-25 00:00:00+00:00,35.36,37.21,33.0,35.6,300560.0,35.683,2324,False
2020-03-26 00:00:00+00:00,35.96,39.29,35.96,38.96,179106.0,38.056,1444,False
2020-03-27 00:00:00+00:00,37.47,38.06,35.13,35.59,161977.0,36.254,1310,False
2020-03-30 00:00:00+00:00,35.93,38.07,35.6,37.8,261052.0,37.405,1936,False
2020-03-31 00:00:00+00:00,37.78,38.21,36.49,37.19,228076.0,37.257,1703,False
2020-04-01 00:00:00+00:00,35.15,35.74,33.77,33.99,225484.0,34.373,1652,False
2020-04-02 00:00:00+00:00,33.64,35.46,33.45,34.88,225411.0,34.621,1990,False
2020-04-03 00:00:00+00:00,34.55,35.37,32.54,33.12,146178.0,33.287,1262,False
2020-04-06 00:00:00+00:00,34.68,37.03,34.68,36.43,211756.0,36.096,1721,False
2020-04-07 00:00:00+00:00,38.01,38.5,36.43,36.85,204822.0,37.363,1628,False
2020-04-08 00:00:00+00:00,37.57,38.53,36.4,38.09,144938.0,37.961,1295,False
2020-04-09 00:00:00+00:00,39.18,41.33,39.18,41.09,202876.0,40.472,1624,False
2020-04-13 00:00:00+00:00,40.74,40.8,38.93,39.45,125901.0,39.49,1052,False
2020-04-14 00:00:00+00:00,40.69,41.19,38.42,39.02,181449.0,39.091,1459,False
2020-04-15 00:00:00+00:00,37.63,37.64,35.72,35.91,153594.0,36.461,1367,False
2020-04-16 00:00:00+00:00,36.18,37.18,35.27,36.74,251221.0,36.193,2210,False
2020-04-17 00:00:00+00:00,38.69,39.1,37.76,37.94,200725.0,38.228,1508,False
2020-04-20 00:00:00+00:00,36.93,39.24,36.15,36.83,163663.0,37.01,1230,False
2020-04-21 00:00:00+00:00,35.52,36.35,35.22,35.37,147125.0,35.731,1255,False
2020-04-22 00:00:00+00:00,36.21,36.78,35.27,35.89,208588.0,35.916,1650,False
2020-04-23 00:00:00+00:00,34.93,37.99,33.79,36.74,455754.0,36.22,3748,False
2020-04-24 00:00:00+00:00,36.74,37.86,36.08,37.67,142594.0,37.213,1217,False
2020-04-27 00:00:00+00:00,37.87,40.44,37.71,40.18,131380.0,39.581,1126,False
2020-04-28 00:00:00+00:00,41.53,42.26,40.64,40.9,158448.0,41.22,1341,False
2020-04-29 00:00:00+00:00,42.8,43.61,41.89,43.39,186290.0,43.098,1693,False
2020-04-30 00:00:00+00:00,42.37,42.72,41.11,41.12,158887.0,41.696,1308,False
2020-05-01 00:00:00+00:00,40.07,40.32,39.08,40.23,130859.0,39.768,1034,False
2020-05-04 00:00:00+00:00,39.75,40.22,39.22,40.21,134608.0,39.836,1007,False
2020-05-05 00:00:00+00:00,41.13,41.91,40.64,40.78,135428.0,41.409,1145,False
2020-05-06 00:00:00+00:00,40.98,41.87,40.38,40.6,135226.0,40.889,1232,False
2020-05-07 00:00:00+00:00,40.89,40.89,40.89,40.89,0.0,40.89,0,False
2020-05-08 00:00:00+00:00,41.96,43.44,41.68,43.42,300213.0,42.789,2015,False
2020-05-11 00:00:00+00:00,42.9,43.44,41.79,42.6,163315.0,42.637,1277,False
2020-05-12 00:00:00+00:00,42.92,42.92,39.62,39.67,129615.0,40.747,1149,False
2020-05-13 00:00:00+00:00,39.14,39.45,37.21,37.77,137844.0,37.957,1233,False
2020-05-14 00:00:00+00:00,36.75,38.09,35.59,38.03,162004.0,37.05,1389,False
2020-05-15 00:00:00+00:00,37.83,39.86,37.09,39.35,145711.0,39.168,1191,False
2020-05-18 00:00:00+00:00,41.5,43.21,40.5,42.87,170987.0,42.496,1346,False
2020-05-19 00:00:00+00:00,42.81,42.87,41.02,41.04,188072.0,41.904,1633,False
2020-05-20 00:00:00+00:00,42.21,43.37,41.75,42.59,102012.0,42.711,867,False
2020-05-21 00:00:00+00:00,42.66,43.28,42.21,42.39,94285.0,42.533,791,False
2020-05-22 00:00:00+00:00,42.89,43.36,42.33,43.36,87664.0,43.014,768,False
2020-05-26 00:00:00+00:00,45.76,46.0,44.56,45.17,102617.0,45.304,857,False
2020-05-27 00:00:00+00:00,46.51,47.11,46.1,47.05,228587.0,46.741,1675,False
2020-05-28 00:00:00+00:00,47.89,47.89,44.79,45.05,144302.0,45.827,1165,False
2020-05-29 00:00:00+00:00,45.02,45.92,44.25,45.73,178810.0,45.317,1390,False
2020-06-01 00:00:00+00:00,45.78,46.16,45.32,45.53,133097.0,45.665,1085,False
2020-06-02 00:00:00+00:00,45.82,46.54,45.37,46.52,136067.0,46.097,1206,False
2020-06-03 00:00:00+00:00,47.5,49.0,47.05,48.02,243623.0,48.149,1714,False
2020-06-04 00:00:00+00:00,47.09,49.32,46.35,48.54,215375.0,48.535,1578,False
2020-06-05 00:00:00+00:00,50.68,51.38,50.31,50.57,317677.0,50.889,2155,False
2020-06-08 00:00:00+00:00,50.99,51.41,50.19,50.38,202850.0,50.559,1595,False
2020-06-09 00:00:00+00:00,49.61,50.11,48.98,49.48,110340.0,49.479,880,False
2020-06-10 00:00:00+00:00,49.29,49.53,47.63,47.98,140137.0,48.256,1174,False
2020-06-11 00:00:00+00:00,45.37,46.4,43.84,43.88,164374.0,44.93,1307,False
2020-06-12 00:00:00+00:00,45.75,46.08,43.7,44.98,164105.0,44.746,1407,False
2020-06-15 00:00:00+00:00,43.21,46.96,42.83,46.92,181241.0,45.654,1535,False
2020-06-16 00:00:00+00:00,49.01,49.19,47.5,48.62,160536.0,48.591,1357,False
2020-06-17 00:00:00+00:00,48.75,48.85,47.75,47.91,126051.0,48.372,1119,False
2020-06-18 00:00:00+00:00,48.33,49.03,46.01,48.53,234415.0,48.527,1988,False
2020-06-19 00:00:00+00:00,49.5,50.0,47.17,47.68,309511.0,48.659,1514,False
2020-06-22 00:00:00+00:00,47.27,48.7,46.73,48.69,153361.0,48.011,1290,False
2020-06-23 00:00:00+00:00,49.47,49.71,48.78,49.02,121151.0,49.258,1091,False
2020-06-24 00:00:00+00:00,48.56,49.09,46.68,47.01,190584.0,47.341,1567,False
2020-06-25 00:00:00+00:00,46.57,47.35,45.7,47.31,133566.0,46.638,1203,False
2020-06-26 00:00:00+00:00,46.81,47.26,45.71,45.72,146587.0,46.183,1303,False
2020-06-29 00:00:00+00:00,46.47,48.97,46.47,48.79,133309.0,48.415,1145,False
2020-06-30 00:00:00+00:00,48.4,49.95,47.96,49.51,122701.0,49.388,940,False
2020-07-01 00:00:00+00:00,49.55,49.78,47.23,47.34,177431.0,47.864,1543,False
2020-07-02 00:00:00+00:00,48.52,49.09,47.62,47.79,90262.0,48.152,781,False
2020-07-06 00:00:00+00:00,48.91,49.25,48.1,48.11,154316.0,48.578,1312,False
2020-07-07 00:00:00+00:00,47.61,48.25,47.57,47.64,96702.0,47.754,819,False
2020-07-08 00:00:00+00:00,47.56,48.74,47.56,48.74,145758.0,48.323,1313,False
2020-07-09 00:00:00+00:00,48.79,48.9,46.39,47.02,132816.0,47.168,1114,False
2020-07-10 00:00:00+00:00,47.04,48.78,47.04,48.48,106802.0,48.192,892,False
2020-07-13 00:00:00+00:00,49.19,49.51,47.95,47.98,163565.0,48.661,1384,False
2020-07-14 00:00:00+00:00,48.08,49.59,47.63,49.46,142231.0,48.717,1163,False
2020-07-15 00:00:00+00:00,50.72,51.39,50.16,50.7,181271.0,50.956,1402,False
2020-07-16 00:00:00+00:00,50.48,51.38,50.09,51.1,106080.0,50.85,858,False
2020-07-17 00:00:00+00:00,50.92,51.38,50.62,50.93,90590.0,51.041,737,False
2020-07-20 00:00:00+00:00,50.93,51.1,50.09,50.42,83211.0,50.618,634,False
2020-07-21 00:00:00+00:00,51.34,51.55,50.5,51.33,191289.0,51.156,1528,False
2020-07-22 00:00:00+00:00,51.38,52.61,51.38,52.46,165363.0,52.101,1279,False
2020-07-23 00:00:00+00:00,56.74,57.93,54.09,54.68,414925.0,55.697,3225,False
2020-07-24 00:00:00+00:00,54.05,55.26,54.0,54.91,227866.0,54.901,1699,False
2020-07-27 00:00:00+00:00,55.05,57.73,54.78,57.71,296397.0,56.573,2298,False
2020-07-28 00:00:00+00:00,57.45,57.73,56.42,56.45,164718.0,57.158,1425,False
2020-07-29 00:00:00+00:00,57.03,58.8,56.52,58.75,183447.0,58.3,1517,False
2020-07-30 00:00:00+00:00,57.64,58.92,57.1,58.59,153087.0,58.353,1222,False
2020-07-31 00:00:00+00:00,58.26,58.49,56.67,58.22,193403.0,57.49,1464,False
2020-08-03 00:00:00+00:00,58.62,59.87,58.16,59.81,147517.0,59.447,1204,False
2020-08-04 00:00:00+00:00,59.48,59.93,58.39,59.51,160096.0,59.291,1282,False
2020-08-05 00:00:00+00:00,59.85,61.08,59.49,61.06,134798.0,60.431,932,False
2020-08-06 00:00:00+00:00,61.0,61.15,59.87,60.05,157205.0,60.323,1367,False
2020-08-07 00:00:00+00:00,59.83,61.0,59.52,61.0,169042.0,60.632,1433,False
2020-08-10 00:00:00+00:00,61.36,62.18,60.85,61.54,209934.0,61.553,1590,False
2020-08-11 00:00:00+00:00,62.27,62.77,61.41,61.85,203320.0,62.078,1462,False
2020-08-12 00:00:00+00:00,62.86,63.69,61.92,63.63,155025.0,63.169,1287,False
2020-08-13 00:00:00+00:00,63.47,63.82,62.76,63.02,161728.0,63.212,1083,False
2020-08-14 00:00:00+00:00,62.74,63.4,61.63,62.79,94163.0,62.603,726,False
2020-08-17 00:00:00+00:00,63.14,64.2,63.01,63.31,127456.0,63.481,1013,False
2020-08-18 00:00:00+00:00,63.4,63.98,62.19,62.52,168084.0,62.869,1271,False
2020-08-19 00:00:00+00:00,62.58,63.25,62.01,62.58,193433.0,62.665,1579,False
2020-08-20 00:00:00+00:00,62.17,62.64,61.32,61.6,122347.0,61.735,997,False
2020-08-21 00:00:00+00:00,61.81,62.05,60.68,62.0,138682.0,61.517,911,False
2020-08-24 00:00:00+00:00,62.56,62.91,61.48,61.85,141437.0,61.916,1255,False
2020-08-25 00:00:00+00:00,62.44,62.44,60.8,61.01,195908.0,61.028,1575,False
2020-08-26 00:00:00+00:00,61.11,61.17,60.6,60.95,193824.0,60.915,1769,False
2020-08-27 00:00:00+00:00,61.51,61.8,60.41,60.52,165155.0,61.009,1329,False
2020-08-28 00:00:00+00:00,60.93,61.2,60.42,60.82,139391.0,60.719,913,False
2020-08-31 00:00:00+00:00,60.9,60.9,59.35,59.35,114077.0,59.996,877,False
2020-09-01 00:00:00+00:00,59.34,60.99,58.89,60.93,194416.0,60.181,1310,False
2020-09-02 00:00:00+00:00,60.94,61.44,59.75,61.16,160708.0,60.989,1248,False
2020-09-03 00:00:00+00:00,61.08,61.08,58.02,58.33,131658.0,58.846,1074,False
2020-09-04 00:00:00+00:00,59.19,59.33,56.82,57.67,146649.0,57.787,1152,False
2020-09-08 00:00:00+00:00,56.63,57.27,55.53,55.62,223211.0,56.511,1941,False
2020-09-09 00:00:00+00:00,56.07,57.53,56.07,57.18,145132.0,56.877,1131,False
2020-09-10 00:00:00+00:00,57.13,57.6,56.04,56.09,167873.0,56.49,1435,False
2020-09-11 00:00:00+00:00,56.65,56.65,55.04,55.57,127112.0,55.794,1163,False
2020-09-14 00:00:00+00:00,56.09,56.9,55.62,56.64,140520.0,56.256,1019,False
2020-09-15 00:00:00+00:00,57.0,57.54,56.07,56.22,131376.0,56.737,1137,False
2020-09-16 00:00:00+00:00,56.5,57.47,56.0,56.99,169600.0,56.962,1443,False
2020-09-17 00:00:00+00:00,55.87,56.29,55.24,55.81,145035.0,55.789,1273,False
2020-09-18 00:00:00+00:00,56.4,56.49,54.21,54.79,208071.0,55.605,1145,False
2020-09-21 00:00:00+00:00,53.6,53.8,51.4,52.65,177170.0,52.253,1494,False
2020-09-22 00:00:00+00:00,52.83,54.32,52.48,54.31,99244.0,53.562,863,False
2020-09-23 00:00:00+00:00,54.27,54.65,53.23,53.23,185574.0,53.921,1668,False
2020-09-24 00:00:00+00:00,53.31,54.44,52.85,54.0,155245.0,53.943,1412,False
2020-09-25 00:00:00+00:00,53.61,54.83,53.4,54.12,147195.0,54.286,1289,False
2020-09-28 00:00:00+00:00,55.1,56.69,54.84,56.38,132246.0,56.19,1168,False
2020-09-29 00:00:00+00:00,56.34,56.78,55.86,56.2,95738.0,56.267,871,False
2020-09-30 00:00:00+00:00,56.58,57.62,56.18,56.51,151831.0,56.966,1212,False
2020-10-01 00:00:00+00:00,56.89,57.27,55.91,57.27,109457.0,56.738,916,False
2020-10-02 00:00:00+00:00,56.09,58.01,56.09,57.22,141267.0,57.37,1172,False
2020-10-05 00:00:00+00:00,57.7,58.78,57.7,57.95,130122.0,58.171,796,False
2020-10-06 00:00:00+00:00,58.54,59.02,57.82,58.06,191361.0,58.349,1586,False
2020-10-07 00:00:00+00:00,58.72,59.54,58.11,58.85,125937.0,58.697,1070,False
2020-10-08 00:00:00+00:00,59.52,59.86,58.84,59.6,90347.0,59.479,752,False
2020-10-09 00:00:00+00:00,60.0,60.45,59.02,59.24,117292.0,59.44,793,False
2020-10-12 00:00:00+00:00,59.81,60.25,59.46,59.6,79745.0,59.72,672,False
2020-10-13 00:00:00+00:00,59.5,59.57,58.37,58.48,95278.0,58.767,770,False
2020-10-14 00:00:00+00:00,58.92,59.19,57.91,57.96,50828.0,58.373,424,False
2020-10-15 00:00:00+00:00,57.3,59.15,57.11,58.91,90068.0,58.475,819,False
2020-10-16 00:00:00+00:00,58.8,59.35,57.25,57.35,128903.0,57.762,1077,False
2020-10-19 00:00:00+00:00,57.78,58.83,56.18,56.47,157114.0,57.42,1215,False
2020-10-20 00:00:00+00:00,57.29,58.24,56.79,57.03,82281.0,57.317,640,False
2020-10-21 00:00:00+00:00,57.26,57.7,55.71,56.31,115378.0,56.523,847,False
2020-10-22 00:00:00+00:00,54.66,56.18,51.28,54.57,542601.0,53.979,3689,False
2020-10-23 00:00:00+00:00,55.23,55.24,53.18,53.27,227096.0,53.833,1929,False
2020-10-26 00:00:00+00:00,53.67,54.17,51.9,52.25,174577.0,52.297,1473,False
2020-10-27 00:00:00+00:00,52.31,52.5,50.52,50.54,162388.0,51.071,1167,False
2020-10-28 00:00:00+00:00,49.36,51.15,48.82,50.64,204081.0,50.534,1704,False
2020-10-29 00:00:00+00:00,50.28,50.91,49.8,50.21,261334.0,50.459,1697,False
2020-10-30 00:00:00+00:00,50.25,51.33,49.05,49.91,136848.0,49.806,1032,False
2020-11-02 00:00:00+00:00,50.65,52.22,50.65,52.18,144492.0,51.65,1239,False
2020-11-03 00:00:00+00:00,53.34,53.9,52.62,53.52,157139.0,53.163,1189,False
2020-11-04 00:00:00+00:00,52.75,53.63,51.35,53.35,115190.0,53.102,909,False
2020-11-05 00:00:00+00:00,53.92,55.19,53.74,54.0,66214.0,54.335,499,False
2020-11-06 00:00:00+00:00,54.41,54.41,52.53,53.28,71660.0,53.231,595,False
2020-11-09 00:00:00+00:00,57.72,57.97,52.37,52.41,146405.0,53.998,1227,False
2020-11-10 00:00:00+00:00,53.08,54.35,52.31,53.7,149941.0,53.799,1347,False
2020-11-11 00:00:00+00:00,54.0,54.21,52.16,53.17,132628.0,52.833,1121,False
2020-11-12 00:00:00+00:00,52.78,53.5,51.18,51.82,118855.0,51.882,997,False
2020-11-13 00:00:00+00:00,52.55,53.42,52.52,52.89,90925.0,52.895,768,False
2020-11-16 00:00:00+00:00,53.87,53.94,52.6,53.56,171641.0,53.335,1241,False
2020-11-17 00:00:00+00:00,53.3,54.38,52.22,54.37,121592.0,53.722,1041,False
2020-11-18 00:00:00+00:00,54.37,54.63,52.5,53.75,83553.0,54.083,629,False
2020-11-19 00:00:00+00:00,53.75,54.5,53.28,54.25,105115.0,53.973,836,False
2020-11-20 00:00:00+00:00,53.69,54.19,52.91,53.99,158602.0,53.611,1167,False
2020-11-23 00:00:00+00:00,54.42,55.15,54.05,54.68,69726.0,54.743,571,False
2020-11-24 00:00:00+00:00,55.44,55.44,54.37,54.5,101311.0,54.759,832,False
2020-11-25 00:00:00+00:00,54.62,54.62,53.46,54.05,66066.0,54.001,572,False
2020-11-27 00:00:00+00:00,53.89,55.09,53.21,54.04,32107.0,53.638,276,False
2020-11-30 00:00:00+00:00,53.44,54.04,53.2,53.65,147801.0,53.583,1182,False
2020-12-01 00:00:00+00:00,54.51,54.64,53.28,53.49,210596.0,53.657,1249,False
2020-12-02 00:00:00+00:00,53.37,53.57,52.11,52.63,215629.0,52.608,1478,False
2020-12-03 00:00:00+00:00,52.76,53.52,52.76,52.92,101842.0,53.194,702,False
2020-12-04 00:00:00+00:00,53.0,53.43,52.62,52.86,113971.0,52.907,829,False
2020-12-07 00:00:00+00:00,52.89,53.67,52.45,53.52,150820.0,53.013,1111,False
2020-12-08 00:00:00+00:00,53.39,53.79,52.54,53.73,111529.0,53.343,770,False
2020-12-09 00:00:00+00:00,54.4,54.86,53.66,54.22,103510.0,54.292,700,False
2020-12-10 00:00:00+00:00,54.05,54.05,53.02,53.62,102263.0,53.398,654,False
2020-12-11 00:00:00+00:00,53.65,55.33,53.6,54.14,155196.0,54.422,1137,False
2020-12-14 00:00:00+00:00,54.45,56.0,54.45,55.49,245691.0,55.391,1665,False
2020-12-15 00:00:00+00:00,55.6,57.02,55.28,56.5,209823.0,56.389,1443,False
2020-12-16 00:00:00+00:00,56.93,57.3,54.8,54.9,211264.0,55.451,1530,False
2020-12-17 00:00:00+00:00,55.41,57.42,55.0,57.0,262915.0,56.319,1866,False
2020-12-18 00:00:00+00:00,57.3,59.0,56.04,56.65,418765.0,57.604,1759,False
2020-12-21 00:00:00+00:00,55.41,56.34,54.29,55.51,212758.0,55.132,1599,False
2020-12-22 00:00:00+00:00,55.46,55.96,55.13,55.55,137645.0,55.44,1004,False
2020-12-23 00:00:00+00:00,55.67,56.27,55.04,55.83,87546.0,55.728,764,False
2020-12-24 00:00:00+00:00,56.06,56.43,55.56,56.41,45179.0,56.035,351,False
2020-12-28 00:00:00+00:00,57.0,57.59,56.6,56.65,94799.0,56.955,747,False
2020-12-29 00:00:00+00:00,56.95,57.33,55.33,55.82,84627.0,55.769,710,False
2020-12-30 00:00:00+00:00,55.46,57.11,55.17,56.59,90056.0,56.77,748,False
2020-12-31 00:00:00+00:00,55.93,56.28,52.58,55.55,234440.0,55.336,1618,False
2021-01-04 00:00:00+00:00,56.06,56.4,53.89,54.71,199898.0,54.685,1459,False
2021-01-05 00:00:00+00:00,54.72,55.74,54.43,54.99,109992.0,55.092,935,False
2021-01-06 00:00:00+00:00,55.88,57.75,55.88,57.45,198618.0,57.248,1699,False
2021-01-07 00:00:00+00:00,57.75,58.75,56.92,58.67,136784.0,57.898,992,False
2021-01-08 00:00:00+00:00,59.11,59.35,56.38,56.76,191654.0,57.022,1326,False
2021-01-11 00:00:00+00:00,56.33,57.77,56.33,57.47,94693.0,57.261,796,False
2021-01-12 00:00:00+00:00,57.66,58.1,56.6,57.96,96351.0,57.629,790,False
2021-01-13 00:00:00+00:00,57.9,58.08,56.31,56.54,110467.0,56.793,687,False
2021-01-14 00:00:00+00:00,56.92,57.4,56.3,56.56,122818.0,56.827,1057,False
2021-01-15 00:00:00+00:00,55.85,57.01,54.75,56.67,346860.0,55.988,1860,False
2021-01-19 00:00:00+00:00,57.46,58.6,56.5,58.11,233313.0,57.667,1598,False
2021-01-20 00:00:00+00:00,58.34,59.26,57.11,57.67,230313.0,57.725,1876,False
2021-01-21 00:00:00+00:00,57.67,60.23,57.38,59.56,264849.0,59.611,1868,False
2021-01-22 00:00:00+00:00,58.87,60.47,57.92,60.26,178981.0,59.682,1420,False
2021-01-25 00:00:00+00:00,60.32,60.66,57.05,58.27,198079.0,58.272,1265,False
2021-01-26 00:00:00+00:00,58.78,59.48,56.87,56.9,105873.0,57.6,781,False
2021-01-27 00:00:00+00:00,55.7,58.06,54.42,56.03,221065.0,55.904,1671,False
2021-01-28 00:00:00+00:00,56.93,56.95,54.61,55.73,155948.0,55.504,1316,False
2021-01-29 00:00:00+00:00,55.79,55.79,53.77,53.94,132600.0,54.453,1031,False
2021-02-01 00:00:00+00:00,55.2,57.0,54.08,56.8,172701.0,55.902,1464,False
2021-02-02 00:00:00+00:00,57.39,58.08,56.42,57.99,126183.0,57.778,836,False
2021-02-03 00:00:00+00:00,57.76,58.87,57.16,58.83,137465.0,58.277,1134,False
2021-02-04 00:00:00+00:00,59.0,60.3,58.58,60.26,156659.0,59.586,995,False
2021-02-05 00:00:00+00:00,60.68,61.12,59.77,61.06,121733.0,60.601,931,False
2021-02-08 00:00:00+00:00,61.35,63.01,61.0,62.72,193358.0,62.413,1340,False
2021-02-09 00:00:00+00:00,62.7,62.86,61.6,62.42,136210.0,62.33,973,False
2021-02-10 00:00:00+00:00,63.01,63.29,61.75,61.89,148614.0,62.383,1144,False
2021-02-11 00:00:00+00:00,62.31,62.78,60.7,62.09,184638.0,61.561,1107,False
2021-02-12 00:00:00+00:00,61.88,63.29,61.52,62.31,151533.0,62.483,1230,False
2021-02-16 00:00:00+00:00,62.5,62.51,61.16,61.34,106984.0,61.573,839,False
2021-02-17 00:00:00+00:00,61.03,61.69,60.16,60.76,118392.0,60.845,995,False
2021-02-18 00:00:00+00:00,60.73,60.99,59.04,59.37,168766.0,59.683,1258,False
2021-02-19 00:00:00+00:00,59.6,60.58,59.56,60.19,107085.0,60.161,811,False
2021-02-22 00:00:00+00:00,60.0,61.28,59.45,60.71,107485.0,60.42,834,False
2021-02-23 00:00:00+00:00,60.47,61.19,59.29,60.37,187625.0,60.178,1465,False
2021-02-24 00:00:00+00:00,60.31,61.46,59.96,60.69,186511.0,60.667,1617,False
2021-02-25 00:00:00+00:00,63.84,65.62,60.06,60.24,382805.0,62.305,2998,False
2021-02-26 00:00:00+00:00,60.79,62.13,59.25,61.0,142543.0,61.103,1139,False
2021-03-01 00:00:00+00:00,62.15,63.65,61.4,63.15,194571.0,62.842,1230,False
2021-03-02 00:00:00+00:00,63.5,63.73,62.13,62.27,231951.0,62.949,1582,False
2021-03-03 00:00:00+00:00,62.31,63.34,61.63,61.92,157135.0,62.649,1158,False
2021-03-04 00:00:00+00:00,61.93,62.9,60.55,61.68,185953.0,61.562,1506,False
2021-03-05 00:00:00+00:00,62.05,62.62,60.47,62.4,233378.0,61.666,2010,False
2021-03-08 00:00:00+00:00,62.3,64.8,62.19,64.01,164675.0,63.94,1233,False
2021-03-09 00:00:00+00:00,64.85,65.77,63.95,65.49,229907.0,65.091,1680,False
2021-03-10 00:00:00+00:00,66.91,68.92,65.84,68.8,378379.0,67.997,2788,False
2021-03-11 00:00:00+00:00,69.48,70.14,67.21,69.96,362870.0,69.089,2809,False
2021-03-12 00:00:00+00:00,70.36,72.06,69.97,71.91,364892.0,71.4,2804,False
2021-03-15 00:00:00+00:00,71.63,72.66,70.79,72.62,224141.0,71.814,1846,False
2021-03-16 00:00:00+00:00,72.62,72.62,71.05,72.0,181600.0,71.728,1487,False
2021-03-17 00:00:00+00:00,71.92,72.57,71.15,72.5,162977.0,71.924,1315,False
2021-03-18 00:00:00+00:00,72.35,72.78,70.96,71.28,293706.0,71.832,2071,False
2021-03-19 00:00:00+00:00,71.5,71.57,69.5,70.39,445648.0,70.975,1818,False
2021-03-22 00:00:00+00:00,70.81,71.05,69.33,70.66,285996.0,70.193,2274,False
2021-03-23 00:00:00+00:00,70.07,70.5,68.15,68.4,210558.0,68.895,1517,False
2021-03-24 00:00:00+00:00,69.06,70.2,67.83,67.85,233668.0,68.902,1378,False
2021-03-25 00:00:00+00:00,67.92,70.61,67.25,70.17,183089.0,69.255,1391,False
2021-03-26 00:00:00+00:00,70.72,73.44,70.31,73.29,221653.0,71.955,1409,False
2021-03-29 00:00:00+00:00,73.19,74.98,71.37,71.79,216224.0,72.403,1619,False
2021-03-30 00:00:00+00:00,71.62,74.34,71.44,74.34,254482.0,73.536,1772,False
2021-03-31 00:00:00+00:00,74.53,76.33,74.27,75.84,304121.0,75.605,2282,False
2021-04-01 00:00:00+00:00,76.11,77.39,75.9,77.33,190737.0,76.718,1494,False
2021-04-05 00:00:00+00:00,78.39,79.53,77.77,79.3,215125.0,78.897,1512,False
2021-04-06 00:00:00+00:00,79.51,80.25,78.89,80.11,251730.0,79.818,1628,False
2021-04-07 00:00:00+00:00,80.29,80.33,78.25,78.89,197008.0,79.039,1469,False
2021-04-08 00:00:00+00:00,79.49,79.73,77.61,79.72,100758.0,78.913,763,False
2021-04-09 00:00:00+00:00,80.14,80.73,79.25,80.13,200179.0,80.146,1274,False
2021-04-12 00:00:00+00:00,80.19,81.52,79.82,81.04,182514.0,80.828,1298,False
2021-04-13 00:00:00+00:00,80.22,81.0,76.86,78.78,354609.0,78.302,2499,False
2021-04-14 00:00:00+00:00,78.61,80.1,78.31,79.57,189346.0,79.36,1348,False
2021-04-15 00:00:00+00:00,80.01,80.22,78.49,79.56,167175.0,79.341,1331,False
2021-04-16 00:00:00+00:00,79.99,81.65,79.99,81.06,252229.0,80.877,1852,False
2021-04-19 00:00:00+00:00,81.76,81.9,78.73,79.92,155586.0,79.858,1106,False
2021-04-20 00:00:00+00:00,79.92,80.01,76.14,77.43,189569.0,77.672,1414,False
2021-04-21 00:00:00+00:00,77.43,78.62,77.02,78.28,156273.0,77.93,1296,False
2021-04-22 00:00:00+00:00,85.3,85.3,78.24,78.62,482318.0,79.855,3703,False
2021-04-23 00:00:00+00:00,79.41,81.89,78.71,81.4,361540.0,80.948,2439,False
2021-04-26 00:00:00+00:00,82.01,84.91,81.85,83.76,366550.0,83.819,2916,False
2021-04-27 00:00:00+00:00,84.36,86.06,84.32,84.93,209876.0,85.054,1595,False
2021-04-28 00:00:00+00:00,84.88,84.88,83.01,83.45,118526.0,83.632,839,False
2021-04-29 00:00:00+00:00,84.2,85.33,83.64,84.94,154037.0,84.579,1199,False
2021-04-30 00:00:00+00:00,84.75,85.68,83.53,84.04,193765.0,84.221,1469,False
2021-05-03 00:00:00+00:00,85.25,87.06,84.47,86.59,150477.0,85.981,1083,False
2021-05-04 00:00:00+00:00,85.85,88.21,85.25,87.76,303436.0,87.443,1919,False
2021-05-05 00:00:00+00:00,89.58,89.76,86.34,87.07,240109.0,87.35,1610,False
2021-05-06 00:00:00+00:00,87.28,88.68,86.5,88.63,160945.0,87.447,1078,False
2021-05-07 00:00:00+00:00,88.42,88.56,86.73,88.18,368309.0,87.4,2562,False
2021-05-10 00:00:00+00:00,88.41,89.97,87.91,87.92,203574.0,88.968,1413,False
2021-05-11 00:00:00+00:00,86.47,86.74,82.72,84.28,262444.0,84.16,1871,False
2021-05-12 00:00:00+00:00,83.8,84.22,79.02,79.29,322447.0,80.929,2421,False
2021-05-13 00:00:00+00:00,80.08,82.86,79.11,82.36,163019.0,81.827,1172,False
2021-05-14 00:00:00+00:00,83.5,83.51,81.56,83.14,138322.0,82.487,1071,False
2021-05-17 00:00:00+00:00,83.12,83.46,80.85,82.18,125505.0,81.902,956,False
2021-05-18 00:00:00+00:00,82.78,82.89,79.43,79.43,176499.0,80.597,1454,False
2021-05-19 00:00:00+00:00,77.92,79.81,77.06,79.55,192822.0,78.591,1427,False
2021-05-20 00:00:00+00:00,79.66,80.1,78.4,79.47,148200.0,79.122,1228,False
2021-05-21 00:00:00+00:00,80.52,81.19,78.81,79.07,163750.0,79.637,1188,False
2021-05-24 00:00:00+00:00,79.15,79.55,78.5,78.53,135076.0,78.963,998,False
2021-05-25 00:00:00+00:00,78.64,79.51,77.79,77.98,160525.0,78.336,1201,False
2021-05-26 00:00:00+00:00,78.44,79.66,78.41,79.6,165084.0,79.235,1157,False
2021-05-27 00:00:00+00:00,80.44,80.99,79.84,79.92,114682.0,80.317,772,False
2021-05-28 00:00:00+00:00,80.26,80.9,78.91,79.52,95376.0,79.741,670,False
2021-06-01 00:00:00+00:00,80.17,81.46,79.65,81.05,130516.0,80.883,935,False
2021-06-02 00:00:00+00:00,81.45,81.45,77.52,77.84,159839.0,78.658,1213,False
2021-06-03 00:00:00+00:00,77.23,78.23,75.36,76.09,219996.0,76.073,1579,False
2021-06-04 00:00:00+00:00,76.77,77.0,75.07,76.51,167591.0,75.973,1219,False
2021-06-07 00:00:00+00:00,76.8,76.99,75.09,76.01,193508.0,75.751,1519,False
2021-06-08 00:00:00+00:00,75.78,76.46,75.39,76.06,184595.0,76.026,1284,False
2021-06-09 00:00:00+00:00,75.96,76.18,74.34,74.43,151355.0,74.949,1103,False
2021-06-10 00:00:00+00:00,74.5,74.7,73.26,73.5,200738.0,73.638,1461,False
2021-06-11 00:00:00+00:00,73.39,74.75,73.38,74.21,127359.0,74.152,1052,False
2021-06-14 00:00:00+00:00,74.08,74.19,72.41,73.11,154591.0,73.023,975,False
2021-06-15 00:00:00+00:00,73.03,74.44,72.4,74.41,256536.0,73.56,1714,False
2021-06-16 00:00:00+00:00,74.18,74.38,72.59,73.08,156867.0,73.344,1123,False
2021-06-17 00:00:00+00:00,72.72,72.98,70.04,71.76,213638.0,71.526,1294,False
2021-06-18 00:00:00+00:00,70.73,71.67,70.23,70.66,322018.0,70.824,1876,False
2021-06-21 00:00:00+00:00,71.49,72.7,71.3,71.81,94143.0,72.012,744,False
2021-06-22 00:00:00+00:00,71.72,72.68,70.67,72.51,102709.0,72.166,876,False
2021-06-23 00:00:00+00:00,72.34,72.74,71.64,72.19,131441.0,72.219,1058,False
2021-06-24 00:00:00+00:00,72.34,73.4,71.76,73.16,154425.0,72.762,1285,False
2021-06-25 00:00:00+00:00,73.01,73.98,72.47,72.73,167410.0,73.04,802,False
2021-06-28 00:00:00+00:00,72.98,73.28,72.23,72.72,109617.0,72.779,822,False
2021-06-29 00:00:00+00:00,73.12,73.95,72.74,73.38,97956.0,73.421,816,False
2021-06-30 00:00:00+00:00,73.34,74.6,72.97,74.34,123957.0,73.954,1049,False
2021-07-01 00:00:00+00:00,74.73,75.1,74.04,74.68,111571.0,74.697,882,False
2021-07-02 00:00:00+00:00,74.72,74.9,73.6,73.73,83448.0,73.989,736,False
2021-07-06 00:00:00+00:00,73.54,73.75,71.0,72.04,132324.0,72.058,1084,False
2021-07-07 00:00:00+00:00,71.76,73.94,71.76,73.38,130161.0,73.094,954,False
2021-07-08 00:00:00+00:00,72.34,72.97,70.7,71.81,147239.0,71.817,1054,False
2021-07-09 00:00:00+00:00,72.6,73.94,72.57,73.47,104763.0,73.356,779,False
2021-07-12 00:00:00+00:00,73.47,74.58,72.91,74.41,99803.0,73.916,816,False
2021-07-13 00:00:00+00:00,74.54,74.63,72.72,72.75,78046.0,73.158,682,False
2021-07-14 00:00:00+00:00,72.89,73.46,71.64,71.88,64231.0,72.134,521,False
2021-07-15 00:00:00+00:00,71.19,72.11,70.78,71.21,164085.0,71.371,1331,False
2021-07-16 00:00:00+00:00,71.47,71.6,69.45,69.6,173547.0,70.499,1239,False
2021-07-19 00:00:00+00:00,68.66,69.81,67.82,69.29,231538.0,68.794,1784,False
2021-07-20 00:00:00+00:00,69.74,72.18,69.1,71.38,150606.0,71.28,1209,False
2021-07-21 00:00:00+00:00,71.47,72.88,71.46,72.69,206459.0,72.003,1432,False
2021-07-22 00:00:00+00:00,72.88,74.09,70.41,72.92,406999.0,72.673,3228,False
2021-07-23 00:00:00+00:00,73.2,73.71,72.58,72.77,173385.0,73.204,1487,False
2021-07-26 00:00:00+00:00,72.97,73.71,72.59,73.56,185373.0,73.17,1450,False
2021-07-27 00:00:00+00:00,73.01,74.18,72.49,73.26,143367.0,73.222,1136,False
2021-07-28 00:00:00+00:00,73.26,73.88,72.22,73.03,125487.0,73.091,1106,False
2021-07-29 00:00:00+00:00,73.44,74.63,73.4,74.23,138395.0,74.314,985,False
2021-07-30 00:00:00+00:00,74.44,74.83,73.72,74.26,101179.0,74.327,723,False
2021-08-02 00:00:00+00:00,74.36,75.56,73.0,73.02,104769.0,73.819,762,False
2021-08-03 00:00:00+00:00,73.1,74.13,73.0,74.11,121914.0,73.701,1064,False
2021-08-04 00:00:00+00:00,73.39,74.67,73.38,73.65,70401.0,73.878,502,False
2021-08-05 00:00:00+00:00,73.8,74.28,72.92,73.26,84846.0,73.407,719,False
2021-08-06 00:00:00+00:00,74.17,74.48,73.14,73.48,65857.0,73.576,433,False
2021-08-09 00:00:00+00:00,73.3,73.43,72.52,72.57,81515.0,72.921,675,False
2021-08-10 00:00:00+00:00,72.5,74.27,72.48,73.98,54674.0,73.832,428,False
2021-08-11 00:00:00+00:00,74.05,76.0,73.57,75.92,105847.0,75.109,793,False
2021-08-12 00:00:00+00:00,76.23,77.01,75.06,75.46,106208.0,75.668,882,False
2021-08-13 00:00:00+00:00,76.03,76.17,75.24,75.4,80545.0,75.533,654,False
2021-08-16 00:00:00+00:00,75.31,75.4,74.15,74.92,57003.0,74.974,466,False
2021-08-17 00:00:00+00:00,74.18,74.71,72.5,74.04,88351.0,73.652,778,False
2021-08-18 00:00:00+00:00,73.9,75.04,73.21,73.28,154060.0,74.242,1066,False
2021-08-19 00:00:00+00:00,72.31,73.12,71.72,72.95,129896.0,72.595,999,False
2021-08-20 00:00:00+00:00,72.93,74.34,72.8,73.74,107473.0,73.566,893,False
2021-08-23 00:00:00+00:00,74.22,74.39,73.12,73.95,85091.0,73.923,755,False
2021-08-24 00:00:00+00:00,73.97,75.26,73.8,74.81,59980.0,74.604,424,False
2021-08-25 00:00:00+00:00,74.83,76.64,74.81,76.47,73753.0,76.193,639,False
2021-08-26 00:00:00+00:00,76.57,76.82,75.56,75.59,51302.0,75.994,443,False
2021-08-27 00:00:00+00:00,75.67,78.49,75.67,78.15,100531.0,77.803,844,False
2021-08-30 00:00:00+00:00,78.19,78.53,77.57,78.17,68986.0,78.093,558,False
2021-08-31 00:00:00+00:00,78.11,78.11,74.87,75.08,89691.0,75.712,763,False
2021-09-01 00:00:00+00:00,75.21,75.29,73.88,74.6,80041.0,74.643,678,False
2021-09-02 00:00:00+00:00,74.96,75.21,73.97,74.33,107175.0,74.307,894,False
2021-09-03 00:00:00+00:00,74.02,74.24,73.18,73.59,68875.0,73.706,599,False
2021-09-07 00:00:00+00:00,73.48,73.55,72.47,72.5,97267.0,72.878,835,False
2021-09-08 00:00:00+00:00,72.08,72.8,70.83,71.82,84790.0,71.691,652,False
2021-09-09 00:00:00+00:00,72.46,72.66,71.55,71.73,77272.0,71.96,637,False
2021-09-10 00:00:00+00:00,71.88,72.43,70.23,70.26,68173.0,71.311,474,False
2021-09-13 00:00:00+00:00,71.12,72.28,70.6,71.0,65268.0,71.27,537,False
2021-09-14 00:00:00+00:00,71.07,71.49,68.97,69.24,79576.0,69.677,645,False
2021-09-15 00:00:00+00:00,69.01,70.67,69.01,70.51,130016.0,70.085,1049,False
2021-09-16 00:00:00+00:00,70.32,70.43,69.72,70.09,90273.0,70.081,778,False
2021-09-17 00:00:00+00:00,70.27,70.35,69.36,69.66,223969.0,69.916,1237,False
2021-09-20 00:00:00+00:00,68.17,68.98,67.68,68.81,105568.0,68.046,798,False
2021-09-21 00:00:00+00:00,69.05,69.23,67.49,67.92,72593.0,68.108,553,False
2021-09-22 00:00:00+00:00,68.38,69.67,67.76,68.95,55339.0,69.077,462,False
2021-09-23 00:00:00+00:00,69.08,70.38,68.66,69.31,106591.0,69.766,871,False
2021-09-24 00:00:00+00:00,68.72,69.3,67.88,68.53,91228.0,68.818,605,False
2021-09-27 00:00:00+00:00,68.53,70.45,68.53,70.03,114464.0,69.906,722,False
2021-09-28 00:00:00+00:00,69.95,70.43,69.11,69.59,78146.0,69.568,652,False
2021-09-29 00:00:00+00:00,69.63,70.56,69.4,70.13,77872.0,70.232,559,False
2021-09-30 00:00:00+00:00,70.61,70.92,67.61,67.98,66209.0,68.726,443,False
2021-10-01 00:00:00+00:00,68.23,69.67,67.59,68.53,59067.0,68.746,463,False
2021-10-04 00:00:00+00:00,68.36,69.32,67.79,68.67,152130.0,68.757,970,False
2021-10-05 00:00:00+00:00,68.83,70.01,68.32,69.82,76663.0,69.718,619,False
2021-10-06 00:00:00+00:00,69.11,70.91,68.93,70.66,121387.0,70.077,976,False
2021-10-07 00:00:00+00:00,71.46,73.5,71.24,72.79,99562.0,72.779,777,False
2021-10-08 00:00:00+00:00,72.91,73.1,72.04,72.14,78869.0,72.487,591,False
2021-10-11 00:00:00+00:00,72.24,73.3,71.93,72.41,46151.0,72.834,382,False
2021-10-12 00:00:00+00:00,72.71,73.43,72.21,72.98,98143.0,73.041,650,False
2021-10-13 00:00:00+00:00,73.25,74.23,72.31,73.8,52025.0,73.666,427,False
2021-10-14 00:00:00+00:00,74.31,75.25,74.31,75.2,48486.0,74.891,409,False
2021-10-15 00:00:00+00:00,76.03,76.62,75.05,75.16,110060.0,75.801,764,False
2021-10-18 00:00:00+00:00,74.67,75.75,74.67,75.19,44518.0,75.222,361,False
2021-10-19 00:00:00+00:00,75.55,75.72,74.11,74.32,44747.0,74.692,366,False
2021-10-20 00:00:00+00:00,74.07,76.75,74.01,76.53,78887.0,76.152,500,False
2021-10-21 00:00:00+00:00,76.38,81.97,74.13,81.97,330476.0,80.151,2477,False
2021-10-22 00:00:00+00:00,82.5,84.49,80.99,81.41,135882.0,82.292,996,False
2021-10-25 00:00:00+00:00,81.62,84.39,81.4,84.04,105155.0,83.748,862,False
2021-10-26 00:00:00+00:00,84.19,84.24,82.65,83.28,85451.0,83.508,752,False
2021-10-27 00:00:00+00:00,83.24,84.51,80.66,80.83,89319.0,82.37,736,False
2021-10-28 00:00:00+00:00,81.58,83.02,81.25,82.51,70145.0,82.37,436,False
2021-10-29 00:00:00+00:00,82.16,82.98,81.3,81.83,49303.0,81.988,433,False
2021-11-01 00:00:00+00:00,82.48,82.8,81.4,82.8,90498.0,82.231,684,False
2021-11-02 00:00:00+00:00,82.88,83.57,81.56,83.27,72362.0,82.976,551,False
2021-11-03 00:00:00+00:00,83.33,85.86,82.82,85.25,113883.0,84.57,749,False
2021-11-04 00:00:00+00:00,85.8,86.53,84.72,84.95,105326.0,85.427,890,False
2021-11-05 00:00:00+00:00,85.86,87.84,85.86,87.32,91509.0,87.352,682,False
2021-11-08 00:00:00+00:00,87.73,88.46,86.86,87.77,85437.0,87.756,640,False
2021-11-09 00:00:00+00:00,88.0,89.21,87.73,88.37,85525.0,88.434,600,False
2021-11-10 00:00:00+00:00,88.09,89.1,86.94,87.61,56824.0,87.804,472,False
2021-11-11 00:00:00+00:00,87.81,88.7,82.13,88.35,71954.0,87.665,481,False
2021-11-12 00:00:00+00:00,88.87,89.05,83.08,88.43,60589.0,88.521,492,False
2021-11-15 00:00:00+00:00,88.42,88.98,84.71,88.28,51399.0,88.329,419,False
2021-11-16 00:00:00+00:00,88.15,89.87,85.45,89.66,110740.0,89.032,840,False
2021-11-17 00:00:00+00:00,89.78,90.45,88.9,90.37,154289.0,89.944,1215,False
2021-11-18 00:00:00+00:00,90.67,91.02,89.17,89.84,90177.0,90.12,699,False
2021-11-19 00:00:00+00:00,89.56,90.75,88.96,89.25,148231.0,90.054,1172,False
2021-11-22 00:00:00+00:00,89.79,92.1,89.43,90.19,67453.0,91.048,545,False
2021-11-23 00:00:00+00:00,90.06,92.08,89.51,91.52,65888.0,91.272,584,False
2021-11-24 00:00:00+00:00,91.04,91.85,90.46,91.18,36543.0,91.07,298,False
2021-11-26 00:00:00+00:00,88.79,89.47,85.83,86.96,79365.0,87.2,530,False
2021-11-29 00:00:00+00:00,88.09,88.42,86.24,86.5,72815.0,87.078,627,False
2021-11-30 00:00:00+00:00,85.31,85.31,82.88,83.28,115292.0,83.794,970,False
2021-12-01 00:00:00+00:00,85.33,87.13,83.7,83.7,122531.0,85.382,994,False
2021-12-02 00:00:00+00:00,84.4,87.73,84.4,87.32,116033.0,86.9,978,False
2021-12-03 00:00:00+00:00,88.03,88.92,86.79,88.72,69252.0,88.195,562,False
2021-12-06 00:00:00+00:00,89.75,91.38,89.32,90.79,118391.0,90.657,780,False
2021-12-07 00:00:00+00:00,91.84,93.09,91.05,91.95,102990.0,92.303,790,False
2021-12-08 00:00:00+00:00,92.26,92.26,90.28,91.57,61806.0,91.399,554,False
2021-12-09 00:00:00+00:00,90.79,91.38,90.02,90.29,69742.0,90.749,603,False
2021-12-10 00:00:00+00:00,90.97,91.32,89.67,90.61,69347.0,90.419,621,False
2021-12-13 00:00:00+00:00,90.62,90.75,86.56,86.95,150877.0,87.925,1178,False
2021-12-14 00:00:00+00:00,86.56,87.4,85.62,86.4,136239.0,86.557,1170,False
2021-12-15 00:00:00+00:00,86.3,87.99,85.49,87.65,201499.0,86.994,1584,False
2021-12-16 00:00:00+00:00,88.18,88.82,86.64,87.22,135608.0,87.701,1192,False
2021-12-17 00:00:00+00:00,87.62,87.62,81.22,82.92,514411.0,84.647,3602,False
2021-12-20 00:00:00+00:00,81.55,83.14,79.16,82.72,274931.0,81.596,2336,False
2021-12-21 00:00:00+00:00,83.5,86.1,83.17,85.48,145952.0,85.308,1251,False
2021-12-22 00:00:00+00:00,83.53,87.22,82.4,86.95,151999.0,85.977,1249,False
2021-12-23 00:00:00+00:00,87.92,88.38,87.44,87.73,71679.0,88.085,420,False
2021-12-27 00:00:00+00:00,88.5,89.96,87.72,89.96,95010.0,89.099,572,False
2021-12-28 00:00:00+00:00,90.03,91.85,89.7,91.42,95013.0,91.22,637,False
2021-12-29 00:00:00+00:00,91.75,93.54,91.12,93.4,105792.0,92.806,730,False
2021-12-30 00:00:00+00:00,93.28,93.43,90.85,91.06,108373.0,91.492,748,False
2021-12-31 00:00:00+00:00,91.1,92.57,90.58,92.01,44602.0,91.681,352,False
2022-01-03 00:00:00+00:00,92.6,92.9,89.95,90.63,114211.0,91.037,835,False
2022-01-04 00:00:00+00:00,91.5,94.15,91.5,93.28,156705.0,93.207,1063,False
2022-01-05 00:00:00+00:00,93.26,94.8,90.98,91.2,138538.0,93.016,1054,False
2022-01-06 00:00:00+00:00,91.3,92.61,90.67,91.53,91671.0,91.695,763,False
2022-01-07 00:00:00+00:00,91.43,92.4,87.98,88.04,125579.0,88.809,996,False
2022-01-10 00:00:00+00:00,87.15,88.68,85.89,88.66,146917.0,87.393,1069,False
2022-01-11 00:00:00+00:00,88.46,90.0,87.09,89.45,121920.0,88.979,1091,False
2022-01-12 00:00:00+00:00,89.96,91.34,89.46,90.12,101425.0,90.173,915,False
2022-01-13 00:00:00+00:00,91.17,92.09,90.18,90.55,94142.0,90.938,759,False
2022-01-14 00:00:00+00:00,88.9,90.19,87.29,88.6,97430.0,88.221,805,False
2022-01-18 00:00:00+00:00,87.12,87.6,84.83,84.97,138605.0,85.948,1198,False
2022-01-19 00:00:00+00:00,85.41,86.42,83.48,83.68,125002.0,84.756,900,False
2022-01-20 00:00:00+00:00,84.31,85.23,81.67,81.72,176114.0,83.638,1498,False
2022-01-21 00:00:00+00:00,81.0,83.67,80.1,80.25,168508.0,81.599,1316,False
2022-01-24 00:00:00+00:00,78.14,83.12,77.66,82.88,232324.0,80.37,1742,False
2022-01-25 00:00:00+00:00,81.03,82.17,78.77,80.82,146043.0,80.728,1237,False
2022-01-26 00:00:00+00:00,82.04,82.88,78.53,79.69,144063.0,81.012,1206,False
2022-01-27 00:00:00+00:00,80.51,81.87,77.61,78.5,125426.0,79.788,1027,False
2022-01-28 00:00:00+00:00,78.63,79.91,76.51,79.75,99861.0,78.176,801,False
2022-01-31 00:00:00+00:00,79.63,80.18,77.67,79.86,206348.0,78.815,1635,False
2022-02-01 00:00:00+00:00,80.3,83.0,78.27,80.78,104330.0,80.148,943,False
2022-02-02 00:00:00+00:00,81.18,81.55,79.68,80.65,87867.0,80.548,749,False
2022-02-03 00:00:00+00:00,80.49,80.55,79.05,79.48,77672.0,79.785,695,False
2022-02-04 00:00:00+00:00,78.91,79.0,76.13,77.33,113848.0,77.398,900,False
2022-02-07 00:00:00+00:00,77.56,78.05,76.67,76.75,74017.0,77.383,607,False
2022-02-08 00:00:00+00:00,76.85,78.98,76.3,78.47,77136.0,78.404,645,False
2022-02-09 00:00:00+00:00,79.18,80.32,78.93,79.86,173504.0,79.462,1016,False
2022-02-10 00:00:00+00:00,78.64,79.2,76.39,76.84,168872.0,77.567,1138,False
2022-02-11 00:00:00+00:00,77.56,78.07,74.87,76.3,202793.0,76.337,1498,False
2022-02-14 00:00:00+00:00,76.32,77.24,75.63,76.54,201444.0,76.688,1224,False
2022-02-15 00:00:00+00:00,77.58,78.85,76.69,78.67,225260.0,78.156,1012,False
2022-02-16 00:00:00+00:00,78.64,79.89,77.87,79.5,202365.0,78.793,925,False
2022-02-17 00:00:00+00:00,85.99,88.0,84.07,84.31,271601.0,85.432,2229,False
2022-02-18 00:00:00+00:00,83.65,85.73,82.73,84.95,251645.0,84.606,2186,False
2022-02-22 00:00:00+00:00,84.72,85.48,82.34,83.03,160846.0,83.734,1464,False
2022-02-23 00:00:00+00:00,84.26,84.38,81.25,81.44,230529.0,82.245,2049,False
2022-02-24 00:00:00+00:00,78.99,83.17,77.96,82.87,177142.0,81.111,1331,False
2022-02-25 00:00:00+00:00,83.14,84.96,82.33,84.53,130392.0,84.28,1057,False
2022-02-28 00:00:00+00:00,83.35,86.09,83.35,85.75,151916.0,85.398,1257,False
2022-03-01 00:00:00+00:00,85.27,86.18,82.69,83.32,114549.0,83.83,923,False
2022-03-02 00:00:00+00:00,83.62,87.82,83.62,87.2,111183.0,86.98,912,False
2022-03-03 00:00:00+00:00,87.79,88.28,85.18,85.55,120920.0,86.11,1001,False
2022-03-04 00:00:00+00:00,84.72,85.69,83.75,84.36,113019.0,84.362,924,False
2022-03-07 00:00:00+00:00,84.33,85.51,82.02,82.32,96962.0,83.275,786,False
2022-03-08 00:00:00+00:00,82.17,84.57,81.99,82.48,165947.0,83.295,1332,False
2022-03-09 00:00:00+00:00,83.81,85.08,83.02,84.74,123563.0,84.475,1002,False
2022-03-10 00:00:00+00:00,83.25,84.96,82.79,84.69,66018.0,83.901,555,False
2022-03-11 00:00:00+00:00,85.13,85.52,83.83,84.26,77364.0,84.583,617,False
2022-03-14 00:00:00+00:00,84.47,84.98,82.33,83.14,53985.0,83.142,467,False
2022-03-15 00:00:00+00:00,83.8,85.92,83.41,85.66,117509.0,84.649,882,False
2022-03-16 00:00:00+00:00,86.22,87.79,84.82,87.56,130419.0,86.849,1120,False
2022-03-17 00:00:00+00:00,87.39,88.81,86.89,88.74,91794.0,88.095,642,False
2022-03-18 00:00:00+00:00,88.89,89.55,86.89,88.34,162209.0,88.338,697,False
2022-03-21 00:00:00+00:00,88.49,90.24,87.01,87.7,113849.0,87.834,959,False
2022-03-22 00:00:00+00:00,87.7,88.66,85.45,86.02,136937.0,86.712,1057,False
2022-03-23 00:00:00+00:00,85.46,85.74,83.5,83.78,161143.0,84.465,1270,False
2022-03-24 00:00:00+00:00,84.29,84.36,79.86,80.33,230269.0,80.914,1536,False
2022-03-25 00:00:00+00:00,80.88,81.13,79.5,80.04,152381.0,79.943,994,False
2022-03-28 00:00:00+00:00,79.8,81.27,79.65,80.95,76184.0,80.471,616,False
2022-03-29 00:00:00+00:00,81.77,83.58,81.3,82.61,104000.0,82.319,863,False
2022-03-30 00:00:00+00:00,82.38,82.69,79.51,79.65,130339.0,80.092,862,False
2022-03-31 00:00:00+00:00,79.84,80.25,77.03,77.16,186398.0,78.718,1342,False
2022-04-01 00:00:00+00:00,77.44,78.86,77.12,78.4,198924.0,78.183,1610,False
2022-04-04 00:00:00+00:00,78.39,79.56,77.78,78.84,213892.0,78.938,1722,False
2022-04-05 00:00:00+00:00,78.45,79.5,75.59,75.68,183751.0,77.026,1431,False
2022-04-06 00:00:00+00:00,75.37,76.0,74.38,74.44,167240.0,75.216,1251,False
2022-04-07 00:00:00+00:00,74.27,75.94,73.83,75.15,198023.0,75.09,1569,False
2022-04-08 00:00:00+00:00,75.16,76.4,74.82,74.94,164356.0,75.656,1286,False
2022-04-11 00:00:00+00:00,74.45,76.95,73.39,76.19,173693.0,76.389,1372,False
2022-04-12 00:00:00+00:00,77.24,79.84,76.95,77.4,194697.0,78.297,1421,False
2022-04-13 00:00:00+00:00,77.61,79.09,77.01,78.57,152681.0,78.052,932,False
2022-04-14 00:00:00+00:00,78.04,78.98,72.55,73.24,252449.0,74.347,1951,False
2022-04-18 00:00:00+00:00,72.93,74.0,72.34,72.89,89280.0,72.991,743,False
2022-04-19 00:00:00+00:00,73.43,76.14,73.43,75.84,113718.0,75.499,936,False
2022-04-20 00:00:00+00:00,76.78,78.11,76.78,77.88,136127.0,77.704,998,False
2022-04-21 00:00:00+00:00,78.43,79.31,76.4,77.0,158937.0,77.466,1216,False
2022-04-22 00:00:00+00:00,79.02,80.53,76.26,77.92,227908.0,78.869,1778,False
2022-04-25 00:00:00+00:00,78.2,80.98,75.2,80.84,288496.0,79.027,2277,False
2022-04-26 00:00:00+00:00,79.85,81.36,78.79,78.9,136134.0,79.794,1111,False
2022-04-27 00:00:00+00:00,78.88,80.01,76.96,77.41,127640.0,77.854,1114,False
2022-04-28 00:00:00+00:00,77.82,79.87,76.95,79.1,99623.0,78.706,849,False
2022-04-29 00:00:00+00:00,78.17,79.47,77.09,77.37,110118.0,78.088,958,False
2022-05-02 00:00:00+00:00,77.72,79.17,76.36,78.18,118052.0,77.727,885,False
2022-05-03 00:00:00+00:00,77.88,79.9,76.9,79.66,87849.0,79.131,716,False
2022-05-04 00:00:00+00:00,80.25,83.39,79.29,83.15,118570.0,81.242,967,False
2022-05-05 00:00:00+00:00,81.73,81.73,77.85,78.75,171602.0,79.07,1465,False
2022-05-06 00:00:00+00:00,78.31,82.47,76.79,78.49,156781.0,77.91,1117,False
2022-05-09 00:00:00+00:00,77.0,80.37,76.9,79.33,141131.0,79.133,1154,False
2022-05-10 00:00:00+00:00,80.65,80.65,76.83,77.13,183359.0,78.086,1259,False
2022-05-11 00:00:00+00:00,77.21,78.36,74.89,75.19,138448.0,76.444,1174,False
2022-05-12 00:00:00+00:00,74.86,77.81,74.4,77.69,130415.0,76.598,1120,False
2022-05-13 00:00:00+00:00,78.16,79.59,77.5,78.34,130675.0,78.435,1055,False
2022-05-16 00:00:00+00:00,77.91,78.83,76.26,77.91,59618.0,77.677,499,False
2022-05-17 00:00:00+00:00,78.97,80.13,78.21,80.08,63407.0,79.556,546,False
2022-05-18 00:00:00+00:00,78.32,79.37,76.7,77.51,171378.0,77.882,1467,False
2022-05-19 00:00:00+00:00,76.99,78.11,75.36,75.58,78848.0,76.335,664,False
2022-05-20 00:00:00+00:00,76.29,76.29,73.15,75.14,106450.0,74.384,825,False
2022-05-23 00:00:00+00:00,76.05,77.25,74.81,75.22,90699.0,75.554,804,False
2022-05-24 00:00:00+00:00,74.86,75.27,71.51,72.59,125543.0,72.524,1021,False
2022-05-25 00:00:00+00:00,72.82,75.39,72.13,74.79,104248.0,74.555,844,False
2022-05-26 00:00:00+00:00,75.22,77.43,75.22,77.06,78382.0,76.495,658,False
2022-05-27 00:00:00+00:00,77.35,78.91,77.35,78.9,72049.0,78.393,599,False
2022-05-31 00:00:00+00:00,77.7,79.01,76.59,77.2,97962.0,77.245,846,False
2022-06-01 00:00:00+00:00,77.56,78.47,76.54,77.86,58676.0,77.519,506,False
2022-06-02 00:00:00+00:00,78.35,79.53,78.35,79.24,102941.0,79.002,847,False
2022-06-03 00:00:00+00:00,78.4,79.8,78.13,79.38,66238.0,79.18,488,False
2022-06-06 00:00:00+00:00,80.48,80.55,79.32,79.53,55653.0,79.727,459,False
2022-06-07 00:00:00+00:00,78.52,81.28,78.3,81.17,80283.0,80.28,677,False
2022-06-08 00:00:00+00:00,80.43,80.6,78.18,78.62,69616.0,78.84,562,False
2022-06-09 00:00:00+00:00,78.39,79.59,77.91,78.57,66974.0,78.835,538,False
2022-06-10 00:00:00+00:00,77.25,77.74,74.58,74.68,53844.0,75.271,422,False
2022-06-13 00:00:00+00:00,72.68,73.97,69.87,70.46,132571.0,71.14,1101,False
2022-06-14 00:00:00+00:00,70.75,71.82,70.47,71.34,130344.0,71.195,824,False
2022-06-15 00:00:00+00:00,72.19,72.81,68.75,69.86,196493.0,70.311,1499,False
2022-06-16 00:00:00+00:00,68.27,68.44,65.02,65.54,169454.0,66.06,1307,False
2022-06-17 00:00:00+00:00,66.12,66.38,64.76,65.13,180723.0,65.699,992,False
2022-06-21 00:00:00+00:00,66.03,68.12,64.57,65.56,88602.0,65.684,687,False
2022-06-22 00:00:00+00:00,64.24,66.29,64.12,65.56,89764.0,65.47,666,False
2022-06-23 00:00:00+00:00,65.43,65.95,64.9,65.62,176986.0,65.261,1180,False
2022-06-24 00:00:00+00:00,66.69,68.94,66.23,67.35,145168.0,67.627,1115,False
2022-06-27 00:00:00+00:00,67.97,69.0,67.67,68.36,67664.0,68.299,558,False
2022-06-28 00:00:00+00:00,68.7,68.87,67.26,67.37,72081.0,67.888,587,False
2022-06-29 00:00:00+00:00,67.55,67.55,66.31,66.99,45060.0,66.894,358,False
2022-06-30 00:00:00+00:00,66.49,68.97,66.0,68.14,87931.0,67.793,699,False
2022-07-01 00:00:00+00:00,67.85,69.66,67.71,69.14,102408.0,68.592,856,False
2022-07-05 00:00:00+00:00,68.16,70.67,67.82,70.66,90004.0,69.75,724,False
2022-07-06 00:00:00+00:00,70.61,70.95,68.17,69.11,91776.0,68.936,752,False
2022-07-07 00:00:00+00:00,70.15,71.07,68.58,70.58,68921.0,70.374,550,False
2022-07-08 00:00:00+00:00,70.51,71.04,69.6,70.65,63539.0,70.435,525,False
2022-07-11 00:00:00+00:00,70.1,71.0,69.89,70.48,70531.0,70.51,578,False
2022-07-12 00:00:00+00:00,70.5,72.58,70.5,71.4,66617.0,71.85,529,False
2022-07-13 00:00:00+00:00,71.05,72.68,69.77,72.24,91098.0,71.785,722,False
2022-07-14 00:00:00+00:00,71.06,71.6,70.04,71.3,63349.0,70.783,422,False
2022-07-15 00:00:00+00:00,72.22,72.87,70.98,72.37,89027.0,72.292,610,False
2022-07-18 00:00:00+00:00,72.59,73.34,71.97,72.32,80066.0,72.589,668,False
2022-07-19 00:00:00+00:00,73.43,74.88,73.43,74.57,109337.0,74.451,847,False
2022-07-20 00:00:00+00:00,74.37,75.9,73.81,75.05,174656.0,75.142,1283,False
2022-07-21 00:00:00+00:00,75.43,76.44,74.39,75.65,173218.0,75.088,1324,False
2022-07-22 00:00:00+00:00,77.7,84.99,77.7,84.08,464128.0,83.033,3505,False
2022-07-25 00:00:00+00:00,84.57,87.78,84.12,87.63,374485.0,86.654,2887,False
2022-07-26 00:00:00+00:00,87.55,88.84,85.42,86.76,290992.0,86.788,2359,False
2022-07-27 00:00:00+00:00,87.08,88.08,85.4,87.86,142834.0,86.976,1221,False
2022-07-28 00:00:00+00:00,87.96,90.26,87.3,90.23,209548.0,88.505,1812,False
2022-07-29 00:00:00+00:00,90.23,92.27,89.7,92.21,168690.0,91.364,1272,False
2022-08-01 00:00:00+00:00,92.13,94.78,91.16,92.01,240718.0,93.198,1840,False
2022-08-02 00:00:00+00:00,91.53,91.91,89.72,89.75,152976.0,90.597,1279,False
2022-08-03 00:00:00+00:00,89.92,90.56,88.24,89.72,106157.0,89.609,795,False
2022-08-04 00:00:00+00:00,89.22,89.94,88.2,88.41,178340.0,88.893,1391,False
2022-08-05 00:00:00+00:00,87.38,88.54,86.7,88.47,266077.0,87.644,2193,False
2022-08-08 00:00:00+00:00,89.37,90.78,88.97,90.56,168104.0,89.908,1412,False
2022-08-09 00:00:00+00:00,90.53,90.53,84.82,85.11,215584.0,86.433,1837,False
2022-08-10 00:00:00+00:00,86.7,88.55,86.23,87.54,180678.0,87.576,1275,False
2022-08-11 00:00:00+00:00,88.21,90.31,87.55,89.31,94353.0,89.686,725,False
2022-08-12 00:00:00+00:00,89.64,89.94,87.85,89.15,142644.0,88.502,1117,False
2022-08-15 00:00:00+00:00,89.17,89.92,88.61,89.66,133432.0,89.367,1112,False
2022-08-16 00:00:00+00:00,89.36,91.1,89.07,90.51,97674.0,90.41,832,False
2022-08-17 00:00:00+00:00,89.5,89.55,87.76,88.75,114337.0,88.432,763,False
2022-08-18 00:00:00+00:00,89.11,90.0,88.8,89.97,61113.0,89.639,458,False
2022-08-19 00:00:00+00:00,89.67,90.09,88.02,89.03,98771.0,89.082,679,False
2022-08-22 00:00:00+00:00,88.0,88.08,86.03,86.37,71407.0,86.788,586,False
2022-08-23 00:00:00+00:00,86.94,87.31,84.52,85.4,90908.0,86.132,645,False
2022-08-24 00:00:00+00:00,84.72,86.18,84.54,85.05,105062.0,85.267,654,False
2022-08-25 00:00:00+00:00,85.58,86.6,85.0,86.07,103285.0,86.059,699,False
2022-08-26 00:00:00+00:00,86.16,86.9,82.48,82.6,83896.0,83.475,708,False
2022-08-29 00:00:00+00:00,82.03,83.28,81.51,82.42,135379.0,82.489,1104,False
2022-08-30 00:00:00+00:00,82.76,83.05,80.79,81.13,97102.0,81.395,740,False
2022-08-31 00:00:00+00:00,81.7,81.81,79.06,79.39,107210.0,79.629,749,False
2022-09-01 00:00:00+00:00,79.0,79.67,78.27,78.87,122997.0,78.919,1032,False
2022-09-02 00:00:00+00:00,79.19,81.93,76.66,77.11,72647.0,77.851,639,False
2022-09-06 00:00:00+00:00,77.23,77.23,75.15,75.57,128527.0,75.924,899,False
2022-09-07 00:00:00+00:00,75.61,75.88,73.93,75.36,146534.0,74.704,1174,False
2022-09-08 00:00:00+00:00,74.78,76.3,73.42,75.9,107347.0,75.35,840,False
2022-09-09 00:00:00+00:00,76.67,77.84,76.0,77.75,114642.0,77.414,718,False
2022-09-12 00:00:00+00:00,78.47,79.46,77.69,78.39,106033.0,78.307,881,False
2022-09-13 00:00:00+00:00,76.29,76.38,73.37,73.72,97065.0,74.421,775,False
2022-09-14 00:00:00+00:00,73.64,74.24,71.93,72.69,128100.0,73.077,1086,False
2022-09-15 00:00:00+00:00,72.34,74.63,72.34,73.39,119128.0,73.682,907,False
2022-09-16 00:00:00+00:00,72.69,73.91,71.56,73.45,278394.0,72.826,1794,False
2022-09-19 00:00:00+00:00,73.0,75.69,72.52,75.38,101153.0,74.959,704,False
2022-09-20 00:00:00+00:00,74.38,74.38,72.45,73.63,133340.0,73.417,1148,False
2022-09-21 00:00:00+00:00,74.26,75.78,73.58,73.7,137349.0,74.581,1135,False
2022-09-22 00:00:00+00:00,73.1,73.49,71.1,71.5,118998.0,71.873,906,False
2022-09-23 00:00:00+00:00,70.77,71.3,69.05,69.6,113863.0,69.789,910,False
2022-09-26 00:00:00+00:00,69.37,69.95,67.85,68.36,107657.0,68.808,799,False
2022-09-27 00:00:00+00:00,69.15,70.31,67.79,68.71,135476.0,69.014,960,False
2022-09-28 00:00:00+00:00,69.23,72.58,69.0,72.34,239097.0,70.76,1614,False
2022-09-29 00:00:00+00:00,71.07,72.09,70.5,72.02,166158.0,71.468,1339,False
2022-09-30 00:00:00+00:00,72.16,73.97,71.96,72.16,112022.0,72.706,966,False
2022-10-03 00:00:00+00:00,73.65,75.15,72.83,74.69,81787.0,74.431,637,False
2022-10-04 00:00:00+00:00,75.79,77.51,75.65,76.81,80475.0,76.798,689,False
2022-10-05 00:00:00+00:00,75.65,76.89,74.79,75.43,98893.0,75.705,810,False
2022-10-06 00:00:00+00:00,75.07,76.18,74.76,75.3,89467.0,75.58,729,False
2022-10-07 00:00:00+00:00,74.54,74.9,72.22,72.53,71461.0,72.925,648,False
2022-10-10 00:00:00+00:00,73.21,75.08,72.84,74.53,59083.0,74.54,524,False
2022-10-11 00:00:00+00:00,73.86,75.38,73.55,74.63,173670.0,74.44,918,False
2022-10-12 00:00:00+00:00,74.47,74.47,72.21,72.86,98905.0,73.099,844,False
2022-10-13 00:00:00+00:00,71.37,73.19,69.77,72.87,171512.0,72.445,1328,False
2022-10-14 00:00:00+00:00,73.26,74.01,69.77,70.19,83956.0,70.962,709,False
2022-10-17 00:00:00+00:00,71.64,73.3,71.45,72.55,84939.0,72.194,552,False
2022-10-18 00:00:00+00:00,74.32,75.39,73.55,74.25,75367.0,74.211,633,False
2022-10-19 00:00:00+00:00,73.3,73.95,70.85,71.64,115445.0,71.968,862,False
2022-10-20 00:00:00+00:00,71.42,71.77,69.54,69.65,134529.0,70.41,1049,False
2022-10-21 00:00:00+00:00,72.82,73.52,67.12,68.27,423749.0,68.873,2690,False
2022-10-24 00:00:00+00:00,68.64,69.28,67.16,67.31,290388.0,67.762,2285,False
2022-10-25 00:00:00+00:00,67.83,70.0,67.73,69.46,221262.0,69.154,1551,False
2022-10-26 00:00:00+00:00,69.83,71.99,68.75,70.09,130191.0,70.72,987,False
2022-10-27 00:00:00+00:00,70.41,72.06,70.2,70.28,103376.0,70.808,876,False
2022-10-28 00:00:00+00:00,70.2,72.3,69.91,72.15,69359.0,71.496,606,False
2022-10-31 00:00:00+00:00,71.19,71.94,70.43,71.23,125912.0,71.251,859,False
2022-11-01 00:00:00+00:00,71.93,72.25,70.0,71.58,110311.0,71.031,788,False
2022-11-02 00:00:00+00:00,71.6,72.3,68.96,68.98,98050.0,70.507,836,False
2022-11-03 00:00:00+00:00,67.75,68.98,66.16,67.75,89869.0,67.874,625,False
2022-11-04 00:00:00+00:00,68.71,69.59,67.62,68.96,72268.0,68.655,559,False
2022-11-07 00:00:00+00:00,69.65,70.38,68.69,70.2,52485.0,69.747,409,False
2022-11-08 00:00:00+00:00,70.93,72.25,70.64,71.3,72381.0,71.381,582,False
2022-11-09 00:00:00+00:00,70.54,71.73,70.38,71.24,134678.0,71.144,1085,False
2022-11-10 00:00:00+00:00,74.48,79.17,74.48,78.41,133776.0,78.021,1068,False
2022-11-11 00:00:00+00:00,78.42,80.53,78.0,80.05,128231.0,79.811,1025,False
2022-11-14 00:00:00+00:00,79.02,79.51,77.59,78.12,110540.0,78.722,972,False
2022-11-15 00:00:00+00:00,79.05,81.01,79.05,79.28,60073.0,79.912,410,False
2022-11-16 00:00:00+00:00,78.99,79.47,77.64,78.98,89402.0,78.844,686,False
2022-11-17 00:00:00+00:00,77.07,77.63,76.5,77.32,77506.0,76.947,602,False
2022-11-18 00:00:00+00:00,78.61,79.61,78.32,78.99,85156.0,78.789,518,False
2022-11-21 00:00:00+00:00,78.61,79.48,78.34,78.88,44123.0,78.983,360,False
2022-11-22 00:00:00+00:00,79.57,81.5,79.44,81.39,102916.0,80.846,735,False
2022-11-23 00:00:00+00:00,81.26,82.0,80.68,80.85,60111.0,81.245,407,False
2022-11-25 00:00:00+00:00,80.99,81.87,80.67,81.56,25772.0,81.468,178,False
2022-11-28 00:00:00+00:00,80.7,81.85,79.64,80.24,168886.0,80.964,1197,False
2022-11-29 00:00:00+00:00,79.99,81.55,79.99,80.82,57058.0,81.02,452,False
2022-11-30 00:00:00+00:00,80.08,82.11,78.55,81.86,96068.0,80.949,736,False
2022-12-01 00:00:00+00:00,83.13,84.83,82.62,83.51,84155.0,83.351,682,False
2022-12-02 00:00:00+00:00,82.11,84.05,80.5,83.21,69770.0,83.141,596,False
2022-12-05 00:00:00+00:00,82.1,82.1,80.35,81.52,74900.0,81.28,657,False
2022-12-06 00:00:00+00:00,81.66,81.66,77.95,79.01,96574.0,79.285,765,False
2022-12-07 00:00:00+00:00,79.48,80.73,78.94,80.58,69846.0,79.929,520,False
2022-12-08 00:00:00+00:00,80.28,81.64,79.56,81.48,45151.0,81.055,386,False
2022-12-09 00:00:00+00:00,81.19,82.06,80.08,80.33,65287.0,80.876,508,False
2022-12-12 00:00:00+00:00,80.33,82.35,80.0,81.9,45783.0,81.596,333,False
2022-12-13 00:00:00+00:00,85.0,86.02,82.71,82.91,158983.0,83.715,1208,False
2022-12-14 00:00:00+00:00,82.65,83.66,81.6,82.06,90083.0,82.726,737,False
2022-12-15 00:00:00+00:00,80.85,81.09,78.65,80.59,150261.0,79.967,1145,False
2022-12-16 00:00:00+00:00,79.3,80.69,78.03,79.5,189487.0,79.255,740,False
2022-12-19 00:00:00+00:00,79.5,80.31,78.34,78.66,108241.0,78.873,669,False
2022-12-20 00:00:00+00:00,78.5,79.57,78.06,79.06,92004.0,79.114,742,False
2022-12-21 00:00:00+00:00,79.81,80.97,78.99,80.75,114953.0,80.449,973,False
2022-12-22 00:00:00+00:00,79.78,79.78,77.15,78.55,84048.0,78.339,701,False
2022-12-23 00:00:00+00:00,78.9,79.08,77.93,79.07,62473.0,78.619,526,False
2022-12-27 00:00:00+00:00,79.03,80.42,78.4,80.17,83198.0,79.871,511,False
2022-12-28 00:00:00+00:00,80.67,81.0,77.41,77.5,37723.0,78.586,319,False
2022-12-29 00:00:00+00:00,77.68,80.09,77.68,79.78,87239.0,79.327,680,False
2022-12-30 00:00:00+00:00,79.16,79.71,78.0,79.25,61737.0,79.17,537,False
2023-01-03 00:00:00+00:00,79.94,80.92,79.34,79.66,97717.0,79.949,743,False
2023-01-04 00:00:00+00:00,80.5,81.6,80.31,81.3,74779.0,81.054,615,False
2023-01-05 00:00:00+00:00,80.79,80.79,79.15,79.41,67668.0,79.567,581,False
2023-01-06 00:00:00+00:00,80.75,82.6,79.45,82.46,59876.0,81.924,430,False
2023-01-09 00:00:00+00:00,83.38,83.52,81.56,82.11,60494.0,82.572,514,False
2023-01-10 00:00:00+00:00,81.93,83.11,81.4,83.08,42667.0,82.477,361,False
2023-01-11 00:00:00+00:00,83.74,85.18,83.32,85.12,76164.0,84.484,354,False
2023-01-12 00:00:00+00:00,85.51,86.14,84.09,85.93,77911.0,85.534,623,False
2023-01-13 00:00:00+00:00,85.27,87.41,84.58,86.81,56425.0,86.743,467,False
2023-01-17 00:00:00+00:00,86.49,87.23,86.11,86.25,57316.0,86.535,439,False
2023-01-18 00:00:00+00:00,86.95,87.79,85.23,85.43,96903.0,86.391,744,False
2023-01-19 00:00:00+00:00,85.2,85.2,83.29,84.25,70941.0,84.38,443,False
2023-01-20 00:00:00+00:00,84.72,86.67,83.86,86.49,85291.0,85.235,467,False
2023-01-23 00:00:00+00:00,86.78,88.53,86.55,88.09,82705.0,87.646,435,False
2023-01-24 00:00:00+00:00,88.2,88.96,87.45,87.81,55118.0,88.131,471,False
2023-01-25 00:00:00+00:00,86.96,89.29,86.42,88.96,92130.0,88.519,779,False
2023-01-26 00:00:00+00:00,89.95,90.77,88.5,89.5,79857.0,89.384,622,False
2023-01-27 00:00:00+00:00,89.44,91.0,88.78,90.71,36671.0,90.146,278,False
2023-01-30 00:00:00+00:00,89.8,90.83,89.5,89.6,54313.0,90.132,428,False
2023-01-31 00:00:00+00:00,90.07,93.64,90.07,93.55,101747.0,92.28,777,False
2023-02-01 00:00:00+00:00,93.3,97.26,92.4,96.33,170213.0,94.505,1264,False
2023-02-02 00:00:00+00:00,96.94,99.4,96.84,98.37,167224.0,98.535,1145,False
2023-02-03 00:00:00+00:00,97.15,98.82,96.54,97.32,106254.0,97.768,855,False
2023-02-06 00:00:00+00:00,96.17,96.83,94.75,95.74,67346.0,95.779,569,False
2023-02-07 00:00:00+00:00,95.3,97.33,91.19,96.81,146779.0,96.357,874,False
2023-02-08 00:00:00+00:00,95.82,96.5,94.23,94.82,69968.0,95.296,553,False
2023-02-09 00:00:00+00:00,95.91,96.45,94.38,94.61,46272.0,95.175,399,False
2023-02-10 00:00:00+00:00,94.59,94.99,93.69,94.29,69173.0,94.379,612,False
2023-02-13 00:00:00+00:00,94.89,97.12,93.78,96.94,95177.0,96.103,732,False
2023-02-14 00:00:00+00:00,96.37,96.97,94.78,96.82,67061.0,96.371,470,False
2023-02-15 00:00:00+00:00,95.67,97.46,95.37,96.24,86903.0,96.63,717,False
2023-02-16 00:00:00+00:00,94.43,95.63,93.76,94.27,140172.0,94.785,1164,False
2023-02-17 00:00:00+00:00,90.1,90.1,85.66,86.86,1229201.0,87.31,8334,False
2023-02-21 00:00:00+00:00,86.03,86.25,80.87,81.73,449233.0,82.456,3562,False
2023-02-22 00:00:00+00:00,84.16,84.19,80.62,83.63,1335153.0,83.36,10077,False
2023-02-23 00:00:00+00:00,84.33,85.55,84.06,85.28,358260.0,84.938,2828,False
2023-02-24 00:00:00+00:00,84.27,85.77,83.97,85.04,219478.0,85.172,1910,False
2023-02-27 00:00:00+00:00,86.0,86.49,85.05,86.13,223334.0,85.871,1787,False
2023-02-28 00:00:00+00:00,85.9,86.64,85.35,85.53,196381.0,86.062,1645,False
2023-03-01 00:00:00+00:00,85.56,85.73,84.61,85.59,164726.0,85.197,1343,False
2023-03-02 00:00:00+00:00,84.91,86.34,84.16,85.89,117115.0,85.743,863,False
2023-03-03 00:00:00+00:00,86.78,86.97,85.57,86.86,85116.0,86.506,709,False
2023-03-06 00:00:00+00:00,87.04,87.24,84.5,84.6,108280.0,85.222,895,False
2023-03-07 00:00:00+00:00,84.65,84.83,83.21,83.48,131943.0,83.753,1100,False
2023-03-08 00:00:00+00:00,84.08,84.39,83.06,84.09,126337.0,83.878,1082,False
2023-03-09 00:00:00+00:00,84.32,84.83,82.83,83.04,143746.0,83.662,1109,False
2023-03-10 00:00:00+00:00,83.04,83.04,78.73,79.15,199510.0,79.809,1665,False
2023-03-13 00:00:00+00:00,78.25,78.98,76.52,77.39,243572.0,77.848,2077,False
2023-03-14 00:00:00+00:00,79.48,80.35,78.09,79.18,237656.0,78.806,1924,False
2023-03-15 00:00:00+00:00,77.55,78.9,76.97,78.34,319279.0,78.104,2333,False
2023-03-16 00:00:00+00:00,77.97,80.43,77.46,79.28,276054.0,78.975,2306,False
2023-03-17 00:00:00+00:00,78.85,78.85,76.96,77.34,553885.0,77.865,3340,False
2023-03-20 00:00:00+00:00,78.48,79.38,77.98,78.32,101504.0,78.586,826,False
2023-03-21 00:00:00+00:00,79.54,80.57,78.98,79.62,126160.0,79.616,980,False
2023-03-22 00:00:00+00:00,79.37,79.7,76.93,77.04,93392.0,78.363,841,False
2023-03-23 00:00:00+00:00,77.39,78.5,75.78,76.62,191653.0,76.898,1414,False
2023-03-24 00:00:00+00:00,75.92,76.52,75.01,76.3,86102.0,75.931,740,False
2023-03-27 00:00:00+00:00,77.28,77.93,76.04,77.75,151107.0,77.375,1115,False
2023-03-28 00:00:00+00:00,77.85,78.92,77.13,77.68,105767.0,77.847,695,False
2023-03-29 00:00:00+00:00,78.57,78.85,77.24,78.04,110955.0,77.674,859,False
2023-03-30 00:00:00+00:00,78.89,79.24,77.18,77.25,72779.0,78.045,536,False
2023-03-31 00:00:00+00:00,77.96,79.72,77.75,79.47,144834.0,79.232,1267,False
2023-04-03 00:00:00+00:00,79.55,80.07,78.15,79.78,154417.0,79.353,1256,False
2023-04-04 00:00:00+00:00,80.17,80.17,76.12,76.56,100546.0,76.927,809,False
2023-04-05 00:00:00+00:00,76.06,76.78,75.65,76.67,204265.0,76.235,1699,False
2023-04-06 00:00:00+00:00,76.81,77.4,75.88,76.05,137869.0,76.303,1146,False
2023-04-10 00:00:00+00:00,75.7,77.88,75.7,77.51,94045.0,77.373,786,False
2023-04-11 00:00:00+00:00,77.1,79.22,77.1,78.91,99950.0,78.314,683,False
2023-04-12 00:00:00+00:00,79.62,80.0,77.97,78.3,55034.0,78.736,476,False
2023-04-13 00:00:00+00:00,78.92,79.22,77.5,78.95,54014.0,78.517,477,False
2023-04-14 00:00:00+00:00,78.65,79.76,77.71,78.56,76109.0,78.513,674,False
2023-04-17 00:00:00+00:00,78.25,79.83,78.25,79.63,85759.0,79.3,729,False
2023-04-18 00:00:00+00:00,80.14,80.69,78.92,79.74,114368.0,79.561,866,False
2023-04-19 00:00:00+00:00,79.66,80.45,79.11,80.06,100655.0,79.944,748,False
2023-04-20 00:00:00+00:00,79.68,81.51,79.68,80.93,129468.0,80.832,1041,False
2023-04-21 00:00:00+00:00,80.79,80.99,80.24,80.5,140292.0,80.589,1055,False
2023-04-24 00:00:00+00:00,80.53,81.06,79.78,80.11,90273.0,80.299,787,False
2023-04-25 00:00:00+00:00,79.53,80.21,78.19,78.19,120006.0,78.909,979,False
2023-04-26 00:00:00+00:00,78.02,79.48,76.01,76.18,159279.0,76.691,1315,False
2023-04-27 00:00:00+00:00,76.6,77.58,76.08,77.33,114482.0,77.058,946,False
2023-04-28 00:00:00+00:00,76.94,78.78,76.84,78.52,218314.0,78.312,1633,False
2023-05-01 00:00:00+00:00,78.75,79.5,78.47,79.36,168858.0,79.142,1129,False
2023-05-02 00:00:00+00:00,79.01,79.35,76.88,78.14,162718.0,78.064,1360,False
2023-05-03 00:00:00+00:00,81.44,84.02,80.15,82.26,468784.0,82.478,3872,False
2023-05-04 00:00:00+00:00,82.14,82.14,78.95,79.47,276128.0,79.644,2026,False
2023-05-05 00:00:00+00:00,80.93,81.5,80.27,81.43,415507.0,81.108,3379,False
2023-05-08 00:00:00+00:00,81.75,82.76,81.51,82.59,172559.0,82.219,1211,False
2023-05-09 00:00:00+00:00,82.34,83.53,82.14,82.73,90323.0,82.998,734,False
2023-05-10 00:00:00+00:00,83.9,84.48,82.62,83.5,133899.0,83.375,1005,False
2023-05-11 00:00:00+00:00,83.5,83.5,81.26,81.67,75862.0,81.91,647,False
2023-05-12 00:00:00+00:00,82.08,82.86,80.61,81.5,85259.0,81.558,647,False
2023-05-15 00:00:00+00:00,81.78,83.81,80.81,82.9,120412.0,82.649,905,False
2023-05-16 00:00:00+00:00,82.32,82.71,81.61,82.23,96386.0,82.232,779,False
2023-05-17 00:00:00+00:00,82.71,84.01,82.2,83.88,92731.0,83.39,808,False
2023-05-18 00:00:00+00:00,83.7,85.17,83.32,84.98,94591.0,84.434,638,False
2023-05-19 00:00:00+00:00,85.95,85.95,82.25,82.66,143635.0,83.543,1109,False
2023-05-22 00:00:00+00:00,82.99,83.56,82.19,82.86,108336.0,82.948,930,False
2023-05-23 00:00:00+00:00,82.52,83.1,80.94,81.88,106702.0,82.26,912,False
2023-05-24 00:00:00+00:00,81.85,81.91,80.13,80.34,84421.0,80.7,734,False
2023-05-25 00:00:00+00:00,80.18,81.19,79.76,80.53,94808.0,80.298,705,False
2023-05-26 00:00:00+00:00,80.69,81.25,80.07,80.79,53761.0,80.728,434,False
2023-05-30 00:00:00+00:00,81.11,81.64,80.51,81.15,105931.0,81.04,809,False
2023-05-31 00:00:00+00:00,80.92,81.3,78.02,78.1,122954.0,78.681,915,False
2023-06-01 00:00:00+00:00,78.25,79.38,77.47,79.26,113484.0,78.699,842,False
2023-06-02 00:00:00+00:00,80.18,84.09,80.18,84.0,122709.0,82.998,1029,False
2023-06-05 00:00:00+00:00,83.4,84.38,81.05,84.0,172530.0,83.5,1362,False
2023-06-06 00:00:00+00:00,83.74,88.3,83.74,87.94,160274.0,87.234,1169,False
2023-06-07 00:00:00+00:00,88.17,90.98,87.99,90.25,162117.0,90.273,1301,False
2023-06-08 00:00:00+00:00,89.76,90.2,88.38,88.46,138907.0,88.937,1135,False
2023-06-09 00:00:00+00:00,88.11,88.76,87.44,88.3,124066.0,88.15,989,False
2023-06-12 00:00:00+00:00,88.36,89.67,87.45,88.81,160796.0,88.902,1165,False
2023-06-13 00:00:00+00:00,89.29,91.1,89.1,90.43,116656.0,90.353,978,False
2023-06-14 00:00:00+00:00,90.53,91.82,87.54,88.36,152386.0,88.985,1084,False
2023-06-15 00:00:00+00:00,87.53,89.44,87.13,89.44,181730.0,88.379,1310,False
2023-06-16 00:00:00+00:00,89.89,89.92,88.34,89.27,230741.0,89.333,1071,False
2023-06-20 00:00:00+00:00,88.69,90.88,88.69,90.13,76244.0,90.159,572,False
2023-06-21 00:00:00+00:00,89.72,91.47,89.56,90.75,125890.0,90.751,1061,False
2023-06-22 00:00:00+00:00,90.7,91.31,89.5,89.98,170322.0,90.34,1252,False
2023-06-23 00:00:00+00:00,89.13,91.39,89.13,90.13,161727.0,90.571,1268,False
2023-06-26 00:00:00+00:00,90.43,92.33,90.43,91.56,79809.0,91.629,680,False
2023-06-27 00:00:00+00:00,92.11,94.94,91.99,94.4,92533.0,94.185,760,False
2023-06-28 00:00:00+00:00,94.28,95.19,93.89,95.17,103310.0,94.708,865,False
2023-06-29 00:00:00+00:00,95.64,97.36,95.5,97.0,120058.0,96.817,1024,False
2023-06-30 00:00:00+00:00,97.66,97.9,96.48,97.05,90116.0,97.345,731,False
2023-07-03 00:00:00+00:00,96.86,97.71,95.73,96.5,62742.0,96.731,499,False
2023-07-05 00:00:00+00:00,95.7,95.89,93.82,94.31,345581.0,94.692,2422,False
2023-07-06 00:00:00+00:00,93.12,93.35,90.77,91.28,170819.0,91.467,1262,False
2023-07-07 00:00:00+00:00,91.61,92.85,91.05,91.48,173374.0,91.902,1416,False
2023-07-10 00:00:00+00:00,91.42,94.22,90.83,93.72,77541.0,93.237,634,False
2023-07-11 00:00:00+00:00,94.16,95.05,93.76,94.61,70349.0,94.555,589,False
2023-07-12 00:00:00+00:00,96.23,97.75,95.58,96.89,70529.0,97.019,589,False
2023-07-13 00:00:00+00:00,96.9,99.0,96.62,98.94,77645.0,98.164,669,False
2023-07-14 00:00:00+00:00,98.37,99.76,98.07,99.61,198841.0,99.062,1591,False
2023-07-17 00:00:00+00:00,99.46,101.91,99.35,101.55,178465.0,101.144,1005,False
2023-07-18 00:00:00+00:00,101.57,103.38,101.57,102.85,175801.0,102.777,1374,False
2023-07-19 00:00:00+00:00,103.34,103.39,101.74,102.65,136851.0,102.625,1106,False
2023-07-20 00:00:00+00:00,103.28,103.28,100.8,101.36,182013.0,101.63,1537,False
2023-07-21 00:00:00+00:00,101.78,101.85,100.33,100.75,95459.0,101.251,559,False
2023-07-24 00:00:00+00:00,100.95,101.83,99.14,99.4,113090.0,99.809,900,False
2023-07-25 00:00:00+00:00,98.77,101.16,98.5,99.58,127204.0,100.066,1010,False
2023-07-26 00:00:00+00:00,100.69,102.0,99.52,101.71,96396.0,101.164,680,False
2023-07-27 00:00:00+00:00,102.4,103.24,100.7,101.31,92191.0,102.032,688,False
2023-07-28 00:00:00+00:00,102.59,102.84,101.69,101.83,64267.0,102.146,525,False
2023-07-31 00:00:00+00:00,101.88,102.78,100.9,102.76,56336.0,102.046,447,False
2023-08-01 00:00:00+00:00,102.68,103.81,102.45,103.35,102551.0,103.264,792,False
2023-08-02 00:00:00+00:00,101.95,103.59,101.79,102.42,70835.0,102.752,568,False
2023-08-03 00:00:00+00:00,102.0,102.93,97.56,101.57,182562.0,101.418,1528,False
2023-08-04 00:00:00+00:00,102.48,103.38,101.44,102.75,89800.0,102.827,743,False
2023-08-07 00:00:00+00:00,102.94,104.3,102.47,103.91,83186.0,103.734,689,False
2023-08-08 00:00:00+00:00,102.47,102.61,100.38,102.02,96177.0,101.916,790,False
2023-08-09 00:00:00+00:00,102.01,102.23,100.7,101.41,97023.0,101.564,726,False
2023-08-10 00:00:00+00:00,101.86,102.46,100.0,101.0,88083.0,101.002,714,False
2023-08-11 00:00:00+00:00,101.09,102.17,101.09,101.27,50947.0,101.555,438,False
2023-08-14 00:00:00+00:00,101.17,103.67,100.99,103.61,59380.0,102.816,492,False
2023-08-15 00:00:00+00:00,103.43,104.12,101.67,102.48,65677.0,102.548,500,False
2023-08-16 00:00:00+00:00,102.59,103.24,101.38,101.56,82915.0,102.157,670,False
2023-08-17 00:00:00+00:00,101.67,102.35,98.31,98.65,116318.0,99.464,879,False
2023-08-18 00:00:00+00:00,97.9,99.29,97.51,99.01,88196.0,98.703,672,False
2023-08-21 00:00:00+00:00,99.4,100.34,98.68,100.06,85833.0,99.65,658,False
2023-08-22 00:00:00+00:00,100.18,101.57,99.94,101.0,136012.0,100.859,931,False
2023-08-23 00:00:00+00:00,101.55,102.52,100.44,102.12,51644.0,101.946,451,False
2023-08-24 00:00:00+00:00,101.62,102.44,100.7,100.92,89447.0,101.726,767,False
2023-08-25 00:00:00+00:00,101.0,102.0,99.36,101.04,119970.0,100.805,802,False
2023-08-28 00:00:00+00:00,101.5,103.31,101.47,102.52,64904.0,102.606,506,False
2023-08-29 00:00:00+00:00,101.81,104.29,101.57,103.88,84313.0,103.653,710,False
2023-08-30 00:00:00+00:00,103.79,104.93,103.29,104.28,81440.0,104.188,651,False
2023-08-31 00:00:00+00:00,103.93,105.06,103.77,104.35,99712.0,104.363,602,False
2023-09-01 00:00:00+00:00,105.0,107.57,104.99,107.31,84215.0,106.982,639,False
2023-09-05 00:00:00+00:00,106.11,106.11,99.87,101.9,176150.0,101.706,1464,False
2023-09-06 00:00:00+00:00,102.0,104.19,101.94,102.8,130021.0,102.868,1120,False
2023-09-07 00:00:00+00:00,102.56,102.81,101.34,101.89,143343.0,102.148,1242,False
2023-09-08 00:00:00+00:00,101.54,102.48,101.01,101.42,96688.0,101.698,828,False
2023-09-11 00:00:00+00:00,102.24,104.3,102.24,103.25,109217.0,103.382,753,False
2023-09-12 00:00:00+00:00,102.91,103.38,101.66,102.23,84315.0,102.233,590,False
2023-09-13 00:00:00+00:00,102.3,102.34,99.95,101.39,95624.0,101.276,724,False
2023-09-14 00:00:00+00:00,102.52,103.32,101.87,102.88,79405.0,102.526,632,False
2023-09-15 00:00:00+00:00,102.77,103.22,101.41,102.3,219912.0,102.315,994,False
2023-09-18 00:00:00+00:00,102.66,103.14,101.89,102.11,201079.0,102.081,679,False
2023-09-19 00:00:00+00:00,102.16,103.08,101.67,102.39,120516.0,102.336,779,False
2023-09-20 00:00:00+00:00,102.9,104.54,101.52,101.66,171973.0,102.35,819,False
2023-09-21 00:00:00+00:00,101.08,102.74,100.26,101.49,93351.0,101.736,613,False
2023-09-22 00:00:00+00:00,101.83,102.32,100.45,101.2,126731.0,101.233,921,False
2023-09-25 00:00:00+00:00,101.03,102.41,100.63,102.06,74349.0,101.913,470,False
2023-09-26 00:00:00+00:00,101.62,102.24,100.56,100.61,133258.0,101.176,886,False
2023-09-27 00:00:00+00:00,101.33,102.19,100.8,101.66,119149.0,101.561,756,False
2023-09-28 00:00:00+00:00,101.41,104.11,101.41,103.74,82199.0,103.204,624,False
2023-09-29 00:00:00+00:00,104.2,104.2,102.13,102.4,84734.0,102.984,724,False
2023-10-02 00:00:00+00:00,101.78,102.48,101.12,101.94,121864.0,101.655,715,False
2023-10-03 00:00:00+00:00,101.34,102.36,99.51,100.19,205263.0,100.353,1172,False
2023-10-04 00:00:00+00:00,100.45,101.42,99.31,100.75,153943.0,100.665,741,False
2023-10-05 00:00:00+00:00,100.89,101.51,100.11,101.0,144246.0,100.911,1064,False
2023-10-06 00:00:00+00:00,100.1,102.04,99.43,100.65,75489.0,100.858,588,False
2023-10-09 00:00:00+00:00,100.17,102.03,99.79,101.32,111965.0,101.03,539,False
2023-10-10 00:00:00+00:00,101.32,103.75,101.04,103.01,144597.0,102.842,709,False
2023-10-11 00:00:00+00:00,103.01,104.74,103.01,104.44,68114.0,104.086,526,False
2023-10-12 00:00:00+00:00,104.18,104.18,97.53,98.19,288208.0,99.4,1403,False
2023-10-13 00:00:00+00:00,98.19,98.81,96.72,97.8,150434.0,97.799,946,False
2023-10-16 00:00:00+00:00,99.36,100.81,98.75,100.51,176010.0,100.021,1081,False
2023-10-17 00:00:00+00:00,100.14,101.82,100.04,100.57,153975.0,100.803,1111,False
2023-10-18 00:00:00+00:00,99.87,99.87,97.24,97.3,158156.0,98.097,1002,False
2023-10-19 00:00:00+00:00,97.22,97.6,95.2,96.1,298963.0,95.831,1200,False
2023-10-20 00:00:00+00:00,96.53,96.85,94.64,94.83,194885.0,95.594,1296,False
2023-10-23 00:00:00+00:00,94.77,96.82,94.67,96.17,172833.0,96.171,1051,False
2023-10-24 00:00:00+00:00,97.14,97.94,94.89,95.0,162841.0,95.396,1138,False
2023-10-25 00:00:00+00:00,94.43,94.65,92.47,92.72,168429.0,93.193,1294,False
2023-10-26 00:00:00+00:00,93.68,95.66,92.82,94.63,153628.0,94.589,812,False
2023-10-27 00:00:00+00:00,94.66,94.98,93.34,94.29,122281.0,94.355,873,False
2023-10-30 00:00:00+00:00,95.46,96.53,94.88,96.18,167337.0,95.756,1026,False
2023-10-31 00:00:00+00:00,94.07,96.22,92.37,95.17,306581.0,95.413,2499,False
2023-11-01 00:00:00+00:00,92.98,95.85,90.62,95.78,214163.0,94.172,1708,False
2023-11-02 00:00:00+00:00,97.69,98.94,96.72,98.5,151157.0,98.076,1276,False
2023-11-03 00:00:00+00:00,100.25,104.17,100.18,103.59,194636.0,103.1,1479,False
2023-11-06 00:00:00+00:00,102.9,103.03,101.06,101.98,166316.0,101.892,1321,False
2023-11-07 00:00:00+00:00,101.85,103.53,101.33,102.83,141033.0,102.813,1050,False
2023-11-08 00:00:00+00:00,103.23,103.67,101.66,101.82,95256.0,102.125,868,False
2023-11-09 00:00:00+00:00,102.6,102.6,100.25,100.54,134968.0,101.087,1113,False
2023-11-10 00:00:00+00:00,101.33,103.19,100.4,103.0,118263.0,102.189,941,False
2023-11-13 00:00:00+00:00,102.49,103.45,101.79,102.46,98942.0,102.851,754,False
2023-11-14 00:00:00+00:00,106.51,112.78,106.3,112.67,204572.0,110.99,1557,False
2023-11-15 00:00:00+00:00,112.44,114.12,109.79,110.53,229796.0,111.595,1676,False
2023-11-16 00:00:00+00:00,110.41,111.59,109.8,109.86,157064.0,110.571,973,False
2023-11-17 00:00:00+00:00,110.37,111.37,109.77,110.58,113971.0,110.494,695,False
2023-11-20 00:00:00+00:00,110.24,110.71,109.59,110.29,71195.0,110.303,586,False
2023-11-21 00:00:00+00:00,109.84,109.95,108.91,109.12,73428.0,109.374,542,False
2023-11-22 00:00:00+00:00,110.0,111.5,109.68,110.63,49564.0,110.548,329,False
2023-11-24 00:00:00+00:00,109.85,110.9,109.85,110.78,46520.0,110.531,296,False
2023-11-27 00:00:00+00:00,110.75,112.03,110.25,111.48,96244.0,111.574,750,False
2023-11-28 00:00:00+00:00,111.09,111.09,108.97,109.24,86541.0,109.745,718,False
2023-11-29 00:00:00+00:00,110.94,111.69,110.22,110.93,87121.0,110.877,729,False
2023-11-30 00:00:00+00:00,110.73,110.86,109.16,109.63,109323.0,109.873,906,False
2023-12-01 00:00:00+00:00,109.03,113.39,108.41,112.94,154979.0,111.894,1250,False
2023-12-04 00:00:00+00:00,113.0,114.09,112.03,113.68,133092.0,113.0,919,False
2023-12-05 00:00:00+00:00,113.55,114.24,112.5,113.69,97173.0,113.422,599,False
2023-12-06 00:00:00+00:00,114.89,116.62,113.93,114.06,142941.0,115.545,1204,False
2023-12-07 00:00:00+00:00,114.06,114.29,113.23,114.06,35583.0,113.775,294,False
2023-12-08 00:00:00+00:00,113.97,115.97,113.47,114.13,71245.0,114.428,593,False
2023-12-11 00:00:00+00:00,113.72,114.95,113.42,114.64,51037.0,114.495,338,False
2023-12-12 00:00:00+00:00,114.72,114.72,112.94,113.4,69987.0,113.621,568,False
2023-12-13 00:00:00+00:00,113.75,118.01,111.33,117.85,238726.0,114.419,1749,False
2023-12-14 00:00:00+00:00,119.99,125.28,118.5,124.24,295019.0,122.612,1893,False
2023-12-15 00:00:00+00:00,125.63,126.55,123.2,123.36,313094.0,125.037,1134,False
2023-12-18 00:00:00+00:00,123.78,123.78,119.66,121.19,164775.0,120.898,1302,False
2023-12-19 00:00:00+00:00,122.64,125.75,122.28,125.1,126385.0,124.749,1017,False
2023-12-20 00:00:00+00:00,125.61,127.11,122.98,123.21,101118.0,125.265,848,False
2023-12-21 00:00:00+00:00,124.69,124.83,123.1,124.47,69681.0,124.082,551,False
2023-12-22 00:00:00+00:00,125.82,126.66,124.96,126.01,59229.0,125.96,437,False
2023-12-26 00:00:00+00:00,126.4,127.72,125.96,127.3,34171.0,127.204,239,False
2023-12-27 00:00:00+00:00,127.61,128.65,127.25,127.4,59133.0,127.757,456,False
2023-12-28 00:00:00+00:00,127.53,127.57,126.41,127.14,41682.0,126.978,302,False
2023-12-29 00:00:00+00:00,126.8,127.26,125.07,125.55,46010.0,126.031,341,False
2024-01-02 00:00:00+00:00,123.69,125.15,122.74,123.56,69255.0,123.71,449,False
2024-01-03 00:00:00+00:00,121.55,121.55,119.03,119.11,86299.0,120.325,689,False
2024-01-04 00:00:00+00:00,119.32,119.76,118.03,118.45,57437.0,118.886,435,False
2024-01-05 00:00:00+00:00,117.35,120.52,117.35,118.18,56353.0,118.508,484,False
2024-01-08 00:00:00+00:00,118.57,120.63,118.22,120.54,95629.0,119.982,719,False
2024-01-09 00:00:00+00:00,118.71,119.07,117.88,118.65,63339.0,118.608,509,False
2024-01-10 00:00:00+00:00,118.45,119.76,117.8,119.61,60632.0,118.892,488,False
2024-01-11 00:00:00+00:00,118.85,119.56,116.81,118.76,48635.0,118.236,351,False
2024-01-12 00:00:00+00:00,120.11,120.11,115.82,116.67,90185.0,117.109,781,False
2024-01-16 00:00:00+00:00,115.56,116.28,114.57,115.99,89918.0,115.37,656,False
2024-01-17 00:00:00+00:00,113.97,115.58,111.46,114.22,65308.0,114.248,481,False
2024-01-18 00:00:00+00:00,115.35,116.23,114.12,115.81,55242.0,115.37,407,False
2024-01-19 00:00:00+00:00,116.22,116.51,114.06,116.32,52928.0,115.625,368,False
2024-01-22 00:00:00+00:00,117.7,118.35,116.98,117.69,85150.0,117.594,636,False
2024-01-23 00:00:00+00:00,117.99,118.16,113.12,113.25,94051.0,114.262,798,False
2024-01-24 00:00:00+00:00,115.03,115.1,111.22,112.2,95401.0,112.714,796,False
2024-01-25 00:00:00+00:00,114.57,114.91,113.25,114.13,107745.0,114.082,899,False
2024-01-26 00:00:00+00:00,114.89,115.27,113.09,113.91,83958.0,113.972,665,False
2024-01-29 00:00:00+00:00,114.62,116.32,113.81,116.25,78321.0,115.293,550,False
2024-01-30 00:00:00+00:00,116.25,117.17,115.58,116.89,53195.0,116.561,422,False
2024-01-31 00:00:00+00:00,116.99,116.99,113.33,113.45,85915.0,115.091,706,False
2024-02-01 00:00:00+00:00,114.63,116.51,113.46,116.27,55263.0,115.287,408,False
2024-02-02 00:00:00+00:00,114.35,115.94,112.43,115.18,66808.0,114.115,534,False
2024-02-05 00:00:00+00:00,113.8,113.8,111.09,112.63,56109.0,112.683,477,False
2024-02-06 00:00:00+00:00,112.63,115.5,112.44,115.49,84991.0,114.508,711,False
2024-02-07 00:00:00+00:00,116.38,117.79,115.7,116.12,81261.0,116.785,577,False
2024-02-08 00:00:00+00:00,116.13,118.02,116.13,117.44,127370.0,117.38,977,False
2024-02-09 00:00:00+00:00,117.44,119.37,116.66,118.9,155432.0,117.972,1172,False
2024-02-12 00:00:00+00:00,119.42,121.89,119.42,121.49,93996.0,121.137,712,False
2024-02-13 00:00:00+00:00,116.79,117.26,114.04,114.85,119075.0,115.412,969,False
2024-02-14 00:00:00+00:00,117.03,117.93,115.76,117.62,83668.0,117.27,744,False
2024-02-15 00:00:00+00:00,119.01,120.2,118.06,119.76,81547.0,119.318,697,False
2024-02-16 00:00:00+00:00,118.24,120.76,117.6,118.63,144806.0,119.444,816,False
2024-02-20 00:00:00+00:00,112.78,113.91,108.0,110.06,297100.0,109.991,2196,False
2024-02-21 00:00:00+00:00,110.78,110.91,108.36,110.11,150633.0,109.807,1127,False
2024-02-22 00:00:00+00:00,110.5,111.65,109.45,111.35,182353.0,110.489,1331,False
2024-02-23 00:00:00+00:00,111.17,112.47,110.45,111.87,115671.0,111.563,859,False
2024-02-26 00:00:00+00:00,110.77,112.39,110.33,111.41,80940.0,111.167,552,False
2024-02-27 00:00:00+00:00,112.47,113.69,111.68,113.49,102210.0,112.579,799,False
2024-02-28 00:00:00+00:00,112.09,113.71,112.04,113.33,50322.0,113.101,406,False
2024-02-29 00:00:00+00:00,114.45,114.91,113.04,114.63,63319.0,114.185,439,False
2024-03-01 00:00:00+00:00,114.35,116.15,113.53,115.96,51434.0,115.425,417,False
2024-03-04 00:00:00+00:00,116.27,118.72,115.03,115.65,71125.0,116.361,576,False
2024-03-05 00:00:00+00:00,115.37,116.04,113.65,113.93,140474.0,114.794,1003,False
2024-03-06 00:00:00+00:00,115.11,115.11,112.91,113.74,126552.0,113.6,895,False
2024-03-07 00:00:00+00:00,114.19,116.02,114.19,115.1,88834.0,115.341,474,False
2024-03-08 00:00:00+00:00,116.33,118.19,115.23,115.23,86494.0,116.387,710,False
2024-03-11 00:00:00+00:00,114.23,114.23,111.21,113.33,120983.0,112.849,989,False
2024-03-12 00:00:00+00:00,112.95,114.34,112.22,113.46,80118.0,113.559,635,False
2024-03-13 00:00:00+00:00,113.34,116.06,113.16,115.09,81993.0,114.439,461,False
2024-03-14 00:00:00+00:00,114.19,114.84,112.76,113.99,136823.0,113.226,893,False
2024-03-15 00:00:00+00:00,113.27,116.5,110.65,115.62,325640.0,114.817,1682,False
2024-03-18 00:00:00+00:00,116.0,116.41,114.02,114.23,127152.0,114.904,785,False
2024-03-19 00:00:00+00:00,114.12,117.0,114.12,116.81,67175.0,116.145,450,False
2024-03-20 00:00:00+00:00,116.81,119.6,116.29,118.82,61614.0,117.87,505,False
2024-03-21 00:00:00+00:00,120.1,123.25,119.61,121.72,102505.0,121.972,781,False
2024-03-22 00:00:00+00:00,121.19,121.38,119.03,119.13,70374.0,119.613,558,False
2024-03-25 00:00:00+00:00,119.15,119.62,118.25,118.36,56601.0,118.813,397,False
2024-03-26 00:00:00+00:00,119.36,119.78,117.81,117.9,76845.0,118.502,631,False
2024-03-27 00:00:00+00:00,118.93,121.93,118.93,121.79,91248.0,120.942,707,False
2024-03-28 00:00:00+00:00,121.77,123.44,121.5,123.01,80278.0,122.693,662,False
2024-04-01 00:00:00+00:00,123.01,123.44,119.87,119.9,53939.0,121.066,381,False
2024-04-02 00:00:00+00:00,117.9,118.64,116.64,118.42,100027.0,117.793,797,False
2024-04-03 00:00:00+00:00,118.14,121.57,118.03,121.54,111797.0,120.766,822,False
2024-04-04 00:00:00+00:00,123.05,123.05,118.1,118.21,122976.0,120.401,942,False
2024-04-05 00:00:00+00:00,118.4,120.02,117.94,118.81,50590.0,119.037,397,False
2024-04-08 00:00:00+00:00,119.68,119.88,118.88,119.13,47596.0,119.404,363,False
2024-04-09 00:00:00+00:00,119.14,120.31,117.48,119.64,53836.0,118.834,395,False
2024-04-10 00:00:00+00:00,115.33,116.76,114.29,114.7,171100.0,115.051,1003,False
2024-04-11 00:00:00+00:00,115.38,117.11,114.62,116.93,60741.0,116.147,499,False
2024-04-12 00:00:00+00:00,115.68,116.71,114.84,115.67,86491.0,115.357,600,False
2024-04-15 00:00:00+00:00,115.85,116.06,113.85,114.96,141107.0,114.912,1029,False
2024-04-16 00:00:00+00:00,113.81,114.85,112.26,113.82,105712.0,113.962,864,False
2024-04-17 00:00:00+00:00,115.16,115.38,111.57,111.64,80498.0,113.105,612,False
2024-04-18 00:00:00+00:00,112.7,114.08,110.34,110.65,164638.0,111.914,1224,False
2024-04-19 00:00:00+00:00,110.13,112.02,110.13,111.79,100356.0,111.09,787,False
2024-04-22 00:00:00+00:00,112.41,113.76,111.29,112.58,187406.0,112.783,1137,False
2024-04-23 00:00:00+00:00,112.58,114.97,112.58,114.02,123059.0,114.168,817,False
2024-04-24 00:00:00+00:00,113.72,115.05,112.55,113.68,107325.0,113.458,722,False
2024-04-25 00:00:00+00:00,112.02,112.85,109.58,112.55,189143.0,111.268,1537,False
2024-04-26 00:00:00+00:00,112.94,114.39,112.59,113.64,62189.0,113.657,508,False
2024-04-29 00:00:00+00:00,113.99,115.89,113.99,115.79,134709.0,115.206,851,False
2024-04-30 00:00:00+00:00,113.64,115.36,112.51,112.7,182068.0,113.942,1441,False
2024-05-01 00:00:00+00:00,111.64,116.34,111.01,113.0,105547.0,112.899,838,False
2024-05-02 00:00:00+00:00,114.91,115.6,112.27,115.49,107923.0,114.45,870,False
2024-05-03 00:00:00+00:00,118.37,118.82,115.59,116.65,63137.0,116.928,524,False
2024-05-06 00:00:00+00:00,118.36,119.8,117.3,117.98,140532.0,118.342,856,False
2024-05-07 00:00:00+00:00,118.0,118.11,116.21,116.82,117286.0,117.284,935,False
2024-05-08 00:00:00+00:00,116.22,118.88,116.04,118.78,112898.0,117.888,867,False
2024-05-09 00:00:00+00:00,118.56,119.39,117.38,119.01,138743.0,118.852,1023,False
2024-05-10 00:00:00+00:00,118.87,119.23,117.32,118.08,76865.0,118.132,611,False
2024-05-13 00:00:00+00:00,119.36,120.0,118.59,118.83,52788.0,119.019,424,False
2024-05-14 00:00:00+00:00,120.41,121.38,119.82,121.28,80514.0,120.752,640,False
2024-05-15 00:00:00+00:00,123.14,124.22,121.98,124.0,71685.0,123.224,565,False
2024-05-16 00:00:00+00:00,123.67,123.67,119.26,119.48,100056.0,120.405,769,False
2024-05-17 00:00:00+00:00,119.59,120.02,118.56,119.92,88454.0,119.383,607,False
2024-05-20 00:00:00+00:00,119.92,121.22,119.22,120.16,67724.0,120.399,480,False
2024-05-21 00:00:00+00:00,119.64,120.82,118.45,120.48,44953.0,119.832,387,False
2024-05-22 00:00:00+00:00,119.63,120.43,118.84,119.58,50937.0,119.653,432,False
2024-05-23 00:00:00+00:00,119.94,120.17,117.36,118.46,118531.0,118.164,833,False
2024-05-24 00:00:00+00:00,119.09,120.44,118.34,120.14,56665.0,119.641,401,False
2024-05-28 00:00:00+00:00,120.58,121.03,116.3,117.11,58324.0,118.055,431,False
2024-05-29 00:00:00+00:00,115.73,116.45,114.71,115.36,102156.0,115.332,600,False
2024-05-30 00:00:00+00:00,116.47,118.32,116.3,118.01,68385.0,117.541,503,False
2024-05-31 00:00:00+00:00,118.12,119.63,117.05,119.48,62329.0,118.32,524,False
2024-06-03 00:00:00+00:00,120.0,120.0,115.8,116.51,50805.0,117.102,341,False
2024-06-04 00:00:00+00:00,115.6,116.49,114.67,114.74,76420.0,115.366,579,False
2024-06-05 00:00:00+00:00,115.09,116.02,114.28,115.63,39443.0,115.4,294,False
2024-06-06 00:00:00+00:00,115.11,115.5,114.29,115.19,75347.0,115.027,444,False
2024-06-07 00:00:00+00:00,114.0,114.75,113.14,113.8,65126.0,114.163,487,False
2024-06-10 00:00:00+00:00,112.3,115.26,112.23,115.26,89759.0,114.35,604,False
2024-06-11 00:00:00+00:00,114.05,114.42,112.88,114.35,60718.0,113.925,475,False
2024-06-12 00:00:00+00:00,118.35,121.56,117.19,117.54,102729.0,119.271,766,False
2024-06-13 00:00:00+00:00,117.19,117.19,114.58,116.5,59764.0,115.758,423,False
2024-06-14 00:00:00+00:00,114.63,114.75,113.19,114.47,60382.0,114.207,406,False
2024-06-17 00:00:00+00:00,113.93,115.33,113.07,115.21,92147.0,114.134,620,False
2024-06-18 00:00:00+00:00,115.14,116.28,114.5,115.02,67956.0,115.444,438,False
2024-06-20 00:00:00+00:00,114.61,115.58,114.1,115.39,122000.0,114.966,918,False
2024-06-21 00:00:00+00:00,115.59,116.44,113.99,116.08,225547.0,115.511,1044,False
2024-06-24 00:00:00+00:00,116.53,117.41,115.72,115.99,82671.0,116.478,455,False
2024-06-25 00:00:00+00:00,115.62,115.62,110.04,110.65,170107.0,111.501,1267,False
2024-06-26 00:00:00+00:00,109.84,111.24,108.85,109.37,266492.0,109.751,1737,False
2024-06-27 00:00:00+00:00,109.99,110.6,108.78,109.28,132772.0,109.363,1022,False
2024-06-28 00:00:00+00:00,110.14,112.49,109.63,112.0,280616.0,111.452,1797,False
2024-07-01 00:00:00+00:00,112.17,113.04,110.28,110.32,202908.0,111.026,1072,False
2024-07-02 00:00:00+00:00,110.25,111.24,109.32,109.81,108394.0,110.443,703,False
2024-07-03 00:00:00+00:00,110.48,111.3,109.32,109.41,33400.0,109.863,235,False
2024-07-05 00:00:00+00:00,109.1,109.31,107.49,107.65,77582.0,107.845,514,False
2024-07-08 00:00:00+00:00,108.44,109.12,107.99,108.75,84884.0,108.57,475,False
2024-07-09 00:00:00+00:00,108.44,109.32,107.96,108.07,103114.0,108.533,560,False
2024-07-10 00:00:00+00:00,108.57,110.15,108.35,109.99,70044.0,109.193,385,False
2024-07-11 00:00:00+00:00,112.61,116.91,112.61,116.59,130342.0,115.869,825,False
2024-07-12 00:00:00+00:00,117.9,119.75,117.51,117.77,87382.0,118.554,669,False
2024-07-15 00:00:00+00:00,119.25,120.42,117.34,117.68,87239.0,118.545,623,False
2024-07-16 00:00:00+00:00,119.73,125.88,119.63,125.69,74061.0,124.071,576,False
2024-07-17 00:00:00+00:00,124.67,127.1,123.76,124.68,94384.0,125.417,744,False
2024-07-18 00:00:00+00:00,124.28,128.08,121.53,121.57,107551.0,123.51,856,False
2024-07-19 00:00:00+00:00,121.97,122.96,120.29,120.86,51017.0,121.275,340,False
2024-07-22 00:00:00+00:00,121.2,123.67,119.8,123.29,54948.0,122.115,361,False
2024-07-23 00:00:00+00:00,122.33,124.67,121.02,122.7,66068.0,123.22,488,False
2024-07-24 00:00:00+00:00,121.93,124.07,119.06,119.28,71496.0,121.433,571,False
2024-07-25 00:00:00+00:00,120.61,127.69,119.61,125.04,115927.0,124.787,785,False
2024-07-26 00:00:00+00:00,127.4,130.55,126.91,128.83,82388.0,128.31,530,False
2024-07-29 00:00:00+00:00,129.04,129.85,127.0,127.06,93924.0,127.726,707,False
2024-07-30 00:00:00+00:00,127.05,136.14,119.38,135.34,202338.0,132.956,1378,False
2024-07-31 00:00:00+00:00,135.96,136.93,131.13,131.93,166098.0,133.028,1212,False
2024-08-01 00:00:00+00:00,131.74,133.19,125.62,126.2,200721.0,128.172,1069,False
2024-08-02 00:00:00+00:00,121.19,122.32,118.74,121.98,64738.0,121.34,500,False
2024-08-05 00:00:00+00:00,116.23,118.88,113.42,117.13,79401.0,117.066,629,False
2024-08-06 00:00:00+00:00,116.87,120.83,115.53,119.42,54381.0,119.047,443,False
2024-08-07 00:00:00+00:00,120.82,121.23,116.37,116.98,37452.0,118.157,282,False
2024-08-08 00:00:00+00:00,118.32,118.9,116.98,118.11,36203.0,117.801,259,False
2024-08-09 00:00:00+00:00,118.27,119.45,117.02,117.64,57762.0,118.275,412,False
2024-08-12 00:00:00+00:00,117.8,118.3,115.17,116.01,35391.0,116.467,233,False
2024-08-13 00:00:00+00:00,116.84,119.05,115.9,118.64,38657.0,117.566,286,False
2024-08-14 00:00:00+00:00,119.13,119.13,116.84,117.78,39288.0,117.727,290,False
2024-08-15 00:00:00+00:00,121.37,122.05,119.38,121.05,49570.0,121.102,370,False
2024-08-16 00:00:00+00:00,120.06,122.02,118.41,118.83,62002.0,119.484,412,False
2024-08-19 00:00:00+00:00,118.82,120.19,117.73,119.37,42655.0,119.044,354,False
2024-08-20 00:00:00+00:00,119.58,120.18,117.93,118.36,58365.0,118.719,475,False
2024-08-21 00:00:00+00:00,119.78,120.94,118.51,120.89,29313.0,120.358,224,False
2024-08-22 00:00:00+00:00,120.46,120.82,118.49,119.14,41442.0,119.397,338,False
2024-08-23 00:00:00+00:00,119.89,125.51,119.89,125.02,79151.0,124.306,596,False
2024-08-26 00:00:00+00:00,126.18,127.0,124.14,124.56,48054.0,125.127,306,False
2024-08-27 00:00:00+00:00,122.93,122.93,120.6,121.44,45696.0,121.464,344,False
2024-08-28 00:00:00+00:00,121.26,121.71,120.21,121.02,57924.0,121.025,432,False
2024-08-29 00:00:00+00:00,122.34,122.39,120.02,120.64,52212.0,121.166,411,False
2024-08-30 00:00:00+00:00,121.54,121.8,119.75,121.67,51496.0,121.157,359,False
2024-09-03 00:00:00+00:00,121.06,122.0,116.36,116.54,53512.0,118.167,439,False
2024-09-04 00:00:00+00:00,116.15,116.92,114.82,115.41,45021.0,115.479,349,False
2024-09-05 00:00:00+00:00,115.68,115.68,112.94,113.82,61528.0,113.593,548,False
2024-09-06 00:00:00+00:00,114.27,116.49,112.43,113.03,50365.0,113.577,408,False
2024-09-09 00:00:00+00:00,112.97,113.78,111.68,112.81,76181.0,113.119,624,False
2024-09-10 00:00:00+00:00,113.07,114.33,111.81,114.21,57779.0,113.313,429,False
2024-09-11 00:00:00+00:00,113.49,113.83,110.42,113.44,56985.0,112.88,432,False
2024-09-12 00:00:00+00:00,114.22,117.9,113.83,117.33,108692.0,116.623,868,False
2024-09-13 00:00:00+00:00,119.35,122.08,119.04,121.95,68294.0,121.267,534,False
2024-09-16 00:00:00+00:00,123.05,124.29,121.89,123.47,78745.0,122.979,678,False
2024-09-17 00:00:00+00:00,124.88,127.26,123.86,125.99,73237.0,125.968,481,False
2024-09-18 00:00:00+00:00,126.23,133.09,125.32,128.53,110941.0,128.757,842,False
2024-09-19 00:00:00+00:00,132.08,132.94,130.31,132.84,62951.0,131.82,503,False
2024-09-20 00:00:00+00:00,133.04,133.28,130.19,130.8,266360.0,132.379,612,False
2024-09-23 00:00:00+00:00,131.99,132.59,130.03,131.1,60044.0,131.12,312,False
2024-09-24 00:00:00+00:00,131.6,132.15,130.5,132.11,48281.0,131.691,364,False
2024-09-25 00:00:00+00:00,132.06,132.5,128.73,129.04,54978.0,130.021,425,False
2024-09-26 00:00:00+00:00,130.63,132.3,128.96,129.61,75427.0,130.023,615,False
2024-09-27 00:00:00+00:00,131.7,133.99,130.45,131.27,114819.0,132.29,744,False
2024-09-30 00:00:00+00:00,130.42,132.79,130.0,131.21,61669.0,131.269,439,False
2024-10-01 00:00:00+00:00,130.98,131.4,128.42,130.94,40042.0,130.242,334,False
2024-10-02 00:00:00+00:00,130.07,131.33,129.39,130.0,42480.0,129.926,354,False
2024-10-03 00:00:00+00:00,131.73,131.95,128.15,129.58,89421.0,129.142,533,False
2024-10-04 00:00:00+00:00,131.7,131.7,128.51,129.71,50589.0,129.809,438,False
2024-10-07 00:00:00+00:00,128.67,130.1,126.37,129.58,37970.0,129.13,312,False
2024-10-08 00:00:00+00:00,131.36,135.08,130.7,135.0,125945.0,133.762,734,False
2024-10-09 00:00:00+00:00,135.76,137.09,134.82,137.02,61215.0,136.295,489,False
2024-10-10 00:00:00+00:00,134.87,135.86,133.37,134.55,76552.0,134.541,492,False
2024-10-11 00:00:00+00:00,134.47,137.33,134.47,136.89,43394.0,136.374,313,False
2024-10-14 00:00:00+00:00,137.37,139.0,137.32,138.4,44924.0,138.041,352,False
2024-10-15 00:00:00+00:00,138.01,139.43,135.41,135.55,128429.0,137.979,773,False
2024-10-16 00:00:00+00:00,136.95,139.54,136.65,136.85,60578.0,138.122,441,False
2024-10-17 00:00:00+00:00,137.67,137.67,134.5,134.98,49692.0,135.547,370,False
2024-10-18 00:00:00+00:00,135.56,135.92,133.82,133.95,55046.0,134.757,334,False
2024-10-21 00:00:00+00:00,133.99,134.38,131.53,132.12,75061.0,132.85,621,False
2024-10-22 00:00:00+00:00,131.3,131.83,129.8,130.03,61870.0,130.441,479,False
2024-10-23 00:00:00+00:00,129.75,130.59,128.81,130.0,141555.0,129.86,991,False
2024-10-24 00:00:00+00:00,130.0,131.52,129.05,130.81,51792.0,130.623,395,False
2024-10-25 00:00:00+00:00,132.09,132.65,129.69,130.17,43872.0,130.506,330,False
2024-10-28 00:00:00+00:00,131.07,132.3,130.84,131.57,48997.0,131.392,367,False
2024-10-29 00:00:00+00:00,121.44,123.79,117.61,123.04,197856.0,122.19,1342,False
2024-10-30 00:00:00+00:00,122.86,126.9,121.84,122.39,140427.0,124.435,1107,False
2024-10-31 00:00:00+00:00,121.48,123.89,120.87,122.34,80657.0,122.368,624,False
2024-11-01 00:00:00+00:00,122.86,124.25,122.32,123.08,71650.0,122.952,493,False
2024-11-04 00:00:00+00:00,122.42,125.75,122.22,123.81,63476.0,124.26,436,False
2024-11-05 00:00:00+00:00,123.53,126.2,122.01,126.06,42391.0,125.268,350,False
2024-11-06 00:00:00+00:00,132.65,137.41,130.67,136.45,160514.0,134.768,1195,False
2024-11-07 00:00:00+00:00,136.45,136.66,133.06,133.24,74358.0,134.465,594,False
2024-11-08 00:00:00+00:00,133.48,135.74,132.78,134.49,58802.0,134.665,442,False
2024-11-11 00:00:00+00:00,137.28,137.91,135.19,137.71,58653.0,137.135,423,False
2024-11-12 00:00:00+00:00,136.88,137.85,133.03,133.34,122367.0,134.766,499,False
2024-11-13 00:00:00+00:00,134.53,135.35,131.2,131.62,75932.0,132.892,536,False
2024-11-14 00:00:00+00:00,131.96,132.62,130.99,132.07,53391.0,131.854,433,False
2024-11-15 00:00:00+00:00,133.0,133.0,128.94,129.21,60020.0,130.788,395,False
2024-11-18 00:00:00+00:00,128.94,130.15,128.31,129.21,46744.0,129.035,336,False
2024-11-19 00:00:00+00:00,127.95,128.76,125.62,128.13,44574.0,128.065,300,False
2024-11-20 00:00:00+00:00,127.5,128.78,126.86,128.63,53343.0,128.167,417,False
2024-11-21 00:00:00+00:00,129.42,131.55,129.05,130.52,36836.0,130.657,258,False
2024-11-22 00:00:00+00:00,131.49,133.27,130.05,133.07,60242.0,131.991,449,False
2024-11-25 00:00:00+00:00,135.23,141.33,134.96,139.02,103670.0,139.654,792,False
2024-11-26 00:00:00+00:00,137.6,138.14,134.58,137.53,121713.0,136.721,833,False
2024-11-27 00:00:00+00:00,138.7,140.04,134.9,135.26,61283.0,135.648,449,False
2024-11-29 00:00:00+00:00,136.83,137.35,134.16,135.9,58721.0,135.605,413,False
2024-12-02 00:00:00+00:00,135.88,136.16,133.99,134.96,57283.0,135.3,439,False
2024-12-03 00:00:00+00:00,135.21,135.5,132.44,134.32,59905.0,134.042,441,False
2024-12-04 00:00:00+00:00,134.29,134.29,130.04,131.66,63450.0,131.777,524,False
2024-12-05 00:00:00+00:00,131.24,132.76,130.23,132.08,78092.0,131.774,523,False
2024-12-06 00:00:00+00:00,133.73,133.73,131.36,133.04,46081.0,132.306,325,False
2024-12-09 00:00:00+00:00,133.63,135.0,132.78,133.54,67174.0,133.855,479,False
2024-12-10 00:00:00+00:00,132.41,132.65,129.06,130.53,65657.0,131.317,456,False
2024-12-11 00:00:00+00:00,132.48,132.78,130.49,132.19,47012.0,132.066,354,False
2024-12-12 00:00:00+00:00,131.24,131.24,127.9,128.14,77952.0,129.123,546,False
2024-12-13 00:00:00+00:00,127.13,127.77,126.23,126.86,56270.0,126.795,453,False
2024-12-16 00:00:00+00:00,126.46,126.46,124.18,124.64,71391.0,125.394,537,False
2024-12-17 00:00:00+00:00,124.12,124.65,121.6,122.04,85999.0,122.547,680,False
2024-12-18 00:00:00+00:00,122.34,122.8,114.78,115.61,163740.0,119.8,1355,False
2024-12-19 00:00:00+00:00,116.18,117.82,113.01,113.62,162292.0,114.795,1322,False
2024-12-20 00:00:00+00:00,112.43,115.23,111.88,113.51,252537.0,113.408,1317,False
2024-12-23 00:00:00+00:00,113.26,114.06,112.49,112.97,73815.0,113.069,580,False
2024-12-24 00:00:00+00:00,112.72,113.67,112.07,113.66,31917.0,112.974,266,False
2024-12-26 00:00:00+00:00,113.0,114.24,112.4,113.96,79921.0,113.511,657,False
2024-12-27 00:00:00+00:00,112.83,113.73,111.53,112.21,95833.0,112.316,716,False
2024-12-30 00:00:00+00:00,113.12,113.62,110.93,112.19,85521.0,112.163,627,False
2024-12-31 00:00:00+00:00,113.1,113.4,112.0,112.65,64159.0,112.662,515,False
2025-01-02 00:00:00+00:00,113.39,113.95,110.86,111.16,71992.0,111.892,584,False
2025-01-03 00:00:00+00:00,110.8,111.69,110.1,111.44,78799.0,110.965,572,False
2025-01-06 00:00:00+00:00,111.44,113.58,110.72,112.11,90814.0,112.367,666,False
2025-01-07 00:00:00+00:00,112.49,112.77,109.29,109.47,77246.0,110.169,591,False
2025-01-08 00:00:00+00:00,108.74,110.08,107.96,109.93,140786.0,109.257,738,False
2025-01-10 00:00:00+00:00,108.2,109.41,107.25,109.08,290870.0,108.477,1209,False
2025-01-13 00:00:00+00:00,108.99,113.31,108.2,113.09,142517.0,111.791,988,False
2025-01-14 00:00:00+00:00,113.95,115.22,113.43,114.59,107829.0,114.362,913,False
2025-01-15 00:00:00+00:00,119.7,120.0,117.14,117.57,96204.0,117.941,729,False
2025-01-16 00:00:00+00:00,117.32,118.33,116.77,117.01,86102.0,117.516,655,False
2025-01-17 00:00:00+00:00,118.46,118.99,116.1,116.76,156172.0,117.3,1072,False
2025-01-21 00:00:00+00:00,117.68,119.48,117.68,118.28,94327.0,118.436,686,False
2025-01-22 00:00:00+00:00,117.25,117.98,117.01,117.77,83938.0,117.415,627,False
2025-01-23 00:00:00+00:00,117.23,119.3,116.64,117.64,87376.0,117.957,563,False
2025-01-24 00:00:00+00:00,117.13,117.98,115.71,116.75,73253.0,116.541,499,False
2025-01-27 00:00:00+00:00,116.25,119.83,115.67,118.67,76175.0,118.723,572,False
2025-01-28 00:00:00+00:00,118.09,118.27,116.52,116.79,43504.0,117.383,365,False
2025-01-29 00:00:00+00:00,116.43,117.63,115.3,115.78,48921.0,116.364,366,False
2025-01-30 00:00:00+00:00,117.81,118.7,116.27,118.32,136352.0,117.563,920,False
2025-01-31 00:00:00+00:00,117.6,118.44,115.54,115.65,91662.0,116.629,746,False
2025-02-03 00:00:00+00:00,113.82,116.36,112.75,115.32,128912.0,115.332,1069,False
2025-02-04 00:00:00+00:00,115.05,116.53,115.05,116.01,88362.0,115.977,702,False
2025-02-05 00:00:00+00:00,117.09,117.13,116.0,116.93,71928.0,116.495,429,False
2025-02-06 00:00:00+00:00,117.4,118.35,116.39,116.93,63223.0,117.294,399,False
2025-02-07 00:00:00+00:00,117.05,117.13,114.8,115.62,84926.0,115.616,736,False
2025-02-10 00:00:00+00:00,116.18,117.64,115.31,116.46,118689.0,116.814,869,False
2025-02-11 00:00:00+00:00,115.9,117.38,115.51,115.67,62098.0,116.162,530,False
2025-02-12 00:00:00+00:00,113.36,113.8,111.78,112.78,100006.0,112.684,823,False
2025-02-13 00:00:00+00:00,113.48,114.56,112.57,114.27,54173.0,113.807,426,False
2025-02-14 00:00:00+00:00,115.08,116.53,114.43,116.35,96234.0,115.869,815,False
2025-02-18 00:00:00+00:00,113.0,115.22,112.57,114.45,157651.0,113.966,1175,False
2025-02-19 00:00:00+00:00,111.81,114.24,111.01,112.89,127261.0,112.817,961,False
2025-02-20 00:00:00+00:00,112.26,112.77,109.51,109.84,119796.0,110.563,964,False
2025-02-21 00:00:00+00:00,111.44,111.44,107.74,108.55,115892.0,109.244,776,False
2025-02-24 00:00:00+00:00,108.63,110.25,105.57,106.65,122555.0,106.854,866,False
2025-02-25 00:00:00+00:00,107.45,110.36,105.97,109.84,258809.0,109.379,1828,False
2025-02-26 00:00:00+00:00,109.99,110.56,108.51,108.77,173713.0,109.18,1395,False
2025-02-27 00:00:00+00:00,107.74,109.03,106.56,106.64,100280.0,107.553,827,False
2025-02-28 00:00:00+00:00,107.1,107.52,105.29,107.0,167070.0,106.283,1428,False
2025-03-03 00:00:00+00:00,107.0,108.31,104.93,105.16,238575.0,106.676,1585,False
2025-03-04 00:00:00+00:00,103.83,106.63,102.35,103.91,740543.0,104.054,2527,False
2025-03-05 00:00:00+00:00,104.47,106.66,104.47,106.16,162614.0,105.728,1300,False
2025-03-06 00:00:00+00:00,105.51,107.59,105.33,107.29,122024.0,106.501,1020,False
2025-03-07 00:00:00+00:00,107.34,109.44,105.96,109.13,157579.0,108.039,1201,False
2025-03-10 00:00:00+00:00,108.66,110.27,108.31,108.38,187866.0,109.05,1368,False
2025-03-11 00:00:00+00:00,108.15,109.1,105.47,105.77,166104.0,106.651,1152,False
2025-03-12 00:00:00+00:00,106.22,107.48,105.0,105.38,162905.0,105.453,1248,False
2025-03-13 00:00:00+00:00,105.57,106.99,104.4,104.5,284749.0,105.137,1901,False
2025-03-14 00:00:00+00:00,105.54,106.71,105.04,106.55,110044.0,106.072,892,False
2025-03-17 00:00:00+00:00,105.87,109.42,105.87,107.23,223237.0,107.038,1821,False
2025-03-18 00:00:00+00:00,106.73,108.16,106.63,107.57,133879.0,107.335,1066,False
2025-03-19 00:00:00+00:00,107.1,108.43,105.88,108.09,119973.0,107.613,1001,False
2025-03-20 00:00:00+00:00,106.88,109.24,106.88,107.9,146393.0,108.31,1247,False
2025-03-21 00:00:00+00:00,107.83,108.09,106.17,107.5,455401.0,107.392,2407,False
2025-03-24 00:00:00+00:00,108.32,111.96,108.32,111.75,242522.0,110.716,1574,False
2025-03-25 00:00:00+00:00,111.12,112.33,109.24,109.99,246194.0,110.159,1473,False
2025-03-26 00:00:00+00:00,110.03,111.25,109.56,110.25,156308.0,110.425,1325,False
2025-03-27 00:00:00+00:00,110.65,111.94,109.32,110.09,170215.0,110.124,1215,False
2025-03-28 00:00:00+00:00,110.29,111.22,106.08,106.31,110589.0,107.157,822,False
2025-03-31 00:00:00+00:00,106.29,108.14,104.59,107.04,162607.0,106.862,1226,False
2025-04-01 00:00:00+00:00,106.7,107.83,105.85,106.61,131295.0,106.742,1074,False
2025-04-02 00:00:00+00:00,105.28,109.35,105.1,109.1,125834.0,108.027,966,False
2025-04-03 00:00:00+00:00,104.53,105.41,102.64,104.34,430338.0,104.474,2963,False
2025-04-04 00:00:00+00:00,100.58,107.36,100.58,106.44,331331.0,104.895,2655,False
2025-04-07 00:00:00+00:00,103.38,109.42,102.19,104.18,656505.0,104.585,4361,False
2025-04-08 00:00:00+00:00,106.49,106.78,99.58,100.97,352472.0,103.303,2634,False
2025-04-09 00:00:00+00:00,100.07,109.53,99.42,108.32,243534.0,104.022,1823,False
2025-04-10 00:00:00+00:00,106.07,108.83,102.77,105.79,192281.0,105.41,1564,False
2025-04-11 00:00:00+00:00,105.36,106.9,102.4,106.42,127295.0,105.144,1067,False
2025-04-14 00:00:00+00:00,107.79,108.04,105.88,107.06,157173.0,106.978,1215,False
2025-04-15 00:00:00+00:00,107.09,108.11,105.46,105.54,135511.0,106.374,1135,False
2025-04-16 00:00:00+00:00,105.15,106.02,102.15,103.53,291406.0,103.953,1354,False
2025-04-17 00:00:00+00:00,103.28,105.71,103.22,104.78,168275.0,104.585,1130,False
2025-04-21 00:00:00+00:00,103.74,103.89,101.77,103.02,194167.0,102.711,1116,False
2025-04-22 00:00:00+00:00,104.49,106.53,102.92,106.07,128087.0,105.26,825,False
2025-04-23 00:00:00+00:00,106.93,109.84,106.11,106.23,130074.0,107.399,1033,False
2025-04-24 00:00:00+00:00,107.33,108.4,105.99,107.97,69579.0,107.462,481,False
2025-04-25 00:00:00+00:00,107.05,107.31,105.84,106.74,58147.0,106.545,480,False
2025-04-28 00:00:00+00:00,107.19,108.26,106.03,106.58,168966.0,106.83,1290,False
2025-04-29 00:00:00+00:00,100.07,103.88,97.59,100.27,456263.0,100.502,3175,False
2025-04-30 00:00:00+00:00,98.97,99.46,96.98,98.85,622592.0,98.001,3101,False
2025-05-01 00:00:00+00:00,99.34,101.18,98.26,99.93,319362.0,100.136,2004,False
2025-05-02 00:00:00+00:00,100.26,102.53,100.26,101.95,183907.0,101.786,1278,False
2025-05-05 00:00:00+00:00,100.98,101.76,99.61,99.71,161010.0,100.642,1109,False
2025-05-06 00:00:00+00:00,98.6,99.35,97.73,98.0,261195.0,98.567,2029,False
2025-05-07 00:00:00+00:00,98.19,98.19,95.9,96.91,253808.0,97.041,1861,False
2025-05-08 00:00:00+00:00,97.9,99.78,97.2,98.45,542957.0,98.733,3506,False
2025-05-09 00:00:00+00:00,98.9,98.94,96.84,97.37,358182.0,97.483,2678,False
2025-05-12 00:00:00+00:00,101.33,103.42,100.45,103.38,286626.0,102.192,2096,False
2025-05-13 00:00:00+00:00,103.88,104.23,102.65,103.59,139837.0,103.622,1068,False
2025-05-14 00:00:00+00:00,103.27,103.35,100.43,100.59,118510.0,101.352,963,False
2025-05-15 00:00:00+00:00,100.24,101.75,99.93,101.36,149239.0,100.935,1201,False
2025-05-16 00:00:00+00:00,101.29,102.75,101.01,102.59,254030.0,101.947,1809,False
2025-05-19 00:00:00+00:00,100.86,101.97,99.94,101.86,173116.0,101.332,1367,False
2025-05-20 00:00:00+00:00,101.7,102.82,100.86,101.29,142296.0,101.327,1164,False
2025-05-21 00:00:00+00:00,100.36,100.43,97.97,98.24,230416.0,99.038,1617,False
2025-05-22 00:00:00+00:00,97.74,98.27,96.78,97.69,133493.0,97.468,1118,False
2025-05-23 00:00:00+00:00,96.1,97.6,96.05,96.35,151525.0,96.497,1219,False
2025-05-27 00:00:00+00:00,98.39,99.71,97.03,99.66,147365.0,98.906,1098,False
2025-05-28 00:00:00+00:00,99.22,99.54,97.3,97.41,180402.0,98.214,1426,False
2025-05-29 00:00:00+00:00,98.02,98.46,96.98,98.26,126321.0,97.91,1080,False
2025-05-30 00:00:00+00:00,97.71,98.13,97.07,97.56,113022.0,97.606,873,False
2025-06-02 00:00:00+00:00,96.71,96.86,94.68,95.77,241381.0,95.39,1945,False
2025-06-03 00:00:00+00:00,95.84,97.75,95.39,97.65,177489.0,96.83,1207,False
2025-06-04 00:00:00+00:00,98.05,98.3,96.73,97.06,214819.0,97.249,1590,False
2025-06-05 00:00:00+00:00,96.85,97.96,96.01,97.37,191922.0,97.327,1678,False
2025-06-06 00:00:00+00:00,98.34,98.74,96.25,96.58,91326.0,96.956,697,False
2025-06-09 00:00:00+00:00,97.32,98.55,96.95,97.62,119966.0,97.833,957,False
2025-06-10 00:00:00+00:00,98.2,100.7,97.56,100.25,254070.0,99.586,1806,False
2025-06-11 00:00:00+00:00,100.95,100.95,97.9,97.99,258173.0,98.893,1399,False
2025-06-12 00:00:00+00:00,97.72,98.27,96.51,97.6,93996.0,97.605,790,False
2025-06-13 00:00:00+00:00,96.48,97.0,95.0,95.67,187651.0,95.709,1431,False
2025-06-16 00:00:00+00:00,96.86,97.01,95.02,96.85,220321.0,96.562,1665,False
2025-06-17 00:00:00+00:00,95.65,97.13,94.83,94.93,160270.0,95.678,1285,False
2025-06-18 00:00:00+00:00,94.65,96.55,94.6,95.11,142112.0,95.483,1112,False
2025-06-20 00:00:00+00:00,95.71,96.79,95.29,96.33,247028.0,95.892,1329,False
2025-06-23 00:00:00+00:00,96.06,99.77,95.93,99.74,188010.0,98.385,1492,False
2025-06-24 00:00:00+00:00,100.0,100.99,99.31,100.72,195730.0,100.368,1299,False
2025-06-25 00:00:00+00:00,100.59,100.59,98.96,99.24,182300.0,99.597,1311,False
2025-06-26 00:00:00+00:00,99.34,99.91,93.0,99.88,177822.0,99.308,1260,False
2025-06-27 00:00:00+00:00,100.68,102.0,99.01,99.78,542984.0,100.571,3010,False
2025-06-30 00:00:00+00:00,100.15,101.08,99.05,99.36,186941.0,99.734,1196,False
2025-07-01 00:00:00+00:00,98.68,106.84,98.68,105.47,308518.0,104.618,2364,False
2025-07-02 00:00:00+00:00,105.16,107.4,104.05,106.48,305839.0,106.289,1951,False
2025-07-03 00:00:00+00:00,106.67,107.12,105.25,105.76,98890.0,105.927,720,False
2025-07-07 00:00:00+00:00,105.45,106.32,102.49,102.77,120022.0,103.947,760,False
2025-07-08 00:00:00+00:00,102.74,105.93,102.17,104.4,110960.0,104.475,843,False
2025-07-09 00:00:00+00:00,104.5,107.09,104.42,106.79,162072.0,105.835,1207,False
2025-07-10 00:00:00+00:00,106.53,109.8,106.46,108.49,176746.0,108.669,1357,False
2025-07-11 00:00:00+00:00,107.01,108.38,105.47,106.9,318330.0,106.725,2172,False
2025-07-14 00:00:00+00:00,106.33,106.74,104.28,104.79,88994.0,104.942,692,False
2025-07-15 00:00:00+00:00,105.23,106.11,101.16,101.2,115775.0,103.409,903,False
2025-07-16 00:00:00+00:00,101.55,104.83,100.14,101.81,106730.0,101.338,840,False
2025-07-17 00:00:00+00:00,102.23,103.3,101.83,102.36,60362.0,102.476,457,False
2025-07-18 00:00:00+00:00,103.49,103.49,100.19,101.06,101933.0,101.264,740,False
2025-07-21 00:00:00+00:00,101.22,102.39,100.42,100.87,86950.0,101.28,701,False
2025-07-22 00:00:00+00:00,101.67,104.76,101.6,104.28,102946.0,103.87,783,False
2025-07-23 00:00:00+00:00,105.0,106.01,104.33,104.92,95280.0,105.158,758,False
2025-07-24 00:00:00+00:00,103.92,105.2,103.29,103.74,108849.0,103.916,834,False
2025-07-25 00:00:00+00:00,104.66,104.96,103.37,104.84,100772.0,104.299,825,False
2025-07-28 00:00:00+00:00,105.27,105.27,103.39,104.27,126861.0,104.271,984,False
2025-07-29 00:00:00+00:00,104.52,107.93,101.19,102.3,281588.0,103.279,2078,False
2025-07-30 00:00:00+00:00,101.73,101.73,99.04,99.67,238508.0,100.183,1506,False
2025-07-31 00:00:00+00:00,98.04,99.84,97.5,98.0,111807.0,98.545,885,False
2025-08-01 00:00:00+00:00,97.5,98.12,95.93,97.73,117000.0,97.391,931,False
2025-08-04 00:00:00+00:00,97.73,98.7,97.35,98.52,94834.0,98.217,742,False
2025-08-05 00:00:00+00:00,98.37,99.93,98.37,99.6,83132.0,99.239,673,False
2025-08-06 00:00:00+00:00,99.64,99.74,98.42,99.23,150653.0,98.978,907,False
2025-08-07 00:00:00+00:00,100.03,100.5,98.54,99.59,115575.0,99.393,772,False
2025-08-08 00:00:00+00:00,99.78,99.78,97.67,97.85,167654.0,98.766,1177,False
2025-08-11 00:00:00+00:00,98.04,98.53,96.37,98.51,113443.0,97.844,905,False
2025-08-12 00:00:00+00:00,99.19,102.77,99.0,102.54,84102.0,101.92,692,False
2025-08-13 00:00:00+00:00,102.93,106.64,102.7,106.28,73505.0,105.18,566,False
2025-08-14 00:00:00+00:00,104.08,104.08,102.43,103.08,58810.0,103.152,472,False
2025-08-15 00:00:00+00:00,104.24,104.39,101.23,101.41,94302.0,102.258,609,False
2025-08-18 00:00:00+00:00,101.41,102.09,100.06,100.71,79657.0,100.957,572,False
2025-08-19 00:00:00+00:00,101.35,104.27,101.23,102.63,70956.0,102.82,467,False
2025-08-20 00:00:00+00:00,102.63,104.21,99.77,99.79,237966.0,100.853,1483,False
2025-08-21 00:00:00+00:00,98.99,99.8,98.16,99.62,74414.0,99.171,538,False
2025-08-22 00:00:00+00:00,100.55,107.45,99.65,107.08,169036.0,105.891,1180,False
2025-08-25 00:00:00+00:00,106.18,106.53,104.85,106.01,126213.0,105.73,1069,False
2025-08-26 00:00:00+00:00,105.9,106.47,104.69,104.96,127641.0,105.511,1032,False
2025-08-27 00:00:00+00:00,104.38,105.14,103.21,103.29,69479.0,103.833,559,False
2025-08-28 00:00:00+00:00,103.28,103.6,100.76,102.07,154548.0,101.582,1179,False
2025-08-29 00:00:00+00:00,102.07,103.0,100.34,100.97,83959.0,101.267,552,False
2025-09-02 00:00:00+00:00,99.82,100.46,99.39,100.17,111621.0,100.073,895,False
2025-09-03 00:00:00+00:00,99.83,100.28,97.88,98.42,160197.0,98.676,1042,False
2025-09-04 00:00:00+00:00,99.2,102.74,98.98,102.64,104867.0,101.283,779,False
2025-09-05 00:00:00+00:00,103.16,105.57,102.53,103.79,70905.0,103.663,556,False
2025-09-08 00:00:00+00:00,103.66,103.66,101.23,102.6,101659.0,102.523,684,False
2025-09-09 00:00:00+00:00,101.85,101.85,99.55,100.42,135772.0,100.494,882,False
2025-09-10 00:00:00+00:00,100.03,100.77,99.29,99.72,84013.0,99.997,672,False
2025-09-11 00:00:00+00:00,100.03,102.69,100.03,102.4,170943.0,101.774,1190,False
2025-09-12 00:00:00+00:00,101.5,101.83,98.54,98.68,70576.0,99.897,495,False
2025-09-15 00:00:00+00:00,98.98,100.87,98.22,99.29,111131.0,99.084,909,False
2025-09-16 00:00:00+00:00,99.1,99.78,97.7,98.31,94838.0,98.251,655,False
2025-09-17 00:00:00+00:00,98.85,101.06,96.0,97.12,162279.0,98.231,1040,False
2025-09-18 00:00:00+00:00,97.5,99.1,97.01,98.2,120011.0,98.218,1003,False
2025-09-19 00:00:00+00:00,97.89,97.89,95.14,95.32,305901.0,96.629,1626,False
2025-09-22 00:00:00+00:00,95.14,95.6,94.62,95.19,143902.0,95.075,898,False
2025-09-23 00:00:00+00:00,95.14,96.22,93.78,94.44,133063.0,94.601,966,False
2025-09-24 00:00:00+00:00,94.02,94.68,92.75,93.11,70564.0,93.397,587,False
2025-09-25 00:00:00+00:00,92.49,94.44,91.16,91.8,67051.0,92.027,492,False
2025-09-26 00:00:00+00:00,91.86,92.75,91.73,92.23,89574.0,92.233,691,False
2025-09-29 00:00:00+00:00,92.86,92.86,91.61,92.24,208142.0,92.189,1477,False
2025-09-30 00:00:00+00:00,91.53,93.74,91.52,93.49,116134.0,92.61,892,False
2025-10-01 00:00:00+00:00,93.29,94.29,92.22,92.97,70086.0,92.923,509,False
2025-10-02 00:00:00+00:00,92.53,93.28,91.91,93.25,134208.0,92.821,938,False
2025-10-03 00:00:00+00:00,93.51,94.39,92.12,92.18,132515.0,93.292,943,False
2025-10-06 00:00:00+00:00,92.25,93.49,90.82,91.43,164810.0,91.494,1121,False
2025-10-07 00:00:00+00:00,91.38,91.91,90.2,90.43,123270.0,90.908,885,False
2025-10-08 00:00:00+00:00,90.98,91.38,90.0,91.35,245467.0,90.873,1810,False
2025-10-09 00:00:00+00:00,90.89,91.05,89.76,90.02,190233.0,90.123,1047,False
2025-10-10 00:00:00+00:00,90.26,91.15,88.99,89.44,224071.0,89.703,1580,False
2025-10-13 00:00:00+00:00,90.1,90.98,89.51,90.3,172247.0,90.423,1147,False
2025-10-14 00:00:00+00:00,89.52,92.24,89.52,91.98,148749.0,91.381,1119,False
2025-10-15 00:00:00+00:00,92.0,93.21,91.19,91.41,170349.0,91.92,1045,False
2025-10-16 00:00:00+00:00,91.21,91.54,89.85,90.69,224462.0,90.376,1395,False
2025-10-17 00:00:00+00:00,90.65,91.47,89.87,90.66,100453.0,90.471,685,False
2025-10-20 00:00:00+00:00,91.33,91.6,90.51,91.27,127987.0,91.121,730,False
2025-10-21 00:00:00+00:00,90.97,93.75,90.97,93.26,166490.0,93.187,1275,False
2025-10-22 00:00:00+00:00,93.24,94.05,91.67,91.78,156774.0,92.845,1258,False
2025-10-23 00:00:00+00:00,91.74,92.89,90.52,92.44,105880.0,92.224,774,False
2025-10-24 00:00:00+00:00,93.45,93.45,91.69,91.78,113654.0,92.195,802,False
2025-10-27 00:00:00+00:00,91.84,93.04,91.74,92.17,157902.0,92.286,1096,False
2025-10-28 00:00:00+00:00,91.53,92.53,91.19,91.98,97766.0,91.987,720,False
2025-10-29 00:00:00+00:00,91.37,91.95,89.52,90.03,250115.0,90.305,1531,False
2025-10-30 00:00:00+00:00,88.58,93.5,88.58,91.8,273057.0,91.947,1878,False
2025-10-31 00:00:00+00:00,92.91,93.5,90.94,92.13,354647.0,91.729,1905,False
2025-11-03 00:00:00+00:00,91.28,93.47,90.32,92.79,242695.0,92.532,1716,False
2025-11-04 00:00:00+00:00,92.59,92.63,91.22,91.58,157639.0,91.738,1275,False
2025-11-05 00:00:00+00:00,91.09,91.82,89.93,91.57,198884.0,91.098,1318,False
2025-11-06 00:00:00+00:00,91.58,92.7,90.79,92.38,214637.0,91.947,1603,False
2025-11-07 00:00:00+00:00,92.23,93.53,91.38,92.0,160917.0,92.316,1124,False
2025-11-10 00:00:00+00:00,92.37,92.44,91.23,91.47,207637.0,91.733,1306,False
2025-11-11 00:00:00+00:00,91.64,92.12,91.0,91.28,128969.0,91.629,881,False
2025-11-12 00:00:00+00:00,91.1,92.28,90.0,91.24,178369.0,91.011,1269,False
2025-11-13 00:00:00+00:00,91.31,92.32,89.61,89.79,417783.0,90.642,2192,False
2025-11-14 00:00:00+00:00,89.56,91.03,89.31,90.49,201132.0,90.267,1429,False
2025-11-17 00:00:00+00:00,90.3,90.81,88.3,88.39,324567.0,89.471,2285,False
2025-11-18 00:00:00+00:00,88.21,88.92,87.1,88.76,321492.0,88.257,2210,False
2025-11-19 00:00:00+00:00,88.51,89.54,88.05,88.65,325507.0,88.871,2392,False
2025-11-20 00:00:00+00:00,89.27,90.13,88.7,89.31,260359.0,89.267,1851,False
2025-11-21 00:00:00+00:00,89.57,93.23,89.57,91.47,241713.0,91.884,1616,False
2025-11-24 00:00:00+00:00,90.48,90.99,89.75,89.87,206047.0,90.347,1360,False
2025-11-25 00:00:00+00:00,91.0,93.5,90.61,92.98,132294.0,92.545,789,False
2025-11-26 00:00:00+00:00,92.23,93.98,92.18,93.53,218522.0,93.349,1579,False
2025-11-28 00:00:00+00:00,93.18,93.37,92.36,92.99,86671.0,92.916,612,False
2025-12-01 00:00:00+00:00,91.76,93.95,91.53,92.46,281955.0,93.188,1253,False
2025-12-02 00:00:00+00:00,92.74,92.74,91.04,92.36,266763.0,91.975,1282,False
2025-12-03 00:00:00+00:00,92.56,93.98,91.66,92.72,211878.0,93.072,977,False
2025-12-04 00:00:00+00:00,92.66,92.72,90.33,90.75,98713.0,91.064,690,False
2025-12-05 00:00:00+00:00,90.33,91.56,90.08,90.7,131875.0,90.723,808,False
2025-12-08 00:00:00+00:00,90.56,91.21,89.57,90.03,320287.0,90.023,1305,False
2025-12-09 00:00:00+00:00,89.63,91.13,87.67,87.77,184525.0,88.265,1169,False
2025-12-10 00:00:00+00:00,88.22,91.55,88.07,91.15,214728.0,89.903,1549,False
2025-12-11 00:00:00+00:00,91.78,93.09,91.43,92.47,173572.0,92.15,1279,False
2025-12-12 00:00:00+00:00,92.5,92.99,91.75,92.31,153852.0,92.231,1040,False
2025-12-15 00:00:00+00:00,92.56,92.75,90.93,92.42,188678.0,91.954,1141,False
2025-12-16 00:00:00+00:00,92.32,93.68,91.79,92.94,205307.0,93.045,1550,False
2025-12-17 00:00:00+00:00,92.27,94.35,92.23,93.44,181227.0,93.151,1072,False
2025-12-18 00:00:00+00:00,94.05,95.0,93.75,94.73,173918.0,94.404,1047,False
2025-12-19 00:00:00+00:00,95.0,95.22,92.47,93.22,301419.0,93.891,1573,False
2025-12-22 00:00:00+00:00,93.02,93.6,92.09,92.69,166662.0,92.892,1026,False
2025-12-23 00:00:00+00:00,92.64,92.64,90.84,91.53,91253.0,91.53,640,False
2025-12-24 00:00:00+00:00,91.94,92.55,91.22,91.99,77348.0,92.058,601,False
2025-12-26 00:00:00+00:00,91.95,92.96,91.88,92.83,93324.0,92.5,615,False
2025-12-29 00:00:00+00:00,92.98,93.65,91.94,92.6,83111.0,92.438,570,False
2025-12-30 00:00:00+00:00,92.24,93.1,91.67,92.1,74634.0,92.272,479,False
2025-12-31 00:00:00+00:00,92.11,92.53,90.87,91.05,90417.0,91.508,541,False
2026-01-02 00:00:00+00:00,91.35,92.79,90.08,92.18,134193.0,91.966,819,False
2026-01-05 00:00:00+00:00,91.69,95.74,91.63,93.78,179490.0,94.711,988,False
2026-01-06 00:00:00+00:00,93.07,95.79,92.65,94.87,182348.0,94.869,1192,False
2026-01-07 00:00:00+00:00,95.39,95.39,91.85,92.77,154295.0,92.739,1163,False
2026-01-08 00:00:00+00:00,92.76,98.58,92.56,97.75,164009.0,97.263,1006,False
2026-01-09 00:00:00+00:00,98.38,103.18,98.3,103.09,382126.0,101.858,2251,False
2026-01-12 00:00:00+00:00,102.82,103.87,101.52,102.37,176954.0,102.928,1134,False
2026-01-13 00:00:00+00:00,102.43,103.38,102.04,103.08,122416.0,102.829,862,False
2026-01-14 00:00:00+00:00,103.06,105.71,102.36,104.5,207701.0,104.591,1577,False
2026-01-15 00:00:00+00:00,105.0,108.1,104.67,107.66,244361.0,106.974,1498,False
2026-01-16 00:00:00+00:00,107.87,108.18,106.22,107.89,281561.0,107.349,1402,False
2026-01-20 00:00:00+00:00,105.82,106.72,103.18,105.62,192245.0,105.834,1294,False
2026-01-21 00:00:00+00:00,106.33,108.58,105.96,107.68,120655.0,107.193,908,False
2026-01-22 00:00:00+00:00,107.96,108.83,106.68,106.92,72132.0,107.429,538,False
2026-01-23 00:00:00+00:00,106.48,107.09,105.29,105.42,85555.0,105.9,595,False
2026-01-26 00:00:00+00:00,105.88,105.88,103.56,104.4,124922.0,104.187,961,False
2026-01-27 00:00:00+00:00,103.77,104.1,102.86,103.31,56973.0,103.348,395,False
2026-01-28 00:00:00+00:00,102.99,103.27,101.65,102.53,80456.0,102.504,617,False
2026-01-29 00:00:00+00:00,103.06,103.17,100.74,102.5,85851.0,101.954,626,False
2026-01-30 00:00:00+00:00,102.08,103.8,100.58,103.28,131212.0,102.714,1067,False
2026-02-02 00:00:00+00:00,103.28,105.68,102.74,104.9,109243.0,104.627,723,False
2026-02-03 00:00:00+00:00,103.9,108.76,103.9,107.88,235054.0,107.041,1667,False
2026-02-04 00:00:00+00:00,109.11,114.47,108.92,113.3,236595.0,112.616,1641,False
2026-02-05 00:00:00+00:00,113.47,114.51,111.39,112.72,161131.0,112.655,1166,False
2026-02-06 00:00:00+00:00,113.42,115.75,113.27,114.19,148984.0,114.441,1160,False
2026-02-09 00:00:00+00:00,113.5,114.7,112.65,114.2,81377.0,114.089,621,False
2026-02-10 00:00:00+00:00,115.07,116.64,114.29,115.62,72076.0,115.998,514,False
2026-02-11 00:00:00+00:00,115.44,116.71,113.2,115.48,130282.0,114.767,1009,False
2026-02-12 00:00:00+00:00,116.32,118.0,114.0,114.45,169899.0,115.925,1301,False
2026-02-13 00:00:00+00:00,114.29,115.66,113.99,114.6,80214.0,114.746,619,False
2026-02-17 00:00:00+00:00,113.39,114.0,111.5,111.85,90836.0,112.183,711,False
2026-02-18 00:00:00+00:00,111.44,113.47,110.96,111.38,181783.0,112.457,1241,False
2026-02-19 00:00:00+00:00,110.83,111.87,109.84,110.55,77146.0,110.521,593,False
2026-02-20 00:00:00+00:00,111.25,112.53,108.91,109.77,94603.0,110.117,650,False
2026-02-23 00:00:00+00:00,109.87,109.87,106.11,106.32,142930.0,107.057,1092,False
2026-02-24 00:00:00+00:00,105.2,111.99,103.69,108.76,189259.0,108.678,1357,False
2026-02-25 00:00:00+00:00,108.5,108.74,101.43,104.63,210500.0,103.812,1416,False
2026-02-26 00:00:00+00:00,105.99,106.36,103.63,105.04,111581.0,104.797,859,False
2026-02-27 00:00:00+00:00,104.05,104.92,101.94,102.91,96809.0,103.049,687,False
2026-03-02 00:00:00+00:00,101.3,103.13,99.65,101.3,82941.0,101.333,563,False
2026-03-03 00:00:00+00:00,99.18,100.58,97.4,99.49,82146.0,99.463,566,False
2026-03-04 00:00:00+00:00,100.5,100.5,98.27,98.49,86161.0,98.833,470,False
2026-03-05 00:00:00+00:00,97.71,99.29,96.34,96.66,121218.0,97.499,870,False
2026-03-06 00:00:00+00:00,95.13,95.28,92.72,93.94,71722.0,93.722,503,False
2026-03-09 00:00:00+00:00,92.57,93.97,90.6,93.36,74134.0,91.99,553,False
2026-03-10 00:00:00+00:00,92.23,93.66,91.78,92.09,79775.0,92.3,563,False
2026-03-11 00:00:00+00:00,91.55,92.08,90.34,90.57,81597.0,90.959,634,False
2026-03-12 00:00:00+00:00,89.1,90.43,88.84,89.75,200831.0,89.69,1118,False
2026-03-13 00:00:00+00:00,90.03,90.39,88.56,89.7,163157.0,89.268,1319,False
2026-03-16 00:00:00+00:00,90.57,91.41,89.64,89.92,101860.0,90.178,719,False
2026-03-17 00:00:00+00:00,90.48,91.95,90.0,90.65,96506.0,90.52,699,False
2026-03-18 00:00:00+00:00,89.34,90.95,89.18,89.68,219058.0,90.006,1463,False
2026-03-19 00:00:00+00:00,89.34,89.68,87.67,88.46,248397.0,88.627,1902,False
2026-03-20 00:00:00+00:00,88.2,88.8,84.82,86.78,342706.0,86.43,2072,False
2026-03-23 00:00:00+00:00,89.39,92.01,88.39,89.38,265773.0,90.396,1737,False
2026-03-24 00:00:00+00:00,88.61,91.48,88.43,91.13,153279.0,90.628,1023,False
2026-03-25 00:00:00+00:00,92.23,92.56,90.0,92.0,123353.0,91.576,977,False
2026-03-26 00:00:00+00:00,91.64,92.6,90.24,90.68,90226.0,90.99,667,False
2026-03-27 00:00:00+00:00,89.4,91.06,89.2,89.68,155316.0,90.181,769,False
2026-03-30 00:00:00+00:00,90.41,91.48,89.56,89.98,170385.0,90.314,1143,False
2026-03-31 00:00:00+00:00,91.41,93.27,90.61,92.12,151588.0,91.542,1195,False
2026-04-01 00:00:00+00:00,91.88,92.49,90.73,91.14,71462.0,91.71,540,False
2026-04-02 00:00:00+00:00,89.81,92.72,89.2,90.37,288070.0,90.209,1752,False
2026-04-06 00:00:00+00:00,89.65,92.02,89.17,90.69,218023.0,89.97,1317,False
2026-04-07 00:00:00+00:00,90.76,91.18,89.96,91.05,161012.0,90.44,976,False
2026-04-08 00:00:00+00:00,94.31,95.87,93.77,94.87,210283.0,94.778,1423,False
2026-04-09 00:00:00+00:00,93.58,96.3,93.58,94.87,177199.0,95.153,1247,False
2026-04-10 00:00:00+00:00,94.77,95.56,93.22,95.49,68836.0,95.163,528,False
2026-04-13 00:00:00+00:00,95.34,96.95,93.9,96.7,127231.0,95.754,857,False
2026-04-14 00:00:00+00:00,96.29,97.18,95.4,96.12,62235.0,96.577,465,False
2026-04-15 00:00:00+00:00,95.64,95.64,92.67,93.02,87127.0,93.622,611,False
2026-04-16 00:00:00+00:00,92.98,93.91,91.71,92.16,198121.0,92.602,1087,False
2026-04-17 00:00:00+00:00,93.57,97.59,93.56,95.76,144052.0,96.125,1063,False
2026-04-20 00:00:00+00:00,95.83,97.5,94.79,97.21,150924.0,96.626,1098,False
2026-04-21 00:00:00+00:00,97.15,98.31,95.55,96.2,152238.0,96.5,1117,False
2026-04-22 00:00:00+00:00,96.7,97.4,95.48,95.78,86785.0,96.157,586,False
2026-04-23 00:00:00+00:00,96.23,98.39,95.73,96.48,85138.0,96.756,579,False
2026-04-24 00:00:00+00:00,96.09,97.0,94.89,94.9,124856.0,95.548,884,False
2026-04-27 00:00:00+00:00,95.0,96.65,94.67,95.99,177126.0,95.774,1158,False
2026-04-28 00:00:00+00:00,96.41,97.04,94.49,95.75,135762.0,95.624,803,False
2026-04-29 00:00:00+00:00,95.13,97.59,92.81,92.94,196497.0,93.952,1520,False
2026-04-30 00:00:00+00:00,87.66,90.67,86.12,89.49,521663.0,89.107,3330,False
2026-05-01 00:00:00+00:00,89.14,90.0,84.96,85.18,328320.0,85.947,2340,False
2026-05-04 00:00:00+00:00,84.75,84.75,80.06,80.31,403597.0,81.018,3179,False
2026-05-05 00:00:00+00:00,82.85,83.59,81.83,82.54,264034.0,82.789,1834,False
2026-05-06 00:00:00+00:00,84.68,85.54,83.07,84.26,147909.0,84.409,1089,False
2026-05-07 00:00:00+00:00,85.15,86.15,83.06,83.86,441720.0,84.051,3111,False
2026-05-08 00:00:00+00:00,83.98,85.91,83.33,84.38,265287.0,84.988,1839,False
2026-05-11 00:00:00+00:00,83.84,84.36,82.85,83.09,242115.0,83.502,1686,False
2026-05-12 00:00:00+00:00,83.68,84.05,80.75,82.27,448097.0,82.581,2450,False
2026-05-13 00:00:00+00:00,82.7,83.36,81.07,81.48,210657.0,81.546,1403,False
2026-05-14 00:00:00+00:00,82.13,83.68,81.93,83.51,256390.0,83.174,1698,False
2026-05-15 00:00:00+00:00,83.32,84.09,79.97,80.01,269362.0,81.24,1801,False
