date,open,high,low,close,volume,average,barCount,is_rth
2018-05-18 00:00:00+00:00,19.76,19.79,19.45,19.56,1908036.0,19.6,7902,False
2018-05-21 00:00:00+00:00,19.64,19.95,19.6,19.76,3064983.0,19.73,13374,False
2018-05-22 00:00:00+00:00,19.82,19.88,19.66,19.75,2381309.0,19.77,8779,False
2018-05-23 00:00:00+00:00,19.73,19.92,19.71,19.9,1858581.0,19.846,7442,False
2018-05-24 00:00:00+00:00,19.92,19.95,19.76,19.85,1429199.0,19.848,6285,False
2018-05-25 00:00:00+00:00,19.85,19.98,19.76,19.86,1767991.0,19.888,8431,False
2018-05-29 00:00:00+00:00,19.88,20.01,19.8,19.94,1908856.0,19.9,9294,False
2018-05-30 00:00:00+00:00,20.03,20.05,19.86,19.95,4847267.0,19.964,16259,False
2018-05-31 00:00:00+00:00,19.88,20.02,19.32,19.37,5108533.0,19.788,20562,False
2018-06-01 00:00:00+00:00,19.66,19.94,19.47,19.88,2535783.0,19.777,12600,False
2018-06-04 00:00:00+00:00,20.17,20.48,20.0,20.37,6773593.0,20.3,28763,False
2018-06-05 00:00:00+00:00,20.38,20.49,19.96,20.11,3886753.0,20.209,18300,False
2018-06-06 00:00:00+00:00,20.07,20.24,19.93,19.98,2077877.0,20.035,10575,False
2018-06-07 00:00:00+00:00,20.07,20.17,19.91,20.01,2727351.0,20.039,15785,False
2018-06-08 00:00:00+00:00,20.05,20.88,19.98,20.44,3958645.0,20.283,20488,False
2018-06-11 00:00:00+00:00,20.5,20.65,20.41,20.53,2835099.0,20.553,14900,False
2018-06-12 00:00:00+00:00,20.49,20.67,20.4,20.6,2178129.0,20.562,12052,False
2018-06-13 00:00:00+00:00,20.61,20.72,20.52,20.6,2525505.0,20.61,13746,False
2018-06-14 00:00:00+00:00,20.65,20.75,20.47,20.53,2282843.0,20.588,12368,False
2018-06-15 00:00:00+00:00,20.5,20.76,20.46,20.52,2626217.0,20.621,13678,False
2018-06-18 00:00:00+00:00,20.43,20.75,20.43,20.6,2345667.0,20.625,12599,False
2018-06-19 00:00:00+00:00,20.5,20.85,20.5,20.65,2544725.0,20.691,14330,False
2018-06-20 00:00:00+00:00,20.67,21.02,20.6,20.94,5073184.0,20.92,14660,False
2018-06-21 00:00:00+00:00,20.98,21.0,20.85,20.97,2378106.0,20.972,9286,False
2018-06-22 00:00:00+00:00,21.09,21.09,20.84,20.98,1571548.0,20.941,7045,False
2018-06-25 00:00:00+00:00,20.95,20.95,20.69,20.84,2541715.0,20.812,12874,False
2018-06-26 00:00:00+00:00,20.77,20.89,20.69,20.79,3629493.0,20.762,10571,False
2018-06-27 00:00:00+00:00,20.5,20.64,20.38,20.48,3826505.0,20.496,14499,False
2018-06-28 00:00:00+00:00,20.53,20.58,20.28,20.47,2043367.0,20.389,8948,False
2018-06-29 00:00:00+00:00,20.51,20.77,20.19,20.64,1269838.0,20.629,6575,False
2018-07-02 00:00:00+00:00,20.57,20.75,20.47,20.7,1223467.0,20.605,6882,False
2018-07-03 00:00:00+00:00,20.89,20.95,20.68,20.86,919359.0,20.861,5463,False
2018-07-05 00:00:00+00:00,20.97,21.0,20.81,20.99,1512346.0,20.906,7665,False
2018-07-06 00:00:00+00:00,21.02,21.12,20.89,21.1,2922722.0,21.016,11580,False
2018-07-09 00:00:00+00:00,21.13,21.22,21.07,21.11,1601037.0,21.109,8346,False
2018-07-10 00:00:00+00:00,21.18,21.22,21.03,21.14,1238602.0,21.142,8145,False
2018-07-11 00:00:00+00:00,21.04,21.15,20.81,20.96,1218867.0,20.95,7688,False
2018-07-12 00:00:00+00:00,20.92,21.09,20.86,20.94,746941.0,20.976,5093,False
2018-07-13 00:00:00+00:00,20.99,21.19,20.99,21.17,1120514.0,21.128,6730,False
2018-07-16 00:00:00+00:00,21.18,21.21,21.03,21.17,755364.0,21.133,5078,False
2018-07-17 00:00:00+00:00,21.17,21.25,20.95,20.95,1049480.0,21.08,6506,False
2018-07-18 00:00:00+00:00,20.93,21.03,20.66,20.74,1782761.0,20.753,7385,False
2018-07-19 00:00:00+00:00,20.75,20.89,20.56,20.77,3178458.0,20.756,13519,False
2018-07-20 00:00:00+00:00,20.87,20.9,20.6,20.73,757449.0,20.707,4486,False
2018-07-23 00:00:00+00:00,20.78,20.81,20.51,20.6,1113111.0,20.631,7009,False
2018-07-24 00:00:00+00:00,20.66,20.7,20.48,20.48,861370.0,20.589,5658,False
2018-07-25 00:00:00+00:00,20.5,20.65,20.41,20.56,1210027.0,20.538,5519,False
2018-07-26 00:00:00+00:00,20.51,20.75,20.47,20.5,502850.0,20.552,3165,False
2018-07-27 00:00:00+00:00,20.47,20.59,20.24,20.32,666229.0,20.335,4048,False
2018-07-30 00:00:00+00:00,20.34,20.55,20.25,20.41,598670.0,20.433,4389,False
2018-07-31 00:00:00+00:00,20.93,20.93,20.3,20.35,2207202.0,20.45,6931,False
2018-08-01 00:00:00+00:00,20.29,20.44,19.95,20.0,2059208.0,20.089,9761,False
2018-08-02 00:00:00+00:00,19.96,20.03,19.58,19.65,4389283.0,19.71,13830,False
2018-08-03 00:00:00+00:00,19.75,20.0,19.3,19.54,2378365.0,19.603,8736,False
2018-08-06 00:00:00+00:00,19.55,19.82,19.52,19.75,2722276.0,19.701,8255,False
2018-08-07 00:00:00+00:00,19.74,19.93,19.64,19.86,2345250.0,19.786,8797,False
2018-08-08 00:00:00+00:00,19.93,20.33,19.8,20.27,2045282.0,20.082,6417,False
2018-08-09 00:00:00+00:00,20.22,20.34,19.99,20.12,630320.0,20.119,4295,False
2018-08-10 00:00:00+00:00,19.93,20.18,19.92,20.15,803737.0,20.087,5012,False
2018-08-13 00:00:00+00:00,20.19,20.26,19.98,20.08,1073705.0,20.091,4644,False
2018-08-14 00:00:00+00:00,20.28,20.52,20.06,20.1,1562308.0,20.217,7160,False
2018-08-15 00:00:00+00:00,20.08,20.41,20.07,20.41,1054920.0,20.309,4774,False
2018-08-16 00:00:00+00:00,20.49,20.72,20.32,20.67,1879743.0,20.593,7657,False
2018-08-17 00:00:00+00:00,20.67,20.89,20.63,20.67,1112807.0,20.736,5479,False
2018-08-20 00:00:00+00:00,20.61,20.82,20.3,20.46,937012.0,20.441,5706,False
2018-08-21 00:00:00+00:00,20.41,20.8,20.37,20.67,1162007.0,20.655,6086,False
2018-08-22 00:00:00+00:00,20.66,20.71,20.51,20.53,1139225.0,20.61,5856,False
2018-08-23 00:00:00+00:00,20.51,20.75,20.5,20.69,901074.0,20.679,4318,False
2018-08-24 00:00:00+00:00,20.71,20.82,20.63,20.7,818807.0,20.723,4307,False
2018-08-27 00:00:00+00:00,20.74,20.82,20.7,20.81,1732936.0,20.77,8735,False
2018-08-28 00:00:00+00:00,20.86,20.99,20.76,20.93,2641051.0,20.881,12912,False
2018-08-29 00:00:00+00:00,21.0,21.01,20.85,20.9,1231885.0,20.954,5856,False
2018-08-30 00:00:00+00:00,20.85,20.89,20.63,20.64,823245.0,20.762,4299,False
2018-08-31 00:00:00+00:00,20.64,20.93,20.64,20.91,1012283.0,20.812,4795,False
2018-09-04 00:00:00+00:00,20.85,21.01,20.75,20.93,1224011.0,20.888,7528,False
2018-09-05 00:00:00+00:00,20.91,20.99,20.72,20.9,928698.0,20.859,5991,False
2018-09-06 00:00:00+00:00,20.89,21.01,20.8,20.81,2209249.0,20.897,9082,False
2018-09-07 00:00:00+00:00,20.8,20.87,20.73,20.84,1845736.0,20.814,9878,False
2018-09-10 00:00:00+00:00,20.95,21.08,20.93,21.01,3803835.0,21.004,14063,False
2018-09-11 00:00:00+00:00,21.0,21.05,20.82,20.97,2095209.0,20.971,10128,False
2018-09-12 00:00:00+00:00,20.94,21.18,20.9,20.97,2180049.0,21.008,10011,False
2018-09-13 00:00:00+00:00,21.05,21.18,21.02,21.11,2670947.0,21.1,9969,False
2018-09-14 00:00:00+00:00,21.16,21.35,21.02,21.27,3781527.0,21.215,14046,False
2018-09-17 00:00:00+00:00,21.34,21.76,21.29,21.52,3696447.0,21.554,14400,False
2018-09-18 00:00:00+00:00,21.55,21.75,21.53,21.6,3207177.0,21.614,13379,False
2018-09-19 00:00:00+00:00,21.6,21.81,21.45,21.49,5804429.0,21.665,17713,False
2018-09-20 00:00:00+00:00,21.57,21.6,21.36,21.42,4143708.0,21.513,14640,False
2018-09-21 00:00:00+00:00,21.5,21.54,21.32,21.43,4903506.0,21.457,15987,False
2018-09-24 00:00:00+00:00,21.51,21.56,21.08,21.27,3390375.0,21.267,14696,False
2018-09-25 00:00:00+00:00,21.33,21.47,21.25,21.3,2598977.0,21.326,12099,False
2018-09-26 00:00:00+00:00,21.29,21.49,21.05,21.09,3196713.0,21.145,12596,False
2018-09-27 00:00:00+00:00,21.09,21.29,20.89,21.15,2397967.0,21.15,9051,False
2018-09-28 00:00:00+00:00,21.13,21.64,21.1,21.62,2417676.0,21.437,10762,False
2018-10-01 00:00:00+00:00,21.65,21.72,21.23,21.24,2934416.0,21.464,12219,False
2018-10-02 00:00:00+00:00,21.22,21.63,21.13,21.52,1366509.0,21.481,6763,False
2018-10-03 00:00:00+00:00,21.55,21.68,21.27,21.3,2428966.0,21.455,11332,False
2018-10-04 00:00:00+00:00,21.26,21.3,21.07,21.19,1349308.0,21.158,5779,False
2018-10-05 00:00:00+00:00,21.24,21.3,20.9,20.97,3387561.0,21.123,8675,False
2018-10-08 00:00:00+00:00,21.05,21.44,20.92,21.37,1718944.0,21.23,9672,False
2018-10-09 00:00:00+00:00,21.32,21.62,21.23,21.5,1340823.0,21.425,6511,False
2018-10-10 00:00:00+00:00,21.52,21.52,21.21,21.21,2289681.0,21.422,9117,False
2018-10-11 00:00:00+00:00,21.16,21.16,20.58,20.63,1560310.0,20.762,8213,False
2018-10-12 00:00:00+00:00,20.76,20.84,20.43,20.64,1327149.0,20.655,9484,False
2018-10-15 00:00:00+00:00,20.82,20.98,20.69,20.88,982121.0,20.905,6233,False
2018-10-16 00:00:00+00:00,20.95,21.26,20.85,21.09,1608177.0,21.072,9209,False
2018-10-17 00:00:00+00:00,21.11,21.65,21.06,21.45,6073705.0,21.343,14747,False
2018-10-18 00:00:00+00:00,21.46,21.6,21.37,21.5,2299625.0,21.488,7983,False
2018-10-19 00:00:00+00:00,21.54,21.65,21.39,21.64,1853314.0,21.565,10613,False
2018-10-22 00:00:00+00:00,21.68,21.7,21.21,21.26,2104742.0,21.504,10838,False
2018-10-23 00:00:00+00:00,21.16,21.41,20.88,21.35,2410729.0,21.11,10564,False
2018-10-24 00:00:00+00:00,21.55,21.71,21.41,21.52,4353684.0,21.557,10641,False
2018-10-25 00:00:00+00:00,21.56,22.1,21.46,21.98,3603089.0,21.893,12900,False
2018-10-26 00:00:00+00:00,21.97,22.08,21.46,21.8,3095032.0,21.745,11609,False
2018-10-29 00:00:00+00:00,21.93,22.15,21.53,21.55,3267536.0,21.763,14965,False
2018-10-30 00:00:00+00:00,21.65,21.83,21.4,21.51,6253743.0,21.525,20641,False
2018-10-31 00:00:00+00:00,21.6,21.91,21.44,21.59,2998980.0,21.746,15310,False
2018-11-01 00:00:00+00:00,21.57,21.87,21.55,21.82,2938457.0,21.801,11581,False
2018-11-02 00:00:00+00:00,21.83,22.32,21.2,21.43,1942119.0,21.37,11349,False
2018-11-05 00:00:00+00:00,21.4,21.79,21.34,21.52,2406024.0,21.498,12182,False
2018-11-06 00:00:00+00:00,21.54,21.87,21.47,21.8,2849511.0,21.73,9935,False
2018-11-07 00:00:00+00:00,21.91,22.15,21.82,22.13,2749671.0,21.988,9055,False
2018-11-08 00:00:00+00:00,22.16,22.19,21.68,21.75,1905264.0,21.862,8908,False
2018-11-09 00:00:00+00:00,21.68,21.86,21.64,21.7,1541488.0,21.723,8752,False
2018-11-12 00:00:00+00:00,21.66,21.79,21.46,21.51,1469493.0,21.566,4790,False
2018-11-13 00:00:00+00:00,21.54,21.6,21.3,21.47,1224966.0,21.424,5726,False
2018-11-14 00:00:00+00:00,21.1,21.69,21.06,21.44,7654240.0,21.442,24494,False
2018-11-15 00:00:00+00:00,21.26,21.39,21.04,21.13,19422692.0,21.222,65731,False
2018-11-16 00:00:00+00:00,21.12,21.42,21.01,21.3,6126226.0,21.31,28697,False
2018-11-19 00:00:00+00:00,21.43,21.52,21.34,21.42,7847160.0,21.44,35766,False
2018-11-20 00:00:00+00:00,21.38,21.5,21.23,21.23,6163463.0,21.306,24073,False
2018-11-21 00:00:00+00:00,21.25,21.53,21.25,21.42,12085731.0,21.447,38165,False
2018-11-23 00:00:00+00:00,21.36,21.7,21.33,21.65,3816103.0,21.561,20102,False
2018-11-26 00:00:00+00:00,22.24,22.37,21.52,21.88,6296467.0,21.868,29584,False
2018-11-27 00:00:00+00:00,22.0,22.18,21.9,22.08,10755852.0,22.029,29270,False
2018-11-28 00:00:00+00:00,22.06,22.24,21.89,22.04,6599523.0,22.049,26112,False
2018-11-29 00:00:00+00:00,22.07,22.24,21.97,22.07,4181061.0,22.142,20425,False
2018-11-30 00:00:00+00:00,22.16,22.25,21.77,21.77,3944607.0,21.919,18671,False
2018-12-03 00:00:00+00:00,21.86,21.98,21.68,21.76,3360779.0,21.776,16477,False
2018-12-04 00:00:00+00:00,21.82,21.87,21.41,21.41,2222781.0,21.574,13250,False
2018-12-06 00:00:00+00:00,21.31,21.89,21.15,21.89,4329430.0,21.508,17981,False
2018-12-07 00:00:00+00:00,22.01,22.07,21.42,21.53,3447241.0,21.635,16211,False
2018-12-10 00:00:00+00:00,21.47,21.53,20.7,20.92,4534628.0,20.904,20257,False
2018-12-11 00:00:00+00:00,21.05,21.27,20.85,20.94,3393633.0,21.131,14002,False
2018-12-12 00:00:00+00:00,21.08,21.1,20.62,20.65,1681146.0,20.831,9744,False
2018-12-13 00:00:00+00:00,20.64,20.91,20.57,20.66,2972617.0,20.7,12589,False
2018-12-14 00:00:00+00:00,20.53,20.79,20.49,20.64,1848429.0,20.607,9515,False
2018-12-17 00:00:00+00:00,20.65,20.79,19.72,19.74,4027315.0,20.014,19661,False
2018-12-18 00:00:00+00:00,19.8,19.94,19.61,19.8,3068993.0,19.783,13594,False
2018-12-19 00:00:00+00:00,19.84,19.97,19.54,19.6,3035400.0,19.75,16040,False
2018-12-20 00:00:00+00:00,19.6,19.75,18.85,19.1,3369487.0,19.187,20139,False
2018-12-21 00:00:00+00:00,19.08,19.23,18.59,18.65,3758817.0,18.791,18627,False
2018-12-24 00:00:00+00:00,18.5,18.62,17.92,18.02,1131720.0,18.177,7072,False
2018-12-26 00:00:00+00:00,18.1,18.6,17.89,18.59,3090554.0,18.249,17520,False
2018-12-27 00:00:00+00:00,18.15,18.35,17.64,18.35,3032203.0,18.06,18949,False
2018-12-28 00:00:00+00:00,18.41,18.61,18.23,18.57,2513783.0,18.417,15619,False
2018-12-31 00:00:00+00:00,18.56,18.78,18.38,18.78,2977366.0,18.571,16219,False
2019-01-02 00:00:00+00:00,18.61,18.65,18.33,18.48,2040844.0,18.522,11899,False
2019-01-03 00:00:00+00:00,18.49,19.01,18.47,18.77,3017518.0,18.773,16261,False
2019-01-04 00:00:00+00:00,18.92,19.19,18.89,18.98,4055438.0,19.072,16353,False
2019-01-07 00:00:00+00:00,19.09,19.24,18.94,19.03,2293078.0,19.087,11295,False
2019-01-08 00:00:00+00:00,19.25,19.66,19.22,19.61,3178567.0,19.446,10542,False
2019-01-09 00:00:00+00:00,19.69,19.91,19.57,19.87,2203132.0,19.794,8644,False
2019-01-10 00:00:00+00:00,19.92,20.23,19.91,20.07,3540149.0,20.048,13649,False
2019-01-11 00:00:00+00:00,20.08,20.39,20.05,20.3,2492566.0,20.278,9890,False
2019-01-14 00:00:00+00:00,20.21,20.5,20.18,20.45,1508756.0,20.365,8634,False
2019-01-15 00:00:00+00:00,20.43,20.64,20.41,20.58,1955271.0,20.537,9944,False
2019-01-16 00:00:00+00:00,20.8,20.98,20.69,20.87,2320018.0,20.862,9752,False
2019-01-17 00:00:00+00:00,20.89,21.02,20.86,20.99,2316487.0,20.963,8427,False
2019-01-18 00:00:00+00:00,21.05,21.11,20.85,21.11,2474518.0,20.982,5742,False
2019-01-22 00:00:00+00:00,21.12,21.13,20.86,20.96,1358181.0,20.991,7658,False
2019-01-23 00:00:00+00:00,20.96,21.17,20.9,21.02,3622305.0,21.066,9722,False
2019-01-24 00:00:00+00:00,21.06,21.3,21.0,21.13,3090853.0,21.168,10887,False
2019-01-25 00:00:00+00:00,21.26,21.5,21.22,21.45,3059689.0,21.339,10875,False
2019-01-28 00:00:00+00:00,21.41,21.6,21.3,21.46,2884250.0,21.498,7870,False
2019-01-29 00:00:00+00:00,21.56,21.61,21.38,21.51,2828948.0,21.543,8554,False
2019-01-30 00:00:00+00:00,21.51,21.59,21.35,21.39,3349816.0,21.465,10461,False
2019-01-31 00:00:00+00:00,21.33,21.58,21.3,21.53,3459338.0,21.497,14916,False
2019-02-01 00:00:00+00:00,21.56,21.75,21.36,21.64,1960941.0,21.517,10888,False
2019-02-04 00:00:00+00:00,21.58,21.61,21.48,21.52,2097712.0,21.539,8222,False
2019-02-05 00:00:00+00:00,21.5,21.56,21.35,21.52,5342111.0,21.448,14052,False
2019-02-06 00:00:00+00:00,21.55,21.56,21.32,21.46,3510908.0,21.418,13623,False
2019-02-07 00:00:00+00:00,21.46,21.56,21.36,21.46,3518929.0,21.463,12327,False
2019-02-08 00:00:00+00:00,21.45,21.71,21.45,21.69,4902654.0,21.571,15186,False
2019-02-11 00:00:00+00:00,21.73,21.75,21.6,21.71,2712531.0,21.716,8840,False
2019-02-12 00:00:00+00:00,21.77,21.8,21.5,21.56,2129231.0,21.611,10558,False
2019-02-13 00:00:00+00:00,21.56,21.66,21.47,21.57,3532165.0,21.58,14531,False
2019-02-14 00:00:00+00:00,21.55,21.67,21.33,21.66,2508751.0,21.577,14002,False
2019-02-15 00:00:00+00:00,21.56,21.71,21.28,21.38,2569929.0,21.446,14605,False
2019-02-19 00:00:00+00:00,21.35,21.49,21.25,21.32,2143114.0,21.374,12712,False
2019-02-20 00:00:00+00:00,21.3,21.52,21.27,21.49,1758911.0,21.411,9653,False
2019-02-21 00:00:00+00:00,21.48,21.69,21.36,21.66,1941400.0,21.541,10247,False
2019-02-22 00:00:00+00:00,21.65,21.81,21.39,21.47,1638854.0,21.561,9006,False
2019-02-25 00:00:00+00:00,21.43,21.57,21.3,21.36,1782853.0,21.413,8350,False
2019-02-26 00:00:00+00:00,21.41,21.43,21.26,21.26,1010351.0,21.354,4923,False
2019-02-27 00:00:00+00:00,21.18,21.31,21.1,21.23,1115682.0,21.218,7189,False
2019-02-28 00:00:00+00:00,21.25,21.36,21.08,21.31,1809266.0,21.237,9261,False
2019-03-01 00:00:00+00:00,21.31,21.33,20.9,21.06,2296365.0,21.04,13619,False
2019-03-04 00:00:00+00:00,21.1,21.32,21.0,21.31,1454694.0,21.13,7613,False
2019-03-05 00:00:00+00:00,21.26,21.42,21.04,21.1,1283748.0,21.207,8957,False
2019-03-06 00:00:00+00:00,21.04,21.14,20.91,21.03,991807.0,21.027,7074,False
2019-03-07 00:00:00+00:00,21.06,21.18,20.88,20.94,1180321.0,21.026,7374,False
2019-03-08 00:00:00+00:00,20.89,21.29,20.85,21.16,1682819.0,21.16,10087,False
2019-03-11 00:00:00+00:00,21.26,21.52,21.26,21.47,1679245.0,21.432,8817,False
2019-03-12 00:00:00+00:00,21.5,21.57,21.35,21.46,1392795.0,21.481,8104,False
2019-03-13 00:00:00+00:00,21.53,21.65,21.25,21.48,7029543.0,21.311,9217,False
2019-03-14 00:00:00+00:00,21.51,21.55,21.37,21.42,2043231.0,21.427,10399,False
2019-03-15 00:00:00+00:00,21.45,21.6,21.44,21.54,2731409.0,21.518,12357,False
2019-03-18 00:00:00+00:00,21.51,21.62,21.36,21.48,2740266.0,21.472,10621,False
2019-03-19 00:00:00+00:00,21.49,21.54,21.32,21.39,1720260.0,21.459,7800,False
2019-03-20 00:00:00+00:00,21.37,21.67,21.22,21.45,2001755.0,21.466,10446,False
2019-03-21 00:00:00+00:00,21.44,21.78,21.35,21.76,2337372.0,21.7,10012,False
2019-03-22 00:00:00+00:00,21.78,21.94,21.69,21.9,2468093.0,21.841,12452,False
2019-03-25 00:00:00+00:00,21.9,21.95,21.73,21.91,1759386.0,21.858,8780,False
2019-03-26 00:00:00+00:00,21.96,22.09,21.89,22.09,2516190.0,21.987,8458,False
2019-03-27 00:00:00+00:00,22.1,22.14,21.82,21.96,1976108.0,21.937,9011,False
2019-03-28 00:00:00+00:00,21.68,21.87,21.64,21.8,2022759.0,21.759,9317,False
2019-03-29 00:00:00+00:00,21.89,21.94,21.73,21.88,2015136.0,21.821,9474,False
2019-04-01 00:00:00+00:00,21.89,21.98,21.59,21.79,1622754.0,21.716,9211,False
2019-04-02 00:00:00+00:00,21.82,21.87,21.56,21.79,1225569.0,21.782,6893,False
2019-04-03 00:00:00+00:00,21.81,22.02,21.69,21.92,2157858.0,21.92,7946,False
2019-04-04 00:00:00+00:00,21.97,21.97,21.79,21.93,2222417.0,21.874,8668,False
2019-04-05 00:00:00+00:00,21.94,22.19,21.94,22.12,2607992.0,22.071,11703,False
2019-04-08 00:00:00+00:00,22.16,22.16,21.98,22.08,2572653.0,22.077,10912,False
2019-04-09 00:00:00+00:00,22.08,22.21,22.03,22.03,2320137.0,22.139,10425,False
2019-04-10 00:00:00+00:00,22.06,22.25,22.06,22.24,3439865.0,22.22,9731,False
2019-04-11 00:00:00+00:00,22.24,22.33,22.07,22.18,1844639.0,22.188,8227,False
2019-04-12 00:00:00+00:00,22.19,22.25,22.09,22.15,1722209.0,22.18,9279,False
2019-04-15 00:00:00+00:00,22.17,22.25,22.05,22.25,1359232.0,22.194,7024,False
2019-04-16 00:00:00+00:00,22.25,22.26,21.93,22.0,1954494.0,22.073,8201,False
2019-04-17 00:00:00+00:00,22.05,22.05,21.69,21.86,1892941.0,21.857,9729,False
2019-04-18 00:00:00+00:00,21.96,21.98,21.77,21.9,1380065.0,21.863,7786,False
2019-04-22 00:00:00+00:00,21.87,21.9,21.51,21.75,1315510.0,21.64,6382,False
2019-04-23 00:00:00+00:00,21.82,22.16,21.79,22.13,1433086.0,22.045,8695,False
2019-04-24 00:00:00+00:00,22.25,22.49,22.2,22.48,4519044.0,22.361,12515,False
2019-04-25 00:00:00+00:00,22.49,22.6,22.36,22.59,3583768.0,22.506,17472,False
2019-04-26 00:00:00+00:00,22.52,22.77,22.51,22.75,3737923.0,22.647,12810,False
2019-04-29 00:00:00+00:00,22.79,22.81,22.53,22.6,1895404.0,22.652,7941,False
2019-04-30 00:00:00+00:00,22.54,22.85,22.46,22.8,2290314.0,22.728,10757,False
2019-05-01 00:00:00+00:00,22.85,22.99,22.66,22.83,3787799.0,22.837,16169,False
2019-05-02 00:00:00+00:00,22.75,23.02,22.42,22.83,4116997.0,22.87,14670,False
2019-05-03 00:00:00+00:00,22.91,22.99,22.64,22.86,1789136.0,22.814,9521,False
2019-05-06 00:00:00+00:00,22.76,22.81,22.58,22.75,1781899.0,22.709,10320,False
2019-05-07 00:00:00+00:00,22.73,22.75,22.24,22.4,1581705.0,22.432,8701,False
2019-05-08 00:00:00+00:00,22.33,22.48,22.14,22.22,1794595.0,22.29,8486,False
2019-05-09 00:00:00+00:00,22.19,22.22,21.78,22.07,2816659.0,21.968,13913,False
2019-05-10 00:00:00+00:00,22.06,22.42,21.91,22.42,2415063.0,22.135,11385,False
2019-05-13 00:00:00+00:00,22.25,22.49,22.11,22.45,1903909.0,22.352,12276,False
2019-05-14 00:00:00+00:00,22.45,22.45,21.95,22.26,5271182.0,22.243,24711,False
2019-05-15 00:00:00+00:00,22.26,22.37,22.14,22.3,1153056.0,22.283,7487,False
2019-05-16 00:00:00+00:00,22.32,22.7,22.25,22.64,2054005.0,22.549,9519,False
2019-05-17 00:00:00+00:00,22.49,22.64,22.31,22.63,1682002.0,22.52,9609,False
2019-05-20 00:00:00+00:00,22.63,22.63,22.23,22.3,1502680.0,22.422,7064,False
2019-05-21 00:00:00+00:00,22.3,22.42,22.26,22.37,896460.0,22.333,5897,False
2019-05-22 00:00:00+00:00,22.28,22.48,22.25,22.48,553166.0,22.369,3744,False
2019-05-23 00:00:00+00:00,22.42,22.6,22.32,22.6,2924010.0,22.431,10746,False
2019-05-24 00:00:00+00:00,22.67,22.86,22.63,22.77,1840419.0,22.759,6608,False
2019-05-28 00:00:00+00:00,22.88,22.92,22.57,22.57,2363174.0,22.741,9289,False
2019-05-29 00:00:00+00:00,22.55,22.58,22.25,22.38,1287573.0,22.368,6202,False
2019-05-30 00:00:00+00:00,22.38,22.56,22.28,22.36,1412360.0,22.413,5846,False
2019-05-31 00:00:00+00:00,22.19,22.4,22.06,22.18,2596961.0,22.252,9290,False
2019-06-03 00:00:00+00:00,22.23,22.37,22.0,22.1,2200391.0,22.154,11773,False
2019-06-04 00:00:00+00:00,22.15,22.16,21.64,21.85,1878478.0,21.812,9129,False
2019-06-05 00:00:00+00:00,21.92,22.39,21.89,22.38,1443245.0,22.157,7325,False
2019-06-06 00:00:00+00:00,22.42,22.57,22.2,22.5,1741169.0,22.374,8757,False
2019-06-07 00:00:00+00:00,22.57,22.6,22.15,22.15,1766665.0,22.359,8051,False
2019-06-10 00:00:00+00:00,22.21,22.31,22.07,22.29,1253320.0,22.215,6083,False
2019-06-11 00:00:00+00:00,22.45,22.59,22.29,22.39,1490352.0,22.402,8027,False
2019-06-12 00:00:00+00:00,22.45,22.54,22.22,22.43,1198644.0,22.321,5806,False
2019-06-13 00:00:00+00:00,22.4,22.54,22.31,22.54,974776.0,22.412,4428,False
2019-06-14 00:00:00+00:00,22.48,22.75,22.48,22.73,755600.0,22.605,3765,False
2019-06-17 00:00:00+00:00,22.75,22.92,22.73,22.8,2967689.0,22.811,10952,False
2019-06-18 00:00:00+00:00,22.83,23.0,22.69,22.75,2777134.0,22.801,12472,False
2019-06-19 00:00:00+00:00,22.69,23.05,22.68,22.88,2196507.0,22.849,8630,False
2019-06-20 00:00:00+00:00,22.98,23.27,22.87,23.01,1726234.0,23.1,9319,False
2019-06-21 00:00:00+00:00,23.04,23.04,22.72,22.79,2220735.0,22.853,10096,False
2019-06-24 00:00:00+00:00,22.32,22.49,22.15,22.28,7510569.0,22.316,26802,False
2019-06-25 00:00:00+00:00,22.3,22.38,21.7,21.8,5321173.0,21.931,24551,False
2019-06-26 00:00:00+00:00,21.95,22.17,21.58,21.58,27258061.0,21.836,96390,False
2019-06-27 00:00:00+00:00,21.4,21.8,21.4,21.71,11359916.0,21.657,45109,False
2019-06-28 00:00:00+00:00,21.73,22.05,21.69,22.04,8870031.0,21.932,40933,False
2019-07-01 00:00:00+00:00,22.31,22.31,21.73,22.29,6376067.0,22.047,25400,False
2019-07-02 00:00:00+00:00,22.29,22.55,22.26,22.49,4316209.0,22.434,18487,False
2019-07-03 00:00:00+00:00,22.53,22.74,22.44,22.74,2724899.0,22.572,12910,False
2019-07-05 00:00:00+00:00,22.63,22.63,22.13,22.32,3306810.0,22.293,14674,False
2019-07-08 00:00:00+00:00,22.26,22.36,22.01,22.15,4436681.0,22.115,21639,False
2019-07-09 00:00:00+00:00,22.19,22.28,21.89,22.24,3944953.0,22.091,18749,False
2019-07-10 00:00:00+00:00,22.35,22.48,22.11,22.31,3271562.0,22.313,14571,False
2019-07-11 00:00:00+00:00,22.33,22.46,22.02,22.08,3872704.0,22.105,16823,False
2019-07-12 00:00:00+00:00,22.07,22.31,21.99,22.27,5301770.0,22.167,19297,False
2019-07-15 00:00:00+00:00,22.31,22.51,22.26,22.49,4225532.0,22.426,16400,False
2019-07-16 00:00:00+00:00,22.4,22.5,22.1,22.23,3730917.0,22.301,13853,False
2019-07-17 00:00:00+00:00,22.28,22.35,21.85,21.89,5244989.0,22.029,17044,False
2019-07-18 00:00:00+00:00,21.83,22.02,21.71,21.99,2615639.0,21.865,13257,False
2019-07-19 00:00:00+00:00,21.99,22.03,21.55,21.64,2724006.0,21.695,12814,False
2019-07-22 00:00:00+00:00,21.58,21.72,21.53,21.57,2521727.0,21.608,13555,False
2019-07-23 00:00:00+00:00,21.6,21.63,21.17,21.46,5871336.0,21.371,24924,False
2019-07-24 00:00:00+00:00,21.39,21.5,21.2,21.45,3415010.0,21.363,10231,False
2019-07-25 00:00:00+00:00,21.45,21.51,21.27,21.28,4746743.0,21.405,13080,False
2019-07-26 00:00:00+00:00,21.34,21.42,21.24,21.37,3403921.0,21.316,11115,False
2019-07-29 00:00:00+00:00,21.36,21.45,21.22,21.27,3410507.0,21.316,13326,False
2019-07-30 00:00:00+00:00,21.14,21.61,20.98,21.49,7196604.0,21.341,23287,False
2019-07-31 00:00:00+00:00,21.53,21.59,21.18,21.34,2872677.0,21.435,14862,False
2019-08-01 00:00:00+00:00,21.43,21.64,20.94,20.97,4248390.0,21.176,18322,False
2019-08-02 00:00:00+00:00,20.98,21.25,20.73,21.23,2894438.0,21.005,13539,False
2019-08-05 00:00:00+00:00,21.05,21.06,20.66,20.85,3124438.0,20.881,13313,False
2019-08-06 00:00:00+00:00,20.96,21.1,20.72,20.86,2073243.0,20.847,12128,False
2019-08-07 00:00:00+00:00,20.79,21.08,20.5,20.98,5768378.0,20.676,13403,False
2019-08-08 00:00:00+00:00,21.07,21.19,20.9,21.19,2333071.0,21.096,13444,False
2019-08-09 00:00:00+00:00,21.22,21.26,20.92,21.17,1973707.0,21.077,9709,False
2019-08-12 00:00:00+00:00,21.23,21.3,21.07,21.23,2406436.0,21.192,9269,False
2019-08-13 00:00:00+00:00,21.05,21.45,21.05,21.26,1828652.0,21.281,8501,False
2019-08-14 00:00:00+00:00,21.34,21.36,20.66,20.66,2615223.0,20.866,13702,False
2019-08-15 00:00:00+00:00,20.68,20.98,20.5,20.57,2191295.0,20.612,10517,False
2019-08-16 00:00:00+00:00,20.6,20.87,20.47,20.73,2410230.0,20.7,10407,False
2019-08-19 00:00:00+00:00,20.87,21.15,20.8,21.11,2665993.0,20.993,9353,False
2019-08-20 00:00:00+00:00,21.14,21.14,20.73,20.73,2152525.0,20.923,8739,False
2019-08-21 00:00:00+00:00,20.87,21.02,20.78,20.96,1215040.0,20.932,7586,False
2019-08-22 00:00:00+00:00,21.02,21.29,21.02,21.27,1380828.0,21.17,7240,False
2019-08-23 00:00:00+00:00,21.22,21.34,20.93,21.0,1887251.0,21.061,7949,False
2019-08-26 00:00:00+00:00,21.43,21.69,21.4,21.68,4210301.0,21.545,16982,False
2019-08-27 00:00:00+00:00,21.84,21.96,21.77,21.78,3162759.0,21.883,15091,False
2019-08-28 00:00:00+00:00,21.79,21.92,21.77,21.8,1471313.0,21.832,7054,False
2019-08-29 00:00:00+00:00,21.91,22.1,21.88,22.08,1919264.0,22.012,8913,False
2019-08-30 00:00:00+00:00,22.19,22.21,22.09,22.16,2237157.0,22.152,10594,False
2019-09-03 00:00:00+00:00,22.08,22.19,22.03,22.16,2260586.0,22.117,11533,False
2019-09-04 00:00:00+00:00,22.26,22.29,22.12,22.18,3086208.0,22.211,10324,False
2019-09-05 00:00:00+00:00,22.22,22.4,22.1,22.19,3213860.0,22.255,12710,False
2019-09-06 00:00:00+00:00,22.19,22.33,22.19,22.31,2070747.0,22.283,7414,False
2019-09-09 00:00:00+00:00,22.28,22.37,21.79,21.95,2795228.0,22.057,13596,False
2019-09-10 00:00:00+00:00,21.89,21.96,21.61,21.79,2338089.0,21.79,12326,False
2019-09-11 00:00:00+00:00,21.77,22.02,21.73,21.96,1554225.0,21.916,9258,False
2019-09-12 00:00:00+00:00,22.05,22.17,21.94,22.0,1484107.0,22.024,7018,False
2019-09-13 00:00:00+00:00,22.09,22.19,21.69,21.76,1272570.0,21.864,7221,False
2019-09-16 00:00:00+00:00,21.74,22.17,21.73,22.1,1852025.0,22.04,9439,False
2019-09-17 00:00:00+00:00,22.16,22.41,22.11,22.34,2990225.0,22.259,12310,False
2019-09-18 00:00:00+00:00,22.4,22.54,22.3,22.46,3224997.0,22.462,13950,False
2019-09-19 00:00:00+00:00,22.56,22.77,22.46,22.72,4922983.0,22.654,15098,False
2019-09-20 00:00:00+00:00,22.73,22.95,22.66,22.94,6287290.0,22.827,21634,False
2019-09-23 00:00:00+00:00,23.0,23.0,22.69,22.92,3287334.0,22.888,14150,False
2019-09-24 00:00:00+00:00,22.91,23.02,22.86,22.98,4138874.0,22.95,15974,False
2019-09-25 00:00:00+00:00,22.92,23.06,22.63,23.04,3424991.0,22.897,14936,False
2019-09-26 00:00:00+00:00,22.79,22.86,22.38,22.5,3303203.0,22.611,14422,False
2019-09-27 00:00:00+00:00,22.56,22.63,22.33,22.51,2302888.0,22.464,9097,False
2019-09-30 00:00:00+00:00,22.52,22.73,22.47,22.65,2334774.0,22.623,12070,False
2019-10-01 00:00:00+00:00,22.63,22.76,22.49,22.59,1546890.0,22.629,8429,False
2019-10-02 00:00:00+00:00,22.57,22.66,22.46,22.61,2304830.0,22.548,10230,False
2019-10-03 00:00:00+00:00,22.61,22.85,22.37,22.85,2394736.0,22.686,10449,False
2019-10-04 00:00:00+00:00,22.85,22.96,22.72,22.95,2080146.0,22.841,8578,False
2019-10-07 00:00:00+00:00,22.95,23.07,22.74,23.04,5295110.0,22.982,14605,False
2019-10-08 00:00:00+00:00,22.99,23.06,22.74,23.06,2991694.0,22.949,12146,False
2019-10-09 00:00:00+00:00,23.12,23.17,22.93,22.98,2054509.0,23.034,10048,False
2019-10-10 00:00:00+00:00,22.96,23.07,22.86,23.06,2534770.0,23.009,10807,False
2019-10-11 00:00:00+00:00,23.14,23.17,22.88,22.95,3786050.0,23.014,16493,False
2019-10-14 00:00:00+00:00,22.92,23.0,22.7,22.99,2439055.0,22.904,10576,False
2019-10-15 00:00:00+00:00,22.99,23.14,22.93,23.12,3867726.0,23.054,15951,False
2019-10-16 00:00:00+00:00,23.17,23.42,23.04,23.06,5201941.0,23.22,18297,False
2019-10-17 00:00:00+00:00,23.05,23.23,23.03,23.14,3400617.0,23.149,12114,False
2019-10-18 00:00:00+00:00,23.13,23.26,23.08,23.14,2939439.0,23.172,11470,False
2019-10-21 00:00:00+00:00,23.14,23.51,23.1,23.49,3753974.0,23.369,14807,False
2019-10-22 00:00:00+00:00,23.5,23.65,23.4,23.6,3578514.0,23.549,13546,False
2019-10-23 00:00:00+00:00,23.55,23.8,23.47,23.65,5204205.0,23.639,16503,False
2019-10-24 00:00:00+00:00,23.66,23.76,23.51,23.71,2786571.0,23.666,11938,False
2019-10-25 00:00:00+00:00,23.66,23.86,23.53,23.66,3637149.0,23.727,15293,False
2019-10-28 00:00:00+00:00,23.7,23.82,23.56,23.77,3941909.0,23.725,14893,False
2019-10-29 00:00:00+00:00,23.78,23.96,23.73,23.74,3457501.0,23.862,14316,False
2019-10-30 00:00:00+00:00,23.79,23.99,23.72,23.99,3351036.0,23.901,14914,False
2019-10-31 00:00:00+00:00,23.99,24.01,23.54,23.55,4982065.0,23.774,19208,False
2019-11-01 00:00:00+00:00,23.79,24.6,23.74,24.53,8559088.0,24.273,35291,False
2019-11-04 00:00:00+00:00,24.6,24.73,24.42,24.58,3594007.0,24.619,18960,False
2019-11-05 00:00:00+00:00,24.5,24.55,23.79,24.06,3903964.0,24.11,17162,False
2019-11-06 00:00:00+00:00,24.12,24.33,24.03,24.18,3695490.0,24.169,17516,False
2019-11-07 00:00:00+00:00,24.15,24.17,23.96,23.99,2929673.0,24.022,14803,False
2019-11-08 00:00:00+00:00,23.9,24.36,23.85,24.28,3253427.0,24.203,18973,False
2019-11-11 00:00:00+00:00,24.35,24.8,24.31,24.58,3675480.0,24.634,17593,False
2019-11-12 00:00:00+00:00,24.65,24.75,24.27,24.38,2677592.0,24.48,13810,False
2019-11-13 00:00:00+00:00,24.31,24.62,24.28,24.35,2958998.0,24.429,11938,False
2019-11-14 00:00:00+00:00,24.4,24.6,24.36,24.59,2904940.0,24.504,14421,False
2019-11-15 00:00:00+00:00,24.58,24.64,24.46,24.64,2035557.0,24.552,10135,False
2019-11-18 00:00:00+00:00,24.66,24.76,24.48,24.56,2231765.0,24.635,10751,False
2019-11-19 00:00:00+00:00,24.5,24.54,24.27,24.48,5773808.0,24.403,23484,False
2019-11-20 00:00:00+00:00,24.41,24.72,24.41,24.7,4597746.0,24.593,17494,False
2019-11-21 00:00:00+00:00,24.7,24.74,24.31,24.35,3284287.0,24.536,12844,False
2019-11-22 00:00:00+00:00,24.41,24.53,24.16,24.32,3075144.0,24.283,15369,False
2019-11-25 00:00:00+00:00,24.42,24.75,24.33,24.48,4451333.0,24.509,18553,False
2019-11-26 00:00:00+00:00,24.5,24.63,24.41,24.6,4621029.0,24.555,17915,False
2019-11-27 00:00:00+00:00,24.54,24.9,24.51,24.89,1994392.0,24.755,11180,False
2019-11-29 00:00:00+00:00,24.81,24.94,24.7,24.73,672789.0,24.815,4198,False
2019-12-02 00:00:00+00:00,24.67,24.72,24.32,24.47,3402520.0,24.515,11962,False
2019-12-03 00:00:00+00:00,24.36,24.73,24.35,24.66,2775071.0,24.638,13223,False
2019-12-04 00:00:00+00:00,24.57,24.83,24.48,24.48,2504311.0,24.673,10369,False
2019-12-05 00:00:00+00:00,24.52,24.78,24.5,24.7,3409696.0,24.676,12464,False
2019-12-06 00:00:00+00:00,24.74,24.97,24.61,24.94,2585285.0,24.897,9860,False
2019-12-09 00:00:00+00:00,24.94,25.01,24.84,24.92,1861343.0,24.919,7758,False
2019-12-10 00:00:00+00:00,24.88,25.02,24.76,24.9,4442089.0,24.904,11900,False
2019-12-11 00:00:00+00:00,24.9,25.05,24.58,24.69,2021014.0,24.723,11851,False
2019-12-12 00:00:00+00:00,24.78,24.95,24.48,24.65,2277075.0,24.659,11786,False
2019-12-13 00:00:00+00:00,24.63,24.76,24.27,24.33,4886394.0,24.41,18992,False
2019-12-16 00:00:00+00:00,24.35,24.67,24.14,24.61,3820362.0,24.414,13964,False
2019-12-17 00:00:00+00:00,24.65,24.99,24.57,24.85,2457855.0,24.839,11138,False
2019-12-18 00:00:00+00:00,24.87,25.12,24.79,25.03,3319117.0,24.996,9447,False
2019-12-19 00:00:00+00:00,25.1,25.32,24.99,25.32,3472210.0,25.211,11428,False
2019-12-20 00:00:00+00:00,25.54,25.54,25.27,25.36,2060017.0,25.373,9461,False
2019-12-23 00:00:00+00:00,25.46,25.48,25.24,25.34,1567005.0,25.321,7855,False
2019-12-24 00:00:00+00:00,25.3,25.37,25.14,25.2,886433.0,25.265,4437,False
2019-12-26 00:00:00+00:00,25.0,25.14,24.93,25.03,996308.0,25.018,5009,False
2019-12-27 00:00:00+00:00,25.14,25.24,25.03,25.24,872730.0,25.157,4822,False
2019-12-30 00:00:00+00:00,25.22,25.3,25.1,25.28,1019595.0,25.22,4940,False
2019-12-31 00:00:00+00:00,25.32,25.55,25.28,25.55,1040204.0,25.447,5965,False
2020-01-02 00:00:00+00:00,25.62,25.66,25.03,25.28,1460568.0,25.221,8415,False
2020-01-03 00:00:00+00:00,25.16,25.38,25.07,25.3,1431887.0,25.258,7956,False
2020-01-06 00:00:00+00:00,25.21,25.34,24.97,25.04,2403197.0,25.051,11841,False
2020-01-07 00:00:00+00:00,24.93,25.08,24.71,24.94,2532169.0,24.879,13145,False
2020-01-08 00:00:00+00:00,24.99,25.15,24.74,25.1,3509825.0,24.958,15997,False
2020-01-09 00:00:00+00:00,25.05,25.37,25.02,25.35,2855311.0,25.216,12717,False
2020-01-10 00:00:00+00:00,25.43,25.49,25.29,25.37,2769927.0,25.401,12339,False
2020-01-13 00:00:00+00:00,25.4,25.43,25.23,25.35,2626122.0,25.359,12160,False
2020-01-14 00:00:00+00:00,25.36,25.59,25.26,25.47,2551492.0,25.449,12184,False
2020-01-15 00:00:00+00:00,25.65,26.14,25.5,25.98,4176927.0,25.942,15783,False
2020-01-16 00:00:00+00:00,26.13,26.25,26.05,26.19,2483410.0,26.175,10006,False
2020-01-17 00:00:00+00:00,26.19,26.42,26.13,26.27,1848939.0,26.277,9826,False
2020-01-21 00:00:00+00:00,26.29,26.57,26.28,26.37,2089327.0,26.43,10524,False
2020-01-22 00:00:00+00:00,26.44,26.68,26.43,26.55,1952295.0,26.581,8689,False
2020-01-23 00:00:00+00:00,26.55,26.76,26.46,26.61,2260598.0,26.668,9278,False
2020-01-24 00:00:00+00:00,26.65,26.86,26.55,26.65,1803678.0,26.691,8735,False
2020-01-27 00:00:00+00:00,26.52,26.52,26.2,26.37,2847452.0,26.317,11182,False
2020-01-28 00:00:00+00:00,26.42,26.47,26.27,26.31,1458692.0,26.379,7727,False
2020-01-29 00:00:00+00:00,26.4,26.74,26.3,26.73,1658943.0,26.578,7652,False
2020-01-30 00:00:00+00:00,26.6,27.13,26.56,26.83,4303970.0,26.887,13845,False
2020-01-31 00:00:00+00:00,26.81,26.94,26.6,26.8,2308999.0,26.731,11871,False
2020-02-03 00:00:00+00:00,26.78,27.02,26.72,26.85,1745450.0,26.86,9034,False
2020-02-04 00:00:00+00:00,26.97,27.16,26.95,27.03,1736216.0,27.043,9078,False
2020-02-05 00:00:00+00:00,27.06,27.17,26.8,26.96,4543421.0,26.956,12700,False
2020-02-06 00:00:00+00:00,27.03,27.31,26.88,27.15,2367156.0,27.104,8827,False
2020-02-07 00:00:00+00:00,27.21,27.21,27.01,27.12,1382553.0,27.119,7142,False
2020-02-10 00:00:00+00:00,27.24,27.48,27.05,27.48,1831537.0,27.264,8000,False
2020-02-11 00:00:00+00:00,27.49,27.7,27.44,27.69,2707191.0,27.591,11695,False
2020-02-12 00:00:00+00:00,27.67,27.87,27.49,27.72,2228391.0,27.711,11281,False
2020-02-13 00:00:00+00:00,27.65,27.89,27.63,27.89,2290340.0,27.798,8859,False
2020-02-14 00:00:00+00:00,27.93,28.11,27.83,28.11,2463502.0,27.997,9229,False
2020-02-18 00:00:00+00:00,28.09,28.14,27.75,27.88,2176046.0,27.907,10446,False
2020-02-19 00:00:00+00:00,27.87,27.92,27.37,27.47,2604864.0,27.582,10870,False
2020-02-20 00:00:00+00:00,27.51,28.16,27.48,28.13,3843655.0,27.962,16289,False
2020-02-21 00:00:00+00:00,28.38,28.75,27.79,28.15,3597005.0,28.049,18121,False
2020-02-24 00:00:00+00:00,27.81,27.94,27.47,27.5,3675131.0,27.639,17270,False
2020-02-25 00:00:00+00:00,27.56,27.69,26.61,26.69,4249495.0,27.027,19597,False
2020-02-26 00:00:00+00:00,26.69,27.11,25.61,25.64,8520881.0,26.056,35918,False
2020-02-27 00:00:00+00:00,25.26,25.6,24.23,24.8,8589277.0,24.968,38078,False
2020-02-28 00:00:00+00:00,24.08,25.06,23.61,25.06,8274212.0,24.541,36479,False
2020-03-02 00:00:00+00:00,25.17,25.32,24.06,24.66,4541680.0,24.445,22137,False
2020-03-03 00:00:00+00:00,25.02,25.52,24.6,24.72,5367595.0,25.064,30995,False
2020-03-04 00:00:00+00:00,25.0,25.66,24.8,25.65,3721832.0,25.219,19203,False
2020-03-05 00:00:00+00:00,25.19,25.27,24.5,24.9,4789860.0,24.892,23354,False
2020-03-06 00:00:00+00:00,24.36,24.59,23.72,24.22,4128730.0,24.092,22009,False
2020-03-09 00:00:00+00:00,22.9,23.04,21.55,21.67,3616882.0,22.211,23586,False
2020-03-10 00:00:00+00:00,22.28,23.03,21.54,23.02,3218126.0,22.204,16317,False
2020-03-11 00:00:00+00:00,22.45,22.48,20.58,20.62,4039184.0,21.217,23732,False
2020-03-12 00:00:00+00:00,19.29,19.57,16.09,16.23,10068125.0,17.147,40646,False
2020-03-13 00:00:00+00:00,17.74,18.28,15.8,17.6,11822550.0,16.756,44421,False
2020-03-16 00:00:00+00:00,15.41,15.41,11.61,12.56,13217077.0,13.091,55649,False
2020-03-17 00:00:00+00:00,12.73,13.15,10.37,13.02,11920535.0,12.254,50519,False
2020-03-18 00:00:00+00:00,11.85,12.12,9.85,11.2,12146064.0,10.866,51215,False
2020-03-19 00:00:00+00:00,11.01,12.8,9.85,11.49,8980292.0,11.672,33388,False
2020-03-20 00:00:00+00:00,11.5,13.42,11.5,12.31,11725021.0,12.535,43414,False
2020-03-23 00:00:00+00:00,12.17,12.31,11.26,11.74,8138615.0,11.849,43636,False
2020-03-24 00:00:00+00:00,12.6,13.43,12.06,13.11,6864505.0,12.801,30136,False
2020-03-25 00:00:00+00:00,13.61,16.46,13.61,15.43,7320726.0,15.489,39222,False
2020-03-26 00:00:00+00:00,15.74,16.65,15.51,16.15,5300175.0,16.159,33901,False
2020-03-27 00:00:00+00:00,15.36,16.55,15.13,16.11,5394482.0,16.095,28158,False
2020-03-30 00:00:00+00:00,15.7,16.2,14.38,16.04,4310187.0,15.66,27959,False
2020-03-31 00:00:00+00:00,16.07,16.95,15.7,16.64,5506357.0,16.442,33968,False
2020-04-01 00:00:00+00:00,15.74,16.02,14.76,15.04,4880632.0,15.313,24424,False
2020-04-02 00:00:00+00:00,15.3,15.41,14.41,14.83,4110856.0,14.891,19274,False
2020-04-03 00:00:00+00:00,14.67,14.82,13.34,13.78,3342627.0,13.842,16537,False
2020-04-06 00:00:00+00:00,13.86,14.87,13.81,14.26,7688868.0,14.279,27244,False
2020-04-07 00:00:00+00:00,15.29,16.17,14.45,14.52,7526750.0,15.234,33849,False
2020-04-08 00:00:00+00:00,14.83,16.14,14.41,15.92,3734304.0,15.643,19903,False
2020-04-09 00:00:00+00:00,16.35,18.08,16.35,17.16,3991829.0,17.44,15419,False
2020-04-13 00:00:00+00:00,16.99,16.99,15.64,16.58,2579468.0,16.326,13450,False
2020-04-14 00:00:00+00:00,16.84,17.68,16.84,16.98,3029004.0,17.153,10882,False
2020-04-15 00:00:00+00:00,16.08,16.46,15.85,16.09,2237756.0,16.088,12923,False
2020-04-16 00:00:00+00:00,16.09,16.3,15.53,15.75,3388044.0,15.895,15608,False
2020-04-17 00:00:00+00:00,16.71,16.8,15.97,16.09,3412022.0,16.208,14712,False
2020-04-20 00:00:00+00:00,15.71,16.13,15.5,15.68,2411444.0,15.809,11727,False
2020-04-21 00:00:00+00:00,15.03,15.69,14.9,15.35,2151391.0,15.259,11837,False
2020-04-22 00:00:00+00:00,15.76,15.85,15.21,15.5,2314383.0,15.499,11771,False
2020-04-23 00:00:00+00:00,15.62,15.75,15.19,15.28,2612209.0,15.448,11583,False
2020-04-24 00:00:00+00:00,15.46,15.95,15.26,15.58,2597754.0,15.579,11278,False
2020-04-27 00:00:00+00:00,15.68,16.66,15.6,16.31,4703875.0,16.297,18536,False
2020-04-28 00:00:00+00:00,16.65,17.18,16.33,16.78,4452781.0,16.737,15157,False
2020-04-29 00:00:00+00:00,17.06,18.35,17.0,17.9,10779496.0,17.704,30492,False
2020-04-30 00:00:00+00:00,17.25,17.7,16.7,17.42,4902548.0,17.372,21222,False
2020-05-01 00:00:00+00:00,17.13,17.38,16.04,16.56,4611341.0,16.547,17839,False
2020-05-04 00:00:00+00:00,16.17,16.46,15.5,16.38,2958988.0,15.987,16987,False
2020-05-05 00:00:00+00:00,16.59,16.97,16.24,16.43,2293984.0,16.482,11197,False
2020-05-06 00:00:00+00:00,16.62,16.71,15.91,16.25,2560352.0,16.257,10918,False
2020-05-07 00:00:00+00:00,16.64,16.98,16.42,16.57,3856367.0,16.632,14114,False
2020-05-08 00:00:00+00:00,16.99,17.21,16.72,17.09,3107864.0,16.977,13519,False
2020-05-11 00:00:00+00:00,16.69,17.13,16.54,16.7,2932986.0,16.851,12557,False
2020-05-12 00:00:00+00:00,16.69,16.81,15.59,15.77,4521529.0,16.037,19978,False
2020-05-13 00:00:00+00:00,15.56,15.7,14.7,14.87,3931070.0,14.986,20398,False
2020-05-14 00:00:00+00:00,14.47,15.55,13.97,15.19,5739264.0,15.041,24830,False
2020-05-15 00:00:00+00:00,14.96,15.44,14.63,15.3,2888453.0,15.284,14248,False
2020-05-18 00:00:00+00:00,16.21,16.73,16.06,16.52,3672145.0,16.487,18984,False
2020-05-19 00:00:00+00:00,16.44,17.42,16.16,17.24,3017569.0,17.146,17254,False
2020-05-20 00:00:00+00:00,17.49,18.48,17.44,17.92,4110281.0,17.909,18918,False
2020-05-21 00:00:00+00:00,17.73,18.52,17.73,18.33,3245378.0,18.285,14293,False
2020-05-22 00:00:00+00:00,18.27,18.95,18.09,18.83,2693205.0,18.602,13554,False
2020-05-26 00:00:00+00:00,19.89,20.31,19.42,19.83,5002248.0,19.725,24954,False
2020-05-27 00:00:00+00:00,20.11,20.54,19.35,20.06,3587294.0,19.921,16117,False
2020-05-28 00:00:00+00:00,20.32,20.53,19.36,19.38,2808123.0,19.775,15397,False
2020-05-29 00:00:00+00:00,19.13,19.75,18.83,19.62,2835280.0,19.334,14656,False
2020-06-01 00:00:00+00:00,19.54,20.73,19.53,20.6,2774917.0,20.482,15621,False
2020-06-02 00:00:00+00:00,21.0,21.01,20.26,20.46,4675278.0,20.547,17990,False
2020-06-03 00:00:00+00:00,20.81,22.11,20.75,21.91,5162981.0,21.745,21028,False
2020-06-04 00:00:00+00:00,21.9,22.79,21.49,22.23,3990798.0,22.299,20912,False
2020-06-05 00:00:00+00:00,23.29,23.98,22.57,22.99,6885681.0,23.175,30269,False
2020-06-08 00:00:00+00:00,23.52,23.6,22.65,22.83,5414837.0,22.962,20627,False
2020-06-09 00:00:00+00:00,22.07,22.55,21.78,22.0,2413139.0,22.095,13624,False
2020-06-10 00:00:00+00:00,21.73,21.95,20.46,21.15,3793089.0,21.054,21889,False
2020-06-11 00:00:00+00:00,19.86,20.78,19.52,20.51,3919676.0,20.49,17920,False
2020-06-12 00:00:00+00:00,21.49,22.33,21.02,22.29,4418172.0,21.779,21817,False
2020-06-15 00:00:00+00:00,21.38,23.11,21.2,22.83,6198206.0,22.683,31416,False
2020-06-16 00:00:00+00:00,23.73,23.73,21.89,22.37,4125828.0,22.47,25167,False
2020-06-17 00:00:00+00:00,22.85,23.32,22.57,22.9,13403996.0,22.964,58134,False
2020-06-18 00:00:00+00:00,22.61,22.87,22.43,22.6,2683246.0,22.646,17896,False
2020-06-19 00:00:00+00:00,22.42,22.76,22.04,22.48,3635046.0,22.374,18704,False
2020-06-22 00:00:00+00:00,22.25,22.25,21.47,21.79,4580502.0,21.761,24938,False
2020-06-23 00:00:00+00:00,22.09,22.4,21.85,22.06,4541027.0,22.165,18757,False
2020-06-24 00:00:00+00:00,21.71,21.8,20.55,21.08,5119755.0,21.034,25289,False
2020-06-25 00:00:00+00:00,20.86,21.25,20.68,21.06,3560262.0,20.897,18837,False
2020-06-26 00:00:00+00:00,20.97,21.06,19.73,20.03,3491653.0,20.367,20296,False
2020-06-29 00:00:00+00:00,20.06,20.23,19.49,20.0,3558657.0,19.901,19625,False
2020-06-30 00:00:00+00:00,19.99,20.3,19.83,20.19,2687539.0,20.03,14618,False
2020-07-01 00:00:00+00:00,20.34,20.84,20.24,20.7,1623554.0,20.58,9621,False
2020-07-02 00:00:00+00:00,21.24,21.32,20.67,20.86,3201804.0,20.939,17592,False
2020-07-06 00:00:00+00:00,21.4,21.49,20.18,20.22,2151791.0,20.41,12538,False
2020-07-07 00:00:00+00:00,19.9,20.46,19.74,19.99,2124083.0,20.146,10772,False
2020-07-08 00:00:00+00:00,20.06,20.25,19.8,20.2,1717536.0,20.022,9785,False
2020-07-09 00:00:00+00:00,20.2,20.31,19.6,19.79,3812897.0,19.815,18964,False
2020-07-10 00:00:00+00:00,19.72,20.1,19.55,19.96,2746235.0,19.791,14624,False
2020-07-13 00:00:00+00:00,20.09,20.45,19.66,19.75,1796034.0,20.029,11217,False
2020-07-14 00:00:00+00:00,19.74,19.88,19.32,19.68,2362566.0,19.584,13179,False
2020-07-15 00:00:00+00:00,20.09,21.19,20.07,21.19,3222938.0,20.859,19271,False
2020-07-16 00:00:00+00:00,20.99,21.13,20.24,21.06,2881668.0,20.902,15470,False
2020-07-17 00:00:00+00:00,21.13,21.7,20.97,21.55,3741474.0,21.468,18560,False
2020-07-20 00:00:00+00:00,21.5,21.63,20.92,21.13,3641496.0,21.122,12538,False
2020-07-21 00:00:00+00:00,21.24,21.58,21.15,21.47,2646992.0,21.475,15162,False
2020-07-22 00:00:00+00:00,21.31,22.3,21.3,22.26,4243404.0,22.035,13949,False
2020-07-23 00:00:00+00:00,22.03,22.22,21.56,21.6,4179419.0,21.888,16617,False
2020-07-24 00:00:00+00:00,21.37,21.59,21.01,21.03,1784812.0,21.228,9904,False
2020-07-27 00:00:00+00:00,21.0,21.0,20.34,20.77,2605662.0,20.693,13917,False
2020-07-28 00:00:00+00:00,20.62,20.99,20.39,20.71,3243692.0,20.695,17943,False
2020-07-29 00:00:00+00:00,20.89,21.57,20.71,21.42,2514573.0,21.306,14730,False
2020-07-30 00:00:00+00:00,20.97,21.94,20.97,21.66,2093321.0,21.619,10921,False
2020-07-31 00:00:00+00:00,21.69,21.74,21.1,21.71,1761864.0,21.397,11281,False
2020-08-03 00:00:00+00:00,21.7,22.06,21.4,22.0,1678025.0,21.862,9729,False
2020-08-04 00:00:00+00:00,21.99,22.74,21.99,22.7,2077555.0,22.58,10970,False
2020-08-05 00:00:00+00:00,22.82,22.95,22.13,22.36,2369268.0,22.464,11969,False
2020-08-06 00:00:00+00:00,22.3,22.9,22.26,22.7,1809232.0,22.62,10538,False
2020-08-07 00:00:00+00:00,22.57,22.99,22.55,22.88,1252315.0,22.827,7731,False
2020-08-10 00:00:00+00:00,23.0,23.44,22.96,23.13,3862211.0,23.222,16118,False
2020-08-11 00:00:00+00:00,23.34,23.66,23.17,23.27,2936878.0,23.33,15781,False
2020-08-12 00:00:00+00:00,23.47,23.66,23.3,23.34,2241904.0,23.437,9764,False
2020-08-13 00:00:00+00:00,23.28,23.51,22.97,23.02,3988632.0,23.179,16006,False
2020-08-14 00:00:00+00:00,22.85,23.23,22.69,22.93,1477720.0,23.028,8554,False
2020-08-17 00:00:00+00:00,22.96,23.21,22.66,23.19,1944290.0,23.04,11125,False
2020-08-18 00:00:00+00:00,23.19,23.29,22.79,22.98,1363062.0,22.96,7660,False
2020-08-19 00:00:00+00:00,22.93,23.17,22.82,23.11,2481532.0,23.058,12890,False
2020-08-20 00:00:00+00:00,23.05,23.4,22.92,23.11,1293884.0,23.23,7698,False
2020-08-21 00:00:00+00:00,23.15,23.33,22.16,22.52,1714695.0,22.519,10345,False
2020-08-24 00:00:00+00:00,22.53,23.01,22.44,22.99,918293.0,22.771,5944,False
2020-08-25 00:00:00+00:00,23.01,23.15,22.7,22.9,836612.0,22.846,5563,False
2020-08-26 00:00:00+00:00,22.9,22.99,22.63,22.78,722711.0,22.759,4664,False
2020-08-27 00:00:00+00:00,22.82,23.4,22.82,23.14,2456440.0,23.168,12266,False
2020-08-28 00:00:00+00:00,23.25,23.34,22.84,22.98,2706826.0,22.976,10875,False
2020-08-31 00:00:00+00:00,23.03,23.03,22.33,22.34,2898138.0,22.482,15800,False
2020-09-01 00:00:00+00:00,22.18,23.38,22.04,23.37,2547082.0,23.104,15369,False
2020-09-02 00:00:00+00:00,23.31,23.61,22.67,23.59,1933789.0,23.308,10349,False
2020-09-03 00:00:00+00:00,23.66,23.74,22.79,22.92,2469310.0,23.17,12230,False
2020-09-04 00:00:00+00:00,23.11,23.65,22.33,22.88,2294298.0,22.747,13961,False
2020-09-08 00:00:00+00:00,22.62,23.56,22.5,23.28,2775246.0,23.293,16397,False
2020-09-09 00:00:00+00:00,23.44,23.91,23.28,23.77,2672879.0,23.66,14382,False
2020-09-10 00:00:00+00:00,23.73,24.4,23.68,23.75,2812677.0,23.994,17060,False
2020-09-11 00:00:00+00:00,24.06,24.13,23.72,24.06,2090880.0,24.005,12992,False
2020-09-14 00:00:00+00:00,24.14,24.94,24.07,24.81,2706837.0,24.697,14659,False
2020-09-15 00:00:00+00:00,25.02,25.78,24.9,25.42,4169255.0,25.492,21628,False
2020-09-16 00:00:00+00:00,25.77,26.06,25.04,25.1,5732974.0,25.493,28664,False
2020-09-17 00:00:00+00:00,25.14,25.18,24.2,24.47,3596733.0,24.609,19510,False
2020-09-18 00:00:00+00:00,24.3,24.53,23.62,23.81,4233410.0,23.893,22270,False
2020-09-21 00:00:00+00:00,23.39,23.51,22.71,23.01,2876544.0,23.0,17130,False
2020-09-22 00:00:00+00:00,22.97,23.82,22.91,23.26,3646483.0,23.437,17641,False
2020-09-23 00:00:00+00:00,23.25,23.57,22.81,22.81,3818590.0,23.137,18992,False
2020-09-24 00:00:00+00:00,22.81,23.34,22.65,23.03,2989271.0,22.996,15229,False
2020-09-25 00:00:00+00:00,22.93,23.57,22.91,23.56,2011725.0,23.391,10970,False
2020-09-28 00:00:00+00:00,24.22,24.34,23.84,24.19,1845425.0,24.188,9064,False
2020-09-29 00:00:00+00:00,23.75,23.77,23.21,23.39,2779831.0,23.439,15617,False
2020-09-30 00:00:00+00:00,23.55,23.94,23.2,23.37,3035514.0,23.602,15082,False
2020-10-01 00:00:00+00:00,23.63,23.75,23.26,23.72,3105245.0,23.545,15450,False
2020-10-02 00:00:00+00:00,23.23,24.16,23.12,24.06,3896569.0,23.757,13793,False
2020-10-05 00:00:00+00:00,24.33,24.42,23.78,24.25,1602882.0,24.063,10589,False
2020-10-06 00:00:00+00:00,24.36,24.43,23.66,23.85,3845928.0,24.09,17239,False
2020-10-07 00:00:00+00:00,24.0,24.1,23.68,23.72,2032389.0,23.843,10908,False
2020-10-08 00:00:00+00:00,23.89,24.18,23.76,24.02,1590758.0,23.984,9903,False
2020-10-09 00:00:00+00:00,24.25,24.38,23.56,23.64,3130843.0,23.736,14439,False
2020-10-12 00:00:00+00:00,23.83,23.91,23.59,23.87,1542200.0,23.8,8539,False
2020-10-13 00:00:00+00:00,23.69,23.84,23.51,23.71,1604769.0,23.709,9932,False
2020-10-14 00:00:00+00:00,23.76,23.95,23.53,23.68,1666967.0,23.704,8725,False
2020-10-15 00:00:00+00:00,23.34,24.0,23.34,23.94,1642553.0,23.797,9738,False
2020-10-16 00:00:00+00:00,23.85,24.03,23.67,23.68,1306173.0,23.834,7846,False
2020-10-19 00:00:00+00:00,23.98,23.98,23.09,23.15,1219591.0,23.377,7667,False
2020-10-20 00:00:00+00:00,23.34,23.55,23.2,23.27,841026.0,23.377,5500,False
2020-10-21 00:00:00+00:00,23.2,23.5,22.96,23.43,1548914.0,23.339,8902,False
2020-10-22 00:00:00+00:00,23.43,24.01,23.37,23.9,1442152.0,23.79,8464,False
2020-10-23 00:00:00+00:00,24.04,24.17,23.85,24.11,1137864.0,24.055,7380,False
2020-10-26 00:00:00+00:00,23.92,23.92,23.07,23.39,2118467.0,23.416,13868,False
2020-10-27 00:00:00+00:00,23.39,23.59,22.63,22.63,2335717.0,23.025,13256,False
2020-10-28 00:00:00+00:00,22.21,22.95,22.13,22.54,2408733.0,22.461,13838,False
2020-10-29 00:00:00+00:00,22.61,23.5,22.37,23.25,2343833.0,23.162,14207,False
2020-10-30 00:00:00+00:00,23.3,23.35,22.59,22.95,2051504.0,22.863,12337,False
2020-11-02 00:00:00+00:00,23.1,23.69,23.02,23.64,2126848.0,23.448,13365,False
2020-11-03 00:00:00+00:00,23.91,24.07,23.7,23.92,2039139.0,23.939,13680,False
2020-11-04 00:00:00+00:00,23.97,24.7,23.83,24.48,2509320.0,24.484,14093,False
2020-11-05 00:00:00+00:00,24.78,24.89,24.07,24.13,2294930.0,24.423,13338,False
2020-11-06 00:00:00+00:00,24.16,24.31,23.83,23.98,1213138.0,24.004,8496,False
2020-11-09 00:00:00+00:00,25.49,25.94,23.78,23.82,4637460.0,24.405,26592,False
2020-11-10 00:00:00+00:00,23.78,25.28,23.75,25.28,3864141.0,24.839,23447,False
2020-11-11 00:00:00+00:00,25.6,25.62,25.02,25.4,2800180.0,25.278,16298,False
2020-11-12 00:00:00+00:00,25.32,25.32,24.6,24.9,1398350.0,24.891,8872,False
2020-11-13 00:00:00+00:00,25.17,25.86,25.13,25.81,4174962.0,25.625,22182,False
2020-11-16 00:00:00+00:00,26.7,26.81,25.84,26.2,2438356.0,26.128,13846,False
2020-11-17 00:00:00+00:00,26.24,26.64,25.63,26.43,3896485.0,26.354,20096,False
2020-11-18 00:00:00+00:00,26.25,26.54,25.78,25.81,4550689.0,26.208,19527,False
2020-11-19 00:00:00+00:00,25.69,26.17,25.26,25.87,2985436.0,25.87,14404,False
2020-11-20 00:00:00+00:00,25.87,26.11,25.69,25.87,3324194.0,25.878,14600,False
2020-11-23 00:00:00+00:00,26.02,26.55,25.93,26.09,3938754.0,26.194,15692,False
2020-11-24 00:00:00+00:00,26.54,26.87,26.03,26.11,3040784.0,26.518,14910,False
2020-11-25 00:00:00+00:00,26.05,26.24,25.37,25.5,2346580.0,25.57,13861,False
2020-11-27 00:00:00+00:00,25.61,25.99,25.45,25.68,1254516.0,25.656,8537,False
2020-11-30 00:00:00+00:00,25.6,26.0,25.16,25.29,4080990.0,25.35,21549,False
2020-12-01 00:00:00+00:00,25.46,25.89,25.34,25.52,2535734.0,25.526,14118,False
2020-12-02 00:00:00+00:00,25.49,25.64,25.0,25.31,2918446.0,25.411,10663,False
2020-12-03 00:00:00+00:00,25.26,26.3,25.2,26.06,2325839.0,26.065,12778,False
2020-12-04 00:00:00+00:00,26.34,26.35,25.87,25.91,1757530.0,25.985,10085,False
2020-12-07 00:00:00+00:00,25.76,26.04,25.5,25.7,1367502.0,25.646,9019,False
2020-12-08 00:00:00+00:00,25.66,25.79,25.44,25.58,3089600.0,25.649,12455,False
2020-12-09 00:00:00+00:00,25.71,25.84,25.29,25.44,2947999.0,25.451,15739,False
2020-12-10 00:00:00+00:00,25.37,25.76,25.22,25.43,2903697.0,25.442,15092,False
2020-12-11 00:00:00+00:00,25.27,25.91,25.26,25.65,1967100.0,25.601,12849,False
2020-12-14 00:00:00+00:00,25.76,26.1,25.3,25.38,1492332.0,25.588,10508,False
2020-12-15 00:00:00+00:00,25.43,26.19,25.25,26.11,1842724.0,25.848,11092,False
2020-12-16 00:00:00+00:00,26.35,26.35,25.88,26.05,1542416.0,26.046,9363,False
2020-12-17 00:00:00+00:00,26.25,26.73,25.98,26.6,2203139.0,26.551,12931,False
2020-12-18 00:00:00+00:00,26.67,26.67,25.53,25.79,2631758.0,25.946,14403,False
2020-12-21 00:00:00+00:00,25.43,25.86,25.25,25.7,2276396.0,25.682,14949,False
2020-12-22 00:00:00+00:00,25.46,25.94,25.4,25.93,1890774.0,25.732,11561,False
2020-12-23 00:00:00+00:00,26.12,26.23,25.87,25.91,1642163.0,26.018,11040,False
2020-12-24 00:00:00+00:00,25.91,26.18,25.64,25.88,527846.0,25.785,3263,False
2020-12-28 00:00:00+00:00,25.97,25.97,25.66,25.79,1718507.0,25.801,9235,False
2020-12-29 00:00:00+00:00,25.89,26.05,25.21,25.26,1488344.0,25.367,10022,False
2020-12-30 00:00:00+00:00,25.24,25.71,25.24,25.67,1138113.0,25.615,7927,False
2020-12-31 00:00:00+00:00,25.72,25.72,25.28,25.5,1283928.0,25.534,8678,False
2021-01-04 00:00:00+00:00,25.52,25.9,24.64,24.65,2643616.0,25.027,16604,False
2021-01-05 00:00:00+00:00,24.62,25.19,24.51,24.97,1502216.0,25.006,10218,False
2021-01-06 00:00:00+00:00,25.19,25.48,24.76,25.03,3217466.0,25.169,18161,False
2021-01-07 00:00:00+00:00,25.07,25.21,24.66,24.9,2581672.0,24.861,14598,False
2021-01-08 00:00:00+00:00,25.11,25.97,25.0,25.67,6522867.0,25.653,30930,False
2021-01-11 00:00:00+00:00,25.3,25.47,24.94,25.34,3918368.0,25.353,17069,False
2021-01-12 00:00:00+00:00,25.5,25.5,25.13,25.23,4582846.0,25.284,22116,False
2021-01-13 00:00:00+00:00,25.17,25.49,25.09,25.27,3714260.0,25.262,15388,False
2021-01-14 00:00:00+00:00,25.44,25.56,25.1,25.32,3570572.0,25.329,16271,False
2021-01-15 00:00:00+00:00,25.21,25.32,24.87,25.16,2497515.0,25.112,14223,False
2021-01-19 00:00:00+00:00,25.26,25.4,24.96,25.37,2502688.0,25.204,15578,False
2021-01-20 00:00:00+00:00,25.63,26.42,25.45,26.37,3095013.0,26.156,14371,False
2021-01-21 00:00:00+00:00,26.51,26.56,25.98,26.25,2387317.0,26.192,13739,False
2021-01-22 00:00:00+00:00,26.27,26.41,26.02,26.39,2456940.0,26.186,14118,False
2021-01-25 00:00:00+00:00,26.36,26.75,26.09,26.25,4346492.0,26.324,22567,False
2021-01-26 00:00:00+00:00,26.49,26.55,25.67,26.07,4053244.0,25.988,17058,False
2021-01-27 00:00:00+00:00,25.79,26.06,24.73,24.75,6424639.0,25.438,27149,False
2021-01-28 00:00:00+00:00,24.86,26.1,24.83,25.85,3405523.0,25.712,20945,False
2021-01-29 00:00:00+00:00,25.69,25.76,24.91,25.28,2363473.0,25.469,16527,False
2021-02-01 00:00:00+00:00,25.34,26.3,25.22,26.3,2851802.0,25.935,15984,False
2021-02-02 00:00:00+00:00,26.39,26.77,26.11,26.77,2494970.0,26.598,14913,False
2021-02-03 00:00:00+00:00,26.65,26.93,26.4,26.64,2204344.0,26.587,13919,False
2021-02-04 00:00:00+00:00,26.67,26.98,26.6,26.79,2254965.0,26.827,11300,False
2021-02-05 00:00:00+00:00,27.0,27.14,26.85,26.95,1986780.0,26.97,11688,False
2021-02-08 00:00:00+00:00,26.92,27.0,26.65,26.73,1629880.0,26.777,10436,False
2021-02-09 00:00:00+00:00,26.65,26.83,26.44,26.64,2139171.0,26.629,11613,False
2021-02-10 00:00:00+00:00,26.88,27.24,26.73,26.99,2781937.0,26.927,14126,False
2021-02-11 00:00:00+00:00,27.13,27.31,26.72,27.04,2007324.0,26.96,12072,False
2021-02-12 00:00:00+00:00,26.84,27.52,26.78,27.26,2284634.0,27.138,13333,False
2021-02-16 00:00:00+00:00,27.52,27.55,26.94,27.18,2903307.0,27.122,18056,False
2021-02-17 00:00:00+00:00,27.08,27.35,26.91,27.31,2241871.0,27.136,11839,False
2021-02-18 00:00:00+00:00,27.15,27.44,27.06,27.12,2696418.0,27.206,14259,False
2021-02-19 00:00:00+00:00,27.29,28.16,27.29,27.96,3058661.0,27.734,16598,False
2021-02-22 00:00:00+00:00,27.98,28.56,27.53,28.41,3860739.0,28.208,20322,False
2021-02-23 00:00:00+00:00,28.52,28.55,27.78,28.3,2435467.0,28.273,15243,False
2021-02-24 00:00:00+00:00,28.37,28.66,28.17,28.48,7645941.0,28.366,19761,False
2021-02-25 00:00:00+00:00,28.52,28.75,27.68,28.2,1871870.0,28.14,9545,False
2021-02-26 00:00:00+00:00,28.19,28.54,27.82,28.5,2566248.0,28.389,13033,False
2021-03-01 00:00:00+00:00,29.18,29.2,28.75,28.87,5045486.0,28.972,19157,False
2021-03-02 00:00:00+00:00,28.79,28.96,28.31,28.48,4815379.0,28.549,15911,False
2021-03-03 00:00:00+00:00,28.51,29.33,28.4,29.19,6470153.0,28.887,31408,False
2021-03-04 00:00:00+00:00,29.28,29.87,28.15,28.65,23782946.0,29.013,94120,False
2021-03-05 00:00:00+00:00,29.03,29.23,27.89,29.22,9572934.0,28.711,50862,False
2021-03-08 00:00:00+00:00,29.24,29.59,28.51,28.54,3593678.0,29.024,22302,False
2021-03-09 00:00:00+00:00,28.58,29.04,28.26,28.74,4197927.0,28.777,19293,False
2021-03-10 00:00:00+00:00,28.8,29.16,28.68,28.77,3269485.0,28.946,17769,False
2021-03-11 00:00:00+00:00,28.97,29.5,28.43,28.56,4276717.0,28.614,22933,False
2021-03-12 00:00:00+00:00,28.56,28.83,27.96,28.52,7110368.0,28.218,29696,False
2021-03-15 00:00:00+00:00,28.77,28.96,28.47,28.86,5859984.0,28.741,29196,False
2021-03-16 00:00:00+00:00,29.0,29.0,27.94,28.11,2774712.0,28.257,17166,False
2021-03-17 00:00:00+00:00,28.12,29.03,28.11,28.99,3063715.0,28.626,16322,False
2021-03-18 00:00:00+00:00,28.81,29.05,27.97,27.99,2431162.0,28.306,14508,False
2021-03-19 00:00:00+00:00,28.01,28.49,27.73,28.03,2772680.0,28.24,16364,False
2021-03-22 00:00:00+00:00,28.15,28.38,28.0,28.2,1946406.0,28.211,11498,False
2021-03-23 00:00:00+00:00,28.14,28.34,27.69,27.85,3340708.0,28.071,17352,False
2021-03-24 00:00:00+00:00,27.67,27.89,26.93,26.93,3723166.0,27.445,18252,False
2021-03-25 00:00:00+00:00,26.58,27.37,26.41,27.29,4183139.0,27.018,23729,False
2021-03-26 00:00:00+00:00,27.51,27.7,27.18,27.64,2062883.0,27.527,13291,False
2021-03-29 00:00:00+00:00,27.64,27.92,27.45,27.77,2601170.0,27.695,13881,False
2021-03-30 00:00:00+00:00,27.77,28.22,27.63,28.21,2691843.0,28.083,13863,False
2021-03-31 00:00:00+00:00,28.16,28.69,28.02,28.24,4019874.0,28.43,16691,False
2021-04-01 00:00:00+00:00,28.67,28.85,28.31,28.84,3652114.0,28.532,17376,False
2021-04-05 00:00:00+00:00,29.0,29.03,28.67,28.98,3091895.0,28.909,18339,False
2021-04-06 00:00:00+00:00,29.1,29.24,28.78,29.08,2650192.0,29.01,15972,False
2021-04-07 00:00:00+00:00,29.13,29.21,28.87,29.15,3374957.0,29.025,17844,False
2021-04-08 00:00:00+00:00,29.26,29.41,28.92,29.12,3250310.0,29.178,16223,False
2021-04-09 00:00:00+00:00,29.11,29.28,28.66,28.69,2859463.0,28.851,13669,False
2021-04-12 00:00:00+00:00,28.73,28.95,28.35,28.64,3771642.0,28.544,22123,False
2021-04-13 00:00:00+00:00,28.6,29.43,28.57,29.42,3580388.0,29.123,18967,False
2021-04-14 00:00:00+00:00,29.43,29.51,28.73,28.83,2581572.0,29.048,15145,False
2021-04-15 00:00:00+00:00,29.0,29.53,28.84,29.45,2246147.0,29.306,13331,False
2021-04-16 00:00:00+00:00,29.53,30.03,29.41,29.94,5437859.0,29.819,23500,False
2021-04-19 00:00:00+00:00,30.0,30.14,29.62,29.87,2704048.0,29.883,13896,False
2021-04-20 00:00:00+00:00,30.01,30.2,29.79,30.15,3139348.0,30.018,17592,False
2021-04-21 00:00:00+00:00,30.15,30.6,29.97,30.53,2920022.0,30.418,12607,False
2021-04-22 00:00:00+00:00,30.51,30.67,30.25,30.59,3588152.0,30.496,19683,False
2021-04-23 00:00:00+00:00,30.67,30.81,30.41,30.8,2591378.0,30.666,12785,False
2021-04-26 00:00:00+00:00,30.93,31.12,30.73,30.91,3202617.0,30.865,12838,False
2021-04-27 00:00:00+00:00,31.0,31.16,30.78,31.14,5329986.0,31.021,20926,False
2021-04-28 00:00:00+00:00,31.26,31.7,31.18,31.47,3385203.0,31.502,16813,False
2021-04-29 00:00:00+00:00,31.7,31.88,31.35,31.76,2731505.0,31.677,16558,False
2021-04-30 00:00:00+00:00,31.59,31.88,31.32,31.7,6617799.0,31.688,21879,False
2021-05-03 00:00:00+00:00,31.42,32.29,31.42,32.05,4601974.0,31.942,22246,False
2021-05-04 00:00:00+00:00,32.05,32.13,31.29,31.69,2991171.0,31.599,17500,False
2021-05-05 00:00:00+00:00,31.41,31.59,30.81,31.21,2916552.0,31.12,15875,False
2021-05-06 00:00:00+00:00,31.18,31.25,30.61,30.87,2380412.0,30.942,13598,False
2021-05-07 00:00:00+00:00,30.93,31.42,30.83,31.4,3147823.0,31.298,17967,False
2021-05-10 00:00:00+00:00,31.6,31.73,31.28,31.28,2933030.0,31.535,15877,False
2021-05-11 00:00:00+00:00,30.91,31.09,30.42,30.66,2732196.0,30.692,14826,False
2021-05-12 00:00:00+00:00,30.5,30.79,29.59,29.65,2111748.0,30.072,12777,False
2021-05-13 00:00:00+00:00,29.66,30.33,29.64,30.08,2543589.0,30.062,13927,False
2021-05-14 00:00:00+00:00,30.28,31.0,30.08,30.87,1641317.0,30.825,10116,False
2021-05-17 00:00:00+00:00,30.75,31.22,30.58,31.19,2486678.0,31.043,13677,False
2021-05-18 00:00:00+00:00,31.35,31.41,30.77,30.8,2544607.0,31.077,12890,False
2021-05-19 00:00:00+00:00,30.44,30.72,30.18,30.68,2389103.0,30.462,14413,False
2021-05-20 00:00:00+00:00,30.68,31.26,30.59,31.2,1513195.0,31.061,8893,False
2021-05-21 00:00:00+00:00,31.2,31.35,30.94,30.99,1733531.0,31.098,10754,False
2021-05-24 00:00:00+00:00,31.3,31.6,31.11,31.39,2279596.0,31.338,11900,False
2021-05-25 00:00:00+00:00,31.39,31.67,31.33,31.35,1992455.0,31.504,12021,False
2021-05-26 00:00:00+00:00,31.25,31.66,31.19,31.4,2325349.0,31.514,11656,False
2021-05-27 00:00:00+00:00,31.36,31.4,30.65,30.88,3446332.0,30.996,16422,False
2021-05-28 00:00:00+00:00,31.04,31.22,30.87,31.13,1665777.0,31.052,9469,False
2021-06-01 00:00:00+00:00,31.43,31.67,31.31,31.67,2769450.0,31.48,15248,False
2021-06-02 00:00:00+00:00,31.84,31.86,31.45,31.79,1376325.0,31.738,9259,False
2021-06-03 00:00:00+00:00,31.72,31.9,31.34,31.74,1922799.0,31.709,11969,False
2021-06-04 00:00:00+00:00,32.0,32.0,31.56,31.79,1568391.0,31.75,9822,False
2021-06-07 00:00:00+00:00,32.0,32.48,31.94,32.29,2274164.0,32.285,13042,False
2021-06-08 00:00:00+00:00,32.23,33.33,32.2,33.14,3765219.0,33.016,20607,False
2021-06-09 00:00:00+00:00,33.29,33.35,32.63,32.65,3629073.0,32.889,16664,False
2021-06-10 00:00:00+00:00,32.68,32.92,32.5,32.83,1541479.0,32.733,9276,False
2021-06-11 00:00:00+00:00,32.75,32.83,32.59,32.8,1772661.0,32.715,9335,False
2021-06-14 00:00:00+00:00,32.81,33.02,32.68,32.82,2320037.0,32.796,10661,False
2021-06-15 00:00:00+00:00,33.02,33.06,32.52,32.63,2436932.0,32.745,12918,False
2021-06-16 00:00:00+00:00,32.63,33.04,32.56,32.64,2633274.0,32.762,14216,False
2021-06-17 00:00:00+00:00,32.67,32.99,32.24,32.33,2832673.0,32.467,13782,False
2021-06-18 00:00:00+00:00,32.06,32.42,31.2,31.21,4026212.0,31.521,20733,False
2021-06-21 00:00:00+00:00,31.34,32.08,31.25,32.03,1980532.0,31.81,11382,False
2021-06-22 00:00:00+00:00,32.11,32.28,31.88,31.9,2306556.0,32.102,10928,False
2021-06-23 00:00:00+00:00,31.56,31.73,31.31,31.34,2034610.0,31.48,9616,False
2021-06-24 00:00:00+00:00,31.46,31.54,31.07,31.11,3193321.0,31.171,15552,False
2021-06-25 00:00:00+00:00,31.05,31.89,31.05,31.88,3401700.0,31.537,15115,False
2021-06-28 00:00:00+00:00,32.02,32.04,31.03,31.32,1980122.0,31.243,10171,False
2021-06-29 00:00:00+00:00,31.31,31.53,30.98,31.04,2437646.0,31.211,13394,False
2021-06-30 00:00:00+00:00,31.0,31.4,30.91,31.02,2726636.0,31.124,13105,False
2021-07-01 00:00:00+00:00,30.99,31.51,30.99,31.07,3557051.0,31.275,16366,False
2021-07-02 00:00:00+00:00,31.22,31.53,31.03,31.09,3374591.0,31.223,14435,False
2021-07-06 00:00:00+00:00,31.2,31.28,30.54,30.91,5564135.0,30.761,30883,False
2021-07-07 00:00:00+00:00,30.83,31.16,30.7,30.8,3517826.0,30.868,21663,False
2021-07-08 00:00:00+00:00,30.45,30.75,30.06,30.7,2845213.0,30.575,15280,False
2021-07-09 00:00:00+00:00,30.99,31.45,30.92,31.44,2847728.0,31.254,16064,False
2021-07-12 00:00:00+00:00,31.39,31.97,31.3,31.86,2005442.0,31.814,11760,False
2021-07-13 00:00:00+00:00,31.91,31.91,31.29,31.29,1758046.0,31.487,10751,False
2021-07-14 00:00:00+00:00,31.31,31.52,31.15,31.27,3016851.0,31.282,10581,False
2021-07-15 00:00:00+00:00,31.08,31.48,31.0,31.37,1931525.0,31.313,11130,False
2021-07-16 00:00:00+00:00,31.46,31.53,31.14,31.14,1724192.0,31.36,10095,False
2021-07-19 00:00:00+00:00,30.7,30.75,30.09,30.38,2251629.0,30.337,13831,False
2021-07-20 00:00:00+00:00,30.45,31.84,30.42,31.67,1786506.0,31.463,11159,False
2021-07-21 00:00:00+00:00,31.78,32.29,31.75,32.02,1270727.0,32.094,8164,False
2021-07-22 00:00:00+00:00,32.0,32.0,31.52,31.59,1226725.0,31.667,7674,False
2021-07-23 00:00:00+00:00,31.92,32.0,31.74,31.96,1483363.0,31.883,9102,False
2021-07-26 00:00:00+00:00,31.85,32.17,31.52,31.55,2471599.0,31.663,11085,False
2021-07-27 00:00:00+00:00,31.5,31.8,31.36,31.74,2652815.0,31.643,12724,False
2021-07-28 00:00:00+00:00,31.8,31.87,31.19,31.47,1802789.0,31.515,11851,False
2021-07-29 00:00:00+00:00,31.32,31.83,30.95,30.99,1926071.0,31.286,11415,False
2021-07-30 00:00:00+00:00,31.06,31.51,31.06,31.19,1837558.0,31.248,12300,False
2021-08-02 00:00:00+00:00,31.42,31.77,30.64,30.69,2271523.0,30.978,13970,False
2021-08-03 00:00:00+00:00,30.7,30.84,29.91,30.26,2506048.0,30.12,14981,False
2021-08-04 00:00:00+00:00,30.11,30.29,29.26,30.18,19717286.0,29.984,99590,False
2021-08-05 00:00:00+00:00,30.29,30.76,30.16,30.63,7780148.0,30.507,42194,False
2021-08-06 00:00:00+00:00,30.65,30.89,30.14,30.39,7110548.0,30.483,36173,False
2021-08-09 00:00:00+00:00,30.36,30.39,29.94,30.21,3326748.0,30.217,20538,False
2021-08-10 00:00:00+00:00,30.26,30.62,29.75,29.79,4417640.0,30.197,25614,False
2021-08-11 00:00:00+00:00,29.88,30.53,29.61,30.34,2517491.0,30.276,14637,False
2021-08-12 00:00:00+00:00,30.42,30.46,30.03,30.22,1698039.0,30.176,10263,False
2021-08-13 00:00:00+00:00,30.3,30.36,30.02,30.03,1704989.0,30.16,9911,False
2021-08-16 00:00:00+00:00,30.04,30.14,29.88,30.05,2715829.0,29.993,15749,False
2021-08-17 00:00:00+00:00,29.98,30.06,29.65,29.89,3564763.0,29.859,20583,False
2021-08-18 00:00:00+00:00,29.93,29.99,29.63,29.71,3366140.0,29.766,19394,False
2021-08-19 00:00:00+00:00,29.6,29.78,29.09,29.27,3918355.0,29.317,24149,False
2021-08-20 00:00:00+00:00,29.21,29.48,28.96,29.3,4802430.0,29.22,27639,False
2021-08-23 00:00:00+00:00,29.38,29.75,29.35,29.41,3879833.0,29.506,20462,False
2021-08-24 00:00:00+00:00,29.42,29.55,29.27,29.47,2877285.0,29.423,16684,False
2021-08-25 00:00:00+00:00,29.86,29.88,29.37,29.7,3443982.0,29.662,19311,False
2021-08-26 00:00:00+00:00,29.69,30.03,29.48,30.03,5036950.0,29.869,22168,False
2021-08-27 00:00:00+00:00,30.05,30.78,30.03,30.52,5460375.0,30.49,27301,False
2021-08-30 00:00:00+00:00,30.46,30.76,30.27,30.75,3436589.0,30.533,19986,False
2021-08-31 00:00:00+00:00,30.65,30.92,30.5,30.91,4602852.0,30.747,21967,False
2021-09-01 00:00:00+00:00,31.06,31.5,30.92,31.36,4263189.0,31.308,26645,False
2021-09-02 00:00:00+00:00,31.32,31.68,31.19,31.68,3355844.0,31.442,21933,False
2021-09-03 00:00:00+00:00,31.73,32.11,31.46,32.03,2579470.0,31.815,15585,False
2021-09-07 00:00:00+00:00,32.07,32.09,31.51,31.58,2487292.0,31.726,16616,False
2021-09-08 00:00:00+00:00,31.5,31.79,31.38,31.75,1997905.0,31.666,12151,False
2021-09-09 00:00:00+00:00,30.63,31.13,29.78,29.88,13896303.0,30.181,65674,False
2021-09-10 00:00:00+00:00,29.56,30.39,29.46,29.73,36723959.0,29.834,153870,False
2021-09-13 00:00:00+00:00,30.17,30.24,29.74,29.95,9093090.0,30.004,46806,False
2021-09-14 00:00:00+00:00,30.1,30.28,29.61,29.92,8754914.0,29.854,47446,False
2021-09-15 00:00:00+00:00,29.9,30.31,29.75,30.13,7272132.0,30.141,38825,False
2021-09-16 00:00:00+00:00,30.13,30.35,29.91,30.0,3848174.0,30.095,23231,False
2021-09-17 00:00:00+00:00,29.89,30.21,29.43,29.57,7011766.0,29.766,33226,False
2021-09-20 00:00:00+00:00,29.29,29.7,29.18,29.43,6440228.0,29.43,33071,False
2021-09-21 00:00:00+00:00,29.75,29.9,29.32,29.32,4071924.0,29.534,24112,False
2021-09-22 00:00:00+00:00,29.43,30.03,29.43,29.88,11638584.0,29.796,47355,False
2021-09-23 00:00:00+00:00,29.75,30.08,29.46,30.02,7637026.0,29.829,30921,False
2021-09-24 00:00:00+00:00,29.92,30.06,29.6,29.73,4509399.0,29.829,22541,False
2021-09-27 00:00:00+00:00,29.86,30.03,29.26,29.37,3865768.0,29.604,19505,False
2021-09-28 00:00:00+00:00,29.16,29.25,28.48,28.63,6449953.0,28.741,33664,False
2021-09-29 00:00:00+00:00,28.79,29.11,28.66,28.87,3965751.0,28.901,20814,False
2021-09-30 00:00:00+00:00,28.96,29.07,28.4,28.41,3865056.0,28.699,21625,False
2021-10-01 00:00:00+00:00,28.5,29.15,28.43,29.13,4119602.0,28.887,21719,False
2021-10-04 00:00:00+00:00,29.0,29.38,28.84,29.07,3254121.0,29.056,20174,False
2021-10-05 00:00:00+00:00,29.1,29.21,28.8,28.86,5845037.0,28.972,33561,False
2021-10-06 00:00:00+00:00,28.88,29.52,28.71,29.52,5957998.0,29.044,35072,False
2021-10-07 00:00:00+00:00,29.69,30.0,29.53,29.61,3236310.0,29.77,17279,False
2021-10-08 00:00:00+00:00,29.59,29.77,29.17,29.23,2412371.0,29.4,14071,False
2021-10-11 00:00:00+00:00,29.29,29.59,29.14,29.29,1981645.0,29.4,10770,False
2021-10-12 00:00:00+00:00,29.39,29.89,29.35,29.69,3595408.0,29.68,17533,False
2021-10-13 00:00:00+00:00,29.69,29.96,29.64,29.9,3124587.0,29.807,16718,False
2021-10-14 00:00:00+00:00,30.11,30.19,29.95,30.05,3629401.0,30.049,17278,False
2021-10-15 00:00:00+00:00,30.13,30.33,29.98,30.07,4523280.0,30.116,20698,False
2021-10-18 00:00:00+00:00,30.01,30.25,29.75,30.16,2583492.0,30.085,13861,False
2021-10-19 00:00:00+00:00,30.3,30.44,30.05,30.12,3036925.0,30.234,15684,False
2021-10-20 00:00:00+00:00,30.26,30.36,30.02,30.25,3420928.0,30.194,17476,False
2021-10-21 00:00:00+00:00,30.29,30.34,30.04,30.12,3657102.0,30.144,19474,False
2021-10-22 00:00:00+00:00,30.27,30.51,30.07,30.18,3353273.0,30.23,17631,False
2021-10-25 00:00:00+00:00,30.27,30.33,29.97,30.19,3674632.0,30.11,19997,False
2021-10-26 00:00:00+00:00,30.31,30.49,30.15,30.18,4721749.0,30.253,19445,False
2021-10-27 00:00:00+00:00,30.4,30.4,29.63,29.74,2703786.0,29.844,17427,False
2021-10-28 00:00:00+00:00,29.85,30.06,29.38,30.0,4402456.0,29.81,26279,False
2021-10-29 00:00:00+00:00,29.8,29.9,29.26,29.35,4558473.0,29.43,25373,False
2021-11-01 00:00:00+00:00,29.35,29.66,29.12,29.54,3871116.0,29.432,20733,False
2021-11-02 00:00:00+00:00,29.72,29.76,29.4,29.53,2854048.0,29.588,15797,False
2021-11-03 00:00:00+00:00,29.55,29.86,29.36,29.71,4001124.0,29.678,17134,False
2021-11-04 00:00:00+00:00,29.81,30.07,29.16,29.16,3692995.0,29.441,18536,False
2021-11-05 00:00:00+00:00,29.6,29.92,29.42,29.74,3447914.0,29.756,17269,False
2021-11-08 00:00:00+00:00,29.8,29.83,29.3,29.59,3007637.0,29.543,15963,False
2021-11-09 00:00:00+00:00,29.55,29.61,29.1,29.24,2510315.0,29.289,14905,False
2021-11-10 00:00:00+00:00,29.11,29.49,28.87,28.92,1966966.0,29.149,11716,False
2021-11-11 00:00:00+00:00,28.99,29.17,28.78,29.14,6661636.0,28.927,20329,False
2021-11-12 00:00:00+00:00,29.15,29.29,28.66,28.74,3418407.0,28.886,17462,False
2021-11-15 00:00:00+00:00,28.92,29.56,28.9,29.56,6492055.0,29.276,27432,False
2021-11-16 00:00:00+00:00,29.56,29.56,29.19,29.36,4573287.0,29.34,25241,False
2021-11-17 00:00:00+00:00,29.32,29.35,28.74,29.17,6263433.0,28.969,31762,False
2021-11-18 00:00:00+00:00,29.23,29.31,29.04,29.25,7712063.0,29.175,34258,False
2021-11-19 00:00:00+00:00,29.05,29.22,28.32,28.46,5710659.0,28.583,29729,False
2021-11-22 00:00:00+00:00,28.49,28.74,28.18,28.19,3625707.0,28.351,20213,False
2021-11-23 00:00:00+00:00,28.26,28.44,27.93,28.26,3421403.0,28.293,19033,False
2021-11-24 00:00:00+00:00,28.22,28.54,28.11,28.44,2237050.0,28.404,13102,False
2021-11-26 00:00:00+00:00,28.11,28.17,27.32,27.81,3459111.0,27.647,19841,False
2021-11-29 00:00:00+00:00,28.0,28.42,27.5,28.13,5628526.0,28.044,30428,False
2021-11-30 00:00:00+00:00,27.85,27.89,27.13,27.2,5871872.0,27.442,28890,False
2021-12-01 00:00:00+00:00,27.57,27.93,26.68,26.75,6411578.0,27.314,38547,False
2021-12-02 00:00:00+00:00,26.87,27.66,26.74,27.41,3438148.0,27.316,22739,False
2021-12-03 00:00:00+00:00,27.42,27.59,27.07,27.21,3376037.0,27.235,22500,False
2021-12-06 00:00:00+00:00,27.38,27.95,27.28,27.67,3798442.0,27.749,23575,False
2021-12-07 00:00:00+00:00,28.11,28.48,27.92,28.2,6911343.0,28.268,33688,False
2021-12-08 00:00:00+00:00,28.29,28.9,28.14,28.8,3981071.0,28.725,24546,False
2021-12-09 00:00:00+00:00,28.6,28.76,28.42,28.49,4515359.0,28.582,26077,False
2021-12-10 00:00:00+00:00,28.63,28.87,28.2,28.36,3764228.0,28.451,22084,False
2021-12-13 00:00:00+00:00,28.19,28.36,27.97,28.2,4199533.0,28.192,22978,False
2021-12-14 00:00:00+00:00,28.14,28.28,27.64,27.65,4884707.0,27.823,25490,False
2021-12-15 00:00:00+00:00,27.63,27.89,27.17,27.72,5195569.0,27.534,29194,False
2021-12-16 00:00:00+00:00,27.82,28.07,27.42,27.56,3828527.0,27.665,22849,False
2021-12-17 00:00:00+00:00,27.47,27.86,27.1,27.62,6720961.0,27.659,30948,False
2021-12-20 00:00:00+00:00,27.17,27.52,26.88,27.49,6204536.0,27.239,32840,False
2021-12-21 00:00:00+00:00,27.95,28.65,27.89,28.59,3739475.0,28.509,19888,False
2021-12-22 00:00:00+00:00,28.3,28.66,28.27,28.6,3460611.0,28.569,19856,False
2021-12-23 00:00:00+00:00,28.65,28.95,28.61,28.9,3284788.0,28.883,16509,False
2021-12-27 00:00:00+00:00,28.95,29.29,28.81,29.28,2916488.0,29.093,14880,False
2021-12-28 00:00:00+00:00,29.21,29.52,29.09,29.23,2128419.0,29.27,11778,False
2021-12-29 00:00:00+00:00,29.21,29.46,28.99,29.45,1930275.0,29.319,11219,False
2021-12-30 00:00:00+00:00,29.5,30.09,29.45,29.94,2914323.0,29.858,16525,False
2021-12-31 00:00:00+00:00,29.92,30.36,29.86,30.11,2498136.0,30.189,13320,False
2022-01-03 00:00:00+00:00,30.2,30.34,29.73,29.95,5409422.0,29.959,29873,False
2022-01-04 00:00:00+00:00,30.06,30.36,29.83,30.15,4791446.0,30.103,27107,False
2022-01-05 00:00:00+00:00,30.18,30.24,29.01,29.03,5331899.0,29.378,31189,False
2022-01-06 00:00:00+00:00,29.19,29.41,28.55,28.99,6061086.0,28.869,35390,False
2022-01-07 00:00:00+00:00,28.92,29.11,28.53,28.55,4146639.0,28.768,25285,False
2022-01-10 00:00:00+00:00,28.5,28.77,28.17,28.71,5049371.0,28.426,30592,False
2022-01-11 00:00:00+00:00,28.7,29.04,28.33,28.96,2442767.0,28.784,14021,False
2022-01-12 00:00:00+00:00,28.92,29.15,28.77,28.81,2542413.0,28.948,10367,False
2022-01-13 00:00:00+00:00,28.83,28.92,28.33,28.4,3630376.0,28.533,20071,False
2022-01-14 00:00:00+00:00,28.3,28.64,28.11,28.54,3889939.0,28.429,20360,False
2022-01-18 00:00:00+00:00,28.37,28.48,27.97,28.1,3457915.0,28.153,20218,False
2022-01-19 00:00:00+00:00,28.22,28.35,27.8,27.8,2802258.0,28.094,17919,False
2022-01-20 00:00:00+00:00,28.03,28.2,27.55,27.57,4209274.0,27.895,24412,False
2022-01-21 00:00:00+00:00,27.5,27.57,26.97,27.18,5524623.0,27.181,34278,False
2022-01-24 00:00:00+00:00,26.69,27.6,26.23,27.5,7292260.0,26.826,47761,False
2022-01-25 00:00:00+00:00,27.24,27.89,26.85,27.72,3859773.0,27.421,26056,False
2022-01-26 00:00:00+00:00,28.08,28.43,27.22,27.5,4673207.0,27.79,28569,False
2022-01-27 00:00:00+00:00,27.77,28.21,27.47,27.59,4869549.0,27.777,30991,False
2022-01-28 00:00:00+00:00,27.6,28.24,27.22,28.23,5011819.0,27.667,30160,False
2022-01-31 00:00:00+00:00,28.18,28.71,28.04,28.62,4040949.0,28.577,25537,False
2022-02-01 00:00:00+00:00,28.79,29.0,28.52,28.71,5139583.0,28.812,29068,False
2022-02-02 00:00:00+00:00,28.93,28.93,28.63,28.77,3743201.0,28.754,21278,False
2022-02-03 00:00:00+00:00,28.5,28.66,28.29,28.32,2827032.0,28.469,17415,False
2022-02-04 00:00:00+00:00,28.18,28.45,27.93,28.14,3811927.0,28.194,22490,False
2022-02-07 00:00:00+00:00,28.27,28.55,28.15,28.18,5202040.0,28.304,28315,False
2022-02-08 00:00:00+00:00,28.25,28.35,28.0,28.16,5514954.0,28.186,27597,False
2022-02-09 00:00:00+00:00,28.45,29.0,28.31,28.86,3554196.0,28.818,19672,False
2022-02-10 00:00:00+00:00,28.58,29.0,28.24,28.37,4349855.0,28.615,26725,False
2022-02-11 00:00:00+00:00,28.37,28.61,27.9,28.25,8147401.0,28.298,37457,False
2022-02-14 00:00:00+00:00,28.16,28.4,27.86,28.16,7847336.0,28.177,40266,False
2022-02-15 00:00:00+00:00,28.35,28.91,28.35,28.86,4740060.0,28.785,26531,False
2022-02-16 00:00:00+00:00,28.91,29.06,28.55,28.78,3479388.0,28.787,17944,False
2022-02-17 00:00:00+00:00,28.57,28.72,27.88,27.91,4295572.0,28.115,23794,False
2022-02-18 00:00:00+00:00,27.94,28.3,27.65,27.92,4917725.0,27.919,26076,False
2022-02-22 00:00:00+00:00,27.77,27.85,27.26,27.31,5641334.0,27.497,33842,False
2022-02-23 00:00:00+00:00,27.48,27.67,26.91,26.97,4479900.0,27.241,25013,False
2022-02-24 00:00:00+00:00,26.5,27.64,26.46,27.53,6542506.0,27.159,38654,False
2022-02-25 00:00:00+00:00,27.66,28.08,27.36,28.07,6081888.0,27.79,32222,False
2022-02-28 00:00:00+00:00,27.9,28.27,27.51,27.96,7951092.0,27.908,36556,False
2022-03-01 00:00:00+00:00,28.08,28.43,27.78,27.91,8832753.0,27.933,46592,False
2022-03-02 00:00:00+00:00,28.0,28.93,27.96,28.81,8288446.0,28.69,44310,False
2022-03-03 00:00:00+00:00,29.04,29.11,28.26,28.54,6579786.0,28.516,35627,False
2022-03-04 00:00:00+00:00,28.27,28.5,27.58,27.87,10149786.0,27.867,49325,False
2022-03-07 00:00:00+00:00,27.74,27.95,26.76,26.78,7395799.0,27.085,37622,False
2022-03-08 00:00:00+00:00,26.7,27.51,26.58,26.86,7024543.0,27.011,42085,False
2022-03-09 00:00:00+00:00,27.43,27.75,27.42,27.47,3527307.0,27.566,23127,False
2022-03-10 00:00:00+00:00,27.19,27.69,27.01,27.35,4597336.0,27.263,29194,False
2022-03-11 00:00:00+00:00,27.62,27.67,27.07,27.13,3879440.0,27.275,22133,False
2022-03-14 00:00:00+00:00,27.24,27.43,26.54,26.77,4727136.0,26.915,27914,False
2022-03-15 00:00:00+00:00,26.85,27.29,26.82,26.98,3817532.0,27.016,21022,False
2022-03-16 00:00:00+00:00,27.23,27.54,26.83,27.29,5892286.0,27.301,33642,False
2022-03-17 00:00:00+00:00,27.15,27.89,27.14,27.81,7422190.0,27.643,33847,False
2022-03-18 00:00:00+00:00,27.61,27.95,27.43,27.54,9244324.0,27.636,41270,False
2022-03-21 00:00:00+00:00,27.5,27.62,26.74,26.87,5262142.0,27.02,30302,False
2022-03-22 00:00:00+00:00,27.06,27.67,27.04,27.61,7126814.0,27.491,34856,False
2022-03-23 00:00:00+00:00,27.25,27.28,26.76,27.15,9388229.0,27.037,37566,False
2022-03-24 00:00:00+00:00,27.25,27.31,26.82,27.14,4561432.0,27.017,22788,False
2022-03-25 00:00:00+00:00,27.22,27.37,27.02,27.32,4037512.0,27.247,19932,False
2022-03-28 00:00:00+00:00,27.25,27.86,27.19,27.86,4937996.0,27.617,26863,False
2022-03-29 00:00:00+00:00,28.19,28.94,28.17,28.89,5527870.0,28.585,29895,False
2022-03-30 00:00:00+00:00,28.7,29.21,28.67,28.94,7328213.0,28.991,36190,False
2022-03-31 00:00:00+00:00,29.08,29.15,28.44,28.46,3914853.0,28.855,22955,False
2022-04-01 00:00:00+00:00,28.6,28.92,28.53,28.92,2650629.0,28.738,14226,False
2022-04-04 00:00:00+00:00,28.94,29.01,28.06,28.44,4542070.0,28.407,25354,False
2022-04-05 00:00:00+00:00,28.42,28.59,28.05,28.28,6362633.0,28.374,33971,False
2022-04-06 00:00:00+00:00,28.01,28.66,27.9,28.59,6530697.0,28.367,34050,False
2022-04-07 00:00:00+00:00,28.46,28.57,27.62,27.8,4359689.0,27.885,23161,False
2022-04-08 00:00:00+00:00,27.77,28.36,27.61,28.24,4121905.0,28.127,19812,False
2022-04-11 00:00:00+00:00,28.07,28.42,27.98,28.15,2757330.0,28.175,14509,False
2022-04-12 00:00:00+00:00,28.25,28.48,28.17,28.26,4017030.0,28.305,21405,False
2022-04-13 00:00:00+00:00,28.26,28.91,28.26,28.83,5138642.0,28.699,29590,False
2022-04-14 00:00:00+00:00,29.0,29.19,28.73,29.09,4047933.0,29.047,20125,False
2022-04-18 00:00:00+00:00,29.03,29.55,29.01,29.48,5610297.0,29.333,26442,False
2022-04-19 00:00:00+00:00,29.65,30.0,29.54,29.92,8313758.0,29.856,36961,False
2022-04-20 00:00:00+00:00,29.94,30.35,29.84,30.17,8003284.0,30.096,40104,False
2022-04-21 00:00:00+00:00,30.47,30.69,30.08,30.12,5751140.0,30.367,29251,False
2022-04-22 00:00:00+00:00,30.08,30.08,29.66,29.68,6718531.0,29.85,33157,False
2022-04-25 00:00:00+00:00,29.68,30.06,29.33,30.03,9594109.0,29.735,48197,False
2022-04-26 00:00:00+00:00,30.03,30.21,29.45,29.56,8165761.0,29.801,41248,False
2022-04-27 00:00:00+00:00,29.58,29.91,29.42,29.57,8667402.0,29.691,43131,False
2022-04-28 00:00:00+00:00,29.73,30.97,29.53,30.64,27142019.0,30.396,117382,False
2022-04-29 00:00:00+00:00,30.46,30.91,29.59,29.81,27144565.0,30.177,109321,False
2022-05-02 00:00:00+00:00,29.96,30.08,28.16,29.05,24376973.0,28.732,113207,False
2022-05-03 00:00:00+00:00,29.13,30.29,29.13,29.93,12984606.0,29.763,69210,False
2022-05-04 00:00:00+00:00,29.83,30.69,29.45,30.65,11425677.0,29.919,60487,False
2022-05-05 00:00:00+00:00,30.8,30.8,29.38,29.76,8297905.0,29.745,42658,False
2022-05-06 00:00:00+00:00,29.63,29.73,28.73,28.92,9310638.0,29.112,50663,False
2022-05-09 00:00:00+00:00,28.58,28.7,27.1,27.26,10380366.0,27.783,56389,False
2022-05-10 00:00:00+00:00,27.47,27.76,26.41,26.68,9008606.0,26.802,50505,False
2022-05-11 00:00:00+00:00,26.73,27.86,26.55,27.32,8491545.0,27.395,46134,False
2022-05-12 00:00:00+00:00,27.22,27.51,26.94,27.44,10549800.0,27.246,50383,False
2022-05-13 00:00:00+00:00,27.73,28.73,27.49,28.73,8150474.0,28.325,35337,False
2022-05-16 00:00:00+00:00,28.68,29.43,28.66,29.02,7492119.0,29.116,39241,False
2022-05-17 00:00:00+00:00,29.34,29.62,29.11,29.54,8154788.0,29.343,38870,False
2022-05-18 00:00:00+00:00,29.43,29.56,28.97,29.21,5845844.0,29.221,28429,False
2022-05-19 00:00:00+00:00,29.15,29.67,29.02,29.29,7825839.0,29.403,39592,False
2022-05-20 00:00:00+00:00,29.5,29.55,28.33,28.95,7588289.0,28.879,38953,False
2022-05-23 00:00:00+00:00,29.16,29.41,28.76,29.17,4919620.0,29.205,29286,False
2022-05-24 00:00:00+00:00,29.03,29.1,28.33,28.96,6796071.0,28.721,33343,False
2022-05-25 00:00:00+00:00,28.8,29.71,28.8,29.67,7897880.0,29.476,34197,False
2022-05-26 00:00:00+00:00,29.77,30.52,29.75,30.06,8954224.0,30.245,44048,False
2022-05-27 00:00:00+00:00,30.29,31.01,30.21,30.87,6383325.0,30.782,32366,False
2022-05-31 00:00:00+00:00,30.69,31.03,30.49,30.85,7696129.0,30.891,41867,False
2022-06-01 00:00:00+00:00,31.02,31.07,30.4,30.81,6725258.0,30.754,36745,False
2022-06-02 00:00:00+00:00,30.85,31.67,30.82,31.42,12878562.0,31.397,62971,False
2022-06-03 00:00:00+00:00,31.36,31.78,31.1,31.39,11317649.0,31.523,55796,False
2022-06-06 00:00:00+00:00,33.51,33.95,32.42,32.45,50538228.0,32.888,201043,False
2022-06-07 00:00:00+00:00,32.02,32.94,31.27,32.11,42043482.0,31.847,160800,False
2022-06-08 00:00:00+00:00,31.85,32.08,31.3,31.46,10594642.0,31.664,57038,False
2022-06-09 00:00:00+00:00,31.28,31.36,30.67,30.68,6664108.0,31.066,37718,False
2022-06-10 00:00:00+00:00,30.4,30.42,29.8,29.94,8336906.0,30.04,43786,False
2022-06-13 00:00:00+00:00,29.27,29.27,28.41,28.6,11007864.0,28.701,59215,False
2022-06-14 00:00:00+00:00,28.71,28.73,27.75,28.13,9836902.0,28.093,50769,False
2022-06-15 00:00:00+00:00,28.43,29.69,28.32,29.27,10456065.0,29.059,61294,False
2022-06-16 00:00:00+00:00,28.7,28.92,28.22,28.76,11548503.0,28.66,57045,False
2022-06-17 00:00:00+00:00,29.16,29.3,28.4,28.81,14567160.0,28.785,64103,False
2022-06-21 00:00:00+00:00,29.03,30.13,28.95,29.86,11315935.0,29.844,51953,False
2022-06-22 00:00:00+00:00,29.25,29.77,29.14,29.28,11972570.0,29.431,55482,False
2022-06-23 00:00:00+00:00,29.35,29.35,28.5,29.18,7941330.0,29.0,39825,False
2022-06-24 00:00:00+00:00,29.39,30.38,29.28,30.32,7828308.0,30.14,36789,False
2022-06-27 00:00:00+00:00,30.37,30.76,30.16,30.59,4979378.0,30.562,27099,False
2022-06-28 00:00:00+00:00,30.97,31.39,30.44,30.5,6142190.0,30.775,33837,False
2022-06-29 00:00:00+00:00,30.32,30.37,29.67,29.87,5672826.0,29.834,32052,False
2022-06-30 00:00:00+00:00,29.53,30.25,29.43,29.79,5301144.0,29.836,29716,False
2022-07-01 00:00:00+00:00,29.69,30.82,29.62,30.72,4807572.0,30.285,27050,False
2022-07-05 00:00:00+00:00,30.36,30.71,29.78,30.7,4118967.0,30.307,23952,False
2022-07-06 00:00:00+00:00,30.82,31.18,30.55,30.86,5031940.0,30.907,28077,False
2022-07-07 00:00:00+00:00,31.06,31.21,30.72,30.97,4807842.0,30.955,24132,False
2022-07-08 00:00:00+00:00,30.97,31.44,30.87,31.32,4121180.0,31.262,22245,False
2022-07-11 00:00:00+00:00,31.12,31.53,30.89,31.44,3296418.0,31.266,18369,False
2022-07-12 00:00:00+00:00,31.24,31.7,31.17,31.52,3466443.0,31.508,19933,False
2022-07-13 00:00:00+00:00,31.16,31.87,31.0,31.6,4972202.0,31.63,27736,False
2022-07-14 00:00:00+00:00,31.02,31.64,30.98,31.33,6352344.0,31.384,29430,False
2022-07-15 00:00:00+00:00,31.89,32.5,31.71,32.49,6719751.0,32.219,34576,False
2022-07-18 00:00:00+00:00,32.5,32.59,32.09,32.2,4004993.0,32.31,22227,False
2022-07-19 00:00:00+00:00,32.5,32.94,32.42,32.91,5555143.0,32.727,28436,False
2022-07-20 00:00:00+00:00,32.95,33.31,32.65,33.0,5205396.0,33.065,27098,False
2022-07-21 00:00:00+00:00,32.98,33.0,32.62,32.99,3963564.0,32.885,22095,False
2022-07-22 00:00:00+00:00,33.21,33.26,32.76,33.06,3923715.0,32.944,23045,False
2022-07-25 00:00:00+00:00,33.12,33.34,32.82,33.12,4934830.0,33.106,27699,False
2022-07-26 00:00:00+00:00,33.0,33.22,32.85,32.88,6094003.0,32.986,30528,False
2022-07-27 00:00:00+00:00,32.96,33.55,32.89,33.5,5870465.0,33.265,35378,False
2022-07-28 00:00:00+00:00,33.81,33.85,32.62,33.8,4864274.0,33.387,29064,False
2022-07-29 00:00:00+00:00,33.76,34.4,33.66,34.19,6814378.0,34.163,36422,False
2022-08-01 00:00:00+00:00,34.03,34.49,33.79,34.21,4462547.0,34.276,25542,False
2022-08-02 00:00:00+00:00,34.11,34.61,34.11,34.2,4367509.0,34.291,21899,False
2022-08-03 00:00:00+00:00,34.5,34.68,34.01,34.04,4363902.0,34.392,23723,False
2022-08-04 00:00:00+00:00,34.05,34.44,33.92,34.02,5049381.0,34.141,24310,False
2022-08-05 00:00:00+00:00,33.79,34.47,33.75,34.45,3346758.0,34.179,19050,False
2022-08-08 00:00:00+00:00,34.72,34.94,34.52,34.57,3210476.0,34.685,19064,False
2022-08-09 00:00:00+00:00,34.64,34.8,34.54,34.68,4103893.0,34.671,20846,False
2022-08-10 00:00:00+00:00,35.0,35.05,34.65,34.81,6248110.0,34.854,29999,False
2022-08-11 00:00:00+00:00,34.93,34.96,34.54,34.82,5408608.0,34.758,29733,False
2022-08-12 00:00:00+00:00,34.96,35.41,34.91,35.39,6170141.0,35.164,26189,False
2022-08-15 00:00:00+00:00,35.32,35.69,35.27,35.53,3848393.0,35.521,21017,False
2022-08-16 00:00:00+00:00,35.42,35.6,35.18,35.27,3774712.0,35.391,22060,False
2022-08-17 00:00:00+00:00,35.0,35.22,34.76,35.01,3344216.0,34.976,17947,False
2022-08-18 00:00:00+00:00,35.04,35.15,34.94,35.08,2771503.0,35.05,16394,False
2022-08-19 00:00:00+00:00,34.83,35.0,34.57,34.62,4711891.0,34.758,21651,False
2022-08-22 00:00:00+00:00,34.28,34.43,33.86,33.93,4212063.0,34.093,22136,False
2022-08-23 00:00:00+00:00,34.01,34.05,33.67,33.69,4356823.0,33.831,21842,False
2022-08-24 00:00:00+00:00,33.77,34.26,33.66,33.99,6905176.0,34.034,30028,False
2022-08-25 00:00:00+00:00,34.26,34.43,34.08,34.36,5097425.0,34.289,23744,False
2022-08-26 00:00:00+00:00,34.36,34.36,33.63,33.64,3785380.0,33.818,19184,False
2022-08-29 00:00:00+00:00,33.47,34.07,33.34,33.53,5456797.0,33.768,27598,False
2022-08-30 00:00:00+00:00,33.57,33.71,32.97,33.09,3579407.0,33.235,20428,False
2022-08-31 00:00:00+00:00,33.29,33.39,32.82,32.99,3156257.0,33.078,17570,False
2022-09-01 00:00:00+00:00,32.8,33.15,32.5,33.11,4231582.0,32.829,27022,False
2022-09-02 00:00:00+00:00,33.43,33.48,32.57,32.67,3151502.0,32.965,18607,False
2022-09-06 00:00:00+00:00,32.86,33.28,32.73,33.17,3135700.0,33.075,19418,False
2022-09-07 00:00:00+00:00,33.17,33.62,33.1,33.5,2902295.0,33.436,14114,False
2022-09-08 00:00:00+00:00,33.32,33.59,33.1,33.42,2865079.0,33.415,18664,False
2022-09-09 00:00:00+00:00,33.59,33.84,33.42,33.72,2596428.0,33.706,16191,False
2022-09-12 00:00:00+00:00,33.84,34.16,33.77,34.04,2952582.0,34.025,17558,False
2022-09-13 00:00:00+00:00,33.42,33.77,33.0,33.14,2537294.0,33.376,15932,False
2022-09-14 00:00:00+00:00,32.92,33.27,32.78,33.22,2618618.0,33.075,16344,False
2022-09-15 00:00:00+00:00,33.27,33.5,32.98,33.11,2754012.0,33.183,17987,False
2022-09-16 00:00:00+00:00,33.09,33.47,32.61,33.42,6558467.0,33.124,30785,False
2022-09-19 00:00:00+00:00,33.12,33.6,33.03,33.54,5035401.0,33.361,31378,False
2022-09-20 00:00:00+00:00,33.26,33.33,32.83,32.98,3911540.0,33.037,22196,False
2022-09-21 00:00:00+00:00,32.92,32.99,32.01,32.02,3925507.0,32.559,22903,False
2022-09-22 00:00:00+00:00,32.04,32.21,31.4,31.49,4013630.0,31.664,24699,False
2022-09-23 00:00:00+00:00,31.11,31.27,30.45,30.88,4263521.0,30.776,24846,False
2022-09-26 00:00:00+00:00,30.82,31.2,30.29,30.49,4086087.0,30.619,26224,False
2022-09-27 00:00:00+00:00,30.86,31.08,30.46,30.65,4760221.0,30.711,27150,False
2022-09-28 00:00:00+00:00,30.91,31.01,30.41,30.88,8301820.0,30.713,42062,False
2022-09-29 00:00:00+00:00,30.57,30.57,29.35,29.39,8103651.0,29.569,37811,False
2022-09-30 00:00:00+00:00,29.66,30.1,29.42,29.85,5484505.0,29.839,29278,False
2022-10-03 00:00:00+00:00,30.26,30.76,29.89,30.54,3962600.0,30.514,26649,False
2022-10-04 00:00:00+00:00,30.83,31.55,30.81,31.36,6380719.0,31.197,34171,False
2022-10-05 00:00:00+00:00,30.95,31.52,30.65,31.37,4573264.0,31.13,26490,False
2022-10-06 00:00:00+00:00,31.3,31.56,30.85,30.96,3664504.0,31.088,22495,False
2022-10-07 00:00:00+00:00,30.71,30.97,30.44,30.64,3432630.0,30.69,20654,False
2022-10-10 00:00:00+00:00,30.73,30.86,30.35,30.35,3484995.0,30.548,22317,False
2022-10-11 00:00:00+00:00,30.24,30.83,29.95,30.72,3613815.0,30.522,22897,False
2022-10-12 00:00:00+00:00,30.64,30.87,30.34,30.59,2518085.0,30.668,17154,False
2022-10-13 00:00:00+00:00,30.12,30.87,29.46,30.72,4717734.0,30.371,30755,False
2022-10-14 00:00:00+00:00,31.04,31.09,29.62,29.65,4100308.0,30.036,26924,False
2022-10-17 00:00:00+00:00,30.14,30.6,30.03,30.45,2887285.0,30.401,18638,False
2022-10-18 00:00:00+00:00,30.91,31.17,30.32,30.61,5110525.0,30.686,32460,False
2022-10-19 00:00:00+00:00,30.28,30.47,29.34,29.4,5800906.0,29.675,31596,False
2022-10-20 00:00:00+00:00,29.47,30.0,29.31,29.69,4121428.0,29.71,25321,False
2022-10-21 00:00:00+00:00,29.7,30.09,29.29,30.05,4308361.0,29.719,25187,False
2022-10-24 00:00:00+00:00,30.3,30.44,29.75,29.89,3984320.0,29.96,22176,False
2022-10-25 00:00:00+00:00,30.0,30.8,29.95,30.74,3159699.0,30.602,19844,False
2022-10-26 00:00:00+00:00,30.74,30.96,30.5,30.66,3060621.0,30.732,18873,False
2022-10-27 00:00:00+00:00,30.9,31.31,30.83,30.99,3203109.0,31.091,19998,False
2022-10-28 00:00:00+00:00,30.92,32.2,30.6,32.13,4035570.0,31.698,23025,False
2022-10-31 00:00:00+00:00,31.77,32.19,31.66,32.02,2918561.0,31.961,19953,False
2022-11-01 00:00:00+00:00,32.26,32.77,32.18,32.7,4054538.0,32.577,22706,False
2022-11-02 00:00:00+00:00,32.52,32.83,31.75,32.01,7218298.0,32.341,43147,False
2022-11-03 00:00:00+00:00,31.7,32.25,31.39,31.99,4306757.0,31.889,22490,False
2022-11-04 00:00:00+00:00,30.93,31.51,30.88,31.43,11831939.0,31.168,62095,False
2022-11-07 00:00:00+00:00,31.6,31.98,31.32,31.8,6466636.0,31.748,27826,False
2022-11-08 00:00:00+00:00,31.89,32.0,31.62,31.78,4632709.0,31.849,30980,False
2022-11-09 00:00:00+00:00,31.59,31.98,31.44,31.53,4798237.0,31.727,27893,False
2022-11-10 00:00:00+00:00,32.3,32.92,32.09,32.62,6343685.0,32.563,40073,False
2022-11-11 00:00:00+00:00,32.77,32.87,32.0,32.13,4735672.0,32.291,27377,False
2022-11-14 00:00:00+00:00,31.96,32.12,31.58,31.65,4496968.0,31.802,23487,False
2022-11-15 00:00:00+00:00,32.03,32.09,31.26,31.85,6233779.0,31.643,39975,False
2022-11-16 00:00:00+00:00,31.78,31.88,31.49,31.65,3962427.0,31.672,20859,False
2022-11-17 00:00:00+00:00,31.3,31.83,31.25,31.82,3484901.0,31.62,18398,False
2022-11-18 00:00:00+00:00,32.24,32.42,31.96,32.3,4413231.0,32.177,21766,False
2022-11-21 00:00:00+00:00,32.15,32.69,32.14,32.67,2574017.0,32.488,15977,False
2022-11-22 00:00:00+00:00,32.86,33.35,32.71,33.23,2678858.0,33.158,15420,False
2022-11-23 00:00:00+00:00,33.15,33.45,33.1,33.22,1582501.0,33.253,10052,False
2022-11-25 00:00:00+00:00,33.37,33.45,33.2,33.36,1279908.0,33.314,7684,False
2022-11-28 00:00:00+00:00,33.15,33.45,33.08,33.24,4016257.0,33.237,20031,False
2022-11-29 00:00:00+00:00,33.37,33.71,33.28,33.67,2800398.0,33.542,17269,False
2022-11-30 00:00:00+00:00,33.69,34.25,33.3,34.2,2848035.0,33.787,17780,False
2022-12-01 00:00:00+00:00,34.39,34.48,33.27,33.86,6966314.0,33.898,37539,False
2022-12-02 00:00:00+00:00,33.51,34.09,33.51,34.03,3237618.0,33.9,16430,False
2022-12-05 00:00:00+00:00,33.77,33.94,33.28,33.3,3332851.0,33.499,17604,False
2022-12-06 00:00:00+00:00,33.41,33.59,33.25,33.54,5189275.0,33.422,23833,False
2022-12-07 00:00:00+00:00,33.48,33.94,33.48,33.73,3142145.0,33.772,18339,False
2022-12-08 00:00:00+00:00,33.84,34.06,33.57,33.68,3845970.0,33.799,18623,False
2022-12-09 00:00:00+00:00,33.72,34.1,33.64,33.93,6412951.0,33.968,20292,False
2022-12-12 00:00:00+00:00,33.97,34.09,33.68,34.08,3150060.0,33.868,18867,False
2022-12-13 00:00:00+00:00,34.86,34.92,34.07,34.39,3709268.0,34.406,23572,False
2022-12-14 00:00:00+00:00,34.41,34.7,33.97,34.19,3646472.0,34.289,22867,False
2022-12-15 00:00:00+00:00,33.93,34.16,33.8,33.95,3188557.0,33.961,20384,False
2022-12-16 00:00:00+00:00,33.55,33.62,32.78,33.34,4827954.0,33.281,22240,False
2022-12-19 00:00:00+00:00,33.3,33.35,32.97,33.08,2653122.0,33.138,16474,False
2022-12-20 00:00:00+00:00,32.92,33.24,32.81,33.12,2714150.0,33.09,16167,False
2022-12-21 00:00:00+00:00,33.01,33.15,32.7,32.78,2942278.0,32.91,16426,False
2022-12-22 00:00:00+00:00,32.51,32.54,31.37,32.21,5603552.0,31.949,32387,False
2022-12-23 00:00:00+00:00,32.16,32.68,32.0,32.67,3640585.0,32.463,19958,False
2022-12-27 00:00:00+00:00,32.7,32.84,32.42,32.72,2773294.0,32.665,16264,False
2022-12-28 00:00:00+00:00,32.77,32.89,32.15,32.19,2006346.0,32.402,12069,False
2022-12-29 00:00:00+00:00,32.38,32.6,32.24,32.41,2187816.0,32.401,12270,False
2022-12-30 00:00:00+00:00,32.2,32.45,32.06,32.4,1954099.0,32.269,12082,False
2023-01-03 00:00:00+00:00,32.55,32.69,31.64,31.75,3392400.0,31.915,20419,False
2023-01-04 00:00:00+00:00,31.89,32.24,31.76,31.95,3475364.0,31.961,20620,False
2023-01-05 00:00:00+00:00,31.86,31.94,31.37,31.47,2427249.0,31.545,14247,False
2023-01-06 00:00:00+00:00,31.42,31.91,31.33,31.8,4036166.0,31.65,19942,False
2023-01-09 00:00:00+00:00,31.69,32.2,31.57,31.98,3184151.0,31.975,15395,False
2023-01-10 00:00:00+00:00,32.01,32.41,31.79,32.38,5820987.0,32.149,23107,False
2023-01-11 00:00:00+00:00,32.77,33.54,32.66,33.54,5195698.0,33.201,25640,False
2023-01-12 00:00:00+00:00,33.69,34.06,33.29,34.02,4787898.0,33.839,23195,False
2023-01-13 00:00:00+00:00,32.96,33.23,32.75,33.15,16551615.0,33.072,74020,False
2023-01-17 00:00:00+00:00,33.14,33.75,33.11,33.63,8740196.0,33.592,39161,False
2023-01-18 00:00:00+00:00,33.8,33.95,32.68,32.69,4204646.0,33.176,24312,False
2023-01-19 00:00:00+00:00,32.52,33.3,32.46,33.18,5391963.0,33.087,29448,False
2023-01-20 00:00:00+00:00,33.17,33.61,33.03,33.58,3011605.0,33.38,15844,False
2023-01-23 00:00:00+00:00,33.64,33.93,33.45,33.64,2514019.0,33.683,15316,False
2023-01-24 00:00:00+00:00,29.91,34.12,29.91,33.96,2805683.0,33.728,17214,False
2023-01-25 00:00:00+00:00,33.92,33.93,33.38,33.73,2562811.0,33.615,13806,False
2023-01-26 00:00:00+00:00,33.89,34.05,33.61,33.98,2370087.0,33.876,14096,False
2023-01-27 00:00:00+00:00,34.05,34.34,33.87,34.14,1740486.0,34.168,10360,False
2023-01-30 00:00:00+00:00,33.94,34.29,33.78,33.88,1885056.0,33.932,9623,False
2023-01-31 00:00:00+00:00,33.88,34.25,33.73,34.18,2954618.0,34.127,15891,False
2023-02-01 00:00:00+00:00,34.13,34.7,33.8,34.47,2718440.0,34.284,17374,False
2023-02-02 00:00:00+00:00,34.7,35.07,34.23,34.55,4080891.0,34.642,25072,False
2023-02-03 00:00:00+00:00,34.32,34.53,34.11,34.51,2560944.0,34.335,15149,False
2023-02-06 00:00:00+00:00,34.28,34.82,34.24,34.65,3523622.0,34.599,19802,False
2023-02-07 00:00:00+00:00,34.42,34.66,34.03,34.55,2643986.0,34.377,15737,False
2023-02-08 00:00:00+00:00,34.43,34.78,34.34,34.52,2336356.0,34.526,12901,False
2023-02-09 00:00:00+00:00,34.7,34.9,34.24,34.3,3390629.0,34.585,18599,False
2023-02-10 00:00:00+00:00,34.05,34.55,34.05,34.48,2535100.0,34.373,14438,False
2023-02-13 00:00:00+00:00,34.56,34.63,34.35,34.53,2705213.0,34.493,14912,False
2023-02-14 00:00:00+00:00,34.5,34.6,34.01,34.18,2527334.0,34.232,14441,False
2023-02-15 00:00:00+00:00,34.0,34.37,33.92,34.32,3173417.0,34.241,16979,False
2023-02-16 00:00:00+00:00,33.99,34.32,33.83,34.09,2494949.0,34.145,13330,False
2023-02-17 00:00:00+00:00,34.09,34.23,33.76,33.89,3218287.0,33.989,15094,False
2023-02-21 00:00:00+00:00,33.7,33.81,33.57,33.7,2705941.0,33.7,15342,False
2023-02-22 00:00:00+00:00,33.78,33.98,33.38,33.46,2653184.0,33.607,15608,False
2023-02-23 00:00:00+00:00,33.57,33.73,33.22,33.48,3179586.0,33.474,18406,False
2023-02-24 00:00:00+00:00,34.12,34.17,33.04,33.29,8881500.0,33.386,39974,False
2023-02-27 00:00:00+00:00,33.72,34.18,33.53,33.68,5282323.0,33.76,25545,False
2023-02-28 00:00:00+00:00,33.74,34.05,33.44,33.53,5571544.0,33.76,24613,False
2023-03-01 00:00:00+00:00,33.45,33.77,33.25,33.7,7760645.0,33.578,33343,False
2023-03-02 00:00:00+00:00,33.7,33.96,33.41,33.8,9872713.0,33.754,32498,False
2023-03-03 00:00:00+00:00,34.0,34.26,33.74,34.12,8442811.0,33.993,33810,False
2023-03-06 00:00:00+00:00,34.17,34.34,33.82,33.94,4049158.0,34.043,22384,False
2023-03-07 00:00:00+00:00,33.95,34.08,33.45,33.48,4141521.0,33.718,22086,False
2023-03-08 00:00:00+00:00,33.45,33.79,33.42,33.76,2613579.0,33.654,15030,False
2023-03-09 00:00:00+00:00,34.19,34.19,33.16,33.22,5215914.0,33.659,23258,False
2023-03-10 00:00:00+00:00,33.1,33.22,31.68,31.88,6056145.0,32.128,33166,False
2023-03-13 00:00:00+00:00,31.54,32.28,31.41,31.93,5443590.0,31.972,35528,False
2023-03-14 00:00:00+00:00,32.39,32.72,31.99,32.3,4103534.0,32.296,24918,False
2023-03-15 00:00:00+00:00,31.92,32.1,31.32,31.63,4329472.0,31.606,28255,False
2023-03-16 00:00:00+00:00,31.31,31.85,31.08,31.65,5139068.0,31.547,30708,False
2023-03-17 00:00:00+00:00,31.64,31.67,31.06,31.17,7058930.0,31.326,34792,False
2023-03-20 00:00:00+00:00,31.3,31.64,31.21,31.53,3379072.0,31.475,20336,False
2023-03-21 00:00:00+00:00,31.77,31.99,31.51,31.53,3726900.0,31.686,21561,False
2023-03-22 00:00:00+00:00,31.02,31.17,30.29,30.34,3760258.0,30.838,22869,False
2023-03-23 00:00:00+00:00,30.49,30.86,29.95,30.06,3779190.0,30.341,22235,False
2023-03-24 00:00:00+00:00,29.91,31.1,29.65,31.06,5461418.0,30.607,28720,False
2023-03-27 00:00:00+00:00,31.27,31.66,31.17,31.38,4516230.0,31.431,24648,False
2023-03-28 00:00:00+00:00,31.13,31.63,31.13,31.56,3198993.0,31.454,17683,False
2023-03-29 00:00:00+00:00,31.89,31.94,31.62,31.7,2666000.0,31.765,14689,False
2023-03-30 00:00:00+00:00,31.85,32.07,31.71,31.81,2908786.0,31.807,14693,False
2023-03-31 00:00:00+00:00,31.95,32.64,31.92,32.62,4831061.0,32.354,25350,False
2023-04-03 00:00:00+00:00,32.69,33.0,32.34,32.49,3926965.0,32.557,24437,False
2023-04-04 00:00:00+00:00,32.59,32.63,32.04,32.35,2729887.0,32.274,15619,False
2023-04-05 00:00:00+00:00,32.52,32.58,32.08,32.12,5227469.0,32.317,23196,False
2023-04-06 00:00:00+00:00,32.15,32.33,32.0,32.32,3331514.0,32.178,18295,False
2023-04-10 00:00:00+00:00,32.23,32.63,32.19,32.63,3347051.0,32.432,17251,False
2023-04-11 00:00:00+00:00,32.66,32.89,32.47,32.86,3685269.0,32.678,18675,False
2023-04-12 00:00:00+00:00,33.09,33.22,32.7,32.8,2860261.0,33.009,17055,False
2023-04-13 00:00:00+00:00,32.76,32.83,32.41,32.68,3050687.0,32.691,16162,False
2023-04-14 00:00:00+00:00,32.76,32.9,32.15,32.35,1939113.0,32.402,12130,False
2023-04-17 00:00:00+00:00,32.31,32.88,32.22,32.86,2481294.0,32.634,13263,False
2023-04-18 00:00:00+00:00,32.85,33.03,32.62,32.78,1867782.0,32.8,11472,False
2023-04-19 00:00:00+00:00,32.51,32.99,32.47,32.92,1811914.0,32.83,11549,False
2023-04-20 00:00:00+00:00,32.72,33.24,32.71,33.12,2982100.0,33.091,16324,False
2023-04-21 00:00:00+00:00,33.26,33.4,32.87,33.33,1911688.0,33.202,11662,False
2023-04-24 00:00:00+00:00,33.33,33.35,32.8,33.19,1881615.0,33.106,11190,False
2023-04-25 00:00:00+00:00,33.01,33.18,32.88,33.05,1984560.0,33.054,11284,False
2023-04-26 00:00:00+00:00,32.94,33.17,32.67,32.81,3137380.0,32.939,13770,False
2023-04-27 00:00:00+00:00,32.88,33.42,32.62,33.29,2203586.0,33.081,13670,False
2023-04-28 00:00:00+00:00,33.19,33.94,33.19,33.94,2864142.0,33.768,17399,False
2023-05-01 00:00:00+00:00,33.71,34.05,33.66,33.78,2536534.0,33.849,15265,False
2023-05-02 00:00:00+00:00,33.46,33.46,32.36,32.7,3518129.0,32.847,20748,False
2023-05-03 00:00:00+00:00,32.99,32.99,32.05,32.12,6128648.0,32.355,32278,False
2023-05-04 00:00:00+00:00,32.0,32.7,31.82,32.4,2649828.0,32.348,15811,False
2023-05-05 00:00:00+00:00,32.6,33.0,32.56,32.81,1751354.0,32.839,10673,False
2023-05-08 00:00:00+00:00,32.77,33.1,32.73,32.97,1675294.0,32.95,10294,False
2023-05-09 00:00:00+00:00,32.79,33.1,32.61,32.95,1928112.0,32.893,11042,False
2023-05-10 00:00:00+00:00,33.18,33.27,32.43,32.55,2606899.0,32.641,15153,False
2023-05-11 00:00:00+00:00,32.4,32.4,31.77,31.92,3298635.0,31.961,18461,False
2023-05-12 00:00:00+00:00,31.95,32.1,31.77,31.9,2596927.0,31.941,13759,False
2023-05-15 00:00:00+00:00,32.05,32.14,31.77,31.82,3939895.0,31.923,19711,False
2023-05-16 00:00:00+00:00,31.75,31.77,31.08,31.1,3042053.0,31.291,17020,False
2023-05-17 00:00:00+00:00,31.32,31.68,31.07,31.5,4215021.0,31.424,21168,False
2023-05-18 00:00:00+00:00,31.33,31.55,31.1,31.37,3210976.0,31.314,17361,False
2023-05-19 00:00:00+00:00,31.53,31.67,31.27,31.6,2848262.0,31.535,15408,False
2023-05-22 00:00:00+00:00,31.81,31.96,31.57,31.61,3796613.0,31.771,23010,False
2023-05-23 00:00:00+00:00,31.52,31.63,31.03,31.09,2111290.0,31.3,13146,False
2023-05-24 00:00:00+00:00,30.95,30.98,30.56,30.61,2956147.0,30.708,16916,False
2023-05-25 00:00:00+00:00,30.66,30.7,30.27,30.28,3949155.0,30.443,22353,False
2023-05-26 00:00:00+00:00,30.37,30.65,30.31,30.53,1869620.0,30.507,10945,False
2023-05-30 00:00:00+00:00,30.61,30.82,30.4,30.52,2705286.0,30.529,14493,False
2023-05-31 00:00:00+00:00,30.6,31.04,30.38,30.93,2597483.0,30.771,16391,False
2023-06-01 00:00:00+00:00,31.02,31.15,30.69,30.94,2157036.0,30.999,11812,False
2023-06-02 00:00:00+00:00,31.24,31.76,31.24,31.61,2243943.0,31.587,11424,False
2023-06-05 00:00:00+00:00,31.57,32.1,31.56,31.81,1941476.0,31.9,11634,False
2023-06-06 00:00:00+00:00,31.99,32.19,31.8,31.95,1533980.0,31.976,8746,False
2023-06-07 00:00:00+00:00,32.1,32.62,31.94,32.5,2350066.0,32.358,12673,False
2023-06-08 00:00:00+00:00,32.36,32.47,32.15,32.35,2158667.0,32.31,11616,False
2023-06-09 00:00:00+00:00,32.38,32.49,32.23,32.3,1629939.0,32.329,9491,False
2023-06-12 00:00:00+00:00,32.33,32.36,31.75,32.1,2347037.0,31.94,12939,False
2023-06-13 00:00:00+00:00,32.03,32.4,32.03,32.24,1952394.0,32.227,11137,False
2023-06-14 00:00:00+00:00,32.45,32.73,32.18,32.38,2293475.0,32.397,12938,False
2023-06-15 00:00:00+00:00,32.36,32.55,32.2,32.54,1853158.0,32.403,10602,False
2023-06-16 00:00:00+00:00,32.79,32.9,32.26,32.34,3353820.0,32.534,13901,False
2023-06-20 00:00:00+00:00,32.34,32.41,31.74,31.91,2500509.0,31.966,14606,False
2023-06-21 00:00:00+00:00,31.53,31.6,31.12,31.14,2925533.0,31.282,15958,False
2023-06-22 00:00:00+00:00,31.23,31.25,30.71,31.12,3160854.0,30.979,17358,False
2023-06-23 00:00:00+00:00,30.95,31.0,30.5,30.63,6798408.0,30.651,30013,False
2023-06-26 00:00:00+00:00,30.65,31.55,30.62,31.4,3846054.0,31.273,18416,False
2023-06-27 00:00:00+00:00,31.52,31.52,30.99,31.09,4134436.0,31.193,19558,False
2023-06-28 00:00:00+00:00,31.09,31.12,30.75,31.0,5123094.0,30.89,26032,False
2023-06-29 00:00:00+00:00,30.89,31.42,30.88,31.38,4162191.0,31.172,19774,False
2023-06-30 00:00:00+00:00,31.61,31.62,30.93,31.43,4125239.0,31.238,22884,False
2023-07-03 00:00:00+00:00,31.28,32.15,31.26,31.83,2198353.0,31.898,12174,False
2023-07-05 00:00:00+00:00,31.46,31.56,31.05,31.33,3722239.0,31.394,21503,False
2023-07-06 00:00:00+00:00,30.94,31.06,30.44,30.94,3489839.0,30.867,19506,False
2023-07-07 00:00:00+00:00,30.81,31.34,30.78,31.13,3320076.0,31.155,14610,False
2023-07-10 00:00:00+00:00,31.01,31.53,30.89,31.53,3153143.0,31.365,15008,False
2023-07-11 00:00:00+00:00,31.61,31.84,31.45,31.79,2340516.0,31.643,12465,False
2023-07-12 00:00:00+00:00,32.12,32.34,31.88,31.91,4445893.0,32.087,22999,False
2023-07-13 00:00:00+00:00,31.92,32.06,31.31,31.37,5678426.0,31.532,27375,False
2023-07-14 00:00:00+00:00,31.31,31.58,31.06,31.51,3608884.0,31.369,20280,False
2023-07-17 00:00:00+00:00,31.38,31.76,31.38,31.55,3897583.0,31.603,16414,False
2023-07-18 00:00:00+00:00,31.59,31.66,31.24,31.55,3440733.0,31.453,16518,False
2023-07-19 00:00:00+00:00,31.75,32.21,31.71,32.15,3088299.0,32.013,15733,False
2023-07-20 00:00:00+00:00,32.29,32.74,31.92,32.71,4576485.0,32.452,21830,False
2023-07-21 00:00:00+00:00,32.89,32.91,32.55,32.79,3205880.0,32.78,15913,False
2023-07-24 00:00:00+00:00,32.88,33.09,32.66,32.88,4811813.0,32.818,19589,False
2023-07-25 00:00:00+00:00,33.0,33.02,32.72,32.84,3502565.0,32.883,17951,False
2023-07-26 00:00:00+00:00,32.77,33.09,32.65,32.75,3753227.0,32.824,19507,False
2023-07-27 00:00:00+00:00,33.15,33.4,31.89,31.93,5268218.0,32.156,29033,False
2023-07-28 00:00:00+00:00,32.14,32.36,31.49,31.79,4860703.0,31.722,25020,False
2023-07-31 00:00:00+00:00,31.9,32.05,31.38,31.48,4582677.0,31.572,22129,False
2023-08-01 00:00:00+00:00,31.45,31.7,31.27,31.64,2411671.0,31.569,14268,False
2023-08-02 00:00:00+00:00,31.49,31.56,31.26,31.33,3359181.0,31.408,15571,False
2023-08-03 00:00:00+00:00,31.16,31.21,30.68,31.08,3971483.0,30.9,21069,False
2023-08-04 00:00:00+00:00,30.96,31.54,30.92,31.06,2541366.0,31.218,15334,False
2023-08-07 00:00:00+00:00,31.14,31.36,31.07,31.28,2247488.0,31.237,12405,False
2023-08-08 00:00:00+00:00,31.1,31.41,31.03,31.14,1692251.0,31.166,10448,False
2023-08-09 00:00:00+00:00,31.05,31.51,31.02,31.37,1688018.0,31.361,9273,False
2023-08-10 00:00:00+00:00,31.48,31.68,30.9,30.96,2288202.0,31.195,13680,False
2023-08-11 00:00:00+00:00,30.84,31.01,30.71,30.89,1728229.0,30.832,10382,False
2023-08-14 00:00:00+00:00,30.74,30.87,30.6,30.64,2226259.0,30.715,10873,False
2023-08-15 00:00:00+00:00,30.45,30.5,30.02,30.04,2620516.0,30.213,15176,False
2023-08-16 00:00:00+00:00,30.0,30.12,29.8,29.81,1994158.0,29.971,12087,False
2023-08-17 00:00:00+00:00,29.85,30.07,29.67,29.67,2546136.0,29.871,13281,False
2023-08-18 00:00:00+00:00,29.49,30.12,29.46,30.08,2435209.0,29.956,12798,False
2023-08-21 00:00:00+00:00,30.09,30.17,29.63,29.86,2080424.0,29.866,11571,False
2023-08-22 00:00:00+00:00,29.96,30.24,29.85,30.15,3257496.0,30.126,13990,False
2023-08-23 00:00:00+00:00,30.25,30.67,30.14,30.61,2606554.0,30.549,15298,False
2023-08-24 00:00:00+00:00,30.68,30.88,30.33,30.34,2560041.0,30.542,15530,False
2023-08-25 00:00:00+00:00,30.5,30.8,30.35,30.52,3245239.0,30.565,18440,False
2023-08-28 00:00:00+00:00,30.62,30.95,30.58,30.74,1960803.0,30.789,11012,False
2023-08-29 00:00:00+00:00,30.82,30.9,30.61,30.88,2772515.0,30.783,17097,False
2023-08-30 00:00:00+00:00,30.94,31.12,30.76,30.98,2857428.0,30.975,16560,False
2023-08-31 00:00:00+00:00,30.95,31.0,30.75,30.84,3465622.0,30.862,18484,False
2023-09-01 00:00:00+00:00,31.01,31.08,30.89,30.99,2046360.0,30.996,11483,False
2023-09-05 00:00:00+00:00,31.05,31.23,30.78,30.82,3375046.0,30.94,18203,False
2023-09-06 00:00:00+00:00,30.78,31.03,30.73,31.01,2917363.0,30.889,13409,False
2023-09-07 00:00:00+00:00,31.12,31.54,30.97,31.22,3305807.0,31.277,18191,False
2023-09-08 00:00:00+00:00,31.35,31.58,31.14,31.19,2305968.0,31.316,13359,False
2023-09-11 00:00:00+00:00,31.2,31.43,31.11,31.32,2171398.0,31.31,12269,False
2023-09-12 00:00:00+00:00,31.25,31.57,31.24,31.41,1955391.0,31.436,10426,False
2023-09-13 00:00:00+00:00,31.47,31.51,31.17,31.28,2163717.0,31.309,11009,False
2023-09-14 00:00:00+00:00,31.54,31.6,31.42,31.51,2171483.0,31.533,12443,False
2023-09-15 00:00:00+00:00,31.39,31.48,31.21,31.38,3641155.0,31.374,13548,False
2023-09-18 00:00:00+00:00,31.41,31.45,30.78,30.85,3496738.0,30.932,18100,False
2023-09-19 00:00:00+00:00,30.8,31.1,30.8,30.99,2812738.0,30.984,13589,False
2023-09-20 00:00:00+00:00,30.7,31.01,30.63,30.66,2077346.0,30.798,10285,False
2023-09-21 00:00:00+00:00,30.58,30.63,30.09,30.1,2935723.0,30.322,15682,False
2023-09-22 00:00:00+00:00,30.13,30.24,29.71,29.73,2704838.0,29.96,14457,False
2023-09-25 00:00:00+00:00,29.58,29.84,29.5,29.75,2780117.0,29.705,15057,False
2023-09-26 00:00:00+00:00,29.53,29.6,29.09,29.19,2857562.0,29.313,15237,False
2023-09-27 00:00:00+00:00,29.27,29.46,28.84,28.88,3301100.0,29.039,16654,False
2023-09-28 00:00:00+00:00,28.95,29.49,28.95,29.47,5287413.0,29.278,23743,False
2023-09-29 00:00:00+00:00,29.65,29.73,28.96,29.1,6594729.0,29.239,34598,False
2023-10-02 00:00:00+00:00,28.97,29.21,28.55,28.65,4288332.0,28.794,22696,False
2023-10-03 00:00:00+00:00,28.42,28.54,27.93,28.04,4016960.0,28.099,21277,False
2023-10-04 00:00:00+00:00,28.06,28.37,27.7,28.35,5023332.0,28.09,24258,False
2023-10-05 00:00:00+00:00,28.36,28.54,28.17,28.31,8258797.0,28.346,32788,False
2023-10-06 00:00:00+00:00,28.12,28.79,27.75,28.61,4490146.0,28.348,23155,False
2023-10-09 00:00:00+00:00,28.45,29.21,28.43,29.19,2734682.0,28.998,15759,False
2023-10-10 00:00:00+00:00,29.14,29.41,28.97,29.23,2794220.0,29.199,14719,False
2023-10-11 00:00:00+00:00,29.39,29.58,29.1,29.36,4276080.0,29.31,20372,False
2023-10-12 00:00:00+00:00,29.31,29.32,28.75,28.88,2924629.0,28.965,17548,False
2023-10-13 00:00:00+00:00,28.99,29.12,28.77,28.94,2180377.0,28.945,12016,False
2023-10-16 00:00:00+00:00,29.16,29.39,28.91,29.32,2257429.0,29.259,12484,False
2023-10-17 00:00:00+00:00,29.15,29.62,29.14,29.27,3870345.0,29.325,16823,False
2023-10-18 00:00:00+00:00,29.16,29.27,28.7,28.74,2508962.0,28.879,13968,False
2023-10-19 00:00:00+00:00,28.61,28.84,28.05,28.08,3940158.0,28.408,18668,False
2023-10-20 00:00:00+00:00,28.1,28.16,27.44,27.51,6761778.0,27.758,32718,False
2023-10-23 00:00:00+00:00,27.38,27.8,27.27,27.28,4242014.0,27.516,23823,False
2023-10-24 00:00:00+00:00,27.4,28.01,27.37,27.95,3947330.0,27.772,22376,False
2023-10-25 00:00:00+00:00,27.75,27.9,27.51,27.56,3180193.0,27.654,18096,False
2023-10-26 00:00:00+00:00,27.7,27.95,27.41,27.55,5013415.0,27.601,27608,False
2023-10-27 00:00:00+00:00,27.66,27.72,27.2,27.34,3522088.0,27.405,21024,False
2023-10-30 00:00:00+00:00,27.41,27.65,26.62,27.18,5885824.0,27.003,29898,False
2023-10-31 00:00:00+00:00,27.43,27.93,27.35,27.9,4432186.0,27.716,23562,False
2023-11-01 00:00:00+00:00,27.95,28.08,27.63,27.87,4117027.0,27.87,20102,False
2023-11-02 00:00:00+00:00,28.2,28.69,27.98,28.59,4257994.0,28.459,23397,False
2023-11-03 00:00:00+00:00,29.0,29.44,28.98,29.17,5068838.0,29.271,31291,False
2023-11-06 00:00:00+00:00,29.13,29.21,28.78,29.0,3134181.0,28.916,18762,False
2023-11-07 00:00:00+00:00,29.03,29.08,28.64,28.75,3181933.0,28.761,17445,False
2023-11-08 00:00:00+00:00,28.78,28.89,28.53,28.6,3348802.0,28.635,18049,False
2023-11-09 00:00:00+00:00,28.74,28.74,28.04,28.11,4144740.0,28.26,21376,False
2023-11-10 00:00:00+00:00,28.33,28.51,28.09,28.46,6825031.0,28.283,29372,False
2023-11-13 00:00:00+00:00,28.29,28.33,27.93,28.09,3003997.0,28.073,17500,False
2023-11-14 00:00:00+00:00,28.72,29.56,28.62,29.15,8011854.0,29.224,37772,False
2023-11-15 00:00:00+00:00,29.14,29.41,28.89,28.9,4923391.0,29.074,23882,False
2023-11-16 00:00:00+00:00,28.93,29.08,28.67,28.7,3781923.0,28.838,21241,False
2023-11-17 00:00:00+00:00,28.94,28.96,28.46,28.58,5282083.0,28.598,25163,False
2023-11-20 00:00:00+00:00,28.55,28.77,28.34,28.6,5818641.0,28.567,28336,False
2023-11-21 00:00:00+00:00,28.49,28.51,28.03,28.2,3584665.0,28.216,19093,False
2023-11-22 00:00:00+00:00,28.42,28.63,28.26,28.61,4253232.0,28.465,18034,False
2023-11-24 00:00:00+00:00,28.65,28.68,28.45,28.66,1112236.0,28.597,6345,False
2023-11-27 00:00:00+00:00,28.65,28.89,28.51,28.76,2706715.0,28.744,14235,False
2023-11-28 00:00:00+00:00,28.66,29.28,28.66,29.22,3626162.0,29.133,17415,False
2023-11-29 00:00:00+00:00,29.44,29.74,29.33,29.62,6717109.0,29.608,28815,False
2023-11-30 00:00:00+00:00,29.65,29.95,29.59,29.89,6361314.0,29.807,31135,False
2023-12-01 00:00:00+00:00,29.81,30.52,29.8,30.5,4379962.0,30.284,21910,False
2023-12-04 00:00:00+00:00,30.35,30.58,30.21,30.55,3797358.0,30.393,21185,False
2023-12-05 00:00:00+00:00,30.46,30.51,30.24,30.26,4483233.0,30.369,22688,False
2023-12-06 00:00:00+00:00,30.4,30.77,30.18,30.24,4794050.0,30.463,23124,False
2023-12-07 00:00:00+00:00,30.25,30.53,30.03,30.43,4711521.0,30.338,19485,False
2023-12-08 00:00:00+00:00,30.43,30.68,30.25,30.51,4575661.0,30.481,20617,False
2023-12-11 00:00:00+00:00,30.46,30.9,30.38,30.79,3766932.0,30.691,18412,False
2023-12-12 00:00:00+00:00,30.79,31.05,30.55,30.73,3065124.0,30.849,17492,False
2023-12-13 00:00:00+00:00,30.78,31.63,30.65,31.53,4217897.0,31.128,23269,False
2023-12-14 00:00:00+00:00,32.06,32.11,31.44,31.93,7602856.0,31.75,35824,False
2023-12-15 00:00:00+00:00,31.78,31.93,31.17,31.34,6662908.0,31.527,29048,False
2023-12-18 00:00:00+00:00,31.47,31.61,31.19,31.23,4126759.0,31.359,20301,False
2023-12-19 00:00:00+00:00,31.4,32.04,31.35,31.8,4476333.0,31.769,21349,False
2023-12-20 00:00:00+00:00,31.36,31.69,31.09,31.12,4766767.0,31.452,21518,False
2023-12-21 00:00:00+00:00,31.35,31.55,31.13,31.42,4292820.0,31.299,18192,False
2023-12-22 00:00:00+00:00,31.49,31.68,31.17,31.34,2055346.0,31.423,11945,False
2023-12-26 00:00:00+00:00,31.34,31.74,31.3,31.66,1628526.0,31.556,9314,False
2023-12-27 00:00:00+00:00,31.61,31.83,31.5,31.82,2057508.0,31.715,11298,False
2023-12-28 00:00:00+00:00,31.84,32.19,31.78,32.18,2553797.0,32.017,14232,False
2023-12-29 00:00:00+00:00,32.06,32.13,31.87,31.88,2562347.0,31.961,14555,False
2024-01-02 00:00:00+00:00,31.79,32.68,31.71,32.66,4014808.0,32.482,20943,False
2024-01-03 00:00:00+00:00,32.58,32.62,32.19,32.44,5343696.0,32.445,29724,False
2024-01-04 00:00:00+00:00,32.53,32.59,31.78,31.92,7137886.0,32.163,27573,False
2024-01-05 00:00:00+00:00,31.69,31.92,31.46,31.68,2646476.0,31.703,15980,False
2024-01-08 00:00:00+00:00,31.61,32.1,31.54,32.09,3342800.0,31.97,16423,False
2024-01-09 00:00:00+00:00,31.79,31.87,31.58,31.65,3451984.0,31.698,18541,False
2024-01-10 00:00:00+00:00,31.65,31.65,31.36,31.51,3940366.0,31.475,17357,False
2024-01-11 00:00:00+00:00,31.39,31.5,31.01,31.16,2474736.0,31.21,14092,False
2024-01-12 00:00:00+00:00,31.45,31.53,31.07,31.1,2469006.0,31.203,13368,False
2024-01-16 00:00:00+00:00,30.9,31.26,30.82,31.1,3568913.0,31.106,19160,False
2024-01-17 00:00:00+00:00,30.75,31.18,30.37,30.58,3338804.0,30.674,18741,False
2024-01-18 00:00:00+00:00,30.56,30.74,30.13,30.26,3790013.0,30.368,20831,False
2024-01-19 00:00:00+00:00,30.34,30.66,29.88,30.56,6061410.0,30.429,27036,False
2024-01-22 00:00:00+00:00,30.6,30.97,30.58,30.73,3736508.0,30.757,20279,False
2024-01-23 00:00:00+00:00,30.87,30.97,30.58,30.84,3623129.0,30.778,19343,False
2024-01-24 00:00:00+00:00,31.14,31.24,30.27,30.34,2364609.0,30.622,13390,False
2024-01-25 00:00:00+00:00,30.65,30.72,30.28,30.52,2240878.0,30.501,13356,False
2024-01-26 00:00:00+00:00,30.65,30.75,30.33,30.4,2710120.0,30.446,14708,False
2024-01-29 00:00:00+00:00,30.38,30.45,30.1,30.43,2792466.0,30.281,14132,False
2024-01-30 00:00:00+00:00,30.25,30.45,29.94,30.24,2865719.0,30.234,15434,False
2024-01-31 00:00:00+00:00,30.39,30.63,29.93,30.12,4224992.0,30.278,22247,False
2024-02-01 00:00:00+00:00,30.11,31.07,30.0,31.05,5772442.0,30.646,29351,False
2024-02-02 00:00:00+00:00,30.77,30.77,30.24,30.55,4175237.0,30.479,24336,False
2024-02-05 00:00:00+00:00,30.15,30.15,29.61,29.63,4587579.0,29.836,24673,False
2024-02-06 00:00:00+00:00,29.58,30.02,29.38,29.83,4094492.0,29.865,21419,False
2024-02-07 00:00:00+00:00,29.92,30.01,29.6,29.7,4511135.0,29.786,23125,False
2024-02-08 00:00:00+00:00,29.62,29.93,29.58,29.67,2792133.0,29.73,14085,False
2024-02-09 00:00:00+00:00,29.66,29.73,29.33,29.72,3574095.0,29.537,19147,False
2024-02-12 00:00:00+00:00,29.83,29.99,29.64,29.71,3136978.0,29.806,16556,False
2024-02-13 00:00:00+00:00,29.2,29.29,28.91,29.23,4744709.0,29.144,25452,False
2024-02-14 00:00:00+00:00,29.29,29.38,29.13,29.2,3543019.0,29.239,15834,False
2024-02-15 00:00:00+00:00,29.43,29.69,29.31,29.49,4378648.0,29.504,19136,False
2024-02-16 00:00:00+00:00,29.2,29.57,29.01,29.53,4772960.0,29.393,22407,False
2024-02-20 00:00:00+00:00,29.45,29.66,29.29,29.56,5360976.0,29.494,24716,False
2024-02-21 00:00:00+00:00,29.59,29.74,29.35,29.66,3857819.0,29.612,20795,False
2024-02-22 00:00:00+00:00,29.71,29.91,29.63,29.7,4174178.0,29.749,20104,False
2024-02-23 00:00:00+00:00,29.85,30.41,29.75,30.05,4151899.0,30.136,21391,False
2024-02-26 00:00:00+00:00,29.95,30.05,29.47,29.55,5651492.0,29.644,17999,False
2024-02-27 00:00:00+00:00,29.76,29.89,29.34,29.39,3557384.0,29.498,16095,False
2024-02-28 00:00:00+00:00,29.25,29.78,29.25,29.56,3426487.0,29.541,17097,False
2024-02-29 00:00:00+00:00,29.82,30.06,29.67,29.93,3854239.0,29.904,20222,False
2024-03-01 00:00:00+00:00,29.81,29.83,29.11,29.58,7590219.0,29.423,29203,False
2024-03-04 00:00:00+00:00,29.45,29.83,29.2,29.72,5437402.0,29.548,21208,False
2024-03-05 00:00:00+00:00,29.61,29.65,28.83,28.92,4104270.0,29.194,19646,False
2024-03-06 00:00:00+00:00,29.11,29.14,28.78,28.94,3027184.0,28.932,15333,False
2024-03-07 00:00:00+00:00,29.0,29.29,28.8,29.02,3513819.0,29.011,16950,False
2024-03-08 00:00:00+00:00,29.19,29.4,29.06,29.12,3427777.0,29.202,18577,False
2024-03-11 00:00:00+00:00,29.05,29.74,29.04,29.65,3337441.0,29.58,18059,False
2024-03-12 00:00:00+00:00,29.6,29.73,29.38,29.55,2596839.0,29.528,14251,False
2024-03-13 00:00:00+00:00,29.63,29.8,29.24,29.31,2768246.0,29.501,13252,False
2024-03-14 00:00:00+00:00,29.19,29.2,28.65,28.82,5490211.0,28.856,21947,False
2024-03-15 00:00:00+00:00,28.63,28.99,28.6,28.93,5943648.0,28.765,21011,False
2024-03-18 00:00:00+00:00,28.86,29.12,28.73,28.94,2486711.0,28.941,12094,False
2024-03-19 00:00:00+00:00,29.09,29.09,28.76,28.97,3305276.0,28.918,16244,False
2024-03-20 00:00:00+00:00,28.41,28.9,28.26,28.82,3098173.0,28.698,16365,False
2024-03-21 00:00:00+00:00,28.94,29.23,28.85,29.19,3407635.0,29.041,17342,False
2024-03-22 00:00:00+00:00,29.19,29.25,28.77,28.82,2616571.0,28.906,15177,False
2024-03-25 00:00:00+00:00,28.94,29.04,28.76,28.82,2252952.0,28.856,11263,False
2024-03-26 00:00:00+00:00,28.86,29.2,28.77,29.15,3359541.0,29.098,15571,False
2024-03-27 00:00:00+00:00,29.36,29.76,29.3,29.75,3466249.0,29.526,19012,False
2024-03-28 00:00:00+00:00,29.83,29.94,29.62,29.79,4773190.0,29.757,17267,False
2024-04-01 00:00:00+00:00,29.89,29.89,29.57,29.6,3022793.0,29.681,15547,False
2024-04-02 00:00:00+00:00,29.4,29.59,29.32,29.47,2766963.0,29.455,14713,False
2024-04-03 00:00:00+00:00,29.41,29.52,29.24,29.36,2969224.0,29.401,15015,False
2024-04-04 00:00:00+00:00,29.65,29.75,29.13,29.26,2948440.0,29.403,13959,False
2024-04-05 00:00:00+00:00,29.25,29.34,28.96,29.32,2974971.0,29.205,12956,False
2024-04-08 00:00:00+00:00,29.35,29.66,29.32,29.63,3075235.0,29.561,14952,False
2024-04-09 00:00:00+00:00,29.77,29.96,29.63,29.8,3419255.0,29.781,16584,False
2024-04-10 00:00:00+00:00,29.21,29.26,28.07,28.11,5095001.0,28.402,24848,False
2024-04-11 00:00:00+00:00,28.24,28.41,28.02,28.2,9218552.0,28.194,23944,False
2024-04-12 00:00:00+00:00,28.18,28.18,27.85,27.94,3244294.0,27.997,16751,False
2024-04-15 00:00:00+00:00,28.03,28.15,27.38,27.58,2614129.0,27.684,13369,False
2024-04-16 00:00:00+00:00,27.41,27.47,27.07,27.15,3803756.0,27.225,19466,False
2024-04-17 00:00:00+00:00,27.19,27.5,27.17,27.2,2930800.0,27.315,11763,False
2024-04-18 00:00:00+00:00,27.33,27.54,27.15,27.52,3513352.0,27.422,14113,False
2024-04-19 00:00:00+00:00,27.6,27.97,27.56,27.89,3693308.0,27.826,14423,False
2024-04-22 00:00:00+00:00,27.99,28.06,27.77,28.04,7614523.0,27.881,18788,False
2024-04-23 00:00:00+00:00,28.11,28.59,28.02,28.58,6359311.0,28.374,16353,False
2024-04-24 00:00:00+00:00,28.37,28.73,28.15,28.43,3126670.0,28.509,14743,False
2024-04-25 00:00:00+00:00,28.2,28.58,28.12,28.55,3788246.0,28.398,14024,False
2024-04-26 00:00:00+00:00,28.56,28.71,28.35,28.47,4560711.0,28.454,18943,False
2024-04-29 00:00:00+00:00,28.72,29.05,28.65,29.05,3078026.0,28.915,14579,False
2024-04-30 00:00:00+00:00,28.81,28.94,28.37,28.55,4371631.0,28.601,21788,False
2024-05-01 00:00:00+00:00,28.44,29.1,28.37,28.9,4873438.0,28.694,26007,False
2024-05-02 00:00:00+00:00,28.55,28.94,28.3,28.8,6504358.0,28.67,32589,False
2024-05-03 00:00:00+00:00,29.18,29.3,28.56,28.8,3957094.0,28.778,23683,False
2024-05-06 00:00:00+00:00,28.97,29.06,28.72,29.05,3123168.0,28.91,14833,False
2024-05-07 00:00:00+00:00,29.17,29.55,29.01,29.55,3662467.0,29.434,17781,False
2024-05-08 00:00:00+00:00,29.47,29.5,29.11,29.26,4177533.0,29.266,18114,False
2024-05-09 00:00:00+00:00,29.45,29.58,29.15,29.3,2748219.0,29.282,12596,False
2024-05-10 00:00:00+00:00,29.5,29.75,29.33,29.5,4812553.0,29.613,17030,False
2024-05-13 00:00:00+00:00,29.64,29.76,29.36,29.61,2927357.0,29.527,12825,False
2024-05-14 00:00:00+00:00,29.84,29.96,29.67,29.9,2940308.0,29.835,14772,False
2024-05-15 00:00:00+00:00,30.37,30.6,30.01,30.51,4037265.0,30.408,17796,False
2024-05-16 00:00:00+00:00,30.56,30.61,30.24,30.28,2709737.0,30.367,15394,False
2024-05-17 00:00:00+00:00,30.45,30.45,30.22,30.38,2143584.0,30.368,9864,False
2024-05-20 00:00:00+00:00,30.3,30.36,30.11,30.22,1429996.0,30.224,7123,False
2024-05-21 00:00:00+00:00,30.19,30.32,30.06,30.12,1250385.0,30.157,6948,False
2024-05-22 00:00:00+00:00,30.07,30.22,29.48,29.53,2650369.0,29.712,13697,False
2024-05-23 00:00:00+00:00,29.4,29.51,28.58,28.6,3483654.0,28.97,16783,False
2024-05-24 00:00:00+00:00,28.63,28.7,28.09,28.3,6735365.0,28.283,31080,False
2024-05-28 00:00:00+00:00,28.35,28.67,28.24,28.26,6752909.0,28.416,27573,False
2024-05-29 00:00:00+00:00,27.99,28.09,27.83,27.92,3954603.0,27.952,18070,False
2024-05-30 00:00:00+00:00,28.08,28.22,27.9,28.06,5439388.0,28.05,22752,False
2024-05-31 00:00:00+00:00,28.2,28.73,28.11,28.71,7662108.0,28.519,25908,False
2024-06-03 00:00:00+00:00,28.75,29.07,28.6,28.77,3347657.0,28.755,16708,False
2024-06-04 00:00:00+00:00,28.65,29.0,28.65,28.71,3436201.0,28.823,16976,False
2024-06-05 00:00:00+00:00,28.76,28.76,28.37,28.38,2996346.0,28.483,14586,False
2024-06-06 00:00:00+00:00,28.27,28.63,28.18,28.44,2101043.0,28.458,11127,False
2024-06-07 00:00:00+00:00,28.09,28.55,28.07,28.37,3535651.0,28.375,18124,False
2024-06-10 00:00:00+00:00,28.24,28.24,27.79,28.11,4644837.0,28.075,19448,False
2024-06-11 00:00:00+00:00,27.96,28.26,27.89,28.14,2886553.0,28.128,12690,False
2024-06-12 00:00:00+00:00,28.67,28.99,28.26,28.37,3465219.0,28.538,18832,False
2024-06-13 00:00:00+00:00,28.34,28.54,28.14,28.29,2715014.0,28.283,14048,False
2024-06-14 00:00:00+00:00,28.22,28.29,27.96,28.29,2933690.0,28.164,12681,False
2024-06-17 00:00:00+00:00,28.17,28.36,28.02,28.2,7238013.0,28.189,17625,False
2024-06-18 00:00:00+00:00,27.84,28.39,27.84,28.11,3733567.0,28.103,18528,False
2024-06-20 00:00:00+00:00,28.0,28.27,27.91,28.08,4008703.0,28.123,15823,False
2024-06-21 00:00:00+00:00,28.18,28.26,28.0,28.1,4874549.0,28.127,14994,False
2024-06-24 00:00:00+00:00,28.16,28.62,28.11,28.43,2816939.0,28.431,14766,False
2024-06-25 00:00:00+00:00,28.34,28.37,27.77,27.95,3009187.0,27.93,14492,False
2024-06-26 00:00:00+00:00,27.81,28.06,27.7,27.99,2701200.0,27.942,14179,False
2024-06-27 00:00:00+00:00,28.04,28.43,27.88,28.43,3775512.0,28.218,15382,False
2024-06-28 00:00:00+00:00,28.58,28.7,28.2,28.64,3809462.0,28.452,16602,False
2024-07-01 00:00:00+00:00,28.59,28.6,27.81,27.9,4336543.0,27.979,20862,False
2024-07-02 00:00:00+00:00,27.84,28.03,27.73,27.77,3921132.0,27.805,18720,False
2024-07-03 00:00:00+00:00,27.95,28.09,27.63,27.75,1982948.0,27.82,9995,False
2024-07-05 00:00:00+00:00,27.79,27.8,27.53,27.75,3080995.0,27.705,14760,False
2024-07-08 00:00:00+00:00,27.78,28.03,27.75,27.83,2770042.0,27.872,14296,False
2024-07-09 00:00:00+00:00,27.75,27.79,27.53,27.64,2897195.0,27.675,14584,False
2024-07-10 00:00:00+00:00,27.77,27.9,27.58,27.89,6715945.0,27.699,20164,False
2024-07-11 00:00:00+00:00,28.28,29.44,28.24,29.4,8235748.0,29.098,31136,False
2024-07-12 00:00:00+00:00,29.63,29.79,29.4,29.45,6141106.0,29.586,27154,False
2024-07-15 00:00:00+00:00,29.53,30.33,29.44,30.29,7458585.0,30.037,36772,False
2024-07-16 00:00:00+00:00,30.42,30.46,29.88,30.27,4679446.0,30.107,23516,False
2024-07-17 00:00:00+00:00,30.27,30.9,30.26,30.87,4774663.0,30.75,24648,False
2024-07-18 00:00:00+00:00,30.73,31.45,30.62,30.62,4554089.0,31.067,27019,False
2024-07-19 00:00:00+00:00,30.6,30.68,30.2,30.31,3730875.0,30.367,18162,False
2024-07-22 00:00:00+00:00,30.25,30.54,30.12,30.43,2522822.0,30.401,12688,False
2024-07-23 00:00:00+00:00,30.36,30.74,30.19,30.45,2545262.0,30.52,12943,False
2024-07-24 00:00:00+00:00,30.5,30.75,30.2,30.21,2512211.0,30.451,14620,False
2024-07-25 00:00:00+00:00,30.29,31.02,30.23,30.48,3722470.0,30.624,19919,False
2024-07-26 00:00:00+00:00,30.67,31.1,30.61,30.88,3469560.0,30.929,17409,False
2024-07-29 00:00:00+00:00,30.98,31.29,30.73,31.22,2218685.0,31.105,13743,False
2024-07-30 00:00:00+00:00,31.23,31.52,31.17,31.42,3603814.0,31.403,19579,False
2024-07-31 00:00:00+00:00,31.41,31.8,31.21,31.26,4103358.0,31.586,25408,False
2024-08-01 00:00:00+00:00,32.03,32.06,30.85,31.34,4196860.0,31.193,22334,False
2024-08-02 00:00:00+00:00,31.19,32.16,31.15,31.5,3779222.0,31.617,21523,False
2024-08-05 00:00:00+00:00,30.83,31.34,30.6,30.76,5804077.0,30.984,28796,False
2024-08-06 00:00:00+00:00,30.76,31.75,30.76,31.4,3448130.0,31.446,19173,False
2024-08-07 00:00:00+00:00,31.56,32.02,31.45,31.48,3975652.0,31.71,23371,False
2024-08-08 00:00:00+00:00,31.47,31.52,31.17,31.25,2289582.0,31.291,13004,False
2024-08-09 00:00:00+00:00,31.3,31.37,31.02,31.33,2382741.0,31.251,12550,False
2024-08-12 00:00:00+00:00,31.05,31.35,30.81,31.32,2052751.0,31.146,10893,False
2024-08-13 00:00:00+00:00,31.52,31.53,31.2,31.43,1622894.0,31.339,8311,False
2024-08-14 00:00:00+00:00,31.41,31.8,31.37,31.61,1384861.0,31.604,8268,False
2024-08-15 00:00:00+00:00,31.72,31.91,31.57,31.76,3104229.0,31.822,13122,False
2024-08-16 00:00:00+00:00,31.8,32.0,31.48,31.59,1880275.0,31.635,9600,False
2024-08-19 00:00:00+00:00,31.66,32.1,31.63,32.09,2183335.0,31.993,9875,False
2024-08-20 00:00:00+00:00,32.08,32.27,31.94,31.99,2242236.0,32.079,9989,False
2024-08-21 00:00:00+00:00,32.05,32.28,31.81,32.27,1678650.0,32.114,9150,False
2024-08-22 00:00:00+00:00,32.25,32.34,32.07,32.33,1440316.0,32.205,7599,False
2024-08-23 00:00:00+00:00,32.46,33.06,32.35,32.9,1561993.0,32.831,7963,False
2024-08-26 00:00:00+00:00,33.07,33.26,32.97,33.12,2280733.0,33.163,12771,False
2024-08-27 00:00:00+00:00,32.95,33.21,32.89,33.15,2810307.0,33.068,11110,False
2024-08-28 00:00:00+00:00,33.15,33.2,32.78,33.11,2680135.0,33.015,12843,False
2024-08-29 00:00:00+00:00,33.04,33.25,32.87,33.06,2778846.0,33.075,14370,False
2024-08-30 00:00:00+00:00,33.2,33.51,33.07,33.48,1661692.0,33.293,8329,False
2024-09-03 00:00:00+00:00,33.36,33.67,33.33,33.48,3395522.0,33.507,17620,False
2024-09-04 00:00:00+00:00,33.56,33.83,33.44,33.62,2195876.0,33.616,12108,False
2024-09-05 00:00:00+00:00,33.87,34.02,33.35,33.59,3093061.0,33.642,13840,False
2024-09-06 00:00:00+00:00,33.71,33.86,33.27,33.47,3066509.0,33.485,16349,False
2024-09-09 00:00:00+00:00,33.53,33.98,33.52,33.86,2079849.0,33.829,12760,False
2024-09-10 00:00:00+00:00,33.98,34.17,33.78,34.06,2696437.0,34.0,12727,False
2024-09-11 00:00:00+00:00,33.71,33.88,33.18,33.85,4057475.0,33.56,16247,False
2024-09-12 00:00:00+00:00,33.85,33.99,33.42,33.57,3795569.0,33.628,17553,False
2024-09-13 00:00:00+00:00,33.76,34.0,33.64,33.96,2382950.0,33.796,12265,False
2024-09-16 00:00:00+00:00,34.14,34.29,33.95,34.04,3690189.0,34.081,15008,False
2024-09-17 00:00:00+00:00,34.1,34.17,33.58,33.71,3067760.0,33.807,15448,False
2024-09-18 00:00:00+00:00,33.3,33.65,33.02,33.06,4154872.0,33.213,19697,False
2024-09-19 00:00:00+00:00,33.23,33.28,32.61,32.81,3438169.0,32.821,17025,False
2024-09-20 00:00:00+00:00,32.58,33.08,32.49,33.07,4320235.0,32.798,12617,False
2024-09-23 00:00:00+00:00,33.26,33.43,33.12,33.26,2075516.0,33.234,11063,False
2024-09-24 00:00:00+00:00,33.18,33.48,33.02,33.12,1833896.0,33.205,10057,False
2024-09-25 00:00:00+00:00,33.18,33.23,32.91,33.04,1258665.0,33.066,6170,False
2024-09-26 00:00:00+00:00,33.06,33.14,32.76,32.89,1620359.0,32.896,10323,False
2024-09-27 00:00:00+00:00,33.14,33.36,32.93,33.12,1717009.0,33.182,10585,False
2024-09-30 00:00:00+00:00,33.09,33.36,32.83,33.31,3797740.0,33.058,21328,False
2024-10-01 00:00:00+00:00,33.4,33.45,32.76,32.77,3058926.0,32.954,16965,False
2024-10-02 00:00:00+00:00,32.55,32.93,32.48,32.77,2036825.0,32.681,13399,False
2024-10-03 00:00:00+00:00,32.72,32.73,32.39,32.57,1351071.0,32.529,7883,False
2024-10-04 00:00:00+00:00,32.34,32.49,32.12,32.42,2074452.0,32.318,11125,False
2024-10-07 00:00:00+00:00,32.3,32.47,32.16,32.42,1201242.0,32.354,7084,False
2024-10-08 00:00:00+00:00,32.52,32.59,32.25,32.32,1440731.0,32.343,8153,False
2024-10-09 00:00:00+00:00,32.33,32.42,32.15,32.24,1971801.0,32.264,10045,False
2024-10-10 00:00:00+00:00,32.25,32.31,31.97,32.17,1491243.0,32.116,8104,False
2024-10-11 00:00:00+00:00,32.25,32.56,32.22,32.55,2279886.0,32.431,10065,False
2024-10-14 00:00:00+00:00,32.52,32.89,32.4,32.78,1477969.0,32.779,8469,False
2024-10-15 00:00:00+00:00,32.9,33.21,32.75,32.82,2888356.0,32.942,15297,False
2024-10-16 00:00:00+00:00,32.92,33.24,32.81,33.15,1312805.0,33.12,7226,False
2024-10-17 00:00:00+00:00,33.14,33.24,32.93,33.05,1601494.0,33.062,8096,False
2024-10-18 00:00:00+00:00,33.16,33.19,32.97,33.19,2203563.0,33.107,7148,False
2024-10-21 00:00:00+00:00,33.1,33.24,32.58,32.59,2115513.0,32.745,10646,False
2024-10-22 00:00:00+00:00,32.62,33.05,32.57,32.77,2370173.0,32.843,9069,False
2024-10-23 00:00:00+00:00,32.79,33.03,32.73,32.84,2022888.0,32.853,9806,False
2024-10-24 00:00:00+00:00,32.8,32.97,32.57,32.81,1671040.0,32.817,9720,False
2024-10-25 00:00:00+00:00,32.87,32.93,32.04,32.1,2440891.0,32.322,12689,False
2024-10-28 00:00:00+00:00,32.2,32.49,32.2,32.36,2176820.0,32.366,8941,False
2024-10-29 00:00:00+00:00,32.3,32.53,32.15,32.29,2307374.0,32.391,11128,False
2024-10-30 00:00:00+00:00,32.38,32.95,32.35,32.42,2080288.0,32.519,10849,False
2024-10-31 00:00:00+00:00,32.26,32.44,31.75,31.76,2130814.0,32.085,11899,False
2024-11-01 00:00:00+00:00,31.87,32.44,31.38,31.44,4187667.0,31.731,19883,False
2024-11-04 00:00:00+00:00,31.6,32.02,31.58,31.69,2895006.0,31.781,15586,False
2024-11-05 00:00:00+00:00,31.54,32.04,31.33,32.04,2080667.0,31.717,10129,False
2024-11-06 00:00:00+00:00,32.11,32.19,30.65,31.11,6590743.0,31.079,30902,False
2024-11-07 00:00:00+00:00,31.15,31.36,30.87,30.93,3197858.0,31.047,14460,False
2024-11-08 00:00:00+00:00,31.15,31.54,30.97,31.39,2604855.0,31.367,12770,False
2024-11-11 00:00:00+00:00,31.48,31.48,31.17,31.28,2461012.0,31.279,12072,False
2024-11-12 00:00:00+00:00,31.23,31.45,31.03,31.2,3362917.0,31.252,16041,False
2024-11-13 00:00:00+00:00,31.49,31.55,31.11,31.31,2019825.0,31.311,10271,False
2024-11-14 00:00:00+00:00,31.27,31.44,30.99,31.3,3234856.0,31.226,14699,False
2024-11-15 00:00:00+00:00,31.29,31.72,31.27,31.67,3847300.0,31.575,17198,False
2024-11-18 00:00:00+00:00,31.63,31.99,31.59,31.89,2588620.0,31.88,13510,False
2024-11-19 00:00:00+00:00,31.85,32.35,31.58,32.22,2774562.0,32.13,13285,False
2024-11-20 00:00:00+00:00,32.09,32.25,31.95,32.12,1268067.0,32.059,6615,False
2024-11-21 00:00:00+00:00,32.17,32.48,32.02,32.37,1687948.0,32.349,8614,False
2024-11-22 00:00:00+00:00,32.5,32.6,32.14,32.23,1760900.0,32.339,9370,False
2024-11-25 00:00:00+00:00,32.26,32.71,32.24,32.53,2036597.0,32.498,10878,False
2024-11-26 00:00:00+00:00,32.46,32.53,32.32,32.38,1686073.0,32.417,9124,False
2024-11-27 00:00:00+00:00,32.45,32.88,32.44,32.6,2380474.0,32.659,12174,False
2024-11-29 00:00:00+00:00,32.54,33.04,32.5,32.61,1446168.0,32.803,8389,False
2024-12-02 00:00:00+00:00,32.59,32.6,31.97,32.21,2207437.0,32.198,11504,False
2024-12-03 00:00:00+00:00,32.32,32.44,31.63,31.65,2785965.0,31.812,12715,False
2024-12-04 00:00:00+00:00,31.71,31.86,31.5,31.77,1986749.0,31.658,11546,False
2024-12-05 00:00:00+00:00,31.68,31.79,31.42,31.65,1866429.0,31.606,10078,False
2024-12-06 00:00:00+00:00,31.75,31.91,31.51,31.65,2132795.0,31.687,10223,False
2024-12-09 00:00:00+00:00,31.67,31.88,31.2,31.76,3014715.0,31.702,16899,False
2024-12-10 00:00:00+00:00,31.6,31.81,31.31,31.44,2752005.0,31.534,13373,False
2024-12-11 00:00:00+00:00,31.43,31.63,31.15,31.31,1994954.0,31.336,10264,False
2024-12-12 00:00:00+00:00,31.26,31.61,31.09,31.09,2192409.0,31.335,10356,False
2024-12-13 00:00:00+00:00,31.09,31.35,30.88,31.13,1930324.0,31.129,9908,False
2024-12-16 00:00:00+00:00,31.1,31.37,30.89,30.93,2636616.0,31.09,11973,False
2024-12-17 00:00:00+00:00,30.25,30.42,30.0,30.05,4008570.0,30.177,20604,False
2024-12-18 00:00:00+00:00,30.0,30.25,28.88,28.91,3599911.0,29.564,19366,False
2024-12-19 00:00:00+00:00,28.88,29.17,28.22,28.27,3811684.0,28.595,18376,False
2024-12-20 00:00:00+00:00,28.42,29.11,28.4,28.79,6117343.0,28.741,23781,False
2024-12-23 00:00:00+00:00,28.66,29.15,28.61,28.98,3570027.0,28.966,16939,False
2024-12-24 00:00:00+00:00,28.91,29.26,28.83,29.24,1252814.0,29.055,6132,False
2024-12-26 00:00:00+00:00,29.06,29.27,28.92,29.13,1987063.0,29.17,8622,False
2024-12-27 00:00:00+00:00,28.99,29.32,28.84,28.94,1927410.0,29.035,9775,False
2024-12-30 00:00:00+00:00,28.88,29.06,28.55,29.01,2407022.0,28.851,11267,False
2024-12-31 00:00:00+00:00,29.12,29.21,28.84,29.21,3013358.0,29.059,16487,False
2025-01-02 00:00:00+00:00,29.4,29.4,28.9,28.99,3613530.0,29.11,15536,False
2025-01-03 00:00:00+00:00,29.1,29.57,28.85,29.46,4081571.0,29.314,16173,False
2025-01-06 00:00:00+00:00,29.5,29.77,29.32,29.56,8060706.0,29.596,32856,False
2025-01-07 00:00:00+00:00,29.64,29.94,29.04,29.25,3968675.0,29.286,18998,False
2025-01-08 00:00:00+00:00,29.08,29.23,28.56,28.83,5939288.0,28.724,19994,False
2025-01-10 00:00:00+00:00,28.52,28.61,27.98,28.21,4429847.0,28.239,19478,False
2025-01-13 00:00:00+00:00,28.28,28.79,28.17,28.73,3533332.0,28.523,15679,False
2025-01-14 00:00:00+00:00,28.77,29.03,28.67,28.97,5027897.0,28.854,15726,False
2025-01-15 00:00:00+00:00,29.6,29.68,28.62,28.76,5798369.0,28.997,22244,False
2025-01-16 00:00:00+00:00,28.75,29.29,28.74,29.28,3219345.0,29.007,13784,False
2025-01-17 00:00:00+00:00,29.33,29.52,29.18,29.35,7109174.0,29.292,18641,False
2025-01-21 00:00:00+00:00,29.43,30.36,29.43,30.26,6443315.0,30.057,23039,False
2025-01-22 00:00:00+00:00,30.0,30.13,29.4,29.45,2912236.0,29.594,14407,False
2025-01-23 00:00:00+00:00,29.5,29.52,29.06,29.29,3191622.0,29.221,13592,False
2025-01-24 00:00:00+00:00,29.29,29.8,29.26,29.6,3339102.0,29.614,12046,False
2025-01-27 00:00:00+00:00,29.87,30.65,29.84,30.55,3959917.0,30.376,19390,False
2025-01-28 00:00:00+00:00,30.39,30.6,30.0,30.01,2693154.0,30.241,12678,False
2025-01-29 00:00:00+00:00,30.09,30.1,29.38,29.64,2619635.0,29.671,12057,False
2025-01-30 00:00:00+00:00,29.93,30.12,29.45,29.84,3994271.0,29.834,15671,False
2025-01-31 00:00:00+00:00,29.74,29.95,29.57,29.77,2427882.0,29.758,12878,False
2025-02-03 00:00:00+00:00,29.51,29.87,29.22,29.79,3688467.0,29.685,17577,False
2025-02-04 00:00:00+00:00,29.55,29.92,29.49,29.8,2613112.0,29.767,11124,False
2025-02-05 00:00:00+00:00,30.03,30.11,29.8,29.92,1814559.0,29.949,9271,False
2025-02-06 00:00:00+00:00,30.1,30.17,29.79,30.13,2117440.0,29.995,10451,False
2025-02-07 00:00:00+00:00,30.13,30.22,29.88,30.11,3457918.0,30.061,16790,False
2025-02-10 00:00:00+00:00,30.12,30.15,29.81,29.95,4715573.0,29.992,17518,False
2025-02-11 00:00:00+00:00,29.85,30.04,29.66,30.0,3850958.0,29.928,16293,False
2025-02-12 00:00:00+00:00,29.55,29.87,29.49,29.79,4088654.0,29.725,15588,False
2025-02-13 00:00:00+00:00,29.88,30.51,29.75,30.43,2897579.0,30.237,14683,False
2025-02-14 00:00:00+00:00,30.62,30.87,30.37,30.37,2230173.0,30.535,10561,False
2025-02-18 00:00:00+00:00,30.32,30.54,30.18,30.36,2487040.0,30.371,11926,False
2025-02-19 00:00:00+00:00,30.2,30.59,30.09,30.48,2894992.0,30.417,13729,False
2025-02-20 00:00:00+00:00,30.46,30.79,30.42,30.76,2731571.0,30.659,14619,False
2025-02-21 00:00:00+00:00,30.87,31.41,30.71,31.28,5059872.0,31.151,25923,False
2025-02-24 00:00:00+00:00,31.28,32.16,30.95,31.95,5513515.0,31.853,26394,False
2025-02-25 00:00:00+00:00,32.16,32.74,32.16,32.62,5309966.0,32.581,27220,False
2025-02-26 00:00:00+00:00,32.62,32.69,32.23,32.38,3142756.0,32.422,15841,False
2025-02-27 00:00:00+00:00,32.38,32.51,32.08,32.33,3257618.0,32.336,16929,False
2025-02-28 00:00:00+00:00,32.51,32.7,32.26,32.49,5300169.0,32.444,19767,False
2025-03-03 00:00:00+00:00,32.49,32.94,32.43,32.65,3908259.0,32.71,19815,False
2025-03-04 00:00:00+00:00,32.73,32.93,32.17,32.18,4193361.0,32.523,21621,False
2025-03-05 00:00:00+00:00,32.06,32.51,31.97,32.4,3107802.0,32.281,16879,False
2025-03-06 00:00:00+00:00,32.24,32.36,31.78,31.97,4281231.0,31.996,24660,False
2025-03-07 00:00:00+00:00,31.95,32.77,31.88,32.65,7575957.0,32.448,28748,False
2025-03-10 00:00:00+00:00,32.75,34.03,32.58,32.64,7748217.0,33.201,38705,False
2025-03-11 00:00:00+00:00,32.84,32.97,32.2,32.35,5848501.0,32.51,28677,False
2025-03-12 00:00:00+00:00,32.25,32.37,31.81,32.09,7855771.0,32.013,27420,False
2025-03-13 00:00:00+00:00,32.04,32.51,31.49,31.55,6470006.0,31.842,27671,False
2025-03-14 00:00:00+00:00,31.71,32.25,31.51,32.25,5655402.0,32.024,23798,False
2025-03-17 00:00:00+00:00,32.35,32.67,32.33,32.49,4011052.0,32.507,20422,False
2025-03-18 00:00:00+00:00,32.47,32.76,32.36,32.68,4220440.0,32.591,20980,False
2025-03-19 00:00:00+00:00,32.68,32.75,32.33,32.38,4957910.0,32.494,21510,False
2025-03-20 00:00:00+00:00,32.04,32.11,31.77,32.01,4249959.0,31.966,18109,False
2025-03-21 00:00:00+00:00,31.94,32.14,31.47,31.53,7478572.0,31.743,26409,False
2025-03-24 00:00:00+00:00,31.65,32.06,31.58,31.97,3429649.0,31.92,15010,False
2025-03-25 00:00:00+00:00,32.04,32.04,31.41,31.64,4125793.0,31.766,17918,False
2025-03-26 00:00:00+00:00,31.76,31.96,31.62,31.9,3167449.0,31.829,17723,False
2025-03-27 00:00:00+00:00,31.91,32.35,31.82,31.88,2886077.0,32.075,14065,False
2025-03-28 00:00:00+00:00,32.12,32.12,31.7,32.01,3017799.0,31.906,15843,False
2025-03-31 00:00:00+00:00,32.0,32.82,32.0,32.62,5248730.0,32.495,24661,False
2025-04-01 00:00:00+00:00,32.83,32.88,31.87,32.44,4304927.0,32.296,23051,False
2025-04-02 00:00:00+00:00,32.36,32.43,31.97,32.19,3639077.0,32.185,19131,False
2025-04-03 00:00:00+00:00,32.19,32.74,31.59,31.66,7418666.0,31.953,40534,False
2025-04-04 00:00:00+00:00,31.47,31.71,30.46,30.59,7938727.0,31.063,48989,False
2025-04-07 00:00:00+00:00,29.77,30.72,29.15,29.76,9115757.0,29.83,58175,False
2025-04-08 00:00:00+00:00,30.48,30.48,29.11,29.41,6694718.0,29.865,39018,False
2025-04-09 00:00:00+00:00,28.99,30.9,28.63,30.79,8446046.0,29.96,51120,False
2025-04-10 00:00:00+00:00,30.7,30.98,29.59,30.08,7227220.0,30.196,38637,False
2025-04-11 00:00:00+00:00,30.15,31.13,29.62,31.05,7304588.0,30.505,35646,False
2025-04-14 00:00:00+00:00,31.3,31.83,31.1,31.59,4238874.0,31.578,21435,False
2025-04-15 00:00:00+00:00,31.7,32.15,31.46,32.05,3662213.0,31.941,21056,False
2025-04-16 00:00:00+00:00,32.22,32.57,31.87,32.05,4615402.0,32.195,23434,False
2025-04-17 00:00:00+00:00,32.21,32.83,32.16,32.54,2803373.0,32.6,15261,False
2025-04-21 00:00:00+00:00,32.43,32.62,31.76,32.15,3864559.0,32.223,16452,False
2025-04-22 00:00:00+00:00,32.49,33.12,32.41,32.97,3454081.0,32.855,17766,False
2025-04-23 00:00:00+00:00,33.21,33.46,32.32,32.72,4336142.0,32.698,24775,False
2025-04-24 00:00:00+00:00,32.85,32.88,32.36,32.46,3314181.0,32.509,16922,False
2025-04-25 00:00:00+00:00,32.59,32.59,32.06,32.22,3577543.0,32.214,19679,False
2025-04-28 00:00:00+00:00,32.2,32.35,31.95,32.24,3203896.0,32.135,15217,False
2025-04-29 00:00:00+00:00,32.08,32.36,31.93,32.26,3814200.0,32.213,19372,False
2025-04-30 00:00:00+00:00,32.36,32.4,31.69,32.02,9323385.0,32.006,41328,False
2025-05-01 00:00:00+00:00,32.1,32.17,31.34,31.51,6208046.0,31.582,33979,False
2025-05-02 00:00:00+00:00,31.79,31.97,31.46,31.69,3878500.0,31.611,18715,False
2025-05-05 00:00:00+00:00,31.68,32.1,31.47,31.89,3752190.0,31.937,18243,False
2025-05-06 00:00:00+00:00,31.78,31.85,31.51,31.54,2678928.0,31.669,14436,False
2025-05-07 00:00:00+00:00,31.51,31.91,31.49,31.66,2073548.0,31.726,11997,False
2025-05-08 00:00:00+00:00,31.74,31.85,31.51,31.58,2664020.0,31.671,14877,False
2025-05-09 00:00:00+00:00,31.59,32.0,31.51,31.86,1793380.0,31.837,10028,False
2025-05-12 00:00:00+00:00,31.89,31.89,31.25,31.52,4000810.0,31.488,20364,False
2025-05-13 00:00:00+00:00,31.52,31.58,31.16,31.36,3674976.0,31.337,20510,False
2025-05-14 00:00:00+00:00,31.22,31.28,30.89,31.1,2792933.0,31.081,14870,False
2025-05-15 00:00:00+00:00,31.25,31.64,31.21,31.63,2266862.0,31.472,12438,False
2025-05-16 00:00:00+00:00,31.66,32.14,31.56,32.1,2895609.0,31.949,12574,False
2025-05-19 00:00:00+00:00,32.05,32.2,31.97,32.15,2749926.0,32.113,13556,False
2025-05-20 00:00:00+00:00,32.0,32.14,31.88,31.92,2154432.0,31.977,8581,False
2025-05-21 00:00:00+00:00,31.91,31.98,31.32,31.36,3544041.0,31.531,16133,False
2025-05-22 00:00:00+00:00,31.37,31.37,31.01,31.2,3150221.0,31.217,16268,False
2025-05-23 00:00:00+00:00,31.27,31.56,31.02,31.47,3046742.0,31.363,13968,False
2025-05-27 00:00:00+00:00,31.69,31.88,31.52,31.75,3177497.0,31.762,15540,False
2025-05-28 00:00:00+00:00,31.71,31.77,31.41,31.53,3017115.0,31.528,14542,False
2025-05-29 00:00:00+00:00,31.46,31.8,31.33,31.67,2695740.0,31.602,14745,False
2025-05-30 00:00:00+00:00,31.62,31.85,31.43,31.71,2802662.0,31.65,14010,False
2025-06-02 00:00:00+00:00,31.62,31.77,31.23,31.77,2470181.0,31.634,11777,False
2025-06-03 00:00:00+00:00,31.72,31.91,31.51,31.74,2622231.0,31.757,11269,False
2025-06-04 00:00:00+00:00,31.74,31.82,31.38,31.38,1976858.0,31.538,9756,False
2025-06-05 00:00:00+00:00,31.42,31.56,31.12,31.45,5272981.0,31.309,20646,False
2025-06-06 00:00:00+00:00,31.65,31.76,31.28,31.47,2023228.0,31.472,11920,False
2025-06-09 00:00:00+00:00,31.45,32.08,31.4,32.02,2826854.0,31.849,13416,False
2025-06-10 00:00:00+00:00,32.1,32.47,32.02,32.45,2517176.0,32.298,13000,False
2025-06-11 00:00:00+00:00,32.45,32.84,32.28,32.48,4055607.0,32.574,15429,False
2025-06-12 00:00:00+00:00,32.49,32.62,32.3,32.59,2181493.0,32.506,10592,False
2025-06-13 00:00:00+00:00,32.61,32.65,31.92,32.12,3775745.0,32.204,16848,False
2025-06-16 00:00:00+00:00,32.3,32.55,32.06,32.14,2423294.0,32.273,13203,False
2025-06-17 00:00:00+00:00,32.17,32.35,31.92,32.32,2823368.0,32.232,14031,False
2025-06-18 00:00:00+00:00,31.92,32.41,31.78,32.33,4004421.0,32.239,20018,False
2025-06-20 00:00:00+00:00,32.4,32.68,32.26,32.27,6312689.0,32.427,23263,False
2025-06-23 00:00:00+00:00,32.38,32.85,32.3,32.81,2949950.0,32.603,15222,False
2025-06-24 00:00:00+00:00,32.8,32.95,32.69,32.81,2015418.0,32.839,10056,False
2025-06-25 00:00:00+00:00,32.67,32.67,32.26,32.26,2432523.0,32.424,10516,False
2025-06-26 00:00:00+00:00,32.34,32.44,31.98,32.19,3534158.0,32.155,15732,False
2025-06-27 00:00:00+00:00,32.19,32.54,32.07,32.28,3180482.0,32.316,15097,False
2025-06-30 00:00:00+00:00,32.27,32.62,31.87,32.6,3443151.0,32.345,14267,False
2025-07-01 00:00:00+00:00,32.6,33.2,32.44,32.98,3610055.0,32.961,16838,False
2025-07-02 00:00:00+00:00,32.98,33.39,32.8,33.31,3685118.0,33.123,14401,False
2025-07-03 00:00:00+00:00,33.27,33.57,33.2,33.43,1641737.0,33.404,8882,False
2025-07-07 00:00:00+00:00,33.38,33.49,32.77,32.88,2717808.0,33.004,12719,False
2025-07-08 00:00:00+00:00,32.78,33.17,32.61,33.01,4617038.0,32.975,18493,False
2025-07-09 00:00:00+00:00,33.05,33.09,32.73,32.95,4217259.0,32.931,16897,False
2025-07-10 00:00:00+00:00,32.87,33.8,32.85,33.63,4337693.0,33.513,18338,False
2025-07-11 00:00:00+00:00,33.39,33.61,33.22,33.42,4537908.0,33.457,18760,False
2025-07-14 00:00:00+00:00,33.42,33.64,33.23,33.6,4455095.0,33.527,19669,False
2025-07-15 00:00:00+00:00,33.54,33.68,33.05,33.08,2383975.0,33.277,12163,False
2025-07-16 00:00:00+00:00,33.1,33.33,32.84,33.03,3025557.0,33.055,16257,False
2025-07-17 00:00:00+00:00,32.98,33.16,32.79,32.84,2260881.0,32.933,10688,False
2025-07-18 00:00:00+00:00,32.94,33.03,32.7,32.9,3270154.0,32.88,13635,False
2025-07-21 00:00:00+00:00,33.04,33.15,32.73,32.75,3243203.0,32.913,11689,False
2025-07-22 00:00:00+00:00,32.83,33.56,32.75,33.45,3467022.0,33.283,17838,False
2025-07-23 00:00:00+00:00,33.41,33.55,33.27,33.46,3138022.0,33.402,13383,False
2025-07-24 00:00:00+00:00,33.33,33.63,33.26,33.41,2287822.0,33.458,10300,False
2025-07-25 00:00:00+00:00,33.41,33.5,32.85,33.38,2537049.0,33.177,14019,False
2025-07-28 00:00:00+00:00,33.29,33.43,32.48,32.49,3453224.0,32.734,15564,False
2025-07-29 00:00:00+00:00,32.6,32.92,32.51,32.87,3390329.0,32.794,17058,False
2025-07-30 00:00:00+00:00,32.87,33.16,32.42,32.53,3617534.0,32.804,17825,False
2025-07-31 00:00:00+00:00,32.87,33.05,32.44,32.6,4127662.0,32.717,21132,False
2025-08-01 00:00:00+00:00,32.96,33.25,32.62,33.11,5736284.0,32.978,29965,False
2025-08-04 00:00:00+00:00,33.21,33.98,33.16,33.93,4199920.0,33.822,21062,False
2025-08-05 00:00:00+00:00,34.01,34.01,33.45,33.52,3396720.0,33.613,15478,False
2025-08-06 00:00:00+00:00,33.7,33.72,32.95,33.01,3947518.0,33.18,13956,False
2025-08-07 00:00:00+00:00,33.12,33.2,32.84,33.01,3407506.0,33.02,15933,False
2025-08-08 00:00:00+00:00,33.05,33.2,32.87,32.9,2764965.0,33.007,13805,False
2025-08-11 00:00:00+00:00,32.9,33.08,32.79,32.82,3180849.0,32.906,14541,False
2025-08-12 00:00:00+00:00,32.88,32.98,32.67,32.87,4042743.0,32.861,18112,False
2025-08-13 00:00:00+00:00,33.0,33.1,32.86,33.0,6318243.0,32.996,22656,False
2025-08-14 00:00:00+00:00,32.81,32.86,32.57,32.61,3454207.0,32.681,14765,False
2025-08-15 00:00:00+00:00,32.67,32.69,32.47,32.5,4172545.0,32.559,14940,False
2025-08-18 00:00:00+00:00,32.51,32.59,32.19,32.2,3278077.0,32.349,13620,False
2025-08-19 00:00:00+00:00,32.28,32.65,32.25,32.47,6418904.0,32.506,21041,False
2025-08-20 00:00:00+00:00,32.61,33.14,32.54,32.97,7874694.0,32.961,29734,False
2025-08-21 00:00:00+00:00,32.74,33.17,32.74,32.96,6511717.0,33.027,22990,False
2025-08-22 00:00:00+00:00,33.1,33.58,33.1,33.4,8571796.0,33.433,27462,False
2025-08-25 00:00:00+00:00,33.35,33.62,33.33,33.5,7111687.0,33.522,23131,False
2025-08-26 00:00:00+00:00,33.49,33.64,33.27,33.45,4923889.0,33.473,17950,False
2025-08-27 00:00:00+00:00,33.62,33.89,33.59,33.75,5272940.0,33.784,19511,False
2025-08-28 00:00:00+00:00,33.76,33.77,33.36,33.51,4849134.0,33.496,18698,False
2025-08-29 00:00:00+00:00,33.6,33.92,33.52,33.78,4148513.0,33.828,18553,False
2025-09-02 00:00:00+00:00,33.52,33.75,33.18,33.34,3960835.0,33.433,19032,False
2025-09-03 00:00:00+00:00,33.38,33.51,33.25,33.4,3997622.0,33.402,16216,False
2025-09-04 00:00:00+00:00,33.61,33.83,33.36,33.5,4200066.0,33.547,18979,False
2025-09-05 00:00:00+00:00,33.55,33.82,33.48,33.6,3868546.0,33.618,16632,False
2025-09-08 00:00:00+00:00,33.51,33.65,33.16,33.31,4441487.0,33.281,19913,False
2025-09-09 00:00:00+00:00,33.3,33.34,32.99,33.12,4660103.0,33.135,18410,False
2025-09-10 00:00:00+00:00,33.13,33.31,33.02,33.14,2975812.0,33.169,13066,False
2025-09-11 00:00:00+00:00,33.1,33.39,33.08,33.15,4089004.0,33.223,19015,False
2025-09-12 00:00:00+00:00,33.19,33.31,33.04,33.16,2947742.0,33.172,13725,False
2025-09-15 00:00:00+00:00,33.15,33.24,33.01,33.08,3210814.0,33.108,14194,False
2025-09-16 00:00:00+00:00,33.09,33.17,32.61,32.64,4340498.0,32.793,17322,False
2025-09-17 00:00:00+00:00,32.7,33.09,32.52,32.6,4789055.0,32.767,19828,False
2025-09-18 00:00:00+00:00,32.15,32.25,31.98,32.12,4105564.0,32.131,15359,False
2025-09-19 00:00:00+00:00,32.12,32.15,31.79,31.84,7544058.0,32.0,21708,False
2025-09-22 00:00:00+00:00,31.92,31.92,31.41,31.43,5117692.0,31.58,20767,False
2025-09-23 00:00:00+00:00,31.43,31.93,31.43,31.93,6235284.0,31.741,24567,False
2025-09-24 00:00:00+00:00,31.87,32.04,31.65,31.89,7328284.0,31.915,25775,False
2025-09-25 00:00:00+00:00,31.94,32.19,31.89,32.04,5943803.0,32.019,23844,False
2025-09-26 00:00:00+00:00,32.18,32.59,32.12,32.47,5058050.0,32.451,18496,False
2025-09-29 00:00:00+00:00,32.5,32.7,32.34,32.56,4443728.0,32.557,17581,False
2025-09-30 00:00:00+00:00,32.52,32.67,32.21,32.61,8460383.0,32.463,33318,False
2025-10-01 00:00:00+00:00,32.73,33.0,32.59,32.91,3915391.0,32.79,18342,False
2025-10-02 00:00:00+00:00,32.83,33.0,32.48,32.75,3503184.0,32.684,15908,False
2025-10-03 00:00:00+00:00,32.74,33.01,32.63,32.63,2672741.0,32.804,12529,False
2025-10-06 00:00:00+00:00,32.52,32.59,32.17,32.24,3045429.0,32.347,14729,False
2025-10-07 00:00:00+00:00,32.25,32.33,31.73,31.99,5611036.0,32.007,22157,False
2025-10-08 00:00:00+00:00,31.9,31.98,31.36,31.43,6215054.0,31.652,21870,False
2025-10-09 00:00:00+00:00,31.53,31.6,30.75,30.98,4976153.0,30.988,22426,False
2025-10-10 00:00:00+00:00,31.16,31.2,30.83,30.96,5408719.0,31.011,22439,False
2025-10-13 00:00:00+00:00,30.86,31.1,30.81,30.91,3871824.0,30.962,16822,False
2025-10-14 00:00:00+00:00,30.93,31.25,30.9,31.12,3476379.0,31.113,16110,False
2025-10-15 00:00:00+00:00,31.06,31.38,30.98,31.29,3466941.0,31.255,15102,False
2025-10-16 00:00:00+00:00,31.34,31.48,30.55,30.73,5962910.0,30.962,24586,False
2025-10-17 00:00:00+00:00,30.88,31.05,30.57,30.86,3736789.0,30.768,16371,False
2025-10-20 00:00:00+00:00,31.0,31.27,30.89,31.21,3790564.0,31.157,17173,False
2025-10-21 00:00:00+00:00,31.17,31.3,31.06,31.19,3635443.0,31.196,14753,False
2025-10-22 00:00:00+00:00,31.27,31.52,31.2,31.27,5882734.0,31.33,23069,False
2025-10-23 00:00:00+00:00,31.38,31.58,31.13,31.42,4635875.0,31.406,19954,False
2025-10-24 00:00:00+00:00,31.51,31.69,31.19,31.19,4144971.0,31.372,19236,False
2025-10-27 00:00:00+00:00,31.12,31.18,30.88,30.97,4708149.0,31.006,20223,False
2025-10-28 00:00:00+00:00,30.88,30.88,30.3,30.36,9750310.0,30.466,32133,False
2025-10-29 00:00:00+00:00,30.24,30.28,29.5,29.7,14770763.0,29.718,48884,False
2025-10-30 00:00:00+00:00,29.76,29.89,29.37,29.52,7479812.0,29.522,31308,False
2025-10-31 00:00:00+00:00,29.29,30.22,28.96,29.99,7876361.0,29.748,39502,False
2025-11-03 00:00:00+00:00,29.8,30.19,29.7,30.09,6755526.0,29.93,29744,False
2025-11-04 00:00:00+00:00,30.27,30.31,29.99,30.25,5718542.0,30.207,25259,False
2025-11-05 00:00:00+00:00,30.38,30.48,30.06,30.17,5404906.0,30.215,23081,False
2025-11-06 00:00:00+00:00,30.12,30.3,29.75,29.78,5090613.0,30.029,23406,False
2025-11-07 00:00:00+00:00,29.92,30.38,29.85,30.34,5976548.0,30.246,23888,False
2025-11-10 00:00:00+00:00,30.23,30.59,30.07,30.43,5255342.0,30.377,23509,False
2025-11-11 00:00:00+00:00,30.64,30.76,30.51,30.63,3117545.0,30.632,14278,False
2025-11-12 00:00:00+00:00,30.56,30.66,30.4,30.58,7324681.0,30.537,28574,False
2025-11-13 00:00:00+00:00,30.5,30.83,30.36,30.45,5035207.0,30.593,22438,False
2025-11-14 00:00:00+00:00,30.54,30.6,30.12,30.36,7230041.0,30.37,26833,False
2025-11-17 00:00:00+00:00,30.36,30.4,29.95,30.13,6336627.0,30.21,26103,False
2025-11-18 00:00:00+00:00,29.71,29.91,29.32,29.57,8246936.0,29.532,35360,False
2025-11-19 00:00:00+00:00,29.5,29.57,29.12,29.15,6065673.0,29.262,24433,False
2025-11-20 00:00:00+00:00,29.29,29.42,28.75,28.8,10870120.0,28.933,44364,False
2025-11-21 00:00:00+00:00,28.91,29.08,28.71,28.82,16594640.0,28.911,57473,False
2025-11-24 00:00:00+00:00,28.89,29.0,28.57,28.72,8928086.0,28.735,34039,False
2025-11-25 00:00:00+00:00,28.86,28.97,28.62,28.75,11497997.0,28.79,45475,False
2025-11-26 00:00:00+00:00,28.8,29.08,28.72,28.83,7620587.0,28.93,29868,False
2025-11-28 00:00:00+00:00,28.83,28.98,28.79,28.82,4063507.0,28.855,16705,False
2025-12-01 00:00:00+00:00,28.63,28.63,28.38,28.59,9354607.0,28.487,32687,False
2025-12-02 00:00:00+00:00,28.65,28.69,28.17,28.45,9215384.0,28.344,33103,False
2025-12-03 00:00:00+00:00,28.4,28.64,28.11,28.3,7248867.0,28.253,27374,False
2025-12-04 00:00:00+00:00,28.22,28.29,27.94,28.0,7481149.0,28.032,26525,False
2025-12-05 00:00:00+00:00,27.96,28.19,27.66,27.73,10685514.0,27.927,30064,False
2025-12-08 00:00:00+00:00,27.88,27.99,27.68,27.92,10097402.0,27.901,36128,False
2025-12-09 00:00:00+00:00,27.95,28.12,27.63,27.76,7879021.0,27.799,27409,False
2025-12-10 00:00:00+00:00,27.78,27.9,27.72,27.76,8068381.0,27.794,27759,False
2025-12-11 00:00:00+00:00,27.8,28.14,27.79,28.12,9205543.0,28.023,33925,False
2025-12-12 00:00:00+00:00,28.29,28.82,28.29,28.66,6045402.0,28.669,26014,False
2025-12-15 00:00:00+00:00,28.72,28.77,28.07,28.6,6315789.0,28.526,23014,False
2025-12-16 00:00:00+00:00,28.61,28.72,28.28,28.31,8152643.0,28.432,26956,False
2025-12-17 00:00:00+00:00,27.9,28.4,27.88,28.39,21618638.0,28.183,53183,False
2025-12-18 00:00:00+00:00,28.34,28.39,28.05,28.1,8584159.0,28.173,27112,False
2025-12-19 00:00:00+00:00,28.18,28.18,27.65,27.7,10760648.0,27.893,24989,False
2025-12-22 00:00:00+00:00,27.64,27.9,27.56,27.86,8746278.0,27.766,27306,False
2025-12-23 00:00:00+00:00,27.86,27.88,27.59,27.76,7948315.0,27.711,17048,False
2025-12-24 00:00:00+00:00,27.8,28.0,27.79,27.96,2510654.0,27.933,9484,False
2025-12-26 00:00:00+00:00,27.95,28.15,27.88,28.13,3523876.0,27.995,12252,False
2025-12-29 00:00:00+00:00,28.22,28.31,28.13,28.3,4380038.0,28.224,14521,False
2025-12-30 00:00:00+00:00,28.23,28.4,28.23,28.34,4042153.0,28.332,13674,False
2025-12-31 00:00:00+00:00,28.29,28.3,28.09,28.12,4141292.0,28.161,13759,False
2026-01-02 00:00:00+00:00,28.16,28.26,27.76,28.15,4641309.0,28.065,17149,False
2026-01-05 00:00:00+00:00,28.1,28.45,27.73,28.13,11888634.0,28.173,33212,False
2026-01-06 00:00:00+00:00,28.03,28.08,27.6,27.85,8003783.0,27.808,26203,False
2026-01-07 00:00:00+00:00,28.0,28.11,27.54,27.56,6471286.0,27.713,23762,False
2026-01-08 00:00:00+00:00,27.5,28.22,27.48,27.86,5907340.0,27.962,19898,False
2026-01-09 00:00:00+00:00,27.92,28.07,27.76,27.76,6181561.0,27.916,20946,False
2026-01-12 00:00:00+00:00,27.79,27.98,27.7,27.89,6111293.0,27.877,18617,False
2026-01-13 00:00:00+00:00,27.91,27.98,27.56,27.81,6191925.0,27.747,20840,False
2026-01-14 00:00:00+00:00,27.83,28.17,27.83,28.15,5157908.0,28.05,20170,False
2026-01-15 00:00:00+00:00,28.2,28.55,28.12,28.42,5225131.0,28.394,18535,False
2026-01-16 00:00:00+00:00,28.46,29.0,28.4,28.98,6385899.0,28.737,24072,False
2026-01-20 00:00:00+00:00,28.83,28.98,28.56,28.82,8303572.0,28.793,28301,False
2026-01-21 00:00:00+00:00,28.87,28.96,28.25,28.37,7049353.0,28.412,26924,False
2026-01-22 00:00:00+00:00,28.33,28.6,28.14,28.19,5044242.0,28.373,20711,False
2026-01-23 00:00:00+00:00,28.21,28.6,28.18,28.54,4886445.0,28.418,19691,False
2026-01-26 00:00:00+00:00,28.65,28.72,28.41,28.51,4734564.0,28.548,17067,False
2026-01-27 00:00:00+00:00,28.53,28.63,28.32,28.5,3522169.0,28.471,13781,False
2026-01-28 00:00:00+00:00,28.48,28.62,27.82,27.89,5519053.0,28.202,18617,False
2026-01-29 00:00:00+00:00,28.01,28.34,27.92,28.11,5051835.0,28.106,20228,False
2026-01-30 00:00:00+00:00,27.86,28.08,27.58,28.08,5668458.0,27.822,22953,False
2026-02-02 00:00:00+00:00,27.96,28.19,27.8,27.95,6025916.0,28.013,23380,False
2026-02-03 00:00:00+00:00,27.92,28.23,27.85,28.05,5845298.0,28.025,25292,False
2026-02-04 00:00:00+00:00,28.2,28.93,28.19,28.85,7619770.0,28.73,30830,False
2026-02-05 00:00:00+00:00,28.84,28.92,28.56,28.74,5708103.0,28.74,25878,False
2026-02-06 00:00:00+00:00,28.9,29.08,28.51,28.76,3654051.0,28.723,15374,False
2026-02-09 00:00:00+00:00,28.68,29.16,28.59,29.06,5393859.0,28.967,17021,False
2026-02-10 00:00:00+00:00,29.12,29.32,28.84,29.25,9930282.0,29.094,26963,False
2026-02-11 00:00:00+00:00,29.3,29.5,29.13,29.17,5916281.0,29.289,25407,False
2026-02-12 00:00:00+00:00,29.4,29.67,29.04,29.06,6753373.0,29.345,31808,False
2026-02-13 00:00:00+00:00,29.19,29.41,29.08,29.3,4089574.0,29.283,18026,False
2026-02-17 00:00:00+00:00,29.57,29.9,29.18,29.86,4159337.0,29.578,19307,False
2026-02-18 00:00:00+00:00,29.8,29.84,29.53,29.72,5670691.0,29.714,27009,False
2026-02-19 00:00:00+00:00,29.7,29.88,29.49,29.87,3345337.0,29.714,15805,False
2026-02-20 00:00:00+00:00,29.95,30.16,29.79,30.09,5091502.0,29.981,27102,False
2026-02-23 00:00:00+00:00,30.15,30.46,30.01,30.22,5403083.0,30.272,23425,False
2026-02-24 00:00:00+00:00,30.15,30.33,29.95,30.28,3488872.0,30.141,16723,False
2026-02-25 00:00:00+00:00,30.23,30.31,29.82,30.24,4251736.0,30.046,20697,False
2026-02-26 00:00:00+00:00,29.8,29.94,28.92,29.78,9154098.0,29.653,44652,False
2026-02-27 00:00:00+00:00,29.78,30.49,29.67,30.21,5244485.0,30.233,28081,False
2026-03-02 00:00:00+00:00,30.08,30.45,29.81,30.36,3918096.0,30.229,18509,False
2026-03-03 00:00:00+00:00,30.17,30.36,29.58,30.2,4145217.0,30.024,18823,False
2026-03-04 00:00:00+00:00,30.1,30.22,29.73,29.89,4446330.0,29.888,22455,False
2026-03-05 00:00:00+00:00,29.61,29.8,29.49,29.69,4042393.0,29.637,21623,False
2026-03-06 00:00:00+00:00,29.6,29.67,29.31,29.67,4021426.0,29.534,18422,False
2026-03-09 00:00:00+00:00,29.34,29.61,28.93,29.5,4027163.0,29.28,22595,False
2026-03-10 00:00:00+00:00,29.41,29.71,29.26,29.31,3149282.0,29.463,17112,False
2026-03-11 00:00:00+00:00,29.1,29.18,27.96,28.42,9333517.0,28.508,44188,False
2026-03-12 00:00:00+00:00,28.33,28.94,28.16,28.68,5752781.0,28.641,26819,False
2026-03-13 00:00:00+00:00,28.98,29.09,28.38,28.42,5655610.0,28.702,25582,False
2026-03-16 00:00:00+00:00,28.82,29.03,28.61,28.62,4274408.0,28.775,19981,False
2026-03-17 00:00:00+00:00,28.81,29.01,28.62,28.62,4472232.0,28.83,20184,False
2026-03-18 00:00:00+00:00,28.49,28.6,28.06,28.1,4740848.0,28.227,19659,False
2026-03-19 00:00:00+00:00,27.61,28.1,27.57,27.98,4758869.0,27.926,22854,False
2026-03-20 00:00:00+00:00,27.96,27.98,26.75,26.83,7393464.0,27.342,28507,False
2026-03-23 00:00:00+00:00,27.35,27.4,26.92,27.05,5620534.0,27.177,27208,False
2026-03-24 00:00:00+00:00,26.95,27.48,26.82,27.3,5913064.0,27.312,26752,False
2026-03-25 00:00:00+00:00,27.39,27.49,26.97,27.07,5057959.0,27.125,25893,False
2026-03-26 00:00:00+00:00,27.06,27.4,26.99,27.16,3737491.0,27.179,17581,False
2026-03-27 00:00:00+00:00,27.12,27.23,26.55,26.61,5168463.0,26.827,23420,False
2026-03-30 00:00:00+00:00,26.74,27.34,26.74,27.11,5532862.0,27.121,27474,False
2026-03-31 00:00:00+00:00,27.42,27.57,27.13,27.32,4002676.0,27.347,20529,False
2026-04-01 00:00:00+00:00,27.32,27.53,27.19,27.46,5093290.0,27.436,22640,False
2026-04-02 00:00:00+00:00,27.5,27.72,27.29,27.66,3121443.0,27.599,15108,False
2026-04-06 00:00:00+00:00,27.57,27.85,27.47,27.66,3285176.0,27.686,15636,False
2026-04-07 00:00:00+00:00,27.6,27.95,27.6,27.83,3455235.0,27.839,14524,False
2026-04-08 00:00:00+00:00,27.92,28.08,27.66,27.73,5726051.0,27.812,22809,False
2026-04-09 00:00:00+00:00,27.79,28.29,27.61,28.06,3829815.0,28.072,14433,False
2026-04-10 00:00:00+00:00,28.08,28.24,27.95,28.11,2125513.0,28.081,9090,False
2026-04-13 00:00:00+00:00,28.03,28.33,27.88,28.33,3966007.0,28.141,16696,False
2026-04-14 00:00:00+00:00,28.28,28.45,28.17,28.36,4111675.0,28.367,15419,False
2026-04-15 00:00:00+00:00,28.29,28.33,27.95,28.13,3397338.0,28.149,16315,False
2026-04-16 00:00:00+00:00,28.15,28.42,28.11,28.4,3726382.0,28.34,17865,False
2026-04-17 00:00:00+00:00,28.47,29.13,28.4,29.01,5467079.0,28.808,22710,False
2026-04-20 00:00:00+00:00,28.91,29.0,28.59,28.78,4261036.0,28.797,19502,False
2026-04-21 00:00:00+00:00,28.82,28.98,28.42,28.42,4135375.0,28.624,20443,False
2026-04-22 00:00:00+00:00,28.54,28.57,28.04,28.2,3209900.0,28.279,13270,False
2026-04-23 00:00:00+00:00,28.34,28.53,28.2,28.51,2776188.0,28.375,12976,False
2026-04-24 00:00:00+00:00,28.47,28.63,28.32,28.42,3649620.0,28.453,17315,False
2026-04-27 00:00:00+00:00,28.42,28.75,28.38,28.44,3604850.0,28.539,16138,False
2026-04-28 00:00:00+00:00,28.65,28.75,28.33,28.65,3705719.0,28.591,16942,False
2026-04-29 00:00:00+00:00,28.53,28.82,28.51,28.6,4792157.0,28.685,26055,False
2026-04-30 00:00:00+00:00,28.95,29.51,28.61,29.2,6935528.0,28.976,35153,False
2026-05-01 00:00:00+00:00,29.2,29.36,28.26,28.58,7186891.0,28.588,28732,False
2026-05-04 00:00:00+00:00,28.42,28.6,27.97,28.09,4595613.0,28.2,21449,False
2026-05-05 00:00:00+00:00,28.12,28.37,28.03,28.27,4090879.0,28.232,17110,False
2026-05-06 00:00:00+00:00,28.35,28.85,28.34,28.65,2959004.0,28.676,15574,False
2026-05-07 00:00:00+00:00,28.55,28.87,28.45,28.79,4004250.0,28.712,19371,False
2026-05-08 00:00:00+00:00,28.87,29.12,28.75,28.84,2504212.0,28.939,12332,False
2026-05-11 00:00:00+00:00,28.93,29.07,28.62,28.92,3794702.0,28.803,16644,False
2026-05-12 00:00:00+00:00,29.0,29.0,28.54,28.55,4596457.0,28.736,21890,False
2026-05-13 00:00:00+00:00,28.41,28.5,28.07,28.21,4546318.0,28.221,19290,False
2026-05-14 00:00:00+00:00,28.29,28.38,27.87,27.88,3519589.0,28.037,17004,False
2026-05-15 00:00:00+00:00,27.88,27.99,27.6,27.9,4896197.0,27.862,24165,False
