date,open,high,low,close,volume,average,barCount,is_rth
2018-05-18 00:00:00+00:00,62.1,62.28,61.38,61.43,295772.0,61.624,2344,False
2018-05-21 00:00:00+00:00,61.65,62.23,61.6,61.95,293958.0,61.969,2210,False
2018-05-22 00:00:00+00:00,62.17,62.66,61.92,62.04,461111.0,62.356,3290,False
2018-05-23 00:00:00+00:00,61.81,62.2,61.56,61.85,323329.0,61.861,2199,False
2018-05-24 00:00:00+00:00,61.66,61.69,60.31,61.51,534012.0,61.104,4187,False
2018-05-25 00:00:00+00:00,61.3,61.97,61.29,61.71,305040.0,61.619,1942,False
2018-05-29 00:00:00+00:00,60.79,61.44,59.55,59.9,444293.0,60.073,2825,False
2018-05-30 00:00:00+00:00,60.77,61.18,60.16,60.84,496197.0,60.751,3921,False
2018-05-31 00:00:00+00:00,60.84,61.18,60.15,60.26,428475.0,60.611,3156,False
2018-06-01 00:00:00+00:00,61.29,61.86,60.47,61.19,262487.0,61.28,1836,False
2018-06-04 00:00:00+00:00,61.44,61.97,60.99,61.88,276735.0,61.682,2012,False
2018-06-05 00:00:00+00:00,61.66,62.09,61.27,61.74,286973.0,61.758,2276,False
2018-06-06 00:00:00+00:00,62.06,63.08,61.95,63.0,692748.0,62.657,5170,False
2018-06-07 00:00:00+00:00,63.3,64.06,62.34,62.94,542124.0,63.269,4411,False
2018-06-08 00:00:00+00:00,62.86,63.41,62.63,63.36,336330.0,63.155,2811,False
2018-06-11 00:00:00+00:00,63.4,63.81,62.14,62.47,563226.0,62.8,3854,False
2018-06-12 00:00:00+00:00,62.8,63.39,62.03,62.71,550163.0,62.715,3947,False
2018-06-13 00:00:00+00:00,62.84,63.21,61.77,62.17,283277.0,62.375,2431,False
2018-06-14 00:00:00+00:00,62.35,62.36,61.32,61.88,825696.0,61.727,4293,False
2018-06-15 00:00:00+00:00,61.66,61.95,60.9,61.49,379043.0,61.486,3089,False
2018-06-18 00:00:00+00:00,61.08,62.17,60.88,61.68,234722.0,61.555,1856,False
2018-06-19 00:00:00+00:00,61.03,61.92,60.88,61.78,268090.0,61.678,2022,False
2018-06-20 00:00:00+00:00,62.11,62.27,61.09,61.17,327548.0,61.454,2662,False
2018-06-21 00:00:00+00:00,61.0,61.52,60.53,60.97,337466.0,61.026,2669,False
2018-06-22 00:00:00+00:00,61.48,61.48,60.05,60.2,244261.0,60.516,2092,False
2018-06-25 00:00:00+00:00,59.93,60.04,58.67,59.14,458528.0,59.196,3710,False
2018-06-26 00:00:00+00:00,59.32,59.4,58.74,59.18,337890.0,59.163,2930,False
2018-06-27 00:00:00+00:00,59.12,59.32,57.52,57.59,383424.0,58.15,2974,False
2018-06-28 00:00:00+00:00,57.45,58.22,57.36,57.71,497098.0,57.715,3705,False
2018-06-29 00:00:00+00:00,58.4,58.62,56.53,56.61,878080.0,57.533,6354,False
2018-07-02 00:00:00+00:00,56.29,57.22,55.97,57.13,636801.0,56.885,5069,False
2018-07-03 00:00:00+00:00,57.44,58.03,57.16,57.35,610574.0,57.624,4588,False
2018-07-05 00:00:00+00:00,57.82,57.85,57.21,57.59,591785.0,57.529,4571,False
2018-07-06 00:00:00+00:00,57.37,58.23,56.72,57.69,393480.0,57.76,2767,False
2018-07-09 00:00:00+00:00,58.04,59.21,57.96,59.02,380029.0,58.971,3287,False
2018-07-10 00:00:00+00:00,59.52,59.52,57.93,58.48,367524.0,58.672,3035,False
2018-07-11 00:00:00+00:00,58.21,58.83,57.97,58.13,206489.0,58.292,1846,False
2018-07-12 00:00:00+00:00,58.5,58.75,56.21,56.74,824806.0,56.675,5812,False
2018-07-13 00:00:00+00:00,56.48,57.16,55.86,56.37,499034.0,56.572,3829,False
2018-07-16 00:00:00+00:00,56.68,57.41,56.32,56.99,373914.0,57.089,3170,False
2018-07-17 00:00:00+00:00,56.94,57.43,56.94,57.33,384899.0,57.278,3005,False
2018-07-18 00:00:00+00:00,57.36,58.64,57.32,58.48,447300.0,58.252,3688,False
2018-07-19 00:00:00+00:00,58.32,58.69,57.55,58.12,928087.0,58.216,6789,False
2018-07-20 00:00:00+00:00,57.91,59.45,57.56,58.48,917754.0,58.688,6578,False
2018-07-23 00:00:00+00:00,58.54,59.83,58.4,59.63,550582.0,59.316,3717,False
2018-07-24 00:00:00+00:00,59.61,59.7,58.15,58.41,492603.0,58.78,4025,False
2018-07-25 00:00:00+00:00,58.39,58.39,56.89,57.23,603370.0,57.262,4081,False
2018-07-26 00:00:00+00:00,57.35,58.23,57.35,57.6,228822.0,57.741,1923,False
2018-07-27 00:00:00+00:00,57.59,57.89,56.68,56.95,609831.0,56.975,4005,False
2018-07-30 00:00:00+00:00,57.05,57.25,56.27,56.58,506159.0,56.685,3769,False
2018-07-31 00:00:00+00:00,56.58,56.88,55.95,56.72,468083.0,56.52,3465,False
2018-08-01 00:00:00+00:00,56.97,57.71,56.93,57.47,341081.0,57.379,2659,False
2018-08-02 00:00:00+00:00,57.24,58.04,56.9,57.54,754072.0,57.737,5478,False
2018-08-03 00:00:00+00:00,57.54,57.79,56.95,57.12,322978.0,57.268,2547,False
2018-08-06 00:00:00+00:00,57.13,57.46,56.79,57.3,228774.0,57.226,1988,False
2018-08-07 00:00:00+00:00,57.32,57.85,57.13,57.17,181699.0,57.403,1574,False
2018-08-08 00:00:00+00:00,57.19,57.43,56.64,56.94,618338.0,56.962,5018,False
2018-08-09 00:00:00+00:00,56.87,57.21,56.4,56.55,390507.0,56.666,3195,False
2018-08-10 00:00:00+00:00,55.91,56.89,55.7,56.59,550853.0,56.513,4071,False
2018-08-13 00:00:00+00:00,56.59,57.23,56.3,56.37,396798.0,56.604,3116,False
2018-08-14 00:00:00+00:00,56.68,57.42,56.61,57.12,343891.0,57.042,2768,False
2018-08-15 00:00:00+00:00,56.76,57.11,55.86,56.36,355519.0,56.556,2889,False
2018-08-16 00:00:00+00:00,56.63,58.16,56.63,57.67,246924.0,57.704,2082,False
2018-08-17 00:00:00+00:00,57.53,57.91,57.41,57.87,199115.0,57.732,1675,False
2018-08-20 00:00:00+00:00,57.81,58.12,57.29,57.92,100383.0,57.885,813,False
2018-08-21 00:00:00+00:00,58.0,59.05,57.9,58.79,369595.0,58.826,3015,False
2018-08-22 00:00:00+00:00,58.57,58.76,58.21,58.3,203506.0,58.383,1654,False
2018-08-23 00:00:00+00:00,58.34,58.5,57.66,58.06,250191.0,57.917,1997,False
2018-08-24 00:00:00+00:00,58.21,58.35,57.44,57.55,256226.0,57.702,1982,False
2018-08-27 00:00:00+00:00,57.8,58.39,57.71,57.98,264903.0,58.075,2194,False
2018-08-28 00:00:00+00:00,58.12,58.28,57.24,57.93,300355.0,57.821,2423,False
2018-08-29 00:00:00+00:00,58.0,58.41,57.44,58.13,525652.0,58.113,4118,False
2018-08-30 00:00:00+00:00,57.96,58.02,56.97,57.01,609179.0,57.353,4456,False
2018-08-31 00:00:00+00:00,56.78,57.68,56.59,57.65,343059.0,57.306,2847,False
2018-09-04 00:00:00+00:00,57.7,58.27,57.44,58.14,283076.0,58.029,2084,False
2018-09-05 00:00:00+00:00,58.01,58.38,57.6,57.83,325826.0,57.83,2754,False
2018-09-06 00:00:00+00:00,57.85,57.96,57.23,57.35,140842.0,57.486,1222,False
2018-09-07 00:00:00+00:00,57.56,57.56,56.95,57.09,312879.0,57.102,2329,False
2018-09-10 00:00:00+00:00,57.32,57.42,56.81,56.85,435583.0,57.051,3278,False
2018-09-11 00:00:00+00:00,56.85,57.33,56.59,57.01,560882.0,57.037,3567,False
2018-09-12 00:00:00+00:00,56.93,56.93,56.1,56.27,551050.0,56.449,2866,False
2018-09-13 00:00:00+00:00,56.44,56.96,55.87,56.08,592221.0,56.314,4149,False
2018-09-14 00:00:00+00:00,56.23,58.43,56.11,58.18,932755.0,57.881,6613,False
2018-09-17 00:00:00+00:00,58.13,58.44,57.43,57.85,852366.0,57.9,5818,False
2018-09-18 00:00:00+00:00,57.85,57.85,56.95,57.04,504203.0,57.266,3462,False
2018-09-19 00:00:00+00:00,57.02,58.17,56.78,57.69,421544.0,57.774,2678,False
2018-09-20 00:00:00+00:00,58.14,60.01,58.03,59.55,696970.0,59.327,4386,False
2018-09-21 00:00:00+00:00,59.66,59.91,59.1,59.37,504457.0,59.328,3206,False
2018-09-24 00:00:00+00:00,59.23,59.31,58.81,59.05,629158.0,59.047,3689,False
2018-09-25 00:00:00+00:00,59.37,59.51,58.94,59.17,592604.0,59.235,4246,False
2018-09-26 00:00:00+00:00,59.36,59.45,58.17,58.23,681057.0,58.654,5134,False
2018-09-27 00:00:00+00:00,57.98,58.17,57.02,57.1,810184.0,57.617,5734,False
2018-09-28 00:00:00+00:00,56.79,57.21,56.58,56.89,508352.0,56.918,4068,False
2018-10-01 00:00:00+00:00,57.33,57.53,56.05,56.21,339134.0,56.454,2467,False
2018-10-02 00:00:00+00:00,56.0,56.57,55.7,55.86,550108.0,55.855,4059,False
2018-10-03 00:00:00+00:00,56.36,57.81,56.03,57.55,711716.0,57.112,4921,False
2018-10-04 00:00:00+00:00,57.66,58.97,57.63,58.07,539250.0,58.221,4422,False
2018-10-05 00:00:00+00:00,58.37,58.37,57.18,57.46,199058.0,57.6,1787,False
2018-10-08 00:00:00+00:00,57.3,58.01,56.9,57.75,292086.0,57.607,2532,False
2018-10-09 00:00:00+00:00,57.62,57.86,57.21,57.47,256851.0,57.629,2231,False
2018-10-10 00:00:00+00:00,57.64,57.92,56.84,56.86,490874.0,57.502,4072,False
2018-10-11 00:00:00+00:00,56.51,57.03,55.05,55.1,590839.0,56.105,4315,False
2018-10-12 00:00:00+00:00,55.94,55.94,52.1,53.65,754960.0,53.492,5311,False
2018-10-15 00:00:00+00:00,53.63,54.27,53.41,53.77,552967.0,53.859,4101,False
2018-10-16 00:00:00+00:00,54.16,54.23,53.11,53.86,1025157.0,53.721,8039,False
2018-10-17 00:00:00+00:00,53.92,54.93,53.13,54.5,802659.0,54.288,6448,False
2018-10-18 00:00:00+00:00,54.29,54.9,53.23,53.53,517680.0,53.883,3759,False
2018-10-19 00:00:00+00:00,54.0,54.13,49.08,49.4,3776408.0,50.742,22235,False
2018-10-22 00:00:00+00:00,49.77,50.77,48.37,48.41,1839166.0,49.274,11137,False
2018-10-23 00:00:00+00:00,47.16,48.64,46.95,48.33,2028548.0,47.898,12282,False
2018-10-24 00:00:00+00:00,48.2,48.23,45.53,45.98,1217862.0,46.35,8771,False
2018-10-25 00:00:00+00:00,46.44,48.31,46.35,47.73,1094714.0,47.631,8534,False
2018-10-26 00:00:00+00:00,47.35,47.72,46.17,47.49,926052.0,47.057,6289,False
2018-10-29 00:00:00+00:00,48.35,48.51,46.57,47.18,535618.0,47.641,4562,False
2018-10-30 00:00:00+00:00,47.25,47.6,45.93,46.9,671013.0,46.576,5334,False
2018-10-31 00:00:00+00:00,47.62,48.95,47.41,48.24,1002091.0,48.376,7681,False
2018-11-01 00:00:00+00:00,48.52,49.11,48.25,48.29,559566.0,48.623,4533,False
2018-11-02 00:00:00+00:00,48.78,49.59,48.35,48.88,537920.0,48.787,3759,False
2018-11-05 00:00:00+00:00,48.88,49.44,48.84,49.12,403210.0,49.094,3188,False
2018-11-06 00:00:00+00:00,49.08,49.32,48.32,48.82,466187.0,48.893,3414,False
2018-11-07 00:00:00+00:00,48.97,49.45,48.01,49.26,418572.0,48.902,3456,False
2018-11-08 00:00:00+00:00,49.05,49.75,48.98,49.2,346921.0,49.267,2673,False
2018-11-09 00:00:00+00:00,49.01,49.38,48.16,48.54,394038.0,48.526,3336,False
2018-11-12 00:00:00+00:00,48.39,48.6,47.61,47.71,415180.0,48.019,3368,False
2018-11-13 00:00:00+00:00,47.79,48.81,47.79,48.05,353593.0,48.311,2904,False
2018-11-14 00:00:00+00:00,48.42,48.42,46.24,46.6,374331.0,47.014,2605,False
2018-11-15 00:00:00+00:00,46.12,47.41,45.75,47.27,324329.0,46.959,2571,False
2018-11-16 00:00:00+00:00,46.97,47.56,46.71,47.31,323453.0,47.273,2540,False
2018-11-19 00:00:00+00:00,47.33,47.88,46.51,47.16,351623.0,47.164,2634,False
2018-11-20 00:00:00+00:00,46.64,47.19,45.93,46.15,512569.0,46.48,4151,False
2018-11-21 00:00:00+00:00,46.29,47.38,45.62,46.55,301386.0,46.786,2366,False
2018-11-23 00:00:00+00:00,46.33,46.85,46.04,46.32,79727.0,46.556,585,False
2018-11-26 00:00:00+00:00,46.94,47.9,46.54,47.01,451578.0,47.221,3620,False
2018-11-27 00:00:00+00:00,46.81,47.29,46.6,47.06,465259.0,46.985,4054,False
2018-11-28 00:00:00+00:00,47.14,47.62,46.17,47.59,505272.0,47.241,4299,False
2018-11-29 00:00:00+00:00,47.12,47.69,46.61,46.76,310888.0,46.963,2548,False
2018-11-30 00:00:00+00:00,46.51,47.28,46.4,46.87,613394.0,46.896,4975,False
2018-12-03 00:00:00+00:00,47.43,47.9,46.7,46.89,1009304.0,47.19,6963,False
2018-12-04 00:00:00+00:00,46.66,46.8,43.25,43.34,1046253.0,44.053,7537,False
2018-12-06 00:00:00+00:00,42.42,42.79,40.71,42.14,2305554.0,41.527,16397,False
2018-12-07 00:00:00+00:00,42.18,42.84,40.75,41.29,1294285.0,41.469,9463,False
2018-12-10 00:00:00+00:00,41.21,41.41,40.08,40.45,782086.0,40.506,6481,False
2018-12-11 00:00:00+00:00,40.87,41.19,39.63,39.75,1142843.0,40.07,8505,False
2018-12-12 00:00:00+00:00,40.44,41.92,40.35,41.69,1434457.0,41.462,10354,False
2018-12-13 00:00:00+00:00,41.75,41.75,40.36,40.6,1482525.0,40.88,10193,False
2018-12-14 00:00:00+00:00,40.29,40.99,39.51,39.64,1306475.0,40.108,9297,False
2018-12-17 00:00:00+00:00,39.46,40.72,39.17,39.88,1283331.0,39.987,8694,False
2018-12-18 00:00:00+00:00,40.12,40.86,39.34,39.61,1039988.0,39.873,7711,False
2018-12-19 00:00:00+00:00,39.59,40.36,38.78,39.08,1139958.0,39.515,7440,False
2018-12-20 00:00:00+00:00,38.7,39.39,38.48,38.78,1012726.0,38.969,7231,False
2018-12-21 00:00:00+00:00,38.69,39.3,37.99,38.16,718942.0,38.393,5331,False
2018-12-24 00:00:00+00:00,38.06,38.85,37.46,37.61,445035.0,38.024,3329,False
2018-12-26 00:00:00+00:00,37.61,39.5,37.39,39.44,568904.0,38.549,4544,False
2018-12-27 00:00:00+00:00,38.61,39.19,37.39,38.94,835732.0,38.29,6422,False
2018-12-28 00:00:00+00:00,39.14,39.83,38.73,39.47,1155797.0,39.303,8782,False
2018-12-31 00:00:00+00:00,39.51,39.93,38.72,39.49,610744.0,39.113,4576,False
2019-01-02 00:00:00+00:00,38.75,40.08,38.75,39.9,597857.0,39.723,4946,False
2019-01-03 00:00:00+00:00,39.67,40.71,39.39,39.78,565425.0,40.001,4571,False
2019-01-04 00:00:00+00:00,40.54,41.23,40.11,41.07,436122.0,40.955,3507,False
2019-01-07 00:00:00+00:00,40.92,41.89,40.32,41.31,465534.0,41.28,3731,False
2019-01-08 00:00:00+00:00,41.4,41.6,40.78,41.55,640314.0,41.333,5216,False
2019-01-09 00:00:00+00:00,41.81,42.16,41.44,42.0,524244.0,41.903,4131,False
2019-01-10 00:00:00+00:00,41.69,42.33,41.5,42.2,540043.0,41.996,4333,False
2019-01-11 00:00:00+00:00,42.0,42.7,41.28,42.45,551047.0,42.32,3666,False
2019-01-14 00:00:00+00:00,41.99,42.97,41.99,42.63,739453.0,42.598,5018,False
2019-01-15 00:00:00+00:00,43.34,43.34,42.08,42.92,651818.0,42.769,5194,False
2019-01-16 00:00:00+00:00,43.51,44.66,43.29,44.44,1177874.0,44.183,8275,False
2019-01-17 00:00:00+00:00,44.16,44.5,43.71,44.35,424641.0,44.159,3643,False
2019-01-18 00:00:00+00:00,44.64,45.44,43.92,45.32,601687.0,45.109,4365,False
2019-01-22 00:00:00+00:00,44.92,45.25,44.36,44.47,548050.0,44.676,4347,False
2019-01-23 00:00:00+00:00,44.73,44.93,44.06,44.41,471936.0,44.477,3714,False
2019-01-24 00:00:00+00:00,44.06,44.79,42.67,44.7,986240.0,44.499,6727,False
2019-01-25 00:00:00+00:00,45.82,45.96,43.37,45.55,2393621.0,44.904,15575,False
2019-01-28 00:00:00+00:00,45.24,46.42,45.18,46.27,566119.0,46.131,4432,False
2019-01-29 00:00:00+00:00,46.09,46.62,45.53,45.53,390295.0,46.01,3039,False
2019-01-30 00:00:00+00:00,45.59,45.83,45.12,45.25,601220.0,45.447,5200,False
2019-01-31 00:00:00+00:00,44.89,45.23,43.56,44.28,536372.0,44.159,4491,False
2019-02-01 00:00:00+00:00,44.4,44.93,44.13,44.55,423484.0,44.608,3662,False
2019-02-04 00:00:00+00:00,44.66,45.27,44.2,45.17,518530.0,44.987,4144,False
2019-02-05 00:00:00+00:00,45.21,45.49,44.6,45.13,886001.0,45.12,6394,False
2019-02-06 00:00:00+00:00,44.8,45.53,44.59,44.85,432910.0,44.866,3382,False
2019-02-07 00:00:00+00:00,45.09,45.94,44.92,44.98,734546.0,45.129,4866,False
2019-02-08 00:00:00+00:00,44.83,45.06,44.05,44.29,407359.0,44.36,3157,False
2019-02-11 00:00:00+00:00,44.41,44.84,44.26,44.47,911853.0,44.432,6379,False
2019-02-12 00:00:00+00:00,44.84,45.91,44.84,45.42,515714.0,45.552,3828,False
2019-02-13 00:00:00+00:00,45.61,45.88,45.3,45.56,319018.0,45.601,2525,False
2019-02-14 00:00:00+00:00,45.0,45.31,44.72,45.04,325132.0,45.086,2592,False
2019-02-15 00:00:00+00:00,45.56,46.31,45.31,46.0,298825.0,45.968,2272,False
2019-02-19 00:00:00+00:00,45.63,46.7,45.57,46.51,382929.0,46.382,3231,False
2019-02-20 00:00:00+00:00,46.56,47.18,46.13,47.14,311814.0,46.888,2677,False
2019-02-21 00:00:00+00:00,47.14,47.2,46.3,46.51,195377.0,46.593,1596,False
2019-02-22 00:00:00+00:00,46.37,46.82,46.37,46.75,304601.0,46.603,2371,False
2019-02-25 00:00:00+00:00,47.15,47.62,46.93,46.94,476971.0,47.235,3894,False
2019-02-26 00:00:00+00:00,46.7,47.01,45.85,46.01,540218.0,46.22,3240,False
2019-02-27 00:00:00+00:00,46.18,46.61,45.8,46.35,542962.0,46.397,3897,False
2019-02-28 00:00:00+00:00,46.31,46.5,46.05,46.27,486706.0,46.306,4031,False
2019-03-01 00:00:00+00:00,46.63,47.0,46.08,46.35,247081.0,46.414,1950,False
2019-03-04 00:00:00+00:00,46.34,46.66,45.86,46.29,367565.0,46.24,2995,False
2019-03-05 00:00:00+00:00,46.17,46.47,45.53,46.28,338632.0,46.129,2723,False
2019-03-06 00:00:00+00:00,46.16,46.3,44.79,44.87,603420.0,45.455,4406,False
2019-03-07 00:00:00+00:00,44.54,44.54,43.65,43.89,536673.0,43.996,4177,False
2019-03-08 00:00:00+00:00,43.37,44.16,43.17,43.99,315653.0,43.901,2428,False
2019-03-11 00:00:00+00:00,44.22,44.38,43.99,44.19,470892.0,44.176,3025,False
2019-03-12 00:00:00+00:00,44.16,44.51,43.77,44.29,432568.0,44.233,2441,False
2019-03-13 00:00:00+00:00,44.53,44.79,44.22,44.56,411782.0,44.527,3065,False
2019-03-14 00:00:00+00:00,44.65,44.82,44.39,44.55,209624.0,44.573,1722,False
2019-03-15 00:00:00+00:00,44.61,45.09,44.48,44.8,280209.0,44.77,1704,False
2019-03-18 00:00:00+00:00,44.77,45.69,44.77,45.58,319382.0,45.442,2391,False
2019-03-19 00:00:00+00:00,45.97,45.97,44.36,44.48,410997.0,45.008,3369,False
2019-03-20 00:00:00+00:00,44.32,44.74,42.22,42.27,754242.0,43.349,5942,False
2019-03-21 00:00:00+00:00,41.93,42.02,41.11,41.3,1264269.0,41.548,9097,False
2019-03-22 00:00:00+00:00,40.69,40.74,38.55,39.07,1711669.0,39.211,12028,False
2019-03-25 00:00:00+00:00,39.28,40.24,38.73,39.36,1536858.0,39.263,11460,False
2019-03-26 00:00:00+00:00,39.72,40.9,39.43,40.87,1145440.0,40.343,7661,False
2019-03-27 00:00:00+00:00,40.4,41.16,40.06,40.7,1171385.0,40.842,8813,False
2019-03-28 00:00:00+00:00,40.51,41.32,40.26,41.28,688836.0,40.914,4678,False
2019-03-29 00:00:00+00:00,41.73,41.73,40.75,41.04,833130.0,41.086,4553,False
2019-04-01 00:00:00+00:00,41.85,42.37,41.37,42.27,1208336.0,41.995,6347,False
2019-04-02 00:00:00+00:00,42.05,42.65,42.01,42.42,1377525.0,42.448,6265,False
2019-04-03 00:00:00+00:00,42.99,43.4,42.84,43.09,658208.0,43.161,4714,False
2019-04-04 00:00:00+00:00,43.0,43.93,43.0,43.63,493724.0,43.609,3636,False
2019-04-05 00:00:00+00:00,43.72,44.08,43.46,43.86,367043.0,43.863,2497,False
2019-04-08 00:00:00+00:00,43.71,44.16,43.6,44.02,280162.0,43.949,2286,False
2019-04-09 00:00:00+00:00,43.75,43.76,43.06,43.12,539330.0,43.343,3596,False
2019-04-10 00:00:00+00:00,43.09,43.44,42.6,43.32,531486.0,43.003,3471,False
2019-04-11 00:00:00+00:00,43.56,44.0,43.26,43.69,595559.0,43.548,4087,False
2019-04-12 00:00:00+00:00,44.42,45.08,43.95,44.86,750629.0,44.58,5273,False
2019-04-15 00:00:00+00:00,44.84,44.93,43.83,44.08,467742.0,44.062,3690,False
2019-04-16 00:00:00+00:00,44.2,44.94,43.88,44.92,703528.0,44.407,4597,False
2019-04-17 00:00:00+00:00,45.0,45.28,44.34,45.19,567085.0,44.884,4322,False
2019-04-18 00:00:00+00:00,45.0,45.08,44.1,44.3,749421.0,44.499,5973,False
2019-04-22 00:00:00+00:00,44.08,44.29,43.23,43.37,932093.0,43.646,7140,False
2019-04-23 00:00:00+00:00,44.8,47.22,44.36,46.99,2221923.0,46.364,13506,False
2019-04-24 00:00:00+00:00,47.47,47.68,46.17,47.24,866849.0,47.063,6138,False
2019-04-25 00:00:00+00:00,47.1,47.6,46.86,47.2,472199.0,47.266,3551,False
2019-04-26 00:00:00+00:00,47.05,47.93,46.94,47.8,423084.0,47.636,3179,False
2019-04-29 00:00:00+00:00,47.78,48.8,47.78,48.53,526448.0,48.397,3467,False
2019-04-30 00:00:00+00:00,48.71,48.71,47.63,47.78,591116.0,47.892,4427,False
2019-05-01 00:00:00+00:00,47.77,48.23,46.97,47.29,467677.0,47.538,3671,False
2019-05-02 00:00:00+00:00,47.34,48.3,47.3,48.03,392026.0,47.986,3258,False
2019-05-03 00:00:00+00:00,48.14,49.13,47.99,49.05,470451.0,48.817,3627,False
2019-05-06 00:00:00+00:00,47.93,48.86,47.67,48.64,492078.0,48.426,3696,False
2019-05-07 00:00:00+00:00,47.94,48.26,47.3,47.68,515331.0,47.668,3156,False
2019-05-08 00:00:00+00:00,47.51,47.76,47.01,47.03,225587.0,47.369,1883,False
2019-05-09 00:00:00+00:00,46.37,47.45,46.12,47.27,314864.0,47.079,2222,False
2019-05-10 00:00:00+00:00,47.01,47.78,46.65,47.63,375655.0,47.317,2893,False
2019-05-13 00:00:00+00:00,46.56,46.71,44.68,44.96,419535.0,45.326,3076,False
2019-05-14 00:00:00+00:00,45.03,45.91,44.6,45.49,604133.0,45.411,4550,False
2019-05-15 00:00:00+00:00,44.99,44.99,44.02,44.69,250580.0,44.624,2169,False
2019-05-16 00:00:00+00:00,44.9,45.61,44.9,45.1,273478.0,45.249,2084,False
2019-05-17 00:00:00+00:00,44.57,45.5,44.47,44.56,287216.0,44.97,2372,False
2019-05-20 00:00:00+00:00,44.4,45.15,44.1,44.9,194087.0,44.875,1468,False
2019-05-21 00:00:00+00:00,45.13,45.57,45.11,45.25,258433.0,45.295,2016,False
2019-05-22 00:00:00+00:00,44.94,45.11,44.0,44.22,376622.0,44.303,2478,False
2019-05-23 00:00:00+00:00,43.77,43.8,43.0,43.38,488163.0,43.33,3662,False
2019-05-24 00:00:00+00:00,43.64,44.18,43.64,43.99,462904.0,43.937,2985,False
2019-05-28 00:00:00+00:00,43.72,44.06,43.28,43.5,587370.0,43.521,3798,False
2019-05-29 00:00:00+00:00,42.97,43.75,42.55,43.63,282439.0,43.107,2250,False
2019-05-30 00:00:00+00:00,43.73,43.81,41.97,42.43,282669.0,42.596,1487,False
2019-05-31 00:00:00+00:00,41.75,41.95,40.99,41.15,725870.0,41.45,4987,False
2019-06-03 00:00:00+00:00,41.12,42.37,41.04,42.07,649972.0,41.824,5402,False
2019-06-04 00:00:00+00:00,42.76,43.74,42.65,43.7,322375.0,43.377,2676,False
2019-06-05 00:00:00+00:00,44.16,44.8,43.63,44.4,810295.0,44.264,5721,False
2019-06-06 00:00:00+00:00,44.49,44.58,43.68,44.35,377156.0,44.152,2694,False
2019-06-07 00:00:00+00:00,44.01,44.07,43.59,43.75,339080.0,43.774,2540,False
2019-06-10 00:00:00+00:00,44.22,44.64,43.79,43.91,262499.0,44.155,2093,False
2019-06-11 00:00:00+00:00,44.2,44.46,43.55,43.69,271861.0,43.882,1926,False
2019-06-12 00:00:00+00:00,43.83,43.83,42.95,43.16,395358.0,43.208,2701,False
2019-06-13 00:00:00+00:00,43.34,43.8,43.19,43.36,283668.0,43.356,1957,False
2019-06-14 00:00:00+00:00,43.36,43.73,42.69,43.64,386762.0,43.246,2512,False
2019-06-17 00:00:00+00:00,43.63,43.96,43.33,43.46,550481.0,43.744,4112,False
2019-06-18 00:00:00+00:00,43.31,44.34,43.06,43.83,434739.0,43.75,2894,False
2019-06-19 00:00:00+00:00,44.1,44.54,43.05,43.12,447713.0,43.779,3314,False
2019-06-20 00:00:00+00:00,43.3,43.48,42.19,43.08,485463.0,42.786,3324,False
2019-06-21 00:00:00+00:00,43.0,43.67,42.96,43.23,291043.0,43.36,2240,False
2019-06-24 00:00:00+00:00,43.22,43.64,42.66,42.95,281810.0,43.17,2290,False
2019-06-25 00:00:00+00:00,42.93,43.51,42.44,43.25,381201.0,43.142,2815,False
2019-06-26 00:00:00+00:00,43.56,43.84,43.18,43.67,334280.0,43.54,2345,False
2019-06-27 00:00:00+00:00,43.56,44.47,43.56,44.41,501492.0,44.186,3247,False
2019-06-28 00:00:00+00:00,44.98,45.3,44.13,44.72,559883.0,44.772,3946,False
2019-07-01 00:00:00+00:00,45.16,45.49,44.43,45.04,474093.0,44.874,3671,False
2019-07-02 00:00:00+00:00,44.92,44.98,43.83,44.34,419042.0,44.204,3079,False
2019-07-03 00:00:00+00:00,44.55,44.68,44.2,44.64,152552.0,44.47,1128,False
2019-07-05 00:00:00+00:00,45.0,45.64,44.7,45.11,301713.0,45.181,2114,False
2019-07-08 00:00:00+00:00,44.66,44.74,43.96,44.15,312655.0,44.241,2068,False
2019-07-09 00:00:00+00:00,43.65,44.16,43.6,44.07,290780.0,43.935,2139,False
2019-07-10 00:00:00+00:00,44.06,44.08,43.27,43.64,333118.0,43.644,2661,False
2019-07-11 00:00:00+00:00,43.9,44.23,43.5,43.94,500472.0,43.885,3254,False
2019-07-12 00:00:00+00:00,44.04,45.17,43.77,45.12,576578.0,44.732,3948,False
2019-07-15 00:00:00+00:00,45.2,45.2,43.91,44.04,552770.0,44.121,4252,False
2019-07-16 00:00:00+00:00,44.0,44.3,43.58,44.18,390714.0,44.078,2896,False
2019-07-17 00:00:00+00:00,43.96,44.06,43.38,43.59,378130.0,43.755,2605,False
2019-07-18 00:00:00+00:00,43.47,44.47,43.18,44.47,816150.0,44.173,5827,False
2019-07-19 00:00:00+00:00,45.76,47.78,45.7,46.0,1570442.0,46.529,9424,False
2019-07-22 00:00:00+00:00,46.17,46.54,45.7,46.39,652338.0,46.229,4557,False
2019-07-23 00:00:00+00:00,46.39,47.15,46.24,47.07,407652.0,46.901,3135,False
2019-07-24 00:00:00+00:00,47.07,48.69,46.91,48.53,481984.0,48.04,3012,False
2019-07-25 00:00:00+00:00,48.66,48.95,48.29,48.51,500357.0,48.544,3448,False
2019-07-26 00:00:00+00:00,48.54,49.72,48.35,49.7,536911.0,49.361,3248,False
2019-07-29 00:00:00+00:00,49.58,50.41,49.34,49.75,949946.0,49.866,5673,False
2019-07-30 00:00:00+00:00,49.27,50.07,48.88,50.04,461665.0,49.678,3623,False
2019-07-31 00:00:00+00:00,49.89,50.36,49.14,49.44,557357.0,49.62,3827,False
2019-08-01 00:00:00+00:00,49.31,49.83,46.26,46.47,837952.0,47.77,6315,False
2019-08-02 00:00:00+00:00,46.31,46.52,45.1,45.72,469466.0,45.665,3308,False
2019-08-05 00:00:00+00:00,44.77,45.0,43.53,44.35,836922.0,44.368,5781,False
2019-08-06 00:00:00+00:00,44.8,45.05,43.76,44.67,766747.0,44.368,4847,False
2019-08-07 00:00:00+00:00,43.75,44.41,43.37,44.34,527586.0,43.989,3710,False
2019-08-08 00:00:00+00:00,44.91,45.41,44.56,45.32,426793.0,45.137,2826,False
2019-08-09 00:00:00+00:00,45.0,45.21,44.67,44.84,339156.0,44.941,2311,False
2019-08-12 00:00:00+00:00,44.15,44.4,43.6,43.77,286904.0,43.862,1727,False
2019-08-13 00:00:00+00:00,43.68,44.94,43.52,44.15,360622.0,44.285,2246,False
2019-08-14 00:00:00+00:00,42.97,43.48,42.26,42.49,704178.0,42.77,4777,False
2019-08-15 00:00:00+00:00,42.47,42.75,41.68,41.83,574660.0,42.036,3943,False
2019-08-16 00:00:00+00:00,42.27,43.16,42.27,42.95,529667.0,42.904,3416,False
2019-08-19 00:00:00+00:00,43.8,44.1,43.42,43.61,482272.0,43.678,3196,False
2019-08-20 00:00:00+00:00,43.39,43.64,43.05,43.31,217239.0,43.328,1578,False
2019-08-21 00:00:00+00:00,43.79,43.9,43.31,43.56,532108.0,43.649,3600,False
2019-08-22 00:00:00+00:00,43.89,44.16,43.21,43.57,361932.0,43.519,2613,False
2019-08-23 00:00:00+00:00,43.49,44.36,41.96,42.14,763716.0,42.963,4867,False
2019-08-26 00:00:00+00:00,42.29,42.62,41.9,42.36,300615.0,42.266,2324,False
2019-08-27 00:00:00+00:00,42.62,42.74,41.3,41.44,334818.0,41.61,2678,False
2019-08-28 00:00:00+00:00,41.26,42.26,41.26,41.83,209905.0,41.961,1684,False
2019-08-29 00:00:00+00:00,42.29,43.34,42.29,43.2,386241.0,43.083,2970,False
2019-08-30 00:00:00+00:00,43.48,44.06,43.19,43.42,756926.0,43.505,4938,False
2019-09-03 00:00:00+00:00,42.97,43.1,41.57,42.06,360159.0,42.038,2712,False
2019-09-04 00:00:00+00:00,42.46,42.69,42.07,42.5,171659.0,42.37,1290,False
2019-09-05 00:00:00+00:00,43.39,44.31,43.35,44.1,484687.0,44.089,3045,False
2019-09-06 00:00:00+00:00,44.11,44.37,43.61,43.75,372089.0,43.943,2938,False
2019-09-09 00:00:00+00:00,44.22,46.32,43.93,46.02,809321.0,45.675,4467,False
2019-09-10 00:00:00+00:00,46.49,47.45,46.29,46.98,912680.0,47.003,5535,False
2019-09-11 00:00:00+00:00,47.12,47.56,45.96,47.33,764339.0,46.949,4097,False
2019-09-12 00:00:00+00:00,46.74,47.31,46.25,46.92,834870.0,47.002,4875,False
2019-09-13 00:00:00+00:00,47.63,47.84,46.99,47.26,979795.0,47.415,5777,False
2019-09-16 00:00:00+00:00,46.71,47.48,46.51,47.33,461028.0,47.214,3106,False
2019-09-17 00:00:00+00:00,47.11,47.11,46.48,46.68,494938.0,46.756,3608,False
2019-09-18 00:00:00+00:00,46.35,47.35,46.06,47.23,527550.0,46.913,3368,False
2019-09-19 00:00:00+00:00,47.02,47.36,46.62,46.76,339047.0,46.937,2405,False
2019-09-20 00:00:00+00:00,46.81,47.13,46.04,46.13,610899.0,46.56,3452,False
2019-09-23 00:00:00+00:00,45.71,46.93,45.63,46.76,324341.0,46.604,2543,False
2019-09-24 00:00:00+00:00,46.77,47.02,45.65,45.84,375010.0,46.128,2976,False
2019-09-25 00:00:00+00:00,45.85,46.73,45.7,46.53,312974.0,46.38,2331,False
2019-09-26 00:00:00+00:00,46.27,46.51,45.65,45.72,377671.0,46.101,2695,False
2019-09-27 00:00:00+00:00,46.12,46.94,45.74,46.15,337662.0,46.122,2555,False
2019-09-30 00:00:00+00:00,46.41,46.41,45.77,46.08,217766.0,46.107,1759,False
2019-10-01 00:00:00+00:00,46.47,46.86,44.51,44.56,229334.0,45.208,1716,False
2019-10-02 00:00:00+00:00,44.13,44.29,43.4,43.79,368150.0,43.817,2715,False
2019-10-03 00:00:00+00:00,43.0,43.56,42.55,43.4,468381.0,43.153,3611,False
2019-10-04 00:00:00+00:00,43.64,44.23,43.01,44.16,287047.0,43.801,2142,False
2019-10-07 00:00:00+00:00,43.97,44.42,43.72,43.99,251465.0,44.062,1734,False
2019-10-08 00:00:00+00:00,43.18,43.56,42.56,42.65,388953.0,42.92,2637,False
2019-10-09 00:00:00+00:00,43.08,43.37,42.66,43.11,316062.0,43.05,2610,False
2019-10-10 00:00:00+00:00,43.4,44.13,43.25,43.77,359242.0,43.698,2673,False
2019-10-11 00:00:00+00:00,45.15,45.61,44.68,44.86,709415.0,45.114,4540,False
2019-10-14 00:00:00+00:00,44.49,45.22,44.19,44.75,270253.0,44.838,1792,False
2019-10-15 00:00:00+00:00,45.16,45.99,44.55,45.77,427096.0,45.666,3169,False
2019-10-16 00:00:00+00:00,45.7,46.33,45.38,45.72,689221.0,45.82,4934,False
2019-10-17 00:00:00+00:00,46.13,46.29,45.56,46.25,753868.0,45.945,4542,False
2019-10-18 00:00:00+00:00,46.85,48.4,46.5,48.01,1651492.0,47.915,9997,False
2019-10-21 00:00:00+00:00,48.67,49.25,48.28,48.38,788758.0,48.709,5807,False
2019-10-22 00:00:00+00:00,48.43,49.55,47.95,48.75,624078.0,48.979,4304,False
2019-10-23 00:00:00+00:00,48.34,49.03,48.05,49.0,446710.0,48.826,3404,False
2019-10-24 00:00:00+00:00,48.94,48.99,47.84,48.4,392126.0,48.271,2873,False
2019-10-25 00:00:00+00:00,48.26,49.7,48.12,49.36,609888.0,49.364,4421,False
2019-10-28 00:00:00+00:00,49.72,50.24,49.43,49.8,645353.0,49.876,4795,False
2019-10-29 00:00:00+00:00,49.46,50.89,49.46,50.61,788853.0,50.61,5784,False
2019-10-30 00:00:00+00:00,50.39,50.58,49.5,50.17,535413.0,50.022,3576,False
2019-10-31 00:00:00+00:00,49.74,49.79,48.55,49.33,516046.0,49.168,3763,False
2019-11-01 00:00:00+00:00,49.96,50.5,49.78,50.48,492630.0,50.221,3380,False
2019-11-04 00:00:00+00:00,50.81,51.64,50.61,51.57,592898.0,51.307,3581,False
2019-11-05 00:00:00+00:00,51.87,52.24,51.47,51.78,602258.0,51.85,3582,False
2019-11-06 00:00:00+00:00,51.44,51.89,50.88,51.62,526012.0,51.563,3097,False
2019-11-07 00:00:00+00:00,52.06,53.6,52.06,52.67,883837.0,53.019,5895,False
2019-11-08 00:00:00+00:00,52.5,52.76,52.09,52.57,520499.0,52.452,3119,False
2019-11-11 00:00:00+00:00,52.1,52.74,51.88,52.12,472650.0,52.104,3404,False
2019-11-12 00:00:00+00:00,52.12,52.63,51.87,52.25,442285.0,52.28,2514,False
2019-11-13 00:00:00+00:00,51.65,51.94,51.26,51.6,273520.0,51.66,2143,False
2019-11-14 00:00:00+00:00,51.08,51.58,50.89,51.49,277301.0,51.386,2154,False
2019-11-15 00:00:00+00:00,51.78,51.81,51.47,51.54,184618.0,51.616,1433,False
2019-11-18 00:00:00+00:00,51.4,51.52,51.0,51.29,263185.0,51.217,1797,False
2019-11-19 00:00:00+00:00,51.5,51.87,51.17,51.49,542971.0,51.613,3336,False
2019-11-20 00:00:00+00:00,51.24,51.6,50.75,50.98,364546.0,51.14,2917,False
2019-11-21 00:00:00+00:00,51.34,51.34,50.47,51.0,248785.0,50.912,1697,False
2019-11-22 00:00:00+00:00,51.14,51.78,51.0,51.77,321874.0,51.611,2193,False
2019-11-25 00:00:00+00:00,51.77,52.59,51.62,52.5,367079.0,52.283,2663,False
2019-11-26 00:00:00+00:00,52.56,52.64,52.18,52.36,332653.0,52.4,2373,False
2019-11-27 00:00:00+00:00,52.7,52.91,52.45,52.87,127944.0,52.724,966,False
2019-11-29 00:00:00+00:00,52.63,52.86,52.1,52.16,89057.0,52.513,707,False
2019-12-02 00:00:00+00:00,52.5,52.99,52.13,52.25,305028.0,52.524,2262,False
2019-12-03 00:00:00+00:00,51.42,51.87,50.93,51.76,306932.0,51.416,2391,False
2019-12-04 00:00:00+00:00,51.98,53.09,51.98,52.62,214498.0,52.739,1602,False
2019-12-05 00:00:00+00:00,52.96,53.15,52.59,53.08,227992.0,52.942,1685,False
2019-12-06 00:00:00+00:00,54.0,54.51,53.67,53.76,241719.0,53.976,1793,False
2019-12-09 00:00:00+00:00,53.57,54.08,53.5,53.86,243186.0,53.818,1603,False
2019-12-10 00:00:00+00:00,53.85,54.31,53.61,54.1,199260.0,54.123,1431,False
2019-12-11 00:00:00+00:00,54.09,54.36,53.93,53.98,262297.0,54.127,1884,False
2019-12-12 00:00:00+00:00,54.27,55.99,54.22,55.96,464838.0,55.319,2835,False
2019-12-13 00:00:00+00:00,55.85,56.48,55.46,55.93,432044.0,55.883,3105,False
2019-12-16 00:00:00+00:00,56.68,56.99,56.18,56.37,387855.0,56.555,2329,False
2019-12-17 00:00:00+00:00,56.42,57.48,56.31,57.21,468941.0,57.099,3188,False
2019-12-18 00:00:00+00:00,57.43,57.43,56.88,57.08,361017.0,57.156,2678,False
2019-12-19 00:00:00+00:00,57.19,57.34,56.85,57.05,402545.0,57.052,2632,False
2019-12-20 00:00:00+00:00,57.37,57.52,56.96,57.14,423951.0,57.274,2908,False
2019-12-23 00:00:00+00:00,57.45,57.6,56.89,57.08,203010.0,57.099,1460,False
2019-12-24 00:00:00+00:00,57.1,57.31,56.89,57.1,118086.0,57.086,797,False
2019-12-26 00:00:00+00:00,57.29,57.48,57.11,57.31,169800.0,57.277,1456,False
2019-12-27 00:00:00+00:00,57.38,57.61,56.98,57.01,211701.0,57.151,1568,False
2019-12-30 00:00:00+00:00,57.39,57.42,56.83,57.14,185580.0,57.202,1375,False
2019-12-31 00:00:00+00:00,56.85,57.34,56.85,57.0,277349.0,57.122,1910,False
2020-01-02 00:00:00+00:00,57.22,57.75,56.72,57.75,330732.0,57.338,2395,False
2020-01-03 00:00:00+00:00,56.9,57.27,56.45,57.17,373875.0,57.029,2577,False
2020-01-06 00:00:00+00:00,56.46,56.83,55.86,56.82,604504.0,56.455,3674,False
2020-01-07 00:00:00+00:00,56.72,57.06,56.32,56.55,320619.0,56.596,2516,False
2020-01-08 00:00:00+00:00,56.75,57.68,56.61,57.41,473596.0,57.367,3793,False
2020-01-09 00:00:00+00:00,57.8,57.91,57.12,57.59,394390.0,57.676,3256,False
2020-01-10 00:00:00+00:00,57.73,57.73,57.01,57.1,492571.0,57.392,3715,False
2020-01-13 00:00:00+00:00,57.39,57.63,56.76,57.49,318554.0,57.292,2679,False
2020-01-14 00:00:00+00:00,57.49,58.13,57.37,57.56,462713.0,57.769,3643,False
2020-01-15 00:00:00+00:00,57.05,57.41,56.78,57.02,367504.0,57.078,2791,False
2020-01-16 00:00:00+00:00,57.44,57.76,57.28,57.6,415213.0,57.548,2908,False
2020-01-17 00:00:00+00:00,57.93,58.3,57.69,58.03,388091.0,57.991,2020,False
2020-01-21 00:00:00+00:00,57.53,58.0,57.05,57.13,476987.0,57.532,2828,False
2020-01-22 00:00:00+00:00,57.27,57.51,56.9,57.25,540875.0,57.235,3411,False
2020-01-23 00:00:00+00:00,57.03,57.75,56.36,57.64,508087.0,57.24,3309,False
2020-01-24 00:00:00+00:00,57.83,58.94,56.15,57.49,1061672.0,57.513,7233,False
2020-01-27 00:00:00+00:00,56.18,56.86,55.75,56.48,488426.0,56.357,3637,False
2020-01-28 00:00:00+00:00,56.91,57.64,56.63,56.97,376964.0,57.144,3075,False
2020-01-29 00:00:00+00:00,57.07,57.39,56.24,56.36,382104.0,56.706,2793,False
2020-01-30 00:00:00+00:00,55.76,56.7,55.49,56.7,277308.0,56.171,2184,False
2020-01-31 00:00:00+00:00,55.99,56.42,55.02,55.23,380362.0,55.46,2839,False
2020-02-03 00:00:00+00:00,55.64,56.41,55.48,55.97,341292.0,56.017,2628,False
2020-02-04 00:00:00+00:00,56.96,57.33,56.59,57.11,357558.0,57.051,2565,False
2020-02-05 00:00:00+00:00,57.82,58.36,57.66,58.19,322536.0,58.087,2293,False
2020-02-06 00:00:00+00:00,58.57,58.81,57.4,57.42,354119.0,57.876,2769,False
2020-02-07 00:00:00+00:00,56.94,57.4,56.52,56.62,162389.0,56.758,1249,False
2020-02-10 00:00:00+00:00,56.24,56.45,55.98,56.31,263934.0,56.258,1918,False
2020-02-11 00:00:00+00:00,56.4,57.54,56.38,57.04,237651.0,57.251,1868,False
2020-02-12 00:00:00+00:00,57.68,58.18,57.42,57.94,271080.0,57.759,2210,False
2020-02-13 00:00:00+00:00,57.4,58.28,57.4,58.26,163514.0,57.955,1275,False
2020-02-14 00:00:00+00:00,58.18,58.58,57.92,58.19,244254.0,58.217,1819,False
2020-02-18 00:00:00+00:00,57.9,58.25,56.84,57.12,210369.0,57.221,1421,False
2020-02-19 00:00:00+00:00,57.53,57.88,57.33,57.5,242708.0,57.672,1422,False
2020-02-20 00:00:00+00:00,57.32,58.29,57.32,58.15,197612.0,57.943,1466,False
2020-02-21 00:00:00+00:00,57.64,58.3,55.86,55.92,557138.0,56.389,3916,False
2020-02-24 00:00:00+00:00,53.8,54.25,52.96,53.34,576197.0,53.532,4300,False
2020-02-25 00:00:00+00:00,53.6,53.6,50.77,50.98,524458.0,51.643,4449,False
2020-02-26 00:00:00+00:00,51.53,51.93,50.11,50.17,375943.0,50.845,2778,False
2020-02-27 00:00:00+00:00,49.06,50.39,47.87,47.87,747945.0,48.765,5715,False
2020-02-28 00:00:00+00:00,46.22,47.31,44.88,46.04,1083325.0,46.064,7239,False
2020-03-02 00:00:00+00:00,46.21,47.57,45.61,47.49,712661.0,46.509,5542,False
2020-03-03 00:00:00+00:00,47.22,47.73,44.38,44.79,747809.0,45.41,5400,False
2020-03-04 00:00:00+00:00,45.42,45.45,43.6,44.49,780662.0,44.213,5817,False
2020-03-05 00:00:00+00:00,42.97,44.0,42.23,42.73,758495.0,42.937,5420,False
2020-03-06 00:00:00+00:00,40.6,41.87,39.2,39.61,983413.0,40.079,7098,False
2020-03-09 00:00:00+00:00,35.56,35.71,31.08,32.75,1592356.0,32.715,9848,False
2020-03-10 00:00:00+00:00,35.5,36.85,33.46,35.04,2152467.0,35.117,11239,False
2020-03-11 00:00:00+00:00,33.7,33.91,31.96,32.36,1478494.0,32.818,8573,False
2020-03-12 00:00:00+00:00,29.58,31.43,27.18,29.3,2385740.0,28.663,16313,False
2020-03-13 00:00:00+00:00,32.23,32.23,29.42,31.87,1428006.0,30.707,8808,False
2020-03-16 00:00:00+00:00,27.01,28.0,24.68,24.77,2100195.0,25.63,11982,False
2020-03-17 00:00:00+00:00,25.33,26.21,23.51,25.77,1837260.0,25.262,12148,False
2020-03-18 00:00:00+00:00,24.11,26.51,21.24,22.16,1454415.0,23.207,9046,False
2020-03-19 00:00:00+00:00,21.98,28.86,20.9,27.4,1791578.0,25.659,11584,False
2020-03-20 00:00:00+00:00,27.89,28.62,25.44,26.33,1517874.0,27.032,9180,False
2020-03-23 00:00:00+00:00,25.65,26.39,24.0,25.79,1183766.0,25.37,8476,False
2020-03-24 00:00:00+00:00,27.67,28.9,26.9,28.48,927048.0,27.751,7504,False
2020-03-25 00:00:00+00:00,29.35,29.94,27.39,28.93,972215.0,29.047,7714,False
2020-03-26 00:00:00+00:00,29.2,32.77,28.78,32.53,1271467.0,31.218,9498,False
2020-03-27 00:00:00+00:00,30.75,31.94,30.48,30.71,1041339.0,31.31,8065,False
2020-03-30 00:00:00+00:00,30.33,31.13,28.67,30.58,1043888.0,29.73,7375,False
2020-03-31 00:00:00+00:00,30.29,31.62,29.78,30.61,858073.0,30.668,7252,False
2020-04-01 00:00:00+00:00,28.99,29.45,28.39,29.05,530858.0,28.863,4267,False
2020-04-02 00:00:00+00:00,28.87,30.13,28.54,29.7,660336.0,29.386,5216,False
2020-04-03 00:00:00+00:00,29.23,29.9,28.33,28.86,646215.0,28.911,4707,False
2020-04-06 00:00:00+00:00,30.56,30.82,28.91,29.96,1120838.0,29.634,7323,False
2020-04-07 00:00:00+00:00,32.08,33.29,30.43,32.03,1544426.0,32.017,11239,False
2020-04-08 00:00:00+00:00,32.49,33.2,31.96,32.86,826737.0,32.811,6529,False
2020-04-09 00:00:00+00:00,34.31,35.83,33.88,35.08,930299.0,35.026,6222,False
2020-04-13 00:00:00+00:00,34.94,34.94,31.84,32.36,700380.0,32.495,5601,False
2020-04-14 00:00:00+00:00,33.09,33.68,31.42,31.53,1007138.0,32.001,7948,False
2020-04-15 00:00:00+00:00,29.54,30.51,29.27,29.66,844593.0,29.791,6746,False
2020-04-16 00:00:00+00:00,29.52,29.99,27.65,27.88,1118573.0,28.103,8509,False
2020-04-17 00:00:00+00:00,29.77,31.88,29.33,30.99,1711410.0,30.89,12611,False
2020-04-20 00:00:00+00:00,30.28,32.95,29.77,31.97,1081015.0,31.953,8255,False
2020-04-21 00:00:00+00:00,30.5,31.99,30.5,30.89,819105.0,31.05,5634,False
2020-04-22 00:00:00+00:00,30.92,31.71,28.95,29.1,893054.0,29.82,6455,False
2020-04-23 00:00:00+00:00,29.77,30.86,29.52,30.26,777978.0,30.398,5498,False
2020-04-24 00:00:00+00:00,30.7,31.08,29.63,30.3,1077969.0,30.408,6565,False
2020-04-27 00:00:00+00:00,30.84,34.15,30.62,33.85,1347294.0,33.055,9488,False
2020-04-28 00:00:00+00:00,35.29,36.07,34.4,35.18,804631.0,35.388,5833,False
2020-04-29 00:00:00+00:00,36.71,37.89,36.22,37.1,609262.0,37.269,4487,False
2020-04-30 00:00:00+00:00,35.88,36.08,34.5,35.88,457245.0,35.691,3412,False
2020-05-01 00:00:00+00:00,35.01,35.37,33.45,33.62,577971.0,34.07,3785,False
2020-05-04 00:00:00+00:00,33.17,33.96,32.56,33.51,620001.0,33.374,4597,False
2020-05-05 00:00:00+00:00,34.3,34.99,32.38,32.5,475006.0,33.538,3225,False
2020-05-06 00:00:00+00:00,32.96,33.13,31.75,32.12,466929.0,32.268,3504,False
2020-05-07 00:00:00+00:00,32.48,33.85,32.39,32.75,447399.0,33.062,3422,False
2020-05-08 00:00:00+00:00,33.66,34.73,33.61,34.39,461989.0,34.34,3707,False
2020-05-11 00:00:00+00:00,33.87,33.87,32.23,32.81,520729.0,32.843,3817,False
2020-05-12 00:00:00+00:00,32.88,33.2,30.15,30.22,580121.0,31.163,4083,False
2020-05-13 00:00:00+00:00,30.05,30.16,27.81,28.64,939962.0,28.717,6144,False
2020-05-14 00:00:00+00:00,27.62,29.45,26.75,29.21,801776.0,28.54,4592,False
2020-05-15 00:00:00+00:00,28.67,29.67,28.28,29.27,540510.0,29.282,3126,False
2020-05-18 00:00:00+00:00,31.2,33.72,31.16,33.52,1034407.0,32.53,5913,False
2020-05-19 00:00:00+00:00,33.05,33.42,31.2,31.21,578756.0,31.982,4575,False
2020-05-20 00:00:00+00:00,32.12,33.51,32.01,33.01,474861.0,33.099,3522,False
2020-05-21 00:00:00+00:00,32.65,33.44,32.53,33.2,607764.0,33.072,4427,False
2020-05-22 00:00:00+00:00,33.5,33.88,32.37,32.71,412369.0,32.855,3197,False
2020-05-26 00:00:00+00:00,34.62,36.84,34.62,36.5,895444.0,36.254,6534,False
2020-05-27 00:00:00+00:00,39.2,40.79,37.13,40.66,1364388.0,39.337,9431,False
2020-05-28 00:00:00+00:00,41.27,41.45,39.02,39.14,987775.0,39.848,7582,False
2020-05-29 00:00:00+00:00,38.29,38.97,37.48,38.15,699212.0,38.167,5627,False
2020-06-01 00:00:00+00:00,38.47,39.07,37.94,38.18,303095.0,38.525,2410,False
2020-06-02 00:00:00+00:00,38.18,38.97,37.52,37.77,601584.0,38.167,4673,False
2020-06-03 00:00:00+00:00,39.36,40.76,39.07,40.42,866212.0,40.277,6990,False
2020-06-04 00:00:00+00:00,40.3,42.95,39.79,42.92,1026995.0,41.735,7566,False
2020-06-05 00:00:00+00:00,47.21,47.21,44.67,45.05,818204.0,45.532,5901,False
2020-06-08 00:00:00+00:00,46.74,47.49,45.37,46.65,707718.0,46.298,5069,False
2020-06-09 00:00:00+00:00,44.43,45.73,43.52,44.5,730148.0,44.441,5206,False
2020-06-10 00:00:00+00:00,43.8,43.84,41.33,41.45,863355.0,42.4,5828,False
2020-06-11 00:00:00+00:00,38.01,39.13,36.78,36.83,612132.0,37.734,4418,False
2020-06-12 00:00:00+00:00,39.26,39.53,36.86,38.82,620378.0,38.261,4673,False
2020-06-15 00:00:00+00:00,36.39,39.25,36.39,38.81,620996.0,38.031,4983,False
2020-06-16 00:00:00+00:00,41.46,41.93,39.88,41.26,403531.0,41.236,3392,False
2020-06-17 00:00:00+00:00,40.89,41.22,39.18,39.35,305997.0,39.946,2372,False
2020-06-18 00:00:00+00:00,38.64,40.36,38.51,39.42,292782.0,39.484,2272,False
2020-06-19 00:00:00+00:00,40.54,40.54,38.11,38.78,446273.0,38.928,3068,False
2020-06-22 00:00:00+00:00,38.44,39.4,38.05,38.96,337555.0,39.001,2415,False
2020-06-23 00:00:00+00:00,39.75,40.17,38.57,38.64,304743.0,38.909,2277,False
2020-06-24 00:00:00+00:00,37.96,38.06,36.21,36.28,396914.0,36.73,2929,False
2020-06-25 00:00:00+00:00,36.01,38.21,35.65,38.13,575598.0,37.397,4350,False
2020-06-26 00:00:00+00:00,37.11,37.11,35.37,35.96,609509.0,35.971,4287,False
2020-06-29 00:00:00+00:00,36.55,37.52,35.98,36.62,510427.0,36.675,3749,False
2020-06-30 00:00:00+00:00,36.54,38.16,36.5,37.87,342766.0,37.602,2696,False
2020-07-01 00:00:00+00:00,38.14,38.22,35.65,35.73,528204.0,36.163,3643,False
2020-07-02 00:00:00+00:00,36.66,37.27,35.21,35.33,330099.0,35.765,2472,False
2020-07-06 00:00:00+00:00,36.61,37.15,35.31,36.11,595663.0,35.975,3834,False
2020-07-07 00:00:00+00:00,35.43,35.74,34.75,34.84,403905.0,35.094,3144,False
2020-07-08 00:00:00+00:00,35.02,35.72,34.16,35.15,517226.0,34.963,3959,False
2020-07-09 00:00:00+00:00,34.8,34.99,33.39,33.51,649568.0,33.679,4926,False
2020-07-10 00:00:00+00:00,33.41,35.04,33.41,34.9,633387.0,34.596,4873,False
2020-07-13 00:00:00+00:00,35.6,36.03,34.25,35.15,652604.0,35.369,5020,False
2020-07-14 00:00:00+00:00,34.78,35.08,33.65,34.23,359730.0,34.21,2916,False
2020-07-15 00:00:00+00:00,35.43,37.21,34.99,37.03,886925.0,36.342,4960,False
2020-07-16 00:00:00+00:00,36.5,37.85,36.11,36.58,535862.0,36.908,3668,False
2020-07-17 00:00:00+00:00,37.0,38.74,36.24,36.26,985780.0,37.012,7000,False
2020-07-20 00:00:00+00:00,36.32,36.45,35.6,35.94,406702.0,36.058,3305,False
2020-07-21 00:00:00+00:00,36.38,37.93,36.38,37.72,319493.0,37.441,2318,False
2020-07-22 00:00:00+00:00,37.08,37.72,36.72,37.1,356210.0,37.065,2652,False
2020-07-23 00:00:00+00:00,37.08,38.85,37.05,38.36,335413.0,38.171,2650,False
2020-07-24 00:00:00+00:00,38.45,38.74,37.81,38.08,347439.0,38.16,2494,False
2020-07-27 00:00:00+00:00,37.59,37.76,36.39,36.52,430954.0,36.893,2487,False
2020-07-28 00:00:00+00:00,36.07,36.89,36.06,36.1,228394.0,36.309,1717,False
2020-07-29 00:00:00+00:00,35.94,37.1,35.66,37.01,294337.0,36.548,2182,False
2020-07-30 00:00:00+00:00,35.89,36.6,35.22,36.41,289809.0,36.168,1968,False
2020-07-31 00:00:00+00:00,36.24,36.26,35.35,35.95,264408.0,35.762,1873,False
2020-08-03 00:00:00+00:00,36.0,36.5,35.68,35.72,319131.0,35.947,2136,False
2020-08-04 00:00:00+00:00,35.69,35.82,34.96,35.32,429177.0,35.252,3201,False
2020-08-05 00:00:00+00:00,35.6,36.34,35.35,36.3,393191.0,35.943,2738,False
2020-08-06 00:00:00+00:00,36.07,36.6,35.55,35.79,240956.0,35.914,1790,False
2020-08-07 00:00:00+00:00,35.41,37.42,34.91,37.35,409473.0,36.599,2819,False
2020-08-10 00:00:00+00:00,37.7,39.27,37.61,38.86,572323.0,38.782,4537,False
2020-08-11 00:00:00+00:00,39.97,41.05,39.59,39.75,512331.0,40.591,2988,False
2020-08-12 00:00:00+00:00,40.82,40.82,38.54,39.22,255445.0,39.363,1895,False
2020-08-13 00:00:00+00:00,38.42,38.79,37.99,38.17,230991.0,38.302,1713,False
2020-08-14 00:00:00+00:00,37.83,39.05,37.62,38.49,170549.0,38.508,1406,False
2020-08-17 00:00:00+00:00,38.18,38.45,37.6,37.9,256611.0,37.933,2065,False
2020-08-18 00:00:00+00:00,38.0,38.17,36.35,36.41,338082.0,36.752,2423,False
2020-08-19 00:00:00+00:00,36.46,37.22,36.08,36.42,259174.0,36.531,1886,False
2020-08-20 00:00:00+00:00,35.77,36.09,35.29,35.36,202467.0,35.513,1266,False
2020-08-21 00:00:00+00:00,35.24,35.86,35.03,35.37,654640.0,35.535,3767,False
2020-08-24 00:00:00+00:00,35.73,37.31,35.31,37.21,305517.0,36.861,2243,False
2020-08-25 00:00:00+00:00,37.53,37.99,36.42,36.99,311337.0,37.017,2265,False
2020-08-26 00:00:00+00:00,36.97,36.97,35.68,35.7,307800.0,35.988,2225,False
2020-08-27 00:00:00+00:00,35.51,37.22,35.51,36.82,355297.0,36.863,2500,False
2020-08-28 00:00:00+00:00,37.1,37.38,36.19,36.32,281493.0,36.536,1835,False
2020-08-31 00:00:00+00:00,36.14,36.15,35.29,35.3,191141.0,35.586,1484,False
2020-09-01 00:00:00+00:00,35.32,36.15,34.84,35.74,446004.0,35.737,3248,False
2020-09-02 00:00:00+00:00,35.9,36.36,35.52,36.27,325665.0,35.944,1942,False
2020-09-03 00:00:00+00:00,36.67,37.98,36.13,36.23,414224.0,36.777,2664,False
2020-09-04 00:00:00+00:00,37.27,37.75,36.51,37.31,369710.0,37.353,2720,False
2020-09-08 00:00:00+00:00,36.7,36.94,35.11,35.15,315536.0,35.493,2379,False
2020-09-09 00:00:00+00:00,35.38,35.46,34.29,34.63,313284.0,34.776,2155,False
2020-09-10 00:00:00+00:00,34.95,35.34,34.03,34.06,333940.0,34.403,2168,False
2020-09-11 00:00:00+00:00,34.3,34.41,33.78,34.38,391381.0,34.132,2534,False
2020-09-14 00:00:00+00:00,34.48,35.41,34.39,34.95,205046.0,35.059,1592,False
2020-09-15 00:00:00+00:00,35.02,35.02,33.88,34.04,207584.0,34.21,1421,False
2020-09-16 00:00:00+00:00,33.92,35.01,33.42,34.49,319576.0,34.465,2347,False
2020-09-17 00:00:00+00:00,33.82,34.63,33.58,34.43,229378.0,34.343,1689,False
2020-09-18 00:00:00+00:00,34.53,34.53,33.67,33.87,392507.0,33.96,2747,False
2020-09-21 00:00:00+00:00,33.08,33.62,31.94,32.34,451640.0,32.453,2990,False
2020-09-22 00:00:00+00:00,32.38,32.95,31.31,31.57,458853.0,31.588,2324,False
2020-09-23 00:00:00+00:00,31.75,32.73,31.01,31.06,354682.0,31.532,2273,False
2020-09-24 00:00:00+00:00,31.2,31.72,30.61,30.82,261916.0,31.039,1815,False
2020-09-25 00:00:00+00:00,30.34,31.51,30.34,31.36,218327.0,31.212,1669,False
2020-09-28 00:00:00+00:00,32.14,32.79,31.9,32.55,206565.0,32.535,1401,False
2020-09-29 00:00:00+00:00,32.4,32.4,31.34,31.78,478764.0,31.86,2387,False
2020-09-30 00:00:00+00:00,32.05,32.53,31.43,31.62,795896.0,31.951,4845,False
2020-10-01 00:00:00+00:00,31.77,31.99,31.23,31.92,621277.0,31.704,4711,False
2020-10-02 00:00:00+00:00,31.29,33.18,31.19,33.05,490643.0,32.738,3552,False
2020-10-05 00:00:00+00:00,33.58,34.58,33.37,34.47,364806.0,34.169,2477,False
2020-10-06 00:00:00+00:00,34.89,36.24,34.84,34.89,667067.0,35.366,4415,False
2020-10-07 00:00:00+00:00,35.36,36.86,35.36,36.71,952133.0,36.433,5607,False
2020-10-08 00:00:00+00:00,37.01,37.62,36.81,37.25,456667.0,37.162,3265,False
2020-10-09 00:00:00+00:00,37.64,38.16,36.99,37.55,971996.0,37.805,5895,False
2020-10-12 00:00:00+00:00,37.48,37.88,37.3,37.67,372339.0,37.588,2576,False
2020-10-13 00:00:00+00:00,37.33,37.72,37.13,37.35,804554.0,37.376,5146,False
2020-10-14 00:00:00+00:00,37.34,37.93,36.9,37.06,1026908.0,37.292,5663,False
2020-10-15 00:00:00+00:00,36.58,37.5,36.54,37.42,310021.0,37.284,2349,False
2020-10-16 00:00:00+00:00,37.58,38.24,36.7,37.51,399607.0,37.613,2740,False
2020-10-19 00:00:00+00:00,37.88,38.33,36.94,37.02,254816.0,37.538,2067,False
2020-10-20 00:00:00+00:00,37.59,38.99,37.58,38.27,353648.0,38.344,2664,False
2020-10-21 00:00:00+00:00,38.36,39.06,38.07,38.78,489507.0,38.723,3285,False
2020-10-22 00:00:00+00:00,38.74,40.57,38.69,40.45,678242.0,40.053,4663,False
2020-10-23 00:00:00+00:00,40.75,42.78,40.36,42.15,1226739.0,41.691,8088,False
2020-10-26 00:00:00+00:00,41.6,41.87,40.94,41.6,639087.0,41.384,4853,False
2020-10-27 00:00:00+00:00,41.32,41.32,39.32,39.35,481981.0,40.115,3361,False
2020-10-28 00:00:00+00:00,38.56,39.74,38.27,38.67,291127.0,38.985,2212,False
2020-10-29 00:00:00+00:00,38.63,40.59,38.07,40.41,230623.0,39.636,1705,False
2020-10-30 00:00:00+00:00,40.08,41.52,40.0,41.2,454435.0,40.966,3594,False
2020-11-02 00:00:00+00:00,41.78,42.91,41.02,42.68,620786.0,42.378,4093,False
2020-11-03 00:00:00+00:00,43.01,43.71,42.73,43.46,570323.0,43.244,3333,False
2020-11-04 00:00:00+00:00,42.1,42.28,39.72,40.42,1225016.0,40.616,7775,False
2020-11-05 00:00:00+00:00,40.67,43.23,40.67,42.84,290296.0,42.647,2308,False
2020-11-06 00:00:00+00:00,43.3,43.6,41.84,41.89,241548.0,42.45,1763,False
2020-11-09 00:00:00+00:00,46.73,52.96,45.82,51.79,1603995.0,50.961,9126,False
2020-11-10 00:00:00+00:00,52.19,53.32,51.27,52.65,884840.0,52.763,5358,False
2020-11-11 00:00:00+00:00,52.65,52.81,49.89,51.51,464786.0,51.123,3506,False
2020-11-12 00:00:00+00:00,50.11,51.25,49.49,50.74,371573.0,50.454,2544,False
2020-11-13 00:00:00+00:00,51.16,52.48,50.91,52.08,353739.0,51.809,2098,False
2020-11-16 00:00:00+00:00,54.22,55.42,53.84,54.77,724994.0,54.443,4717,False
2020-11-17 00:00:00+00:00,53.52,54.28,52.58,54.25,922929.0,53.49,3899,False
2020-11-18 00:00:00+00:00,54.66,54.99,53.27,53.55,568977.0,53.918,3684,False
2020-11-19 00:00:00+00:00,52.88,54.03,52.0,53.96,471853.0,53.334,2559,False
2020-11-20 00:00:00+00:00,53.29,53.92,52.94,53.41,761940.0,53.391,4055,False
2020-11-23 00:00:00+00:00,54.38,54.38,52.77,52.81,979634.0,53.273,7004,False
2020-11-24 00:00:00+00:00,53.97,56.28,53.32,56.11,740377.0,55.366,5469,False
2020-11-25 00:00:00+00:00,55.01,55.57,54.48,55.18,319002.0,55.06,2261,False
2020-11-27 00:00:00+00:00,54.75,55.29,53.62,54.54,146817.0,54.37,1026,False
2020-11-30 00:00:00+00:00,53.84,54.18,51.13,51.27,724977.0,52.318,5012,False
2020-12-01 00:00:00+00:00,53.01,53.09,51.28,52.35,595878.0,52.249,3938,False
2020-12-02 00:00:00+00:00,52.22,53.97,51.87,53.72,384386.0,53.359,2357,False
2020-12-03 00:00:00+00:00,54.1,54.99,53.43,54.59,493397.0,54.557,3397,False
2020-12-04 00:00:00+00:00,54.98,55.79,54.27,55.76,412836.0,55.155,2120,False
2020-12-07 00:00:00+00:00,55.2,56.86,55.2,55.86,589317.0,56.024,3417,False
2020-12-08 00:00:00+00:00,54.79,56.2,54.62,55.44,365596.0,55.58,2849,False
2020-12-09 00:00:00+00:00,56.3,57.01,55.81,56.56,454587.0,56.495,3168,False
2020-12-10 00:00:00+00:00,55.69,58.41,55.62,58.36,626151.0,57.563,4014,False
2020-12-11 00:00:00+00:00,57.53,59.38,57.53,58.13,689360.0,58.443,4160,False
2020-12-14 00:00:00+00:00,59.23,59.74,58.26,58.48,401508.0,58.604,3009,False
2020-12-15 00:00:00+00:00,59.31,59.98,58.51,59.65,626424.0,59.342,2332,False
2020-12-16 00:00:00+00:00,59.79,59.88,58.79,59.65,534316.0,59.427,3583,False
2020-12-17 00:00:00+00:00,59.52,59.67,58.46,59.03,609165.0,58.955,3096,False
2020-12-18 00:00:00+00:00,58.82,58.98,58.0,58.54,798347.0,58.458,5098,False
2020-12-21 00:00:00+00:00,59.12,59.26,58.01,59.19,581781.0,58.821,3638,False
2020-12-22 00:00:00+00:00,59.13,59.49,58.69,59.0,597297.0,59.042,3136,False
2020-12-23 00:00:00+00:00,59.57,61.23,59.5,60.53,423079.0,60.662,2823,False
2020-12-24 00:00:00+00:00,60.54,60.57,59.2,59.92,247618.0,59.587,1383,False
2020-12-28 00:00:00+00:00,60.49,60.95,59.46,60.4,285682.0,60.417,1968,False
2020-12-29 00:00:00+00:00,60.31,60.33,59.11,59.54,364489.0,59.556,2717,False
2020-12-30 00:00:00+00:00,59.94,60.7,59.68,60.03,302838.0,60.046,2204,False
2020-12-31 00:00:00+00:00,60.39,60.43,59.5,59.95,244020.0,60.132,1493,False
2021-01-04 00:00:00+00:00,60.7,60.7,57.98,59.04,636590.0,59.117,4262,False
2021-01-05 00:00:00+00:00,59.3,60.51,58.82,59.79,364016.0,59.803,2724,False
2021-01-06 00:00:00+00:00,60.93,66.38,60.88,65.93,1020189.0,65.371,7371,False
2021-01-07 00:00:00+00:00,66.63,68.39,66.32,67.42,963326.0,67.568,5307,False
2021-01-08 00:00:00+00:00,68.37,68.44,65.67,66.48,505624.0,66.75,3931,False
2021-01-11 00:00:00+00:00,65.76,68.77,65.25,68.67,327322.0,68.211,2085,False
2021-01-12 00:00:00+00:00,69.1,72.28,69.0,70.0,770586.0,70.321,3752,False
2021-01-13 00:00:00+00:00,69.47,70.02,68.23,69.78,313977.0,69.374,2266,False
2021-01-14 00:00:00+00:00,70.45,72.48,69.75,72.43,371759.0,71.797,2718,False
2021-01-15 00:00:00+00:00,70.76,72.25,70.22,70.32,455808.0,71.011,3177,False
2021-01-19 00:00:00+00:00,70.98,71.34,69.81,70.66,345544.0,70.297,2635,False
2021-01-20 00:00:00+00:00,70.59,71.6,69.84,71.31,432909.0,71.089,2868,False
2021-01-21 00:00:00+00:00,71.19,71.19,68.38,69.38,731272.0,69.518,4680,False
2021-01-22 00:00:00+00:00,70.87,73.59,69.5,71.19,923160.0,70.827,6415,False
2021-01-25 00:00:00+00:00,70.48,71.01,68.23,70.93,775965.0,69.687,5647,False
2021-01-26 00:00:00+00:00,71.39,71.58,69.33,69.54,467542.0,70.361,3393,False
2021-01-27 00:00:00+00:00,67.86,69.29,67.33,68.74,533037.0,68.568,4188,False
2021-01-28 00:00:00+00:00,70.15,70.65,68.94,69.19,398325.0,69.521,2860,False
2021-01-29 00:00:00+00:00,69.36,70.83,67.59,68.18,359813.0,69.107,2891,False
2021-02-01 00:00:00+00:00,68.73,70.45,67.91,70.38,280458.0,69.439,2130,False
2021-02-02 00:00:00+00:00,71.2,73.09,70.7,72.37,367402.0,72.275,2450,False
2021-02-03 00:00:00+00:00,72.08,72.95,70.69,72.29,274938.0,71.764,2136,False
2021-02-04 00:00:00+00:00,72.67,75.08,72.52,73.4,451332.0,73.763,3247,False
2021-02-05 00:00:00+00:00,73.97,74.91,72.8,73.87,359447.0,73.891,2535,False
2021-02-08 00:00:00+00:00,74.12,75.9,73.87,75.89,341391.0,75.26,2743,False
2021-02-09 00:00:00+00:00,75.31,76.78,75.06,76.44,443873.0,76.068,2832,False
2021-02-10 00:00:00+00:00,76.84,78.38,75.37,76.88,580823.0,76.872,3796,False
2021-02-11 00:00:00+00:00,76.88,77.92,76.2,77.23,671250.0,77.07,3173,False
2021-02-12 00:00:00+00:00,77.25,79.89,76.91,78.2,593219.0,78.522,3783,False
2021-02-16 00:00:00+00:00,79.38,80.99,78.74,80.53,461075.0,80.337,3552,False
2021-02-17 00:00:00+00:00,82.14,83.15,80.83,82.92,1020786.0,82.088,5673,False
2021-02-18 00:00:00+00:00,81.91,83.44,81.4,82.75,657695.0,82.434,4285,False
2021-02-19 00:00:00+00:00,83.57,88.11,83.41,88.07,836937.0,86.582,5583,False
2021-02-22 00:00:00+00:00,88.09,93.53,87.51,92.18,1026761.0,91.55,5762,False
2021-02-23 00:00:00+00:00,92.61,94.39,90.01,93.56,1137975.0,92.298,6529,False
2021-02-24 00:00:00+00:00,94.21,97.77,93.97,97.61,1054173.0,96.798,5685,False
2021-02-25 00:00:00+00:00,98.91,99.39,94.15,94.18,817285.0,95.462,4578,False
2021-02-26 00:00:00+00:00,93.24,93.94,89.63,91.51,430991.0,92.015,3152,False
2021-03-01 00:00:00+00:00,94.03,96.37,92.62,95.66,764055.0,95.35,3818,False
2021-03-02 00:00:00+00:00,94.28,94.99,91.88,93.19,774252.0,93.707,3309,False
2021-03-03 00:00:00+00:00,94.11,96.39,93.0,93.25,659995.0,94.632,4337,False
2021-03-04 00:00:00+00:00,92.47,94.82,90.32,93.27,806600.0,92.769,4973,False
2021-03-05 00:00:00+00:00,95.34,96.45,91.43,96.19,836938.0,94.008,5739,False
2021-03-08 00:00:00+00:00,97.25,100.0,96.65,96.92,785556.0,97.977,5637,False
2021-03-09 00:00:00+00:00,95.25,96.0,92.13,94.36,517502.0,94.712,4054,False
2021-03-10 00:00:00+00:00,94.07,96.89,94.07,95.44,618466.0,95.23,4138,False
2021-03-11 00:00:00+00:00,95.53,97.37,94.48,96.92,357141.0,96.517,2750,False
2021-03-12 00:00:00+00:00,98.51,99.1,97.39,98.68,363345.0,98.269,2711,False
2021-03-15 00:00:00+00:00,98.99,99.53,95.51,98.84,401285.0,97.289,2952,False
2021-03-16 00:00:00+00:00,97.98,98.9,96.02,97.02,320364.0,97.212,2618,False
2021-03-17 00:00:00+00:00,98.0,99.21,96.4,98.0,239858.0,97.644,1993,False
2021-03-18 00:00:00+00:00,99.69,103.34,97.9,98.7,401673.0,101.02,3060,False
2021-03-19 00:00:00+00:00,95.89,100.98,93.97,99.65,744176.0,98.696,5143,False
2021-03-22 00:00:00+00:00,98.98,99.06,95.5,96.24,388477.0,96.488,2932,False
2021-03-23 00:00:00+00:00,94.82,95.8,91.52,92.2,446402.0,93.466,3206,False
2021-03-24 00:00:00+00:00,93.69,95.92,91.49,91.5,493926.0,93.571,3775,False
2021-03-25 00:00:00+00:00,90.84,95.17,90.3,94.7,344738.0,92.858,2766,False
2021-03-26 00:00:00+00:00,96.35,97.86,94.42,96.1,270158.0,95.972,2108,False
2021-03-29 00:00:00+00:00,94.53,95.48,90.73,93.57,681900.0,93.311,5171,False
2021-03-30 00:00:00+00:00,94.88,97.17,94.69,96.77,336048.0,96.158,2573,False
2021-03-31 00:00:00+00:00,96.67,97.81,94.42,94.44,513469.0,95.222,3420,False
2021-04-01 00:00:00+00:00,94.47,94.9,93.06,94.37,678415.0,93.99,4852,False
2021-04-05 00:00:00+00:00,95.5,96.34,92.44,93.09,521716.0,93.204,3364,False
2021-04-06 00:00:00+00:00,93.18,94.2,91.82,92.49,413628.0,92.704,3307,False
2021-04-07 00:00:00+00:00,92.85,93.2,91.57,92.07,302318.0,92.338,1953,False
2021-04-08 00:00:00+00:00,91.16,92.51,89.9,92.03,294325.0,91.672,2126,False
2021-04-09 00:00:00+00:00,93.3,93.3,91.75,93.1,283148.0,92.489,1821,False
2021-04-12 00:00:00+00:00,93.74,94.76,92.61,93.36,250346.0,93.399,1811,False
2021-04-13 00:00:00+00:00,92.06,93.18,90.63,92.44,611012.0,91.891,3657,False
2021-04-14 00:00:00+00:00,92.44,95.62,92.38,94.04,305593.0,94.469,2505,False
2021-04-15 00:00:00+00:00,94.04,94.2,91.08,92.94,370046.0,92.424,2973,False
2021-04-16 00:00:00+00:00,92.5,101.17,92.17,100.26,1302539.0,98.173,8689,False
2021-04-19 00:00:00+00:00,101.93,104.85,101.5,102.14,874007.0,102.964,6245,False
2021-04-20 00:00:00+00:00,101.32,101.8,95.67,96.92,648387.0,97.388,5175,False
2021-04-21 00:00:00+00:00,97.08,101.09,96.72,101.08,475048.0,99.767,3403,False
2021-04-22 00:00:00+00:00,100.97,101.99,99.21,100.39,452187.0,100.879,2829,False
2021-04-23 00:00:00+00:00,100.67,107.94,100.07,106.73,443691.0,106.133,3310,False
2021-04-26 00:00:00+00:00,107.79,109.84,106.9,107.52,346984.0,107.698,2484,False
2021-04-27 00:00:00+00:00,107.77,108.31,106.73,108.02,272565.0,107.686,1984,False
2021-04-28 00:00:00+00:00,107.84,108.44,106.0,106.2,460169.0,106.869,3638,False
2021-04-29 00:00:00+00:00,107.67,108.29,105.34,106.69,395258.0,106.857,2768,False
2021-04-30 00:00:00+00:00,105.8,107.35,104.52,105.07,368746.0,105.417,2782,False
2021-05-03 00:00:00+00:00,106.67,107.84,104.73,105.79,329741.0,106.202,2297,False
2021-05-04 00:00:00+00:00,104.99,107.57,103.63,107.16,300179.0,105.968,1913,False
2021-05-05 00:00:00+00:00,107.71,108.88,105.99,107.83,159272.0,107.742,1226,False
2021-05-06 00:00:00+00:00,108.25,108.5,103.49,105.77,522444.0,104.857,4207,False
2021-05-07 00:00:00+00:00,103.26,107.05,101.9,106.7,400995.0,105.617,2983,False
2021-05-10 00:00:00+00:00,107.55,108.91,104.92,104.98,244170.0,106.353,1855,False
2021-05-11 00:00:00+00:00,103.65,106.04,103.0,103.45,381488.0,104.024,2932,False
2021-05-12 00:00:00+00:00,105.36,105.67,99.64,100.14,329313.0,102.41,2659,False
2021-05-13 00:00:00+00:00,99.55,103.43,99.55,102.94,265991.0,102.227,2124,False
2021-05-14 00:00:00+00:00,103.0,104.69,101.46,104.47,349637.0,103.371,2781,False
2021-05-17 00:00:00+00:00,104.0,104.76,102.4,103.98,314266.0,103.558,2238,False
2021-05-18 00:00:00+00:00,104.14,104.31,100.82,100.93,466213.0,102.155,3591,False
2021-05-19 00:00:00+00:00,99.01,99.01,96.02,97.47,646777.0,97.061,4325,False
2021-05-20 00:00:00+00:00,96.94,98.61,95.16,98.32,382517.0,97.706,2242,False
2021-05-21 00:00:00+00:00,99.37,100.64,97.64,98.67,413487.0,98.668,3027,False
2021-05-24 00:00:00+00:00,98.9,99.24,97.72,98.54,324783.0,98.56,2481,False
2021-05-25 00:00:00+00:00,98.71,100.42,95.71,96.0,302923.0,97.718,2379,False
2021-05-26 00:00:00+00:00,96.44,98.05,95.62,97.9,282549.0,97.408,2204,False
2021-05-27 00:00:00+00:00,99.8,100.51,98.24,99.57,368131.0,99.29,2772,False
2021-05-28 00:00:00+00:00,99.89,100.24,97.96,100.01,209258.0,99.619,1437,False
2021-06-01 00:00:00+00:00,101.09,102.71,100.75,102.57,355521.0,102.124,2679,False
2021-06-02 00:00:00+00:00,103.03,103.48,101.5,102.33,632670.0,102.567,4198,False
2021-06-03 00:00:00+00:00,102.01,103.33,101.07,101.78,363034.0,102.323,2665,False
2021-06-04 00:00:00+00:00,101.42,102.38,99.7,102.26,1168322.0,100.878,3760,False
2021-06-07 00:00:00+00:00,102.74,103.92,102.63,103.46,303760.0,103.252,2300,False
2021-06-08 00:00:00+00:00,102.33,103.6,101.1,102.7,451428.0,102.284,3142,False
2021-06-09 00:00:00+00:00,102.89,103.18,99.63,101.72,646079.0,101.658,3942,False
2021-06-10 00:00:00+00:00,103.04,103.53,98.0,98.02,384427.0,99.04,2818,False
2021-06-11 00:00:00+00:00,98.42,99.7,96.82,97.23,448283.0,97.618,3619,False
2021-06-14 00:00:00+00:00,97.09,97.99,94.13,94.88,392475.0,95.191,2836,False
2021-06-15 00:00:00+00:00,94.4,97.76,94.19,96.32,356977.0,96.044,2535,False
2021-06-16 00:00:00+00:00,95.5,98.16,93.85,97.36,515861.0,96.662,3075,False
2021-06-17 00:00:00+00:00,98.19,98.23,90.69,90.9,657765.0,93.081,3651,False
2021-06-18 00:00:00+00:00,89.4,90.64,87.77,89.16,545254.0,89.496,4162,False
2021-06-21 00:00:00+00:00,90.74,94.76,90.28,94.47,460025.0,93.364,3542,False
2021-06-22 00:00:00+00:00,94.29,96.12,92.23,95.11,377594.0,94.975,3038,False
2021-06-23 00:00:00+00:00,95.3,96.57,94.88,95.39,189014.0,95.621,1519,False
2021-06-24 00:00:00+00:00,96.14,96.32,93.23,94.66,557432.0,95.035,4132,False
2021-06-25 00:00:00+00:00,94.99,95.81,94.03,95.21,746789.0,95.023,5341,False
2021-06-28 00:00:00+00:00,95.21,95.21,91.88,92.28,481958.0,92.641,3512,False
2021-06-29 00:00:00+00:00,93.17,94.17,91.5,92.35,440185.0,92.65,3103,False
2021-06-30 00:00:00+00:00,91.96,93.14,91.32,92.85,316252.0,92.736,2565,False
2021-07-01 00:00:00+00:00,93.6,96.1,93.02,95.35,402985.0,95.237,2871,False
2021-07-02 00:00:00+00:00,95.27,96.09,94.43,95.61,448987.0,95.559,3462,False
2021-07-06 00:00:00+00:00,94.97,96.14,91.59,92.59,319650.0,92.672,2490,False
2021-07-07 00:00:00+00:00,91.61,93.86,91.53,93.47,355791.0,93.073,2693,False
2021-07-08 00:00:00+00:00,91.62,93.16,89.74,91.52,430073.0,91.599,3058,False
2021-07-09 00:00:00+00:00,93.9,97.75,92.67,97.52,387637.0,96.452,2604,False
2021-07-12 00:00:00+00:00,96.54,99.28,95.55,98.58,447130.0,98.276,3424,False
2021-07-13 00:00:00+00:00,98.39,98.39,95.41,96.38,384911.0,96.336,2921,False
2021-07-14 00:00:00+00:00,96.67,98.16,94.46,96.22,480331.0,96.1,3209,False
2021-07-15 00:00:00+00:00,95.0,97.95,94.72,97.57,535754.0,96.85,3386,False
2021-07-16 00:00:00+00:00,98.5,101.0,94.25,94.36,907209.0,97.394,6845,False
2021-07-19 00:00:00+00:00,92.19,93.13,89.69,90.02,671789.0,90.802,5068,False
2021-07-20 00:00:00+00:00,89.9,97.03,89.9,94.52,582889.0,94.541,4240,False
2021-07-21 00:00:00+00:00,95.79,97.71,95.68,96.2,258587.0,96.545,2134,False
2021-07-22 00:00:00+00:00,95.71,96.22,94.04,94.53,212346.0,94.811,1658,False
2021-07-23 00:00:00+00:00,95.69,97.04,94.61,95.55,157383.0,95.264,1264,False
2021-07-26 00:00:00+00:00,95.83,97.84,94.15,95.29,293625.0,95.123,2230,False
2021-07-27 00:00:00+00:00,93.8,94.7,92.75,93.64,330041.0,93.518,2491,False
2021-07-28 00:00:00+00:00,94.44,95.81,92.46,94.29,335297.0,94.761,2219,False
2021-07-29 00:00:00+00:00,95.46,96.08,93.93,94.87,247838.0,95.228,1724,False
2021-07-30 00:00:00+00:00,94.54,96.2,92.6,92.82,304210.0,93.5,2315,False
2021-08-02 00:00:00+00:00,93.48,96.72,91.72,92.07,476295.0,93.156,2975,False
2021-08-03 00:00:00+00:00,92.43,93.84,90.09,93.56,304293.0,92.86,2186,False
2021-08-04 00:00:00+00:00,91.63,94.27,91.18,92.81,239528.0,93.251,1624,False
2021-08-05 00:00:00+00:00,93.8,97.2,93.27,97.16,394361.0,95.88,2328,False
2021-08-06 00:00:00+00:00,98.78,101.2,97.71,100.22,273562.0,99.875,2063,False
2021-08-09 00:00:00+00:00,99.76,102.22,98.52,100.03,245526.0,100.797,2007,False
2021-08-10 00:00:00+00:00,99.75,100.98,98.23,100.81,298832.0,99.953,2044,False
2021-08-11 00:00:00+00:00,101.39,102.52,100.02,102.51,284909.0,101.565,2182,False
2021-08-12 00:00:00+00:00,102.14,102.97,100.73,101.11,227140.0,101.44,1802,False
2021-08-13 00:00:00+00:00,101.28,101.75,99.55,99.88,201193.0,100.239,1495,False
2021-08-16 00:00:00+00:00,98.39,100.1,97.72,98.96,255957.0,98.967,2126,False
2021-08-17 00:00:00+00:00,98.43,98.56,94.93,96.17,346185.0,96.369,2817,False
2021-08-18 00:00:00+00:00,95.0,97.41,94.57,94.78,399295.0,95.994,2613,False
2021-08-19 00:00:00+00:00,93.66,95.01,91.5,92.98,583430.0,92.795,3725,False
2021-08-20 00:00:00+00:00,92.72,95.26,92.72,95.09,305827.0,94.166,1995,False
2021-08-23 00:00:00+00:00,96.02,97.0,95.14,96.2,295175.0,95.861,2209,False
2021-08-24 00:00:00+00:00,96.74,98.46,96.6,97.7,263480.0,97.624,1958,False
2021-08-25 00:00:00+00:00,98.32,99.48,97.02,98.06,508982.0,98.584,3101,False
2021-08-26 00:00:00+00:00,98.51,98.98,96.3,96.37,270410.0,97.2,1798,False
2021-08-27 00:00:00+00:00,96.66,100.47,96.66,99.91,236973.0,99.625,1681,False
2021-08-30 00:00:00+00:00,100.07,100.79,97.14,97.18,239530.0,98.053,1909,False
2021-08-31 00:00:00+00:00,97.33,98.57,96.57,97.56,174827.0,97.662,1432,False
2021-09-01 00:00:00+00:00,98.07,98.07,96.28,96.6,238712.0,96.952,1907,False
2021-09-02 00:00:00+00:00,96.98,99.2,96.14,97.82,265856.0,97.785,1725,False
2021-09-03 00:00:00+00:00,97.97,98.93,97.18,97.51,161697.0,97.755,1155,False
2021-09-07 00:00:00+00:00,97.94,99.77,97.04,97.1,228102.0,98.12,1816,False
2021-09-08 00:00:00+00:00,96.34,97.33,94.95,95.21,322356.0,95.702,2263,False
2021-09-09 00:00:00+00:00,94.82,97.95,94.55,97.09,335728.0,96.962,2481,False
2021-09-10 00:00:00+00:00,98.3,98.3,95.69,95.91,284052.0,96.445,2276,False
2021-09-13 00:00:00+00:00,96.96,99.62,96.37,99.48,401659.0,98.727,3038,False
2021-09-14 00:00:00+00:00,99.96,101.18,97.31,97.86,525050.0,98.277,3678,False
2021-09-15 00:00:00+00:00,98.28,100.88,97.44,99.61,332778.0,99.897,2508,False
2021-09-16 00:00:00+00:00,100.31,101.03,99.0,99.01,305488.0,99.747,2459,False
2021-09-17 00:00:00+00:00,98.73,99.54,97.3,98.36,187826.0,98.202,1507,False
2021-09-20 00:00:00+00:00,96.86,96.86,94.18,95.89,345193.0,95.28,2700,False
2021-09-21 00:00:00+00:00,96.5,98.38,94.53,96.5,269933.0,96.381,2219,False
2021-09-22 00:00:00+00:00,97.7,98.88,97.05,97.08,224983.0,97.761,1871,False
2021-09-23 00:00:00+00:00,98.05,102.29,97.68,101.95,283019.0,101.333,2045,False
2021-09-24 00:00:00+00:00,101.13,103.43,100.87,103.07,291835.0,102.726,1849,False
2021-09-27 00:00:00+00:00,104.38,107.24,103.78,107.07,358295.0,106.542,2434,False
2021-09-28 00:00:00+00:00,108.0,108.93,106.5,107.14,423421.0,107.517,3288,False
2021-09-29 00:00:00+00:00,107.51,109.45,106.06,108.74,368469.0,108.715,2605,False
2021-09-30 00:00:00+00:00,109.7,110.51,108.33,108.82,478128.0,109.229,3548,False
2021-10-01 00:00:00+00:00,109.03,110.72,107.41,110.44,435280.0,109.153,2506,False
2021-10-04 00:00:00+00:00,110.44,111.96,107.35,108.11,553102.0,108.844,3779,False
2021-10-05 00:00:00+00:00,109.48,110.64,107.45,109.73,481357.0,109.485,3567,False
2021-10-06 00:00:00+00:00,108.74,109.26,104.56,108.13,430366.0,107.399,3039,False
2021-10-07 00:00:00+00:00,109.51,112.28,108.3,111.37,344689.0,111.171,2324,False
2021-10-08 00:00:00+00:00,111.14,112.47,110.39,112.35,328986.0,111.769,2451,False
2021-10-11 00:00:00+00:00,113.21,114.28,111.2,111.38,411230.0,112.465,2800,False
2021-10-12 00:00:00+00:00,110.98,112.42,110.28,111.68,146861.0,111.423,1165,False
2021-10-13 00:00:00+00:00,111.36,112.62,108.83,111.56,256854.0,111.435,1959,False
2021-10-14 00:00:00+00:00,113.19,113.82,111.2,113.73,220427.0,112.672,1691,False
2021-10-15 00:00:00+00:00,115.0,116.49,114.1,114.38,521995.0,115.513,2270,False
2021-10-18 00:00:00+00:00,116.43,120.0,115.3,116.63,668411.0,116.555,3955,False
2021-10-19 00:00:00+00:00,116.86,117.78,116.14,117.48,486953.0,117.212,3580,False
2021-10-20 00:00:00+00:00,117.33,119.4,116.89,119.03,413284.0,118.9,2808,False
2021-10-21 00:00:00+00:00,119.0,119.88,117.19,119.24,391520.0,118.429,2824,False
2021-10-22 00:00:00+00:00,114.05,124.88,114.04,122.02,691321.0,121.919,4650,False
2021-10-25 00:00:00+00:00,123.38,123.95,117.27,118.54,783488.0,119.032,5288,False
2021-10-26 00:00:00+00:00,119.04,121.39,117.75,118.52,380380.0,119.199,2826,False
2021-10-27 00:00:00+00:00,117.52,118.39,113.92,114.25,379752.0,115.495,2508,False
2021-10-28 00:00:00+00:00,114.46,116.14,114.25,116.13,403750.0,115.274,2667,False
2021-10-29 00:00:00+00:00,116.37,117.77,115.22,116.09,406788.0,116.813,2245,False
2021-11-01 00:00:00+00:00,117.03,119.99,117.03,119.98,420604.0,118.74,3190,False
2021-11-02 00:00:00+00:00,119.9,121.1,118.14,118.98,314172.0,119.157,2553,False
2021-11-03 00:00:00+00:00,118.54,123.07,118.05,122.78,343962.0,122.032,2509,False
2021-11-04 00:00:00+00:00,121.87,122.72,117.13,118.46,384305.0,118.574,2963,False
2021-11-05 00:00:00+00:00,119.14,120.95,116.86,117.4,654214.0,117.849,4637,False
2021-11-08 00:00:00+00:00,118.04,119.6,117.25,117.66,222443.0,118.016,1507,False
2021-11-09 00:00:00+00:00,116.58,120.13,115.74,120.02,258996.0,118.987,1928,False
2021-11-10 00:00:00+00:00,119.88,121.58,119.02,119.58,327356.0,120.07,2268,False
2021-11-11 00:00:00+00:00,119.96,120.84,117.71,117.8,189221.0,118.457,1538,False
2021-11-12 00:00:00+00:00,117.89,118.7,116.86,118.13,272572.0,117.896,2100,False
2021-11-15 00:00:00+00:00,118.73,119.5,117.41,118.1,205814.0,118.293,1599,False
2021-11-16 00:00:00+00:00,117.66,119.38,117.15,117.76,150227.0,118.237,1142,False
2021-11-17 00:00:00+00:00,117.64,117.64,114.76,117.07,214922.0,116.26,1583,False
2021-11-18 00:00:00+00:00,117.06,117.74,114.28,114.85,315071.0,114.992,2353,False
2021-11-19 00:00:00+00:00,113.45,114.76,111.91,114.41,476451.0,113.766,3123,False
2021-11-22 00:00:00+00:00,115.8,117.89,115.05,116.36,343376.0,116.613,2536,False
2021-11-23 00:00:00+00:00,116.93,119.59,116.04,119.58,439583.0,118.19,3216,False
2021-11-24 00:00:00+00:00,119.2,119.83,117.58,118.23,255020.0,118.541,1976,False
2021-11-26 00:00:00+00:00,112.54,113.33,110.23,112.15,311404.0,111.925,2065,False
2021-11-29 00:00:00+00:00,114.07,114.55,111.08,112.14,266439.0,112.84,1865,False
2021-11-30 00:00:00+00:00,110.64,111.33,108.83,109.78,512251.0,109.893,3796,False
2021-12-01 00:00:00+00:00,112.51,114.8,108.33,108.62,521246.0,111.414,3661,False
2021-12-02 00:00:00+00:00,109.84,111.82,108.57,111.51,497041.0,110.907,4130,False
2021-12-03 00:00:00+00:00,111.74,112.08,104.93,105.55,935369.0,107.737,6792,False
2021-12-06 00:00:00+00:00,107.55,110.76,106.37,108.43,583071.0,109.141,4401,False
2021-12-07 00:00:00+00:00,109.56,111.41,108.96,110.05,640273.0,110.119,4589,False
2021-12-08 00:00:00+00:00,110.18,111.27,108.31,109.52,465735.0,109.617,3655,False
2021-12-09 00:00:00+00:00,108.67,109.01,107.12,107.56,549697.0,107.977,4264,False
2021-12-10 00:00:00+00:00,108.01,108.63,105.11,107.09,611854.0,106.363,3432,False
2021-12-13 00:00:00+00:00,106.88,106.88,103.52,104.82,552580.0,104.969,4385,False
2021-12-14 00:00:00+00:00,105.24,108.45,105.04,105.26,635375.0,106.424,4315,False
2021-12-15 00:00:00+00:00,105.73,106.85,103.8,106.27,438739.0,105.454,3162,False
2021-12-16 00:00:00+00:00,107.88,107.88,104.33,104.79,630779.0,105.666,4579,False
2021-12-17 00:00:00+00:00,104.03,104.39,99.88,101.37,900424.0,102.177,6169,False
2021-12-20 00:00:00+00:00,99.6,99.9,96.82,98.78,589845.0,98.353,3013,False
2021-12-21 00:00:00+00:00,100.36,103.54,99.74,103.22,587651.0,102.228,3586,False
2021-12-22 00:00:00+00:00,102.8,104.94,102.64,104.67,218856.0,104.206,1698,False
2021-12-23 00:00:00+00:00,105.83,106.9,105.45,105.71,344390.0,106.169,2299,False
2021-12-27 00:00:00+00:00,106.24,107.68,105.32,107.55,169934.0,106.962,1188,False
2021-12-28 00:00:00+00:00,107.04,108.71,106.84,107.61,179287.0,107.74,1196,False
2021-12-29 00:00:00+00:00,107.6,108.92,107.0,108.04,189866.0,108.262,1472,False
2021-12-30 00:00:00+00:00,108.81,109.9,107.71,107.79,213716.0,108.87,1619,False
2021-12-31 00:00:00+00:00,107.42,108.55,107.19,107.65,143586.0,107.895,1011,False
2022-01-03 00:00:00+00:00,108.26,110.45,108.26,109.52,324879.0,109.152,2432,False
2022-01-04 00:00:00+00:00,111.14,115.78,110.7,115.2,415788.0,114.435,3137,False
2022-01-05 00:00:00+00:00,115.3,118.22,114.85,115.96,888433.0,117.089,6210,False
2022-01-06 00:00:00+00:00,117.51,122.68,115.5,121.6,839723.0,120.376,5760,False
2022-01-07 00:00:00+00:00,121.52,123.18,118.26,119.23,511820.0,120.02,3779,False
2022-01-10 00:00:00+00:00,119.94,120.51,114.56,117.08,445544.0,116.877,3350,False
2022-01-11 00:00:00+00:00,117.5,121.84,115.63,121.79,761493.0,119.802,3983,False
2022-01-12 00:00:00+00:00,122.0,124.93,120.79,122.04,609591.0,122.507,3798,False
2022-01-13 00:00:00+00:00,122.04,124.04,121.66,122.13,424327.0,122.504,2725,False
2022-01-14 00:00:00+00:00,119.32,122.43,119.27,122.35,324745.0,121.768,1990,False
2022-01-18 00:00:00+00:00,122.04,122.34,118.42,118.94,405255.0,120.051,2593,False
2022-01-19 00:00:00+00:00,119.48,119.48,113.25,113.4,554068.0,114.915,2892,False
2022-01-20 00:00:00+00:00,113.51,116.71,112.37,112.9,428243.0,114.732,2847,False
2022-01-21 00:00:00+00:00,111.64,113.87,110.27,110.56,665750.0,111.327,4262,False
2022-01-24 00:00:00+00:00,107.49,111.32,105.63,110.98,548708.0,108.561,3698,False
2022-01-25 00:00:00+00:00,109.81,111.67,107.5,110.63,487449.0,110.158,3036,False
2022-01-26 00:00:00+00:00,111.65,113.38,108.25,109.74,584967.0,111.458,3940,False
2022-01-27 00:00:00+00:00,111.34,113.47,105.79,107.03,551267.0,108.466,3666,False
2022-01-28 00:00:00+00:00,105.0,105.0,93.68,95.2,2668317.0,96.943,17020,False
2022-01-31 00:00:00+00:00,94.12,99.55,93.42,99.19,1447417.0,97.479,10460,False
2022-02-01 00:00:00+00:00,99.97,100.65,97.82,99.55,801045.0,99.455,6090,False
2022-02-02 00:00:00+00:00,99.06,99.66,96.74,98.8,641408.0,98.571,4686,False
2022-02-03 00:00:00+00:00,98.98,99.57,95.64,96.06,667199.0,97.044,4746,False
2022-02-04 00:00:00+00:00,96.38,98.95,95.05,97.91,530851.0,97.083,3902,False
2022-02-07 00:00:00+00:00,98.23,100.56,97.02,99.36,397757.0,99.477,3030,False
2022-02-08 00:00:00+00:00,100.77,102.47,99.7,102.39,434357.0,101.405,3224,False
2022-02-09 00:00:00+00:00,102.44,102.75,100.21,101.48,354079.0,101.518,2504,False
2022-02-10 00:00:00+00:00,101.0,102.97,98.0,98.74,795807.0,100.334,5802,False
2022-02-11 00:00:00+00:00,98.19,100.91,95.83,97.06,809175.0,98.241,5818,False
2022-02-14 00:00:00+00:00,97.26,98.45,94.49,94.79,881548.0,95.534,6349,False
2022-02-15 00:00:00+00:00,96.22,98.25,95.5,98.04,538579.0,97.413,3987,False
2022-02-16 00:00:00+00:00,97.08,99.47,97.08,98.23,462545.0,98.426,3447,False
2022-02-17 00:00:00+00:00,97.25,98.31,93.47,93.59,530219.0,94.466,3774,False
2022-02-18 00:00:00+00:00,93.67,94.63,92.69,93.08,478593.0,93.635,3407,False
2022-02-22 00:00:00+00:00,92.73,93.18,91.18,91.61,645588.0,92.078,4097,False
2022-02-23 00:00:00+00:00,92.92,93.03,89.02,89.37,500384.0,90.385,3704,False
2022-02-24 00:00:00+00:00,85.37,90.7,84.71,90.2,865339.0,87.605,5820,False
2022-02-25 00:00:00+00:00,90.97,94.55,90.97,94.3,440168.0,93.435,3248,False
2022-02-28 00:00:00+00:00,91.45,94.57,91.45,93.74,564857.0,93.44,4353,False
2022-03-01 00:00:00+00:00,92.21,93.16,87.37,88.86,758604.0,88.959,6033,False
2022-03-02 00:00:00+00:00,89.55,93.49,89.47,92.45,820499.0,92.295,5064,False
2022-03-03 00:00:00+00:00,92.68,93.09,88.65,89.93,679249.0,90.05,5352,False
2022-03-04 00:00:00+00:00,87.69,88.32,83.04,84.82,889683.0,84.811,6360,False
2022-03-07 00:00:00+00:00,84.69,84.83,77.18,77.48,1069751.0,79.298,7406,False
2022-03-08 00:00:00+00:00,78.98,81.82,76.16,79.43,1029215.0,79.175,6564,False
2022-03-09 00:00:00+00:00,83.63,85.9,83.4,84.67,656023.0,84.96,4752,False
2022-03-10 00:00:00+00:00,82.71,86.32,82.67,84.79,556531.0,84.85,4399,False
2022-03-11 00:00:00+00:00,85.48,86.5,83.0,83.04,376522.0,84.523,2878,False
2022-03-14 00:00:00+00:00,84.1,86.11,81.43,82.0,374466.0,83.021,2838,False
2022-03-15 00:00:00+00:00,82.68,83.77,80.85,82.72,392051.0,82.121,3044,False
2022-03-16 00:00:00+00:00,84.3,88.0,83.88,86.8,538955.0,86.213,3888,False
2022-03-17 00:00:00+00:00,84.89,86.88,84.38,86.38,431949.0,85.967,2739,False
2022-03-18 00:00:00+00:00,86.58,88.62,84.83,87.61,652101.0,87.401,4028,False
2022-03-21 00:00:00+00:00,88.3,88.9,85.12,86.25,538277.0,86.289,4150,False
2022-03-22 00:00:00+00:00,87.7,89.26,87.5,88.03,396252.0,88.233,3196,False
2022-03-23 00:00:00+00:00,86.63,87.52,85.7,85.87,770022.0,86.493,5793,False
2022-03-24 00:00:00+00:00,87.37,87.37,84.97,85.83,529919.0,85.674,3829,False
2022-03-25 00:00:00+00:00,85.95,86.92,85.56,86.68,313291.0,86.359,2444,False
2022-03-28 00:00:00+00:00,86.02,86.02,83.32,85.8,375556.0,84.542,2935,False
2022-03-29 00:00:00+00:00,87.94,88.0,85.75,87.03,478629.0,87.045,3681,False
2022-03-30 00:00:00+00:00,87.0,87.25,83.8,84.89,730560.0,85.034,5711,False
2022-03-31 00:00:00+00:00,84.76,85.3,82.82,82.82,421695.0,83.741,3315,False
2022-04-01 00:00:00+00:00,84.14,84.76,79.98,80.73,418409.0,81.271,3141,False
2022-04-04 00:00:00+00:00,80.66,81.73,79.41,80.44,577692.0,80.758,4554,False
2022-04-05 00:00:00+00:00,80.02,80.96,77.95,78.14,515487.0,79.229,3564,False
2022-04-06 00:00:00+00:00,77.26,77.86,75.2,76.12,861732.0,75.985,6378,False
2022-04-07 00:00:00+00:00,76.39,76.77,73.31,75.1,787899.0,74.712,6096,False
2022-04-08 00:00:00+00:00,75.28,77.11,74.63,74.98,637935.0,75.642,4905,False
2022-04-11 00:00:00+00:00,74.44,78.18,74.37,76.44,660923.0,77.049,5050,False
2022-04-12 00:00:00+00:00,76.45,78.37,74.67,75.28,323061.0,75.93,2422,False
2022-04-13 00:00:00+00:00,74.39,76.84,74.16,76.75,350578.0,76.217,2688,False
2022-04-14 00:00:00+00:00,76.58,77.09,75.22,75.66,508725.0,76.088,3877,False
2022-04-18 00:00:00+00:00,75.1,75.82,74.06,74.86,688414.0,74.922,5118,False
2022-04-19 00:00:00+00:00,75.8,78.89,75.16,78.66,623756.0,77.526,3946,False
2022-04-20 00:00:00+00:00,79.57,81.25,78.7,78.76,641024.0,80.066,5113,False
2022-04-21 00:00:00+00:00,79.7,80.0,75.3,76.2,723359.0,76.729,5231,False
2022-04-22 00:00:00+00:00,74.56,79.86,73.58,78.03,1714819.0,77.57,12246,False
2022-04-25 00:00:00+00:00,77.9,80.68,77.11,80.2,678242.0,79.468,5373,False
2022-04-26 00:00:00+00:00,78.74,79.93,76.39,76.39,694530.0,77.731,5356,False
2022-04-27 00:00:00+00:00,75.8,78.51,75.78,76.98,653793.0,77.266,5229,False
2022-04-28 00:00:00+00:00,78.06,78.98,76.4,78.69,470620.0,78.06,3528,False
2022-04-29 00:00:00+00:00,79.04,79.53,75.74,76.11,355829.0,76.933,2641,False
2022-05-02 00:00:00+00:00,78.31,78.31,75.61,77.82,410902.0,77.323,3402,False
2022-05-03 00:00:00+00:00,78.2,80.35,77.66,79.69,403082.0,79.306,2947,False
2022-05-04 00:00:00+00:00,79.36,83.39,79.18,83.13,514521.0,81.53,3910,False
2022-05-05 00:00:00+00:00,81.55,81.81,78.49,80.25,333480.0,79.82,2433,False
2022-05-06 00:00:00+00:00,80.14,80.14,77.15,78.54,361284.0,78.188,2800,False
2022-05-09 00:00:00+00:00,77.25,78.14,75.63,76.14,378440.0,76.62,2765,False
2022-05-10 00:00:00+00:00,76.83,77.28,73.08,75.35,294147.0,74.967,2280,False
2022-05-11 00:00:00+00:00,76.04,77.42,73.18,73.28,318299.0,74.723,2449,False
2022-05-12 00:00:00+00:00,72.26,74.25,71.68,74.14,474914.0,73.349,3351,False
2022-05-13 00:00:00+00:00,75.28,77.37,75.14,76.07,290754.0,76.143,2205,False
2022-05-16 00:00:00+00:00,76.15,76.15,73.43,73.87,229283.0,74.116,1836,False
2022-05-17 00:00:00+00:00,76.14,77.67,75.69,77.31,255679.0,76.903,1962,False
2022-05-18 00:00:00+00:00,76.09,76.66,73.88,74.23,242764.0,74.659,1929,False
2022-05-19 00:00:00+00:00,73.31,75.54,72.96,74.35,316082.0,74.447,2424,False
2022-05-20 00:00:00+00:00,75.01,75.64,72.06,74.45,311756.0,73.569,2401,False
2022-05-23 00:00:00+00:00,76.15,77.64,74.77,76.69,328465.0,76.69,2480,False
2022-05-24 00:00:00+00:00,75.74,75.94,73.17,75.61,426976.0,74.745,3446,False
2022-05-25 00:00:00+00:00,74.69,78.73,74.69,78.03,320042.0,77.794,2524,False
2022-05-26 00:00:00+00:00,78.7,81.33,78.7,80.86,470862.0,80.619,3276,False
2022-05-27 00:00:00+00:00,80.98,82.32,80.28,82.1,527644.0,81.236,3053,False
2022-05-31 00:00:00+00:00,82.01,82.17,79.93,81.37,306420.0,81.281,2412,False
2022-06-01 00:00:00+00:00,81.79,82.1,78.38,79.6,201344.0,79.852,1543,False
2022-06-02 00:00:00+00:00,79.4,81.73,79.4,81.61,421425.0,80.708,3139,False
2022-06-03 00:00:00+00:00,80.66,81.29,80.02,80.94,411293.0,80.663,2639,False
2022-06-06 00:00:00+00:00,82.58,83.05,81.14,81.26,261789.0,81.734,2112,False
2022-06-07 00:00:00+00:00,80.08,83.22,79.94,83.18,467591.0,82.409,3531,False
2022-06-08 00:00:00+00:00,81.77,82.57,80.86,82.29,862014.0,81.834,5895,False
2022-06-09 00:00:00+00:00,81.48,82.04,78.9,79.06,676885.0,80.026,4742,False
2022-06-10 00:00:00+00:00,76.89,77.88,73.57,74.51,486523.0,74.71,3477,False
2022-06-13 00:00:00+00:00,72.18,73.63,71.43,71.92,472059.0,72.252,3437,False
2022-06-14 00:00:00+00:00,72.01,73.27,71.8,72.87,231190.0,72.615,1909,False
2022-06-15 00:00:00+00:00,73.18,74.63,72.16,72.86,403365.0,73.259,3139,False
2022-06-16 00:00:00+00:00,70.81,71.16,68.42,69.04,456007.0,69.169,3056,False
2022-06-17 00:00:00+00:00,69.39,70.49,69.0,69.81,519364.0,69.812,3946,False
2022-06-21 00:00:00+00:00,71.9,72.0,69.52,69.97,324368.0,70.252,2515,False
2022-06-22 00:00:00+00:00,68.97,71.29,68.97,70.99,525691.0,70.734,2789,False
2022-06-23 00:00:00+00:00,70.7,71.76,68.48,70.75,515729.0,70.309,2623,False
2022-06-24 00:00:00+00:00,71.37,74.59,71.26,74.45,441700.0,73.967,2833,False
2022-06-27 00:00:00+00:00,75.03,75.44,73.08,73.58,182997.0,73.853,1466,False
2022-06-28 00:00:00+00:00,74.54,75.24,73.37,73.48,433210.0,74.082,3370,False
2022-06-29 00:00:00+00:00,73.62,73.8,72.29,72.65,210421.0,72.709,1621,False
2022-06-30 00:00:00+00:00,70.76,71.85,69.03,70.6,388527.0,70.429,2629,False
2022-07-01 00:00:00+00:00,70.0,71.88,69.78,71.77,265105.0,70.978,2142,False
2022-07-05 00:00:00+00:00,70.38,73.23,69.32,73.13,419553.0,72.35,3008,False
2022-07-06 00:00:00+00:00,72.42,73.4,71.12,72.15,298261.0,71.959,2052,False
2022-07-07 00:00:00+00:00,72.44,73.77,72.31,73.74,299232.0,73.321,2451,False
2022-07-08 00:00:00+00:00,73.96,74.47,72.33,73.51,153634.0,73.671,1229,False
2022-07-11 00:00:00+00:00,72.87,73.12,71.8,72.33,195816.0,72.43,1499,False
2022-07-12 00:00:00+00:00,71.82,74.2,71.82,72.26,203085.0,72.884,1671,False
2022-07-13 00:00:00+00:00,71.29,71.34,69.93,70.98,207529.0,70.746,1650,False
2022-07-14 00:00:00+00:00,69.39,70.04,68.41,69.68,213534.0,69.426,1570,False
2022-07-15 00:00:00+00:00,70.83,73.29,70.39,72.94,199989.0,72.425,1510,False
2022-07-18 00:00:00+00:00,74.5,75.78,73.75,74.19,464260.0,74.696,3292,False
2022-07-19 00:00:00+00:00,75.38,76.97,75.3,76.42,279690.0,76.252,2101,False
2022-07-20 00:00:00+00:00,75.76,78.82,75.66,78.74,339571.0,77.878,2655,False
2022-07-21 00:00:00+00:00,78.36,78.92,76.86,77.73,770020.0,77.54,5614,False
2022-07-22 00:00:00+00:00,78.36,79.67,73.65,74.17,1206634.0,75.893,8772,False
2022-07-25 00:00:00+00:00,74.51,76.37,73.85,76.06,409627.0,75.623,3149,False
2022-07-26 00:00:00+00:00,74.83,75.46,72.92,72.93,394327.0,73.994,2988,False
2022-07-27 00:00:00+00:00,73.28,74.82,73.11,74.41,406227.0,74.028,2960,False
2022-07-28 00:00:00+00:00,74.0,76.26,72.92,76.1,408717.0,75.162,3009,False
2022-07-29 00:00:00+00:00,76.22,77.57,76.09,76.38,451563.0,76.797,3555,False
2022-08-01 00:00:00+00:00,75.93,76.39,74.34,76.12,385072.0,75.636,3049,False
2022-08-02 00:00:00+00:00,75.78,76.07,74.06,75.28,302577.0,75.278,2302,False
2022-08-03 00:00:00+00:00,76.01,77.35,75.24,76.41,252271.0,76.549,2057,False
2022-08-04 00:00:00+00:00,76.15,76.19,75.1,75.94,178878.0,75.755,1415,False
2022-08-05 00:00:00+00:00,75.54,77.7,75.2,77.18,219117.0,76.991,1742,False
2022-08-08 00:00:00+00:00,77.88,78.32,76.98,76.99,154863.0,77.549,1187,False
2022-08-09 00:00:00+00:00,77.38,77.38,76.2,77.27,192115.0,76.749,1503,False
2022-08-10 00:00:00+00:00,78.5,81.84,78.34,81.73,374759.0,81.114,2680,False
2022-08-11 00:00:00+00:00,82.49,84.04,82.28,83.85,408495.0,83.497,3296,False
2022-08-12 00:00:00+00:00,84.53,85.58,83.77,85.53,208078.0,85.01,1566,False
2022-08-15 00:00:00+00:00,84.58,85.4,84.03,85.39,224313.0,84.707,1530,False
2022-08-16 00:00:00+00:00,85.06,86.87,85.04,86.24,225129.0,86.098,1918,False
2022-08-17 00:00:00+00:00,85.12,86.37,84.51,86.15,490549.0,85.516,3774,False
2022-08-18 00:00:00+00:00,86.25,86.78,85.56,85.8,342105.0,86.153,2472,False
2022-08-19 00:00:00+00:00,84.98,84.98,82.53,82.92,222499.0,83.369,1700,False
2022-08-22 00:00:00+00:00,81.26,81.51,80.08,80.73,244037.0,80.921,1997,False
2022-08-23 00:00:00+00:00,80.84,81.75,80.61,81.14,182040.0,81.043,1418,False
2022-08-24 00:00:00+00:00,80.74,81.67,80.41,81.14,183451.0,81.09,1536,False
2022-08-25 00:00:00+00:00,81.2,82.95,81.2,82.86,174824.0,82.424,1409,False
2022-08-26 00:00:00+00:00,82.98,83.36,79.13,79.17,198827.0,80.324,1715,False
2022-08-29 00:00:00+00:00,78.44,79.25,77.79,78.25,211469.0,78.552,1466,False
2022-08-30 00:00:00+00:00,78.87,78.87,77.12,78.3,251593.0,78.019,2274,False
2022-08-31 00:00:00+00:00,78.79,78.79,76.7,76.72,192101.0,77.313,1605,False
2022-09-01 00:00:00+00:00,76.32,76.32,74.03,75.8,273242.0,75.171,1997,False
2022-09-02 00:00:00+00:00,76.65,77.52,74.83,75.33,290180.0,76.074,2167,False
2022-09-06 00:00:00+00:00,75.59,75.81,72.29,72.78,345626.0,72.951,2646,False
2022-09-07 00:00:00+00:00,72.38,75.17,72.33,74.86,207875.0,73.936,1392,False
2022-09-08 00:00:00+00:00,74.16,77.02,73.73,76.98,221729.0,76.371,1541,False
2022-09-09 00:00:00+00:00,78.06,78.26,77.19,77.94,346299.0,77.815,2122,False
2022-09-12 00:00:00+00:00,78.47,81.01,78.15,78.96,334304.0,79.167,2680,False
2022-09-13 00:00:00+00:00,76.66,77.17,74.63,75.04,238439.0,75.409,2057,False
2022-09-14 00:00:00+00:00,75.48,75.48,72.76,73.54,362431.0,73.716,2952,False
2022-09-15 00:00:00+00:00,73.05,75.28,73.05,73.18,521218.0,73.91,3984,False
2022-09-16 00:00:00+00:00,71.97,71.97,70.06,71.7,443096.0,71.061,3019,False
2022-09-19 00:00:00+00:00,70.38,73.42,70.38,73.05,151921.0,72.743,1139,False
2022-09-20 00:00:00+00:00,72.37,73.4,72.17,73.17,127458.0,72.844,1075,False
2022-09-21 00:00:00+00:00,73.64,75.12,72.42,72.47,297081.0,73.81,2490,False
2022-09-22 00:00:00+00:00,72.71,72.71,69.47,69.66,259398.0,69.975,1866,False
2022-09-23 00:00:00+00:00,68.41,69.18,67.08,68.61,807548.0,67.895,5808,False
2022-09-26 00:00:00+00:00,67.86,70.07,67.76,68.82,994410.0,69.274,6423,False
2022-09-27 00:00:00+00:00,69.31,70.05,66.1,66.9,447282.0,67.282,3370,False
2022-09-28 00:00:00+00:00,67.33,68.25,66.72,67.81,796780.0,67.71,3877,False
2022-09-29 00:00:00+00:00,66.32,66.32,64.71,65.52,442548.0,65.396,2880,False
2022-09-30 00:00:00+00:00,65.7,67.64,64.97,65.74,327833.0,66.403,2458,False
2022-10-03 00:00:00+00:00,66.83,67.9,65.11,67.67,287929.0,67.38,1995,False
2022-10-04 00:00:00+00:00,69.03,71.91,68.61,71.5,382587.0,71.252,2623,False
2022-10-05 00:00:00+00:00,69.98,70.65,68.98,69.71,304887.0,69.664,2338,False
2022-10-06 00:00:00+00:00,68.9,69.7,67.58,67.72,417265.0,68.041,3196,False
2022-10-07 00:00:00+00:00,66.89,66.94,64.71,65.32,318799.0,65.369,2112,False
2022-10-10 00:00:00+00:00,65.91,66.09,64.02,64.31,292376.0,64.575,2148,False
2022-10-11 00:00:00+00:00,63.53,64.3,61.84,62.6,402102.0,63.137,2573,False
2022-10-12 00:00:00+00:00,62.41,63.5,61.44,62.52,541860.0,62.496,3787,False
2022-10-13 00:00:00+00:00,61.47,65.78,61.0,65.17,232542.0,64.735,1643,False
2022-10-14 00:00:00+00:00,65.92,67.15,63.58,63.8,238624.0,64.312,1920,False
2022-10-17 00:00:00+00:00,65.65,66.11,64.67,65.66,1314228.0,65.33,10226,False
2022-10-18 00:00:00+00:00,67.73,67.73,63.88,64.58,1220072.0,65.029,9708,False
2022-10-19 00:00:00+00:00,63.91,64.69,61.19,61.34,952583.0,62.14,7046,False
2022-10-20 00:00:00+00:00,61.19,61.52,57.81,59.02,1486815.0,59.055,10935,False
2022-10-21 00:00:00+00:00,58.39,62.91,54.86,62.0,2839767.0,59.793,17852,False
2022-10-24 00:00:00+00:00,61.83,66.55,61.72,65.68,1525275.0,65.503,11604,False
2022-10-25 00:00:00+00:00,65.31,66.75,65.06,65.85,796355.0,66.154,6278,False
2022-10-26 00:00:00+00:00,65.61,67.66,65.13,65.86,476849.0,66.384,3726,False
2022-10-27 00:00:00+00:00,66.8,67.06,64.89,65.29,368631.0,65.838,2820,False
2022-10-28 00:00:00+00:00,65.57,67.18,64.84,67.1,402134.0,66.287,2690,False
2022-10-31 00:00:00+00:00,66.52,67.58,66.26,67.17,308039.0,67.005,2415,False
2022-11-01 00:00:00+00:00,68.09,68.39,67.21,68.23,329117.0,68.069,2732,False
2022-11-02 00:00:00+00:00,67.8,68.24,64.63,64.65,481292.0,66.217,3705,False
2022-11-03 00:00:00+00:00,64.02,66.03,62.84,65.81,402386.0,65.287,3332,False
2022-11-04 00:00:00+00:00,67.32,67.86,65.28,66.39,368201.0,66.566,2823,False
2022-11-07 00:00:00+00:00,67.25,68.05,66.54,67.94,397985.0,67.443,3043,False
2022-11-08 00:00:00+00:00,68.27,69.31,67.3,68.68,254124.0,68.536,2030,False
2022-11-09 00:00:00+00:00,67.89,68.16,66.39,66.59,160744.0,66.939,1258,False
2022-11-10 00:00:00+00:00,69.39,76.42,69.12,74.72,909004.0,74.623,6464,False
2022-11-11 00:00:00+00:00,75.04,78.14,75.04,76.64,667535.0,76.919,4353,False
2022-11-14 00:00:00+00:00,76.15,76.35,73.14,73.45,394135.0,74.234,2849,False
2022-11-15 00:00:00+00:00,74.93,75.86,72.84,73.7,535123.0,74.24,2673,False
2022-11-16 00:00:00+00:00,73.21,73.77,72.16,72.92,465554.0,73.141,2391,False
2022-11-17 00:00:00+00:00,71.47,71.96,69.63,69.82,558667.0,70.364,3145,False
2022-11-18 00:00:00+00:00,71.22,71.22,66.79,68.05,749903.0,67.967,4568,False
2022-11-21 00:00:00+00:00,67.9,68.05,66.92,67.67,599558.0,67.544,4778,False
2022-11-22 00:00:00+00:00,68.12,68.3,66.95,68.26,316575.0,67.828,2253,False
2022-11-23 00:00:00+00:00,68.23,69.72,67.77,69.29,181449.0,68.956,1321,False
2022-11-25 00:00:00+00:00,69.31,70.35,68.71,70.08,61516.0,69.971,489,False
2022-11-28 00:00:00+00:00,68.94,69.3,66.29,66.42,251981.0,66.977,2104,False
2022-11-29 00:00:00+00:00,66.43,67.34,66.36,66.81,208344.0,66.73,1576,False
2022-11-30 00:00:00+00:00,66.87,68.6,64.73,68.54,590090.0,67.262,3677,False
2022-12-01 00:00:00+00:00,68.57,69.68,66.66,67.26,399104.0,67.5,2873,False
2022-12-02 00:00:00+00:00,66.46,67.04,65.37,65.64,488068.0,65.918,3715,False
2022-12-05 00:00:00+00:00,65.09,65.55,61.08,62.25,629855.0,62.347,3930,False
2022-12-06 00:00:00+00:00,62.11,63.13,60.61,60.94,677362.0,61.263,4950,False
2022-12-07 00:00:00+00:00,60.41,61.37,58.97,60.12,345797.0,60.19,2865,False
2022-12-08 00:00:00+00:00,60.29,61.08,59.15,61.02,572768.0,60.252,4123,False
2022-12-09 00:00:00+00:00,60.72,61.74,60.31,60.76,645618.0,60.765,2690,False
2022-12-12 00:00:00+00:00,60.76,62.53,59.73,62.07,437575.0,61.641,3127,False
2022-12-13 00:00:00+00:00,64.0,64.8,60.6,61.57,662411.0,62.143,3924,False
2022-12-14 00:00:00+00:00,61.37,61.92,59.59,59.77,480225.0,60.818,2677,False
2022-12-15 00:00:00+00:00,58.58,58.88,56.74,57.16,938470.0,57.542,6699,False
2022-12-16 00:00:00+00:00,56.47,57.76,56.14,56.6,511648.0,57.029,3477,False
2022-12-19 00:00:00+00:00,56.66,57.21,55.81,56.48,451879.0,56.418,3169,False
2022-12-20 00:00:00+00:00,56.59,57.82,56.48,57.0,253930.0,57.145,1968,False
2022-12-21 00:00:00+00:00,57.77,58.58,57.77,58.27,338681.0,58.196,2584,False
2022-12-22 00:00:00+00:00,57.66,57.93,55.93,57.8,368010.0,57.07,2873,False
2022-12-23 00:00:00+00:00,57.8,58.21,57.03,58.12,209031.0,57.822,1478,False
2022-12-27 00:00:00+00:00,57.95,58.55,57.24,57.52,411951.0,57.677,2657,False
2022-12-28 00:00:00+00:00,57.69,57.97,56.58,56.68,285215.0,56.926,2327,False
2022-12-29 00:00:00+00:00,57.09,59.7,56.96,59.55,296763.0,58.88,2099,False
2022-12-30 00:00:00+00:00,58.55,59.73,58.34,59.56,247922.0,59.22,1805,False
2023-01-03 00:00:00+00:00,59.87,60.52,58.35,58.52,347261.0,58.965,2432,False
2023-01-04 00:00:00+00:00,59.41,61.77,59.41,60.68,350161.0,60.871,2515,False
2023-01-05 00:00:00+00:00,60.06,60.74,58.43,59.41,343262.0,59.379,2618,False
2023-01-06 00:00:00+00:00,59.97,62.37,59.35,62.04,254770.0,61.408,1967,False
2023-01-09 00:00:00+00:00,62.57,64.04,62.2,63.12,454532.0,63.245,3502,False
2023-01-10 00:00:00+00:00,63.03,64.72,62.62,64.59,415450.0,64.193,3268,False
2023-01-11 00:00:00+00:00,64.9,65.94,64.78,65.24,251841.0,65.339,2027,False
2023-01-12 00:00:00+00:00,65.95,66.08,64.51,64.99,347935.0,65.357,2607,False
2023-01-13 00:00:00+00:00,63.78,65.12,62.49,64.6,404536.0,64.18,3157,False
2023-01-17 00:00:00+00:00,64.36,64.79,63.16,64.58,378507.0,64.242,2751,False
2023-01-18 00:00:00+00:00,64.27,65.66,63.02,63.14,518936.0,63.704,4393,False
2023-01-19 00:00:00+00:00,62.21,62.86,61.01,62.72,354057.0,62.102,2716,False
2023-01-20 00:00:00+00:00,63.2,66.49,62.97,66.26,446065.0,65.446,3562,False
2023-01-23 00:00:00+00:00,66.68,68.1,66.16,67.79,606307.0,67.372,5034,False
2023-01-24 00:00:00+00:00,61.31,68.73,61.31,67.3,864605.0,67.122,6453,False
2023-01-25 00:00:00+00:00,65.74,71.42,65.32,70.59,1595665.0,68.866,11348,False
2023-01-26 00:00:00+00:00,71.54,72.7,69.55,71.93,620449.0,71.33,4852,False
2023-01-27 00:00:00+00:00,71.78,75.02,71.78,74.36,1086068.0,73.79,7278,False
2023-01-30 00:00:00+00:00,73.03,74.11,71.17,71.46,929378.0,71.968,7047,False
2023-01-31 00:00:00+00:00,71.35,75.54,70.7,75.37,706969.0,73.957,5747,False
2023-02-01 00:00:00+00:00,74.85,77.75,74.25,76.79,860812.0,76.078,6356,False
2023-02-02 00:00:00+00:00,78.02,81.17,77.71,80.6,1049672.0,80.147,7902,False
2023-02-03 00:00:00+00:00,78.89,80.3,77.88,78.33,734862.0,78.719,5628,False
2023-02-06 00:00:00+00:00,77.16,77.9,75.36,76.74,506932.0,76.46,4043,False
2023-02-07 00:00:00+00:00,76.25,78.7,75.58,78.46,513977.0,77.808,4551,False
2023-02-08 00:00:00+00:00,77.52,78.37,77.0,77.32,311324.0,77.65,2454,False
2023-02-09 00:00:00+00:00,77.85,78.12,75.82,75.96,282199.0,76.637,2187,False
2023-02-10 00:00:00+00:00,75.29,75.95,74.79,74.82,417112.0,75.13,3051,False
2023-02-13 00:00:00+00:00,74.66,75.61,73.71,75.52,335184.0,75.011,2824,False
2023-02-14 00:00:00+00:00,74.89,76.37,74.27,75.49,234392.0,75.097,2013,False
2023-02-15 00:00:00+00:00,74.94,76.25,74.82,75.62,169896.0,75.69,1280,False
2023-02-16 00:00:00+00:00,74.15,75.28,72.79,73.92,566790.0,74.183,3974,False
2023-02-17 00:00:00+00:00,73.76,74.83,73.15,74.54,604011.0,74.183,3504,False
2023-02-21 00:00:00+00:00,73.16,73.88,71.91,72.36,247302.0,72.58,1975,False
2023-02-22 00:00:00+00:00,72.07,72.94,71.39,72.27,319732.0,72.027,2626,False
2023-02-23 00:00:00+00:00,73.55,73.91,72.0,73.49,235287.0,73.068,1921,False
2023-02-24 00:00:00+00:00,72.49,73.92,71.8,73.82,191611.0,73.319,1693,False
2023-02-27 00:00:00+00:00,74.86,75.04,73.66,74.31,261312.0,74.366,2134,False
2023-02-28 00:00:00+00:00,74.74,75.62,74.19,74.24,495361.0,74.749,3028,False
2023-03-01 00:00:00+00:00,73.45,75.2,73.0,75.16,420144.0,74.6,2956,False
2023-03-02 00:00:00+00:00,73.9,74.3,73.08,74.03,472625.0,73.817,3762,False
2023-03-03 00:00:00+00:00,74.83,76.08,73.92,75.64,377793.0,75.489,2809,False
2023-03-06 00:00:00+00:00,75.71,76.9,74.93,75.39,288028.0,75.621,2342,False
2023-03-07 00:00:00+00:00,74.76,75.2,71.8,71.89,272630.0,72.716,2089,False
2023-03-08 00:00:00+00:00,71.99,72.33,70.81,71.56,188674.0,71.654,1352,False
2023-03-09 00:00:00+00:00,70.18,70.23,61.37,62.36,3306584.0,63.648,21780,False
2023-03-10 00:00:00+00:00,54.7,55.96,30.05,49.34,20540035.0,43.274,82325,False
2023-03-13 00:00:00+00:00,12.75,30.78,7.46,26.12,47998695.0,19.059,139610,False
2023-03-14 00:00:00+00:00,38.66,39.96,22.5,29.87,37469683.0,32.491,143933,False
2023-03-15 00:00:00+00:00,27.77,35.48,26.34,32.35,25153822.0,31.893,104435,False
2023-03-16 00:00:00+00:00,29.99,42.53,27.05,36.91,31577240.0,34.755,121165,False
2023-03-17 00:00:00+00:00,34.68,35.38,30.0,31.32,18964217.0,32.097,80898,False
2023-03-20 00:00:00+00:00,34.2,34.35,28.52,29.21,16021616.0,31.014,61659,False
2023-03-21 00:00:00+00:00,32.06,36.05,31.61,33.58,15105579.0,33.86,61736,False
2023-03-22 00:00:00+00:00,33.33,36.88,31.75,31.91,10919994.0,34.692,52161,False
2023-03-23 00:00:00+00:00,33.89,34.9,30.45,31.25,6943044.0,32.561,34710,False
2023-03-24 00:00:00+00:00,30.21,33.42,29.27,33.05,8017697.0,31.965,35921,False
2023-03-27 00:00:00+00:00,35.03,36.3,33.88,34.05,7107169.0,34.763,36024,False
2023-03-28 00:00:00+00:00,34.2,34.83,32.7,33.83,4233721.0,33.9,23474,False
2023-03-29 00:00:00+00:00,34.5,36.74,34.0,36.07,4818488.0,35.483,22965,False
2023-03-30 00:00:00+00:00,36.9,37.76,35.07,35.91,3925585.0,36.083,19553,False
2023-03-31 00:00:00+00:00,36.3,36.55,35.14,35.54,3329731.0,35.724,17721,False
2023-04-03 00:00:00+00:00,35.49,35.99,34.06,34.83,2494992.0,34.688,13615,False
2023-04-04 00:00:00+00:00,34.91,34.94,32.13,33.52,3578610.0,33.111,16326,False
2023-04-05 00:00:00+00:00,30.48,31.31,27.02,29.37,20918929.0,29.209,85559,False
2023-04-06 00:00:00+00:00,30.4,31.45,29.64,30.78,6175723.0,30.778,25221,False
2023-04-10 00:00:00+00:00,30.23,31.61,29.82,30.66,3055264.0,30.852,14503,False
2023-04-11 00:00:00+00:00,30.58,32.18,30.51,31.84,2483761.0,31.545,13028,False
2023-04-12 00:00:00+00:00,32.45,32.85,30.81,31.57,2116649.0,31.691,11208,False
2023-04-13 00:00:00+00:00,31.69,32.27,30.81,32.15,1726363.0,31.93,9814,False
2023-04-14 00:00:00+00:00,33.26,33.3,31.31,31.66,2121733.0,31.919,10582,False
2023-04-17 00:00:00+00:00,31.3,33.07,30.65,32.82,1984816.0,32.267,10482,False
2023-04-18 00:00:00+00:00,32.91,33.1,32.05,32.51,2486626.0,32.501,13037,False
2023-04-19 00:00:00+00:00,39.17,40.78,36.62,40.35,14208439.0,38.985,60322,False
2023-04-20 00:00:00+00:00,39.6,41.51,38.4,39.55,4545276.0,39.625,21975,False
2023-04-21 00:00:00+00:00,39.23,41.41,39.05,40.59,3711662.0,40.508,20542,False
2023-04-24 00:00:00+00:00,39.97,40.92,39.16,39.98,2820940.0,39.912,14271,False
2023-04-25 00:00:00+00:00,38.82,38.95,36.35,37.75,5151529.0,37.779,27019,False
2023-04-26 00:00:00+00:00,38.58,39.09,36.71,37.73,4036319.0,37.838,22607,False
2023-04-27 00:00:00+00:00,38.05,38.78,37.37,37.96,1805528.0,38.114,9565,False
2023-04-28 00:00:00+00:00,37.69,38.64,36.96,37.12,2607434.0,37.667,12603,False
2023-05-01 00:00:00+00:00,37.55,38.48,36.12,36.44,2618963.0,37.13,12017,False
2023-05-02 00:00:00+00:00,36.18,36.18,26.54,30.93,21565263.0,29.912,84955,False
2023-05-03 00:00:00+00:00,31.0,33.3,29.46,29.57,8032009.0,31.224,35883,False
2023-05-04 00:00:00+00:00,25.98,26.74,11.35,18.2,51092417.0,19.475,154351,False
2023-05-05 00:00:00+00:00,23.36,28.99,22.55,27.16,34851105.0,25.657,115961,False
2023-05-08 00:00:00+00:00,30.56,31.0,26.51,27.32,14436515.0,28.125,46763,False
2023-05-09 00:00:00+00:00,26.35,28.61,25.21,26.95,8189965.0,26.86,27298,False
2023-05-10 00:00:00+00:00,28.45,28.55,26.5,27.48,4070763.0,27.188,13512,False
2023-05-11 00:00:00+00:00,26.03,29.64,25.62,26.91,9066791.0,27.417,33918,False
2023-05-12 00:00:00+00:00,27.26,27.75,26.6,27.47,3852985.0,27.085,12506,False
2023-05-15 00:00:00+00:00,27.54,31.77,27.42,30.76,7672916.0,30.212,29793,False
2023-05-16 00:00:00+00:00,32.0,32.59,30.81,31.59,5812354.0,31.707,22378,False
2023-05-17 00:00:00+00:00,35.5,36.44,34.36,34.81,10699416.0,35.359,39429,False
2023-05-18 00:00:00+00:00,35.0,36.46,33.74,35.18,5239556.0,35.16,19167,False
2023-05-19 00:00:00+00:00,35.24,35.83,32.7,34.32,5868515.0,33.869,24053,False
2023-05-22 00:00:00+00:00,35.15,37.94,34.28,37.86,4275875.0,36.381,17272,False
2023-05-23 00:00:00+00:00,38.26,39.28,37.1,37.39,4018157.0,38.095,16216,False
2023-05-24 00:00:00+00:00,36.66,37.27,35.28,36.35,2680471.0,36.138,10081,False
2023-05-25 00:00:00+00:00,36.1,36.65,34.44,35.43,2155946.0,35.362,9104,False
2023-05-26 00:00:00+00:00,35.69,36.36,35.16,35.52,2005257.0,35.685,8697,False
2023-05-30 00:00:00+00:00,36.0,36.17,33.95,35.13,2122448.0,34.725,8921,False
2023-05-31 00:00:00+00:00,34.79,34.87,33.19,33.9,1530905.0,33.904,5951,False
2023-06-01 00:00:00+00:00,34.39,35.4,33.49,34.25,2079424.0,34.695,8974,False
2023-06-02 00:00:00+00:00,35.72,38.18,35.4,37.95,4047173.0,37.024,19191,False
2023-06-05 00:00:00+00:00,38.7,39.32,36.61,37.25,2149241.0,37.503,9677,False
2023-06-06 00:00:00+00:00,37.11,40.53,36.95,39.52,4295184.0,39.556,17413,False
2023-06-07 00:00:00+00:00,40.21,41.44,39.31,40.53,3530064.0,40.393,14763,False
2023-06-08 00:00:00+00:00,40.24,41.12,39.31,40.77,1873152.0,40.257,7517,False
2023-06-09 00:00:00+00:00,40.63,40.75,38.82,39.01,1635199.0,39.534,7972,False
2023-06-12 00:00:00+00:00,39.0,40.61,38.17,38.93,2657077.0,39.156,12080,False
2023-06-13 00:00:00+00:00,39.16,40.88,37.52,40.88,2795302.0,39.76,13685,False
2023-06-14 00:00:00+00:00,41.13,41.88,38.27,38.5,3657052.0,39.711,16619,False
2023-06-15 00:00:00+00:00,38.4,39.56,38.06,38.85,3458479.0,38.803,16268,False
2023-06-16 00:00:00+00:00,39.25,39.25,37.19,37.42,3002472.0,37.812,13147,False
2023-06-20 00:00:00+00:00,37.27,37.92,36.82,37.09,1499798.0,37.302,6788,False
2023-06-21 00:00:00+00:00,37.18,37.37,36.46,36.6,1491156.0,36.9,6570,False
2023-06-22 00:00:00+00:00,36.47,36.5,34.45,35.41,2526987.0,35.519,10772,False
2023-06-23 00:00:00+00:00,34.65,36.1,34.46,35.06,1686722.0,35.343,8609,False
2023-06-26 00:00:00+00:00,35.48,37.2,35.48,35.81,1527718.0,36.476,5920,False
2023-06-27 00:00:00+00:00,35.83,37.05,35.15,36.74,1217766.0,36.466,5233,False
2023-06-28 00:00:00+00:00,36.53,37.44,35.86,36.82,1007216.0,36.822,4790,False
2023-06-29 00:00:00+00:00,37.75,38.19,36.79,36.98,1383840.0,37.408,6539,False
2023-06-30 00:00:00+00:00,37.6,37.79,36.11,36.47,1561189.0,36.68,6801,False
2023-07-03 00:00:00+00:00,36.95,37.88,36.79,37.49,1299545.0,37.498,5109,False
2023-07-05 00:00:00+00:00,37.0,37.99,36.54,37.18,1060705.0,37.316,4955,False
2023-07-06 00:00:00+00:00,36.08,36.6,35.67,36.37,1530207.0,36.018,7646,False
2023-07-07 00:00:00+00:00,36.35,38.61,36.35,37.62,2595641.0,37.706,11916,False
2023-07-10 00:00:00+00:00,37.51,38.59,37.25,38.22,1130232.0,38.02,5695,False
2023-07-11 00:00:00+00:00,38.42,38.65,37.5,38.19,1293993.0,38.179,5670,False
2023-07-12 00:00:00+00:00,39.3,40.43,39.08,39.28,1912662.0,39.649,9412,False
2023-07-13 00:00:00+00:00,39.55,40.95,39.2,40.74,1797270.0,40.264,8658,False
2023-07-14 00:00:00+00:00,41.4,41.5,38.76,38.89,2391130.0,39.672,10543,False
2023-07-17 00:00:00+00:00,39.24,39.85,38.85,39.83,1195323.0,39.488,6513,False
2023-07-18 00:00:00+00:00,40.25,43.68,40.1,43.07,5077602.0,42.834,23074,False
2023-07-19 00:00:00+00:00,41.75,46.83,41.26,46.42,6469607.0,45.163,30628,False
2023-07-20 00:00:00+00:00,47.86,49.15,46.45,48.5,3706138.0,48.262,19882,False
2023-07-21 00:00:00+00:00,49.15,49.59,47.81,48.34,1796058.0,48.7,9205,False
2023-07-24 00:00:00+00:00,48.21,50.49,48.11,49.86,1454592.0,49.67,7852,False
2023-07-25 00:00:00+00:00,50.06,50.95,46.54,47.19,4600889.0,48.389,23923,False
2023-07-26 00:00:00+00:00,51.9,52.95,51.04,52.71,3806000.0,52.181,20187,False
2023-07-27 00:00:00+00:00,53.28,53.67,51.34,51.62,1897489.0,52.508,9248,False
2023-07-28 00:00:00+00:00,52.46,52.68,51.61,52.6,806384.0,52.334,4864,False
2023-07-31 00:00:00+00:00,52.9,53.0,51.3,51.95,1338248.0,51.949,7442,False
2023-08-01 00:00:00+00:00,51.5,51.55,49.93,50.79,1181551.0,50.48,6988,False
2023-08-02 00:00:00+00:00,49.71,50.75,48.95,50.35,1440330.0,49.719,8619,False
2023-08-03 00:00:00+00:00,49.45,52.38,49.26,52.12,1237908.0,51.577,7560,False
2023-08-04 00:00:00+00:00,51.41,53.87,51.4,52.75,1056746.0,52.983,6977,False
2023-08-07 00:00:00+00:00,52.97,53.24,51.87,52.99,701789.0,52.557,3735,False
2023-08-08 00:00:00+00:00,51.0,52.73,50.29,52.36,1381042.0,51.502,8401,False
2023-08-09 00:00:00+00:00,52.24,52.24,50.7,51.1,844944.0,51.266,5912,False
2023-08-10 00:00:00+00:00,51.42,52.05,50.19,51.6,941459.0,51.115,5989,False
2023-08-11 00:00:00+00:00,51.09,52.41,51.09,52.1,900386.0,52.043,5632,False
2023-08-14 00:00:00+00:00,51.46,51.46,50.29,51.0,787543.0,50.853,4686,False
2023-08-15 00:00:00+00:00,49.52,49.8,47.62,48.9,2124479.0,48.644,11555,False
2023-08-16 00:00:00+00:00,48.55,48.85,47.84,47.93,1186768.0,48.213,7513,False
2023-08-17 00:00:00+00:00,48.21,48.3,47.18,47.74,1003196.0,47.719,6361,False
2023-08-18 00:00:00+00:00,46.98,48.36,46.53,48.3,957664.0,47.815,6421,False
2023-08-21 00:00:00+00:00,48.38,49.31,47.44,48.35,1423256.0,48.197,6517,False
2023-08-22 00:00:00+00:00,48.25,48.63,46.19,47.07,1120676.0,47.013,6027,False
2023-08-23 00:00:00+00:00,47.04,49.27,46.15,48.86,1000957.0,48.263,5846,False
2023-08-24 00:00:00+00:00,48.88,50.14,48.38,49.22,742090.0,49.509,4763,False
2023-08-25 00:00:00+00:00,49.95,50.12,47.61,49.13,700938.0,48.7,4113,False
2023-08-28 00:00:00+00:00,49.52,50.73,49.28,49.8,607307.0,49.961,3652,False
2023-08-29 00:00:00+00:00,49.94,50.88,49.09,50.38,902340.0,50.396,4710,False
2023-08-30 00:00:00+00:00,50.33,50.75,49.77,50.29,807278.0,50.325,4281,False
2023-08-31 00:00:00+00:00,50.38,50.83,49.74,50.01,887719.0,50.39,3931,False
2023-09-01 00:00:00+00:00,50.78,51.4,50.29,51.12,538506.0,51.008,3013,False
2023-09-05 00:00:00+00:00,50.53,51.36,50.07,50.21,554420.0,50.522,3579,False
2023-09-06 00:00:00+00:00,49.71,50.06,47.21,47.84,943956.0,48.043,5668,False
2023-09-07 00:00:00+00:00,47.31,48.25,46.6,47.07,699045.0,47.253,4533,False
2023-09-08 00:00:00+00:00,47.16,48.26,46.39,48.22,491624.0,47.592,3244,False
2023-09-11 00:00:00+00:00,48.64,49.42,47.93,48.02,443213.0,48.47,2257,False
2023-09-12 00:00:00+00:00,47.97,49.35,47.67,49.14,910434.0,48.845,5695,False
2023-09-13 00:00:00+00:00,49.25,49.3,47.34,47.96,929155.0,48.152,6339,False
2023-09-14 00:00:00+00:00,48.79,49.58,48.26,49.13,859359.0,49.005,5708,False
2023-09-15 00:00:00+00:00,48.19,49.08,47.85,48.62,945286.0,48.475,5544,False
2023-09-18 00:00:00+00:00,48.03,48.21,47.37,47.59,846417.0,47.753,5285,False
2023-09-19 00:00:00+00:00,47.59,48.12,46.67,47.78,637214.0,47.362,4243,False
2023-09-20 00:00:00+00:00,48.05,48.66,46.39,46.44,844742.0,47.385,5549,False
2023-09-21 00:00:00+00:00,45.84,46.73,44.51,45.71,1244976.0,45.695,7769,False
2023-09-22 00:00:00+00:00,45.78,46.07,44.34,45.28,1068921.0,45.046,6834,False
2023-09-25 00:00:00+00:00,45.04,46.36,44.72,46.14,682406.0,45.831,4130,False
2023-09-26 00:00:00+00:00,45.28,46.3,44.73,44.79,1219580.0,45.131,7664,False
2023-09-27 00:00:00+00:00,45.12,45.16,43.36,44.1,1314705.0,44.152,9290,False
2023-09-28 00:00:00+00:00,44.07,45.26,43.8,44.89,1235153.0,44.868,7717,False
2023-09-29 00:00:00+00:00,45.33,47.0,45.03,45.97,1358406.0,46.213,8987,False
2023-10-02 00:00:00+00:00,45.73,46.06,44.11,44.53,1179828.0,44.55,7570,False
2023-10-03 00:00:00+00:00,43.92,44.1,41.31,41.9,2067506.0,41.955,12378,False
2023-10-04 00:00:00+00:00,42.87,43.27,41.14,43.1,1250725.0,42.413,7287,False
2023-10-05 00:00:00+00:00,42.43,44.03,42.43,43.67,1383024.0,43.486,6298,False
2023-10-06 00:00:00+00:00,42.93,44.76,42.46,43.6,684962.0,43.676,4546,False
2023-10-09 00:00:00+00:00,42.79,44.56,42.73,44.16,820378.0,43.89,5494,False
2023-10-10 00:00:00+00:00,45.0,46.51,44.74,46.17,1055373.0,45.916,6674,False
2023-10-11 00:00:00+00:00,46.42,47.21,44.92,45.5,1114072.0,45.7,6780,False
2023-10-12 00:00:00+00:00,45.63,45.68,44.42,45.47,717605.0,45.162,4033,False
2023-10-13 00:00:00+00:00,46.0,46.19,43.9,44.21,1064796.0,44.526,5598,False
2023-10-16 00:00:00+00:00,44.85,46.35,44.51,46.26,872404.0,45.867,5766,False
2023-10-17 00:00:00+00:00,45.73,48.41,45.73,47.49,953747.0,47.453,6212,False
2023-10-18 00:00:00+00:00,46.65,48.06,46.26,46.87,983321.0,46.817,6698,False
2023-10-19 00:00:00+00:00,47.01,48.17,45.93,46.08,1632225.0,46.76,10286,False
2023-10-20 00:00:00+00:00,46.54,47.0,41.55,42.22,3287730.0,43.214,20472,False
2023-10-23 00:00:00+00:00,42.43,43.99,41.61,41.72,1894120.0,42.825,10535,False
2023-10-24 00:00:00+00:00,41.8,42.94,40.0,41.14,1678335.0,41.155,9326,False
2023-10-25 00:00:00+00:00,40.69,41.19,38.81,40.63,1652420.0,39.829,9769,False
2023-10-26 00:00:00+00:00,40.68,42.36,40.26,41.49,1129850.0,41.496,6668,False
2023-10-27 00:00:00+00:00,41.42,41.86,39.61,40.1,876949.0,40.401,5843,False
2023-10-30 00:00:00+00:00,40.7,41.15,39.03,40.72,798016.0,40.491,5688,False
2023-10-31 00:00:00+00:00,40.6,41.59,40.24,41.1,629536.0,41.1,3545,False
2023-11-01 00:00:00+00:00,41.0,42.4,40.15,42.39,1240884.0,41.82,6024,False
2023-11-02 00:00:00+00:00,43.2,45.9,43.2,45.87,1577616.0,45.036,9071,False
2023-11-03 00:00:00+00:00,47.5,49.65,47.43,48.27,2225408.0,48.558,13977,False
2023-11-06 00:00:00+00:00,48.5,49.0,46.27,46.96,984812.0,47.219,6420,False
2023-11-07 00:00:00+00:00,46.72,47.72,46.43,46.83,600214.0,46.947,4156,False
2023-11-08 00:00:00+00:00,46.74,46.93,45.66,45.83,488064.0,46.131,3647,False
2023-11-09 00:00:00+00:00,45.86,45.9,43.61,43.92,1073220.0,44.405,6662,False
2023-11-10 00:00:00+00:00,44.36,44.54,43.27,44.23,528559.0,43.948,3414,False
2023-11-13 00:00:00+00:00,43.52,44.12,43.2,43.48,372320.0,43.577,2641,False
2023-11-14 00:00:00+00:00,46.96,49.23,46.52,48.09,1708342.0,48.042,10364,False
2023-11-15 00:00:00+00:00,48.25,49.76,47.82,49.14,869872.0,49.215,5157,False
2023-11-16 00:00:00+00:00,48.54,49.1,47.54,48.05,688648.0,47.93,4100,False
2023-11-17 00:00:00+00:00,48.84,49.65,48.39,49.33,917911.0,49.215,5330,False
2023-11-20 00:00:00+00:00,49.05,49.51,48.51,49.5,480013.0,49.156,3166,False
2023-11-21 00:00:00+00:00,48.86,49.09,48.02,48.29,480685.0,48.566,2989,False
2023-11-22 00:00:00+00:00,49.18,49.46,48.21,48.78,284788.0,48.884,1842,False
2023-11-24 00:00:00+00:00,48.6,49.12,48.26,49.05,140225.0,48.848,887,False
2023-11-27 00:00:00+00:00,48.3,49.05,48.02,48.56,368769.0,48.59,2609,False
2023-11-28 00:00:00+00:00,48.46,48.73,47.6,48.51,314181.0,48.274,2012,False
2023-11-29 00:00:00+00:00,49.19,52.16,49.11,51.39,1526069.0,51.43,7976,False
2023-11-30 00:00:00+00:00,51.64,52.0,50.55,51.22,728375.0,51.238,5285,False
2023-12-01 00:00:00+00:00,51.22,54.93,50.62,54.86,1659687.0,53.66,8771,False
2023-12-04 00:00:00+00:00,53.76,55.16,53.57,55.15,890857.0,54.512,5707,False
2023-12-05 00:00:00+00:00,54.21,54.29,53.21,53.71,579814.0,53.739,3752,False
2023-12-06 00:00:00+00:00,54.13,55.55,53.56,53.74,841022.0,54.423,5236,False
2023-12-07 00:00:00+00:00,54.0,55.19,53.77,54.84,778378.0,54.777,3410,False
2023-12-08 00:00:00+00:00,54.8,57.25,54.2,56.58,1177868.0,56.47,6365,False
2023-12-11 00:00:00+00:00,56.13,57.27,55.85,56.58,520370.0,56.495,3595,False
2023-12-12 00:00:00+00:00,56.35,56.65,55.54,55.8,716429.0,55.995,4756,False
2023-12-13 00:00:00+00:00,55.97,60.72,55.41,60.63,1380324.0,58.804,8175,False
2023-12-14 00:00:00+00:00,63.0,67.04,62.67,66.3,2815587.0,65.398,16150,False
2023-12-15 00:00:00+00:00,65.88,66.15,63.11,63.73,1758082.0,64.349,9211,False
2023-12-18 00:00:00+00:00,64.73,64.73,62.86,63.58,688764.0,63.713,3676,False
2023-12-19 00:00:00+00:00,63.8,66.52,63.44,65.75,805087.0,65.565,5204,False
2023-12-20 00:00:00+00:00,65.01,66.03,63.37,63.41,677090.0,64.837,4467,False
2023-12-21 00:00:00+00:00,64.64,65.27,63.66,64.96,459427.0,64.551,3108,False
2023-12-22 00:00:00+00:00,66.06,66.25,65.15,65.58,399404.0,65.632,2364,False
2023-12-26 00:00:00+00:00,65.7,67.6,65.38,67.09,433450.0,66.985,2519,False
2023-12-27 00:00:00+00:00,67.4,67.6,66.41,67.09,508773.0,67.141,3558,False
2023-12-28 00:00:00+00:00,66.86,67.55,66.38,67.2,454817.0,66.819,3139,False
2023-12-29 00:00:00+00:00,67.23,67.32,65.72,65.79,423769.0,66.318,2866,False
2024-01-02 00:00:00+00:00,65.1,66.45,64.3,64.68,758974.0,65.016,4925,False
2024-01-03 00:00:00+00:00,64.55,64.58,61.67,62.28,983705.0,62.563,5880,False
2024-01-04 00:00:00+00:00,61.95,63.3,61.78,62.36,434633.0,62.612,3004,False
2024-01-05 00:00:00+00:00,62.3,64.36,61.75,63.29,569377.0,63.391,4087,False
2024-01-08 00:00:00+00:00,63.13,64.8,62.04,64.66,641921.0,63.717,3958,False
2024-01-09 00:00:00+00:00,63.2,64.23,62.82,63.94,427291.0,63.72,2845,False
2024-01-10 00:00:00+00:00,64.1,64.6,63.03,64.53,516629.0,63.862,3723,False
2024-01-11 00:00:00+00:00,63.49,64.13,61.69,63.89,646637.0,63.12,4545,False
2024-01-12 00:00:00+00:00,63.82,64.51,61.53,62.19,826615.0,62.356,4547,False
2024-01-16 00:00:00+00:00,60.97,63.02,60.65,62.35,842339.0,62.045,5264,False
2024-01-17 00:00:00+00:00,60.93,62.4,60.53,62.24,1084010.0,61.893,5599,False
2024-01-18 00:00:00+00:00,62.95,63.31,61.3,62.3,556385.0,62.178,3572,False
2024-01-19 00:00:00+00:00,62.03,65.01,61.53,65.0,707868.0,63.928,4572,False
2024-01-22 00:00:00+00:00,65.59,66.66,64.72,66.08,765667.0,65.702,5490,False
2024-01-23 00:00:00+00:00,66.16,66.6,64.89,65.62,514693.0,65.654,3138,False
2024-01-24 00:00:00+00:00,66.63,67.39,65.19,66.39,915184.0,66.364,5869,False
2024-01-25 00:00:00+00:00,67.28,67.3,64.41,65.71,1654191.0,65.364,9654,False
2024-01-26 00:00:00+00:00,65.7,68.55,65.15,67.34,2153925.0,67.476,12506,False
2024-01-29 00:00:00+00:00,67.9,70.23,67.48,70.11,1133213.0,69.298,6614,False
2024-01-30 00:00:00+00:00,69.28,70.04,68.19,68.35,933794.0,68.902,5621,False
2024-01-31 00:00:00+00:00,63.49,67.2,62.81,63.96,1811345.0,64.981,9634,False
2024-02-01 00:00:00+00:00,64.62,65.05,55.4,59.12,5485611.0,58.937,27409,False
2024-02-02 00:00:00+00:00,57.34,60.7,57.05,60.21,1623548.0,59.347,10438,False
2024-02-05 00:00:00+00:00,59.74,59.81,58.35,59.04,931467.0,59.182,5115,False
2024-02-06 00:00:00+00:00,58.85,59.8,56.77,57.94,1882589.0,57.598,11097,False
2024-02-07 00:00:00+00:00,58.37,58.67,55.03,57.81,1641893.0,56.807,9668,False
2024-02-08 00:00:00+00:00,57.43,59.5,57.21,58.93,867240.0,58.73,4846,False
2024-02-09 00:00:00+00:00,58.97,61.63,58.27,61.57,1033349.0,60.669,6584,False
2024-02-12 00:00:00+00:00,61.57,64.18,61.54,62.77,895373.0,63.193,5719,False
2024-02-13 00:00:00+00:00,59.98,60.96,58.15,59.15,2074747.0,59.647,10617,False
2024-02-14 00:00:00+00:00,60.29,61.09,58.76,60.16,654267.0,59.724,4297,False
2024-02-15 00:00:00+00:00,60.5,63.61,60.42,62.48,999932.0,62.533,6613,False
2024-02-16 00:00:00+00:00,61.37,62.3,60.79,60.85,721822.0,61.381,4173,False
2024-02-20 00:00:00+00:00,60.2,60.95,59.81,60.12,449977.0,60.437,2924,False
2024-02-21 00:00:00+00:00,59.34,59.88,58.07,58.41,1035498.0,58.641,5634,False
2024-02-22 00:00:00+00:00,59.0,60.44,58.49,58.94,587660.0,59.32,3743,False
2024-02-23 00:00:00+00:00,58.86,59.02,57.92,58.73,678907.0,58.556,4545,False
2024-02-26 00:00:00+00:00,58.5,59.39,57.22,57.8,637745.0,58.213,3604,False
2024-02-27 00:00:00+00:00,58.84,60.0,58.28,58.77,550647.0,59.05,3651,False
2024-02-28 00:00:00+00:00,58.23,58.81,57.1,57.2,439847.0,57.759,3281,False
2024-02-29 00:00:00+00:00,58.75,59.77,57.34,57.73,1159367.0,58.033,6964,False
2024-03-01 00:00:00+00:00,57.04,57.45,55.3,56.4,1780365.0,56.691,8509,False
2024-03-04 00:00:00+00:00,56.95,57.51,54.55,55.26,1258062.0,55.879,8334,False
2024-03-05 00:00:00+00:00,54.64,60.11,54.63,59.26,1334438.0,58.541,8056,False
2024-03-06 00:00:00+00:00,59.47,61.7,56.79,60.28,1878408.0,59.388,11678,False
2024-03-07 00:00:00+00:00,62.0,63.49,59.44,60.0,1021584.0,60.639,6209,False
2024-03-08 00:00:00+00:00,61.82,62.87,60.2,60.31,634851.0,61.096,4531,False
2024-03-11 00:00:00+00:00,59.28,60.01,58.61,59.01,718959.0,59.075,4939,False
2024-03-12 00:00:00+00:00,59.25,59.57,57.7,58.68,518610.0,58.768,3471,False
2024-03-13 00:00:00+00:00,59.07,60.21,58.5,58.89,389534.0,59.122,2491,False
2024-03-14 00:00:00+00:00,58.21,58.4,56.63,57.05,662172.0,57.322,3928,False
2024-03-15 00:00:00+00:00,57.07,58.01,56.77,57.98,600530.0,57.683,4427,False
2024-03-18 00:00:00+00:00,57.86,58.32,56.83,57.83,420044.0,57.89,2914,False
2024-03-19 00:00:00+00:00,57.01,58.72,57.01,58.33,370987.0,58.119,2531,False
2024-03-20 00:00:00+00:00,57.97,62.25,57.64,61.65,877604.0,60.126,5891,False
2024-03-21 00:00:00+00:00,62.5,64.21,62.28,63.52,1418080.0,63.68,7620,False
2024-03-22 00:00:00+00:00,63.64,63.89,61.78,62.09,406470.0,62.407,2729,False
2024-03-25 00:00:00+00:00,62.03,63.2,61.7,61.8,463453.0,62.425,2393,False
2024-03-26 00:00:00+00:00,62.45,62.45,61.26,61.49,663439.0,61.616,4390,False
2024-03-27 00:00:00+00:00,61.86,64.23,61.83,64.22,437135.0,63.203,2851,False
2024-03-28 00:00:00+00:00,64.1,64.65,63.52,64.19,484795.0,63.999,2876,False
2024-04-01 00:00:00+00:00,64.12,64.2,62.09,62.46,589166.0,62.596,3662,False
2024-04-02 00:00:00+00:00,61.71,61.71,60.73,61.2,544463.0,61.188,3183,False
2024-04-03 00:00:00+00:00,60.89,61.62,60.43,60.8,290235.0,61.032,1863,False
2024-04-04 00:00:00+00:00,62.28,62.57,59.89,60.19,538924.0,61.301,3261,False
2024-04-05 00:00:00+00:00,59.54,60.47,59.42,59.74,434529.0,59.993,2751,False
2024-04-08 00:00:00+00:00,59.6,61.51,59.57,61.31,567029.0,60.907,3507,False
2024-04-09 00:00:00+00:00,61.4,61.78,60.15,60.87,514628.0,60.766,3689,False
2024-04-10 00:00:00+00:00,59.38,59.47,57.01,57.32,806663.0,57.868,4341,False
2024-04-11 00:00:00+00:00,57.34,58.12,56.81,57.45,538121.0,57.372,2702,False
2024-04-12 00:00:00+00:00,56.56,57.51,56.19,56.67,551202.0,56.535,3252,False
2024-04-15 00:00:00+00:00,57.12,58.01,55.25,56.16,745642.0,56.031,4413,False
2024-04-16 00:00:00+00:00,55.57,55.77,54.5,55.28,434055.0,55.245,2951,False
2024-04-17 00:00:00+00:00,56.37,56.97,54.88,55.49,455335.0,55.537,3373,False
2024-04-18 00:00:00+00:00,55.5,56.49,55.15,55.74,625755.0,55.898,4127,False
2024-04-19 00:00:00+00:00,54.19,58.98,53.75,57.44,2864959.0,56.912,17112,False
2024-04-22 00:00:00+00:00,57.21,59.21,57.21,58.67,818573.0,58.447,5499,False
2024-04-23 00:00:00+00:00,58.73,60.57,58.17,59.82,488338.0,59.793,3433,False
2024-04-24 00:00:00+00:00,59.01,60.43,58.6,59.37,325504.0,59.23,2251,False
2024-04-25 00:00:00+00:00,58.52,59.01,57.7,58.63,354691.0,58.543,2171,False
2024-04-26 00:00:00+00:00,58.57,59.5,58.32,58.68,375876.0,58.828,2526,False
2024-04-29 00:00:00+00:00,58.92,59.19,58.05,58.1,422647.0,58.687,2494,False
2024-04-30 00:00:00+00:00,57.72,58.67,56.8,56.83,414394.0,57.495,2636,False
2024-05-01 00:00:00+00:00,57.54,60.63,56.77,58.77,590777.0,58.759,3629,False
2024-05-02 00:00:00+00:00,59.75,59.99,58.78,59.96,441857.0,59.44,3075,False
2024-05-03 00:00:00+00:00,61.81,62.81,60.92,61.29,707627.0,61.706,4153,False
2024-05-06 00:00:00+00:00,62.01,63.65,61.73,62.43,709856.0,62.956,4554,False
2024-05-07 00:00:00+00:00,62.67,63.42,62.08,62.17,304149.0,62.605,2262,False
2024-05-08 00:00:00+00:00,61.41,63.05,61.41,62.98,274430.0,62.642,1972,False
2024-05-09 00:00:00+00:00,62.75,63.83,62.3,63.7,350259.0,63.335,2615,False
2024-05-10 00:00:00+00:00,64.0,64.17,62.77,63.75,425172.0,63.68,2316,False
2024-05-13 00:00:00+00:00,64.27,64.8,63.04,63.1,391227.0,63.817,2376,False
2024-05-14 00:00:00+00:00,64.04,64.04,63.02,63.96,268296.0,63.684,1840,False
2024-05-15 00:00:00+00:00,64.75,65.65,64.0,64.79,503470.0,64.851,3502,False
2024-05-16 00:00:00+00:00,64.65,65.38,63.79,64.45,335015.0,64.764,2263,False
2024-05-17 00:00:00+00:00,64.8,65.36,64.44,64.96,288577.0,65.012,1990,False
2024-05-20 00:00:00+00:00,65.01,65.79,64.23,64.38,364974.0,64.925,2638,False
2024-05-21 00:00:00+00:00,64.22,65.31,64.19,64.69,401192.0,64.654,2999,False
2024-05-22 00:00:00+00:00,64.41,65.06,63.79,64.36,240812.0,64.529,1787,False
2024-05-23 00:00:00+00:00,64.9,64.9,62.28,62.5,482524.0,63.233,3402,False
2024-05-24 00:00:00+00:00,62.8,63.14,62.4,62.96,318360.0,62.735,2081,False
2024-05-28 00:00:00+00:00,63.16,63.47,62.33,63.07,454139.0,62.996,2830,False
2024-05-29 00:00:00+00:00,61.69,62.0,60.68,61.4,347112.0,61.244,2231,False
2024-05-30 00:00:00+00:00,62.48,62.84,61.85,62.06,245355.0,62.32,1602,False
2024-05-31 00:00:00+00:00,62.41,63.24,62.2,63.03,454786.0,62.837,2522,False
2024-06-03 00:00:00+00:00,63.47,63.5,60.64,61.26,457035.0,61.223,2555,False
2024-06-04 00:00:00+00:00,60.24,60.68,58.87,59.64,472970.0,59.708,2609,False
2024-06-05 00:00:00+00:00,60.75,60.75,59.35,59.37,358414.0,59.651,2171,False
2024-06-06 00:00:00+00:00,59.65,60.3,58.82,58.96,289206.0,59.327,2247,False
2024-06-07 00:00:00+00:00,58.04,59.5,57.74,58.77,372666.0,58.959,1863,False
2024-06-10 00:00:00+00:00,58.0,58.47,57.53,57.92,459817.0,57.973,2859,False
2024-06-11 00:00:00+00:00,57.42,57.83,56.7,57.34,728626.0,57.277,3773,False
2024-06-12 00:00:00+00:00,59.42,62.23,59.42,61.06,1145739.0,61.299,7375,False
2024-06-13 00:00:00+00:00,60.77,61.16,60.21,60.59,367171.0,60.699,2134,False
2024-06-14 00:00:00+00:00,59.41,60.24,58.51,58.57,510013.0,58.801,3250,False
2024-06-17 00:00:00+00:00,58.66,59.73,57.76,59.71,408286.0,58.925,2405,False
2024-06-18 00:00:00+00:00,59.19,59.61,58.89,59.48,322280.0,59.211,2033,False
2024-06-20 00:00:00+00:00,59.28,59.87,58.91,59.68,318482.0,59.493,1618,False
2024-06-21 00:00:00+00:00,59.24,59.65,58.54,59.0,480928.0,58.889,2976,False
2024-06-24 00:00:00+00:00,59.7,62.0,59.49,61.05,467344.0,61.153,2887,False
2024-06-25 00:00:00+00:00,60.55,61.02,60.19,60.3,244809.0,60.44,1413,False
2024-06-26 00:00:00+00:00,59.71,60.84,59.66,60.76,226394.0,60.315,1461,False
2024-06-27 00:00:00+00:00,60.39,61.47,60.22,60.92,409217.0,61.065,2731,False
2024-06-28 00:00:00+00:00,61.39,63.33,61.39,62.82,624239.0,62.566,3991,False
2024-07-01 00:00:00+00:00,62.45,63.43,62.21,62.6,445837.0,62.692,2855,False
2024-07-02 00:00:00+00:00,62.3,64.45,62.3,64.13,575604.0,63.846,3159,False
2024-07-03 00:00:00+00:00,64.74,64.74,63.59,63.95,322126.0,64.033,1949,False
2024-07-05 00:00:00+00:00,63.67,64.45,62.53,62.96,506856.0,63.171,2913,False
2024-07-08 00:00:00+00:00,63.35,63.99,61.13,61.15,633605.0,61.988,3411,False
2024-07-09 00:00:00+00:00,61.1,62.58,60.26,62.43,852001.0,61.258,3528,False
2024-07-10 00:00:00+00:00,62.54,63.81,62.02,63.78,420144.0,63.128,2293,False
2024-07-11 00:00:00+00:00,65.31,67.35,64.46,67.0,794816.0,66.391,4154,False
2024-07-12 00:00:00+00:00,67.35,67.75,66.33,67.31,585222.0,67.317,3692,False
2024-07-15 00:00:00+00:00,68.43,70.69,68.31,69.84,1061860.0,69.89,6675,False
2024-07-16 00:00:00+00:00,70.49,73.77,69.87,73.71,942964.0,72.514,5987,False
2024-07-17 00:00:00+00:00,72.0,74.63,71.63,73.32,1206990.0,73.655,7259,False
2024-07-18 00:00:00+00:00,72.59,74.97,70.67,71.08,1531269.0,72.062,10006,False
2024-07-19 00:00:00+00:00,72.6,78.27,72.29,76.72,2363500.0,76.719,13095,False
2024-07-22 00:00:00+00:00,77.68,77.87,75.13,77.19,948809.0,76.51,5548,False
2024-07-23 00:00:00+00:00,76.66,78.83,76.17,77.99,403896.0,78.152,2653,False
2024-07-24 00:00:00+00:00,77.99,79.58,76.59,76.59,540280.0,78.019,3870,False
2024-07-25 00:00:00+00:00,76.52,81.15,76.19,79.86,1788373.0,79.863,8601,False
2024-07-26 00:00:00+00:00,80.93,81.9,79.89,81.39,885502.0,80.996,5753,False
2024-07-29 00:00:00+00:00,81.99,82.36,79.26,80.12,519952.0,80.132,3497,False
2024-07-30 00:00:00+00:00,80.97,81.26,79.34,80.44,474364.0,80.187,2925,False
2024-07-31 00:00:00+00:00,80.5,82.48,79.24,80.46,529828.0,80.569,3514,False
2024-08-01 00:00:00+00:00,80.07,80.44,75.81,76.31,1081549.0,76.968,6365,False
2024-08-02 00:00:00+00:00,73.8,74.01,70.61,72.98,1270240.0,72.192,7226,False
2024-08-05 00:00:00+00:00,68.97,73.73,67.08,73.32,1586770.0,72.152,10401,False
2024-08-06 00:00:00+00:00,73.33,74.91,72.47,72.95,668852.0,73.706,4130,False
2024-08-07 00:00:00+00:00,74.59,74.59,72.71,72.93,462179.0,73.498,3564,False
2024-08-08 00:00:00+00:00,74.23,74.5,72.84,74.03,439831.0,73.785,2985,False
2024-08-09 00:00:00+00:00,74.0,74.71,73.56,74.13,186940.0,74.096,1333,False
2024-08-12 00:00:00+00:00,74.89,76.05,73.14,73.37,287519.0,73.69,1993,False
2024-08-13 00:00:00+00:00,74.14,74.85,72.8,74.49,398943.0,74.194,2621,False
2024-08-14 00:00:00+00:00,74.77,74.85,73.62,74.62,476605.0,74.302,3011,False
2024-08-15 00:00:00+00:00,76.2,78.51,75.97,77.03,812225.0,77.626,5279,False
2024-08-16 00:00:00+00:00,76.24,79.03,76.24,78.59,620551.0,78.219,4684,False
2024-08-19 00:00:00+00:00,78.4,79.27,77.78,79.18,445276.0,78.527,2464,False
2024-08-20 00:00:00+00:00,78.61,78.64,77.32,77.39,178242.0,77.882,1161,False
2024-08-21 00:00:00+00:00,78.12,78.12,76.43,77.34,310165.0,77.01,2495,False
2024-08-22 00:00:00+00:00,77.31,78.44,77.08,77.43,296925.0,77.48,2175,False
2024-08-23 00:00:00+00:00,78.22,82.18,77.75,82.1,879781.0,80.629,5798,False
2024-08-26 00:00:00+00:00,82.68,83.24,80.78,80.9,399973.0,81.717,2839,False
2024-08-27 00:00:00+00:00,80.29,81.01,79.69,80.44,423984.0,80.238,2496,False
2024-08-28 00:00:00+00:00,80.16,81.56,80.15,80.6,440203.0,80.697,2899,False
2024-08-29 00:00:00+00:00,81.12,82.09,79.92,80.35,288928.0,81.204,1439,False
2024-08-30 00:00:00+00:00,80.99,81.73,79.83,81.68,395393.0,80.96,2669,False
2024-09-03 00:00:00+00:00,80.49,81.69,79.65,80.32,301230.0,80.246,2303,False
2024-09-04 00:00:00+00:00,79.53,80.62,78.97,79.89,410245.0,79.824,3084,False
2024-09-05 00:00:00+00:00,80.79,80.86,79.19,79.52,520669.0,79.686,3499,False
2024-09-06 00:00:00+00:00,79.9,80.24,77.73,78.72,556316.0,78.616,3937,False
2024-09-09 00:00:00+00:00,82.63,85.97,81.07,81.54,2620247.0,82.318,16964,False
2024-09-10 00:00:00+00:00,81.58,82.15,78.13,80.49,859967.0,79.763,6328,False
2024-09-11 00:00:00+00:00,79.64,79.68,77.26,78.69,830800.0,78.683,6066,False
2024-09-12 00:00:00+00:00,78.65,79.62,78.02,78.55,681305.0,78.613,5279,False
2024-09-13 00:00:00+00:00,79.41,82.02,79.41,81.91,902673.0,81.031,5934,False
2024-09-16 00:00:00+00:00,81.76,83.0,81.15,82.35,809512.0,82.409,4301,False
2024-09-17 00:00:00+00:00,82.84,85.17,82.8,83.22,922943.0,83.84,6191,False
2024-09-18 00:00:00+00:00,83.62,86.84,82.32,84.85,1477845.0,84.404,9668,False
2024-09-19 00:00:00+00:00,86.97,88.92,86.25,88.41,1909112.0,87.989,13802,False
2024-09-20 00:00:00+00:00,88.41,88.41,86.29,87.69,2676734.0,87.521,18309,False
2024-09-23 00:00:00+00:00,87.8,88.27,85.55,86.33,758809.0,86.47,4560,False
2024-09-24 00:00:00+00:00,86.3,86.67,84.74,84.85,796762.0,85.159,4979,False
2024-09-25 00:00:00+00:00,85.34,85.34,83.85,84.19,502207.0,84.214,3527,False
2024-09-26 00:00:00+00:00,85.89,86.24,84.76,85.36,498260.0,85.63,3079,False
2024-09-27 00:00:00+00:00,86.24,86.86,84.86,85.58,504170.0,85.917,3205,False
2024-09-30 00:00:00+00:00,85.5,87.32,85.19,86.49,468820.0,86.453,3193,False
2024-10-01 00:00:00+00:00,85.03,85.6,82.84,83.75,606719.0,84.064,4090,False
2024-10-02 00:00:00+00:00,83.93,84.68,82.85,83.02,449747.0,83.432,3049,False
2024-10-03 00:00:00+00:00,82.48,83.15,81.8,82.74,362424.0,82.66,2428,False
2024-10-04 00:00:00+00:00,84.75,85.14,83.16,84.41,661177.0,84.183,4113,False
2024-10-07 00:00:00+00:00,85.51,85.69,83.3,84.0,569393.0,84.232,3887,False
2024-10-08 00:00:00+00:00,84.12,84.86,83.74,83.74,387349.0,84.222,2898,False
2024-10-09 00:00:00+00:00,83.26,86.68,83.26,86.11,515461.0,85.785,3252,False
2024-10-10 00:00:00+00:00,85.65,86.46,84.98,85.43,401566.0,85.656,2716,False
2024-10-11 00:00:00+00:00,86.34,88.88,86.22,88.69,816294.0,88.119,5762,False
2024-10-14 00:00:00+00:00,88.55,89.48,87.77,88.8,690460.0,88.979,4123,False
2024-10-15 00:00:00+00:00,89.63,92.73,88.48,90.88,1081931.0,90.835,6264,False
2024-10-16 00:00:00+00:00,91.88,92.75,91.0,91.69,818427.0,91.849,5472,False
2024-10-17 00:00:00+00:00,92.34,94.28,90.57,93.92,1404418.0,93.598,8875,False
2024-10-18 00:00:00+00:00,88.3,88.75,85.37,85.53,3401196.0,87.115,19499,False
2024-10-21 00:00:00+00:00,84.22,84.83,80.28,80.51,1964624.0,81.527,11232,False
2024-10-22 00:00:00+00:00,80.75,83.06,80.66,82.34,1566621.0,81.937,7332,False
2024-10-23 00:00:00+00:00,81.77,83.0,81.28,82.34,853469.0,82.054,4814,False
2024-10-24 00:00:00+00:00,82.44,84.04,81.75,83.86,658461.0,83.333,4645,False
2024-10-25 00:00:00+00:00,84.79,84.85,81.92,82.14,650286.0,82.93,4585,False
2024-10-28 00:00:00+00:00,83.53,85.14,82.5,84.76,525162.0,83.969,3504,False
2024-10-29 00:00:00+00:00,84.4,84.65,83.12,83.94,422572.0,83.942,2690,False
2024-10-30 00:00:00+00:00,84.26,85.76,83.65,84.27,675352.0,84.485,4692,False
2024-10-31 00:00:00+00:00,84.27,84.66,83.16,83.21,345731.0,83.755,2609,False
2024-11-01 00:00:00+00:00,84.19,84.46,82.89,83.31,353634.0,83.404,2598,False
2024-11-04 00:00:00+00:00,82.81,83.27,80.88,82.41,462645.0,82.526,3162,False
2024-11-05 00:00:00+00:00,82.76,84.77,82.58,84.63,363262.0,84.005,2520,False
2024-11-06 00:00:00+00:00,91.57,96.45,91.1,96.1,2028146.0,93.744,11485,False
2024-11-07 00:00:00+00:00,94.41,95.3,89.38,90.35,1417051.0,91.937,9731,False
2024-11-08 00:00:00+00:00,91.29,91.53,89.02,89.87,563327.0,90.501,3979,False
2024-11-11 00:00:00+00:00,91.89,93.51,91.24,93.39,651176.0,92.921,4813,False
2024-11-12 00:00:00+00:00,92.78,94.33,91.88,93.0,633376.0,92.901,4640,False
2024-11-13 00:00:00+00:00,93.45,95.59,92.66,92.83,456669.0,93.984,2873,False
2024-11-14 00:00:00+00:00,93.35,93.75,91.35,91.86,356210.0,92.073,2674,False
2024-11-15 00:00:00+00:00,91.5,91.8,88.88,90.38,492435.0,90.091,3431,False
2024-11-18 00:00:00+00:00,90.32,90.32,88.86,89.27,368942.0,89.399,2818,False
2024-11-19 00:00:00+00:00,88.0,89.84,87.67,89.16,329926.0,89.199,2245,False
2024-11-20 00:00:00+00:00,88.9,89.5,88.0,89.17,268393.0,88.739,1827,False
2024-11-21 00:00:00+00:00,90.05,92.63,89.47,91.28,443326.0,91.609,2901,False
2024-11-22 00:00:00+00:00,91.39,93.9,90.94,93.65,420555.0,93.297,2964,False
2024-11-25 00:00:00+00:00,95.3,98.1,95.03,95.66,653498.0,96.631,4414,False
2024-11-26 00:00:00+00:00,95.01,95.01,93.41,94.03,252329.0,94.041,1905,False
2024-11-27 00:00:00+00:00,94.9,95.91,93.4,93.5,222799.0,93.975,1637,False
2024-11-29 00:00:00+00:00,94.99,94.99,92.54,93.61,209467.0,93.711,1423,False
2024-12-02 00:00:00+00:00,94.2,94.2,92.57,93.19,295146.0,93.394,2147,False
2024-12-03 00:00:00+00:00,93.42,94.02,92.08,92.77,274564.0,92.931,2235,False
2024-12-04 00:00:00+00:00,92.96,93.11,91.13,92.36,212827.0,92.035,1470,False
2024-12-05 00:00:00+00:00,93.09,94.22,91.9,91.96,194891.0,92.737,1409,False
2024-12-06 00:00:00+00:00,92.73,93.86,91.5,93.74,219532.0,93.048,1636,False
2024-12-09 00:00:00+00:00,93.77,95.0,91.53,91.66,227238.0,93.145,1608,False
2024-12-10 00:00:00+00:00,92.09,92.09,90.0,90.23,379987.0,90.968,2584,False
2024-12-11 00:00:00+00:00,91.37,91.71,90.48,90.91,220074.0,91.177,1703,False
2024-12-12 00:00:00+00:00,90.75,91.59,89.2,90.4,337892.0,90.38,2239,False
2024-12-13 00:00:00+00:00,90.4,90.78,88.51,89.7,316799.0,89.39,2315,False
2024-12-16 00:00:00+00:00,89.68,91.37,89.31,91.09,295306.0,90.68,2172,False
2024-12-17 00:00:00+00:00,90.71,91.58,87.64,88.33,506399.0,88.789,3075,False
2024-12-18 00:00:00+00:00,88.86,89.08,83.71,83.74,2162664.0,86.153,12509,False
2024-12-19 00:00:00+00:00,85.07,86.49,82.85,82.86,816172.0,83.862,5570,False
2024-12-20 00:00:00+00:00,82.24,85.43,82.01,84.62,732450.0,84.444,4532,False
2024-12-23 00:00:00+00:00,84.4,85.4,83.63,84.82,535301.0,84.638,3650,False
2024-12-24 00:00:00+00:00,84.8,85.45,83.41,84.75,201473.0,84.113,1453,False
2024-12-26 00:00:00+00:00,84.36,84.81,83.2,84.66,245276.0,84.335,1841,False
2024-12-27 00:00:00+00:00,83.99,85.23,82.84,83.68,312470.0,83.653,2194,False
2024-12-30 00:00:00+00:00,83.03,84.05,82.23,83.57,216105.0,83.401,1589,False
2024-12-31 00:00:00+00:00,83.71,84.51,83.06,83.54,196907.0,83.679,1489,False
2025-01-02 00:00:00+00:00,84.21,85.55,81.99,82.9,394851.0,83.034,2478,False
2025-01-03 00:00:00+00:00,83.11,84.4,81.67,84.4,471928.0,83.267,3224,False
2025-01-06 00:00:00+00:00,85.05,87.84,83.56,83.68,712073.0,85.204,4797,False
2025-01-07 00:00:00+00:00,84.06,84.65,79.93,81.65,741105.0,81.256,5237,False
2025-01-08 00:00:00+00:00,80.98,81.47,79.94,80.77,620606.0,80.711,3691,False
2025-01-10 00:00:00+00:00,78.81,79.68,77.12,78.4,717312.0,78.016,4712,False
2025-01-13 00:00:00+00:00,78.0,80.02,77.99,79.89,523757.0,79.27,3592,False
2025-01-14 00:00:00+00:00,81.09,83.65,80.26,83.58,543521.0,82.263,3482,False
2025-01-15 00:00:00+00:00,87.62,88.25,85.95,87.87,992580.0,87.097,6384,False
2025-01-16 00:00:00+00:00,87.58,88.15,85.03,87.05,764585.0,86.454,5130,False
2025-01-17 00:00:00+00:00,88.1,89.81,87.43,89.73,667381.0,88.988,4291,False
2025-01-21 00:00:00+00:00,91.06,92.84,90.5,92.32,1138654.0,91.947,8064,False
2025-01-22 00:00:00+00:00,91.81,92.55,90.79,92.39,741416.0,91.832,4347,False
2025-01-23 00:00:00+00:00,92.5,93.68,91.26,91.4,725197.0,92.374,5477,False
2025-01-24 00:00:00+00:00,91.4,93.2,90.75,92.15,704415.0,92.277,4072,False
2025-01-27 00:00:00+00:00,92.13,94.25,91.77,94.0,1321113.0,93.139,9257,False
2025-01-28 00:00:00+00:00,93.38,94.4,87.01,89.17,1666539.0,89.264,11792,False
2025-01-29 00:00:00+00:00,89.0,89.75,87.86,88.05,827910.0,88.789,5729,False
2025-01-30 00:00:00+00:00,89.19,91.39,88.87,89.39,567390.0,90.276,3998,False
2025-01-31 00:00:00+00:00,90.17,90.98,87.32,87.87,605520.0,88.44,4494,False
2025-02-03 00:00:00+00:00,85.01,87.01,83.94,84.39,644354.0,85.316,4787,False
2025-02-04 00:00:00+00:00,85.05,87.85,84.5,86.59,420569.0,86.71,3227,False
2025-02-05 00:00:00+00:00,87.37,89.32,86.15,88.77,570111.0,88.253,4183,False
2025-02-06 00:00:00+00:00,89.62,90.83,88.92,90.61,457957.0,90.105,3028,False
2025-02-07 00:00:00+00:00,90.61,90.91,88.82,89.89,333661.0,89.838,2464,False
2025-02-10 00:00:00+00:00,89.94,89.94,87.45,87.6,277385.0,88.273,1993,False
2025-02-11 00:00:00+00:00,86.69,89.61,86.69,89.59,251312.0,88.905,1842,False
2025-02-12 00:00:00+00:00,88.21,89.1,86.01,86.03,478847.0,87.103,3078,False
2025-02-13 00:00:00+00:00,86.2,87.41,85.5,87.35,288379.0,86.488,1974,False
2025-02-14 00:00:00+00:00,87.08,89.07,87.08,88.75,301055.0,88.398,2272,False
2025-02-18 00:00:00+00:00,89.06,92.11,88.59,91.87,856264.0,91.056,5729,False
2025-02-19 00:00:00+00:00,90.51,93.81,90.51,93.0,691895.0,92.349,4844,False
2025-02-20 00:00:00+00:00,92.56,92.6,88.48,89.73,813378.0,89.942,5493,False
2025-02-21 00:00:00+00:00,90.13,90.57,85.71,87.04,1104255.0,87.255,7630,False
2025-02-24 00:00:00+00:00,88.0,88.0,84.22,86.0,745328.0,86.326,4894,False
2025-02-25 00:00:00+00:00,86.57,87.78,84.17,85.38,880208.0,85.791,4761,False
2025-02-26 00:00:00+00:00,85.87,87.41,85.24,86.21,689563.0,86.476,4432,False
2025-02-27 00:00:00+00:00,86.43,88.44,85.96,86.16,560528.0,86.629,3862,False
2025-02-28 00:00:00+00:00,86.28,87.42,85.68,86.92,569867.0,86.725,4038,False
2025-03-03 00:00:00+00:00,86.73,87.69,83.33,84.1,441669.0,85.414,3317,False
2025-03-04 00:00:00+00:00,82.41,83.36,77.98,81.16,904938.0,80.791,6235,False
2025-03-05 00:00:00+00:00,81.48,81.79,78.83,81.19,517218.0,80.451,3589,False
2025-03-06 00:00:00+00:00,79.87,80.45,78.05,78.52,616218.0,78.782,4552,False
2025-03-07 00:00:00+00:00,78.22,78.3,75.2,77.31,1037760.0,76.726,6835,False
2025-03-10 00:00:00+00:00,75.66,76.16,72.25,72.65,950806.0,73.541,5971,False
2025-03-11 00:00:00+00:00,72.49,74.8,71.58,73.65,749302.0,73.199,4856,False
2025-03-12 00:00:00+00:00,75.11,77.35,74.4,75.8,739776.0,76.09,5139,False
2025-03-13 00:00:00+00:00,76.03,77.09,74.51,74.76,403682.0,75.376,2741,False
2025-03-14 00:00:00+00:00,75.98,77.56,75.48,77.24,655628.0,76.812,4088,False
2025-03-17 00:00:00+00:00,77.07,78.04,76.5,77.08,614684.0,77.324,4099,False
2025-03-18 00:00:00+00:00,76.87,77.4,75.01,75.06,622479.0,75.484,4490,False
2025-03-19 00:00:00+00:00,75.02,77.14,74.8,76.78,482737.0,76.064,3487,False
2025-03-20 00:00:00+00:00,75.74,78.34,75.74,76.61,341072.0,77.417,2642,False
2025-03-21 00:00:00+00:00,76.58,77.84,75.24,77.44,561334.0,76.812,3079,False
2025-03-24 00:00:00+00:00,79.12,80.82,78.5,80.51,349744.0,79.906,2300,False
2025-03-25 00:00:00+00:00,80.35,81.57,79.93,80.56,311971.0,80.911,2189,False
2025-03-26 00:00:00+00:00,80.92,81.94,79.64,79.94,312153.0,80.454,2017,False
2025-03-27 00:00:00+00:00,79.88,80.23,77.59,77.88,399496.0,78.383,2843,False
2025-03-28 00:00:00+00:00,77.26,78.72,75.12,76.12,213869.0,76.172,1623,False
2025-03-31 00:00:00+00:00,74.76,77.25,74.33,76.83,381524.0,75.979,2291,False
2025-04-01 00:00:00+00:00,76.01,76.49,74.15,75.71,451801.0,75.274,3381,False
2025-04-02 00:00:00+00:00,74.57,77.73,74.57,77.64,317637.0,76.858,2184,False
2025-04-03 00:00:00+00:00,73.48,73.48,65.2,65.27,2929608.0,67.022,17169,False
2025-04-04 00:00:00+00:00,62.3,62.64,57.05,62.1,1989815.0,60.374,13249,False
2025-04-07 00:00:00+00:00,59.6,65.47,57.61,62.16,1621520.0,61.505,11300,False
2025-04-08 00:00:00+00:00,65.14,65.6,59.88,61.0,796244.0,62.693,4960,False
2025-04-09 00:00:00+00:00,59.21,69.45,57.15,68.54,2156339.0,63.494,14613,False
2025-04-10 00:00:00+00:00,65.81,66.64,60.18,63.23,1078321.0,62.379,6962,False
2025-04-11 00:00:00+00:00,63.0,63.55,60.01,63.21,904228.0,62.018,6074,False
2025-04-14 00:00:00+00:00,64.83,65.12,62.52,63.93,698949.0,63.648,4753,False
2025-04-15 00:00:00+00:00,64.18,67.0,64.14,66.07,677241.0,66.138,5154,False
2025-04-16 00:00:00+00:00,65.29,66.42,64.43,65.24,550953.0,65.28,3884,False
2025-04-17 00:00:00+00:00,65.8,67.04,65.59,66.32,427882.0,66.334,3014,False
2025-04-21 00:00:00+00:00,65.37,66.39,63.54,64.88,656225.0,64.463,4035,False
2025-04-22 00:00:00+00:00,66.46,66.46,62.37,65.34,1273940.0,64.309,7402,False
2025-04-23 00:00:00+00:00,68.34,71.82,67.75,68.7,1068878.0,69.209,7237,False
2025-04-24 00:00:00+00:00,68.41,70.93,68.01,70.8,602713.0,70.21,3725,False
2025-04-25 00:00:00+00:00,70.16,71.39,69.17,69.7,381167.0,70.196,2773,False
2025-04-28 00:00:00+00:00,69.75,70.81,69.31,70.4,383184.0,70.116,2709,False
2025-04-29 00:00:00+00:00,70.06,71.6,69.26,70.98,394128.0,70.922,2725,False
2025-04-30 00:00:00+00:00,68.85,69.79,67.91,69.71,481407.0,69.01,3251,False
2025-05-01 00:00:00+00:00,69.82,71.71,69.33,70.98,213822.0,71.142,1480,False
2025-05-02 00:00:00+00:00,72.3,73.89,71.93,72.83,622845.0,73.083,4242,False
2025-05-05 00:00:00+00:00,71.77,74.09,71.02,72.01,547741.0,72.912,3636,False
2025-05-06 00:00:00+00:00,70.61,71.97,70.44,71.13,192980.0,71.38,1430,False
2025-05-07 00:00:00+00:00,72.09,72.47,71.08,71.41,262206.0,71.731,1927,False
2025-05-08 00:00:00+00:00,72.6,75.71,71.73,74.95,497305.0,74.849,3960,False
2025-05-09 00:00:00+00:00,74.96,75.33,73.7,74.47,192878.0,74.344,1362,False
2025-05-12 00:00:00+00:00,78.5,80.99,78.19,79.2,1034469.0,79.507,6129,False
2025-05-13 00:00:00+00:00,79.86,80.42,78.76,79.67,703938.0,79.779,4190,False
2025-05-14 00:00:00+00:00,79.45,80.47,79.23,79.94,461331.0,79.953,3179,False
2025-05-15 00:00:00+00:00,79.13,80.14,77.91,78.36,340742.0,78.487,2401,False
2025-05-16 00:00:00+00:00,78.31,79.03,77.5,78.13,372909.0,78.463,2622,False
2025-05-19 00:00:00+00:00,77.1,77.51,76.66,77.33,309063.0,77.197,2120,False
2025-05-20 00:00:00+00:00,77.0,77.1,75.34,75.6,440368.0,75.961,3065,False
2025-05-21 00:00:00+00:00,74.75,74.85,71.76,71.85,585242.0,72.972,4304,False
2025-05-22 00:00:00+00:00,71.16,72.75,71.09,72.23,364138.0,72.196,2557,False
2025-05-23 00:00:00+00:00,69.89,72.25,69.89,71.46,190442.0,71.427,1218,False
2025-05-27 00:00:00+00:00,73.59,74.38,71.85,74.22,609863.0,73.573,3627,False
2025-05-28 00:00:00+00:00,74.38,74.58,72.68,72.76,279740.0,73.373,1899,False
2025-05-29 00:00:00+00:00,73.91,73.91,72.81,73.48,208623.0,73.218,1331,False
2025-05-30 00:00:00+00:00,72.79,73.6,71.9,72.41,398068.0,72.702,2761,False
2025-06-02 00:00:00+00:00,71.93,72.16,70.25,71.71,301622.0,71.517,2276,False
2025-06-03 00:00:00+00:00,71.9,73.51,71.37,73.22,266403.0,72.972,2033,False
2025-06-04 00:00:00+00:00,73.05,73.66,72.03,72.03,168033.0,72.558,1258,False
2025-06-05 00:00:00+00:00,72.01,72.89,71.18,72.12,249269.0,72.051,1938,False
2025-06-06 00:00:00+00:00,74.0,74.54,72.86,74.32,631488.0,73.652,3885,False
2025-06-09 00:00:00+00:00,74.72,75.18,73.87,73.91,317427.0,74.409,2393,False
2025-06-10 00:00:00+00:00,74.49,75.48,73.55,75.08,454124.0,74.731,3352,False
2025-06-11 00:00:00+00:00,75.75,76.77,74.11,74.39,374814.0,75.482,2466,False
2025-06-12 00:00:00+00:00,73.75,73.85,72.38,73.79,174975.0,73.446,1233,False
2025-06-13 00:00:00+00:00,72.01,72.63,70.95,71.29,320520.0,71.576,2202,False
2025-06-16 00:00:00+00:00,72.61,73.33,71.29,72.25,326399.0,72.454,2120,False
2025-06-17 00:00:00+00:00,71.41,72.28,70.54,70.79,231825.0,71.083,1546,False
2025-06-18 00:00:00+00:00,70.38,73.15,70.38,72.38,229538.0,72.453,1628,False
2025-06-20 00:00:00+00:00,72.88,73.55,72.47,73.42,304458.0,73.026,1632,False
2025-06-23 00:00:00+00:00,72.62,74.86,71.96,74.7,302421.0,73.823,1989,False
2025-06-24 00:00:00+00:00,75.75,77.23,75.45,75.91,273149.0,76.375,1898,False
2025-06-25 00:00:00+00:00,75.83,75.94,75.0,75.5,192079.0,75.515,1303,False
2025-06-26 00:00:00+00:00,75.88,77.93,75.73,77.68,277695.0,76.985,2094,False
2025-06-27 00:00:00+00:00,78.39,78.39,76.84,77.62,315093.0,77.686,2212,False
2025-06-30 00:00:00+00:00,78.35,78.85,77.72,77.98,419817.0,78.412,2589,False
2025-07-01 00:00:00+00:00,77.77,83.23,77.5,81.03,1044164.0,81.149,6282,False
2025-07-02 00:00:00+00:00,82.09,84.21,81.09,84.18,776008.0,83.283,5506,False
2025-07-03 00:00:00+00:00,84.75,86.1,84.75,85.1,400628.0,85.475,2508,False
2025-07-07 00:00:00+00:00,84.88,85.69,82.56,83.7,510747.0,83.755,3248,False
2025-07-08 00:00:00+00:00,84.33,85.75,83.54,84.64,324066.0,85.009,2361,False
2025-07-09 00:00:00+00:00,85.63,86.06,84.08,84.63,323040.0,84.758,2447,False
2025-07-10 00:00:00+00:00,84.77,86.28,84.17,85.11,448037.0,85.535,3246,False
2025-07-11 00:00:00+00:00,84.33,85.31,83.88,84.49,273330.0,84.44,2002,False
2025-07-14 00:00:00+00:00,84.49,85.24,84.07,85.24,346987.0,84.789,2717,False
2025-07-15 00:00:00+00:00,84.84,85.45,80.94,80.99,600004.0,82.446,4535,False
2025-07-16 00:00:00+00:00,81.97,82.6,80.0,82.36,489106.0,81.724,3564,False
2025-07-17 00:00:00+00:00,82.5,84.86,82.0,84.61,706211.0,84.201,4873,False
2025-07-18 00:00:00+00:00,81.89,83.69,80.63,81.24,1605993.0,81.962,11082,False
2025-07-21 00:00:00+00:00,81.42,82.44,80.01,80.01,618603.0,81.155,4328,False
2025-07-22 00:00:00+00:00,80.18,82.63,79.67,82.05,1819470.0,81.782,8835,False
2025-07-23 00:00:00+00:00,83.03,84.41,81.86,83.54,812020.0,83.374,5774,False
2025-07-24 00:00:00+00:00,83.26,84.38,82.68,83.21,970341.0,83.509,5700,False
2025-07-25 00:00:00+00:00,83.02,83.14,80.58,82.18,551961.0,82.032,3353,False
2025-07-28 00:00:00+00:00,82.27,82.49,80.26,80.72,388978.0,80.924,2870,False
2025-07-29 00:00:00+00:00,81.5,81.67,80.08,80.34,316588.0,80.832,2082,False
2025-07-30 00:00:00+00:00,80.79,81.5,78.78,79.11,370527.0,79.871,2467,False
2025-07-31 00:00:00+00:00,78.68,79.16,77.02,77.56,523433.0,77.632,3119,False
2025-08-01 00:00:00+00:00,75.81,76.68,73.58,76.33,466575.0,75.674,3331,False
2025-08-04 00:00:00+00:00,76.46,77.68,76.06,77.4,353940.0,77.202,2479,False
2025-08-05 00:00:00+00:00,78.09,78.91,75.89,78.8,422717.0,77.959,2612,False
2025-08-06 00:00:00+00:00,78.9,79.55,77.63,77.75,483693.0,78.394,3102,False
2025-08-07 00:00:00+00:00,78.82,78.84,77.18,78.1,659582.0,78.291,4733,False
2025-08-08 00:00:00+00:00,79.02,79.38,78.16,79.17,399039.0,78.977,2831,False
2025-08-11 00:00:00+00:00,79.26,79.88,77.38,77.45,356957.0,77.994,2629,False
2025-08-12 00:00:00+00:00,78.32,82.74,78.32,82.7,602097.0,81.487,4086,False
2025-08-13 00:00:00+00:00,83.16,84.84,82.94,84.72,495289.0,84.179,3558,False
2025-08-14 00:00:00+00:00,83.47,84.1,82.42,83.94,264415.0,83.376,1862,False
2025-08-15 00:00:00+00:00,84.16,84.38,82.5,82.55,338948.0,83.132,2647,False
2025-08-18 00:00:00+00:00,82.06,82.91,81.94,82.88,332565.0,82.509,2131,False
2025-08-19 00:00:00+00:00,82.6,83.37,81.32,82.05,429936.0,82.1,2933,False
2025-08-20 00:00:00+00:00,81.94,82.74,81.23,82.48,389370.0,82.198,2783,False
2025-08-21 00:00:00+00:00,81.8,82.28,81.2,81.45,257237.0,81.609,1700,False
2025-08-22 00:00:00+00:00,81.66,88.45,81.55,87.13,1377978.0,87.035,8374,False
2025-08-25 00:00:00+00:00,86.71,87.43,86.25,86.84,498174.0,86.825,3215,False
2025-08-26 00:00:00+00:00,87.0,89.04,86.87,88.07,393180.0,88.267,2726,False
2025-08-27 00:00:00+00:00,87.7,89.31,87.5,88.63,468649.0,88.798,3163,False
2025-08-28 00:00:00+00:00,89.35,89.43,88.12,88.99,467239.0,88.973,3260,False
2025-08-29 00:00:00+00:00,89.02,89.99,88.71,89.55,455179.0,89.559,3666,False
2025-09-02 00:00:00+00:00,87.87,89.08,87.1,88.96,383352.0,88.339,2836,False
2025-09-03 00:00:00+00:00,88.74,90.25,88.74,89.53,418802.0,89.461,2927,False
2025-09-04 00:00:00+00:00,90.0,91.34,89.67,91.34,371142.0,90.865,2674,False
2025-09-05 00:00:00+00:00,92.0,93.29,89.32,90.65,708357.0,91.29,5121,False
2025-09-08 00:00:00+00:00,90.01,90.51,88.07,89.33,526520.0,89.348,4287,False
2025-09-09 00:00:00+00:00,89.04,89.66,87.94,88.36,331599.0,88.609,2563,False
2025-09-10 00:00:00+00:00,88.85,89.94,88.04,88.78,358948.0,88.973,2841,False
2025-09-11 00:00:00+00:00,88.84,90.09,88.13,89.63,657737.0,89.37,5031,False
2025-09-12 00:00:00+00:00,89.55,89.6,88.44,88.49,493700.0,88.881,3916,False
2025-09-15 00:00:00+00:00,89.87,91.61,88.6,89.05,930433.0,89.52,7169,False
2025-09-16 00:00:00+00:00,88.75,88.98,85.43,87.31,818108.0,86.989,5464,False
2025-09-17 00:00:00+00:00,87.54,91.63,87.26,88.86,750097.0,89.326,5052,False
2025-09-18 00:00:00+00:00,89.49,92.2,88.78,91.49,893193.0,91.502,6524,False
2025-09-19 00:00:00+00:00,91.43,92.09,90.47,90.98,788017.0,91.347,4321,False
2025-09-22 00:00:00+00:00,90.3,90.86,88.94,89.51,420389.0,89.646,2643,False
2025-09-23 00:00:00+00:00,89.84,91.77,89.08,89.63,400987.0,90.287,2725,False
2025-09-24 00:00:00+00:00,89.81,90.63,88.38,89.02,289688.0,89.298,2334,False
2025-09-25 00:00:00+00:00,88.91,89.28,87.02,88.25,428586.0,88.04,3321,False
2025-09-26 00:00:00+00:00,88.88,89.09,86.68,88.27,607371.0,87.864,4547,False
2025-09-29 00:00:00+00:00,88.18,88.36,86.36,87.11,415471.0,87.033,3024,False
2025-09-30 00:00:00+00:00,87.53,87.7,84.87,86.72,394011.0,85.917,2898,False
2025-10-01 00:00:00+00:00,86.47,86.61,85.03,86.01,402959.0,85.957,3046,False
2025-10-02 00:00:00+00:00,85.92,86.31,84.04,85.48,690177.0,84.998,5006,False
2025-10-03 00:00:00+00:00,86.25,87.22,85.86,86.75,329357.0,86.685,2369,False
2025-10-06 00:00:00+00:00,87.57,89.23,86.41,87.42,423049.0,87.592,2745,False
2025-10-07 00:00:00+00:00,87.52,88.12,85.88,86.0,253454.0,86.61,1833,False
2025-10-08 00:00:00+00:00,87.09,87.09,81.45,82.35,2298102.0,82.924,13119,False
2025-10-09 00:00:00+00:00,82.9,82.9,79.51,79.53,1600455.0,80.348,10627,False
2025-10-10 00:00:00+00:00,79.74,79.74,74.6,74.93,2075757.0,76.532,12517,False
2025-10-13 00:00:00+00:00,77.59,78.88,76.17,78.85,1060031.0,78.099,7453,False
2025-10-14 00:00:00+00:00,78.01,82.98,77.81,82.11,742789.0,81.261,4519,False
2025-10-15 00:00:00+00:00,82.82,82.92,77.79,78.84,738256.0,79.215,4916,False
2025-10-16 00:00:00+00:00,73.7,74.82,68.61,70.32,5627144.0,71.727,29487,False
2025-10-17 00:00:00+00:00,71.69,73.9,70.28,72.48,2386984.0,72.051,14593,False
2025-10-20 00:00:00+00:00,73.1,75.58,72.6,75.4,1115114.0,74.561,5952,False
2025-10-21 00:00:00+00:00,75.35,76.92,74.8,76.25,1077388.0,76.176,5582,False
2025-10-22 00:00:00+00:00,79.09,79.52,76.43,78.72,1421897.0,78.042,8832,False
2025-10-23 00:00:00+00:00,78.5,78.71,76.84,77.09,650013.0,77.566,4288,False
2025-10-24 00:00:00+00:00,78.22,79.57,77.75,79.3,504310.0,79.136,3157,False
2025-10-27 00:00:00+00:00,80.5,80.57,78.67,79.32,569003.0,79.372,3586,False
2025-10-28 00:00:00+00:00,79.33,79.71,78.0,78.76,406711.0,78.649,2912,False
2025-10-29 00:00:00+00:00,77.97,78.69,75.66,76.12,662169.0,77.044,4720,False
2025-10-30 00:00:00+00:00,75.7,77.8,75.68,76.63,473161.0,76.936,3008,False
2025-10-31 00:00:00+00:00,77.04,77.53,75.77,77.35,428643.0,77.097,2799,False
2025-11-03 00:00:00+00:00,76.74,77.0,75.01,76.91,592902.0,76.28,4021,False
2025-11-04 00:00:00+00:00,76.16,77.86,75.09,77.45,432069.0,77.115,3137,False
2025-11-05 00:00:00+00:00,77.45,79.59,77.18,78.52,935869.0,79.013,3453,False
2025-11-06 00:00:00+00:00,79.08,79.54,77.7,78.68,536302.0,78.56,3694,False
2025-11-07 00:00:00+00:00,78.0,80.02,77.34,79.99,492599.0,78.649,2928,False
2025-11-10 00:00:00+00:00,80.43,81.15,78.97,79.61,241150.0,79.888,1814,False
2025-11-11 00:00:00+00:00,79.53,80.6,78.82,79.95,328494.0,79.854,1915,False
2025-11-12 00:00:00+00:00,79.9,81.71,79.9,80.43,297682.0,80.508,2337,False
2025-11-13 00:00:00+00:00,79.42,80.46,77.84,78.18,296820.0,78.678,2114,False
2025-11-14 00:00:00+00:00,77.45,78.45,76.84,78.16,330039.0,77.971,2265,False
2025-11-17 00:00:00+00:00,77.87,78.5,73.24,73.86,526109.0,74.776,3224,False
2025-11-18 00:00:00+00:00,73.25,75.3,73.25,73.97,463740.0,74.4,2965,False
2025-11-19 00:00:00+00:00,74.3,75.6,73.96,75.54,442782.0,74.933,2901,False
2025-11-20 00:00:00+00:00,76.64,78.07,75.13,75.95,704389.0,76.246,4571,False
2025-11-21 00:00:00+00:00,76.47,80.09,76.25,79.13,601849.0,78.741,4460,False
2025-11-24 00:00:00+00:00,78.74,79.63,78.31,79.18,266764.0,79.134,1711,False
2025-11-25 00:00:00+00:00,79.85,82.04,79.49,81.05,596605.0,81.064,3460,False
2025-11-26 00:00:00+00:00,80.37,82.51,80.01,81.1,406571.0,81.478,2842,False
2025-11-28 00:00:00+00:00,81.7,81.94,80.88,81.53,135359.0,81.569,1033,False
2025-12-01 00:00:00+00:00,81.24,82.77,80.83,82.06,423049.0,82.081,3129,False
2025-12-02 00:00:00+00:00,82.6,82.93,81.63,81.74,271121.0,82.323,2156,False
2025-12-03 00:00:00+00:00,81.94,84.98,81.63,84.91,498294.0,83.91,3115,False
2025-12-04 00:00:00+00:00,84.65,85.89,84.65,85.17,301909.0,85.32,2102,False
2025-12-05 00:00:00+00:00,84.37,86.5,84.37,85.36,381590.0,85.734,3080,False
2025-12-08 00:00:00+00:00,85.31,86.38,83.81,84.24,487442.0,84.605,3592,False
2025-12-09 00:00:00+00:00,84.16,85.56,82.54,82.86,501001.0,83.608,3473,False
2025-12-10 00:00:00+00:00,83.19,87.84,83.19,86.82,515132.0,85.922,3462,False
2025-12-11 00:00:00+00:00,86.48,89.23,86.48,87.49,757542.0,87.907,4283,False
2025-12-12 00:00:00+00:00,88.39,88.39,86.49,87.59,540555.0,87.249,4170,False
2025-12-15 00:00:00+00:00,88.39,88.63,86.01,86.18,504033.0,86.616,3379,False
2025-12-16 00:00:00+00:00,86.06,86.41,85.14,86.2,321347.0,85.793,2451,False
2025-12-17 00:00:00+00:00,85.84,87.4,85.32,86.21,341450.0,86.273,2351,False
2025-12-18 00:00:00+00:00,87.1,87.78,85.68,86.8,436890.0,86.67,3216,False
2025-12-19 00:00:00+00:00,86.28,87.29,86.07,86.36,529350.0,86.386,2859,False
2025-12-22 00:00:00+00:00,87.0,88.0,86.79,87.86,425852.0,87.604,2782,False
2025-12-23 00:00:00+00:00,88.09,88.09,86.48,86.57,407413.0,87.097,2710,False
2025-12-24 00:00:00+00:00,86.92,86.92,85.88,86.65,116151.0,86.534,817,False
2025-12-26 00:00:00+00:00,86.9,86.9,85.88,86.56,223562.0,86.269,1494,False
2025-12-29 00:00:00+00:00,86.7,86.86,84.93,85.35,214161.0,85.361,1621,False
2025-12-30 00:00:00+00:00,85.4,85.55,84.51,84.64,192090.0,84.938,1553,False
2025-12-31 00:00:00+00:00,84.91,85.0,83.81,84.07,201226.0,84.266,1662,False
2026-01-02 00:00:00+00:00,84.17,85.99,82.86,85.47,291422.0,84.603,2188,False
2026-01-05 00:00:00+00:00,84.7,88.01,84.7,87.31,418038.0,87.117,2657,False
2026-01-06 00:00:00+00:00,86.84,88.64,86.38,88.54,450287.0,87.917,2704,False
2026-01-07 00:00:00+00:00,88.7,88.83,86.66,87.9,315971.0,87.63,2322,False
2026-01-08 00:00:00+00:00,87.58,90.7,87.58,89.72,592110.0,90.068,3368,False
2026-01-09 00:00:00+00:00,90.16,91.56,89.89,90.11,372822.0,90.736,2586,False
2026-01-12 00:00:00+00:00,88.6,89.3,86.68,87.46,304426.0,87.461,2123,False
2026-01-13 00:00:00+00:00,87.48,88.15,87.03,87.5,228625.0,87.517,1527,False
2026-01-14 00:00:00+00:00,87.05,88.84,86.82,88.32,327666.0,88.123,2333,False
2026-01-15 00:00:00+00:00,88.79,90.77,88.62,89.83,346795.0,89.902,2232,False
2026-01-16 00:00:00+00:00,89.75,90.47,88.3,88.37,255874.0,89.112,1878,False
2026-01-20 00:00:00+00:00,86.56,88.24,85.62,85.75,262629.0,86.562,1961,False
2026-01-21 00:00:00+00:00,87.03,91.43,87.01,90.73,634914.0,90.253,4405,False
2026-01-22 00:00:00+00:00,91.17,92.55,90.35,90.88,238864.0,91.416,1556,False
2026-01-23 00:00:00+00:00,90.04,90.51,86.65,87.0,441490.0,87.96,2898,False
2026-01-26 00:00:00+00:00,87.35,88.83,86.79,88.42,562288.0,87.917,3583,False
2026-01-27 00:00:00+00:00,91.0,91.28,86.71,89.45,1101722.0,89.386,7249,False
2026-01-28 00:00:00+00:00,88.38,90.24,88.01,88.68,602753.0,88.915,4380,False
2026-01-29 00:00:00+00:00,89.47,90.23,87.59,90.21,595477.0,88.988,3795,False
2026-01-30 00:00:00+00:00,90.27,90.67,87.93,89.15,478541.0,89.035,3239,False
2026-02-02 00:00:00+00:00,88.28,90.86,88.01,89.65,344780.0,89.91,2308,False
2026-02-03 00:00:00+00:00,89.63,92.71,87.7,91.35,836801.0,90.278,5540,False
2026-02-04 00:00:00+00:00,91.86,93.7,90.91,92.16,575594.0,92.306,3245,False
2026-02-05 00:00:00+00:00,91.57,93.0,89.15,91.11,488608.0,90.59,3418,False
2026-02-06 00:00:00+00:00,92.39,94.68,91.6,94.39,804016.0,93.87,5032,False
2026-02-09 00:00:00+00:00,93.98,96.99,93.98,96.08,523303.0,96.171,3810,False
2026-02-10 00:00:00+00:00,96.2,97.23,93.11,94.92,331057.0,94.865,2506,False
2026-02-11 00:00:00+00:00,95.94,96.87,93.5,94.83,420104.0,94.7,3000,False
2026-02-12 00:00:00+00:00,95.86,96.51,91.8,94.26,1181398.0,93.765,5882,False
2026-02-13 00:00:00+00:00,93.42,94.78,92.54,93.2,829218.0,93.506,5495,False
2026-02-17 00:00:00+00:00,94.0,95.05,93.19,94.63,498175.0,94.227,3326,False
2026-02-18 00:00:00+00:00,94.54,96.51,93.96,95.01,470426.0,95.348,2800,False
2026-02-19 00:00:00+00:00,94.21,94.52,90.32,91.17,1155208.0,91.637,6228,False
2026-02-20 00:00:00+00:00,90.45,93.42,89.46,93.36,1183961.0,91.935,6849,False
2026-02-23 00:00:00+00:00,93.19,93.47,87.41,87.62,867884.0,88.28,4674,False
2026-02-24 00:00:00+00:00,86.75,88.61,86.16,88.21,479041.0,87.737,3475,False
2026-02-25 00:00:00+00:00,88.99,89.51,87.99,88.89,570051.0,88.878,3316,False
2026-02-26 00:00:00+00:00,89.37,90.99,87.78,90.06,401591.0,89.575,2835,False
2026-02-27 00:00:00+00:00,87.92,87.92,79.79,80.32,2003581.0,81.42,12799,False
2026-03-02 00:00:00+00:00,78.01,82.93,77.59,81.44,1896054.0,81.092,11748,False
2026-03-03 00:00:00+00:00,78.65,81.4,77.62,79.55,1111636.0,79.832,7923,False
2026-03-04 00:00:00+00:00,80.22,81.67,78.8,81.56,1002208.0,80.385,5286,False
2026-03-05 00:00:00+00:00,80.34,82.08,80.24,80.74,578160.0,80.901,4018,False
2026-03-06 00:00:00+00:00,71.25,74.94,68.31,73.91,4382448.0,71.324,21171,False
2026-03-09 00:00:00+00:00,71.94,74.37,71.19,73.39,1392785.0,72.373,9696,False
2026-03-10 00:00:00+00:00,73.8,75.26,71.65,72.27,1133561.0,73.129,7509,False
2026-03-11 00:00:00+00:00,71.94,72.06,69.38,69.6,1229246.0,69.883,7967,False
2026-03-12 00:00:00+00:00,67.75,69.05,67.39,68.12,844262.0,68.347,5599,False
2026-03-13 00:00:00+00:00,69.01,69.25,67.9,67.97,545526.0,68.322,4335,False
2026-03-16 00:00:00+00:00,68.87,69.36,67.61,67.67,533889.0,68.317,3925,False
2026-03-17 00:00:00+00:00,68.64,68.64,67.46,68.16,831212.0,68.174,5574,False
2026-03-18 00:00:00+00:00,67.6,68.37,66.47,66.7,695282.0,67.248,4273,False
2026-03-19 00:00:00+00:00,66.39,67.81,65.81,67.35,1194051.0,66.98,6879,False
2026-03-20 00:00:00+00:00,67.38,67.59,66.12,67.04,1201175.0,66.996,7266,False
2026-03-23 00:00:00+00:00,69.51,69.98,66.25,69.14,1731653.0,68.915,9834,False
2026-03-24 00:00:00+00:00,68.12,70.92,68.12,69.69,417229.0,69.868,2544,False
2026-03-25 00:00:00+00:00,70.65,71.23,69.41,70.74,400434.0,70.551,2569,False
2026-03-26 00:00:00+00:00,70.01,70.84,69.55,70.16,505625.0,70.093,3937,False
2026-03-27 00:00:00+00:00,69.49,69.68,67.5,67.8,702302.0,68.166,4699,False
2026-03-30 00:00:00+00:00,68.34,68.94,67.56,67.97,367742.0,67.976,2563,False
2026-03-31 00:00:00+00:00,69.52,71.21,68.71,70.85,462237.0,70.486,3100,False
2026-04-01 00:00:00+00:00,70.99,72.66,70.85,72.38,568148.0,72.303,3665,False
2026-04-02 00:00:00+00:00,70.65,72.71,70.16,72.07,330595.0,71.818,2428,False
2026-04-06 00:00:00+00:00,72.32,73.36,71.91,73.08,216368.0,72.861,1481,False
2026-04-07 00:00:00+00:00,71.55,72.94,71.4,71.96,354324.0,72.0,2606,False
2026-04-08 00:00:00+00:00,75.77,77.13,74.88,75.0,683333.0,75.533,4431,False
2026-04-09 00:00:00+00:00,74.64,77.27,74.61,76.75,524673.0,76.439,3385,False
2026-04-10 00:00:00+00:00,76.57,76.68,75.53,76.21,346292.0,76.193,2185,False
2026-04-13 00:00:00+00:00,75.61,77.21,74.97,77.12,438468.0,76.456,2799,False
2026-04-14 00:00:00+00:00,76.7,78.28,76.47,77.61,267119.0,77.55,1844,False
2026-04-15 00:00:00+00:00,78.13,79.27,77.45,78.51,593513.0,78.474,3258,False
2026-04-16 00:00:00+00:00,78.49,78.93,77.09,77.29,273514.0,77.636,1881,False
2026-04-17 00:00:00+00:00,79.59,81.36,78.9,79.39,549559.0,80.087,3705,False
2026-04-20 00:00:00+00:00,78.91,80.24,78.59,79.45,513745.0,79.59,3010,False
2026-04-21 00:00:00+00:00,79.62,80.38,77.71,77.83,465159.0,78.493,3018,False
2026-04-22 00:00:00+00:00,77.12,80.7,77.12,78.37,845726.0,78.907,5740,False
2026-04-23 00:00:00+00:00,78.65,79.93,77.75,79.93,585285.0,79.261,3503,False
2026-04-24 00:00:00+00:00,79.8,80.25,78.45,79.44,478008.0,79.511,2831,False
2026-04-27 00:00:00+00:00,79.42,81.92,79.42,80.98,407051.0,80.974,2820,False
2026-04-28 00:00:00+00:00,80.91,82.0,80.09,80.47,324532.0,80.632,2319,False
2026-04-29 00:00:00+00:00,80.08,81.09,78.98,79.67,450403.0,79.66,3136,False
2026-04-30 00:00:00+00:00,79.09,82.09,79.09,81.54,400845.0,81.462,2871,False
2026-05-01 00:00:00+00:00,81.45,82.2,80.55,80.8,470012.0,81.4,3371,False
2026-05-04 00:00:00+00:00,80.39,81.31,79.55,79.85,446563.0,80.17,2982,False
2026-05-05 00:00:00+00:00,80.22,82.51,80.22,81.86,348431.0,81.78,2556,False
2026-05-06 00:00:00+00:00,83.28,84.5,83.07,83.33,519062.0,83.543,3457,False
2026-05-07 00:00:00+00:00,83.64,84.17,81.9,82.31,342229.0,82.576,2303,False
2026-05-08 00:00:00+00:00,82.48,82.94,81.4,81.9,465961.0,81.866,3336,False
2026-05-11 00:00:00+00:00,81.65,81.79,75.74,76.95,1248519.0,77.415,7131,False
2026-05-12 00:00:00+00:00,76.63,78.06,74.32,77.56,1428504.0,76.574,9182,False
2026-05-13 00:00:00+00:00,76.96,77.39,74.87,74.97,630468.0,75.675,4264,False
2026-05-14 00:00:00+00:00,75.58,76.31,75.03,75.93,498811.0,75.931,3907,False
2026-05-15 00:00:00+00:00,76.01,76.06,73.93,74.42,465126.0,74.459,3279,False
