date,open,high,low,close,volume,average,barCount,is_rth
2025-11-17 13:00:00+00:00,12.83,13.05,12.8,12.82,2348.0,12.961,12,False
2025-11-17 14:00:00+00:00,12.56,12.71,12.4,12.51,62782.0,12.584,215,False
2025-11-17 15:00:00+00:00,12.52,12.61,12.25,12.42,169948.0,12.432,418,True
2025-11-17 16:00:00+00:00,12.44,12.62,12.4,12.61,32002.0,12.502,184,True
2025-11-17 17:00:00+00:00,12.6,12.6,12.51,12.59,38478.0,12.556,245,True
2025-11-17 18:00:00+00:00,12.59,12.63,12.55,12.6,30061.0,12.595,212,True
2025-11-17 19:00:00+00:00,12.59,12.61,12.53,12.54,54579.0,12.575,292,True
2025-11-17 20:00:00+00:00,12.54,12.6,12.21,12.25,182372.0,12.407,1178,True
2025-11-17 21:00:00+00:00,12.25,12.25,12.25,12.25,100754.0,12.25,14,False
2025-11-17 22:00:00+00:00,12.41,12.54,12.41,12.54,693.0,12.429,3,False
2025-11-17 23:00:00+00:00,12.17,12.17,12.17,12.17,600.0,12.17,1,False
2025-11-18 00:00:00+00:00,12.17,12.17,12.17,12.17,0.0,12.17,0,False
2025-11-18 12:00:00+00:00,12.06,12.06,12.06,12.06,100.0,12.06,1,False
2025-11-18 13:00:00+00:00,11.88,12.1,11.84,11.97,3029.0,11.949,16,False
2025-11-18 14:00:00+00:00,12.0,12.21,11.84,11.91,48312.0,11.94,131,False
2025-11-18 15:00:00+00:00,11.94,12.17,11.89,12.0,20786.0,12.015,140,True
2025-11-18 16:00:00+00:00,12.02,12.52,11.95,12.48,42876.0,12.311,294,True
2025-11-18 17:00:00+00:00,12.51,12.78,12.42,12.76,63564.0,12.568,408,True
2025-11-18 18:00:00+00:00,12.77,12.84,12.67,12.79,27833.0,12.762,221,True
2025-11-18 19:00:00+00:00,12.81,12.93,12.63,12.65,32361.0,12.814,261,True
2025-11-18 20:00:00+00:00,12.68,12.71,12.43,12.47,67105.0,12.535,529,True
2025-11-18 21:00:00+00:00,12.46,12.47,11.92,11.92,73576.0,12.454,14,False
2025-11-18 22:00:00+00:00,11.92,11.92,11.92,11.92,0.0,11.92,0,False
2025-11-18 23:00:00+00:00,11.92,11.92,11.92,11.92,0.0,11.92,0,False
2025-11-19 00:00:00+00:00,11.92,11.92,11.92,11.92,0.0,11.92,0,False
2025-11-19 10:00:00+00:00,12.46,12.46,12.46,12.46,220.0,12.46,1,False
2025-11-19 11:00:00+00:00,12.46,12.46,12.46,12.46,0.0,12.46,0,False
2025-11-19 12:00:00+00:00,12.46,12.46,12.46,12.46,0.0,12.46,0,False
2025-11-19 13:00:00+00:00,12.51,12.51,12.5,12.51,405.0,12.507,2,False
2025-11-19 14:00:00+00:00,12.61,12.64,12.43,12.6,25479.0,12.507,78,False
2025-11-19 15:00:00+00:00,12.56,12.63,12.33,12.4,20589.0,12.48,125,True
2025-11-19 16:00:00+00:00,12.43,12.48,12.38,12.47,27215.0,12.432,166,True
2025-11-19 17:00:00+00:00,12.48,12.48,12.33,12.41,37078.0,12.409,195,True
2025-11-19 18:00:00+00:00,12.41,12.44,12.33,12.36,20909.0,12.398,127,True
2025-11-19 19:00:00+00:00,12.42,12.54,12.38,12.44,29242.0,12.454,193,True
2025-11-19 20:00:00+00:00,12.44,12.54,12.44,12.51,87151.0,12.499,477,True
2025-11-19 21:00:00+00:00,12.5,12.5,12.5,12.5,90464.0,12.5,11,False
2025-11-19 22:00:00+00:00,12.5,12.52,12.5,12.52,668.0,12.503,3,False
2025-11-19 23:00:00+00:00,12.52,12.52,12.52,12.52,0.0,12.52,0,False
2025-11-20 00:00:00+00:00,12.52,12.52,12.52,12.52,0.0,12.52,0,False
2025-11-20 10:00:00+00:00,12.56,12.57,12.56,12.57,241.0,12.564,2,False
2025-11-20 11:00:00+00:00,12.57,12.57,12.57,12.57,0.0,12.57,0,False
2025-11-20 12:00:00+00:00,12.62,12.62,12.62,12.62,455.0,12.62,2,False
2025-11-20 13:00:00+00:00,12.57,12.73,12.54,12.73,1101.0,12.587,5,False
2025-11-20 14:00:00+00:00,12.65,13.2,12.65,12.94,33640.0,12.898,176,False
2025-11-20 15:00:00+00:00,12.93,13.0,12.82,12.93,40452.0,12.921,225,True
2025-11-20 16:00:00+00:00,12.93,12.99,12.66,12.67,50018.0,12.868,279,True
2025-11-20 17:00:00+00:00,12.67,12.76,12.49,12.69,61121.0,12.634,305,True
2025-11-20 18:00:00+00:00,12.68,12.83,12.59,12.63,32090.0,12.708,211,True
2025-11-20 19:00:00+00:00,12.63,12.77,12.54,12.71,52161.0,12.658,155,True
2025-11-20 20:00:00+00:00,12.69,12.85,12.43,12.52,368114.0,12.675,2430,True
2025-11-20 21:00:00+00:00,12.51,12.51,12.51,12.51,107452.0,12.51,13,False
2025-11-20 22:00:00+00:00,12.52,12.54,12.33,12.33,1513.0,12.428,7,False
2025-11-20 23:00:00+00:00,12.33,12.33,12.33,12.33,0.0,12.33,0,False
2025-11-21 00:00:00+00:00,12.33,12.33,12.33,12.33,0.0,12.33,0,False
2025-11-21 09:00:00+00:00,12.54,12.55,12.51,12.51,683.0,12.524,5,False
2025-11-21 10:00:00+00:00,12.51,12.51,12.51,12.51,0.0,12.51,0,False
2025-11-21 11:00:00+00:00,12.54,12.54,12.54,12.54,186.0,12.54,1,False
2025-11-21 12:00:00+00:00,12.6,12.6,12.6,12.6,142.0,12.6,1,False
2025-11-21 13:00:00+00:00,12.13,12.54,12.13,12.54,905.0,12.376,7,False
2025-11-21 14:00:00+00:00,12.75,12.8,12.38,12.58,45803.0,12.505,222,False
2025-11-21 15:00:00+00:00,12.67,12.67,12.47,12.64,78287.0,12.573,484,True
2025-11-21 16:00:00+00:00,12.6,13.13,12.56,13.12,47159.0,12.918,211,True
2025-11-21 17:00:00+00:00,13.13,13.51,13.1,13.28,48994.0,13.335,356,True
2025-11-21 18:00:00+00:00,13.29,13.44,13.19,13.34,92567.0,13.274,447,True
2025-11-21 19:00:00+00:00,13.36,13.53,13.36,13.52,50096.0,13.475,410,True
2025-11-21 20:00:00+00:00,13.53,13.72,13.53,13.62,155767.0,13.601,1004,True
2025-11-21 21:00:00+00:00,13.63,13.69,13.55,13.6,140612.0,13.601,24,False
2025-11-21 22:00:00+00:00,13.54,13.54,13.54,13.54,100.0,13.54,1,False
2025-11-21 23:00:00+00:00,13.79,13.79,13.53,13.53,2181.0,13.709,3,False
2025-11-22 00:00:00+00:00,13.53,13.53,13.53,13.53,0.0,13.53,0,False
2025-11-24 09:00:00+00:00,13.58,13.6,13.54,13.54,490.0,13.571,3,False
2025-11-24 10:00:00+00:00,13.54,13.54,13.54,13.54,0.0,13.54,0,False
2025-11-24 11:00:00+00:00,13.54,13.54,13.54,13.54,0.0,13.54,0,False
2025-11-24 12:00:00+00:00,13.6,13.6,13.6,13.6,372.0,13.6,3,False
2025-11-24 13:00:00+00:00,13.65,13.65,13.34,13.45,2882.0,13.511,7,False
2025-11-24 14:00:00+00:00,13.24,13.85,13.21,13.84,26979.0,13.69,142,False
2025-11-24 15:00:00+00:00,13.84,14.03,13.67,14.02,52123.0,13.919,274,True
2025-11-24 16:00:00+00:00,14.06,14.25,14.02,14.18,12292.0,14.187,77,True
2025-11-24 17:00:00+00:00,14.18,14.35,14.17,14.34,21981.0,14.241,168,True
2025-11-24 18:00:00+00:00,14.32,14.41,14.31,14.34,24810.0,14.353,198,True
2025-11-24 19:00:00+00:00,14.36,14.38,14.17,14.18,32782.0,14.273,281,True
2025-11-24 20:00:00+00:00,14.2,14.4,14.02,14.29,324321.0,14.217,1330,True
2025-11-24 21:00:00+00:00,14.28,14.28,14.28,14.28,110992.0,14.28,2,False
2025-11-24 22:00:00+00:00,14.23,14.28,14.23,14.28,523.0,14.251,3,False
2025-11-24 23:00:00+00:00,14.27,14.27,14.26,14.27,497.0,14.268,1,False
2025-11-25 00:00:00+00:00,14.27,14.27,14.26,14.27,0.0,14.27,0,False
2025-11-25 09:00:00+00:00,14.26,14.26,14.26,14.26,100.0,14.26,1,False
2025-11-25 10:00:00+00:00,14.26,14.26,14.26,14.26,0.0,14.26,0,False
2025-11-25 11:00:00+00:00,14.26,14.26,14.26,14.26,0.0,14.26,0,False
2025-11-25 12:00:00+00:00,14.26,14.26,14.26,14.26,0.0,14.26,0,False
2025-11-25 13:00:00+00:00,14.36,14.46,14.31,14.34,1537.0,14.4,5,False
2025-11-25 14:00:00+00:00,14.27,14.56,14.27,14.52,40054.0,14.41,180,False
2025-11-25 15:00:00+00:00,14.54,14.55,14.27,14.5,88934.0,14.388,535,True
2025-11-25 16:00:00+00:00,14.51,14.54,14.37,14.4,29885.0,14.437,247,True
2025-11-25 17:00:00+00:00,14.41,14.56,14.3,14.54,47607.0,14.419,339,True
2025-11-25 18:00:00+00:00,14.57,14.58,14.46,14.52,15863.0,14.518,120,True
2025-11-25 19:00:00+00:00,14.5,14.53,14.43,14.53,76287.0,14.501,542,True
2025-11-25 20:00:00+00:00,14.54,14.58,14.5,14.55,120090.0,14.543,844,True
2025-11-25 21:00:00+00:00,14.55,14.55,14.23,14.25,84729.0,14.549,16,False
2025-11-25 22:00:00+00:00,14.47,14.47,14.38,14.38,314.0,14.426,2,False
2025-11-25 23:00:00+00:00,14.38,14.38,14.38,14.38,0.0,14.38,0,False
2025-11-26 00:00:00+00:00,14.38,14.38,14.38,14.38,0.0,14.38,0,False
2025-11-26 09:00:00+00:00,14.54,14.54,14.37,14.37,734.0,14.427,4,False
2025-11-26 10:00:00+00:00,14.46,14.46,14.46,14.46,100.0,14.46,1,False
2025-11-26 11:00:00+00:00,14.54,14.54,14.54,14.54,134.0,14.54,1,False
2025-11-26 12:00:00+00:00,14.54,14.54,14.54,14.54,0.0,14.54,0,False
2025-11-26 13:00:00+00:00,14.6,14.63,14.39,14.63,3147.0,14.516,11,False
2025-11-26 14:00:00+00:00,14.58,14.59,14.34,14.46,20689.0,14.472,67,False
2025-11-26 15:00:00+00:00,14.51,14.61,14.45,14.57,19147.0,14.542,93,True
2025-11-26 16:00:00+00:00,14.5,14.56,14.31,14.37,70321.0,14.439,226,True
2025-11-26 17:00:00+00:00,14.32,14.32,13.81,13.86,21810.0,14.02,153,True
2025-11-26 18:00:00+00:00,13.87,13.92,13.58,13.88,50812.0,13.736,233,True
2025-11-26 19:00:00+00:00,13.85,13.94,13.74,13.79,14995.0,13.843,122,True
2025-11-26 20:00:00+00:00,13.78,13.81,13.52,13.62,134445.0,13.613,676,True
2025-11-26 21:00:00+00:00,13.6,13.72,13.6,13.67,67253.0,13.601,9,False
2025-11-26 22:00:00+00:00,13.63,13.63,13.63,13.63,100.0,13.63,1,False
2025-11-26 23:00:00+00:00,13.63,13.63,13.63,13.63,0.0,13.63,0,False
2025-11-27 00:00:00+00:00,13.59,13.59,13.5,13.58,777.0,13.537,4,False
2025-11-28 09:00:00+00:00,13.6,13.6,13.6,13.6,100.0,13.6,1,False
2025-11-28 10:00:00+00:00,13.6,13.6,13.6,13.6,0.0,13.6,0,False
2025-11-28 11:00:00+00:00,13.6,13.6,13.6,13.6,0.0,13.6,0,False
2025-11-28 12:00:00+00:00,13.6,13.6,13.6,13.6,0.0,13.6,0,False
2025-11-28 13:00:00+00:00,13.85,14.0,13.76,13.86,2034.0,13.879,4,False
2025-11-28 14:00:00+00:00,13.71,13.86,13.69,13.77,14014.0,13.771,62,False
2025-11-28 15:00:00+00:00,13.7,13.82,13.61,13.75,33071.0,13.735,214,True
2025-11-28 16:00:00+00:00,13.76,13.84,13.69,13.84,18255.0,13.755,152,True
2025-11-28 17:00:00+00:00,13.82,13.91,13.76,13.91,48694.0,13.842,345,True
2025-11-28 18:00:00+00:00,13.91,13.91,13.91,13.91,29802.0,13.91,1,True
2025-11-28 19:00:00+00:00,13.91,13.91,13.91,13.91,0.0,13.91,0,True
2025-11-28 20:00:00+00:00,13.91,13.91,13.91,13.91,0.0,13.91,0,True
2025-11-28 21:00:00+00:00,13.91,13.91,13.91,13.91,0.0,13.91,0,False
2025-12-01 09:00:00+00:00,13.9,13.9,13.9,13.9,150.0,13.9,1,False
2025-12-01 10:00:00+00:00,13.9,13.9,13.9,13.9,0.0,13.9,0,False
2025-12-01 11:00:00+00:00,13.95,13.95,13.95,13.95,100.0,13.95,1,False
2025-12-01 12:00:00+00:00,13.57,13.57,13.57,13.57,100.0,13.57,1,False
2025-12-01 13:00:00+00:00,13.88,13.88,13.74,13.74,300.0,13.83,2,False
2025-12-01 14:00:00+00:00,13.75,13.75,13.52,13.74,21240.0,13.656,75,False
2025-12-01 15:00:00+00:00,13.77,13.91,13.58,13.91,26927.0,13.667,88,True
2025-12-01 16:00:00+00:00,13.93,14.13,13.8,14.05,137481.0,13.826,179,True
2025-12-01 17:00:00+00:00,14.11,14.14,13.99,14.04,10926.0,14.059,72,True
2025-12-01 18:00:00+00:00,14.03,14.18,13.98,14.14,53277.0,14.041,102,True
2025-12-01 19:00:00+00:00,14.16,14.16,14.02,14.08,11072.0,14.085,78,True
2025-12-01 20:00:00+00:00,14.1,14.15,13.9,13.96,51752.0,13.975,349,True
2025-12-01 21:00:00+00:00,13.93,13.93,13.93,13.93,80178.0,13.93,3,False
2025-12-01 22:00:00+00:00,13.93,13.93,13.93,13.93,0.0,13.93,0,False
2025-12-01 23:00:00+00:00,13.93,13.93,13.93,13.93,0.0,13.93,0,False
2025-12-02 00:00:00+00:00,13.93,13.93,13.93,13.93,0.0,13.93,0,False
2025-12-02 14:00:00+00:00,13.97,14.18,13.86,13.94,6405.0,13.97,30,False
2025-12-02 15:00:00+00:00,14.05,14.06,13.89,14.0,12869.0,13.983,89,True
2025-12-02 16:00:00+00:00,14.01,14.03,13.85,13.91,6957.0,13.939,55,True
2025-12-02 17:00:00+00:00,13.92,14.05,13.88,13.89,7755.0,13.967,58,True
2025-12-02 18:00:00+00:00,13.88,14.16,13.88,14.11,275206.0,14.048,158,True
2025-12-02 19:00:00+00:00,14.1,14.19,13.97,14.0,24889.0,14.08,193,True
2025-12-02 20:00:00+00:00,14.02,14.03,13.58,13.9,107864.0,13.811,655,True
2025-12-02 21:00:00+00:00,13.91,13.91,13.91,13.91,105896.0,13.91,4,False
2025-12-02 22:00:00+00:00,13.91,13.91,13.91,13.91,0.0,13.91,0,False
2025-12-02 23:00:00+00:00,13.91,13.91,13.91,13.91,0.0,13.91,0,False
2025-12-03 00:00:00+00:00,13.91,13.91,13.91,13.91,0.0,13.91,0,False
2025-12-03 09:00:00+00:00,13.96,13.96,13.96,13.96,284.0,13.96,2,False
2025-12-03 10:00:00+00:00,13.96,13.96,13.96,13.96,0.0,13.96,0,False
2025-12-03 11:00:00+00:00,13.96,13.96,13.96,13.96,0.0,13.96,0,False
2025-12-03 12:00:00+00:00,13.96,13.96,13.96,13.96,0.0,13.96,0,False
2025-12-03 13:00:00+00:00,13.83,14.07,13.82,14.02,2564.0,13.936,18,False
2025-12-03 14:00:00+00:00,13.99,14.0,13.68,13.72,31103.0,13.832,142,False
2025-12-03 15:00:00+00:00,13.71,13.88,13.49,13.83,41402.0,13.702,262,True
2025-12-03 16:00:00+00:00,13.84,13.93,13.77,13.86,47100.0,13.834,189,True
2025-12-03 17:00:00+00:00,13.81,13.91,13.77,13.83,110417.0,13.84,216,True
2025-12-03 18:00:00+00:00,13.82,13.84,13.75,13.83,28907.0,13.804,105,True
2025-12-03 19:00:00+00:00,13.83,14.02,13.81,13.85,197837.0,13.878,259,True
2025-12-03 20:00:00+00:00,13.83,14.23,13.82,14.09,97480.0,14.045,610,True
2025-12-03 21:00:00+00:00,14.09,14.09,14.09,14.09,97266.0,14.09,7,False
2025-12-03 22:00:00+00:00,14.09,14.09,14.09,14.09,200.0,14.09,1,False
2025-12-03 23:00:00+00:00,14.09,14.09,14.09,14.09,0.0,14.09,0,False
2025-12-04 00:00:00+00:00,14.09,14.09,14.09,14.09,0.0,14.09,0,False
2025-12-04 09:00:00+00:00,14.05,14.05,14.05,14.05,143.0,14.05,1,False
2025-12-04 10:00:00+00:00,14.05,14.05,14.05,14.05,0.0,14.05,0,False
2025-12-04 11:00:00+00:00,14.05,14.05,14.05,14.05,0.0,14.05,0,False
2025-12-04 12:00:00+00:00,14.05,14.05,14.05,14.05,0.0,14.05,0,False
2025-12-04 13:00:00+00:00,14.01,14.23,13.95,14.02,1577.0,14.035,9,False
2025-12-04 14:00:00+00:00,14.05,14.13,13.88,14.11,8023.0,14.008,25,False
2025-12-04 15:00:00+00:00,14.05,14.14,14.02,14.1,22208.0,14.101,91,True
2025-12-04 16:00:00+00:00,14.1,14.27,14.09,14.22,9810.0,14.178,79,True
2025-12-04 17:00:00+00:00,14.25,14.41,14.24,14.37,6526.0,14.337,42,True
2025-12-04 18:00:00+00:00,14.4,14.5,14.3,14.45,24215.0,14.402,126,True
2025-12-04 19:00:00+00:00,14.43,14.44,14.25,14.39,31313.0,14.343,133,True
2025-12-04 20:00:00+00:00,14.41,14.45,14.27,14.33,57528.0,14.371,377,True
2025-12-04 21:00:00+00:00,14.34,14.34,14.33,14.34,100879.0,14.34,10,False
2025-12-04 22:00:00+00:00,14.34,14.34,14.34,14.34,0.0,14.34,0,False
2025-12-04 23:00:00+00:00,14.34,14.34,14.34,14.34,0.0,14.34,0,False
2025-12-05 00:00:00+00:00,14.34,14.34,14.34,14.34,0.0,14.34,0,False
2025-12-05 13:00:00+00:00,14.26,14.49,14.24,14.49,1788.0,14.444,7,False
2025-12-05 14:00:00+00:00,14.49,14.49,14.16,14.29,11442.0,14.319,57,False
2025-12-05 15:00:00+00:00,14.3,14.47,14.25,14.3,28473.0,14.36,137,True
2025-12-05 16:00:00+00:00,14.3,14.3,14.03,14.04,20188.0,14.116,110,True
2025-12-05 17:00:00+00:00,14.05,14.07,13.95,13.98,191390.0,14.002,239,True
2025-12-05 18:00:00+00:00,14.0,14.16,13.9,14.03,58564.0,14.045,329,True
2025-12-05 19:00:00+00:00,14.03,14.11,14.0,14.07,22508.0,14.051,180,True
2025-12-05 20:00:00+00:00,14.06,14.07,13.85,13.92,156737.0,13.953,990,True
2025-12-05 21:00:00+00:00,13.91,13.93,13.91,13.93,63871.0,13.91,4,False
2025-12-05 22:00:00+00:00,13.93,13.93,13.93,13.93,0.0,13.93,0,False
2025-12-05 23:00:00+00:00,13.93,13.93,13.93,13.93,0.0,13.93,0,False
2025-12-06 00:00:00+00:00,13.08,13.08,13.07,13.08,139.0,13.08,1,False
2025-12-08 10:00:00+00:00,13.91,13.91,13.91,13.91,110.0,13.91,1,False
2025-12-08 11:00:00+00:00,13.91,13.91,13.91,13.91,0.0,13.91,0,False
2025-12-08 12:00:00+00:00,14.05,14.05,14.05,14.05,483.0,14.05,1,False
2025-12-08 13:00:00+00:00,13.92,13.92,13.82,13.92,349.0,13.881,3,False
2025-12-08 14:00:00+00:00,14.02,14.05,13.74,13.74,10883.0,13.894,54,False
2025-12-08 15:00:00+00:00,13.77,13.85,13.67,13.67,12973.0,13.753,74,True
2025-12-08 16:00:00+00:00,13.61,13.69,13.55,13.59,171451.0,13.602,109,True
2025-12-08 17:00:00+00:00,13.61,13.81,13.55,13.81,19061.0,13.637,79,True
2025-12-08 18:00:00+00:00,13.81,13.81,13.67,13.67,13147.0,13.719,91,True
2025-12-08 19:00:00+00:00,13.66,13.76,13.58,13.6,17285.0,13.697,129,True
2025-12-08 20:00:00+00:00,13.61,13.72,13.53,13.61,76418.0,13.612,422,True
2025-12-08 21:00:00+00:00,13.6,13.62,13.6,13.62,74885.0,13.6,6,False
2025-12-08 22:00:00+00:00,13.61,13.87,13.51,13.51,492.0,13.667,4,False
2025-12-08 23:00:00+00:00,13.51,13.51,13.51,13.51,0.0,13.51,0,False
2025-12-09 00:00:00+00:00,13.51,13.51,13.51,13.51,0.0,13.51,0,False
2025-12-09 13:00:00+00:00,13.72,13.73,13.48,13.56,693.0,13.617,5,False
2025-12-09 14:00:00+00:00,13.51,13.58,13.37,13.57,14751.0,13.495,76,False
2025-12-09 15:00:00+00:00,13.59,13.85,13.51,13.77,17638.0,13.701,128,True
2025-12-09 16:00:00+00:00,13.77,13.86,13.73,13.86,15201.0,13.781,80,True
2025-12-09 17:00:00+00:00,13.83,13.85,13.78,13.83,4965.0,13.812,33,True
2025-12-09 18:00:00+00:00,13.81,13.83,13.76,13.8,6701.0,13.792,41,True
2025-12-09 19:00:00+00:00,13.78,13.84,13.75,13.76,10252.0,13.794,65,True
2025-12-09 20:00:00+00:00,13.78,13.81,13.45,13.52,71896.0,13.567,430,True
2025-12-09 21:00:00+00:00,13.52,13.52,13.52,13.52,86164.0,13.52,7,False
2025-12-09 22:00:00+00:00,13.52,13.52,13.52,13.52,0.0,13.52,0,False
2025-12-09 23:00:00+00:00,13.52,13.52,13.52,13.52,0.0,13.52,0,False
2025-12-10 00:00:00+00:00,13.52,13.52,13.52,13.52,0.0,13.52,0,False
2025-12-10 13:00:00+00:00,13.93,13.93,13.56,13.56,382.0,13.717,3,False
2025-12-10 14:00:00+00:00,13.48,13.62,13.48,13.57,7752.0,13.521,27,False
2025-12-10 15:00:00+00:00,13.58,13.66,13.42,13.43,18717.0,13.589,95,True
2025-12-10 16:00:00+00:00,13.4,13.45,13.34,13.4,15829.0,13.39,102,True
2025-12-10 17:00:00+00:00,13.41,13.44,13.22,13.44,70851.0,13.342,223,True
2025-12-10 18:00:00+00:00,13.47,13.5,13.39,13.47,11069.0,13.436,90,True
2025-12-10 19:00:00+00:00,13.51,13.64,13.39,13.61,36769.0,13.523,229,True
2025-12-10 20:00:00+00:00,13.61,13.65,13.32,13.34,63358.0,13.436,445,True
2025-12-10 21:00:00+00:00,13.33,13.33,13.33,13.33,70460.0,13.33,10,False
2025-12-10 22:00:00+00:00,13.33,13.33,13.33,13.33,0.0,13.33,0,False
2025-12-10 23:00:00+00:00,13.33,13.33,13.33,13.33,0.0,13.33,0,False
2025-12-11 00:00:00+00:00,13.35,13.35,13.35,13.35,138.0,13.35,1,False
2025-12-11 13:00:00+00:00,13.19,13.19,13.19,13.19,200.0,13.19,2,False
2025-12-11 14:00:00+00:00,13.2,13.5,13.14,13.31,33320.0,13.261,218,False
2025-12-11 15:00:00+00:00,13.31,13.45,13.13,13.22,9047.0,13.282,73,True
2025-12-11 16:00:00+00:00,13.2,13.21,13.09,13.13,6538.0,13.144,56,True
2025-12-11 17:00:00+00:00,13.14,13.26,13.05,13.05,21820.0,13.185,90,True
2025-12-11 18:00:00+00:00,13.07,13.09,12.94,12.99,14624.0,13.001,81,True
2025-12-11 19:00:00+00:00,12.98,13.01,12.83,12.83,21475.0,12.945,108,True
2025-12-11 20:00:00+00:00,12.83,13.0,12.67,12.95,98576.0,12.905,570,True
2025-12-11 21:00:00+00:00,12.95,12.95,12.85,12.85,49395.0,12.948,8,False
2025-12-11 22:00:00+00:00,12.99,12.99,12.99,12.99,831.0,12.99,1,False
2025-12-11 23:00:00+00:00,12.99,12.99,12.99,12.99,0.0,12.99,0,False
2025-12-12 00:00:00+00:00,12.99,12.99,12.99,12.99,0.0,12.99,0,False
2025-12-12 13:00:00+00:00,13.01,13.02,13.0,13.0,542.0,13.002,3,False
2025-12-12 14:00:00+00:00,12.99,13.04,12.9,12.93,11368.0,12.986,56,False
2025-12-12 15:00:00+00:00,12.95,12.98,12.76,12.8,33874.0,12.889,208,True
2025-12-12 16:00:00+00:00,12.83,12.84,12.57,12.59,18138.0,12.675,110,True
2025-12-12 17:00:00+00:00,12.59,12.75,12.59,12.75,8936.0,12.665,67,True
2025-12-12 18:00:00+00:00,12.76,12.78,12.71,12.74,7678.0,12.746,71,True
2025-12-12 19:00:00+00:00,12.73,12.74,12.65,12.66,8512.0,12.701,75,True
2025-12-12 20:00:00+00:00,12.65,12.65,12.48,12.48,68330.0,12.542,434,True
2025-12-12 21:00:00+00:00,12.51,12.51,12.48,12.48,63265.0,12.48,7,False
2025-12-12 22:00:00+00:00,12.48,12.48,12.48,12.48,461.0,12.48,2,False
2025-12-12 23:00:00+00:00,12.51,12.51,12.5,12.5,694.0,12.506,3,False
2025-12-13 00:00:00+00:00,12.5,12.51,12.5,12.5,0.0,12.5,0,False
2025-12-15 12:00:00+00:00,12.52,12.52,12.52,12.52,159.0,12.52,1,False
2025-12-15 13:00:00+00:00,12.62,12.9,12.51,12.89,1349.0,12.659,7,False
2025-12-15 14:00:00+00:00,12.88,12.88,12.35,12.4,15285.0,12.548,73,False
2025-12-15 15:00:00+00:00,12.36,12.62,12.27,12.5,24981.0,12.434,167,True
2025-12-15 16:00:00+00:00,12.51,12.66,12.49,12.61,18850.0,12.591,150,True
2025-12-15 17:00:00+00:00,12.61,12.65,12.58,12.58,7428.0,12.618,60,True
2025-12-15 18:00:00+00:00,12.61,12.63,12.54,12.62,10404.0,12.592,79,True
2025-12-15 19:00:00+00:00,12.61,12.68,12.59,12.67,12365.0,12.631,103,True
2025-12-15 20:00:00+00:00,12.66,12.66,12.49,12.52,62578.0,12.561,354,True
2025-12-15 21:00:00+00:00,12.51,12.55,12.51,12.55,80790.0,12.51,9,False
2025-12-15 22:00:00+00:00,12.55,12.55,12.55,12.55,296.0,12.55,1,False
2025-12-15 23:00:00+00:00,12.5,12.5,12.37,12.37,2725.0,12.447,7,False
2025-12-16 00:00:00+00:00,12.45,12.45,12.45,12.45,220.0,12.45,1,False
2025-12-16 13:00:00+00:00,12.4,12.54,12.4,12.54,1157.0,12.476,6,False
2025-12-16 14:00:00+00:00,12.38,12.77,12.32,12.58,38093.0,12.457,96,False
2025-12-16 15:00:00+00:00,12.57,12.58,12.44,12.48,16395.0,12.512,82,True
2025-12-16 16:00:00+00:00,12.45,12.46,12.29,12.31,11639.0,12.363,64,True
2025-12-16 17:00:00+00:00,12.31,12.48,12.23,12.35,29464.0,12.351,116,True
2025-12-16 18:00:00+00:00,12.35,12.5,12.34,12.46,14706.0,12.406,78,True
2025-12-16 19:00:00+00:00,12.46,12.56,12.43,12.54,8502.0,12.5,78,True
2025-12-16 20:00:00+00:00,12.54,12.63,12.53,12.53,63881.0,12.575,433,True
2025-12-16 21:00:00+00:00,12.53,12.53,12.53,12.53,60743.0,12.53,11,False
2025-12-16 22:00:00+00:00,12.53,12.53,12.53,12.53,0.0,12.53,0,False
2025-12-16 23:00:00+00:00,12.44,12.44,12.44,12.44,100.0,12.44,1,False
2025-12-17 00:00:00+00:00,12.44,12.44,12.44,12.44,0.0,12.44,0,False
2025-12-17 09:00:00+00:00,12.53,12.53,12.53,12.53,362.0,12.53,1,False
2025-12-17 10:00:00+00:00,12.53,12.53,12.53,12.53,0.0,12.53,0,False
2025-12-17 11:00:00+00:00,12.53,12.53,12.53,12.53,0.0,12.53,0,False
2025-12-17 12:00:00+00:00,12.54,12.54,12.53,12.53,727.0,12.535,4,False
2025-12-17 13:00:00+00:00,12.51,12.51,12.5,12.5,333.0,12.506,2,False
2025-12-17 14:00:00+00:00,12.5,12.64,12.39,12.6,11640.0,12.508,57,False
2025-12-17 15:00:00+00:00,12.55,12.68,12.43,12.43,49140.0,12.546,221,True
2025-12-17 16:00:00+00:00,12.41,12.52,12.36,12.38,27976.0,12.403,142,True
2025-12-17 17:00:00+00:00,12.38,12.48,12.36,12.38,61111.0,12.4,153,True
2025-12-17 18:00:00+00:00,12.39,12.43,12.34,12.35,8115.0,12.379,64,True
2025-12-17 19:00:00+00:00,12.33,12.35,12.27,12.31,13948.0,12.322,102,True
2025-12-17 20:00:00+00:00,12.31,12.32,12.18,12.19,57324.0,12.25,380,True
2025-12-17 21:00:00+00:00,12.19,12.19,12.19,12.19,46482.0,12.19,4,False
2025-12-17 22:00:00+00:00,12.19,12.19,12.19,12.19,0.0,12.19,0,False
2025-12-17 23:00:00+00:00,12.32,12.32,12.32,12.32,400.0,12.32,1,False
2025-12-18 00:00:00+00:00,12.32,12.32,12.32,12.32,0.0,12.32,0,False
2025-12-18 13:00:00+00:00,12.22,12.35,12.22,12.35,3617.0,12.308,9,False
2025-12-18 14:00:00+00:00,12.45,12.62,12.34,12.43,18795.0,12.497,51,False
2025-12-18 15:00:00+00:00,12.41,12.62,12.34,12.5,25802.0,12.481,109,True
2025-12-18 16:00:00+00:00,12.51,12.59,12.47,12.54,18281.0,12.542,81,True
2025-12-18 17:00:00+00:00,12.53,12.58,12.4,12.51,9260.0,12.496,49,True
2025-12-18 18:00:00+00:00,12.52,12.58,12.48,12.56,6368.0,12.526,46,True
2025-12-18 19:00:00+00:00,12.54,12.99,12.52,12.75,169150.0,12.642,206,True
2025-12-18 20:00:00+00:00,12.73,12.81,12.49,12.52,41479.0,12.585,288,True
2025-12-18 21:00:00+00:00,12.52,12.52,12.52,12.52,49117.0,12.52,6,False
2025-12-18 22:00:00+00:00,12.52,12.52,12.52,12.52,0.0,12.52,0,False
2025-12-18 23:00:00+00:00,12.52,12.52,12.52,12.52,0.0,12.52,0,False
2025-12-19 00:00:00+00:00,12.52,12.52,12.52,12.52,0.0,12.52,0,False
2025-12-19 11:00:00+00:00,12.52,12.52,12.52,12.52,476.0,12.52,1,False
2025-12-19 12:00:00+00:00,12.52,12.52,12.52,12.52,0.0,12.52,0,False
2025-12-19 13:00:00+00:00,12.55,12.55,12.49,12.49,321.0,12.53,3,False
2025-12-19 14:00:00+00:00,12.53,12.71,12.5,12.57,15322.0,12.553,30,False
2025-12-19 15:00:00+00:00,12.64,12.76,12.5,12.75,14868.0,12.619,63,True
2025-12-19 16:00:00+00:00,12.75,12.91,12.75,12.8,6434.0,12.849,49,True
2025-12-19 17:00:00+00:00,12.8,12.82,12.7,12.7,6068.0,12.748,39,True
2025-12-19 18:00:00+00:00,12.71,12.73,12.65,12.7,10703.0,12.693,70,True
2025-12-19 19:00:00+00:00,12.68,12.7,12.63,12.66,10696.0,12.662,87,True
2025-12-19 20:00:00+00:00,12.67,12.91,12.64,12.9,115903.0,12.758,497,True
2025-12-19 21:00:00+00:00,12.88,12.88,12.88,12.88,186417.0,12.88,1,False
2025-12-19 22:00:00+00:00,12.94,12.94,12.94,12.94,155.0,12.94,1,False
2025-12-19 23:00:00+00:00,12.94,12.94,12.94,12.94,0.0,12.94,0,False
2025-12-20 00:00:00+00:00,12.94,12.94,12.85,12.85,481.0,12.895,2,False
2025-12-22 10:00:00+00:00,13.0,13.0,13.0,13.0,100.0,13.0,1,False
2025-12-22 11:00:00+00:00,13.0,13.0,13.0,13.0,0.0,13.0,0,False
2025-12-22 12:00:00+00:00,12.9,12.9,12.9,12.9,461.0,12.9,1,False
2025-12-22 13:00:00+00:00,13.06,13.06,12.89,12.9,1118.0,12.998,4,False
2025-12-22 14:00:00+00:00,12.92,12.93,12.85,12.87,13456.0,12.893,45,False
2025-12-22 15:00:00+00:00,12.83,13.05,12.83,12.9,19798.0,12.935,82,True
2025-12-22 16:00:00+00:00,12.9,13.08,12.89,13.04,20091.0,12.983,65,True
2025-12-22 17:00:00+00:00,13.05,13.05,12.93,12.99,65784.0,12.986,139,True
2025-12-22 18:00:00+00:00,12.99,13.0,12.95,12.98,4885.0,12.967,33,True
2025-12-22 19:00:00+00:00,12.95,13.07,12.94,13.04,5789.0,13.001,44,True
2025-12-22 20:00:00+00:00,13.03,13.13,12.99,13.12,36835.0,13.065,248,True
2025-12-22 21:00:00+00:00,13.09,13.09,13.04,13.04,39688.0,13.09,5,False
2025-12-22 22:00:00+00:00,13.04,13.04,13.04,13.04,0.0,13.04,0,False
2025-12-22 23:00:00+00:00,13.04,13.04,13.04,13.04,0.0,13.04,0,False
2025-12-23 00:00:00+00:00,13.04,13.04,13.04,13.04,0.0,13.04,0,False
2025-12-23 11:00:00+00:00,13.01,13.01,12.92,12.92,270.0,12.953,2,False
2025-12-23 12:00:00+00:00,12.92,12.92,12.92,12.92,0.0,12.92,0,False
2025-12-23 13:00:00+00:00,13.45,13.46,12.92,12.99,981.0,13.128,4,False
2025-12-23 14:00:00+00:00,13.01,13.01,12.75,12.8,21209.0,12.942,112,False
2025-12-23 15:00:00+00:00,12.89,12.94,12.73,12.9,39797.0,12.82,124,True
2025-12-23 16:00:00+00:00,12.9,13.01,12.8,13.01,43049.0,12.909,116,True
2025-12-23 17:00:00+00:00,12.97,13.06,12.93,12.94,4920.0,12.989,32,True
2025-12-23 18:00:00+00:00,12.94,13.08,12.93,13.08,3716.0,12.983,27,True
2025-12-23 19:00:00+00:00,13.1,13.1,12.95,12.96,8995.0,12.976,44,True
2025-12-23 20:00:00+00:00,12.96,13.08,12.95,13.08,39763.0,13.023,244,True
2025-12-23 21:00:00+00:00,13.07,13.07,13.07,13.07,49433.0,13.07,11,False
2025-12-23 22:00:00+00:00,12.85,12.85,12.85,12.85,152.0,12.85,1,False
2025-12-23 23:00:00+00:00,12.85,12.85,12.85,12.85,0.0,12.85,0,False
2025-12-24 00:00:00+00:00,12.85,12.85,12.85,12.85,0.0,12.85,0,False
2025-12-24 12:00:00+00:00,13.0,13.0,13.0,13.0,200.0,13.0,2,False
2025-12-24 13:00:00+00:00,12.95,13.04,12.94,13.04,1340.0,13.0,11,False
2025-12-24 14:00:00+00:00,13.05,13.06,12.84,12.96,5952.0,12.954,23,False
2025-12-24 15:00:00+00:00,12.9,13.07,12.9,12.97,9541.0,13.01,48,True
2025-12-24 16:00:00+00:00,13.0,13.07,12.99,13.02,11718.0,13.031,75,True
2025-12-24 17:00:00+00:00,13.01,13.18,13.0,13.12,37350.0,13.094,222,True
2025-12-24 18:00:00+00:00,13.12,13.12,13.12,13.12,36012.0,13.12,4,True
2025-12-24 19:00:00+00:00,13.12,13.12,13.12,13.12,0.0,13.12,0,True
2025-12-24 20:00:00+00:00,13.12,13.12,13.12,13.12,0.0,13.12,0,True
2025-12-24 21:00:00+00:00,13.12,13.12,13.12,13.12,0.0,13.12,0,False
2025-12-26 09:00:00+00:00,13.2,13.2,13.19,13.2,779.0,13.199,3,False
2025-12-26 10:00:00+00:00,13.2,13.2,13.2,13.2,0.0,13.2,0,False
2025-12-26 11:00:00+00:00,13.2,13.2,13.2,13.2,0.0,13.2,0,False
2025-12-26 12:00:00+00:00,13.03,13.03,13.02,13.02,206.0,13.025,2,False
2025-12-26 13:00:00+00:00,12.99,13.04,12.99,13.0,601.0,13.015,4,False
2025-12-26 14:00:00+00:00,13.05,13.1,12.92,13.0,8482.0,13.012,30,False
2025-12-26 15:00:00+00:00,12.98,13.15,12.94,13.1,15053.0,13.023,76,True
2025-12-26 16:00:00+00:00,13.11,13.22,13.1,13.15,11824.0,13.179,73,True
2025-12-26 17:00:00+00:00,13.17,13.22,13.12,13.14,7766.0,13.177,37,True
2025-12-26 18:00:00+00:00,13.16,13.16,13.12,13.14,11933.0,13.142,21,True
2025-12-26 19:00:00+00:00,13.13,13.22,13.08,13.2,5520.0,13.162,34,True
2025-12-26 20:00:00+00:00,13.19,13.22,13.15,13.18,33901.0,13.183,231,True
2025-12-26 21:00:00+00:00,13.16,13.16,13.16,13.16,45845.0,13.16,4,False
2025-12-26 22:00:00+00:00,13.16,13.16,13.16,13.16,0.0,13.16,0,False
2025-12-26 23:00:00+00:00,13.06,13.06,13.06,13.06,232.0,13.06,2,False
2025-12-27 00:00:00+00:00,13.06,13.06,13.06,13.06,0.0,13.06,0,False
2025-12-29 12:00:00+00:00,13.09,13.09,13.09,13.09,100.0,13.09,1,False
2025-12-29 13:00:00+00:00,13.0,13.13,13.0,13.13,790.0,13.048,4,False
2025-12-29 14:00:00+00:00,13.02,13.2,12.94,13.14,10777.0,13.044,45,False
2025-12-29 15:00:00+00:00,13.14,13.16,13.06,13.08,15127.0,13.112,102,True
2025-12-29 16:00:00+00:00,13.1,13.16,13.07,13.13,6458.0,13.101,53,True
2025-12-29 17:00:00+00:00,13.11,13.13,13.08,13.12,13956.0,13.101,55,True
2025-12-29 18:00:00+00:00,13.11,13.16,13.1,13.11,6050.0,13.115,37,True
2025-12-29 19:00:00+00:00,13.12,13.19,13.11,13.18,7166.0,13.147,42,True
2025-12-29 20:00:00+00:00,13.19,13.19,13.1,13.13,31200.0,13.142,201,True
2025-12-29 21:00:00+00:00,13.15,13.15,13.15,13.15,103285.0,13.15,2,False
2025-12-29 22:00:00+00:00,13.1,13.1,13.1,13.1,100.0,13.1,1,False
2025-12-29 23:00:00+00:00,13.07,13.07,13.07,13.07,100.0,13.07,1,False
2025-12-30 00:00:00+00:00,13.07,13.07,13.07,13.07,0.0,13.07,0,False
2025-12-30 14:00:00+00:00,13.01,13.29,13.01,13.2,20985.0,13.192,148,False
2025-12-30 15:00:00+00:00,13.13,13.24,13.11,13.18,51481.0,13.178,293,True
2025-12-30 16:00:00+00:00,13.2,13.34,13.18,13.25,50975.0,13.265,335,True
2025-12-30 17:00:00+00:00,13.23,13.24,13.18,13.23,41353.0,13.213,312,True
2025-12-30 18:00:00+00:00,13.22,13.27,13.19,13.22,47084.0,13.223,319,True
2025-12-30 19:00:00+00:00,13.22,13.22,13.09,13.1,42648.0,13.159,293,True
2025-12-30 20:00:00+00:00,13.1,13.19,12.97,13.18,88176.0,13.099,563,True
2025-12-30 21:00:00+00:00,13.18,13.18,13.18,13.18,54998.0,13.18,4,False
2025-12-30 22:00:00+00:00,13.18,13.18,13.18,13.18,0.0,13.18,0,False
2025-12-30 23:00:00+00:00,13.18,13.18,13.18,13.18,0.0,13.18,0,False
2025-12-31 00:00:00+00:00,13.18,13.18,13.18,13.18,0.0,13.18,0,False
2025-12-31 12:00:00+00:00,13.17,13.18,13.17,13.18,215.0,13.175,2,False
2025-12-31 13:00:00+00:00,13.18,13.18,13.18,13.18,287.0,13.18,2,False
2025-12-31 14:00:00+00:00,13.18,13.18,12.97,13.02,7591.0,13.075,30,False
2025-12-31 15:00:00+00:00,13.01,13.12,12.96,13.07,7996.0,13.034,50,True
2025-12-31 16:00:00+00:00,13.08,13.08,12.99,13.0,9327.0,13.026,46,True
2025-12-31 17:00:00+00:00,13.01,13.01,12.98,13.0,3538.0,12.996,22,True
2025-12-31 18:00:00+00:00,13.0,13.08,12.98,13.03,10284.0,13.046,66,True
2025-12-31 19:00:00+00:00,13.01,13.06,12.99,13.04,20914.0,13.021,146,True
2025-12-31 20:00:00+00:00,13.04,13.11,13.0,13.04,89751.0,13.039,573,True
2025-12-31 21:00:00+00:00,13.03,13.06,13.02,13.02,70419.0,13.03,5,False
2025-12-31 22:00:00+00:00,13.02,13.02,13.02,13.02,0.0,13.02,0,False
2025-12-31 23:00:00+00:00,13.02,13.02,13.02,13.02,0.0,13.02,0,False
2026-01-01 00:00:00+00:00,13.02,13.02,13.02,13.02,0.0,13.02,0,False
2026-01-02 10:00:00+00:00,13.06,13.06,13.06,13.06,159.0,13.06,1,False
2026-01-02 11:00:00+00:00,13.06,13.06,13.06,13.06,0.0,13.06,0,False
2026-01-02 12:00:00+00:00,13.06,13.06,13.06,13.06,0.0,13.06,0,False
2026-01-02 13:00:00+00:00,13.1,13.11,13.05,13.1,1144.0,13.094,5,False
2026-01-02 14:00:00+00:00,13.17,13.32,13.03,13.21,20215.0,13.162,101,False
2026-01-02 15:00:00+00:00,13.21,13.24,13.04,13.06,14033.0,13.119,101,True
2026-01-02 16:00:00+00:00,13.02,13.19,12.98,13.14,43795.0,13.092,210,True
2026-01-02 17:00:00+00:00,13.13,13.26,13.1,13.18,22144.0,13.191,105,True
2026-01-02 18:00:00+00:00,13.18,13.19,13.09,13.14,7272.0,13.147,66,True
2026-01-02 19:00:00+00:00,13.15,13.24,13.15,13.23,11376.0,13.201,78,True
2026-01-02 20:00:00+00:00,13.21,13.26,13.15,13.2,36568.0,13.211,234,True
2026-01-02 21:00:00+00:00,13.21,13.21,13.21,13.21,42893.0,13.21,4,False
2026-01-02 22:00:00+00:00,13.08,13.08,13.08,13.08,150.0,13.08,1,False
2026-01-02 23:00:00+00:00,13.08,13.08,13.08,13.08,0.0,13.08,0,False
2026-01-03 00:00:00+00:00,13.08,13.08,13.08,13.08,0.0,13.08,0,False
2026-01-05 09:00:00+00:00,13.16,13.16,13.14,13.15,3082.0,13.15,7,False
2026-01-05 10:00:00+00:00,13.15,13.15,13.15,13.15,200.0,13.15,2,False
2026-01-05 11:00:00+00:00,13.15,13.2,13.15,13.2,3679.0,13.191,7,False
2026-01-05 12:00:00+00:00,13.2,13.2,13.2,13.2,0.0,13.2,0,False
2026-01-05 13:00:00+00:00,13.01,13.3,13.01,13.25,1861.0,13.212,5,False
2026-01-05 14:00:00+00:00,13.4,13.84,13.27,13.84,31626.0,13.536,101,False
2026-01-05 15:00:00+00:00,13.85,13.9,13.74,13.9,18426.0,13.842,123,True
2026-01-05 16:00:00+00:00,13.89,13.89,13.74,13.76,25216.0,13.811,136,True
2026-01-05 17:00:00+00:00,13.76,13.83,13.74,13.8,11672.0,13.78,78,True
2026-01-05 18:00:00+00:00,13.8,13.89,13.8,13.86,6286.0,13.845,40,True
2026-01-05 19:00:00+00:00,13.87,13.9,13.83,13.89,9325.0,13.879,71,True
2026-01-05 20:00:00+00:00,13.9,13.91,13.67,13.69,54502.0,13.749,351,True
2026-01-05 21:00:00+00:00,13.69,13.69,13.55,13.55,41222.0,13.69,3,False
2026-01-05 22:00:00+00:00,13.55,13.55,13.55,13.55,0.0,13.55,0,False
2026-01-05 23:00:00+00:00,13.55,13.55,13.55,13.55,0.0,13.55,0,False
2026-01-06 00:00:00+00:00,13.55,13.55,13.55,13.55,0.0,13.55,0,False
2026-01-06 10:00:00+00:00,13.61,13.61,13.61,13.61,129.0,13.61,1,False
2026-01-06 11:00:00+00:00,13.6,13.6,13.59,13.59,395.0,13.593,3,False
2026-01-06 12:00:00+00:00,13.6,13.6,13.6,13.6,100.0,13.6,1,False
2026-01-06 13:00:00+00:00,13.5,13.5,13.5,13.5,1700.0,13.5,16,False
2026-01-06 14:00:00+00:00,13.65,13.77,13.46,13.71,15857.0,13.596,118,False
2026-01-06 15:00:00+00:00,13.7,13.89,13.7,13.82,17189.0,13.795,125,True
2026-01-06 16:00:00+00:00,13.85,13.98,13.8,13.81,17378.0,13.882,108,True
2026-01-06 17:00:00+00:00,13.79,13.87,13.79,13.84,9958.0,13.839,62,True
2026-01-06 18:00:00+00:00,13.84,13.9,13.82,13.9,9472.0,13.857,79,True
2026-01-06 19:00:00+00:00,13.89,13.98,13.89,13.98,7460.0,13.944,58,True
2026-01-06 20:00:00+00:00,13.97,14.0,13.93,13.96,40534.0,13.964,249,True
2026-01-06 21:00:00+00:00,13.97,13.97,13.97,13.97,39229.0,13.97,8,False
2026-01-06 22:00:00+00:00,14.0,14.0,14.0,14.0,334.0,14.0,1,False
2026-01-06 23:00:00+00:00,14.0,14.0,14.0,14.0,0.0,14.0,0,False
2026-01-07 00:00:00+00:00,14.0,14.0,14.0,14.0,200.0,14.0,1,False
2026-01-07 09:00:00+00:00,13.97,13.97,13.97,13.97,715.0,13.97,1,False
2026-01-07 10:00:00+00:00,13.97,13.97,13.97,13.97,0.0,13.97,0,False
2026-01-07 11:00:00+00:00,13.97,13.97,13.97,13.97,0.0,13.97,0,False
2026-01-07 12:00:00+00:00,13.97,13.97,13.97,13.97,0.0,13.97,0,False
2026-01-07 13:00:00+00:00,13.97,13.97,13.9,13.9,493.0,13.92,3,False
2026-01-07 14:00:00+00:00,13.94,14.14,13.92,14.13,24941.0,14.076,49,False
2026-01-07 15:00:00+00:00,14.16,14.17,13.82,13.86,16687.0,13.978,86,True
2026-01-07 16:00:00+00:00,13.83,13.83,13.71,13.8,6954.0,13.764,54,True
2026-01-07 17:00:00+00:00,13.8,13.85,13.8,13.82,5996.0,13.824,44,True
2026-01-07 18:00:00+00:00,13.84,13.88,13.79,13.86,2839.0,13.826,23,True
2026-01-07 19:00:00+00:00,13.86,13.88,13.8,13.87,3556.0,13.841,32,True
2026-01-07 20:00:00+00:00,13.87,13.9,13.73,13.79,24161.0,13.803,187,True
2026-01-07 21:00:00+00:00,13.79,13.79,13.79,13.79,29998.0,13.79,6,False
2026-01-07 22:00:00+00:00,13.79,13.79,13.79,13.79,0.0,13.79,0,False
2026-01-07 23:00:00+00:00,13.79,13.79,13.79,13.79,0.0,13.79,0,False
2026-01-08 00:00:00+00:00,13.79,13.79,13.79,13.79,0.0,13.79,0,False
2026-01-08 12:00:00+00:00,13.78,13.78,13.78,13.78,100.0,13.78,1,False
2026-01-08 13:00:00+00:00,13.79,13.79,13.76,13.78,1140.0,13.779,5,False
2026-01-08 14:00:00+00:00,13.79,13.79,13.64,13.65,3876.0,13.716,25,False
2026-01-08 15:00:00+00:00,13.64,13.69,13.48,13.51,10923.0,13.59,82,True
2026-01-08 16:00:00+00:00,13.51,13.56,13.47,13.55,6154.0,13.508,49,True
2026-01-08 17:00:00+00:00,13.57,13.73,13.56,13.73,6645.0,13.654,41,True
2026-01-08 18:00:00+00:00,13.73,13.79,13.68,13.74,10100.0,13.712,68,True
2026-01-08 19:00:00+00:00,13.76,13.78,13.71,13.75,5560.0,13.749,48,True
2026-01-08 20:00:00+00:00,13.75,13.75,13.59,13.68,61556.0,13.668,409,True
2026-01-08 21:00:00+00:00,13.67,14.13,13.67,14.0,60793.0,13.721,19,False
2026-01-08 22:00:00+00:00,14.0,14.0,14.0,14.0,0.0,14.0,0,False
2026-01-08 23:00:00+00:00,14.0,14.0,14.0,14.0,0.0,14.0,0,False
2026-01-09 00:00:00+00:00,14.0,14.0,14.0,14.0,0.0,14.0,0,False
2026-01-09 10:00:00+00:00,13.93,13.93,13.93,13.93,110.0,13.93,1,False
2026-01-09 11:00:00+00:00,13.71,13.71,13.71,13.71,100.0,13.71,1,False
2026-01-09 12:00:00+00:00,13.71,13.71,13.71,13.71,0.0,13.71,0,False
2026-01-09 13:00:00+00:00,13.82,14.08,13.75,13.96,1849.0,13.937,8,False
2026-01-09 14:00:00+00:00,13.71,13.95,13.67,13.67,7766.0,13.768,27,False
2026-01-09 15:00:00+00:00,13.7,13.85,13.53,13.81,17301.0,13.708,109,True
2026-01-09 16:00:00+00:00,13.81,13.9,13.75,13.9,11349.0,13.817,64,True
2026-01-09 17:00:00+00:00,13.87,13.91,13.8,13.85,11027.0,13.853,63,True
2026-01-09 18:00:00+00:00,13.85,13.86,13.8,13.86,4320.0,13.837,24,True
2026-01-09 19:00:00+00:00,13.83,13.83,13.73,13.74,5619.0,13.758,38,True
2026-01-09 20:00:00+00:00,13.74,13.81,13.7,13.74,37334.0,13.758,229,True
2026-01-09 21:00:00+00:00,13.76,13.76,13.56,13.56,51797.0,13.738,41,False
2026-01-09 22:00:00+00:00,13.55,13.56,13.55,13.55,2686.0,13.556,11,False
2026-01-09 23:00:00+00:00,13.55,13.55,13.55,13.55,0.0,13.55,0,False
2026-01-10 00:00:00+00:00,13.55,13.55,13.55,13.55,0.0,13.55,0,False
2026-01-12 12:00:00+00:00,13.59,13.6,13.59,13.6,652.0,13.597,4,False
2026-01-12 13:00:00+00:00,13.6,13.6,13.55,13.55,328.0,13.585,3,False
2026-01-12 14:00:00+00:00,13.47,13.66,13.4,13.5,17513.0,13.556,68,False
2026-01-12 15:00:00+00:00,13.49,13.7,13.36,13.7,11094.0,13.499,79,True
2026-01-12 16:00:00+00:00,13.74,13.9,13.66,13.86,17664.0,13.79,103,True
2026-01-12 17:00:00+00:00,13.88,13.93,13.78,13.78,11126.0,13.873,64,True
2026-01-12 18:00:00+00:00,13.79,13.91,13.79,13.85,8542.0,13.852,54,True
2026-01-12 19:00:00+00:00,13.82,13.86,13.75,13.83,21857.0,13.816,85,True
2026-01-12 20:00:00+00:00,13.83,13.84,13.75,13.79,30858.0,13.786,232,True
2026-01-12 21:00:00+00:00,13.8,13.8,13.8,13.8,36764.0,13.8,4,False
2026-01-12 22:00:00+00:00,13.8,13.8,13.8,13.8,0.0,13.8,0,False
2026-01-12 23:00:00+00:00,13.8,13.8,13.8,13.8,0.0,13.8,0,False
2026-01-13 00:00:00+00:00,13.8,13.8,13.8,13.8,0.0,13.8,0,False
2026-01-13 11:00:00+00:00,13.8,13.8,13.8,13.8,200.0,13.8,1,False
2026-01-13 12:00:00+00:00,13.8,13.8,13.8,13.8,0.0,13.8,0,False
2026-01-13 13:00:00+00:00,13.73,13.88,13.73,13.88,801.0,13.816,5,False
2026-01-13 14:00:00+00:00,13.66,13.82,13.62,13.65,8156.0,13.76,31,False
2026-01-13 15:00:00+00:00,13.6,13.64,13.5,13.63,13255.0,13.566,82,True
2026-01-13 16:00:00+00:00,13.6,13.67,13.56,13.64,7154.0,13.624,40,True
2026-01-13 17:00:00+00:00,13.64,13.69,13.63,13.65,3847.0,13.659,36,True
2026-01-13 18:00:00+00:00,13.63,13.67,13.61,13.64,4618.0,13.64,37,True
2026-01-13 19:00:00+00:00,13.63,13.67,13.58,13.66,4870.0,13.635,44,True
2026-01-13 20:00:00+00:00,13.67,13.67,13.5,13.51,32947.0,13.54,198,True
2026-01-13 21:00:00+00:00,13.51,13.62,13.51,13.61,31546.0,13.513,13,False
2026-01-13 22:00:00+00:00,13.61,13.61,13.61,13.61,375.0,13.61,1,False
2026-01-13 23:00:00+00:00,13.61,13.61,13.6,13.6,541.0,13.602,3,False
2026-01-14 00:00:00+00:00,13.6,13.6,13.6,13.6,0.0,13.6,0,False
2026-01-14 09:00:00+00:00,13.53,13.53,13.53,13.53,738.0,13.53,1,False
2026-01-14 10:00:00+00:00,13.53,13.53,13.53,13.53,0.0,13.53,0,False
2026-01-14 11:00:00+00:00,13.53,13.53,13.53,13.53,0.0,13.53,0,False
2026-01-14 12:00:00+00:00,13.53,13.53,13.53,13.53,0.0,13.53,0,False
2026-01-14 13:00:00+00:00,13.52,13.52,13.31,13.32,3899.0,13.459,18,False
2026-01-14 14:00:00+00:00,13.32,13.49,13.32,13.45,8575.0,13.411,25,False
2026-01-14 15:00:00+00:00,13.41,13.47,13.22,13.24,14219.0,13.326,85,True
2026-01-14 16:00:00+00:00,13.24,13.3,13.14,13.14,15256.0,13.208,66,True
2026-01-14 17:00:00+00:00,13.16,13.22,13.12,13.14,4925.0,13.173,37,True
2026-01-14 18:00:00+00:00,13.12,13.21,13.11,13.17,3135.0,13.152,23,True
2026-01-14 19:00:00+00:00,13.17,13.25,13.17,13.19,10086.0,13.204,58,True
2026-01-14 20:00:00+00:00,13.19,13.36,13.19,13.35,36167.0,13.303,200,True
2026-01-14 21:00:00+00:00,13.34,13.34,13.32,13.32,35644.0,13.34,6,False
2026-01-14 22:00:00+00:00,13.32,13.32,13.32,13.32,0.0,13.32,0,False
2026-01-14 23:00:00+00:00,13.32,13.32,13.32,13.32,0.0,13.32,0,False
2026-01-15 00:00:00+00:00,13.32,13.32,13.32,13.32,0.0,13.32,0,False
2026-01-15 09:00:00+00:00,13.32,13.39,13.32,13.38,1883.0,13.372,9,False
2026-01-15 10:00:00+00:00,13.38,13.38,13.38,13.38,0.0,13.38,0,False
2026-01-15 11:00:00+00:00,13.34,13.34,13.34,13.34,120.0,13.34,1,False
2026-01-15 12:00:00+00:00,13.34,13.34,13.34,13.34,0.0,13.34,0,False
2026-01-15 13:00:00+00:00,13.34,13.36,13.26,13.35,1728.0,13.296,11,False
2026-01-15 14:00:00+00:00,13.35,13.41,13.17,13.25,19624.0,13.326,79,False
2026-01-15 15:00:00+00:00,13.19,13.51,13.18,13.5,19304.0,13.415,74,True
2026-01-15 16:00:00+00:00,13.53,13.6,13.44,13.44,6943.0,13.547,46,True
2026-01-15 17:00:00+00:00,13.45,13.46,13.4,13.41,2775.0,13.433,22,True
2026-01-15 18:00:00+00:00,13.36,13.42,13.36,13.42,4351.0,13.397,24,True
2026-01-15 19:00:00+00:00,13.44,13.52,13.4,13.41,18306.0,13.446,61,True
2026-01-15 20:00:00+00:00,13.39,13.42,13.32,13.32,33974.0,13.377,237,True
2026-01-15 21:00:00+00:00,13.35,13.36,13.35,13.35,47929.0,13.35,4,False
2026-01-15 22:00:00+00:00,13.49,13.54,13.49,13.54,352.0,13.504,3,False
2026-01-15 23:00:00+00:00,13.54,13.54,13.54,13.54,0.0,13.54,0,False
2026-01-16 00:00:00+00:00,13.54,13.54,13.54,13.54,0.0,13.54,0,False
2026-01-16 09:00:00+00:00,13.48,13.48,13.48,13.48,133.0,13.48,1,False
2026-01-16 10:00:00+00:00,13.48,13.48,13.48,13.48,0.0,13.48,0,False
2026-01-16 11:00:00+00:00,13.48,13.48,13.48,13.48,0.0,13.48,0,False
2026-01-16 12:00:00+00:00,13.48,13.48,13.48,13.48,0.0,13.48,0,False
2026-01-16 13:00:00+00:00,13.36,13.54,13.35,13.35,1951.0,13.384,9,False
2026-01-16 14:00:00+00:00,13.45,13.45,13.15,13.16,10241.0,13.365,21,False
2026-01-16 15:00:00+00:00,13.16,13.4,13.14,13.28,10543.0,13.27,44,True
2026-01-16 16:00:00+00:00,13.33,13.4,13.31,13.35,18436.0,13.349,86,True
2026-01-16 17:00:00+00:00,13.33,13.33,13.21,13.27,6438.0,13.271,48,True
2026-01-16 18:00:00+00:00,13.27,13.42,13.25,13.26,10153.0,13.339,63,True
2026-01-16 19:00:00+00:00,13.24,13.27,13.2,13.23,7724.0,13.251,41,True
2026-01-16 20:00:00+00:00,13.22,13.4,13.2,13.37,41292.0,13.339,279,True
2026-01-16 21:00:00+00:00,13.38,13.38,13.38,13.38,49660.0,13.38,3,False
2026-01-16 22:00:00+00:00,13.38,13.38,13.38,13.38,0.0,13.38,0,False
2026-01-16 23:00:00+00:00,13.38,13.38,13.38,13.38,0.0,13.38,0,False
2026-01-17 00:00:00+00:00,13.38,13.38,13.38,13.38,0.0,13.38,0,False
2026-01-20 13:00:00+00:00,13.04,13.04,12.81,12.81,812.0,12.886,6,False
2026-01-20 14:00:00+00:00,12.79,13.16,12.65,13.16,31051.0,12.938,85,False
2026-01-20 15:00:00+00:00,13.1,13.23,12.99,13.23,9680.0,13.134,70,True
2026-01-20 16:00:00+00:00,13.23,13.23,13.08,13.11,8331.0,13.148,60,True
2026-01-20 17:00:00+00:00,13.15,13.22,13.11,13.18,12595.0,13.15,90,True
2026-01-20 18:00:00+00:00,13.18,13.21,13.12,13.13,5980.0,13.169,46,True
2026-01-20 19:00:00+00:00,13.13,13.14,12.92,13.03,15427.0,13.011,96,True
2026-01-20 20:00:00+00:00,13.0,13.02,12.9,12.91,32265.0,12.942,222,True
2026-01-20 21:00:00+00:00,12.9,12.92,12.9,12.92,44809.0,12.92,8,False
2026-01-20 22:00:00+00:00,12.99,12.99,12.99,12.99,100.0,12.99,1,False
2026-01-20 23:00:00+00:00,12.99,12.99,12.99,12.99,0.0,12.99,0,False
2026-01-21 00:00:00+00:00,12.99,12.99,12.99,12.99,0.0,12.99,0,False
2026-01-21 11:00:00+00:00,12.93,12.93,12.86,12.86,479.0,12.878,3,False
2026-01-21 12:00:00+00:00,12.86,12.86,12.86,12.86,0.0,12.86,0,False
2026-01-21 13:00:00+00:00,12.87,12.92,12.87,12.92,352.0,12.903,3,False
2026-01-21 14:00:00+00:00,12.95,13.05,12.91,12.95,21008.0,12.991,51,False
2026-01-21 15:00:00+00:00,12.94,13.04,12.85,13.03,11716.0,12.955,80,True
2026-01-21 16:00:00+00:00,13.01,13.01,12.61,12.62,13941.0,12.764,92,True
2026-01-21 17:00:00+00:00,12.64,12.66,12.55,12.63,23798.0,12.608,132,True
2026-01-21 18:00:00+00:00,12.63,12.63,12.55,12.62,13582.0,12.589,69,True
2026-01-21 19:00:00+00:00,12.61,12.97,12.6,12.93,29329.0,12.856,105,True
2026-01-21 20:00:00+00:00,12.92,12.92,12.74,12.78,34535.0,12.786,236,True
2026-01-21 21:00:00+00:00,12.79,12.79,12.79,12.79,40373.0,12.79,7,False
2026-01-21 22:00:00+00:00,12.84,12.84,12.84,12.84,100.0,12.84,1,False
2026-01-21 23:00:00+00:00,12.84,12.84,12.84,12.84,0.0,12.84,0,False
2026-01-22 00:00:00+00:00,12.84,12.84,12.84,12.84,0.0,12.84,0,False
2026-01-22 09:00:00+00:00,12.83,12.83,12.83,12.83,261.0,12.83,2,False
2026-01-22 10:00:00+00:00,12.83,12.83,12.83,12.83,0.0,12.83,0,False
2026-01-22 11:00:00+00:00,12.83,12.83,12.83,12.83,0.0,12.83,0,False
2026-01-22 12:00:00+00:00,12.83,12.83,12.83,12.83,0.0,12.83,0,False
2026-01-22 13:00:00+00:00,12.93,12.93,12.8,12.86,630.0,12.855,4,False
2026-01-22 14:00:00+00:00,13.2,13.25,12.9,13.16,25281.0,13.191,74,False
2026-01-22 15:00:00+00:00,13.14,13.38,12.98,13.28,22821.0,13.276,110,True
2026-01-22 16:00:00+00:00,13.29,13.37,13.17,13.19,8391.0,13.296,68,True
2026-01-22 17:00:00+00:00,13.18,13.21,13.14,13.2,8853.0,13.199,30,True
2026-01-22 18:00:00+00:00,13.19,13.25,13.15,13.18,12024.0,13.179,50,True
2026-01-22 19:00:00+00:00,13.18,13.25,13.17,13.21,10640.0,13.212,57,True
2026-01-22 20:00:00+00:00,13.2,13.32,13.18,13.22,42491.0,13.241,258,True
2026-01-22 21:00:00+00:00,13.22,13.22,13.22,13.22,43045.0,13.22,5,False
2026-01-22 22:00:00+00:00,13.21,13.21,13.21,13.21,100.0,13.21,1,False
2026-01-22 23:00:00+00:00,13.19,13.19,13.19,13.19,150.0,13.19,1,False
2026-01-23 00:00:00+00:00,13.2,13.2,13.2,13.2,150.0,13.2,1,False
2026-01-23 10:00:00+00:00,13.22,13.22,13.22,13.22,100.0,13.22,1,False
2026-01-23 11:00:00+00:00,13.22,13.22,13.22,13.22,0.0,13.22,0,False
2026-01-23 12:00:00+00:00,13.23,13.23,13.23,13.23,603.0,13.23,2,False
2026-01-23 13:00:00+00:00,13.22,13.24,13.21,13.21,868.0,13.22,4,False
2026-01-23 14:00:00+00:00,13.18,13.3,13.0,13.27,30724.0,13.23,56,False
2026-01-23 15:00:00+00:00,13.33,13.33,13.1,13.25,8008.0,13.198,41,True
2026-01-23 16:00:00+00:00,13.27,13.32,13.19,13.25,3834.0,13.258,26,True
2026-01-23 17:00:00+00:00,13.25,13.27,13.08,13.09,4111.0,13.204,38,True
2026-01-23 18:00:00+00:00,13.15,13.18,13.14,13.18,9220.0,13.16,31,True
2026-01-23 19:00:00+00:00,13.18,13.24,13.17,13.2,9135.0,13.197,74,True
2026-01-23 20:00:00+00:00,13.18,13.18,13.08,13.1,32377.0,13.119,192,True
2026-01-23 21:00:00+00:00,13.09,13.09,13.09,13.09,40718.0,13.09,9,False
2026-01-23 22:00:00+00:00,13.09,13.09,13.09,13.09,0.0,13.09,0,False
2026-01-23 23:00:00+00:00,13.09,13.09,13.09,13.09,0.0,13.09,0,False
2026-01-24 00:00:00+00:00,13.09,13.09,13.09,13.09,0.0,13.09,0,False
2026-01-26 09:00:00+00:00,13.04,13.04,13.04,13.04,248.0,13.04,2,False
2026-01-26 10:00:00+00:00,13.04,13.04,13.04,13.04,0.0,13.04,0,False
2026-01-26 11:00:00+00:00,13.04,13.04,13.04,13.04,260.0,13.04,1,False
2026-01-26 12:00:00+00:00,13.04,13.04,13.04,13.04,0.0,13.04,0,False
2026-01-26 13:00:00+00:00,13.04,13.05,12.96,13.05,558.0,13.005,3,False
2026-01-26 14:00:00+00:00,13.05,13.15,12.97,12.97,8426.0,13.075,46,False
2026-01-26 15:00:00+00:00,12.97,13.19,12.93,13.07,6580.0,13.044,57,True
2026-01-26 16:00:00+00:00,13.07,13.17,13.07,13.17,1666.0,13.105,13,True
2026-01-26 17:00:00+00:00,13.2,13.26,13.16,13.2,8002.0,13.213,59,True
2026-01-26 18:00:00+00:00,13.19,13.19,13.11,13.11,2819.0,13.134,24,True
2026-01-26 19:00:00+00:00,13.13,13.13,13.06,13.07,5851.0,13.1,40,True
2026-01-26 20:00:00+00:00,13.05,13.1,12.93,12.94,22542.0,13.001,146,True
2026-01-26 21:00:00+00:00,12.93,12.93,12.9,12.9,41032.0,12.93,9,False
2026-01-26 22:00:00+00:00,12.9,12.9,12.9,12.9,0.0,12.9,0,False
2026-01-26 23:00:00+00:00,12.9,12.9,12.9,12.9,0.0,12.9,0,False
2026-01-27 00:00:00+00:00,12.9,12.9,12.9,12.9,0.0,12.9,0,False
2026-01-27 12:00:00+00:00,13.07,13.07,13.07,13.07,100.0,13.07,1,False
2026-01-27 13:00:00+00:00,12.94,13.08,12.94,13.08,1294.0,13.005,9,False
2026-01-27 14:00:00+00:00,13.06,13.25,12.73,12.73,10083.0,12.956,47,False
2026-01-27 15:00:00+00:00,12.73,12.94,12.68,12.84,9197.0,12.844,61,True
2026-01-27 16:00:00+00:00,12.86,13.0,12.84,12.97,9432.0,12.96,65,True
2026-01-27 17:00:00+00:00,12.96,12.96,12.78,12.79,6585.0,12.871,32,True
2026-01-27 18:00:00+00:00,12.81,12.84,12.77,12.84,1937.0,12.812,17,True
2026-01-27 19:00:00+00:00,12.88,12.93,12.88,12.93,6983.0,12.895,28,True
2026-01-27 20:00:00+00:00,12.92,12.96,12.82,12.82,17471.0,12.882,132,True
2026-01-27 21:00:00+00:00,12.83,12.83,12.83,12.83,27699.0,12.83,5,False
2026-01-27 22:00:00+00:00,12.83,12.83,12.83,12.83,0.0,12.83,0,False
2026-01-27 23:00:00+00:00,12.68,12.68,12.68,12.68,430.0,12.68,1,False
2026-01-28 00:00:00+00:00,12.68,12.68,12.68,12.68,0.0,12.68,0,False
2026-01-28 13:00:00+00:00,12.89,12.99,12.86,12.99,1286.0,12.953,4,False
2026-01-28 14:00:00+00:00,12.97,13.0,12.93,13.0,10774.0,12.961,20,False
2026-01-28 15:00:00+00:00,12.93,12.94,12.81,12.82,8591.0,12.888,47,True
2026-01-28 16:00:00+00:00,12.79,12.82,12.75,12.8,5530.0,12.765,23,True
2026-01-28 17:00:00+00:00,12.82,12.84,12.78,12.82,3326.0,12.8,25,True
2026-01-28 18:00:00+00:00,12.83,12.89,12.82,12.86,2641.0,12.855,17,True
2026-01-28 19:00:00+00:00,12.86,12.89,12.73,12.83,10435.0,12.817,75,True
2026-01-28 20:00:00+00:00,12.82,12.83,12.69,12.74,22991.0,12.751,184,True
2026-01-28 21:00:00+00:00,12.74,12.74,12.69,12.69,41613.0,12.74,12,False
2026-01-28 22:00:00+00:00,12.72,12.72,12.71,12.72,100.0,12.72,1,False
2026-01-28 23:00:00+00:00,12.67,12.67,12.67,12.67,100.0,12.67,1,False
2026-01-29 00:00:00+00:00,12.67,12.67,12.67,12.67,0.0,12.67,0,False
2026-01-29 12:00:00+00:00,12.78,12.78,12.78,12.78,100.0,12.78,1,False
2026-01-29 13:00:00+00:00,12.76,12.8,12.76,12.8,252.0,12.782,2,False
2026-01-29 14:00:00+00:00,12.75,12.84,12.57,12.64,8257.0,12.695,46,False
2026-01-29 15:00:00+00:00,12.64,12.64,12.3,12.43,49398.0,12.425,190,True
2026-01-29 16:00:00+00:00,12.44,12.63,12.42,12.55,24564.0,12.508,131,True
2026-01-29 17:00:00+00:00,12.62,12.63,12.55,12.6,7414.0,12.604,44,True
2026-01-29 18:00:00+00:00,12.61,12.65,12.58,12.6,5715.0,12.606,40,True
2026-01-29 19:00:00+00:00,12.62,12.67,12.54,12.54,6294.0,12.613,56,True
2026-01-29 20:00:00+00:00,12.55,12.64,12.52,12.55,26483.0,12.583,188,True
2026-01-29 21:00:00+00:00,12.59,12.75,12.59,12.6,45763.0,12.591,12,False
2026-01-29 22:00:00+00:00,12.7,12.7,12.68,12.68,849.0,12.687,3,False
2026-01-29 23:00:00+00:00,12.66,12.67,12.66,12.66,118.0,12.664,1,False
2026-01-30 00:00:00+00:00,12.69,12.7,12.59,12.6,533.0,12.65,3,False
2026-01-30 09:00:00+00:00,12.43,12.43,12.4,12.4,1375.0,12.415,3,False
2026-01-30 10:00:00+00:00,12.37,12.37,12.37,12.37,100.0,12.37,1,False
2026-01-30 11:00:00+00:00,12.37,12.37,12.37,12.37,0.0,12.37,0,False
2026-01-30 12:00:00+00:00,12.37,12.37,12.37,12.37,0.0,12.37,0,False
2026-01-30 13:00:00+00:00,12.35,12.5,12.35,12.5,781.0,12.419,6,False
2026-01-30 14:00:00+00:00,12.45,12.53,12.3,12.3,12835.0,12.416,22,False
2026-01-30 15:00:00+00:00,12.25,12.26,12.07,12.17,15546.0,12.192,102,True
2026-01-30 16:00:00+00:00,12.13,12.13,12.03,12.08,16715.0,12.074,86,True
2026-01-30 17:00:00+00:00,12.05,12.12,12.01,12.12,14250.0,12.071,90,True
2026-01-30 18:00:00+00:00,12.1,12.12,11.92,12.05,18450.0,12.002,115,True
2026-01-30 19:00:00+00:00,12.06,12.17,12.04,12.04,11215.0,12.1,96,True
2026-01-30 20:00:00+00:00,12.04,12.11,11.97,12.1,35762.0,12.036,260,True
2026-01-30 21:00:00+00:00,12.09,12.09,12.09,12.09,61410.0,12.09,9,False
2026-01-30 22:00:00+00:00,12.09,12.09,12.09,12.09,0.0,12.09,0,False
2026-01-30 23:00:00+00:00,12.09,12.09,12.09,12.09,0.0,12.09,0,False
2026-01-31 00:00:00+00:00,12.3,12.31,12.3,12.3,135.0,12.302,1,False
2026-02-02 09:00:00+00:00,11.7,11.9,11.7,11.9,844.0,11.786,3,False
2026-02-02 10:00:00+00:00,11.9,11.9,11.9,11.9,0.0,11.9,0,False
2026-02-02 11:00:00+00:00,12.35,12.35,12.35,12.35,265.0,12.35,2,False
2026-02-02 12:00:00+00:00,12.35,12.35,12.35,12.35,0.0,12.35,0,False
2026-02-02 13:00:00+00:00,11.91,12.03,11.7,11.91,1428.0,11.841,5,False
2026-02-02 14:00:00+00:00,12.03,12.13,11.93,11.96,14660.0,12.009,87,False
2026-02-02 15:00:00+00:00,11.96,12.22,11.96,12.05,21384.0,12.135,97,True
2026-02-02 16:00:00+00:00,12.05,12.05,11.84,11.85,7422.0,11.943,54,True
2026-02-02 17:00:00+00:00,11.86,11.89,11.85,11.88,6505.0,11.868,37,True
2026-02-02 18:00:00+00:00,11.87,11.89,11.83,11.88,8442.0,11.861,46,True
2026-02-02 19:00:00+00:00,11.89,11.9,11.69,11.7,13759.0,11.754,87,True
2026-02-02 20:00:00+00:00,11.66,11.8,11.63,11.73,45601.0,11.729,279,True
2026-02-02 21:00:00+00:00,11.75,11.75,11.75,11.75,59953.0,11.75,8,False
2026-02-02 22:00:00+00:00,11.75,11.75,11.75,11.75,0.0,11.75,0,False
2026-02-02 23:00:00+00:00,11.76,11.76,11.76,11.76,100.0,11.76,1,False
2026-02-03 00:00:00+00:00,11.76,11.76,11.76,11.76,0.0,11.76,0,False
2026-02-03 10:00:00+00:00,11.8,11.8,11.8,11.8,100.0,11.8,1,False
2026-02-03 11:00:00+00:00,11.78,11.78,11.78,11.78,100.0,11.78,1,False
2026-02-03 12:00:00+00:00,11.78,11.78,11.78,11.78,0.0,11.78,0,False
2026-02-03 13:00:00+00:00,11.89,11.89,11.77,11.77,2366.0,11.837,7,False
2026-02-03 14:00:00+00:00,11.82,11.91,11.4,11.4,10100.0,11.601,39,False
2026-02-03 15:00:00+00:00,11.44,11.51,11.28,11.46,25534.0,11.378,99,True
2026-02-03 16:00:00+00:00,11.45,11.56,11.4,11.44,8472.0,11.465,67,True
2026-02-03 17:00:00+00:00,11.5,11.5,11.24,11.3,12712.0,11.336,79,True
2026-02-03 18:00:00+00:00,11.27,11.29,11.06,11.1,25760.0,11.179,97,True
2026-02-03 19:00:00+00:00,11.09,11.2,11.01,11.2,12450.0,11.084,86,True
2026-02-03 20:00:00+00:00,11.18,11.25,11.09,11.24,28876.0,11.194,196,True
2026-02-03 21:00:00+00:00,11.23,11.24,11.13,11.13,29733.0,11.228,6,False
2026-02-03 22:00:00+00:00,11.13,11.13,11.13,11.13,0.0,11.13,0,False
2026-02-03 23:00:00+00:00,11.13,11.13,11.13,11.13,0.0,11.13,0,False
2026-02-04 00:00:00+00:00,11.13,11.13,11.13,11.13,0.0,11.13,0,False
2026-02-04 12:00:00+00:00,11.25,11.25,11.23,11.23,724.0,11.233,3,False
2026-02-04 13:00:00+00:00,11.24,11.24,11.24,11.24,100.0,11.24,1,False
2026-02-04 14:00:00+00:00,11.23,11.23,10.7,10.78,18454.0,11.015,59,False
2026-02-04 15:00:00+00:00,10.71,11.01,10.7,10.95,21990.0,10.886,132,True
2026-02-04 16:00:00+00:00,10.92,10.94,10.43,10.56,46133.0,10.663,277,True
2026-02-04 17:00:00+00:00,10.58,10.59,10.42,10.47,10852.0,10.502,56,True
2026-02-04 18:00:00+00:00,10.49,10.56,10.41,10.45,19590.0,10.468,105,True
2026-02-04 19:00:00+00:00,10.41,10.49,10.35,10.49,23266.0,10.404,115,True
2026-02-04 20:00:00+00:00,10.49,10.83,10.45,10.77,138136.0,10.724,608,True
2026-02-04 21:00:00+00:00,10.77,10.77,10.77,10.77,38085.0,10.77,13,False
2026-02-04 22:00:00+00:00,10.77,10.77,10.77,10.77,0.0,10.77,0,False
2026-02-04 23:00:00+00:00,10.77,10.77,10.77,10.77,0.0,10.77,0,False
2026-02-05 00:00:00+00:00,10.77,10.77,10.77,10.77,0.0,10.77,0,False
2026-02-05 12:00:00+00:00,10.65,10.65,10.65,10.65,2000.0,10.65,1,False
2026-02-05 13:00:00+00:00,10.77,10.77,10.62,10.77,2678.0,10.718,4,False
2026-02-05 14:00:00+00:00,10.58,10.6,10.3,10.3,13688.0,10.493,61,False
2026-02-05 15:00:00+00:00,10.3,10.37,10.11,10.24,25123.0,10.217,151,True
2026-02-05 16:00:00+00:00,10.24,10.48,10.19,10.45,19172.0,10.356,135,True
2026-02-05 17:00:00+00:00,10.45,10.57,10.42,10.46,21940.0,10.496,133,True
2026-02-05 18:00:00+00:00,10.44,10.49,10.4,10.44,27728.0,10.449,121,True
2026-02-05 19:00:00+00:00,10.42,10.51,10.4,10.46,15885.0,10.457,95,True
2026-02-05 20:00:00+00:00,10.44,10.6,10.39,10.5,155191.0,10.496,920,True
2026-02-05 21:00:00+00:00,10.48,10.6,10.4,10.6,46695.0,10.48,8,False
2026-02-05 22:00:00+00:00,10.27,10.33,10.27,10.33,556.0,10.311,2,False
2026-02-05 23:00:00+00:00,10.33,10.33,10.33,10.33,200.0,10.33,1,False
2026-02-06 00:00:00+00:00,10.33,10.33,10.33,10.33,0.0,10.33,0,False
2026-02-06 09:00:00+00:00,10.43,10.43,10.43,10.43,472.0,10.43,1,False
2026-02-06 10:00:00+00:00,10.43,10.43,10.43,10.43,0.0,10.43,0,False
2026-02-06 11:00:00+00:00,10.43,10.43,10.43,10.43,0.0,10.43,0,False
2026-02-06 12:00:00+00:00,10.43,10.43,10.43,10.43,0.0,10.43,0,False
2026-02-06 13:00:00+00:00,10.51,10.62,10.35,10.51,2046.0,10.432,9,False
2026-02-06 14:00:00+00:00,10.6,10.9,10.59,10.69,28172.0,10.724,86,False
2026-02-06 15:00:00+00:00,10.7,11.02,10.62,11.01,27518.0,10.822,131,True
2026-02-06 16:00:00+00:00,11.05,11.32,11.04,11.24,23148.0,11.18,84,True
2026-02-06 17:00:00+00:00,11.25,11.26,11.05,11.13,11246.0,11.144,69,True
2026-02-06 18:00:00+00:00,11.17,11.17,11.03,11.1,11906.0,11.111,59,True
2026-02-06 19:00:00+00:00,11.08,11.14,11.02,11.08,20608.0,11.079,94,True
2026-02-06 20:00:00+00:00,11.08,11.23,11.05,11.14,52955.0,11.149,366,True
2026-02-06 21:00:00+00:00,11.17,11.17,11.17,11.17,54998.0,11.17,2,False
2026-02-06 22:00:00+00:00,11.19,11.19,11.18,11.18,200.0,11.185,2,False
2026-02-06 23:00:00+00:00,11.18,11.18,11.18,11.18,0.0,11.18,0,False
2026-02-07 00:00:00+00:00,11.18,11.18,11.18,11.18,0.0,11.18,0,False
2026-02-09 12:00:00+00:00,11.18,11.18,11.18,11.18,2341.0,11.18,2,False
2026-02-09 13:00:00+00:00,11.18,11.3,11.17,11.17,2094.0,11.202,7,False
2026-02-09 14:00:00+00:00,11.19,11.49,10.93,11.06,19631.0,11.119,81,False
2026-02-09 15:00:00+00:00,11.07,11.3,11.07,11.26,7993.0,11.197,49,True
2026-02-09 16:00:00+00:00,11.35,11.35,11.29,11.35,3138.0,11.32,25,True
2026-02-09 17:00:00+00:00,11.36,11.39,11.32,11.38,4081.0,11.346,18,True
2026-02-09 18:00:00+00:00,11.35,11.47,11.33,11.42,12642.0,11.392,49,True
2026-02-09 19:00:00+00:00,11.41,11.44,11.36,11.43,9342.0,11.398,45,True
2026-02-09 20:00:00+00:00,11.39,11.47,11.35,11.38,22876.0,11.423,138,True
2026-02-09 21:00:00+00:00,11.39,11.39,11.3,11.3,32940.0,11.389,4,False
2026-02-09 22:00:00+00:00,11.3,11.3,11.3,11.3,0.0,11.3,0,False
2026-02-09 23:00:00+00:00,11.3,11.3,11.3,11.3,0.0,11.3,0,False
2026-02-10 00:00:00+00:00,11.3,11.3,11.3,11.3,0.0,11.3,0,False
2026-02-10 13:00:00+00:00,11.37,11.4,11.35,11.4,1187.0,11.371,4,False
2026-02-10 14:00:00+00:00,11.42,11.65,11.35,11.55,15375.0,11.495,73,False
2026-02-10 15:00:00+00:00,11.56,11.77,11.54,11.7,5221.0,11.649,37,True
2026-02-10 16:00:00+00:00,11.71,11.86,11.71,11.86,17825.0,11.813,79,True
2026-02-10 17:00:00+00:00,11.86,11.87,11.82,11.83,6734.0,11.85,46,True
2026-02-10 18:00:00+00:00,11.82,11.84,11.74,11.75,8706.0,11.797,36,True
2026-02-10 19:00:00+00:00,11.79,11.8,11.76,11.79,8615.0,11.78,30,True
2026-02-10 20:00:00+00:00,11.79,11.8,11.59,11.61,40510.0,11.655,229,True
2026-02-10 21:00:00+00:00,11.6,11.6,11.6,11.6,32099.0,11.6,5,False
2026-02-10 22:00:00+00:00,11.56,11.57,11.56,11.57,240.0,11.564,2,False
2026-02-10 23:00:00+00:00,11.57,11.57,11.57,11.57,0.0,11.57,0,False
2026-02-11 00:00:00+00:00,11.57,11.57,11.57,11.57,0.0,11.57,0,False
2026-02-11 14:00:00+00:00,11.67,11.8,11.25,11.28,17611.0,11.461,46,False
2026-02-11 15:00:00+00:00,11.3,11.37,11.13,11.37,13353.0,11.235,117,True
2026-02-11 16:00:00+00:00,11.38,11.69,11.32,11.6,124872.0,11.458,135,True
2026-02-11 17:00:00+00:00,11.61,11.79,11.61,11.67,14895.0,11.715,110,True
2026-02-11 18:00:00+00:00,11.7,11.84,11.68,11.8,26972.0,11.796,101,True
2026-02-11 19:00:00+00:00,11.81,11.83,11.62,11.62,25598.0,11.766,109,True
2026-02-11 20:00:00+00:00,11.61,11.86,11.54,11.83,90796.0,11.766,463,True
2026-02-11 21:00:00+00:00,11.84,11.84,11.79,11.79,54558.0,11.84,12,False
2026-02-11 22:00:00+00:00,11.87,11.87,11.87,11.87,113.0,11.87,1,False
2026-02-11 23:00:00+00:00,11.88,11.88,11.88,11.88,200.0,11.88,1,False
2026-02-12 00:00:00+00:00,11.87,11.87,11.85,11.85,1894.0,11.863,7,False
2026-02-12 09:00:00+00:00,11.86,11.86,11.86,11.86,168.0,11.86,1,False
2026-02-12 10:00:00+00:00,11.86,11.86,11.86,11.86,0.0,11.86,0,False
2026-02-12 11:00:00+00:00,11.9,11.9,11.9,11.9,100.0,11.9,1,False
2026-02-12 12:00:00+00:00,11.9,11.9,11.9,11.9,0.0,11.9,0,False
2026-02-12 13:00:00+00:00,11.9,11.9,11.9,11.9,0.0,11.9,0,False
2026-02-12 14:00:00+00:00,11.92,12.05,11.42,11.52,12918.0,11.708,62,False
2026-02-12 15:00:00+00:00,11.65,11.84,11.44,11.45,30683.0,11.581,185,True
2026-02-12 16:00:00+00:00,11.4,11.45,11.02,11.11,69385.0,11.222,412,True
2026-02-12 17:00:00+00:00,11.11,11.23,10.99,10.99,45365.0,11.091,310,True
2026-02-12 18:00:00+00:00,10.99,11.12,10.63,10.77,93929.0,10.819,600,True
2026-02-12 19:00:00+00:00,10.76,11.03,10.44,10.97,165557.0,10.635,1005,True
2026-02-12 20:00:00+00:00,10.97,11.3,10.97,11.2,339971.0,11.224,1868,True
2026-02-12 21:00:00+00:00,11.21,11.21,11.21,11.21,122814.0,11.21,2,False
2026-02-12 22:00:00+00:00,11.21,11.21,11.21,11.21,0.0,11.21,0,False
2026-02-12 23:00:00+00:00,11.21,11.21,11.21,11.21,0.0,11.21,0,False
2026-02-13 00:00:00+00:00,11.21,11.21,11.21,11.21,0.0,11.21,0,False
2026-02-13 13:00:00+00:00,11.21,11.3,11.21,11.3,338.0,11.237,2,False
2026-02-13 14:00:00+00:00,11.18,11.18,10.77,10.93,32909.0,10.972,210,False
2026-02-13 15:00:00+00:00,10.93,11.07,10.89,11.04,37671.0,10.988,320,True
2026-02-13 16:00:00+00:00,11.05,11.22,10.98,11.16,27554.0,11.098,212,True
2026-02-13 17:00:00+00:00,11.15,11.16,10.91,10.97,50017.0,11.051,331,True
2026-02-13 18:00:00+00:00,10.94,10.94,10.8,10.92,26408.0,10.893,201,True
2026-02-13 19:00:00+00:00,10.93,10.93,10.71,10.73,42045.0,10.829,305,True
2026-02-13 20:00:00+00:00,10.74,10.8,10.56,10.6,143430.0,10.647,819,True
2026-02-13 21:00:00+00:00,10.61,10.61,10.59,10.61,64311.0,10.61,5,False
2026-02-13 22:00:00+00:00,10.61,10.61,10.61,10.61,100.0,10.61,1,False
2026-02-13 23:00:00+00:00,10.61,10.61,10.61,10.61,0.0,10.61,0,False
2026-02-14 00:00:00+00:00,10.61,10.61,10.61,10.61,0.0,10.61,0,False
2026-02-17 10:00:00+00:00,10.6,10.6,10.6,10.6,200.0,10.6,2,False
2026-02-17 11:00:00+00:00,10.6,10.6,10.6,10.6,0.0,10.6,0,False
2026-02-17 12:00:00+00:00,10.6,10.6,10.6,10.6,0.0,10.6,0,False
2026-02-17 13:00:00+00:00,10.5,10.6,10.5,10.6,313.0,10.549,2,False
2026-02-17 14:00:00+00:00,10.49,11.06,10.43,10.83,33592.0,10.745,208,False
2026-02-17 15:00:00+00:00,10.81,10.98,10.74,10.91,32380.0,10.876,269,True
2026-02-17 16:00:00+00:00,10.93,11.08,10.92,10.97,23370.0,10.997,196,True
2026-02-17 17:00:00+00:00,10.98,11.13,10.82,11.12,39736.0,10.961,213,True
2026-02-17 18:00:00+00:00,11.14,11.27,11.1,11.23,36054.0,11.181,221,True
2026-02-17 19:00:00+00:00,11.25,11.29,11.11,11.22,33384.0,11.21,242,True
2026-02-17 20:00:00+00:00,11.25,11.25,11.1,11.12,93375.0,11.175,615,True
2026-02-17 21:00:00+00:00,11.13,11.13,11.13,11.13,76924.0,11.13,4,False
2026-02-17 22:00:00+00:00,11.13,11.13,11.13,11.13,0.0,11.13,0,False
2026-02-17 23:00:00+00:00,11.13,11.13,11.13,11.13,0.0,11.13,0,False
2026-02-18 00:00:00+00:00,11.13,11.13,11.13,11.13,0.0,11.13,0,False
2026-02-18 11:00:00+00:00,11.19,11.2,11.19,11.2,298.0,11.197,2,False
2026-02-18 12:00:00+00:00,11.2,11.2,11.2,11.2,0.0,11.2,0,False
2026-02-18 13:00:00+00:00,11.03,11.2,11.01,11.01,892.0,11.107,8,False
2026-02-18 14:00:00+00:00,11.1,11.6,11.08,11.51,13450.0,11.285,89,False
2026-02-18 15:00:00+00:00,11.59,11.7,11.51,11.57,9963.0,11.612,66,True
2026-02-18 16:00:00+00:00,11.59,11.64,11.4,11.42,22181.0,11.495,145,True
2026-02-18 17:00:00+00:00,11.41,11.47,11.38,11.45,9215.0,11.412,70,True
2026-02-18 18:00:00+00:00,11.45,11.46,11.34,11.38,18621.0,11.41,159,True
2026-02-18 19:00:00+00:00,11.4,11.46,11.33,11.34,15292.0,11.405,109,True
2026-02-18 20:00:00+00:00,11.35,11.4,11.21,11.32,56027.0,11.299,409,True
2026-02-18 21:00:00+00:00,11.3,11.3,11.3,11.3,50121.0,11.3,6,False
2026-02-18 22:00:00+00:00,11.3,11.3,11.3,11.3,0.0,11.3,0,False
2026-02-18 23:00:00+00:00,11.3,11.3,11.3,11.3,0.0,11.3,0,False
2026-02-19 00:00:00+00:00,11.3,11.3,11.3,11.3,0.0,11.3,0,False
2026-02-19 09:00:00+00:00,11.31,11.31,11.31,11.31,352.0,11.31,2,False
2026-02-19 10:00:00+00:00,11.19,11.19,11.14,11.15,586.0,11.15,3,False
2026-02-19 11:00:00+00:00,11.15,11.15,11.15,11.15,0.0,11.15,0,False
2026-02-19 12:00:00+00:00,11.15,11.15,11.15,11.15,0.0,11.15,0,False
2026-02-19 13:00:00+00:00,11.2,11.49,11.11,11.15,576.0,11.259,5,False
2026-02-19 14:00:00+00:00,11.14,11.45,11.11,11.26,16769.0,11.245,76,False
2026-02-19 15:00:00+00:00,11.26,11.34,10.96,11.07,15919.0,11.162,94,True
2026-02-19 16:00:00+00:00,11.07,11.11,11.03,11.1,6635.0,11.059,36,True
2026-02-19 17:00:00+00:00,11.09,11.11,11.05,11.05,1806.0,11.087,15,True
2026-02-19 18:00:00+00:00,11.04,11.09,10.99,11.07,8476.0,11.049,42,True
2026-02-19 19:00:00+00:00,11.1,11.1,11.0,11.02,5299.0,11.044,33,True
2026-02-19 20:00:00+00:00,11.02,11.17,11.02,11.11,27326.0,11.114,203,True
2026-02-19 21:00:00+00:00,11.14,11.14,11.14,11.14,29680.0,11.14,9,False
2026-02-19 22:00:00+00:00,11.14,11.14,11.14,11.14,0.0,11.14,0,False
2026-02-19 23:00:00+00:00,11.04,11.04,11.04,11.04,200.0,11.04,1,False
2026-02-20 00:00:00+00:00,11.04,11.04,11.04,11.04,0.0,11.04,0,False
2026-02-20 12:00:00+00:00,11.15,11.15,11.15,11.15,195.0,11.15,1,False
2026-02-20 13:00:00+00:00,11.29,11.29,11.12,11.12,544.0,11.224,3,False
2026-02-20 14:00:00+00:00,11.0,11.18,11.0,11.11,7883.0,11.027,15,False
2026-02-20 15:00:00+00:00,11.17,11.39,11.17,11.26,11291.0,11.305,69,True
2026-02-20 16:00:00+00:00,11.33,11.37,11.2,11.21,14058.0,11.257,55,True
2026-02-20 17:00:00+00:00,11.18,11.18,11.01,11.11,6930.0,11.095,54,True
2026-02-20 18:00:00+00:00,11.12,11.33,11.12,11.33,10368.0,11.173,83,True
2026-02-20 19:00:00+00:00,11.37,11.37,11.15,11.15,4659.0,11.199,38,True
2026-02-20 20:00:00+00:00,11.19,11.23,11.13,11.16,19128.0,11.166,150,True
2026-02-20 21:00:00+00:00,11.17,11.17,11.17,11.17,30296.0,11.17,4,False
2026-02-20 22:00:00+00:00,11.17,11.17,11.17,11.17,0.0,11.17,0,False
2026-02-20 23:00:00+00:00,11.17,11.17,11.17,11.17,0.0,11.17,0,False
2026-02-21 00:00:00+00:00,11.17,11.17,11.17,11.17,0.0,11.17,0,False
2026-02-23 13:00:00+00:00,11.07,11.12,11.07,11.11,376.0,11.094,3,False
2026-02-23 14:00:00+00:00,11.05,11.05,10.85,11.01,29696.0,10.96,80,False
2026-02-23 15:00:00+00:00,11.02,11.1,10.85,11.05,15337.0,10.994,62,True
2026-02-23 16:00:00+00:00,11.02,11.02,10.89,10.92,4703.0,10.941,31,True
2026-02-23 17:00:00+00:00,10.92,10.97,10.85,10.96,18452.0,10.887,51,True
2026-02-23 18:00:00+00:00,10.97,11.05,10.95,10.96,12286.0,10.984,62,True
2026-02-23 19:00:00+00:00,10.97,11.0,10.86,10.97,17030.0,10.943,106,True
2026-02-23 20:00:00+00:00,10.96,10.98,10.84,10.86,41570.0,10.881,226,True
2026-02-23 21:00:00+00:00,10.88,10.88,10.88,10.88,33536.0,10.88,1,False
2026-02-23 22:00:00+00:00,10.88,10.88,10.88,10.88,0.0,10.88,0,False
2026-02-23 23:00:00+00:00,10.88,10.88,10.88,10.88,0.0,10.88,0,False
2026-02-24 00:00:00+00:00,11.0,11.0,11.0,11.0,142.0,11.0,1,False
2026-02-24 13:00:00+00:00,10.88,10.88,10.88,10.88,100.0,10.88,1,False
2026-02-24 14:00:00+00:00,10.94,11.23,10.81,11.16,10658.0,11.041,43,False
2026-02-24 15:00:00+00:00,11.14,11.33,11.12,11.25,9947.0,11.225,81,True
2026-02-24 16:00:00+00:00,11.23,11.32,11.23,11.31,13445.0,11.268,81,True
2026-02-24 17:00:00+00:00,11.34,11.37,11.14,11.22,16055.0,11.246,92,True
2026-02-24 18:00:00+00:00,11.23,11.26,11.15,11.26,11498.0,11.188,63,True
2026-02-24 19:00:00+00:00,11.28,11.28,11.18,11.21,8074.0,11.217,66,True
2026-02-24 20:00:00+00:00,11.19,11.2,11.12,11.14,38331.0,11.169,263,True
2026-02-24 21:00:00+00:00,11.15,11.15,11.14,11.14,32944.0,11.15,6,False
2026-02-24 22:00:00+00:00,11.14,11.14,11.14,11.14,0.0,11.14,0,False
2026-02-24 23:00:00+00:00,11.09,11.09,11.09,11.09,456.0,11.09,1,False
2026-02-25 00:00:00+00:00,11.1,11.1,11.1,11.1,100.0,11.1,1,False
2026-02-25 13:00:00+00:00,11.1,11.27,11.1,11.27,310.0,11.155,2,False
2026-02-25 14:00:00+00:00,11.23,11.39,11.03,11.38,9797.0,11.189,44,False
2026-02-25 15:00:00+00:00,11.38,11.39,11.13,11.13,9617.0,11.301,52,True
2026-02-25 16:00:00+00:00,11.14,11.28,11.06,11.25,6799.0,11.166,45,True
2026-02-25 17:00:00+00:00,11.26,11.33,11.21,11.33,4314.0,11.261,38,True
2026-02-25 18:00:00+00:00,11.32,11.35,11.22,11.32,25779.0,11.265,86,True
2026-02-25 19:00:00+00:00,11.3,11.35,11.29,11.32,6338.0,11.316,48,True
2026-02-25 20:00:00+00:00,11.3,11.32,11.2,11.27,51622.0,11.251,262,True
2026-02-25 21:00:00+00:00,11.28,11.28,11.2,11.2,29610.0,11.279,8,False
2026-02-25 22:00:00+00:00,11.2,11.2,11.2,11.2,0.0,11.2,0,False
2026-02-25 23:00:00+00:00,11.2,11.2,11.2,11.2,0.0,11.2,0,False
2026-02-26 00:00:00+00:00,11.5,11.5,11.15,11.26,18585.0,11.312,6,False
2026-02-26 09:00:00+00:00,11.21,11.21,11.21,11.21,139.0,11.21,1,False
2026-02-26 10:00:00+00:00,11.21,11.21,11.21,11.21,0.0,11.21,0,False
2026-02-26 11:00:00+00:00,11.21,11.21,11.21,11.21,0.0,11.21,0,False
2026-02-26 12:00:00+00:00,11.21,11.21,11.21,11.21,0.0,11.21,0,False
2026-02-26 13:00:00+00:00,11.25,11.25,11.25,11.25,100.0,11.25,1,False
2026-02-26 14:00:00+00:00,11.28,11.54,11.14,11.5,20054.0,11.39,43,False
2026-02-26 15:00:00+00:00,11.53,11.56,11.36,11.56,9044.0,11.454,53,True
2026-02-26 16:00:00+00:00,11.58,11.68,11.44,11.5,10432.0,11.557,89,True
2026-02-26 17:00:00+00:00,11.5,11.56,11.47,11.48,6181.0,11.512,50,True
2026-02-26 18:00:00+00:00,11.5,11.6,11.43,11.54,7893.0,11.506,64,True
2026-02-26 19:00:00+00:00,11.57,11.71,11.57,11.62,13259.0,11.642,65,True
2026-02-26 20:00:00+00:00,11.62,11.65,11.52,11.56,53814.0,11.565,339,True
2026-02-26 21:00:00+00:00,11.56,11.56,11.56,11.56,50153.0,11.56,8,False
2026-02-26 22:00:00+00:00,11.56,11.56,11.56,11.56,0.0,11.56,0,False
2026-02-26 23:00:00+00:00,11.56,11.56,11.56,11.56,0.0,11.56,0,False
2026-02-27 00:00:00+00:00,11.56,11.56,11.56,11.56,0.0,11.56,0,False
2026-02-27 10:00:00+00:00,11.5,11.5,11.5,11.5,118.0,11.5,1,False
2026-02-27 11:00:00+00:00,11.56,11.56,11.56,11.56,100.0,11.56,1,False
2026-02-27 12:00:00+00:00,11.56,11.56,11.56,11.56,0.0,11.56,0,False
2026-02-27 13:00:00+00:00,11.56,11.56,11.56,11.56,0.0,11.56,0,False
2026-02-27 14:00:00+00:00,11.55,11.64,11.27,11.28,16082.0,11.449,29,False
2026-02-27 15:00:00+00:00,11.33,11.57,11.31,11.37,12149.0,11.469,87,True
2026-02-27 16:00:00+00:00,11.34,11.39,11.29,11.3,7131.0,11.34,49,True
2026-02-27 17:00:00+00:00,11.31,11.37,11.25,11.33,7139.0,11.327,57,True
2026-02-27 18:00:00+00:00,11.34,11.35,11.23,11.24,6976.0,11.28,54,True
2026-02-27 19:00:00+00:00,11.25,11.29,11.2,11.21,7945.0,11.247,48,True
2026-02-27 20:00:00+00:00,11.22,11.28,11.11,11.27,57253.0,11.211,364,True
2026-02-27 21:00:00+00:00,11.25,11.25,11.25,11.25,70640.0,11.25,2,False
2026-02-27 22:00:00+00:00,11.25,11.25,11.25,11.25,0.0,11.25,0,False
2026-02-27 23:00:00+00:00,11.25,11.25,11.25,11.25,0.0,11.25,0,False
2026-02-28 00:00:00+00:00,11.25,11.25,11.25,11.25,0.0,11.25,0,False
2026-03-02 09:00:00+00:00,11.1,11.1,11.1,11.1,100.0,11.1,1,False
2026-03-02 10:00:00+00:00,11.1,11.1,11.1,11.1,0.0,11.1,0,False
2026-03-02 11:00:00+00:00,11.1,11.1,11.1,11.1,0.0,11.1,0,False
2026-03-02 12:00:00+00:00,11.1,11.1,11.1,11.1,0.0,11.1,0,False
2026-03-02 13:00:00+00:00,11.15,11.15,11.1,11.1,476.0,11.139,2,False
2026-03-02 14:00:00+00:00,10.79,11.19,10.7,10.82,21787.0,10.978,87,False
2026-03-02 15:00:00+00:00,10.82,11.1,10.82,11.03,25246.0,10.968,147,True
2026-03-02 16:00:00+00:00,11.02,11.17,10.97,11.14,17042.0,11.077,115,True
2026-03-02 17:00:00+00:00,11.13,11.21,11.09,11.2,19168.0,11.154,103,True
2026-03-02 18:00:00+00:00,11.2,11.2,11.15,11.17,10166.0,11.166,57,True
2026-03-02 19:00:00+00:00,11.15,11.25,11.15,11.18,11496.0,11.195,103,True
2026-03-02 20:00:00+00:00,11.19,11.41,11.14,11.37,73361.0,11.294,472,True
2026-03-02 21:00:00+00:00,11.37,11.37,11.37,11.37,35707.0,11.37,6,False
2026-03-02 22:00:00+00:00,11.37,11.37,11.37,11.37,0.0,11.37,0,False
2026-03-02 23:00:00+00:00,11.37,11.37,11.37,11.37,0.0,11.37,0,False
2026-03-03 00:00:00+00:00,11.37,11.37,11.37,11.37,0.0,11.37,0,False
2026-03-03 09:00:00+00:00,11.15,11.24,11.14,11.24,744.0,11.201,3,False
2026-03-03 10:00:00+00:00,11.24,11.24,11.24,11.24,0.0,11.24,0,False
2026-03-03 11:00:00+00:00,11.17,11.17,11.17,11.17,127.0,11.17,1,False
2026-03-03 12:00:00+00:00,11.1,11.15,11.1,11.15,1093.0,11.145,3,False
2026-03-03 13:00:00+00:00,10.94,11.25,10.93,10.95,5145.0,11.182,11,False
2026-03-03 14:00:00+00:00,10.93,11.15,10.76,10.79,24024.0,11.028,63,False
2026-03-03 15:00:00+00:00,10.82,10.98,10.77,10.87,23797.0,10.882,113,True
2026-03-03 16:00:00+00:00,10.85,11.31,10.84,11.25,134593.0,11.21,702,True
2026-03-03 17:00:00+00:00,11.27,11.35,11.25,11.34,20908.0,11.29,91,True
2026-03-03 18:00:00+00:00,11.34,11.52,11.33,11.47,25282.0,11.444,74,True
2026-03-03 19:00:00+00:00,11.46,11.62,11.37,11.55,28359.0,11.489,107,True
2026-03-03 20:00:00+00:00,11.55,11.66,11.43,11.43,137056.0,11.545,679,True
2026-03-03 21:00:00+00:00,11.52,11.52,9.5,10.03,99758.0,10.871,92,False
2026-03-03 22:00:00+00:00,10.1,10.18,9.74,9.75,34177.0,9.959,12,False
2026-03-03 23:00:00+00:00,9.95,9.95,9.85,9.87,2891.0,9.863,5,False
2026-03-04 00:00:00+00:00,9.74,9.86,9.74,9.86,803.0,9.833,2,False
2026-03-04 09:00:00+00:00,10.2,10.2,10.13,10.13,200.0,10.165,2,False
2026-03-04 10:00:00+00:00,10.01,10.19,10.0,10.18,1023.0,10.09,9,False
2026-03-04 11:00:00+00:00,10.02,10.18,9.9,9.95,3120.0,9.944,10,False
2026-03-04 12:00:00+00:00,9.98,9.98,9.89,9.94,3161.0,9.943,20,False
2026-03-04 13:00:00+00:00,9.98,10.39,9.72,10.0,23356.0,9.952,58,False
2026-03-04 14:00:00+00:00,9.99,10.92,9.21,10.64,154659.0,10.099,475,False
2026-03-04 15:00:00+00:00,10.76,10.9,10.52,10.75,51286.0,10.687,281,True
2026-03-04 16:00:00+00:00,10.77,11.02,10.58,10.94,35884.0,10.812,225,True
2026-03-04 17:00:00+00:00,10.95,10.97,10.65,10.73,22769.0,10.817,148,True
2026-03-04 18:00:00+00:00,10.72,10.88,10.68,10.8,37445.0,10.795,188,True
2026-03-04 19:00:00+00:00,10.79,10.8,10.54,10.63,46481.0,10.641,336,True
2026-03-04 20:00:00+00:00,10.63,10.64,10.18,10.46,119023.0,10.361,784,True
2026-03-04 21:00:00+00:00,10.45,10.49,10.44,10.49,43804.0,10.445,6,False
2026-03-04 22:00:00+00:00,10.47,10.47,10.46,10.47,1126.0,10.47,3,False
2026-03-04 23:00:00+00:00,10.43,10.43,10.43,10.43,101.0,10.43,1,False
2026-03-05 00:00:00+00:00,10.46,10.46,10.45,10.46,1742.0,10.46,4,False
2026-03-05 10:00:00+00:00,10.32,10.32,10.03,10.25,3738.0,10.114,27,False
2026-03-05 11:00:00+00:00,10.25,10.29,10.25,10.29,200.0,10.27,2,False
2026-03-05 12:00:00+00:00,10.25,10.29,10.25,10.25,1477.0,10.266,5,False
2026-03-05 13:00:00+00:00,10.26,10.49,10.08,10.25,11257.0,10.202,15,False
2026-03-05 14:00:00+00:00,10.23,10.37,9.91,10.36,82233.0,10.07,327,False
2026-03-05 15:00:00+00:00,10.27,10.34,10.21,10.22,63170.0,10.265,383,True
2026-03-05 16:00:00+00:00,10.22,10.22,9.91,10.11,42477.0,10.039,331,True
2026-03-05 17:00:00+00:00,10.09,10.36,10.09,10.33,34985.0,10.257,217,True
2026-03-05 18:00:00+00:00,10.33,10.42,10.28,10.28,22319.0,10.366,169,True
2026-03-05 19:00:00+00:00,10.29,10.35,10.17,10.34,26161.0,10.274,208,True
2026-03-05 20:00:00+00:00,10.33,10.41,10.31,10.38,99113.0,10.366,627,True
2026-03-05 21:00:00+00:00,10.38,10.38,10.36,10.36,67512.0,10.38,2,False
2026-03-05 22:00:00+00:00,10.38,10.5,10.19,10.47,19900.0,10.299,31,False
2026-03-05 23:00:00+00:00,10.3,10.3,10.3,10.3,1000.0,10.3,2,False
2026-03-06 00:00:00+00:00,10.3,10.3,10.3,10.3,0.0,10.3,0,False
2026-03-06 10:00:00+00:00,10.39,10.39,10.38,10.38,800.0,10.381,3,False
2026-03-06 11:00:00+00:00,10.38,10.38,10.38,10.38,0.0,10.38,0,False
2026-03-06 12:00:00+00:00,10.38,10.38,10.38,10.38,0.0,10.38,0,False
2026-03-06 13:00:00+00:00,10.3,10.31,10.21,10.21,664.0,10.274,5,False
2026-03-06 14:00:00+00:00,10.13,10.13,9.69,9.77,50114.0,9.944,95,False
2026-03-06 15:00:00+00:00,9.76,10.05,9.72,9.84,34853.0,9.9,196,True
2026-03-06 16:00:00+00:00,9.84,9.88,9.72,9.84,20212.0,9.788,143,True
2026-03-06 17:00:00+00:00,9.83,9.86,9.69,9.71,26881.0,9.741,159,True
2026-03-06 18:00:00+00:00,9.73,9.83,9.7,9.8,17163.0,9.764,136,True
2026-03-06 19:00:00+00:00,9.8,9.94,9.78,9.85,14863.0,9.846,126,True
2026-03-06 20:00:00+00:00,9.83,9.87,9.69,9.71,120318.0,9.787,563,True
2026-03-06 21:00:00+00:00,9.71,9.71,9.71,9.71,62628.0,9.71,6,False
2026-03-06 22:00:00+00:00,9.68,9.68,9.68,9.68,100.0,9.68,1,False
2026-03-06 23:00:00+00:00,9.68,9.68,9.68,9.68,0.0,9.68,0,False
2026-03-07 00:00:00+00:00,9.75,9.75,9.75,9.75,138.0,9.75,1,False
2026-03-09 08:00:00+00:00,9.55,9.55,9.55,9.55,100.0,9.55,1,False
2026-03-09 09:00:00+00:00,9.55,9.55,9.55,9.55,0.0,9.55,0,False
2026-03-09 10:00:00+00:00,9.55,9.55,9.55,9.55,0.0,9.55,0,False
2026-03-09 11:00:00+00:00,9.55,9.55,9.55,9.55,209.0,9.55,1,False
2026-03-09 12:00:00+00:00,9.69,9.69,9.5,9.52,854.0,9.565,6,False
2026-03-09 13:00:00+00:00,9.53,9.71,9.45,9.65,62075.0,9.563,143,False
2026-03-09 14:00:00+00:00,9.56,9.8,9.56,9.7,22723.0,9.704,149,True
2026-03-09 15:00:00+00:00,9.7,9.77,9.64,9.74,19572.0,9.707,137,True
2026-03-09 16:00:00+00:00,9.74,9.78,9.64,9.67,15188.0,9.711,101,True
2026-03-09 17:00:00+00:00,9.66,9.66,9.28,9.36,47946.0,9.449,190,True
2026-03-09 18:00:00+00:00,9.36,9.51,9.27,9.47,42720.0,9.392,191,True
2026-03-09 19:00:00+00:00,9.47,9.74,9.45,9.66,85025.0,9.629,581,True
2026-03-09 20:00:00+00:00,9.67,9.79,9.67,9.79,53510.0,9.67,2,False
2026-03-09 21:00:00+00:00,9.79,9.79,9.79,9.79,0.0,9.79,0,False
2026-03-09 22:00:00+00:00,9.79,9.79,9.79,9.79,0.0,9.79,0,False
2026-03-09 23:00:00+00:00,9.68,9.68,9.67,9.67,246.0,9.676,2,False
2026-03-10 10:00:00+00:00,9.79,9.79,9.79,9.79,1000.0,9.79,1,False
2026-03-10 11:00:00+00:00,9.68,9.68,9.65,9.65,294.0,9.669,2,False
2026-03-10 12:00:00+00:00,9.63,9.63,9.62,9.62,808.0,9.621,3,False
2026-03-10 13:00:00+00:00,9.61,9.71,9.59,9.67,13732.0,9.627,42,False
2026-03-10 14:00:00+00:00,9.66,9.89,9.6,9.89,9860.0,9.768,49,True
2026-03-10 15:00:00+00:00,9.9,9.95,9.8,9.83,33439.0,9.866,131,True
2026-03-10 16:00:00+00:00,9.82,9.91,9.78,9.84,21640.0,9.849,77,True
2026-03-10 17:00:00+00:00,9.86,9.88,9.74,9.77,12089.0,9.828,74,True
2026-03-10 18:00:00+00:00,9.77,9.84,9.65,9.68,20281.0,9.733,138,True
2026-03-10 19:00:00+00:00,9.68,9.83,9.63,9.8,82211.0,9.741,535,True
2026-03-10 20:00:00+00:00,9.81,9.81,9.81,9.81,61267.0,9.81,4,False
2026-03-10 21:00:00+00:00,9.81,9.82,9.81,9.81,1104.0,9.811,4,False
2026-03-10 22:00:00+00:00,9.81,9.81,9.81,9.81,594.0,9.81,3,False
2026-03-10 23:00:00+00:00,9.81,9.81,9.81,9.81,0.0,9.81,0,False
2026-03-11 11:00:00+00:00,9.81,9.81,9.77,9.78,685.0,9.788,5,False
2026-03-11 12:00:00+00:00,9.72,9.85,9.71,9.71,1513.0,9.753,7,False
2026-03-11 13:00:00+00:00,9.81,9.98,9.73,9.8,13769.0,9.824,27,False
2026-03-11 14:00:00+00:00,9.8,9.9,9.59,9.7,15290.0,9.74,107,True
2026-03-11 15:00:00+00:00,9.71,9.71,9.31,9.33,24366.0,9.432,154,True
2026-03-11 16:00:00+00:00,9.34,9.39,9.31,9.38,11726.0,9.337,68,True
2026-03-11 17:00:00+00:00,9.38,9.42,9.17,9.17,45901.0,9.283,164,True
2026-03-11 18:00:00+00:00,9.19,9.24,9.11,9.2,12729.0,9.165,91,True
2026-03-11 19:00:00+00:00,9.2,9.21,9.03,9.1,109643.0,9.113,591,True
2026-03-11 20:00:00+00:00,9.1,9.1,9.1,9.1,82115.0,9.1,7,False
2026-03-11 21:00:00+00:00,9.1,9.1,9.1,9.1,0.0,9.1,0,False
2026-03-11 22:00:00+00:00,9.25,9.26,9.14,9.17,661.0,9.216,5,False
2026-03-11 23:00:00+00:00,9.15,9.29,9.15,9.21,1399.0,9.262,3,False
2026-03-12 08:00:00+00:00,8.99,9.06,8.99,9.06,624.0,9.001,2,False
2026-03-12 09:00:00+00:00,9.06,9.06,9.06,9.06,0.0,9.06,0,False
2026-03-12 10:00:00+00:00,9.06,9.06,9.06,9.06,0.0,9.06,0,False
2026-03-12 11:00:00+00:00,9.04,9.11,9.04,9.08,697.0,9.068,4,False
2026-03-12 12:00:00+00:00,9.1,9.24,9.04,9.24,624.0,9.118,5,False
2026-03-12 13:00:00+00:00,9.11,9.21,8.98,9.16,26914.0,9.11,133,False
2026-03-12 14:00:00+00:00,9.11,9.19,8.92,8.95,23419.0,9.013,150,True
2026-03-12 15:00:00+00:00,8.97,9.06,8.93,9.01,22720.0,8.983,160,True
2026-03-12 16:00:00+00:00,9.03,9.15,8.99,9.13,18170.0,9.034,144,True
2026-03-12 17:00:00+00:00,9.13,9.2,9.01,9.02,31403.0,9.125,182,True
2026-03-12 18:00:00+00:00,9.02,9.07,8.96,9.02,19479.0,9.012,130,True
2026-03-12 19:00:00+00:00,9.03,9.04,8.95,9.0,55143.0,8.996,344,True
2026-03-12 20:00:00+00:00,9.01,9.01,9.01,9.01,75003.0,9.01,5,False
2026-03-12 21:00:00+00:00,9.17,9.17,9.17,9.17,115.0,9.17,1,False
2026-03-12 22:00:00+00:00,9.17,9.17,9.17,9.17,0.0,9.17,0,False
2026-03-12 23:00:00+00:00,9.17,9.17,9.17,9.17,0.0,9.17,0,False
2026-03-13 11:00:00+00:00,9.09,9.09,9.09,9.09,100.0,9.09,1,False
2026-03-13 12:00:00+00:00,8.92,9.09,8.92,9.09,687.0,9.008,4,False
2026-03-13 13:00:00+00:00,9.02,9.34,9.02,9.27,37613.0,9.167,135,False
2026-03-13 14:00:00+00:00,9.27,9.42,9.24,9.27,21502.0,9.314,137,True
2026-03-13 15:00:00+00:00,9.29,9.34,9.22,9.24,16092.0,9.281,137,True
2026-03-13 16:00:00+00:00,9.26,9.27,9.14,9.18,15688.0,9.192,108,True
2026-03-13 17:00:00+00:00,9.17,9.23,9.12,9.13,19764.0,9.185,114,True
2026-03-13 18:00:00+00:00,9.13,9.19,9.11,9.12,14180.0,9.146,117,True
2026-03-13 19:00:00+00:00,9.12,9.21,9.06,9.2,68025.0,9.15,343,True
2026-03-13 20:00:00+00:00,9.21,9.21,9.21,9.21,49518.0,9.21,7,False
2026-03-13 21:00:00+00:00,9.21,9.21,9.21,9.21,0.0,9.21,0,False
2026-03-13 22:00:00+00:00,9.21,9.21,9.21,9.21,0.0,9.21,0,False
2026-03-13 23:00:00+00:00,9.21,9.21,9.21,9.21,0.0,9.21,0,False
2026-03-16 08:00:00+00:00,9.28,9.35,9.28,9.35,1424.0,9.326,4,False
2026-03-16 09:00:00+00:00,9.35,9.35,9.35,9.35,0.0,9.35,0,False
2026-03-16 10:00:00+00:00,9.35,9.35,9.35,9.35,0.0,9.35,0,False
2026-03-16 11:00:00+00:00,9.35,9.35,9.35,9.35,0.0,9.35,0,False
2026-03-16 12:00:00+00:00,9.29,9.46,9.28,9.29,430.0,9.336,4,False
2026-03-16 13:00:00+00:00,9.28,9.3,9.08,9.11,21592.0,9.24,69,False
2026-03-16 14:00:00+00:00,9.16,9.24,9.09,9.15,23945.0,9.169,122,True
2026-03-16 15:00:00+00:00,9.13,9.2,9.1,9.12,6258.0,9.146,51,True
2026-03-16 16:00:00+00:00,9.11,9.14,9.06,9.12,29082.0,9.103,125,True
2026-03-16 17:00:00+00:00,9.13,9.18,9.09,9.13,9040.0,9.133,54,True
2026-03-16 18:00:00+00:00,9.13,9.16,9.01,9.01,30972.0,9.113,172,True
2026-03-16 19:00:00+00:00,9.0,9.05,8.93,8.98,38678.0,8.977,255,True
2026-03-16 20:00:00+00:00,8.98,9.03,8.98,9.03,38475.0,8.981,4,False
2026-03-16 21:00:00+00:00,9.03,9.03,9.03,9.03,0.0,9.03,0,False
2026-03-16 22:00:00+00:00,9.03,9.03,9.03,9.03,0.0,9.03,0,False
2026-03-16 23:00:00+00:00,9.0,9.0,9.0,9.0,1233.0,9.0,1,False
2026-03-17 08:00:00+00:00,9.02,9.03,9.02,9.03,636.0,9.027,2,False
2026-03-17 09:00:00+00:00,9.03,9.03,9.03,9.03,0.0,9.03,0,False
2026-03-17 10:00:00+00:00,8.97,8.97,8.97,8.97,100.0,8.97,1,False
2026-03-17 11:00:00+00:00,8.98,8.98,8.98,8.98,233.0,8.98,2,False
2026-03-17 12:00:00+00:00,9.02,9.03,8.9,8.96,2316.0,8.965,15,False
2026-03-17 13:00:00+00:00,9.08,9.39,9.08,9.37,12849.0,9.197,54,False
2026-03-17 14:00:00+00:00,9.39,9.39,9.23,9.3,9599.0,9.286,52,True
2026-03-17 15:00:00+00:00,9.33,9.35,9.12,9.15,20728.0,9.195,90,True
2026-03-17 16:00:00+00:00,9.13,9.23,9.1,9.13,19775.0,9.144,93,True
2026-03-17 17:00:00+00:00,9.13,9.17,9.1,9.14,5676.0,9.131,46,True
2026-03-17 18:00:00+00:00,9.13,9.13,9.01,9.08,10573.0,9.068,65,True
2026-03-17 19:00:00+00:00,9.1,9.11,9.07,9.09,38945.0,9.088,216,True
2026-03-17 20:00:00+00:00,9.09,9.09,9.09,9.09,52834.0,9.09,2,False
2026-03-17 21:00:00+00:00,9.09,9.09,9.09,9.09,0.0,9.09,0,False
2026-03-17 22:00:00+00:00,9.1,9.1,9.1,9.1,100.0,9.1,1,False
2026-03-17 23:00:00+00:00,9.1,9.1,9.1,9.1,0.0,9.1,0,False
2026-03-18 12:00:00+00:00,9.21,9.29,9.09,9.09,1442.0,9.176,10,False
2026-03-18 13:00:00+00:00,9.0,9.04,8.92,9.04,9321.0,8.99,36,False
2026-03-18 14:00:00+00:00,9.04,9.04,8.82,8.9,11794.0,8.905,85,True
2026-03-18 15:00:00+00:00,8.91,8.95,8.91,8.93,6635.0,8.926,37,True
2026-03-18 16:00:00+00:00,8.91,8.93,8.82,8.85,7971.0,8.863,46,True
2026-03-18 17:00:00+00:00,8.84,8.92,8.84,8.87,6356.0,8.854,27,True
2026-03-18 18:00:00+00:00,8.88,8.88,8.76,8.76,13352.0,8.825,71,True
2026-03-18 19:00:00+00:00,8.76,8.84,8.76,8.82,30086.0,8.815,197,True
2026-03-18 20:00:00+00:00,8.82,8.82,8.8,8.8,50878.0,8.82,2,False
2026-03-18 21:00:00+00:00,8.8,8.8,8.8,8.8,0.0,8.8,0,False
2026-03-18 22:00:00+00:00,8.8,8.8,8.8,8.8,0.0,8.8,0,False
2026-03-18 23:00:00+00:00,8.8,8.8,8.8,8.8,0.0,8.8,0,False
2026-03-19 12:00:00+00:00,8.9,8.9,8.69,8.69,225.0,8.784,2,False
2026-03-19 13:00:00+00:00,8.65,8.75,8.62,8.72,4648.0,8.665,11,False
2026-03-19 14:00:00+00:00,8.72,8.75,8.51,8.57,25060.0,8.586,99,True
2026-03-19 15:00:00+00:00,8.55,8.62,8.53,8.57,9972.0,8.571,70,True
2026-03-19 16:00:00+00:00,8.57,8.64,8.52,8.59,26407.0,8.576,162,True
2026-03-19 17:00:00+00:00,8.6,8.64,8.56,8.6,24669.0,8.602,64,True
2026-03-19 18:00:00+00:00,8.63,8.67,8.57,8.64,8475.0,8.621,68,True
2026-03-19 19:00:00+00:00,8.66,8.84,8.66,8.77,40874.0,8.765,261,True
2026-03-19 20:00:00+00:00,8.77,8.77,8.77,8.77,40740.0,8.77,1,False
2026-03-19 21:00:00+00:00,8.77,8.77,8.77,8.77,0.0,8.77,0,False
2026-03-19 22:00:00+00:00,8.77,8.77,8.77,8.77,0.0,8.77,0,False
2026-03-19 23:00:00+00:00,8.55,8.55,8.55,8.55,450.0,8.55,1,False
2026-03-20 08:00:00+00:00,8.77,8.77,8.77,8.77,200.0,8.77,2,False
2026-03-20 09:00:00+00:00,8.77,8.77,8.77,8.77,160.0,8.77,1,False
2026-03-20 10:00:00+00:00,8.67,8.67,8.67,8.67,100.0,8.67,1,False
2026-03-20 11:00:00+00:00,8.75,8.75,8.75,8.75,3000.0,8.75,1,False
2026-03-20 12:00:00+00:00,8.63,8.63,8.61,8.61,532.0,8.619,3,False
2026-03-20 13:00:00+00:00,8.66,8.67,8.5,8.56,26724.0,8.634,49,False
2026-03-20 14:00:00+00:00,8.64,8.7,8.57,8.65,7730.0,8.632,63,True
2026-03-20 15:00:00+00:00,8.66,8.7,8.61,8.63,3102.0,8.651,24,True
2026-03-20 16:00:00+00:00,8.64,8.74,8.61,8.73,23909.0,8.666,37,True
2026-03-20 17:00:00+00:00,8.71,8.78,8.66,8.7,11406.0,8.731,60,True
2026-03-20 18:00:00+00:00,8.71,8.71,8.3,8.49,231026.0,8.374,1324,True
2026-03-20 19:00:00+00:00,8.51,8.59,8.43,8.58,63229.0,8.539,359,True
2026-03-20 20:00:00+00:00,8.58,8.58,8.51,8.58,147706.0,8.58,5,False
2026-03-20 21:00:00+00:00,8.59,8.65,8.59,8.65,1100.0,8.633,10,False
2026-03-20 22:00:00+00:00,8.61,8.72,8.61,8.72,200.0,8.665,2,False
2026-03-20 23:00:00+00:00,8.72,8.72,8.72,8.72,0.0,8.72,0,False
2026-03-23 08:00:00+00:00,8.46,8.46,8.46,8.46,277.0,8.46,1,False
2026-03-23 09:00:00+00:00,8.46,8.46,8.46,8.46,0.0,8.46,0,False
2026-03-23 10:00:00+00:00,8.46,8.46,8.46,8.46,0.0,8.46,0,False
2026-03-23 11:00:00+00:00,8.51,8.84,8.51,8.77,2456.0,8.708,11,False
2026-03-23 12:00:00+00:00,8.46,8.87,8.41,8.87,3230.0,8.463,11,False
2026-03-23 13:00:00+00:00,8.87,8.87,8.62,8.8,33924.0,8.738,85,False
2026-03-23 14:00:00+00:00,8.79,8.87,8.77,8.85,15122.0,8.819,94,True
2026-03-23 15:00:00+00:00,8.85,8.92,8.69,8.69,8382.0,8.822,66,True
2026-03-23 16:00:00+00:00,8.69,8.8,8.62,8.68,32008.0,8.695,126,True
2026-03-23 17:00:00+00:00,8.7,8.83,8.67,8.79,8993.0,8.749,57,True
2026-03-23 18:00:00+00:00,8.77,8.83,8.75,8.77,12672.0,8.769,48,True
2026-03-23 19:00:00+00:00,8.78,8.81,8.69,8.71,28317.0,8.731,181,True
2026-03-23 20:00:00+00:00,8.72,8.72,8.72,8.72,34651.0,8.72,9,False
2026-03-23 21:00:00+00:00,8.72,8.72,8.72,8.72,0.0,8.72,0,False
2026-03-23 22:00:00+00:00,8.72,8.72,8.72,8.72,0.0,8.72,0,False
2026-03-23 23:00:00+00:00,8.72,8.72,8.72,8.72,0.0,8.72,0,False
2026-03-24 12:00:00+00:00,8.71,8.71,8.59,8.61,669.0,8.633,4,False
2026-03-24 13:00:00+00:00,8.65,8.68,8.57,8.63,14366.0,8.609,39,False
2026-03-24 14:00:00+00:00,8.65,8.76,8.63,8.72,5321.0,8.7,48,True
2026-03-24 15:00:00+00:00,8.76,8.8,8.7,8.79,13638.0,8.764,52,True
2026-03-24 16:00:00+00:00,8.78,8.85,8.76,8.82,13357.0,8.806,59,True
2026-03-24 17:00:00+00:00,8.81,8.83,8.73,8.77,6292.0,8.77,45,True
2026-03-24 18:00:00+00:00,8.78,8.85,8.77,8.8,15096.0,8.815,81,True
2026-03-24 19:00:00+00:00,8.81,8.88,8.76,8.78,19113.0,8.811,130,True
2026-03-24 20:00:00+00:00,8.8,8.8,8.8,8.8,37045.0,8.8,2,False
2026-03-24 21:00:00+00:00,8.78,8.79,8.78,8.78,101.0,8.785,1,False
2026-03-24 22:00:00+00:00,8.78,8.78,8.78,8.78,0.0,8.78,0,False
2026-03-24 23:00:00+00:00,8.78,8.79,8.78,8.78,0.0,8.78,0,False
2026-03-25 11:00:00+00:00,8.87,8.87,8.87,8.87,250.0,8.87,1,False
2026-03-25 12:00:00+00:00,8.87,8.87,8.86,8.86,1042.0,8.863,5,False
2026-03-25 13:00:00+00:00,8.99,9.09,8.99,9.0,12197.0,9.011,45,False
2026-03-25 14:00:00+00:00,9.02,9.09,8.97,9.04,7459.0,9.023,59,True
2026-03-25 15:00:00+00:00,9.04,9.06,8.89,9.02,13793.0,8.976,109,True
2026-03-25 16:00:00+00:00,9.04,9.16,9.04,9.14,15235.0,9.112,106,True
2026-03-25 17:00:00+00:00,9.15,9.22,9.11,9.21,7516.0,9.177,60,True
2026-03-25 18:00:00+00:00,9.21,9.21,8.97,8.98,16582.0,9.117,80,True
2026-03-25 19:00:00+00:00,9.01,9.03,8.88,8.96,111903.0,8.938,759,True
2026-03-25 20:00:00+00:00,8.95,8.95,8.95,8.95,125904.0,8.95,4,False
2026-03-25 21:00:00+00:00,8.95,8.95,8.95,8.95,0.0,8.95,0,False
2026-03-25 22:00:00+00:00,9.12,9.13,8.86,8.86,11800.0,9.009,24,False
2026-03-25 23:00:00+00:00,8.86,8.86,8.86,8.86,0.0,8.86,0,False
2026-03-26 12:00:00+00:00,9.0,9.0,8.87,8.87,263.0,8.944,2,False
2026-03-26 13:00:00+00:00,8.9,9.0,8.82,8.98,14310.0,8.927,44,False
2026-03-26 14:00:00+00:00,8.98,9.05,8.95,9.01,6798.0,9.003,63,True
2026-03-26 15:00:00+00:00,9.03,9.05,8.98,9.03,5099.0,9.021,47,True
2026-03-26 16:00:00+00:00,8.98,8.98,8.9,8.96,9956.0,8.937,64,True
2026-03-26 17:00:00+00:00,8.96,9.01,8.92,8.99,24621.0,8.97,112,True
2026-03-26 18:00:00+00:00,9.0,9.0,8.91,8.92,22437.0,8.944,151,True
2026-03-26 19:00:00+00:00,8.93,9.12,8.82,9.0,283956.0,9.038,1298,True
2026-03-26 20:00:00+00:00,8.99,9.03,8.99,9.02,290436.0,9.03,17,False
2026-03-26 21:00:00+00:00,8.82,8.82,8.76,8.76,405.0,8.794,2,False
2026-03-26 22:00:00+00:00,8.76,8.76,8.76,8.76,0.0,8.76,0,False
2026-03-26 23:00:00+00:00,8.76,8.76,8.76,8.76,0.0,8.76,0,False
2026-03-27 08:00:00+00:00,9.04,9.04,9.04,9.04,125.0,9.04,1,False
2026-03-27 09:00:00+00:00,9.04,9.04,9.04,9.04,0.0,9.04,0,False
2026-03-27 10:00:00+00:00,9.04,9.04,9.04,9.04,0.0,9.04,0,False
2026-03-27 11:00:00+00:00,9.04,9.04,9.04,9.04,0.0,9.04,0,False
2026-03-27 12:00:00+00:00,9.03,9.03,9.02,9.02,833.0,9.029,4,False
2026-03-27 13:00:00+00:00,8.88,8.9,8.75,8.86,6810.0,8.852,20,False
2026-03-27 14:00:00+00:00,8.87,9.14,8.85,9.06,15504.0,8.976,99,True
2026-03-27 15:00:00+00:00,9.06,9.15,9.04,9.07,12092.0,9.091,97,True
2026-03-27 16:00:00+00:00,9.05,9.06,8.95,8.97,16751.0,9.016,100,True
2026-03-27 17:00:00+00:00,8.96,9.07,8.91,8.91,29543.0,8.973,104,True
2026-03-27 18:00:00+00:00,8.92,9.03,8.91,9.03,15233.0,8.984,90,True
2026-03-27 19:00:00+00:00,9.03,9.15,9.01,9.13,45987.0,9.092,319,True
2026-03-27 20:00:00+00:00,9.12,9.12,8.94,8.94,57562.0,9.119,5,False
2026-03-27 21:00:00+00:00,8.94,8.94,8.94,8.94,100.0,8.94,1,False
2026-03-27 22:00:00+00:00,8.94,8.94,8.94,8.94,0.0,8.94,0,False
2026-03-27 23:00:00+00:00,8.94,8.94,8.94,8.94,0.0,8.94,0,False
2026-03-30 08:00:00+00:00,9.14,9.14,9.14,9.14,100.0,9.14,1,False
2026-03-30 09:00:00+00:00,9.14,9.14,9.14,9.14,0.0,9.14,0,False
2026-03-30 10:00:00+00:00,9.14,9.14,9.14,9.14,0.0,9.14,0,False
2026-03-30 11:00:00+00:00,9.16,9.16,9.16,9.16,100.0,9.16,1,False
2026-03-30 12:00:00+00:00,9.17,9.2,9.17,9.2,1042.0,9.183,5,False
2026-03-30 13:00:00+00:00,9.17,9.26,9.1,9.17,10153.0,9.178,37,False
2026-03-30 14:00:00+00:00,9.15,9.17,8.88,8.97,12098.0,8.991,96,True
2026-03-30 15:00:00+00:00,8.99,9.12,8.96,9.07,8641.0,9.041,69,True
2026-03-30 16:00:00+00:00,9.07,9.08,8.94,8.97,7793.0,9.001,61,True
2026-03-30 17:00:00+00:00,8.97,8.97,8.81,8.83,23896.0,8.876,105,True
2026-03-30 18:00:00+00:00,8.85,8.91,8.84,8.87,13669.0,8.869,103,True
2026-03-30 19:00:00+00:00,8.88,8.89,8.82,8.85,51819.0,8.855,352,True
2026-03-30 20:00:00+00:00,8.85,8.85,8.85,8.85,55171.0,8.85,5,False
2026-03-30 21:00:00+00:00,8.85,8.85,8.85,8.85,0.0,8.85,0,False
2026-03-30 22:00:00+00:00,8.85,8.85,8.85,8.85,0.0,8.85,0,False
2026-03-30 23:00:00+00:00,8.85,8.85,8.85,8.85,0.0,8.85,0,False
2026-03-31 08:00:00+00:00,9.08,9.08,9.03,9.03,314.0,9.058,2,False
2026-03-31 09:00:00+00:00,9.03,9.03,9.03,9.03,0.0,9.03,0,False
2026-03-31 10:00:00+00:00,9.03,9.03,9.03,9.03,0.0,9.03,0,False
2026-03-31 11:00:00+00:00,8.94,8.94,8.94,8.94,100.0,8.94,1,False
2026-03-31 12:00:00+00:00,8.94,8.94,8.94,8.94,100.0,8.94,1,False
2026-03-31 13:00:00+00:00,9.03,9.36,9.02,9.34,27771.0,9.167,120,False
2026-03-31 14:00:00+00:00,9.34,9.35,9.04,9.08,21231.0,9.191,146,True
2026-03-31 15:00:00+00:00,9.1,9.3,9.06,9.07,26569.0,9.201,161,True
2026-03-31 16:00:00+00:00,9.07,9.34,9.06,9.23,14995.0,9.185,106,True
2026-03-31 17:00:00+00:00,9.23,9.33,9.21,9.23,12892.0,9.258,110,True
2026-03-31 18:00:00+00:00,9.25,9.38,9.23,9.36,15875.0,9.335,127,True
2026-03-31 19:00:00+00:00,9.36,9.39,9.16,9.19,125198.0,9.248,671,True
2026-03-31 20:00:00+00:00,9.19,9.19,9.19,9.19,62191.0,9.19,6,False
2026-03-31 21:00:00+00:00,9.19,9.19,9.19,9.19,0.0,9.19,0,False
2026-03-31 22:00:00+00:00,9.19,9.19,9.19,9.19,0.0,9.19,0,False
2026-03-31 23:00:00+00:00,9.19,9.19,9.19,9.19,0.0,9.19,0,False
2026-04-01 13:00:00+00:00,9.28,9.32,9.16,9.23,7071.0,9.235,30,False
2026-04-01 14:00:00+00:00,9.28,9.68,9.28,9.68,47388.0,9.477,181,True
2026-04-01 15:00:00+00:00,9.69,9.9,9.67,9.88,22500.0,9.807,161,True
2026-04-01 16:00:00+00:00,9.87,9.9,9.7,9.83,51405.0,9.791,293,True
2026-04-01 17:00:00+00:00,9.81,9.82,9.75,9.8,42747.0,9.797,255,True
2026-04-01 18:00:00+00:00,9.8,9.81,9.66,9.66,42892.0,9.76,293,True
2026-04-01 19:00:00+00:00,9.67,9.81,9.66,9.79,81488.0,9.763,557,True
2026-04-01 20:00:00+00:00,9.79,9.79,9.79,9.79,59555.0,9.79,6,False
2026-04-01 21:00:00+00:00,9.79,9.79,9.79,9.79,0.0,9.79,0,False
2026-04-01 22:00:00+00:00,9.79,9.79,9.79,9.79,100.0,9.79,1,False
2026-04-01 23:00:00+00:00,9.79,9.79,9.79,9.79,0.0,9.79,0,False
2026-04-02 08:00:00+00:00,9.6,9.6,9.51,9.51,232.0,9.549,2,False
2026-04-02 09:00:00+00:00,9.51,9.51,9.51,9.51,0.0,9.51,0,False
2026-04-02 10:00:00+00:00,9.51,9.51,9.51,9.51,0.0,9.51,0,False
2026-04-02 11:00:00+00:00,9.42,9.42,9.42,9.42,100.0,9.42,1,False
2026-04-02 12:00:00+00:00,9.42,9.42,9.42,9.42,0.0,9.42,0,False
2026-04-02 13:00:00+00:00,9.5,9.68,9.43,9.68,4878.0,9.504,26,False
2026-04-02 14:00:00+00:00,9.69,9.98,9.65,9.74,26493.0,9.786,160,True
2026-04-02 15:00:00+00:00,9.71,9.77,9.68,9.69,9275.0,9.722,69,True
2026-04-02 16:00:00+00:00,9.71,9.71,9.54,9.64,11486.0,9.607,83,True
2026-04-02 17:00:00+00:00,9.63,9.67,9.55,9.6,26582.0,9.604,118,True
2026-04-02 18:00:00+00:00,9.63,9.67,9.6,9.67,10325.0,9.641,62,True
2026-04-02 19:00:00+00:00,9.67,9.77,9.63,9.75,62030.0,9.712,369,True
2026-04-02 20:00:00+00:00,9.75,9.75,9.75,9.75,62455.0,9.75,4,False
2026-04-02 21:00:00+00:00,9.75,9.75,9.75,9.75,0.0,9.75,0,False
2026-04-02 22:00:00+00:00,9.75,9.75,9.75,9.75,0.0,9.75,0,False
2026-04-02 23:00:00+00:00,9.75,9.75,9.75,9.75,0.0,9.75,0,False
2026-04-06 08:00:00+00:00,9.74,9.74,9.74,9.74,346.0,9.74,1,False
2026-04-06 09:00:00+00:00,9.75,9.75,9.75,9.75,511.0,9.75,1,False
2026-04-06 10:00:00+00:00,9.75,9.75,9.75,9.75,0.0,9.75,0,False
2026-04-06 11:00:00+00:00,9.75,9.75,9.75,9.75,0.0,9.75,0,False
2026-04-06 12:00:00+00:00,9.75,9.75,9.75,9.75,0.0,9.75,0,False
2026-04-06 13:00:00+00:00,9.81,9.95,9.78,9.95,8907.0,9.841,27,False
2026-04-06 14:00:00+00:00,9.94,9.94,9.79,9.85,7133.0,9.83,65,True
2026-04-06 15:00:00+00:00,9.83,9.9,9.83,9.88,4877.0,9.87,26,True
2026-04-06 16:00:00+00:00,9.86,9.94,9.85,9.9,27065.0,9.904,69,True
2026-04-06 17:00:00+00:00,9.88,9.94,9.83,9.91,13109.0,9.885,66,True
2026-04-06 18:00:00+00:00,9.91,9.99,9.9,9.97,15264.0,9.952,91,True
2026-04-06 19:00:00+00:00,9.99,10.01,9.88,9.9,76075.0,9.946,442,True
2026-04-06 20:00:00+00:00,9.9,9.9,9.9,9.9,36927.0,9.9,3,False
2026-04-06 21:00:00+00:00,9.9,9.9,9.9,9.9,0.0,9.9,0,False
2026-04-06 22:00:00+00:00,9.9,9.9,9.9,9.9,0.0,9.9,0,False
2026-04-06 23:00:00+00:00,9.9,9.9,9.9,9.9,0.0,9.9,0,False
2026-04-07 09:00:00+00:00,9.89,9.9,9.89,9.9,200.0,9.895,2,False
2026-04-07 10:00:00+00:00,9.9,9.9,9.9,9.9,0.0,9.9,0,False
2026-04-07 11:00:00+00:00,9.9,9.9,9.9,9.9,0.0,9.9,0,False
2026-04-07 12:00:00+00:00,9.72,9.74,9.72,9.73,400.0,9.73,3,False
2026-04-07 13:00:00+00:00,9.85,10.11,9.81,10.01,17270.0,9.924,125,False
2026-04-07 14:00:00+00:00,9.96,10.0,9.84,9.95,9386.0,9.949,73,True
2026-04-07 15:00:00+00:00,9.94,10.04,9.89,10.01,19266.0,9.953,130,True
2026-04-07 16:00:00+00:00,10.04,10.18,10.04,10.16,16384.0,10.112,105,True
2026-04-07 17:00:00+00:00,10.18,10.28,10.15,10.24,9293.0,10.204,70,True
2026-04-07 18:00:00+00:00,10.23,10.23,10.16,10.2,8088.0,10.2,58,True
2026-04-07 19:00:00+00:00,10.18,10.34,10.17,10.33,47981.0,10.262,305,True
2026-04-07 20:00:00+00:00,10.32,10.32,10.32,10.32,44611.0,10.32,7,False
2026-04-07 21:00:00+00:00,10.32,10.32,10.32,10.32,0.0,10.32,0,False
2026-04-07 22:00:00+00:00,10.39,10.61,10.39,10.61,1559.0,10.537,7,False
2026-04-07 23:00:00+00:00,10.49,10.5,10.49,10.49,630.0,10.491,2,False
2026-04-08 08:00:00+00:00,10.78,10.78,10.73,10.73,200.0,10.755,2,False
2026-04-08 09:00:00+00:00,10.73,10.73,10.73,10.73,0.0,10.73,0,False
2026-04-08 10:00:00+00:00,10.73,10.73,10.73,10.73,0.0,10.73,0,False
2026-04-08 11:00:00+00:00,10.79,10.81,10.79,10.81,2300.0,10.808,4,False
2026-04-08 12:00:00+00:00,10.81,10.81,10.81,10.81,0.0,10.81,0,False
2026-04-08 13:00:00+00:00,10.86,10.98,10.8,10.86,15255.0,10.877,69,False
2026-04-08 14:00:00+00:00,10.88,11.07,10.82,10.97,14476.0,10.97,109,True
2026-04-08 15:00:00+00:00,11.0,11.1,10.99,11.06,18491.0,11.036,102,True
2026-04-08 16:00:00+00:00,11.1,11.13,11.04,11.11,9762.0,11.089,52,True
2026-04-08 17:00:00+00:00,11.11,11.14,10.89,10.9,13976.0,11.001,72,True
2026-04-08 18:00:00+00:00,10.9,10.92,10.64,10.65,22422.0,10.774,125,True
2026-04-08 19:00:00+00:00,10.65,10.73,10.62,10.69,32928.0,10.675,259,True
2026-04-08 20:00:00+00:00,10.69,10.89,10.69,10.89,66613.0,10.691,13,False
2026-04-08 21:00:00+00:00,10.62,10.68,10.62,10.68,352.0,10.64,2,False
2026-04-08 22:00:00+00:00,10.68,10.68,10.68,10.68,0.0,10.68,0,False
2026-04-08 23:00:00+00:00,10.4,10.41,10.4,10.4,250.0,10.401,1,False
2026-04-09 09:00:00+00:00,10.68,10.69,10.68,10.69,262.0,10.686,2,False
2026-04-09 10:00:00+00:00,10.63,10.63,10.63,10.63,500.0,10.63,1,False
2026-04-09 11:00:00+00:00,10.63,10.63,10.63,10.63,0.0,10.63,0,False
2026-04-09 12:00:00+00:00,10.63,10.63,10.63,10.63,0.0,10.63,0,False
2026-04-09 13:00:00+00:00,10.61,10.86,10.61,10.86,41886.0,10.771,90,False
2026-04-09 14:00:00+00:00,10.88,10.88,10.73,10.84,14035.0,10.787,103,True
2026-04-09 15:00:00+00:00,10.82,10.89,10.67,10.87,17673.0,10.749,96,True
2026-04-09 16:00:00+00:00,10.87,10.94,10.86,10.93,8229.0,10.914,37,True
2026-04-09 17:00:00+00:00,10.93,10.99,10.9,10.95,11734.0,10.949,55,True
2026-04-09 18:00:00+00:00,10.96,10.96,10.85,10.87,5714.0,10.886,44,True
2026-04-09 19:00:00+00:00,10.87,10.96,10.86,10.91,30368.0,10.916,214,True
2026-04-09 20:00:00+00:00,10.91,10.91,10.91,10.91,39467.0,10.91,3,False
2026-04-09 21:00:00+00:00,10.91,10.91,10.91,10.91,0.0,10.91,0,False
2026-04-09 22:00:00+00:00,10.91,10.91,10.91,10.91,0.0,10.91,0,False
2026-04-09 23:00:00+00:00,10.91,10.91,10.91,10.91,0.0,10.91,0,False
2026-04-10 09:00:00+00:00,10.98,10.98,10.98,10.98,151.0,10.98,1,False
2026-04-10 10:00:00+00:00,10.98,10.98,10.98,10.98,0.0,10.98,0,False
2026-04-10 11:00:00+00:00,10.98,10.98,10.98,10.98,0.0,10.98,0,False
2026-04-10 12:00:00+00:00,11.08,11.09,11.08,11.08,100.0,11.084,1,False
2026-04-10 13:00:00+00:00,11.06,11.39,11.06,11.38,12580.0,11.201,68,False
2026-04-10 14:00:00+00:00,11.37,11.37,11.1,11.15,9667.0,11.211,76,True
2026-04-10 15:00:00+00:00,11.15,11.2,11.0,11.02,14173.0,11.123,109,True
2026-04-10 16:00:00+00:00,11.03,11.15,11.03,11.15,10425.0,11.088,78,True
2026-04-10 17:00:00+00:00,11.15,11.16,11.11,11.12,9187.0,11.128,62,True
2026-04-10 18:00:00+00:00,11.13,11.15,11.08,11.13,10416.0,11.121,84,True
2026-04-10 19:00:00+00:00,11.14,11.15,11.09,11.13,54790.0,11.121,366,True
2026-04-10 20:00:00+00:00,11.12,11.12,10.99,10.99,61190.0,11.119,7,False
2026-04-10 21:00:00+00:00,10.99,10.99,10.99,10.99,0.0,10.99,0,False
2026-04-10 22:00:00+00:00,10.99,10.99,10.99,10.99,0.0,10.99,0,False
2026-04-10 23:00:00+00:00,10.99,10.99,10.99,10.99,0.0,10.99,0,False
2026-04-13 13:00:00+00:00,11.02,11.3,11.01,11.3,11091.0,11.106,49,False
2026-04-13 14:00:00+00:00,11.23,11.45,11.22,11.38,6745.0,11.356,46,True
2026-04-13 15:00:00+00:00,11.4,11.45,11.26,11.28,17901.0,11.34,132,True
2026-04-13 16:00:00+00:00,11.27,11.5,11.26,11.5,42223.0,11.377,273,True
2026-04-13 17:00:00+00:00,11.5,11.56,11.5,11.54,20364.0,11.527,134,True
2026-04-13 18:00:00+00:00,11.55,11.67,11.54,11.66,13357.0,11.589,99,True
2026-04-13 19:00:00+00:00,11.67,11.68,11.54,11.54,111024.0,11.613,689,True
2026-04-13 20:00:00+00:00,11.56,11.56,11.56,11.56,50992.0,11.56,2,False
2026-04-13 21:00:00+00:00,11.56,11.56,11.56,11.56,0.0,11.56,0,False
2026-04-13 22:00:00+00:00,11.4,11.4,11.2,11.2,534.0,11.303,2,False
2026-04-13 23:00:00+00:00,11.2,11.2,11.2,11.2,0.0,11.2,0,False
2026-04-14 08:00:00+00:00,11.58,11.58,11.58,11.58,125.0,11.58,1,False
2026-04-14 09:00:00+00:00,11.58,11.58,11.58,11.58,0.0,11.58,0,False
2026-04-14 10:00:00+00:00,11.58,11.58,11.58,11.58,0.0,11.58,0,False
2026-04-14 11:00:00+00:00,11.58,11.58,11.58,11.58,0.0,11.58,0,False
2026-04-14 12:00:00+00:00,11.64,11.64,11.64,11.64,450.0,11.64,1,False
2026-04-14 13:00:00+00:00,11.44,11.66,11.34,11.43,14752.0,11.433,60,False
2026-04-14 14:00:00+00:00,11.43,11.56,11.18,11.25,27083.0,11.383,129,True
2026-04-14 15:00:00+00:00,11.24,11.33,11.16,11.24,8688.0,11.247,71,True
2026-04-14 16:00:00+00:00,11.26,11.31,11.23,11.25,8756.0,11.271,62,True
2026-04-14 17:00:00+00:00,11.24,11.25,11.2,11.24,5294.0,11.227,39,True
2026-04-14 18:00:00+00:00,11.23,11.23,11.17,11.2,5873.0,11.205,40,True
2026-04-14 19:00:00+00:00,11.2,11.34,11.2,11.31,33710.0,11.296,212,True
2026-04-14 20:00:00+00:00,11.3,11.33,11.3,11.32,45857.0,11.301,7,False
2026-04-14 21:00:00+00:00,11.37,11.37,11.37,11.37,300.0,11.37,1,False
2026-04-14 22:00:00+00:00,11.16,11.16,11.16,11.16,200.0,11.16,1,False
2026-04-14 23:00:00+00:00,11.17,11.17,11.17,11.17,199.0,11.17,1,False
2026-04-15 08:00:00+00:00,11.26,11.26,11.26,11.26,112.0,11.26,1,False
2026-04-15 09:00:00+00:00,11.27,11.27,11.27,11.27,100.0,11.27,1,False
2026-04-15 10:00:00+00:00,11.27,11.27,11.27,11.27,0.0,11.27,0,False
2026-04-15 11:00:00+00:00,11.21,11.21,11.13,11.13,1596.0,11.187,6,False
2026-04-15 12:00:00+00:00,11.31,11.31,11.31,11.31,100.0,11.31,1,False
2026-04-15 13:00:00+00:00,11.35,11.43,11.25,11.33,5265.0,11.368,26,False
2026-04-15 14:00:00+00:00,11.29,11.34,11.23,11.3,11274.0,11.276,96,True
2026-04-15 15:00:00+00:00,11.31,11.37,11.22,11.35,13846.0,11.301,128,True
2026-04-15 16:00:00+00:00,11.35,11.41,11.26,11.28,8200.0,11.338,78,True
2026-04-15 17:00:00+00:00,11.29,11.39,11.28,11.35,5144.0,11.336,45,True
2026-04-15 18:00:00+00:00,11.33,11.42,11.33,11.38,8295.0,11.371,71,True
2026-04-15 19:00:00+00:00,11.37,11.54,11.36,11.48,45374.0,11.456,307,True
2026-04-15 20:00:00+00:00,11.46,11.46,11.46,11.46,47298.0,11.46,8,False
2026-04-15 21:00:00+00:00,11.46,11.46,11.46,11.46,0.0,11.46,0,False
2026-04-15 22:00:00+00:00,11.46,11.46,11.46,11.46,0.0,11.46,0,False
2026-04-15 23:00:00+00:00,11.46,11.46,11.46,11.46,200.0,11.46,2,False
2026-04-16 13:00:00+00:00,11.61,11.75,11.55,11.67,34339.0,11.619,53,False
2026-04-16 14:00:00+00:00,11.63,11.67,11.43,11.45,26064.0,11.53,238,True
2026-04-16 15:00:00+00:00,11.43,11.65,11.43,11.65,20700.0,11.566,152,True
2026-04-16 16:00:00+00:00,11.66,11.92,11.66,11.84,17862.0,11.796,109,True
2026-04-16 17:00:00+00:00,11.83,11.95,11.76,11.87,11321.0,11.857,95,True
2026-04-16 18:00:00+00:00,11.88,11.91,11.86,11.88,9088.0,11.891,76,True
2026-04-16 19:00:00+00:00,11.89,11.9,11.71,11.8,47061.0,11.823,336,True
2026-04-16 20:00:00+00:00,11.79,11.79,11.79,11.79,62484.0,11.79,2,False
2026-04-16 21:00:00+00:00,11.79,11.79,11.79,11.79,0.0,11.79,0,False
2026-04-16 22:00:00+00:00,11.79,11.79,11.79,11.79,0.0,11.79,0,False
2026-04-16 23:00:00+00:00,11.79,11.79,11.79,11.79,0.0,11.79,0,False
2026-04-17 10:00:00+00:00,11.82,11.83,11.82,11.82,130.0,11.822,1,False
2026-04-17 11:00:00+00:00,11.82,11.82,11.82,11.82,0.0,11.82,0,False
2026-04-17 12:00:00+00:00,11.82,11.82,11.82,11.82,0.0,11.82,0,False
2026-04-17 13:00:00+00:00,11.84,12.25,11.84,12.19,15688.0,12.024,65,False
2026-04-17 14:00:00+00:00,12.18,12.44,12.16,12.29,16990.0,12.32,122,True
2026-04-17 15:00:00+00:00,12.27,12.38,12.26,12.33,12094.0,12.303,79,True
2026-04-17 16:00:00+00:00,12.35,12.39,12.26,12.35,21230.0,12.332,94,True
2026-04-17 17:00:00+00:00,12.37,12.39,12.25,12.33,10045.0,12.322,74,True
2026-04-17 18:00:00+00:00,12.33,12.33,12.21,12.26,8106.0,12.278,66,True
2026-04-17 19:00:00+00:00,12.28,12.37,12.18,12.2,84846.0,12.234,457,True
2026-04-17 20:00:00+00:00,12.2,12.2,12.2,12.2,50232.0,12.2,4,False
2026-04-17 21:00:00+00:00,12.2,12.2,12.2,12.2,0.0,12.2,0,False
2026-04-17 22:00:00+00:00,12.18,12.18,12.18,12.18,547.0,12.18,2,False
2026-04-17 23:00:00+00:00,12.19,12.19,12.19,12.19,200.0,12.19,2,False
2026-04-20 09:00:00+00:00,12.03,12.03,12.03,12.03,159.0,12.03,1,False
2026-04-20 10:00:00+00:00,12.03,12.03,12.03,12.03,0.0,12.03,0,False
2026-04-20 11:00:00+00:00,12.04,12.1,12.04,12.05,583.0,12.063,4,False
2026-04-20 12:00:00+00:00,12.05,12.05,12.05,12.05,0.0,12.05,0,False
2026-04-20 13:00:00+00:00,12.16,12.42,12.14,12.42,7569.0,12.216,41,False
2026-04-20 14:00:00+00:00,12.38,12.41,12.04,12.16,23861.0,12.174,167,True
2026-04-20 15:00:00+00:00,12.19,12.21,12.12,12.18,6061.0,12.168,46,True
2026-04-20 16:00:00+00:00,12.15,12.29,12.13,12.19,10483.0,12.221,76,True
2026-04-20 17:00:00+00:00,12.17,12.22,12.17,12.21,2412.0,12.208,16,True
2026-04-20 18:00:00+00:00,12.21,12.26,12.2,12.25,11786.0,12.238,61,True
2026-04-20 19:00:00+00:00,12.25,12.42,12.19,12.4,32695.0,12.345,204,True
2026-04-20 20:00:00+00:00,12.42,12.42,12.42,12.42,34417.0,12.42,4,False
2026-04-20 21:00:00+00:00,12.42,12.42,12.42,12.42,0.0,12.42,0,False
2026-04-20 22:00:00+00:00,12.42,12.42,12.42,12.42,0.0,12.42,0,False
2026-04-20 23:00:00+00:00,12.42,12.42,12.42,12.42,0.0,12.42,0,False
2026-04-21 08:00:00+00:00,12.39,12.39,12.35,12.36,1414.0,12.358,3,False
2026-04-21 09:00:00+00:00,12.36,12.36,12.36,12.36,0.0,12.36,0,False
2026-04-21 10:00:00+00:00,12.36,12.36,12.36,12.36,0.0,12.36,0,False
2026-04-21 11:00:00+00:00,12.44,12.44,12.44,12.44,200.0,12.44,1,False
2026-04-21 12:00:00+00:00,12.44,12.44,12.44,12.44,0.0,12.44,0,False
2026-04-21 13:00:00+00:00,12.47,12.57,12.36,12.5,12495.0,12.49,52,False
2026-04-21 14:00:00+00:00,12.52,12.52,12.35,12.37,12171.0,12.428,79,True
2026-04-21 15:00:00+00:00,12.31,12.31,12.11,12.13,7680.0,12.209,67,True
2026-04-21 16:00:00+00:00,12.18,12.23,12.15,12.23,10043.0,12.178,34,True
2026-04-21 17:00:00+00:00,12.21,12.3,12.2,12.26,10081.0,12.256,48,True
2026-04-21 18:00:00+00:00,12.27,12.37,12.21,12.37,14116.0,12.259,66,True
2026-04-21 19:00:00+00:00,12.38,12.48,12.29,12.31,31625.0,12.345,206,True
2026-04-21 20:00:00+00:00,12.32,12.34,12.32,12.34,37135.0,12.32,11,False
2026-04-21 21:00:00+00:00,12.34,12.34,12.34,12.34,0.0,12.34,0,False
2026-04-21 22:00:00+00:00,12.34,12.34,12.34,12.34,0.0,12.34,0,False
2026-04-21 23:00:00+00:00,12.34,12.34,12.34,12.34,0.0,12.34,0,False
2026-04-22 08:00:00+00:00,12.37,12.42,12.32,12.39,778.0,12.374,4,False
2026-04-22 09:00:00+00:00,12.39,12.39,12.39,12.39,0.0,12.39,0,False
2026-04-22 10:00:00+00:00,12.39,12.39,12.39,12.39,0.0,12.39,0,False
2026-04-22 11:00:00+00:00,12.39,12.39,12.39,12.39,0.0,12.39,0,False
2026-04-22 12:00:00+00:00,12.39,12.39,12.39,12.39,0.0,12.39,0,False
2026-04-22 13:00:00+00:00,12.4,12.58,12.4,12.58,10869.0,12.527,47,False
2026-04-22 14:00:00+00:00,12.57,12.62,12.29,12.33,7342.0,12.434,67,True
2026-04-22 15:00:00+00:00,12.34,12.43,12.31,12.41,5644.0,12.378,50,True
2026-04-22 16:00:00+00:00,12.37,12.44,12.33,12.35,2373.0,12.383,22,True
2026-04-22 17:00:00+00:00,12.36,12.4,12.31,12.36,4583.0,12.382,27,True
2026-04-22 18:00:00+00:00,12.34,12.35,12.28,12.3,6247.0,12.314,57,True
2026-04-22 19:00:00+00:00,12.3,12.42,12.26,12.4,76108.0,12.341,343,True
2026-04-22 20:00:00+00:00,12.41,12.41,12.41,12.41,27792.0,12.41,3,False
2026-04-22 21:00:00+00:00,12.3,12.3,12.3,12.3,450.0,12.3,1,False
2026-04-22 22:00:00+00:00,12.3,12.3,12.3,12.3,0.0,12.3,0,False
2026-04-22 23:00:00+00:00,12.3,12.3,12.3,12.3,0.0,12.3,0,False
2026-04-23 12:00:00+00:00,12.34,12.35,12.34,12.35,403.0,12.345,2,False
2026-04-23 13:00:00+00:00,12.34,12.34,12.0,12.0,10310.0,12.103,51,False
2026-04-23 14:00:00+00:00,12.0,12.18,11.81,12.18,12545.0,11.962,85,True
2026-04-23 15:00:00+00:00,12.19,12.19,12.07,12.14,10798.0,12.136,90,True
2026-04-23 16:00:00+00:00,12.11,12.18,12.02,12.02,16125.0,12.109,107,True
2026-04-23 17:00:00+00:00,12.0,12.0,11.86,11.98,18343.0,11.906,98,True
2026-04-23 18:00:00+00:00,12.0,12.05,11.95,11.96,8606.0,12.0,75,True
2026-04-23 19:00:00+00:00,11.96,12.01,11.85,11.85,42943.0,11.904,254,True
2026-04-23 20:00:00+00:00,11.87,11.87,11.87,11.87,27966.0,11.87,1,False
2026-04-23 21:00:00+00:00,11.85,11.85,11.85,11.85,127.0,11.85,1,False
2026-04-23 22:00:00+00:00,11.85,11.85,11.85,11.85,0.0,11.85,0,False
2026-04-23 23:00:00+00:00,11.85,11.85,11.85,11.85,0.0,11.85,0,False
2026-04-24 11:00:00+00:00,11.51,11.51,11.51,11.51,110.0,11.51,1,False
2026-04-24 12:00:00+00:00,11.51,11.51,11.51,11.51,0.0,11.51,0,False
2026-04-24 13:00:00+00:00,11.88,11.88,11.58,11.62,10462.0,11.725,41,False
2026-04-24 14:00:00+00:00,11.6,11.6,10.98,11.02,69583.0,11.317,263,True
2026-04-24 15:00:00+00:00,11.05,11.17,11.01,11.02,22858.0,11.082,164,True
2026-04-24 16:00:00+00:00,11.03,11.09,11.0,11.09,8916.0,11.037,67,True
2026-04-24 17:00:00+00:00,11.1,11.17,11.09,11.15,9878.0,11.131,61,True
2026-04-24 18:00:00+00:00,11.17,11.17,11.08,11.11,10007.0,11.126,63,True
2026-04-24 19:00:00+00:00,11.16,11.18,11.0,11.12,48320.0,11.096,285,True
2026-04-24 20:00:00+00:00,11.13,11.13,11.13,11.13,38730.0,11.13,8,False
2026-04-24 21:00:00+00:00,11.14,11.15,11.13,11.15,676.0,11.134,3,False
2026-04-24 22:00:00+00:00,11.15,11.15,11.15,11.15,0.0,11.15,0,False
2026-04-24 23:00:00+00:00,11.15,11.15,11.15,11.15,0.0,11.15,0,False
2026-04-27 08:00:00+00:00,11.56,11.69,11.21,11.58,17902.0,11.5,66,False
2026-04-27 09:00:00+00:00,11.49,11.58,11.46,11.58,1465.0,11.551,5,False
2026-04-27 10:00:00+00:00,11.56,11.66,11.56,11.66,3760.0,11.614,14,False
2026-04-27 11:00:00+00:00,11.59,12.37,11.58,12.37,10084.0,11.779,28,False
2026-04-27 12:00:00+00:00,12.4,12.4,11.7,11.75,7097.0,11.957,18,False
2026-04-27 13:00:00+00:00,11.7,11.98,11.36,11.67,77175.0,11.664,315,False
2026-04-27 14:00:00+00:00,11.68,12.13,11.67,12.02,36756.0,11.935,244,True
2026-04-27 15:00:00+00:00,12.01,12.07,11.91,11.96,23052.0,11.973,163,True
2026-04-27 16:00:00+00:00,11.96,12.0,11.83,11.84,10273.0,11.9,57,True
2026-04-27 17:00:00+00:00,11.82,11.89,11.79,11.8,11087.0,11.846,77,True
2026-04-27 18:00:00+00:00,11.81,11.81,11.7,11.78,11795.0,11.763,97,True
2026-04-27 19:00:00+00:00,11.78,11.84,11.7,11.82,67939.0,11.784,454,True
2026-04-27 20:00:00+00:00,11.83,11.83,11.67,11.72,46902.0,11.825,13,False
2026-04-27 21:00:00+00:00,11.75,11.75,11.75,11.75,100.0,11.75,1,False
2026-04-27 22:00:00+00:00,11.75,11.75,11.75,11.75,0.0,11.75,0,False
2026-04-27 23:00:00+00:00,11.73,11.73,11.73,11.73,546.0,11.73,1,False
2026-04-28 08:00:00+00:00,11.79,11.79,11.79,11.79,130.0,11.79,1,False
2026-04-28 09:00:00+00:00,11.79,11.79,11.79,11.79,0.0,11.79,0,False
2026-04-28 10:00:00+00:00,11.9,11.9,11.9,11.9,100.0,11.9,1,False
2026-04-28 11:00:00+00:00,11.8,11.8,11.6,11.6,447.0,11.749,3,False
2026-04-28 12:00:00+00:00,11.69,11.8,11.56,11.56,2843.0,11.642,6,False
2026-04-28 13:00:00+00:00,11.6,11.81,11.56,11.74,21775.0,11.702,76,False
2026-04-28 14:00:00+00:00,11.72,11.99,11.65,11.96,21020.0,11.827,134,True
2026-04-28 15:00:00+00:00,11.98,12.08,11.94,12.07,17610.0,12.009,114,True
2026-04-28 16:00:00+00:00,12.08,12.15,12.07,12.09,8269.0,12.104,65,True
2026-04-28 17:00:00+00:00,12.07,12.3,12.03,12.22,21523.0,12.179,151,True
2026-04-28 18:00:00+00:00,12.17,12.17,12.06,12.12,5532.0,12.115,48,True
2026-04-28 19:00:00+00:00,12.11,12.2,12.06,12.18,30771.0,12.155,215,True
2026-04-28 20:00:00+00:00,12.18,12.18,12.18,12.18,35714.0,12.18,2,False
2026-04-28 21:00:00+00:00,12.18,12.18,12.18,12.18,0.0,12.18,0,False
2026-04-28 22:00:00+00:00,12.18,12.18,12.18,12.18,0.0,12.18,0,False
2026-04-28 23:00:00+00:00,12.18,12.18,12.18,12.18,0.0,12.18,0,False
2026-04-29 08:00:00+00:00,12.28,12.28,12.26,12.28,1307.0,12.274,4,False
2026-04-29 09:00:00+00:00,12.17,12.17,12.17,12.17,500.0,12.17,1,False
2026-04-29 10:00:00+00:00,12.17,12.17,12.17,12.17,0.0,12.17,0,False
2026-04-29 11:00:00+00:00,12.17,12.17,12.17,12.17,0.0,12.17,0,False
2026-04-29 12:00:00+00:00,12.17,12.17,12.17,12.17,0.0,12.17,0,False
2026-04-29 13:00:00+00:00,12.14,12.4,12.04,12.35,24112.0,12.266,143,False
2026-04-29 14:00:00+00:00,12.34,12.4,12.19,12.35,16043.0,12.318,118,True
2026-04-29 15:00:00+00:00,12.35,12.41,12.26,12.34,13226.0,12.333,103,True
2026-04-29 16:00:00+00:00,12.36,12.36,12.21,12.28,18235.0,12.288,128,True
2026-04-29 17:00:00+00:00,12.29,12.39,12.26,12.39,4576.0,12.331,37,True
2026-04-29 18:00:00+00:00,12.38,12.39,12.27,12.3,17632.0,12.312,107,True
2026-04-29 19:00:00+00:00,12.32,12.39,12.23,12.25,74344.0,12.312,464,True
2026-04-29 20:00:00+00:00,12.27,12.27,12.27,12.27,38943.0,12.27,2,False
2026-04-29 21:00:00+00:00,12.27,12.27,12.27,12.27,0.0,12.27,0,False
2026-04-29 22:00:00+00:00,12.18,12.18,12.18,12.18,100.0,12.18,1,False
2026-04-29 23:00:00+00:00,12.47,12.47,12.46,12.47,100.0,12.467,1,False
2026-04-30 08:00:00+00:00,12.44,12.44,12.11,12.2,3051.0,12.253,11,False
2026-04-30 09:00:00+00:00,12.2,12.2,12.2,12.2,0.0,12.2,0,False
2026-04-30 10:00:00+00:00,12.17,12.17,12.16,12.17,163.0,12.169,1,False
2026-04-30 11:00:00+00:00,12.17,12.17,12.17,12.17,0.0,12.17,0,False
2026-04-30 12:00:00+00:00,12.17,12.17,12.17,12.17,0.0,12.17,0,False
2026-04-30 13:00:00+00:00,12.21,12.32,11.97,12.02,14112.0,12.148,88,False
2026-04-30 14:00:00+00:00,12.08,12.21,12.04,12.21,4269.0,12.097,39,True
2026-04-30 15:00:00+00:00,12.2,12.28,12.15,12.21,5121.0,12.22,42,True
2026-04-30 16:00:00+00:00,12.21,12.35,12.13,12.23,10685.0,12.26,70,True
2026-04-30 17:00:00+00:00,12.28,12.3,12.24,12.28,2606.0,12.275,24,True
2026-04-30 18:00:00+00:00,12.27,12.36,12.27,12.3,3804.0,12.308,31,True
2026-04-30 19:00:00+00:00,12.27,12.34,12.01,12.25,55488.0,12.198,358,True
2026-04-30 20:00:00+00:00,12.24,12.24,12.16,12.16,58431.0,12.239,3,False
2026-04-30 21:00:00+00:00,12.16,12.16,12.16,12.16,0.0,12.16,0,False
2026-04-30 22:00:00+00:00,12.16,12.16,12.16,12.16,0.0,12.16,0,False
2026-04-30 23:00:00+00:00,12.34,12.34,12.34,12.34,500.0,12.34,3,False
2026-05-01 08:00:00+00:00,12.15,12.23,12.15,12.23,548.0,12.194,2,False
2026-05-01 09:00:00+00:00,12.23,12.23,12.23,12.23,0.0,12.23,0,False
2026-05-01 10:00:00+00:00,12.23,12.23,12.23,12.23,0.0,12.23,0,False
2026-05-01 11:00:00+00:00,12.23,12.23,12.23,12.23,0.0,12.23,0,False
2026-05-01 12:00:00+00:00,12.23,12.23,12.23,12.23,0.0,12.23,0,False
2026-05-01 13:00:00+00:00,12.21,12.79,12.21,12.64,20987.0,12.587,95,False
2026-05-01 14:00:00+00:00,12.64,12.78,12.64,12.72,13327.0,12.711,90,True
2026-05-01 15:00:00+00:00,12.72,12.81,12.66,12.78,9766.0,12.739,64,True
2026-05-01 16:00:00+00:00,12.78,12.85,12.77,12.8,8147.0,12.816,47,True
2026-05-01 17:00:00+00:00,12.87,13.0,12.84,12.99,8148.0,12.896,48,True
2026-05-01 18:00:00+00:00,12.98,13.13,12.95,13.12,42297.0,13.026,264,True
2026-05-01 19:00:00+00:00,13.12,13.27,13.09,13.22,54862.0,13.203,389,True
2026-05-01 20:00:00+00:00,13.24,13.24,13.24,13.24,46173.0,13.24,3,False
2026-05-01 21:00:00+00:00,13.24,13.24,13.24,13.24,0.0,13.24,0,False
2026-05-01 22:00:00+00:00,13.17,13.23,13.17,13.23,290.0,13.209,2,False
2026-05-01 23:00:00+00:00,13.23,13.23,13.23,13.23,0.0,13.23,0,False
2026-05-04 08:00:00+00:00,13.13,13.2,12.87,13.14,5447.0,13.13,13,False
2026-05-04 09:00:00+00:00,13.2,13.2,13.04,13.04,285.0,13.144,2,False
2026-05-04 10:00:00+00:00,13.1,13.15,12.84,13.15,2228.0,12.965,14,False
2026-05-04 11:00:00+00:00,13.14,13.14,13.1,13.1,356.0,13.128,2,False
2026-05-04 12:00:00+00:00,13.1,13.1,13.1,13.1,500.0,13.1,2,False
2026-05-04 13:00:00+00:00,13.15,13.83,13.09,13.81,76596.0,13.457,187,False
2026-05-04 14:00:00+00:00,13.81,13.81,13.46,13.5,18908.0,13.593,162,True
2026-05-04 15:00:00+00:00,13.48,13.5,13.21,13.28,25458.0,13.355,178,True
2026-05-04 16:00:00+00:00,13.29,13.3,13.14,13.19,10697.0,13.207,97,True
2026-05-04 17:00:00+00:00,13.21,13.28,13.15,13.2,8939.0,13.201,63,True
2026-05-04 18:00:00+00:00,13.21,13.29,13.16,13.18,16196.0,13.222,130,True
2026-05-04 19:00:00+00:00,13.15,13.19,13.07,13.12,39538.0,13.105,291,True
2026-05-04 20:00:00+00:00,13.13,13.13,13.13,13.13,44989.0,13.13,2,False
2026-05-04 21:00:00+00:00,13.09,13.09,13.06,13.07,200.0,13.078,2,False
2026-05-04 22:00:00+00:00,13.07,13.07,13.07,13.07,0.0,13.07,0,False
2026-05-04 23:00:00+00:00,13.28,13.28,13.26,13.26,200.0,13.27,2,False
2026-05-05 08:00:00+00:00,13.13,13.13,13.05,13.05,217.0,13.089,2,False
2026-05-05 09:00:00+00:00,13.05,13.05,13.05,13.05,0.0,13.05,0,False
2026-05-05 10:00:00+00:00,13.34,13.34,13.34,13.34,100.0,13.34,1,False
2026-05-05 11:00:00+00:00,13.34,13.34,13.34,13.34,0.0,13.34,0,False
2026-05-05 12:00:00+00:00,13.34,13.34,13.34,13.34,0.0,13.34,0,False
2026-05-05 13:00:00+00:00,13.21,13.4,13.07,13.1,9457.0,13.224,51,False
2026-05-05 14:00:00+00:00,13.11,13.14,12.8,12.87,20307.0,12.955,125,True
2026-05-05 15:00:00+00:00,12.83,12.87,12.75,12.76,16595.0,12.804,108,True
2026-05-05 16:00:00+00:00,12.75,12.77,12.72,12.76,9756.0,12.747,61,True
2026-05-05 17:00:00+00:00,12.75,12.92,12.67,12.91,24899.0,12.78,143,True
2026-05-05 18:00:00+00:00,12.91,13.01,12.91,12.94,9481.0,12.97,78,True
2026-05-05 19:00:00+00:00,12.93,13.0,12.79,12.89,41090.0,12.912,284,True
2026-05-05 20:00:00+00:00,12.9,12.9,12.9,12.9,36976.0,12.9,1,False
2026-05-05 21:00:00+00:00,12.72,12.72,12.71,12.72,100.0,12.718,1,False
2026-05-05 22:00:00+00:00,12.71,12.71,12.71,12.71,150.0,12.71,1,False
2026-05-05 23:00:00+00:00,12.71,12.71,12.71,12.71,0.0,12.71,0,False
2026-05-06 08:00:00+00:00,12.8,13.11,12.8,13.11,655.0,12.876,4,False
2026-05-06 09:00:00+00:00,13.11,13.11,13.11,13.11,0.0,13.11,0,False
2026-05-06 10:00:00+00:00,13.11,13.11,13.11,13.11,0.0,13.11,0,False
2026-05-06 11:00:00+00:00,13.11,13.11,13.11,13.11,0.0,13.11,0,False
2026-05-06 12:00:00+00:00,13.11,13.11,13.11,13.11,0.0,13.11,0,False
2026-05-06 13:00:00+00:00,12.9,12.9,12.4,12.77,23828.0,12.714,85,False
2026-05-06 14:00:00+00:00,12.8,12.88,12.69,12.81,9654.0,12.792,76,True
2026-05-06 15:00:00+00:00,12.83,12.94,12.83,12.89,5072.0,12.885,29,True
2026-05-06 16:00:00+00:00,12.89,12.9,12.8,12.82,2500.0,12.845,23,True
2026-05-06 17:00:00+00:00,12.83,12.85,12.79,12.83,2600.0,12.822,23,True
2026-05-06 18:00:00+00:00,12.83,12.91,12.78,12.87,11334.0,12.854,89,True
2026-05-06 19:00:00+00:00,12.85,13.1,12.85,13.04,18460.0,13.03,123,True
2026-05-06 20:00:00+00:00,13.05,13.05,13.05,13.05,33062.0,13.05,2,False
2026-05-06 21:00:00+00:00,12.56,12.56,12.56,12.56,813.0,12.56,1,False
2026-05-06 22:00:00+00:00,12.56,12.56,12.56,12.56,0.0,12.56,0,False
2026-05-06 23:00:00+00:00,12.56,12.56,12.56,12.56,0.0,12.56,0,False
2026-05-07 08:00:00+00:00,13.0,13.0,13.0,13.0,121.0,13.0,1,False
2026-05-07 09:00:00+00:00,13.0,13.0,13.0,13.0,0.0,13.0,0,False
2026-05-07 10:00:00+00:00,13.0,13.0,13.0,13.0,0.0,13.0,0,False
2026-05-07 11:00:00+00:00,12.99,12.99,12.99,12.99,110.0,12.99,1,False
2026-05-07 12:00:00+00:00,13.11,13.11,13.11,13.11,645.0,13.11,2,False
2026-05-07 13:00:00+00:00,13.09,13.29,13.08,13.09,8480.0,13.176,32,False
2026-05-07 14:00:00+00:00,13.06,13.16,13.05,13.16,3665.0,13.093,24,True
2026-05-07 15:00:00+00:00,13.19,13.39,13.18,13.32,15504.0,13.293,77,True
2026-05-07 16:00:00+00:00,13.28,13.28,13.12,13.13,13091.0,13.202,50,True
2026-05-07 17:00:00+00:00,13.14,13.15,13.07,13.12,6074.0,13.109,42,True
2026-05-07 18:00:00+00:00,13.18,13.29,13.17,13.19,8511.0,13.223,48,True
2026-05-07 19:00:00+00:00,13.17,13.24,13.11,13.18,25440.0,13.182,135,True
2026-05-07 20:00:00+00:00,13.21,13.21,13.21,13.21,25930.0,13.21,1,False
2026-05-07 21:00:00+00:00,13.04,13.14,13.04,13.14,400.0,13.098,3,False
2026-05-07 22:00:00+00:00,13.14,13.14,13.14,13.14,0.0,13.14,0,False
2026-05-07 23:00:00+00:00,12.6,12.6,12.6,12.6,200.0,12.6,1,False
2026-05-08 08:00:00+00:00,13.27,13.27,13.27,13.27,100.0,13.27,1,False
2026-05-08 09:00:00+00:00,13.29,13.4,13.29,13.4,636.0,13.365,2,False
2026-05-08 10:00:00+00:00,13.41,13.41,13.41,13.41,100.0,13.41,1,False
2026-05-08 11:00:00+00:00,13.41,13.41,13.41,13.41,0.0,13.41,0,False
2026-05-08 12:00:00+00:00,13.41,13.41,13.41,13.41,0.0,13.41,0,False
2026-05-08 13:00:00+00:00,13.15,13.23,12.85,12.88,11160.0,13.074,69,False
2026-05-08 14:00:00+00:00,12.92,13.16,12.92,12.99,16619.0,13.033,125,True
2026-05-08 15:00:00+00:00,13.0,13.06,12.97,13.02,7288.0,13.019,64,True
2026-05-08 16:00:00+00:00,13.02,13.13,13.02,13.06,9648.0,13.085,73,True
2026-05-08 17:00:00+00:00,13.02,13.02,12.92,12.93,8590.0,12.963,47,True
2026-05-08 18:00:00+00:00,12.95,13.05,12.94,13.0,5913.0,12.999,51,True
2026-05-08 19:00:00+00:00,13.02,13.32,13.02,13.24,37130.0,13.219,248,True
2026-05-08 20:00:00+00:00,13.28,13.28,13.28,13.28,42050.0,13.28,2,False
2026-05-08 21:00:00+00:00,13.28,13.28,13.28,13.28,0.0,13.28,0,False
2026-05-08 22:00:00+00:00,12.89,12.9,12.89,12.89,527.0,12.892,1,False
2026-05-08 23:00:00+00:00,12.89,12.9,12.89,12.89,0.0,12.89,0,False
2026-05-11 08:00:00+00:00,13.0,13.25,13.0,13.13,570.0,13.168,5,False
2026-05-11 09:00:00+00:00,13.15,13.15,13.15,13.15,394.0,13.15,1,False
2026-05-11 10:00:00+00:00,13.21,13.21,13.21,13.21,494.0,13.21,3,False
2026-05-11 11:00:00+00:00,13.21,13.21,13.21,13.21,0.0,13.21,0,False
2026-05-11 12:00:00+00:00,13.0,13.0,12.84,12.84,403.0,12.885,2,False
2026-05-11 13:00:00+00:00,13.17,13.2,12.83,13.01,17182.0,13.067,64,False
2026-05-11 14:00:00+00:00,13.04,13.17,13.0,13.06,7995.0,13.087,63,True
2026-05-11 15:00:00+00:00,13.06,13.09,12.99,13.05,13441.0,13.031,64,True
2026-05-11 16:00:00+00:00,13.03,13.21,13.03,13.14,6770.0,13.14,33,True
2026-05-11 17:00:00+00:00,13.11,13.17,13.09,13.15,5460.0,13.127,38,True
2026-05-11 18:00:00+00:00,13.16,13.25,13.16,13.2,4581.0,13.206,36,True
2026-05-11 19:00:00+00:00,13.2,13.41,13.16,13.29,81370.0,13.337,388,True
2026-05-11 20:00:00+00:00,13.31,13.31,11.01,11.45,45201.0,13.197,19,False
2026-05-11 21:00:00+00:00,11.6,11.95,11.5,11.94,10637.0,11.7,22,False
2026-05-11 22:00:00+00:00,11.7,12.08,11.7,12.08,933.0,11.83,6,False
2026-05-11 23:00:00+00:00,11.9,11.95,11.9,11.95,450.0,11.917,2,False
2026-05-12 08:00:00+00:00,12.0,12.08,12.0,12.06,1047.0,12.062,6,False
2026-05-12 09:00:00+00:00,12.06,12.06,11.8,11.98,1170.0,11.924,6,False
2026-05-12 10:00:00+00:00,11.87,11.87,11.87,11.87,232.0,11.87,1,False
2026-05-12 11:00:00+00:00,11.92,11.92,11.92,11.92,182.0,11.92,1,False
2026-05-12 12:00:00+00:00,11.92,11.92,11.92,11.92,0.0,11.92,0,False
2026-05-12 13:00:00+00:00,11.92,12.32,11.51,12.13,34259.0,11.84,153,False
2026-05-12 14:00:00+00:00,12.12,12.22,11.85,12.18,72780.0,11.948,419,True
2026-05-12 15:00:00+00:00,12.21,12.5,12.02,12.36,62624.0,12.25,323,True
2026-05-12 16:00:00+00:00,12.36,12.46,12.03,12.13,36283.0,12.245,269,True
2026-05-12 17:00:00+00:00,12.12,12.21,12.05,12.07,20642.0,12.1,166,True
2026-05-12 18:00:00+00:00,12.07,12.15,12.05,12.12,25827.0,12.103,198,True
2026-05-12 19:00:00+00:00,12.13,12.27,12.04,12.16,80531.0,12.152,531,True
2026-05-12 20:00:00+00:00,12.16,12.16,12.16,12.16,28523.0,12.16,1,False
2026-05-12 21:00:00+00:00,12.16,12.16,12.16,12.16,0.0,12.16,0,False
2026-05-12 22:00:00+00:00,12.16,12.16,12.16,12.16,0.0,12.16,0,False
2026-05-12 23:00:00+00:00,12.16,12.16,12.16,12.16,0.0,12.16,0,False
2026-05-13 08:00:00+00:00,12.18,12.55,12.18,12.45,355.0,12.374,3,False
2026-05-13 09:00:00+00:00,12.45,12.45,12.45,12.45,0.0,12.45,0,False
2026-05-13 10:00:00+00:00,12.25,12.25,12.25,12.25,100.0,12.25,1,False
2026-05-13 11:00:00+00:00,12.25,12.25,12.25,12.25,210.0,12.25,1,False
2026-05-13 12:00:00+00:00,12.16,12.16,12.16,12.16,150.0,12.16,1,False
2026-05-13 13:00:00+00:00,12.07,12.75,12.07,12.57,21233.0,12.393,107,False
2026-05-13 14:00:00+00:00,12.54,12.89,12.38,12.65,44278.0,12.59,196,True
2026-05-13 15:00:00+00:00,12.67,12.98,12.67,12.68,21453.0,12.847,154,True
2026-05-13 16:00:00+00:00,12.74,13.12,12.74,13.06,47674.0,12.95,184,True
2026-05-13 17:00:00+00:00,13.11,13.25,13.1,13.14,29463.0,13.174,197,True
2026-05-13 18:00:00+00:00,13.13,13.61,13.13,13.56,56493.0,13.336,311,True
2026-05-13 19:00:00+00:00,13.55,13.87,13.33,13.83,117491.0,13.691,691,True
2026-05-13 20:00:00+00:00,13.83,13.83,13.7,13.7,63775.0,13.829,2,False
2026-05-13 21:00:00+00:00,13.54,13.55,13.54,13.54,678.0,13.541,5,False
2026-05-13 22:00:00+00:00,13.77,13.78,13.77,13.77,508.0,13.77,4,False
2026-05-13 23:00:00+00:00,13.77,13.77,13.77,13.77,200.0,13.77,2,False
2026-05-14 08:00:00+00:00,13.8,13.83,13.8,13.82,1537.0,13.816,5,False
2026-05-14 09:00:00+00:00,13.82,13.82,13.82,13.82,0.0,13.82,0,False
2026-05-14 10:00:00+00:00,13.75,13.75,13.75,13.75,400.0,13.75,1,False
2026-05-14 11:00:00+00:00,13.75,13.75,13.75,13.75,0.0,13.75,0,False
2026-05-14 12:00:00+00:00,13.75,13.75,13.75,13.75,0.0,13.75,0,False
2026-05-14 13:00:00+00:00,13.83,13.83,12.91,12.91,210236.0,13.321,863,False
2026-05-14 14:00:00+00:00,12.96,13.14,12.54,12.74,77902.0,12.748,456,True
2026-05-14 15:00:00+00:00,12.75,12.83,12.68,12.7,31138.0,12.738,200,True
2026-05-14 16:00:00+00:00,12.7,12.82,12.65,12.67,21904.0,12.727,161,True
2026-05-14 17:00:00+00:00,12.64,12.81,12.5,12.76,71572.0,12.636,393,True
2026-05-14 18:00:00+00:00,12.73,12.78,12.59,12.64,47481.0,12.657,326,True
2026-05-14 19:00:00+00:00,12.65,12.74,12.43,12.72,174693.0,12.616,981,True
2026-05-14 20:00:00+00:00,12.7,12.7,12.7,12.7,48089.0,12.7,3,False
2026-05-14 21:00:00+00:00,12.83,12.83,12.83,12.83,100.0,12.83,1,False
2026-05-14 22:00:00+00:00,12.77,12.77,12.56,12.57,627.0,12.624,3,False
2026-05-14 23:00:00+00:00,12.57,12.57,12.56,12.57,0.0,12.57,0,False
2026-05-15 08:00:00+00:00,12.65,12.65,12.65,12.65,598.0,12.65,2,False
2026-05-15 09:00:00+00:00,12.65,12.65,12.65,12.65,0.0,12.65,0,False
2026-05-15 10:00:00+00:00,12.46,12.46,12.46,12.46,100.0,12.46,1,False
2026-05-15 11:00:00+00:00,12.46,12.46,12.46,12.46,0.0,12.46,0,False
2026-05-15 12:00:00+00:00,12.46,12.46,12.46,12.46,0.0,12.46,0,False
2026-05-15 13:00:00+00:00,12.39,12.39,12.16,12.26,28647.0,12.293,91,False
2026-05-15 14:00:00+00:00,12.25,12.3,12.0,12.15,14696.0,12.096,116,True
2026-05-15 15:00:00+00:00,12.13,12.21,12.07,12.18,8069.0,12.128,57,True
2026-05-15 16:00:00+00:00,12.18,12.31,12.04,12.1,19973.0,12.155,151,True
2026-05-15 17:00:00+00:00,12.08,12.21,12.08,12.21,11547.0,12.13,87,True
2026-05-15 18:00:00+00:00,12.22,12.23,12.12,12.15,8228.0,12.182,64,True
2026-05-15 19:00:00+00:00,12.15,12.22,12.08,12.09,41674.0,12.139,281,True
2026-05-15 20:00:00+00:00,12.08,12.09,12.08,12.08,31263.0,12.085,2,False
2026-05-15 21:00:00+00:00,12.08,12.08,12.08,12.08,0.0,12.08,0,False
2026-05-15 22:00:00+00:00,12.08,12.08,12.08,12.08,0.0,12.08,0,False
2026-05-15 23:00:00+00:00,12.08,12.08,12.08,12.08,0.0,12.08,0,False
