date,open,high,low,close,volume,average,barCount,is_rth
2025-11-17 14:00:00+00:00,111.51,111.79,111.27,111.61,40944.0,111.494,183,False
2025-11-17 15:00:00+00:00,111.54,111.83,111.39,111.44,84718.0,111.573,547,True
2025-11-17 16:00:00+00:00,111.45,111.68,111.29,111.51,46087.0,111.444,371,True
2025-11-17 17:00:00+00:00,111.51,111.71,111.42,111.56,65921.0,111.608,502,True
2025-11-17 18:00:00+00:00,111.53,111.81,111.44,111.55,106726.0,111.591,635,True
2025-11-17 19:00:00+00:00,111.55,111.83,111.47,111.5,69751.0,111.642,568,True
2025-11-17 20:00:00+00:00,111.47,111.9,111.3,111.88,335539.0,111.601,2328,True
2025-11-17 21:00:00+00:00,111.89,111.89,111.89,111.89,626236.0,111.89,9,False
2025-11-17 22:00:00+00:00,111.89,111.89,111.89,111.89,0.0,111.89,0,False
2025-11-17 23:00:00+00:00,111.84,111.84,111.84,111.84,100.0,111.84,1,False
2025-11-18 00:00:00+00:00,111.84,111.84,111.84,111.84,0.0,111.84,0,False
2025-11-18 14:00:00+00:00,112.32,112.61,111.69,112.07,51646.0,112.293,280,False
2025-11-18 15:00:00+00:00,112.16,112.33,111.89,111.92,83366.0,112.127,529,True
2025-11-18 16:00:00+00:00,111.88,112.2,111.74,112.12,92089.0,111.986,711,True
2025-11-18 17:00:00+00:00,112.14,112.27,112.06,112.23,78595.0,112.191,611,True
2025-11-18 18:00:00+00:00,112.22,112.46,111.92,112.39,73155.0,112.244,594,True
2025-11-18 19:00:00+00:00,112.4,112.4,111.84,111.94,64635.0,112.09,553,True
2025-11-18 20:00:00+00:00,111.94,111.95,111.49,111.61,329963.0,111.664,2448,True
2025-11-18 21:00:00+00:00,111.6,111.6,111.6,111.6,554063.0,111.6,23,False
2025-11-18 22:00:00+00:00,111.6,111.6,111.6,111.6,0.0,111.6,0,False
2025-11-18 23:00:00+00:00,111.6,111.6,111.6,111.6,0.0,111.6,0,False
2025-11-19 00:00:00+00:00,111.6,111.6,111.6,111.6,0.0,111.6,0,False
2025-11-19 14:00:00+00:00,111.47,111.54,110.75,110.75,58242.0,111.19,343,False
2025-11-19 15:00:00+00:00,110.74,111.0,109.73,109.99,157005.0,110.306,875,True
2025-11-19 16:00:00+00:00,110.05,110.05,109.25,109.65,88237.0,109.671,665,True
2025-11-19 17:00:00+00:00,109.68,110.14,109.68,110.04,78276.0,109.976,611,True
2025-11-19 18:00:00+00:00,110.05,110.77,110.05,110.49,207740.0,110.307,1320,True
2025-11-19 19:00:00+00:00,110.48,110.56,109.7,109.98,75180.0,110.099,597,True
2025-11-19 20:00:00+00:00,109.98,110.22,109.77,110.13,369481.0,110.04,2745,True
2025-11-19 21:00:00+00:00,110.16,110.16,110.16,110.16,494394.0,110.16,16,False
2025-11-19 22:00:00+00:00,110.16,110.16,110.16,110.16,0.0,110.16,0,False
2025-11-19 23:00:00+00:00,110.16,110.16,110.16,110.16,0.0,110.16,0,False
2025-11-20 00:00:00+00:00,110.16,110.16,110.16,110.16,0.0,110.16,0,False
2025-11-20 14:00:00+00:00,110.49,110.93,110.47,110.74,97658.0,110.698,495,False
2025-11-20 15:00:00+00:00,110.73,111.13,110.33,111.04,106538.0,110.732,631,True
2025-11-20 16:00:00+00:00,111.09,111.34,110.88,110.88,117878.0,111.089,817,True
2025-11-20 17:00:00+00:00,110.88,111.26,110.62,110.73,164730.0,110.944,1132,True
2025-11-20 18:00:00+00:00,110.73,110.94,110.25,110.35,94629.0,110.649,647,True
2025-11-20 19:00:00+00:00,110.4,110.8,110.36,110.51,90953.0,110.54,587,True
2025-11-20 20:00:00+00:00,110.53,110.92,110.43,110.65,266901.0,110.709,2084,True
2025-11-20 21:00:00+00:00,110.65,110.65,110.65,110.65,375690.0,110.65,16,False
2025-11-20 22:00:00+00:00,110.65,110.65,110.65,110.65,0.0,110.65,0,False
2025-11-20 23:00:00+00:00,110.65,110.65,110.65,110.65,0.0,110.65,0,False
2025-11-21 00:00:00+00:00,110.65,110.65,110.65,110.65,0.0,110.65,0,False
2025-11-21 14:00:00+00:00,111.15,111.26,110.76,111.03,183811.0,111.023,450,False
2025-11-21 15:00:00+00:00,111.12,111.98,111.12,111.4,97729.0,111.634,776,True
2025-11-21 16:00:00+00:00,111.41,111.68,110.9,111.58,106473.0,111.299,883,True
2025-11-21 17:00:00+00:00,111.56,111.69,111.36,111.59,47887.0,111.521,383,True
2025-11-21 18:00:00+00:00,111.58,111.77,111.44,111.67,40116.0,111.586,320,True
2025-11-21 19:00:00+00:00,111.69,111.72,111.13,111.26,59715.0,111.405,464,True
2025-11-21 20:00:00+00:00,111.26,111.29,110.91,111.14,232944.0,111.094,1659,True
2025-11-21 21:00:00+00:00,111.14,111.14,111.14,111.14,689576.0,111.14,21,False
2025-11-21 22:00:00+00:00,111.14,111.14,111.14,111.14,0.0,111.14,0,False
2025-11-21 23:00:00+00:00,111.14,111.14,111.14,111.14,0.0,111.14,0,False
2025-11-22 00:00:00+00:00,111.14,111.14,111.14,111.14,0.0,111.14,0,False
2025-11-24 14:00:00+00:00,110.98,111.5,109.98,109.98,49805.0,110.678,198,False
2025-11-24 15:00:00+00:00,110.05,111.02,109.98,110.79,81032.0,110.629,589,True
2025-11-24 16:00:00+00:00,110.8,110.92,110.35,110.57,49212.0,110.605,384,True
2025-11-24 17:00:00+00:00,110.59,110.86,110.45,110.82,68418.0,110.717,488,True
2025-11-24 18:00:00+00:00,110.84,110.99,110.75,110.96,50283.0,110.877,368,True
2025-11-24 19:00:00+00:00,110.97,111.0,110.68,110.77,49983.0,110.824,381,True
2025-11-24 20:00:00+00:00,110.77,111.22,110.74,111.01,367544.0,111.059,2765,True
2025-11-24 21:00:00+00:00,111.02,111.02,111.02,111.02,593063.0,111.02,14,False
2025-11-24 22:00:00+00:00,111.02,111.02,111.02,111.02,0.0,111.02,0,False
2025-11-24 23:00:00+00:00,111.02,111.02,111.02,111.02,0.0,111.02,0,False
2025-11-25 00:00:00+00:00,111.02,111.02,111.02,111.02,0.0,111.02,0,False
2025-11-25 14:00:00+00:00,111.13,111.92,110.5,111.38,64262.0,111.4,359,False
2025-11-25 15:00:00+00:00,111.44,111.62,111.04,111.41,78306.0,111.309,590,True
2025-11-25 16:00:00+00:00,111.48,111.48,111.04,111.39,69821.0,111.263,466,True
2025-11-25 17:00:00+00:00,111.4,111.43,111.07,111.15,102773.0,111.214,730,True
2025-11-25 18:00:00+00:00,111.17,111.19,110.84,110.91,124005.0,110.957,918,True
2025-11-25 19:00:00+00:00,110.92,111.29,110.78,111.19,160004.0,110.962,1114,True
2025-11-25 20:00:00+00:00,111.17,111.37,111.04,111.22,240405.0,111.193,1724,True
2025-11-25 21:00:00+00:00,111.22,111.22,111.22,111.22,367657.0,111.22,20,False
2025-11-25 22:00:00+00:00,111.22,111.22,111.22,111.22,0.0,111.22,0,False
2025-11-25 23:00:00+00:00,111.22,111.22,111.22,111.22,0.0,111.22,0,False
2025-11-26 00:00:00+00:00,111.22,111.22,111.22,111.22,0.0,111.22,0,False
2025-11-26 13:00:00+00:00,111.22,111.22,111.22,111.22,20865.0,111.22,1,False
2025-11-26 14:00:00+00:00,111.46,111.97,111.46,111.84,35509.0,111.715,174,False
2025-11-26 15:00:00+00:00,111.75,112.09,111.68,111.95,66942.0,111.922,407,True
2025-11-26 16:00:00+00:00,111.94,112.05,111.85,111.96,32869.0,111.966,261,True
2025-11-26 17:00:00+00:00,112.01,112.07,111.81,111.97,46221.0,111.97,258,True
2025-11-26 18:00:00+00:00,111.95,112.05,111.78,111.8,54489.0,111.949,330,True
2025-11-26 19:00:00+00:00,111.83,111.94,111.8,111.87,41090.0,111.871,297,True
2025-11-26 20:00:00+00:00,111.89,112.41,111.89,112.24,219311.0,112.24,1497,True
2025-11-26 21:00:00+00:00,112.24,112.24,112.24,112.24,304769.0,112.24,38,False
2025-11-26 22:00:00+00:00,112.24,112.24,112.24,112.24,0.0,112.24,0,False
2025-11-26 23:00:00+00:00,112.24,112.24,112.24,112.24,0.0,112.24,0,False
2025-11-27 00:00:00+00:00,112.24,112.24,112.24,112.24,0.0,112.24,0,False
2025-11-28 13:00:00+00:00,112.24,112.24,112.24,112.24,200.0,112.24,2,False
2025-11-28 14:00:00+00:00,112.41,112.66,112.0,112.42,49649.0,112.399,285,False
2025-11-28 15:00:00+00:00,112.42,112.49,112.21,112.31,104059.0,112.356,739,True
2025-11-28 16:00:00+00:00,112.3,112.36,112.12,112.22,81719.0,112.205,612,True
2025-11-28 17:00:00+00:00,112.23,112.31,111.94,112.12,189096.0,112.136,1503,True
2025-11-28 18:00:00+00:00,112.13,112.13,112.07,112.07,212569.0,112.07,10,True
2025-11-28 19:00:00+00:00,112.07,112.07,112.07,112.07,0.0,112.07,0,True
2025-11-28 20:00:00+00:00,112.07,112.07,112.07,112.07,0.0,112.07,0,True
2025-11-28 21:00:00+00:00,112.07,112.07,112.07,112.07,0.0,112.07,0,False
2025-12-01 14:00:00+00:00,111.95,111.96,111.0,111.09,81617.0,111.505,313,False
2025-12-01 15:00:00+00:00,111.1,111.17,110.76,110.79,114630.0,110.944,708,True
2025-12-01 16:00:00+00:00,110.77,110.87,110.52,110.63,88212.0,110.652,602,True
2025-12-01 17:00:00+00:00,110.62,110.63,110.05,110.23,89679.0,110.243,675,True
2025-12-01 18:00:00+00:00,110.26,110.67,110.23,110.44,73926.0,110.529,566,True
2025-12-01 19:00:00+00:00,110.46,110.49,110.09,110.1,126923.0,110.315,886,True
2025-12-01 20:00:00+00:00,110.12,110.12,109.28,109.34,391513.0,109.609,2895,True
2025-12-01 21:00:00+00:00,109.34,109.5,109.34,109.5,476567.0,109.34,27,False
2025-12-01 22:00:00+00:00,109.5,109.5,109.5,109.5,0.0,109.5,0,False
2025-12-01 23:00:00+00:00,109.5,109.5,109.5,109.5,0.0,109.5,0,False
2025-12-02 00:00:00+00:00,109.5,109.5,109.5,109.5,0.0,109.5,0,False
2025-12-02 12:00:00+00:00,110.16,110.16,110.16,110.16,158.0,110.16,1,False
2025-12-02 13:00:00+00:00,110.32,110.32,110.32,110.32,341.0,110.32,1,False
2025-12-02 14:00:00+00:00,109.59,109.85,108.81,108.85,66818.0,109.359,383,False
2025-12-02 15:00:00+00:00,108.87,109.11,108.6,108.63,133155.0,108.887,877,True
2025-12-02 16:00:00+00:00,108.58,108.98,108.46,108.53,121066.0,108.725,793,True
2025-12-02 17:00:00+00:00,108.52,108.53,107.97,108.05,128956.0,108.229,951,True
2025-12-02 18:00:00+00:00,108.03,108.12,107.78,108.12,148907.0,107.988,954,True
2025-12-02 19:00:00+00:00,108.13,108.14,107.78,108.07,80454.0,107.972,609,True
2025-12-02 20:00:00+00:00,108.09,108.43,107.87,108.09,356217.0,108.143,2635,True
2025-12-02 21:00:00+00:00,108.09,108.09,108.09,108.09,569118.0,108.09,18,False
2025-12-02 22:00:00+00:00,108.09,108.09,108.09,108.09,0.0,108.09,0,False
2025-12-02 23:00:00+00:00,108.09,108.09,108.09,108.09,0.0,108.09,0,False
2025-12-03 00:00:00+00:00,108.09,108.09,108.09,108.09,0.0,108.09,0,False
2025-12-03 14:00:00+00:00,108.15,108.65,108.12,108.25,98181.0,108.37,471,False
2025-12-03 15:00:00+00:00,108.16,108.27,107.47,107.51,118728.0,107.976,732,True
2025-12-03 16:00:00+00:00,107.53,107.61,107.18,107.2,96598.0,107.452,619,True
2025-12-03 17:00:00+00:00,107.2,107.28,106.86,107.0,77840.0,107.066,430,True
2025-12-03 18:00:00+00:00,106.98,107.25,106.69,107.17,88701.0,106.979,535,True
2025-12-03 19:00:00+00:00,107.15,107.7,107.14,107.57,65071.0,107.398,505,True
2025-12-03 20:00:00+00:00,107.56,107.6,107.22,107.3,351822.0,107.388,2090,True
2025-12-03 21:00:00+00:00,107.29,107.29,107.29,107.29,350295.0,107.29,15,False
2025-12-03 22:00:00+00:00,107.29,107.29,107.29,107.29,0.0,107.29,0,False
2025-12-03 23:00:00+00:00,107.29,107.29,107.29,107.29,0.0,107.29,0,False
2025-12-04 00:00:00+00:00,107.29,107.29,107.29,107.29,0.0,107.29,0,False
2025-12-04 14:00:00+00:00,106.76,107.52,106.56,107.45,110524.0,107.201,316,False
2025-12-04 15:00:00+00:00,107.37,107.59,107.24,107.38,48774.0,107.386,397,True
2025-12-04 16:00:00+00:00,107.38,107.38,106.85,106.88,78196.0,107.107,390,True
2025-12-04 17:00:00+00:00,106.86,106.87,106.6,106.63,80925.0,106.724,533,True
2025-12-04 18:00:00+00:00,106.61,106.83,106.46,106.55,72185.0,106.618,525,True
2025-12-04 19:00:00+00:00,106.56,106.58,106.05,106.1,164730.0,106.269,918,True
2025-12-04 20:00:00+00:00,106.1,106.52,105.99,106.28,521109.0,106.244,3547,True
2025-12-04 21:00:00+00:00,106.28,106.28,106.28,106.28,300607.0,106.28,20,False
2025-12-04 22:00:00+00:00,106.28,106.28,106.28,106.28,0.0,106.28,0,False
2025-12-04 23:00:00+00:00,106.28,106.28,106.28,106.28,0.0,106.28,0,False
2025-12-05 00:00:00+00:00,106.28,106.28,106.28,106.28,0.0,106.28,0,False
2025-12-05 14:00:00+00:00,106.56,106.83,106.3,106.37,73069.0,106.523,317,False
2025-12-05 15:00:00+00:00,106.3,106.61,106.07,106.36,171697.0,106.343,1135,True
2025-12-05 16:00:00+00:00,106.36,106.44,106.18,106.2,252524.0,106.328,1488,True
2025-12-05 17:00:00+00:00,106.19,106.26,105.85,106.08,108303.0,106.082,597,True
2025-12-05 18:00:00+00:00,106.09,106.45,105.98,106.43,176738.0,106.169,688,True
2025-12-05 19:00:00+00:00,106.43,106.43,106.16,106.28,92749.0,106.275,507,True
2025-12-05 20:00:00+00:00,106.3,106.41,105.63,105.7,382018.0,106.031,2429,True
2025-12-05 21:00:00+00:00,105.71,105.71,105.71,105.71,384229.0,105.71,18,False
2025-12-05 22:00:00+00:00,105.71,105.71,105.71,105.71,0.0,105.71,0,False
2025-12-05 23:00:00+00:00,105.71,105.71,105.71,105.71,0.0,105.71,0,False
2025-12-06 00:00:00+00:00,105.71,105.71,105.71,105.71,0.0,105.71,0,False
2025-12-08 12:00:00+00:00,105.5,105.5,105.5,105.5,274.0,105.5,1,False
2025-12-08 13:00:00+00:00,105.15,105.15,105.14,105.15,100.0,105.147,1,False
2025-12-08 14:00:00+00:00,105.68,105.89,104.7,104.85,114364.0,105.021,474,False
2025-12-08 15:00:00+00:00,104.8,104.91,104.37,104.84,175278.0,104.66,1128,True
2025-12-08 16:00:00+00:00,104.83,105.24,104.63,105.2,137038.0,105.026,861,True
2025-12-08 17:00:00+00:00,105.21,105.57,105.19,105.4,159084.0,105.35,1125,True
2025-12-08 18:00:00+00:00,105.41,105.43,105.23,105.24,107494.0,105.333,762,True
2025-12-08 19:00:00+00:00,105.22,105.25,105.03,105.15,90495.0,105.158,732,True
2025-12-08 20:00:00+00:00,105.16,105.21,104.57,104.76,501062.0,104.781,2905,True
2025-12-08 21:00:00+00:00,104.76,104.76,104.76,104.76,512508.0,104.76,18,False
2025-12-08 22:00:00+00:00,104.76,104.76,104.76,104.76,0.0,104.76,0,False
2025-12-08 23:00:00+00:00,104.76,104.76,104.76,104.76,2605.0,104.76,1,False
2025-12-09 00:00:00+00:00,104.76,104.76,104.76,104.76,0.0,104.76,0,False
2025-12-09 13:00:00+00:00,105.0,105.0,105.0,105.0,118.0,105.0,1,False
2025-12-09 14:00:00+00:00,105.35,105.89,105.24,105.46,59302.0,105.469,342,False
2025-12-09 15:00:00+00:00,105.45,105.55,104.95,105.16,94955.0,105.233,716,True
2025-12-09 16:00:00+00:00,105.14,105.74,105.12,105.33,97971.0,105.508,725,True
2025-12-09 17:00:00+00:00,105.31,105.4,104.83,104.88,85093.0,105.039,615,True
2025-12-09 18:00:00+00:00,104.88,105.08,104.72,104.79,71150.0,104.898,549,True
2025-12-09 19:00:00+00:00,104.79,104.92,104.67,104.71,62097.0,104.801,488,True
2025-12-09 20:00:00+00:00,104.69,104.75,104.46,104.64,548672.0,104.636,2511,True
2025-12-09 21:00:00+00:00,104.66,104.66,104.64,104.64,360498.0,104.64,19,False
2025-12-09 22:00:00+00:00,104.64,104.64,104.64,104.64,0.0,104.64,0,False
2025-12-09 23:00:00+00:00,104.64,104.64,104.64,104.64,0.0,104.64,0,False
2025-12-10 00:00:00+00:00,104.64,104.64,104.64,104.64,0.0,104.64,0,False
2025-12-10 11:00:00+00:00,104.15,104.15,104.15,104.15,288.0,104.15,2,False
2025-12-10 12:00:00+00:00,104.15,104.15,104.15,104.15,0.0,104.15,0,False
2025-12-10 13:00:00+00:00,104.14,104.14,104.14,104.14,100.0,104.14,1,False
2025-12-10 14:00:00+00:00,104.41,104.7,104.23,104.61,34880.0,104.468,139,False
2025-12-10 15:00:00+00:00,104.66,104.74,104.31,104.47,112050.0,104.567,768,True
2025-12-10 16:00:00+00:00,104.45,104.6,103.95,104.18,85537.0,104.203,491,True
2025-12-10 17:00:00+00:00,104.16,104.21,103.99,104.12,61817.0,104.081,357,True
2025-12-10 18:00:00+00:00,104.12,104.31,104.01,104.06,56616.0,104.201,402,True
2025-12-10 19:00:00+00:00,104.11,104.12,103.59,103.63,120241.0,103.826,839,True
2025-12-10 20:00:00+00:00,103.64,104.01,103.6,103.67,320547.0,103.756,2247,True
2025-12-10 21:00:00+00:00,103.66,103.66,103.66,103.66,391383.0,103.66,15,False
2025-12-10 22:00:00+00:00,103.66,103.66,103.66,103.66,0.0,103.66,0,False
2025-12-10 23:00:00+00:00,103.66,103.66,103.66,103.66,0.0,103.66,0,False
2025-12-11 00:00:00+00:00,103.66,103.66,103.66,103.66,0.0,103.66,0,False
2025-12-11 14:00:00+00:00,103.59,104.76,103.59,104.72,64307.0,104.142,262,False
2025-12-11 15:00:00+00:00,104.79,104.95,104.41,104.47,127598.0,104.678,898,True
2025-12-11 16:00:00+00:00,104.48,104.52,104.25,104.37,132347.0,104.386,602,True
2025-12-11 17:00:00+00:00,104.38,104.48,104.09,104.2,87329.0,104.235,630,True
2025-12-11 18:00:00+00:00,104.2,104.42,103.57,103.63,131625.0,103.913,917,True
2025-12-11 19:00:00+00:00,103.64,103.84,103.41,103.7,68765.0,103.609,447,True
2025-12-11 20:00:00+00:00,103.73,103.73,103.05,103.49,377773.0,103.37,2764,True
2025-12-11 21:00:00+00:00,103.48,103.48,103.48,103.48,323929.0,103.48,11,False
2025-12-11 22:00:00+00:00,103.48,103.48,103.48,103.48,0.0,103.48,0,False
2025-12-11 23:00:00+00:00,103.48,103.48,103.48,103.48,0.0,103.48,0,False
2025-12-12 00:00:00+00:00,103.48,103.48,103.48,103.48,0.0,103.48,0,False
2025-12-12 14:00:00+00:00,103.0,104.25,102.95,104.04,110247.0,103.659,434,False
2025-12-12 15:00:00+00:00,103.98,104.21,103.66,103.69,449918.0,103.757,932,True
2025-12-12 16:00:00+00:00,103.69,103.9,103.48,103.67,582583.0,103.704,1793,True
2025-12-12 17:00:00+00:00,103.66,103.68,103.35,103.38,65887.0,103.482,507,True
2025-12-12 18:00:00+00:00,103.39,103.72,103.36,103.58,70274.0,103.57,488,True
2025-12-12 19:00:00+00:00,103.54,103.6,103.37,103.39,71304.0,103.491,577,True
2025-12-12 20:00:00+00:00,103.39,103.9,103.33,103.88,346618.0,103.724,2648,True
2025-12-12 21:00:00+00:00,103.87,103.88,103.87,103.88,367252.0,103.88,14,False
2025-12-12 22:00:00+00:00,103.88,103.88,103.88,103.88,0.0,103.88,0,False
2025-12-12 23:00:00+00:00,103.8,103.8,103.8,103.8,100.0,103.8,1,False
2025-12-13 00:00:00+00:00,103.7,103.7,103.7,103.7,100.0,103.7,1,False
2025-12-15 13:00:00+00:00,103.92,103.92,103.92,103.92,100.0,103.92,1,False
2025-12-15 14:00:00+00:00,104.17,104.51,104.0,104.48,94621.0,104.158,391,False
2025-12-15 15:00:00+00:00,104.38,104.91,104.18,104.57,75121.0,104.59,554,True
2025-12-15 16:00:00+00:00,104.62,104.89,104.17,104.2,70709.0,104.376,523,True
2025-12-15 17:00:00+00:00,104.2,104.46,104.2,104.37,49747.0,104.325,349,True
2025-12-15 18:00:00+00:00,104.37,104.47,104.25,104.4,95604.0,104.345,586,True
2025-12-15 19:00:00+00:00,104.41,104.75,104.27,104.74,128002.0,104.493,862,True
2025-12-15 20:00:00+00:00,104.76,105.36,104.75,105.27,443305.0,105.184,2935,True
2025-12-15 21:00:00+00:00,105.26,105.26,105.26,105.26,591544.0,105.26,19,False
2025-12-15 22:00:00+00:00,105.26,105.26,105.26,105.26,0.0,105.26,0,False
2025-12-15 23:00:00+00:00,105.26,105.26,105.26,105.26,0.0,105.26,0,False
2025-12-16 00:00:00+00:00,105.26,105.26,105.26,105.26,0.0,105.26,0,False
2025-12-16 14:00:00+00:00,105.66,105.83,104.87,104.91,61680.0,105.266,229,False
2025-12-16 15:00:00+00:00,104.91,105.05,104.72,104.72,61694.0,104.881,389,True
2025-12-16 16:00:00+00:00,104.72,104.94,104.44,104.49,96356.0,104.692,623,True
2025-12-16 17:00:00+00:00,104.48,104.58,104.23,104.34,50417.0,104.425,341,True
2025-12-16 18:00:00+00:00,104.34,104.57,104.23,104.52,59216.0,104.396,399,True
2025-12-16 19:00:00+00:00,104.53,104.58,104.35,104.5,73171.0,104.475,449,True
2025-12-16 20:00:00+00:00,104.51,104.77,104.38,104.47,374378.0,104.509,2183,True
2025-12-16 21:00:00+00:00,104.48,104.48,104.48,104.48,727628.0,104.48,21,False
2025-12-16 22:00:00+00:00,104.48,104.48,104.48,104.48,0.0,104.48,0,False
2025-12-16 23:00:00+00:00,104.48,104.48,104.48,104.48,0.0,104.48,0,False
2025-12-17 00:00:00+00:00,104.48,104.48,104.48,104.48,0.0,104.48,0,False
2025-12-17 14:00:00+00:00,104.4,104.87,103.95,104.62,80874.0,104.503,275,False
2025-12-17 15:00:00+00:00,104.64,104.83,104.37,104.57,137789.0,104.569,1004,True
2025-12-17 16:00:00+00:00,104.54,104.76,104.3,104.52,93413.0,104.515,636,True
2025-12-17 17:00:00+00:00,104.48,104.68,104.35,104.41,64274.0,104.502,408,True
2025-12-17 18:00:00+00:00,104.44,104.65,104.35,104.59,33086.0,104.489,254,True
2025-12-17 19:00:00+00:00,104.59,104.98,104.58,104.84,67672.0,104.755,489,True
2025-12-17 20:00:00+00:00,104.81,104.97,104.59,104.76,248330.0,104.794,1987,True
2025-12-17 21:00:00+00:00,104.76,104.76,104.76,104.76,507188.0,104.76,26,False
2025-12-17 22:00:00+00:00,104.76,104.76,104.76,104.76,0.0,104.76,0,False
2025-12-17 23:00:00+00:00,104.76,104.76,104.76,104.76,0.0,104.76,0,False
2025-12-18 00:00:00+00:00,105.59,105.59,105.58,105.59,100.0,105.586,1,False
2025-12-18 14:00:00+00:00,104.84,105.19,104.62,105.0,43175.0,104.935,216,False
2025-12-18 15:00:00+00:00,105.0,105.71,104.78,105.43,149386.0,105.283,962,True
2025-12-18 16:00:00+00:00,105.44,105.75,105.44,105.68,98141.0,105.599,772,True
2025-12-18 17:00:00+00:00,105.65,105.66,105.29,105.45,116380.0,105.449,875,True
2025-12-18 18:00:00+00:00,105.44,105.63,105.31,105.42,96533.0,105.454,748,True
2025-12-18 19:00:00+00:00,105.4,105.4,105.17,105.19,82126.0,105.265,631,True
2025-12-18 20:00:00+00:00,105.2,105.59,105.17,105.26,328116.0,105.384,2527,True
2025-12-18 21:00:00+00:00,105.25,105.61,105.25,105.61,438667.0,105.25,16,False
2025-12-18 22:00:00+00:00,105.61,105.61,105.61,105.61,0.0,105.61,0,False
2025-12-18 23:00:00+00:00,105.61,105.61,105.61,105.61,0.0,105.61,0,False
2025-12-19 00:00:00+00:00,105.61,105.61,105.61,105.61,0.0,105.61,0,False
2025-12-19 14:00:00+00:00,105.2,105.42,104.65,105.0,670285.0,105.242,271,False
2025-12-19 15:00:00+00:00,105.09,105.46,104.93,105.31,119133.0,105.211,642,True
2025-12-19 16:00:00+00:00,105.31,105.82,105.3,105.56,97933.0,105.551,559,True
2025-12-19 17:00:00+00:00,105.58,105.76,105.51,105.53,87280.0,105.641,526,True
2025-12-19 18:00:00+00:00,105.5,105.56,105.18,105.23,114336.0,105.423,538,True
2025-12-19 19:00:00+00:00,105.23,105.26,104.63,104.9,117101.0,104.919,695,True
2025-12-19 20:00:00+00:00,104.9,104.95,103.91,103.97,369528.0,104.295,2728,True
2025-12-19 21:00:00+00:00,103.94,103.95,103.93,103.94,1898843.0,103.94,25,False
2025-12-19 22:00:00+00:00,103.94,103.94,103.94,103.94,0.0,103.94,0,False
2025-12-19 23:00:00+00:00,103.94,103.94,103.94,103.94,0.0,103.94,0,False
2025-12-20 00:00:00+00:00,103.94,103.94,103.94,103.94,0.0,103.94,0,False
2025-12-22 14:00:00+00:00,103.28,103.94,103.0,103.69,103171.0,103.427,376,False
2025-12-22 15:00:00+00:00,103.68,104.25,103.59,104.13,86618.0,103.89,493,True
2025-12-22 16:00:00+00:00,104.14,104.66,104.14,104.59,104758.0,104.442,616,True
2025-12-22 17:00:00+00:00,104.59,104.65,104.37,104.56,69797.0,104.559,437,True
2025-12-22 18:00:00+00:00,104.56,104.66,104.43,104.48,51191.0,104.546,335,True
2025-12-22 19:00:00+00:00,104.5,104.82,104.41,104.67,57602.0,104.621,342,True
2025-12-22 20:00:00+00:00,104.74,104.99,104.72,104.85,188978.0,104.831,1365,True
2025-12-22 21:00:00+00:00,104.87,104.87,104.87,104.87,658333.0,104.87,9,False
2025-12-22 22:00:00+00:00,105.0,105.0,105.0,105.0,100.0,105.0,1,False
2025-12-22 23:00:00+00:00,105.0,105.0,105.0,105.0,0.0,105.0,0,False
2025-12-23 00:00:00+00:00,105.0,105.0,105.0,105.0,0.0,105.0,0,False
2025-12-23 14:00:00+00:00,105.01,105.39,104.54,105.37,50201.0,104.958,183,False
2025-12-23 15:00:00+00:00,105.31,105.58,105.18,105.22,87692.0,105.358,673,True
2025-12-23 16:00:00+00:00,105.26,105.27,105.03,105.03,83628.0,105.158,497,True
2025-12-23 17:00:00+00:00,105.01,105.55,104.99,105.5,63878.0,105.293,474,True
2025-12-23 18:00:00+00:00,105.49,105.61,105.4,105.43,70478.0,105.508,542,True
2025-12-23 19:00:00+00:00,105.42,105.59,105.36,105.42,69501.0,105.497,510,True
2025-12-23 20:00:00+00:00,105.39,105.44,104.81,105.01,250565.0,105.09,1929,True
2025-12-23 21:00:00+00:00,105.02,105.02,105.02,105.02,335718.0,105.02,8,False
2025-12-23 22:00:00+00:00,105.02,105.02,105.02,105.02,0.0,105.02,0,False
2025-12-23 23:00:00+00:00,105.0,105.0,105.0,105.0,206.0,105.0,1,False
2025-12-24 00:00:00+00:00,105.0,105.0,105.0,105.0,0.0,105.0,0,False
2025-12-24 14:00:00+00:00,105.19,105.37,104.94,105.1,29161.0,105.168,126,False
2025-12-24 15:00:00+00:00,105.04,105.55,104.92,105.51,56932.0,105.356,398,True
2025-12-24 16:00:00+00:00,105.51,105.54,105.07,105.19,54507.0,105.28,336,True
2025-12-24 17:00:00+00:00,105.22,105.59,105.22,105.52,111975.0,105.468,781,True
2025-12-24 18:00:00+00:00,105.55,105.55,105.55,105.55,138637.0,105.55,5,True
2025-12-24 19:00:00+00:00,105.55,105.55,105.55,105.55,0.0,105.55,0,True
2025-12-24 20:00:00+00:00,105.55,105.55,105.55,105.55,0.0,105.55,0,True
2025-12-24 21:00:00+00:00,105.55,105.55,105.55,105.55,0.0,105.55,0,False
2025-12-26 14:00:00+00:00,105.42,105.54,104.95,105.49,46412.0,105.405,291,False
2025-12-26 15:00:00+00:00,105.48,105.68,105.35,105.59,85784.0,105.52,636,True
2025-12-26 16:00:00+00:00,105.6,105.61,105.33,105.45,30690.0,105.432,222,True
2025-12-26 17:00:00+00:00,105.43,105.47,105.25,105.25,37305.0,105.353,248,True
2025-12-26 18:00:00+00:00,105.27,105.32,105.18,105.2,33995.0,105.251,234,True
2025-12-26 19:00:00+00:00,105.18,105.44,105.18,105.32,31489.0,105.316,242,True
2025-12-26 20:00:00+00:00,105.32,105.58,105.28,105.49,120609.0,105.448,920,True
2025-12-26 21:00:00+00:00,105.5,105.5,105.5,105.5,159139.0,105.5,6,False
2025-12-26 22:00:00+00:00,105.5,105.5,105.5,105.5,0.0,105.5,0,False
2025-12-26 23:00:00+00:00,105.5,105.5,105.5,105.5,0.0,105.5,0,False
2025-12-27 00:00:00+00:00,105.5,105.5,105.5,105.5,0.0,105.5,0,False
2025-12-29 14:00:00+00:00,105.79,106.15,105.69,106.14,34233.0,105.871,161,False
2025-12-29 15:00:00+00:00,106.2,106.39,106.14,106.25,82534.0,106.258,587,True
2025-12-29 16:00:00+00:00,106.22,106.27,106.04,106.07,74328.0,106.174,524,True
2025-12-29 17:00:00+00:00,106.07,106.1,105.88,106.06,66815.0,105.976,437,True
2025-12-29 18:00:00+00:00,106.04,106.21,106.03,106.07,46480.0,106.134,305,True
2025-12-29 19:00:00+00:00,106.04,106.26,106.0,106.14,46001.0,106.131,380,True
2025-12-29 20:00:00+00:00,106.12,106.12,105.62,105.73,183821.0,105.727,1532,True
2025-12-29 21:00:00+00:00,105.72,105.73,105.72,105.73,307471.0,105.73,7,False
2025-12-29 22:00:00+00:00,105.73,105.73,105.73,105.73,0.0,105.73,0,False
2025-12-29 23:00:00+00:00,105.73,105.73,105.73,105.73,0.0,105.73,0,False
2025-12-30 00:00:00+00:00,105.73,105.73,105.73,105.73,0.0,105.73,0,False
2025-12-30 14:00:00+00:00,105.92,105.98,105.66,105.67,38371.0,105.772,133,False
2025-12-30 15:00:00+00:00,105.67,105.79,105.59,105.69,38473.0,105.687,261,True
2025-12-30 16:00:00+00:00,105.69,105.92,105.66,105.87,52879.0,105.796,416,True
2025-12-30 17:00:00+00:00,105.87,106.03,105.81,105.95,56575.0,105.93,386,True
2025-12-30 18:00:00+00:00,105.94,106.11,105.84,106.09,48290.0,105.978,355,True
2025-12-30 19:00:00+00:00,106.07,106.26,106.04,106.17,61776.0,106.158,473,True
2025-12-30 20:00:00+00:00,106.21,106.37,106.07,106.11,201810.0,106.184,1499,True
2025-12-30 21:00:00+00:00,106.09,106.09,106.09,106.09,273328.0,106.09,2,False
2025-12-30 22:00:00+00:00,106.09,106.09,106.09,106.09,0.0,106.09,0,False
2025-12-30 23:00:00+00:00,106.09,106.09,106.09,106.09,0.0,106.09,0,False
2025-12-31 00:00:00+00:00,106.09,106.09,106.09,106.09,0.0,106.09,0,False
2025-12-31 14:00:00+00:00,105.96,106.08,105.59,105.93,30503.0,105.91,94,False
2025-12-31 15:00:00+00:00,105.87,105.87,105.57,105.66,54986.0,105.71,396,True
2025-12-31 16:00:00+00:00,105.66,105.76,105.57,105.7,44696.0,105.663,285,True
2025-12-31 17:00:00+00:00,105.7,105.79,105.59,105.59,45599.0,105.699,333,True
2025-12-31 18:00:00+00:00,105.62,105.76,105.58,105.71,33783.0,105.655,237,True
2025-12-31 19:00:00+00:00,105.69,105.73,105.52,105.61,25797.0,105.617,209,True
2025-12-31 20:00:00+00:00,105.61,105.71,105.4,105.46,127819.0,105.54,1052,True
2025-12-31 21:00:00+00:00,105.46,105.46,105.46,105.46,380101.0,105.46,14,False
2025-12-31 22:00:00+00:00,105.46,105.46,105.46,105.46,0.0,105.46,0,False
2025-12-31 23:00:00+00:00,105.46,105.46,105.46,105.46,0.0,105.46,0,False
2026-01-01 00:00:00+00:00,105.46,105.46,105.46,105.46,0.0,105.46,0,False
2026-01-02 14:00:00+00:00,105.67,105.67,104.86,105.33,56447.0,105.374,191,False
2026-01-02 15:00:00+00:00,105.32,106.4,105.28,106.4,84207.0,105.835,508,True
2026-01-02 16:00:00+00:00,106.41,106.74,106.25,106.72,78723.0,106.498,573,True
2026-01-02 17:00:00+00:00,106.72,107.01,106.66,106.96,74138.0,106.836,533,True
2026-01-02 18:00:00+00:00,106.96,107.15,106.66,107.13,131296.0,106.907,849,True
2026-01-02 19:00:00+00:00,107.13,107.31,106.93,107.21,136466.0,107.145,946,True
2026-01-02 20:00:00+00:00,107.19,107.29,106.17,106.48,286084.0,106.522,2061,True
2026-01-02 21:00:00+00:00,106.48,106.48,106.47,106.47,436321.0,106.47,10,False
2026-01-02 22:00:00+00:00,106.47,106.47,106.47,106.47,0.0,106.47,0,False
2026-01-02 23:00:00+00:00,106.47,106.47,106.47,106.47,0.0,106.47,0,False
2026-01-03 00:00:00+00:00,106.47,106.47,106.47,106.47,0.0,106.47,0,False
2026-01-05 14:00:00+00:00,105.94,106.09,104.7,104.86,102664.0,105.441,439,False
2026-01-05 15:00:00+00:00,104.86,104.98,104.0,104.46,277047.0,104.318,1343,True
2026-01-05 16:00:00+00:00,104.49,104.76,104.32,104.51,174815.0,104.547,1070,True
2026-01-05 17:00:00+00:00,104.57,104.67,104.14,104.23,91376.0,104.379,564,True
2026-01-05 18:00:00+00:00,104.27,104.59,104.14,104.38,68939.0,104.364,396,True
2026-01-05 19:00:00+00:00,104.36,105.04,104.32,104.9,81041.0,104.72,516,True
2026-01-05 20:00:00+00:00,104.89,105.46,104.76,105.42,249751.0,105.282,1887,True
2026-01-05 21:00:00+00:00,105.41,105.41,105.41,105.41,463784.0,105.41,6,False
2026-01-05 22:00:00+00:00,105.41,105.41,105.41,105.41,0.0,105.41,0,False
2026-01-05 23:00:00+00:00,105.41,105.41,105.41,105.41,0.0,105.41,0,False
2026-01-06 00:00:00+00:00,105.41,105.41,105.41,105.41,0.0,105.41,0,False
2026-01-06 14:00:00+00:00,105.57,106.18,105.54,105.69,61782.0,105.705,162,False
2026-01-06 15:00:00+00:00,105.69,105.87,105.21,105.45,73637.0,105.483,522,True
2026-01-06 16:00:00+00:00,105.43,105.5,105.08,105.25,56698.0,105.223,371,True
2026-01-06 17:00:00+00:00,105.26,105.74,105.07,105.73,78646.0,105.359,566,True
2026-01-06 18:00:00+00:00,105.74,105.8,105.53,105.79,61123.0,105.702,483,True
2026-01-06 19:00:00+00:00,105.82,106.0,105.73,105.87,77971.0,105.862,504,True
2026-01-06 20:00:00+00:00,105.84,106.2,105.84,105.98,275978.0,106.063,1951,True
2026-01-06 21:00:00+00:00,105.95,105.95,105.95,105.95,534238.0,105.95,6,False
2026-01-06 22:00:00+00:00,105.95,105.95,105.95,105.95,0.0,105.95,0,False
2026-01-06 23:00:00+00:00,105.95,105.95,105.95,105.95,0.0,105.95,0,False
2026-01-07 00:00:00+00:00,105.95,105.95,105.95,105.95,0.0,105.95,0,False
2026-01-07 14:00:00+00:00,106.03,106.64,105.86,106.05,49031.0,106.302,220,False
2026-01-07 15:00:00+00:00,106.04,106.04,105.08,105.35,70218.0,105.477,463,True
2026-01-07 16:00:00+00:00,105.34,105.35,105.04,105.1,48337.0,105.156,276,True
2026-01-07 17:00:00+00:00,105.12,105.26,105.0,105.11,45523.0,105.143,267,True
2026-01-07 18:00:00+00:00,105.04,105.16,104.84,104.89,47884.0,105.008,302,True
2026-01-07 19:00:00+00:00,104.87,104.92,104.64,104.91,87832.0,104.772,564,True
2026-01-07 20:00:00+00:00,104.89,105.27,104.82,105.05,286565.0,105.043,1888,True
2026-01-07 21:00:00+00:00,105.04,105.04,105.04,105.04,385714.0,105.04,11,False
2026-01-07 22:00:00+00:00,105.04,105.04,105.04,105.04,0.0,105.04,0,False
2026-01-07 23:00:00+00:00,105.04,105.04,105.04,105.04,0.0,105.04,0,False
2026-01-08 00:00:00+00:00,105.04,105.04,105.04,105.04,0.0,105.04,0,False
2026-01-08 14:00:00+00:00,105.19,106.65,104.95,106.48,40363.0,105.813,217,False
2026-01-08 15:00:00+00:00,106.59,106.83,106.13,106.39,106446.0,106.5,650,True
2026-01-08 16:00:00+00:00,106.34,106.44,106.01,106.02,67214.0,106.196,402,True
2026-01-08 17:00:00+00:00,105.95,106.34,105.86,106.18,54576.0,106.061,392,True
2026-01-08 18:00:00+00:00,106.18,106.28,105.92,105.96,66622.0,106.094,511,True
2026-01-08 19:00:00+00:00,105.95,106.05,105.6,105.68,166924.0,105.793,350,True
2026-01-08 20:00:00+00:00,105.66,105.71,105.13,105.22,233954.0,105.308,1727,True
2026-01-08 21:00:00+00:00,105.23,105.23,105.23,105.23,377664.0,105.23,11,False
2026-01-08 22:00:00+00:00,105.23,105.23,105.23,105.23,0.0,105.23,0,False
2026-01-08 23:00:00+00:00,105.23,105.23,105.23,105.23,0.0,105.23,0,False
2026-01-09 00:00:00+00:00,105.23,105.23,105.23,105.23,0.0,105.23,0,False
2026-01-09 14:00:00+00:00,105.23,106.3,104.96,106.3,95153.0,105.348,124,False
2026-01-09 15:00:00+00:00,106.48,106.51,105.01,105.22,117574.0,105.69,701,True
2026-01-09 16:00:00+00:00,105.22,105.25,104.79,104.99,132326.0,104.946,611,True
2026-01-09 17:00:00+00:00,105.05,105.35,105.01,105.14,65884.0,105.169,467,True
2026-01-09 18:00:00+00:00,105.12,105.2,104.94,104.98,44961.0,105.118,341,True
2026-01-09 19:00:00+00:00,104.96,104.96,104.72,104.8,69936.0,104.837,519,True
2026-01-09 20:00:00+00:00,104.8,105.02,104.55,104.66,241014.0,104.794,1589,True
2026-01-09 21:00:00+00:00,104.65,104.65,104.65,104.65,294952.0,104.65,10,False
2026-01-09 22:00:00+00:00,104.65,104.65,104.65,104.65,0.0,104.65,0,False
2026-01-09 23:00:00+00:00,104.65,104.65,104.65,104.65,0.0,104.65,0,False
2026-01-10 00:00:00+00:00,104.65,104.65,104.65,104.65,0.0,104.65,0,False
2026-01-12 14:00:00+00:00,104.56,105.4,104.5,105.24,43824.0,104.864,169,False
2026-01-12 15:00:00+00:00,105.16,105.55,105.15,105.4,59089.0,105.334,287,True
2026-01-12 16:00:00+00:00,105.42,105.45,104.63,104.67,48221.0,105.122,343,True
2026-01-12 17:00:00+00:00,104.63,104.72,104.41,104.56,58908.0,104.586,399,True
2026-01-12 18:00:00+00:00,104.54,104.71,104.47,104.67,64479.0,104.595,448,True
2026-01-12 19:00:00+00:00,104.66,104.96,104.65,104.71,69810.0,104.778,405,True
2026-01-12 20:00:00+00:00,104.69,105.02,104.48,104.98,258893.0,104.819,1507,True
2026-01-12 21:00:00+00:00,105.0,105.0,105.0,105.0,366508.0,105.0,8,False
2026-01-12 22:00:00+00:00,105.0,105.0,105.0,105.0,0.0,105.0,0,False
2026-01-12 23:00:00+00:00,105.0,105.0,105.0,105.0,0.0,105.0,0,False
2026-01-13 00:00:00+00:00,105.0,105.0,105.0,105.0,0.0,105.0,0,False
2026-01-13 14:00:00+00:00,104.88,105.04,104.48,104.61,31591.0,104.753,134,False
2026-01-13 15:00:00+00:00,104.69,106.04,104.69,105.64,72733.0,105.491,460,True
2026-01-13 16:00:00+00:00,105.59,105.6,104.69,104.7,48400.0,105.093,352,True
2026-01-13 17:00:00+00:00,104.73,105.52,104.66,105.49,31302.0,105.118,246,True
2026-01-13 18:00:00+00:00,105.49,105.74,105.25,105.7,54021.0,105.418,365,True
2026-01-13 19:00:00+00:00,105.73,105.91,105.62,105.84,72778.0,105.785,430,True
2026-01-13 20:00:00+00:00,105.81,105.97,105.67,105.94,165591.0,105.833,1044,True
2026-01-13 21:00:00+00:00,105.96,105.96,105.96,105.96,376894.0,105.96,11,False
2026-01-13 22:00:00+00:00,105.96,105.96,105.96,105.96,0.0,105.96,0,False
2026-01-13 23:00:00+00:00,105.96,105.96,105.96,105.96,0.0,105.96,0,False
2026-01-14 00:00:00+00:00,105.96,105.96,105.96,105.96,0.0,105.96,0,False
2026-01-14 14:00:00+00:00,106.22,106.85,106.1,106.35,26185.0,106.323,104,False
2026-01-14 15:00:00+00:00,106.51,106.8,106.24,106.66,55607.0,106.533,327,True
2026-01-14 16:00:00+00:00,106.67,107.03,106.49,106.97,80249.0,106.682,391,True
2026-01-14 17:00:00+00:00,106.97,107.3,106.9,107.17,65640.0,107.204,239,True
2026-01-14 18:00:00+00:00,107.18,107.32,107.04,107.16,72280.0,107.2,413,True
2026-01-14 19:00:00+00:00,107.19,107.47,107.19,107.32,59503.0,107.353,426,True
2026-01-14 20:00:00+00:00,107.29,107.42,106.85,107.08,166338.0,107.11,1286,True
2026-01-14 21:00:00+00:00,107.07,107.07,107.07,107.07,363746.0,107.07,10,False
2026-01-14 22:00:00+00:00,107.07,107.07,107.07,107.07,0.0,107.07,0,False
2026-01-14 23:00:00+00:00,107.07,107.07,107.07,107.07,0.0,107.07,0,False
2026-01-15 00:00:00+00:00,107.07,107.07,107.07,107.07,0.0,107.07,0,False
2026-01-15 12:00:00+00:00,106.69,106.69,106.69,106.69,100.0,106.69,1,False
2026-01-15 13:00:00+00:00,106.69,106.69,106.69,106.69,0.0,106.69,0,False
2026-01-15 14:00:00+00:00,107.23,107.6,107.02,107.3,47828.0,107.361,175,False
2026-01-15 15:00:00+00:00,107.36,107.63,107.21,107.28,52554.0,107.442,299,True
2026-01-15 16:00:00+00:00,107.2,107.47,106.95,107.33,74285.0,107.252,429,True
2026-01-15 17:00:00+00:00,107.34,107.76,107.29,107.72,96627.0,107.57,656,True
2026-01-15 18:00:00+00:00,107.7,108.05,107.67,107.84,76009.0,107.87,493,True
2026-01-15 19:00:00+00:00,107.86,108.23,107.82,108.05,114064.0,108.004,526,True
2026-01-15 20:00:00+00:00,108.04,108.31,107.9,108.19,475775.0,108.079,2981,True
2026-01-15 21:00:00+00:00,108.19,108.19,108.16,108.16,380561.0,108.16,16,False
2026-01-15 22:00:00+00:00,107.43,107.43,107.42,107.43,107.0,107.427,1,False
2026-01-15 23:00:00+00:00,107.43,107.43,107.43,107.43,0.0,107.43,0,False
2026-01-16 00:00:00+00:00,107.43,107.43,107.42,107.43,0.0,107.43,0,False
2026-01-16 14:00:00+00:00,107.58,108.09,107.14,107.89,148993.0,107.573,267,False
2026-01-16 15:00:00+00:00,107.91,108.73,107.88,108.51,106767.0,108.385,456,True
2026-01-16 16:00:00+00:00,108.52,108.9,108.45,108.7,32334.0,108.755,249,True
2026-01-16 17:00:00+00:00,108.7,108.89,108.61,108.62,45317.0,108.766,264,True
2026-01-16 18:00:00+00:00,108.58,108.62,108.33,108.36,59039.0,108.49,358,True
2026-01-16 19:00:00+00:00,108.36,108.72,108.33,108.7,50785.0,108.569,340,True
2026-01-16 20:00:00+00:00,108.66,108.8,108.41,108.59,215282.0,108.591,1571,True
2026-01-16 21:00:00+00:00,108.59,108.59,108.59,108.59,351313.0,108.59,14,False
2026-01-16 22:00:00+00:00,108.59,108.59,108.59,108.59,0.0,108.59,0,False
2026-01-16 23:00:00+00:00,108.59,108.59,108.59,108.59,0.0,108.59,0,False
2026-01-17 00:00:00+00:00,108.59,108.59,108.59,108.59,0.0,108.59,0,False
2026-01-20 14:00:00+00:00,108.59,108.74,107.57,107.58,116194.0,108.083,401,False
2026-01-20 15:00:00+00:00,107.6,108.68,107.56,108.36,204551.0,108.225,902,True
2026-01-20 16:00:00+00:00,108.37,109.12,108.26,109.09,192922.0,108.91,1240,True
2026-01-20 17:00:00+00:00,109.08,109.15,108.69,108.85,149925.0,108.962,987,True
2026-01-20 18:00:00+00:00,108.84,109.29,108.69,108.78,211161.0,109.05,1492,True
2026-01-20 19:00:00+00:00,108.78,109.15,108.65,108.89,165612.0,108.913,890,True
2026-01-20 20:00:00+00:00,108.9,109.35,108.86,109.08,343563.0,109.09,2554,True
2026-01-20 21:00:00+00:00,109.06,109.08,109.06,109.06,487299.0,109.06,15,False
2026-01-20 22:00:00+00:00,109.06,109.06,109.06,109.06,534.0,109.06,1,False
2026-01-20 23:00:00+00:00,109.06,109.06,109.06,109.06,0.0,109.06,0,False
2026-01-21 00:00:00+00:00,109.06,109.06,109.06,109.06,0.0,109.06,0,False
2026-01-21 14:00:00+00:00,109.9,110.29,108.91,109.43,105782.0,109.699,437,False
2026-01-21 15:00:00+00:00,109.41,109.52,108.42,108.45,76245.0,108.996,546,True
2026-01-21 16:00:00+00:00,108.4,109.38,108.4,109.19,62737.0,108.995,395,True
2026-01-21 17:00:00+00:00,109.18,109.28,108.97,109.22,40486.0,109.146,310,True
2026-01-21 18:00:00+00:00,109.23,109.62,108.99,108.99,77289.0,109.382,563,True
2026-01-21 19:00:00+00:00,109.02,109.87,108.97,109.5,141066.0,109.398,805,True
2026-01-21 20:00:00+00:00,109.53,109.71,109.22,109.52,194040.0,109.483,1335,True
2026-01-21 21:00:00+00:00,109.52,109.52,109.52,109.52,455219.0,109.52,10,False
2026-01-21 22:00:00+00:00,109.52,109.52,109.52,109.52,189.0,109.52,1,False
2026-01-21 23:00:00+00:00,109.52,109.52,109.52,109.52,0.0,109.52,0,False
2026-01-22 00:00:00+00:00,109.52,109.52,109.52,109.52,0.0,109.52,0,False
2026-01-22 14:00:00+00:00,109.6,109.91,108.58,108.89,43896.0,109.203,210,False
2026-01-22 15:00:00+00:00,108.89,108.89,108.09,108.68,92131.0,108.563,674,True
2026-01-22 16:00:00+00:00,108.68,109.43,108.61,109.27,148768.0,108.985,990,True
2026-01-22 17:00:00+00:00,109.24,109.76,109.04,109.76,155202.0,109.43,1049,True
2026-01-22 18:00:00+00:00,109.76,109.93,109.57,109.92,156037.0,109.78,1192,True
2026-01-22 19:00:00+00:00,109.91,110.09,109.78,109.89,162881.0,109.95,1249,True
2026-01-22 20:00:00+00:00,109.89,110.11,109.3,109.34,344241.0,109.606,2511,True
2026-01-22 21:00:00+00:00,109.35,109.35,109.35,109.35,363211.0,109.35,13,False
2026-01-22 22:00:00+00:00,109.35,109.35,109.35,109.35,146.0,109.35,1,False
2026-01-22 23:00:00+00:00,109.35,109.35,109.35,109.35,0.0,109.35,0,False
2026-01-23 00:00:00+00:00,109.35,109.35,109.35,109.35,0.0,109.35,0,False
2026-01-23 14:00:00+00:00,109.11,109.11,107.87,108.12,44373.0,108.611,224,False
2026-01-23 15:00:00+00:00,108.12,108.77,107.94,108.41,179602.0,108.364,1164,True
2026-01-23 16:00:00+00:00,108.42,108.87,108.34,108.44,234459.0,108.561,1710,True
2026-01-23 17:00:00+00:00,108.46,108.72,108.3,108.52,161432.0,108.528,1338,True
2026-01-23 18:00:00+00:00,108.52,108.71,108.35,108.65,156651.0,108.554,1219,True
2026-01-23 19:00:00+00:00,108.65,108.93,108.53,108.7,259373.0,108.728,1420,True
2026-01-23 20:00:00+00:00,108.68,109.23,108.54,109.09,448915.0,108.991,3035,True
2026-01-23 21:00:00+00:00,109.1,109.1,109.1,109.1,403029.0,109.1,17,False
2026-01-23 22:00:00+00:00,109.1,109.1,109.1,109.1,0.0,109.1,0,False
2026-01-23 23:00:00+00:00,109.1,109.1,109.1,109.1,0.0,109.1,0,False
2026-01-24 00:00:00+00:00,109.1,109.1,109.1,109.1,0.0,109.1,0,False
2026-01-26 14:00:00+00:00,109.5,110.66,109.5,110.17,87087.0,110.265,368,False
2026-01-26 15:00:00+00:00,110.1,110.34,109.68,109.96,222769.0,109.966,1488,True
2026-01-26 16:00:00+00:00,109.97,110.09,109.45,109.54,240401.0,109.705,1468,True
2026-01-26 17:00:00+00:00,109.54,109.7,109.45,109.51,224600.0,109.549,1347,True
2026-01-26 18:00:00+00:00,109.5,109.61,109.32,109.6,127059.0,109.483,692,True
2026-01-26 19:00:00+00:00,109.53,110.1,109.47,110.1,117559.0,109.887,868,True
2026-01-26 20:00:00+00:00,110.1,110.1,109.6,109.7,329331.0,109.847,2600,True
2026-01-26 21:00:00+00:00,109.7,109.7,109.7,109.7,431487.0,109.7,9,False
2026-01-26 22:00:00+00:00,109.7,109.7,109.7,109.7,0.0,109.7,0,False
2026-01-26 23:00:00+00:00,109.7,109.7,109.7,109.7,0.0,109.7,0,False
2026-01-27 00:00:00+00:00,109.7,109.7,109.7,109.7,0.0,109.7,0,False
2026-01-27 14:00:00+00:00,109.63,110.42,109.31,110.15,52769.0,110.01,269,False
2026-01-27 15:00:00+00:00,110.12,110.34,109.63,109.99,86604.0,109.916,572,True
2026-01-27 16:00:00+00:00,109.99,110.24,109.79,110.05,74253.0,109.96,564,True
2026-01-27 17:00:00+00:00,110.05,110.57,110.02,110.54,133321.0,110.262,964,True
2026-01-27 18:00:00+00:00,110.53,110.65,110.11,110.62,149782.0,110.478,1106,True
2026-01-27 19:00:00+00:00,110.62,110.78,110.28,110.29,273719.0,110.564,1433,True
2026-01-27 20:00:00+00:00,110.29,110.52,110.15,110.35,425026.0,110.377,3067,True
2026-01-27 21:00:00+00:00,110.35,110.35,110.35,110.35,324727.0,110.35,10,False
2026-01-27 22:00:00+00:00,110.35,110.35,110.35,110.35,109.0,110.35,1,False
2026-01-27 23:00:00+00:00,110.35,110.35,110.35,110.35,0.0,110.35,0,False
2026-01-28 00:00:00+00:00,110.35,110.35,110.35,110.35,0.0,110.35,0,False
2026-01-28 14:00:00+00:00,109.95,110.61,109.76,109.87,87191.0,110.231,435,False
2026-01-28 15:00:00+00:00,109.91,110.84,109.75,110.84,61199.0,110.339,432,True
2026-01-28 16:00:00+00:00,110.87,110.87,110.53,110.56,62410.0,110.68,453,True
2026-01-28 17:00:00+00:00,110.56,110.68,110.45,110.49,97127.0,110.6,522,True
2026-01-28 18:00:00+00:00,110.51,110.59,110.02,110.29,52347.0,110.385,417,True
2026-01-28 19:00:00+00:00,110.3,110.51,109.74,110.04,164745.0,110.072,1125,True
2026-01-28 20:00:00+00:00,110.05,110.24,109.88,110.04,307911.0,110.078,2085,True
2026-01-28 21:00:00+00:00,110.05,110.05,110.04,110.04,240574.0,110.04,9,False
2026-01-28 22:00:00+00:00,110.04,110.04,110.04,110.04,0.0,110.04,0,False
2026-01-28 23:00:00+00:00,110.04,110.04,110.04,110.04,0.0,110.04,0,False
2026-01-29 00:00:00+00:00,110.04,110.04,110.04,110.04,0.0,110.04,0,False
2026-01-29 14:00:00+00:00,110.35,111.29,109.95,111.24,164482.0,110.73,914,False
2026-01-29 15:00:00+00:00,111.25,111.45,111.0,111.04,349420.0,111.198,1609,True
2026-01-29 16:00:00+00:00,111.06,111.23,110.14,110.32,393009.0,110.8,2744,True
2026-01-29 17:00:00+00:00,110.32,110.58,109.66,109.71,109742.0,110.123,825,True
2026-01-29 18:00:00+00:00,109.72,110.23,109.51,109.81,216751.0,109.858,1566,True
2026-01-29 19:00:00+00:00,109.79,110.74,109.68,110.34,149468.0,110.413,1192,True
2026-01-29 20:00:00+00:00,110.35,110.55,109.92,110.38,295002.0,110.228,2351,True
2026-01-29 21:00:00+00:00,110.41,110.41,110.41,110.41,330768.0,110.41,13,False
2026-01-29 22:00:00+00:00,110.41,110.41,110.41,110.41,0.0,110.41,0,False
2026-01-29 23:00:00+00:00,110.41,110.41,110.41,110.41,0.0,110.41,0,False
2026-01-30 00:00:00+00:00,110.41,110.41,110.41,110.41,0.0,110.41,0,False
2026-01-30 14:00:00+00:00,110.17,110.65,109.47,109.74,89083.0,110.086,451,False
2026-01-30 15:00:00+00:00,109.79,109.98,109.51,109.58,108564.0,109.675,749,True
2026-01-30 16:00:00+00:00,109.55,109.76,109.35,109.67,111319.0,109.545,872,True
2026-01-30 17:00:00+00:00,109.67,109.83,109.06,109.25,140421.0,109.429,762,True
2026-01-30 18:00:00+00:00,109.25,109.91,109.24,109.89,235864.0,109.581,734,True
2026-01-30 19:00:00+00:00,109.9,110.36,109.9,110.12,82367.0,110.193,640,True
2026-01-30 20:00:00+00:00,110.12,110.92,110.11,110.68,322268.0,110.651,2373,True
2026-01-30 21:00:00+00:00,110.67,110.67,110.67,110.67,924872.0,110.67,8,False
2026-01-30 22:00:00+00:00,110.67,110.67,110.67,110.67,0.0,110.67,0,False
2026-01-30 23:00:00+00:00,110.67,110.67,110.67,110.67,0.0,110.67,0,False
2026-01-31 00:00:00+00:00,110.67,110.67,110.67,110.67,0.0,110.67,0,False
2026-02-02 14:00:00+00:00,111.0,111.38,110.23,110.33,89059.0,110.768,469,False
2026-02-02 15:00:00+00:00,110.43,110.63,109.4,109.78,216844.0,110.113,1109,True
2026-02-02 16:00:00+00:00,109.7,110.16,109.55,110.16,117477.0,109.797,663,True
2026-02-02 17:00:00+00:00,110.16,110.3,109.94,109.94,110759.0,110.138,792,True
2026-02-02 18:00:00+00:00,109.96,109.99,109.12,109.12,115678.0,109.68,753,True
2026-02-02 19:00:00+00:00,109.11,109.71,109.1,109.56,134155.0,109.432,1048,True
2026-02-02 20:00:00+00:00,109.51,110.2,109.51,109.84,286546.0,109.912,2065,True
2026-02-02 21:00:00+00:00,109.85,109.85,109.84,109.84,404475.0,109.84,9,False
2026-02-02 22:00:00+00:00,109.84,109.84,109.84,109.84,0.0,109.84,0,False
2026-02-02 23:00:00+00:00,109.84,109.84,109.84,109.84,0.0,109.84,0,False
2026-02-03 00:00:00+00:00,109.84,109.84,109.84,109.84,0.0,109.84,0,False
2026-02-03 14:00:00+00:00,109.9,111.79,109.6,111.77,50998.0,111.032,250,False
2026-02-03 15:00:00+00:00,111.69,111.9,111.23,111.55,116865.0,111.5,676,True
2026-02-03 16:00:00+00:00,111.57,112.16,111.51,112.04,245955.0,111.902,1758,True
2026-02-03 17:00:00+00:00,112.02,112.45,111.94,112.27,125733.0,112.167,847,True
2026-02-03 18:00:00+00:00,112.3,112.32,111.7,111.84,84409.0,112.01,670,True
2026-02-03 19:00:00+00:00,111.83,112.16,111.6,111.82,97750.0,111.891,737,True
2026-02-03 20:00:00+00:00,111.8,112.33,111.78,112.25,320179.0,112.18,2409,True
2026-02-03 21:00:00+00:00,112.24,112.26,110.3,110.3,460564.0,112.26,19,False
2026-02-03 22:00:00+00:00,110.3,110.3,110.3,110.3,0.0,110.3,0,False
2026-02-03 23:00:00+00:00,110.3,110.3,110.3,110.3,0.0,110.3,0,False
2026-02-04 00:00:00+00:00,110.3,110.31,110.3,110.3,0.0,110.3,0,False
2026-02-04 14:00:00+00:00,112.78,113.96,112.37,113.46,70432.0,113.094,352,False
2026-02-04 15:00:00+00:00,113.45,113.62,112.85,113.39,158831.0,113.325,1107,True
2026-02-04 16:00:00+00:00,113.4,113.69,113.11,113.65,178699.0,113.439,1161,True
2026-02-04 17:00:00+00:00,113.65,113.81,113.22,113.47,219112.0,113.485,1577,True
2026-02-04 18:00:00+00:00,113.46,113.71,113.24,113.57,282646.0,113.506,961,True
2026-02-04 19:00:00+00:00,113.58,113.74,113.05,113.05,122928.0,113.52,925,True
2026-02-04 20:00:00+00:00,113.03,113.33,112.82,113.33,397748.0,113.114,2870,True
2026-02-04 21:00:00+00:00,113.32,113.33,113.32,113.33,610125.0,113.33,16,False
2026-02-04 22:00:00+00:00,113.33,113.33,113.33,113.33,0.0,113.33,0,False
2026-02-04 23:00:00+00:00,113.33,113.33,113.33,113.33,0.0,113.33,0,False
2026-02-05 00:00:00+00:00,113.33,113.33,113.33,113.33,0.0,113.33,0,False
2026-02-05 13:00:00+00:00,113.0,114.0,113.0,114.0,994.0,113.682,2,False
2026-02-05 14:00:00+00:00,116.52,116.52,113.34,114.05,162842.0,114.61,682,False
2026-02-05 15:00:00+00:00,114.04,114.26,113.25,113.48,235620.0,113.808,1275,True
2026-02-05 16:00:00+00:00,113.45,113.79,113.17,113.77,106410.0,113.468,793,True
2026-02-05 17:00:00+00:00,113.79,114.0,113.62,113.8,123307.0,113.801,1004,True
2026-02-05 18:00:00+00:00,113.8,114.17,113.64,113.73,124314.0,113.897,1073,True
2026-02-05 19:00:00+00:00,113.75,113.85,111.83,112.66,507968.0,112.674,2905,True
2026-02-05 20:00:00+00:00,112.5,113.09,111.79,111.93,658646.0,112.422,4577,True
2026-02-05 21:00:00+00:00,111.94,111.94,111.94,111.94,1096336.0,111.94,20,False
2026-02-05 22:00:00+00:00,111.94,111.94,111.94,111.94,0.0,111.94,0,False
2026-02-05 23:00:00+00:00,113.37,113.37,113.37,113.37,362.0,113.37,1,False
2026-02-06 00:00:00+00:00,113.37,113.37,113.37,113.37,0.0,113.37,0,False
2026-02-06 12:00:00+00:00,112.0,112.0,112.0,112.0,150.0,112.0,1,False
2026-02-06 13:00:00+00:00,112.0,112.0,112.0,112.0,0.0,112.0,0,False
2026-02-06 14:00:00+00:00,113.07,113.73,112.28,113.7,72985.0,112.969,321,False
2026-02-06 15:00:00+00:00,113.7,113.86,111.42,111.63,196228.0,112.259,1204,True
2026-02-06 16:00:00+00:00,111.62,111.95,111.07,111.85,144801.0,111.425,1035,True
2026-02-06 17:00:00+00:00,111.84,111.87,110.93,111.08,105844.0,111.325,808,True
2026-02-06 18:00:00+00:00,111.06,111.51,110.96,111.16,126553.0,111.294,961,True
2026-02-06 19:00:00+00:00,111.15,111.36,110.74,111.34,129519.0,110.999,931,True
2026-02-06 20:00:00+00:00,111.36,111.67,111.06,111.41,413776.0,111.431,3062,True
2026-02-06 21:00:00+00:00,111.42,111.42,111.42,111.42,491939.0,111.42,9,False
2026-02-06 22:00:00+00:00,111.44,111.44,111.44,111.44,100.0,111.44,1,False
2026-02-06 23:00:00+00:00,111.44,111.44,111.44,111.44,0.0,111.44,0,False
2026-02-07 00:00:00+00:00,111.44,111.44,111.44,111.44,0.0,111.44,0,False
2026-02-09 14:00:00+00:00,111.41,111.41,110.44,111.22,45366.0,110.899,229,False
2026-02-09 15:00:00+00:00,111.27,111.55,110.94,111.18,64136.0,111.25,421,True
2026-02-09 16:00:00+00:00,111.19,111.48,110.64,110.77,96839.0,111.065,766,True
2026-02-09 17:00:00+00:00,110.78,111.0,110.54,110.9,61712.0,110.776,446,True
2026-02-09 18:00:00+00:00,110.88,111.04,110.56,110.59,46908.0,110.86,363,True
2026-02-09 19:00:00+00:00,110.56,111.43,110.54,111.43,85675.0,111.028,683,True
2026-02-09 20:00:00+00:00,111.44,111.48,111.19,111.29,272939.0,111.344,2017,True
2026-02-09 21:00:00+00:00,111.29,111.55,111.29,111.55,289182.0,111.32,18,False
2026-02-09 22:00:00+00:00,111.55,111.55,111.55,111.55,0.0,111.55,0,False
2026-02-09 23:00:00+00:00,111.55,111.55,111.55,111.55,0.0,111.55,0,False
2026-02-10 00:00:00+00:00,111.55,111.55,111.55,111.55,0.0,111.55,0,False
2026-02-10 11:00:00+00:00,111.34,111.34,111.34,111.34,196.0,111.34,1,False
2026-02-10 12:00:00+00:00,111.34,111.34,111.34,111.34,0.0,111.34,0,False
2026-02-10 13:00:00+00:00,111.34,111.34,111.34,111.34,0.0,111.34,0,False
2026-02-10 14:00:00+00:00,111.57,112.31,111.42,112.15,42531.0,111.905,129,False
2026-02-10 15:00:00+00:00,112.15,112.41,111.7,112.41,57061.0,112.0,359,True
2026-02-10 16:00:00+00:00,112.42,113.08,112.32,112.88,87897.0,112.701,600,True
2026-02-10 17:00:00+00:00,112.88,113.24,112.88,113.24,71628.0,113.067,472,True
2026-02-10 18:00:00+00:00,113.21,114.0,113.2,113.92,42666.0,113.666,305,True
2026-02-10 19:00:00+00:00,113.89,114.11,113.7,113.72,76580.0,113.939,506,True
2026-02-10 20:00:00+00:00,113.73,113.79,112.84,112.93,265048.0,113.193,1771,True
2026-02-10 21:00:00+00:00,112.92,112.92,112.92,112.92,591615.0,112.92,9,False
2026-02-10 22:00:00+00:00,112.92,112.92,112.92,112.92,0.0,112.92,0,False
2026-02-10 23:00:00+00:00,112.92,112.92,112.92,112.92,0.0,112.92,0,False
2026-02-11 00:00:00+00:00,112.92,112.92,112.92,112.92,0.0,112.92,0,False
2026-02-11 14:00:00+00:00,112.71,112.94,112.08,112.82,65622.0,112.643,255,False
2026-02-11 15:00:00+00:00,112.8,113.37,112.69,113.07,133946.0,113.017,743,True
2026-02-11 16:00:00+00:00,113.12,113.81,113.12,113.59,86204.0,113.571,693,True
2026-02-11 17:00:00+00:00,113.61,113.74,113.46,113.58,103562.0,113.56,798,True
2026-02-11 18:00:00+00:00,113.58,113.88,113.46,113.73,192763.0,113.686,1251,True
2026-02-11 19:00:00+00:00,113.74,113.88,113.21,113.21,222680.0,113.658,1475,True
2026-02-11 20:00:00+00:00,113.21,113.5,113.09,113.1,431926.0,113.252,3031,True
2026-02-11 21:00:00+00:00,113.13,113.13,113.02,113.02,491217.0,113.13,8,False
2026-02-11 22:00:00+00:00,113.02,113.02,113.02,113.02,0.0,113.02,0,False
2026-02-11 23:00:00+00:00,113.02,113.02,113.02,113.02,0.0,113.02,0,False
2026-02-12 00:00:00+00:00,113.02,113.02,113.02,113.02,0.0,113.02,0,False
2026-02-12 14:00:00+00:00,113.18,114.19,113.02,114.15,136765.0,113.725,739,False
2026-02-12 15:00:00+00:00,114.09,115.32,113.75,115.21,217682.0,114.396,1363,True
2026-02-12 16:00:00+00:00,115.27,115.61,114.97,115.05,242492.0,115.239,1671,True
2026-02-12 17:00:00+00:00,115.05,115.55,114.9,114.91,277705.0,115.268,1327,True
2026-02-12 18:00:00+00:00,114.92,115.27,114.77,114.95,228169.0,115.002,1424,True
2026-02-12 19:00:00+00:00,114.95,115.05,114.43,114.87,176704.0,114.654,1226,True
2026-02-12 20:00:00+00:00,114.85,115.13,113.98,114.01,510769.0,114.542,3719,True
2026-02-12 21:00:00+00:00,114.03,114.03,114.03,114.03,642125.0,114.03,9,False
2026-02-12 22:00:00+00:00,114.03,114.03,114.03,114.03,0.0,114.03,0,False
2026-02-12 23:00:00+00:00,114.03,114.03,114.03,114.03,0.0,114.03,0,False
2026-02-13 00:00:00+00:00,114.03,114.03,114.03,114.03,0.0,114.03,0,False
2026-02-13 14:00:00+00:00,112.82,113.95,112.26,113.77,195220.0,113.542,873,False
2026-02-13 15:00:00+00:00,113.77,115.2,113.7,115.02,350080.0,114.537,2207,True
2026-02-13 16:00:00+00:00,115.07,115.69,115.01,115.65,485032.0,115.27,3004,True
2026-02-13 17:00:00+00:00,115.63,115.81,115.13,115.32,349690.0,115.564,1542,True
2026-02-13 18:00:00+00:00,115.32,115.72,115.23,115.46,141429.0,115.514,979,True
2026-02-13 19:00:00+00:00,115.44,115.7,115.03,115.05,129968.0,115.442,839,True
2026-02-13 20:00:00+00:00,115.04,115.81,115.04,115.78,763549.0,115.474,3897,True
2026-02-13 21:00:00+00:00,115.79,115.79,115.72,115.72,595061.0,115.79,14,False
2026-02-13 22:00:00+00:00,115.72,115.72,115.72,115.72,0.0,115.72,0,False
2026-02-13 23:00:00+00:00,115.72,115.72,115.72,115.72,0.0,115.72,0,False
2026-02-14 00:00:00+00:00,115.72,115.72,115.72,115.72,0.0,115.72,0,False
2026-02-17 11:00:00+00:00,115.7,115.7,115.7,115.7,400.0,115.7,2,False
2026-02-17 12:00:00+00:00,115.7,115.7,115.7,115.7,0.0,115.7,0,False
2026-02-17 13:00:00+00:00,115.7,115.7,115.7,115.7,0.0,115.7,0,False
2026-02-17 14:00:00+00:00,116.36,117.35,115.75,116.12,165756.0,116.313,661,False
2026-02-17 15:00:00+00:00,116.09,116.72,115.91,116.09,257980.0,116.291,1408,True
2026-02-17 16:00:00+00:00,116.0,116.55,115.81,116.43,177776.0,116.232,1228,True
2026-02-17 17:00:00+00:00,116.43,116.43,115.74,115.8,80080.0,116.124,688,True
2026-02-17 18:00:00+00:00,115.81,115.98,115.67,115.88,97970.0,115.831,692,True
2026-02-17 19:00:00+00:00,115.86,115.91,115.45,115.46,85534.0,115.71,676,True
2026-02-17 20:00:00+00:00,115.47,115.79,115.29,115.51,322207.0,115.512,2359,True
2026-02-17 21:00:00+00:00,115.45,115.45,115.45,115.45,584913.0,115.45,9,False
2026-02-17 22:00:00+00:00,115.45,115.45,115.45,115.45,0.0,115.45,0,False
2026-02-17 23:00:00+00:00,115.45,115.45,115.45,115.45,0.0,115.45,0,False
2026-02-18 00:00:00+00:00,116.75,116.76,116.75,116.75,141.0,116.751,1,False
2026-02-18 14:00:00+00:00,115.59,115.59,114.13,114.35,43348.0,114.996,181,False
2026-02-18 15:00:00+00:00,114.46,114.63,113.85,113.92,140780.0,114.235,635,True
2026-02-18 16:00:00+00:00,113.9,114.12,113.69,113.85,84311.0,113.887,586,True
2026-02-18 17:00:00+00:00,113.81,114.23,113.64,114.23,160324.0,114.008,601,True
2026-02-18 18:00:00+00:00,114.21,114.21,113.73,113.85,72707.0,114.009,556,True
2026-02-18 19:00:00+00:00,113.75,114.02,113.45,113.79,174210.0,113.715,785,True
2026-02-18 20:00:00+00:00,113.79,113.84,113.34,113.72,568478.0,113.521,3259,True
2026-02-18 21:00:00+00:00,113.71,113.72,113.71,113.72,962886.0,113.72,14,False
2026-02-18 22:00:00+00:00,113.72,113.72,113.72,113.72,0.0,113.72,0,False
2026-02-18 23:00:00+00:00,113.72,113.72,113.72,113.72,0.0,113.72,0,False
2026-02-19 00:00:00+00:00,113.72,113.72,113.72,113.72,0.0,113.72,0,False
2026-02-19 14:00:00+00:00,115.99,115.99,114.02,114.59,75224.0,114.545,175,False
2026-02-19 15:00:00+00:00,114.54,114.59,114.08,114.52,33661.0,114.382,223,True
2026-02-19 16:00:00+00:00,114.48,114.65,114.34,114.43,42911.0,114.494,294,True
2026-02-19 17:00:00+00:00,114.42,114.59,114.23,114.56,45541.0,114.383,322,True
2026-02-19 18:00:00+00:00,114.55,114.82,114.39,114.46,104341.0,114.606,703,True
2026-02-19 19:00:00+00:00,114.47,114.57,113.87,113.97,82495.0,114.196,683,True
2026-02-19 20:00:00+00:00,113.96,114.34,113.87,114.22,182851.0,114.114,1471,True
2026-02-19 21:00:00+00:00,114.22,114.22,114.22,114.22,712754.0,114.22,13,False
2026-02-19 22:00:00+00:00,114.22,114.22,114.22,114.22,0.0,114.22,0,False
2026-02-19 23:00:00+00:00,114.22,114.22,114.22,114.22,0.0,114.22,0,False
2026-02-20 00:00:00+00:00,114.22,114.22,114.22,114.22,0.0,114.22,0,False
2026-02-20 14:00:00+00:00,115.04,115.12,113.83,114.5,112915.0,114.614,196,False
2026-02-20 15:00:00+00:00,114.5,114.5,113.0,113.85,64491.0,113.814,446,True
2026-02-20 16:00:00+00:00,113.84,114.28,113.75,114.22,99398.0,114.11,732,True
2026-02-20 17:00:00+00:00,114.24,114.6,114.11,114.23,73423.0,114.337,474,True
2026-02-20 18:00:00+00:00,114.23,114.51,113.79,113.96,187278.0,114.176,1066,True
2026-02-20 19:00:00+00:00,113.95,114.55,113.95,114.54,67437.0,114.357,533,True
2026-02-20 20:00:00+00:00,114.55,114.61,113.97,114.35,331462.0,114.254,2173,True
2026-02-20 21:00:00+00:00,114.34,114.34,114.34,114.34,414147.0,114.34,16,False
2026-02-20 22:00:00+00:00,114.34,114.34,114.34,114.34,0.0,114.34,0,False
2026-02-20 23:00:00+00:00,114.34,114.34,114.34,114.34,0.0,114.34,0,False
2026-02-21 00:00:00+00:00,114.34,114.34,114.34,114.34,0.0,114.34,0,False
2026-02-23 14:00:00+00:00,114.74,116.07,114.41,115.57,53892.0,115.379,249,False
2026-02-23 15:00:00+00:00,115.56,115.64,114.99,115.5,43487.0,115.381,342,True
2026-02-23 16:00:00+00:00,115.49,115.57,114.99,115.0,55232.0,115.271,419,True
2026-02-23 17:00:00+00:00,114.98,115.24,114.91,115.04,49996.0,115.081,384,True
2026-02-23 18:00:00+00:00,115.04,115.47,114.99,115.45,69610.0,115.328,533,True
2026-02-23 19:00:00+00:00,115.44,115.59,115.2,115.52,118908.0,115.384,875,True
2026-02-23 20:00:00+00:00,115.54,115.81,115.44,115.81,246477.0,115.618,1945,True
2026-02-23 21:00:00+00:00,115.8,115.8,115.5,115.77,371891.0,115.8,18,False
2026-02-23 22:00:00+00:00,115.77,115.77,115.77,115.77,0.0,115.77,0,False
2026-02-23 23:00:00+00:00,115.77,115.77,115.77,115.77,0.0,115.77,0,False
2026-02-24 00:00:00+00:00,115.77,115.77,115.77,115.77,0.0,115.77,0,False
2026-02-24 14:00:00+00:00,115.16,115.8,114.1,114.64,47631.0,114.827,212,False
2026-02-24 15:00:00+00:00,114.52,114.99,114.38,114.39,71721.0,114.597,458,True
2026-02-24 16:00:00+00:00,114.45,114.94,114.39,114.65,62776.0,114.651,367,True
2026-02-24 17:00:00+00:00,114.7,115.17,114.69,115.14,53922.0,114.992,331,True
2026-02-24 18:00:00+00:00,115.19,115.63,115.07,115.55,48609.0,115.285,350,True
2026-02-24 19:00:00+00:00,115.6,115.79,115.37,115.68,46266.0,115.62,363,True
2026-02-24 20:00:00+00:00,115.71,116.08,115.65,115.91,178861.0,115.862,1176,True
2026-02-24 21:00:00+00:00,115.9,115.9,115.9,115.9,395243.0,115.9,15,False
2026-02-24 22:00:00+00:00,115.9,115.9,115.9,115.9,0.0,115.9,0,False
2026-02-24 23:00:00+00:00,115.9,115.9,115.9,115.9,0.0,115.9,0,False
2026-02-25 00:00:00+00:00,115.9,115.9,115.9,115.9,0.0,115.9,0,False
2026-02-25 14:00:00+00:00,115.58,115.58,113.87,113.87,60968.0,114.853,374,False
2026-02-25 15:00:00+00:00,113.88,114.69,113.71,114.64,145464.0,114.196,923,True
2026-02-25 16:00:00+00:00,114.64,115.3,114.62,115.3,114625.0,114.997,764,True
2026-02-25 17:00:00+00:00,115.29,115.38,115.0,115.08,44242.0,115.194,270,True
2026-02-25 18:00:00+00:00,115.06,115.17,114.95,115.0,47448.0,115.083,327,True
2026-02-25 19:00:00+00:00,115.02,115.37,115.0,115.35,58466.0,115.17,404,True
2026-02-25 20:00:00+00:00,115.33,115.55,115.14,115.41,174616.0,115.374,1283,True
2026-02-25 21:00:00+00:00,115.42,115.42,115.42,115.42,375096.0,115.42,10,False
2026-02-25 22:00:00+00:00,115.42,115.42,115.42,115.42,0.0,115.42,0,False
2026-02-25 23:00:00+00:00,115.42,115.42,115.42,115.42,0.0,115.42,0,False
2026-02-26 00:00:00+00:00,115.42,115.42,115.42,115.42,0.0,115.42,0,False
2026-02-26 14:00:00+00:00,115.4,116.0,115.14,115.56,37579.0,115.596,165,False
2026-02-26 15:00:00+00:00,115.56,115.91,115.38,115.8,48201.0,115.624,323,True
2026-02-26 16:00:00+00:00,115.78,116.07,115.63,116.07,42776.0,115.843,307,True
2026-02-26 17:00:00+00:00,116.11,116.11,115.65,115.75,43983.0,115.778,337,True
2026-02-26 18:00:00+00:00,115.77,116.01,115.56,115.85,48734.0,115.789,351,True
2026-02-26 19:00:00+00:00,115.85,115.9,115.51,115.68,84185.0,115.706,572,True
2026-02-26 20:00:00+00:00,115.7,115.88,115.45,115.74,301039.0,115.681,1765,True
2026-02-26 21:00:00+00:00,115.73,115.79,115.73,115.79,922375.0,115.79,9,False
2026-02-26 22:00:00+00:00,115.79,115.79,115.79,115.79,0.0,115.79,0,False
2026-02-26 23:00:00+00:00,115.79,115.79,115.79,115.79,0.0,115.79,0,False
2026-02-27 00:00:00+00:00,115.79,115.79,115.79,115.79,0.0,115.79,0,False
2026-02-27 14:00:00+00:00,115.96,116.62,115.62,116.37,53928.0,116.154,232,False
2026-02-27 15:00:00+00:00,116.46,117.09,116.36,117.06,56701.0,116.705,391,True
2026-02-27 16:00:00+00:00,117.06,117.34,116.73,117.1,154263.0,116.921,797,True
2026-02-27 17:00:00+00:00,117.1,117.32,117.04,117.24,54327.0,117.19,389,True
2026-02-27 18:00:00+00:00,117.25,117.28,116.79,116.98,51604.0,117.041,418,True
2026-02-27 19:00:00+00:00,116.97,117.2,116.86,116.91,86762.0,117.018,719,True
2026-02-27 20:00:00+00:00,116.94,117.21,116.72,116.94,283521.0,116.96,2229,True
2026-02-27 21:00:00+00:00,116.94,116.96,116.94,116.96,782056.0,116.96,10,False
2026-02-27 22:00:00+00:00,116.96,116.96,116.96,116.96,0.0,116.96,0,False
2026-02-27 23:00:00+00:00,116.96,116.96,116.96,116.96,0.0,116.96,0,False
2026-02-28 00:00:00+00:00,116.96,116.96,116.96,116.96,0.0,116.96,0,False
2026-03-02 13:00:00+00:00,116.96,116.96,116.96,116.96,288041.0,116.96,4,False
2026-03-02 14:00:00+00:00,116.96,117.17,116.38,116.8,117678.0,116.64,452,False
2026-03-02 15:00:00+00:00,116.76,117.0,116.31,116.67,87731.0,116.723,608,True
2026-03-02 16:00:00+00:00,116.6,117.22,116.6,116.87,67072.0,116.935,542,True
2026-03-02 17:00:00+00:00,116.93,117.17,116.87,117.06,60424.0,117.024,479,True
2026-03-02 18:00:00+00:00,117.04,117.06,116.69,116.86,48015.0,116.873,312,True
2026-03-02 19:00:00+00:00,116.82,117.19,116.72,117.09,63194.0,116.986,496,True
2026-03-02 20:00:00+00:00,117.1,117.19,116.58,116.6,153876.0,116.846,1220,True
2026-03-02 21:00:00+00:00,116.6,116.62,116.6,116.62,272468.0,116.62,6,False
2026-03-02 22:00:00+00:00,116.62,116.62,116.62,116.62,0.0,116.62,0,False
2026-03-02 23:00:00+00:00,116.62,116.62,116.62,116.62,0.0,116.62,0,False
2026-03-03 00:00:00+00:00,116.62,116.62,116.62,116.62,0.0,116.62,0,False
2026-03-03 14:00:00+00:00,115.02,115.43,114.25,114.33,103855.0,114.731,501,False
2026-03-03 15:00:00+00:00,114.28,115.76,114.01,115.41,130580.0,114.89,890,True
2026-03-03 16:00:00+00:00,115.41,115.83,115.23,115.75,50325.0,115.488,425,True
2026-03-03 17:00:00+00:00,115.79,116.05,115.42,115.59,173541.0,115.765,1066,True
2026-03-03 18:00:00+00:00,115.66,116.03,115.48,115.98,182487.0,115.669,1101,True
2026-03-03 19:00:00+00:00,116.02,116.63,115.92,116.52,166640.0,116.288,900,True
2026-03-03 20:00:00+00:00,116.55,117.11,116.07,116.14,233227.0,116.497,1605,True
2026-03-03 21:00:00+00:00,116.14,116.14,116.12,116.12,514352.0,116.12,19,False
2026-03-03 22:00:00+00:00,116.12,116.12,116.12,116.12,0.0,116.12,0,False
2026-03-03 23:00:00+00:00,116.12,116.12,116.12,116.12,0.0,116.12,0,False
2026-03-04 00:00:00+00:00,116.12,116.12,116.12,116.12,0.0,116.12,0,False
2026-03-04 14:00:00+00:00,116.06,116.16,115.52,115.8,145692.0,115.932,796,False
2026-03-04 15:00:00+00:00,115.79,116.65,115.73,116.41,96722.0,116.231,745,True
2026-03-04 16:00:00+00:00,116.41,116.51,115.93,116.25,56147.0,116.186,353,True
2026-03-04 17:00:00+00:00,116.26,116.6,116.17,116.55,31486.0,116.418,284,True
2026-03-04 18:00:00+00:00,116.56,117.02,116.55,116.9,82699.0,116.856,422,True
2026-03-04 19:00:00+00:00,116.91,117.27,116.78,116.97,124016.0,117.028,664,True
2026-03-04 20:00:00+00:00,117.01,117.6,116.97,117.54,282974.0,117.309,2101,True
2026-03-04 21:00:00+00:00,117.54,117.55,117.53,117.55,767651.0,117.55,23,False
2026-03-04 22:00:00+00:00,117.55,117.55,117.55,117.55,0.0,117.55,0,False
2026-03-04 23:00:00+00:00,117.55,117.55,117.55,117.55,0.0,117.55,0,False
2026-03-05 00:00:00+00:00,117.55,117.55,117.55,117.55,0.0,117.55,0,False
2026-03-05 14:00:00+00:00,116.67,116.87,115.59,115.88,68941.0,116.187,301,False
2026-03-05 15:00:00+00:00,115.92,115.99,115.18,115.51,95534.0,115.483,593,True
2026-03-05 16:00:00+00:00,115.6,115.7,115.13,115.41,85750.0,115.43,584,True
2026-03-05 17:00:00+00:00,115.37,115.99,115.26,115.88,123739.0,115.7,833,True
2026-03-05 18:00:00+00:00,115.9,116.46,115.88,116.15,129567.0,116.221,969,True
2026-03-05 19:00:00+00:00,116.15,116.21,115.61,116.11,190615.0,115.885,1492,True
2026-03-05 20:00:00+00:00,116.1,116.32,115.94,116.1,282376.0,116.118,2204,True
2026-03-05 21:00:00+00:00,116.09,116.09,116.09,116.09,1079062.0,116.09,19,False
2026-03-05 22:00:00+00:00,116.09,116.09,116.09,116.09,0.0,116.09,0,False
2026-03-05 23:00:00+00:00,116.09,116.09,116.09,116.09,0.0,116.09,0,False
2026-03-06 00:00:00+00:00,116.09,116.09,116.09,116.09,0.0,116.09,0,False
2026-03-06 14:00:00+00:00,115.52,115.52,114.58,114.88,64967.0,115.071,280,False
2026-03-06 15:00:00+00:00,114.86,115.42,114.38,114.67,77623.0,114.923,493,True
2026-03-06 16:00:00+00:00,114.69,115.01,114.59,114.82,36198.0,114.832,288,True
2026-03-06 17:00:00+00:00,114.75,115.97,114.73,115.9,52801.0,115.408,389,True
2026-03-06 18:00:00+00:00,115.95,116.18,115.65,115.87,76473.0,115.93,512,True
2026-03-06 19:00:00+00:00,115.86,116.36,115.83,116.14,38045.0,116.129,267,True
2026-03-06 20:00:00+00:00,116.2,116.25,115.74,115.77,174703.0,115.971,1370,True
2026-03-06 21:00:00+00:00,115.78,115.78,115.77,115.77,333851.0,115.77,14,False
2026-03-06 22:00:00+00:00,115.77,115.77,115.77,115.77,0.0,115.77,0,False
2026-03-06 23:00:00+00:00,115.77,115.77,115.77,115.77,0.0,115.77,0,False
2026-03-07 00:00:00+00:00,115.77,115.77,115.77,115.77,0.0,115.77,0,False
2026-03-09 13:00:00+00:00,115.83,115.83,114.44,115.09,64654.0,115.123,297,False
2026-03-09 14:00:00+00:00,115.1,115.47,114.96,115.32,72183.0,115.149,475,True
2026-03-09 15:00:00+00:00,115.28,115.61,115.11,115.47,61049.0,115.407,351,True
2026-03-09 16:00:00+00:00,115.47,115.62,115.2,115.55,37640.0,115.41,249,True
2026-03-09 17:00:00+00:00,115.55,115.65,115.07,115.07,83664.0,115.378,455,True
2026-03-09 18:00:00+00:00,115.06,115.55,115.03,115.53,149131.0,115.304,751,True
2026-03-09 19:00:00+00:00,115.53,115.93,115.35,115.59,537720.0,115.583,2856,True
2026-03-09 20:00:00+00:00,115.55,115.59,115.55,115.59,472665.0,115.59,19,False
2026-03-09 21:00:00+00:00,115.59,115.59,115.59,115.59,0.0,115.59,0,False
2026-03-09 22:00:00+00:00,115.59,115.59,115.59,115.59,0.0,115.59,0,False
2026-03-09 23:00:00+00:00,115.59,115.59,115.59,115.59,0.0,115.59,0,False
2026-03-10 13:00:00+00:00,114.93,115.24,114.09,114.09,273187.0,114.771,1269,False
2026-03-10 14:00:00+00:00,114.07,114.82,114.01,114.73,388195.0,114.357,1696,True
2026-03-10 15:00:00+00:00,114.73,115.78,114.65,115.77,101744.0,115.012,470,True
2026-03-10 16:00:00+00:00,115.74,115.8,115.1,115.23,121869.0,115.445,602,True
2026-03-10 17:00:00+00:00,115.27,115.43,114.86,115.16,99681.0,115.117,703,True
2026-03-10 18:00:00+00:00,115.16,115.19,114.78,115.06,59180.0,115.014,432,True
2026-03-10 19:00:00+00:00,114.96,115.13,114.1,114.45,157516.0,114.508,1177,True
2026-03-10 20:00:00+00:00,114.5,114.5,114.42,114.5,948574.0,114.499,18,False
2026-03-10 21:00:00+00:00,114.5,114.5,114.5,114.5,0.0,114.5,0,False
2026-03-10 22:00:00+00:00,114.5,114.5,114.5,114.5,0.0,114.5,0,False
2026-03-10 23:00:00+00:00,114.5,114.5,114.5,114.5,0.0,114.5,0,False
2026-03-11 13:00:00+00:00,114.37,114.57,113.91,114.03,50273.0,114.249,140,False
2026-03-11 14:00:00+00:00,113.95,114.28,113.65,113.94,34638.0,113.964,239,True
2026-03-11 15:00:00+00:00,113.98,114.29,113.62,113.73,72368.0,113.924,400,True
2026-03-11 16:00:00+00:00,113.71,113.95,113.58,113.82,70621.0,113.709,406,True
2026-03-11 17:00:00+00:00,113.88,113.97,113.22,113.29,31603.0,113.552,228,True
2026-03-11 18:00:00+00:00,113.3,113.6,113.12,113.39,55301.0,113.414,278,True
2026-03-11 19:00:00+00:00,113.39,113.44,112.92,113.3,185783.0,113.168,1137,True
2026-03-11 20:00:00+00:00,113.3,113.3,113.3,113.3,371507.0,113.3,16,False
2026-03-11 21:00:00+00:00,113.3,113.3,113.3,113.3,0.0,113.3,0,False
2026-03-11 22:00:00+00:00,113.3,113.3,113.3,113.3,0.0,113.3,0,False
2026-03-11 23:00:00+00:00,113.3,113.3,113.3,113.3,0.0,113.3,0,False
2026-03-12 13:00:00+00:00,113.37,114.55,113.01,114.55,68617.0,113.639,129,False
2026-03-12 14:00:00+00:00,114.66,115.75,114.58,115.47,73234.0,115.107,492,True
2026-03-12 15:00:00+00:00,115.52,115.63,115.32,115.59,85168.0,115.535,527,True
2026-03-12 16:00:00+00:00,115.59,116.02,115.34,115.69,67002.0,115.629,474,True
2026-03-12 17:00:00+00:00,115.73,116.01,115.59,115.76,74879.0,115.786,543,True
2026-03-12 18:00:00+00:00,115.76,115.82,115.02,115.1,86964.0,115.467,586,True
2026-03-12 19:00:00+00:00,115.08,115.32,114.99,115.05,233341.0,115.114,1559,True
2026-03-12 20:00:00+00:00,115.05,115.05,115.05,115.05,370798.0,115.05,14,False
2026-03-12 21:00:00+00:00,115.05,115.05,115.05,115.05,0.0,115.05,0,False
2026-03-12 22:00:00+00:00,115.05,115.05,115.05,115.05,0.0,115.05,0,False
2026-03-12 23:00:00+00:00,115.05,115.05,115.05,115.05,0.0,115.05,0,False
2026-03-13 13:00:00+00:00,116.34,117.03,116.29,116.78,62343.0,116.563,274,False
2026-03-13 14:00:00+00:00,116.86,117.71,116.86,117.13,140788.0,117.391,694,True
2026-03-13 15:00:00+00:00,117.14,117.4,116.85,117.02,65868.0,117.138,509,True
2026-03-13 16:00:00+00:00,117.05,117.79,117.04,117.66,55584.0,117.403,370,True
2026-03-13 17:00:00+00:00,117.69,117.87,117.34,117.46,54066.0,117.644,418,True
2026-03-13 18:00:00+00:00,117.41,118.0,117.41,117.91,54041.0,117.727,367,True
2026-03-13 19:00:00+00:00,117.93,117.96,117.28,117.35,293645.0,117.463,1847,True
2026-03-13 20:00:00+00:00,117.35,117.35,117.35,117.35,401111.0,117.35,15,False
2026-03-13 21:00:00+00:00,117.35,117.35,117.35,117.35,0.0,117.35,0,False
2026-03-13 22:00:00+00:00,117.35,117.35,117.35,117.35,0.0,117.35,0,False
2026-03-13 23:00:00+00:00,117.35,117.35,117.35,117.35,0.0,117.35,0,False
2026-03-16 11:00:00+00:00,117.98,117.98,117.98,117.98,214.0,117.98,1,False
2026-03-16 12:00:00+00:00,117.98,117.98,117.98,117.98,0.0,117.98,0,False
2026-03-16 13:00:00+00:00,118.0,118.19,116.9,117.23,33621.0,117.718,99,False
2026-03-16 14:00:00+00:00,117.34,117.77,117.34,117.69,68505.0,117.501,373,True
2026-03-16 15:00:00+00:00,117.69,118.04,117.4,117.82,62693.0,117.778,412,True
2026-03-16 16:00:00+00:00,117.81,117.96,117.51,117.67,40804.0,117.723,346,True
2026-03-16 17:00:00+00:00,117.68,117.85,117.44,117.79,60319.0,117.713,401,True
2026-03-16 18:00:00+00:00,117.8,117.86,117.61,117.65,63466.0,117.731,457,True
2026-03-16 19:00:00+00:00,117.68,117.96,117.27,117.9,196977.0,117.711,1480,True
2026-03-16 20:00:00+00:00,117.89,117.9,117.89,117.9,461886.0,117.9,11,False
2026-03-16 21:00:00+00:00,117.9,117.9,117.9,117.9,0.0,117.9,0,False
2026-03-16 22:00:00+00:00,117.9,117.9,117.9,117.9,0.0,117.9,0,False
2026-03-16 23:00:00+00:00,117.9,117.9,117.9,117.9,0.0,117.9,0,False
2026-03-17 13:00:00+00:00,118.5,118.53,117.71,117.92,67217.0,118.128,300,False
2026-03-17 14:00:00+00:00,117.92,118.26,117.75,118.19,58813.0,118.079,334,True
2026-03-17 15:00:00+00:00,118.24,118.39,118.12,118.17,36879.0,118.248,272,True
2026-03-17 16:00:00+00:00,118.19,118.4,117.99,118.02,27648.0,118.23,227,True
2026-03-17 17:00:00+00:00,117.98,118.11,117.6,117.68,41708.0,117.913,278,True
2026-03-17 18:00:00+00:00,117.65,117.85,117.3,117.4,54902.0,117.532,399,True
2026-03-17 19:00:00+00:00,117.39,117.63,117.03,117.3,126647.0,117.317,1002,True
2026-03-17 20:00:00+00:00,117.29,117.29,117.29,117.29,325964.0,117.29,7,False
2026-03-17 21:00:00+00:00,117.29,117.29,117.29,117.29,0.0,117.29,0,False
2026-03-17 22:00:00+00:00,117.29,117.29,117.29,117.29,0.0,117.29,0,False
2026-03-17 23:00:00+00:00,117.29,117.29,117.29,117.29,0.0,117.29,0,False
2026-03-18 13:00:00+00:00,116.97,118.0,116.46,116.66,61991.0,116.756,345,False
2026-03-18 14:00:00+00:00,116.61,117.0,116.03,116.27,41947.0,116.601,328,True
2026-03-18 15:00:00+00:00,116.33,116.46,116.01,116.33,88722.0,116.206,538,True
2026-03-18 16:00:00+00:00,116.25,116.92,116.02,116.84,58051.0,116.499,418,True
2026-03-18 17:00:00+00:00,116.85,116.89,116.61,116.76,46663.0,116.735,378,True
2026-03-18 18:00:00+00:00,116.77,116.82,116.46,116.58,58777.0,116.622,439,True
2026-03-18 19:00:00+00:00,116.57,116.66,115.81,115.86,265939.0,116.118,1820,True
2026-03-18 20:00:00+00:00,115.86,115.86,115.85,115.85,500505.0,115.85,18,False
2026-03-18 21:00:00+00:00,115.85,115.85,115.85,115.85,0.0,115.85,0,False
2026-03-18 22:00:00+00:00,115.85,115.85,115.85,115.85,0.0,115.85,0,False
2026-03-18 23:00:00+00:00,115.85,115.85,115.85,115.85,0.0,115.85,0,False
2026-03-19 13:00:00+00:00,115.86,116.31,115.58,116.23,32722.0,115.907,145,False
2026-03-19 14:00:00+00:00,116.12,116.68,115.92,116.16,40397.0,116.406,310,True
2026-03-19 15:00:00+00:00,116.05,116.16,115.72,115.72,36336.0,115.932,303,True
2026-03-19 16:00:00+00:00,115.73,115.82,114.62,114.97,126359.0,115.096,817,True
2026-03-19 17:00:00+00:00,114.95,115.6,114.85,115.57,114423.0,115.188,635,True
2026-03-19 18:00:00+00:00,115.58,115.92,115.43,115.84,105668.0,115.717,700,True
2026-03-19 19:00:00+00:00,115.84,116.41,115.53,115.65,310107.0,115.975,1878,True
2026-03-19 20:00:00+00:00,115.64,115.64,115.64,115.64,523923.0,115.64,12,False
2026-03-19 21:00:00+00:00,115.64,115.64,115.64,115.64,0.0,115.64,0,False
2026-03-19 22:00:00+00:00,115.64,115.64,115.64,115.64,0.0,115.64,0,False
2026-03-19 23:00:00+00:00,115.64,115.64,115.64,115.64,0.0,115.64,0,False
2026-03-20 13:00:00+00:00,115.58,116.03,115.14,115.42,296131.0,115.567,208,False
2026-03-20 14:00:00+00:00,115.4,115.4,114.18,114.66,127611.0,114.834,850,True
2026-03-20 15:00:00+00:00,114.68,114.83,113.81,113.9,101953.0,114.348,794,True
2026-03-20 16:00:00+00:00,113.89,113.99,113.29,113.87,79920.0,113.673,586,True
2026-03-20 17:00:00+00:00,113.91,114.31,113.81,113.96,47216.0,114.126,388,True
2026-03-20 18:00:00+00:00,113.96,114.01,113.07,113.14,95455.0,113.519,647,True
2026-03-20 19:00:00+00:00,113.14,113.14,112.07,112.23,440243.0,112.457,2728,True
2026-03-20 20:00:00+00:00,112.18,112.19,112.17,112.18,1719938.0,112.18,12,False
2026-03-20 21:00:00+00:00,112.18,112.18,112.18,112.18,0.0,112.18,0,False
2026-03-20 22:00:00+00:00,112.18,112.18,112.18,112.18,0.0,112.18,0,False
2026-03-20 23:00:00+00:00,112.18,112.18,112.17,112.18,0.0,112.18,0,False
2026-03-23 13:00:00+00:00,112.99,114.02,112.02,112.77,68026.0,112.818,289,False
2026-03-23 14:00:00+00:00,112.87,113.04,112.16,112.43,46586.0,112.487,355,True
2026-03-23 15:00:00+00:00,112.42,112.83,112.37,112.59,48370.0,112.592,371,True
2026-03-23 16:00:00+00:00,112.56,112.6,112.11,112.46,55584.0,112.347,384,True
2026-03-23 17:00:00+00:00,112.46,112.9,112.33,112.87,58324.0,112.678,385,True
2026-03-23 18:00:00+00:00,112.87,113.0,112.55,112.83,49163.0,112.803,382,True
2026-03-23 19:00:00+00:00,112.8,112.81,112.01,112.05,155904.0,112.175,1099,True
2026-03-23 20:00:00+00:00,112.06,112.06,112.05,112.05,546873.0,112.05,14,False
2026-03-23 21:00:00+00:00,112.05,112.05,112.05,112.05,0.0,112.05,0,False
2026-03-23 22:00:00+00:00,112.05,112.05,112.05,112.05,0.0,112.05,0,False
2026-03-23 23:00:00+00:00,112.05,112.05,112.05,112.05,0.0,112.05,0,False
2026-03-24 13:00:00+00:00,112.0,112.92,111.34,112.9,29620.0,111.962,94,False
2026-03-24 14:00:00+00:00,112.91,113.84,112.86,113.5,117425.0,113.502,715,True
2026-03-24 15:00:00+00:00,113.53,114.23,113.44,114.0,120709.0,113.927,648,True
2026-03-24 16:00:00+00:00,114.03,114.29,113.89,114.11,161220.0,114.07,538,True
2026-03-24 17:00:00+00:00,114.15,114.15,113.66,113.73,113063.0,113.925,555,True
2026-03-24 18:00:00+00:00,113.73,113.88,113.29,113.76,92174.0,113.65,522,True
2026-03-24 19:00:00+00:00,113.76,113.82,112.9,113.09,251674.0,113.337,1841,True
2026-03-24 20:00:00+00:00,113.09,113.09,113.08,113.08,366988.0,113.08,16,False
2026-03-24 21:00:00+00:00,113.08,113.08,113.08,113.08,0.0,113.08,0,False
2026-03-24 22:00:00+00:00,113.08,113.08,113.08,113.08,0.0,113.08,0,False
2026-03-24 23:00:00+00:00,113.08,113.08,113.08,113.08,0.0,113.08,0,False
2026-03-25 12:00:00+00:00,112.71,112.71,112.7,112.71,150.0,112.707,1,False
2026-03-25 13:00:00+00:00,113.62,113.81,112.99,113.31,47059.0,113.497,228,False
2026-03-25 14:00:00+00:00,113.31,113.65,112.84,113.19,104584.0,113.332,695,True
2026-03-25 15:00:00+00:00,113.22,114.01,113.22,113.86,64351.0,113.728,321,True
2026-03-25 16:00:00+00:00,113.84,113.87,113.54,113.67,35790.0,113.757,269,True
2026-03-25 17:00:00+00:00,113.64,113.91,113.6,113.61,57108.0,113.753,365,True
2026-03-25 18:00:00+00:00,113.62,113.62,112.77,112.97,58863.0,113.166,379,True
2026-03-25 19:00:00+00:00,112.93,113.16,112.6,112.74,187638.0,112.828,1433,True
2026-03-25 20:00:00+00:00,112.72,112.72,112.72,112.72,299256.0,112.72,10,False
2026-03-25 21:00:00+00:00,112.72,112.72,112.72,112.72,0.0,112.72,0,False
2026-03-25 22:00:00+00:00,112.72,112.72,112.72,112.72,0.0,112.72,0,False
2026-03-25 23:00:00+00:00,112.72,112.72,112.72,112.72,0.0,112.72,0,False
2026-03-26 13:00:00+00:00,112.87,113.82,112.34,113.74,91375.0,112.984,351,False
2026-03-26 14:00:00+00:00,113.69,114.39,113.4,114.02,79340.0,113.912,578,True
2026-03-26 15:00:00+00:00,113.95,114.03,113.55,113.7,54712.0,113.774,373,True
2026-03-26 16:00:00+00:00,113.72,114.38,113.69,114.38,111966.0,113.885,367,True
2026-03-26 17:00:00+00:00,114.37,114.65,114.19,114.56,77028.0,114.417,523,True
2026-03-26 18:00:00+00:00,114.51,114.66,114.03,114.07,119967.0,114.371,766,True
2026-03-26 19:00:00+00:00,114.09,114.21,113.83,114.01,222731.0,114.046,1346,True
2026-03-26 20:00:00+00:00,114.02,114.02,114.02,114.02,503800.0,114.02,11,False
2026-03-26 21:00:00+00:00,114.02,114.02,114.02,114.02,0.0,114.02,0,False
2026-03-26 22:00:00+00:00,114.02,114.02,114.02,114.02,0.0,114.02,0,False
2026-03-26 23:00:00+00:00,114.02,114.02,114.02,114.02,0.0,114.02,0,False
2026-03-27 13:00:00+00:00,114.15,114.86,113.47,114.42,42123.0,114.12,243,False
2026-03-27 14:00:00+00:00,114.42,114.95,114.21,114.92,76169.0,114.613,517,True
2026-03-27 15:00:00+00:00,114.88,115.08,114.51,114.83,119322.0,114.943,868,True
2026-03-27 16:00:00+00:00,114.8,115.02,114.76,114.78,45458.0,114.883,360,True
2026-03-27 17:00:00+00:00,114.75,115.09,114.59,114.91,68237.0,114.835,423,True
2026-03-27 18:00:00+00:00,114.85,114.97,114.2,114.38,63941.0,114.534,470,True
2026-03-27 19:00:00+00:00,114.36,114.47,113.95,114.32,239395.0,114.236,1510,True
2026-03-27 20:00:00+00:00,114.36,114.36,113.21,113.21,548555.0,114.36,11,False
2026-03-27 21:00:00+00:00,113.21,113.21,113.21,113.21,0.0,113.21,0,False
2026-03-27 22:00:00+00:00,113.21,113.21,113.21,113.21,0.0,113.21,0,False
2026-03-27 23:00:00+00:00,113.21,113.22,113.21,113.21,0.0,113.21,0,False
2026-03-30 11:00:00+00:00,114.99,114.99,114.99,114.99,116.0,114.99,1,False
2026-03-30 12:00:00+00:00,114.99,114.99,114.99,114.99,0.0,114.99,0,False
2026-03-30 13:00:00+00:00,115.22,115.78,114.97,115.44,39983.0,115.476,206,False
2026-03-30 14:00:00+00:00,115.32,116.15,115.31,116.05,82989.0,115.863,652,True
2026-03-30 15:00:00+00:00,115.98,116.23,115.67,115.78,42687.0,115.885,239,True
2026-03-30 16:00:00+00:00,115.8,115.96,115.65,115.85,36837.0,115.797,251,True
2026-03-30 17:00:00+00:00,115.86,115.99,115.65,115.67,40725.0,115.819,262,True
2026-03-30 18:00:00+00:00,115.63,115.76,115.31,115.41,77916.0,115.534,561,True
2026-03-30 19:00:00+00:00,115.39,115.45,115.03,115.34,157823.0,115.305,1104,True
2026-03-30 20:00:00+00:00,115.33,115.33,115.33,115.33,541438.0,115.33,9,False
2026-03-30 21:00:00+00:00,115.33,115.33,115.33,115.33,0.0,115.33,0,False
2026-03-30 22:00:00+00:00,115.33,115.33,115.33,115.33,0.0,115.33,0,False
2026-03-30 23:00:00+00:00,115.33,115.33,115.33,115.33,0.0,115.33,0,False
2026-03-31 13:00:00+00:00,115.85,115.85,114.31,114.44,58156.0,115.158,226,False
2026-03-31 14:00:00+00:00,114.46,115.14,114.4,114.53,180104.0,114.767,930,True
2026-03-31 15:00:00+00:00,114.53,115.04,114.52,115.03,69733.0,114.712,532,True
2026-03-31 16:00:00+00:00,115.0,115.73,114.98,115.37,64004.0,115.326,400,True
2026-03-31 17:00:00+00:00,115.35,115.46,114.79,114.97,51093.0,115.078,408,True
2026-03-31 18:00:00+00:00,114.93,115.09,114.61,115.01,73222.0,114.85,454,True
2026-03-31 19:00:00+00:00,115.04,115.76,114.95,115.76,251671.0,115.51,1715,True
2026-03-31 20:00:00+00:00,115.76,115.77,115.76,115.77,1916800.0,115.77,8,False
2026-03-31 21:00:00+00:00,115.77,115.77,115.77,115.77,0.0,115.77,0,False
2026-03-31 22:00:00+00:00,115.77,115.77,115.77,115.77,0.0,115.77,0,False
2026-03-31 23:00:00+00:00,115.77,115.77,115.77,115.77,0.0,115.77,0,False
2026-04-01 11:00:00+00:00,115.77,115.77,115.77,115.77,1979.0,115.77,1,False
2026-04-01 12:00:00+00:00,115.77,115.77,115.77,115.77,0.0,115.77,0,False
2026-04-01 13:00:00+00:00,115.77,116.5,115.09,116.16,81345.0,115.868,389,False
2026-04-01 14:00:00+00:00,116.12,116.56,115.55,116.21,82341.0,115.893,566,True
2026-04-01 15:00:00+00:00,116.15,116.42,115.79,116.06,58197.0,116.074,461,True
2026-04-01 16:00:00+00:00,116.07,116.38,115.98,116.34,112027.0,116.174,510,True
2026-04-01 17:00:00+00:00,116.38,116.65,116.31,116.62,52553.0,116.478,375,True
2026-04-01 18:00:00+00:00,116.6,116.61,116.33,116.4,239347.0,116.445,658,True
2026-04-01 19:00:00+00:00,116.4,116.8,116.13,116.2,229954.0,116.424,1806,True
2026-04-01 20:00:00+00:00,116.17,116.17,116.17,116.17,430970.0,116.17,22,False
2026-04-01 21:00:00+00:00,116.17,116.17,116.17,116.17,0.0,116.17,0,False
2026-04-01 22:00:00+00:00,116.17,116.17,116.17,116.17,0.0,116.17,0,False
2026-04-01 23:00:00+00:00,116.17,116.17,116.17,116.17,0.0,116.17,0,False
2026-04-02 13:00:00+00:00,116.67,117.54,116.17,117.36,58783.0,117.004,313,False
2026-04-02 14:00:00+00:00,117.32,117.89,116.84,117.5,106915.0,117.486,613,True
2026-04-02 15:00:00+00:00,117.57,117.68,117.36,117.62,84288.0,117.517,649,True
2026-04-02 16:00:00+00:00,117.62,117.82,117.6,117.67,67829.0,117.692,473,True
2026-04-02 17:00:00+00:00,117.67,117.78,117.32,117.32,63417.0,117.574,424,True
2026-04-02 18:00:00+00:00,117.34,117.44,117.09,117.22,65300.0,117.264,463,True
2026-04-02 19:00:00+00:00,117.23,117.71,117.03,117.57,247339.0,117.402,1766,True
2026-04-02 20:00:00+00:00,117.57,117.58,117.57,117.58,326497.0,117.58,8,False
2026-04-02 21:00:00+00:00,117.58,117.58,117.58,117.58,0.0,117.58,0,False
2026-04-02 22:00:00+00:00,117.58,117.58,117.58,117.58,0.0,117.58,0,False
2026-04-02 23:00:00+00:00,117.58,117.58,117.58,117.58,0.0,117.58,0,False
2026-04-06 13:00:00+00:00,117.16,117.58,116.64,117.48,27351.0,117.172,86,False
2026-04-06 14:00:00+00:00,117.44,117.94,117.36,117.8,84928.0,117.732,334,True
2026-04-06 15:00:00+00:00,117.82,117.9,117.17,117.21,36641.0,117.485,285,True
2026-04-06 16:00:00+00:00,117.23,117.32,116.98,116.98,31942.0,117.146,217,True
2026-04-06 17:00:00+00:00,117.03,117.14,116.97,117.11,21524.0,117.052,163,True
2026-04-06 18:00:00+00:00,117.1,117.19,116.81,116.86,45606.0,116.954,290,True
2026-04-06 19:00:00+00:00,116.86,116.97,116.63,116.73,123383.0,116.789,941,True
2026-04-06 20:00:00+00:00,116.73,116.73,116.73,116.73,382426.0,116.73,6,False
2026-04-06 21:00:00+00:00,116.73,116.73,116.73,116.73,0.0,116.73,0,False
2026-04-06 22:00:00+00:00,116.73,116.73,116.73,116.73,0.0,116.73,0,False
2026-04-06 23:00:00+00:00,116.73,116.73,116.73,116.73,0.0,116.73,0,False
2026-04-07 08:00:00+00:00,116.35,116.37,116.35,116.37,670.0,116.356,5,False
2026-04-07 09:00:00+00:00,116.37,116.37,116.37,116.37,0.0,116.37,0,False
2026-04-07 10:00:00+00:00,116.37,116.37,116.37,116.37,0.0,116.37,0,False
2026-04-07 11:00:00+00:00,116.37,116.37,116.37,116.37,0.0,116.37,0,False
2026-04-07 12:00:00+00:00,116.73,116.73,116.73,116.73,139858.0,116.73,3,False
2026-04-07 13:00:00+00:00,116.66,117.43,116.66,117.36,31438.0,116.959,103,False
2026-04-07 14:00:00+00:00,117.34,118.13,117.19,118.05,48088.0,117.644,334,True
2026-04-07 15:00:00+00:00,118.1,118.17,117.63,117.85,61502.0,117.894,427,True
2026-04-07 16:00:00+00:00,117.86,118.1,117.82,117.83,65314.0,117.957,339,True
2026-04-07 17:00:00+00:00,117.86,117.93,117.65,117.7,32784.0,117.774,235,True
2026-04-07 18:00:00+00:00,117.71,117.85,117.45,117.45,92372.0,117.712,349,True
2026-04-07 19:00:00+00:00,117.45,117.62,116.93,116.95,221703.0,117.188,1457,True
2026-04-07 20:00:00+00:00,116.94,116.94,116.94,116.94,338927.0,116.94,12,False
2026-04-07 21:00:00+00:00,116.94,116.94,116.94,116.94,0.0,116.94,0,False
2026-04-07 22:00:00+00:00,116.94,116.94,116.94,116.94,0.0,116.94,0,False
2026-04-07 23:00:00+00:00,117.5,117.5,117.49,117.5,120.0,117.496,1,False
2026-04-08 13:00:00+00:00,115.74,116.28,115.28,116.17,51225.0,115.793,219,False
2026-04-08 14:00:00+00:00,116.18,116.69,115.77,116.57,46391.0,116.208,301,True
2026-04-08 15:00:00+00:00,116.61,116.66,116.04,116.47,60918.0,116.305,366,True
2026-04-08 16:00:00+00:00,116.48,116.48,116.04,116.19,55124.0,116.28,318,True
2026-04-08 17:00:00+00:00,116.17,116.5,116.12,116.33,65889.0,116.339,382,True
2026-04-08 18:00:00+00:00,116.3,116.37,116.1,116.23,55566.0,116.235,414,True
2026-04-08 19:00:00+00:00,116.25,117.31,116.24,117.28,189785.0,116.984,1387,True
2026-04-08 20:00:00+00:00,117.27,117.28,117.27,117.28,581763.0,117.28,22,False
2026-04-08 21:00:00+00:00,117.28,117.28,117.28,117.28,0.0,117.28,0,False
2026-04-08 22:00:00+00:00,117.28,117.28,117.28,117.28,0.0,117.28,0,False
2026-04-08 23:00:00+00:00,117.28,117.28,117.28,117.28,0.0,117.28,0,False
2026-04-09 13:00:00+00:00,117.21,119.18,116.51,119.07,58553.0,118.288,290,False
2026-04-09 14:00:00+00:00,119.07,119.37,118.92,119.26,56109.0,119.175,441,True
2026-04-09 15:00:00+00:00,119.31,119.61,119.15,119.22,124873.0,119.357,809,True
2026-04-09 16:00:00+00:00,119.22,119.33,119.02,119.28,55786.0,119.191,383,True
2026-04-09 17:00:00+00:00,119.28,119.62,119.21,119.31,35585.0,119.395,272,True
2026-04-09 18:00:00+00:00,119.29,119.35,117.63,118.86,170653.0,118.724,1240,True
2026-04-09 19:00:00+00:00,118.84,119.03,118.54,118.71,294119.0,118.74,2039,True
2026-04-09 20:00:00+00:00,118.78,118.78,118.78,118.78,393926.0,118.78,13,False
2026-04-09 21:00:00+00:00,118.78,118.78,118.78,118.78,0.0,118.78,0,False
2026-04-09 22:00:00+00:00,118.78,118.78,118.78,118.78,0.0,118.78,0,False
2026-04-09 23:00:00+00:00,118.78,118.78,118.78,118.78,0.0,118.78,0,False
2026-04-10 13:00:00+00:00,118.28,119.09,117.96,118.55,50034.0,118.395,188,False
2026-04-10 14:00:00+00:00,118.53,118.66,117.98,118.24,62213.0,118.286,303,True
2026-04-10 15:00:00+00:00,118.26,118.71,118.22,118.6,31037.0,118.424,200,True
2026-04-10 16:00:00+00:00,118.63,118.65,118.34,118.47,24939.0,118.486,189,True
2026-04-10 17:00:00+00:00,118.44,118.47,117.95,118.0,35348.0,118.158,236,True
2026-04-10 18:00:00+00:00,118.01,118.1,117.9,118.0,46897.0,118.022,373,True
2026-04-10 19:00:00+00:00,118.0,118.09,117.36,117.54,159614.0,117.643,1203,True
2026-04-10 20:00:00+00:00,117.54,117.54,117.54,117.54,297617.0,117.54,11,False
2026-04-10 21:00:00+00:00,117.54,117.54,117.54,117.54,0.0,117.54,0,False
2026-04-10 22:00:00+00:00,117.54,117.54,117.54,117.54,0.0,117.54,0,False
2026-04-10 23:00:00+00:00,117.54,117.54,117.54,117.54,0.0,117.54,0,False
2026-04-13 13:00:00+00:00,117.33,117.33,116.54,116.9,60823.0,116.97,298,False
2026-04-13 14:00:00+00:00,116.96,116.96,116.26,116.45,57346.0,116.686,374,True
2026-04-13 15:00:00+00:00,116.47,116.84,115.56,115.68,45927.0,116.163,289,True
2026-04-13 16:00:00+00:00,115.73,115.76,115.42,115.59,45345.0,115.566,282,True
2026-04-13 17:00:00+00:00,115.54,115.84,115.53,115.75,241781.0,115.589,396,True
2026-04-13 18:00:00+00:00,115.76,116.0,115.48,115.89,79274.0,115.701,483,True
2026-04-13 19:00:00+00:00,115.92,116.33,115.58,116.3,185149.0,116.047,1329,True
2026-04-13 20:00:00+00:00,116.32,116.32,116.32,116.32,574435.0,116.32,7,False
2026-04-13 21:00:00+00:00,116.32,116.32,116.32,116.32,0.0,116.32,0,False
2026-04-13 22:00:00+00:00,116.32,116.32,116.32,116.32,0.0,116.32,0,False
2026-04-13 23:00:00+00:00,116.32,116.32,116.32,116.32,0.0,116.32,0,False
2026-04-14 13:00:00+00:00,116.04,116.04,115.0,115.98,44282.0,115.701,172,False
2026-04-14 14:00:00+00:00,116.1,116.52,115.76,115.96,69124.0,116.155,405,True
2026-04-14 15:00:00+00:00,115.98,116.55,115.97,116.1,43418.0,116.292,276,True
2026-04-14 16:00:00+00:00,116.1,116.19,115.89,115.96,35016.0,116.048,262,True
2026-04-14 17:00:00+00:00,115.93,116.1,115.82,115.89,38188.0,115.983,239,True
2026-04-14 18:00:00+00:00,115.87,116.59,115.87,116.5,38687.0,116.368,268,True
2026-04-14 19:00:00+00:00,116.49,116.69,116.33,116.54,211537.0,116.507,1342,True
2026-04-14 20:00:00+00:00,116.54,116.54,116.31,116.32,297183.0,116.5,14,False
2026-04-14 21:00:00+00:00,116.32,116.32,116.32,116.32,0.0,116.32,0,False
2026-04-14 22:00:00+00:00,116.32,116.32,116.32,116.32,0.0,116.32,0,False
2026-04-14 23:00:00+00:00,116.32,116.32,116.31,116.32,0.0,116.32,0,False
2026-04-15 13:00:00+00:00,115.75,116.02,115.08,115.49,49159.0,115.564,203,False
2026-04-15 14:00:00+00:00,115.45,115.65,115.18,115.45,53194.0,115.432,339,True
2026-04-15 15:00:00+00:00,115.45,115.56,115.12,115.32,38799.0,115.323,290,True
2026-04-15 16:00:00+00:00,115.26,115.9,115.2,115.77,45045.0,115.514,335,True
2026-04-15 17:00:00+00:00,115.73,115.81,115.26,115.54,92290.0,115.455,369,True
2026-04-15 18:00:00+00:00,115.5,115.53,115.09,115.36,65220.0,115.223,279,True
2026-04-15 19:00:00+00:00,115.34,115.36,114.67,114.85,151328.0,114.947,1079,True
2026-04-15 20:00:00+00:00,114.85,114.85,114.85,114.85,485262.0,114.85,7,False
2026-04-15 21:00:00+00:00,114.85,114.85,114.85,114.85,0.0,114.85,0,False
2026-04-15 22:00:00+00:00,114.85,114.85,114.85,114.85,0.0,114.85,0,False
2026-04-15 23:00:00+00:00,114.85,114.85,114.85,114.85,0.0,114.85,0,False
2026-04-16 13:00:00+00:00,114.48,115.52,114.2,115.49,50178.0,114.934,233,False
2026-04-16 14:00:00+00:00,115.49,115.57,114.81,114.87,52275.0,115.08,240,True
2026-04-16 15:00:00+00:00,114.86,114.94,114.66,114.8,176104.0,114.788,650,True
2026-04-16 16:00:00+00:00,114.82,114.84,114.23,114.52,163786.0,114.644,366,True
2026-04-16 17:00:00+00:00,114.51,115.21,114.5,115.16,88029.0,114.803,432,True
2026-04-16 18:00:00+00:00,115.16,115.48,115.15,115.38,74377.0,115.25,467,True
2026-04-16 19:00:00+00:00,115.38,116.53,115.32,116.45,252490.0,116.156,1727,True
2026-04-16 20:00:00+00:00,116.42,116.43,116.42,116.43,605371.0,116.43,14,False
2026-04-16 21:00:00+00:00,116.43,116.43,116.43,116.43,0.0,116.43,0,False
2026-04-16 22:00:00+00:00,116.43,116.43,116.43,116.43,0.0,116.43,0,False
2026-04-16 23:00:00+00:00,116.43,116.43,116.43,116.43,0.0,116.43,0,False
2026-04-17 13:00:00+00:00,115.32,115.85,114.7,115.26,123517.0,115.269,196,False
2026-04-17 14:00:00+00:00,115.25,115.27,114.33,114.53,44316.0,114.646,337,True
2026-04-17 15:00:00+00:00,114.55,115.19,114.49,115.15,26185.0,114.813,186,True
2026-04-17 16:00:00+00:00,115.2,115.73,115.09,115.55,34586.0,115.422,189,True
2026-04-17 17:00:00+00:00,115.57,115.81,115.54,115.73,30466.0,115.678,206,True
2026-04-17 18:00:00+00:00,115.69,115.95,115.62,115.84,34509.0,115.803,213,True
2026-04-17 19:00:00+00:00,115.87,116.02,115.7,115.85,90201.0,115.826,701,True
2026-04-17 20:00:00+00:00,115.85,115.87,115.85,115.87,346355.0,115.87,13,False
2026-04-17 21:00:00+00:00,115.85,115.85,115.84,115.85,413.0,115.847,1,False
2026-04-17 22:00:00+00:00,115.85,115.85,115.85,115.85,0.0,115.85,0,False
2026-04-17 23:00:00+00:00,115.85,115.85,115.84,115.85,0.0,115.85,0,False
2026-04-20 13:00:00+00:00,116.0,116.52,115.58,116.11,29133.0,116.125,139,False
2026-04-20 14:00:00+00:00,116.12,116.67,115.83,116.61,51722.0,116.152,292,True
2026-04-20 15:00:00+00:00,116.62,116.68,116.32,116.44,28144.0,116.481,184,True
2026-04-20 16:00:00+00:00,116.44,116.44,116.16,116.33,36111.0,116.289,186,True
2026-04-20 17:00:00+00:00,116.35,116.37,115.95,115.98,46706.0,116.215,314,True
2026-04-20 18:00:00+00:00,115.98,116.13,115.69,115.79,61941.0,115.861,419,True
2026-04-20 19:00:00+00:00,115.76,115.78,114.76,115.15,143227.0,115.102,1102,True
2026-04-20 20:00:00+00:00,115.15,115.15,115.14,115.14,433310.0,115.14,9,False
2026-04-20 21:00:00+00:00,115.14,115.14,115.14,115.14,0.0,115.14,0,False
2026-04-20 22:00:00+00:00,115.14,115.14,115.14,115.14,0.0,115.14,0,False
2026-04-20 23:00:00+00:00,115.14,115.14,115.14,115.14,0.0,115.14,0,False
2026-04-21 13:00:00+00:00,115.67,115.71,114.3,114.51,39572.0,115.133,152,False
2026-04-21 14:00:00+00:00,114.4,114.73,114.0,114.34,52029.0,114.305,313,True
2026-04-21 15:00:00+00:00,114.3,114.45,113.54,114.03,68844.0,113.969,446,True
2026-04-21 16:00:00+00:00,114.01,114.36,113.93,113.93,63879.0,114.118,383,True
2026-04-21 17:00:00+00:00,113.95,113.98,113.54,113.54,45767.0,113.846,357,True
2026-04-21 18:00:00+00:00,113.54,113.94,113.5,113.58,49285.0,113.702,359,True
2026-04-21 19:00:00+00:00,113.54,113.8,113.42,113.57,248483.0,113.607,1637,True
2026-04-21 20:00:00+00:00,113.57,113.58,113.57,113.58,572662.0,113.58,11,False
2026-04-21 21:00:00+00:00,113.58,113.58,113.58,113.58,0.0,113.58,0,False
2026-04-21 22:00:00+00:00,113.58,113.58,113.58,113.58,0.0,113.58,0,False
2026-04-21 23:00:00+00:00,113.58,113.58,113.58,113.58,0.0,113.58,0,False
2026-04-22 13:00:00+00:00,114.52,115.0,114.18,114.5,32452.0,114.491,95,False
2026-04-22 14:00:00+00:00,114.55,114.55,113.79,113.89,34908.0,113.998,224,True
2026-04-22 15:00:00+00:00,113.88,114.11,113.61,113.83,49422.0,113.797,319,True
2026-04-22 16:00:00+00:00,113.84,113.86,113.45,113.56,19817.0,113.672,175,True
2026-04-22 17:00:00+00:00,113.51,113.7,113.4,113.42,772072.0,113.513,586,True
2026-04-22 18:00:00+00:00,113.4,113.46,113.08,113.41,54086.0,113.27,343,True
2026-04-22 19:00:00+00:00,113.45,113.69,113.03,113.39,211789.0,113.412,1411,True
2026-04-22 20:00:00+00:00,113.38,113.38,113.38,113.38,787030.0,113.38,8,False
2026-04-22 21:00:00+00:00,113.38,113.38,113.38,113.38,0.0,113.38,0,False
2026-04-22 22:00:00+00:00,113.38,113.38,113.38,113.38,0.0,113.38,0,False
2026-04-22 23:00:00+00:00,113.38,113.38,113.38,113.38,0.0,113.38,0,False
2026-04-23 13:00:00+00:00,114.44,115.49,114.02,114.95,55077.0,114.719,203,False
2026-04-23 14:00:00+00:00,114.98,115.33,114.55,114.78,69746.0,115.062,490,True
2026-04-23 15:00:00+00:00,114.89,115.08,114.45,114.86,36489.0,114.732,267,True
2026-04-23 16:00:00+00:00,114.91,115.15,114.64,114.95,80813.0,114.905,411,True
2026-04-23 17:00:00+00:00,114.93,115.03,114.68,114.79,83569.0,114.903,427,True
2026-04-23 18:00:00+00:00,114.78,115.01,114.78,114.84,73361.0,114.898,424,True
2026-04-23 19:00:00+00:00,114.81,115.65,114.74,115.59,187874.0,115.329,1261,True
2026-04-23 20:00:00+00:00,115.55,115.57,115.55,115.57,325398.0,115.57,11,False
2026-04-23 21:00:00+00:00,115.57,115.57,115.57,115.57,0.0,115.57,0,False
2026-04-23 22:00:00+00:00,115.57,115.57,115.57,115.57,0.0,115.57,0,False
2026-04-23 23:00:00+00:00,115.57,115.57,115.57,115.57,0.0,115.57,0,False
2026-04-24 13:00:00+00:00,115.37,115.68,114.63,115.6,21456.0,115.285,69,False
2026-04-24 14:00:00+00:00,115.65,115.65,115.12,115.15,32796.0,115.349,175,True
2026-04-24 15:00:00+00:00,115.16,115.34,114.89,114.94,41186.0,115.154,277,True
2026-04-24 16:00:00+00:00,114.92,115.06,114.47,114.89,34431.0,114.758,224,True
2026-04-24 17:00:00+00:00,114.82,114.99,114.67,114.72,21326.0,114.814,152,True
2026-04-24 18:00:00+00:00,114.7,114.81,114.46,114.58,83056.0,114.581,421,True
2026-04-24 19:00:00+00:00,114.59,114.8,114.39,114.59,156744.0,114.631,1068,True
2026-04-24 20:00:00+00:00,114.59,114.6,114.59,114.6,250685.0,114.6,11,False
2026-04-24 21:00:00+00:00,114.6,114.6,114.6,114.6,0.0,114.6,0,False
2026-04-24 22:00:00+00:00,114.6,114.6,114.6,114.6,0.0,114.6,0,False
2026-04-24 23:00:00+00:00,114.6,114.6,114.6,114.6,0.0,114.6,0,False
2026-04-27 13:00:00+00:00,114.6,115.76,114.6,115.6,62746.0,115.266,203,False
2026-04-27 14:00:00+00:00,115.54,115.67,115.23,115.54,53538.0,115.45,392,True
2026-04-27 15:00:00+00:00,115.48,115.71,115.42,115.69,55577.0,115.567,393,True
2026-04-27 16:00:00+00:00,115.64,115.81,115.42,115.69,52594.0,115.595,368,True
2026-04-27 17:00:00+00:00,115.7,115.81,115.61,115.67,58355.0,115.692,400,True
2026-04-27 18:00:00+00:00,115.68,115.79,115.49,115.74,72567.0,115.663,456,True
2026-04-27 19:00:00+00:00,115.76,115.8,115.13,115.15,217195.0,115.402,1470,True
2026-04-27 20:00:00+00:00,115.16,115.16,114.91,114.91,402772.0,115.101,15,False
2026-04-27 21:00:00+00:00,114.91,114.91,114.91,114.91,0.0,114.91,0,False
2026-04-27 22:00:00+00:00,114.91,114.91,114.91,114.91,0.0,114.91,0,False
2026-04-27 23:00:00+00:00,114.91,114.91,114.91,114.91,0.0,114.91,0,False
2026-04-28 13:00:00+00:00,116.17,116.49,115.14,115.58,49672.0,115.769,175,False
2026-04-28 14:00:00+00:00,115.59,115.95,114.75,115.78,49639.0,115.228,410,True
2026-04-28 15:00:00+00:00,115.75,116.09,115.73,115.93,52043.0,115.913,401,True
2026-04-28 16:00:00+00:00,115.93,115.97,115.56,115.59,49481.0,115.816,326,True
2026-04-28 17:00:00+00:00,115.58,115.68,115.47,115.51,48646.0,115.578,378,True
2026-04-28 18:00:00+00:00,115.55,115.74,115.31,115.33,69027.0,115.551,270,True
2026-04-28 19:00:00+00:00,115.35,115.82,115.08,115.77,92754.0,115.509,687,True
2026-04-28 20:00:00+00:00,115.78,115.78,115.78,115.78,337207.0,115.78,8,False
2026-04-28 21:00:00+00:00,115.78,115.78,115.78,115.78,0.0,115.78,0,False
2026-04-28 22:00:00+00:00,115.78,115.78,115.78,115.78,0.0,115.78,0,False
2026-04-28 23:00:00+00:00,115.78,115.78,115.78,115.78,0.0,115.78,0,False
2026-04-29 13:00:00+00:00,115.31,115.54,114.9,115.28,34779.0,115.342,126,False
2026-04-29 14:00:00+00:00,115.33,115.4,114.94,115.06,103299.0,115.131,561,True
2026-04-29 15:00:00+00:00,115.06,115.51,114.94,115.35,61185.0,115.164,308,True
2026-04-29 16:00:00+00:00,115.37,115.84,115.37,115.65,63531.0,115.661,423,True
2026-04-29 17:00:00+00:00,115.61,115.67,115.15,115.21,56705.0,115.376,426,True
2026-04-29 18:00:00+00:00,115.18,115.31,114.34,114.37,192452.0,115.006,562,True
2026-04-29 19:00:00+00:00,114.39,114.74,114.27,114.54,227920.0,114.504,1594,True
2026-04-29 20:00:00+00:00,114.51,114.51,114.51,114.51,196829.0,114.51,7,False
2026-04-29 21:00:00+00:00,114.51,114.51,114.51,114.51,0.0,114.51,0,False
2026-04-29 22:00:00+00:00,114.51,114.51,114.51,114.51,0.0,114.51,0,False
2026-04-29 23:00:00+00:00,114.51,114.51,114.51,114.51,0.0,114.51,0,False
2026-04-30 13:00:00+00:00,115.25,116.72,114.74,116.52,58411.0,115.58,179,False
2026-04-30 14:00:00+00:00,116.51,117.32,116.51,116.79,122721.0,116.965,474,True
2026-04-30 15:00:00+00:00,116.78,116.78,116.13,116.35,95820.0,116.399,276,True
2026-04-30 16:00:00+00:00,116.38,116.51,116.2,116.39,41451.0,116.356,226,True
2026-04-30 17:00:00+00:00,116.4,116.66,116.12,116.5,123219.0,116.402,820,True
2026-04-30 18:00:00+00:00,116.53,117.29,116.46,117.27,87225.0,116.902,620,True
2026-04-30 19:00:00+00:00,117.29,118.19,117.29,117.93,334529.0,117.845,2188,True
2026-04-30 20:00:00+00:00,117.91,117.94,117.91,117.94,1062165.0,117.94,19,False
2026-04-30 21:00:00+00:00,117.94,117.94,117.94,117.94,0.0,117.94,0,False
2026-04-30 22:00:00+00:00,117.94,117.94,117.94,117.94,0.0,117.94,0,False
2026-04-30 23:00:00+00:00,117.94,117.94,117.94,117.94,0.0,117.94,0,False
2026-05-01 13:00:00+00:00,117.89,118.58,117.45,118.51,99355.0,117.86,356,False
2026-05-01 14:00:00+00:00,118.51,119.21,118.45,118.61,86205.0,118.865,485,True
2026-05-01 15:00:00+00:00,118.64,118.94,118.37,118.91,66057.0,118.697,412,True
2026-05-01 16:00:00+00:00,118.94,118.94,118.0,118.0,120141.0,118.499,760,True
2026-05-01 17:00:00+00:00,117.96,118.04,117.59,117.72,56676.0,117.813,406,True
2026-05-01 18:00:00+00:00,117.67,117.97,117.43,117.51,109410.0,117.572,614,True
2026-05-01 19:00:00+00:00,117.53,118.09,117.46,117.46,267257.0,117.731,1871,True
2026-05-01 20:00:00+00:00,117.46,117.46,117.46,117.46,383231.0,117.46,12,False
2026-05-01 21:00:00+00:00,117.46,117.46,117.46,117.46,0.0,117.46,0,False
2026-05-01 22:00:00+00:00,117.46,117.46,117.46,117.46,0.0,117.46,0,False
2026-05-01 23:00:00+00:00,117.46,117.46,117.46,117.46,0.0,117.46,0,False
2026-05-04 11:00:00+00:00,120.17,120.17,118.96,118.96,275.0,119.4,2,False
2026-05-04 12:00:00+00:00,118.96,118.96,118.96,118.96,0.0,118.96,0,False
2026-05-04 13:00:00+00:00,116.74,117.6,116.17,117.56,47235.0,116.97,270,False
2026-05-04 14:00:00+00:00,117.56,117.93,116.94,117.4,78499.0,117.48,531,True
2026-05-04 15:00:00+00:00,117.35,117.64,116.85,116.86,143554.0,117.349,668,True
2026-05-04 16:00:00+00:00,116.79,116.98,116.23,116.3,55936.0,116.652,445,True
2026-05-04 17:00:00+00:00,116.32,116.52,115.98,116.35,56554.0,116.279,489,True
2026-05-04 18:00:00+00:00,116.41,116.54,116.03,116.24,73875.0,116.346,623,True
2026-05-04 19:00:00+00:00,116.21,116.73,116.14,116.48,288022.0,116.51,2014,True
2026-05-04 20:00:00+00:00,116.47,116.47,114.5,114.5,713783.0,116.436,18,False
2026-05-04 21:00:00+00:00,114.5,114.5,114.5,114.5,0.0,114.5,0,False
2026-05-04 22:00:00+00:00,114.5,114.5,114.5,114.5,0.0,114.5,0,False
2026-05-04 23:00:00+00:00,114.5,114.5,114.5,114.5,0.0,114.5,0,False
2026-05-05 12:00:00+00:00,116.01,116.01,116.01,116.01,100.0,116.01,1,False
2026-05-05 13:00:00+00:00,114.53,116.24,114.53,116.14,56490.0,115.441,262,False
2026-05-05 14:00:00+00:00,116.21,116.83,116.07,116.35,96648.0,116.413,644,True
2026-05-05 15:00:00+00:00,116.36,116.53,115.98,116.52,69342.0,116.279,533,True
2026-05-05 16:00:00+00:00,116.52,116.81,116.15,116.16,89197.0,116.611,564,True
2026-05-05 17:00:00+00:00,116.16,116.53,115.78,116.48,83892.0,116.114,669,True
2026-05-05 18:00:00+00:00,116.5,117.0,115.66,115.94,302677.0,116.557,1498,True
2026-05-05 19:00:00+00:00,115.87,116.61,115.15,115.23,555493.0,115.899,2691,True
2026-05-05 20:00:00+00:00,115.22,115.22,115.22,115.22,731261.0,115.22,11,False
2026-05-05 21:00:00+00:00,115.22,115.22,115.22,115.22,0.0,115.22,0,False
2026-05-05 22:00:00+00:00,115.37,115.38,115.37,115.37,200.0,115.372,1,False
2026-05-05 23:00:00+00:00,115.37,115.38,115.37,115.37,0.0,115.37,0,False
2026-05-06 13:00:00+00:00,115.16,115.4,113.89,114.08,87203.0,114.391,434,False
2026-05-06 14:00:00+00:00,114.0,114.79,113.62,114.38,123281.0,114.233,790,True
2026-05-06 15:00:00+00:00,114.43,115.09,114.24,115.01,86209.0,114.701,576,True
2026-05-06 16:00:00+00:00,114.93,114.98,114.34,114.4,80166.0,114.652,615,True
2026-05-06 17:00:00+00:00,114.39,114.44,114.08,114.36,81854.0,114.212,585,True
2026-05-06 18:00:00+00:00,114.33,114.46,113.81,113.9,105902.0,114.143,682,True
2026-05-06 19:00:00+00:00,113.86,114.16,113.63,113.9,294593.0,113.894,2127,True
2026-05-06 20:00:00+00:00,113.9,113.94,113.9,113.94,359205.0,113.94,8,False
2026-05-06 21:00:00+00:00,113.94,113.94,113.94,113.94,0.0,113.94,0,False
2026-05-06 22:00:00+00:00,113.94,113.94,113.94,113.94,0.0,113.94,0,False
2026-05-06 23:00:00+00:00,113.75,113.75,113.75,113.75,100.0,113.75,1,False
2026-05-07 13:00:00+00:00,113.91,113.91,112.7,113.19,80018.0,113.247,277,False
2026-05-07 14:00:00+00:00,113.09,113.54,113.07,113.53,75016.0,113.293,456,True
2026-05-07 15:00:00+00:00,113.58,113.9,113.13,113.26,73983.0,113.382,410,True
2026-05-07 16:00:00+00:00,113.26,113.57,112.93,113.01,31083.0,113.219,217,True
2026-05-07 17:00:00+00:00,112.97,113.24,112.61,112.67,59314.0,112.928,342,True
2026-05-07 18:00:00+00:00,112.72,112.99,112.65,112.76,56562.0,112.815,433,True
2026-05-07 19:00:00+00:00,112.83,113.22,112.57,112.78,186020.0,112.779,1346,True
2026-05-07 20:00:00+00:00,112.78,112.78,112.78,112.78,335114.0,112.78,7,False
2026-05-07 21:00:00+00:00,112.78,112.78,112.78,112.78,0.0,112.78,0,False
2026-05-07 22:00:00+00:00,112.78,112.78,112.78,112.78,0.0,112.78,0,False
2026-05-07 23:00:00+00:00,112.78,112.78,112.78,112.78,0.0,112.78,0,False
2026-05-08 13:00:00+00:00,113.22,113.56,112.06,112.35,24459.0,112.905,89,False
2026-05-08 14:00:00+00:00,112.39,112.74,111.64,111.7,101716.0,112.257,572,True
2026-05-08 15:00:00+00:00,111.67,112.68,111.37,112.68,49074.0,112.043,295,True
2026-05-08 16:00:00+00:00,112.63,112.66,112.12,112.13,29902.0,112.411,223,True
2026-05-08 17:00:00+00:00,112.18,112.37,112.0,112.37,30271.0,112.2,206,True
2026-05-08 18:00:00+00:00,112.33,112.34,112.0,112.27,74113.0,112.159,393,True
2026-05-08 19:00:00+00:00,112.2,112.28,111.62,111.65,140791.0,111.846,1130,True
2026-05-08 20:00:00+00:00,111.66,111.66,111.66,111.66,399225.0,111.66,6,False
2026-05-08 21:00:00+00:00,111.66,111.66,111.66,111.66,0.0,111.66,0,False
2026-05-08 22:00:00+00:00,111.66,111.66,111.66,111.66,0.0,111.66,0,False
2026-05-08 23:00:00+00:00,111.66,111.66,111.66,111.66,0.0,111.66,0,False
2026-05-11 08:00:00+00:00,114.38,114.38,114.38,114.38,100.0,114.38,1,False
2026-05-11 09:00:00+00:00,114.38,114.38,114.38,114.38,0.0,114.38,0,False
2026-05-11 10:00:00+00:00,114.38,114.38,114.38,114.38,0.0,114.38,0,False
2026-05-11 11:00:00+00:00,114.38,114.38,114.38,114.38,0.0,114.38,0,False
2026-05-11 12:00:00+00:00,114.38,114.38,114.38,114.38,0.0,114.38,0,False
2026-05-11 13:00:00+00:00,112.25,113.0,111.9,112.43,40576.0,112.309,217,False
2026-05-11 14:00:00+00:00,112.26,112.33,111.87,111.99,79593.0,112.057,453,True
2026-05-11 15:00:00+00:00,112.0,112.5,111.83,112.42,63617.0,112.166,412,True
2026-05-11 16:00:00+00:00,112.44,112.48,111.98,112.41,45275.0,112.317,350,True
2026-05-11 17:00:00+00:00,112.34,112.91,112.34,112.69,49897.0,112.656,370,True
2026-05-11 18:00:00+00:00,112.73,112.84,112.37,112.53,60149.0,112.599,389,True
2026-05-11 19:00:00+00:00,112.54,112.87,112.48,112.74,150570.0,112.689,1067,True
2026-05-11 20:00:00+00:00,112.75,112.77,112.75,112.77,405961.0,112.77,9,False
2026-05-11 21:00:00+00:00,112.77,112.77,112.77,112.77,0.0,112.77,0,False
2026-05-11 22:00:00+00:00,112.77,112.77,112.77,112.77,0.0,112.77,0,False
2026-05-11 23:00:00+00:00,112.77,112.77,112.77,112.77,0.0,112.77,0,False
2026-05-12 13:00:00+00:00,112.77,112.77,111.59,112.13,75449.0,112.137,361,False
2026-05-12 14:00:00+00:00,112.11,112.58,111.78,112.35,79279.0,112.198,474,True
2026-05-12 15:00:00+00:00,112.3,112.55,112.01,112.47,88026.0,112.274,521,True
2026-05-12 16:00:00+00:00,112.5,112.81,112.19,112.53,69295.0,112.554,454,True
2026-05-12 17:00:00+00:00,112.49,112.57,112.23,112.43,68728.0,112.406,511,True
2026-05-12 18:00:00+00:00,112.47,112.9,112.42,112.87,71525.0,112.619,524,True
2026-05-12 19:00:00+00:00,112.84,112.86,112.5,112.58,348078.0,112.618,2437,True
2026-05-12 20:00:00+00:00,112.58,112.58,112.58,112.58,402675.0,112.58,6,False
2026-05-12 21:00:00+00:00,112.58,112.58,112.58,112.58,0.0,112.58,0,False
2026-05-12 22:00:00+00:00,112.58,112.58,112.58,112.58,0.0,112.58,0,False
2026-05-12 23:00:00+00:00,112.58,112.58,112.58,112.58,0.0,112.58,0,False
2026-05-13 11:00:00+00:00,112.4,112.4,112.4,112.4,100.0,112.4,1,False
2026-05-13 12:00:00+00:00,112.4,112.4,112.4,112.4,0.0,112.4,0,False
2026-05-13 13:00:00+00:00,111.97,112.48,110.85,111.86,59299.0,111.738,253,False
2026-05-13 14:00:00+00:00,111.83,112.07,111.34,111.49,53704.0,111.571,313,True
2026-05-13 15:00:00+00:00,111.47,111.88,111.2,111.86,59161.0,111.467,379,True
2026-05-13 16:00:00+00:00,111.87,112.1,111.68,112.1,60700.0,111.846,370,True
2026-05-13 17:00:00+00:00,112.09,112.33,112.04,112.19,52390.0,112.202,316,True
2026-05-13 18:00:00+00:00,112.16,112.19,111.89,112.16,67992.0,112.049,464,True
2026-05-13 19:00:00+00:00,112.17,112.31,111.91,112.19,187973.0,112.123,1300,True
2026-05-13 20:00:00+00:00,112.2,112.2,112.2,112.2,366784.0,112.2,23,False
2026-05-13 21:00:00+00:00,112.2,112.2,112.2,112.2,0.0,112.2,0,False
2026-05-13 22:00:00+00:00,112.2,112.2,112.2,112.2,0.0,112.2,0,False
2026-05-13 23:00:00+00:00,112.2,112.2,112.2,112.2,0.0,112.2,0,False
2026-05-14 13:00:00+00:00,111.29,111.69,110.76,111.69,51013.0,111.359,117,False
2026-05-14 14:00:00+00:00,111.5,111.6,110.96,111.12,65875.0,111.281,335,True
2026-05-14 15:00:00+00:00,111.13,111.23,110.74,111.16,68384.0,110.961,486,True
2026-05-14 16:00:00+00:00,111.16,111.33,110.99,111.07,72170.0,111.204,387,True
2026-05-14 17:00:00+00:00,111.03,111.33,110.84,111.21,44065.0,111.065,323,True
2026-05-14 18:00:00+00:00,111.2,111.61,111.18,111.57,61606.0,111.397,391,True
2026-05-14 19:00:00+00:00,111.58,111.76,111.17,111.65,293152.0,111.521,2128,True
2026-05-14 20:00:00+00:00,111.64,111.64,111.64,111.64,409868.0,111.64,10,False
2026-05-14 21:00:00+00:00,111.64,111.64,111.64,111.64,0.0,111.64,0,False
2026-05-14 22:00:00+00:00,111.64,111.64,111.64,111.64,0.0,111.64,0,False
2026-05-14 23:00:00+00:00,111.64,111.64,111.64,111.64,0.0,111.64,0,False
2026-05-15 12:00:00+00:00,111.64,111.64,111.64,111.64,38100.0,111.64,1,False
2026-05-15 13:00:00+00:00,111.58,111.95,110.24,110.69,124729.0,110.988,254,False
2026-05-15 14:00:00+00:00,110.52,110.66,109.78,110.06,104842.0,110.126,615,True
2026-05-15 15:00:00+00:00,110.08,110.22,109.42,109.76,70768.0,109.755,492,True
2026-05-15 16:00:00+00:00,109.68,109.78,109.31,109.38,84890.0,109.57,566,True
2026-05-15 17:00:00+00:00,109.38,109.47,108.9,109.07,114855.0,109.11,646,True
2026-05-15 18:00:00+00:00,109.12,109.68,109.0,109.59,84501.0,109.408,674,True
2026-05-15 19:00:00+00:00,109.59,109.6,108.96,109.16,326023.0,109.238,2517,True
2026-05-15 20:00:00+00:00,109.16,109.16,109.16,109.16,623248.0,109.16,21,False
2026-05-15 21:00:00+00:00,109.16,109.16,109.16,109.16,0.0,109.16,0,False
2026-05-15 22:00:00+00:00,109.16,109.16,109.16,109.16,0.0,109.16,0,False
2026-05-15 23:00:00+00:00,109.16,109.16,109.16,109.16,0.0,109.16,0,False
