date,open,high,low,close,volume,average,barCount,is_rth
2025-11-17 09:00:00+00:00,18.18,18.24,18.14,18.2,900.0,18.18889,5,False
2025-11-17 10:00:00+00:00,18.21,18.22,18.1,18.1,2812.0,18.1475,12,False
2025-11-17 11:00:00+00:00,17.98,18.02,17.92,18.02,2805.0,17.95575,16,False
2025-11-17 12:00:00+00:00,18.0,18.01,17.82,17.82,1890.0,17.86127,8,False
2025-11-17 13:00:00+00:00,18.0,18.03,17.69,17.74,5652.0,17.88269,23,False
2025-11-17 14:00:00+00:00,17.8398,18.11,17.39,17.5,74220.0,17.71341,263,False
2025-11-17 15:00:00+00:00,17.42,17.95,17.29,17.92,94266.0,17.5718,499,True
2025-11-17 16:00:00+00:00,17.95,18.12,17.77,17.95,60577.0,17.94387,316,True
2025-11-17 17:00:00+00:00,17.9481,17.96,17.6,17.77,42214.0,17.78274,283,True
2025-11-17 18:00:00+00:00,17.69,17.95,17.58,17.795,34797.0,17.82549,198,True
2025-11-17 19:00:00+00:00,17.72,17.88,17.43,17.58,67743.0,17.60185,368,True
2025-11-17 20:00:00+00:00,17.57,18.65,17.52,18.33,474976.0,17.99556,2431,True
2025-11-17 21:00:00+00:00,18.11,18.64,18.11,18.42,74660.0,18.11329,5,False
2025-11-17 22:00:00+00:00,18.4134,18.47,18.3969,18.3969,590.0,18.42727,3,False
2025-11-17 23:00:00+00:00,18.13,18.13,18.13,18.13,200.0,18.13,2,False
2025-11-18 00:00:00+00:00,18.13,18.13,18.13,18.13,400.0,18.13,2,False
2025-11-18 09:00:00+00:00,18.12,18.12,18.1,18.1,684.0,18.10877,3,False
2025-11-18 10:00:00+00:00,17.99,17.99,17.99,17.99,400.0,17.99,2,False
2025-11-18 11:00:00+00:00,17.99,17.99,17.99,17.99,0.0,17.99,0,False
2025-11-18 12:00:00+00:00,17.99,17.99,17.99,17.99,0.0,17.99,0,False
2025-11-18 13:00:00+00:00,17.9,18.11,17.73,17.8439,3002.0,18.00376,11,False
2025-11-18 14:00:00+00:00,17.89,18.7,17.84,17.9,73711.0,18.44233,383,False
2025-11-18 15:00:00+00:00,17.87,17.99,17.55,17.815,63782.0,17.76914,345,True
2025-11-18 16:00:00+00:00,17.815,18.12,17.63,18.01,32165.0,17.92401,194,True
2025-11-18 17:00:00+00:00,18.08,18.1599,17.88,18.01,21388.0,18.00497,135,True
2025-11-18 18:00:00+00:00,18.0403,18.51,17.97,18.265,50201.0,18.30145,211,True
2025-11-18 19:00:00+00:00,18.16,18.3,18.05,18.13,10771.0,18.20258,72,True
2025-11-18 20:00:00+00:00,18.15,18.15,17.54,17.645,169039.0,17.78882,811,True
2025-11-18 21:00:00+00:00,17.59,17.89,17.568,17.88,46404.0,17.59196,10,False
2025-11-18 22:00:00+00:00,17.6,17.7,17.6,17.7,3008.0,17.66815,5,False
2025-11-18 23:00:00+00:00,17.85,17.89,17.8,17.8,1587.0,17.85299,6,False
2025-11-19 00:00:00+00:00,17.8695,17.8695,17.8469,17.8469,429.0,17.8548,2,False
2025-11-19 13:00:00+00:00,17.87,18.05,17.725,17.84,2932.0,17.90401,14,False
2025-11-19 14:00:00+00:00,17.84,18.0348,17.48,17.92,91360.0,17.67047,435,False
2025-11-19 15:00:00+00:00,17.95,18.15,17.72,17.765,46547.0,17.90577,293,True
2025-11-19 16:00:00+00:00,17.72,17.89,17.42,17.65,35384.0,17.65346,238,True
2025-11-19 17:00:00+00:00,17.61,17.67,16.84,16.98,128424.0,17.24206,529,True
2025-11-19 18:00:00+00:00,16.99,17.16,16.8,17.16,48807.0,16.99314,296,True
2025-11-19 19:00:00+00:00,17.03,17.45,17.0201,17.225,85736.0,17.28453,622,True
2025-11-19 20:00:00+00:00,17.24,17.63,17.155,17.61,241570.0,17.38339,1412,True
2025-11-19 21:00:00+00:00,17.51,17.6,17.51,17.6,91710.0,17.51096,3,False
2025-11-19 22:00:00+00:00,17.6,17.9,17.5776,17.9,2801.0,17.68293,9,False
2025-11-19 23:00:00+00:00,17.7,17.9,17.55,17.55,4762.0,17.82,11,False
2025-11-20 00:00:00+00:00,17.8,17.91,17.8,17.8,2596.0,17.84102,9,False
2025-11-20 09:00:00+00:00,17.86,18.26,17.86,18.26,300.0,18.12667,2,False
2025-11-20 10:00:00+00:00,18.3,18.38,18.3,18.38,1441.0,18.30555,4,False
2025-11-20 11:00:00+00:00,18.4,18.4,18.4,18.4,333.0,18.4,2,False
2025-11-20 12:00:00+00:00,18.4,18.4,18.05,18.05,735.0,18.19763,5,False
2025-11-20 13:00:00+00:00,18.39,18.4,18.0,18.2,3266.0,18.25403,13,False
2025-11-20 14:00:00+00:00,18.11,18.95,17.9411,18.82,165825.0,18.39593,653,False
2025-11-20 15:00:00+00:00,18.7965,18.92,17.57,17.76,113940.0,18.30319,507,True
2025-11-20 16:00:00+00:00,17.6874,17.84,17.39,17.49,108538.0,17.61224,514,True
2025-11-20 17:00:00+00:00,17.49,17.7,17.16,17.5119,130414.0,17.40565,595,True
2025-11-20 18:00:00+00:00,17.605,18.1617,17.6,17.845,75019.0,17.94828,381,True
2025-11-20 19:00:00+00:00,17.84,18.02,17.6,17.98,69870.0,17.81269,447,True
2025-11-20 20:00:00+00:00,17.98,18.01,17.32,17.34,327953.0,17.59412,1801,True
2025-11-20 21:00:00+00:00,17.34,17.5,17.34,17.36,58697.0,17.34939,11,False
2025-11-20 22:00:00+00:00,17.36,17.36,17.18,17.18,1100.0,17.29116,6,False
2025-11-20 23:00:00+00:00,17.2009,17.32,17.2009,17.32,622.0,17.29664,2,False
2025-11-21 00:00:00+00:00,17.45,17.49,17.2231,17.48,1415.0,17.3192,6,False
2025-11-21 10:00:00+00:00,17.05,17.05,17.02,17.02,500.0,17.038,2,False
2025-11-21 11:00:00+00:00,17.02,17.02,17.02,17.02,0.0,17.02,0,False
2025-11-21 12:00:00+00:00,17.02,17.02,17.02,17.02,0.0,17.02,0,False
2025-11-21 13:00:00+00:00,17.11,17.4,17.02,17.35,1440.0,17.252,7,False
2025-11-21 14:00:00+00:00,17.44,17.7625,17.01,17.15,69217.0,17.36666,221,False
2025-11-21 15:00:00+00:00,17.26,17.265,16.47,16.78,230113.0,16.78572,1110,True
2025-11-21 16:00:00+00:00,16.77,17.24,16.67,17.225,136980.0,16.86775,607,True
2025-11-21 17:00:00+00:00,17.14,17.48,17.0401,17.28,58161.0,17.30587,389,True
2025-11-21 18:00:00+00:00,17.26,17.26,16.9,17.13,96283.0,17.03525,560,True
2025-11-21 19:00:00+00:00,17.13,18.1,17.085,17.945,154731.0,17.68326,962,True
2025-11-21 20:00:00+00:00,17.935,18.01,17.09,17.18,275224.0,17.44174,1902,True
2025-11-21 21:00:00+00:00,17.18,17.25,17.18,17.22,73085.0,17.18039,4,False
2025-11-21 22:00:00+00:00,17.35,17.35,17.35,17.35,205.0,17.35,1,False
2025-11-21 23:00:00+00:00,17.1606,17.1606,17.1606,17.1606,170.0,17.1606,1,False
2025-11-22 00:00:00+00:00,17.1606,17.1606,17.1606,17.1606,0.0,17.1606,0,False
2025-11-24 11:00:00+00:00,17.36,17.36,17.36,17.36,121.0,17.36,1,False
2025-11-24 12:00:00+00:00,17.36,17.36,17.36,17.36,0.0,17.36,0,False
2025-11-24 13:00:00+00:00,17.51,17.66,17.34,17.34,2054.0,17.40717,10,False
2025-11-24 14:00:00+00:00,17.3995,18.0,17.3,17.465,63020.0,17.67014,240,False
2025-11-24 15:00:00+00:00,17.49,17.49,16.99,17.23,127817.0,17.17133,701,True
2025-11-24 16:00:00+00:00,17.16,17.6,17.0,17.08,100960.0,17.22092,432,True
2025-11-24 17:00:00+00:00,17.115,17.47,16.91,17.12,78725.0,17.11982,334,True
2025-11-24 18:00:00+00:00,17.11,17.6,17.11,17.49,89841.0,17.32965,394,True
2025-11-24 19:00:00+00:00,17.5,17.67,17.4001,17.67,67745.0,17.55293,273,True
2025-11-24 20:00:00+00:00,17.64,18.15,17.64,17.97,199691.0,17.96876,1085,True
2025-11-24 21:00:00+00:00,18.06,18.1,17.67,18.1,34755.0,18.05882,6,False
2025-11-24 22:00:00+00:00,18.1,18.1,18.1,18.1,100.0,18.1,1,False
2025-11-24 23:00:00+00:00,18.08,18.08,17.9125,17.9125,396.0,17.99625,2,False
2025-11-25 00:00:00+00:00,18.08,18.1,18.08,18.1,420.0,18.0921,3,False
2025-11-25 12:00:00+00:00,18.06,18.06,18.06,18.06,990.0,18.06,1,False
2025-11-25 13:00:00+00:00,17.91,18.207,17.64,17.96,4955.0,18.05258,12,False
2025-11-25 14:00:00+00:00,18.0,18.22,17.47,17.845,50864.0,17.80027,201,False
2025-11-25 15:00:00+00:00,17.8,18.95,17.75,18.74,146855.0,18.57516,687,True
2025-11-25 16:00:00+00:00,18.7782,19.9499,18.715,19.4,294805.0,19.42508,1199,True
2025-11-25 17:00:00+00:00,19.39,19.94,19.33,19.51,137138.0,19.63732,426,True
2025-11-25 18:00:00+00:00,19.583,19.79,19.42,19.665,62307.0,19.56838,303,True
2025-11-25 19:00:00+00:00,19.665,19.69,19.31,19.65,86827.0,19.48198,361,True
2025-11-25 20:00:00+00:00,19.585,20.2699,19.52,19.91,245331.0,19.99557,1219,True
2025-11-25 21:00:00+00:00,19.86,20.2,19.86,19.93,60038.0,19.86931,9,False
2025-11-25 22:00:00+00:00,19.9986,19.9986,19.9986,19.9986,500.0,19.9986,1,False
2025-11-25 23:00:00+00:00,19.9838,20.0,19.98,19.98,450.0,19.98973,4,False
2025-11-26 00:00:00+00:00,19.98,19.98,19.98,19.98,0.0,19.98,0,False
2025-11-26 09:00:00+00:00,20.13,20.13,19.86,20.07,1969.0,19.98214,13,False
2025-11-26 10:00:00+00:00,20.07,20.07,20.07,20.07,0.0,20.07,0,False
2025-11-26 11:00:00+00:00,20.07,20.07,20.07,20.07,0.0,20.07,0,False
2025-11-26 12:00:00+00:00,20.0,20.01,19.95,19.98,1625.0,19.9888,7,False
2025-11-26 13:00:00+00:00,20.0588,20.2,19.86,20.01,3691.0,20.0266,16,False
2025-11-26 14:00:00+00:00,20.0212,21.05,19.71,20.56,173370.0,20.33807,628,False
2025-11-26 15:00:00+00:00,20.6665,21.54,20.5,20.62,307676.0,20.922,1128,True
2025-11-26 16:00:00+00:00,20.58,20.9,20.28,20.79,115501.0,20.54389,643,True
2025-11-26 17:00:00+00:00,20.8,20.96,20.29,20.35,72247.0,20.55436,354,True
2025-11-26 18:00:00+00:00,20.344,20.48,20.03,20.295,92981.0,20.25972,622,True
2025-11-26 19:00:00+00:00,20.345,20.4778,20.21,20.34,95808.0,20.33521,454,True
2025-11-26 20:00:00+00:00,20.34,20.75,20.26,20.51,284314.0,20.55149,1716,True
2025-11-26 21:00:00+00:00,20.5,20.8,20.4,20.5086,72891.0,20.4994,9,False
2025-11-26 22:00:00+00:00,20.56,20.6,20.4,20.6,850.0,20.5288,6,False
2025-11-26 23:00:00+00:00,20.6,20.6,20.6,20.6,0.0,20.6,0,False
2025-11-27 00:00:00+00:00,20.506,20.506,20.4905,20.4905,225.0,20.49739,2,False
2025-11-28 10:00:00+00:00,20.7,20.7,20.7,20.7,100.0,20.7,1,False
2025-11-28 11:00:00+00:00,20.7,20.7,20.7,20.7,0.0,20.7,0,False
2025-11-28 12:00:00+00:00,20.7,20.7,20.7,20.7,0.0,20.7,0,False
2025-11-28 13:00:00+00:00,20.71,20.74,20.65,20.65,1450.0,20.68421,10,False
2025-11-28 14:00:00+00:00,20.7084,20.7499,20.015,20.095,69674.0,20.34438,245,False
2025-11-28 15:00:00+00:00,20.1368,20.68,20.0242,20.59,75649.0,20.39734,375,True
2025-11-28 16:00:00+00:00,20.5602,20.86,20.43,20.54,40720.0,20.60651,240,True
2025-11-28 17:00:00+00:00,20.6,20.7066,19.91,20.29,117545.0,20.3091,592,True
2025-11-28 18:00:00+00:00,20.28,20.5028,20.21,20.21,29962.0,20.28051,4,True
2025-11-28 19:00:00+00:00,20.39,20.39,20.39,20.39,150.0,20.39,1,True
2025-11-28 20:00:00+00:00,20.22,20.37,20.2,20.37,1403.0,20.24073,6,True
2025-11-28 21:00:00+00:00,20.37,20.38,20.37,20.38,915.0,20.37379,5,False
2025-12-01 09:00:00+00:00,19.69,19.74,19.3,19.38,2500.0,19.58584,15,False
2025-12-01 10:00:00+00:00,19.59,19.59,19.53,19.53,481.0,19.55495,3,False
2025-12-01 11:00:00+00:00,19.56,19.56,19.47,19.47,765.0,19.5237,5,False
2025-12-01 12:00:00+00:00,19.4,19.4,19.4,19.4,200.0,19.4,1,False
2025-12-01 13:00:00+00:00,19.32,23.49,19.2501,22.43,325545.0,21.85711,1112,False
2025-12-01 14:00:00+00:00,22.45,23.12,20.83,21.1427,948641.0,22.19784,3532,False
2025-12-01 15:00:00+00:00,21.16,21.87,20.5001,21.53,589890.0,21.20329,2010,True
2025-12-01 16:00:00+00:00,21.6,22.1,21.35,22.05,254002.0,21.73751,1138,True
2025-12-01 17:00:00+00:00,22.05,22.3,21.82,22.18,148146.0,22.12445,584,True
2025-12-01 18:00:00+00:00,22.1771,22.95,22.08,22.57,212614.0,22.58155,915,True
2025-12-01 19:00:00+00:00,22.59,22.59,21.82,22.425,152637.0,22.14899,661,True
2025-12-01 20:00:00+00:00,22.38,22.65,21.8,22.05,362982.0,22.10187,1918,True
2025-12-01 21:00:00+00:00,22.11,22.2,21.9,22.05,75962.0,22.10858,14,False
2025-12-01 22:00:00+00:00,22.05,22.0513,22.05,22.0513,739.0,22.05063,3,False
2025-12-01 23:00:00+00:00,22.0514,22.1,22.0514,22.1,569.0,22.06886,3,False
2025-12-02 00:00:00+00:00,22.05,22.2,21.85,21.86,2930.0,22.06849,11,False
2025-12-02 10:00:00+00:00,21.87,21.87,21.86,21.86,950.0,21.86474,3,False
2025-12-02 11:00:00+00:00,21.86,21.86,21.86,21.86,0.0,21.86,0,False
2025-12-02 12:00:00+00:00,21.9,22.2,21.9,22.2,1503.0,22.07571,10,False
2025-12-02 13:00:00+00:00,22.07,22.4,21.86,22.2005,12069.0,22.17313,44,False
2025-12-02 14:00:00+00:00,22.225,22.25,20.81,21.58,212708.0,21.33669,781,False
2025-12-02 15:00:00+00:00,21.56,21.905,20.88,21.1511,140613.0,21.23148,647,True
2025-12-02 16:00:00+00:00,20.95,21.59,20.5,21.3,86755.0,21.05498,407,True
2025-12-02 17:00:00+00:00,21.3,21.59,21.215,21.23,55868.0,21.39792,236,True
2025-12-02 18:00:00+00:00,21.33,22.14,21.285,21.8994,92054.0,21.72086,389,True
2025-12-02 19:00:00+00:00,21.99,22.16,21.73,22.08,82723.0,21.96303,361,True
2025-12-02 20:00:00+00:00,22.1225,22.3,21.25,21.25,326086.0,21.7389,1392,True
2025-12-02 21:00:00+00:00,21.36,21.52,21.2,21.25,378206.0,21.3592,11,False
2025-12-02 22:00:00+00:00,21.29,21.3173,21.29,21.3173,749.0,21.30819,2,False
2025-12-02 23:00:00+00:00,21.41,21.41,21.41,21.41,447.0,21.41,1,False
2025-12-03 00:00:00+00:00,21.41,21.4372,21.41,21.4372,524.0,21.43196,2,False
2025-12-03 13:00:00+00:00,21.62,21.62,21.5,21.5265,1414.0,21.5865,3,False
2025-12-03 14:00:00+00:00,21.45,21.45,20.71,20.71,89015.0,21.02977,210,False
2025-12-03 15:00:00+00:00,20.76,21.1969,20.76,20.99,50723.0,20.98806,214,True
2025-12-03 16:00:00+00:00,20.9355,21.12,20.85,21.06,14636.0,21.00708,85,True
2025-12-03 17:00:00+00:00,21.1,21.3579,20.875,21.245,53606.0,21.11028,169,True
2025-12-03 18:00:00+00:00,21.21,21.3369,21.14,21.215,28423.0,21.23325,99,True
2025-12-03 19:00:00+00:00,21.2269,21.28,21.01,21.15,34012.0,21.15052,160,True
2025-12-03 20:00:00+00:00,21.14,21.88,21.13,21.85,110178.0,21.58618,606,True
2025-12-03 21:00:00+00:00,21.87,21.9,21.79,21.79,297637.0,21.87,4,False
2025-12-03 22:00:00+00:00,21.6,21.6623,21.6,21.632,609.0,21.62462,4,False
2025-12-03 23:00:00+00:00,21.6202,21.83,21.6202,21.83,532.0,21.67541,2,False
2025-12-04 00:00:00+00:00,21.83,21.83,21.83,21.83,0.0,21.83,0,False
2025-12-04 09:00:00+00:00,21.62,21.86,21.62,21.86,490.0,21.75878,3,False
2025-12-04 10:00:00+00:00,21.86,21.86,21.86,21.86,136.0,21.86,1,False
2025-12-04 11:00:00+00:00,21.86,21.86,21.86,21.86,0.0,21.86,0,False
2025-12-04 12:00:00+00:00,21.9,21.9,21.9,21.9,126.0,21.9,1,False
2025-12-04 13:00:00+00:00,21.854,21.9,21.63,21.63,1820.0,21.80464,11,False
2025-12-04 14:00:00+00:00,21.75,22.06,21.45,22.0,42632.0,21.71789,154,False
2025-12-04 15:00:00+00:00,21.93,22.78,21.64,22.3791,223122.0,22.44205,963,True
2025-12-04 16:00:00+00:00,22.385,23.39,22.27,22.5164,244476.0,22.75638,636,True
2025-12-04 17:00:00+00:00,22.46,22.5,21.8,21.84,82269.0,22.12799,401,True
2025-12-04 18:00:00+00:00,21.91,22.31,21.71,22.0114,70592.0,22.04998,320,True
2025-12-04 19:00:00+00:00,21.92,22.1,21.5,22.06,40138.0,21.78477,170,True
2025-12-04 20:00:00+00:00,21.9923,22.8,21.98,22.725,144882.0,22.44757,646,True
2025-12-04 21:00:00+00:00,22.75,22.75,22.6165,22.6165,172383.0,22.74882,24,False
2025-12-04 22:00:00+00:00,22.73,22.73,22.69,22.69,600.0,22.72333,4,False
2025-12-04 23:00:00+00:00,22.69,22.69,22.69,22.69,0.0,22.69,0,False
2025-12-05 00:00:00+00:00,22.72,22.73,22.6,22.64,2600.0,22.70074,7,False
2025-12-05 12:00:00+00:00,22.65,22.65,22.65,22.65,102.0,22.65,1,False
2025-12-05 13:00:00+00:00,22.6,22.86,22.4863,22.4863,4611.0,22.60397,24,False
2025-12-05 14:00:00+00:00,22.41,22.65,21.9857,22.4,104996.0,22.25269,269,False
2025-12-05 15:00:00+00:00,22.39,22.81,22.32,22.46,131173.0,22.54169,604,True
2025-12-05 16:00:00+00:00,22.46,22.98,22.35,22.9743,47604.0,22.55264,200,True
2025-12-05 17:00:00+00:00,22.85,22.9,22.37,22.455,27104.0,22.60806,141,True
2025-12-05 18:00:00+00:00,22.4061,22.59,22.3,22.355,86083.0,22.45205,324,True
2025-12-05 19:00:00+00:00,22.49,22.5099,22.04,22.29,54603.0,22.36059,221,True
2025-12-05 20:00:00+00:00,22.39,22.4,21.8,22.02,161938.0,21.98205,777,True
2025-12-05 21:00:00+00:00,22.07,22.1007,22.07,22.1007,42195.0,22.07015,2,False
2025-12-05 22:00:00+00:00,22.1,22.1001,22.08,22.08,2210.0,22.09775,7,False
2025-12-05 23:00:00+00:00,22.0623,22.0623,22.0623,22.0623,168.0,22.0623,1,False
2025-12-06 00:00:00+00:00,22.0623,22.0623,22.0623,22.0623,0.0,22.0623,0,False
2025-12-08 12:00:00+00:00,22.16,22.16,22.16,22.16,100.0,22.16,1,False
2025-12-08 13:00:00+00:00,22.1207,22.68,22.1207,22.15,2331.0,22.20351,12,False
2025-12-08 14:00:00+00:00,22.21,22.6499,21.87,22.08,82136.0,22.20744,349,False
2025-12-08 15:00:00+00:00,21.97,22.47,21.6,22.195,122287.0,22.01358,572,True
2025-12-08 16:00:00+00:00,22.2,22.2,21.76,22.19,106989.0,21.99744,567,True
2025-12-08 17:00:00+00:00,22.0662,22.31,21.65,22.29,48376.0,21.92441,245,True
2025-12-08 18:00:00+00:00,22.295,22.95,22.295,22.745,89946.0,22.62676,463,True
2025-12-08 19:00:00+00:00,22.65,23.0,22.49,22.84,95637.0,22.77818,545,True
2025-12-08 20:00:00+00:00,22.84,23.0,22.67,22.85,171550.0,22.90333,1118,True
2025-12-08 21:00:00+00:00,22.91,22.91,22.8101,22.88,33937.0,22.9088,4,False
2025-12-08 22:00:00+00:00,23.0,23.2,23.0,23.0,1098.0,23.10656,4,False
2025-12-08 23:00:00+00:00,23.0188,23.0188,22.98,22.98,900.0,22.99588,4,False
2025-12-09 00:00:00+00:00,22.9927,23.0,22.9927,23.0,400.0,22.99818,2,False
2025-12-09 12:00:00+00:00,22.5,22.5,22.5,22.5,163.0,22.5,1,False
2025-12-09 13:00:00+00:00,22.89,22.89,22.51,22.55,2415.0,22.62202,20,False
2025-12-09 14:00:00+00:00,22.61,23.98,22.5,22.9056,230327.0,23.07042,869,False
2025-12-09 15:00:00+00:00,22.9645,23.18,22.42,23.055,228005.0,22.95006,704,True
2025-12-09 16:00:00+00:00,23.055,23.59,22.9,23.16,85077.0,23.25907,504,True
2025-12-09 17:00:00+00:00,23.11,23.25,22.88,22.9544,186457.0,23.07749,394,True
2025-12-09 18:00:00+00:00,22.97,23.03,22.57,22.595,32529.0,22.7961,218,True
2025-12-09 19:00:00+00:00,22.59,22.8,22.43,22.8,63885.0,22.57556,291,True
2025-12-09 20:00:00+00:00,22.75,22.87,22.5,22.86,117080.0,22.71707,862,True
2025-12-09 21:00:00+00:00,22.76,22.85,22.41,22.72,51447.0,22.73399,14,False
2025-12-09 22:00:00+00:00,22.6091,22.6519,22.6091,22.6519,458.0,22.62862,3,False
2025-12-09 23:00:00+00:00,22.8,22.8,22.8,22.8,233.0,22.8,1,False
2025-12-10 00:00:00+00:00,22.8,22.8,22.8,22.8,400.0,22.8,2,False
2025-12-10 11:00:00+00:00,22.71,22.71,22.71,22.71,700.0,22.71,2,False
2025-12-10 12:00:00+00:00,22.7,22.7,22.59,22.59,556.0,22.64137,4,False
2025-12-10 13:00:00+00:00,22.7688,22.8,22.5929,22.69,1421.0,22.67351,8,False
2025-12-10 14:00:00+00:00,22.68,23.0,22.39,22.5,120818.0,22.72325,519,False
2025-12-10 15:00:00+00:00,22.495,22.5499,21.85,22.05,213654.0,22.12833,904,True
2025-12-10 16:00:00+00:00,21.94,22.105,21.85,22.1,113450.0,22.00499,628,True
2025-12-10 17:00:00+00:00,22.1,22.1,21.34,21.3539,139646.0,21.6356,459,True
2025-12-10 18:00:00+00:00,21.38,21.4899,21.02,21.14,58582.0,21.26776,239,True
2025-12-10 19:00:00+00:00,21.1257,21.3799,20.78,21.01,153507.0,21.03362,533,True
2025-12-10 20:00:00+00:00,21.1,21.35,20.85,20.97,249159.0,21.0614,1263,True
2025-12-10 21:00:00+00:00,21.13,21.13,20.75,20.75,484961.0,21.086,54,False
2025-12-10 22:00:00+00:00,20.75,20.95,20.72,20.7495,6960.0,20.74611,19,False
2025-12-10 23:00:00+00:00,20.72,20.75,20.72,20.72,9100.0,20.74887,19,False
2025-12-11 00:00:00+00:00,20.75,20.75,20.6888,20.7,2013.0,20.73056,9,False
2025-12-11 12:00:00+00:00,20.89,21.09,20.88,21.09,2957.0,20.96339,16,False
2025-12-11 13:00:00+00:00,20.89,21.1,20.41,20.7187,19579.0,20.89076,53,False
2025-12-11 14:00:00+00:00,20.71,20.71,19.69,19.7201,220769.0,19.93499,765,False
2025-12-11 15:00:00+00:00,19.75,20.05,19.58,19.81,328172.0,19.80492,1294,True
2025-12-11 16:00:00+00:00,19.8,19.9,19.37,19.47,139410.0,19.51733,569,True
2025-12-11 17:00:00+00:00,19.53,19.7,19.35,19.51,157229.0,19.51039,715,True
2025-12-11 18:00:00+00:00,19.53,19.98,19.5,19.8765,418047.0,19.62141,856,True
2025-12-11 19:00:00+00:00,19.84,19.94,19.68,19.835,57121.0,19.81518,343,True
2025-12-11 20:00:00+00:00,19.8,19.87,19.41,19.8,262164.0,19.61524,1212,True
2025-12-11 21:00:00+00:00,19.86,20.0,19.63,19.89,184438.0,19.71605,16,False
2025-12-11 22:00:00+00:00,19.89,19.89,19.85,19.85,1945.0,19.86871,7,False
2025-12-11 23:00:00+00:00,19.71,19.76,19.6,19.75,3218.0,19.64469,10,False
2025-12-12 00:00:00+00:00,19.9,19.9,19.9,19.9,590.0,19.9,1,False
2025-12-12 09:00:00+00:00,19.82,19.82,19.77,19.77,447.0,19.79796,2,False
2025-12-12 10:00:00+00:00,19.77,19.77,19.77,19.77,0.0,19.77,0,False
2025-12-12 11:00:00+00:00,19.77,19.77,19.77,19.77,0.0,19.77,0,False
2025-12-12 12:00:00+00:00,20.21,20.21,19.91,19.94,481.0,20.07216,3,False
2025-12-12 13:00:00+00:00,20.2576,20.2576,19.77,19.82,1560.0,19.88062,7,False
2025-12-12 14:00:00+00:00,19.9584,19.97,19.28,19.455,97008.0,19.50128,411,False
2025-12-12 15:00:00+00:00,19.455,19.475,18.86,18.86,263387.0,19.12099,1053,True
2025-12-12 16:00:00+00:00,18.96,19.1578,18.87,19.0603,94187.0,19.01225,517,True
2025-12-12 17:00:00+00:00,19.06,19.32,19.06,19.2,63497.0,19.18496,375,True
2025-12-12 18:00:00+00:00,19.19,19.4644,19.01,19.045,53519.0,19.25184,403,True
2025-12-12 19:00:00+00:00,19.05,19.065,18.5795,18.9029,172338.0,18.83705,1062,True
2025-12-12 20:00:00+00:00,18.945,18.945,18.51,18.63,129500.0,18.64612,738,True
2025-12-12 21:00:00+00:00,18.56,18.69,18.56,18.67,53295.0,18.56359,13,False
2025-12-12 22:00:00+00:00,18.56,18.56,18.56,18.56,200.0,18.56,1,False
2025-12-12 23:00:00+00:00,18.511,18.59,18.51,18.51,1853.0,18.533,4,False
2025-12-13 00:00:00+00:00,18.51,18.5136,18.51,18.5136,264.0,18.51224,2,False
2025-12-15 09:00:00+00:00,18.67,18.67,18.67,18.67,165.0,18.67,1,False
2025-12-15 10:00:00+00:00,18.67,18.67,18.67,18.67,0.0,18.67,0,False
2025-12-15 11:00:00+00:00,18.76,18.76,18.76,18.76,188.0,18.76,1,False
2025-12-15 12:00:00+00:00,18.7,18.7,18.7,18.7,159.0,18.7,1,False
2025-12-15 13:00:00+00:00,19.08,19.15,18.7,18.82,1761.0,18.87373,7,False
2025-12-15 14:00:00+00:00,18.82,18.82,17.74,18.49,180252.0,18.19941,622,False
2025-12-15 15:00:00+00:00,18.38,18.5,18.1,18.17,106458.0,18.27633,388,True
2025-12-15 16:00:00+00:00,18.26,18.515,18.1724,18.43,38446.0,18.36195,195,True
2025-12-15 17:00:00+00:00,18.44,18.86,18.37,18.83,93852.0,18.61333,255,True
2025-12-15 18:00:00+00:00,18.81,18.83,18.32,18.5599,36119.0,18.55166,211,True
2025-12-15 19:00:00+00:00,18.62,18.6399,18.44,18.44,17941.0,18.56016,120,True
2025-12-15 20:00:00+00:00,18.445,18.445,17.5,17.79,381417.0,17.77824,1904,True
2025-12-15 21:00:00+00:00,17.74,17.9,17.74,17.9,62725.0,17.74061,2,False
2025-12-15 22:00:00+00:00,17.78,17.78,17.5153,17.5153,434.0,17.57629,2,False
2025-12-15 23:00:00+00:00,17.5153,17.5153,17.5153,17.5153,0.0,17.5153,0,False
2025-12-16 00:00:00+00:00,17.74,17.78,17.51,17.51,3633.0,17.54204,5,False
2025-12-16 09:00:00+00:00,17.77,17.77,17.77,17.77,145.0,17.77,1,False
2025-12-16 10:00:00+00:00,17.8,17.87,17.8,17.87,220.0,17.83818,2,False
2025-12-16 11:00:00+00:00,17.87,17.87,17.87,17.87,0.0,17.87,0,False
2025-12-16 12:00:00+00:00,17.79,17.79,17.79,17.79,100.0,17.79,1,False
2025-12-16 13:00:00+00:00,17.735,17.8676,17.65,17.65,9323.0,17.75041,15,False
2025-12-16 14:00:00+00:00,17.53,18.2,17.36,17.87,81969.0,17.81399,234,False
2025-12-16 15:00:00+00:00,17.84,18.0482,17.415,17.77,145205.0,17.59979,572,True
2025-12-16 16:00:00+00:00,17.68,17.88,17.49,17.8,24029.0,17.68597,167,True
2025-12-16 17:00:00+00:00,17.78,17.9,17.57,17.66,36161.0,17.71263,144,True
2025-12-16 18:00:00+00:00,17.63,17.81,17.57,17.72,32566.0,17.64082,163,True
2025-12-16 19:00:00+00:00,17.725,17.815,17.5594,17.75,25097.0,17.64372,186,True
2025-12-16 20:00:00+00:00,17.79,17.92,17.71,17.81,171294.0,17.81141,812,True
2025-12-16 21:00:00+00:00,17.85,18.0,17.51,18.0,37551.0,17.84977,4,False
2025-12-16 22:00:00+00:00,17.92,17.92,17.7027,17.7027,405.0,17.78855,2,False
2025-12-16 23:00:00+00:00,17.84,17.85,17.8116,17.8499,900.0,17.84461,5,False
2025-12-17 00:00:00+00:00,17.75,17.75,17.75,17.75,195.0,17.75,1,False
2025-12-17 13:00:00+00:00,17.59,18.2,17.58,18.2,2304.0,17.67483,3,False
2025-12-17 14:00:00+00:00,18.14,18.489,17.745,17.86,51324.0,18.05003,180,False
2025-12-17 15:00:00+00:00,17.78,17.935,17.28,17.29,104245.0,17.57788,373,True
2025-12-17 16:00:00+00:00,17.28,17.66,17.25,17.5685,70063.0,17.41935,227,True
2025-12-17 17:00:00+00:00,17.6,17.66,17.23,17.27,31516.0,17.40623,137,True
2025-12-17 18:00:00+00:00,17.23,17.36,17.16,17.22,73095.0,17.23846,203,True
2025-12-17 19:00:00+00:00,17.24,17.31,17.15,17.31,70951.0,17.2129,257,True
2025-12-17 20:00:00+00:00,17.23,17.24,17.02,17.19,178604.0,17.14407,824,True
2025-12-17 21:00:00+00:00,17.15,17.33,17.04,17.15,56939.0,17.15053,13,False
2025-12-17 22:00:00+00:00,17.14,17.14,17.1,17.1,1010.0,17.11624,4,False
2025-12-17 23:00:00+00:00,17.1,17.1,17.1,17.1,0.0,17.1,0,False
2025-12-18 00:00:00+00:00,17.2,17.2,17.2,17.2,100.0,17.2,1,False
2025-12-18 11:00:00+00:00,17.36,17.36,17.36,17.36,250.0,17.36,2,False
2025-12-18 12:00:00+00:00,17.35,17.35,17.35,17.35,723.0,17.35,2,False
2025-12-18 13:00:00+00:00,17.345,17.73,17.2,17.2,5654.0,17.39966,20,False
2025-12-18 14:00:00+00:00,17.47,18.06,17.47,17.7954,82406.0,17.72104,184,False
2025-12-18 15:00:00+00:00,17.8558,18.05,17.2858,17.925,91960.0,17.76214,365,True
2025-12-18 16:00:00+00:00,17.97,18.06,17.8438,17.911,23161.0,17.94745,115,True
2025-12-18 17:00:00+00:00,17.89,18.03,17.71,17.95,48264.0,17.88979,187,True
2025-12-18 18:00:00+00:00,17.915,18.26,17.915,18.15,76529.0,18.09949,304,True
2025-12-18 19:00:00+00:00,18.15,18.21,17.87,17.93,55944.0,18.03399,377,True
2025-12-18 20:00:00+00:00,17.92,18.11,17.88,17.91,151290.0,18.00375,893,True
2025-12-18 21:00:00+00:00,17.89,18.0,17.89,18.0,148596.0,17.94589,4,False
2025-12-18 22:00:00+00:00,17.73,17.73,17.73,17.73,124.0,17.73,1,False
2025-12-18 23:00:00+00:00,17.76,17.76,17.76,17.76,104.0,17.76,1,False
2025-12-19 00:00:00+00:00,17.97,17.97,17.97,17.97,177.0,17.97,1,False
2025-12-19 13:00:00+00:00,17.95,18.3,17.95,17.97,1614.0,18.01363,5,False
2025-12-19 14:00:00+00:00,18.26,18.66,17.905,18.38,58791.0,18.28332,217,False
2025-12-19 15:00:00+00:00,18.41,18.4899,17.93,18.06,109859.0,18.14683,718,True
2025-12-19 16:00:00+00:00,18.05,18.35,18.01,18.17,123885.0,18.11383,623,True
2025-12-19 17:00:00+00:00,18.25,18.3,18.045,18.2899,49201.0,18.17266,286,True
2025-12-19 18:00:00+00:00,18.2355,18.95,18.225,18.8,95970.0,18.5373,518,True
2025-12-19 19:00:00+00:00,18.8,18.92,18.35,18.67,41538.0,18.68468,308,True
2025-12-19 20:00:00+00:00,18.63,18.88,18.31,18.38,152433.0,18.5218,1035,True
2025-12-19 21:00:00+00:00,18.37,18.37,18.37,18.37,641645.0,18.37,2,False
2025-12-19 22:00:00+00:00,18.51,18.51,18.5,18.5,400.0,18.5025,2,False
2025-12-19 23:00:00+00:00,18.5,18.5,18.5,18.5,0.0,18.5,0,False
2025-12-20 00:00:00+00:00,18.5,18.5,18.5,18.5,0.0,18.5,0,False
2025-12-22 09:00:00+00:00,18.51,18.51,18.42,18.5,592.0,18.46791,3,False
2025-12-22 10:00:00+00:00,18.5,18.5,18.5,18.5,0.0,18.5,0,False
2025-12-22 11:00:00+00:00,18.5,18.5,18.5,18.5,0.0,18.5,0,False
2025-12-22 12:00:00+00:00,18.5,18.5,18.5,18.5,0.0,18.5,0,False
2025-12-22 13:00:00+00:00,18.53,18.8,18.44,18.52,2332.0,18.54868,11,False
2025-12-22 14:00:00+00:00,18.56,18.99,18.15,18.42,70513.0,18.56893,178,False
2025-12-22 15:00:00+00:00,18.37,18.88,18.33,18.75,78843.0,18.63501,357,True
2025-12-22 16:00:00+00:00,18.7201,19.15,18.58,18.795,75776.0,18.83442,395,True
2025-12-22 17:00:00+00:00,18.7873,18.81,18.6075,18.795,30942.0,18.69676,114,True
2025-12-22 18:00:00+00:00,18.83,18.84,18.45,18.465,157652.0,18.65695,182,True
2025-12-22 19:00:00+00:00,18.43,18.635,18.39,18.56,17764.0,18.53721,130,True
2025-12-22 20:00:00+00:00,18.555,18.785,18.3,18.4,153912.0,18.48066,684,True
2025-12-22 21:00:00+00:00,18.38,18.4,18.38,18.38,26754.0,18.38007,3,False
2025-12-22 22:00:00+00:00,18.38,18.5,18.37,18.5,4328.0,18.38254,7,False
2025-12-22 23:00:00+00:00,18.58,18.58,18.58,18.58,109.0,18.58,1,False
2025-12-23 00:00:00+00:00,18.57,18.6,18.54,18.54,1464.0,18.57199,5,False
2025-12-23 09:00:00+00:00,18.4,18.4,18.4,18.4,200.0,18.4,2,False
2025-12-23 10:00:00+00:00,18.4,18.4,18.4,18.4,0.0,18.4,0,False
2025-12-23 11:00:00+00:00,18.4,18.4,18.4,18.4,0.0,18.4,0,False
2025-12-23 12:00:00+00:00,18.4,18.4,18.4,18.4,0.0,18.4,0,False
2025-12-23 13:00:00+00:00,18.41,18.72,18.38,18.4,3885.0,18.40825,8,False
2025-12-23 14:00:00+00:00,18.38,18.4999,18.0,18.15,39290.0,18.22183,81,False
2025-12-23 15:00:00+00:00,18.11,18.33,17.908,18.33,72469.0,18.07549,289,True
2025-12-23 16:00:00+00:00,18.295,18.51,18.2001,18.4,48661.0,18.36464,277,True
2025-12-23 17:00:00+00:00,18.415,18.415,18.07,18.08,37194.0,18.20518,210,True
2025-12-23 18:00:00+00:00,18.1,18.25,18.05,18.08,34991.0,18.14135,185,True
2025-12-23 19:00:00+00:00,18.07,18.18,17.965,18.11,51953.0,18.0644,238,True
2025-12-23 20:00:00+00:00,18.11,18.495,18.06,18.375,106609.0,18.22439,558,True
2025-12-23 21:00:00+00:00,18.34,18.34,18.27,18.31,56761.0,18.33982,3,False
2025-12-23 22:00:00+00:00,18.31,18.31,18.31,18.31,0.0,18.31,0,False
2025-12-23 23:00:00+00:00,18.31,18.31,18.31,18.31,0.0,18.31,0,False
2025-12-24 00:00:00+00:00,18.31,18.31,18.31,18.31,0.0,18.31,0,False
2025-12-24 13:00:00+00:00,18.31,18.34,18.21,18.21,629.0,18.29124,4,False
2025-12-24 14:00:00+00:00,18.21,18.21,17.88,18.11,40747.0,18.04288,64,False
2025-12-24 15:00:00+00:00,18.14,18.63,18.14,18.2,37926.0,18.35196,173,True
2025-12-24 16:00:00+00:00,18.15,18.3,18.14,18.26,10868.0,18.237,71,True
2025-12-24 17:00:00+00:00,18.26,18.48,18.26,18.47,31404.0,18.36361,239,True
2025-12-24 18:00:00+00:00,18.43,18.43,18.09,18.09,10889.0,18.42688,2,True
2025-12-24 19:00:00+00:00,18.09,18.09,18.09,18.09,0.0,18.09,0,True
2025-12-24 20:00:00+00:00,18.09,18.09,18.09,18.09,0.0,18.09,0,True
2025-12-24 21:00:00+00:00,18.09,18.09,18.09,18.09,0.0,18.09,0,False
2025-12-26 09:00:00+00:00,18.54,18.54,18.54,18.54,100.0,18.54,1,False
2025-12-26 10:00:00+00:00,18.54,18.54,18.54,18.54,0.0,18.54,0,False
2025-12-26 11:00:00+00:00,18.54,18.54,18.54,18.54,0.0,18.54,0,False
2025-12-26 12:00:00+00:00,18.54,18.54,18.54,18.54,0.0,18.54,0,False
2025-12-26 13:00:00+00:00,18.75,18.75,18.43,18.54,1100.0,18.65818,3,False
2025-12-26 14:00:00+00:00,18.22,18.43,17.82,18.0,81871.0,18.07329,173,False
2025-12-26 15:00:00+00:00,18.0,18.18,17.81,18.16,64203.0,17.96855,204,True
2025-12-26 16:00:00+00:00,18.1,18.31,18.0436,18.24,19405.0,18.17433,106,True
2025-12-26 17:00:00+00:00,18.232,18.36,18.12,18.26,29293.0,18.23917,125,True
2025-12-26 18:00:00+00:00,18.25,18.39,18.22,18.3,10629.0,18.30256,63,True
2025-12-26 19:00:00+00:00,18.34,18.38,18.13,18.18,54975.0,18.25894,202,True
2025-12-26 20:00:00+00:00,18.2,18.21,17.885,17.97,148995.0,18.00807,721,True
2025-12-26 21:00:00+00:00,17.95,17.95,17.9304,17.9304,57486.0,17.94997,2,False
2025-12-26 22:00:00+00:00,17.9425,18.09,17.9425,18.09,1052.0,17.96118,3,False
2025-12-26 23:00:00+00:00,17.9695,17.9695,17.9695,17.9695,334.0,17.9695,1,False
2025-12-27 00:00:00+00:00,17.9695,17.9695,17.9695,17.9695,0.0,17.9695,0,False
2025-12-29 13:00:00+00:00,17.81,17.9,17.58,17.58,2841.0,17.72772,10,False
2025-12-29 14:00:00+00:00,17.67,17.67,17.19,17.5,91590.0,17.36334,222,False
2025-12-29 15:00:00+00:00,17.57,17.67,17.4,17.5219,45550.0,17.5049,175,True
2025-12-29 16:00:00+00:00,17.55,17.815,17.5,17.69,46558.0,17.64929,184,True
2025-12-29 17:00:00+00:00,17.64,17.8,17.55,17.65,22601.0,17.61518,126,True
2025-12-29 18:00:00+00:00,17.68,17.76,17.578,17.6,22717.0,17.64332,132,True
2025-12-29 19:00:00+00:00,17.56,17.66,17.44,17.485,38343.0,17.53399,174,True
2025-12-29 20:00:00+00:00,17.48,17.57,17.21,17.31,134726.0,17.36278,768,True
2025-12-29 21:00:00+00:00,17.31,17.31,17.25,17.3056,43578.0,17.30938,4,False
2025-12-29 22:00:00+00:00,17.28,17.28,17.2687,17.2687,442.0,17.27466,3,False
2025-12-29 23:00:00+00:00,17.31,17.31,17.294,17.31,4400.0,17.30593,7,False
2025-12-30 00:00:00+00:00,17.3,17.31,17.2996,17.2996,3282.0,17.30671,8,False
2025-12-30 09:00:00+00:00,17.74,17.74,17.74,17.74,100.0,17.74,1,False
2025-12-30 10:00:00+00:00,17.74,17.74,17.74,17.74,0.0,17.74,0,False
2025-12-30 11:00:00+00:00,17.74,17.74,17.74,17.74,0.0,17.74,0,False
2025-12-30 12:00:00+00:00,17.74,17.74,17.74,17.74,0.0,17.74,0,False
2025-12-30 13:00:00+00:00,17.31,17.35,17.31,17.35,462.0,17.31866,2,False
2025-12-30 14:00:00+00:00,17.33,17.56,17.22,17.56,67291.0,17.35024,183,False
2025-12-30 15:00:00+00:00,17.51,17.66,17.287,17.61,82286.0,17.46802,254,True
2025-12-30 16:00:00+00:00,17.61,17.61,17.37,17.41,33270.0,17.52895,167,True
2025-12-30 17:00:00+00:00,17.4472,17.5,17.39,17.445,20291.0,17.44101,113,True
2025-12-30 18:00:00+00:00,17.45,17.6085,17.4201,17.5202,27337.0,17.52351,139,True
2025-12-30 19:00:00+00:00,17.53,17.54,17.25,17.34,37591.0,17.37055,179,True
2025-12-30 20:00:00+00:00,17.31,17.34,17.02,17.1,220081.0,17.16727,896,True
2025-12-30 21:00:00+00:00,17.12,17.12,17.12,17.12,39822.0,17.12,1,False
2025-12-30 22:00:00+00:00,17.12,17.12,17.12,17.12,0.0,17.12,0,False
2025-12-30 23:00:00+00:00,17.12,17.12,17.12,17.12,0.0,17.12,0,False
2025-12-31 00:00:00+00:00,17.12,17.12,17.12,17.12,0.0,17.12,0,False
2025-12-31 13:00:00+00:00,17.2,17.2,17.12,17.12,1894.0,17.12427,2,False
2025-12-31 14:00:00+00:00,17.12,17.4,16.75,17.3,98187.0,16.97601,260,False
2025-12-31 15:00:00+00:00,17.325,17.36,17.08,17.13,48291.0,17.18695,210,True
2025-12-31 16:00:00+00:00,17.13,17.43,17.13,17.385,57217.0,17.36403,221,True
2025-12-31 17:00:00+00:00,17.37,17.58,17.34,17.56,31280.0,17.46503,175,True
2025-12-31 18:00:00+00:00,17.56,17.56,17.24,17.29,63676.0,17.35176,377,True
2025-12-31 19:00:00+00:00,17.25,17.29,17.09,17.14,74694.0,17.1581,360,True
2025-12-31 20:00:00+00:00,17.125,17.41,16.97,17.41,195531.0,17.08968,750,True
2025-12-31 21:00:00+00:00,17.41,17.41,17.3804,17.3804,36752.0,17.40988,2,False
2025-12-31 22:00:00+00:00,17.3,17.3,17.3,17.3,175.0,17.3,1,False
2025-12-31 23:00:00+00:00,17.3,17.3,17.3,17.3,0.0,17.3,0,False
2026-01-01 00:00:00+00:00,17.2513,17.41,17.2513,17.3,1206.0,17.37642,5,False
2026-01-02 11:00:00+00:00,17.51,17.51,17.5,17.5,300.0,17.50333,2,False
2026-01-02 12:00:00+00:00,17.5,17.57,17.5,17.57,1955.0,17.50358,3,False
2026-01-02 13:00:00+00:00,17.5888,17.81,17.41,17.74,6099.0,17.63992,29,False
2026-01-02 14:00:00+00:00,17.74,18.219,17.61,18.14,93868.0,18.02086,222,False
2026-01-02 15:00:00+00:00,18.15,18.81,18.04,18.555,130886.0,18.4789,425,True
2026-01-02 16:00:00+00:00,18.64,19.07,18.4,18.63,135546.0,18.69203,688,True
2026-01-02 17:00:00+00:00,18.5995,18.76,18.55,18.7,25948.0,18.66298,152,True
2026-01-02 18:00:00+00:00,18.705,18.96,18.64,18.73,50273.0,18.82927,237,True
2026-01-02 19:00:00+00:00,18.775,18.97,18.73,18.88,38592.0,18.87188,180,True
2026-01-02 20:00:00+00:00,18.86,19.2,18.8,18.98,140050.0,19.00794,875,True
2026-01-02 21:00:00+00:00,18.93,19.06,18.93,19.0078,52897.0,18.93172,4,False
2026-01-02 22:00:00+00:00,18.9287,18.9287,18.9287,18.9287,138.0,18.9287,1,False
2026-01-02 23:00:00+00:00,18.83,18.9299,18.83,18.92,5320.0,18.92765,4,False
2026-01-03 00:00:00+00:00,18.91,18.92,18.91,18.92,400.0,18.915,2,False
2026-01-05 09:00:00+00:00,18.81,18.81,18.81,18.81,674.0,18.81,2,False
2026-01-05 10:00:00+00:00,18.82,18.85,18.82,18.85,2258.0,18.83771,6,False
2026-01-05 11:00:00+00:00,18.86,18.86,18.66,18.66,729.0,18.78993,3,False
2026-01-05 12:00:00+00:00,18.85,18.99,18.84,18.99,726.0,18.89409,4,False
2026-01-05 13:00:00+00:00,18.65,19.01,18.65,18.86,5732.0,18.86444,18,False
2026-01-05 14:00:00+00:00,18.866,19.255,18.6001,19.02,66250.0,18.98473,230,False
2026-01-05 15:00:00+00:00,18.9901,19.45,18.9187,19.15,91953.0,19.21042,448,True
2026-01-05 16:00:00+00:00,19.11,19.29,18.87,18.87,31930.0,19.12205,178,True
2026-01-05 17:00:00+00:00,18.895,18.905,18.55,18.69,37917.0,18.7216,193,True
2026-01-05 18:00:00+00:00,18.69,18.84,18.57,18.725,19370.0,18.67592,113,True
2026-01-05 19:00:00+00:00,18.74,18.955,18.691,18.88,28007.0,18.84371,176,True
2026-01-05 20:00:00+00:00,18.89,18.92,18.03,18.03,183502.0,18.26131,1191,True
2026-01-05 21:00:00+00:00,17.98,18.29,17.98,18.29,74458.0,17.98348,17,False
2026-01-05 22:00:00+00:00,18.29,18.29,18.0,18.0,1550.0,18.20065,4,False
2026-01-05 23:00:00+00:00,18.15,18.15,18.11,18.11,400.0,18.14,2,False
2026-01-06 00:00:00+00:00,18.21,18.21,18.2,18.2,1074.0,18.20162,2,False
2026-01-06 09:00:00+00:00,18.17,18.17,18.17,18.17,318.0,18.17,1,False
2026-01-06 10:00:00+00:00,18.04,18.04,18.04,18.04,100.0,18.04,1,False
2026-01-06 11:00:00+00:00,18.04,18.04,18.04,18.04,0.0,18.04,0,False
2026-01-06 12:00:00+00:00,18.04,18.04,18.04,18.04,0.0,18.04,0,False
2026-01-06 13:00:00+00:00,18.06,18.28,18.06,18.13,1908.0,18.17094,9,False
2026-01-06 14:00:00+00:00,18.22,19.9799,18.14,19.555,262326.0,19.44024,786,False
2026-01-06 15:00:00+00:00,19.55,19.68,19.2176,19.2176,130120.0,19.47084,571,True
2026-01-06 16:00:00+00:00,19.26,19.635,19.25,19.25,106036.0,19.41099,547,True
2026-01-06 17:00:00+00:00,19.26,19.56,19.17,19.21,487067.0,19.2455,377,True
2026-01-06 18:00:00+00:00,19.21,19.535,19.21,19.326,58559.0,19.4012,376,True
2026-01-06 19:00:00+00:00,19.34,19.76,19.24,19.75,71000.0,19.44989,413,True
2026-01-06 20:00:00+00:00,19.745,19.84,19.615,19.7,184930.0,19.74553,938,True
2026-01-06 21:00:00+00:00,19.7,19.74,19.7,19.71,32751.0,19.70028,8,False
2026-01-06 22:00:00+00:00,19.8784,19.8784,19.7,19.7,2590.0,19.73447,7,False
2026-01-06 23:00:00+00:00,19.71,19.88,19.71,19.88,1306.0,19.82456,4,False
2026-01-07 00:00:00+00:00,19.76,19.76,19.71,19.71,2699.0,19.7487,7,False
2026-01-07 09:00:00+00:00,19.75,19.78,19.72,19.78,707.0,19.74141,4,False
2026-01-07 10:00:00+00:00,19.78,19.78,19.78,19.78,0.0,19.78,0,False
2026-01-07 11:00:00+00:00,19.78,19.78,19.78,19.78,0.0,19.78,0,False
2026-01-07 12:00:00+00:00,19.66,19.77,19.66,19.77,300.0,19.73333,2,False
2026-01-07 13:00:00+00:00,19.76,19.8,19.64,19.77,2560.0,19.72437,14,False
2026-01-07 14:00:00+00:00,19.79,19.8,18.85,19.0806,137430.0,19.29257,292,False
2026-01-07 15:00:00+00:00,19.085,19.5,19.01,19.324,73602.0,19.28775,314,True
2026-01-07 16:00:00+00:00,19.31,19.5,19.24,19.34,33242.0,19.34702,170,True
2026-01-07 17:00:00+00:00,19.4,19.61,19.36,19.535,49968.0,19.50131,186,True
2026-01-07 18:00:00+00:00,19.52,19.63,19.3,19.3801,40025.0,19.53001,189,True
2026-01-07 19:00:00+00:00,19.31,19.935,19.3,19.74,65059.0,19.66121,301,True
2026-01-07 20:00:00+00:00,19.77,19.88,19.58,19.685,127055.0,19.72615,742,True
2026-01-07 21:00:00+00:00,19.68,19.8235,19.68,19.8235,33287.0,19.68086,2,False
2026-01-07 22:00:00+00:00,19.8235,19.8235,19.8235,19.8235,0.0,19.8235,0,False
2026-01-07 23:00:00+00:00,19.8235,19.8235,19.8235,19.8235,0.0,19.8235,0,False
2026-01-08 00:00:00+00:00,19.8235,19.8235,19.8235,19.8235,0.0,19.8235,0,False
2026-01-08 10:00:00+00:00,19.66,19.66,19.66,19.66,192.0,19.66,1,False
2026-01-08 11:00:00+00:00,19.66,19.66,19.66,19.66,0.0,19.66,0,False
2026-01-08 12:00:00+00:00,19.54,19.54,19.5,19.5,434.0,19.52304,2,False
2026-01-08 13:00:00+00:00,19.5,19.79,19.5,19.75,1015.0,19.69443,5,False
2026-01-08 14:00:00+00:00,19.68,19.8078,18.95,18.95,33302.0,19.27995,119,False
2026-01-08 15:00:00+00:00,18.93,19.095,18.7045,18.825,74823.0,18.93236,353,True
2026-01-08 16:00:00+00:00,18.77,18.99,18.72,18.755,41201.0,18.83426,180,True
2026-01-08 17:00:00+00:00,18.775,18.93,18.73,18.89,41133.0,18.8111,253,True
2026-01-08 18:00:00+00:00,18.87,18.93,18.75,18.82,38313.0,18.82939,205,True
2026-01-08 19:00:00+00:00,18.79,18.92,18.76,18.76,35949.0,18.83854,223,True
2026-01-08 20:00:00+00:00,18.75,18.88,18.58,18.88,157951.0,18.713,867,True
2026-01-08 21:00:00+00:00,18.88,18.88,18.88,18.88,37650.0,18.88,1,False
2026-01-08 22:00:00+00:00,18.7,18.9,18.7,18.9,1687.0,18.8182,3,False
2026-01-08 23:00:00+00:00,18.81,18.94,18.81,18.94,358.0,18.88263,3,False
2026-01-09 00:00:00+00:00,18.7137,18.94,18.7137,18.94,3226.0,18.79938,5,False
2026-01-09 10:00:00+00:00,19.21,19.22,19.21,19.22,413.0,19.21395,2,False
2026-01-09 11:00:00+00:00,19.22,19.22,19.22,19.22,0.0,19.22,0,False
2026-01-09 12:00:00+00:00,18.88,18.88,18.7,18.83,3419.0,18.74931,28,False
2026-01-09 13:00:00+00:00,18.83,19.0,18.83,18.97,1983.0,18.95322,6,False
2026-01-09 14:00:00+00:00,19.0,19.32,18.91,18.99,47199.0,19.13958,160,False
2026-01-09 15:00:00+00:00,19.0,19.04,18.56,18.57,127354.0,18.76463,569,True
2026-01-09 16:00:00+00:00,18.57,18.6999,18.51,18.63,50078.0,18.60042,272,True
2026-01-09 17:00:00+00:00,18.63,18.8222,18.62,18.71,46679.0,18.73233,213,True
2026-01-09 18:00:00+00:00,18.7,19.0,18.64,18.95,36463.0,18.83819,230,True
2026-01-09 19:00:00+00:00,18.95,19.1301,18.7,18.7,47949.0,18.92955,285,True
2026-01-09 20:00:00+00:00,18.71,18.8,18.6,18.6,121965.0,18.7014,753,True
2026-01-09 21:00:00+00:00,18.6,18.6,18.6,18.6,28633.0,18.6,2,False
2026-01-09 22:00:00+00:00,18.6,18.6,18.6,18.6,0.0,18.6,0,False
2026-01-09 23:00:00+00:00,18.97,18.97,18.97,18.97,200.0,18.97,1,False
2026-01-10 00:00:00+00:00,18.97,18.97,18.97,18.97,0.0,18.97,0,False
2026-01-12 09:00:00+00:00,18.61,18.61,18.6,18.6,470.0,18.60426,2,False
2026-01-12 10:00:00+00:00,18.6,18.6,18.6,18.6,0.0,18.6,0,False
2026-01-12 11:00:00+00:00,18.6,18.6,18.6,18.6,100.0,18.6,1,False
2026-01-12 12:00:00+00:00,18.62,18.62,18.6,18.6,352.0,18.60847,2,False
2026-01-12 13:00:00+00:00,18.6,19.0,18.36,18.42,4027.0,18.61145,17,False
2026-01-12 14:00:00+00:00,18.4,18.9,18.21,18.835,131592.0,18.55554,501,False
2026-01-12 15:00:00+00:00,18.835,18.8495,18.13,18.15,88021.0,18.49626,469,True
2026-01-12 16:00:00+00:00,18.155,18.4099,18.07,18.36,102154.0,18.2173,414,True
2026-01-12 17:00:00+00:00,18.35,18.385,18.19,18.24,44801.0,18.267,188,True
2026-01-12 18:00:00+00:00,18.23,18.41,18.15,18.34,52235.0,18.2727,299,True
2026-01-12 19:00:00+00:00,18.34,18.39,18.2884,18.33,56846.0,18.33567,312,True
2026-01-12 20:00:00+00:00,18.3152,18.42,18.23,18.41,111447.0,18.31757,744,True
2026-01-12 21:00:00+00:00,18.42,18.58,18.21,18.21,42013.0,18.41796,4,False
2026-01-12 22:00:00+00:00,18.21,18.21,18.21,18.21,151.0,18.21,1,False
2026-01-12 23:00:00+00:00,18.21,18.21,18.21,18.21,0.0,18.21,0,False
2026-01-13 00:00:00+00:00,18.21,18.21,18.21,18.21,0.0,18.21,0,False
2026-01-13 09:00:00+00:00,18.43,18.43,18.43,18.43,128.0,18.43,1,False
2026-01-13 10:00:00+00:00,18.43,18.43,18.43,18.43,0.0,18.43,0,False
2026-01-13 11:00:00+00:00,18.5,18.5,18.5,18.5,100.0,18.5,1,False
2026-01-13 12:00:00+00:00,18.5,18.5,18.5,18.5,0.0,18.5,0,False
2026-01-13 13:00:00+00:00,18.58,18.9337,18.36,18.85,21217.0,18.64318,42,False
2026-01-13 14:00:00+00:00,18.8266,20.2,18.71,19.85,344888.0,19.63821,1398,False
2026-01-13 15:00:00+00:00,19.815,19.8799,19.1,19.25,246824.0,19.43837,994,True
2026-01-13 16:00:00+00:00,19.2181,19.3649,18.97,19.035,89177.0,19.16762,437,True
2026-01-13 17:00:00+00:00,18.98,19.06,18.8517,19.02,54316.0,18.96402,333,True
2026-01-13 18:00:00+00:00,19.04,19.27,18.9753,19.02,51097.0,19.10336,288,True
2026-01-13 19:00:00+00:00,19.02,19.625,19.02,19.625,139200.0,19.27899,626,True
2026-01-13 20:00:00+00:00,19.65,19.72,19.31,19.49,200666.0,19.47869,1173,True
2026-01-13 21:00:00+00:00,19.51,19.57,19.3,19.54,36425.0,19.50956,12,False
2026-01-13 22:00:00+00:00,19.3,19.3,19.25,19.25,5222.0,19.25438,3,False
2026-01-13 23:00:00+00:00,19.54,19.54,19.54,19.54,100.0,19.54,1,False
2026-01-14 00:00:00+00:00,19.54,19.54,19.54,19.54,100.0,19.54,1,False
2026-01-14 10:00:00+00:00,19.5,19.5,19.5,19.5,128.0,19.5,1,False
2026-01-14 11:00:00+00:00,19.44,19.44,19.44,19.44,200.0,19.44,1,False
2026-01-14 12:00:00+00:00,19.39,19.39,19.39,19.39,100.0,19.39,1,False
2026-01-14 13:00:00+00:00,19.38,19.64,19.24,19.5,5122.0,19.47253,9,False
2026-01-14 14:00:00+00:00,19.51,20.6,19.25,19.735,179415.0,19.86281,754,False
2026-01-14 15:00:00+00:00,19.73,19.9,19.19,19.7391,261899.0,19.60226,1085,True
2026-01-14 16:00:00+00:00,19.75,20.03,19.619,19.619,105963.0,19.88852,578,True
2026-01-14 17:00:00+00:00,19.6525,19.74,19.35,19.35,41342.0,19.55159,216,True
2026-01-14 18:00:00+00:00,19.33,19.49,19.21,19.49,48730.0,19.33589,211,True
2026-01-14 19:00:00+00:00,19.475,19.52,19.26,19.46,82854.0,19.41931,388,True
2026-01-14 20:00:00+00:00,19.46,19.52,19.33,19.49,129314.0,19.44925,806,True
2026-01-14 21:00:00+00:00,19.49,19.49,19.49,19.49,28823.0,19.49,2,False
2026-01-14 22:00:00+00:00,19.3,19.33,19.3,19.33,1028.0,19.32577,2,False
2026-01-14 23:00:00+00:00,19.6,19.6,19.6,19.6,200.0,19.6,1,False
2026-01-15 00:00:00+00:00,19.31,19.31,19.31,19.31,189.0,19.31,1,False
2026-01-15 09:00:00+00:00,19.51,19.7,19.51,19.7,789.0,19.66408,5,False
2026-01-15 10:00:00+00:00,19.7,19.7,19.7,19.7,0.0,19.7,0,False
2026-01-15 11:00:00+00:00,19.7,19.7,19.7,19.7,0.0,19.7,0,False
2026-01-15 12:00:00+00:00,19.78,19.82,19.78,19.82,959.0,19.79506,4,False
2026-01-15 13:00:00+00:00,19.77,19.9643,19.3742,19.89,10031.0,19.85341,25,False
2026-01-15 14:00:00+00:00,19.7729,20.0,19.5,19.64,120958.0,19.7441,450,False
2026-01-15 15:00:00+00:00,19.51,20.5599,19.465,20.4899,243199.0,20.21521,951,True
2026-01-15 16:00:00+00:00,20.48,20.88,20.47,20.705,171599.0,20.71112,811,True
2026-01-15 17:00:00+00:00,20.705,20.85,20.37,20.42,99016.0,20.6475,512,True
2026-01-15 18:00:00+00:00,20.4201,20.48,20.04,20.425,106765.0,20.21629,492,True
2026-01-15 19:00:00+00:00,20.44,20.5,20.095,20.22,123837.0,20.23201,537,True
2026-01-15 20:00:00+00:00,20.17,20.2778,19.89,19.92,192273.0,20.02221,1120,True
2026-01-15 21:00:00+00:00,19.96,19.96,19.9,19.9,29887.0,19.91946,4,False
2026-01-15 22:00:00+00:00,20.29,20.29,20.29,20.29,210.0,20.29,1,False
2026-01-15 23:00:00+00:00,20.29,20.29,20.29,20.29,0.0,20.29,0,False
2026-01-16 00:00:00+00:00,20.29,20.29,20.29,20.29,0.0,20.29,0,False
2026-01-16 10:00:00+00:00,20.71,20.77,20.56,20.71,1578.0,20.69326,7,False
2026-01-16 11:00:00+00:00,20.76,20.76,20.69,20.69,590.0,20.72593,3,False
2026-01-16 12:00:00+00:00,20.64,20.64,20.34,20.45,5781.0,20.48363,26,False
2026-01-16 13:00:00+00:00,20.76,20.83,20.35,20.5,11421.0,20.58163,43,False
2026-01-16 14:00:00+00:00,20.46,20.76,19.73,20.01,191404.0,20.21189,750,False
2026-01-16 15:00:00+00:00,19.97,20.49,19.96,20.31,147376.0,20.29512,716,True
2026-01-16 16:00:00+00:00,20.31,20.435,20.2,20.27,110362.0,20.34575,661,True
2026-01-16 17:00:00+00:00,20.3092,20.52,20.24,20.44,161339.0,20.38787,611,True
2026-01-16 18:00:00+00:00,20.45,20.73,20.21,20.24,188730.0,20.4893,833,True
2026-01-16 19:00:00+00:00,20.26,20.5791,20.11,20.455,215185.0,20.42331,1259,True
2026-01-16 20:00:00+00:00,20.41,21.0099,20.35,20.35,470822.0,20.59819,2388,True
2026-01-16 21:00:00+00:00,20.35,20.77,20.35,20.5791,59703.0,20.35602,6,False
2026-01-16 22:00:00+00:00,20.57,20.57,20.57,20.57,311.0,20.57,2,False
2026-01-16 23:00:00+00:00,20.57,20.57,20.57,20.57,0.0,20.57,0,False
2026-01-17 00:00:00+00:00,20.57,20.57,20.57,20.57,0.0,20.57,0,False
2026-01-20 09:00:00+00:00,19.52,19.59,19.52,19.59,766.0,19.55655,3,False
2026-01-20 10:00:00+00:00,19.57,19.57,19.52,19.52,200.0,19.545,2,False
2026-01-20 11:00:00+00:00,19.84,19.84,19.84,19.84,100.0,19.84,1,False
2026-01-20 12:00:00+00:00,19.9,19.92,19.9,19.92,250.0,19.908,2,False
2026-01-20 13:00:00+00:00,19.9398,20.0,19.4,19.72,12981.0,19.7987,29,False
2026-01-20 14:00:00+00:00,19.7567,20.695,19.5412,20.06,167482.0,20.15357,581,False
2026-01-20 15:00:00+00:00,20.06,20.1561,19.8709,20.02,170792.0,20.027,641,True
2026-01-20 16:00:00+00:00,20.11,21.99,20.11,21.92,291565.0,21.18439,1186,True
2026-01-20 17:00:00+00:00,21.9,22.0,21.05,21.28,254415.0,21.51475,1233,True
2026-01-20 18:00:00+00:00,21.275,21.335,20.41,20.4419,85773.0,20.8555,427,True
2026-01-20 19:00:00+00:00,20.495,20.6099,20.16,20.4,65117.0,20.34709,392,True
2026-01-20 20:00:00+00:00,20.41,20.925,20.31,20.49,244469.0,20.59481,1270,True
2026-01-20 21:00:00+00:00,20.5,20.6,20.5,20.5,448172.0,20.50004,9,False
2026-01-20 22:00:00+00:00,20.5,20.5,20.5,20.5,367.0,20.5,2,False
2026-01-20 23:00:00+00:00,20.53,20.89,20.49,20.89,2137.0,20.52181,6,False
2026-01-21 00:00:00+00:00,20.82,20.82,20.82,20.82,100.0,20.82,1,False
2026-01-21 09:00:00+00:00,20.62,20.62,20.62,20.62,183.0,20.62,1,False
2026-01-21 10:00:00+00:00,20.62,20.62,20.46,20.46,4392.0,20.51257,15,False
2026-01-21 11:00:00+00:00,20.46,20.46,20.46,20.46,103.0,20.46,1,False
2026-01-21 12:00:00+00:00,20.4,20.41,20.4,20.4,1102.0,20.40113,5,False
2026-01-21 13:00:00+00:00,20.4554,20.51,20.16,20.16,3770.0,20.37419,9,False
2026-01-21 14:00:00+00:00,20.27,20.69,19.7,19.925,176432.0,20.09631,670,False
2026-01-21 15:00:00+00:00,19.96,20.4701,19.911,20.21,199916.0,20.24692,1154,True
2026-01-21 16:00:00+00:00,20.18,20.3399,19.18,19.21,260527.0,19.62656,1196,True
2026-01-21 17:00:00+00:00,19.21,19.23,18.58,18.66,270848.0,18.85518,1098,True
2026-01-21 18:00:00+00:00,18.68,19.08,18.49,19.08,169311.0,18.65562,799,True
2026-01-21 19:00:00+00:00,19.045,19.5,18.95,19.4,230729.0,19.24112,1264,True
2026-01-21 20:00:00+00:00,19.4,19.55,19.225,19.465,310603.0,19.41682,1933,True
2026-01-21 21:00:00+00:00,19.48,19.6351,18.95,19.6351,44735.0,19.43276,14,False
2026-01-21 22:00:00+00:00,19.49,19.49,19.48,19.48,300.0,19.48333,2,False
2026-01-21 23:00:00+00:00,19.52,19.6,19.5,19.6,4578.0,19.51535,13,False
2026-01-22 00:00:00+00:00,19.71,19.75,19.7,19.75,3770.0,19.72679,10,False
2026-01-22 09:00:00+00:00,19.68,19.71,19.68,19.69,1400.0,19.69071,9,False
2026-01-22 10:00:00+00:00,19.76,19.76,19.76,19.76,200.0,19.76,1,False
2026-01-22 11:00:00+00:00,19.77,19.77,19.74,19.74,600.0,19.76,2,False
2026-01-22 12:00:00+00:00,19.74,19.74,19.74,19.74,0.0,19.74,0,False
2026-01-22 13:00:00+00:00,19.69,19.88,19.68,19.69,4357.0,19.76477,14,False
2026-01-22 14:00:00+00:00,19.78,20.81,18.91,20.74,462022.0,19.93396,1589,False
2026-01-22 15:00:00+00:00,20.67,20.71,19.8,20.11,173537.0,20.03873,702,True
2026-01-22 16:00:00+00:00,20.1092,20.26,19.5,19.64,117400.0,19.77601,595,True
2026-01-22 17:00:00+00:00,19.73,19.82,19.52,19.725,71865.0,19.64581,414,True
2026-01-22 18:00:00+00:00,19.725,19.89,19.51,19.5914,79040.0,19.64301,425,True
2026-01-22 19:00:00+00:00,19.595,19.67,19.23,19.43,136781.0,19.42238,750,True
2026-01-22 20:00:00+00:00,19.43,19.5,19.0,19.18,241584.0,19.23118,1329,True
2026-01-22 21:00:00+00:00,19.18,19.36,19.18,19.2265,44882.0,19.18117,5,False
2026-01-22 22:00:00+00:00,19.27,19.29,19.1,19.11,2102.0,19.16093,5,False
2026-01-22 23:00:00+00:00,19.18,19.18,19.1,19.1,482.0,19.14419,3,False
2026-01-23 00:00:00+00:00,19.36,19.63,19.28,19.28,800.0,19.34875,5,False
2026-01-23 09:00:00+00:00,19.22,19.3,19.21,19.21,950.0,19.22579,5,False
2026-01-23 10:00:00+00:00,19.21,19.21,19.21,19.21,0.0,19.21,0,False
2026-01-23 11:00:00+00:00,19.22,19.25,19.19,19.25,747.0,19.22012,5,False
2026-01-23 12:00:00+00:00,19.26,19.71,19.23,19.71,3419.0,19.29124,11,False
2026-01-23 13:00:00+00:00,19.4,19.63,19.2579,19.3016,2581.0,19.31755,11,False
2026-01-23 14:00:00+00:00,19.35,19.42,18.6501,18.86,83795.0,18.96406,290,False
2026-01-23 15:00:00+00:00,18.79,18.88,18.5,18.78,129585.0,18.65921,555,True
2026-01-23 16:00:00+00:00,18.8,18.8,18.15,18.2003,127872.0,18.46204,472,True
2026-01-23 17:00:00+00:00,18.17,18.315,17.95,18.03,148861.0,18.14561,650,True
2026-01-23 18:00:00+00:00,18.0338,18.14,17.8847,17.96,146533.0,18.02127,470,True
2026-01-23 19:00:00+00:00,17.935,18.01,17.78,17.96,113866.0,17.86892,468,True
2026-01-23 20:00:00+00:00,17.92,18.0,17.66,18.0,226163.0,17.83372,1277,True
2026-01-23 21:00:00+00:00,17.96,18.09,17.96,18.05,42332.0,17.96359,11,False
2026-01-23 22:00:00+00:00,18.01,18.0179,17.9,18.0179,3512.0,17.99272,8,False
2026-01-23 23:00:00+00:00,17.89,18.0,17.89,18.0,1676.0,17.95788,5,False
2026-01-24 00:00:00+00:00,18.0173,18.0173,17.9,17.95,1199.0,17.97389,3,False
2026-01-26 09:00:00+00:00,18.0,18.0,17.97,17.97,350.0,17.99143,2,False
2026-01-26 10:00:00+00:00,17.92,17.92,17.92,17.92,426.0,17.92,1,False
2026-01-26 11:00:00+00:00,18.0,18.01,17.97,17.97,988.0,17.99383,5,False
2026-01-26 12:00:00+00:00,18.0,18.13,17.99,18.05,5008.0,18.0238,15,False
2026-01-26 13:00:00+00:00,18.15,18.29,17.95,17.98,6047.0,18.05392,22,False
2026-01-26 14:00:00+00:00,18.0,18.0,16.9267,17.17,228302.0,17.33336,758,False
2026-01-26 15:00:00+00:00,17.2,17.29,17.0,17.15,210510.0,17.12847,818,True
2026-01-26 16:00:00+00:00,17.14,17.23,17.032,17.07,86649.0,17.10055,419,True
2026-01-26 17:00:00+00:00,17.06,17.4499,16.96,17.43,131279.0,17.13235,587,True
2026-01-26 18:00:00+00:00,17.41,17.73,17.4,17.56,72790.0,17.59788,453,True
2026-01-26 19:00:00+00:00,17.56,17.58,17.37,17.37,51154.0,17.51604,353,True
2026-01-26 20:00:00+00:00,17.33,17.5,17.27,17.38,181531.0,17.41373,1070,True
2026-01-26 21:00:00+00:00,17.4,17.59,17.4,17.46,29823.0,17.40084,3,False
2026-01-26 22:00:00+00:00,17.55,17.6,17.55,17.6,1224.0,17.57038,2,False
2026-01-26 23:00:00+00:00,17.1581,17.1581,17.1,17.1,885.0,17.13282,3,False
2026-01-27 00:00:00+00:00,17.41,17.41,17.41,17.41,268.0,17.41,1,False
2026-01-27 10:00:00+00:00,17.46,17.46,17.46,17.46,179.0,17.46,1,False
2026-01-27 11:00:00+00:00,17.46,17.46,17.46,17.46,0.0,17.46,0,False
2026-01-27 12:00:00+00:00,17.46,17.46,17.46,17.46,0.0,17.46,0,False
2026-01-27 13:00:00+00:00,17.65,17.66,17.62,17.63,850.0,17.63602,6,False
2026-01-27 14:00:00+00:00,17.49,18.05,17.49,17.79,146226.0,17.83099,655,False
2026-01-27 15:00:00+00:00,17.72,17.7999,17.2,17.457,86105.0,17.5063,452,True
2026-01-27 16:00:00+00:00,17.43,17.5899,17.35,17.5899,52253.0,17.48717,205,True
2026-01-27 17:00:00+00:00,17.575,17.6599,17.2602,17.515,71522.0,17.43559,408,True
2026-01-27 18:00:00+00:00,17.52,17.9025,17.52,17.9,50668.0,17.7536,301,True
2026-01-27 19:00:00+00:00,17.89,18.19,17.87,18.13,89448.0,18.06474,435,True
2026-01-27 20:00:00+00:00,18.105,18.36,17.9298,18.0,181517.0,18.09313,1159,True
2026-01-27 21:00:00+00:00,18.02,18.23,17.8671,18.15,41077.0,18.00799,25,False
2026-01-27 22:00:00+00:00,18.22,18.22,18.22,18.22,100.0,18.22,1,False
2026-01-27 23:00:00+00:00,18.2,18.3,18.19,18.3,5774.0,18.22432,7,False
2026-01-28 00:00:00+00:00,18.29,18.29,18.18,18.18,296.0,18.23574,2,False
2026-01-28 09:00:00+00:00,18.3,18.3,18.3,18.3,226.0,18.3,1,False
2026-01-28 10:00:00+00:00,18.3,18.3,18.3,18.3,0.0,18.3,0,False
2026-01-28 11:00:00+00:00,18.37,18.37,18.35,18.35,613.0,18.35653,2,False
2026-01-28 12:00:00+00:00,18.21,18.29,18.21,18.29,290.0,18.26241,2,False
2026-01-28 13:00:00+00:00,18.4,18.45,17.98,18.25,2764.0,18.2733,12,False
2026-01-28 14:00:00+00:00,18.26,18.69,17.912,17.9901,141248.0,18.29117,475,False
2026-01-28 15:00:00+00:00,17.99,18.124,17.85,17.9,92867.0,17.99107,411,True
2026-01-28 16:00:00+00:00,17.8851,18.02,17.75,17.87,48874.0,17.90538,340,True
2026-01-28 17:00:00+00:00,17.87,18.08,17.87,17.93,45018.0,17.99203,251,True
2026-01-28 18:00:00+00:00,17.91,18.36,17.89,18.0699,44726.0,18.11467,262,True
2026-01-28 19:00:00+00:00,18.0,18.0802,17.75,17.85,58745.0,17.9446,405,True
2026-01-28 20:00:00+00:00,17.83,17.885,17.4,17.48,202036.0,17.6101,1289,True
2026-01-28 21:00:00+00:00,17.46,17.85,17.46,17.74,50805.0,17.47448,7,False
2026-01-28 22:00:00+00:00,17.4601,17.62,17.46,17.46,2100.0,17.46769,3,False
2026-01-28 23:00:00+00:00,17.46,17.46,17.46,17.46,0.0,17.46,0,False
2026-01-29 00:00:00+00:00,17.52,17.6,17.52,17.52,795.0,17.53006,4,False
2026-01-29 12:00:00+00:00,17.8,17.8,17.8,17.8,100.0,17.8,1,False
2026-01-29 13:00:00+00:00,17.8,18.0,17.52,17.75,1460.0,17.85764,8,False
2026-01-29 14:00:00+00:00,17.53,18.0,17.11,17.12,96419.0,17.49541,432,False
2026-01-29 15:00:00+00:00,17.11,17.33,16.94,17.05,171463.0,17.05699,780,True
2026-01-29 16:00:00+00:00,17.03,17.3499,17.01,17.29,69684.0,17.19131,437,True
2026-01-29 17:00:00+00:00,17.285,17.41,17.16,17.19,82238.0,17.30134,353,True
2026-01-29 18:00:00+00:00,17.16,17.265,17.12,17.19,38939.0,17.19994,228,True
2026-01-29 19:00:00+00:00,17.18,17.2286,17.0797,17.13,28404.0,17.15231,159,True
2026-01-29 20:00:00+00:00,17.11,17.29,17.11,17.29,210982.0,17.19583,1137,True
2026-01-29 21:00:00+00:00,17.33,17.33,17.1129,17.2,27200.0,17.32224,5,False
2026-01-29 22:00:00+00:00,17.31,17.31,17.3,17.3,200.0,17.305,2,False
2026-01-29 23:00:00+00:00,17.43,17.43,17.43,17.43,100.0,17.43,1,False
2026-01-30 00:00:00+00:00,17.43,17.43,17.43,17.43,0.0,17.43,0,False
2026-01-30 10:00:00+00:00,17.06,17.27,17.04,17.11,650.0,17.15077,6,False
2026-01-30 11:00:00+00:00,17.26,17.26,17.26,17.26,100.0,17.26,1,False
2026-01-30 12:00:00+00:00,17.18,17.18,17.14,17.17,548.0,17.17022,4,False
2026-01-30 13:00:00+00:00,17.02,17.32,16.93,17.1,8923.0,17.11792,43,False
2026-01-30 14:00:00+00:00,17.12,17.76,17.01,17.4,106553.0,17.32655,390,False
2026-01-30 15:00:00+00:00,17.39,17.44,16.5,16.72,355240.0,16.84498,1450,True
2026-01-30 16:00:00+00:00,16.74,16.79,16.03,16.355,402156.0,16.45862,1662,True
2026-01-30 17:00:00+00:00,16.365,16.59,16.155,16.175,267126.0,16.35581,697,True
2026-01-30 18:00:00+00:00,16.18,16.23,16.05,16.185,190893.0,16.14972,701,True
2026-01-30 19:00:00+00:00,16.18,16.18,15.91,15.95,236965.0,16.03687,975,True
2026-01-30 20:00:00+00:00,15.92,15.95,15.53,15.6201,474915.0,15.67833,1710,True
2026-01-30 21:00:00+00:00,15.66,16.5,15.66,15.8,30473.0,15.69702,22,False
2026-01-30 22:00:00+00:00,15.79,15.79,15.66,15.66,1076.0,15.76669,4,False
2026-01-30 23:00:00+00:00,16.0,16.0,15.6699,15.8,3265.0,15.69417,11,False
2026-01-31 00:00:00+00:00,15.7,15.74,15.67,15.7,927.0,15.69896,7,False
2026-02-02 09:00:00+00:00,15.0,15.73,15.0,15.73,16105.0,15.41545,64,False
2026-02-02 10:00:00+00:00,15.73,15.73,15.73,15.73,0.0,15.73,0,False
2026-02-02 11:00:00+00:00,15.59,15.59,15.59,15.59,345.0,15.59,1,False
2026-02-02 12:00:00+00:00,15.69,15.69,15.65,15.65,850.0,15.68529,4,False
2026-02-02 13:00:00+00:00,15.5,15.7,13.9,15.56,19806.0,15.4501,50,False
2026-02-02 14:00:00+00:00,15.69,16.9144,15.45,16.75,345388.0,16.17034,1234,False
2026-02-02 15:00:00+00:00,16.73,16.87,16.24,16.8,196252.0,16.60502,895,True
2026-02-02 16:00:00+00:00,16.835,16.99,16.6,16.71,114860.0,16.82601,616,True
2026-02-02 17:00:00+00:00,16.765,16.785,16.21,16.47,220171.0,16.33191,1124,True
2026-02-02 18:00:00+00:00,16.525,16.63,16.38,16.42,51860.0,16.50334,332,True
2026-02-02 19:00:00+00:00,16.39,16.83,16.35,16.5,329506.0,16.46763,1781,True
2026-02-02 20:00:00+00:00,16.49,16.71,16.1,16.655,329183.0,16.50032,1782,True
2026-02-02 21:00:00+00:00,16.62,16.62,16.62,16.62,24259.0,16.62,1,False
2026-02-02 22:00:00+00:00,16.62,16.62,16.62,16.62,0.0,16.62,0,False
2026-02-02 23:00:00+00:00,16.92,16.96,16.52,16.52,464.0,16.76603,4,False
2026-02-03 00:00:00+00:00,16.52,16.52,16.52,16.52,0.0,16.52,0,False
2026-02-03 10:00:00+00:00,16.71,16.71,16.71,16.71,100.0,16.71,1,False
2026-02-03 11:00:00+00:00,16.76,16.76,16.75,16.75,430.0,16.75465,2,False
2026-02-03 12:00:00+00:00,16.89,16.89,16.89,16.89,100.0,16.89,1,False
2026-02-03 13:00:00+00:00,16.85,16.96,16.81,16.81,2397.0,16.85581,5,False
2026-02-03 14:00:00+00:00,16.6656,17.315,16.06,16.3505,182440.0,16.63051,716,False
2026-02-03 15:00:00+00:00,16.2954,16.84,16.2401,16.745,117198.0,16.6224,683,True
2026-02-03 16:00:00+00:00,16.79,16.82,16.43,16.72,70931.0,16.6271,456,True
2026-02-03 17:00:00+00:00,16.7075,16.74,16.27,16.35,63001.0,16.51266,415,True
2026-02-03 18:00:00+00:00,16.35,16.41,16.05,16.185,166535.0,16.22456,1081,True
2026-02-03 19:00:00+00:00,16.15,16.79,16.12,16.75,165722.0,16.53834,762,True
2026-02-03 20:00:00+00:00,16.74,17.17,16.59,17.0,428805.0,16.85657,2327,True
2026-02-03 21:00:00+00:00,17.0,17.0,17.0,17.0,44418.0,17.0,4,False
2026-02-03 22:00:00+00:00,16.91,16.91,16.9,16.9,830.0,16.90456,3,False
2026-02-03 23:00:00+00:00,16.91,16.91,16.9,16.91,1099.0,16.90909,5,False
2026-02-04 00:00:00+00:00,16.9985,16.9985,16.89,16.89,1824.0,16.90325,4,False
2026-02-04 09:00:00+00:00,16.98,16.99,16.8,16.85,2149.0,16.87366,10,False
2026-02-04 10:00:00+00:00,16.85,16.95,16.85,16.95,1625.0,16.89566,4,False
2026-02-04 11:00:00+00:00,16.9,16.9,16.9,16.9,972.0,16.9,1,False
2026-02-04 12:00:00+00:00,16.9,16.9,16.82,16.82,646.0,16.86322,4,False
2026-02-04 13:00:00+00:00,16.85,16.95,16.7,16.7101,1825.0,16.84114,11,False
2026-02-04 14:00:00+00:00,16.7,16.82,15.67,15.92,367828.0,16.20144,1350,False
2026-02-04 15:00:00+00:00,15.81,17.45,15.76,17.26,546517.0,16.5815,2768,True
2026-02-04 16:00:00+00:00,17.26,17.78,16.93,17.19,360215.0,17.37527,1849,True
2026-02-04 17:00:00+00:00,17.125,17.3,16.78,17.01,126381.0,16.95231,770,True
2026-02-04 18:00:00+00:00,17.0,17.215,16.88,17.04,87199.0,17.02353,601,True
2026-02-04 19:00:00+00:00,17.025,17.56,16.77,17.33,127664.0,17.115,760,True
2026-02-04 20:00:00+00:00,17.35,17.53,17.01,17.34,637847.0,17.22996,3265,True
2026-02-04 21:00:00+00:00,17.2,17.2,15.01,15.75,173267.0,16.48796,288,False
2026-02-04 22:00:00+00:00,15.6,15.79,15.4,15.7,57174.0,15.52332,122,False
2026-02-04 23:00:00+00:00,15.56,15.61,15.1,15.12,14618.0,15.27461,60,False
2026-02-05 00:00:00+00:00,15.11,15.11,14.66,14.69,29404.0,14.88917,71,False
2026-02-05 09:00:00+00:00,15.0,15.1,14.74,14.81,12353.0,14.98158,29,False
2026-02-05 10:00:00+00:00,14.95,14.95,14.92,14.92,1000.0,14.92636,6,False
2026-02-05 11:00:00+00:00,14.99,15.01,14.4,14.75,8073.0,14.77943,47,False
2026-02-05 12:00:00+00:00,14.97,15.04,13.91,14.2,36791.0,14.3995,124,False
2026-02-05 13:00:00+00:00,14.5,15.21,13.8203,13.86,88250.0,14.13218,320,False
2026-02-05 14:00:00+00:00,13.83,14.75,13.2,13.87,1071122.0,14.0075,3730,False
2026-02-05 15:00:00+00:00,13.87,14.75,13.6615,14.665,853141.0,13.94162,4187,True
2026-02-05 16:00:00+00:00,14.665,15.85,14.65,15.28,467859.0,15.22434,2352,True
2026-02-05 17:00:00+00:00,15.29,15.82,15.28,15.78,212070.0,15.56294,1207,True
2026-02-05 18:00:00+00:00,15.72,15.92,14.6,14.86,612586.0,15.50217,2350,True
2026-02-05 19:00:00+00:00,14.86,15.51,14.8,15.31,255705.0,15.20302,1637,True
2026-02-05 20:00:00+00:00,15.28,15.66,15.23,15.53,856996.0,15.45853,3738,True
2026-02-05 21:00:00+00:00,15.53,15.53,15.0009,15.1476,140178.0,15.5204,15,False
2026-02-05 22:00:00+00:00,15.001,15.13,15.001,15.0084,1460.0,15.02473,7,False
2026-02-05 23:00:00+00:00,15.01,15.01,14.9,14.9,1022.0,14.99119,3,False
2026-02-06 00:00:00+00:00,14.9,14.91,14.89,14.91,490.0,14.9,4,False
2026-02-06 09:00:00+00:00,15.0,15.54,15.0,15.54,1549.0,15.31198,9,False
2026-02-06 10:00:00+00:00,15.51,15.54,15.51,15.54,450.0,15.52778,3,False
2026-02-06 11:00:00+00:00,15.62,15.62,15.62,15.62,100.0,15.62,1,False
2026-02-06 12:00:00+00:00,15.54,15.55,15.54,15.55,569.0,15.54408,3,False
2026-02-06 13:00:00+00:00,15.47,15.7799,14.56,15.73,5965.0,15.63278,21,False
2026-02-06 14:00:00+00:00,15.66,15.7,14.2433,14.5,284726.0,14.7334,973,False
2026-02-06 15:00:00+00:00,14.3666,15.38,14.3666,15.25,434201.0,14.98595,1614,True
2026-02-06 16:00:00+00:00,15.3399,16.42,15.33,16.355,274014.0,16.00588,1409,True
2026-02-06 17:00:00+00:00,16.355,16.43,15.58,15.955,234081.0,16.03802,942,True
2026-02-06 18:00:00+00:00,15.9551,16.3,15.755,15.9999,115222.0,15.99955,751,True
2026-02-06 19:00:00+00:00,15.98,15.98,15.6815,15.71,107125.0,15.81927,688,True
2026-02-06 20:00:00+00:00,15.68,15.86,15.57,15.74,326541.0,15.73337,1734,True
2026-02-06 21:00:00+00:00,15.74,15.77,15.65,15.68,86824.0,15.739,13,False
2026-02-06 22:00:00+00:00,15.6758,15.95,15.6758,15.95,377.0,15.87727,2,False
2026-02-06 23:00:00+00:00,15.95,15.95,15.95,15.95,0.0,15.95,0,False
2026-02-07 00:00:00+00:00,15.95,15.95,15.95,15.95,0.0,15.95,0,False
2026-02-09 10:00:00+00:00,15.4,15.4,15.4,15.4,121.0,15.4,1,False
2026-02-09 11:00:00+00:00,15.4,15.4,15.4,15.4,0.0,15.4,0,False
2026-02-09 12:00:00+00:00,15.4,15.4,15.4,15.4,0.0,15.4,0,False
2026-02-09 13:00:00+00:00,15.5642,15.87,15.5,15.67,2358.0,15.62401,11,False
2026-02-09 14:00:00+00:00,15.59,16.165,15.0,15.27,79826.0,15.50645,351,False
2026-02-09 15:00:00+00:00,15.26,15.59,15.2,15.53,162376.0,15.42369,734,True
2026-02-09 16:00:00+00:00,15.525,15.77,15.41,15.525,104453.0,15.56079,713,True
2026-02-09 17:00:00+00:00,15.54,15.84,15.54,15.67,67439.0,15.69271,495,True
2026-02-09 18:00:00+00:00,15.665,15.825,15.63,15.635,45445.0,15.70512,385,True
2026-02-09 19:00:00+00:00,15.62,15.66,15.3,15.425,232356.0,15.47034,1407,True
2026-02-09 20:00:00+00:00,15.43,15.45,14.85,14.86,357768.0,15.09755,2084,True
2026-02-09 21:00:00+00:00,14.89,15.08,14.85,15.06,118709.0,14.89765,24,False
2026-02-09 22:00:00+00:00,14.91,15.14,14.85,15.0,1598.0,15.02428,6,False
2026-02-09 23:00:00+00:00,15.0,15.0,14.86,14.99,400.0,14.9575,4,False
2026-02-10 00:00:00+00:00,14.9828,15.0,14.8,15.0,3605.0,14.87576,9,False
2026-02-10 09:00:00+00:00,14.95,14.95,14.95,14.95,434.0,14.95,1,False
2026-02-10 10:00:00+00:00,14.95,14.95,14.95,14.95,0.0,14.95,0,False
2026-02-10 11:00:00+00:00,14.95,14.95,14.95,14.95,0.0,14.95,0,False
2026-02-10 12:00:00+00:00,14.95,14.95,14.95,14.95,0.0,14.95,0,False
2026-02-10 13:00:00+00:00,15.04,15.04,14.72,14.84,774.0,14.81159,4,False
2026-02-10 14:00:00+00:00,14.99,15.815,14.77,15.6,384264.0,15.10569,1611,False
2026-02-10 15:00:00+00:00,15.6,16.1,15.51,16.005,509859.0,15.75408,2723,True
2026-02-10 16:00:00+00:00,15.995,16.04,15.6801,15.825,221419.0,15.83815,1174,True
2026-02-10 17:00:00+00:00,15.8,16.2,15.69,16.15,222561.0,15.91076,1196,True
2026-02-10 18:00:00+00:00,16.15,16.3,15.745,15.82,183580.0,15.9815,903,True
2026-02-10 19:00:00+00:00,15.8499,15.8499,15.45,15.66,182122.0,15.57593,737,True
2026-02-10 20:00:00+00:00,15.655,16.01,15.64,15.76,345408.0,15.81242,1892,True
2026-02-10 21:00:00+00:00,15.8,15.8,15.68,15.76,85999.0,15.79954,7,False
2026-02-10 22:00:00+00:00,15.76,15.76,15.76,15.76,0.0,15.76,0,False
2026-02-10 23:00:00+00:00,15.75,15.76,15.75,15.76,1359.0,15.75227,2,False
2026-02-11 00:00:00+00:00,15.86,15.86,15.78,15.78,530.0,15.81909,2,False
2026-02-11 09:00:00+00:00,15.56,15.56,15.52,15.52,450.0,15.54222,2,False
2026-02-11 10:00:00+00:00,15.52,15.52,15.52,15.52,0.0,15.52,0,False
2026-02-11 11:00:00+00:00,15.52,15.52,15.52,15.52,0.0,15.52,0,False
2026-02-11 12:00:00+00:00,15.78,15.8,15.78,15.8,478.0,15.78418,2,False
2026-02-11 13:00:00+00:00,15.5,16.0,15.5,15.9,18452.0,15.79743,40,False
2026-02-11 14:00:00+00:00,16.0,16.885,15.89,16.47,161775.0,16.43909,807,False
2026-02-11 15:00:00+00:00,16.42,16.7,16.0,16.56,213344.0,16.30867,1097,True
2026-02-11 16:00:00+00:00,16.565,17.0,16.46,16.7,139768.0,16.82331,703,True
2026-02-11 17:00:00+00:00,16.6858,17.45,16.5701,16.984,270285.0,17.04442,1157,True
2026-02-11 18:00:00+00:00,17.03,17.95,16.985,17.9001,297385.0,17.51723,910,True
2026-02-11 19:00:00+00:00,17.92,18.17,17.755,17.915,252177.0,17.96014,1151,True
2026-02-11 20:00:00+00:00,17.915,18.25,17.86,17.96,458467.0,18.05073,2618,True
2026-02-11 21:00:00+00:00,17.96,18.22,17.73,18.0,47459.0,18.02043,17,False
2026-02-11 22:00:00+00:00,17.98,17.98,17.8,17.98,788.0,17.88381,4,False
2026-02-11 23:00:00+00:00,17.8,17.98,17.8,17.84,3873.0,17.83976,6,False
2026-02-12 00:00:00+00:00,17.81,17.81,17.8009,17.81,450.0,17.80494,3,False
2026-02-12 09:00:00+00:00,17.98,18.0,17.98,18.0,288.0,17.99306,2,False
2026-02-12 10:00:00+00:00,18.02,18.02,18.0,18.0,1117.0,18.01133,5,False
2026-02-12 11:00:00+00:00,18.0,18.03,18.0,18.03,467.0,18.01285,3,False
2026-02-12 12:00:00+00:00,18.04,18.04,18.03,18.03,565.0,18.03327,3,False
2026-02-12 13:00:00+00:00,18.0,18.14,17.86,18.09,8499.0,18.07004,20,False
2026-02-12 14:00:00+00:00,18.2,18.49,16.8,17.21,138313.0,17.3861,421,False
2026-02-12 15:00:00+00:00,17.205,17.78,16.99,17.6325,122087.0,17.38069,654,True
2026-02-12 16:00:00+00:00,17.635,17.64,16.7701,16.8,231028.0,17.17027,1114,True
2026-02-12 17:00:00+00:00,16.8,16.88,16.4,16.42,154903.0,16.66397,918,True
2026-02-12 18:00:00+00:00,16.36,16.42,15.9,16.115,141616.0,16.08615,993,True
2026-02-12 19:00:00+00:00,16.13,16.22,15.85,16.05,204854.0,15.99066,1140,True
2026-02-12 20:00:00+00:00,16.05,16.385,15.94,16.06,401117.0,16.14819,2649,True
2026-02-12 21:00:00+00:00,16.0,16.45,15.9,15.9,221819.0,16.01206,31,False
2026-02-12 22:00:00+00:00,15.9,15.9,15.9,15.9,0.0,15.9,0,False
2026-02-12 23:00:00+00:00,16.0,16.05,16.0,16.05,1241.0,16.00403,5,False
2026-02-13 00:00:00+00:00,16.01,16.15,15.969,16.15,5870.0,15.99653,13,False
2026-02-13 13:00:00+00:00,16.0,16.45,15.83,16.25,3716.0,16.16934,10,False
2026-02-13 14:00:00+00:00,16.16,17.14,16.01,16.555,154885.0,16.61548,482,False
2026-02-13 15:00:00+00:00,16.6,17.38,16.13,17.38,215324.0,16.76983,1181,True
2026-02-13 16:00:00+00:00,17.4,18.25,17.2791,18.0657,342853.0,17.8985,1444,True
2026-02-13 17:00:00+00:00,18.0417,18.78,17.92,18.6,249080.0,18.43473,1095,True
2026-02-13 18:00:00+00:00,18.585,18.66,18.005,18.2,179017.0,18.38196,822,True
2026-02-13 19:00:00+00:00,18.17,18.25,17.58,18.085,160527.0,17.97833,921,True
2026-02-13 20:00:00+00:00,18.09,18.155,17.7118,17.74,188172.0,17.876,1192,True
2026-02-13 21:00:00+00:00,17.74,17.74,17.64,17.73,39089.0,17.73881,5,False
2026-02-13 22:00:00+00:00,17.85,17.85,17.7,17.7,432.0,17.79792,2,False
2026-02-13 23:00:00+00:00,17.8,17.8,17.8,17.8,242.0,17.8,2,False
2026-02-14 00:00:00+00:00,17.68,17.7,17.68,17.7,500.0,17.696,2,False
2026-02-17 11:00:00+00:00,17.62,17.62,17.62,17.62,250.0,17.62,1,False
2026-02-17 12:00:00+00:00,17.68,17.7,17.55,17.55,837.0,17.66013,6,False
2026-02-17 13:00:00+00:00,17.613,17.9,17.42,17.47,3014.0,17.52736,18,False
2026-02-17 14:00:00+00:00,17.53,17.93,17.09,17.425,134896.0,17.44112,643,False
2026-02-17 15:00:00+00:00,17.43,18.02,17.4,17.955,128910.0,17.76329,732,True
2026-02-17 16:00:00+00:00,17.96,18.96,17.95,18.775,233315.0,18.65949,1243,True
2026-02-17 17:00:00+00:00,18.77,19.04,18.63,19.02,293662.0,18.86659,1466,True
2026-02-17 18:00:00+00:00,19.03,19.95,18.99,19.83,328776.0,19.47513,1594,True
2026-02-17 19:00:00+00:00,19.9,20.0961,19.61,19.85,331127.0,19.87008,1701,True
2026-02-17 20:00:00+00:00,19.85,19.96,18.9625,19.09,434735.0,19.31167,2346,True
2026-02-17 21:00:00+00:00,19.12,19.7527,18.88,19.12,48910.0,19.1127,23,False
2026-02-17 22:00:00+00:00,18.9763,18.9763,18.9763,18.9763,300.0,18.9763,1,False
2026-02-17 23:00:00+00:00,19.0,19.0,19.0,19.0,100.0,19.0,1,False
2026-02-18 00:00:00+00:00,18.99,19.05,18.95,19.05,1568.0,18.98629,7,False
2026-02-18 09:00:00+00:00,19.36,19.36,19.36,19.36,200.0,19.36,1,False
2026-02-18 10:00:00+00:00,19.36,19.36,19.36,19.36,0.0,19.36,0,False
2026-02-18 11:00:00+00:00,19.36,19.36,19.36,19.36,0.0,19.36,0,False
2026-02-18 12:00:00+00:00,19.16,19.25,19.13,19.13,2060.0,19.17313,10,False
2026-02-18 13:00:00+00:00,19.34,19.38,19.11,19.22,1260.0,19.22937,7,False
2026-02-18 14:00:00+00:00,19.13,20.02,18.7,19.8535,289961.0,19.68951,1012,False
2026-02-18 15:00:00+00:00,19.99,20.49,19.8201,19.93,233356.0,20.16737,1054,True
2026-02-18 16:00:00+00:00,19.92,20.0599,19.6001,19.86,103173.0,19.78701,375,True
2026-02-18 17:00:00+00:00,19.92,20.02,19.75,19.85,69700.0,19.88768,429,True
2026-02-18 18:00:00+00:00,19.88,19.9,19.4,19.75,95632.0,19.56143,528,True
2026-02-18 19:00:00+00:00,19.755,19.85,19.39,19.435,55062.0,19.58982,361,True
2026-02-18 20:00:00+00:00,19.39,19.6,19.3,19.565,193082.0,19.47703,1444,True
2026-02-18 21:00:00+00:00,19.59,19.59,19.59,19.59,40519.0,19.59,2,False
2026-02-18 22:00:00+00:00,19.41,19.41,19.4,19.4,498.0,19.40398,2,False
2026-02-18 23:00:00+00:00,19.59,19.59,19.59,19.59,430.0,19.59,3,False
2026-02-19 00:00:00+00:00,19.7,19.7,19.7,19.7,160.0,19.7,1,False
2026-02-19 09:00:00+00:00,19.42,19.43,19.42,19.43,300.0,19.42333,2,False
2026-02-19 10:00:00+00:00,19.43,19.43,19.43,19.43,0.0,19.43,0,False
2026-02-19 11:00:00+00:00,19.43,19.43,19.43,19.43,0.0,19.43,0,False
2026-02-19 12:00:00+00:00,19.55,19.55,19.5,19.5,578.0,19.51938,3,False
2026-02-19 13:00:00+00:00,19.45,19.66,19.4,19.439,2752.0,19.54663,9,False
2026-02-19 14:00:00+00:00,19.43,19.43,18.7,19.165,53596.0,19.08449,248,False
2026-02-19 15:00:00+00:00,19.165,19.35,18.92,19.075,51035.0,19.07026,263,True
2026-02-19 16:00:00+00:00,19.09,19.09,18.76,19.01,63600.0,18.92293,358,True
2026-02-19 17:00:00+00:00,19.005,19.12,18.82,18.865,53593.0,18.96983,367,True
2026-02-19 18:00:00+00:00,18.865,19.045,18.8,19.035,43965.0,18.92319,236,True
2026-02-19 19:00:00+00:00,19.0576,19.23,18.98,19.025,51385.0,19.10124,353,True
2026-02-19 20:00:00+00:00,19.04,19.2,19.0,19.045,112597.0,19.10964,780,True
2026-02-19 21:00:00+00:00,19.06,19.06,19.02,19.02,28455.0,19.05986,3,False
2026-02-19 22:00:00+00:00,19.08,19.08,19.0,19.0,692.0,19.0558,5,False
2026-02-19 23:00:00+00:00,19.0,19.0,19.0,19.0,353.0,19.0,1,False
2026-02-20 00:00:00+00:00,19.2,19.2,19.2,19.2,325.0,19.2,2,False
2026-02-20 13:00:00+00:00,19.2,19.2,18.8,19.06,922.0,18.99826,8,False
2026-02-20 14:00:00+00:00,18.86,19.49,18.5,18.95,35132.0,18.88551,135,False
2026-02-20 15:00:00+00:00,19.035,19.47,19.0,19.18,53582.0,19.21901,283,True
2026-02-20 16:00:00+00:00,19.12,19.29,19.02,19.14,27942.0,19.1189,185,True
2026-02-20 17:00:00+00:00,19.135,19.18,18.72,18.861,62295.0,18.83776,278,True
2026-02-20 18:00:00+00:00,18.86,19.08,18.8425,19.079,38817.0,18.94685,177,True
2026-02-20 19:00:00+00:00,19.035,19.08,18.73,18.73,54959.0,18.94237,293,True
2026-02-20 20:00:00+00:00,18.7335,18.8,18.34,18.755,420185.0,18.6453,1361,True
2026-02-20 21:00:00+00:00,18.66,18.76,18.66,18.76,43623.0,18.66203,4,False
2026-02-20 22:00:00+00:00,18.78,18.78,18.51,18.51,260.0,18.61385,2,False
2026-02-20 23:00:00+00:00,18.51,18.51,18.51,18.51,100.0,18.51,1,False
2026-02-21 00:00:00+00:00,18.51,18.51,18.51,18.51,0.0,18.51,0,False
2026-02-23 11:00:00+00:00,18.47,18.47,18.47,18.47,100.0,18.47,1,False
2026-02-23 12:00:00+00:00,18.47,18.47,18.21,18.35,2028.0,18.34222,12,False
2026-02-23 13:00:00+00:00,18.3902,18.66,18.05,18.28,8208.0,18.20313,12,False
2026-02-23 14:00:00+00:00,18.6,19.5799,18.35,19.36,115919.0,18.94318,366,False
2026-02-23 15:00:00+00:00,19.38,19.56,18.85,18.85,150415.0,19.27636,772,True
2026-02-23 16:00:00+00:00,18.9,18.99,18.3102,18.3925,136517.0,18.60414,484,True
2026-02-23 17:00:00+00:00,18.4699,18.53,18.11,18.46,92739.0,18.25636,347,True
2026-02-23 18:00:00+00:00,18.46,18.79,18.43,18.44,36125.0,18.59945,226,True
2026-02-23 19:00:00+00:00,18.445,18.4999,18.23,18.405,27570.0,18.34296,198,True
2026-02-23 20:00:00+00:00,18.3471,18.53,18.02,18.49,263390.0,18.3465,1542,True
2026-02-23 21:00:00+00:00,18.47,18.49,18.2195,18.2441,39987.0,18.46794,4,False
2026-02-23 22:00:00+00:00,18.2441,18.2441,18.2441,18.2441,0.0,18.2441,0,False
2026-02-23 23:00:00+00:00,18.22,18.22,18.22,18.22,500.0,18.22,1,False
2026-02-24 00:00:00+00:00,18.22,18.22,18.22,18.22,0.0,18.22,0,False
2026-02-24 12:00:00+00:00,18.44,18.44,18.44,18.44,100.0,18.44,1,False
2026-02-24 13:00:00+00:00,18.3126,19.04,18.3126,18.38,1214.0,18.47217,10,False
2026-02-24 14:00:00+00:00,18.36,19.03,18.22,18.905,129776.0,18.68412,634,False
2026-02-24 15:00:00+00:00,18.91,19.29,18.6201,18.85,215597.0,18.98361,1319,True
2026-02-24 16:00:00+00:00,18.88,19.2699,18.88,19.25,149720.0,19.08718,910,True
2026-02-24 17:00:00+00:00,19.24,19.35,18.96,19.08,144932.0,19.13002,681,True
2026-02-24 18:00:00+00:00,19.08,19.81,19.06,19.42,250516.0,19.40606,1347,True
2026-02-24 19:00:00+00:00,19.46,20.085,19.43,20.0,206761.0,19.77732,1041,True
2026-02-24 20:00:00+00:00,20.0,20.4,19.76,20.145,406401.0,20.09537,2309,True
2026-02-24 21:00:00+00:00,20.15,20.34,20.0,20.07,56443.0,20.14841,11,False
2026-02-24 22:00:00+00:00,20.01,20.02,19.9,20.02,984.0,19.99606,4,False
2026-02-24 23:00:00+00:00,20.0,20.0,20.0,20.0,244.0,20.0,2,False
2026-02-25 00:00:00+00:00,20.0,20.07,20.0,20.07,956.0,20.04732,4,False
2026-02-25 09:00:00+00:00,20.15,20.15,20.15,20.15,100.0,20.15,1,False
2026-02-25 10:00:00+00:00,20.15,20.15,20.15,20.15,0.0,20.15,0,False
2026-02-25 11:00:00+00:00,20.15,20.15,20.15,20.15,0.0,20.15,0,False
2026-02-25 12:00:00+00:00,20.21,20.21,20.17,20.18,1998.0,20.18748,7,False
2026-02-25 13:00:00+00:00,20.22,20.46,20.2016,20.46,2068.0,20.34419,16,False
2026-02-25 14:00:00+00:00,20.48,20.8,19.87,20.34,129401.0,20.34442,557,False
2026-02-25 15:00:00+00:00,20.26,20.49,19.8966,20.02,152593.0,20.14884,700,True
2026-02-25 16:00:00+00:00,20.02,20.62,19.7685,19.775,170901.0,20.24881,1001,True
2026-02-25 17:00:00+00:00,19.77,19.98,19.7,19.945,64294.0,19.87655,292,True
2026-02-25 18:00:00+00:00,19.9417,20.05,19.74,19.94,100065.0,19.88444,422,True
2026-02-25 19:00:00+00:00,19.9,19.955,19.65,19.873,74987.0,19.83236,448,True
2026-02-25 20:00:00+00:00,19.88,20.58,19.78,20.29,461259.0,20.12575,2646,True
2026-02-25 21:00:00+00:00,20.47,20.47,20.3,20.3,34751.0,20.46525,5,False
2026-02-25 22:00:00+00:00,20.35,20.35,20.301,20.35,1531.0,20.32926,8,False
2026-02-25 23:00:00+00:00,20.579,20.579,20.3,20.31,2686.0,20.40469,3,False
2026-02-26 00:00:00+00:00,20.3,20.3,20.3,20.3,120.0,20.3,1,False
2026-02-26 12:00:00+00:00,20.38,20.6,20.31,20.6,5162.0,20.52219,21,False
2026-02-26 13:00:00+00:00,20.25,20.31,20.15,20.15,2274.0,20.29413,6,False
2026-02-26 14:00:00+00:00,20.41,20.41,19.61,19.83,63348.0,19.95075,260,False
2026-02-26 15:00:00+00:00,19.72,19.925,18.8,19.88,263659.0,19.36755,906,True
2026-02-26 16:00:00+00:00,19.9,20.05,19.5201,19.635,84538.0,19.78604,401,True
2026-02-26 17:00:00+00:00,19.599,20.0299,19.599,19.97,87551.0,19.85932,457,True
2026-02-26 18:00:00+00:00,19.92,20.2361,19.83,20.105,59772.0,20.0237,347,True
2026-02-26 19:00:00+00:00,20.105,20.518,20.105,20.425,99747.0,20.33498,542,True
2026-02-26 20:00:00+00:00,20.425,20.74,20.03,20.23,414167.0,20.39546,1866,True
2026-02-26 21:00:00+00:00,20.21,20.21,20.0,20.0,45439.0,20.20954,3,False
2026-02-26 22:00:00+00:00,20.1,20.11,20.0,20.0,629.0,20.08601,4,False
2026-02-26 23:00:00+00:00,19.7,19.7,19.7,19.7,100.0,19.7,1,False
2026-02-27 00:00:00+00:00,19.7873,20.0,19.7873,20.0,200.0,19.89365,2,False
2026-02-27 12:00:00+00:00,20.02,20.02,20.02,20.02,253.0,20.02,1,False
2026-02-27 13:00:00+00:00,19.83,19.83,19.46,19.6,7359.0,19.56484,29,False
2026-02-27 14:00:00+00:00,19.7,19.87,19.45,19.675,112602.0,19.69279,432,False
2026-02-27 15:00:00+00:00,19.675,19.895,19.56,19.685,113203.0,19.73153,541,True
2026-02-27 16:00:00+00:00,19.72,19.72,19.15,19.15,128422.0,19.56535,744,True
2026-02-27 17:00:00+00:00,19.15,19.3,18.81,18.955,157810.0,19.0154,496,True
2026-02-27 18:00:00+00:00,18.97,19.05,18.65,18.6975,44583.0,18.79311,215,True
2026-02-27 19:00:00+00:00,18.75,19.07,18.63,19.02,78649.0,18.89974,373,True
2026-02-27 20:00:00+00:00,19.02,19.8,19.02,19.75,406186.0,19.46199,1568,True
2026-02-27 21:00:00+00:00,19.72,19.72,19.6,19.64,33873.0,19.71381,6,False
2026-02-27 22:00:00+00:00,19.25,19.25,19.25,19.25,999.0,19.25,2,False
2026-02-27 23:00:00+00:00,19.25,19.25,19.25,19.25,0.0,19.25,0,False
2026-02-28 00:00:00+00:00,19.59,19.61,19.59,19.61,200.0,19.6,2,False
2026-03-02 10:00:00+00:00,19.08,19.08,19.07,19.07,480.0,19.07792,2,False
2026-03-02 11:00:00+00:00,19.18,19.18,19.18,19.18,430.0,19.18,1,False
2026-03-02 12:00:00+00:00,19.1,19.1,18.89,18.9,1431.0,18.97106,7,False
2026-03-02 13:00:00+00:00,19.0252,19.0252,18.6833,18.8725,14176.0,18.72306,22,False
2026-03-02 14:00:00+00:00,18.7,19.63,18.7,19.18,80569.0,19.20061,252,False
2026-03-02 15:00:00+00:00,19.31,20.49,19.09,20.41,187188.0,19.94485,776,True
2026-03-02 16:00:00+00:00,20.38,21.73,20.25,21.6649,674861.0,21.10545,3151,True
2026-03-02 17:00:00+00:00,21.74,22.19,21.23,21.6,286267.0,21.77749,1591,True
2026-03-02 18:00:00+00:00,21.61,21.78,21.3533,21.495,159193.0,21.53691,902,True
2026-03-02 19:00:00+00:00,21.495,21.53,21.08,21.34,88428.0,21.30862,670,True
2026-03-02 20:00:00+00:00,21.36,21.67,21.21,21.21,203846.0,21.40256,1449,True
2026-03-02 21:00:00+00:00,21.21,21.43,21.21,21.4209,43382.0,21.23128,15,False
2026-03-02 22:00:00+00:00,21.32,21.45,21.32,21.33,339.0,21.3613,3,False
2026-03-02 23:00:00+00:00,21.23,21.23,21.01,21.01,1273.0,21.19284,9,False
2026-03-03 00:00:00+00:00,21.01,21.01,21.01,21.01,0.0,21.01,0,False
2026-03-03 10:00:00+00:00,20.31,20.31,20.12,20.12,2059.0,20.25319,11,False
2026-03-03 11:00:00+00:00,20.12,20.12,20.12,20.12,370.0,20.12,2,False
2026-03-03 12:00:00+00:00,20.21,20.21,20.21,20.21,932.0,20.21,3,False
2026-03-03 13:00:00+00:00,20.21,20.71,20.02,20.45,6439.0,20.36383,35,False
2026-03-03 14:00:00+00:00,20.4,20.41,19.8,20.1217,278194.0,20.07378,776,False
2026-03-03 15:00:00+00:00,20.16,20.23,19.37,19.58,216516.0,19.78546,923,True
2026-03-03 16:00:00+00:00,19.62,20.49,19.5,20.31,151841.0,20.01985,861,True
2026-03-03 17:00:00+00:00,20.31,20.36,19.8,20.285,103051.0,20.13163,611,True
2026-03-03 18:00:00+00:00,20.21,21.05,20.21,20.67,150508.0,20.68794,1047,True
2026-03-03 19:00:00+00:00,20.69,20.835,20.5158,20.66,83028.0,20.69587,482,True
2026-03-03 20:00:00+00:00,20.69,21.08,20.65,20.8566,140365.0,20.85119,1043,True
2026-03-03 21:00:00+00:00,20.88,21.0,20.81,20.81,314850.0,20.8504,7,False
2026-03-03 22:00:00+00:00,20.81,20.9653,20.8,20.9653,2810.0,20.9092,7,False
2026-03-03 23:00:00+00:00,20.8,20.8,20.5,20.5,2403.0,20.51248,2,False
2026-03-04 00:00:00+00:00,20.7,20.81,20.6,20.6,557.0,20.7018,4,False
2026-03-04 09:00:00+00:00,20.85,20.85,20.85,20.85,627.0,20.85,1,False
2026-03-04 10:00:00+00:00,20.85,20.85,20.85,20.85,0.0,20.85,0,False
2026-03-04 11:00:00+00:00,21.0,21.0,21.0,21.0,100.0,21.0,1,False
2026-03-04 12:00:00+00:00,20.86,20.96,20.86,20.88,638.0,20.90514,5,False
2026-03-04 13:00:00+00:00,20.85,21.11,20.85,21.03,989.0,20.97398,6,False
2026-03-04 14:00:00+00:00,21.0,21.81,20.45,20.49,220766.0,21.3257,1025,False
2026-03-04 15:00:00+00:00,20.58,21.065,20.42,20.69,129686.0,20.74784,648,True
2026-03-04 16:00:00+00:00,20.65,20.89,20.21,20.72,117160.0,20.6446,544,True
2026-03-04 17:00:00+00:00,20.75,20.75,20.475,20.56,53158.0,20.61403,264,True
2026-03-04 18:00:00+00:00,20.63,20.63,20.4,20.56,79489.0,20.5415,530,True
2026-03-04 19:00:00+00:00,20.58,20.9073,20.58,20.835,84430.0,20.77035,420,True
2026-03-04 20:00:00+00:00,20.835,21.069,20.56,20.56,201024.0,20.87827,1189,True
2026-03-04 21:00:00+00:00,20.59,20.8,20.5,20.59,389292.0,20.58935,7,False
2026-03-04 22:00:00+00:00,20.59,20.59,20.59,20.59,0.0,20.59,0,False
2026-03-04 23:00:00+00:00,20.6,20.6,20.57,20.57,402.0,20.58769,2,False
2026-03-05 00:00:00+00:00,20.59,20.59,20.59,20.59,100.0,20.59,1,False
2026-03-05 10:00:00+00:00,20.55,20.55,20.55,20.55,171.0,20.55,1,False
2026-03-05 11:00:00+00:00,20.55,20.55,20.55,20.55,0.0,20.55,0,False
2026-03-05 12:00:00+00:00,20.55,20.55,20.55,20.55,0.0,20.55,0,False
2026-03-05 13:00:00+00:00,20.68,20.68,20.5,20.5,609.0,20.53436,4,False
2026-03-05 14:00:00+00:00,20.4,20.57,19.38,19.635,296398.0,19.84796,1316,False
2026-03-05 15:00:00+00:00,19.62,19.925,19.36,19.515,224178.0,19.57266,1339,True
2026-03-05 16:00:00+00:00,19.49,19.68,19.39,19.57,106901.0,19.50558,563,True
2026-03-05 17:00:00+00:00,19.55,19.77,19.08,19.13,128711.0,19.38403,586,True
2026-03-05 18:00:00+00:00,19.13,19.24,18.935,19.21,82854.0,19.08127,593,True
2026-03-05 19:00:00+00:00,19.22,19.39,18.92,18.97,46438.0,19.19451,341,True
2026-03-05 20:00:00+00:00,18.97,19.295,18.86,18.89,183515.0,19.0181,1146,True
2026-03-05 21:00:00+00:00,18.884,19.0,18.884,19.0,54852.0,18.94181,7,False
2026-03-05 22:00:00+00:00,19.0,19.0,19.0,19.0,125.0,19.0,1,False
2026-03-05 23:00:00+00:00,19.0,19.0,19.0,19.0,0.0,19.0,0,False
2026-03-06 00:00:00+00:00,19.0,19.1,19.0,19.1,1181.0,19.00847,3,False
2026-03-06 09:00:00+00:00,18.91,18.91,18.91,18.91,176.0,18.91,1,False
2026-03-06 10:00:00+00:00,18.94,18.94,18.94,18.94,143.0,18.94,1,False
2026-03-06 11:00:00+00:00,18.8,18.8,18.8,18.8,200.0,18.8,2,False
2026-03-06 12:00:00+00:00,18.86,18.86,18.69,18.69,876.0,18.73932,5,False
2026-03-06 13:00:00+00:00,19.03,19.14,18.42,18.43,5096.0,18.60325,15,False
2026-03-06 14:00:00+00:00,18.3834,18.6,17.51,17.565,195564.0,17.97083,657,False
2026-03-06 15:00:00+00:00,17.565,18.1051,17.27,17.45,258525.0,17.7207,1125,True
2026-03-06 16:00:00+00:00,17.47,17.5299,16.78,16.98,274315.0,16.99431,1171,True
2026-03-06 17:00:00+00:00,16.94,16.94,16.38,16.7,347231.0,16.60552,1719,True
2026-03-06 18:00:00+00:00,16.705,16.81,16.44,16.555,245693.0,16.63409,1506,True
2026-03-06 19:00:00+00:00,16.555,16.78,16.45,16.69,237183.0,16.61058,1586,True
2026-03-06 20:00:00+00:00,16.69,16.82,16.51,16.56,406098.0,16.66095,2663,True
2026-03-06 21:00:00+00:00,16.57,16.65,16.55,16.62,47413.0,16.57027,8,False
2026-03-06 22:00:00+00:00,16.62,16.6492,16.57,16.58,4591.0,16.61522,10,False
2026-03-06 23:00:00+00:00,16.57,16.65,16.57,16.6493,800.0,16.62976,4,False
2026-03-07 00:00:00+00:00,16.58,16.6298,16.57,16.6291,2070.0,16.58226,10,False
2026-03-09 08:00:00+00:00,16.31,16.32,16.3,16.32,452.0,16.30885,4,False
2026-03-09 09:00:00+00:00,16.32,16.46,16.27,16.46,1580.0,16.34885,9,False
2026-03-09 10:00:00+00:00,16.54,16.54,16.54,16.54,300.0,16.54,3,False
2026-03-09 11:00:00+00:00,16.5,16.5,16.14,16.2,5070.0,16.28772,32,False
2026-03-09 12:00:00+00:00,16.3,16.51,16.3,16.3,1967.0,16.37588,7,False
2026-03-09 13:00:00+00:00,16.35,16.35,15.832,15.925,156522.0,16.08566,715,False
2026-03-09 14:00:00+00:00,15.92,16.66,15.92,16.34,201787.0,16.22521,1029,True
2026-03-09 15:00:00+00:00,16.36,16.81,16.32,16.7622,66236.0,16.49722,453,True
2026-03-09 16:00:00+00:00,16.795,17.39,16.795,17.365,185226.0,17.13597,795,True
2026-03-09 17:00:00+00:00,17.34,17.355,16.93,17.18,158359.0,17.13961,693,True
2026-03-09 18:00:00+00:00,17.175,17.3582,17.1492,17.24,74313.0,17.25097,577,True
2026-03-09 19:00:00+00:00,17.25,17.87,17.246,17.8,243863.0,17.67237,1328,True
2026-03-09 20:00:00+00:00,17.76,17.9123,17.0201,17.0201,51289.0,17.72634,27,False
2026-03-09 21:00:00+00:00,17.1789,17.51,17.1789,17.51,958.0,17.45163,5,False
2026-03-09 22:00:00+00:00,17.3,17.3,17.3,17.3,440.0,17.3,1,False
2026-03-09 23:00:00+00:00,17.3,17.3,17.3,17.3,600.0,17.3,2,False
2026-03-10 08:00:00+00:00,17.72,17.72,17.72,17.72,100.0,17.72,1,False
2026-03-10 09:00:00+00:00,17.72,17.72,17.72,17.72,0.0,17.72,0,False
2026-03-10 10:00:00+00:00,17.71,17.71,17.7,17.7,930.0,17.70108,2,False
2026-03-10 11:00:00+00:00,17.47,17.47,17.46,17.46,222.0,17.4645,2,False
2026-03-10 12:00:00+00:00,17.42,17.68,17.16,17.39,9371.0,17.45759,33,False
2026-03-10 13:00:00+00:00,17.3084,17.7124,16.84,17.63,129409.0,17.36721,579,False
2026-03-10 14:00:00+00:00,17.69,17.85,17.4,17.795,165368.0,17.65366,805,True
2026-03-10 15:00:00+00:00,17.795,17.88,17.4108,17.6091,203740.0,17.65066,1131,True
2026-03-10 16:00:00+00:00,17.61,17.74,17.46,17.65,99401.0,17.63111,666,True
2026-03-10 17:00:00+00:00,17.66,17.82,17.14,17.145,194534.0,17.42791,1047,True
2026-03-10 18:00:00+00:00,17.14,17.37,16.88,16.8801,130264.0,17.04434,678,True
2026-03-10 19:00:00+00:00,16.94,16.99,16.5,16.55,440542.0,16.763,2188,True
2026-03-10 20:00:00+00:00,16.58,16.7,16.58,16.65,63491.0,16.58168,9,False
2026-03-10 21:00:00+00:00,16.65,16.69,16.6211,16.69,3828.0,16.65408,10,False
2026-03-10 22:00:00+00:00,16.75,16.75,16.73,16.75,478.0,16.74582,4,False
2026-03-10 23:00:00+00:00,16.68,16.68,16.68,16.68,200.0,16.68,1,False
2026-03-11 09:00:00+00:00,16.8,16.8,16.8,16.8,483.0,16.8,1,False
2026-03-11 10:00:00+00:00,16.79,16.85,16.79,16.85,400.0,16.82,2,False
2026-03-11 11:00:00+00:00,16.85,16.85,16.85,16.85,0.0,16.85,0,False
2026-03-11 12:00:00+00:00,16.89,16.89,16.65,16.66,6795.0,16.71857,23,False
2026-03-11 13:00:00+00:00,16.66,17.32,16.57,16.81,179283.0,16.82209,669,False
2026-03-11 14:00:00+00:00,16.8,17.96,16.795,17.67,319004.0,17.59529,1236,True
2026-03-11 15:00:00+00:00,17.62,17.815,17.5,17.65,123182.0,17.65472,518,True
2026-03-11 16:00:00+00:00,17.61,18.3499,17.6,18.22,203644.0,18.02833,889,True
2026-03-11 17:00:00+00:00,18.2,18.315,17.93,17.99,70576.0,18.12901,436,True
2026-03-11 18:00:00+00:00,17.99,18.1206,17.93,18.005,45467.0,18.00792,340,True
2026-03-11 19:00:00+00:00,18.005,18.28,17.91,18.11,210150.0,18.1142,1346,True
2026-03-11 20:00:00+00:00,18.2,18.2,18.17,18.2,64291.0,18.19995,3,False
2026-03-11 21:00:00+00:00,18.13,18.13,18.13,18.13,700.0,18.13,3,False
2026-03-11 22:00:00+00:00,18.0,18.0,17.95,17.95,493.0,17.9788,4,False
2026-03-11 23:00:00+00:00,17.6,17.61,17.6,17.61,388.0,17.60485,2,False
2026-03-12 12:00:00+00:00,17.8,17.8,17.8,17.8,223.0,17.8,1,False
2026-03-12 13:00:00+00:00,17.78,18.0308,17.6,17.67,67599.0,17.84082,251,False
2026-03-12 14:00:00+00:00,17.69,17.88,17.35,17.38,57539.0,17.61991,320,True
2026-03-12 15:00:00+00:00,17.4182,18.0,17.26,17.8428,98771.0,17.67801,556,True
2026-03-12 16:00:00+00:00,17.93,18.19,17.82,17.97,129350.0,18.06084,378,True
2026-03-12 17:00:00+00:00,18.0,18.02,17.565,17.69,56885.0,17.84073,308,True
2026-03-12 18:00:00+00:00,17.665,17.7,17.41,17.43,35062.0,17.572,242,True
2026-03-12 19:00:00+00:00,17.42,17.51,16.91,16.91,221486.0,17.19,1135,True
2026-03-12 20:00:00+00:00,16.914,17.01,16.8238,17.01,51976.0,16.96973,5,False
2026-03-12 21:00:00+00:00,17.05,17.09,17.0,17.0,900.0,17.05778,5,False
2026-03-12 22:00:00+00:00,17.01,17.01,17.01,17.01,100.0,17.01,1,False
2026-03-12 23:00:00+00:00,16.9983,16.9983,16.9983,16.9983,200.0,16.9983,1,False
2026-03-13 08:00:00+00:00,17.0,17.0,16.97,16.97,1645.0,16.985,8,False
2026-03-13 09:00:00+00:00,16.97,17.63,16.9,17.63,1318.0,17.17595,7,False
2026-03-13 10:00:00+00:00,17.63,17.63,17.63,17.63,0.0,17.63,0,False
2026-03-13 11:00:00+00:00,17.0,17.0,17.0,17.0,100.0,17.0,1,False
2026-03-13 12:00:00+00:00,17.18,17.51,17.18,17.49,7593.0,17.47473,11,False
2026-03-13 13:00:00+00:00,17.2,18.0799,17.2,17.88,81725.0,17.8138,307,False
2026-03-13 14:00:00+00:00,17.92,18.2,17.65,17.7,110885.0,17.85657,423,True
2026-03-13 15:00:00+00:00,17.7,18.06,17.68,17.765,81561.0,17.84576,483,True
2026-03-13 16:00:00+00:00,17.76,17.77,17.37,17.525,103828.0,17.52732,524,True
2026-03-13 17:00:00+00:00,17.48,17.53,17.01,17.1,251831.0,17.24697,775,True
2026-03-13 18:00:00+00:00,17.1,17.17,16.85,16.8975,125959.0,16.95887,644,True
2026-03-13 19:00:00+00:00,16.89,16.95,16.7,16.71,163617.0,16.81994,1116,True
2026-03-13 20:00:00+00:00,16.7,16.83,16.7,16.83,41575.0,16.70064,9,False
2026-03-13 21:00:00+00:00,16.82,16.82,16.7,16.79,679.0,16.7324,5,False
2026-03-13 22:00:00+00:00,16.84,16.84,16.84,16.84,100.0,16.84,1,False
2026-03-13 23:00:00+00:00,16.7086,16.84,16.7086,16.81,660.0,16.75282,6,False
2026-03-16 08:00:00+00:00,16.96,16.96,16.95,16.95,2042.0,16.95345,8,False
2026-03-16 09:00:00+00:00,17.03,17.03,17.03,17.03,100.0,17.03,1,False
2026-03-16 10:00:00+00:00,17.03,17.03,17.03,17.03,0.0,17.03,0,False
2026-03-16 11:00:00+00:00,17.2,17.2,17.2,17.2,434.0,17.2,2,False
2026-03-16 12:00:00+00:00,17.0999,17.6844,16.9,17.13,6939.0,17.13524,19,False
2026-03-16 13:00:00+00:00,17.15,18.1,17.13,18.03,162966.0,17.80235,633,False
2026-03-16 14:00:00+00:00,18.04,18.3,17.5705,17.77,274083.0,18.0073,1277,True
2026-03-16 15:00:00+00:00,17.775,18.2399,17.735,18.13,140376.0,17.95039,768,True
2026-03-16 16:00:00+00:00,18.155,18.5,17.79,18.28,157245.0,18.0213,780,True
2026-03-16 17:00:00+00:00,18.26,18.81,18.26,18.48,305863.0,18.53232,1455,True
2026-03-16 18:00:00+00:00,18.49,18.79,18.38,18.74,104723.0,18.59466,708,True
2026-03-16 19:00:00+00:00,18.74,18.95,18.34,18.34,236521.0,18.55527,1547,True
2026-03-16 20:00:00+00:00,18.34,18.4377,18.3,18.4,56586.0,18.34177,9,False
2026-03-16 21:00:00+00:00,18.36,18.36,18.3052,18.3052,1152.0,18.32587,5,False
2026-03-16 22:00:00+00:00,18.2968,18.3999,18.1912,18.3999,470.0,18.3123,4,False
2026-03-16 23:00:00+00:00,18.3247,18.3254,18.3217,18.3217,450.0,18.32386,3,False
2026-03-17 12:00:00+00:00,18.1045,18.45,18.1045,18.45,3600.0,18.27306,11,False
2026-03-17 13:00:00+00:00,18.42,18.42,17.94,18.06,32444.0,18.1589,151,False
2026-03-17 14:00:00+00:00,18.05,18.05,17.45,17.885,271448.0,17.64152,1038,True
2026-03-17 15:00:00+00:00,17.92,18.0,17.77,17.835,84892.0,17.86341,547,True
2026-03-17 16:00:00+00:00,17.835,18.07,17.805,18.035,55157.0,17.89646,359,True
2026-03-17 17:00:00+00:00,18.035,18.26,18.0225,18.24,68185.0,18.12042,450,True
2026-03-17 18:00:00+00:00,18.24,18.32,17.97,18.135,114303.0,18.11496,691,True
2026-03-17 19:00:00+00:00,18.105,18.16,17.785,17.905,160240.0,17.97573,1215,True
2026-03-17 20:00:00+00:00,17.89,17.89,17.6323,17.76,49000.0,17.88727,4,False
2026-03-17 21:00:00+00:00,17.76,17.76,17.76,17.76,0.0,17.76,0,False
2026-03-17 22:00:00+00:00,18.11,18.11,18.11,18.11,147.0,18.11,1,False
2026-03-17 23:00:00+00:00,17.8171,17.8171,17.8171,17.8171,120.0,17.8171,1,False
2026-03-18 08:00:00+00:00,18.03,18.03,18.03,18.03,222.0,18.03,1,False
2026-03-18 09:00:00+00:00,18.03,18.03,18.03,18.03,0.0,18.03,0,False
2026-03-18 10:00:00+00:00,18.03,18.03,18.03,18.03,0.0,18.03,0,False
2026-03-18 11:00:00+00:00,18.03,18.03,18.03,18.03,0.0,18.03,0,False
2026-03-18 12:00:00+00:00,18.15,18.15,17.85,17.85,5464.0,18.01214,18,False
2026-03-18 13:00:00+00:00,17.8152,17.85,17.21,17.43,87917.0,17.45518,260,False
2026-03-18 14:00:00+00:00,17.36,17.41,17.01,17.11,116695.0,17.14412,516,True
2026-03-18 15:00:00+00:00,17.15,17.2999,16.85,16.955,108643.0,17.04553,504,True
2026-03-18 16:00:00+00:00,16.955,17.12,16.9,17.095,67036.0,17.0179,328,True
2026-03-18 17:00:00+00:00,17.1,17.23,17.04,17.22,27855.0,17.12765,171,True
2026-03-18 18:00:00+00:00,17.2,17.245,16.86,16.87,50041.0,17.05623,287,True
2026-03-18 19:00:00+00:00,16.87,17.14,16.79,16.79,157724.0,16.93659,942,True
2026-03-18 20:00:00+00:00,16.78,17.11,16.75,16.82,360977.0,16.77913,16,False
2026-03-18 21:00:00+00:00,16.9131,16.9131,16.8,16.8,700.0,16.83231,4,False
2026-03-18 22:00:00+00:00,16.8,16.8,16.79,16.79,1036.0,16.79648,4,False
2026-03-18 23:00:00+00:00,16.79,16.79,16.79,16.79,0.0,16.79,0,False
2026-03-19 08:00:00+00:00,16.87,16.87,16.87,16.87,474.0,16.87,3,False
2026-03-19 09:00:00+00:00,16.87,16.87,16.87,16.87,0.0,16.87,0,False
2026-03-19 10:00:00+00:00,16.87,16.87,16.87,16.87,0.0,16.87,0,False
2026-03-19 11:00:00+00:00,16.7,16.73,16.55,16.55,1262.0,16.67819,6,False
2026-03-19 12:00:00+00:00,16.93,16.93,16.31,16.36,26853.0,16.50532,92,False
2026-03-19 13:00:00+00:00,16.6,16.6,15.64,16.39,188149.0,16.01902,581,False
2026-03-19 14:00:00+00:00,16.39,16.88,16.325,16.5799,210219.0,16.61751,869,True
2026-03-19 15:00:00+00:00,16.455,17.32,16.39,17.06,149676.0,16.87414,784,True
2026-03-19 16:00:00+00:00,17.035,17.1,16.8,16.975,68248.0,16.9612,285,True
2026-03-19 17:00:00+00:00,16.975,16.975,16.75,16.94,51223.0,16.84574,322,True
2026-03-19 18:00:00+00:00,16.9,17.13,16.86,16.94,65980.0,16.98262,375,True
2026-03-19 19:00:00+00:00,16.95,17.3,16.95,17.07,140484.0,17.06835,976,True
2026-03-19 20:00:00+00:00,17.06,17.17,17.0,17.03,319155.0,17.06014,6,False
2026-03-19 21:00:00+00:00,17.1,17.11,17.1,17.11,300.0,17.10667,3,False
2026-03-19 22:00:00+00:00,17.1,17.1,17.1,17.1,252.0,17.1,1,False
2026-03-19 23:00:00+00:00,17.1,17.1,17.1,17.1,0.0,17.1,0,False
2026-03-20 11:00:00+00:00,16.8,16.83,16.8,16.83,437.0,16.80879,3,False
2026-03-20 12:00:00+00:00,16.8,16.95,16.8,16.8406,1794.0,16.88957,12,False
2026-03-20 13:00:00+00:00,16.96,17.06,16.6,16.725,69800.0,16.78718,249,False
2026-03-20 14:00:00+00:00,16.755,16.9,16.55,16.645,111299.0,16.72779,445,True
2026-03-20 15:00:00+00:00,16.7,16.79,16.5061,16.67,56590.0,16.63675,351,True
2026-03-20 16:00:00+00:00,16.65,16.77,16.56,16.64,79008.0,16.66552,447,True
2026-03-20 17:00:00+00:00,16.68,16.68,16.3,16.335,56687.0,16.42854,287,True
2026-03-20 18:00:00+00:00,16.36,16.36,16.17,16.18,85672.0,16.23825,407,True
2026-03-20 19:00:00+00:00,16.18,16.36,16.04,16.31,514943.0,16.2193,2073,True
2026-03-20 20:00:00+00:00,16.32,16.32,16.12,16.32,1403398.0,16.31996,8,False
2026-03-20 21:00:00+00:00,16.5,16.5,16.5,16.5,100.0,16.5,1,False
2026-03-20 22:00:00+00:00,16.5,16.5,16.5,16.5,100.0,16.5,1,False
2026-03-20 23:00:00+00:00,16.7,16.7,16.7,16.7,100.0,16.7,1,False
2026-03-23 08:00:00+00:00,16.14,16.14,16.1,16.1,580.0,16.12621,3,False
2026-03-23 09:00:00+00:00,16.01,16.01,15.99,16.0,640.0,16.00302,4,False
2026-03-23 10:00:00+00:00,16.0,16.0,16.0,16.0,0.0,16.0,0,False
2026-03-23 11:00:00+00:00,16.1,16.74,16.1,16.7,5517.0,16.6354,16,False
2026-03-23 12:00:00+00:00,16.6,16.9,15.926,16.32,9786.0,16.32521,20,False
2026-03-23 13:00:00+00:00,16.7,16.7,16.1,16.58,83423.0,16.37837,288,False
2026-03-23 14:00:00+00:00,16.56,17.055,16.51,16.815,194295.0,16.84019,652,True
2026-03-23 15:00:00+00:00,16.86,17.07,16.2,16.21,86717.0,16.75812,502,True
2026-03-23 16:00:00+00:00,16.21,16.28,15.95,16.1,81106.0,16.11445,382,True
2026-03-23 17:00:00+00:00,16.1,16.29,15.93,16.29,47834.0,16.06936,222,True
2026-03-23 18:00:00+00:00,16.29,16.48,16.19,16.475,49600.0,16.31306,239,True
2026-03-23 19:00:00+00:00,16.46,16.82,16.46,16.59,250217.0,16.67029,1161,True
2026-03-23 20:00:00+00:00,16.6,16.6,16.5,16.5,360273.0,16.59911,6,False
2026-03-23 21:00:00+00:00,16.5,16.59,16.5,16.59,425.0,16.54765,3,False
2026-03-23 22:00:00+00:00,16.5,16.5,16.46,16.46,766.0,16.46522,2,False
2026-03-23 23:00:00+00:00,16.46,16.46,16.46,16.46,200.0,16.46,1,False
2026-03-24 09:00:00+00:00,16.66,16.66,16.65,16.65,496.0,16.65504,2,False
2026-03-24 10:00:00+00:00,16.65,16.65,16.65,16.65,0.0,16.65,0,False
2026-03-24 11:00:00+00:00,16.6,16.6,16.6,16.6,1607.0,16.6,4,False
2026-03-24 12:00:00+00:00,16.75,16.75,16.33,16.6,15626.0,16.34905,14,False
2026-03-24 13:00:00+00:00,16.33,16.53,16.05,16.13,49404.0,16.24157,165,False
2026-03-24 14:00:00+00:00,16.1,16.94,16.095,16.51,159201.0,16.51139,811,True
2026-03-24 15:00:00+00:00,16.425,16.79,16.3201,16.44,53965.0,16.61016,308,True
2026-03-24 16:00:00+00:00,16.445,16.7,16.25,16.65,54115.0,16.42363,307,True
2026-03-24 17:00:00+00:00,16.63,16.66,16.27,16.41,52739.0,16.39474,295,True
2026-03-24 18:00:00+00:00,16.42,16.66,16.33,16.6,26731.0,16.54057,134,True
2026-03-24 19:00:00+00:00,16.62,16.755,16.595,16.66,85559.0,16.66922,601,True
2026-03-24 20:00:00+00:00,16.67,16.77,16.67,16.77,308973.0,16.67013,3,False
2026-03-24 21:00:00+00:00,16.97,16.97,16.65,16.65,850.0,16.83941,3,False
2026-03-24 22:00:00+00:00,16.65,16.65,16.65,16.65,0.0,16.65,0,False
2026-03-24 23:00:00+00:00,16.71,16.71,16.71,16.71,533.0,16.71,1,False
2026-03-25 09:00:00+00:00,16.68,16.68,16.68,16.68,299.0,16.68,1,False
2026-03-25 10:00:00+00:00,16.83,16.83,16.83,16.83,153.0,16.83,1,False
2026-03-25 11:00:00+00:00,16.77,16.77,16.75,16.75,342.0,16.76292,2,False
2026-03-25 12:00:00+00:00,16.58,16.89,16.58,16.8896,3140.0,16.79222,10,False
2026-03-25 13:00:00+00:00,16.8,17.53,16.69,17.35,119177.0,17.1512,329,False
2026-03-25 14:00:00+00:00,17.35,18.14,17.32,17.9609,218912.0,17.78981,1001,True
2026-03-25 15:00:00+00:00,17.94,17.975,17.65,17.79,59573.0,17.81216,240,True
2026-03-25 16:00:00+00:00,17.7675,18.1,17.6101,18.06,136188.0,17.91915,593,True
2026-03-25 17:00:00+00:00,18.06,18.18,17.99,18.095,56687.0,18.07381,270,True
2026-03-25 18:00:00+00:00,18.1399,18.2,17.93,17.97,47860.0,18.11226,269,True
2026-03-25 19:00:00+00:00,17.965,18.49,17.95,18.49,252405.0,18.19897,1613,True
2026-03-25 20:00:00+00:00,18.5,18.5,18.35,18.49,53741.0,18.49436,18,False
2026-03-25 21:00:00+00:00,18.37,18.45,18.25,18.25,1199.0,18.42581,4,False
2026-03-25 22:00:00+00:00,18.26,18.35,18.26,18.35,434.0,18.28304,3,False
2026-03-25 23:00:00+00:00,18.34,18.36,18.25,18.25,3283.0,18.29017,9,False
2026-03-26 08:00:00+00:00,18.23,18.23,18.23,18.23,164.0,18.23,1,False
2026-03-26 09:00:00+00:00,18.23,18.23,18.23,18.23,0.0,18.23,0,False
2026-03-26 10:00:00+00:00,18.16,18.16,18.16,18.16,616.0,18.16,3,False
2026-03-26 11:00:00+00:00,17.97,17.98,17.97,17.98,528.0,17.97621,2,False
2026-03-26 12:00:00+00:00,17.9801,18.3,17.91,18.0,4653.0,18.05637,12,False
2026-03-26 13:00:00+00:00,18.11,18.3,18.0,18.12,43501.0,18.15162,151,False
2026-03-26 14:00:00+00:00,18.18,18.37,17.66,17.73,76287.0,18.05101,335,True
2026-03-26 15:00:00+00:00,17.73,17.9,17.57,17.66,62747.0,17.70251,304,True
2026-03-26 16:00:00+00:00,17.64,17.7,17.25,17.35,73188.0,17.43432,446,True
2026-03-26 17:00:00+00:00,17.37,17.38,16.95,16.95,78032.0,17.15972,453,True
2026-03-26 18:00:00+00:00,16.96,17.145,16.95,16.99,63681.0,17.06179,354,True
2026-03-26 19:00:00+00:00,17.005,17.14,16.82,16.83,149710.0,16.95446,1027,True
2026-03-26 20:00:00+00:00,16.82,18.4,16.82,17.07,37310.0,16.84358,15,False
2026-03-26 21:00:00+00:00,17.17,17.18,16.95,16.95,1364.0,17.1101,7,False
2026-03-26 22:00:00+00:00,17.18,17.18,17.18,17.18,483.0,17.18,1,False
2026-03-26 23:00:00+00:00,16.94,17.06,16.93,16.93,1212.0,16.94542,5,False
2026-03-27 10:00:00+00:00,16.8,16.8,16.8,16.8,112.0,16.8,1,False
2026-03-27 11:00:00+00:00,16.8,16.81,16.8,16.81,352.0,16.80432,2,False
2026-03-27 12:00:00+00:00,16.8,17.23,16.56,16.67,3432.0,16.92427,17,False
2026-03-27 13:00:00+00:00,16.61,16.61,15.92,16.02,132753.0,16.28784,482,False
2026-03-27 14:00:00+00:00,16.005,16.44,15.72,15.92,161618.0,16.03268,597,True
2026-03-27 15:00:00+00:00,15.92,15.9799,15.5,15.83,151910.0,15.74148,628,True
2026-03-27 16:00:00+00:00,15.82,15.98,15.71,15.855,79793.0,15.85482,434,True
2026-03-27 17:00:00+00:00,15.84,15.9,15.42,15.51,82387.0,15.66325,413,True
2026-03-27 18:00:00+00:00,15.475,15.63,15.4703,15.5,53312.0,15.533,258,True
2026-03-27 19:00:00+00:00,15.52,15.625,15.35,15.42,291693.0,15.43166,1791,True
2026-03-27 20:00:00+00:00,15.44,15.5,15.44,15.5,88954.0,15.44108,11,False
2026-03-27 21:00:00+00:00,15.42,15.42,15.33,15.33,1161.0,15.3514,7,False
2026-03-27 22:00:00+00:00,15.26,15.26,15.26,15.26,200.0,15.26,1,False
2026-03-27 23:00:00+00:00,15.51,15.5192,15.51,15.5192,522.0,15.51742,3,False
2026-03-30 08:00:00+00:00,15.57,15.57,15.5,15.51,1107.0,15.53959,5,False
2026-03-30 09:00:00+00:00,15.51,15.51,15.51,15.51,0.0,15.51,0,False
2026-03-30 10:00:00+00:00,15.65,15.65,15.65,15.65,500.0,15.65,1,False
2026-03-30 11:00:00+00:00,15.6,15.74,15.6,15.74,830.0,15.67537,3,False
2026-03-30 12:00:00+00:00,15.73,15.75,15.62,15.7129,7476.0,15.72446,23,False
2026-03-30 13:00:00+00:00,15.65,15.7,15.15,15.21,123624.0,15.45426,340,False
2026-03-30 14:00:00+00:00,15.27,15.3357,14.81,15.03,141167.0,15.04531,500,True
2026-03-30 15:00:00+00:00,14.9941,15.44,14.81,15.38,98044.0,15.02488,543,True
2026-03-30 16:00:00+00:00,15.39,15.39,15.01,15.185,60322.0,15.20257,329,True
2026-03-30 17:00:00+00:00,15.17,15.21,14.88,14.94,50934.0,14.9774,257,True
2026-03-30 18:00:00+00:00,14.93,15.01,14.81,14.85,73832.0,14.90813,410,True
2026-03-30 19:00:00+00:00,14.85,14.87,14.58,14.79,259466.0,14.68944,1330,True
2026-03-30 20:00:00+00:00,14.8,14.8,14.621,14.621,52547.0,14.7951,2,False
2026-03-30 21:00:00+00:00,14.8,14.8,14.8,14.8,200.0,14.8,2,False
2026-03-30 22:00:00+00:00,14.85,14.85,14.85,14.85,2450.0,14.85,1,False
2026-03-30 23:00:00+00:00,14.85,14.85,14.85,14.85,0.0,14.85,0,False
2026-03-31 08:00:00+00:00,14.96,14.96,14.93,14.94,1801.0,14.94395,6,False
2026-03-31 09:00:00+00:00,14.94,14.94,14.94,14.94,0.0,14.94,0,False
2026-03-31 10:00:00+00:00,14.94,14.94,14.94,14.94,0.0,14.94,0,False
2026-03-31 11:00:00+00:00,15.05,15.2318,15.05,15.2318,500.0,15.19544,2,False
2026-03-31 12:00:00+00:00,15.2,15.2,15.2,15.2,250.0,15.2,1,False
2026-03-31 13:00:00+00:00,15.04,15.21,14.61,15.2099,86900.0,14.97379,356,False
2026-03-31 14:00:00+00:00,15.1,15.19,14.8701,15.05,124299.0,15.02609,548,True
2026-03-31 15:00:00+00:00,15.08,15.3,15.01,15.2,81935.0,15.17571,478,True
2026-03-31 16:00:00+00:00,15.2,16.0999,15.18,16.0,147425.0,15.72129,632,True
2026-03-31 17:00:00+00:00,15.97,16.475,15.94,16.3,195441.0,16.21908,904,True
2026-03-31 18:00:00+00:00,16.3,16.55,16.23,16.475,131741.0,16.43207,724,True
2026-03-31 19:00:00+00:00,16.475,16.51,16.15,16.34,164174.0,16.32504,927,True
2026-03-31 20:00:00+00:00,16.32,16.32,16.32,16.32,59513.0,16.32,3,False
2026-03-31 21:00:00+00:00,16.1944,16.1944,16.1944,16.1944,133.0,16.1944,1,False
2026-03-31 22:00:00+00:00,16.1944,16.1944,16.1944,16.1944,0.0,16.1944,0,False
2026-03-31 23:00:00+00:00,16.3409,16.35,16.28,16.28,1565.0,16.29868,4,False
2026-04-01 08:00:00+00:00,16.29,16.47,16.28,16.38,3690.0,16.40857,19,False
2026-04-01 09:00:00+00:00,16.38,16.39,16.25,16.39,1275.0,16.3596,7,False
2026-04-01 10:00:00+00:00,16.39,16.39,16.39,16.39,0.0,16.39,0,False
2026-04-01 11:00:00+00:00,16.39,16.56,16.2,16.56,5956.0,16.34606,28,False
2026-04-01 12:00:00+00:00,16.58,16.58,16.49,16.49,400.0,16.5575,2,False
2026-04-01 13:00:00+00:00,16.34,16.77,16.09,16.23,88839.0,16.38043,358,False
2026-04-01 14:00:00+00:00,16.22,16.5,16.09,16.25,100493.0,16.25876,451,True
2026-04-01 15:00:00+00:00,16.2,16.54,16.18,16.47,55790.0,16.36664,326,True
2026-04-01 16:00:00+00:00,16.42,16.47,16.31,16.44,52097.0,16.38458,304,True
2026-04-01 17:00:00+00:00,16.44,16.53,16.32,16.44,68231.0,16.38373,411,True
2026-04-01 18:00:00+00:00,16.46,16.47,16.16,16.44,89556.0,16.3313,535,True
2026-04-01 19:00:00+00:00,16.445,16.52,16.35,16.41,124658.0,16.41696,722,True
2026-04-01 20:00:00+00:00,16.45,16.45,16.45,16.45,55832.0,16.45,1,False
2026-04-01 21:00:00+00:00,16.34,16.34,16.34,16.34,1000.0,16.34,1,False
2026-04-01 22:00:00+00:00,16.34,16.34,16.34,16.34,0.0,16.34,0,False
2026-04-01 23:00:00+00:00,16.34,16.34,16.34,16.34,0.0,16.34,0,False
2026-04-02 08:00:00+00:00,16.06,16.06,15.88,15.88,3822.0,15.97418,13,False
2026-04-02 09:00:00+00:00,15.89,15.9,15.89,15.9,1204.0,15.89831,2,False
2026-04-02 10:00:00+00:00,15.85,15.85,15.85,15.85,467.0,15.85,2,False
2026-04-02 11:00:00+00:00,15.69,15.69,15.63,15.63,1657.0,15.65476,3,False
2026-04-02 12:00:00+00:00,15.7,15.7,15.51,15.51,1373.0,15.63809,5,False
2026-04-02 13:00:00+00:00,15.66,17.1799,15.51,16.95,88080.0,16.47685,283,False
2026-04-02 14:00:00+00:00,16.992,17.6,16.8089,17.49,133712.0,17.2572,602,True
2026-04-02 15:00:00+00:00,17.47,17.49,17.17,17.19,53160.0,17.32637,341,True
2026-04-02 16:00:00+00:00,17.18,17.27,16.97,17.12,58499.0,17.12943,326,True
2026-04-02 17:00:00+00:00,17.19,17.37,17.07,17.09,83861.0,17.22393,356,True
2026-04-02 18:00:00+00:00,17.11,17.3,17.03,17.3,42172.0,17.12239,274,True
2026-04-02 19:00:00+00:00,17.25,17.49,17.25,17.46,123563.0,17.42001,739,True
2026-04-02 20:00:00+00:00,17.47,17.47,17.4,17.4,49760.0,17.46986,2,False
2026-04-02 21:00:00+00:00,17.18,17.43,17.18,17.43,519.0,17.38183,2,False
2026-04-02 22:00:00+00:00,17.43,17.43,17.43,17.43,0.0,17.43,0,False
2026-04-02 23:00:00+00:00,17.3,17.4,17.29,17.3012,5912.0,17.32497,12,False
2026-04-06 08:00:00+00:00,17.4,17.6,17.4,17.6,551.0,17.50345,5,False
2026-04-06 09:00:00+00:00,17.6,17.6,17.6,17.6,352.0,17.6,1,False
2026-04-06 10:00:00+00:00,17.6,17.7,17.6,17.7,2912.0,17.69657,8,False
2026-04-06 11:00:00+00:00,17.59,17.59,17.51,17.51,1250.0,17.5322,4,False
2026-04-06 12:00:00+00:00,17.6239,17.7,17.4,17.7,400.0,17.59098,4,False
2026-04-06 13:00:00+00:00,17.65,18.71,17.4436,18.5,131953.0,18.19241,499,False
2026-04-06 14:00:00+00:00,18.42,18.65,18.02,18.23,186960.0,18.40681,792,True
2026-04-06 15:00:00+00:00,18.23,18.4,18.14,18.31,98045.0,18.27136,375,True
2026-04-06 16:00:00+00:00,18.3,18.3146,17.94,17.96,36108.0,18.11215,211,True
2026-04-06 17:00:00+00:00,17.97,18.1,17.89,18.01,44019.0,18.01553,272,True
2026-04-06 18:00:00+00:00,18.02,18.14,17.98,18.13,18914.0,18.07697,123,True
2026-04-06 19:00:00+00:00,18.12,18.1394,17.91,18.07,98508.0,18.00873,588,True
2026-04-06 20:00:00+00:00,18.05,18.2,18.05,18.05,54814.0,18.05055,4,False
2026-04-06 21:00:00+00:00,17.9,17.95,17.84,17.95,3308.0,17.87213,7,False
2026-04-06 22:00:00+00:00,17.95,17.95,17.95,17.95,0.0,17.95,0,False
2026-04-06 23:00:00+00:00,17.84,17.84,17.84,17.84,364.0,17.84,1,False
2026-04-07 08:00:00+00:00,17.68,17.84,17.68,17.84,662.0,17.81317,2,False
2026-04-07 09:00:00+00:00,17.84,17.84,17.84,17.84,0.0,17.84,0,False
2026-04-07 10:00:00+00:00,17.84,17.84,17.84,17.84,0.0,17.84,0,False
2026-04-07 11:00:00+00:00,17.95,17.95,17.84,17.84,440.0,17.89909,3,False
2026-04-07 12:00:00+00:00,17.84,17.84,17.84,17.84,0.0,17.84,0,False
2026-04-07 13:00:00+00:00,17.92,18.53,17.92,18.06,75023.0,18.13315,261,False
2026-04-07 14:00:00+00:00,17.985,18.25,17.94,18.125,54263.0,18.10832,300,True
2026-04-07 15:00:00+00:00,18.125,18.325,17.8501,18.235,64745.0,18.14638,290,True
2026-04-07 16:00:00+00:00,18.245,18.5,18.2,18.395,53328.0,18.35603,292,True
2026-04-07 17:00:00+00:00,18.38,18.45,18.2314,18.375,22337.0,18.35952,153,True
2026-04-07 18:00:00+00:00,18.41,18.41,18.14,18.23,39442.0,18.2609,194,True
2026-04-07 19:00:00+00:00,18.23,18.92,18.17,18.92,186767.0,18.64902,1129,True
2026-04-07 20:00:00+00:00,18.93,18.93,18.82,18.9,62985.0,18.92744,12,False
2026-04-07 21:00:00+00:00,18.89,18.92,18.7637,18.85,1671.0,18.88907,5,False
2026-04-07 22:00:00+00:00,18.99,19.31,18.7824,19.31,6398.0,19.14169,26,False
2026-04-07 23:00:00+00:00,19.5,19.7466,19.31,19.69,8007.0,19.51855,25,False
2026-04-08 08:00:00+00:00,19.54,19.7,19.51,19.7,4635.0,19.55846,13,False
2026-04-08 09:00:00+00:00,19.72,19.73,19.65,19.73,1040.0,19.70019,5,False
2026-04-08 10:00:00+00:00,19.76,19.76,19.76,19.76,2862.0,19.76,4,False
2026-04-08 11:00:00+00:00,19.73,20.15,19.63,19.7,6977.0,19.79324,26,False
2026-04-08 12:00:00+00:00,19.78,19.81,19.73,19.801,1929.0,19.78669,9,False
2026-04-08 13:00:00+00:00,19.9,20.28,19.51,20.175,288616.0,19.92196,900,False
2026-04-08 14:00:00+00:00,20.1522,20.265,19.6501,19.755,137274.0,19.99797,779,True
2026-04-08 15:00:00+00:00,19.87,20.035,19.7689,19.955,56208.0,19.92488,332,True
2026-04-08 16:00:00+00:00,19.9999,20.14,19.94,20.095,68894.0,20.04534,440,True
2026-04-08 17:00:00+00:00,20.07,20.69,20.01,20.69,371810.0,20.40418,1471,True
2026-04-08 18:00:00+00:00,20.61,20.79,20.17,20.195,114627.0,20.43546,748,True
2026-04-08 19:00:00+00:00,20.17,20.665,20.13,20.58,350058.0,20.53288,1424,True
2026-04-08 20:00:00+00:00,20.586,20.7255,19.643,20.61,663340.0,20.56008,36,False
2026-04-08 21:00:00+00:00,20.77,20.77,20.59,20.6481,1499.0,20.62678,9,False
2026-04-08 22:00:00+00:00,20.61,20.61,20.6,20.6,5714.0,20.60211,17,False
2026-04-08 23:00:00+00:00,20.6469,20.6469,20.6,20.6,4722.0,20.60099,32,False
2026-04-09 08:00:00+00:00,20.3,20.52,19.9,20.29,1268.0,20.3187,9,False
2026-04-09 09:00:00+00:00,20.0,20.95,20.0,20.95,7349.0,20.35506,12,False
2026-04-09 10:00:00+00:00,20.49,20.93,20.49,20.7,379.0,20.67813,3,False
2026-04-09 11:00:00+00:00,20.45,20.7,20.45,20.7,1184.0,20.65904,2,False
2026-04-09 12:00:00+00:00,20.0,20.4,20.0,20.4,1400.0,20.34143,4,False
2026-04-09 13:00:00+00:00,20.29,23.1999,20.2,23.18,520883.0,22.2803,1692,False
2026-04-09 14:00:00+00:00,23.1899,23.98,22.63,23.98,694544.0,23.28763,2912,True
2026-04-09 15:00:00+00:00,23.935,24.46,23.31,23.54,556011.0,23.97476,2496,True
2026-04-09 16:00:00+00:00,23.45,23.64,22.84,23.41,280173.0,23.23287,1283,True
2026-04-09 17:00:00+00:00,23.47,24.64,23.16,24.58,293993.0,24.05126,1254,True
2026-04-09 18:00:00+00:00,24.61,25.09,23.875,24.065,261542.0,24.42245,1423,True
2026-04-09 19:00:00+00:00,24.065,24.86,23.96,24.46,605638.0,24.37519,2924,True
2026-04-09 20:00:00+00:00,24.43,24.7459,24.24,24.28,403155.0,24.3439,20,False
2026-04-09 21:00:00+00:00,24.14,24.34,24.14,24.27,1579.0,24.26833,9,False
2026-04-09 22:00:00+00:00,24.34,24.51,24.34,24.4877,1516.0,24.47725,5,False
2026-04-09 23:00:00+00:00,24.07,24.29,24.07,24.29,8400.0,24.27179,12,False
2026-04-10 08:00:00+00:00,24.61,24.7281,24.33,24.46,9733.0,24.54541,41,False
2026-04-10 09:00:00+00:00,24.65,24.72,24.5,24.72,4351.0,24.6112,7,False
2026-04-10 10:00:00+00:00,24.65,24.72,24.5,24.72,2973.0,24.58581,13,False
2026-04-10 11:00:00+00:00,24.66,25.0,24.55,24.87,28756.0,24.80188,93,False
2026-04-10 12:00:00+00:00,24.88,25.26,24.75,25.15,23581.0,25.03764,96,False
2026-04-10 13:00:00+00:00,25.2062,25.8999,24.26,25.065,462731.0,25.04197,1499,False
2026-04-10 14:00:00+00:00,25.0,25.03,23.5,23.54,293063.0,24.10902,1386,True
2026-04-10 15:00:00+00:00,23.59,23.9491,23.27,23.42,142631.0,23.61006,714,True
2026-04-10 16:00:00+00:00,23.39,23.39,22.2,22.44,362335.0,22.55634,1608,True
2026-04-10 17:00:00+00:00,22.375,23.21,22.36,22.75,196513.0,22.84995,1206,True
2026-04-10 18:00:00+00:00,22.7471,23.44,22.663,23.33,187062.0,23.07927,1226,True
2026-04-10 19:00:00+00:00,23.33,23.62,23.08,23.24,471666.0,23.32361,2823,True
2026-04-10 20:00:00+00:00,23.22,23.29,22.99,23.27,505753.0,23.0322,24,False
2026-04-10 21:00:00+00:00,23.5766,23.5766,23.03,23.3915,4991.0,23.15451,8,False
2026-04-10 22:00:00+00:00,23.45,23.45,23.0041,23.0041,700.0,23.0678,2,False
2026-04-10 23:00:00+00:00,23.4,23.5137,23.0836,23.35,2656.0,23.37447,10,False
2026-04-13 08:00:00+00:00,23.42,23.5,22.99,23.48,9507.0,23.31238,40,False
2026-04-13 09:00:00+00:00,23.42,23.47,23.34,23.47,1234.0,23.40987,7,False
2026-04-13 10:00:00+00:00,23.39,23.39,23.39,23.39,450.0,23.39,2,False
2026-04-13 11:00:00+00:00,23.35,23.38,23.05,23.05,5336.0,23.21202,17,False
2026-04-13 12:00:00+00:00,23.4011,23.4011,23.05,23.12,3560.0,23.14113,9,False
2026-04-13 13:00:00+00:00,23.17,24.93,23.1524,24.335,253900.0,24.09548,756,False
2026-04-13 14:00:00+00:00,24.39,24.47,23.5,23.785,183456.0,23.95234,683,True
2026-04-13 15:00:00+00:00,23.71,24.4,23.3101,23.995,185679.0,23.82582,754,True
2026-04-13 16:00:00+00:00,24.04,24.27,23.795,24.15,61694.0,24.00998,335,True
2026-04-13 17:00:00+00:00,24.11,24.12,23.1,23.34,195142.0,23.42553,976,True
2026-04-13 18:00:00+00:00,23.32,24.1,23.26,24.05,126242.0,23.72346,867,True
2026-04-13 19:00:00+00:00,24.1,24.39,23.91,24.15,313471.0,24.118,2244,True
2026-04-13 20:00:00+00:00,24.15,24.2,23.8381,24.1175,368211.0,23.91212,18,False
2026-04-13 21:00:00+00:00,24.11,24.161,23.9013,24.05,1320.0,23.95198,4,False
2026-04-13 22:00:00+00:00,24.2,24.2,24.1,24.2,637.0,24.15573,3,False
2026-04-13 23:00:00+00:00,24.2882,24.29,24.0809,24.18,1300.0,24.20386,6,False
2026-04-14 08:00:00+00:00,24.33,24.6,24.33,24.48,2102.0,24.46709,10,False
2026-04-14 09:00:00+00:00,24.41,24.41,24.3,24.4,1863.0,24.33911,10,False
2026-04-14 10:00:00+00:00,24.32,24.32,24.31,24.31,250.0,24.314,2,False
2026-04-14 11:00:00+00:00,24.28,24.5,24.2,24.5,4780.0,24.27718,13,False
2026-04-14 12:00:00+00:00,24.47,24.63,24.44,24.61,4942.0,24.50907,20,False
2026-04-14 13:00:00+00:00,24.52,25.05,23.2,23.81,262027.0,23.99616,883,False
2026-04-14 14:00:00+00:00,23.79,25.01,23.61,23.9219,406534.0,24.32085,1806,True
2026-04-14 15:00:00+00:00,23.88,23.94,23.15,23.16,111451.0,23.70285,650,True
2026-04-14 16:00:00+00:00,23.256,23.35,22.7852,22.8451,168536.0,23.09039,785,True
2026-04-14 17:00:00+00:00,22.8499,23.2499,22.73,22.965,50850.0,22.94724,278,True
2026-04-14 18:00:00+00:00,22.96,23.04,22.76,22.98,75350.0,22.90797,284,True
2026-04-14 19:00:00+00:00,22.98,23.1364,22.82,23.0,286559.0,22.99589,1729,True
2026-04-14 20:00:00+00:00,23.0,23.04,22.8169,22.9719,236142.0,22.99994,9,False
2026-04-14 21:00:00+00:00,23.0,23.05,23.0,23.05,300.0,23.01667,2,False
2026-04-14 22:00:00+00:00,23.0,23.033,22.94,22.95,3296.0,22.97578,8,False
2026-04-14 23:00:00+00:00,23.0,23.05,22.9145,23.05,1626.0,22.98986,7,False
2026-04-15 08:00:00+00:00,23.14,23.14,22.27,22.27,2310.0,23.0132,6,False
2026-04-15 09:00:00+00:00,23.01,23.01,23.01,23.01,100.0,23.01,1,False
2026-04-15 10:00:00+00:00,22.76,22.76,22.74,22.75,2632.0,22.7576,11,False
2026-04-15 11:00:00+00:00,22.7642,23.0,22.7642,22.99,1496.0,22.87706,7,False
2026-04-15 12:00:00+00:00,22.86,22.86,22.8,22.85,1508.0,22.83883,12,False
2026-04-15 13:00:00+00:00,22.9,22.9,21.5,22.505,270249.0,22.02706,1163,False
2026-04-15 14:00:00+00:00,22.42,24.08,22.2701,23.47,324863.0,23.20549,1701,True
2026-04-15 15:00:00+00:00,23.49,23.71,23.0005,23.4,204119.0,23.32084,993,True
2026-04-15 16:00:00+00:00,23.35,23.93,22.9722,23.195,101524.0,23.38564,658,True
2026-04-15 17:00:00+00:00,23.195,23.48,22.95,23.27,80136.0,23.20438,540,True
2026-04-15 18:00:00+00:00,23.245,23.99,23.23,23.8754,72572.0,23.55649,534,True
2026-04-15 19:00:00+00:00,24.0,24.63,23.87,23.87,478270.0,24.16258,2844,True
2026-04-15 20:00:00+00:00,23.9,24.6,23.53,24.6,587255.0,23.55487,14,False
2026-04-15 21:00:00+00:00,23.87,23.88,23.87,23.88,470.0,23.87213,2,False
2026-04-15 22:00:00+00:00,23.82,23.9,23.81,23.9,1687.0,23.86765,8,False
2026-04-15 23:00:00+00:00,23.88,23.89,23.672,23.88,1871.0,23.84436,8,False
2026-04-16 08:00:00+00:00,24.13,24.14,24.06,24.14,1928.0,24.10722,5,False
2026-04-16 09:00:00+00:00,24.14,24.14,24.14,24.14,0.0,24.14,0,False
2026-04-16 10:00:00+00:00,24.15,24.34,23.86,23.86,5542.0,24.09041,15,False
2026-04-16 11:00:00+00:00,24.06,24.1683,24.06,24.1683,2020.0,24.14839,4,False
2026-04-16 12:00:00+00:00,24.18,24.18,23.843,23.91,3173.0,24.05249,9,False
2026-04-16 13:00:00+00:00,23.92,25.75,23.91,25.749,271379.0,25.00543,1125,False
2026-04-16 14:00:00+00:00,25.68,27.1069,25.03,26.96,541980.0,26.01488,2045,True
2026-04-16 15:00:00+00:00,26.85,28.08,26.83,27.72,638321.0,27.52785,2369,True
2026-04-16 16:00:00+00:00,27.61,27.71,25.73,26.34,338525.0,26.66362,1641,True
2026-04-16 17:00:00+00:00,26.3798,26.94,26.2001,26.41,224666.0,26.60612,1166,True
2026-04-16 18:00:00+00:00,26.43,26.505,25.99,26.13,156718.0,26.22411,931,True
2026-04-16 19:00:00+00:00,26.14,26.67,26.035,26.58,373390.0,26.39662,2463,True
2026-04-16 20:00:00+00:00,26.58,27.94,26.01,26.38,310942.0,26.46851,17,False
2026-04-16 21:00:00+00:00,26.36,26.42,25.9,25.9011,3614.0,26.17408,14,False
2026-04-16 22:00:00+00:00,26.5,26.51,26.0228,26.1738,1598.0,26.31381,7,False
2026-04-16 23:00:00+00:00,26.51,26.51,26.4168,26.4168,300.0,26.47797,3,False
2026-04-17 08:00:00+00:00,26.54,26.86,26.34,26.6,1596.0,26.67202,8,False
2026-04-17 09:00:00+00:00,26.55,26.6,26.43,26.6,1248.0,26.51958,7,False
2026-04-17 10:00:00+00:00,26.5099,26.5232,26.5099,26.5232,405.0,26.51992,2,False
2026-04-17 11:00:00+00:00,26.53,27.01,26.53,26.95,16018.0,26.92821,27,False
2026-04-17 12:00:00+00:00,27.0,27.0097,26.56,26.65,13873.0,26.73381,67,False
2026-04-17 13:00:00+00:00,26.5772,27.06,25.7,26.85,286119.0,26.51557,882,False
2026-04-17 14:00:00+00:00,26.7,26.7,25.905,26.075,190496.0,26.24778,879,True
2026-04-17 15:00:00+00:00,26.075,26.15,25.3,25.78,229115.0,25.70711,1129,True
2026-04-17 16:00:00+00:00,25.75,26.26,25.47,25.545,107087.0,25.8838,456,True
2026-04-17 17:00:00+00:00,25.55,26.054,25.39,25.89,89862.0,25.70111,513,True
2026-04-17 18:00:00+00:00,25.87,25.875,25.27,25.325,77850.0,25.54003,455,True
2026-04-17 19:00:00+00:00,25.325,25.635,24.77,25.56,346628.0,25.23063,1789,True
2026-04-17 20:00:00+00:00,25.56,25.75,25.31,25.62,99306.0,25.5583,10,False
2026-04-17 21:00:00+00:00,25.46,25.46,25.46,25.46,325.0,25.46,3,False
2026-04-17 22:00:00+00:00,25.5,25.5,25.47,25.47,617.0,25.47486,3,False
2026-04-17 23:00:00+00:00,25.5928,25.5928,25.5928,25.5928,100.0,25.5928,1,False
2026-04-20 08:00:00+00:00,25.55,25.57,25.0,25.5681,6250.0,25.37044,21,False
2026-04-20 09:00:00+00:00,25.5702,25.58,25.5,25.5,550.0,25.5564,3,False
2026-04-20 10:00:00+00:00,25.45,25.47,25.45,25.47,376.0,25.45936,3,False
2026-04-20 11:00:00+00:00,25.38,25.38,24.955,25.32,1226.0,25.30117,8,False
2026-04-20 12:00:00+00:00,25.2734,25.35,25.26,25.26,1908.0,25.28807,10,False
2026-04-20 13:00:00+00:00,25.0,28.69,25.0,27.17,810391.0,27.47652,3280,False
2026-04-20 14:00:00+00:00,27.17,27.17,25.5,25.57,626280.0,26.25839,2513,True
2026-04-20 15:00:00+00:00,25.58,25.75,25.16,25.33,256379.0,25.41379,1405,True
2026-04-20 16:00:00+00:00,25.365,25.49,24.91,24.99,231887.0,25.18773,1356,True
2026-04-20 17:00:00+00:00,25.06,25.44,25.0,25.04,122478.0,25.2289,855,True
2026-04-20 18:00:00+00:00,25.065,26.45,25.065,26.02,263124.0,26.00651,1302,True
2026-04-20 19:00:00+00:00,26.06,26.44,25.9,26.28,298943.0,26.15504,2083,True
2026-04-20 20:00:00+00:00,26.33,26.5,26.11,26.5,82886.0,26.33172,10,False
2026-04-20 21:00:00+00:00,26.5,26.5,26.5,26.5,0.0,26.5,0,False
2026-04-20 22:00:00+00:00,26.3,26.37,26.3,26.37,1466.0,26.32992,9,False
2026-04-20 23:00:00+00:00,26.33,26.33,26.3,26.3,467.0,26.31844,2,False
2026-04-21 08:00:00+00:00,26.32,26.61,26.19,26.61,5473.0,26.43943,18,False
2026-04-21 09:00:00+00:00,26.64,26.6487,26.5,26.6487,2468.0,26.58574,13,False
2026-04-21 10:00:00+00:00,26.5,26.6,26.5,26.57,1661.0,26.56623,11,False
2026-04-21 11:00:00+00:00,26.5,26.56,26.32,26.55,2334.0,26.51167,11,False
2026-04-21 12:00:00+00:00,26.51,26.6472,26.38,26.59,4811.0,26.55613,16,False
2026-04-21 13:00:00+00:00,26.5,29.22,26.4,28.335,771712.0,28.25095,2961,False
2026-04-21 14:00:00+00:00,28.335,30.2475,28.25,29.11,1360236.0,29.15293,4907,True
2026-04-21 15:00:00+00:00,29.11,29.97,27.67,27.875,987851.0,28.9464,3496,True
2026-04-21 16:00:00+00:00,27.875,28.14,27.03,27.065,482163.0,27.62666,2561,True
2026-04-21 17:00:00+00:00,27.03,27.16,26.51,26.85,646695.0,26.82629,3682,True
2026-04-21 18:00:00+00:00,26.78,27.13,26.16,26.28,640257.0,26.56577,3462,True
2026-04-21 19:00:00+00:00,26.33,26.52,24.65,24.7,1750694.0,25.52731,9366,True
2026-04-21 20:00:00+00:00,24.7,25.82,24.7,25.5179,1322364.0,24.70373,59,False
2026-04-21 21:00:00+00:00,25.34,25.51,24.9962,25.0,6491.0,25.09881,34,False
2026-04-21 22:00:00+00:00,24.96,25.22,24.91,25.0,6905.0,24.99263,31,False
2026-04-21 23:00:00+00:00,25.2,25.2,24.94,24.94,7002.0,25.03761,22,False
2026-04-22 08:00:00+00:00,25.48,26.05,25.2,25.7623,18818.0,25.71733,52,False
2026-04-22 09:00:00+00:00,25.73,26.18,25.73,25.86,15231.0,26.02955,30,False
2026-04-22 10:00:00+00:00,26.04,26.46,25.95,26.02,14678.0,26.15678,53,False
2026-04-22 11:00:00+00:00,26.01,26.3,25.79,26.14,13332.0,26.09432,50,False
2026-04-22 12:00:00+00:00,26.1,26.25,25.74,25.7401,38551.0,26.12448,111,False
2026-04-22 13:00:00+00:00,25.74,29.45,25.74,27.62,779656.0,28.11087,2814,False
2026-04-22 14:00:00+00:00,27.74,27.74,25.8801,27.405,714539.0,26.71697,3429,True
2026-04-22 15:00:00+00:00,27.445,27.46,25.8308,26.73,759279.0,26.47282,3301,True
2026-04-22 16:00:00+00:00,26.725,27.53,25.8901,26.025,907812.0,26.92481,4110,True
2026-04-22 17:00:00+00:00,26.025,26.77,26.0,26.59,507183.0,26.16056,2375,True
2026-04-22 18:00:00+00:00,26.49,27.37,26.29,27.37,651428.0,26.69879,2938,True
2026-04-22 19:00:00+00:00,27.27,27.75,26.375,27.75,1126785.0,27.10555,5573,True
2026-04-22 20:00:00+00:00,27.75,27.96,27.59,27.96,1324007.0,27.75185,118,False
2026-04-22 21:00:00+00:00,27.9,28.28,27.75,28.28,5627.0,28.07724,28,False
2026-04-22 22:00:00+00:00,28.0,28.0,27.78,27.9,5873.0,27.9133,27,False
2026-04-22 23:00:00+00:00,27.85,28.3,27.82,28.16,12840.0,28.0533,47,False
2026-04-23 08:00:00+00:00,27.93,28.2,26.73,27.68,10362.0,27.69396,29,False
2026-04-23 09:00:00+00:00,27.88,28.22,27.37,27.39,3452.0,27.55245,13,False
2026-04-23 10:00:00+00:00,27.38,27.51,27.38,27.51,1615.0,27.49416,7,False
2026-04-23 11:00:00+00:00,27.7,27.75,27.3,27.52,10627.0,27.51228,34,False
2026-04-23 12:00:00+00:00,27.68,27.96,27.6134,27.73,20128.0,27.87905,41,False
2026-04-23 13:00:00+00:00,27.66,28.74,26.6,28.71,567922.0,27.89176,2174,False
2026-04-23 14:00:00+00:00,28.68,29.77,27.975,29.03,871915.0,28.86359,4221,True
2026-04-23 15:00:00+00:00,29.1296,29.17,28.1633,28.535,441523.0,28.66687,2408,True
2026-04-23 16:00:00+00:00,28.59,29.36,28.2,29.055,569129.0,28.83502,2290,True
2026-04-23 17:00:00+00:00,29.13,29.3,27.68,28.17,509515.0,28.26312,2449,True
2026-04-23 18:00:00+00:00,28.2,28.37,27.7,27.7,231735.0,28.05626,1112,True
2026-04-23 19:00:00+00:00,27.7,27.88,27.18,27.54,450024.0,27.46264,2744,True
2026-04-23 20:00:00+00:00,27.55,28.0,27.49,27.81,151983.0,27.55669,15,False
2026-04-23 21:00:00+00:00,27.826,28.0,27.72,27.72,3617.0,27.92027,19,False
2026-04-23 22:00:00+00:00,27.97,28.0,27.8,27.99,2032.0,27.93533,8,False
2026-04-23 23:00:00+00:00,27.93,28.0,27.9,28.0,850.0,27.94118,6,False
2026-04-24 08:00:00+00:00,29.15,29.22,28.52,28.61,10039.0,28.74453,48,False
2026-04-24 09:00:00+00:00,28.9776,28.9776,28.7,28.8,2796.0,28.81225,11,False
2026-04-24 10:00:00+00:00,28.82,29.09,28.8,28.86,11803.0,28.95964,40,False
2026-04-24 11:00:00+00:00,28.8444,29.75,28.77,29.35,72380.0,29.34325,184,False
2026-04-24 12:00:00+00:00,29.35,29.38,28.89,28.9,32058.0,29.16635,120,False
2026-04-24 13:00:00+00:00,28.9,32.57,28.61,30.43,1964022.0,30.87486,7464,False
2026-04-24 14:00:00+00:00,30.375,30.8599,29.55,29.85,1162589.0,30.25334,5037,True
2026-04-24 15:00:00+00:00,29.92,31.6,29.42,31.42,517178.0,30.66223,2664,True
2026-04-24 16:00:00+00:00,31.42,32.605,31.4,32.3787,798099.0,32.00728,3692,True
2026-04-24 17:00:00+00:00,32.38,32.77,31.46,31.575,678502.0,32.13081,3653,True
2026-04-24 18:00:00+00:00,31.58,31.58,30.39,30.5799,776317.0,30.80659,3016,True
2026-04-24 19:00:00+00:00,30.545,31.24,30.19,31.24,839452.0,30.82708,4682,True
2026-04-24 20:00:00+00:00,31.23,31.3,31.0,31.2,182805.0,31.22939,16,False
2026-04-24 21:00:00+00:00,31.092,31.8,31.092,31.6,8738.0,31.50519,47,False
2026-04-24 22:00:00+00:00,31.59,31.78,31.54,31.77,2373.0,31.68226,13,False
2026-04-24 23:00:00+00:00,31.7946,32.03,31.72,31.98,5683.0,31.92901,22,False
2026-04-27 08:00:00+00:00,34.2,34.5,32.0,33.6336,31323.0,32.92374,122,False
2026-04-27 09:00:00+00:00,33.64,33.64,33.0,33.3,8621.0,33.24537,40,False
2026-04-27 10:00:00+00:00,33.3,33.3,32.44,32.5,17126.0,32.64405,46,False
2026-04-27 11:00:00+00:00,32.9649,33.45,32.54,32.9785,22162.0,33.07743,72,False
2026-04-27 12:00:00+00:00,32.9785,32.9835,32.1704,32.3,26400.0,32.61125,94,False
2026-04-27 13:00:00+00:00,32.1173,32.4,29.1186,30.29,953504.0,30.69939,3533,False
2026-04-27 14:00:00+00:00,30.355,30.8,29.31,29.55,849534.0,30.16041,3760,True
2026-04-27 15:00:00+00:00,29.545,29.9,28.4001,28.4001,621964.0,28.9681,2653,True
2026-04-27 16:00:00+00:00,28.44,29.08,28.4,28.97,241658.0,28.81843,1201,True
2026-04-27 17:00:00+00:00,28.98,29.3873,28.8,29.25,198587.0,29.12086,1138,True
2026-04-27 18:00:00+00:00,29.16,29.49,29.09,29.395,192343.0,29.28928,1290,True
2026-04-27 19:00:00+00:00,29.395,30.1,29.25,29.64,506222.0,29.62982,3107,True
2026-04-27 20:00:00+00:00,29.84,29.84,29.5,29.6757,107121.0,29.67248,8,False
2026-04-27 21:00:00+00:00,29.54,29.65,29.46,29.65,913.0,29.54724,4,False
2026-04-27 22:00:00+00:00,29.69,29.8,29.68,29.68,2232.0,29.70573,12,False
2026-04-27 23:00:00+00:00,29.67,29.7983,29.5909,29.7,1726.0,29.73204,6,False
2026-04-28 08:00:00+00:00,29.56,29.56,28.83,29.19,5354.0,29.2184,21,False
2026-04-28 09:00:00+00:00,29.25,29.25,28.57,28.57,7342.0,28.90521,27,False
2026-04-28 10:00:00+00:00,28.72,28.73,28.3901,28.55,3912.0,28.49585,11,False
2026-04-28 11:00:00+00:00,28.71,28.73,27.68,28.0,53041.0,28.01209,104,False
2026-04-28 12:00:00+00:00,27.93,28.05,27.69,27.9,25830.0,27.90605,102,False
2026-04-28 13:00:00+00:00,27.89,28.96,27.2543,27.37,607589.0,27.95255,2480,False
2026-04-28 14:00:00+00:00,27.35,27.48,25.26,25.64,738283.0,26.33606,3294,True
2026-04-28 15:00:00+00:00,25.6599,26.54,25.63,25.95,286187.0,26.17118,1305,True
2026-04-28 16:00:00+00:00,25.95,26.32,25.33,25.565,266335.0,25.82201,1513,True
2026-04-28 17:00:00+00:00,25.55,26.075,25.3107,25.54,327449.0,25.59055,1649,True
2026-04-28 18:00:00+00:00,25.535,25.91,25.08,25.875,374965.0,25.36751,1732,True
2026-04-28 19:00:00+00:00,25.87,26.028,25.28,25.825,468211.0,25.71902,1942,True
2026-04-28 20:00:00+00:00,25.85,25.9,25.6,25.8,471823.0,25.72385,35,False
2026-04-28 21:00:00+00:00,25.95,26.27,25.95,26.05,7805.0,26.16881,23,False
2026-04-28 22:00:00+00:00,26.15,26.35,26.05,26.05,1268.0,26.183,8,False
2026-04-28 23:00:00+00:00,26.19,26.3,26.19,26.3,1875.0,26.23406,8,False
2026-04-29 08:00:00+00:00,26.56,26.64,26.12,26.12,11945.0,26.35903,40,False
2026-04-29 09:00:00+00:00,26.35,26.7,26.35,26.7,4169.0,26.6216,12,False
2026-04-29 10:00:00+00:00,26.6665,26.68,26.4819,26.4819,1020.0,26.57562,6,False
2026-04-29 11:00:00+00:00,26.31,26.5,26.26,26.487,4398.0,26.44567,14,False
2026-04-29 12:00:00+00:00,26.41,26.5,26.35,26.41,20792.0,26.45528,58,False
2026-04-29 13:00:00+00:00,26.4984,27.08,26.25,26.5,360566.0,26.63861,1600,False
2026-04-29 14:00:00+00:00,26.5,27.5,26.0,26.65,521991.0,26.70701,2168,True
2026-04-29 15:00:00+00:00,26.6642,26.81,25.45,25.69,210996.0,26.01072,690,True
2026-04-29 16:00:00+00:00,25.62,25.93,25.5,25.62,117211.0,25.65598,607,True
2026-04-29 17:00:00+00:00,25.6,25.755,25.27,25.64,94511.0,25.50681,366,True
2026-04-29 18:00:00+00:00,25.57,25.64,25.29,25.33,104666.0,25.45252,547,True
2026-04-29 19:00:00+00:00,25.35,25.68,25.17,25.65,298031.0,25.40976,1701,True
2026-04-29 20:00:00+00:00,25.63,25.832,25.41,25.63,54063.0,25.62846,16,False
2026-04-29 21:00:00+00:00,25.68,25.68,25.42,25.63,4585.0,25.52886,15,False
2026-04-29 22:00:00+00:00,25.43,26.24,25.43,26.24,6694.0,25.82248,13,False
2026-04-29 23:00:00+00:00,26.11,26.15,25.85,25.94,8073.0,25.97454,28,False
2026-04-30 08:00:00+00:00,25.7,26.5,25.7,25.88,5527.0,25.98515,15,False
2026-04-30 09:00:00+00:00,25.88,25.88,25.7,25.85,1060.0,25.85127,4,False
2026-04-30 10:00:00+00:00,26.41,26.5,25.95,25.95,2670.0,26.33123,8,False
2026-04-30 11:00:00+00:00,25.89,26.3719,25.89,26.3475,5284.0,26.18914,29,False
2026-04-30 12:00:00+00:00,26.3722,26.4,26.13,26.13,10039.0,26.32959,30,False
2026-04-30 13:00:00+00:00,26.2,27.675,26.2,27.565,333630.0,27.12305,1296,False
2026-04-30 14:00:00+00:00,27.565,28.99,27.52,28.6901,1002262.0,28.30119,3656,True
2026-04-30 15:00:00+00:00,28.75,29.25,28.64,29.08,668566.0,28.9996,2614,True
2026-04-30 16:00:00+00:00,29.05,29.35,28.82,29.02,323591.0,29.0914,1605,True
2026-04-30 17:00:00+00:00,29.07,29.665,28.88,28.94,313214.0,29.23207,1538,True
2026-04-30 18:00:00+00:00,28.93,29.245,28.41,28.46,519559.0,28.76633,2625,True
2026-04-30 19:00:00+00:00,28.45,29.65,28.42,29.56,1404187.0,29.04217,7333,True
2026-04-30 20:00:00+00:00,29.53,29.7,29.36,29.6384,115456.0,29.52981,17,False
2026-04-30 21:00:00+00:00,29.5983,29.6,29.36,29.58,4736.0,29.45827,11,False
2026-04-30 22:00:00+00:00,29.58,29.8648,29.53,29.69,8556.0,29.69773,19,False
2026-04-30 23:00:00+00:00,29.56,29.64,29.5,29.5,4673.0,29.54805,21,False
2026-05-01 08:00:00+00:00,29.42,29.49,29.2095,29.39,1065.0,29.36219,5,False
2026-05-01 09:00:00+00:00,29.28,29.28,29.28,29.28,4476.0,29.28,4,False
2026-05-01 10:00:00+00:00,29.22,29.2206,29.22,29.2206,687.0,29.22044,2,False
2026-05-01 11:00:00+00:00,29.37,29.83,29.22,29.22,9293.0,29.36476,22,False
2026-05-01 12:00:00+00:00,29.31,29.65,29.31,29.5,4788.0,29.53038,21,False
2026-05-01 13:00:00+00:00,29.36,32.35,28.959,31.66,540996.0,31.29031,2126,False
2026-05-01 14:00:00+00:00,31.66,33.9,31.49,33.6275,1221740.0,32.56525,5709,True
2026-05-01 15:00:00+00:00,33.655,35.69,33.38,35.3101,1037224.0,34.62684,4930,True
2026-05-01 16:00:00+00:00,35.355,36.5299,34.21,36.33,945027.0,35.2034,4185,True
2026-05-01 17:00:00+00:00,36.395,37.46,36.1,37.35,888852.0,36.73424,3736,True
2026-05-01 18:00:00+00:00,37.378,37.55,35.59,35.77,949903.0,36.46117,3805,True
2026-05-01 19:00:00+00:00,35.72,36.9,35.57,36.72,1075501.0,36.22953,5995,True
2026-05-01 20:00:00+00:00,36.81,36.9,36.1,36.83,154891.0,36.74987,73,False
2026-05-01 21:00:00+00:00,36.9,37.42,36.79,37.1848,8780.0,37.10791,35,False
2026-05-01 22:00:00+00:00,37.19,37.39,37.01,37.3,2306.0,37.1698,20,False
2026-05-01 23:00:00+00:00,37.32,37.75,37.32,37.36,3558.0,37.48397,26,False
2026-05-04 08:00:00+00:00,37.0,38.4,35.43,36.12,54317.0,36.69819,252,False
2026-05-04 09:00:00+00:00,36.12,36.74,35.94,36.74,21150.0,36.44711,75,False
2026-05-04 10:00:00+00:00,36.48,36.48,35.0,35.57,58734.0,35.58035,191,False
2026-05-04 11:00:00+00:00,35.9,35.95,35.24,35.95,46702.0,35.6928,122,False
2026-05-04 12:00:00+00:00,35.9,36.25,35.7544,36.0,44130.0,35.99575,136,False
2026-05-04 13:00:00+00:00,36.01,37.47,34.8,35.77,846230.0,36.313,3349,False
2026-05-04 14:00:00+00:00,35.785,37.68,35.58,36.925,692532.0,36.68019,3207,True
2026-05-04 15:00:00+00:00,36.98,37.5,35.82,36.29,427600.0,36.50891,2148,True
2026-05-04 16:00:00+00:00,36.2927,36.49,35.42,36.15,327414.0,35.89568,1682,True
2026-05-04 17:00:00+00:00,36.11,36.43,35.61,35.85,205102.0,36.06178,1061,True
2026-05-04 18:00:00+00:00,35.87,36.32,35.46,36.23,226021.0,35.86078,1020,True
2026-05-04 19:00:00+00:00,36.23,36.31,35.72,35.92,478427.0,36.0108,2539,True
2026-05-04 20:00:00+00:00,35.52,36.2,35.52,35.75,116287.0,35.93999,12,False
2026-05-04 21:00:00+00:00,36.1,36.14,35.69,35.69,4073.0,35.80986,15,False
2026-05-04 22:00:00+00:00,35.85,36.0,35.69,35.98,3846.0,35.79723,11,False
2026-05-04 23:00:00+00:00,35.7028,35.9658,35.69,35.72,3133.0,35.71666,12,False
2026-05-05 08:00:00+00:00,36.36,37.64,35.99,37.5,36939.0,37.04364,153,False
2026-05-05 09:00:00+00:00,37.23,37.7,37.2,37.65,8001.0,37.45568,45,False
2026-05-05 10:00:00+00:00,37.5,37.7,37.2362,37.7,23503.0,37.52875,56,False
2026-05-05 11:00:00+00:00,37.73,39.25,37.7,38.88,111475.0,38.50065,348,False
2026-05-05 12:00:00+00:00,38.88,39.55,38.83,39.4631,208014.0,39.26619,646,False
2026-05-05 13:00:00+00:00,39.3935,39.4,37.112,37.435,969472.0,38.26682,3711,False
2026-05-05 14:00:00+00:00,37.435,38.68,37.11,37.46,881980.0,38.02598,4249,True
2026-05-05 15:00:00+00:00,37.4001,39.39,37.155,38.45,913709.0,38.59823,4469,True
2026-05-05 16:00:00+00:00,38.45,40.13,38.37,38.945,841097.0,39.3858,3969,True
2026-05-05 17:00:00+00:00,38.98,40.25,38.935,39.82,777876.0,39.71096,4082,True
2026-05-05 18:00:00+00:00,39.78,40.2262,39.0,39.2525,614681.0,39.46296,3714,True
2026-05-05 19:00:00+00:00,39.23,39.67,36.435,36.83,2004095.0,38.44154,12502,True
2026-05-05 20:00:00+00:00,36.82,37.8,29.08,31.75,917390.0,33.53689,2325,False
2026-05-05 21:00:00+00:00,31.75,32.2,31.31,31.31,206703.0,31.71952,468,False
2026-05-05 22:00:00+00:00,31.5,31.75,30.11,30.99,110945.0,30.99403,405,False
2026-05-05 23:00:00+00:00,30.78,31.76,30.51,31.3,45580.0,31.03259,153,False
2026-05-06 08:00:00+00:00,30.5,32.97,29.8,32.5,184866.0,30.75568,373,False
2026-05-06 09:00:00+00:00,32.07,33.26,31.42,32.9,51979.0,32.42511,113,False
2026-05-06 10:00:00+00:00,33.0,33.15,32.02,32.51,34393.0,32.60907,88,False
2026-05-06 11:00:00+00:00,32.34,34.35,32.3,33.8,116297.0,33.69853,363,False
2026-05-06 12:00:00+00:00,33.7199,35.89,33.5,34.26,176477.0,34.61071,486,False
2026-05-06 13:00:00+00:00,34.19,41.39,32.0,38.03,2874113.0,36.99312,10072,False
2026-05-06 14:00:00+00:00,38.02,39.4799,36.78,39.17,2105635.0,38.28101,9524,True
2026-05-06 15:00:00+00:00,39.195,42.3525,39.03,42.085,1820284.0,40.75031,9505,True
2026-05-06 16:00:00+00:00,42.06,43.38,41.25,42.49,1332716.0,42.43138,6637,True
2026-05-06 17:00:00+00:00,42.49,43.2,41.45,42.73,1018039.0,42.38147,4461,True
2026-05-06 18:00:00+00:00,42.71,43.13,41.99,42.52,864460.0,42.6549,4872,True
2026-05-06 19:00:00+00:00,42.65,43.1,41.22,42.97,1287366.0,42.31541,8133,True
2026-05-06 20:00:00+00:00,42.89,43.3,41.75,42.175,117380.0,42.95656,72,False
2026-05-06 21:00:00+00:00,42.22,42.7,41.0,41.5,11414.0,41.6048,34,False
2026-05-06 22:00:00+00:00,41.74,42.2476,41.0,41.2,6069.0,41.66833,24,False
2026-05-06 23:00:00+00:00,41.64,42.0,41.4,41.7519,3796.0,41.71949,19,False
2026-05-07 08:00:00+00:00,42.0,45.0,41.4,44.43,36339.0,43.85874,118,False
2026-05-07 09:00:00+00:00,44.25,44.25,43.8,44.24,11624.0,44.12681,34,False
2026-05-07 10:00:00+00:00,44.24,44.24,42.8,43.2,19186.0,43.17588,55,False
2026-05-07 11:00:00+00:00,42.99,43.3469,41.8,42.0,28358.0,42.48715,56,False
2026-05-07 12:00:00+00:00,41.992,42.5,41.63,42.29,11319.0,42.03135,43,False
2026-05-07 13:00:00+00:00,42.5,47.2,42.1,47.035,2059101.0,45.07216,8502,False
2026-05-07 14:00:00+00:00,47.04,49.0,46.51,48.0,2402239.0,47.63141,12565,True
2026-05-07 15:00:00+00:00,47.91,48.39,45.67,45.69,909291.0,47.31717,5077,True
2026-05-07 16:00:00+00:00,45.75,46.03,44.32,45.19,1113546.0,45.15959,6520,True
2026-05-07 17:00:00+00:00,45.305,45.735,44.03,45.415,690879.0,44.84815,4273,True
2026-05-07 18:00:00+00:00,45.4798,45.7,44.35,44.87,365548.0,45.04978,2633,True
2026-05-07 19:00:00+00:00,44.87,45.89,44.31,45.06,1040414.0,45.02724,6788,True
2026-05-07 20:00:00+00:00,45.16,45.74,44.99,45.27,241425.0,45.16818,31,False
2026-05-07 21:00:00+00:00,45.07,45.2,44.1,44.4215,11418.0,44.70473,49,False
2026-05-07 22:00:00+00:00,45.0,45.0,44.1,44.11,7961.0,44.26507,28,False
2026-05-07 23:00:00+00:00,44.1106,44.65,44.0,44.25,18473.0,44.22441,43,False
2026-05-08 08:00:00+00:00,45.8,48.0,45.4,47.77,21166.0,46.59253,93,False
2026-05-08 09:00:00+00:00,47.72,47.97,47.0,47.0,7690.0,47.33242,36,False
2026-05-08 10:00:00+00:00,47.0,47.15,47.0,47.0069,12673.0,47.02054,51,False
2026-05-08 11:00:00+00:00,47.13,47.35,46.72,46.77,31624.0,47.03673,74,False
2026-05-08 12:00:00+00:00,46.77,47.5,46.45,46.75,24398.0,47.00826,68,False
2026-05-08 13:00:00+00:00,46.75,50.9881,46.55,49.1935,1249639.0,49.30663,5136,False
2026-05-08 14:00:00+00:00,49.335,49.7,47.5,47.75,1115529.0,48.59842,5230,True
2026-05-08 15:00:00+00:00,47.6,48.52,47.09,47.195,441610.0,47.88494,2291,True
2026-05-08 16:00:00+00:00,47.2,48.0,46.05,46.11,418152.0,47.16872,1732,True
2026-05-08 17:00:00+00:00,46.11,48.36,45.63,47.17,588842.0,47.02891,3344,True
2026-05-08 18:00:00+00:00,47.12,47.43,45.62,45.645,416535.0,46.73698,2456,True
2026-05-08 19:00:00+00:00,45.645,46.88,45.645,46.61,919799.0,46.5088,4863,True
2026-05-08 20:00:00+00:00,46.6,46.7825,46.2001,46.78,112351.0,46.59905,19,False
2026-05-08 21:00:00+00:00,46.5082,46.79,46.5,46.7,2800.0,46.61117,12,False
2026-05-08 22:00:00+00:00,46.8,46.8,46.7,46.7744,1379.0,46.77796,6,False
2026-05-08 23:00:00+00:00,46.67,47.5,46.67,47.5,4385.0,46.97685,19,False
2026-05-11 08:00:00+00:00,46.68,47.79,46.58,47.47,67748.0,47.25191,135,False
2026-05-11 09:00:00+00:00,47.3,47.9,47.2,47.73,16045.0,47.6119,55,False
2026-05-11 10:00:00+00:00,47.62,47.65,47.19,47.65,14923.0,47.53827,30,False
2026-05-11 11:00:00+00:00,47.5,48.55,47.17,48.1,22174.0,47.79261,84,False
2026-05-11 12:00:00+00:00,48.0,48.47,47.21,47.68,33957.0,47.64222,90,False
2026-05-11 13:00:00+00:00,47.47,51.19,47.3468,48.53,954996.0,49.42049,4488,False
2026-05-11 14:00:00+00:00,48.535,53.5,48.4001,52.625,2001498.0,51.6051,9446,True
2026-05-11 15:00:00+00:00,52.525,53.98,52.03,52.685,751276.0,52.81519,4416,True
2026-05-11 16:00:00+00:00,52.6661,53.3,51.12,51.62,611144.0,52.13996,3415,True
2026-05-11 17:00:00+00:00,51.655,52.045,50.2701,51.4,522280.0,51.21396,2577,True
2026-05-11 18:00:00+00:00,51.3,52.02,50.13,50.13,350282.0,51.31205,2106,True
2026-05-11 19:00:00+00:00,50.22,51.0,49.82,50.255,1118844.0,50.18016,7030,True
2026-05-11 20:00:00+00:00,50.28,51.66,49.8,51.66,1018987.0,50.446,44,False
2026-05-11 21:00:00+00:00,51.0,51.1639,50.31,50.61,2557.0,50.74147,17,False
2026-05-11 22:00:00+00:00,51.0,51.1,50.4,50.8625,25413.0,50.50702,31,False
2026-05-11 23:00:00+00:00,50.95,51.09,50.87,51.0,2217.0,51.00256,11,False
2026-05-12 08:00:00+00:00,48.96,49.79,48.26,49.7636,14429.0,49.2487,68,False
2026-05-12 09:00:00+00:00,49.89,51.5,49.8,51.5,26188.0,50.60331,28,False
2026-05-12 10:00:00+00:00,50.5,51.0,49.8,49.99,9776.0,50.1461,32,False
2026-05-12 11:00:00+00:00,49.974,50.11,48.7,49.5,28487.0,49.32895,95,False
2026-05-12 12:00:00+00:00,49.32,49.7097,48.55,49.25,41851.0,49.17459,110,False
2026-05-12 13:00:00+00:00,49.22,50.5,47.03,47.235,633775.0,48.78656,2614,False
2026-05-12 14:00:00+00:00,47.36,53.7,45.5,45.665,3901473.0,49.27303,13582,True
2026-05-12 15:00:00+00:00,45.76,47.29,45.2,45.8199,936395.0,46.24376,4347,True
2026-05-12 16:00:00+00:00,45.82,47.345,45.53,45.7,368752.0,46.27593,2009,True
2026-05-12 17:00:00+00:00,45.8,51.49,45.6801,51.07,730391.0,48.95182,3147,True
2026-05-12 18:00:00+00:00,50.99,53.98,50.67,51.26,1141486.0,52.4919,4905,True
2026-05-12 19:00:00+00:00,51.2,53.94,51.16,53.77,1323261.0,53.03333,7033,True
2026-05-12 20:00:00+00:00,53.77,57.0,53.5589,55.69,1270931.0,53.83324,257,False
2026-05-12 21:00:00+00:00,55.55,56.0,55.39,55.96,21900.0,55.79449,99,False
2026-05-12 22:00:00+00:00,56.25,59.55,56.18,57.69,67729.0,57.91271,209,False
2026-05-12 23:00:00+00:00,57.4236,60.13,57.4,58.01,75847.0,58.99482,180,False
2026-05-13 08:00:00+00:00,62.04,78.54,59.12,67.2,742881.0,68.88176,2230,False
2026-05-13 09:00:00+00:00,66.96,71.85,65.99,70.0,194629.0,69.03959,834,False
2026-05-13 10:00:00+00:00,70.25,70.25,65.11,65.88,191003.0,68.01953,637,False
2026-05-13 11:00:00+00:00,65.755,67.0,63.0,63.5927,303630.0,64.81566,1025,False
2026-05-13 12:00:00+00:00,63.09,64.99,61.52,63.44,295015.0,62.97695,875,False
2026-05-13 13:00:00+00:00,63.21,73.74,63.21,63.5,5267658.0,69.00429,20509,False
2026-05-13 14:00:00+00:00,63.425,64.7,58.6,61.521,4916692.0,61.28041,21352,True
2026-05-13 15:00:00+00:00,61.86,66.17,61.7501,63.99,4522401.0,64.56891,9680,True
2026-05-13 16:00:00+00:00,64.02,67.38,63.34,64.41,1821887.0,65.72816,6527,True
2026-05-13 17:00:00+00:00,64.595,66.29,62.9,63.02,1314401.0,65.19569,4710,True
2026-05-13 18:00:00+00:00,63.06,65.045,62.95,64.22,1288766.0,63.96901,3905,True
2026-05-13 19:00:00+00:00,64.22,65.42,62.52,62.53,1576373.0,63.76782,7571,True
2026-05-13 20:00:00+00:00,62.6,65.7,62.5,65.2,463776.0,62.67226,147,False
2026-05-13 21:00:00+00:00,64.97,65.25,63.6625,64.25,31988.0,64.37792,89,False
2026-05-13 22:00:00+00:00,64.3,64.5,63.1,63.9337,20080.0,63.70873,83,False
2026-05-13 23:00:00+00:00,63.61,64.5,63.61,64.1879,11686.0,64.03366,52,False
2026-05-14 08:00:00+00:00,66.6,68.99,63.08,66.24,165477.0,66.01473,637,False
2026-05-14 09:00:00+00:00,66.35,67.47,65.03,66.65,45812.0,66.33099,176,False
2026-05-14 10:00:00+00:00,66.6797,66.74,65.6,66.15,19230.0,66.14228,92,False
2026-05-14 11:00:00+00:00,66.03,67.12,64.5,65.0,101386.0,65.71219,322,False
2026-05-14 12:00:00+00:00,65.1662,66.09,63.7097,63.96,72086.0,65.03666,328,False
2026-05-14 13:00:00+00:00,64.0,71.98,60.15,68.26,3418119.0,66.55838,13975,False
2026-05-14 14:00:00+00:00,68.1,70.7799,65.77,68.04,2282590.0,68.54983,10260,True
2026-05-14 15:00:00+00:00,68.06,71.93,67.52,69.39,1790274.0,70.03204,9589,True
2026-05-14 16:00:00+00:00,69.49,71.65,68.8,71.65,966444.0,70.28053,4569,True
2026-05-14 17:00:00+00:00,71.545,72.3499,66.98,67.27,1093397.0,68.55312,5367,True
2026-05-14 18:00:00+00:00,67.23,68.95,66.52,68.19,2140591.0,67.26152,4897,True
2026-05-14 19:00:00+00:00,68.09,71.3,67.9508,70.2,2319750.0,69.15818,7028,True
2026-05-14 20:00:00+00:00,70.1,70.74,68.97,69.14,207251.0,69.92658,94,False
2026-05-14 21:00:00+00:00,69.5,69.5,68.5,69.19,9561.0,68.99456,40,False
2026-05-14 22:00:00+00:00,69.19,69.8,68.99,69.0,19044.0,69.36526,43,False
2026-05-14 23:00:00+00:00,69.3219,70.01,69.09,69.6,13222.0,69.61252,55,False
2026-05-15 08:00:00+00:00,67.7,69.31,61.9,65.1,158139.0,65.70807,517,False
2026-05-15 09:00:00+00:00,65.1,65.65,64.0,64.2702,18953.0,64.70348,62,False
2026-05-15 10:00:00+00:00,64.26,67.0,64.26,66.3,34521.0,65.72411,150,False
2026-05-15 11:00:00+00:00,66.75,66.75,64.5,65.48,73426.0,65.6706,158,False
2026-05-15 12:00:00+00:00,65.1,65.24,62.5,63.09,106015.0,63.5437,304,False
2026-05-15 13:00:00+00:00,63.0,66.0,61.712,62.24,1881534.0,63.58508,7508,False
2026-05-15 14:00:00+00:00,62.24,64.63,60.08,60.385,1456952.0,62.5208,6589,True
2026-05-15 15:00:00+00:00,60.32,61.999,59.51,60.625,1085380.0,60.61197,4915,True
2026-05-15 16:00:00+00:00,60.67,61.5799,59.815,61.545,496391.0,60.41887,2696,True
2026-05-15 17:00:00+00:00,61.545,64.8,61.5101,64.5225,787868.0,63.19552,4009,True
2026-05-15 18:00:00+00:00,64.6,65.55,62.77,63.95,724154.0,64.29455,3608,True
2026-05-15 19:00:00+00:00,63.95,64.29,61.64,62.23,892223.0,62.59441,4948,True
2026-05-15 20:00:00+00:00,61.65,62.4,61.63,61.81,117994.0,62.09861,55,False
2026-05-15 21:00:00+00:00,61.8,62.409,61.8,61.9,13054.0,62.04599,25,False
2026-05-15 22:00:00+00:00,61.92,62.5,61.7345,62.24,9173.0,62.11362,24,False
2026-05-15 23:00:00+00:00,62.02,62.18,61.0,61.5,13860.0,61.68234,48,False
