date,open,high,low,close,volume,average,barCount,is_rth
2025-11-17 14:00:00+00:00,260.95,262.67,258.04,261.87,8887.0,260.914,53,False
2025-11-17 15:00:00+00:00,262.13,264.12,261.6,262.79,20837.0,262.549,172,True
2025-11-17 16:00:00+00:00,262.76,263.61,261.8,262.84,14926.0,262.71,128,True
2025-11-17 17:00:00+00:00,263.09,263.25,261.65,261.65,12438.0,262.619,92,True
2025-11-17 18:00:00+00:00,261.6,261.94,260.06,260.07,7587.0,261.09,66,True
2025-11-17 19:00:00+00:00,260.15,260.68,258.45,258.45,11671.0,259.624,83,True
2025-11-17 20:00:00+00:00,258.66,260.4,258.26,259.93,63819.0,259.683,481,True
2025-11-17 21:00:00+00:00,259.86,259.86,259.86,259.86,35854.0,259.86,7,False
2025-11-17 22:00:00+00:00,259.86,259.86,259.86,259.86,0.0,259.86,0,False
2025-11-17 23:00:00+00:00,259.86,259.86,259.86,259.86,0.0,259.86,0,False
2025-11-18 00:00:00+00:00,259.86,259.86,259.86,259.86,0.0,259.86,0,False
2025-11-18 14:00:00+00:00,257.83,260.0,255.0,257.4,13280.0,257.72,90,False
2025-11-18 15:00:00+00:00,255.91,257.74,253.63,255.69,13780.0,256.102,107,True
2025-11-18 16:00:00+00:00,255.55,259.98,254.83,259.98,8503.0,257.426,68,True
2025-11-18 17:00:00+00:00,259.12,260.47,257.04,260.25,4152.0,258.197,27,True
2025-11-18 18:00:00+00:00,260.26,260.42,258.7,258.99,6585.0,259.644,51,True
2025-11-18 19:00:00+00:00,259.45,259.53,258.17,258.84,9890.0,258.793,81,True
2025-11-18 20:00:00+00:00,259.06,259.06,257.48,257.49,33394.0,258.047,254,True
2025-11-18 21:00:00+00:00,257.64,257.64,257.64,257.64,43039.0,257.64,4,False
2025-11-18 22:00:00+00:00,257.64,257.64,257.64,257.64,0.0,257.64,0,False
2025-11-18 23:00:00+00:00,257.64,257.64,257.64,257.64,0.0,257.64,0,False
2025-11-19 00:00:00+00:00,257.64,257.64,257.64,257.64,0.0,257.64,0,False
2025-11-19 14:00:00+00:00,257.88,261.22,257.64,261.22,3352.0,258.857,23,False
2025-11-19 15:00:00+00:00,261.31,261.64,258.14,259.08,5150.0,259.82,45,True
2025-11-19 16:00:00+00:00,259.05,259.94,257.07,258.05,10443.0,258.447,75,True
2025-11-19 17:00:00+00:00,258.25,258.5,256.66,257.93,5613.0,257.769,51,True
2025-11-19 18:00:00+00:00,258.17,260.31,258.0,259.59,7284.0,258.637,55,True
2025-11-19 19:00:00+00:00,259.41,259.99,258.38,258.7,5279.0,258.926,43,True
2025-11-19 20:00:00+00:00,259.83,260.84,259.18,259.47,40698.0,259.835,296,True
2025-11-19 21:00:00+00:00,259.41,259.41,259.41,259.41,49759.0,259.41,9,False
2025-11-19 22:00:00+00:00,259.41,259.41,259.41,259.41,0.0,259.41,0,False
2025-11-19 23:00:00+00:00,259.41,259.41,259.41,259.41,0.0,259.41,0,False
2025-11-20 00:00:00+00:00,259.41,259.41,259.41,259.41,0.0,259.41,0,False
2025-11-20 13:00:00+00:00,261.5,261.5,261.5,261.5,100.0,261.5,1,False
2025-11-20 14:00:00+00:00,262.53,269.0,262.48,267.51,18288.0,266.725,118,False
2025-11-20 15:00:00+00:00,267.88,268.97,261.96,262.5,79262.0,265.448,405,True
2025-11-20 16:00:00+00:00,262.74,264.48,259.46,259.46,30825.0,262.065,233,True
2025-11-20 17:00:00+00:00,259.72,261.53,257.72,259.85,38794.0,259.374,350,True
2025-11-20 18:00:00+00:00,259.97,262.21,258.04,258.85,18795.0,259.739,163,True
2025-11-20 19:00:00+00:00,258.35,261.02,257.89,259.65,15076.0,259.036,101,True
2025-11-20 20:00:00+00:00,259.59,261.0,257.02,258.54,74668.0,259.089,553,True
2025-11-20 21:00:00+00:00,258.58,258.58,258.58,258.58,60819.0,258.58,1,False
2025-11-20 22:00:00+00:00,258.58,258.58,258.58,258.58,0.0,258.58,0,False
2025-11-20 23:00:00+00:00,258.58,258.58,258.58,258.58,0.0,258.58,0,False
2025-11-21 00:00:00+00:00,258.58,258.58,258.58,258.58,0.0,258.58,0,False
2025-11-21 14:00:00+00:00,257.68,259.61,253.52,256.83,19361.0,255.957,109,False
2025-11-21 15:00:00+00:00,258.58,258.58,255.77,256.96,14035.0,256.758,112,True
2025-11-21 16:00:00+00:00,256.88,260.13,255.72,259.89,18002.0,258.405,124,True
2025-11-21 17:00:00+00:00,259.95,261.17,258.87,260.28,27711.0,260.24,123,True
2025-11-21 18:00:00+00:00,260.47,262.73,259.69,261.78,31706.0,261.009,284,True
2025-11-21 19:00:00+00:00,262.08,262.86,260.75,261.41,10001.0,261.917,81,True
2025-11-21 20:00:00+00:00,262.04,263.57,261.12,263.07,46696.0,262.438,345,True
2025-11-21 21:00:00+00:00,262.7,262.7,262.7,262.7,129507.0,262.7,10,False
2025-11-21 22:00:00+00:00,262.7,262.7,262.7,262.7,0.0,262.7,0,False
2025-11-21 23:00:00+00:00,262.7,262.7,262.7,262.7,0.0,262.7,0,False
2025-11-22 00:00:00+00:00,262.7,262.7,262.7,262.7,0.0,262.7,0,False
2025-11-24 14:00:00+00:00,263.24,268.43,261.82,264.18,18182.0,263.619,119,False
2025-11-24 15:00:00+00:00,264.26,264.85,261.47,263.7,30134.0,262.816,220,True
2025-11-24 16:00:00+00:00,263.4,265.25,262.86,263.73,57559.0,264.545,280,True
2025-11-24 17:00:00+00:00,263.25,264.68,262.83,264.51,27163.0,263.788,245,True
2025-11-24 18:00:00+00:00,264.64,264.71,262.56,262.8,32295.0,263.513,233,True
2025-11-24 19:00:00+00:00,262.74,263.08,260.61,260.61,41852.0,262.42,346,True
2025-11-24 20:00:00+00:00,261.0,261.46,259.96,260.83,205226.0,260.775,1516,True
2025-11-24 21:00:00+00:00,260.33,284.85,260.33,284.85,167596.0,261.821,28,False
2025-11-24 22:00:00+00:00,287.5,287.5,284.02,284.02,5141.0,285.737,14,False
2025-11-24 23:00:00+00:00,284.85,284.85,283.0,283.0,480.0,283.76,4,False
2025-11-25 00:00:00+00:00,283.0,283.0,283.0,283.0,0.0,283.0,0,False
2025-11-25 13:00:00+00:00,285.0,285.0,279.5,279.5,300.0,281.333,2,False
2025-11-25 14:00:00+00:00,280.0,293.5,278.06,285.02,115438.0,286.341,608,False
2025-11-25 15:00:00+00:00,285.34,289.6,283.0,288.14,89329.0,286.401,604,True
2025-11-25 16:00:00+00:00,288.93,292.53,287.17,292.11,186501.0,289.066,1182,True
2025-11-25 17:00:00+00:00,292.49,293.7,290.52,293.13,109750.0,292.328,599,True
2025-11-25 18:00:00+00:00,292.83,295.53,292.24,293.47,53234.0,293.734,368,True
2025-11-25 19:00:00+00:00,293.72,296.65,293.49,296.5,62205.0,295.323,429,True
2025-11-25 20:00:00+00:00,296.52,296.95,290.64,293.68,158730.0,294.88,1259,True
2025-11-25 21:00:00+00:00,293.67,293.67,293.67,293.67,166770.0,293.67,18,False
2025-11-25 22:00:00+00:00,293.67,293.67,293.67,293.67,0.0,293.67,0,False
2025-11-25 23:00:00+00:00,297.4,297.4,297.4,297.4,100.0,297.4,1,False
2025-11-26 00:00:00+00:00,297.4,297.4,297.4,297.4,0.0,297.4,0,False
2025-11-26 12:00:00+00:00,295.75,295.75,295.75,295.75,100.0,295.75,1,False
2025-11-26 13:00:00+00:00,295.75,295.75,295.75,295.75,0.0,295.75,0,False
2025-11-26 14:00:00+00:00,294.12,299.56,294.12,296.67,16885.0,295.829,84,False
2025-11-26 15:00:00+00:00,296.33,301.01,295.59,298.64,105201.0,298.487,281,True
2025-11-26 16:00:00+00:00,298.79,301.92,297.48,300.87,59769.0,300.493,452,True
2025-11-26 17:00:00+00:00,301.0,301.57,300.1,301.11,17886.0,300.846,151,True
2025-11-26 18:00:00+00:00,301.26,302.08,300.0,302.01,20221.0,301.028,161,True
2025-11-26 19:00:00+00:00,301.67,303.07,301.14,302.4,29486.0,302.295,214,True
2025-11-26 20:00:00+00:00,302.3,302.84,296.77,298.21,91633.0,299.309,782,True
2025-11-26 21:00:00+00:00,298.15,298.15,298.15,298.15,104229.0,298.15,12,False
2025-11-26 22:00:00+00:00,298.15,298.15,298.15,298.15,0.0,298.15,0,False
2025-11-26 23:00:00+00:00,298.15,298.15,298.15,298.15,0.0,298.15,0,False
2025-11-27 00:00:00+00:00,298.15,298.15,298.15,298.15,0.0,298.15,0,False
2025-11-28 14:00:00+00:00,296.26,300.55,292.4,299.77,20483.0,295.894,75,False
2025-11-28 15:00:00+00:00,299.37,302.13,297.78,300.67,21107.0,300.417,183,True
2025-11-28 16:00:00+00:00,300.84,302.69,300.56,301.92,15087.0,301.74,122,True
2025-11-28 17:00:00+00:00,301.89,302.35,299.63,300.03,62468.0,300.991,523,True
2025-11-28 18:00:00+00:00,300.03,300.03,300.03,300.03,48327.0,300.03,2,True
2025-11-28 19:00:00+00:00,300.03,300.03,300.03,300.03,0.0,300.03,0,True
2025-11-28 20:00:00+00:00,300.03,300.03,300.03,300.03,0.0,300.03,0,True
2025-11-28 21:00:00+00:00,300.03,300.03,300.03,300.03,0.0,300.03,0,False
2025-12-01 14:00:00+00:00,299.58,302.47,293.55,302.46,65981.0,299.606,383,False
2025-12-01 15:00:00+00:00,302.0,304.72,302.0,303.12,43096.0,303.568,346,True
2025-12-01 16:00:00+00:00,303.13,303.46,300.31,300.31,42146.0,301.401,300,True
2025-12-01 17:00:00+00:00,300.62,301.08,299.35,300.61,29210.0,300.223,246,True
2025-12-01 18:00:00+00:00,300.98,302.46,300.76,302.38,30559.0,301.581,233,True
2025-12-01 19:00:00+00:00,302.32,302.39,300.63,301.09,28171.0,301.286,243,True
2025-12-01 20:00:00+00:00,301.1,301.63,299.71,300.38,107416.0,300.595,862,True
2025-12-01 21:00:00+00:00,300.25,300.25,300.25,300.25,80932.0,300.25,9,False
2025-12-01 22:00:00+00:00,300.25,300.25,300.25,300.25,0.0,300.25,0,False
2025-12-01 23:00:00+00:00,300.25,300.25,300.25,300.25,0.0,300.25,0,False
2025-12-02 00:00:00+00:00,300.25,300.25,300.25,300.25,0.0,300.25,0,False
2025-12-02 14:00:00+00:00,302.52,303.92,300.02,302.73,26923.0,302.636,92,False
2025-12-02 15:00:00+00:00,303.46,303.83,297.92,297.93,33073.0,300.322,202,True
2025-12-02 16:00:00+00:00,297.9,298.55,296.17,296.82,28560.0,297.262,207,True
2025-12-02 17:00:00+00:00,297.08,299.29,296.78,297.44,57864.0,297.853,288,True
2025-12-02 18:00:00+00:00,297.44,299.92,297.44,298.49,39152.0,298.429,274,True
2025-12-02 19:00:00+00:00,298.49,298.81,297.16,297.87,24794.0,298.094,184,True
2025-12-02 20:00:00+00:00,297.69,299.22,297.44,298.04,74793.0,298.258,588,True
2025-12-02 21:00:00+00:00,298.04,298.04,298.04,298.04,57414.0,298.04,7,False
2025-12-02 22:00:00+00:00,298.04,298.04,298.04,298.04,0.0,298.04,0,False
2025-12-02 23:00:00+00:00,298.04,298.04,298.04,298.04,0.0,298.04,0,False
2025-12-03 00:00:00+00:00,298.04,298.04,298.04,298.04,0.0,298.04,0,False
2025-12-03 14:00:00+00:00,298.49,298.58,292.11,293.12,24332.0,295.466,114,False
2025-12-03 15:00:00+00:00,293.15,295.53,289.27,293.62,51645.0,291.452,353,True
2025-12-03 16:00:00+00:00,293.62,294.91,291.15,291.15,37984.0,293.704,245,True
2025-12-03 17:00:00+00:00,292.44,293.14,291.09,292.17,24842.0,292.202,176,True
2025-12-03 18:00:00+00:00,292.34,293.72,290.47,291.48,25833.0,292.02,151,True
2025-12-03 19:00:00+00:00,291.52,293.69,291.51,292.28,48435.0,292.725,266,True
2025-12-03 20:00:00+00:00,293.0,293.32,290.91,291.48,85772.0,292.143,700,True
2025-12-03 21:00:00+00:00,291.66,291.66,291.66,291.66,73847.0,291.66,5,False
2025-12-03 22:00:00+00:00,291.66,291.66,291.66,291.66,0.0,291.66,0,False
2025-12-03 23:00:00+00:00,291.66,291.66,291.66,291.66,0.0,291.66,0,False
2025-12-04 00:00:00+00:00,291.66,291.66,291.66,291.66,0.0,291.66,0,False
2025-12-04 09:00:00+00:00,291.66,291.82,291.66,291.82,202.0,291.741,2,False
2025-12-04 10:00:00+00:00,291.82,291.82,291.82,291.82,0.0,291.82,0,False
2025-12-04 11:00:00+00:00,291.82,291.82,291.82,291.82,0.0,291.82,0,False
2025-12-04 12:00:00+00:00,291.82,291.82,291.82,291.82,0.0,291.82,0,False
2025-12-04 13:00:00+00:00,291.82,291.82,291.82,291.82,0.0,291.82,0,False
2025-12-04 14:00:00+00:00,290.65,295.68,290.65,295.67,29988.0,293.662,206,False
2025-12-04 15:00:00+00:00,295.67,300.29,295.67,300.17,39159.0,298.491,347,True
2025-12-04 16:00:00+00:00,300.15,300.75,299.51,300.75,26734.0,300.121,243,True
2025-12-04 17:00:00+00:00,300.99,301.36,299.75,300.55,44802.0,300.786,224,True
2025-12-04 18:00:00+00:00,300.65,301.31,300.53,300.65,21655.0,300.907,192,True
2025-12-04 19:00:00+00:00,300.67,300.97,299.88,300.97,31894.0,300.434,288,True
2025-12-04 20:00:00+00:00,301.06,302.36,300.0,301.64,75676.0,301.17,592,True
2025-12-04 21:00:00+00:00,301.64,301.64,301.64,301.64,55727.0,301.64,3,False
2025-12-04 22:00:00+00:00,301.64,301.64,301.64,301.64,0.0,301.64,0,False
2025-12-04 23:00:00+00:00,301.64,301.64,301.64,301.64,0.0,301.64,0,False
2025-12-05 00:00:00+00:00,301.64,301.64,301.64,301.64,0.0,301.64,0,False
2025-12-05 14:00:00+00:00,303.65,304.21,301.27,302.81,25235.0,303.018,177,False
2025-12-05 15:00:00+00:00,303.07,304.69,302.0,302.42,27889.0,303.567,219,True
2025-12-05 16:00:00+00:00,302.48,303.02,301.5,302.68,15814.0,302.375,139,True
2025-12-05 17:00:00+00:00,302.55,303.16,301.17,303.16,15072.0,301.918,115,True
2025-12-05 18:00:00+00:00,303.48,303.73,301.97,303.2,19452.0,303.165,147,True
2025-12-05 19:00:00+00:00,303.2,303.9,302.27,302.53,22800.0,303.345,188,True
2025-12-05 20:00:00+00:00,302.62,303.71,302.1,303.42,77475.0,303.171,621,True
2025-12-05 21:00:00+00:00,303.45,303.45,303.45,303.45,57122.0,303.45,7,False
2025-12-05 22:00:00+00:00,303.45,303.45,303.45,303.45,0.0,303.45,0,False
2025-12-05 23:00:00+00:00,303.45,303.45,303.45,303.45,0.0,303.45,0,False
2025-12-06 00:00:00+00:00,303.45,303.45,303.45,303.45,0.0,303.45,0,False
2025-12-08 14:00:00+00:00,303.61,303.61,295.96,302.32,24715.0,302.553,85,False
2025-12-08 15:00:00+00:00,302.32,304.0,298.63,298.63,32335.0,301.581,218,True
2025-12-08 16:00:00+00:00,298.63,300.46,297.4,300.37,34185.0,299.0,244,True
2025-12-08 17:00:00+00:00,300.37,300.37,298.39,299.91,15692.0,299.389,129,True
2025-12-08 18:00:00+00:00,299.26,299.63,297.74,298.73,21927.0,298.687,168,True
2025-12-08 19:00:00+00:00,298.87,299.77,298.16,298.18,25472.0,299.055,179,True
2025-12-08 20:00:00+00:00,298.51,299.45,297.82,298.55,62757.0,298.637,499,True
2025-12-08 21:00:00+00:00,298.47,298.47,298.47,298.47,67715.0,298.47,5,False
2025-12-08 22:00:00+00:00,298.47,298.47,298.47,298.47,0.0,298.47,0,False
2025-12-08 23:00:00+00:00,298.47,298.47,298.47,298.47,0.0,298.47,0,False
2025-12-09 00:00:00+00:00,298.47,298.47,298.47,298.47,0.0,298.47,0,False
2025-12-09 14:00:00+00:00,298.1,300.72,295.31,297.59,25296.0,298.169,32,False
2025-12-09 15:00:00+00:00,298.57,299.37,296.25,296.92,10871.0,297.734,81,True
2025-12-09 16:00:00+00:00,296.92,297.98,296.19,297.22,17062.0,297.176,82,True
2025-12-09 17:00:00+00:00,297.22,297.28,294.73,294.96,6542.0,296.04,51,True
2025-12-09 18:00:00+00:00,295.03,295.57,294.66,295.1,9645.0,295.029,84,True
2025-12-09 19:00:00+00:00,295.13,295.13,289.38,290.6,49721.0,291.74,358,True
2025-12-09 20:00:00+00:00,289.71,290.57,287.12,287.79,99416.0,288.703,772,True
2025-12-09 21:00:00+00:00,287.76,288.25,287.76,288.01,55211.0,287.773,13,False
2025-12-09 22:00:00+00:00,288.01,288.01,288.01,288.01,0.0,288.01,0,False
2025-12-09 23:00:00+00:00,288.01,288.01,288.01,288.01,0.0,288.01,0,False
2025-12-10 00:00:00+00:00,288.01,288.01,288.01,288.01,0.0,288.01,0,False
2025-12-10 09:00:00+00:00,287.76,287.84,287.76,287.84,202.0,287.8,2,False
2025-12-10 10:00:00+00:00,287.84,287.84,287.84,287.84,0.0,287.84,0,False
2025-12-10 11:00:00+00:00,287.84,287.84,287.84,287.84,0.0,287.84,0,False
2025-12-10 12:00:00+00:00,288.5,288.5,288.5,288.5,194.0,288.5,1,False
2025-12-10 13:00:00+00:00,288.5,288.5,288.5,288.5,0.0,288.5,0,False
2025-12-10 14:00:00+00:00,287.15,291.12,287.15,289.69,15725.0,288.117,36,False
2025-12-10 15:00:00+00:00,289.96,292.4,286.56,287.57,28603.0,288.856,193,True
2025-12-10 16:00:00+00:00,286.84,289.48,286.5,288.41,9444.0,288.472,61,True
2025-12-10 17:00:00+00:00,288.08,288.44,286.89,288.33,9758.0,287.716,85,True
2025-12-10 18:00:00+00:00,288.33,288.57,286.78,286.78,9924.0,287.912,90,True
2025-12-10 19:00:00+00:00,287.16,290.84,287.16,289.51,27707.0,288.677,196,True
2025-12-10 20:00:00+00:00,290.83,292.17,289.32,290.03,46571.0,290.489,366,True
2025-12-10 21:00:00+00:00,290.19,290.19,290.19,290.19,177601.0,290.19,9,False
2025-12-10 22:00:00+00:00,290.19,290.19,290.19,290.19,0.0,290.19,0,False
2025-12-10 23:00:00+00:00,290.19,290.19,290.19,290.19,0.0,290.19,0,False
2025-12-11 00:00:00+00:00,290.19,290.19,290.19,290.19,0.0,290.19,0,False
2025-12-11 09:00:00+00:00,290.14,290.14,290.14,290.14,100.0,290.14,1,False
2025-12-11 10:00:00+00:00,290.14,290.14,290.14,290.14,0.0,290.14,0,False
2025-12-11 11:00:00+00:00,290.14,290.14,290.14,290.14,0.0,290.14,0,False
2025-12-11 12:00:00+00:00,290.14,290.14,290.14,290.14,0.0,290.14,0,False
2025-12-11 13:00:00+00:00,290.14,290.14,290.14,290.14,0.0,290.14,0,False
2025-12-11 14:00:00+00:00,292.47,292.47,289.46,291.62,5462.0,291.482,20,False
2025-12-11 15:00:00+00:00,290.73,295.21,290.73,295.21,20774.0,293.544,159,True
2025-12-11 16:00:00+00:00,295.67,297.51,295.08,297.29,21434.0,296.404,163,True
2025-12-11 17:00:00+00:00,297.48,298.24,296.48,296.48,12046.0,297.716,113,True
2025-12-11 18:00:00+00:00,297.73,299.02,297.73,298.13,15023.0,298.348,132,True
2025-12-11 19:00:00+00:00,298.44,298.6,297.09,297.39,27699.0,297.926,226,True
2025-12-11 20:00:00+00:00,297.54,298.7,296.57,298.69,54121.0,297.66,471,True
2025-12-11 21:00:00+00:00,298.68,298.68,298.68,298.68,57890.0,298.68,15,False
2025-12-11 22:00:00+00:00,298.68,298.68,298.68,298.68,0.0,298.68,0,False
2025-12-11 23:00:00+00:00,298.68,298.68,298.68,298.68,0.0,298.68,0,False
2025-12-12 00:00:00+00:00,298.68,298.68,298.68,298.68,0.0,298.68,0,False
2025-12-12 14:00:00+00:00,296.87,300.22,296.87,299.4,14685.0,298.418,78,False
2025-12-12 15:00:00+00:00,298.88,298.91,295.57,295.77,33597.0,297.401,243,True
2025-12-12 16:00:00+00:00,296.29,296.29,293.02,295.14,23722.0,294.507,169,True
2025-12-12 17:00:00+00:00,294.74,296.93,294.54,296.81,13008.0,296.051,100,True
2025-12-12 18:00:00+00:00,297.19,297.92,295.67,297.34,48995.0,296.838,358,True
2025-12-12 19:00:00+00:00,297.35,299.42,296.68,297.41,115327.0,298.496,552,True
2025-12-12 20:00:00+00:00,297.82,299.91,297.12,297.92,131503.0,298.672,911,True
2025-12-12 21:00:00+00:00,297.95,298.95,297.95,298.95,104393.0,297.951,22,False
2025-12-12 22:00:00+00:00,298.95,298.95,298.95,298.95,0.0,298.95,0,False
2025-12-12 23:00:00+00:00,298.95,298.95,298.95,298.95,0.0,298.95,0,False
2025-12-13 00:00:00+00:00,298.95,298.95,298.95,298.95,0.0,298.95,0,False
2025-12-15 14:00:00+00:00,297.88,301.38,297.88,299.82,30507.0,299.524,92,False
2025-12-15 15:00:00+00:00,299.32,299.92,296.23,298.87,48741.0,298.58,193,True
2025-12-15 16:00:00+00:00,298.81,300.82,298.56,299.82,24173.0,300.008,195,True
2025-12-15 17:00:00+00:00,299.25,300.66,298.53,300.66,12735.0,299.879,92,True
2025-12-15 18:00:00+00:00,300.75,301.06,298.92,299.87,10802.0,300.132,77,True
2025-12-15 19:00:00+00:00,299.88,300.86,299.41,300.5,11405.0,299.97,103,True
2025-12-15 20:00:00+00:00,300.45,300.69,297.78,298.34,43096.0,298.956,350,True
2025-12-15 21:00:00+00:00,298.34,298.34,298.34,298.34,73124.0,298.34,8,False
2025-12-15 22:00:00+00:00,298.34,298.34,298.34,298.34,0.0,298.34,0,False
2025-12-15 23:00:00+00:00,298.34,298.34,298.34,298.34,0.0,298.34,0,False
2025-12-16 00:00:00+00:00,298.34,298.34,298.34,298.34,0.0,298.34,0,False
2025-12-16 14:00:00+00:00,296.33,297.84,294.05,296.32,9995.0,296.191,40,False
2025-12-16 15:00:00+00:00,296.1,296.96,294.06,295.36,7331.0,295.503,61,True
2025-12-16 16:00:00+00:00,294.79,295.07,292.75,294.17,22723.0,293.495,178,True
2025-12-16 17:00:00+00:00,295.01,295.13,292.54,292.84,12444.0,293.856,84,True
2025-12-16 18:00:00+00:00,292.8,295.64,292.31,294.92,6620.0,293.68,49,True
2025-12-16 19:00:00+00:00,295.03,295.03,292.82,293.56,26697.0,293.907,142,True
2025-12-16 20:00:00+00:00,293.7,294.95,293.14,294.39,66826.0,294.02,523,True
2025-12-16 21:00:00+00:00,294.42,294.42,294.42,294.42,94040.0,294.42,4,False
2025-12-16 22:00:00+00:00,294.42,294.42,294.42,294.42,0.0,294.42,0,False
2025-12-16 23:00:00+00:00,294.42,294.42,294.42,294.42,0.0,294.42,0,False
2025-12-17 00:00:00+00:00,294.42,294.42,294.42,294.42,0.0,294.42,0,False
2025-12-17 14:00:00+00:00,294.07,294.31,291.79,294.07,7038.0,293.472,35,False
2025-12-17 15:00:00+00:00,294.64,296.13,290.02,290.67,24178.0,293.585,177,True
2025-12-17 16:00:00+00:00,289.77,292.13,288.66,290.15,43354.0,290.276,292,True
2025-12-17 17:00:00+00:00,290.43,291.06,288.32,288.53,19552.0,290.091,126,True
2025-12-17 18:00:00+00:00,288.43,289.39,287.56,287.9,29325.0,288.67,212,True
2025-12-17 19:00:00+00:00,287.9,288.15,286.91,287.57,19322.0,287.366,114,True
2025-12-17 20:00:00+00:00,287.57,288.03,286.36,287.85,47629.0,287.254,352,True
2025-12-17 21:00:00+00:00,287.85,287.85,287.85,287.85,108898.0,287.85,8,False
2025-12-17 22:00:00+00:00,287.85,287.85,287.85,287.85,0.0,287.85,0,False
2025-12-17 23:00:00+00:00,287.85,287.85,287.85,287.85,0.0,287.85,0,False
2025-12-18 00:00:00+00:00,287.85,287.85,287.85,287.85,0.0,287.85,0,False
2025-12-18 09:00:00+00:00,287.85,287.87,287.85,287.87,226.0,287.861,2,False
2025-12-18 10:00:00+00:00,287.87,287.87,287.87,287.87,0.0,287.87,0,False
2025-12-18 11:00:00+00:00,287.87,287.87,287.87,287.87,0.0,287.87,0,False
2025-12-18 12:00:00+00:00,287.87,287.87,287.87,287.87,0.0,287.87,0,False
2025-12-18 13:00:00+00:00,287.87,287.87,287.87,287.87,0.0,287.87,0,False
2025-12-18 14:00:00+00:00,291.93,294.67,290.54,294.5,48424.0,293.379,197,False
2025-12-18 15:00:00+00:00,295.12,296.9,293.24,294.8,49747.0,294.902,314,True
2025-12-18 16:00:00+00:00,295.11,295.69,294.52,294.77,30310.0,295.102,203,True
2025-12-18 17:00:00+00:00,294.82,295.41,292.15,294.43,61300.0,294.014,387,True
2025-12-18 18:00:00+00:00,294.08,296.25,293.93,294.66,16687.0,295.226,133,True
2025-12-18 19:00:00+00:00,294.58,294.98,293.67,293.94,47485.0,294.289,307,True
2025-12-18 20:00:00+00:00,294.08,295.03,292.62,293.14,61107.0,293.944,488,True
2025-12-18 21:00:00+00:00,293.23,293.23,293.23,293.23,100829.0,293.23,12,False
2025-12-18 22:00:00+00:00,293.23,293.23,293.23,293.23,0.0,293.23,0,False
2025-12-18 23:00:00+00:00,293.23,293.23,293.23,293.23,0.0,293.23,0,False
2025-12-19 00:00:00+00:00,293.23,293.23,293.23,293.23,0.0,293.23,0,False
2025-12-19 09:00:00+00:00,293.23,293.26,293.23,293.26,202.0,293.245,2,False
2025-12-19 10:00:00+00:00,293.26,293.26,293.26,293.26,0.0,293.26,0,False
2025-12-19 11:00:00+00:00,293.26,293.26,293.26,293.26,0.0,293.26,0,False
2025-12-19 12:00:00+00:00,293.26,293.26,293.26,293.26,0.0,293.26,0,False
2025-12-19 13:00:00+00:00,293.26,293.26,293.26,293.26,0.0,293.26,0,False
2025-12-19 14:00:00+00:00,294.68,298.93,293.87,298.82,73585.0,295.078,132,False
2025-12-19 15:00:00+00:00,297.81,299.35,297.39,299.34,68555.0,298.572,411,True
2025-12-19 16:00:00+00:00,299.33,303.59,299.32,303.46,38861.0,302.019,282,True
2025-12-19 17:00:00+00:00,303.17,304.62,301.97,303.89,43378.0,303.974,296,True
2025-12-19 18:00:00+00:00,304.24,306.27,304.03,305.94,42709.0,305.072,259,True
2025-12-19 19:00:00+00:00,305.95,306.9,305.17,305.17,29394.0,306.123,218,True
2025-12-19 20:00:00+00:00,304.63,306.38,303.64,305.94,124476.0,305.368,878,True
2025-12-19 21:00:00+00:00,305.97,305.97,305.97,305.97,429748.0,305.97,6,False
2025-12-19 22:00:00+00:00,305.97,305.97,305.97,305.97,0.0,305.97,0,False
2025-12-19 23:00:00+00:00,305.97,305.97,305.97,305.97,0.0,305.97,0,False
2025-12-20 00:00:00+00:00,305.97,305.97,305.97,305.97,0.0,305.97,0,False
2025-12-22 14:00:00+00:00,309.48,311.98,307.79,311.39,20506.0,310.383,115,False
2025-12-22 15:00:00+00:00,311.56,314.36,311.33,314.17,55612.0,312.672,372,True
2025-12-22 16:00:00+00:00,314.44,316.18,313.44,316.12,72429.0,314.542,411,True
2025-12-22 17:00:00+00:00,316.09,316.56,314.65,315.85,27631.0,315.623,195,True
2025-12-22 18:00:00+00:00,315.54,316.15,314.74,315.55,25296.0,315.585,151,True
2025-12-22 19:00:00+00:00,315.22,316.06,313.45,315.01,47618.0,314.932,388,True
2025-12-22 20:00:00+00:00,314.97,315.51,313.09,315.2,87104.0,314.355,541,True
2025-12-22 21:00:00+00:00,315.2,315.2,315.2,315.2,90283.0,315.2,9,False
2025-12-22 22:00:00+00:00,315.2,315.2,315.2,315.2,0.0,315.2,0,False
2025-12-22 23:00:00+00:00,315.2,315.2,315.2,315.2,0.0,315.2,0,False
2025-12-23 00:00:00+00:00,315.2,315.2,315.2,315.2,0.0,315.2,0,False
2025-12-23 14:00:00+00:00,313.73,315.63,313.44,313.44,8337.0,314.544,44,False
2025-12-23 15:00:00+00:00,314.12,316.02,313.18,314.05,23375.0,315.049,165,True
2025-12-23 16:00:00+00:00,313.92,315.87,313.31,315.74,26180.0,314.543,150,True
2025-12-23 17:00:00+00:00,315.74,317.56,315.13,316.46,23568.0,316.173,149,True
2025-12-23 18:00:00+00:00,316.3,316.35,315.29,315.36,13720.0,315.765,93,True
2025-12-23 19:00:00+00:00,315.64,316.48,314.94,315.5,22583.0,315.537,132,True
2025-12-23 20:00:00+00:00,315.31,316.43,313.55,316.22,158607.0,315.259,852,True
2025-12-23 21:00:00+00:00,316.17,316.17,316.17,316.17,69311.0,316.17,8,False
2025-12-23 22:00:00+00:00,316.17,316.17,316.17,316.17,0.0,316.17,0,False
2025-12-23 23:00:00+00:00,316.17,316.17,316.17,316.17,0.0,316.17,0,False
2025-12-24 00:00:00+00:00,316.17,316.17,316.17,316.17,0.0,316.17,0,False
2025-12-24 14:00:00+00:00,316.04,317.36,313.11,313.92,8291.0,316.151,42,False
2025-12-24 15:00:00+00:00,313.56,315.96,313.22,315.04,22981.0,314.597,140,True
2025-12-24 16:00:00+00:00,314.92,316.16,314.24,314.79,12948.0,314.932,92,True
2025-12-24 17:00:00+00:00,315.04,315.2,313.31,313.97,29657.0,314.355,245,True
2025-12-24 18:00:00+00:00,313.87,313.87,313.87,313.87,30598.0,313.87,4,True
2025-12-24 19:00:00+00:00,313.87,313.87,313.87,313.87,0.0,313.87,0,True
2025-12-24 20:00:00+00:00,313.87,313.87,313.87,313.87,0.0,313.87,0,True
2025-12-24 21:00:00+00:00,313.87,313.87,313.87,313.87,0.0,313.87,0,False
2025-12-26 14:00:00+00:00,314.11,314.11,312.58,312.65,1600.0,313.687,5,False
2025-12-26 15:00:00+00:00,312.01,312.76,310.75,311.77,9682.0,311.751,75,True
2025-12-26 16:00:00+00:00,311.97,312.24,310.95,311.7,6225.0,311.483,38,True
2025-12-26 17:00:00+00:00,311.57,311.68,310.7,311.45,5875.0,311.125,42,True
2025-12-26 18:00:00+00:00,311.45,311.84,310.4,311.15,4978.0,311.184,31,True
2025-12-26 19:00:00+00:00,310.98,311.09,310.5,310.81,5971.0,310.818,41,True
2025-12-26 20:00:00+00:00,310.85,311.6,310.33,311.54,16862.0,311.071,121,True
2025-12-26 21:00:00+00:00,311.48,311.48,311.38,311.38,39454.0,311.38,8,False
2025-12-26 22:00:00+00:00,311.38,311.38,311.38,311.38,0.0,311.38,0,False
2025-12-26 23:00:00+00:00,311.38,311.38,311.38,311.38,0.0,311.38,0,False
2025-12-27 00:00:00+00:00,311.38,311.38,311.38,311.38,0.0,311.38,0,False
2025-12-29 14:00:00+00:00,310.88,310.88,306.73,306.74,8994.0,309.072,50,False
2025-12-29 15:00:00+00:00,307.3,308.12,306.0,306.09,15741.0,307.407,104,True
2025-12-29 16:00:00+00:00,306.62,308.08,306.2,307.52,24845.0,307.194,190,True
2025-12-29 17:00:00+00:00,307.53,308.12,306.66,307.36,26487.0,307.329,175,True
2025-12-29 18:00:00+00:00,307.23,308.54,307.22,308.14,18422.0,307.846,128,True
2025-12-29 19:00:00+00:00,308.09,308.11,306.44,307.72,18349.0,307.399,153,True
2025-12-29 20:00:00+00:00,307.67,307.89,306.6,307.03,27145.0,307.165,207,True
2025-12-29 21:00:00+00:00,307.1,307.1,307.1,307.1,72117.0,307.1,9,False
2025-12-29 22:00:00+00:00,307.1,307.1,307.1,307.1,0.0,307.1,0,False
2025-12-29 23:00:00+00:00,307.1,307.1,307.1,307.1,0.0,307.1,0,False
2025-12-30 00:00:00+00:00,307.1,307.1,307.1,307.1,0.0,307.1,0,False
2025-12-30 14:00:00+00:00,307.1,310.48,303.0,306.07,10110.0,305.758,53,False
2025-12-30 15:00:00+00:00,306.19,306.79,304.0,305.1,24164.0,305.547,172,True
2025-12-30 16:00:00+00:00,305.29,305.52,303.16,303.87,6555.0,304.75,38,True
2025-12-30 17:00:00+00:00,304.03,304.77,302.9,303.53,8016.0,303.932,59,True
2025-12-30 18:00:00+00:00,303.17,303.7,302.64,303.34,11595.0,303.223,89,True
2025-12-30 19:00:00+00:00,303.57,304.32,303.42,303.64,11540.0,303.762,101,True
2025-12-30 20:00:00+00:00,303.59,304.24,302.69,303.07,32810.0,303.228,265,True
2025-12-30 21:00:00+00:00,303.1,303.1,303.1,303.1,93315.0,303.1,9,False
2025-12-30 22:00:00+00:00,303.1,303.1,303.1,303.1,0.0,303.1,0,False
2025-12-30 23:00:00+00:00,303.1,303.1,303.1,303.1,0.0,303.1,0,False
2025-12-31 00:00:00+00:00,303.1,303.1,303.1,303.1,0.0,303.1,0,False
2025-12-31 14:00:00+00:00,304.38,304.38,301.0,301.63,6879.0,302.482,34,False
2025-12-31 15:00:00+00:00,301.57,302.91,300.75,302.5,10785.0,301.812,83,True
2025-12-31 16:00:00+00:00,302.43,302.54,300.95,302.29,14414.0,302.126,104,True
2025-12-31 17:00:00+00:00,302.29,302.99,302.28,302.3,5647.0,302.549,49,True
2025-12-31 18:00:00+00:00,302.3,303.1,301.81,302.91,10421.0,302.564,88,True
2025-12-31 19:00:00+00:00,303.1,303.28,302.19,302.5,9210.0,302.83,81,True
2025-12-31 20:00:00+00:00,302.54,303.48,301.18,302.32,41071.0,302.463,333,True
2025-12-31 21:00:00+00:00,302.32,302.32,302.32,302.32,134100.0,302.32,7,False
2025-12-31 22:00:00+00:00,302.32,302.32,302.32,302.32,0.0,302.32,0,False
2025-12-31 23:00:00+00:00,302.32,302.32,302.32,302.32,0.0,302.32,0,False
2026-01-01 00:00:00+00:00,302.32,302.32,302.32,302.32,0.0,302.32,0,False
2026-01-02 14:00:00+00:00,303.88,305.0,301.82,303.73,23107.0,303.343,120,False
2026-01-02 15:00:00+00:00,304.01,307.33,302.67,306.14,50071.0,305.107,330,True
2026-01-02 16:00:00+00:00,306.29,307.5,305.79,306.92,41431.0,306.603,303,True
2026-01-02 17:00:00+00:00,307.04,308.99,306.54,308.69,35704.0,307.626,220,True
2026-01-02 18:00:00+00:00,308.46,309.15,307.95,308.45,42384.0,308.603,262,True
2026-01-02 19:00:00+00:00,308.57,311.04,308.57,310.49,27547.0,309.899,193,True
2026-01-02 20:00:00+00:00,310.39,311.77,309.79,311.12,75158.0,310.754,622,True
2026-01-02 21:00:00+00:00,310.86,310.86,310.86,310.86,69064.0,310.86,17,False
2026-01-02 22:00:00+00:00,310.86,310.86,310.86,310.86,0.0,310.86,0,False
2026-01-02 23:00:00+00:00,310.86,310.86,310.86,310.86,0.0,310.86,0,False
2026-01-03 00:00:00+00:00,310.86,310.86,310.86,310.86,0.0,310.86,0,False
2026-01-05 11:00:00+00:00,310.85,310.85,310.85,310.85,100.0,310.85,1,False
2026-01-05 12:00:00+00:00,312.25,312.25,312.25,312.25,100.0,312.25,1,False
2026-01-05 13:00:00+00:00,312.25,312.25,312.25,312.25,0.0,312.25,0,False
2026-01-05 14:00:00+00:00,312.28,319.75,312.28,315.7,51381.0,315.424,251,False
2026-01-05 15:00:00+00:00,315.7,322.45,314.91,321.23,47239.0,320.148,332,True
2026-01-05 16:00:00+00:00,321.64,324.44,321.15,324.05,49314.0,323.147,312,True
2026-01-05 17:00:00+00:00,324.31,324.48,322.44,322.44,35097.0,323.138,241,True
2026-01-05 18:00:00+00:00,322.74,323.55,321.95,322.21,26950.0,322.972,174,True
2026-01-05 19:00:00+00:00,322.34,322.87,320.58,322.87,38733.0,321.964,197,True
2026-01-05 20:00:00+00:00,322.88,323.5,321.58,322.01,74350.0,322.627,546,True
2026-01-05 21:00:00+00:00,322.09,322.09,322.09,322.09,114564.0,322.09,9,False
2026-01-05 22:00:00+00:00,322.09,322.09,322.09,322.09,0.0,322.09,0,False
2026-01-05 23:00:00+00:00,322.09,322.09,322.09,322.09,0.0,322.09,0,False
2026-01-06 00:00:00+00:00,322.09,322.09,322.09,322.09,0.0,322.09,0,False
2026-01-06 14:00:00+00:00,322.09,323.7,318.6,320.63,128641.0,320.372,300,False
2026-01-06 15:00:00+00:00,320.39,323.0,319.32,320.1,46774.0,320.741,247,True
2026-01-06 16:00:00+00:00,320.57,323.19,319.8,323.19,26106.0,321.745,145,True
2026-01-06 17:00:00+00:00,323.42,324.99,322.46,324.99,26645.0,323.528,142,True
2026-01-06 18:00:00+00:00,324.42,325.26,323.47,325.04,40750.0,323.991,234,True
2026-01-06 19:00:00+00:00,324.94,325.99,324.59,324.77,55588.0,325.35,187,True
2026-01-06 20:00:00+00:00,324.92,327.49,324.7,326.13,110903.0,326.097,688,True
2026-01-06 21:00:00+00:00,325.97,325.97,325.97,325.97,72560.0,325.97,6,False
2026-01-06 22:00:00+00:00,325.97,325.97,325.97,325.97,0.0,325.97,0,False
2026-01-06 23:00:00+00:00,325.97,325.97,325.97,325.97,0.0,325.97,0,False
2026-01-07 00:00:00+00:00,325.97,325.97,325.97,325.97,0.0,325.97,0,False
2026-01-07 13:00:00+00:00,327.0,327.0,327.0,327.0,305.0,327.0,1,False
2026-01-07 14:00:00+00:00,323.79,326.23,320.0,324.52,14972.0,324.483,63,False
2026-01-07 15:00:00+00:00,325.48,328.42,325.17,327.87,58582.0,327.433,350,True
2026-01-07 16:00:00+00:00,327.86,327.86,326.1,326.62,25425.0,326.998,207,True
2026-01-07 17:00:00+00:00,326.66,326.99,325.64,326.33,35464.0,326.422,308,True
2026-01-07 18:00:00+00:00,326.4,326.86,325.62,326.78,35243.0,326.252,261,True
2026-01-07 19:00:00+00:00,326.78,327.61,321.46,322.65,46069.0,324.83,356,True
2026-01-07 20:00:00+00:00,322.76,323.17,321.3,322.49,64011.0,322.417,469,True
2026-01-07 21:00:00+00:00,322.59,322.59,322.59,322.59,65502.0,322.59,6,False
2026-01-07 22:00:00+00:00,324.75,324.75,324.75,324.75,100.0,324.75,1,False
2026-01-07 23:00:00+00:00,324.75,324.75,324.75,324.75,0.0,324.75,0,False
2026-01-08 00:00:00+00:00,324.75,324.75,324.75,324.75,0.0,324.75,0,False
2026-01-08 13:00:00+00:00,329.1,329.1,329.1,329.1,100.0,329.1,1,False
2026-01-08 14:00:00+00:00,325.89,329.1,321.81,325.65,18551.0,326.687,111,False
2026-01-08 15:00:00+00:00,324.65,327.71,320.82,320.97,44937.0,324.744,297,True
2026-01-08 16:00:00+00:00,321.11,322.24,317.06,320.26,59944.0,319.553,380,True
2026-01-08 17:00:00+00:00,320.16,320.16,317.78,317.92,24745.0,318.904,152,True
2026-01-08 18:00:00+00:00,318.77,318.77,315.63,316.3,32063.0,317.05,196,True
2026-01-08 19:00:00+00:00,316.76,319.1,316.46,317.79,23806.0,317.629,166,True
2026-01-08 20:00:00+00:00,318.17,319.77,317.67,319.01,61840.0,318.979,487,True
2026-01-08 21:00:00+00:00,319.23,319.23,319.23,319.23,69533.0,319.23,7,False
2026-01-08 22:00:00+00:00,319.23,319.23,319.23,319.23,0.0,319.23,0,False
2026-01-08 23:00:00+00:00,319.23,319.23,319.23,319.23,0.0,319.23,0,False
2026-01-09 00:00:00+00:00,319.23,319.23,319.23,319.23,0.0,319.23,0,False
2026-01-09 09:00:00+00:00,319.23,319.23,319.23,319.23,100.0,319.23,1,False
2026-01-09 10:00:00+00:00,319.23,319.23,319.23,319.23,0.0,319.23,0,False
2026-01-09 11:00:00+00:00,319.23,319.23,319.23,319.23,0.0,319.23,0,False
2026-01-09 12:00:00+00:00,319.23,319.23,319.23,319.23,0.0,319.23,0,False
2026-01-09 13:00:00+00:00,319.23,319.23,319.23,319.23,0.0,319.23,0,False
2026-01-09 14:00:00+00:00,322.34,326.06,321.29,323.38,30455.0,323.974,127,False
2026-01-09 15:00:00+00:00,323.75,326.0,322.23,322.23,13655.0,323.682,88,True
2026-01-09 16:00:00+00:00,322.6,323.38,320.96,321.63,13599.0,321.999,91,True
2026-01-09 17:00:00+00:00,321.33,321.52,319.88,321.02,22184.0,320.727,145,True
2026-01-09 18:00:00+00:00,321.02,322.88,320.88,321.64,20694.0,322.23,118,True
2026-01-09 19:00:00+00:00,321.64,323.4,321.5,322.61,32096.0,322.673,253,True
2026-01-09 20:00:00+00:00,322.42,322.75,320.84,321.9,49628.0,321.737,324,True
2026-01-09 21:00:00+00:00,321.99,321.99,321.99,321.99,55852.0,321.99,8,False
2026-01-09 22:00:00+00:00,321.99,321.99,321.99,321.99,0.0,321.99,0,False
2026-01-09 23:00:00+00:00,321.99,321.99,321.99,321.99,0.0,321.99,0,False
2026-01-10 00:00:00+00:00,321.99,321.99,321.99,321.99,0.0,321.99,0,False
2026-01-12 14:00:00+00:00,322.65,329.55,322.65,325.0,27134.0,326.686,162,False
2026-01-12 15:00:00+00:00,324.49,326.97,324.48,326.86,10391.0,325.689,81,True
2026-01-12 16:00:00+00:00,326.42,326.79,324.73,326.08,24301.0,326.19,145,True
2026-01-12 17:00:00+00:00,326.06,327.0,324.96,326.36,12303.0,326.16,80,True
2026-01-12 18:00:00+00:00,326.28,327.95,325.8,327.3,15457.0,326.904,107,True
2026-01-12 19:00:00+00:00,327.1,327.38,326.33,326.84,10542.0,326.918,87,True
2026-01-12 20:00:00+00:00,326.85,328.38,325.15,326.04,60998.0,325.877,483,True
2026-01-12 21:00:00+00:00,326.04,326.04,326.04,326.04,62884.0,326.04,6,False
2026-01-12 22:00:00+00:00,326.04,326.04,326.04,326.04,0.0,326.04,0,False
2026-01-12 23:00:00+00:00,326.04,326.04,326.04,326.04,0.0,326.04,0,False
2026-01-13 00:00:00+00:00,326.04,326.04,326.04,326.04,0.0,326.04,0,False
2026-01-13 14:00:00+00:00,328.0,328.9,321.99,326.86,14675.0,327.27,60,False
2026-01-13 15:00:00+00:00,328.15,329.4,326.46,328.3,18258.0,328.117,102,True
2026-01-13 16:00:00+00:00,328.41,329.81,327.71,329.49,26228.0,328.524,176,True
2026-01-13 17:00:00+00:00,329.61,329.91,327.99,328.28,20824.0,329.023,131,True
2026-01-13 18:00:00+00:00,328.84,330.6,328.59,329.91,19275.0,329.348,131,True
2026-01-13 19:00:00+00:00,329.47,330.0,329.38,329.77,6781.0,329.677,52,True
2026-01-13 20:00:00+00:00,329.82,331.2,329.4,330.37,84753.0,329.909,670,True
2026-01-13 21:00:00+00:00,330.09,330.09,330.09,330.09,63517.0,330.09,2,False
2026-01-13 22:00:00+00:00,330.09,330.09,330.09,330.09,0.0,330.09,0,False
2026-01-13 23:00:00+00:00,330.09,330.09,330.09,330.09,0.0,330.09,0,False
2026-01-14 00:00:00+00:00,330.09,330.09,330.09,330.09,0.0,330.09,0,False
2026-01-14 14:00:00+00:00,328.92,328.92,324.89,326.29,11724.0,327.42,63,False
2026-01-14 15:00:00+00:00,326.94,329.91,325.7,327.85,21801.0,327.438,115,True
2026-01-14 16:00:00+00:00,327.67,329.59,326.98,327.46,16421.0,328.166,82,True
2026-01-14 17:00:00+00:00,327.46,328.32,326.91,327.6,7553.0,327.745,64,True
2026-01-14 18:00:00+00:00,327.49,328.96,326.99,328.76,15397.0,328.041,59,True
2026-01-14 19:00:00+00:00,328.72,329.04,327.52,329.0,12920.0,328.561,92,True
2026-01-14 20:00:00+00:00,328.88,331.36,328.88,331.33,28344.0,330.433,244,True
2026-01-14 21:00:00+00:00,331.25,331.25,331.25,331.25,45631.0,331.25,2,False
2026-01-14 22:00:00+00:00,331.25,331.25,331.25,331.25,0.0,331.25,0,False
2026-01-14 23:00:00+00:00,331.25,331.25,331.25,331.25,0.0,331.25,0,False
2026-01-15 00:00:00+00:00,331.25,331.25,331.25,331.25,0.0,331.25,0,False
2026-01-15 14:00:00+00:00,334.21,338.0,334.18,334.18,16039.0,335.167,66,False
2026-01-15 15:00:00+00:00,335.42,337.68,334.16,337.68,4708.0,336.631,41,True
2026-01-15 16:00:00+00:00,337.61,338.17,335.57,335.81,12435.0,337.259,77,True
2026-01-15 17:00:00+00:00,335.87,336.29,335.18,335.85,5858.0,335.75,57,True
2026-01-15 18:00:00+00:00,335.73,336.08,334.76,334.77,2679.0,335.684,23,True
2026-01-15 19:00:00+00:00,334.83,335.05,333.58,333.65,6316.0,334.226,57,True
2026-01-15 20:00:00+00:00,333.64,337.73,333.64,336.0,74025.0,335.836,560,True
2026-01-15 21:00:00+00:00,336.0,336.0,336.0,336.0,56160.0,336.0,11,False
2026-01-15 22:00:00+00:00,336.0,336.0,336.0,336.0,0.0,336.0,0,False
2026-01-15 23:00:00+00:00,336.0,336.0,336.0,336.0,0.0,336.0,0,False
2026-01-16 00:00:00+00:00,336.0,336.0,336.0,336.0,0.0,336.0,0,False
2026-01-16 13:00:00+00:00,340.0,340.0,340.0,340.0,184.0,340.0,1,False
2026-01-16 14:00:00+00:00,336.5,336.5,331.81,331.81,45471.0,334.302,156,False
2026-01-16 15:00:00+00:00,332.09,333.12,328.76,330.13,37258.0,331.123,219,True
2026-01-16 16:00:00+00:00,330.13,331.74,329.67,329.84,18418.0,330.768,99,True
2026-01-16 17:00:00+00:00,330.47,332.7,330.39,330.87,22054.0,331.924,146,True
2026-01-16 18:00:00+00:00,331.61,331.61,330.23,331.03,6670.0,331.092,48,True
2026-01-16 19:00:00+00:00,330.88,332.12,330.04,331.0,29650.0,330.962,166,True
2026-01-16 20:00:00+00:00,330.95,333.65,330.95,332.94,39739.0,332.473,335,True
2026-01-16 21:00:00+00:00,333.06,333.06,333.06,333.06,60103.0,333.06,3,False
2026-01-16 22:00:00+00:00,333.06,333.06,333.06,333.06,135.0,333.06,1,False
2026-01-16 23:00:00+00:00,333.06,333.06,333.06,333.06,0.0,333.06,0,False
2026-01-17 00:00:00+00:00,333.06,333.06,333.06,333.06,0.0,333.06,0,False
2026-01-20 09:00:00+00:00,333.06,333.06,333.06,333.06,235.0,333.06,2,False
2026-01-20 10:00:00+00:00,333.06,333.06,333.06,333.06,0.0,333.06,0,False
2026-01-20 11:00:00+00:00,333.06,333.06,333.06,333.06,0.0,333.06,0,False
2026-01-20 12:00:00+00:00,333.06,333.06,333.06,333.06,0.0,333.06,0,False
2026-01-20 13:00:00+00:00,333.06,333.06,333.06,333.06,0.0,333.06,0,False
2026-01-20 14:00:00+00:00,326.6,332.92,325.98,330.59,25585.0,328.189,79,False
2026-01-20 15:00:00+00:00,330.29,331.05,321.96,328.71,399327.0,325.29,1928,True
2026-01-20 16:00:00+00:00,327.88,330.84,327.46,328.76,17503.0,329.195,125,True
2026-01-20 17:00:00+00:00,328.76,329.31,325.97,326.85,16159.0,327.735,88,True
2026-01-20 18:00:00+00:00,327.31,328.41,326.26,327.9,13756.0,327.058,113,True
2026-01-20 19:00:00+00:00,327.93,328.76,327.38,327.88,12185.0,328.029,105,True
2026-01-20 20:00:00+00:00,328.35,328.54,327.67,328.46,42324.0,328.06,383,True
2026-01-20 21:00:00+00:00,328.21,328.21,328.21,328.21,55541.0,328.21,17,False
2026-01-20 22:00:00+00:00,328.21,328.21,328.21,328.21,0.0,328.21,0,False
2026-01-20 23:00:00+00:00,328.21,328.21,328.21,328.21,0.0,328.21,0,False
2026-01-21 00:00:00+00:00,328.21,328.21,328.21,328.21,0.0,328.21,0,False
2026-01-21 14:00:00+00:00,330.81,331.85,328.75,331.85,7828.0,330.468,38,False
2026-01-21 15:00:00+00:00,334.67,336.35,332.48,333.66,27702.0,334.72,152,True
2026-01-21 16:00:00+00:00,332.92,334.78,332.24,333.36,7705.0,333.39,63,True
2026-01-21 17:00:00+00:00,333.99,333.99,331.44,333.06,22796.0,332.84,147,True
2026-01-21 18:00:00+00:00,333.07,334.89,332.35,334.51,10781.0,333.849,70,True
2026-01-21 19:00:00+00:00,334.5,338.46,334.41,336.67,52831.0,337.066,157,True
2026-01-21 20:00:00+00:00,337.0,339.1,335.08,335.59,61126.0,336.724,446,True
2026-01-21 21:00:00+00:00,335.42,335.42,335.42,335.42,79343.0,335.42,3,False
2026-01-21 22:00:00+00:00,335.42,335.42,335.42,335.42,0.0,335.42,0,False
2026-01-21 23:00:00+00:00,335.42,335.42,335.42,335.42,0.0,335.42,0,False
2026-01-22 00:00:00+00:00,335.42,335.42,335.42,335.42,0.0,335.42,0,False
2026-01-22 14:00:00+00:00,337.92,337.92,330.3,334.48,22128.0,334.658,113,False
2026-01-22 15:00:00+00:00,334.48,335.39,331.1,333.15,56104.0,333.318,297,True
2026-01-22 16:00:00+00:00,333.15,335.0,333.15,333.84,19881.0,334.105,147,True
2026-01-22 17:00:00+00:00,334.3,337.07,333.2,336.85,10551.0,335.271,82,True
2026-01-22 18:00:00+00:00,336.71,338.0,334.99,334.99,19375.0,336.997,131,True
2026-01-22 19:00:00+00:00,336.09,336.63,333.74,334.25,25973.0,335.639,180,True
2026-01-22 20:00:00+00:00,333.46,334.71,332.37,332.68,72718.0,333.338,485,True
2026-01-22 21:00:00+00:00,333.0,333.0,333.0,333.0,67923.0,333.0,15,False
2026-01-22 22:00:00+00:00,333.0,333.0,333.0,333.0,0.0,333.0,0,False
2026-01-22 23:00:00+00:00,333.0,333.0,333.0,333.0,0.0,333.0,0,False
2026-01-23 00:00:00+00:00,333.0,333.0,333.0,333.0,0.0,333.0,0,False
2026-01-23 14:00:00+00:00,333.0,335.75,327.72,329.24,6379.0,331.266,29,False
2026-01-23 15:00:00+00:00,329.52,330.71,328.0,329.99,18809.0,329.557,91,True
2026-01-23 16:00:00+00:00,330.13,330.47,326.85,327.04,49092.0,328.453,303,True
2026-01-23 17:00:00+00:00,327.12,328.56,325.54,325.65,20549.0,327.231,146,True
2026-01-23 18:00:00+00:00,325.48,326.64,324.83,326.46,23451.0,325.876,182,True
2026-01-23 19:00:00+00:00,327.06,327.48,325.35,325.78,13505.0,326.732,112,True
2026-01-23 20:00:00+00:00,325.94,327.21,324.89,326.87,62614.0,326.37,480,True
2026-01-23 21:00:00+00:00,327.02,327.02,327.02,327.02,64737.0,327.02,15,False
2026-01-23 22:00:00+00:00,327.02,327.02,327.02,327.02,0.0,327.02,0,False
2026-01-23 23:00:00+00:00,327.02,327.02,327.02,327.02,0.0,327.02,0,False
2026-01-24 00:00:00+00:00,327.02,327.02,327.02,327.02,0.0,327.02,0,False
2026-01-26 14:00:00+00:00,327.02,329.0,320.42,328.15,17219.0,327.495,77,False
2026-01-26 15:00:00+00:00,328.06,328.93,325.13,327.58,64835.0,327.414,169,True
2026-01-26 16:00:00+00:00,327.23,329.99,326.29,328.92,27499.0,328.207,163,True
2026-01-26 17:00:00+00:00,329.71,330.66,328.86,329.0,33053.0,329.927,110,True
2026-01-26 18:00:00+00:00,329.62,331.17,329.23,331.15,37866.0,330.196,257,True
2026-01-26 19:00:00+00:00,330.75,332.01,329.7,329.88,31712.0,330.798,203,True
2026-01-26 20:00:00+00:00,329.65,331.61,329.07,331.02,60053.0,330.514,432,True
2026-01-26 21:00:00+00:00,330.86,331.18,330.86,331.18,107701.0,331.18,7,False
2026-01-26 22:00:00+00:00,331.18,331.18,331.18,331.18,0.0,331.18,0,False
2026-01-26 23:00:00+00:00,331.18,331.18,331.18,331.18,0.0,331.18,0,False
2026-01-27 00:00:00+00:00,331.18,331.18,331.18,331.18,0.0,331.18,0,False
2026-01-27 14:00:00+00:00,332.42,333.8,330.75,331.5,9579.0,332.489,59,False
2026-01-27 15:00:00+00:00,332.08,334.65,330.0,330.0,14641.0,332.2,68,True
2026-01-27 16:00:00+00:00,331.21,331.43,329.46,330.41,20795.0,330.216,151,True
2026-01-27 17:00:00+00:00,330.91,331.16,329.67,330.62,9848.0,330.605,86,True
2026-01-27 18:00:00+00:00,330.57,331.76,330.0,330.77,15758.0,331.012,118,True
2026-01-27 19:00:00+00:00,330.94,331.68,330.76,330.78,14830.0,331.088,115,True
2026-01-27 20:00:00+00:00,330.71,331.04,327.31,329.47,68683.0,329.147,494,True
2026-01-27 21:00:00+00:00,329.43,329.43,329.43,329.43,64332.0,329.43,7,False
2026-01-27 22:00:00+00:00,329.43,329.43,329.43,329.43,0.0,329.43,0,False
2026-01-27 23:00:00+00:00,329.43,329.43,329.43,329.43,0.0,329.43,0,False
2026-01-28 00:00:00+00:00,329.43,329.43,329.43,329.43,0.0,329.43,0,False
2026-01-28 14:00:00+00:00,329.43,329.43,322.4,322.42,97042.0,325.023,286,False
2026-01-28 15:00:00+00:00,322.42,325.86,322.27,325.5,45076.0,323.15,182,True
2026-01-28 16:00:00+00:00,325.31,327.35,324.7,327.03,23306.0,326.433,120,True
2026-01-28 17:00:00+00:00,326.84,327.5,325.53,325.95,38303.0,326.201,215,True
2026-01-28 18:00:00+00:00,325.98,327.81,325.44,327.41,44351.0,326.244,289,True
2026-01-28 19:00:00+00:00,327.4,330.03,326.97,329.38,42433.0,328.339,334,True
2026-01-28 20:00:00+00:00,329.41,330.05,325.48,325.89,56703.0,326.985,475,True
2026-01-28 21:00:00+00:00,325.94,325.94,325.94,325.94,100599.0,325.94,4,False
2026-01-28 22:00:00+00:00,325.94,325.94,325.94,325.94,0.0,325.94,0,False
2026-01-28 23:00:00+00:00,325.94,325.94,325.94,325.94,0.0,325.94,0,False
2026-01-29 00:00:00+00:00,325.94,325.94,325.94,325.94,0.0,325.94,0,False
2026-01-29 14:00:00+00:00,328.5,330.27,326.64,327.28,10617.0,328.14,59,False
2026-01-29 15:00:00+00:00,327.3,328.05,320.81,321.64,137120.0,324.954,586,True
2026-01-29 16:00:00+00:00,321.65,325.0,320.17,321.96,11623.0,322.647,98,True
2026-01-29 17:00:00+00:00,322.03,322.89,320.84,321.0,17438.0,322.149,158,True
2026-01-29 18:00:00+00:00,320.85,322.53,320.73,320.93,7614.0,321.767,72,True
2026-01-29 19:00:00+00:00,321.2,323.72,321.2,321.94,19495.0,322.619,179,True
2026-01-29 20:00:00+00:00,321.94,322.64,318.06,319.44,71036.0,319.769,594,True
2026-01-29 21:00:00+00:00,319.41,319.41,319.41,319.41,133506.0,319.41,9,False
2026-01-29 22:00:00+00:00,319.41,319.41,319.41,319.41,0.0,319.41,0,False
2026-01-29 23:00:00+00:00,319.41,319.41,319.41,319.41,0.0,319.41,0,False
2026-01-30 00:00:00+00:00,319.41,319.41,319.41,319.41,0.0,319.41,0,False
2026-01-30 14:00:00+00:00,315.03,323.64,315.03,319.48,11401.0,318.378,52,False
2026-01-30 15:00:00+00:00,319.51,321.47,317.42,317.69,9526.0,319.571,89,True
2026-01-30 16:00:00+00:00,317.29,317.61,314.96,316.38,22541.0,316.109,142,True
2026-01-30 17:00:00+00:00,316.42,317.35,314.9,316.04,19876.0,315.714,176,True
2026-01-30 18:00:00+00:00,315.76,317.67,315.0,317.67,9086.0,316.142,74,True
2026-01-30 19:00:00+00:00,318.27,318.78,316.85,317.21,24388.0,317.628,172,True
2026-01-30 20:00:00+00:00,316.91,318.26,316.17,317.62,71991.0,317.347,597,True
2026-01-30 21:00:00+00:00,317.48,317.84,317.48,317.84,107895.0,317.839,10,False
2026-01-30 22:00:00+00:00,317.84,317.84,317.84,317.84,0.0,317.84,0,False
2026-01-30 23:00:00+00:00,317.84,317.84,317.84,317.84,0.0,317.84,0,False
2026-01-31 00:00:00+00:00,317.84,317.84,317.84,317.84,0.0,317.84,0,False
2026-02-02 13:00:00+00:00,319.17,319.17,319.17,319.17,100.0,319.17,1,False
2026-02-02 14:00:00+00:00,316.28,321.78,315.92,319.18,24702.0,317.528,70,False
2026-02-02 15:00:00+00:00,318.7,323.85,318.7,321.77,35648.0,321.698,243,True
2026-02-02 16:00:00+00:00,322.41,322.84,320.68,321.45,21528.0,321.823,182,True
2026-02-02 17:00:00+00:00,321.44,322.65,320.59,322.62,46516.0,321.193,306,True
2026-02-02 18:00:00+00:00,322.58,323.59,322.12,322.75,32044.0,322.732,274,True
2026-02-02 19:00:00+00:00,322.61,325.73,322.04,324.49,79703.0,324.529,644,True
2026-02-02 20:00:00+00:00,324.5,329.02,323.3,327.81,197610.0,326.81,1557,True
2026-02-02 21:00:00+00:00,327.25,379.99,327.25,378.26,141575.0,333.629,145,False
2026-02-02 22:00:00+00:00,376.21,378.93,375.52,378.93,869.0,377.104,6,False
2026-02-02 23:00:00+00:00,379.0,383.0,377.1,378.84,5140.0,379.295,19,False
2026-02-03 00:00:00+00:00,378.5,379.0,376.5,378.04,2098.0,377.592,10,False
2026-02-03 11:00:00+00:00,375.98,376.06,375.98,376.06,773.0,376.013,6,False
2026-02-03 12:00:00+00:00,376.22,376.22,376.22,376.22,100.0,376.22,1,False
2026-02-03 13:00:00+00:00,378.41,378.41,376.59,377.0,1741.0,377.355,13,False
2026-02-03 14:00:00+00:00,378.0,382.0,365.0,377.44,342830.0,374.461,1846,False
2026-02-03 15:00:00+00:00,377.78,380.01,371.5,379.81,341322.0,375.067,2071,True
2026-02-03 16:00:00+00:00,379.5,384.67,376.74,380.09,82441.0,380.363,612,True
2026-02-03 17:00:00+00:00,379.7,380.95,372.51,373.52,92005.0,376.669,631,True
2026-02-03 18:00:00+00:00,373.42,375.1,367.37,367.37,145403.0,372.09,988,True
2026-02-03 19:00:00+00:00,368.03,372.3,365.71,366.46,143650.0,368.881,1132,True
2026-02-03 20:00:00+00:00,365.91,372.1,363.76,371.12,236595.0,368.48,1706,True
2026-02-03 21:00:00+00:00,371.17,371.17,368.52,368.52,105740.0,371.165,17,False
2026-02-03 22:00:00+00:00,388.95,388.95,368.27,369.76,1103.0,378.264,5,False
2026-02-03 23:00:00+00:00,369.76,369.76,369.76,369.76,0.0,369.76,0,False
2026-02-04 00:00:00+00:00,369.0,369.0,369.0,369.0,296.0,369.0,1,False
2026-02-04 13:00:00+00:00,388.42,388.42,373.73,373.73,300.0,378.803,3,False
2026-02-04 14:00:00+00:00,373.0,384.08,372.98,375.03,61122.0,377.315,310,False
2026-02-04 15:00:00+00:00,374.81,380.09,371.72,376.4,175222.0,375.802,1105,True
2026-02-04 16:00:00+00:00,376.4,376.85,370.02,371.52,72561.0,373.5,645,True
2026-02-04 17:00:00+00:00,371.13,371.85,363.27,367.23,116921.0,367.438,410,True
2026-02-04 18:00:00+00:00,367.25,370.14,365.5,367.23,61247.0,368.112,445,True
2026-02-04 19:00:00+00:00,367.88,373.26,366.92,372.77,52709.0,369.728,367,True
2026-02-04 20:00:00+00:00,372.55,376.53,371.74,373.56,130942.0,373.979,995,True
2026-02-04 21:00:00+00:00,373.31,373.31,373.31,373.31,119608.0,373.31,12,False
2026-02-04 22:00:00+00:00,365.04,365.04,365.04,365.04,366.0,365.04,2,False
2026-02-04 23:00:00+00:00,365.04,365.04,365.04,365.04,0.0,365.04,0,False
2026-02-05 00:00:00+00:00,365.04,365.04,365.04,365.04,0.0,365.04,0,False
2026-02-05 14:00:00+00:00,368.57,379.28,364.99,376.35,36633.0,374.288,191,False
2026-02-05 15:00:00+00:00,376.1,377.74,372.41,374.45,33438.0,374.77,210,True
2026-02-05 16:00:00+00:00,373.83,379.8,373.04,378.99,38751.0,376.561,292,True
2026-02-05 17:00:00+00:00,378.39,381.55,377.41,380.15,32996.0,379.227,251,True
2026-02-05 18:00:00+00:00,380.5,380.63,377.29,377.77,38648.0,378.878,242,True
2026-02-05 19:00:00+00:00,377.75,380.52,377.07,378.99,43712.0,379.308,324,True
2026-02-05 20:00:00+00:00,378.99,379.3,374.03,377.09,114437.0,377.311,923,True
2026-02-05 21:00:00+00:00,376.81,376.81,376.81,376.81,163627.0,376.81,7,False
2026-02-05 22:00:00+00:00,376.81,376.81,376.81,376.81,0.0,376.81,0,False
2026-02-05 23:00:00+00:00,376.81,376.81,376.81,376.81,0.0,376.81,0,False
2026-02-06 00:00:00+00:00,376.81,376.81,376.81,376.81,0.0,376.81,0,False
2026-02-06 14:00:00+00:00,382.58,391.88,382.58,387.85,67663.0,388.141,318,False
2026-02-06 15:00:00+00:00,387.84,390.55,383.98,387.79,61817.0,388.403,410,True
2026-02-06 16:00:00+00:00,387.55,390.91,386.99,389.76,65291.0,389.569,430,True
2026-02-06 17:00:00+00:00,389.7,392.66,389.0,390.75,91540.0,390.179,325,True
2026-02-06 18:00:00+00:00,390.75,390.75,388.23,389.88,20911.0,389.368,167,True
2026-02-06 19:00:00+00:00,389.58,389.58,388.05,388.83,21868.0,388.889,183,True
2026-02-06 20:00:00+00:00,388.93,390.98,388.16,388.52,82726.0,389.144,651,True
2026-02-06 21:00:00+00:00,388.5,388.5,388.5,388.5,167801.0,388.5,5,False
2026-02-06 22:00:00+00:00,388.5,388.5,388.5,388.5,0.0,388.5,0,False
2026-02-06 23:00:00+00:00,388.5,388.5,388.5,388.5,0.0,388.5,0,False
2026-02-07 00:00:00+00:00,388.5,388.5,388.5,388.5,0.0,388.5,0,False
2026-02-09 10:00:00+00:00,391.46,391.46,391.46,391.46,100.0,391.46,1,False
2026-02-09 11:00:00+00:00,391.0,391.0,391.0,391.0,161.0,391.0,1,False
2026-02-09 12:00:00+00:00,391.6,391.6,390.06,390.06,235.0,390.945,2,False
2026-02-09 13:00:00+00:00,395.39,410.0,395.39,410.0,212.0,403.108,2,False
2026-02-09 14:00:00+00:00,396.87,402.96,392.27,400.0,47156.0,398.056,270,False
2026-02-09 15:00:00+00:00,400.0,403.31,393.55,396.31,70640.0,398.059,371,True
2026-02-09 16:00:00+00:00,395.81,396.98,392.39,394.44,47135.0,394.135,348,True
2026-02-09 17:00:00+00:00,394.44,395.27,392.34,392.66,28255.0,393.71,231,True
2026-02-09 18:00:00+00:00,392.66,393.77,391.24,392.46,31137.0,392.832,274,True
2026-02-09 19:00:00+00:00,392.46,394.1,391.67,391.67,26497.0,393.024,219,True
2026-02-09 20:00:00+00:00,391.68,394.53,390.41,392.79,104136.0,392.681,753,True
2026-02-09 21:00:00+00:00,392.78,393.99,392.78,393.98,90838.0,392.943,16,False
2026-02-09 22:00:00+00:00,393.98,393.98,393.98,393.98,0.0,393.98,0,False
2026-02-09 23:00:00+00:00,393.98,393.98,393.98,393.98,0.0,393.98,0,False
2026-02-10 00:00:00+00:00,393.98,393.99,393.98,393.98,0.0,393.98,0,False
2026-02-10 14:00:00+00:00,392.51,398.42,389.16,392.57,19705.0,392.07,157,False
2026-02-10 15:00:00+00:00,391.85,393.38,387.37,388.15,92176.0,391.866,580,True
2026-02-10 16:00:00+00:00,388.24,391.49,387.51,389.76,28492.0,389.515,248,True
2026-02-10 17:00:00+00:00,389.76,391.27,388.85,390.17,29880.0,390.168,177,True
2026-02-10 18:00:00+00:00,390.66,390.77,388.31,388.31,12544.0,389.541,114,True
2026-02-10 19:00:00+00:00,388.21,390.33,388.2,390.33,14991.0,389.367,112,True
2026-02-10 20:00:00+00:00,390.69,393.3,390.69,391.85,54847.0,391.647,436,True
2026-02-10 21:00:00+00:00,391.53,391.53,391.53,391.53,167145.0,391.53,5,False
2026-02-10 22:00:00+00:00,391.53,391.53,391.53,391.53,0.0,391.53,0,False
2026-02-10 23:00:00+00:00,391.53,391.53,391.53,391.53,0.0,391.53,0,False
2026-02-11 00:00:00+00:00,391.53,391.53,391.53,391.53,0.0,391.53,0,False
2026-02-11 14:00:00+00:00,393.11,397.23,390.83,395.48,58226.0,393.392,242,False
2026-02-11 15:00:00+00:00,395.65,396.1,388.15,393.0,81083.0,389.904,247,True
2026-02-11 16:00:00+00:00,392.34,395.65,391.18,394.43,49559.0,394.1,323,True
2026-02-11 17:00:00+00:00,394.13,394.48,388.64,389.29,21841.0,391.134,126,True
2026-02-11 18:00:00+00:00,389.08,391.38,387.33,388.67,26582.0,389.438,185,True
2026-02-11 19:00:00+00:00,389.35,390.01,387.0,388.97,35393.0,388.403,294,True
2026-02-11 20:00:00+00:00,388.99,390.55,388.3,389.56,72590.0,389.483,572,True
2026-02-11 21:00:00+00:00,389.61,390.26,386.86,390.25,78785.0,389.72,14,False
2026-02-11 22:00:00+00:00,390.25,390.25,390.25,390.25,0.0,390.25,0,False
2026-02-11 23:00:00+00:00,390.25,390.25,390.25,390.25,0.0,390.25,0,False
2026-02-12 00:00:00+00:00,390.25,390.26,390.25,390.25,0.0,390.25,0,False
2026-02-12 11:00:00+00:00,388.0,388.0,388.0,388.0,185.0,388.0,1,False
2026-02-12 12:00:00+00:00,388.0,388.0,388.0,388.0,0.0,388.0,0,False
2026-02-12 13:00:00+00:00,388.0,388.0,388.0,388.0,0.0,388.0,0,False
2026-02-12 14:00:00+00:00,392.98,399.41,389.95,393.68,33844.0,395.695,178,False
2026-02-12 15:00:00+00:00,391.9,394.45,385.99,385.99,31077.0,388.953,272,True
2026-02-12 16:00:00+00:00,386.5,386.97,380.0,380.6,58373.0,381.818,342,True
2026-02-12 17:00:00+00:00,380.19,382.79,379.0,380.33,30401.0,380.79,251,True
2026-02-12 18:00:00+00:00,380.13,380.39,376.66,378.33,71884.0,378.175,438,True
2026-02-12 19:00:00+00:00,378.27,382.3,378.16,381.76,43290.0,380.18,341,True
2026-02-12 20:00:00+00:00,381.81,382.68,379.85,380.27,40274.0,380.791,350,True
2026-02-12 21:00:00+00:00,380.43,380.43,380.43,380.43,77548.0,380.43,3,False
2026-02-12 22:00:00+00:00,380.43,380.43,380.43,380.43,0.0,380.43,0,False
2026-02-12 23:00:00+00:00,380.43,380.43,380.43,380.43,0.0,380.43,0,False
2026-02-13 00:00:00+00:00,380.43,380.43,380.43,380.43,0.0,380.43,0,False
2026-02-13 14:00:00+00:00,378.16,385.0,378.16,382.15,22219.0,381.213,65,False
2026-02-13 15:00:00+00:00,382.87,384.57,381.97,382.63,14684.0,383.137,119,True
2026-02-13 16:00:00+00:00,382.7,382.78,379.25,380.26,37031.0,380.911,256,True
2026-02-13 17:00:00+00:00,380.43,380.94,378.7,379.9,24814.0,379.656,194,True
2026-02-13 18:00:00+00:00,379.69,381.33,376.95,377.24,37076.0,379.024,284,True
2026-02-13 19:00:00+00:00,377.18,377.97,376.11,376.48,18236.0,377.041,159,True
2026-02-13 20:00:00+00:00,376.86,379.82,376.86,379.31,102684.0,378.137,777,True
2026-02-13 21:00:00+00:00,379.39,379.39,379.17,379.18,95694.0,379.357,5,False
2026-02-13 22:00:00+00:00,379.18,379.18,379.18,379.18,0.0,379.18,0,False
2026-02-13 23:00:00+00:00,379.18,379.18,379.18,379.18,0.0,379.18,0,False
2026-02-14 00:00:00+00:00,379.18,379.18,379.17,379.18,0.0,379.18,0,False
2026-02-17 14:00:00+00:00,376.57,382.02,372.76,380.59,26981.0,378.97,150,False
2026-02-17 15:00:00+00:00,380.39,385.09,380.02,384.09,35258.0,383.094,295,True
2026-02-17 16:00:00+00:00,385.87,387.52,384.77,386.67,29937.0,386.299,208,True
2026-02-17 17:00:00+00:00,385.45,385.94,383.46,384.23,17557.0,384.779,155,True
2026-02-17 18:00:00+00:00,383.82,387.83,383.05,387.22,23268.0,384.686,185,True
2026-02-17 19:00:00+00:00,387.15,387.81,385.42,385.42,33299.0,386.87,207,True
2026-02-17 20:00:00+00:00,386.15,387.32,382.69,387.02,126805.0,385.469,980,True
2026-02-17 21:00:00+00:00,387.12,387.12,387.12,387.12,93778.0,387.12,5,False
2026-02-17 22:00:00+00:00,387.12,387.12,387.12,387.12,0.0,387.12,0,False
2026-02-17 23:00:00+00:00,387.12,387.12,387.12,387.12,0.0,387.12,0,False
2026-02-18 00:00:00+00:00,387.12,387.12,387.12,387.12,0.0,387.12,0,False
2026-02-18 14:00:00+00:00,388.38,395.19,388.38,394.42,48967.0,392.822,278,False
2026-02-18 15:00:00+00:00,395.03,398.63,393.99,394.34,69300.0,395.433,455,True
2026-02-18 16:00:00+00:00,394.67,396.39,394.0,395.19,39760.0,394.91,306,True
2026-02-18 17:00:00+00:00,394.77,395.53,393.58,393.88,71063.0,394.732,504,True
2026-02-18 18:00:00+00:00,394.06,395.41,393.0,394.43,16893.0,394.222,143,True
2026-02-18 19:00:00+00:00,394.78,395.27,391.72,394.12,30824.0,393.527,227,True
2026-02-18 20:00:00+00:00,393.44,395.13,391.21,392.1,95739.0,393.062,744,True
2026-02-18 21:00:00+00:00,392.38,392.38,392.38,392.38,83605.0,392.38,10,False
2026-02-18 22:00:00+00:00,392.38,392.38,392.38,392.38,0.0,392.38,0,False
2026-02-18 23:00:00+00:00,392.38,392.38,392.38,392.38,0.0,392.38,0,False
2026-02-19 00:00:00+00:00,392.38,392.38,392.38,392.38,0.0,392.38,0,False
2026-02-19 14:00:00+00:00,391.43,393.96,390.26,392.3,17218.0,392.174,89,False
2026-02-19 15:00:00+00:00,391.97,394.5,391.54,392.44,11709.0,393.014,76,True
2026-02-19 16:00:00+00:00,392.21,393.75,389.37,389.85,10934.0,391.349,86,True
2026-02-19 17:00:00+00:00,389.85,390.98,388.17,390.21,10090.0,389.833,85,True
2026-02-19 18:00:00+00:00,389.63,390.51,388.99,390.24,10234.0,389.671,88,True
2026-02-19 19:00:00+00:00,390.13,391.77,389.92,390.7,21438.0,391.141,151,True
2026-02-19 20:00:00+00:00,390.71,391.78,389.56,390.66,46376.0,390.588,385,True
2026-02-19 21:00:00+00:00,390.92,390.92,390.0,390.0,119593.0,390.919,13,False
2026-02-19 22:00:00+00:00,390.0,390.0,390.0,390.0,0.0,390.0,0,False
2026-02-19 23:00:00+00:00,390.0,390.0,390.0,390.0,0.0,390.0,0,False
2026-02-20 00:00:00+00:00,390.0,390.0,390.0,390.0,0.0,390.0,0,False
2026-02-20 14:00:00+00:00,389.95,393.69,389.95,393.69,8781.0,392.011,40,False
2026-02-20 15:00:00+00:00,393.93,397.02,390.8,395.5,13597.0,394.383,101,True
2026-02-20 16:00:00+00:00,394.5,396.68,393.51,394.52,8230.0,394.624,59,True
2026-02-20 17:00:00+00:00,393.82,394.62,391.16,394.56,8574.0,393.254,68,True
2026-02-20 18:00:00+00:00,395.0,395.31,392.62,394.53,10703.0,394.432,91,True
2026-02-20 19:00:00+00:00,394.69,394.9,392.28,392.28,5431.0,393.941,47,True
2026-02-20 20:00:00+00:00,392.88,394.34,392.28,394.04,28614.0,393.484,249,True
2026-02-20 21:00:00+00:00,394.03,394.03,394.03,394.03,49610.0,394.03,9,False
2026-02-20 22:00:00+00:00,394.05,394.05,394.05,394.05,127.0,394.05,1,False
2026-02-20 23:00:00+00:00,394.94,394.94,394.94,394.94,100.0,394.94,1,False
2026-02-21 00:00:00+00:00,394.94,394.94,394.94,394.94,0.0,394.94,0,False
2026-02-23 13:00:00+00:00,391.0,395.55,391.0,395.55,206.0,393.341,2,False
2026-02-23 14:00:00+00:00,393.51,395.83,392.0,392.0,7087.0,393.874,35,False
2026-02-23 15:00:00+00:00,392.89,393.33,388.89,391.23,42843.0,390.948,152,True
2026-02-23 16:00:00+00:00,390.43,391.4,389.16,390.83,8679.0,390.357,79,True
2026-02-23 17:00:00+00:00,390.25,392.07,389.99,391.56,9999.0,391.133,68,True
2026-02-23 18:00:00+00:00,392.02,393.66,391.62,392.35,7633.0,392.664,67,True
2026-02-23 19:00:00+00:00,391.86,393.16,391.12,392.93,11741.0,392.115,106,True
2026-02-23 20:00:00+00:00,393.08,393.47,390.53,392.65,39933.0,392.218,317,True
2026-02-23 21:00:00+00:00,392.77,392.77,392.77,392.77,47000.0,392.77,4,False
2026-02-23 22:00:00+00:00,392.77,392.77,392.77,392.77,0.0,392.77,0,False
2026-02-23 23:00:00+00:00,392.77,392.77,392.77,392.77,0.0,392.77,0,False
2026-02-24 00:00:00+00:00,392.77,392.77,392.77,392.77,0.0,392.77,0,False
2026-02-24 14:00:00+00:00,393.04,395.01,389.05,393.1,9422.0,392.857,65,False
2026-02-24 15:00:00+00:00,393.96,396.05,393.04,393.38,12994.0,394.684,96,True
2026-02-24 16:00:00+00:00,393.94,394.52,393.18,393.9,5052.0,393.842,46,True
2026-02-24 17:00:00+00:00,394.56,395.61,393.8,394.15,7468.0,394.605,52,True
2026-02-24 18:00:00+00:00,394.17,396.3,394.06,394.97,5168.0,395.115,48,True
2026-02-24 19:00:00+00:00,394.95,396.72,394.54,395.22,11352.0,395.553,93,True
2026-02-24 20:00:00+00:00,395.18,395.18,393.42,394.17,37149.0,394.471,210,True
2026-02-24 21:00:00+00:00,394.76,394.76,394.76,394.76,51448.0,394.76,7,False
2026-02-24 22:00:00+00:00,394.76,394.76,394.76,394.76,0.0,394.76,0,False
2026-02-24 23:00:00+00:00,394.76,394.76,394.76,394.76,0.0,394.76,0,False
2026-02-25 00:00:00+00:00,394.76,394.76,394.76,394.76,0.0,394.76,0,False
2026-02-25 14:00:00+00:00,399.08,399.08,392.18,392.69,16171.0,396.63,95,False
2026-02-25 15:00:00+00:00,392.18,396.7,389.56,396.7,15977.0,393.285,90,True
2026-02-25 16:00:00+00:00,396.48,398.99,395.78,397.81,24263.0,397.523,123,True
2026-02-25 17:00:00+00:00,397.9,398.95,397.72,397.91,10967.0,398.305,91,True
2026-02-25 18:00:00+00:00,397.92,398.08,395.17,395.17,10452.0,396.535,91,True
2026-02-25 19:00:00+00:00,395.73,397.23,395.72,396.0,15348.0,396.393,126,True
2026-02-25 20:00:00+00:00,396.07,396.45,393.15,393.53,41688.0,394.923,374,True
2026-02-25 21:00:00+00:00,393.58,393.58,393.58,393.58,87639.0,393.58,6,False
2026-02-25 22:00:00+00:00,394.5,394.5,386.61,386.61,290.0,391.779,2,False
2026-02-25 23:00:00+00:00,386.61,386.61,386.61,386.61,0.0,386.61,0,False
2026-02-26 00:00:00+00:00,386.61,386.61,386.61,386.61,0.0,386.61,0,False
2026-02-26 14:00:00+00:00,393.02,394.97,383.06,383.38,14254.0,388.44,75,False
2026-02-26 15:00:00+00:00,384.71,389.12,383.16,388.2,95131.0,385.997,473,True
2026-02-26 16:00:00+00:00,387.54,389.59,387.53,387.95,8652.0,388.735,76,True
2026-02-26 17:00:00+00:00,387.81,389.22,387.0,387.0,16360.0,388.251,109,True
2026-02-26 18:00:00+00:00,387.0,390.6,386.81,390.06,9143.0,388.931,79,True
2026-02-26 19:00:00+00:00,389.6,391.48,389.13,389.13,30360.0,390.78,221,True
2026-02-26 20:00:00+00:00,389.21,390.05,386.6,387.69,87161.0,388.249,667,True
2026-02-26 21:00:00+00:00,387.74,387.74,387.74,387.74,74325.0,387.74,4,False
2026-02-26 22:00:00+00:00,387.74,387.74,387.74,387.74,0.0,387.74,0,False
2026-02-26 23:00:00+00:00,387.74,387.74,387.74,387.74,0.0,387.74,0,False
2026-02-27 00:00:00+00:00,387.74,387.74,387.74,387.74,0.0,387.74,0,False
2026-02-27 14:00:00+00:00,384.01,388.49,384.01,384.28,8324.0,385.777,48,False
2026-02-27 15:00:00+00:00,384.28,386.71,384.27,384.44,11918.0,385.402,88,True
2026-02-27 16:00:00+00:00,384.03,385.68,381.97,382.76,9691.0,384.011,83,True
2026-02-27 17:00:00+00:00,383.47,384.63,381.86,382.59,9941.0,383.187,74,True
2026-02-27 18:00:00+00:00,382.18,383.82,381.92,383.5,10162.0,382.675,63,True
2026-02-27 19:00:00+00:00,383.76,385.21,383.76,383.78,13377.0,384.277,92,True
2026-02-27 20:00:00+00:00,383.94,386.87,383.72,386.77,55939.0,385.424,390,True
2026-02-27 21:00:00+00:00,386.4,386.76,386.4,386.76,135460.0,386.76,4,False
2026-02-27 22:00:00+00:00,386.76,386.76,386.76,386.76,0.0,386.76,0,False
2026-02-27 23:00:00+00:00,386.76,386.76,386.76,386.76,0.0,386.76,0,False
2026-02-28 00:00:00+00:00,386.76,386.76,386.76,386.76,0.0,386.76,0,False
2026-03-02 14:00:00+00:00,384.06,390.91,383.53,390.91,23957.0,387.419,156,False
2026-03-02 15:00:00+00:00,390.99,398.4,389.91,398.39,72994.0,394.111,487,True
2026-03-02 16:00:00+00:00,398.36,399.26,396.22,399.0,43370.0,397.698,377,True
2026-03-02 17:00:00+00:00,398.77,400.86,398.69,400.43,33095.0,399.962,243,True
2026-03-02 18:00:00+00:00,400.78,401.44,399.06,400.23,33863.0,400.296,295,True
2026-03-02 19:00:00+00:00,400.22,400.56,398.92,400.29,37429.0,399.97,319,True
2026-03-02 20:00:00+00:00,400.49,403.0,398.76,402.91,92429.0,401.201,672,True
2026-03-02 21:00:00+00:00,402.56,408.83,402.56,408.83,72122.0,402.569,10,False
2026-03-02 22:00:00+00:00,408.83,408.83,408.83,408.83,0.0,408.83,0,False
2026-03-02 23:00:00+00:00,408.83,408.83,408.83,408.83,0.0,408.83,0,False
2026-03-03 00:00:00+00:00,408.83,408.83,408.83,408.83,0.0,408.83,0,False
2026-03-03 13:00:00+00:00,395.0,395.0,395.0,395.0,215.0,395.0,1,False
2026-03-03 14:00:00+00:00,394.76,395.25,381.21,383.97,69977.0,386.136,441,False
2026-03-03 15:00:00+00:00,383.74,388.51,376.85,380.7,53033.0,381.534,418,True
2026-03-03 16:00:00+00:00,381.35,387.7,379.91,387.48,28387.0,385.577,251,True
2026-03-03 17:00:00+00:00,387.48,388.24,386.01,386.32,25001.0,387.195,220,True
2026-03-03 18:00:00+00:00,386.54,387.0,384.98,386.62,26619.0,386.093,211,True
2026-03-03 19:00:00+00:00,386.62,387.15,384.02,386.15,28493.0,385.548,237,True
2026-03-03 20:00:00+00:00,386.06,387.76,385.03,385.49,56691.0,386.409,472,True
2026-03-03 21:00:00+00:00,385.56,385.56,382.0,382.0,85809.0,385.544,6,False
2026-03-03 22:00:00+00:00,382.0,382.0,382.0,382.0,0.0,382.0,0,False
2026-03-03 23:00:00+00:00,382.0,382.0,382.0,382.0,0.0,382.0,0,False
2026-03-04 00:00:00+00:00,382.0,382.0,382.0,382.0,0.0,382.0,0,False
2026-03-04 14:00:00+00:00,387.97,388.2,380.71,383.07,14646.0,384.841,96,False
2026-03-04 15:00:00+00:00,383.59,389.24,383.21,384.65,25470.0,385.63,148,True
2026-03-04 16:00:00+00:00,384.65,384.65,381.2,382.89,49192.0,382.264,296,True
2026-03-04 17:00:00+00:00,382.56,386.84,382.4,385.87,38964.0,383.343,296,True
2026-03-04 18:00:00+00:00,385.61,386.32,384.16,384.78,19450.0,385.098,125,True
2026-03-04 19:00:00+00:00,385.55,386.62,384.15,386.62,37932.0,384.893,310,True
2026-03-04 20:00:00+00:00,386.62,387.3,384.31,384.9,76421.0,385.508,625,True
2026-03-04 21:00:00+00:00,384.99,384.99,384.99,384.99,82646.0,384.99,12,False
2026-03-04 22:00:00+00:00,384.99,384.99,384.99,384.99,0.0,384.99,0,False
2026-03-04 23:00:00+00:00,384.99,384.99,384.99,384.99,0.0,384.99,0,False
2026-03-05 00:00:00+00:00,384.99,384.99,384.99,384.99,0.0,384.99,0,False
2026-03-05 14:00:00+00:00,384.56,387.0,381.23,384.83,28575.0,384.326,151,False
2026-03-05 15:00:00+00:00,384.83,388.0,383.57,386.86,38166.0,386.479,278,True
2026-03-05 16:00:00+00:00,386.94,386.94,379.69,381.83,24748.0,382.089,206,True
2026-03-05 17:00:00+00:00,381.32,382.03,373.73,373.73,27134.0,377.147,201,True
2026-03-05 18:00:00+00:00,374.73,380.45,374.72,380.45,30837.0,377.873,209,True
2026-03-05 19:00:00+00:00,380.84,382.47,380.6,380.9,34490.0,381.397,248,True
2026-03-05 20:00:00+00:00,381.55,387.0,381.55,386.68,110828.0,385.379,713,True
2026-03-05 21:00:00+00:00,386.59,386.59,386.59,386.59,107967.0,386.59,7,False
2026-03-05 22:00:00+00:00,386.59,386.59,386.59,386.59,0.0,386.59,0,False
2026-03-05 23:00:00+00:00,386.59,386.59,386.59,386.59,0.0,386.59,0,False
2026-03-06 00:00:00+00:00,386.59,386.59,386.59,386.59,0.0,386.59,0,False
2026-03-06 14:00:00+00:00,376.87,382.99,368.18,369.51,114417.0,376.651,375,False
2026-03-06 15:00:00+00:00,370.16,376.52,369.05,373.96,102945.0,373.564,379,True
2026-03-06 16:00:00+00:00,374.55,376.2,370.18,373.59,59971.0,373.044,417,True
2026-03-06 17:00:00+00:00,373.56,375.19,372.46,372.85,36708.0,373.898,203,True
2026-03-06 18:00:00+00:00,372.36,375.27,371.16,372.4,24212.0,373.536,192,True
2026-03-06 19:00:00+00:00,372.75,374.05,370.88,373.29,26335.0,372.533,189,True
2026-03-06 20:00:00+00:00,373.86,374.81,368.83,373.74,45285.0,372.232,374,True
2026-03-06 21:00:00+00:00,373.9,373.9,373.9,373.9,62397.0,373.9,10,False
2026-03-06 22:00:00+00:00,373.9,373.9,373.9,373.9,0.0,373.9,0,False
2026-03-06 23:00:00+00:00,373.9,373.9,373.9,373.9,0.0,373.9,0,False
2026-03-07 00:00:00+00:00,373.9,373.9,373.9,373.9,0.0,373.9,0,False
2026-03-09 13:00:00+00:00,370.0,371.44,363.94,367.48,46988.0,366.551,236,False
2026-03-09 14:00:00+00:00,366.31,374.01,366.31,374.0,34146.0,371.537,276,True
2026-03-09 15:00:00+00:00,373.87,376.05,373.27,374.7,44098.0,375.062,250,True
2026-03-09 16:00:00+00:00,374.24,378.64,374.23,378.59,11212.0,376.51,97,True
2026-03-09 17:00:00+00:00,377.8,378.9,374.17,376.42,65657.0,375.841,338,True
2026-03-09 18:00:00+00:00,376.38,379.05,375.69,377.55,21636.0,377.781,139,True
2026-03-09 19:00:00+00:00,377.33,385.21,377.24,385.09,71138.0,383.269,496,True
2026-03-09 20:00:00+00:00,384.56,384.56,384.56,384.56,82057.0,384.56,8,False
2026-03-09 21:00:00+00:00,384.56,384.56,384.56,384.56,0.0,384.56,0,False
2026-03-09 22:00:00+00:00,385.0,385.0,385.0,385.0,118.0,385.0,1,False
2026-03-09 23:00:00+00:00,385.0,385.0,385.0,385.0,0.0,385.0,0,False
2026-03-10 13:00:00+00:00,380.65,389.0,380.65,385.82,18968.0,384.414,116,False
2026-03-10 14:00:00+00:00,386.0,388.66,381.14,386.81,21747.0,385.9,157,True
2026-03-10 15:00:00+00:00,386.81,390.0,386.32,388.0,20176.0,388.366,144,True
2026-03-10 16:00:00+00:00,387.72,391.15,387.0,390.81,47187.0,389.471,301,True
2026-03-10 17:00:00+00:00,390.81,395.2,390.26,392.44,99040.0,393.043,638,True
2026-03-10 18:00:00+00:00,392.56,392.96,387.04,387.04,36702.0,389.319,301,True
2026-03-10 19:00:00+00:00,387.05,389.3,385.17,386.09,65661.0,386.981,568,True
2026-03-10 20:00:00+00:00,385.88,385.88,382.43,382.43,149960.0,385.711,15,False
2026-03-10 21:00:00+00:00,382.43,382.43,382.43,382.43,0.0,382.43,0,False
2026-03-10 22:00:00+00:00,382.43,382.43,382.43,382.43,0.0,382.43,0,False
2026-03-10 23:00:00+00:00,382.43,382.43,382.43,382.43,0.0,382.43,0,False
2026-03-11 13:00:00+00:00,381.33,384.36,376.59,378.39,10189.0,380.456,57,False
2026-03-11 14:00:00+00:00,380.83,386.07,380.52,386.01,14177.0,383.608,126,True
2026-03-11 15:00:00+00:00,386.56,388.04,384.75,385.72,14011.0,386.262,87,True
2026-03-11 16:00:00+00:00,385.2,387.06,384.38,387.03,12624.0,385.753,100,True
2026-03-11 17:00:00+00:00,387.42,388.27,385.88,386.6,10493.0,387.235,68,True
2026-03-11 18:00:00+00:00,387.51,388.51,386.11,386.52,7562.0,387.442,64,True
2026-03-11 19:00:00+00:00,386.11,387.78,384.85,385.88,70762.0,386.255,475,True
2026-03-11 20:00:00+00:00,385.91,385.91,385.91,385.91,58550.0,385.91,5,False
2026-03-11 21:00:00+00:00,385.91,385.91,385.91,385.91,0.0,385.91,0,False
2026-03-11 22:00:00+00:00,385.91,385.91,385.91,385.91,0.0,385.91,0,False
2026-03-11 23:00:00+00:00,385.91,385.91,385.91,385.91,0.0,385.91,0,False
2026-03-12 13:00:00+00:00,376.86,382.42,367.26,370.4,29262.0,372.579,168,False
2026-03-12 14:00:00+00:00,370.83,377.42,363.67,366.78,41385.0,370.483,269,True
2026-03-12 15:00:00+00:00,366.7,370.39,361.13,370.16,25240.0,365.213,184,True
2026-03-12 16:00:00+00:00,370.16,371.29,365.1,365.48,24842.0,367.872,164,True
2026-03-12 17:00:00+00:00,365.59,366.81,362.25,362.65,19427.0,364.604,169,True
2026-03-12 18:00:00+00:00,362.99,366.69,361.31,363.47,46800.0,362.846,302,True
2026-03-12 19:00:00+00:00,363.48,365.62,360.78,361.66,74752.0,362.44,601,True
2026-03-12 20:00:00+00:00,361.78,361.78,361.78,361.78,89755.0,361.78,6,False
2026-03-12 21:00:00+00:00,361.78,361.78,361.78,361.78,0.0,361.78,0,False
2026-03-12 22:00:00+00:00,361.78,361.78,361.78,361.78,0.0,361.78,0,False
2026-03-12 23:00:00+00:00,361.78,361.78,361.78,361.78,0.0,361.78,0,False
2026-03-13 13:00:00+00:00,366.28,370.31,364.08,365.74,22187.0,366.089,113,False
2026-03-13 14:00:00+00:00,367.25,369.71,354.47,354.47,147148.0,363.845,584,True
2026-03-13 15:00:00+00:00,357.25,361.47,355.13,358.0,28695.0,358.989,231,True
2026-03-13 16:00:00+00:00,357.87,358.66,354.65,354.99,43564.0,356.375,360,True
2026-03-13 17:00:00+00:00,354.59,362.6,353.08,358.38,91444.0,359.267,393,True
2026-03-13 18:00:00+00:00,358.75,360.1,357.59,359.44,16808.0,358.618,121,True
2026-03-13 19:00:00+00:00,358.97,359.81,355.96,356.67,53411.0,357.096,439,True
2026-03-13 20:00:00+00:00,356.8,356.8,356.8,356.8,79901.0,356.8,7,False
2026-03-13 21:00:00+00:00,356.8,356.8,356.8,356.8,0.0,356.8,0,False
2026-03-13 22:00:00+00:00,356.8,356.8,356.8,356.8,0.0,356.8,0,False
2026-03-13 23:00:00+00:00,356.8,356.8,356.8,356.8,0.0,356.8,0,False
2026-03-16 13:00:00+00:00,360.73,368.0,357.53,365.42,30939.0,361.283,186,False
2026-03-16 14:00:00+00:00,366.4,366.4,362.42,364.5,14118.0,364.437,112,True
2026-03-16 15:00:00+00:00,365.4,367.14,364.45,364.45,12233.0,365.738,110,True
2026-03-16 16:00:00+00:00,364.29,364.98,362.22,364.98,18978.0,363.541,132,True
2026-03-16 17:00:00+00:00,365.75,366.0,363.0,363.34,12486.0,364.987,94,True
2026-03-16 18:00:00+00:00,362.97,366.78,362.97,366.74,25108.0,364.574,166,True
2026-03-16 19:00:00+00:00,366.78,368.01,366.02,367.61,77549.0,367.085,593,True
2026-03-16 20:00:00+00:00,367.46,367.59,367.45,367.59,67152.0,367.59,12,False
2026-03-16 21:00:00+00:00,367.59,367.59,367.59,367.59,0.0,367.59,0,False
2026-03-16 22:00:00+00:00,367.59,367.59,367.59,367.59,0.0,367.59,0,False
2026-03-16 23:00:00+00:00,367.59,367.59,367.59,367.59,0.0,367.59,0,False
2026-03-17 12:00:00+00:00,366.66,366.66,366.66,366.66,100.0,366.66,1,False
2026-03-17 13:00:00+00:00,367.59,373.84,364.53,369.87,18465.0,368.76,88,False
2026-03-17 14:00:00+00:00,370.57,370.57,362.11,365.15,35098.0,365.794,243,True
2026-03-17 15:00:00+00:00,366.63,367.07,362.51,363.88,22889.0,365.249,177,True
2026-03-17 16:00:00+00:00,363.83,364.78,363.36,364.3,21937.0,364.076,159,True
2026-03-17 17:00:00+00:00,364.29,366.64,363.68,366.01,28622.0,365.387,186,True
2026-03-17 18:00:00+00:00,366.01,368.02,365.2,365.98,27574.0,366.597,216,True
2026-03-17 19:00:00+00:00,365.98,368.55,365.46,367.24,37785.0,366.91,284,True
2026-03-17 20:00:00+00:00,367.25,367.25,367.25,367.25,60322.0,367.25,2,False
2026-03-17 21:00:00+00:00,367.25,367.25,367.25,367.25,0.0,367.25,0,False
2026-03-17 22:00:00+00:00,367.25,367.25,367.25,367.25,0.0,367.25,0,False
2026-03-17 23:00:00+00:00,367.25,367.25,367.25,367.25,0.0,367.25,0,False
2026-03-18 12:00:00+00:00,366.0,366.0,366.0,366.0,103.0,366.0,1,False
2026-03-18 13:00:00+00:00,366.99,374.77,366.99,374.77,22055.0,369.171,72,False
2026-03-18 14:00:00+00:00,374.31,377.26,372.58,374.79,239140.0,374.859,1454,True
2026-03-18 15:00:00+00:00,375.51,376.39,373.54,375.51,13255.0,375.217,108,True
2026-03-18 16:00:00+00:00,374.73,376.98,374.72,375.9,21291.0,376.117,155,True
2026-03-18 17:00:00+00:00,375.94,376.31,373.79,373.96,16172.0,374.506,80,True
2026-03-18 18:00:00+00:00,373.95,374.62,371.11,371.75,63979.0,372.39,453,True
2026-03-18 19:00:00+00:00,372.35,374.09,370.24,372.61,166597.0,372.493,1245,True
2026-03-18 20:00:00+00:00,372.62,372.62,372.62,372.62,130083.0,372.62,7,False
2026-03-18 21:00:00+00:00,372.62,372.62,372.62,372.62,0.0,372.62,0,False
2026-03-18 22:00:00+00:00,372.62,372.62,372.62,372.62,0.0,372.62,0,False
2026-03-18 23:00:00+00:00,372.62,372.62,372.62,372.62,0.0,372.62,0,False
2026-03-19 13:00:00+00:00,363.9,368.26,355.8,360.1,92075.0,359.132,400,False
2026-03-19 14:00:00+00:00,360.04,364.72,357.85,361.89,104936.0,359.569,667,True
2026-03-19 15:00:00+00:00,361.13,364.87,361.06,364.0,17833.0,362.899,134,True
2026-03-19 16:00:00+00:00,364.0,367.05,363.72,365.06,30759.0,365.004,213,True
2026-03-19 17:00:00+00:00,365.21,365.68,363.25,365.34,14116.0,364.82,103,True
2026-03-19 18:00:00+00:00,365.34,367.57,364.31,367.13,82662.0,365.038,503,True
2026-03-19 19:00:00+00:00,368.59,373.11,366.44,367.99,129039.0,368.808,941,True
2026-03-19 20:00:00+00:00,367.99,367.99,367.99,367.99,73119.0,367.99,6,False
2026-03-19 21:00:00+00:00,367.99,367.99,367.99,367.99,0.0,367.99,0,False
2026-03-19 22:00:00+00:00,367.99,367.99,367.99,367.99,0.0,367.99,0,False
2026-03-19 23:00:00+00:00,367.99,367.99,367.99,367.99,0.0,367.99,0,False
2026-03-20 13:00:00+00:00,366.84,367.74,362.25,362.25,32933.0,366.361,52,False
2026-03-20 14:00:00+00:00,362.12,362.74,355.05,356.6,44743.0,356.769,296,True
2026-03-20 15:00:00+00:00,357.0,359.51,355.52,357.06,30860.0,357.481,179,True
2026-03-20 16:00:00+00:00,356.46,357.87,354.66,356.48,28048.0,355.733,168,True
2026-03-20 17:00:00+00:00,356.79,357.25,354.87,355.59,12712.0,356.297,105,True
2026-03-20 18:00:00+00:00,355.74,357.94,351.9,351.95,23969.0,355.093,148,True
2026-03-20 19:00:00+00:00,352.85,354.9,350.9,354.15,104782.0,352.93,703,True
2026-03-20 20:00:00+00:00,354.15,354.2,353.35,353.35,563783.0,353.352,11,False
2026-03-20 21:00:00+00:00,353.35,353.35,353.35,353.35,0.0,353.35,0,False
2026-03-20 22:00:00+00:00,353.35,353.35,353.35,353.35,0.0,353.35,0,False
2026-03-20 23:00:00+00:00,353.35,353.35,353.35,353.35,0.0,353.35,0,False
2026-03-23 12:00:00+00:00,353.35,353.35,353.35,353.35,2020.0,353.35,1,False
2026-03-23 13:00:00+00:00,360.01,369.96,360.01,369.96,12730.0,365.627,59,False
2026-03-23 14:00:00+00:00,370.8,373.68,367.43,371.67,70471.0,370.779,454,True
2026-03-23 15:00:00+00:00,371.29,372.87,365.81,366.42,24904.0,370.156,211,True
2026-03-23 16:00:00+00:00,366.42,367.02,362.65,364.09,26524.0,364.353,163,True
2026-03-23 17:00:00+00:00,363.96,367.09,362.59,366.28,21651.0,364.44,187,True
2026-03-23 18:00:00+00:00,366.56,366.58,365.25,365.92,14619.0,366.064,120,True
2026-03-23 19:00:00+00:00,365.39,365.39,360.86,361.35,39952.0,362.502,321,True
2026-03-23 20:00:00+00:00,361.31,361.65,361.31,361.65,63318.0,361.649,8,False
2026-03-23 21:00:00+00:00,361.65,361.65,361.65,361.65,0.0,361.65,0,False
2026-03-23 22:00:00+00:00,361.65,361.65,361.65,361.65,0.0,361.65,0,False
2026-03-23 23:00:00+00:00,361.65,361.65,361.65,361.65,0.0,361.65,0,False
2026-03-24 13:00:00+00:00,358.26,362.5,354.03,359.7,11897.0,359.084,55,False
2026-03-24 14:00:00+00:00,359.7,368.21,359.7,367.84,14281.0,363.57,96,True
2026-03-24 15:00:00+00:00,368.06,369.27,366.74,368.04,15573.0,368.066,110,True
2026-03-24 16:00:00+00:00,367.56,369.21,366.36,368.09,11316.0,367.802,77,True
2026-03-24 17:00:00+00:00,367.77,368.49,366.33,367.77,11559.0,367.325,79,True
2026-03-24 18:00:00+00:00,368.43,370.38,367.78,370.38,7574.0,369.073,69,True
2026-03-24 19:00:00+00:00,370.05,370.52,368.01,369.03,42260.0,369.23,354,True
2026-03-24 20:00:00+00:00,368.99,373.05,368.99,373.05,72190.0,368.996,11,False
2026-03-24 21:00:00+00:00,374.0,374.0,374.0,374.0,134.0,374.0,1,False
2026-03-24 22:00:00+00:00,374.0,374.0,374.0,374.0,0.0,374.0,0,False
2026-03-24 23:00:00+00:00,374.0,374.0,374.0,374.0,0.0,374.0,0,False
2026-03-25 12:00:00+00:00,367.99,367.99,367.99,367.99,108.0,367.99,1,False
2026-03-25 13:00:00+00:00,369.71,372.17,366.55,368.87,22715.0,369.734,157,False
2026-03-25 14:00:00+00:00,368.79,373.78,368.02,372.85,10671.0,371.492,93,True
2026-03-25 15:00:00+00:00,372.97,373.0,369.66,371.99,11016.0,371.579,100,True
2026-03-25 16:00:00+00:00,372.54,373.77,371.18,373.77,9883.0,372.38,80,True
2026-03-25 17:00:00+00:00,373.5,374.2,372.01,373.42,31661.0,373.067,176,True
2026-03-25 18:00:00+00:00,373.42,374.86,372.8,373.14,22641.0,373.961,173,True
2026-03-25 19:00:00+00:00,372.62,373.66,371.32,372.03,43234.0,372.213,369,True
2026-03-25 20:00:00+00:00,372.08,372.08,372.08,372.08,49164.0,372.08,4,False
2026-03-25 21:00:00+00:00,372.08,372.08,372.08,372.08,0.0,372.08,0,False
2026-03-25 22:00:00+00:00,372.08,372.08,372.08,372.08,0.0,372.08,0,False
2026-03-25 23:00:00+00:00,372.08,372.08,372.08,372.08,0.0,372.08,0,False
2026-03-26 13:00:00+00:00,364.87,367.5,360.94,361.11,28236.0,363.283,146,False
2026-03-26 14:00:00+00:00,362.1,363.43,357.26,358.4,30366.0,361.389,191,True
2026-03-26 15:00:00+00:00,358.96,362.77,358.87,362.77,4489.0,361.157,41,True
2026-03-26 16:00:00+00:00,362.77,362.86,357.36,359.3,15954.0,360.023,114,True
2026-03-26 17:00:00+00:00,359.08,360.22,352.99,353.8,17666.0,356.658,155,True
2026-03-26 18:00:00+00:00,354.28,357.76,354.26,357.58,17531.0,356.232,152,True
2026-03-26 19:00:00+00:00,357.58,357.84,354.36,355.65,65420.0,355.89,500,True
2026-03-26 20:00:00+00:00,355.66,355.66,355.66,355.66,70248.0,355.66,17,False
2026-03-26 21:00:00+00:00,355.66,355.66,355.66,355.66,0.0,355.66,0,False
2026-03-26 22:00:00+00:00,355.66,355.66,355.66,355.66,0.0,355.66,0,False
2026-03-26 23:00:00+00:00,355.66,355.66,355.66,355.66,0.0,355.66,0,False
2026-03-27 13:00:00+00:00,354.82,358.17,351.13,351.91,12994.0,354.752,75,False
2026-03-27 14:00:00+00:00,351.91,353.92,350.37,352.87,40674.0,351.867,236,True
2026-03-27 15:00:00+00:00,352.68,354.6,350.13,353.06,61418.0,352.177,485,True
2026-03-27 16:00:00+00:00,352.54,353.56,351.46,352.53,15291.0,352.402,95,True
2026-03-27 17:00:00+00:00,352.53,355.07,350.92,350.96,17604.0,352.431,105,True
2026-03-27 18:00:00+00:00,351.25,351.31,350.0,350.66,20370.0,350.512,120,True
2026-03-27 19:00:00+00:00,350.87,352.06,348.94,350.93,37108.0,350.916,326,True
2026-03-27 20:00:00+00:00,351.17,351.17,351.17,351.17,57021.0,351.17,14,False
2026-03-27 21:00:00+00:00,351.17,351.17,351.17,351.17,0.0,351.17,0,False
2026-03-27 22:00:00+00:00,351.17,351.17,351.17,351.17,0.0,351.17,0,False
2026-03-27 23:00:00+00:00,351.17,351.17,351.17,351.17,0.0,351.17,0,False
2026-03-30 13:00:00+00:00,353.3,354.56,341.03,343.35,32177.0,345.837,184,False
2026-03-30 14:00:00+00:00,344.34,348.02,343.82,346.09,31455.0,345.755,239,True
2026-03-30 15:00:00+00:00,347.9,348.07,344.06,344.77,13180.0,346.008,72,True
2026-03-30 16:00:00+00:00,344.15,344.37,341.01,341.07,13513.0,342.887,98,True
2026-03-30 17:00:00+00:00,341.48,342.1,339.83,340.33,25100.0,340.942,203,True
2026-03-30 18:00:00+00:00,340.26,340.95,338.88,340.54,27200.0,339.993,225,True
2026-03-30 19:00:00+00:00,340.62,342.1,338.78,341.27,56845.0,340.846,491,True
2026-03-30 20:00:00+00:00,341.52,341.52,341.52,341.52,63200.0,341.52,5,False
2026-03-30 21:00:00+00:00,341.52,341.52,341.52,341.52,0.0,341.52,0,False
2026-03-30 22:00:00+00:00,341.52,341.52,341.52,341.52,0.0,341.52,0,False
2026-03-30 23:00:00+00:00,341.52,341.52,341.52,341.52,0.0,341.52,0,False
2026-03-31 13:00:00+00:00,345.4,355.1,345.4,354.43,57412.0,351.81,329,False
2026-03-31 14:00:00+00:00,354.39,354.39,350.17,352.07,21785.0,352.602,150,True
2026-03-31 15:00:00+00:00,352.22,354.57,351.28,351.5,16665.0,352.898,92,True
2026-03-31 16:00:00+00:00,351.5,361.13,351.15,355.05,30586.0,354.923,258,True
2026-03-31 17:00:00+00:00,355.15,358.46,354.91,355.85,23079.0,356.237,141,True
2026-03-31 18:00:00+00:00,356.53,357.98,355.9,357.04,33525.0,356.895,257,True
2026-03-31 19:00:00+00:00,357.04,360.12,356.58,358.05,59996.0,358.441,515,True
2026-03-31 20:00:00+00:00,357.92,357.92,357.92,357.92,129769.0,357.92,18,False
2026-03-31 21:00:00+00:00,357.92,357.92,357.92,357.92,0.0,357.92,0,False
2026-03-31 22:00:00+00:00,357.92,357.92,357.92,357.92,0.0,357.92,0,False
2026-03-31 23:00:00+00:00,357.92,357.92,357.92,357.92,0.0,357.92,0,False
2026-04-01 13:00:00+00:00,365.56,373.87,365.19,372.65,33896.0,369.66,131,False
2026-04-01 14:00:00+00:00,373.83,376.49,371.53,375.0,102898.0,374.504,405,True
2026-04-01 15:00:00+00:00,375.62,376.95,374.01,376.84,84363.0,375.589,445,True
2026-04-01 16:00:00+00:00,376.23,381.56,375.82,380.81,94194.0,378.952,544,True
2026-04-01 17:00:00+00:00,380.78,382.41,379.96,382.06,50581.0,381.026,304,True
2026-04-01 18:00:00+00:00,382.06,382.06,377.64,378.53,43392.0,379.827,289,True
2026-04-01 19:00:00+00:00,377.8,379.58,375.27,375.7,112661.0,377.315,735,True
2026-04-01 20:00:00+00:00,375.58,375.87,375.57,375.87,91109.0,375.869,12,False
2026-04-01 21:00:00+00:00,375.87,375.87,375.87,375.87,0.0,375.87,0,False
2026-04-01 22:00:00+00:00,376.25,376.25,376.25,376.25,150.0,376.25,1,False
2026-04-01 23:00:00+00:00,376.25,376.25,376.25,376.25,0.0,376.25,0,False
2026-04-02 11:00:00+00:00,364.23,364.23,364.22,364.23,263.0,364.229,1,False
2026-04-02 12:00:00+00:00,364.23,364.23,364.23,364.23,0.0,364.23,0,False
2026-04-02 13:00:00+00:00,365.41,371.44,360.05,371.26,31240.0,367.698,178,False
2026-04-02 14:00:00+00:00,371.26,378.95,369.97,374.03,35588.0,373.136,313,True
2026-04-02 15:00:00+00:00,374.44,377.49,373.5,374.67,32412.0,375.396,236,True
2026-04-02 16:00:00+00:00,375.19,375.19,369.61,371.34,20739.0,372.279,161,True
2026-04-02 17:00:00+00:00,371.19,372.09,370.26,371.75,25382.0,371.154,187,True
2026-04-02 18:00:00+00:00,371.13,371.78,367.85,369.81,33999.0,370.249,200,True
2026-04-02 19:00:00+00:00,370.43,372.72,368.17,371.85,70817.0,371.076,482,True
2026-04-02 20:00:00+00:00,371.78,371.78,371.78,371.78,51965.0,371.78,3,False
2026-04-02 21:00:00+00:00,371.78,371.78,371.78,371.78,0.0,371.78,0,False
2026-04-02 22:00:00+00:00,372.5,372.5,372.5,372.5,107.0,372.5,1,False
2026-04-02 23:00:00+00:00,372.5,372.5,372.5,372.5,0.0,372.5,0,False
2026-04-06 13:00:00+00:00,372.15,373.54,368.79,368.79,9497.0,371.313,52,False
2026-04-06 14:00:00+00:00,368.74,372.52,366.33,372.52,28136.0,370.201,187,True
2026-04-06 15:00:00+00:00,372.94,379.24,372.47,377.01,45889.0,376.045,304,True
2026-04-06 16:00:00+00:00,376.82,377.62,376.16,377.42,8307.0,377.116,75,True
2026-04-06 17:00:00+00:00,376.74,377.59,375.02,376.64,11565.0,376.391,99,True
2026-04-06 18:00:00+00:00,377.04,378.42,377.04,377.98,11032.0,377.934,101,True
2026-04-06 19:00:00+00:00,378.2,379.94,377.29,378.91,50273.0,378.369,368,True
2026-04-06 20:00:00+00:00,378.88,378.88,378.88,378.88,64929.0,378.88,4,False
2026-04-06 21:00:00+00:00,378.88,378.88,378.88,378.88,0.0,378.88,0,False
2026-04-06 22:00:00+00:00,378.88,378.88,378.88,378.88,0.0,378.88,0,False
2026-04-06 23:00:00+00:00,378.88,378.88,378.88,378.88,0.0,378.88,0,False
2026-04-07 13:00:00+00:00,377.1,380.0,372.69,372.69,6059.0,375.704,42,False
2026-04-07 14:00:00+00:00,372.36,378.47,371.62,374.2,34420.0,375.371,217,True
2026-04-07 15:00:00+00:00,373.59,375.73,372.67,375.4,30005.0,374.644,191,True
2026-04-07 16:00:00+00:00,375.58,378.46,375.2,376.21,50307.0,376.19,175,True
2026-04-07 17:00:00+00:00,375.91,377.09,374.32,375.78,52060.0,375.004,185,True
2026-04-07 18:00:00+00:00,375.94,376.94,374.35,375.02,26026.0,375.489,183,True
2026-04-07 19:00:00+00:00,375.0,377.05,373.72,375.28,40366.0,375.268,315,True
2026-04-07 20:00:00+00:00,375.17,375.17,375.17,375.17,49405.0,375.17,9,False
2026-04-07 21:00:00+00:00,375.17,375.17,375.17,375.17,0.0,375.17,0,False
2026-04-07 22:00:00+00:00,375.17,375.17,375.17,375.17,0.0,375.17,0,False
2026-04-07 23:00:00+00:00,375.17,375.17,375.17,375.17,0.0,375.17,0,False
2026-04-08 13:00:00+00:00,394.99,399.99,391.52,398.34,40590.0,396.968,239,False
2026-04-08 14:00:00+00:00,399.5,399.81,392.47,394.29,33929.0,396.696,267,True
2026-04-08 15:00:00+00:00,394.21,397.78,393.52,397.18,15210.0,395.813,107,True
2026-04-08 16:00:00+00:00,397.47,397.93,395.04,396.08,14758.0,396.46,109,True
2026-04-08 17:00:00+00:00,396.08,398.0,395.29,397.31,121914.0,396.435,639,True
2026-04-08 18:00:00+00:00,397.37,397.53,393.35,393.56,93715.0,396.739,563,True
2026-04-08 19:00:00+00:00,394.03,396.79,393.48,394.59,95814.0,395.659,393,True
2026-04-08 20:00:00+00:00,395.0,395.0,394.97,394.97,133304.0,394.97,3,False
2026-04-08 21:00:00+00:00,394.97,394.97,394.97,394.97,0.0,394.97,0,False
2026-04-08 22:00:00+00:00,394.97,394.97,394.97,394.97,0.0,394.97,0,False
2026-04-08 23:00:00+00:00,394.97,394.97,394.97,394.97,0.0,394.97,0,False
2026-04-09 13:00:00+00:00,407.0,407.0,391.34,397.63,13890.0,395.906,82,False
2026-04-09 14:00:00+00:00,397.63,397.63,392.17,394.02,30184.0,394.163,206,True
2026-04-09 15:00:00+00:00,394.23,394.58,391.43,393.44,46781.0,393.787,344,True
2026-04-09 16:00:00+00:00,393.35,395.89,393.05,394.9,37134.0,394.55,205,True
2026-04-09 17:00:00+00:00,394.93,396.98,394.38,396.66,68797.0,395.321,447,True
2026-04-09 18:00:00+00:00,396.13,396.48,393.03,393.36,17822.0,394.217,147,True
2026-04-09 19:00:00+00:00,393.03,395.51,391.79,392.28,82569.0,393.08,671,True
2026-04-09 20:00:00+00:00,392.53,392.53,392.53,392.53,77618.0,392.53,12,False
2026-04-09 21:00:00+00:00,392.53,392.53,392.53,392.53,0.0,392.53,0,False
2026-04-09 22:00:00+00:00,392.53,392.53,392.53,392.53,0.0,392.53,0,False
2026-04-09 23:00:00+00:00,392.53,392.53,392.53,392.53,0.0,392.53,0,False
2026-04-10 13:00:00+00:00,393.12,393.12,385.5,387.25,18074.0,390.186,95,False
2026-04-10 14:00:00+00:00,386.88,391.2,386.23,389.83,26058.0,388.837,176,True
2026-04-10 15:00:00+00:00,390.15,391.64,388.6,388.6,9997.0,390.316,70,True
2026-04-10 16:00:00+00:00,388.55,390.66,387.88,389.67,12601.0,389.105,102,True
2026-04-10 17:00:00+00:00,389.25,391.44,388.32,390.19,7793.0,389.77,63,True
2026-04-10 18:00:00+00:00,390.33,390.33,388.94,389.31,9472.0,389.542,84,True
2026-04-10 19:00:00+00:00,389.34,390.55,387.08,388.28,97896.0,388.186,770,True
2026-04-10 20:00:00+00:00,388.29,388.48,388.29,388.48,101771.0,388.478,4,False
2026-04-10 21:00:00+00:00,388.48,388.48,388.48,388.48,0.0,388.48,0,False
2026-04-10 22:00:00+00:00,388.48,388.48,388.48,388.48,0.0,388.48,0,False
2026-04-10 23:00:00+00:00,388.48,388.48,388.48,388.48,0.0,388.48,0,False
2026-04-13 13:00:00+00:00,386.0,391.95,383.93,389.68,35366.0,389.559,145,False
2026-04-13 14:00:00+00:00,390.84,391.55,389.1,390.48,16662.0,390.933,91,True
2026-04-13 15:00:00+00:00,390.12,394.08,388.67,391.93,27993.0,391.706,225,True
2026-04-13 16:00:00+00:00,391.41,393.77,391.33,393.53,33099.0,392.532,235,True
2026-04-13 17:00:00+00:00,393.83,394.33,392.13,392.84,27839.0,393.429,181,True
2026-04-13 18:00:00+00:00,392.92,395.3,392.69,394.73,32479.0,393.52,271,True
2026-04-13 19:00:00+00:00,394.89,400.06,394.55,398.88,124769.0,398.454,943,True
2026-04-13 20:00:00+00:00,398.9,399.5,398.9,399.5,77557.0,399.23,5,False
2026-04-13 21:00:00+00:00,399.5,399.5,399.5,399.5,0.0,399.5,0,False
2026-04-13 22:00:00+00:00,399.5,399.5,399.5,399.5,0.0,399.5,0,False
2026-04-13 23:00:00+00:00,399.5,399.5,399.5,399.5,0.0,399.5,0,False
2026-04-14 13:00:00+00:00,403.0,404.01,396.23,402.0,26103.0,401.704,140,False
2026-04-14 14:00:00+00:00,402.92,406.74,401.93,406.47,68926.0,405.043,405,True
2026-04-14 15:00:00+00:00,406.5,407.0,404.0,405.26,29288.0,405.764,124,True
2026-04-14 16:00:00+00:00,405.67,406.12,403.85,403.85,16678.0,405.114,121,True
2026-04-14 17:00:00+00:00,404.69,405.48,404.08,404.08,26328.0,404.692,104,True
2026-04-14 18:00:00+00:00,404.81,405.08,402.54,403.1,19858.0,403.472,169,True
2026-04-14 19:00:00+00:00,403.3,404.21,402.46,403.11,58546.0,403.361,495,True
2026-04-14 20:00:00+00:00,403.25,403.62,403.25,403.61,64119.0,403.251,13,False
2026-04-14 21:00:00+00:00,403.61,403.61,403.61,403.61,0.0,403.61,0,False
2026-04-14 22:00:00+00:00,405.39,405.39,405.0,405.0,299.0,405.13,2,False
2026-04-14 23:00:00+00:00,411.0,411.0,411.0,411.0,150.0,411.0,1,False
2026-04-15 11:00:00+00:00,405.0,405.0,405.0,405.0,499.0,405.0,1,False
2026-04-15 12:00:00+00:00,405.0,405.0,405.0,405.0,0.0,405.0,0,False
2026-04-15 13:00:00+00:00,401.25,403.06,392.13,397.17,20930.0,397.926,113,False
2026-04-15 14:00:00+00:00,396.85,397.76,393.13,393.25,34128.0,395.412,201,True
2026-04-15 15:00:00+00:00,392.45,394.76,391.74,391.94,17935.0,393.518,111,True
2026-04-15 16:00:00+00:00,392.38,392.45,389.02,390.59,13736.0,391.114,118,True
2026-04-15 17:00:00+00:00,390.63,393.71,390.63,393.64,16943.0,392.24,126,True
2026-04-15 18:00:00+00:00,393.46,394.65,393.29,393.69,17834.0,393.93,110,True
2026-04-15 19:00:00+00:00,393.49,393.96,391.15,392.99,75714.0,392.899,506,True
2026-04-15 20:00:00+00:00,393.11,393.11,393.11,393.11,110547.0,393.11,8,False
2026-04-15 21:00:00+00:00,393.11,393.11,393.11,393.11,0.0,393.11,0,False
2026-04-15 22:00:00+00:00,393.11,393.11,393.11,393.11,0.0,393.11,0,False
2026-04-15 23:00:00+00:00,393.11,393.11,393.11,393.11,0.0,393.11,0,False
2026-04-16 13:00:00+00:00,392.92,393.11,381.75,384.58,25362.0,388.245,145,False
2026-04-16 14:00:00+00:00,384.58,387.41,382.07,382.26,30637.0,384.416,240,True
2026-04-16 15:00:00+00:00,382.18,382.54,374.05,378.56,66250.0,377.808,400,True
2026-04-16 16:00:00+00:00,378.15,378.81,374.84,374.84,43306.0,376.421,259,True
2026-04-16 17:00:00+00:00,375.26,375.28,371.0,372.95,34980.0,373.488,294,True
2026-04-16 18:00:00+00:00,373.36,376.03,372.95,374.79,26023.0,373.99,207,True
2026-04-16 19:00:00+00:00,375.09,377.95,374.67,374.82,80841.0,375.431,658,True
2026-04-16 20:00:00+00:00,374.7,376.8,374.7,376.8,119903.0,374.911,13,False
2026-04-16 21:00:00+00:00,375.5,375.5,368.0,368.0,1301.0,369.134,3,False
2026-04-16 22:00:00+00:00,378.0,378.06,378.0,378.06,200.0,378.03,2,False
2026-04-16 23:00:00+00:00,375.51,376.96,375.37,376.96,400.0,375.803,4,False
2026-04-17 12:00:00+00:00,380.0,380.0,380.0,380.0,300.0,380.0,2,False
2026-04-17 13:00:00+00:00,384.81,397.74,384.81,394.94,45122.0,393.24,223,False
2026-04-17 14:00:00+00:00,394.55,400.49,394.26,396.98,112302.0,396.398,576,True
2026-04-17 15:00:00+00:00,395.63,398.76,395.12,397.9,45218.0,396.182,285,True
2026-04-17 16:00:00+00:00,397.63,400.86,397.63,398.62,19551.0,399.561,142,True
2026-04-17 17:00:00+00:00,398.36,399.06,395.32,397.05,28498.0,397.46,172,True
2026-04-17 18:00:00+00:00,396.14,397.72,394.26,394.95,23471.0,395.807,179,True
2026-04-17 19:00:00+00:00,394.89,396.63,393.41,394.93,71132.0,394.754,517,True
2026-04-17 20:00:00+00:00,394.83,394.83,394.83,394.83,147644.0,394.83,7,False
2026-04-17 21:00:00+00:00,394.83,394.83,394.83,394.83,0.0,394.83,0,False
2026-04-17 22:00:00+00:00,394.83,394.83,394.83,394.83,0.0,394.83,0,False
2026-04-17 23:00:00+00:00,394.83,394.83,394.83,394.83,0.0,394.83,0,False
2026-04-20 13:00:00+00:00,394.39,396.5,390.0,394.53,14952.0,393.998,83,False
2026-04-20 14:00:00+00:00,394.14,395.92,390.03,392.19,27483.0,392.818,180,True
2026-04-20 15:00:00+00:00,392.19,393.52,390.5,392.44,18076.0,392.267,151,True
2026-04-20 16:00:00+00:00,392.88,392.88,391.19,392.63,21813.0,391.868,186,True
2026-04-20 17:00:00+00:00,392.39,392.55,390.69,391.2,44574.0,391.551,247,True
2026-04-20 18:00:00+00:00,391.6,392.7,390.97,392.42,37200.0,391.888,204,True
2026-04-20 19:00:00+00:00,392.42,394.2,391.02,393.71,80303.0,392.924,578,True
2026-04-20 20:00:00+00:00,393.8,393.8,393.8,393.8,75920.0,393.8,2,False
2026-04-20 21:00:00+00:00,393.8,393.8,393.8,393.8,0.0,393.8,0,False
2026-04-20 22:00:00+00:00,393.8,393.8,393.8,393.8,0.0,393.8,0,False
2026-04-20 23:00:00+00:00,393.8,393.8,393.8,393.8,0.0,393.8,0,False
2026-04-21 11:00:00+00:00,394.01,394.01,393.5,393.5,231.0,393.721,2,False
2026-04-21 12:00:00+00:00,390.94,390.94,388.0,389.0,700.0,388.853,7,False
2026-04-21 13:00:00+00:00,388.55,393.16,385.25,389.23,55444.0,390.225,331,False
2026-04-21 14:00:00+00:00,389.08,392.4,381.87,383.3,122819.0,386.467,858,True
2026-04-21 15:00:00+00:00,383.14,383.14,376.72,376.99,44422.0,379.43,302,True
2026-04-21 16:00:00+00:00,378.06,380.15,378.06,378.81,27864.0,379.146,189,True
2026-04-21 17:00:00+00:00,378.93,379.76,377.01,377.22,28567.0,378.489,233,True
2026-04-21 18:00:00+00:00,377.22,382.18,376.42,382.18,24600.0,378.376,210,True
2026-04-21 19:00:00+00:00,382.02,383.3,376.77,380.13,70963.0,380.531,567,True
2026-04-21 20:00:00+00:00,380.28,380.28,380.28,380.28,68187.0,380.28,10,False
2026-04-21 21:00:00+00:00,380.28,380.28,380.28,380.28,0.0,380.28,0,False
2026-04-21 22:00:00+00:00,387.0,387.0,387.0,387.0,250.0,387.0,1,False
2026-04-21 23:00:00+00:00,387.0,387.0,387.0,387.0,0.0,387.0,0,False
2026-04-22 11:00:00+00:00,378.0,378.0,378.0,378.0,100.0,378.0,1,False
2026-04-22 12:00:00+00:00,378.0,378.0,378.0,378.0,0.0,378.0,0,False
2026-04-22 13:00:00+00:00,385.71,387.0,371.78,375.58,29658.0,378.327,215,False
2026-04-22 14:00:00+00:00,373.88,373.88,362.18,365.36,80187.0,366.72,605,True
2026-04-22 15:00:00+00:00,366.33,366.44,358.47,358.86,64780.0,362.46,351,True
2026-04-22 16:00:00+00:00,358.73,363.44,358.64,361.37,37380.0,361.241,287,True
2026-04-22 17:00:00+00:00,361.7,362.46,358.0,360.17,72308.0,360.34,448,True
2026-04-22 18:00:00+00:00,359.76,363.99,359.53,362.97,66964.0,361.157,420,True
2026-04-22 19:00:00+00:00,362.88,367.94,362.2,366.76,171877.0,364.594,1188,True
2026-04-22 20:00:00+00:00,366.48,371.88,366.48,371.88,63760.0,366.505,5,False
2026-04-22 21:00:00+00:00,371.88,371.88,371.88,371.88,0.0,371.88,0,False
2026-04-22 22:00:00+00:00,367.2,367.2,367.2,367.2,479.0,367.2,1,False
2026-04-22 23:00:00+00:00,367.2,367.2,367.2,367.2,0.0,367.2,0,False
2026-04-23 12:00:00+00:00,367.0,367.0,367.0,367.0,466.0,367.0,1,False
2026-04-23 13:00:00+00:00,367.41,376.35,366.48,373.88,52829.0,370.307,278,False
2026-04-23 14:00:00+00:00,373.9,378.51,373.9,375.04,84689.0,375.536,482,True
2026-04-23 15:00:00+00:00,374.84,375.03,372.16,372.16,62004.0,374.034,396,True
2026-04-23 16:00:00+00:00,372.44,372.69,365.69,367.56,96449.0,368.87,461,True
2026-04-23 17:00:00+00:00,367.47,367.7,362.36,366.74,52002.0,365.306,390,True
2026-04-23 18:00:00+00:00,366.09,369.51,364.58,367.22,48574.0,367.924,376,True
2026-04-23 19:00:00+00:00,366.59,367.56,364.51,367.56,95455.0,366.326,756,True
2026-04-23 20:00:00+00:00,367.52,367.52,367.52,367.52,67278.0,367.52,3,False
2026-04-23 21:00:00+00:00,367.52,367.52,367.52,367.52,0.0,367.52,0,False
2026-04-23 22:00:00+00:00,355.79,355.79,354.31,354.31,1000.0,355.051,2,False
2026-04-23 23:00:00+00:00,354.31,354.32,354.31,354.31,0.0,354.31,0,False
2026-04-24 12:00:00+00:00,370.0,370.0,370.0,370.0,100.0,370.0,1,False
2026-04-24 13:00:00+00:00,374.72,374.73,363.25,365.25,12027.0,365.046,63,False
2026-04-24 14:00:00+00:00,363.14,365.97,362.49,363.0,13593.0,363.998,112,True
2026-04-24 15:00:00+00:00,363.0,370.37,362.6,369.48,32277.0,365.59,239,True
2026-04-24 16:00:00+00:00,369.77,369.77,365.75,367.46,57767.0,367.176,340,True
2026-04-24 17:00:00+00:00,367.36,368.28,366.4,366.68,32359.0,367.176,228,True
2026-04-24 18:00:00+00:00,366.68,366.68,364.4,364.79,14010.0,365.324,106,True
2026-04-24 19:00:00+00:00,364.98,366.51,364.21,364.82,73585.0,365.122,512,True
2026-04-24 20:00:00+00:00,364.95,364.95,364.95,364.95,102284.0,364.95,8,False
2026-04-24 21:00:00+00:00,364.95,364.95,364.95,364.95,0.0,364.95,0,False
2026-04-24 22:00:00+00:00,364.95,364.95,364.95,364.95,0.0,364.95,0,False
2026-04-24 23:00:00+00:00,364.95,364.95,364.95,364.95,0.0,364.95,0,False
2026-04-27 13:00:00+00:00,365.0,366.48,360.78,363.76,223114.0,363.011,831,False
2026-04-27 14:00:00+00:00,363.67,366.0,360.0,365.71,61194.0,363.137,263,True
2026-04-27 15:00:00+00:00,365.84,365.85,363.48,365.42,49330.0,364.862,333,True
2026-04-27 16:00:00+00:00,365.28,366.4,364.05,365.69,69742.0,365.159,227,True
2026-04-27 17:00:00+00:00,365.69,365.95,364.51,365.59,20269.0,365.385,168,True
2026-04-27 18:00:00+00:00,365.75,366.28,364.01,365.0,94942.0,365.262,422,True
2026-04-27 19:00:00+00:00,364.64,366.97,363.77,366.97,130910.0,365.607,739,True
2026-04-27 20:00:00+00:00,366.63,366.63,366.63,366.63,201294.0,366.63,6,False
2026-04-27 21:00:00+00:00,366.63,366.63,366.63,366.63,0.0,366.63,0,False
2026-04-27 22:00:00+00:00,366.63,366.63,366.63,366.63,0.0,366.63,0,False
2026-04-27 23:00:00+00:00,366.63,366.63,366.63,366.63,0.0,366.63,0,False
2026-04-28 13:00:00+00:00,366.44,366.44,360.25,364.77,238128.0,364.107,496,False
2026-04-28 14:00:00+00:00,363.58,365.67,357.66,359.68,69700.0,360.327,487,True
2026-04-28 15:00:00+00:00,360.85,361.44,357.41,357.42,12734.0,359.74,111,True
2026-04-28 16:00:00+00:00,357.37,360.08,357.37,359.69,69587.0,358.928,491,True
2026-04-28 17:00:00+00:00,359.42,361.72,358.35,361.55,45353.0,359.882,346,True
2026-04-28 18:00:00+00:00,361.78,363.0,361.24,362.61,23700.0,362.085,216,True
2026-04-28 19:00:00+00:00,363.0,364.45,361.8,364.02,127241.0,363.498,599,True
2026-04-28 20:00:00+00:00,363.97,363.97,363.97,363.97,92132.0,363.97,5,False
2026-04-28 21:00:00+00:00,363.97,363.97,363.97,363.97,0.0,363.97,0,False
2026-04-28 22:00:00+00:00,363.97,363.97,363.97,363.97,0.0,363.97,0,False
2026-04-28 23:00:00+00:00,363.97,363.97,363.97,363.97,0.0,363.97,0,False
2026-04-29 13:00:00+00:00,363.72,365.11,358.99,358.99,10221.0,362.075,53,False
2026-04-29 14:00:00+00:00,359.58,361.11,357.16,359.15,54503.0,358.933,320,True
2026-04-29 15:00:00+00:00,359.31,363.0,359.28,360.1,90375.0,360.928,549,True
2026-04-29 16:00:00+00:00,360.1,361.41,358.0,359.4,105201.0,360.126,660,True
2026-04-29 17:00:00+00:00,359.76,362.48,359.48,361.18,27860.0,360.614,238,True
2026-04-29 18:00:00+00:00,361.18,362.09,358.93,361.5,156322.0,360.547,1144,True
2026-04-29 19:00:00+00:00,361.6,362.73,356.99,361.0,193938.0,360.619,1465,True
2026-04-29 20:00:00+00:00,361.6,397.0,358.0,362.0,126529.0,362.702,101,False
2026-04-29 21:00:00+00:00,360.98,360.98,360.98,360.98,100.0,360.98,1,False
2026-04-29 22:00:00+00:00,360.98,360.98,360.98,360.98,0.0,360.98,0,False
2026-04-29 23:00:00+00:00,365.0,365.0,365.0,365.0,126.0,365.0,1,False
2026-04-30 13:00:00+00:00,370.06,371.9,347.07,357.59,194334.0,361.075,825,False
2026-04-30 14:00:00+00:00,358.38,362.43,352.04,357.16,182396.0,355.873,1033,True
2026-04-30 15:00:00+00:00,357.5,361.56,351.89,358.53,208977.0,354.735,1214,True
2026-04-30 16:00:00+00:00,359.09,362.86,357.31,359.04,54025.0,359.615,460,True
2026-04-30 17:00:00+00:00,359.04,360.39,354.83,359.34,47359.0,359.093,388,True
2026-04-30 18:00:00+00:00,359.9,360.8,353.94,355.88,83915.0,355.86,549,True
2026-04-30 19:00:00+00:00,355.88,366.01,352.02,363.0,533232.0,360.255,2864,True
2026-04-30 20:00:00+00:00,362.99,362.99,362.99,362.99,176929.0,362.99,8,False
2026-04-30 21:00:00+00:00,362.99,362.99,362.99,362.99,0.0,362.99,0,False
2026-04-30 22:00:00+00:00,362.99,362.99,362.99,362.99,0.0,362.99,0,False
2026-04-30 23:00:00+00:00,362.99,362.99,362.99,362.99,0.0,362.99,0,False
2026-05-01 12:00:00+00:00,368.01,368.01,366.4,366.5,1625.0,367.366,10,False
2026-05-01 13:00:00+00:00,367.82,367.82,351.99,362.12,92250.0,356.236,631,False
2026-05-01 14:00:00+00:00,362.24,365.33,359.1,359.85,61459.0,362.691,894,True
2026-05-01 15:00:00+00:00,359.61,360.06,356.0,359.06,52139.0,358.323,740,True
2026-05-01 16:00:00+00:00,359.14,361.05,358.51,360.87,28087.0,359.849,469,True
2026-05-01 17:00:00+00:00,360.84,361.54,358.66,360.34,32334.0,360.143,542,True
2026-05-01 18:00:00+00:00,360.34,361.45,359.25,360.33,45426.0,360.178,741,True
2026-05-01 19:00:00+00:00,360.09,363.57,359.42,363.08,264971.0,362.466,2614,True
2026-05-01 20:00:00+00:00,362.99,362.99,362.99,362.99,85675.0,362.99,11,False
2026-05-01 21:00:00+00:00,362.99,362.99,362.99,362.99,0.0,362.99,0,False
2026-05-01 22:00:00+00:00,362.99,362.99,362.99,362.99,0.0,362.99,0,False
2026-05-01 23:00:00+00:00,362.99,362.99,362.99,362.99,0.0,362.99,0,False
2026-05-04 08:00:00+00:00,362.99,362.99,360.0,360.0,392.0,360.475,7,False
2026-05-04 09:00:00+00:00,360.0,360.0,360.0,360.0,0.0,360.0,0,False
2026-05-04 10:00:00+00:00,360.0,360.0,360.0,360.0,0.0,360.0,0,False
2026-05-04 11:00:00+00:00,362.0,362.0,362.0,362.0,98.0,362.0,2,False
2026-05-04 12:00:00+00:00,362.0,362.0,362.0,362.0,0.0,362.0,0,False
2026-05-04 13:00:00+00:00,360.02,363.61,352.63,362.96,61996.0,360.271,433,False
2026-05-04 14:00:00+00:00,363.17,364.62,360.93,361.59,45781.0,362.546,556,True
2026-05-04 15:00:00+00:00,361.58,362.27,357.01,359.75,92004.0,359.666,946,True
2026-05-04 16:00:00+00:00,359.94,359.94,356.55,357.85,81660.0,358.249,1009,True
2026-05-04 17:00:00+00:00,357.84,360.94,357.84,359.48,69910.0,359.89,703,True
2026-05-04 18:00:00+00:00,359.77,360.07,356.89,357.67,50972.0,358.283,696,True
2026-05-04 19:00:00+00:00,357.81,359.67,355.96,357.02,185250.0,357.117,2526,True
2026-05-04 20:00:00+00:00,357.02,357.11,357.02,357.02,110080.0,357.02,14,False
2026-05-04 21:00:00+00:00,357.02,357.02,357.02,357.02,0.0,357.02,0,False
2026-05-04 22:00:00+00:00,356.95,356.95,356.95,356.95,100.0,356.95,1,False
2026-05-04 23:00:00+00:00,356.0,356.0,356.0,356.0,200.0,356.0,1,False
2026-05-05 11:00:00+00:00,357.01,357.9,357.01,357.9,181.0,357.561,2,False
2026-05-05 12:00:00+00:00,359.0,359.0,359.0,359.0,100.0,359.0,1,False
2026-05-05 13:00:00+00:00,360.35,362.87,355.88,359.98,32419.0,359.061,295,False
2026-05-05 14:00:00+00:00,359.97,366.66,359.83,366.34,99874.0,364.138,915,True
2026-05-05 15:00:00+00:00,366.44,368.0,364.13,365.48,76638.0,365.838,688,True
2026-05-05 16:00:00+00:00,365.48,368.14,365.42,367.67,49037.0,366.625,527,True
2026-05-05 17:00:00+00:00,367.64,369.43,367.03,367.83,38297.0,368.334,568,True
2026-05-05 18:00:00+00:00,368.08,368.56,366.88,368.14,55118.0,367.829,561,True
2026-05-05 19:00:00+00:00,368.1,368.81,363.91,365.57,142924.0,366.473,2059,True
2026-05-05 20:00:00+00:00,365.71,365.71,365.58,365.58,107345.0,365.58,6,False
2026-05-05 21:00:00+00:00,365.58,365.58,365.58,365.58,0.0,365.58,0,False
2026-05-05 22:00:00+00:00,365.58,365.58,365.58,365.58,0.0,365.58,0,False
2026-05-05 23:00:00+00:00,364.35,365.0,364.35,365.0,319.0,364.855,2,False
2026-05-06 09:00:00+00:00,370.0,380.0,370.0,380.0,1012.0,376.0,17,False
2026-05-06 10:00:00+00:00,380.0,384.0,380.0,384.0,442.0,380.724,10,False
2026-05-06 11:00:00+00:00,386.08,386.08,384.0,384.0,300.0,384.416,7,False
2026-05-06 12:00:00+00:00,384.0,384.0,384.0,384.0,0.0,384.0,0,False
2026-05-06 13:00:00+00:00,375.01,380.96,373.93,376.22,56762.0,377.811,725,False
2026-05-06 14:00:00+00:00,376.7,384.31,376.34,384.31,93720.0,379.348,1303,True
2026-05-06 15:00:00+00:00,384.16,384.4,380.49,381.12,40537.0,382.994,683,True
2026-05-06 16:00:00+00:00,381.12,381.32,378.66,378.66,43134.0,380.437,671,True
2026-05-06 17:00:00+00:00,378.63,380.95,378.56,380.2,27314.0,380.073,429,True
2026-05-06 18:00:00+00:00,380.19,383.3,379.37,382.91,41696.0,381.245,653,True
2026-05-06 19:00:00+00:00,383.17,385.4,382.1,382.43,136085.0,383.255,2018,True
2026-05-06 20:00:00+00:00,382.42,383.0,382.42,383.0,110220.0,382.421,14,False
2026-05-06 21:00:00+00:00,383.0,383.0,383.0,383.0,0.0,383.0,0,False
2026-05-06 22:00:00+00:00,380.18,380.18,380.18,380.18,199.0,380.18,1,False
2026-05-06 23:00:00+00:00,380.18,380.18,380.18,380.18,0.0,380.18,0,False
2026-05-07 13:00:00+00:00,385.99,387.19,378.59,379.41,20976.0,381.391,266,False
2026-05-07 14:00:00+00:00,379.44,381.52,376.48,381.05,61396.0,378.825,862,True
2026-05-07 15:00:00+00:00,381.06,381.26,376.6,376.83,37468.0,378.725,516,True
2026-05-07 16:00:00+00:00,376.58,376.68,373.12,374.52,32448.0,374.736,455,True
2026-05-07 17:00:00+00:00,374.58,376.32,373.42,374.26,39448.0,374.763,412,True
2026-05-07 18:00:00+00:00,374.23,375.35,371.8,373.11,38433.0,373.192,663,True
2026-05-07 19:00:00+00:00,373.52,373.74,369.18,371.38,169668.0,370.718,2329,True
2026-05-07 20:00:00+00:00,370.77,370.77,370.77,370.77,93657.0,370.77,3,False
2026-05-07 21:00:00+00:00,370.77,370.77,370.77,370.77,0.0,370.77,0,False
2026-05-07 22:00:00+00:00,370.77,370.77,370.77,370.77,0.0,370.77,0,False
2026-05-07 23:00:00+00:00,370.77,370.77,370.77,370.77,0.0,370.77,0,False
2026-05-08 12:00:00+00:00,376.61,376.61,376.61,376.61,55.0,376.61,1,False
2026-05-08 13:00:00+00:00,376.66,376.66,371.81,375.23,18985.0,374.903,172,False
2026-05-08 14:00:00+00:00,375.12,375.12,369.5,370.23,32407.0,371.124,295,True
2026-05-08 15:00:00+00:00,369.98,372.2,369.48,371.82,25311.0,371.064,327,True
2026-05-08 16:00:00+00:00,372.12,373.1,371.26,371.81,12407.0,372.174,229,True
2026-05-08 17:00:00+00:00,372.22,372.62,370.94,371.47,37997.0,371.989,201,True
2026-05-08 18:00:00+00:00,371.62,372.13,369.97,370.04,29165.0,370.794,315,True
2026-05-08 19:00:00+00:00,370.04,371.97,367.58,369.75,80696.0,369.814,1163,True
2026-05-08 20:00:00+00:00,369.93,369.93,369.93,369.93,105445.0,369.93,11,False
2026-05-08 21:00:00+00:00,369.0,369.0,369.0,369.0,68.0,369.0,1,False
2026-05-08 22:00:00+00:00,369.0,369.0,369.0,369.0,0.0,369.0,0,False
2026-05-08 23:00:00+00:00,369.0,369.0,369.0,369.0,0.0,369.0,0,False
2026-05-11 12:00:00+00:00,368.09,368.78,368.09,368.78,250.0,368.474,3,False
2026-05-11 13:00:00+00:00,370.34,372.32,365.0,372.3,31234.0,368.263,230,False
2026-05-11 14:00:00+00:00,372.05,372.46,366.78,368.27,126969.0,369.422,999,True
2026-05-11 15:00:00+00:00,368.35,371.52,368.06,371.48,25619.0,369.349,404,True
2026-05-11 16:00:00+00:00,371.07,373.02,370.86,372.02,18320.0,372.004,304,True
2026-05-11 17:00:00+00:00,372.74,374.11,371.62,372.96,36356.0,372.831,443,True
2026-05-11 18:00:00+00:00,372.94,373.03,371.35,371.43,16537.0,372.137,318,True
2026-05-11 19:00:00+00:00,371.32,371.88,369.93,370.01,100748.0,370.663,1489,True
2026-05-11 20:00:00+00:00,370.25,370.25,370.25,370.25,125188.0,370.25,12,False
2026-05-11 21:00:00+00:00,370.25,370.25,370.25,370.25,0.0,370.25,0,False
2026-05-11 22:00:00+00:00,370.25,370.25,370.25,370.25,0.0,370.25,0,False
2026-05-11 23:00:00+00:00,370.25,370.25,370.25,370.25,0.0,370.25,0,False
2026-05-12 13:00:00+00:00,370.37,370.67,363.73,365.71,53125.0,366.65,523,False
2026-05-12 14:00:00+00:00,366.14,368.76,362.83,363.36,31995.0,366.266,463,True
2026-05-12 15:00:00+00:00,363.44,363.83,360.3,361.42,13724.0,362.063,195,True
2026-05-12 16:00:00+00:00,361.25,363.88,360.92,363.31,7191.0,362.68,129,True
2026-05-12 17:00:00+00:00,363.22,366.9,361.96,364.87,14191.0,363.692,248,True
2026-05-12 18:00:00+00:00,364.83,368.23,364.47,367.6,10513.0,366.377,182,True
2026-05-12 19:00:00+00:00,367.6,369.16,366.68,367.42,46173.0,367.483,761,True
2026-05-12 20:00:00+00:00,367.45,367.45,367.45,367.45,69411.0,367.45,2,False
2026-05-12 21:00:00+00:00,367.45,367.45,367.45,367.45,0.0,367.45,0,False
2026-05-12 22:00:00+00:00,366.35,366.35,366.1,366.1,140.0,366.171,3,False
2026-05-12 23:00:00+00:00,366.1,366.1,366.1,366.1,0.0,366.1,0,False
2026-05-13 08:00:00+00:00,366.35,366.35,365.21,365.21,120.0,365.97,3,False
2026-05-13 09:00:00+00:00,365.21,365.21,365.21,365.21,0.0,365.21,0,False
2026-05-13 10:00:00+00:00,365.21,365.21,365.21,365.21,0.0,365.21,0,False
2026-05-13 11:00:00+00:00,365.21,365.21,365.21,365.21,0.0,365.21,0,False
2026-05-13 12:00:00+00:00,365.21,365.21,365.21,365.21,0.0,365.21,0,False
2026-05-13 13:00:00+00:00,366.09,367.39,358.56,362.68,30616.0,362.975,363,False
2026-05-13 14:00:00+00:00,363.24,366.48,361.9,362.06,57264.0,363.743,669,True
2026-05-13 15:00:00+00:00,362.31,365.26,360.66,365.03,29291.0,363.069,420,True
2026-05-13 16:00:00+00:00,364.77,366.33,363.21,365.77,39248.0,364.27,496,True
2026-05-13 17:00:00+00:00,365.61,366.93,365.19,366.69,49072.0,366.208,448,True
2026-05-13 18:00:00+00:00,366.54,367.55,365.49,366.39,55490.0,366.574,643,True
2026-05-13 19:00:00+00:00,366.38,370.43,366.38,369.78,97030.0,369.06,1474,True
2026-05-13 20:00:00+00:00,369.78,369.78,366.82,366.83,69670.0,369.778,13,False
2026-05-13 21:00:00+00:00,366.83,366.83,366.83,366.83,0.0,366.83,0,False
2026-05-13 22:00:00+00:00,366.83,366.83,366.83,366.83,0.0,366.83,0,False
2026-05-13 23:00:00+00:00,366.83,366.83,366.82,366.83,0.0,366.83,0,False
2026-05-14 13:00:00+00:00,372.66,373.99,367.85,369.53,16433.0,371.446,192,False
2026-05-14 14:00:00+00:00,370.63,372.53,364.4,366.47,21072.0,367.147,329,True
2026-05-14 15:00:00+00:00,366.9,367.31,363.63,364.75,14095.0,365.313,233,True
2026-05-14 16:00:00+00:00,365.08,365.67,363.53,364.19,10600.0,364.534,167,True
2026-05-14 17:00:00+00:00,364.34,365.42,363.2,364.03,10247.0,364.263,185,True
2026-05-14 18:00:00+00:00,364.02,365.22,363.99,364.12,16531.0,364.472,308,True
2026-05-14 19:00:00+00:00,364.17,366.21,364.15,365.24,55591.0,365.249,907,True
2026-05-14 20:00:00+00:00,365.41,365.41,365.41,365.41,50031.0,365.41,12,False
2026-05-14 21:00:00+00:00,365.41,365.41,365.41,365.41,0.0,365.41,0,False
2026-05-14 22:00:00+00:00,365.41,365.41,365.41,365.41,0.0,365.41,0,False
2026-05-14 23:00:00+00:00,365.41,365.41,365.41,365.41,0.0,365.41,0,False
2026-05-15 13:00:00+00:00,361.44,363.66,356.75,360.17,14393.0,360.852,141,False
2026-05-15 14:00:00+00:00,360.0,362.38,357.23,357.65,47943.0,359.555,363,True
2026-05-15 15:00:00+00:00,357.75,358.1,352.47,353.43,28057.0,355.267,422,True
2026-05-15 16:00:00+00:00,352.99,353.37,350.51,351.04,30547.0,352.19,467,True
2026-05-15 17:00:00+00:00,350.72,352.88,349.87,350.63,44360.0,350.851,643,True
2026-05-15 18:00:00+00:00,350.81,351.61,349.47,350.73,26759.0,350.578,376,True
2026-05-15 19:00:00+00:00,350.98,351.45,347.29,349.37,131068.0,348.923,1868,True
2026-05-15 20:00:00+00:00,349.21,349.21,349.21,349.21,147814.0,349.21,8,False
2026-05-15 21:00:00+00:00,349.21,349.21,349.21,349.21,0.0,349.21,0,False
2026-05-15 22:00:00+00:00,349.21,349.21,349.21,349.21,0.0,349.21,0,False
2026-05-15 23:00:00+00:00,349.0,349.0,349.0,349.0,100.0,349.0,1,False
