datetime,open,high,low,close,volume
2024-06-27 16:00:00+00:00,21.3,24.0,21.3,23.0,5045230.0
2024-06-27 20:00:00+00:00,23.0,24.78,23.0,24.41,213399.0
2024-06-28 08:00:00+00:00,28.11,28.11,24.0,24.48,104134.0
2024-06-28 12:00:00+00:00,24.97,28.9,22.8,23.45,978776.0
2024-06-28 16:00:00+00:00,23.45,23.81,22.5,23.0,870075.0
2024-06-28 20:00:00+00:00,22.83,23.8,22.51,23.54,71823.0
2024-07-01 08:00:00+00:00,23.63,23.63,22.84,23.1,6005.0
2024-07-01 12:00:00+00:00,23.1,23.88,20.5,21.05,464120.0
2024-07-01 16:00:00+00:00,21.05,21.6,20.85,21.5,452076.0
2024-07-01 20:00:00+00:00,21.58,21.58,21.03,21.18,76006.0
2024-07-02 08:00:00+00:00,20.63,20.68,20.42,20.5,4558.0
2024-07-02 12:00:00+00:00,20.51,21.48,20.21,20.49,422177.0
2024-07-02 16:00:00+00:00,20.45,20.94,19.99,20.01,572818.0
2024-07-02 20:00:00+00:00,20.07,20.07,19.91,19.91,199090.0
2024-07-03 08:00:00+00:00,18.99,19.97,18.99,19.9,12670.0
2024-07-03 12:00:00+00:00,19.91,20.47,18.82,20.15,262457.0
2024-07-03 16:00:00+00:00,20.18,20.9,20.18,20.32,237294.0
2024-07-03 20:00:00+00:00,20.32,20.33,20.32,20.32,0.0
2024-07-05 08:00:00+00:00,20.31,20.4,20.31,20.4,400.0
2024-07-05 12:00:00+00:00,20.32,20.86,19.48,19.59,335583.0
2024-07-05 16:00:00+00:00,19.59,19.7,19.5,19.65,202247.0
2024-07-05 20:00:00+00:00,19.65,19.85,19.41,19.85,22700.0
2024-07-08 08:00:00+00:00,19.65,19.65,19.65,19.65,100.0
2024-07-08 12:00:00+00:00,19.65,20.78,19.5,20.58,141777.0
2024-07-08 16:00:00+00:00,20.56,21.0,20.53,20.77,251013.0
2024-07-08 20:00:00+00:00,20.77,20.99,20.72,20.77,16970.0
2024-07-09 08:00:00+00:00,21.13,21.16,21.0,21.0,725.0
2024-07-09 12:00:00+00:00,21.15,21.15,20.14,20.3,283656.0
2024-07-09 16:00:00+00:00,20.3,20.97,20.3,20.35,144890.0
2024-07-09 20:00:00+00:00,20.34,20.43,20.16,20.16,28628.0
2024-07-10 08:00:00+00:00,20.35,20.35,20.35,20.35,100.0
2024-07-10 12:00:00+00:00,20.36,20.65,19.8,20.0,58007.0
2024-07-10 16:00:00+00:00,19.97,20.07,19.9,20.07,96350.0
2024-07-10 20:00:00+00:00,20.01,20.09,20.01,20.09,22461.0
2024-07-11 08:00:00+00:00,20.32,20.32,20.32,20.32,176.0
2024-07-11 12:00:00+00:00,20.28,20.49,19.5,20.04,95406.0
2024-07-11 16:00:00+00:00,20.0,20.38,19.85,20.03,67434.0
2024-07-11 20:00:00+00:00,20.03,20.22,20.03,20.18,10529.0
2024-07-12 08:00:00+00:00,20.0,20.03,19.6,19.6,2391.0
2024-07-12 12:00:00+00:00,19.62,20.67,19.62,20.55,33789.0
2024-07-12 16:00:00+00:00,20.55,20.57,20.18,20.18,52874.0
2024-07-12 20:00:00+00:00,20.14,20.14,20.14,20.14,16907.0
2024-07-15 08:00:00+00:00,19.99,20.0,19.99,20.0,432.0
2024-07-15 12:00:00+00:00,20.0,20.83,19.75,20.09,59982.0
2024-07-15 16:00:00+00:00,20.05,20.72,20.05,20.58,107523.0
2024-07-15 20:00:00+00:00,20.58,20.58,20.58,20.58,12997.0
2024-07-16 12:00:00+00:00,20.37,20.8,20.18,20.68,33463.0
2024-07-16 16:00:00+00:00,20.73,20.9,20.46,20.76,21097.0
2024-07-16 20:00:00+00:00,20.8,20.8,20.52,20.8,2469.0
2024-07-17 08:00:00+00:00,20.57,20.57,20.56,20.56,212.0
2024-07-17 12:00:00+00:00,20.57,20.71,20.09,20.25,46037.0
2024-07-17 16:00:00+00:00,20.31,20.6,20.28,20.6,70075.0
2024-07-17 20:00:00+00:00,20.56,20.56,20.5,20.5,6828.0
2024-07-18 12:00:00+00:00,20.11,20.9,20.11,20.6,29259.0
2024-07-18 16:00:00+00:00,20.59,20.77,20.41,20.48,80934.0
2024-07-18 20:00:00+00:00,20.48,20.75,20.34,20.75,3164.0
2024-07-19 08:00:00+00:00,20.48,20.48,20.31,20.31,200.0
2024-07-19 12:00:00+00:00,20.3,20.6,20.3,20.57,8007.0
2024-07-19 16:00:00+00:00,20.57,20.59,20.26,20.41,80335.0
2024-07-19 20:00:00+00:00,20.39,20.39,20.39,20.39,2722.0
2024-07-22 08:00:00+00:00,21.2,21.2,20.75,21.0,2666.0
2024-07-22 12:00:00+00:00,20.77,21.91,20.52,20.91,494246.0
2024-07-22 16:00:00+00:00,20.91,24.19,20.85,23.91,708275.0
2024-07-22 20:00:00+00:00,23.85,24.0,23.26,23.65,32950.0
2024-07-23 08:00:00+00:00,23.85,23.85,23.61,23.8,668.0
2024-07-23 12:00:00+00:00,23.56,23.85,21.38,21.63,290545.0
2024-07-23 16:00:00+00:00,21.61,21.7,20.99,21.0,380255.0
2024-07-23 20:00:00+00:00,21.02,21.33,21.02,21.33,14166.0
2024-07-24 08:00:00+00:00,21.34,21.35,21.34,21.34,1400.0
2024-07-24 12:00:00+00:00,21.05,21.85,20.97,21.0,234325.0
2024-07-24 16:00:00+00:00,21.0,21.17,20.75,20.88,451713.0
2024-07-24 20:00:00+00:00,20.88,20.88,20.7,20.72,6164.0
2024-07-25 08:00:00+00:00,21.45,21.47,21.12,21.47,500.0
2024-07-25 12:00:00+00:00,21.48,21.48,20.6,21.0,252966.0
2024-07-25 16:00:00+00:00,21.02,21.31,20.61,20.95,262170.0
2024-07-25 20:00:00+00:00,20.95,20.95,20.8,20.8,11311.0
2024-07-26 08:00:00+00:00,21.25,21.33,21.24,21.33,539.0
2024-07-26 12:00:00+00:00,21.36,21.56,20.99,21.46,120905.0
2024-07-26 16:00:00+00:00,21.43,22.69,21.43,21.78,161473.0
2024-07-26 20:00:00+00:00,21.74,21.83,21.74,21.82,3168.0
2024-07-29 12:00:00+00:00,22.19,22.62,21.83,21.95,61671.0
2024-07-29 16:00:00+00:00,22.04,22.22,21.24,21.24,49432.0
2024-07-29 20:00:00+00:00,21.23,21.62,21.23,21.62,11944.0
2024-07-30 12:00:00+00:00,21.4,21.95,21.12,21.42,35997.0
2024-07-30 16:00:00+00:00,21.37,21.43,20.44,20.48,109944.0
2024-07-30 20:00:00+00:00,20.53,20.53,20.37,20.37,11416.0
2024-07-31 08:00:00+00:00,20.58,20.58,20.4,20.41,1165.0
2024-07-31 12:00:00+00:00,20.72,21.49,20.32,21.02,32501.0
2024-07-31 16:00:00+00:00,21.06,21.8,21.01,21.34,85611.0
2024-07-31 20:00:00+00:00,21.35,21.38,21.35,21.38,6507.0
2024-08-01 12:00:00+00:00,21.25,21.87,21.13,21.13,59404.0
2024-08-01 16:00:00+00:00,21.12,21.25,20.2,20.52,100024.0
2024-08-01 20:00:00+00:00,20.57,20.57,20.27,20.27,11910.0
2024-08-02 08:00:00+00:00,20.17,20.17,19.94,20.0,5344.0
2024-08-02 12:00:00+00:00,20.0,20.38,19.03,19.7,202839.0
2024-08-02 16:00:00+00:00,19.71,20.33,19.14,19.63,432652.0
2024-08-02 20:00:00+00:00,19.7,19.7,19.7,19.7,4507.0
2024-08-05 08:00:00+00:00,18.23,18.5,17.62,18.01,4165.0
2024-08-05 12:00:00+00:00,18.38,19.11,17.52,18.94,156900.0
2024-08-05 16:00:00+00:00,18.96,20.29,18.81,19.81,179382.0
2024-08-05 20:00:00+00:00,19.85,19.85,19.85,19.85,12332.0
2024-08-06 12:00:00+00:00,19.71,21.17,19.66,20.79,50996.0
2024-08-06 16:00:00+00:00,20.77,21.03,20.38,21.01,101170.0
2024-08-06 20:00:00+00:00,21.0,21.0,20.93,20.93,772573.0
2024-08-07 08:00:00+00:00,21.0,21.0,21.0,21.0,201.0
2024-08-07 12:00:00+00:00,21.0,21.28,20.63,20.96,17697.0
2024-08-07 16:00:00+00:00,20.96,21.0,20.0,20.19,164734.0
2024-08-07 20:00:00+00:00,20.2,20.21,20.2,20.21,11025.0
2024-08-08 12:00:00+00:00,20.21,20.53,20.0,20.48,72965.0
2024-08-08 16:00:00+00:00,20.56,20.85,20.18,20.56,161678.0
2024-08-08 20:00:00+00:00,20.63,20.99,19.5,19.55,9992.0
2024-08-09 08:00:00+00:00,20.63,20.63,20.59,20.6,478.0
2024-08-09 12:00:00+00:00,20.07,20.48,14.2,14.33,691058.0
2024-08-09 16:00:00+00:00,14.3,14.49,12.2,12.77,1248697.0
2024-08-09 20:00:00+00:00,12.75,13.38,12.75,13.05,64386.0
2024-08-12 08:00:00+00:00,13.2,13.29,12.8,13.0,35537.0
2024-08-12 12:00:00+00:00,12.94,13.3,11.15,12.55,587850.0
2024-08-12 16:00:00+00:00,12.52,12.77,11.95,12.03,193866.0
2024-08-12 20:00:00+00:00,12.03,12.26,11.96,12.26,19171.0
2024-08-13 08:00:00+00:00,12.34,12.34,12.06,12.18,2522.0
2024-08-13 12:00:00+00:00,12.07,12.86,12.0,12.66,200764.0
2024-08-13 16:00:00+00:00,12.66,13.2,12.54,13.2,216356.0
2024-08-13 20:00:00+00:00,13.19,13.2,12.88,13.1,78112.0
2024-08-14 08:00:00+00:00,13.19,13.2,13.14,13.14,2558.0
2024-08-14 12:00:00+00:00,13.19,13.45,12.7,12.98,154769.0
2024-08-14 16:00:00+00:00,12.98,13.05,12.52,12.65,226831.0
2024-08-14 20:00:00+00:00,12.61,13.07,12.61,12.69,21736.0
2024-08-15 08:00:00+00:00,12.95,12.95,12.9,12.9,988.0
2024-08-15 12:00:00+00:00,12.87,13.17,12.7,13.15,85532.0
2024-08-15 16:00:00+00:00,13.14,13.28,12.08,12.33,202858.0
2024-08-15 20:00:00+00:00,12.37,12.88,12.35,12.7,36353.0
2024-08-16 08:00:00+00:00,12.59,13.31,12.59,12.63,2934.0
2024-08-16 12:00:00+00:00,12.61,12.95,11.59,11.7,358601.0
2024-08-16 16:00:00+00:00,11.68,12.18,11.61,12.16,178720.0
2024-08-16 20:00:00+00:00,12.17,12.25,12.03,12.25,34056.0
2024-08-19 08:00:00+00:00,12.19,12.19,12.17,12.17,941.0
2024-08-19 12:00:00+00:00,12.24,13.12,12.0,12.89,329989.0
2024-08-19 16:00:00+00:00,12.94,13.08,12.85,13.05,129313.0
2024-08-19 20:00:00+00:00,13.06,13.06,12.83,13.0,26897.0
2024-08-20 12:00:00+00:00,13.06,13.98,12.56,13.74,375153.0
2024-08-20 16:00:00+00:00,13.73,14.01,13.62,13.9,265376.0
2024-08-20 20:00:00+00:00,13.9,13.9,13.71,13.88,42886.0
2024-08-21 08:00:00+00:00,13.9,13.93,13.68,13.68,2963.0
2024-08-21 12:00:00+00:00,13.89,14.67,13.6,13.83,294452.0
2024-08-21 16:00:00+00:00,13.83,14.08,13.3,14.05,279286.0
2024-08-21 20:00:00+00:00,14.02,14.26,13.78,14.18,30913.0
2024-08-22 08:00:00+00:00,14.0,14.0,13.86,13.86,1406.0
2024-08-22 12:00:00+00:00,13.87,14.17,13.63,13.69,171784.0
2024-08-22 16:00:00+00:00,13.67,13.98,13.45,13.46,274458.0
2024-08-22 20:00:00+00:00,13.47,13.54,13.47,13.54,16216.0
2024-08-23 08:00:00+00:00,13.47,13.95,13.47,13.87,617.0
2024-08-23 12:00:00+00:00,13.89,14.16,13.62,13.98,95124.0
2024-08-23 16:00:00+00:00,14.0,14.07,13.44,13.63,230456.0
2024-08-23 20:00:00+00:00,13.55,13.74,13.4,13.74,30165.0
2024-08-26 08:00:00+00:00,13.51,13.51,13.5,13.5,205.0
2024-08-26 12:00:00+00:00,13.61,14.5,13.61,13.82,171105.0
2024-08-26 16:00:00+00:00,13.83,13.93,13.35,13.54,131759.0
2024-08-26 20:00:00+00:00,13.52,13.52,13.52,13.52,23858.0
2024-08-27 12:00:00+00:00,13.74,13.8,13.27,13.49,58076.0
2024-08-27 16:00:00+00:00,13.51,13.72,13.34,13.58,60772.0
2024-08-27 20:00:00+00:00,13.58,13.58,13.58,13.58,13118.0
2024-08-28 12:00:00+00:00,13.75,13.75,13.04,13.32,93971.0
2024-08-28 16:00:00+00:00,13.3,13.31,12.87,13.06,165045.0
2024-08-28 20:00:00+00:00,13.06,13.15,13.02,13.07,16407.0
2024-08-29 12:00:00+00:00,13.15,13.5,13.04,13.47,33155.0
2024-08-29 16:00:00+00:00,13.46,13.63,13.23,13.35,42731.0
2024-08-29 20:00:00+00:00,13.32,13.32,13.26,13.26,9519.0
2024-08-30 08:00:00+00:00,13.41,13.41,13.41,13.41,100.0
2024-08-30 12:00:00+00:00,13.41,13.67,13.17,13.42,52239.0
2024-08-30 16:00:00+00:00,13.37,13.54,13.35,13.47,21162.0
2024-08-30 20:00:00+00:00,13.47,13.47,13.47,13.47,24552.0
2024-09-03 08:00:00+00:00,13.41,13.41,13.31,13.31,875.0
2024-09-03 12:00:00+00:00,13.48,13.48,12.88,13.16,64809.0
2024-09-03 16:00:00+00:00,13.17,13.29,12.36,12.43,193120.0
2024-09-03 20:00:00+00:00,12.43,12.73,12.43,12.73,21874.0
2024-09-04 08:00:00+00:00,12.49,12.49,12.31,12.34,1024.0
2024-09-04 12:00:00+00:00,12.67,12.88,12.55,12.59,27314.0
2024-09-04 16:00:00+00:00,12.61,12.66,12.12,12.14,50684.0
2024-09-04 20:00:00+00:00,12.13,12.22,12.13,12.22,16092.0
2024-09-05 08:00:00+00:00,12.15,12.29,12.15,12.19,603.0
2024-09-05 12:00:00+00:00,12.19,12.66,12.19,12.21,66137.0
2024-09-05 16:00:00+00:00,12.21,12.41,12.15,12.26,304162.0
2024-09-05 20:00:00+00:00,12.27,12.27,12.27,12.27,13955.0
2024-09-06 08:00:00+00:00,12.27,12.3,12.27,12.3,368.0
2024-09-06 12:00:00+00:00,12.29,12.6,12.19,12.43,57309.0
2024-09-06 16:00:00+00:00,12.41,12.46,12.06,12.19,129227.0
2024-09-06 20:00:00+00:00,12.17,12.25,12.17,12.25,10820.0
2024-09-09 08:00:00+00:00,12.17,12.29,12.17,12.29,1868.0
2024-09-09 12:00:00+00:00,12.3,12.62,12.27,12.42,38840.0
2024-09-09 16:00:00+00:00,12.44,12.51,11.82,11.84,69660.0
2024-09-09 20:00:00+00:00,11.83,12.02,11.83,12.02,12960.0
2024-09-10 08:00:00+00:00,11.84,11.84,11.83,11.83,522.0
2024-09-10 12:00:00+00:00,12.32,12.32,10.94,10.95,118303.0
2024-09-10 16:00:00+00:00,10.95,10.96,10.3,10.39,171788.0
2024-09-10 20:00:00+00:00,10.37,10.66,10.2,10.66,27515.0
2024-09-11 08:00:00+00:00,10.69,10.69,10.69,10.69,170.0
2024-09-11 12:00:00+00:00,10.67,10.89,10.39,10.65,53835.0
2024-09-11 16:00:00+00:00,10.65,10.8,10.56,10.56,77466.0
2024-09-11 20:00:00+00:00,10.57,10.64,10.45,10.64,17805.0
2024-09-12 08:00:00+00:00,10.69,10.83,10.69,10.83,2119.0
2024-09-12 12:00:00+00:00,10.8,10.82,10.22,10.53,71830.0
2024-09-12 16:00:00+00:00,10.52,10.63,10.24,10.3,171362.0
2024-09-12 20:00:00+00:00,10.31,10.31,10.31,10.31,26173.0
2024-09-13 08:00:00+00:00,10.48,10.48,10.48,10.48,525.0
2024-09-13 12:00:00+00:00,10.63,10.99,10.44,10.83,104552.0
2024-09-13 16:00:00+00:00,10.8,10.84,10.43,10.43,72189.0
2024-09-13 20:00:00+00:00,10.42,10.59,10.42,10.59,19646.0
2024-09-16 08:00:00+00:00,10.49,10.73,10.43,10.49,608.0
2024-09-16 12:00:00+00:00,10.44,10.73,10.4,10.59,101917.0
2024-09-16 16:00:00+00:00,10.57,11.34,10.56,11.08,182383.0
2024-09-16 20:00:00+00:00,11.09,11.17,11.0,11.17,31036.0
2024-09-17 08:00:00+00:00,11.09,11.09,11.09,11.09,193.0
2024-09-17 12:00:00+00:00,11.08,11.36,10.85,10.86,65314.0
2024-09-17 16:00:00+00:00,10.86,10.87,10.63,10.64,70146.0
2024-09-17 20:00:00+00:00,10.64,10.64,10.64,10.64,17126.0
2024-09-18 08:00:00+00:00,10.7,10.7,10.7,10.7,100.0
2024-09-18 12:00:00+00:00,10.75,10.91,10.43,10.49,77340.0
2024-09-18 16:00:00+00:00,10.5,10.89,10.4,10.52,218094.0
2024-09-18 20:00:00+00:00,10.51,10.51,10.51,10.51,18693.0
2024-09-19 08:00:00+00:00,10.85,10.88,10.75,10.75,469.0
2024-09-19 12:00:00+00:00,10.71,11.3,10.68,11.24,130444.0
2024-09-19 16:00:00+00:00,11.22,11.39,11.07,11.22,152017.0
2024-09-19 20:00:00+00:00,11.2,11.3,11.2,11.29,19170.0
2024-09-20 12:00:00+00:00,11.2,11.27,10.71,10.87,115067.0
2024-09-20 16:00:00+00:00,10.84,10.97,10.66,10.9,283574.0
2024-09-20 20:00:00+00:00,10.89,10.94,10.88,10.89,2137510.0
2024-09-23 08:00:00+00:00,10.89,11.1,10.89,11.0,571.0
2024-09-23 12:00:00+00:00,11.08,11.13,10.72,11.1,106597.0
2024-09-23 16:00:00+00:00,11.1,11.14,10.5,10.55,265968.0
2024-09-23 20:00:00+00:00,10.55,10.6,10.55,10.56,22710.0
2024-09-24 08:00:00+00:00,10.81,10.81,10.6,10.61,1071.0
2024-09-24 12:00:00+00:00,10.61,11.22,10.61,11.08,154016.0
2024-09-24 16:00:00+00:00,11.09,11.11,10.99,11.04,143046.0
2024-09-24 20:00:00+00:00,11.05,11.05,11.05,11.05,34239.0
2024-09-25 12:00:00+00:00,11.11,11.24,10.94,10.97,77022.0
2024-09-25 16:00:00+00:00,10.97,11.02,10.97,10.99,61229.0
2024-09-25 20:00:00+00:00,11.0,11.1,11.0,11.1,31791.0
2024-09-26 08:00:00+00:00,10.93,11.1,10.93,11.1,928.0
2024-09-26 12:00:00+00:00,11.08,11.79,11.03,11.78,170240.0
2024-09-26 16:00:00+00:00,11.79,12.25,11.76,12.2,88626.0
2024-09-26 20:00:00+00:00,12.2,12.2,12.02,12.02,26273.0
2024-09-27 08:00:00+00:00,12.29,12.29,12.29,12.29,100.0
2024-09-27 12:00:00+00:00,12.28,12.4,11.69,11.79,69860.0
2024-09-27 16:00:00+00:00,11.8,12.09,11.77,11.79,122464.0
2024-09-27 20:00:00+00:00,11.8,11.8,11.8,11.8,17853.0
2024-09-30 08:00:00+00:00,11.87,11.87,11.87,11.87,200.0
2024-09-30 12:00:00+00:00,11.8,12.09,11.63,11.65,43033.0
2024-09-30 16:00:00+00:00,11.64,11.76,11.43,11.44,67564.0
2024-09-30 20:00:00+00:00,11.44,11.44,11.44,11.44,27571.0
2024-10-01 12:00:00+00:00,11.79,11.79,11.4,11.55,74415.0
2024-10-01 16:00:00+00:00,11.53,11.74,11.46,11.53,95675.0
2024-10-01 20:00:00+00:00,11.53,11.53,11.53,11.53,38949.0
2024-10-02 12:00:00+00:00,11.46,11.97,11.46,11.72,69750.0
2024-10-02 16:00:00+00:00,11.72,11.95,11.7,11.7,84750.0
2024-10-02 20:00:00+00:00,11.7,11.7,11.7,11.7,30920.0
2024-10-03 08:00:00+00:00,11.7,11.7,11.52,11.52,500.0
2024-10-03 12:00:00+00:00,11.49,11.71,11.0,11.0,44713.0
2024-10-03 16:00:00+00:00,11.04,11.09,10.5,10.62,169367.0
2024-10-03 20:00:00+00:00,10.62,10.79,10.62,10.67,29234.0
2024-10-04 08:00:00+00:00,10.77,10.79,10.75,10.79,2540.0
2024-10-04 12:00:00+00:00,10.79,11.76,10.76,11.63,215575.0
2024-10-04 16:00:00+00:00,11.63,11.73,11.16,11.28,80692.0
2024-10-04 20:00:00+00:00,11.28,11.29,11.28,11.28,18244.0
2024-10-07 08:00:00+00:00,11.3,11.31,11.28,11.31,1142.0
2024-10-07 12:00:00+00:00,11.43,11.57,10.62,10.89,80280.0
2024-10-07 16:00:00+00:00,10.88,10.93,10.74,10.85,91393.0
2024-10-07 20:00:00+00:00,10.84,10.9,10.84,10.89,27929.0
2024-10-08 08:00:00+00:00,10.94,10.94,10.94,10.94,900.0
2024-10-08 12:00:00+00:00,10.8,11.02,10.69,10.81,29715.0
2024-10-08 16:00:00+00:00,10.83,10.87,10.64,10.73,42585.0
2024-10-08 20:00:00+00:00,10.75,10.8,10.75,10.8,14623.0
2024-10-09 12:00:00+00:00,10.82,10.9,10.49,10.71,45031.0
2024-10-09 16:00:00+00:00,10.71,10.91,10.56,10.59,50664.0
2024-10-09 20:00:00+00:00,10.6,10.62,10.6,10.62,18552.0
2024-10-10 08:00:00+00:00,10.77,10.82,10.77,10.82,2060.0
2024-10-10 12:00:00+00:00,10.92,11.25,10.44,11.18,99586.0
2024-10-10 16:00:00+00:00,11.19,11.52,11.06,11.44,89484.0
2024-10-10 20:00:00+00:00,11.44,11.44,11.3,11.31,30708.0
2024-10-11 08:00:00+00:00,10.53,11.22,10.53,11.22,1015.0
2024-10-11 12:00:00+00:00,11.27,11.54,11.01,11.54,87665.0
2024-10-11 16:00:00+00:00,11.53,11.55,11.14,11.22,114543.0
2024-10-11 20:00:00+00:00,11.23,11.23,11.23,11.23,39268.0
2024-10-14 08:00:00+00:00,11.22,11.22,11.22,11.22,100.0
2024-10-14 12:00:00+00:00,11.15,11.31,10.65,11.06,77805.0
2024-10-14 16:00:00+00:00,11.05,11.33,11.01,11.3,57443.0
2024-10-14 20:00:00+00:00,11.3,11.3,11.3,11.3,15162.0
2024-10-15 12:00:00+00:00,11.3,11.35,10.77,11.01,104159.0
2024-10-15 16:00:00+00:00,11.01,11.27,11.01,11.17,61505.0
2024-10-15 20:00:00+00:00,11.18,11.45,11.0,11.18,36236.0
2024-10-16 08:00:00+00:00,11.18,11.18,11.18,11.18,109.0
2024-10-16 12:00:00+00:00,11.33,11.5,11.18,11.32,56125.0
2024-10-16 16:00:00+00:00,11.32,11.33,11.06,11.28,56063.0
2024-10-16 20:00:00+00:00,11.29,11.29,11.29,11.29,39812.0
2024-10-17 08:00:00+00:00,12.0,12.0,11.33,11.33,357.0
2024-10-17 12:00:00+00:00,11.31,11.41,11.07,11.28,52833.0
2024-10-17 16:00:00+00:00,11.28,11.47,11.21,11.44,59674.0
2024-10-17 20:00:00+00:00,11.43,11.43,11.31,11.31,24327.0
2024-10-18 08:00:00+00:00,11.31,11.31,11.31,11.31,100.0
2024-10-18 12:00:00+00:00,11.31,12.11,11.26,11.72,112781.0
2024-10-18 16:00:00+00:00,11.68,11.89,11.67,11.75,67612.0
2024-10-18 20:00:00+00:00,11.74,11.74,11.74,11.74,22144.0
2024-10-21 08:00:00+00:00,11.76,11.76,11.74,11.74,225.0
2024-10-21 12:00:00+00:00,11.74,12.17,11.32,11.43,140279.0
2024-10-21 16:00:00+00:00,11.41,11.79,11.34,11.56,85299.0
2024-10-21 20:00:00+00:00,11.56,11.56,11.5,11.5,29039.0
2024-10-22 08:00:00+00:00,11.52,11.52,11.32,11.33,3975.0
2024-10-22 12:00:00+00:00,11.55,11.55,11.27,11.49,67801.0
2024-10-22 16:00:00+00:00,11.5,11.65,11.25,11.28,60280.0
2024-10-22 20:00:00+00:00,11.26,11.26,11.26,11.26,18845.0
2024-10-23 08:00:00+00:00,11.26,11.26,11.17,11.17,377.0
2024-10-23 12:00:00+00:00,10.92,11.56,10.92,11.33,57988.0
2024-10-23 16:00:00+00:00,11.37,11.37,11.2,11.28,126458.0
2024-10-23 20:00:00+00:00,11.28,11.28,11.28,11.28,18684.0
2024-10-24 08:00:00+00:00,11.27,11.32,11.27,11.29,3031.0
2024-10-24 12:00:00+00:00,11.3,11.53,11.23,11.46,95606.0
2024-10-24 16:00:00+00:00,11.46,11.46,11.32,11.38,55410.0
2024-10-24 20:00:00+00:00,11.37,11.37,11.37,11.37,19473.0
2024-10-25 08:00:00+00:00,11.37,11.37,11.37,11.37,200.0
2024-10-25 12:00:00+00:00,11.37,11.53,11.17,11.38,104190.0
2024-10-25 16:00:00+00:00,11.38,11.45,11.15,11.17,53663.0
2024-10-25 20:00:00+00:00,11.18,11.4,11.18,11.3,18674.0
2024-10-28 12:00:00+00:00,11.18,11.5,11.14,11.34,71209.0
2024-10-28 16:00:00+00:00,11.34,11.34,11.21,11.23,65311.0
2024-10-28 20:00:00+00:00,11.25,11.5,11.25,11.5,28570.0
2024-10-29 08:00:00+00:00,11.3,11.3,11.3,11.3,100.0
2024-10-29 12:00:00+00:00,11.25,11.3,11.05,11.16,43144.0
2024-10-29 16:00:00+00:00,11.15,11.16,10.73,10.74,102700.0
2024-10-29 20:00:00+00:00,10.74,10.89,10.74,10.76,25712.0
2024-10-30 08:00:00+00:00,10.74,10.82,10.74,10.75,665.0
2024-10-30 12:00:00+00:00,10.76,11.25,10.71,11.2,46387.0
2024-10-30 16:00:00+00:00,11.2,11.2,10.76,10.81,74153.0
2024-10-30 20:00:00+00:00,10.81,11.0,10.81,10.85,17970.0
2024-10-31 08:00:00+00:00,10.81,10.82,10.81,10.81,572.0
2024-10-31 12:00:00+00:00,10.81,10.92,10.55,10.56,121028.0
2024-10-31 16:00:00+00:00,10.57,10.64,10.4,10.41,79380.0
2024-10-31 20:00:00+00:00,10.4,10.46,10.4,10.45,29906.0
2024-11-01 12:00:00+00:00,10.51,10.75,10.45,10.57,46383.0
2024-11-01 16:00:00+00:00,10.57,10.66,10.41,10.53,65336.0
2024-11-01 20:00:00+00:00,10.54,11.06,10.54,11.06,26545.0
2024-11-04 08:00:00+00:00,10.48,10.53,10.47,10.53,416.0
2024-11-04 12:00:00+00:00,10.52,11.14,10.48,10.99,88297.0
2024-11-04 16:00:00+00:00,10.99,11.2,10.69,11.14,87606.0
2024-11-04 20:00:00+00:00,11.14,11.24,11.0,11.12,52048.0
2024-11-05 00:00:00+00:00,11.12,11.12,11.12,11.12,0.0
2024-11-05 12:00:00+00:00,11.08,11.26,10.91,11.18,52089.0
2024-11-05 16:00:00+00:00,11.18,11.35,11.12,11.25,66636.0
2024-11-05 20:00:00+00:00,11.24,11.4,11.22,11.38,99266.0
2024-11-06 00:00:00+00:00,11.26,11.26,11.26,11.26,300.0
2024-11-06 08:00:00+00:00,11.4,11.61,11.28,11.38,1753.0
2024-11-06 12:00:00+00:00,11.33,11.5,11.04,11.2,204668.0
2024-11-06 16:00:00+00:00,11.2,11.35,11.13,11.29,151841.0
2024-11-06 20:00:00+00:00,11.29,11.46,11.26,11.3,109290.0
2024-11-07 00:00:00+00:00,11.4,11.4,11.4,11.4,100.0
2024-11-07 08:00:00+00:00,11.28,11.29,11.28,11.29,780.0
2024-11-07 12:00:00+00:00,11.29,12.4,11.2,12.16,106051.0
2024-11-07 16:00:00+00:00,12.08,12.16,11.51,11.53,170543.0
2024-11-07 20:00:00+00:00,11.53,15.0,11.5,13.88,233329.0
2024-11-08 00:00:00+00:00,14.0,14.01,13.95,13.95,7180.0
2024-11-08 08:00:00+00:00,13.55,13.8,13.51,13.8,8532.0
2024-11-08 12:00:00+00:00,13.79,14.44,11.85,12.12,548415.0
2024-11-08 16:00:00+00:00,12.1,12.1,10.8,10.97,295054.0
2024-11-08 20:00:00+00:00,10.96,11.14,10.76,11.14,189450.0
2024-11-09 00:00:00+00:00,11.05,11.05,11.04,11.05,1500.0
2024-11-11 08:00:00+00:00,10.91,11.15,10.78,10.79,6984.0
2024-11-11 12:00:00+00:00,10.73,11.09,10.37,11.07,180976.0
2024-11-11 16:00:00+00:00,11.04,11.5,11.04,11.43,221380.0
2024-11-11 20:00:00+00:00,11.43,11.75,11.35,11.5,130960.0
2024-11-12 00:00:00+00:00,11.5,11.5,11.5,11.5,0.0
2024-11-12 08:00:00+00:00,11.5,11.65,11.4,11.41,2417.0
2024-11-12 12:00:00+00:00,11.41,11.51,10.93,10.95,81514.0
2024-11-12 16:00:00+00:00,10.95,11.15,10.88,11.02,54908.0
2024-11-12 20:00:00+00:00,11.04,11.12,10.54,11.09,69516.0
2024-11-13 00:00:00+00:00,11.09,11.09,11.09,11.09,0.0
2024-11-13 12:00:00+00:00,10.89,11.0,10.05,10.47,198131.0
2024-11-13 16:00:00+00:00,10.52,10.64,10.25,10.29,119151.0
2024-11-13 20:00:00+00:00,10.29,10.59,10.24,10.31,128918.0
2024-11-14 00:00:00+00:00,10.31,10.32,10.31,10.31,0.0
2024-11-14 08:00:00+00:00,10.76,10.76,10.66,10.66,1028.0
2024-11-14 12:00:00+00:00,10.66,10.72,10.47,10.59,57598.0
2024-11-14 16:00:00+00:00,10.54,11.06,10.52,10.98,216003.0
2024-11-14 20:00:00+00:00,10.96,11.02,10.71,11.02,119917.0
2024-11-15 00:00:00+00:00,11.02,11.02,11.02,11.02,0.0
2024-11-15 08:00:00+00:00,10.8,10.8,10.8,10.8,347.0
2024-11-15 12:00:00+00:00,10.8,10.97,10.61,10.73,90324.0
2024-11-15 16:00:00+00:00,10.72,10.93,10.68,10.72,99821.0
2024-11-15 20:00:00+00:00,10.73,10.81,10.63,10.74,225117.0
2024-11-16 00:00:00+00:00,10.74,10.74,10.74,10.74,0.0
2024-11-18 12:00:00+00:00,10.74,11.2,10.61,10.73,44432.0
2024-11-18 16:00:00+00:00,10.74,10.8,10.64,10.7,60068.0
2024-11-18 20:00:00+00:00,10.7,10.94,10.61,10.94,105934.0
2024-11-19 00:00:00+00:00,10.94,10.94,10.94,10.94,0.0
2024-11-19 08:00:00+00:00,10.7,10.76,10.7,10.71,798.0
2024-11-19 12:00:00+00:00,10.75,11.04,10.56,10.84,157210.0
2024-11-19 16:00:00+00:00,10.84,11.03,10.81,10.99,77816.0
2024-11-19 20:00:00+00:00,10.99,11.17,10.83,11.1,169772.0
2024-11-20 00:00:00+00:00,11.1,11.1,11.1,11.1,0.0
2024-11-20 08:00:00+00:00,11.14,11.14,11.0,11.01,544.0
2024-11-20 12:00:00+00:00,11.09,11.39,10.96,11.34,59721.0
2024-11-20 16:00:00+00:00,11.38,11.77,11.28,11.77,558109.0
2024-11-20 20:00:00+00:00,11.77,12.03,11.76,11.85,110991.0
2024-11-21 00:00:00+00:00,11.85,11.85,11.85,11.85,0.0
2024-11-21 08:00:00+00:00,11.7,11.85,11.7,11.85,503.0
2024-11-21 12:00:00+00:00,11.73,12.05,11.57,11.9,52435.0
2024-11-21 16:00:00+00:00,11.88,12.24,11.81,11.83,74326.0
2024-11-21 20:00:00+00:00,11.81,11.93,11.79,11.81,76379.0
2024-11-22 00:00:00+00:00,11.81,11.81,11.81,11.81,0.0
2024-11-22 08:00:00+00:00,11.98,11.98,11.98,11.98,377.0
2024-11-22 12:00:00+00:00,11.77,12.06,11.67,11.73,26427.0
2024-11-22 16:00:00+00:00,11.75,11.95,11.7,11.81,44222.0
2024-11-22 20:00:00+00:00,11.82,11.91,11.69,11.69,63231.0
2024-11-23 00:00:00+00:00,11.69,11.7,11.69,11.69,0.0
2024-11-25 08:00:00+00:00,11.96,11.96,11.86,11.89,1290.0
2024-11-25 12:00:00+00:00,11.86,12.29,11.73,12.24,63707.0
2024-11-25 16:00:00+00:00,12.2,12.22,11.89,12.01,31514.0
2024-11-25 20:00:00+00:00,12.0,12.13,11.88,12.08,60231.0
2024-11-26 00:00:00+00:00,12.08,12.08,12.08,12.08,0.0
2024-11-26 12:00:00+00:00,12.01,12.11,11.64,11.71,34281.0
2024-11-26 16:00:00+00:00,11.74,11.8,11.62,11.68,40586.0
2024-11-26 20:00:00+00:00,11.66,11.75,11.63,11.71,47530.0
2024-11-27 00:00:00+00:00,11.71,11.71,11.71,11.71,0.0
2024-11-27 12:00:00+00:00,11.91,12.25,11.66,12.1,83921.0
2024-11-27 16:00:00+00:00,12.1,12.4,11.99,12.05,53600.0
2024-11-27 20:00:00+00:00,12.05,12.1,12.0,12.02,61952.0
2024-11-28 00:00:00+00:00,12.02,12.02,12.02,12.02,0.0
2024-11-29 08:00:00+00:00,12.02,12.02,12.02,12.02,200.0
2024-11-29 12:00:00+00:00,12.02,12.42,11.65,12.3,57635.0
2024-11-29 16:00:00+00:00,12.35,12.4,12.11,12.13,47644.0
2024-11-29 20:00:00+00:00,12.13,12.13,12.13,12.13,0.0
2024-12-02 12:00:00+00:00,12.28,12.4,11.95,12.04,56854.0
2024-12-02 16:00:00+00:00,12.03,12.53,12.03,12.51,56202.0
2024-12-02 20:00:00+00:00,12.49,12.67,12.49,12.62,64494.0
2024-12-03 00:00:00+00:00,12.62,12.62,12.62,12.62,0.0
2024-12-03 08:00:00+00:00,12.62,12.74,12.62,12.74,799.0
2024-12-03 12:00:00+00:00,12.74,12.74,11.49,12.12,116143.0
2024-12-03 16:00:00+00:00,12.17,12.64,12.14,12.56,239818.0
2024-12-03 20:00:00+00:00,12.55,12.64,12.49,12.49,64745.0
2024-12-04 00:00:00+00:00,12.49,12.49,12.49,12.49,0.0
2024-12-04 08:00:00+00:00,12.45,12.45,12.45,12.45,100.0
2024-12-04 12:00:00+00:00,12.45,13.72,12.45,13.65,128171.0
2024-12-04 16:00:00+00:00,13.66,13.98,13.21,13.27,238887.0
2024-12-04 20:00:00+00:00,13.24,13.7,13.14,13.69,76675.0
2024-12-05 00:00:00+00:00,13.69,13.7,13.69,13.69,0.0
2024-12-05 08:00:00+00:00,13.65,13.65,13.4,13.4,420.0
2024-12-05 12:00:00+00:00,13.4,13.4,12.7,12.74,66237.0
2024-12-05 16:00:00+00:00,12.7,12.94,12.67,12.94,43882.0
2024-12-05 20:00:00+00:00,12.96,12.97,12.7,12.7,63946.0
2024-12-06 00:00:00+00:00,12.65,12.65,12.65,12.65,200.0
2024-12-06 12:00:00+00:00,13.0,13.03,12.83,12.87,35480.0
2024-12-06 16:00:00+00:00,12.85,12.98,12.68,12.88,50874.0
2024-12-06 20:00:00+00:00,12.86,13.08,12.83,13.08,39869.0
2024-12-07 00:00:00+00:00,12.54,12.54,12.53,12.54,100.0
2024-12-09 08:00:00+00:00,12.84,12.84,12.69,12.69,396.0
2024-12-09 12:00:00+00:00,12.61,13.35,12.6,13.0,100080.0
2024-12-09 16:00:00+00:00,13.03,13.21,12.41,12.7,145775.0
2024-12-09 20:00:00+00:00,12.67,12.79,12.63,12.63,128423.0
2024-12-10 00:00:00+00:00,12.63,12.63,12.63,12.63,0.0
2024-12-10 08:00:00+00:00,12.69,12.69,12.69,12.69,1535.0
2024-12-10 12:00:00+00:00,12.69,13.26,12.63,13.02,33949.0
2024-12-10 16:00:00+00:00,13.09,13.9,13.08,13.63,195360.0
2024-12-10 20:00:00+00:00,13.66,13.68,13.33,13.6,75322.0
2024-12-11 00:00:00+00:00,13.6,13.6,13.6,13.6,0.0
2024-12-11 12:00:00+00:00,13.64,14.0,13.25,13.33,86308.0
2024-12-11 16:00:00+00:00,13.34,13.89,13.34,13.71,126263.0
2024-12-11 20:00:00+00:00,13.71,13.78,13.5,13.5,79987.0
2024-12-12 00:00:00+00:00,13.79,13.79,13.54,13.54,400.0
2024-12-12 12:00:00+00:00,13.48,13.48,12.94,13.1,28884.0
2024-12-12 16:00:00+00:00,13.07,13.31,12.98,13.17,29770.0
2024-12-12 20:00:00+00:00,13.17,13.28,13.1,13.24,70308.0
2024-12-13 00:00:00+00:00,13.24,13.24,13.24,13.24,0.0
2024-12-13 08:00:00+00:00,13.0,13.01,13.0,13.0,4265.0
2024-12-13 12:00:00+00:00,13.0,13.22,12.53,12.56,66215.0
2024-12-13 16:00:00+00:00,12.55,12.85,12.42,12.75,95778.0
2024-12-13 20:00:00+00:00,12.73,12.82,12.7,12.81,48875.0
2024-12-14 00:00:00+00:00,12.81,12.81,12.81,12.81,0.0
2024-12-16 12:00:00+00:00,12.5,13.09,12.42,12.71,62316.0
2024-12-16 16:00:00+00:00,12.69,13.11,12.67,13.08,97918.0
2024-12-16 20:00:00+00:00,13.07,13.07,12.83,12.83,42943.0
2024-12-17 00:00:00+00:00,12.83,12.83,12.83,12.83,0.0
2024-12-17 08:00:00+00:00,12.7,12.7,12.7,12.7,142.0
2024-12-17 12:00:00+00:00,12.7,12.89,12.48,12.72,58937.0
2024-12-17 16:00:00+00:00,12.77,13.11,12.69,13.01,103965.0
2024-12-17 20:00:00+00:00,12.97,12.97,12.81,12.84,65904.0
2024-12-18 00:00:00+00:00,12.84,12.84,12.84,12.84,0.0
2024-12-18 12:00:00+00:00,12.51,13.04,12.46,12.65,55234.0
2024-12-18 16:00:00+00:00,12.67,12.82,12.2,12.22,133510.0
2024-12-18 20:00:00+00:00,12.18,12.49,12.08,12.36,229640.0
2024-12-19 00:00:00+00:00,12.36,12.36,12.36,12.36,0.0
2024-12-19 08:00:00+00:00,12.0,12.3,12.0,12.3,956.0
2024-12-19 12:00:00+00:00,12.38,12.69,12.0,12.5,59215.0
2024-12-19 16:00:00+00:00,12.47,12.69,12.23,12.46,427875.0
2024-12-19 20:00:00+00:00,12.47,12.62,12.42,12.42,75881.0
2024-12-20 00:00:00+00:00,12.42,12.42,12.42,12.42,0.0
2024-12-20 08:00:00+00:00,12.19,12.2,12.19,12.2,200.0
2024-12-20 12:00:00+00:00,12.2,13.15,12.0,13.0,88023.0
2024-12-20 16:00:00+00:00,12.94,13.25,12.93,12.94,74305.0
2024-12-20 20:00:00+00:00,12.96,13.29,12.81,13.05,287032.0
2024-12-21 00:00:00+00:00,13.05,13.05,13.05,13.05,0.0
2024-12-23 12:00:00+00:00,12.75,13.41,12.75,13.22,42364.0
2024-12-23 16:00:00+00:00,13.24,13.42,13.15,13.2,35630.0
2024-12-23 20:00:00+00:00,13.2,13.34,13.18,13.18,43110.0
2024-12-24 00:00:00+00:00,13.18,13.18,13.18,13.18,0.0
2024-12-24 12:00:00+00:00,13.2,13.42,12.97,13.34,38102.0
2024-12-24 16:00:00+00:00,13.38,13.6,13.3,13.37,74789.0
2024-12-24 20:00:00+00:00,13.37,13.37,13.37,13.37,0.0
2024-12-26 08:00:00+00:00,13.41,13.42,13.41,13.42,200.0
2024-12-26 12:00:00+00:00,13.42,13.79,12.96,13.53,121773.0
2024-12-26 16:00:00+00:00,13.53,13.73,13.43,13.52,73032.0
2024-12-26 20:00:00+00:00,13.52,13.57,13.04,13.3,77338.0
2024-12-27 00:00:00+00:00,13.51,13.51,13.51,13.51,100.0
2024-12-27 12:00:00+00:00,13.16,13.54,13.11,13.4,54123.0
2024-12-27 16:00:00+00:00,13.36,13.49,13.22,13.4,52133.0
2024-12-27 20:00:00+00:00,13.42,13.59,13.39,13.56,219203.0
2024-12-28 00:00:00+00:00,13.56,13.56,13.56,13.56,0.0
2024-12-30 12:00:00+00:00,13.09,13.42,13.01,13.34,24417.0
2024-12-30 16:00:00+00:00,13.35,13.73,13.28,13.59,67941.0
2024-12-30 20:00:00+00:00,13.58,13.77,13.57,13.75,48619.0
2024-12-31 00:00:00+00:00,13.08,13.08,13.07,13.08,100.0
2024-12-31 08:00:00+00:00,13.7,13.76,13.7,13.76,250.0
2024-12-31 12:00:00+00:00,13.8,14.15,13.71,13.75,96823.0
2024-12-31 16:00:00+00:00,13.7,13.73,13.5,13.6,24700.0
2024-12-31 20:00:00+00:00,13.6,13.64,13.29,13.49,57467.0
2025-01-01 00:00:00+00:00,13.49,13.49,13.49,13.49,0.0
2025-01-02 08:00:00+00:00,13.57,13.57,13.57,13.57,407.0
2025-01-02 12:00:00+00:00,13.57,13.71,13.3,13.3,59775.0
2025-01-02 16:00:00+00:00,13.31,13.54,13.21,13.45,48273.0
2025-01-02 20:00:00+00:00,13.47,13.59,13.37,13.59,57716.0
2025-01-03 00:00:00+00:00,13.59,13.59,13.59,13.59,0.0
2025-01-03 12:00:00+00:00,13.48,14.06,13.48,13.67,24013.0
2025-01-03 16:00:00+00:00,13.62,14.24,13.61,14.24,33871.0
2025-01-03 20:00:00+00:00,14.24,14.3,13.96,13.96,138060.0
2025-01-04 00:00:00+00:00,13.96,13.96,13.96,13.96,0.0
2025-01-06 08:00:00+00:00,13.78,13.78,13.78,13.78,100.0
2025-01-06 12:00:00+00:00,13.78,14.69,13.78,14.29,41899.0
2025-01-06 16:00:00+00:00,14.33,14.52,13.79,13.79,73546.0
2025-01-06 20:00:00+00:00,13.82,13.93,13.77,13.81,52886.0
2025-01-07 00:00:00+00:00,13.81,13.81,13.81,13.81,0.0
2025-01-07 08:00:00+00:00,13.69,13.73,13.69,13.73,204.0
2025-01-07 12:00:00+00:00,13.73,14.23,13.5,13.72,36577.0
2025-01-07 16:00:00+00:00,13.72,13.72,13.51,13.57,24270.0
2025-01-07 20:00:00+00:00,13.56,13.79,13.39,13.79,53489.0
2025-01-08 00:00:00+00:00,13.79,13.79,13.78,13.79,0.0
2025-01-08 08:00:00+00:00,13.87,13.87,13.87,13.87,200.0
2025-01-08 12:00:00+00:00,13.87,13.87,13.05,13.11,17482.0
2025-01-08 16:00:00+00:00,13.09,13.14,12.9,13.04,38465.0
2025-01-08 20:00:00+00:00,13.04,13.28,12.96,13.25,381035.0
2025-01-09 00:00:00+00:00,13.25,13.25,13.25,13.25,0.0
2025-01-10 08:00:00+00:00,13.57,13.57,13.57,13.57,264.0
2025-01-10 12:00:00+00:00,13.57,13.57,12.72,13.0,25305.0
2025-01-10 16:00:00+00:00,12.99,13.25,12.94,13.12,26805.0
2025-01-10 20:00:00+00:00,13.12,13.12,13.01,13.05,50503.0
2025-01-11 00:00:00+00:00,13.05,13.05,13.05,13.05,0.0
2025-01-13 08:00:00+00:00,12.93,12.93,12.93,12.93,200.0
2025-01-13 12:00:00+00:00,12.93,12.93,12.38,12.4,42092.0
2025-01-13 16:00:00+00:00,12.4,12.68,12.27,12.62,62561.0
2025-01-13 20:00:00+00:00,12.59,12.67,12.53,12.65,37673.0
2025-01-14 00:00:00+00:00,12.65,12.65,12.65,12.65,0.0
2025-01-14 08:00:00+00:00,12.52,12.52,12.52,12.52,146.0
2025-01-14 12:00:00+00:00,12.52,13.06,12.52,12.85,37286.0
2025-01-14 16:00:00+00:00,12.81,12.84,12.62,12.66,19356.0
2025-01-14 20:00:00+00:00,12.66,12.8,12.6,12.74,36314.0
2025-01-15 00:00:00+00:00,12.74,12.74,12.74,12.74,0.0
2025-01-15 12:00:00+00:00,13.12,13.21,12.86,13.17,22112.0
2025-01-15 16:00:00+00:00,13.17,13.32,13.12,13.25,22556.0
2025-01-15 20:00:00+00:00,13.23,13.28,13.19,13.19,37866.0
2025-01-16 00:00:00+00:00,13.19,13.19,13.19,13.19,0.0
2025-01-16 08:00:00+00:00,13.36,13.36,13.36,13.36,100.0
2025-01-16 12:00:00+00:00,13.38,13.39,12.89,13.19,47391.0
2025-01-16 16:00:00+00:00,13.2,13.26,13.06,13.15,27540.0
2025-01-16 20:00:00+00:00,13.15,13.16,12.92,12.99,42649.0
2025-01-17 00:00:00+00:00,12.99,12.99,12.99,12.99,0.0
2025-01-17 12:00:00+00:00,12.99,13.35,12.99,13.0,30471.0
2025-01-17 16:00:00+00:00,12.99,13.04,12.82,12.91,25246.0
2025-01-17 20:00:00+00:00,12.9,12.9,12.8,12.83,33024.0
2025-01-18 00:00:00+00:00,12.83,12.83,12.83,12.83,0.0
2025-01-21 12:00:00+00:00,12.99,13.08,12.62,12.95,38557.0
2025-01-21 16:00:00+00:00,12.95,13.06,12.84,13.06,37190.0
2025-01-21 20:00:00+00:00,13.08,13.11,13.04,13.11,38455.0
2025-01-22 00:00:00+00:00,13.11,13.11,13.11,13.11,0.0
2025-01-22 08:00:00+00:00,13.15,13.15,13.15,13.15,100.0
2025-01-22 12:00:00+00:00,13.08,13.26,12.9,13.15,16311.0
2025-01-22 16:00:00+00:00,13.1,13.35,13.08,13.21,30662.0
2025-01-22 20:00:00+00:00,13.19,13.2,13.02,13.17,54641.0
2025-01-23 00:00:00+00:00,13.17,13.17,13.17,13.17,0.0
2025-01-23 12:00:00+00:00,13.2,13.43,13.0,13.1,18872.0
2025-01-23 16:00:00+00:00,13.1,13.16,13.01,13.09,22057.0
2025-01-23 20:00:00+00:00,13.11,13.39,13.06,13.39,78785.0
2025-01-24 00:00:00+00:00,13.39,13.39,13.39,13.39,0.0
2025-01-24 08:00:00+00:00,13.0,13.45,13.0,13.45,651.0
2025-01-24 12:00:00+00:00,13.45,13.45,13.2,13.42,16956.0
2025-01-24 16:00:00+00:00,13.39,13.57,13.2,13.3,120978.0
2025-01-24 20:00:00+00:00,13.3,13.5,13.28,13.5,61849.0
2025-01-25 00:00:00+00:00,13.5,13.5,13.5,13.5,0.0
2025-01-27 08:00:00+00:00,12.53,13.0,12.5,12.53,2581.0
2025-01-27 12:00:00+00:00,13.0,13.16,12.51,12.98,40391.0
2025-01-27 16:00:00+00:00,12.97,13.03,12.67,12.72,40639.0
2025-01-27 20:00:00+00:00,12.72,12.74,12.64,12.69,48643.0
2025-01-28 00:00:00+00:00,12.69,12.69,12.69,12.69,0.0
2025-01-28 12:00:00+00:00,12.59,12.9,12.44,12.83,20649.0
2025-01-28 16:00:00+00:00,12.77,12.86,12.6,12.83,37185.0
2025-01-28 20:00:00+00:00,12.82,13.07,12.81,13.07,65908.0
2025-01-29 00:00:00+00:00,13.29,13.29,13.29,13.29,300.0
2025-01-29 12:00:00+00:00,13.11,13.11,12.8,12.91,9128.0
2025-01-29 16:00:00+00:00,12.88,13.04,12.83,12.95,37826.0
2025-01-29 20:00:00+00:00,12.89,13.03,12.89,12.94,35970.0
2025-01-30 00:00:00+00:00,12.94,12.94,12.94,12.94,0.0
2025-01-30 12:00:00+00:00,13.2,13.36,13.01,13.02,17457.0
2025-01-30 16:00:00+00:00,13.02,13.1,12.94,12.98,20471.0
2025-01-30 20:00:00+00:00,12.98,12.98,12.8,12.8,42006.0
2025-01-31 00:00:00+00:00,12.8,12.8,12.8,12.8,0.0
2025-01-31 12:00:00+00:00,12.99,13.05,12.77,12.84,16167.0
2025-01-31 16:00:00+00:00,12.86,13.06,12.73,12.81,44636.0
2025-01-31 20:00:00+00:00,12.83,12.92,12.68,12.8,45827.0
2025-02-01 00:00:00+00:00,12.8,12.8,12.8,12.8,0.0
2025-02-03 12:00:00+00:00,12.41,13.23,12.39,13.02,77421.0
2025-02-03 16:00:00+00:00,13.0,13.03,12.88,12.94,20535.0
2025-02-03 20:00:00+00:00,12.95,12.99,12.76,12.76,29824.0
2025-02-04 00:00:00+00:00,12.75,12.75,12.75,12.75,1600.0
2025-02-04 08:00:00+00:00,12.92,12.92,12.92,12.92,110.0
2025-02-04 12:00:00+00:00,12.92,13.33,12.78,13.32,13399.0
2025-02-04 16:00:00+00:00,13.31,13.52,13.22,13.49,37269.0
2025-02-04 20:00:00+00:00,13.46,13.74,13.38,13.7,66433.0
2025-02-05 00:00:00+00:00,13.7,13.7,13.7,13.7,0.0
2025-02-05 12:00:00+00:00,13.69,13.72,13.25,13.54,32746.0
2025-02-05 16:00:00+00:00,13.49,13.66,13.42,13.47,23986.0
2025-02-05 20:00:00+00:00,13.47,13.48,13.4,13.46,37139.0
2025-02-06 00:00:00+00:00,13.46,13.46,13.46,13.46,0.0
2025-02-06 08:00:00+00:00,13.22,13.22,13.22,13.22,100.0
2025-02-06 12:00:00+00:00,13.22,13.63,13.22,13.58,29676.0
2025-02-06 16:00:00+00:00,13.55,13.77,13.44,13.48,145634.0
2025-02-06 20:00:00+00:00,13.46,13.49,10.04,10.95,108311.0
2025-02-07 00:00:00+00:00,10.94,11.14,10.94,11.14,782.0
2025-02-07 08:00:00+00:00,11.8,12.14,10.56,10.99,23500.0
2025-02-07 12:00:00+00:00,10.95,12.08,10.59,11.16,385385.0
2025-02-07 16:00:00+00:00,11.17,11.53,11.11,11.49,183518.0
2025-02-07 20:00:00+00:00,11.46,11.58,10.71,11.05,283058.0
2025-02-08 00:00:00+00:00,11.05,11.05,11.05,11.05,0.0
2025-02-10 08:00:00+00:00,11.19,11.2,11.0,11.13,1242.0
2025-02-10 12:00:00+00:00,11.14,11.26,10.76,10.78,75886.0
2025-02-10 16:00:00+00:00,10.78,10.89,10.5,10.77,295197.0
2025-02-10 20:00:00+00:00,10.76,10.79,10.64,10.66,113350.0
2025-02-11 00:00:00+00:00,10.66,10.66,10.66,10.66,0.0
2025-02-11 08:00:00+00:00,10.63,10.92,10.63,10.92,1786.0
2025-02-11 12:00:00+00:00,10.78,10.87,10.5,10.52,74273.0
2025-02-11 16:00:00+00:00,10.52,10.61,10.5,10.58,88580.0
2025-02-11 20:00:00+00:00,10.6,10.8,10.5,10.78,87353.0
2025-02-12 00:00:00+00:00,10.78,10.78,10.78,10.78,0.0
2025-02-12 08:00:00+00:00,10.81,10.82,10.76,10.76,1189.0
2025-02-12 12:00:00+00:00,10.77,10.82,10.55,10.57,51119.0
2025-02-12 16:00:00+00:00,10.57,10.86,10.5,10.86,80076.0
2025-02-12 20:00:00+00:00,10.86,10.9,10.7,10.71,72509.0
2025-02-13 00:00:00+00:00,10.8,10.8,10.8,10.8,138.0
2025-02-13 08:00:00+00:00,10.84,10.84,10.84,10.84,363.0
2025-02-13 12:00:00+00:00,10.83,11.28,10.83,11.08,77659.0
2025-02-13 16:00:00+00:00,11.07,11.11,10.74,10.77,51123.0
2025-02-13 20:00:00+00:00,10.75,10.83,10.66,10.83,45547.0
2025-02-14 00:00:00+00:00,10.83,10.83,10.83,10.83,0.0
2025-02-14 08:00:00+00:00,10.92,10.92,10.92,10.92,137.0
2025-02-14 12:00:00+00:00,10.92,10.94,10.61,10.61,34374.0
2025-02-14 16:00:00+00:00,10.64,10.77,10.59,10.71,62925.0
2025-02-14 20:00:00+00:00,10.69,10.8,10.64,10.7,55113.0
2025-02-15 00:00:00+00:00,10.7,10.7,10.7,10.7,193.0
2025-02-18 08:00:00+00:00,10.81,10.85,10.78,10.78,10210.0
2025-02-18 12:00:00+00:00,10.78,10.94,10.76,10.9,87298.0
2025-02-18 16:00:00+00:00,10.9,10.93,10.79,10.86,74885.0
2025-02-18 20:00:00+00:00,10.87,11.01,10.82,10.91,128557.0
2025-02-19 00:00:00+00:00,10.99,10.99,10.99,10.99,100.0
2025-02-19 08:00:00+00:00,10.94,10.95,10.94,10.95,688.0
2025-02-19 12:00:00+00:00,10.95,11.0,10.65,10.69,45521.0
2025-02-19 16:00:00+00:00,10.71,10.96,10.71,10.93,67739.0
2025-02-19 20:00:00+00:00,10.92,10.92,10.82,10.9,65243.0
2025-02-20 00:00:00+00:00,10.96,10.96,10.96,10.96,100.0
2025-02-20 08:00:00+00:00,10.9,10.9,10.88,10.9,1796.0
2025-02-20 12:00:00+00:00,10.94,11.02,10.48,10.58,100960.0
2025-02-20 16:00:00+00:00,10.59,10.63,10.52,10.63,70941.0
2025-02-20 20:00:00+00:00,10.62,10.67,10.56,10.65,47643.0
2025-02-21 00:00:00+00:00,10.65,10.65,10.65,10.65,0.0
2025-02-21 08:00:00+00:00,10.88,10.88,10.6,10.6,740.0
2025-02-21 12:00:00+00:00,10.6,10.88,10.47,10.54,96219.0
2025-02-21 16:00:00+00:00,10.53,10.62,10.41,10.51,110858.0
2025-02-21 20:00:00+00:00,10.5,10.57,10.49,10.55,118084.0
2025-02-22 00:00:00+00:00,10.55,10.55,10.55,10.55,0.0
2025-02-24 08:00:00+00:00,10.5,10.65,10.5,10.65,475.0
2025-02-24 12:00:00+00:00,10.62,10.64,10.33,10.45,103872.0
2025-02-24 16:00:00+00:00,10.46,10.57,10.38,10.38,136041.0
2025-02-24 20:00:00+00:00,10.39,10.53,10.03,10.53,66379.0
2025-02-25 00:00:00+00:00,10.53,10.53,10.53,10.53,0.0
2025-02-25 08:00:00+00:00,10.28,10.28,10.23,10.25,1510.0
2025-02-25 12:00:00+00:00,10.3,10.46,9.95,9.99,97359.0
2025-02-25 16:00:00+00:00,10.01,10.09,9.95,10.06,55546.0
2025-02-25 20:00:00+00:00,10.05,10.1,9.42,10.08,106698.0
2025-02-26 00:00:00+00:00,9.97,9.97,9.97,9.97,298.0
2025-02-26 08:00:00+00:00,10.02,10.16,10.02,10.11,782.0
2025-02-26 12:00:00+00:00,10.11,10.11,9.0,9.54,192664.0
2025-02-26 16:00:00+00:00,9.54,9.67,9.08,9.2,180842.0
2025-02-26 20:00:00+00:00,9.21,9.26,8.97,9.08,163770.0
2025-02-27 00:00:00+00:00,9.08,9.08,9.08,9.08,0.0
2025-02-27 08:00:00+00:00,8.99,9.18,8.99,9.1,2245.0
2025-02-27 12:00:00+00:00,9.1,9.6,9.04,9.22,121305.0
2025-02-27 16:00:00+00:00,9.22,9.33,9.18,9.18,79017.0
2025-02-27 20:00:00+00:00,9.18,9.22,9.1,9.15,94884.0
2025-02-28 00:00:00+00:00,9.16,9.17,9.16,9.16,100.0
2025-02-28 08:00:00+00:00,9.2,9.2,9.15,9.15,250.0
2025-02-28 12:00:00+00:00,9.15,9.37,8.75,9.13,64222.0
2025-02-28 16:00:00+00:00,9.11,9.13,8.93,8.93,57227.0
2025-02-28 20:00:00+00:00,8.95,9.18,8.93,9.1,73092.0
2025-03-01 00:00:00+00:00,9.21,9.21,9.21,9.21,102.0
2025-03-03 08:00:00+00:00,9.05,9.16,9.05,9.16,2125.0
2025-03-03 12:00:00+00:00,9.16,9.38,8.87,9.22,130472.0
2025-03-03 16:00:00+00:00,9.25,9.42,9.01,9.02,104353.0
2025-03-03 20:00:00+00:00,9.0,9.07,8.84,9.07,105574.0
2025-03-04 00:00:00+00:00,9.07,9.07,9.07,9.07,0.0
2025-03-04 08:00:00+00:00,9.12,9.12,8.96,8.96,1291.0
2025-03-04 12:00:00+00:00,8.9,9.09,8.68,8.78,190668.0
2025-03-04 16:00:00+00:00,8.77,9.24,8.68,9.21,207903.0
2025-03-04 20:00:00+00:00,9.23,9.25,9.03,9.07,115777.0
2025-03-05 00:00:00+00:00,9.07,9.07,9.07,9.07,0.0
2025-03-05 08:00:00+00:00,9.07,9.12,9.07,9.07,772.0
2025-03-05 12:00:00+00:00,9.07,9.37,9.07,9.18,42443.0
2025-03-05 16:00:00+00:00,9.16,9.28,9.01,9.28,108166.0
2025-03-05 20:00:00+00:00,9.27,9.43,9.27,9.35,130757.0
2025-03-06 00:00:00+00:00,9.35,9.35,9.35,9.35,0.0
2025-03-06 08:00:00+00:00,9.34,9.34,9.21,9.21,200.0
2025-03-06 12:00:00+00:00,9.17,9.57,9.02,9.49,61848.0
2025-03-06 16:00:00+00:00,9.5,9.53,9.28,9.29,49730.0
2025-03-06 20:00:00+00:00,9.26,9.31,9.16,9.21,143445.0
2025-03-07 00:00:00+00:00,9.21,9.21,9.21,9.21,0.0
2025-03-07 08:00:00+00:00,9.23,9.23,9.23,9.23,100.0
2025-03-07 12:00:00+00:00,9.23,9.45,9.01,9.19,52425.0
2025-03-07 16:00:00+00:00,9.17,9.34,9.01,9.31,59206.0
2025-03-07 20:00:00+00:00,9.31,9.41,9.3,9.37,52823.0
2025-03-08 00:00:00+00:00,9.37,9.37,9.37,9.37,0.0
2025-03-10 08:00:00+00:00,9.19,9.34,9.19,9.34,200.0
2025-03-10 12:00:00+00:00,9.25,9.27,8.91,9.04,86025.0
2025-03-10 16:00:00+00:00,9.05,9.12,8.8,8.89,98161.0
2025-03-10 20:00:00+00:00,8.89,8.97,8.89,8.95,27234.0
2025-03-11 08:00:00+00:00,8.83,8.9,8.8,8.9,878.0
2025-03-11 12:00:00+00:00,8.93,9.12,8.8,8.92,62944.0
2025-03-11 16:00:00+00:00,8.93,9.08,8.85,8.91,67660.0
2025-03-11 20:00:00+00:00,8.9,9.0,8.9,8.99,33920.0
2025-03-12 08:00:00+00:00,9.01,9.02,9.0,9.02,404.0
2025-03-12 12:00:00+00:00,9.05,9.12,8.82,8.82,52895.0
2025-03-12 16:00:00+00:00,8.84,9.01,8.79,8.85,68448.0
2025-03-12 20:00:00+00:00,8.85,8.9,8.82,8.83,26898.0
2025-03-13 12:00:00+00:00,8.82,8.83,8.57,8.57,71645.0
2025-03-13 16:00:00+00:00,8.56,8.58,8.32,8.34,84615.0
2025-03-13 20:00:00+00:00,8.34,8.58,8.34,8.57,21629.0
2025-03-14 12:00:00+00:00,8.6,8.66,8.34,8.53,77808.0
2025-03-14 16:00:00+00:00,8.54,8.54,8.43,8.51,61856.0
2025-03-14 20:00:00+00:00,8.5,8.54,8.5,8.54,37479.0
2025-03-17 08:00:00+00:00,8.52,8.55,8.5,8.54,600.0
2025-03-17 12:00:00+00:00,8.4,8.78,8.4,8.74,66792.0
2025-03-17 16:00:00+00:00,8.72,9.04,8.72,9.01,87029.0
2025-03-17 20:00:00+00:00,9.01,9.01,9.01,9.01,29605.0
2025-03-18 08:00:00+00:00,9.01,9.01,8.88,8.88,289.0
2025-03-18 12:00:00+00:00,8.88,9.05,8.71,8.81,45311.0
2025-03-18 16:00:00+00:00,8.8,8.85,8.62,8.63,60702.0
2025-03-18 20:00:00+00:00,8.63,8.64,8.63,8.64,33448.0
2025-03-19 08:00:00+00:00,8.71,8.71,8.71,8.71,173.0
2025-03-19 12:00:00+00:00,8.71,8.75,8.65,8.72,20395.0
2025-03-19 16:00:00+00:00,8.72,8.85,8.61,8.78,58310.0
2025-03-19 20:00:00+00:00,8.77,8.77,8.77,8.77,15685.0
2025-03-20 08:00:00+00:00,8.74,8.75,8.74,8.75,200.0
2025-03-20 12:00:00+00:00,8.77,8.92,8.61,8.8,92453.0
2025-03-20 16:00:00+00:00,8.8,8.82,8.65,8.68,31853.0
2025-03-20 20:00:00+00:00,8.66,8.79,8.66,8.79,14490.0
2025-03-21 08:00:00+00:00,8.67,8.67,8.67,8.67,100.0
2025-03-21 12:00:00+00:00,8.67,8.85,8.47,8.68,65744.0
2025-03-21 16:00:00+00:00,8.7,8.78,8.4,8.73,265197.0
2025-03-21 20:00:00+00:00,8.73,9.09,8.6,8.9,153249.0
2025-03-24 08:00:00+00:00,8.91,8.93,8.91,8.92,2121.0
2025-03-24 12:00:00+00:00,8.98,9.15,8.75,8.87,88362.0
2025-03-24 16:00:00+00:00,8.88,9.04,8.76,8.96,79674.0
2025-03-24 20:00:00+00:00,8.96,8.96,8.92,8.92,54915.0
2025-03-25 08:00:00+00:00,8.96,9.0,8.9,8.9,909.0
2025-03-25 12:00:00+00:00,8.93,9.04,8.83,8.89,28823.0
2025-03-25 16:00:00+00:00,8.89,8.95,8.79,8.81,54628.0
2025-03-25 20:00:00+00:00,8.8,8.87,8.8,8.85,30249.0
2025-03-26 12:00:00+00:00,8.8,8.9,8.72,8.78,27686.0
2025-03-26 16:00:00+00:00,8.78,8.85,8.63,8.64,29300.0
2025-03-26 20:00:00+00:00,8.64,8.77,8.64,8.77,26805.0
2025-03-27 08:00:00+00:00,8.71,8.71,8.71,8.71,300.0
2025-03-27 12:00:00+00:00,8.71,8.79,8.54,8.59,17531.0
2025-03-27 16:00:00+00:00,8.55,8.63,8.35,8.48,116064.0
2025-03-27 20:00:00+00:00,8.49,8.77,8.49,8.63,38326.0
2025-03-28 08:00:00+00:00,8.48,8.48,8.48,8.48,100.0
2025-03-28 12:00:00+00:00,8.45,8.76,8.1,8.18,123390.0
2025-03-28 16:00:00+00:00,8.19,8.27,8.03,8.03,66082.0
2025-03-28 20:00:00+00:00,8.04,8.08,8.04,8.06,24622.0
2025-03-31 08:00:00+00:00,8.02,8.02,7.87,7.87,319.0
2025-03-31 12:00:00+00:00,8.04,8.04,7.7,7.76,76292.0
2025-03-31 16:00:00+00:00,7.74,7.87,7.62,7.66,180649.0
2025-03-31 20:00:00+00:00,7.67,7.83,7.66,7.7,59412.0
2025-04-01 08:00:00+00:00,7.7,7.77,7.69,7.69,812.0
2025-04-01 12:00:00+00:00,7.78,7.8,7.5,7.78,92027.0
2025-04-01 16:00:00+00:00,7.76,7.93,7.72,7.93,77984.0
2025-04-01 20:00:00+00:00,7.93,7.93,7.88,7.93,39383.0
2025-04-02 12:00:00+00:00,7.86,8.04,7.73,8.01,30229.0
2025-04-02 16:00:00+00:00,8.0,8.15,7.93,8.03,57608.0
2025-04-02 20:00:00+00:00,8.04,8.04,7.85,7.85,399874.0
2025-04-03 08:00:00+00:00,7.81,7.81,7.66,7.66,2160.0
2025-04-03 12:00:00+00:00,7.75,7.93,7.52,7.63,306144.0
2025-04-03 16:00:00+00:00,7.63,7.8,7.62,7.66,734484.0
2025-04-03 20:00:00+00:00,7.65,7.75,7.55,7.66,29279.0
2025-04-04 08:00:00+00:00,7.66,7.66,7.11,7.11,3419.0
2025-04-04 12:00:00+00:00,7.16,7.56,7.0,7.1,117994.0
2025-04-04 16:00:00+00:00,7.07,7.13,6.88,7.02,113744.0
2025-04-04 20:00:00+00:00,7.02,7.02,6.97,6.97,43475.0
2025-04-07 08:00:00+00:00,6.86,6.87,6.66,6.8,1238.0
2025-04-07 12:00:00+00:00,6.8,7.67,6.51,7.24,119290.0
2025-04-07 16:00:00+00:00,7.23,7.55,7.14,7.46,157488.0
2025-04-07 20:00:00+00:00,7.46,7.46,7.46,7.46,44783.0
2025-04-08 08:00:00+00:00,7.54,7.69,7.54,7.69,390.0
2025-04-08 12:00:00+00:00,7.77,7.87,7.32,7.33,53402.0
2025-04-08 16:00:00+00:00,7.33,7.37,6.94,7.04,169288.0
2025-04-08 20:00:00+00:00,7.03,7.03,7.0,7.02,62867.0
2025-04-09 08:00:00+00:00,7.09,7.29,6.89,6.89,1143.0
2025-04-09 12:00:00+00:00,6.89,7.29,6.89,7.04,62474.0
2025-04-09 16:00:00+00:00,7.03,8.01,7.02,7.91,222771.0
2025-04-09 20:00:00+00:00,7.92,7.92,7.82,7.83,43981.0
2025-04-10 08:00:00+00:00,7.65,7.67,7.65,7.65,343.0
2025-04-10 12:00:00+00:00,7.69,7.84,7.44,7.46,44733.0
2025-04-10 16:00:00+00:00,7.46,7.62,7.36,7.52,124035.0
2025-04-10 20:00:00+00:00,7.54,7.59,7.49,7.59,37089.0
2025-04-11 08:00:00+00:00,7.55,7.88,7.44,7.65,5761.0
2025-04-11 12:00:00+00:00,7.65,7.71,7.48,7.67,35433.0
2025-04-11 16:00:00+00:00,7.68,8.12,7.67,8.08,112495.0
2025-04-11 20:00:00+00:00,8.09,8.09,8.09,8.09,45236.0
2025-04-14 08:00:00+00:00,7.65,8.32,7.65,8.32,1266.0
2025-04-14 12:00:00+00:00,8.32,8.32,7.8,7.84,59232.0
2025-04-14 16:00:00+00:00,7.82,8.16,7.82,8.08,61299.0
2025-04-14 20:00:00+00:00,8.09,8.1,8.09,8.09,27178.0
2025-04-15 08:00:00+00:00,8.09,8.09,8.09,8.09,1418.0
2025-04-15 12:00:00+00:00,8.1,8.3,7.94,8.17,27855.0
2025-04-15 16:00:00+00:00,8.19,8.32,8.15,8.31,67804.0
2025-04-15 20:00:00+00:00,8.29,8.29,8.29,8.29,29982.0
2025-04-16 08:00:00+00:00,8.15,8.15,8.1,8.15,1299.0
2025-04-16 12:00:00+00:00,8.15,8.34,8.05,8.28,36442.0
2025-04-16 16:00:00+00:00,8.27,8.38,8.12,8.36,88056.0
2025-04-16 20:00:00+00:00,8.38,8.38,8.38,8.38,22930.0
2025-04-17 08:00:00+00:00,8.37,8.61,8.37,8.47,1559.0
2025-04-17 12:00:00+00:00,8.44,8.62,8.38,8.5,46966.0
2025-04-17 16:00:00+00:00,8.52,8.71,8.45,8.65,74538.0
2025-04-17 20:00:00+00:00,8.66,8.75,8.47,8.75,27380.0
2025-04-21 08:00:00+00:00,8.64,8.64,8.64,8.64,100.0
2025-04-21 12:00:00+00:00,8.5,8.69,8.34,8.51,90773.0
2025-04-21 16:00:00+00:00,8.51,8.67,8.51,8.62,111089.0
2025-04-21 20:00:00+00:00,8.62,8.62,8.62,8.62,25525.0
2025-04-22 12:00:00+00:00,8.75,8.82,8.59,8.68,20578.0
2025-04-22 16:00:00+00:00,8.69,8.75,8.59,8.66,60652.0
2025-04-22 20:00:00+00:00,8.67,8.7,8.67,8.7,19006.0
2025-04-23 08:00:00+00:00,8.67,8.83,8.66,8.83,4018.0
2025-04-23 12:00:00+00:00,8.86,9.02,8.81,8.84,75757.0
2025-04-23 16:00:00+00:00,8.83,9.05,8.82,8.89,66539.0
2025-04-23 20:00:00+00:00,8.9,8.9,8.9,8.9,22424.0
2025-04-24 08:00:00+00:00,8.8,8.83,8.8,8.83,1051.0
2025-04-24 12:00:00+00:00,8.81,9.16,8.81,9.08,50274.0
2025-04-24 16:00:00+00:00,9.09,9.18,9.06,9.12,63946.0
2025-04-24 20:00:00+00:00,9.13,9.16,9.09,9.09,22036.0
2025-04-25 08:00:00+00:00,9.08,9.08,8.87,9.01,1178.0
2025-04-25 12:00:00+00:00,8.97,9.21,8.97,9.13,23579.0
2025-04-25 16:00:00+00:00,9.11,9.3,9.08,9.28,38693.0
2025-04-25 20:00:00+00:00,9.27,9.29,9.27,9.27,23181.0
2025-04-28 08:00:00+00:00,9.29,9.29,9.28,9.28,499.0
2025-04-28 12:00:00+00:00,9.21,9.4,8.97,9.01,56908.0
2025-04-28 16:00:00+00:00,9.01,9.19,8.92,9.17,71503.0
2025-04-28 20:00:00+00:00,9.17,9.2,9.17,9.2,20448.0
2025-04-29 08:00:00+00:00,9.18,9.19,9.17,9.17,1542.0
2025-04-29 12:00:00+00:00,9.16,9.21,8.95,9.02,24970.0
2025-04-29 16:00:00+00:00,9.04,9.2,9.0,9.16,67627.0
2025-04-29 20:00:00+00:00,9.17,9.17,9.17,9.17,26835.0
2025-04-30 12:00:00+00:00,9.01,9.07,8.75,8.96,78951.0
2025-04-30 16:00:00+00:00,8.96,9.1,8.93,9.01,79481.0
2025-04-30 20:00:00+00:00,9.0,9.17,9.0,9.17,28086.0
2025-05-01 12:00:00+00:00,9.06,9.23,9.01,9.1,39371.0
2025-05-01 16:00:00+00:00,9.11,9.3,9.06,9.21,80932.0
2025-05-01 20:00:00+00:00,9.23,9.63,9.18,9.63,25966.0
2025-05-02 08:00:00+00:00,8.99,9.22,8.99,9.22,200.0
2025-05-02 12:00:00+00:00,9.25,9.59,9.18,9.51,42271.0
2025-05-02 16:00:00+00:00,9.52,9.75,9.52,9.62,219215.0
2025-05-02 20:00:00+00:00,9.62,9.62,9.62,9.62,46159.0
2025-05-05 12:00:00+00:00,9.4,9.69,9.4,9.58,67149.0
2025-05-05 16:00:00+00:00,9.58,9.72,9.55,9.61,82881.0
2025-05-05 20:00:00+00:00,9.6,9.61,9.5,9.51,18470.0
2025-05-06 08:00:00+00:00,9.57,9.57,9.57,9.57,105.0
2025-05-06 12:00:00+00:00,9.57,9.57,8.74,9.19,116052.0
2025-05-06 16:00:00+00:00,9.19,9.25,9.05,9.19,112301.0
2025-05-06 20:00:00+00:00,9.19,9.21,9.19,9.21,28456.0
2025-05-07 08:00:00+00:00,9.19,9.2,9.0,9.2,1430.0
2025-05-07 12:00:00+00:00,9.2,9.34,9.07,9.08,86132.0
2025-05-07 16:00:00+00:00,9.08,9.27,9.0,9.26,121180.0
2025-05-07 20:00:00+00:00,9.26,9.32,9.26,9.32,39080.0
2025-05-08 08:00:00+00:00,9.25,9.47,9.25,9.3,475.0
2025-05-08 12:00:00+00:00,9.38,9.39,9.21,9.34,39382.0
2025-05-08 16:00:00+00:00,9.36,9.49,9.33,9.34,80563.0
2025-05-08 20:00:00+00:00,9.34,9.34,9.34,9.34,25002.0
2025-05-09 08:00:00+00:00,9.34,9.34,9.2,9.34,742.0
2025-05-09 12:00:00+00:00,9.34,9.52,9.23,9.31,73054.0
2025-05-09 16:00:00+00:00,9.29,9.29,9.13,9.13,77778.0
2025-05-09 20:00:00+00:00,9.12,9.16,9.12,9.16,27312.0
2025-05-12 08:00:00+00:00,9.12,9.26,9.12,9.2,3345.0
2025-05-12 12:00:00+00:00,9.38,9.46,9.08,9.09,108017.0
2025-05-12 16:00:00+00:00,9.08,9.57,9.07,9.57,96977.0
2025-05-12 20:00:00+00:00,9.55,9.56,9.23,9.56,30259.0
2025-05-13 08:00:00+00:00,9.44,9.49,9.44,9.49,2304.0
2025-05-13 12:00:00+00:00,8.87,9.87,8.87,9.84,56545.0
2025-05-13 16:00:00+00:00,9.83,10.04,9.77,9.87,185803.0
2025-05-13 20:00:00+00:00,9.85,9.85,8.85,9.19,72720.0
2025-05-14 08:00:00+00:00,9.18,9.37,9.18,9.37,412.0
2025-05-14 12:00:00+00:00,9.37,9.37,7.86,8.58,385856.0
2025-05-14 16:00:00+00:00,8.56,8.67,7.82,8.05,503252.0
2025-05-14 20:00:00+00:00,8.05,8.47,8.05,8.47,57255.0
2025-05-15 08:00:00+00:00,8.06,8.44,8.06,8.36,9401.0
2025-05-15 12:00:00+00:00,8.36,9.14,8.22,9.01,304331.0
2025-05-15 16:00:00+00:00,9.01,9.16,8.8,8.89,305443.0
2025-05-15 20:00:00+00:00,8.88,8.88,8.77,8.82,31798.0
2025-05-16 08:00:00+00:00,8.88,8.88,8.88,8.88,349.0
2025-05-16 12:00:00+00:00,8.97,9.1,8.8,8.86,122303.0
2025-05-16 16:00:00+00:00,8.86,8.99,8.81,8.99,140110.0
2025-05-16 20:00:00+00:00,8.97,9.0,8.9,8.9,55866.0
2025-05-19 08:00:00+00:00,8.6,8.74,8.6,8.72,542.0
2025-05-19 12:00:00+00:00,8.76,8.98,8.58,8.66,135020.0
2025-05-19 16:00:00+00:00,8.66,8.77,8.58,8.76,156464.0
2025-05-19 20:00:00+00:00,8.75,8.78,8.58,8.58,34606.0
2025-05-20 08:00:00+00:00,8.59,8.67,8.59,8.67,3811.0
2025-05-20 12:00:00+00:00,8.75,8.75,8.55,8.73,49522.0
2025-05-20 16:00:00+00:00,8.72,8.87,8.68,8.87,61377.0
2025-05-20 20:00:00+00:00,8.85,8.85,8.57,8.58,30033.0
2025-05-21 08:00:00+00:00,8.83,8.84,8.83,8.84,200.0
2025-05-21 12:00:00+00:00,8.84,8.9,8.64,8.81,78177.0
2025-05-21 16:00:00+00:00,8.81,8.83,8.6,8.69,116334.0
2025-05-21 20:00:00+00:00,8.69,8.92,8.6,8.92,46533.0
2025-05-22 08:00:00+00:00,8.6,8.8,8.6,8.76,660.0
2025-05-22 12:00:00+00:00,8.76,8.89,8.62,8.89,31234.0
2025-05-22 16:00:00+00:00,8.89,8.97,8.83,8.85,108428.0
2025-05-22 20:00:00+00:00,8.86,8.87,8.86,8.87,30636.0
2025-05-23 08:00:00+00:00,8.91,8.91,8.91,8.91,753.0
2025-05-23 12:00:00+00:00,8.67,8.94,8.0,8.57,95497.0
2025-05-23 16:00:00+00:00,8.59,8.71,8.57,8.65,42303.0
2025-05-23 20:00:00+00:00,8.66,8.67,8.66,8.67,35354.0
2025-05-27 08:00:00+00:00,8.8,8.8,8.76,8.76,294.0
2025-05-27 12:00:00+00:00,8.76,9.02,8.68,9.02,104191.0
2025-05-27 16:00:00+00:00,9.0,9.04,8.92,9.02,109355.0
2025-05-27 20:00:00+00:00,9.02,9.04,8.96,8.96,55394.0
2025-05-28 08:00:00+00:00,8.93,9.0,8.9,8.9,1495.0
2025-05-28 12:00:00+00:00,9.02,9.07,8.89,8.99,65346.0
2025-05-28 16:00:00+00:00,8.99,9.13,8.93,9.08,149525.0
2025-05-28 20:00:00+00:00,9.07,9.12,8.86,8.89,32184.0
2025-05-29 08:00:00+00:00,9.11,9.14,9.11,9.14,598.0
2025-05-29 12:00:00+00:00,9.17,9.31,9.06,9.07,48467.0
2025-05-29 16:00:00+00:00,9.07,9.15,9.02,9.11,53190.0
2025-05-29 20:00:00+00:00,9.1,9.1,9.1,9.1,32261.0
2025-05-30 12:00:00+00:00,9.01,9.04,8.8,8.81,48773.0
2025-05-30 16:00:00+00:00,8.8,8.82,8.6,8.81,67722.0
2025-05-30 20:00:00+00:00,8.79,8.79,8.79,8.79,35089.0
2025-06-02 08:00:00+00:00,8.79,10.0,8.79,9.31,5484.0
2025-06-02 12:00:00+00:00,9.42,9.43,8.83,8.96,150274.0
2025-06-02 16:00:00+00:00,8.96,9.02,8.64,8.71,146190.0
2025-06-02 20:00:00+00:00,8.71,9.07,8.71,8.77,24638.0
2025-06-03 08:00:00+00:00,8.71,8.9,8.71,8.9,757.0
2025-06-03 12:00:00+00:00,8.9,8.9,8.6,8.77,32469.0
2025-06-03 16:00:00+00:00,8.77,9.01,8.76,9.0,72197.0
2025-06-03 20:00:00+00:00,8.98,9.06,8.92,9.02,21733.0
2025-06-04 08:00:00+00:00,9.1,9.1,8.62,8.62,1989.0
2025-06-04 12:00:00+00:00,9.02,9.11,8.89,9.02,27756.0
2025-06-04 16:00:00+00:00,9.03,9.05,8.9,8.91,34850.0
2025-06-04 20:00:00+00:00,8.9,9.02,8.85,8.85,17377.0
2025-06-05 08:00:00+00:00,9.04,9.08,8.99,9.02,1799.0
2025-06-05 12:00:00+00:00,9.08,9.08,8.81,9.05,55223.0
2025-06-05 16:00:00+00:00,9.06,9.13,8.7,8.8,126617.0
2025-06-05 20:00:00+00:00,8.78,8.93,8.73,8.73,24654.0
2025-06-06 08:00:00+00:00,8.93,8.93,8.93,8.93,104.0
2025-06-06 12:00:00+00:00,8.9,9.13,8.68,8.94,143455.0
2025-06-06 16:00:00+00:00,8.94,8.94,8.67,8.75,124030.0
2025-06-06 20:00:00+00:00,8.74,8.95,8.7,8.95,42877.0
2025-06-09 08:00:00+00:00,8.43,8.97,8.43,8.75,2253.0
2025-06-09 12:00:00+00:00,8.79,9.0,8.72,8.75,64524.0
2025-06-09 16:00:00+00:00,8.75,8.86,8.61,8.62,76156.0
2025-06-09 20:00:00+00:00,8.62,8.92,8.62,8.87,26558.0
2025-06-10 08:00:00+00:00,8.7,8.7,8.69,8.69,833.0
2025-06-10 12:00:00+00:00,8.69,9.04,8.69,8.96,63074.0
2025-06-10 16:00:00+00:00,8.96,8.99,8.85,8.9,61670.0
2025-06-10 20:00:00+00:00,8.89,8.91,8.84,8.84,27380.0
2025-06-11 08:00:00+00:00,9.01,9.01,9.01,9.01,100.0
2025-06-11 12:00:00+00:00,9.04,9.05,8.8,8.8,68235.0
2025-06-11 16:00:00+00:00,8.81,8.87,8.75,8.84,54357.0
2025-06-11 20:00:00+00:00,8.82,8.82,8.82,8.82,26844.0
2025-06-12 08:00:00+00:00,8.81,8.81,8.81,8.81,100.0
2025-06-12 12:00:00+00:00,8.79,8.87,8.7,8.74,38651.0
2025-06-12 16:00:00+00:00,8.74,8.77,8.63,8.64,53548.0
2025-06-12 20:00:00+00:00,8.65,8.7,8.64,8.68,24554.0
2025-06-13 08:00:00+00:00,8.53,8.6,8.5,8.6,816.0
2025-06-13 12:00:00+00:00,8.6,8.6,8.36,8.45,54174.0
2025-06-13 16:00:00+00:00,8.44,8.46,8.16,8.18,119727.0
2025-06-13 20:00:00+00:00,8.17,8.32,8.17,8.24,29044.0
2025-06-16 08:00:00+00:00,8.25,8.25,8.25,8.25,406.0
2025-06-16 12:00:00+00:00,8.32,8.59,8.27,8.56,121232.0
2025-06-16 16:00:00+00:00,8.55,8.78,8.55,8.78,92718.0
2025-06-16 20:00:00+00:00,8.77,8.77,8.51,8.7,30400.0
2025-06-17 08:00:00+00:00,8.5,8.5,8.5,8.5,300.0
2025-06-17 12:00:00+00:00,8.5,8.7,8.5,8.55,64638.0
2025-06-17 16:00:00+00:00,8.55,8.56,8.36,8.39,83194.0
2025-06-17 20:00:00+00:00,8.4,8.51,8.4,8.44,28752.0
2025-06-18 08:00:00+00:00,8.79,8.79,8.53,8.53,399.0
2025-06-18 12:00:00+00:00,8.5,8.56,8.35,8.49,37833.0
2025-06-18 16:00:00+00:00,8.48,8.51,8.36,8.38,42419.0
2025-06-18 20:00:00+00:00,8.37,8.46,8.37,8.46,25229.0
2025-06-20 08:00:00+00:00,8.45,8.66,8.44,8.66,5736.0
2025-06-20 12:00:00+00:00,8.5,8.83,8.46,8.62,137452.0
2025-06-20 16:00:00+00:00,8.6,8.68,8.35,8.35,300654.0
2025-06-20 20:00:00+00:00,8.36,8.38,8.36,8.38,53057.0
2025-06-23 08:00:00+00:00,8.41,8.41,8.36,8.36,900.0
2025-06-23 12:00:00+00:00,8.36,8.54,8.23,8.38,57909.0
2025-06-23 16:00:00+00:00,8.36,8.38,8.28,8.38,53348.0
2025-06-23 20:00:00+00:00,8.37,8.37,8.37,8.37,22211.0
2025-06-24 08:00:00+00:00,8.5,8.57,8.44,8.47,2083.0
2025-06-24 12:00:00+00:00,8.47,8.67,8.45,8.65,69707.0
2025-06-24 16:00:00+00:00,8.65,8.78,8.63,8.73,44719.0
2025-06-24 20:00:00+00:00,8.71,8.77,8.71,8.77,28606.0
2025-06-25 08:00:00+00:00,8.76,8.79,8.76,8.79,717.0
2025-06-25 12:00:00+00:00,8.71,8.93,8.7,8.81,38804.0
2025-06-25 16:00:00+00:00,8.8,8.8,8.5,8.52,44901.0
2025-06-25 20:00:00+00:00,8.51,8.8,8.51,8.68,18972.0
2025-06-26 08:00:00+00:00,8.52,8.68,8.51,8.68,1292.0
2025-06-26 12:00:00+00:00,8.62,8.63,8.51,8.57,24859.0
2025-06-26 16:00:00+00:00,8.6,8.7,8.57,8.67,61925.0
2025-06-26 20:00:00+00:00,8.66,8.69,8.66,8.69,25495.0
2025-06-27 08:00:00+00:00,8.65,8.68,8.65,8.68,353.0
2025-06-27 12:00:00+00:00,8.7,8.77,8.57,8.66,26392.0
2025-06-27 16:00:00+00:00,8.65,8.7,8.56,8.68,87084.0
2025-06-27 20:00:00+00:00,8.66,8.66,8.57,8.57,304703.0
2025-06-30 08:00:00+00:00,8.75,8.75,8.75,8.75,177.0
2025-06-30 12:00:00+00:00,8.75,9.09,8.7,9.03,85331.0
2025-06-30 16:00:00+00:00,9.02,9.16,9.02,9.09,82321.0
2025-06-30 20:00:00+00:00,9.08,9.18,8.92,8.92,42081.0
2025-07-01 08:00:00+00:00,9.08,9.08,8.99,8.99,410.0
2025-07-01 12:00:00+00:00,9.02,9.24,8.95,9.19,76820.0
2025-07-01 16:00:00+00:00,9.19,9.32,9.17,9.28,80885.0
2025-07-01 20:00:00+00:00,9.28,9.28,9.14,9.14,28194.0
2025-07-02 08:00:00+00:00,9.31,9.34,9.3,9.34,1409.0
2025-07-02 12:00:00+00:00,9.32,9.54,9.16,9.45,52795.0
2025-07-02 16:00:00+00:00,9.45,9.58,9.36,9.38,74944.0
2025-07-02 20:00:00+00:00,9.39,9.39,9.37,9.37,23349.0
2025-07-03 08:00:00+00:00,9.43,9.43,9.43,9.43,185.0
2025-07-03 12:00:00+00:00,9.46,9.49,9.25,9.4,50593.0
2025-07-03 16:00:00+00:00,9.4,9.45,9.35,9.39,61802.0
2025-07-03 20:00:00+00:00,9.39,9.39,9.39,9.39,0.0
2025-07-07 08:00:00+00:00,9.35,9.35,9.35,9.35,250.0
2025-07-07 12:00:00+00:00,9.42,9.42,9.1,9.24,62077.0
2025-07-07 16:00:00+00:00,9.27,9.38,9.17,9.35,90471.0
2025-07-07 20:00:00+00:00,9.36,9.37,9.36,9.37,41477.0
2025-07-08 08:00:00+00:00,9.37,9.4,9.36,9.4,542.0
2025-07-08 12:00:00+00:00,9.4,9.48,9.15,9.36,126079.0
2025-07-08 16:00:00+00:00,9.37,9.45,9.3,9.45,56668.0
2025-07-08 20:00:00+00:00,9.45,9.45,9.45,9.45,22857.0
2025-07-09 08:00:00+00:00,9.45,9.5,9.45,9.5,546.0
2025-07-09 12:00:00+00:00,9.45,9.5,9.31,9.38,23580.0
2025-07-09 16:00:00+00:00,9.38,9.55,9.36,9.54,54371.0
2025-07-09 20:00:00+00:00,9.54,9.55,9.47,9.5,24377.0
2025-07-10 08:00:00+00:00,9.79,9.8,9.56,9.6,1267.0
2025-07-10 12:00:00+00:00,9.5,9.82,9.48,9.79,52827.0
2025-07-10 16:00:00+00:00,9.78,9.92,9.76,9.88,91050.0
2025-07-10 20:00:00+00:00,9.86,9.91,9.86,9.91,23041.0
2025-07-11 08:00:00+00:00,9.85,9.85,9.77,9.78,2093.0
2025-07-11 12:00:00+00:00,9.86,9.86,9.65,9.75,45293.0
2025-07-11 16:00:00+00:00,9.74,9.83,9.72,9.79,53596.0
2025-07-11 20:00:00+00:00,9.81,9.81,9.8,9.81,29547.0
2025-07-14 08:00:00+00:00,9.79,9.8,9.79,9.8,691.0
2025-07-14 12:00:00+00:00,9.8,9.81,9.31,9.35,72091.0
2025-07-14 16:00:00+00:00,9.35,9.37,9.21,9.34,118308.0
2025-07-14 20:00:00+00:00,9.35,9.35,9.22,9.3,26592.0
2025-07-15 12:00:00+00:00,9.35,9.47,9.3,9.37,33903.0
2025-07-15 16:00:00+00:00,9.38,9.41,9.15,9.17,73865.0
2025-07-15 20:00:00+00:00,9.18,9.18,9.15,9.15,22134.0
2025-07-16 08:00:00+00:00,9.16,9.18,9.15,9.18,1062.0
2025-07-16 12:00:00+00:00,9.22,9.39,9.11,9.31,44275.0
2025-07-16 16:00:00+00:00,9.31,9.4,9.24,9.28,74869.0
2025-07-16 20:00:00+00:00,9.28,9.28,9.16,9.2,24558.0
2025-07-17 08:00:00+00:00,9.3,9.3,9.28,9.3,711.0
2025-07-17 12:00:00+00:00,9.3,9.74,9.3,9.65,105465.0
2025-07-17 16:00:00+00:00,9.63,9.67,9.49,9.57,221215.0
2025-07-17 20:00:00+00:00,9.57,9.69,9.4,9.69,26579.0
2025-07-18 08:00:00+00:00,9.57,9.58,9.5,9.57,4554.0
2025-07-18 12:00:00+00:00,9.53,9.78,9.48,9.77,55998.0
2025-07-18 16:00:00+00:00,9.77,9.77,9.56,9.69,39352.0
2025-07-18 20:00:00+00:00,9.68,9.69,9.27,9.28,22942.0
2025-07-21 12:00:00+00:00,9.79,10.06,9.7,9.75,62766.0
2025-07-21 16:00:00+00:00,9.74,9.78,9.65,9.71,34799.0
2025-07-21 20:00:00+00:00,9.72,9.78,9.69,9.78,18479.0
2025-07-22 08:00:00+00:00,9.66,9.66,9.66,9.66,100.0
2025-07-22 12:00:00+00:00,9.72,10.04,9.71,10.02,52096.0
2025-07-22 16:00:00+00:00,10.01,10.01,9.91,9.97,58535.0
2025-07-22 20:00:00+00:00,9.98,9.98,9.98,9.98,28293.0
2025-07-23 08:00:00+00:00,10.04,10.05,10.04,10.05,1050.0
2025-07-23 12:00:00+00:00,10.05,10.44,10.0,10.42,79660.0
2025-07-23 16:00:00+00:00,10.41,10.63,10.3,10.59,107276.0
2025-07-23 20:00:00+00:00,10.58,10.6,10.41,10.54,32099.0
2025-07-24 08:00:00+00:00,10.48,10.48,10.48,10.48,100.0
2025-07-24 12:00:00+00:00,10.58,10.58,10.28,10.28,42171.0
2025-07-24 16:00:00+00:00,10.28,10.38,10.2,10.22,63267.0
2025-07-24 20:00:00+00:00,10.23,10.34,10.23,10.34,22540.0
2025-07-25 12:00:00+00:00,10.5,10.5,9.94,9.98,59399.0
2025-07-25 16:00:00+00:00,9.98,10.27,9.98,10.26,52925.0
2025-07-25 20:00:00+00:00,10.25,10.25,10.2,10.2,23108.0
2025-07-28 08:00:00+00:00,10.41,10.46,10.4,10.4,3919.0
2025-07-28 12:00:00+00:00,10.35,10.5,10.26,10.37,35325.0
2025-07-28 16:00:00+00:00,10.38,10.41,10.29,10.41,36393.0
2025-07-28 20:00:00+00:00,10.4,10.46,10.4,10.43,23244.0
2025-07-29 08:00:00+00:00,10.31,10.41,10.31,10.36,940.0
2025-07-29 12:00:00+00:00,10.36,10.46,10.0,10.04,28939.0
2025-07-29 16:00:00+00:00,10.08,10.08,9.91,9.97,42297.0
2025-07-29 20:00:00+00:00,9.96,9.99,9.91,9.96,20198.0
2025-07-30 08:00:00+00:00,10.0,10.16,9.97,10.16,718.0
2025-07-30 12:00:00+00:00,10.0,10.08,9.88,10.0,26420.0
2025-07-30 16:00:00+00:00,10.0,10.07,9.73,9.78,47980.0
2025-07-30 20:00:00+00:00,9.78,10.14,9.78,10.13,18276.0
2025-07-31 08:00:00+00:00,9.79,9.79,9.78,9.79,1275.0
2025-07-31 12:00:00+00:00,9.8,10.23,9.78,10.18,109866.0
2025-07-31 16:00:00+00:00,10.18,10.3,10.0,10.04,105248.0
2025-07-31 20:00:00+00:00,10.04,10.1,10.02,10.1,19005.0
2025-08-01 08:00:00+00:00,9.85,9.86,9.76,9.86,708.0
2025-08-01 12:00:00+00:00,9.8,9.8,9.35,9.43,69906.0
2025-08-01 16:00:00+00:00,9.45,9.48,9.18,9.21,59945.0
2025-08-01 20:00:00+00:00,9.23,9.23,9.23,9.23,25092.0
2025-08-04 08:00:00+00:00,9.4,9.41,9.4,9.41,809.0
2025-08-04 12:00:00+00:00,9.23,9.54,9.23,9.33,38995.0
2025-08-04 16:00:00+00:00,9.32,9.33,9.16,9.33,74686.0
2025-08-04 20:00:00+00:00,9.32,9.32,9.32,9.32,22276.0
2025-08-05 08:00:00+00:00,9.4,9.49,9.4,9.49,458.0
2025-08-05 12:00:00+00:00,9.5,9.51,9.26,9.29,24804.0
2025-08-05 16:00:00+00:00,9.29,9.37,9.24,9.33,49360.0
2025-08-05 20:00:00+00:00,9.34,9.34,9.34,9.34,22864.0
2025-08-06 08:00:00+00:00,9.34,9.39,9.34,9.39,328.0
2025-08-06 12:00:00+00:00,9.39,9.39,9.19,9.29,46902.0
2025-08-06 16:00:00+00:00,9.27,9.27,9.17,9.21,45434.0
2025-08-06 20:00:00+00:00,9.19,9.19,9.19,9.19,19274.0
2025-08-07 12:00:00+00:00,9.26,9.44,9.13,9.14,42683.0
2025-08-07 16:00:00+00:00,9.14,9.17,8.92,9.17,57889.0
2025-08-07 20:00:00+00:00,9.17,9.2,9.17,9.19,25523.0
2025-08-08 08:00:00+00:00,9.17,9.28,9.17,9.28,872.0
2025-08-08 12:00:00+00:00,9.34,9.35,9.06,9.08,35248.0
2025-08-08 16:00:00+00:00,9.1,9.15,8.86,8.92,87505.0
2025-08-08 20:00:00+00:00,8.92,8.99,8.92,8.97,18559.0
2025-08-11 08:00:00+00:00,9.0,9.03,9.0,9.03,200.0
2025-08-11 12:00:00+00:00,9.09,9.45,8.94,9.06,53395.0
2025-08-11 16:00:00+00:00,9.07,9.14,8.88,9.13,82000.0
2025-08-11 20:00:00+00:00,9.14,9.14,9.13,9.13,29620.0
2025-08-12 12:00:00+00:00,9.15,9.42,9.09,9.35,59009.0
2025-08-12 16:00:00+00:00,9.36,9.39,9.2,9.36,82893.0
2025-08-12 20:00:00+00:00,9.36,13.56,9.36,13.12,855003.0
2025-08-13 08:00:00+00:00,13.15,13.88,12.0,12.26,317507.0
2025-08-13 12:00:00+00:00,12.7,18.45,11.81,17.14,8544300.0
2025-08-13 16:00:00+00:00,17.09,17.67,16.27,16.93,3196849.0
2025-08-13 20:00:00+00:00,17.27,17.33,16.41,17.33,182524.0
2025-08-14 08:00:00+00:00,17.0,17.71,17.0,17.25,32463.0
2025-08-14 12:00:00+00:00,17.25,17.7,15.85,16.3,1075129.0
2025-08-14 16:00:00+00:00,16.28,16.51,15.86,16.47,458026.0
2025-08-14 20:00:00+00:00,16.44,16.54,16.26,16.31,114750.0
2025-08-15 08:00:00+00:00,16.51,16.73,16.29,16.35,1698.0
2025-08-15 12:00:00+00:00,16.41,16.73,14.6,14.99,615655.0
2025-08-15 16:00:00+00:00,14.95,15.23,14.9,14.96,295883.0
2025-08-15 20:00:00+00:00,14.97,15.1,14.97,15.1,63317.0
2025-08-18 08:00:00+00:00,15.06,15.94,14.96,15.82,13618.0
2025-08-18 12:00:00+00:00,15.49,16.4,15.05,15.51,491258.0
2025-08-18 16:00:00+00:00,15.5,15.54,15.14,15.3,314493.0
2025-08-18 20:00:00+00:00,15.3,15.5,15.29,15.3,48595.0
2025-08-19 08:00:00+00:00,15.31,15.45,15.04,15.3,1365.0
2025-08-19 12:00:00+00:00,15.3,15.4,14.4,14.44,235278.0
2025-08-19 16:00:00+00:00,14.46,14.5,14.22,14.47,194233.0
2025-08-19 20:00:00+00:00,14.46,14.58,14.35,14.35,69945.0
2025-08-20 08:00:00+00:00,14.25,14.4,14.25,14.39,415.0
2025-08-20 12:00:00+00:00,14.52,14.92,14.01,14.88,233610.0
2025-08-20 16:00:00+00:00,14.91,15.18,14.73,15.08,309859.0
2025-08-20 20:00:00+00:00,15.05,15.09,15.05,15.05,61333.0
2025-08-21 08:00:00+00:00,15.06,15.06,15.03,15.03,10535.0
2025-08-21 12:00:00+00:00,15.03,15.2,14.37,14.42,144814.0
2025-08-21 16:00:00+00:00,14.45,14.5,14.17,14.33,145680.0
2025-08-21 20:00:00+00:00,14.34,14.34,14.34,14.34,55252.0
2025-08-22 08:00:00+00:00,14.33,14.49,14.33,14.49,524.0
2025-08-22 12:00:00+00:00,14.48,15.06,14.07,14.84,128897.0
2025-08-22 16:00:00+00:00,14.87,15.5,14.69,15.23,186606.0
2025-08-22 20:00:00+00:00,15.18,15.5,15.16,15.3,38864.0
2025-08-25 08:00:00+00:00,15.28,15.3,15.2,15.2,2855.0
2025-08-25 12:00:00+00:00,14.72,15.48,14.72,15.06,123969.0
2025-08-25 16:00:00+00:00,15.1,15.15,14.44,14.53,361431.0
2025-08-25 20:00:00+00:00,14.52,15.3,14.52,15.3,37215.0
2025-08-26 08:00:00+00:00,14.53,14.99,14.53,14.98,2117.0
2025-08-26 12:00:00+00:00,15.0,15.0,14.15,14.38,76843.0
2025-08-26 16:00:00+00:00,14.43,14.6,14.29,14.52,186629.0
2025-08-26 20:00:00+00:00,14.54,14.6,14.45,14.45,38532.0
2025-08-27 08:00:00+00:00,14.69,14.7,14.51,14.51,731.0
2025-08-27 12:00:00+00:00,14.7,15.05,14.4,15.04,134334.0
2025-08-27 16:00:00+00:00,15.06,15.45,14.89,15.18,239677.0
2025-08-27 20:00:00+00:00,15.18,15.49,15.04,15.1,77113.0
2025-08-28 08:00:00+00:00,15.24,15.81,15.24,15.51,3838.0
2025-08-28 12:00:00+00:00,15.52,15.64,14.87,14.92,174115.0
2025-08-28 16:00:00+00:00,14.95,15.05,14.79,14.82,143950.0
2025-08-28 20:00:00+00:00,14.82,15.05,14.82,15.05,38633.0
2025-08-29 08:00:00+00:00,14.75,14.75,14.69,14.72,774.0
2025-08-29 12:00:00+00:00,14.6,15.09,14.44,14.54,78235.0
2025-08-29 16:00:00+00:00,14.54,14.59,14.38,14.48,138831.0
2025-08-29 20:00:00+00:00,14.47,14.66,14.37,14.66,39677.0
2025-09-02 08:00:00+00:00,14.74,14.74,14.35,14.47,2160.0
2025-09-02 12:00:00+00:00,14.5,14.77,13.83,14.03,161950.0
2025-09-02 16:00:00+00:00,14.05,14.36,14.04,14.36,79047.0
2025-09-02 20:00:00+00:00,14.36,14.46,14.35,14.35,34248.0
2025-09-03 08:00:00+00:00,14.35,14.35,14.26,14.26,200.0
2025-09-03 12:00:00+00:00,14.26,14.71,14.2,14.51,225876.0
2025-09-03 16:00:00+00:00,14.49,14.65,14.42,14.65,119385.0
2025-09-03 20:00:00+00:00,14.65,14.65,14.65,14.65,61602.0
2025-09-04 08:00:00+00:00,14.73,14.75,14.71,14.72,445.0
2025-09-04 12:00:00+00:00,14.72,14.72,14.11,14.33,64366.0
2025-09-04 16:00:00+00:00,14.33,14.82,14.23,14.56,200762.0
2025-09-04 20:00:00+00:00,14.56,14.83,14.56,14.72,46132.0
2025-09-05 08:00:00+00:00,14.83,14.85,14.7,14.85,308.0
2025-09-05 12:00:00+00:00,14.85,15.06,14.24,14.26,109071.0
2025-09-05 16:00:00+00:00,14.27,14.41,14.1,14.41,168483.0
2025-09-05 20:00:00+00:00,14.41,14.65,14.41,14.65,66703.0
2025-09-08 08:00:00+00:00,14.81,15.0,14.44,14.44,2518.0
2025-09-08 12:00:00+00:00,14.55,14.68,13.91,14.11,106059.0
2025-09-08 16:00:00+00:00,14.1,14.64,14.02,14.62,236281.0
2025-09-08 20:00:00+00:00,14.61,14.61,14.28,14.32,54409.0
2025-09-09 08:00:00+00:00,14.7,14.7,14.66,14.66,1089.0
2025-09-09 12:00:00+00:00,14.63,14.96,14.37,14.39,65363.0
2025-09-09 16:00:00+00:00,14.38,15.0,14.38,14.89,372803.0
2025-09-09 20:00:00+00:00,14.87,14.87,14.85,14.85,40776.0
2025-09-10 08:00:00+00:00,14.79,14.79,14.76,14.78,1108.0
2025-09-10 12:00:00+00:00,14.84,15.03,14.02,14.14,150985.0
2025-09-10 16:00:00+00:00,14.11,14.18,13.91,14.03,151547.0
2025-09-10 20:00:00+00:00,14.03,14.14,13.97,14.14,47631.0
2025-09-11 08:00:00+00:00,14.04,14.04,14.04,14.04,200.0
2025-09-11 12:00:00+00:00,14.16,14.43,14.03,14.15,80653.0
2025-09-11 16:00:00+00:00,14.13,14.3,14.02,14.03,102853.0
2025-09-11 20:00:00+00:00,14.04,14.05,14.04,14.05,39002.0
2025-09-12 12:00:00+00:00,13.97,14.33,13.97,14.27,101632.0
2025-09-12 16:00:00+00:00,14.24,14.5,14.1,14.25,146980.0
2025-09-12 20:00:00+00:00,14.24,14.49,14.24,14.3,56554.0
2025-09-15 08:00:00+00:00,14.25,14.25,14.25,14.25,100.0
2025-09-15 12:00:00+00:00,14.24,15.98,14.24,15.01,398373.0
2025-09-15 16:00:00+00:00,15.01,15.16,14.76,14.97,192582.0
2025-09-15 20:00:00+00:00,14.96,29.0,14.96,23.69,2586771.0
2025-09-16 08:00:00+00:00,23.8,24.5,20.3,20.66,375513.0
2025-09-16 12:00:00+00:00,21.6,24.49,18.51,19.89,3033123.0
2025-09-16 16:00:00+00:00,19.88,21.32,19.88,20.81,2883816.0
2025-09-16 20:00:00+00:00,20.8,20.88,19.3,20.05,228420.0
2025-09-17 08:00:00+00:00,20.28,20.54,19.05,20.07,11832.0
2025-09-17 12:00:00+00:00,19.95,21.99,19.5,21.06,1004439.0
2025-09-17 16:00:00+00:00,21.1,21.78,20.82,20.99,982651.0
2025-09-17 20:00:00+00:00,21.0,21.35,21.0,21.2,119048.0
2025-09-18 08:00:00+00:00,21.42,21.66,21.03,21.1,7340.0
2025-09-18 12:00:00+00:00,21.1,21.66,19.91,20.17,398758.0
2025-09-18 16:00:00+00:00,20.17,21.12,20.14,21.11,291077.0
2025-09-18 20:00:00+00:00,21.1,21.1,20.92,20.92,53805.0
2025-09-19 08:00:00+00:00,21.1,21.1,20.77,21.0,963.0
2025-09-19 12:00:00+00:00,20.97,21.44,20.71,21.31,187587.0
2025-09-19 16:00:00+00:00,21.34,22.47,21.17,21.27,1035337.0
2025-09-19 20:00:00+00:00,21.26,21.77,21.23,21.4,326252.0
2025-09-22 08:00:00+00:00,21.04,21.1,20.76,21.1,4923.0
2025-09-22 12:00:00+00:00,21.0,21.91,20.7,21.26,158196.0
2025-09-22 16:00:00+00:00,21.28,21.38,20.95,21.14,193971.0
2025-09-22 20:00:00+00:00,21.15,21.37,21.0,21.37,56009.0
2025-09-23 08:00:00+00:00,21.0,21.11,21.0,21.08,710.0
2025-09-23 12:00:00+00:00,21.11,21.34,20.72,21.06,123666.0
2025-09-23 16:00:00+00:00,21.1,21.24,20.4,20.7,159538.0
2025-09-23 20:00:00+00:00,20.7,20.7,20.52,20.52,56265.0
2025-09-24 08:00:00+00:00,20.7,20.7,20.7,20.7,300.0
2025-09-24 12:00:00+00:00,20.7,20.98,19.84,19.84,117074.0
2025-09-24 16:00:00+00:00,19.84,20.22,19.69,20.0,109113.0
2025-09-24 20:00:00+00:00,20.02,20.15,19.96,19.96,50110.0
2025-09-25 08:00:00+00:00,20.11,20.11,19.25,19.26,1801.0
2025-09-25 12:00:00+00:00,19.37,20.07,19.09,19.66,153304.0
2025-09-25 16:00:00+00:00,19.67,20.07,19.23,20.06,194624.0
2025-09-25 20:00:00+00:00,20.05,20.1,20.01,20.06,45371.0
2025-09-26 08:00:00+00:00,20.08,20.08,20.05,20.05,400.0
2025-09-26 12:00:00+00:00,19.57,20.12,19.43,19.49,71475.0
2025-09-26 16:00:00+00:00,19.46,19.71,19.34,19.44,148272.0
2025-09-26 20:00:00+00:00,19.44,19.87,19.44,19.87,38884.0
2025-09-29 08:00:00+00:00,19.69,19.93,19.68,19.83,1685.0
2025-09-29 12:00:00+00:00,19.83,20.01,19.5,19.57,55220.0
2025-09-29 16:00:00+00:00,19.58,19.9,19.46,19.76,68458.0
2025-09-29 20:00:00+00:00,19.73,19.9,19.72,19.9,38701.0
2025-09-30 12:00:00+00:00,19.51,19.6,18.71,18.73,89942.0
2025-09-30 16:00:00+00:00,18.73,19.46,18.6,19.4,152443.0
2025-09-30 20:00:00+00:00,19.41,19.41,18.89,18.89,65259.0
2025-10-01 08:00:00+00:00,19.05,19.22,19.05,19.22,2043.0
2025-10-01 12:00:00+00:00,19.12,19.39,18.24,18.28,134109.0
2025-10-01 16:00:00+00:00,18.29,18.31,17.71,17.86,280225.0
2025-10-01 20:00:00+00:00,17.85,18.5,17.85,18.47,70491.0
2025-10-02 08:00:00+00:00,18.01,18.4,18.01,18.06,1765.0
2025-10-02 12:00:00+00:00,18.06,18.36,17.13,17.47,143389.0
2025-10-02 16:00:00+00:00,17.47,18.05,17.34,17.79,196783.0
2025-10-02 20:00:00+00:00,17.78,18.07,17.78,18.07,86323.0
2025-10-03 08:00:00+00:00,17.79,17.98,17.79,17.84,1232.0
2025-10-03 12:00:00+00:00,17.98,18.45,17.81,18.34,109680.0
2025-10-03 16:00:00+00:00,18.38,18.42,17.96,18.03,93539.0
2025-10-03 20:00:00+00:00,18.02,18.27,18.02,18.09,45540.0
2025-10-06 08:00:00+00:00,18.07,18.09,18.07,18.09,480.0
2025-10-06 12:00:00+00:00,18.07,18.43,17.88,18.32,100664.0
2025-10-06 16:00:00+00:00,18.32,18.66,18.2,18.5,211487.0
2025-10-06 20:00:00+00:00,18.5,18.55,18.5,18.5,28661.0
2025-10-07 08:00:00+00:00,18.31,18.59,18.31,18.47,900.0
2025-10-07 12:00:00+00:00,18.49,18.92,17.7,17.79,119171.0
2025-10-07 16:00:00+00:00,17.8,18.27,17.71,18.2,146709.0
2025-10-07 20:00:00+00:00,18.2,18.31,18.19,18.31,36834.0
2025-10-08 08:00:00+00:00,18.2,18.44,18.2,18.28,1491.0
2025-10-08 12:00:00+00:00,18.43,18.47,18.08,18.17,54685.0
2025-10-08 16:00:00+00:00,18.18,18.33,17.56,17.75,125896.0
2025-10-08 20:00:00+00:00,17.75,17.86,17.75,17.77,43089.0
2025-10-09 08:00:00+00:00,17.75,17.75,17.75,17.75,638.0
2025-10-09 12:00:00+00:00,17.81,18.19,17.26,17.31,97799.0
2025-10-09 16:00:00+00:00,17.34,17.5,16.82,16.96,242904.0
2025-10-09 20:00:00+00:00,16.98,17.22,16.96,17.21,41396.0
2025-10-10 08:00:00+00:00,17.07,17.11,17.07,17.11,546.0
2025-10-10 12:00:00+00:00,17.22,17.31,16.28,16.59,195471.0
2025-10-10 16:00:00+00:00,16.59,16.75,16.29,16.7,155969.0
2025-10-10 20:00:00+00:00,16.7,16.76,16.24,16.43,67905.0
2025-10-13 08:00:00+00:00,16.88,17.34,16.85,16.85,4115.0
2025-10-13 12:00:00+00:00,16.85,17.49,16.62,16.88,69673.0
2025-10-13 16:00:00+00:00,16.9,17.54,16.88,17.45,103296.0
2025-10-13 20:00:00+00:00,17.45,17.48,17.28,17.48,43289.0
2025-10-14 08:00:00+00:00,17.18,17.2,17.01,17.18,1642.0
2025-10-14 12:00:00+00:00,17.14,17.38,16.89,17.34,54482.0
2025-10-14 16:00:00+00:00,17.34,17.82,17.28,17.42,128051.0
2025-10-14 20:00:00+00:00,17.41,17.41,17.06,17.06,53951.0
2025-10-15 12:00:00+00:00,17.41,18.55,17.41,18.11,142237.0
2025-10-15 16:00:00+00:00,18.11,18.37,17.9,18.31,275389.0
2025-10-15 20:00:00+00:00,18.31,18.5,18.19,18.2,57873.0
2025-10-16 08:00:00+00:00,18.52,18.77,18.34,18.49,2595.0
2025-10-16 12:00:00+00:00,18.76,19.01,18.18,18.21,131802.0
2025-10-16 16:00:00+00:00,18.19,18.36,17.92,17.97,124982.0
2025-10-16 20:00:00+00:00,17.95,17.95,17.66,17.8,44392.0
2025-10-17 08:00:00+00:00,17.31,17.76,16.99,17.33,3289.0
2025-10-17 12:00:00+00:00,17.72,18.11,16.95,17.82,115729.0
2025-10-17 16:00:00+00:00,17.86,18.22,17.84,18.05,225281.0
2025-10-17 20:00:00+00:00,18.05,18.08,18.05,18.08,53035.0
2025-10-20 08:00:00+00:00,18.5,18.5,18.5,18.5,100.0
2025-10-20 12:00:00+00:00,18.5,18.71,17.82,18.06,94274.0
2025-10-20 16:00:00+00:00,18.03,18.32,17.97,18.13,127909.0
2025-10-20 20:00:00+00:00,18.12,18.18,18.0,18.11,59141.0
2025-10-21 08:00:00+00:00,18.12,18.12,17.97,17.97,256.0
2025-10-21 12:00:00+00:00,18.21,18.59,17.85,18.14,59636.0
2025-10-21 16:00:00+00:00,18.15,18.29,18.07,18.12,43214.0
2025-10-21 20:00:00+00:00,18.14,18.32,17.73,18.01,42538.0
2025-10-22 08:00:00+00:00,17.99,18.21,17.8,17.8,1002.0
2025-10-22 12:00:00+00:00,17.91,18.13,16.97,17.26,182188.0
2025-10-22 16:00:00+00:00,17.25,17.33,16.83,17.32,123562.0
2025-10-22 20:00:00+00:00,17.31,17.31,17.12,17.12,52539.0
2025-10-23 08:00:00+00:00,17.59,17.59,17.48,17.54,2238.0
2025-10-23 12:00:00+00:00,17.4,18.03,17.2,17.92,53060.0
2025-10-23 16:00:00+00:00,17.91,18.01,17.64,17.85,83474.0
2025-10-23 20:00:00+00:00,17.86,17.86,17.56,17.64,32039.0
2025-10-24 08:00:00+00:00,17.86,18.35,17.86,18.16,1147.0
2025-10-24 12:00:00+00:00,18.1,18.62,17.98,18.29,64712.0
2025-10-24 16:00:00+00:00,18.32,18.43,18.15,18.23,87242.0
2025-10-24 20:00:00+00:00,18.22,18.34,18.09,18.32,27567.0
2025-10-27 12:00:00+00:00,18.27,18.94,18.25,18.46,92859.0
2025-10-27 16:00:00+00:00,18.48,18.63,18.42,18.54,50586.0
2025-10-27 20:00:00+00:00,18.52,18.64,18.4,18.64,30045.0
2025-10-28 08:00:00+00:00,18.67,18.67,18.5,18.5,1066.0
2025-10-28 12:00:00+00:00,18.23,18.57,17.61,17.7,80349.0
2025-10-28 16:00:00+00:00,17.68,17.74,17.12,17.65,171613.0
2025-10-28 20:00:00+00:00,17.67,17.85,17.56,17.75,53060.0
2025-10-29 08:00:00+00:00,17.83,17.84,17.83,17.84,1250.0
2025-10-29 12:00:00+00:00,17.94,17.95,17.52,17.8,47239.0
2025-10-29 16:00:00+00:00,17.76,18.17,17.74,17.91,115900.0
2025-10-29 20:00:00+00:00,17.91,17.91,17.71,17.71,30642.0
2025-10-30 08:00:00+00:00,17.79,17.79,17.57,17.73,391.0
2025-10-30 12:00:00+00:00,17.99,17.99,17.38,17.55,22797.0
2025-10-30 16:00:00+00:00,17.55,17.85,17.55,17.7,46208.0
2025-10-30 20:00:00+00:00,17.7,17.7,17.61,17.65,48120.0
2025-10-31 08:00:00+00:00,17.7,17.7,17.7,17.7,196.0
2025-10-31 12:00:00+00:00,17.85,18.17,17.44,17.6,56281.0
2025-10-31 16:00:00+00:00,17.58,17.74,17.45,17.54,82325.0
2025-10-31 20:00:00+00:00,17.53,17.53,17.53,17.53,58159.0
2025-11-03 08:00:00+00:00,17.7,17.7,17.55,17.55,248.0
2025-11-03 12:00:00+00:00,17.55,17.73,17.2,17.37,47286.0
2025-11-03 16:00:00+00:00,17.42,17.54,17.32,17.35,72532.0
2025-11-03 20:00:00+00:00,17.36,17.64,17.33,17.37,101198.0
2025-11-04 00:00:00+00:00,17.37,17.37,17.37,17.37,0.0
2025-11-04 08:00:00+00:00,17.05,17.05,17.0,17.05,985.0
2025-11-04 12:00:00+00:00,17.0,17.55,16.69,17.32,41871.0
2025-11-04 16:00:00+00:00,17.37,17.38,17.07,17.07,51164.0
2025-11-04 20:00:00+00:00,17.07,17.25,16.91,17.0,97217.0
2025-11-05 00:00:00+00:00,17.0,17.01,17.0,17.0,0.0
2025-11-05 08:00:00+00:00,17.15,17.15,17.15,17.15,947.0
2025-11-05 12:00:00+00:00,17.15,17.7,17.1,17.68,30105.0
2025-11-05 16:00:00+00:00,17.66,17.83,17.57,17.76,58786.0
2025-11-05 20:00:00+00:00,17.8,17.87,17.52,17.64,103376.0
2025-11-06 00:00:00+00:00,17.64,17.64,17.64,17.64,0.0
2025-11-06 08:00:00+00:00,17.64,17.64,17.64,17.64,100.0
2025-11-06 12:00:00+00:00,17.62,17.82,16.77,16.82,110594.0
2025-11-06 16:00:00+00:00,16.78,17.25,16.53,17.11,130673.0
2025-11-06 20:00:00+00:00,17.08,17.16,16.66,16.66,164648.0
2025-11-07 00:00:00+00:00,16.66,16.66,16.66,16.66,0.0
2025-11-07 12:00:00+00:00,16.93,16.94,16.24,16.25,98858.0
2025-11-07 16:00:00+00:00,16.25,16.3,16.0,16.26,138048.0
2025-11-07 20:00:00+00:00,16.23,16.48,16.15,16.45,116849.0
2025-11-08 00:00:00+00:00,16.8,16.8,16.45,16.45,7800.0
2025-11-10 08:00:00+00:00,16.6,16.6,16.6,16.6,100.0
2025-11-10 12:00:00+00:00,16.6,17.0,16.45,16.76,55387.0
2025-11-10 16:00:00+00:00,16.74,16.86,16.63,16.73,74700.0
2025-11-10 20:00:00+00:00,16.73,16.83,16.66,16.78,94263.0
2025-11-11 00:00:00+00:00,16.78,16.78,16.78,16.78,0.0
2025-11-11 12:00:00+00:00,16.98,17.0,16.56,16.69,41025.0
2025-11-11 16:00:00+00:00,16.69,16.95,16.25,16.48,290663.0
2025-11-11 20:00:00+00:00,16.48,16.78,16.38,16.7,122121.0
2025-11-12 00:00:00+00:00,16.7,16.7,16.7,16.7,0.0
2025-11-12 08:00:00+00:00,16.79,16.79,16.64,16.66,674.0
2025-11-12 12:00:00+00:00,16.66,16.94,16.04,16.05,133674.0
2025-11-12 16:00:00+00:00,16.02,16.06,15.77,16.0,247746.0
2025-11-12 20:00:00+00:00,16.01,18.36,12.15,13.05,737033.0
2025-11-13 00:00:00+00:00,13.1,13.3,12.79,12.8,10392.0
2025-11-13 08:00:00+00:00,13.6,13.6,12.24,12.64,48258.0
2025-11-13 12:00:00+00:00,12.64,14.27,12.2,12.76,1111126.0
2025-11-13 16:00:00+00:00,12.76,12.78,12.22,12.43,884122.0
2025-11-13 20:00:00+00:00,12.42,12.68,12.22,12.59,369100.0
2025-11-14 00:00:00+00:00,12.6,12.6,12.55,12.56,400.0
2025-11-14 08:00:00+00:00,12.43,12.43,12.35,12.35,634.0
2025-11-14 12:00:00+00:00,12.35,12.77,11.73,12.64,251841.0
2025-11-14 16:00:00+00:00,12.62,12.9,12.55,12.82,567521.0
2025-11-14 20:00:00+00:00,12.86,13.03,12.75,12.93,200764.0
2025-11-15 00:00:00+00:00,12.93,12.93,12.93,12.93,2000.0
2025-11-17 12:00:00+00:00,12.83,13.05,12.25,12.42,235078.0
2025-11-17 16:00:00+00:00,12.44,12.63,12.4,12.54,155120.0
2025-11-17 20:00:00+00:00,12.54,12.6,12.17,12.17,284419.0
2025-11-18 00:00:00+00:00,12.17,12.17,12.17,12.17,0.0
2025-11-18 12:00:00+00:00,12.06,12.21,11.84,12.0,72227.0
2025-11-18 16:00:00+00:00,12.02,12.93,11.95,12.65,166634.0
2025-11-18 20:00:00+00:00,12.68,12.71,11.92,11.92,140681.0
2025-11-19 00:00:00+00:00,11.92,11.92,11.92,11.92,0.0
2025-11-19 08:00:00+00:00,12.46,12.46,12.46,12.46,220.0
2025-11-19 12:00:00+00:00,12.46,12.64,12.33,12.4,46473.0
2025-11-19 16:00:00+00:00,12.43,12.54,12.33,12.44,114444.0
2025-11-19 20:00:00+00:00,12.44,12.54,12.44,12.52,178283.0
2025-11-20 00:00:00+00:00,12.52,12.52,12.52,12.52,0.0
2025-11-20 08:00:00+00:00,12.56,12.57,12.56,12.57,241.0
2025-11-20 12:00:00+00:00,12.62,13.2,12.54,12.93,75648.0
2025-11-20 16:00:00+00:00,12.93,12.99,12.49,12.71,195390.0
2025-11-20 20:00:00+00:00,12.69,12.85,12.33,12.33,477079.0
2025-11-21 00:00:00+00:00,12.33,12.33,12.33,12.33,0.0
2025-11-21 08:00:00+00:00,12.54,12.55,12.51,12.54,869.0
2025-11-21 12:00:00+00:00,12.6,12.8,12.13,12.64,125137.0
2025-11-21 16:00:00+00:00,12.6,13.53,12.56,13.52,238816.0
2025-11-21 20:00:00+00:00,13.53,13.79,13.53,13.53,298660.0
2025-11-22 00:00:00+00:00,13.53,13.53,13.53,13.53,0.0
2025-11-24 08:00:00+00:00,13.58,13.6,13.54,13.54,490.0
2025-11-24 12:00:00+00:00,13.6,14.03,13.21,14.02,82356.0
2025-11-24 16:00:00+00:00,14.06,14.41,14.02,14.18,91865.0
2025-11-24 20:00:00+00:00,14.2,14.4,14.02,14.27,436333.0
2025-11-25 00:00:00+00:00,14.27,14.27,14.26,14.27,0.0
2025-11-25 08:00:00+00:00,14.26,14.26,14.26,14.26,100.0
2025-11-25 12:00:00+00:00,14.26,14.56,14.26,14.5,130525.0
2025-11-25 16:00:00+00:00,14.51,14.58,14.3,14.53,169642.0
2025-11-25 20:00:00+00:00,14.54,14.58,14.23,14.38,205133.0
2025-11-26 00:00:00+00:00,14.38,14.38,14.38,14.38,0.0
2025-11-26 08:00:00+00:00,14.54,14.54,14.37,14.54,968.0
2025-11-26 12:00:00+00:00,14.54,14.63,14.34,14.57,42983.0
2025-11-26 16:00:00+00:00,14.5,14.56,13.58,13.79,157938.0
2025-11-26 20:00:00+00:00,13.78,13.81,13.52,13.63,201798.0
2025-11-27 00:00:00+00:00,13.59,13.59,13.5,13.58,777.0
2025-11-28 08:00:00+00:00,13.6,13.6,13.6,13.6,100.0
2025-11-28 12:00:00+00:00,13.6,14.0,13.6,13.75,49119.0
2025-11-28 16:00:00+00:00,13.76,13.91,13.69,13.91,96751.0
2025-11-28 20:00:00+00:00,13.91,13.91,13.91,13.91,0.0
2025-12-01 08:00:00+00:00,13.9,13.95,13.9,13.95,250.0
2025-12-01 12:00:00+00:00,13.57,13.91,13.52,13.91,48567.0
2025-12-01 16:00:00+00:00,13.93,14.18,13.8,14.08,212756.0
2025-12-01 20:00:00+00:00,14.1,14.15,13.9,13.93,131930.0
2025-12-02 00:00:00+00:00,13.93,13.93,13.93,13.93,0.0
2025-12-02 12:00:00+00:00,13.97,14.18,13.86,14.0,19274.0
2025-12-02 16:00:00+00:00,14.01,14.19,13.85,14.0,314807.0
2025-12-02 20:00:00+00:00,14.02,14.03,13.58,13.91,213760.0
2025-12-03 00:00:00+00:00,13.91,13.91,13.91,13.91,0.0
2025-12-03 08:00:00+00:00,13.96,13.96,13.96,13.96,284.0
2025-12-03 12:00:00+00:00,13.96,14.07,13.49,13.83,75069.0
2025-12-03 16:00:00+00:00,13.84,14.02,13.75,13.85,384261.0
2025-12-03 20:00:00+00:00,13.83,14.23,13.82,14.09,194946.0
2025-12-04 00:00:00+00:00,14.09,14.09,14.09,14.09,0.0
2025-12-04 08:00:00+00:00,14.05,14.05,14.05,14.05,143.0
2025-12-04 12:00:00+00:00,14.05,14.23,13.88,14.1,31808.0
2025-12-04 16:00:00+00:00,14.1,14.5,14.09,14.39,71864.0
2025-12-04 20:00:00+00:00,14.41,14.45,14.27,14.34,158407.0
2025-12-05 00:00:00+00:00,14.34,14.34,14.34,14.34,0.0
2025-12-05 12:00:00+00:00,14.26,14.49,14.16,14.3,41703.0
2025-12-05 16:00:00+00:00,14.3,14.3,13.9,14.07,292650.0
2025-12-05 20:00:00+00:00,14.06,14.07,13.85,13.93,220608.0
2025-12-06 00:00:00+00:00,13.08,13.08,13.07,13.08,139.0
2025-12-08 08:00:00+00:00,13.91,13.91,13.91,13.91,110.0
2025-12-08 12:00:00+00:00,14.05,14.05,13.67,13.67,24688.0
2025-12-08 16:00:00+00:00,13.61,13.81,13.55,13.6,220944.0
2025-12-08 20:00:00+00:00,13.61,13.87,13.51,13.51,151795.0
2025-12-09 00:00:00+00:00,13.51,13.51,13.51,13.51,0.0
2025-12-09 12:00:00+00:00,13.72,13.85,13.37,13.77,33082.0
2025-12-09 16:00:00+00:00,13.77,13.86,13.73,13.76,37119.0
2025-12-09 20:00:00+00:00,13.78,13.81,13.45,13.52,158060.0
2025-12-10 00:00:00+00:00,13.52,13.52,13.52,13.52,0.0
2025-12-10 12:00:00+00:00,13.93,13.93,13.42,13.43,26851.0
2025-12-10 16:00:00+00:00,13.4,13.64,13.22,13.61,134518.0
2025-12-10 20:00:00+00:00,13.61,13.65,13.32,13.33,133818.0
2025-12-11 00:00:00+00:00,13.35,13.35,13.35,13.35,138.0
2025-12-11 12:00:00+00:00,13.19,13.5,13.13,13.22,42567.0
2025-12-11 16:00:00+00:00,13.2,13.26,12.83,12.83,64457.0
2025-12-11 20:00:00+00:00,12.83,13.0,12.67,12.99,148802.0
2025-12-12 00:00:00+00:00,12.99,12.99,12.99,12.99,0.0
2025-12-12 12:00:00+00:00,13.01,13.04,12.76,12.8,45784.0
2025-12-12 16:00:00+00:00,12.83,12.84,12.57,12.66,43264.0
2025-12-12 20:00:00+00:00,12.65,12.65,12.48,12.5,132750.0
2025-12-13 00:00:00+00:00,12.5,12.51,12.5,12.5,0.0
2025-12-15 12:00:00+00:00,12.52,12.9,12.27,12.5,41774.0
2025-12-15 16:00:00+00:00,12.51,12.68,12.49,12.67,49047.0
2025-12-15 20:00:00+00:00,12.66,12.66,12.37,12.37,146389.0
2025-12-16 00:00:00+00:00,12.45,12.45,12.45,12.45,220.0
2025-12-16 12:00:00+00:00,12.4,12.77,12.32,12.48,55645.0
2025-12-16 16:00:00+00:00,12.45,12.56,12.23,12.54,64311.0
2025-12-16 20:00:00+00:00,12.54,12.63,12.44,12.44,124724.0
2025-12-17 00:00:00+00:00,12.44,12.44,12.44,12.44,0.0
2025-12-17 08:00:00+00:00,12.53,12.53,12.53,12.53,362.0
2025-12-17 12:00:00+00:00,12.54,12.68,12.39,12.43,61840.0
2025-12-17 16:00:00+00:00,12.41,12.52,12.27,12.31,111150.0
2025-12-17 20:00:00+00:00,12.31,12.32,12.18,12.32,104206.0
2025-12-18 00:00:00+00:00,12.32,12.32,12.32,12.32,0.0
2025-12-18 12:00:00+00:00,12.22,12.62,12.22,12.5,48214.0
2025-12-18 16:00:00+00:00,12.51,12.99,12.4,12.75,203059.0
2025-12-18 20:00:00+00:00,12.73,12.81,12.49,12.52,90596.0
2025-12-19 00:00:00+00:00,12.52,12.52,12.52,12.52,0.0
2025-12-19 08:00:00+00:00,12.52,12.52,12.52,12.52,476.0
2025-12-19 12:00:00+00:00,12.52,12.76,12.49,12.75,30511.0
2025-12-19 16:00:00+00:00,12.75,12.91,12.63,12.66,33901.0
2025-12-19 20:00:00+00:00,12.67,12.94,12.64,12.94,302475.0
2025-12-20 00:00:00+00:00,12.94,12.94,12.85,12.85,481.0
2025-12-22 08:00:00+00:00,13.0,13.0,13.0,13.0,100.0
2025-12-22 12:00:00+00:00,12.9,13.06,12.83,12.9,34833.0
2025-12-22 16:00:00+00:00,12.9,13.08,12.89,13.04,96549.0
2025-12-22 20:00:00+00:00,13.03,13.13,12.99,13.04,76523.0
2025-12-23 00:00:00+00:00,13.04,13.04,13.04,13.04,0.0
2025-12-23 08:00:00+00:00,13.01,13.01,12.92,12.92,270.0
2025-12-23 12:00:00+00:00,12.92,13.46,12.73,12.9,61987.0
2025-12-23 16:00:00+00:00,12.9,13.1,12.8,12.96,60680.0
2025-12-23 20:00:00+00:00,12.96,13.08,12.85,12.85,89348.0
2025-12-24 00:00:00+00:00,12.85,12.85,12.85,12.85,0.0
2025-12-24 12:00:00+00:00,13.0,13.07,12.84,12.97,17033.0
2025-12-24 16:00:00+00:00,13.0,13.18,12.99,13.12,85080.0
2025-12-24 20:00:00+00:00,13.12,13.12,13.12,13.12,0.0
2025-12-26 08:00:00+00:00,13.2,13.2,13.19,13.2,779.0
2025-12-26 12:00:00+00:00,13.03,13.15,12.92,13.1,24342.0
2025-12-26 16:00:00+00:00,13.11,13.22,13.08,13.2,37043.0
2025-12-26 20:00:00+00:00,13.19,13.22,13.06,13.06,79978.0
2025-12-27 00:00:00+00:00,13.06,13.06,13.06,13.06,0.0
2025-12-29 12:00:00+00:00,13.09,13.2,12.94,13.08,26794.0
2025-12-29 16:00:00+00:00,13.1,13.19,13.07,13.18,33630.0
2025-12-29 20:00:00+00:00,13.19,13.19,13.07,13.07,134685.0
2025-12-30 00:00:00+00:00,13.07,13.07,13.07,13.07,0.0
2025-12-30 12:00:00+00:00,13.01,13.29,13.01,13.18,72466.0
2025-12-30 16:00:00+00:00,13.2,13.34,13.09,13.1,182060.0
2025-12-30 20:00:00+00:00,13.1,13.19,12.97,13.18,143174.0
2025-12-31 00:00:00+00:00,13.18,13.18,13.18,13.18,0.0
2025-12-31 12:00:00+00:00,13.17,13.18,12.96,13.07,16089.0
2025-12-31 16:00:00+00:00,13.08,13.08,12.98,13.04,44063.0
2025-12-31 20:00:00+00:00,13.04,13.11,13.0,13.02,160170.0
2026-01-01 00:00:00+00:00,13.02,13.02,13.02,13.02,0.0
2026-01-02 08:00:00+00:00,13.06,13.06,13.06,13.06,159.0
2026-01-02 12:00:00+00:00,13.06,13.32,13.03,13.06,35392.0
2026-01-02 16:00:00+00:00,13.02,13.26,12.98,13.23,84587.0
2026-01-02 20:00:00+00:00,13.21,13.26,13.08,13.08,79611.0
2026-01-03 00:00:00+00:00,13.08,13.08,13.08,13.08,0.0
2026-01-05 08:00:00+00:00,13.16,13.2,13.14,13.2,6961.0
2026-01-05 12:00:00+00:00,13.2,13.9,13.01,13.9,51913.0
2026-01-05 16:00:00+00:00,13.89,13.9,13.74,13.89,52499.0
2026-01-05 20:00:00+00:00,13.9,13.91,13.55,13.55,95724.0
2026-01-06 00:00:00+00:00,13.55,13.55,13.55,13.55,0.0
2026-01-06 08:00:00+00:00,13.61,13.61,13.59,13.59,524.0
2026-01-06 12:00:00+00:00,13.6,13.89,13.46,13.82,34846.0
2026-01-06 16:00:00+00:00,13.85,13.98,13.79,13.98,44268.0
2026-01-06 20:00:00+00:00,13.97,14.0,13.93,14.0,80097.0
2026-01-07 00:00:00+00:00,14.0,14.0,14.0,14.0,200.0
2026-01-07 08:00:00+00:00,13.97,13.97,13.97,13.97,715.0
2026-01-07 12:00:00+00:00,13.97,14.17,13.82,13.86,42121.0
2026-01-07 16:00:00+00:00,13.83,13.88,13.71,13.87,19345.0
2026-01-07 20:00:00+00:00,13.87,13.9,13.73,13.79,54159.0
2026-01-08 00:00:00+00:00,13.79,13.79,13.79,13.79,0.0
2026-01-08 12:00:00+00:00,13.78,13.79,13.48,13.51,16039.0
2026-01-08 16:00:00+00:00,13.51,13.79,13.47,13.75,28459.0
2026-01-08 20:00:00+00:00,13.75,14.13,13.59,14.0,122349.0
2026-01-09 00:00:00+00:00,14.0,14.0,14.0,14.0,0.0
2026-01-09 08:00:00+00:00,13.93,13.93,13.71,13.71,210.0
2026-01-09 12:00:00+00:00,13.71,14.08,13.53,13.81,26916.0
2026-01-09 16:00:00+00:00,13.81,13.91,13.73,13.74,32315.0
2026-01-09 20:00:00+00:00,13.74,13.81,13.55,13.55,91817.0
2026-01-10 00:00:00+00:00,13.55,13.55,13.55,13.55,0.0
2026-01-12 12:00:00+00:00,13.59,13.7,13.36,13.7,29587.0
2026-01-12 16:00:00+00:00,13.74,13.93,13.66,13.83,59189.0
2026-01-12 20:00:00+00:00,13.83,13.84,13.75,13.8,67622.0
2026-01-13 00:00:00+00:00,13.8,13.8,13.8,13.8,0.0
2026-01-13 08:00:00+00:00,13.8,13.8,13.8,13.8,200.0
2026-01-13 12:00:00+00:00,13.8,13.88,13.5,13.63,22212.0
2026-01-13 16:00:00+00:00,13.6,13.69,13.56,13.66,20489.0
2026-01-13 20:00:00+00:00,13.67,13.67,13.5,13.6,65409.0
2026-01-14 00:00:00+00:00,13.6,13.6,13.6,13.6,0.0
2026-01-14 08:00:00+00:00,13.53,13.53,13.53,13.53,738.0
2026-01-14 12:00:00+00:00,13.53,13.53,13.22,13.24,26693.0
2026-01-14 16:00:00+00:00,13.24,13.3,13.11,13.19,33402.0
2026-01-14 20:00:00+00:00,13.19,13.36,13.19,13.32,71811.0
2026-01-15 00:00:00+00:00,13.32,13.32,13.32,13.32,0.0
2026-01-15 08:00:00+00:00,13.32,13.39,13.32,13.34,2003.0
2026-01-15 12:00:00+00:00,13.34,13.51,13.17,13.5,40656.0
2026-01-15 16:00:00+00:00,13.53,13.6,13.36,13.41,32375.0
2026-01-15 20:00:00+00:00,13.39,13.54,13.32,13.54,82255.0
2026-01-16 00:00:00+00:00,13.54,13.54,13.54,13.54,0.0
2026-01-16 08:00:00+00:00,13.48,13.48,13.48,13.48,133.0
2026-01-16 12:00:00+00:00,13.48,13.54,13.14,13.28,22735.0
2026-01-16 16:00:00+00:00,13.33,13.42,13.2,13.23,42751.0
2026-01-16 20:00:00+00:00,13.22,13.4,13.2,13.38,90952.0
2026-01-17 00:00:00+00:00,13.38,13.38,13.38,13.38,0.0
2026-01-20 12:00:00+00:00,13.04,13.23,12.65,13.23,41543.0
2026-01-20 16:00:00+00:00,13.23,13.23,12.92,13.03,42333.0
2026-01-20 20:00:00+00:00,13.0,13.02,12.9,12.99,77174.0
2026-01-21 00:00:00+00:00,12.99,12.99,12.99,12.99,0.0
2026-01-21 08:00:00+00:00,12.93,12.93,12.86,12.86,479.0
2026-01-21 12:00:00+00:00,12.86,13.05,12.85,13.03,33076.0
2026-01-21 16:00:00+00:00,13.01,13.01,12.55,12.93,80650.0
2026-01-21 20:00:00+00:00,12.92,12.92,12.74,12.84,75008.0
2026-01-22 00:00:00+00:00,12.84,12.84,12.84,12.84,0.0
2026-01-22 08:00:00+00:00,12.83,12.83,12.83,12.83,261.0
2026-01-22 12:00:00+00:00,12.83,13.38,12.8,13.28,48732.0
2026-01-22 16:00:00+00:00,13.29,13.37,13.14,13.21,39908.0
2026-01-22 20:00:00+00:00,13.2,13.32,13.18,13.19,85786.0
2026-01-23 00:00:00+00:00,13.2,13.2,13.2,13.2,150.0
2026-01-23 08:00:00+00:00,13.22,13.22,13.22,13.22,100.0
2026-01-23 12:00:00+00:00,13.23,13.33,13.0,13.25,40203.0
2026-01-23 16:00:00+00:00,13.27,13.32,13.08,13.2,26300.0
2026-01-23 20:00:00+00:00,13.18,13.18,13.08,13.09,73095.0
2026-01-24 00:00:00+00:00,13.09,13.09,13.09,13.09,0.0
2026-01-26 08:00:00+00:00,13.04,13.04,13.04,13.04,508.0
2026-01-26 12:00:00+00:00,13.04,13.19,12.93,13.07,15564.0
2026-01-26 16:00:00+00:00,13.07,13.26,13.06,13.07,18338.0
2026-01-26 20:00:00+00:00,13.05,13.1,12.9,12.9,63574.0
2026-01-27 00:00:00+00:00,12.9,12.9,12.9,12.9,0.0
2026-01-27 12:00:00+00:00,13.07,13.25,12.68,12.84,20674.0
2026-01-27 16:00:00+00:00,12.86,13.0,12.77,12.93,24937.0
2026-01-27 20:00:00+00:00,12.92,12.96,12.68,12.68,45600.0
2026-01-28 00:00:00+00:00,12.68,12.68,12.68,12.68,0.0
2026-01-28 12:00:00+00:00,12.89,13.0,12.81,12.82,20651.0
2026-01-28 16:00:00+00:00,12.79,12.89,12.73,12.83,21932.0
2026-01-28 20:00:00+00:00,12.82,12.83,12.67,12.67,64804.0
2026-01-29 00:00:00+00:00,12.67,12.67,12.67,12.67,0.0
2026-01-29 12:00:00+00:00,12.78,12.84,12.3,12.43,58007.0
2026-01-29 16:00:00+00:00,12.44,12.67,12.42,12.54,43987.0
2026-01-29 20:00:00+00:00,12.55,12.75,12.52,12.66,73213.0
2026-01-30 00:00:00+00:00,12.69,12.7,12.59,12.6,533.0
2026-01-30 08:00:00+00:00,12.43,12.43,12.37,12.37,1475.0
2026-01-30 12:00:00+00:00,12.37,12.53,12.07,12.17,29162.0
2026-01-30 16:00:00+00:00,12.13,12.17,11.92,12.04,60630.0
2026-01-30 20:00:00+00:00,12.04,12.11,11.97,12.09,97172.0
2026-01-31 00:00:00+00:00,12.3,12.31,12.3,12.3,135.0
2026-02-02 08:00:00+00:00,11.7,12.35,11.7,12.35,1109.0
2026-02-02 12:00:00+00:00,12.35,12.35,11.7,12.05,37472.0
2026-02-02 16:00:00+00:00,12.05,12.05,11.69,11.7,36128.0
2026-02-02 20:00:00+00:00,11.66,11.8,11.63,11.76,105654.0
2026-02-03 00:00:00+00:00,11.76,11.76,11.76,11.76,0.0
2026-02-03 08:00:00+00:00,11.8,11.8,11.78,11.78,200.0
2026-02-03 12:00:00+00:00,11.78,11.91,11.28,11.46,38000.0
2026-02-03 16:00:00+00:00,11.45,11.56,11.01,11.2,59394.0
2026-02-03 20:00:00+00:00,11.18,11.25,11.09,11.13,58609.0
2026-02-04 00:00:00+00:00,11.13,11.13,11.13,11.13,0.0
2026-02-04 12:00:00+00:00,11.25,11.25,10.7,10.95,41268.0
2026-02-04 16:00:00+00:00,10.92,10.94,10.35,10.49,99841.0
2026-02-04 20:00:00+00:00,10.49,10.83,10.45,10.77,176221.0
2026-02-05 00:00:00+00:00,10.77,10.77,10.77,10.77,0.0
2026-02-05 12:00:00+00:00,10.65,10.77,10.11,10.24,43489.0
2026-02-05 16:00:00+00:00,10.24,10.57,10.19,10.46,84725.0
2026-02-05 20:00:00+00:00,10.44,10.6,10.27,10.33,202642.0
2026-02-06 00:00:00+00:00,10.33,10.33,10.33,10.33,0.0
2026-02-06 08:00:00+00:00,10.43,10.43,10.43,10.43,472.0
2026-02-06 12:00:00+00:00,10.43,11.02,10.35,11.01,57736.0
2026-02-06 16:00:00+00:00,11.05,11.32,11.02,11.08,66908.0
2026-02-06 20:00:00+00:00,11.08,11.23,11.05,11.18,108153.0
2026-02-07 00:00:00+00:00,11.18,11.18,11.18,11.18,0.0
2026-02-09 12:00:00+00:00,11.18,11.49,10.93,11.26,32059.0
2026-02-09 16:00:00+00:00,11.35,11.47,11.29,11.43,29203.0
2026-02-09 20:00:00+00:00,11.39,11.47,11.3,11.3,55816.0
2026-02-10 00:00:00+00:00,11.3,11.3,11.3,11.3,0.0
2026-02-10 12:00:00+00:00,11.37,11.77,11.35,11.7,21783.0
2026-02-10 16:00:00+00:00,11.71,11.87,11.71,11.79,41880.0
2026-02-10 20:00:00+00:00,11.79,11.8,11.56,11.57,72849.0
2026-02-11 00:00:00+00:00,11.57,11.57,11.57,11.57,0.0
2026-02-11 12:00:00+00:00,11.67,11.8,11.13,11.37,30964.0
2026-02-11 16:00:00+00:00,11.38,11.84,11.32,11.62,192337.0
2026-02-11 20:00:00+00:00,11.61,11.88,11.54,11.88,145667.0
2026-02-12 00:00:00+00:00,11.87,11.87,11.85,11.85,1894.0
2026-02-12 08:00:00+00:00,11.86,11.9,11.86,11.9,268.0
2026-02-12 12:00:00+00:00,11.9,12.05,11.42,11.45,43601.0
2026-02-12 16:00:00+00:00,11.4,11.45,10.44,10.97,374236.0
2026-02-12 20:00:00+00:00,10.97,11.3,10.97,11.21,462785.0
2026-02-13 00:00:00+00:00,11.21,11.21,11.21,11.21,0.0
2026-02-13 12:00:00+00:00,11.21,11.3,10.77,11.04,70918.0
2026-02-13 16:00:00+00:00,11.05,11.22,10.71,10.73,146024.0
2026-02-13 20:00:00+00:00,10.74,10.8,10.56,10.61,207841.0
2026-02-14 00:00:00+00:00,10.61,10.61,10.61,10.61,0.0
2026-02-17 08:00:00+00:00,10.6,10.6,10.6,10.6,200.0
2026-02-17 12:00:00+00:00,10.6,11.06,10.43,10.91,66285.0
2026-02-17 16:00:00+00:00,10.93,11.29,10.82,11.22,132544.0
2026-02-17 20:00:00+00:00,11.25,11.25,11.1,11.13,170299.0
2026-02-18 00:00:00+00:00,11.13,11.13,11.13,11.13,0.0
2026-02-18 08:00:00+00:00,11.19,11.2,11.19,11.2,298.0
2026-02-18 12:00:00+00:00,11.2,11.7,11.01,11.57,24305.0
2026-02-18 16:00:00+00:00,11.59,11.64,11.33,11.34,65309.0
2026-02-18 20:00:00+00:00,11.35,11.4,11.21,11.3,106148.0
2026-02-19 00:00:00+00:00,11.3,11.3,11.3,11.3,0.0
2026-02-19 08:00:00+00:00,11.31,11.31,11.14,11.15,938.0
2026-02-19 12:00:00+00:00,11.15,11.49,10.96,11.07,33264.0
2026-02-19 16:00:00+00:00,11.07,11.11,10.99,11.02,22216.0
2026-02-19 20:00:00+00:00,11.02,11.17,11.02,11.04,57206.0
2026-02-20 00:00:00+00:00,11.04,11.04,11.04,11.04,0.0
2026-02-20 12:00:00+00:00,11.15,11.39,11.0,11.26,19913.0
2026-02-20 16:00:00+00:00,11.33,11.37,11.01,11.15,36015.0
2026-02-20 20:00:00+00:00,11.19,11.23,11.13,11.17,49424.0
2026-02-21 00:00:00+00:00,11.17,11.17,11.17,11.17,0.0
2026-02-23 12:00:00+00:00,11.07,11.12,10.85,11.05,45409.0
2026-02-23 16:00:00+00:00,11.02,11.05,10.85,10.97,52471.0
2026-02-23 20:00:00+00:00,10.96,10.98,10.84,10.88,75106.0
2026-02-24 00:00:00+00:00,11.0,11.0,11.0,11.0,142.0
2026-02-24 12:00:00+00:00,10.88,11.33,10.81,11.25,20705.0
2026-02-24 16:00:00+00:00,11.23,11.37,11.14,11.21,49072.0
2026-02-24 20:00:00+00:00,11.19,11.2,11.09,11.09,71731.0
2026-02-25 00:00:00+00:00,11.1,11.1,11.1,11.1,100.0
2026-02-25 12:00:00+00:00,11.1,11.39,11.03,11.13,19724.0
2026-02-25 16:00:00+00:00,11.14,11.35,11.06,11.32,43230.0
2026-02-25 20:00:00+00:00,11.3,11.32,11.2,11.2,81232.0
2026-02-26 00:00:00+00:00,11.5,11.5,11.15,11.26,18585.0
2026-02-26 08:00:00+00:00,11.21,11.21,11.21,11.21,139.0
2026-02-26 12:00:00+00:00,11.21,11.56,11.14,11.56,29198.0
2026-02-26 16:00:00+00:00,11.58,11.71,11.43,11.62,37765.0
2026-02-26 20:00:00+00:00,11.62,11.65,11.52,11.56,103967.0
2026-02-27 00:00:00+00:00,11.56,11.56,11.56,11.56,0.0
2026-02-27 08:00:00+00:00,11.5,11.56,11.5,11.56,218.0
2026-02-27 12:00:00+00:00,11.56,11.64,11.27,11.37,28231.0
2026-02-27 16:00:00+00:00,11.34,11.39,11.2,11.21,29191.0
2026-02-27 20:00:00+00:00,11.22,11.28,11.11,11.25,127893.0
2026-02-28 00:00:00+00:00,11.25,11.25,11.25,11.25,0.0
2026-03-02 08:00:00+00:00,11.1,11.1,11.1,11.1,100.0
2026-03-02 12:00:00+00:00,11.1,11.19,10.7,11.03,47509.0
2026-03-02 16:00:00+00:00,11.02,11.25,10.97,11.18,57872.0
2026-03-02 20:00:00+00:00,11.19,11.41,11.14,11.37,109068.0
2026-03-03 00:00:00+00:00,11.37,11.37,11.37,11.37,0.0
2026-03-03 08:00:00+00:00,11.15,11.24,11.14,11.17,871.0
2026-03-03 12:00:00+00:00,11.1,11.25,10.76,10.87,54059.0
2026-03-03 16:00:00+00:00,10.85,11.62,10.84,11.55,209142.0
2026-03-03 20:00:00+00:00,11.55,11.66,9.5,9.87,273882.0
2026-03-04 00:00:00+00:00,9.74,9.86,9.74,9.86,803.0
2026-03-04 08:00:00+00:00,10.2,10.2,9.9,9.95,4343.0
2026-03-04 12:00:00+00:00,9.98,10.92,9.21,10.75,232462.0
2026-03-04 16:00:00+00:00,10.77,11.02,10.54,10.63,142579.0
2026-03-04 20:00:00+00:00,10.63,10.64,10.18,10.43,164054.0
2026-03-05 00:00:00+00:00,10.46,10.46,10.45,10.46,1742.0
2026-03-05 08:00:00+00:00,10.32,10.32,10.03,10.29,3938.0
2026-03-05 12:00:00+00:00,10.25,10.49,9.91,10.22,158137.0
2026-03-05 16:00:00+00:00,10.22,10.42,9.91,10.34,125942.0
2026-03-05 20:00:00+00:00,10.33,10.5,10.19,10.3,187525.0
2026-03-06 00:00:00+00:00,10.3,10.3,10.3,10.3,0.0
2026-03-06 08:00:00+00:00,10.39,10.39,10.38,10.38,800.0
2026-03-06 12:00:00+00:00,10.38,10.38,9.69,9.84,85631.0
2026-03-06 16:00:00+00:00,9.84,9.94,9.69,9.85,79119.0
2026-03-06 20:00:00+00:00,9.83,9.87,9.68,9.68,183046.0
2026-03-07 00:00:00+00:00,9.75,9.75,9.75,9.75,138.0
2026-03-09 08:00:00+00:00,9.55,9.55,9.55,9.55,309.0
2026-03-09 12:00:00+00:00,9.69,9.8,9.45,9.74,105224.0
2026-03-09 16:00:00+00:00,9.74,9.78,9.27,9.66,190879.0
2026-03-09 20:00:00+00:00,9.67,9.79,9.67,9.67,53756.0
2026-03-10 08:00:00+00:00,9.79,9.79,9.65,9.65,1294.0
2026-03-10 12:00:00+00:00,9.63,9.95,9.59,9.83,57839.0
2026-03-10 16:00:00+00:00,9.82,9.91,9.63,9.8,136221.0
2026-03-10 20:00:00+00:00,9.81,9.82,9.81,9.81,62965.0
2026-03-11 08:00:00+00:00,9.81,9.81,9.77,9.78,685.0
2026-03-11 12:00:00+00:00,9.72,9.98,9.31,9.33,54938.0
2026-03-11 16:00:00+00:00,9.34,9.42,9.03,9.1,179999.0
2026-03-11 20:00:00+00:00,9.1,9.29,9.1,9.21,84175.0
2026-03-12 08:00:00+00:00,8.99,9.11,8.99,9.08,1321.0
2026-03-12 12:00:00+00:00,9.1,9.24,8.92,9.01,73677.0
2026-03-12 16:00:00+00:00,9.03,9.2,8.95,9.0,124195.0
2026-03-12 20:00:00+00:00,9.01,9.17,9.01,9.17,75118.0
2026-03-13 08:00:00+00:00,9.09,9.09,9.09,9.09,100.0
2026-03-13 12:00:00+00:00,8.92,9.42,8.92,9.24,75894.0
2026-03-13 16:00:00+00:00,9.26,9.27,9.06,9.2,117657.0
2026-03-13 20:00:00+00:00,9.21,9.21,9.21,9.21,49518.0
2026-03-16 08:00:00+00:00,9.28,9.35,9.28,9.35,1424.0
2026-03-16 12:00:00+00:00,9.29,9.46,9.08,9.12,52225.0
2026-03-16 16:00:00+00:00,9.11,9.18,8.93,8.98,107772.0
2026-03-16 20:00:00+00:00,8.98,9.03,8.98,9.0,39708.0
2026-03-17 08:00:00+00:00,9.02,9.03,8.97,8.98,969.0
2026-03-17 12:00:00+00:00,9.02,9.39,8.9,9.15,45492.0
2026-03-17 16:00:00+00:00,9.13,9.23,9.01,9.09,74969.0
2026-03-17 20:00:00+00:00,9.09,9.1,9.09,9.1,52934.0
2026-03-18 12:00:00+00:00,9.21,9.29,8.82,8.93,29192.0
2026-03-18 16:00:00+00:00,8.91,8.93,8.76,8.82,57765.0
2026-03-18 20:00:00+00:00,8.82,8.82,8.8,8.8,50878.0
2026-03-19 12:00:00+00:00,8.9,8.9,8.51,8.57,39905.0
2026-03-19 16:00:00+00:00,8.57,8.84,8.52,8.77,100425.0
2026-03-19 20:00:00+00:00,8.77,8.77,8.55,8.55,41190.0
2026-03-20 08:00:00+00:00,8.77,8.77,8.67,8.75,3460.0
2026-03-20 12:00:00+00:00,8.63,8.7,8.5,8.63,38088.0
2026-03-20 16:00:00+00:00,8.64,8.78,8.3,8.58,329570.0
2026-03-20 20:00:00+00:00,8.58,8.72,8.51,8.72,149006.0
2026-03-23 08:00:00+00:00,8.46,8.84,8.46,8.77,2733.0
2026-03-23 12:00:00+00:00,8.46,8.92,8.41,8.69,60658.0
2026-03-23 16:00:00+00:00,8.69,8.83,8.62,8.71,81990.0
2026-03-23 20:00:00+00:00,8.72,8.72,8.72,8.72,34651.0
2026-03-24 12:00:00+00:00,8.71,8.8,8.57,8.79,33994.0
2026-03-24 16:00:00+00:00,8.78,8.88,8.73,8.78,53858.0
2026-03-24 20:00:00+00:00,8.8,8.8,8.78,8.78,37146.0
2026-03-25 08:00:00+00:00,8.87,8.87,8.87,8.87,250.0
2026-03-25 12:00:00+00:00,8.87,9.09,8.86,9.02,34491.0
2026-03-25 16:00:00+00:00,9.04,9.22,8.88,8.96,151236.0
2026-03-25 20:00:00+00:00,8.95,9.13,8.86,8.86,137704.0
2026-03-26 12:00:00+00:00,9.0,9.05,8.82,9.03,26470.0
2026-03-26 16:00:00+00:00,8.98,9.12,8.82,9.0,340970.0
2026-03-26 20:00:00+00:00,8.99,9.03,8.76,8.76,290841.0
2026-03-27 08:00:00+00:00,9.04,9.04,9.04,9.04,125.0
2026-03-27 12:00:00+00:00,9.03,9.15,8.75,9.07,35239.0
2026-03-27 16:00:00+00:00,9.05,9.15,8.91,9.13,107514.0
2026-03-27 20:00:00+00:00,9.12,9.12,8.94,8.94,57662.0
2026-03-30 08:00:00+00:00,9.14,9.16,9.14,9.16,200.0
2026-03-30 12:00:00+00:00,9.17,9.26,8.88,9.07,31934.0
2026-03-30 16:00:00+00:00,9.07,9.08,8.81,8.85,97177.0
2026-03-30 20:00:00+00:00,8.85,8.85,8.85,8.85,55171.0
2026-03-31 08:00:00+00:00,9.08,9.08,8.94,8.94,414.0
2026-03-31 12:00:00+00:00,8.94,9.36,8.94,9.07,75671.0
2026-03-31 16:00:00+00:00,9.07,9.39,9.06,9.19,168960.0
2026-03-31 20:00:00+00:00,9.19,9.19,9.19,9.19,62191.0
2026-04-01 12:00:00+00:00,9.28,9.9,9.16,9.88,76959.0
2026-04-01 16:00:00+00:00,9.87,9.9,9.66,9.79,218532.0
2026-04-01 20:00:00+00:00,9.79,9.79,9.79,9.79,59655.0
2026-04-02 08:00:00+00:00,9.6,9.6,9.42,9.42,332.0
2026-04-02 12:00:00+00:00,9.42,9.98,9.42,9.69,40646.0
2026-04-02 16:00:00+00:00,9.71,9.77,9.54,9.75,110423.0
2026-04-02 20:00:00+00:00,9.75,9.75,9.75,9.75,62455.0
2026-04-06 08:00:00+00:00,9.74,9.75,9.74,9.75,857.0
2026-04-06 12:00:00+00:00,9.75,9.95,9.75,9.88,20917.0
2026-04-06 16:00:00+00:00,9.86,10.01,9.83,9.9,131513.0
2026-04-06 20:00:00+00:00,9.9,9.9,9.9,9.9,36927.0
2026-04-07 08:00:00+00:00,9.89,9.9,9.89,9.9,200.0
2026-04-07 12:00:00+00:00,9.72,10.11,9.72,10.01,46322.0
2026-04-07 16:00:00+00:00,10.04,10.34,10.04,10.33,81746.0
2026-04-07 20:00:00+00:00,10.32,10.61,10.32,10.49,46800.0
2026-04-08 08:00:00+00:00,10.78,10.81,10.73,10.81,2500.0
2026-04-08 12:00:00+00:00,10.81,11.1,10.8,11.06,48222.0
2026-04-08 16:00:00+00:00,11.1,11.14,10.62,10.69,79088.0
2026-04-08 20:00:00+00:00,10.69,10.89,10.4,10.4,67215.0
2026-04-09 08:00:00+00:00,10.68,10.69,10.63,10.63,762.0
2026-04-09 12:00:00+00:00,10.63,10.89,10.61,10.87,73594.0
2026-04-09 16:00:00+00:00,10.87,10.99,10.85,10.91,56045.0
2026-04-09 20:00:00+00:00,10.91,10.91,10.91,10.91,39467.0
2026-04-10 08:00:00+00:00,10.98,10.98,10.98,10.98,151.0
2026-04-10 12:00:00+00:00,11.08,11.39,11.0,11.02,36520.0
2026-04-10 16:00:00+00:00,11.03,11.16,11.03,11.13,84818.0
2026-04-10 20:00:00+00:00,11.12,11.12,10.99,10.99,61190.0
2026-04-13 12:00:00+00:00,11.02,11.45,11.01,11.28,35737.0
2026-04-13 16:00:00+00:00,11.27,11.68,11.26,11.54,186968.0
2026-04-13 20:00:00+00:00,11.56,11.56,11.2,11.2,51526.0
2026-04-14 08:00:00+00:00,11.58,11.58,11.58,11.58,125.0
2026-04-14 12:00:00+00:00,11.64,11.66,11.16,11.24,50973.0
2026-04-14 16:00:00+00:00,11.26,11.34,11.17,11.31,53633.0
2026-04-14 20:00:00+00:00,11.3,11.37,11.16,11.17,46556.0
2026-04-15 08:00:00+00:00,11.26,11.27,11.13,11.13,1808.0
2026-04-15 12:00:00+00:00,11.31,11.43,11.22,11.35,30485.0
2026-04-15 16:00:00+00:00,11.35,11.54,11.26,11.48,67013.0
2026-04-15 20:00:00+00:00,11.46,11.46,11.46,11.46,47498.0
2026-04-16 12:00:00+00:00,11.61,11.75,11.43,11.65,81103.0
2026-04-16 16:00:00+00:00,11.66,11.95,11.66,11.8,85332.0
2026-04-16 20:00:00+00:00,11.79,11.79,11.79,11.79,62484.0
2026-04-17 08:00:00+00:00,11.82,11.83,11.82,11.82,130.0
2026-04-17 12:00:00+00:00,11.82,12.44,11.82,12.33,44772.0
2026-04-17 16:00:00+00:00,12.35,12.39,12.18,12.2,124227.0
2026-04-17 20:00:00+00:00,12.2,12.2,12.18,12.19,50979.0
2026-04-20 08:00:00+00:00,12.03,12.1,12.03,12.05,742.0
2026-04-20 12:00:00+00:00,12.05,12.42,12.04,12.18,37491.0
2026-04-20 16:00:00+00:00,12.15,12.42,12.13,12.4,57376.0
2026-04-20 20:00:00+00:00,12.42,12.42,12.42,12.42,34417.0
2026-04-21 08:00:00+00:00,12.39,12.44,12.35,12.44,1614.0
2026-04-21 12:00:00+00:00,12.44,12.57,12.11,12.13,32346.0
2026-04-21 16:00:00+00:00,12.18,12.48,12.15,12.31,65865.0
2026-04-21 20:00:00+00:00,12.32,12.34,12.32,12.34,37135.0
2026-04-22 08:00:00+00:00,12.37,12.42,12.32,12.39,778.0
2026-04-22 12:00:00+00:00,12.39,12.62,12.29,12.41,23855.0
2026-04-22 16:00:00+00:00,12.37,12.44,12.26,12.4,89311.0
2026-04-22 20:00:00+00:00,12.41,12.41,12.3,12.3,28242.0
2026-04-23 12:00:00+00:00,12.34,12.35,11.81,12.14,34056.0
2026-04-23 16:00:00+00:00,12.11,12.18,11.85,11.85,86017.0
2026-04-23 20:00:00+00:00,11.87,11.87,11.85,11.85,28093.0
2026-04-24 08:00:00+00:00,11.51,11.51,11.51,11.51,110.0
2026-04-24 12:00:00+00:00,11.51,11.88,10.98,11.02,102903.0
2026-04-24 16:00:00+00:00,11.03,11.18,11.0,11.12,77121.0
2026-04-24 20:00:00+00:00,11.13,11.15,11.13,11.15,39406.0
2026-04-27 08:00:00+00:00,11.56,12.37,11.21,12.37,33211.0
2026-04-27 12:00:00+00:00,12.4,12.4,11.36,11.96,144080.0
2026-04-27 16:00:00+00:00,11.96,12.0,11.7,11.82,101094.0
2026-04-27 20:00:00+00:00,11.83,11.83,11.67,11.73,47548.0
2026-04-28 08:00:00+00:00,11.79,11.9,11.6,11.6,677.0
2026-04-28 12:00:00+00:00,11.69,12.08,11.56,12.07,63248.0
2026-04-28 16:00:00+00:00,12.08,12.3,12.03,12.18,66095.0
2026-04-28 20:00:00+00:00,12.18,12.18,12.18,12.18,35714.0
2026-04-29 08:00:00+00:00,12.28,12.28,12.17,12.17,1807.0
2026-04-29 12:00:00+00:00,12.17,12.41,12.04,12.34,53381.0
2026-04-29 16:00:00+00:00,12.36,12.39,12.21,12.25,114787.0
2026-04-29 20:00:00+00:00,12.27,12.47,12.18,12.47,39143.0
2026-04-30 08:00:00+00:00,12.44,12.44,12.11,12.17,3214.0
2026-04-30 12:00:00+00:00,12.17,12.32,11.97,12.21,23502.0
2026-04-30 16:00:00+00:00,12.21,12.36,12.01,12.25,72583.0
2026-04-30 20:00:00+00:00,12.24,12.34,12.16,12.34,58931.0
2026-05-01 08:00:00+00:00,12.15,12.23,12.15,12.23,548.0
2026-05-01 12:00:00+00:00,12.23,12.81,12.21,12.78,44080.0
2026-05-01 16:00:00+00:00,12.78,13.27,12.77,13.22,113454.0
2026-05-01 20:00:00+00:00,13.24,13.24,13.17,13.23,46463.0
2026-05-04 08:00:00+00:00,13.13,13.2,12.84,13.1,8316.0
2026-05-04 12:00:00+00:00,13.1,13.83,13.09,13.28,121462.0
2026-05-04 16:00:00+00:00,13.29,13.3,13.07,13.12,75370.0
2026-05-04 20:00:00+00:00,13.13,13.28,13.06,13.26,45389.0
2026-05-05 08:00:00+00:00,13.13,13.34,13.05,13.34,317.0
2026-05-05 12:00:00+00:00,13.34,13.4,12.75,12.76,46359.0
2026-05-05 16:00:00+00:00,12.75,13.01,12.67,12.89,85226.0
2026-05-05 20:00:00+00:00,12.9,12.9,12.71,12.71,37226.0
2026-05-06 08:00:00+00:00,12.8,13.11,12.8,13.11,655.0
2026-05-06 12:00:00+00:00,13.11,13.11,12.4,12.89,38554.0
2026-05-06 16:00:00+00:00,12.89,13.1,12.78,13.04,34894.0
2026-05-06 20:00:00+00:00,13.05,13.05,12.56,12.56,33875.0
2026-05-07 08:00:00+00:00,13.0,13.0,12.99,12.99,231.0
2026-05-07 12:00:00+00:00,13.11,13.39,13.05,13.32,28294.0
2026-05-07 16:00:00+00:00,13.28,13.29,13.07,13.18,53116.0
2026-05-07 20:00:00+00:00,13.21,13.21,12.6,12.6,26530.0
2026-05-08 08:00:00+00:00,13.27,13.41,13.27,13.41,836.0
2026-05-08 12:00:00+00:00,13.41,13.41,12.85,13.02,35067.0
2026-05-08 16:00:00+00:00,13.02,13.32,12.92,13.24,61281.0
2026-05-08 20:00:00+00:00,13.28,13.28,12.89,12.89,42577.0
2026-05-11 08:00:00+00:00,13.0,13.25,13.0,13.21,1458.0
2026-05-11 12:00:00+00:00,13.0,13.2,12.83,13.05,39021.0
2026-05-11 16:00:00+00:00,13.03,13.41,13.03,13.29,98181.0
2026-05-11 20:00:00+00:00,13.31,13.31,11.01,11.95,57221.0
2026-05-12 08:00:00+00:00,12.0,12.08,11.8,11.92,2631.0
2026-05-12 12:00:00+00:00,11.92,12.5,11.51,12.36,169663.0
2026-05-12 16:00:00+00:00,12.36,12.46,12.03,12.16,163283.0
2026-05-12 20:00:00+00:00,12.16,12.16,12.16,12.16,28523.0
2026-05-13 08:00:00+00:00,12.18,12.55,12.18,12.25,665.0
2026-05-13 12:00:00+00:00,12.16,12.98,12.07,12.68,87114.0
2026-05-13 16:00:00+00:00,12.74,13.87,12.74,13.83,251121.0
2026-05-13 20:00:00+00:00,13.83,13.83,13.54,13.77,65161.0
2026-05-14 08:00:00+00:00,13.8,13.83,13.75,13.75,1937.0
2026-05-14 12:00:00+00:00,13.75,13.83,12.54,12.7,319276.0
2026-05-14 16:00:00+00:00,12.7,12.82,12.43,12.72,315650.0
2026-05-14 20:00:00+00:00,12.7,12.83,12.56,12.57,48816.0
2026-05-15 08:00:00+00:00,12.65,12.65,12.46,12.46,698.0
2026-05-15 12:00:00+00:00,12.46,12.46,12.0,12.18,51412.0
2026-05-15 16:00:00+00:00,12.18,12.31,12.04,12.09,81422.0
2026-05-15 20:00:00+00:00,12.08,12.09,12.08,12.08,31263.0
